hour_of_day,mode,pvEnergyProduced_kWh,pvEnergyStored_kWh,pvEnergyWasted_kWh,Scenario,Season,Adoption_pct,System_Wp,Annual_factor_full,pvEnergyProduced_annual_kWh_full,pvEnergyStored_annual_kWh_full,pvEnergyWasted_annual_kWh_full
2,PARKED_OPEN,3045.5392883780983,2643.533582795539,402.00570567590916,VIPV20_Wp400,SPRING,20,400,131.42857142857142,400270.87790112145,347435.8423102708,52835.03560311948
3,DRIVING,4.073299999999957e-05,4.0663988950351874e-05,6.901216053962941e-08,VIPV20_Wp400,SPRING,20,400,131.42857142857142,0.0053534799999999435,0.00534440997633196,9.070169670922722e-06
3,PARKED_OPEN,4.992320074001714,4.992320074008802,1.4268854262461845e-10,VIPV20_Wp400,SPRING,20,400,131.42857142857142,656.1334954402253,656.1334954411568,1.8753351316378425e-08
4,DRIVING,0.07618207488888758,0.07592624035937888,0.00025583453541416486,VIPV20_Wp400,SPRING,20,400,131.42857142857142,10.012501271110938,9.978877304375509,0.03362396751157595
4,PARKED_OPEN,36.44137692000094,32.38240411913702,4.058972801475781,VIPV20_Wp400,SPRING,20,400,131.42857142857142,4789.438109485837,4255.973112800865,533.4649967653883
5,DRIVING,1.348296536333299,1.3458126697222492,0.002483866766933275,VIPV20_Wp400,SPRING,20,400,131.42857142857142,177.20468763237642,176.87823659206703,0.3264510607969447
5,PARKED_OPEN,274.5003149082889,257.745127472786,16.75518744043677,VIPV20_Wp400,SPRING,20,400,131.42857142857142,36077.1842450894,33875.0738964233,2202.110349314547
6,DRIVING,15.258535705777701,15.217216373045456,0.04131933487539062,VIPV20_Wp400,SPRING,20,400,131.42857142857142,2005.407549902212,1999.9770090288312,5.430541155051338
6,PARKED_OPEN,1004.4418063188348,951.6401894640865,52.801616868584915,VIPV20_Wp400,SPRING,20,400,131.42857142857142,132012.35168761827,125072.71061527992,6939.641074156874
7,DRIVING,85.35097656466621,85.11953881047002,0.2314377559173065,VIPV20_Wp400,SPRING,20,400,131.42857142857142,11217.556919927558,11187.139386518917,30.417533634845995
7,PARKED_OPEN,2211.3319846112963,2061.7079327534807,149.62405188375934,VIPV20_Wp400,SPRING,20,400,131.42857142857142,290632.2036917703,270967.32830474316,19664.87539043694
8,DRIVING,66.86489055799942,66.66868063138817,0.19620992907840587,VIPV20_Wp400,SPRING,20,400,131.42857142857142,8787.957044765637,8762.169454411016,25.787590678876196
8,PARKED_OPEN,1397.756462941709,1323.4451590122007,74.31130394468198,VIPV20_Wp400,SPRING,20,400,131.42857142857142,183705.13512948176,173938.50661303208,9766.628518443917
9,DRIVING,62.354824862666455,62.20833576419855,0.14648909852845565,VIPV20_Wp400,SPRING,20,400,131.42857142857142,8195.205553379019,8175.952700437523,19.25285294945417
9,PARKED_OPEN,674.3504010559783,630.2097029779691,44.140698083100986,VIPV20_Wp400,SPRING,20,400,131.42857142857142,88628.90985307143,82827.56096281878,5801.348890921843
10,DRIVING,101.09650601022213,100.88655581697765,0.20995019329668005,VIPV20_Wp400,SPRING,20,400,131.42857142857142,13286.96936134348,13259.375907374204,27.59345397613509
10,PARKED_OPEN,711.3759852838912,685.3548556238634,26.021129666303224,VIPV20_Wp400,SPRING,20,400,131.42857142857142,93495.12949445426,90075.20959627918,3419.919898999852
11,DRIVING,119.86165509833391,119.66747021293422,0.1941848854247763,VIPV20_Wp400,SPRING,20,400,131.42857142857142,15753.24609863817,15727.724656557068,25.52144208439917
11,PARKED_OPEN,752.7638462519182,720.4788328854573,32.28501337655495,VIPV20_Wp400,SPRING,20,400,131.42857142857142,98934.67693596637,94691.5037506601,4243.1731866329355
12,DRIVING,119.88883032999922,119.7630062930355,0.12582403711699003,VIPV20_Wp400,SPRING,20,400,131.42857142857142,15756.817700514182,15740.280827084665,16.536873449661545
12,PARKED_OPEN,687.4736622628226,662.9238057840674,24.54985649254871,VIPV20_Wp400,SPRING,20,400,131.42857142857142,90353.68132597096,87127.12876019171,3226.552567592116
13,DRIVING,105.62650344577781,105.52191610705323,0.10458734011849839,VIPV20_Wp400,SPRING,20,400,131.42857142857142,13882.340452873654,13868.594688355566,13.745764701288358
13,PARKED_OPEN,526.1998670451665,509.1170854029874,17.082781659755685,VIPV20_Wp400,SPRING,20,400,131.42857142857142,69157.69681165044,66912.53122439263,2245.16558956789
14,DRIVING,78.27357432644398,78.18208477479578,0.09148955439715731,VIPV20_Wp400,SPRING,20,400,131.42857142857142,10287.384054332637,10275.359713258873,12.024341435054959
14,PARKED_OPEN,309.6584930476853,303.4007672317704,6.257725831204033,VIPV20_Wp400,SPRING,20,400,131.42857142857142,40697.97337198149,39875.5294076041,822.4439663868158
15,DRIVING,70.33510368633209,70.25779880638295,0.07730488304527972,VIPV20_Wp400,SPRING,20,400,131.42857142857142,9244.042198775074,9233.8821288389,10.160070343093905
15,PARKED_OPEN,196.30097587842286,194.1522949208668,2.148680969941167,VIPV20_Wp400,SPRING,20,400,131.42857142857142,25799.556829735575,25517.158761028208,282.39807033512477
16,DRIVING,36.858853463444056,36.8023166765721,0.056536787099674086,VIPV20_Wp400,SPRING,20,400,131.42857142857142,4844.306455195504,4836.875906063761,7.4305491616714505
16,PARKED_OPEN,80.24709516877269,79.75087848442992,0.49621669562196524,VIPV20_Wp400,SPRING,20,400,131.42857142857142,10546.76107932441,10481.544029382218,65.21705142460114
17,DRIVING,8.86337660522209,8.853642214061207,0.009734392908968267,VIPV20_Wp400,SPRING,20,400,131.42857142857142,1164.9009252577603,1163.6215481337586,1.279377353750115
17,PARKED_OPEN,16.91034820755388,16.817973655501145,0.09237456138671526,VIPV20_Wp400,SPRING,20,400,131.42857142857142,2222.5029072785096,2210.3622518658644,12.140656639396862
18,DRIVING,1.1086992580000001,1.1076004912923452,0.0010987672975032662,VIPV20_Wp400,SPRING,20,400,131.42857142857142,145.71475962285714,145.5703502841368,0.1444094162432864
18,PARKED_OPEN,1.929585256222479,1.926052348679273,0.0035329138335403586,VIPV20_Wp400,SPRING,20,400,131.42857142857142,253.60263367495435,253.13830868356158,0.4643258181224471
19,DRIVING,0.006172153888888847,0.006167932961319026,4.222211387445842e-06,VIPV20_Wp400,SPRING,20,400,131.42857142857142,0.8111973682539626,0.8106426177733577,0.0005549192109214534
19,PARKED_OPEN,0.010258284111111224,0.010247829262949355,1.0456858434888408e-05,VIPV20_Wp400,SPRING,20,400,131.42857142857142,1.3482316260317608,1.3468575602733437,0.0013743299657281906
2,PARKED_OPEN,2821.549694474006,2448.3443156655976,373.20537890585007,VIPV20_Wp400,SUMMER,20,400,131.42857142857142,370832.24555944075,321782.3957731928,49049.84979905457
3,DRIVING,0.00048348299999999354,0.00048266400337219244,8.189999999999998e-07,VIPV20_Wp400,SUMMER,20,400,131.42857142857142,0.06354347999999914,0.06343584044320243,0.00010763999999999997
3,PARKED_OPEN,6.083151432000903,6.083151432019671,2.0296567759814364e-10,VIPV20_Wp400,SUMMER,20,400,131.42857142857142,799.4999024915471,799.4999024940138,2.667548905575602e-08
4,DRIVING,0.15236798888888542,0.15195123465753177,0.0004167542935087087,VIPV20_Wp400,SUMMER,20,400,131.42857142857142,20.025507111110652,19.97073369784703,0.05477342143257314
4,PARKED_OPEN,27.415774008332413,24.467383489248814,2.948390519654505,VIPV20_Wp400,SUMMER,20,400,131.42857142857142,3603.2160125236883,3215.7132585869867,387.5027540117349
5,DRIVING,2.044781978777733,2.0403998469315976,0.004382131932608572,VIPV20_Wp400,SUMMER,20,400,131.42857142857142,268.7427743536449,268.16683702529565,0.5759373397142694
5,PARKED_OPEN,245.13604836489694,231.99259767005566,13.143450699231659,VIPV20_Wp400,SUMMER,20,400,131.42857142857142,32217.880642243596,30490.455693778742,1727.424949041875
6,DRIVING,16.88952140544418,16.837224096538208,0.05229731062992367,VIPV20_Wp400,SUMMER,20,400,131.42857142857142,2219.7656704298065,2212.8923098307355,6.87336082564711
6,PARKED_OPEN,874.2997275862407,826.4416027639762,47.85812483326391,VIPV20_Wp400,SUMMER,20,400,131.42857142857142,114907.96419704877,108618.03922040829,6289.924978086113
7,DRIVING,79.39901659322204,79.17935581973151,0.2196607780260421,VIPV20_Wp400,SUMMER,20,400,131.42857142857142,10435.29932368061,10406.429622021855,28.869702254851244
7,PARKED_OPEN,1916.3214534071396,1789.8088039879704,126.51264943809961,VIPV20_Wp400,SUMMER,20,400,131.42857142857142,251859.39101922404,235232.01423841895,16627.37678329309
8,DRIVING,60.631742702999766,60.4706190955526,0.16112360767875566,VIPV20_Wp400,SUMMER,20,400,131.42857142857142,7968.743326679969,7947.56708112977,21.176245580636458
8,PARKED_OPEN,1217.7453750439163,1145.4172158069644,72.32815924856953,VIPV20_Wp400,SUMMER,20,400,131.42857142857142,160046.53500577185,150540.54836320103,9505.98664409771
9,DRIVING,51.5281945564438,51.417794150837054,0.11040040656253527,VIPV20_Wp400,SUMMER,20,400,131.42857142857142,6772.276998846899,6757.767231252869,14.509767719647492
9,PARKED_OPEN,579.7760658108529,541.7522214103566,38.02384440696721,VIPV20_Wp400,SUMMER,20,400,131.42857142857142,76199.1400779978,71201.72052821828,4997.419550629976
10,DRIVING,85.17360583333293,85.00615193738791,0.16745389614172845,VIPV20_Wp400,SUMMER,20,400,131.42857142857142,11194.245338095185,11172.23711177098,22.008226350055736
10,PARKED_OPEN,662.1215242602797,630.9348137156551,31.18671055144022,VIPV20_Wp400,SUMMER,20,400,131.42857142857142,87021.68604563674,82922.86123120037,4098.824815332143
11,DRIVING,98.35664718333346,98.17615753885106,0.18048964531014275,VIPV20_Wp400,SUMMER,20,400,131.42857142857142,12926.87362980954,12903.152133677566,23.721496240761617
11,PARKED_OPEN,690.2643456478588,667.2526450016667,23.011700654995362,VIPV20_Wp400,SUMMER,20,400,131.42857142857142,90720.45685657572,87696.06191450475,3024.3949432279614
12,DRIVING,99.96999129155601,99.8565639119474,0.1134273796923732,VIPV20_Wp400,SUMMER,20,400,131.42857142857142,13138.913141175932,13124.005542713086,14.907598473854762
12,PARKED_OPEN,643.2737695539971,623.357302145557,19.91646741655017,VIPV20_Wp400,SUMMER,20,400,131.42857142857142,84544.5525699539,81926.95971055892,2617.5928604608794
13,DRIVING,93.27850766933344,93.17369017782504,0.10481749159323342,VIPV20_Wp400,SUMMER,20,400,131.42857142857142,12259.461007969536,12245.684994799862,13.776013180824963
13,PARKED_OPEN,527.9101348425133,510.61476271636724,17.29537213791159,VIPV20_Wp400,SUMMER,20,400,131.42857142857142,69382.47486501603,67109.36881415112,2273.106052411237
14,DRIVING,72.03550140044369,71.95272072136245,0.08278067910437042,VIPV20_Wp400,SUMMER,20,400,131.42857142857142,9467.52304120117,9456.643294807636,10.879746396574397
14,PARKED_OPEN,316.8084794320959,310.97475030494144,5.833729139494932,VIPV20_Wp400,SUMMER,20,400,131.42857142857142,41637.685868218316,40870.96718293516,766.7186869050481
15,DRIVING,71.48882601822159,71.40201598029658,0.08681003834184793,VIPV20_Wp400,SUMMER,20,400,131.42857142857142,9395.674276680551,9384.264957410407,11.409319324928584
15,PARKED_OPEN,256.773091025803,252.41187224203154,4.361218804826712,VIPV20_Wp400,SUMMER,20,400,131.42857142857142,33747.320534819824,33174.131780381285,573.1887572057964
16,DRIVING,47.20994478100014,47.150526861500225,0.05941792337213856,VIPV20_Wp400,SUMMER,20,400,131.42857142857142,6204.735599788589,6196.9263875114575,7.809212786052496
16,PARKED_OPEN,124.96835941755603,123.92084089562658,1.0475185452997975,VIPV20_Wp400,SUMMER,20,400,131.42857142857142,16424.41295202165,16286.739089139492,137.67386595368765
17,DRIVING,18.54749099511119,18.527191178365662,0.02029982022385161,VIPV20_Wp400,SUMMER,20,400,131.42857142857142,2437.670245071756,2435.0022691566296,2.66797637227764
17,PARKED_OPEN,41.57762052399988,41.37498954919812,0.20263098948804725,VIPV20_Wp400,SUMMER,20,400,131.42857142857142,5464.4872688685555,5437.8557693231805,26.631501475571923
18,DRIVING,3.38579034088884,3.3825493119022356,0.0032410309875211514,VIPV20_Wp400,SUMMER,20,400,131.42857142857142,444.98958765967603,444.56362385000807,0.425964072645637
18,PARKED_OPEN,7.120004555111941,7.093678005986321,0.026326558005746268,VIPV20_Wp400,SUMMER,20,400,131.42857142857142,935.7720272432836,932.3119665010593,3.4600619093266523
19,DRIVING,0.34691107733333276,0.3466815372016735,0.00022954137509905557,VIPV20_Wp400,SUMMER,20,400,131.42857142857142,45.59402730666659,45.563859175077084,0.03016829501301873
19,PARKED_OPEN,0.5876972591110827,0.5873067092387013,0.00039055193369722847,VIPV20_Wp400,SUMMER,20,400,131.42857142857142,77.24021119745657,77.18888178565788,0.05132968271449288
4,DRIVING,0.000771194666666666,0.000771194645791418,2.0879401065675924e-11,VIPV20_Wp400,AUTUMN,20,400,130.0,0.10025530666666659,0.10025530395288433,2.71432213853787e-09
4,PARKED_OPEN,1122.5507768578414,974.5219145591406,148.02886235332184,VIPV20_Wp400,AUTUMN,20,400,130.0,145931.60099151937,126687.84889268827,19243.75210593184
5,DRIVING,0.10062955488888686,0.10055009817948486,7.945671771849255e-05,VIPV20_Wp400,AUTUMN,20,400,130.0,13.081842135555291,13.071512763333033,0.010329373303404032
5,PARKED_OPEN,112.41335861556773,105.2005573078547,7.212801312064173,VIPV20_Wp400,AUTUMN,20,400,130.0,14613.736620023805,13676.07245002111,937.6641705683426
6,DRIVING,2.7733343657777314,2.7657710452207818,0.0075633208517002235,VIPV20_Wp400,AUTUMN,20,400,130.0,360.5334675511051,359.55023587870164,0.9832317107210291
6,PARKED_OPEN,407.06062513285787,384.92013272201336,22.14049242687335,VIPV20_Wp400,AUTUMN,20,400,130.0,52917.88126727152,50039.61725386174,2878.2640154935357
7,DRIVING,26.416685042666685,26.343221222901313,0.07346382317771198,VIPV20_Wp400,AUTUMN,20,400,130.0,3434.169055546669,3424.6187589771707,9.550297013102558
7,PARKED_OPEN,914.5690645507719,858.7664109963333,55.80265358771106,VIPV20_Wp400,AUTUMN,20,400,130.0,118893.97839160035,111639.63342952332,7254.344966402438
8,DRIVING,25.81931215833339,25.740116065239572,0.07919609537500893,VIPV20_Wp400,AUTUMN,20,400,130.0,3356.5105805833405,3346.2150884811444,10.295492398751161
8,PARKED_OPEN,565.9672587555787,537.3305740335176,28.63668474033072,VIPV20_Wp400,AUTUMN,20,400,130.0,73575.74363822522,69852.97462435729,3722.7690162429935
9,DRIVING,24.30838033233335,24.246961522804604,0.06141881091500281,VIPV20_Wp400,AUTUMN,20,400,130.0,3160.0894432033356,3152.1049979645986,7.984445418950365
9,PARKED_OPEN,279.033651630977,265.40798532223596,13.625666315726054,VIPV20_Wp400,AUTUMN,20,400,130.0,36274.374712027005,34503.038091890674,1771.3366210443871
10,DRIVING,47.760493290666886,47.65982443530995,0.1006688563218257,VIPV20_Wp400,AUTUMN,20,400,130.0,6208.8641277866955,6195.7771765902935,13.086951321837342
10,PARKED_OPEN,321.7625387174179,307.2852779211621,14.477260801623821,VIPV20_Wp400,AUTUMN,20,400,130.0,41829.13003326433,39947.08612975107,1882.0439042110968
11,DRIVING,54.73198823999992,54.638323879862504,0.09366436040880269,VIPV20_Wp400,AUTUMN,20,400,130.0,7115.158471199989,7102.982104382126,12.17636685314435
11,PARKED_OPEN,317.37176427373583,305.51592564026816,11.855838638905723,VIPV20_Wp400,AUTUMN,20,400,130.0,41258.32935558566,39717.070333234864,1541.2590230577441
12,DRIVING,55.06041852077753,54.99515987070889,0.06525865036605649,VIPV20_Wp400,AUTUMN,20,400,130.0,7157.854407701079,7149.370783192156,8.483624547587343
12,PARKED_OPEN,255.16467171475873,248.74062673328245,6.424044988955143,VIPV20_Wp400,AUTUMN,20,400,130.0,33171.40732291863,32336.28147532672,835.1258485641686
13,DRIVING,43.143127946221895,43.093977473357185,0.04915047410517363,VIPV20_Wp400,AUTUMN,20,400,130.0,5608.606633008846,5602.217071536434,6.389561633672573
13,PARKED_OPEN,174.90315338043627,171.54896608983537,3.354187298704781,VIPV20_Wp400,AUTUMN,20,400,130.0,22737.409939456713,22301.365591678597,436.0443488316215
14,DRIVING,26.186229608666302,26.156140422577103,0.030089186970609944,VIPV20_Wp400,AUTUMN,20,400,130.0,3404.2098491266192,3400.2982549350236,3.9115943061792926
14,PARKED_OPEN,81.49357670221141,80.68416852955372,0.8094081780476744,VIPV20_Wp400,AUTUMN,20,400,130.0,10594.164971287484,10488.941908841984,105.22306314619767
15,DRIVING,16.474167480333186,16.45123524346631,0.022932237268360918,VIPV20_Wp400,AUTUMN,20,400,130.0,2141.641772443314,2138.6605816506203,2.9811908448869193
15,PARKED_OPEN,38.043289062002955,37.768614060712444,0.2746750071612092,VIPV20_Wp400,AUTUMN,20,400,130.0,4945.627578060385,4909.919827892618,35.7077509309572
16,DRIVING,5.952077826888764,5.944745281276171,0.007332548163455307,VIPV20_Wp400,AUTUMN,20,400,130.0,773.7701174955392,772.8168865659023,0.9532312612491899
16,PARKED_OPEN,9.787928227554405,9.754576261925072,0.03335196948611733,VIPV20_Wp400,AUTUMN,20,400,130.0,1272.4306695820726,1268.0949140502594,4.335756033195253
17,DRIVING,0.3866180686666675,0.3862115615003466,0.00040650733567522873,VIPV20_Wp400,AUTUMN,20,400,130.0,50.26034892666677,50.207502995045054,0.05284595363777973
17,PARKED_OPEN,0.5971847342222308,0.5964613153867621,0.0007234190877016397,VIPV20_Wp400,AUTUMN,20,400,130.0,77.63401544889001,77.53997100027907,0.09404448140121316
6,DRIVING,0.09544751644444383,0.09544751632098618,1.2350059601626583e-10,VIPV20_Wp400,WINTER,20,400,128.57142857142856,12.271823542857062,12.271823526983935,1.5878648059234175e-08
6,PARKED_OPEN,780.9309783554346,698.1962048044601,82.7347735941002,VIPV20_Wp400,WINTER,20,400,128.57142857142856,100405.41150284158,89768.08347485914,10637.328033527168
7,DRIVING,3.9824536702221467,3.975480782627674,0.006972888111220552,VIPV20_Wp400,WINTER,20,400,128.57142857142856,512.0297575999903,511.13324348070086,0.8965141857283565
7,PARKED_OPEN,491.4870154789709,457.18188669853623,34.30512880765032,VIPV20_Wp400,WINTER,20,400,128.57142857142856,63191.18770443911,58780.528289811795,4410.659418126469
8,DRIVING,9.876521271666448,9.851369443574951,0.025151830337897828,VIPV20_Wp400,WINTER,20,400,128.57142857142856,1269.8384492142575,1266.6046427453507,3.2338067577297203
8,PARKED_OPEN,311.41920025873645,291.8210572829433,19.59814299182386,VIPV20_Wp400,WINTER,20,400,128.57142857142856,40039.611461837536,37519.850222092704,2519.7612418059243
9,DRIVING,15.03464811899974,15.00080572718675,0.03384239282522859,VIPV20_Wp400,WINTER,20,400,128.57142857142856,1933.0261867285378,1928.6750220668675,4.351164791815104
9,PARKED_OPEN,161.21815546746643,152.79115344093313,8.427002032061091,VIPV20_Wp400,WINTER,20,400,128.57142857142856,20728.048560102823,19644.576870977115,1083.4716898364259
10,DRIVING,27.963753822666508,27.904551857668523,0.05920196511876921,VIPV20_Wp400,WINTER,20,400,128.57142857142856,3595.339777199979,3587.728095985952,7.611681229556041
10,PARKED_OPEN,182.99551793800325,176.13460971760293,6.860908225866562,VIPV20_Wp400,WINTER,20,400,128.57142857142856,23527.995163457555,22645.878392263232,882.1167718971293
11,DRIVING,33.3369154016666,33.28589987600545,0.05101552580491103,VIPV20_Wp400,WINTER,20,400,128.57142857142856,4286.174837357134,4279.615698343558,6.559139032059989
11,PARKED_OPEN,177.5936252767606,172.77963648390002,4.813988801550463,VIPV20_Wp400,WINTER,20,400,128.57142857142856,22833.466107012075,22214.524690787144,618.9414173422023
12,DRIVING,31.74821248011081,31.710074487723887,0.03813799423646658,VIPV20_Wp400,WINTER,20,400,128.57142857142856,4081.9130331571037,4077.009576993071,4.903456401831416
12,PARKED_OPEN,140.84620995399465,138.3830861060578,2.463123858059073,VIPV20_Wp400,WINTER,20,400,128.57142857142856,18108.79842265645,17792.111070778858,316.68735317902366
13,DRIVING,25.052822679999778,25.02741360225664,0.025409079555209695,VIPV20_Wp400,WINTER,20,400,128.57142857142856,3221.0772017142567,3217.810320290139,3.266881657098389
13,PARKED_OPEN,92.5894125025545,91.23020266124657,1.3592098484315414,VIPV20_Wp400,WINTER,20,400,128.57142857142856,11904.35303604272,11729.597485017413,174.75555194119815
14,DRIVING,14.866224577000045,14.846317041313952,0.019907535940006504,VIPV20_Wp400,WINTER,20,400,128.57142857142856,1911.371731328577,1908.8121910260793,2.559540335143693
14,PARKED_OPEN,36.99574692377823,36.68918361377162,0.30656331435637707,VIPV20_Wp400,WINTER,20,400,128.57142857142856,4756.5960330572,4717.180750342065,39.415283274391335
15,DRIVING,6.496249959444287,6.48785379376291,0.008396167913102883,VIPV20_Wp400,WINTER,20,400,128.57142857142856,835.2321376428368,834.1526306266597,1.0795073031132276
15,PARKED_OPEN,9.606584532221872,9.5882676491513,0.01831688632995667,VIPV20_Wp400,WINTER,20,400,128.57142857142856,1235.1322969999549,1232.7772691765956,2.3550282424230002
2,PARKED_OPEN,5363.9946426912265,4704.937193617087,659.0574491314514,VIPV20_Wp700,SPRING,20,700,131.42857142857142,704982.1530394183,618363.1740182457,86618.97902870504
3,DRIVING,7.128275000000007e-05,7.116199711958568e-05,1.2075288041432358e-07,VIPV20_Wp700,SPRING,20,700,131.42857142857142,0.009368590000000008,0.00935271962143126,1.587037856873967e-05
3,PARKED_OPEN,11.648746839334226,10.826392573672194,0.8223542658818512,VIPV20_Wp700,SPRING,20,700,131.42857142857142,1530.9781560267838,1422.8973096826312,108.0808463730433
4,DRIVING,0.13331863105555328,0.13292295183936176,0.000395679217464136,VIPV20_Wp700,SPRING,20,700,131.42857142857142,17.521877224444143,17.469873670316115,0.05200355429528644
4,PARKED_OPEN,55.91207451394943,51.917188382853276,3.994886131536714,VIPV20_Wp700,SPRING,20,700,131.42857142857142,7348.44407897621,6823.40190174643,525.0421772876824
5,DRIVING,2.3594848796944055,2.355295636287619,0.0041892434824274015,VIPV20_Wp700,SPRING,20,700,131.42857142857142,310.1037270455504,309.5531407692299,0.550586286261887
5,PARKED_OPEN,499.8136183392146,460.6693046903904,39.1443136534506,VIPV20_Wp700,SPRING,20,700,131.42857142857142,65689.7898388682,60545.1086164513,5144.681223024936
6,DRIVING,26.70202108699994,26.631890938953017,0.07013014979355874,VIPV20_Wp700,SPRING,20,700,131.42857142857142,3509.408485719992,3500.1913805481104,9.217105401439147
6,PARKED_OPEN,1703.8827249354272,1614.6599532957728,89.22277165186664,VIPV20_Wp700,SPRING,20,700,131.42857142857142,223938.8724200847,212212.45100458726,11726.42141710247
7,DRIVING,149.3116035757493,148.96229093342686,0.3493126427141918,VIPV20_Wp700,SPRING,20,700,131.42857142857142,19623.810755669907,19577.90109410753,45.909661613865204
7,PARKED_OPEN,3844.976012413398,3582.307161867213,262.6688505703722,VIPV20_Wp700,SPRING,20,700,131.42857142857142,505339.704488618,470817.51270254795,34522.19178924891
8,DRIVING,117.08580771650045,116.79328150070437,0.29252621598102646,VIPV20_Wp700,SPRING,20,700,131.42857142857142,15388.420442740058,15349.974140092572,38.44630267179205
8,PARKED_OPEN,2443.7125157614696,2257.5195323152184,186.19298346594763,VIPV20_Wp700,SPRING,20,700,131.42857142857142,321173.64492865023,296702.5671042858,24471.077826953115
9,DRIVING,109.12040614650037,108.89538760333039,0.22501854336178992,VIPV20_Wp700,SPRING,20,700,131.42857142857142,14341.539093540048,14311.965227866278,29.5738656989781
9,PARKED_OPEN,1146.727010805173,1070.8823827655663,75.84462804968352,VIPV20_Wp700,SPRING,20,700,131.42857142857142,150712.69284867987,140744.54173490297,9968.151115101262
10,DRIVING,176.915547014888,176.54617251984214,0.36937449630435737,VIPV20_Wp700,SPRING,20,700,131.42857142857142,23251.757607670992,23203.211245464965,48.54636237142982
10,PARKED_OPEN,1322.2654187893033,1268.2673438174404,53.99807498501622,VIPV20_Wp700,SPRING,20,700,131.42857142857142,173783.45504087984,166686.56518743502,7096.889855173559
11,DRIVING,209.76506459475092,209.45067428055285,0.31439031545340906,VIPV20_Wp700,SPRING,20,700,131.42857142857142,27569.12277531012,27527.802905444085,41.31987003101948
11,PARKED_OPEN,1302.4772410372723,1262.472223119086,40.00501793460164,VIPV20_Wp700,SPRING,20,700,131.42857142857142,171182.72310775577,165924.92075279416,5257.802357119072
12,DRIVING,209.80597645525114,209.56311099482545,0.24286546343034382,VIPV20_Wp700,SPRING,20,700,131.42857142857142,27574.499762690146,27542.580302177055,31.919460907988043
12,PARKED_OPEN,1189.2777780946847,1152.650930700622,36.62684740997377,VIPV20_Wp700,SPRING,20,700,131.42857142857142,156305.07940672996,151491.265177796,4813.814231025123
13,DRIVING,184.93992414313755,184.76403353114563,0.17589061308830092,VIPV20_Wp700,SPRING,20,700,131.42857142857142,24306.39003024093,24283.272978379136,23.117052005890976
13,PARKED_OPEN,951.6025120165903,925.824735534064,25.77777649748493,VIPV20_Wp700,SPRING,20,700,131.42857142857142,125067.75872218043,121679.82238447697,3387.9363396694475
14,DRIVING,136.90186981741596,136.71483793320672,0.18703188544506433,VIPV20_Wp700,SPRING,20,700,131.42857142857142,17992.81717600324,17968.235842650025,24.581333515637024
14,PARKED_OPEN,535.2891448123855,524.4844581138136,10.804686711795917,VIPV20_Wp700,SPRING,20,700,131.42857142857142,70352.28760391352,68932.24306638693,1420.044539264606
15,DRIVING,123.09632687041538,122.93499528458808,0.16133158637277226,VIPV20_Wp700,SPRING,20,700,131.42857142857142,16178.374388683163,16157.170808831575,21.20357992327864
15,PARKED_OPEN,353.5233210831308,349.4663125390038,4.0570085613411,VIPV20_Wp700,SPRING,20,700,131.42857142857142,46463.06505664004,45929.85821941192,533.2068394905446
16,DRIVING,64.51440674330473,64.4192382624431,0.09516848473532155,VIPV20_Wp700,SPRING,20,700,131.42857142857142,8479.036314834335,8466.528457349665,12.507857993785118
16,PARKED_OPEN,138.80619832645914,138.17576883423365,0.630429510890128,VIPV20_Wp700,SPRING,20,700,131.42857142857142,18243.100351477486,18160.24390392785,82.85645000270253
17,DRIVING,15.503499162861068,15.48778780525179,0.01571136097735396,VIPV20_Wp700,SPRING,20,700,131.42857142857142,2037.6027471188831,2035.5378258330923,2.0649217284522345
17,PARKED_OPEN,28.837651358248614,28.75677876817214,0.0808725991172625,VIPV20_Wp700,SPRING,20,700,131.42857142857142,3790.0913213698177,3779.462352388338,10.628970169697356
18,DRIVING,1.940115501722162,1.938519354863855,0.0015961486539097357,VIPV20_Wp700,SPRING,20,700,131.42857142857142,254.98660879776986,254.77682949639237,0.20977953737099383
18,PARKED_OPEN,3.360873990055988,3.351266927502385,0.009607065704619172,VIPV20_Wp700,SPRING,20,700,131.42857142857142,441.71486726450127,440.4522247574563,1.2626429211785195
19,DRIVING,0.010801315194444378,0.010792469787840773,8.84540675489018e-06,VIPV20_Wp700,SPRING,20,700,131.42857142857142,1.4196014255555467,1.41843888640193,0.0011625391734998523
19,PARKED_OPEN,0.017833592388889694,0.017818391159609374,1.5201229296815082e-05,VIPV20_Wp700,SPRING,20,700,131.42857142857142,2.3438435711112167,2.341845695262946,0.0019978758504385534
2,PARKED_OPEN,4789.769741372212,4210.688700792216,579.0810406959951,VIPV20_Wp700,SUMMER,20,700,131.42857142857142,629512.5945803478,553404.8006755484,76107.79392004506
3,DRIVING,0.000846095250000007,0.0008446620059013366,1.4332499999999996e-06,VIPV20_Wp700,SUMMER,20,700,131.42857142857142,0.1112010900000009,0.11101272077560423,0.00018836999999999993
3,PARKED_OPEN,13.30689375749464,12.735238075155971,0.5716556825366995,VIPV20_Wp700,SUMMER,20,700,131.42857142857142,1748.9060366992953,1673.774147020499,75.13188970482337
4,DRIVING,0.2666439805555529,0.26581862929398226,0.0008253513571761351,VIPV20_Wp700,SUMMER,20,700,131.42857142857142,35.04463744444409,34.93616270720909,0.10847474980029204
4,PARKED_OPEN,51.74331672047081,45.24587588698664,6.497440834097459,VIPV20_Wp700,SUMMER,20,700,131.42857142857142,6800.550197547592,5946.600830861101,853.9493667670945
5,DRIVING,3.578427623749985,3.5716906769352743,0.00673694691728766,VIPV20_Wp700,SUMMER,20,700,131.42857142857142,470.307630549998,469.4222032543503,0.8854273091292352
5,PARKED_OPEN,422.8537230578232,397.33924626333004,25.514476799432355,VIPV20_Wp700,SUMMER,20,700,131.42857142857142,55575.06074474247,52221.7295088948,3353.3312364968233
6,DRIVING,29.566510116888765,29.487593736541893,0.07891638195958119,VIPV20_Wp700,SUMMER,20,700,131.42857142857142,3885.884186791094,3875.512319659791,10.371867343259241
6,PARKED_OPEN,1531.881740760147,1443.236818375653,88.64492239906201,VIPV20_Wp700,SUMMER,20,700,131.42857142857142,201333.0287856193,189682.55327222866,11650.475515305292
7,DRIVING,138.99526452038867,138.64227331137226,0.35299120953697277,VIPV20_Wp700,SUMMER,20,700,131.42857142857142,18267.949051251082,18221.55592092321,46.393130396287845
7,PARKED_OPEN,3312.7331294126757,3103.6460506544877,209.0870787869696,VIPV20_Wp700,SUMMER,20,700,131.42857142857142,435387.78272280877,407907.7666574469,27480.016069144574
8,DRIVING,105.9164040822226,105.65781506513109,0.2585890174941375,VIPV20_Wp700,SUMMER,20,700,131.42857142857142,13920.441679377825,13886.455694274371,33.98598515637235
8,PARKED_OPEN,2078.3168935337194,1950.840086635781,127.47680691914148,VIPV20_Wp700,SUMMER,20,700,131.42857142857142,273150.2202930031,256396.1256721312,16754.09462365859
9,DRIVING,90.31655251947113,90.09996412504442,0.21658839638522684,VIPV20_Wp700,SUMMER,20,700,131.42857142857142,11870.175473987632,11841.709570720122,28.465903524915525
9,PARKED_OPEN,1021.8131875578956,963.60089795383,58.21228961431072,VIPV20_Wp700,SUMMER,20,700,131.42857142857142,134295.44750760912,126644.6894453605,7650.758063595123
10,DRIVING,149.0527510960816,148.78188227060298,0.27086882567239623,VIPV20_Wp700,SUMMER,20,700,131.42857142857142,19589.79014405644,19554.190241279248,35.59990280265779
10,PARKED_OPEN,1138.2415076164068,1090.7989977922257,47.44250983378104,VIPV20_Wp700,SUMMER,20,700,131.42857142857142,149597.45528672772,143362.15399554966,6235.301292439793
11,DRIVING,172.20674267902876,171.94772672240134,0.2590159569805927,VIPV20_Wp700,SUMMER,20,700,131.42857142857142,22632.88618067235,22598.844083515603,34.04209720316361
11,PARKED_OPEN,1116.0239474139048,1072.5420046508943,43.481942776339636,VIPV20_Wp700,SUMMER,20,700,131.42857142857142,146677.43308868463,140962.66346840325,5714.769622033209
12,DRIVING,174.93862540544282,174.72244793227355,0.21617747589065747,VIPV20_Wp700,SUMMER,20,700,131.42857142857142,22991.93362471534,22963.521728241663,28.41189683134355
12,PARKED_OPEN,1069.934412774122,1026.9330628253942,43.00134996373884,VIPV20_Wp700,SUMMER,20,700,131.42857142857142,140619.9513931703,134968.34539990895,5651.605995234247
13,DRIVING,163.16034623660983,163.021742873225,0.13860336507548554,VIPV20_Wp700,SUMMER,20,700,131.42857142857142,21443.931219668717,21425.714777623856,18.21644226706381
13,PARKED_OPEN,928.9356652830534,902.3939415590787,26.54172373806384,VIPV20_Wp700,SUMMER,20,700,131.42857142857142,122088.68743720128,118600.34660490748,3488.340834145533
14,DRIVING,126.0555028996666,125.93213298524591,0.12336991549055143,VIPV20_Wp700,SUMMER,20,700,131.42857142857142,16567.294666813323,16551.080335203747,16.21433175018676
14,PARKED_OPEN,573.9573845455453,563.395739474691,10.561645081944576,VIPV20_Wp700,SUMMER,20,700,131.42857142857142,75434.39911170023,74046.29718810224,1388.1019250555728
15,DRIVING,125.07345098966647,124.93951070803298,0.13394028327432608,VIPV20_Wp700,SUMMER,20,700,131.42857142857142,16438.224987213307,16420.621407341478,17.603580087482854
15,PARKED_OPEN,424.76399627661743,418.7173836583174,6.0466126316842,VIPV20_Wp700,SUMMER,20,700,131.42857142857142,55826.12522492686,55031.42756652171,794.6976601642091
16,DRIVING,82.66183118297141,82.54421436625259,0.11761681810129782,VIPV20_Wp700,SUMMER,20,700,131.42857142857142,10864.12638404767,10848.66817385034,15.458210379027712
16,PARKED_OPEN,217.100516425753,215.00347615747492,2.097040281549785,VIPV20_Wp700,SUMMER,20,700,131.42857142857142,28533.21073024182,28257.599723553845,275.61100843225745
17,DRIVING,32.45608174861135,32.41981822321925,0.03626352753603613,VIPV20_Wp700,SUMMER,20,700,131.42857142857142,4265.65645838892,4260.890395051672,4.766063619021891
17,PARKED_OPEN,67.41616970667545,67.04435131900101,0.3718183967005797,VIPV20_Wp700,SUMMER,20,700,131.42857142857142,8860.410875734486,8811.54331621156,48.86756070921904
18,DRIVING,5.9238101751109635,5.919443118845936,0.004367056507296278,VIPV20_Wp700,SUMMER,20,700,131.42857142857142,778.5579087288694,777.9839527626086,0.5739559981017965
18,PARKED_OPEN,12.207549472999196,12.16833078643908,0.03921869315407657,VIPV20_Wp700,SUMMER,20,700,131.42857142857142,1604.420787879894,1599.2663319319931,5.154456814535777
19,DRIVING,0.6072214065555556,0.606759102104956,0.000462305924393688,VIPV20_Wp700,SUMMER,20,700,131.42857142857142,79.80624200444444,79.74548199093707,0.06076020720602756
19,PARKED_OPEN,1.0291581813333315,1.0289905412341798,0.0001676426542743834,VIPV20_Wp700,SUMMER,20,700,131.42857142857142,135.26078954666642,135.23875684792077,0.0220330345617761
4,DRIVING,0.001349590666666676,0.0013495906760957505,0.0,VIPV20_Wp700,AUTUMN,20,700,130.0,0.17544678666666788,0.17544678789244755,0.0
4,PARKED_OPEN,1960.7283251133479,1693.5469540342865,267.1813711593891,VIPV20_Wp700,AUTUMN,20,700,130.0,254894.68226473522,220161.10402445725,34733.57825072058
5,DRIVING,0.1761012357222208,0.1759629160078129,0.00013832004589365226,VIPV20_Wp700,AUTUMN,20,700,130.0,22.893160643888706,22.875179081015673,0.017981605966174794
5,PARKED_OPEN,190.5030175183252,174.0570395273863,16.445977996231857,VIPV20_Wp700,AUTUMN,20,700,130.0,24765.392277382278,22627.41513856022,2137.9771395101416
6,DRIVING,4.850032592999941,4.839982910523942,0.010049683523592706,VIPV20_Wp700,AUTUMN,20,700,130.0,630.5042370899923,629.1977783681124,1.3064588580670518
6,PARKED_OPEN,689.8153867446948,649.7316338917029,40.08375286915162,VIPV20_Wp700,AUTUMN,20,700,130.0,89676.00027681033,84465.11240592138,5210.887872989711
7,DRIVING,46.2511524428331,46.11727986772104,0.13387257831733276,VIPV20_Wp700,AUTUMN,20,700,130.0,6012.649817568304,5995.246382803735,17.403435181253258
7,PARKED_OPEN,1552.0557870140644,1445.3461763390108,106.70961071037696,VIPV20_Wp700,AUTUMN,20,700,130.0,201767.25231182837,187895.0029240714,13872.249392349006
8,DRIVING,45.12320460783337,45.00889227377719,0.11431233434519776,VIPV20_Wp700,AUTUMN,20,700,130.0,5866.016599018339,5851.155995591035,14.860603464875709
8,PARKED_OPEN,955.8017282088672,912.3690122569185,43.432715974894776,VIPV20_Wp700,AUTUMN,20,700,130.0,124254.22466715274,118607.9715933994,5646.2530767363205
9,DRIVING,42.61826115808346,42.52333014757714,0.09493101162374476,VIPV20_Wp700,AUTUMN,20,700,130.0,5540.37395055085,5528.032919185029,12.341031511086818
9,PARKED_OPEN,493.3708577424324,467.2392933744546,26.13156437935023,VIPV20_Wp700,AUTUMN,20,700,130.0,64138.211506516214,60741.1081386791,3397.10336931553
10,DRIVING,83.53431265900036,83.36363994480627,0.17067271532035944,VIPV20_Wp700,AUTUMN,20,700,130.0,10859.460645670048,10837.273192824814,22.187452991646726
10,PARKED_OPEN,554.8849273955377,537.2555358343693,17.62939157442273,VIPV20_Wp700,AUTUMN,20,700,130.0,72135.0405614199,69843.219658468,2291.820904674955
11,DRIVING,95.78421408383375,95.62408981512823,0.16012427132250823,VIPV20_Wp700,AUTUMN,20,700,130.0,12451.947830898387,12431.13167596667,20.81615527192607
11,PARKED_OPEN,534.9496646541952,515.7131928528044,19.23647181456802,VIPV20_Wp700,AUTUMN,20,700,130.0,69543.45640504538,67042.71507086456,2500.7413358938425
12,DRIVING,96.35089838772102,96.22909088268294,0.12180750566198985,VIPV20_Wp700,AUTUMN,20,700,130.0,12525.616790403732,12509.781814748781,15.83497573605868
12,PARKED_OPEN,459.46074001570867,449.53271009685744,9.928029932929864,VIPV20_Wp700,AUTUMN,20,700,130.0,59729.896202042124,58439.25231259147,1290.6438912808824
13,DRIVING,75.53191228508354,75.45774221027915,0.07417007751838714,VIPV20_Wp700,AUTUMN,20,700,130.0,9819.14859706086,9809.50648733629,9.642110077390328
13,PARKED_OPEN,310.37517938660517,304.22677576196634,6.148403640796284,VIPV20_Wp700,AUTUMN,20,700,130.0,40348.773320258675,39549.480849055624,799.2924733035169
14,DRIVING,45.80011232552735,45.74582771537142,0.05428461140260388,VIPV20_Wp700,AUTUMN,20,700,130.0,5954.014602318555,5946.9576029982845,7.0569994823385045
14,PARKED_OPEN,140.21511554556065,138.7241025642685,1.4910129922791235,VIPV20_Wp700,AUTUMN,20,700,130.0,18227.965020922886,18034.133333354905,193.83168899628606
15,DRIVING,28.82992078730524,28.79688449563322,0.0330362933206281,VIPV20_Wp700,AUTUMN,20,700,130.0,3747.889702349681,3743.5949844323186,4.294718131681654
15,PARKED_OPEN,63.88802364272535,63.40563306152891,0.48239059229742653,VIPV20_Wp700,AUTUMN,20,700,130.0,8305.443073554296,8242.732297998758,62.71077699866545
16,DRIVING,10.418243127249864,10.405558931965333,0.012684198149157088,VIPV20_Wp700,AUTUMN,20,700,130.0,1354.3716065424824,1352.7226611554931,1.6489457593904215
16,PARKED_OPEN,16.63858147563827,16.596482078902394,0.04209940722064153,VIPV20_Wp700,AUTUMN,20,700,130.0,2163.015591832975,2157.5426702573113,5.472922938683399
17,DRIVING,0.6763804506666651,0.6756622676390284,0.0007181858448744379,VIPV20_Wp700,AUTUMN,20,700,130.0,87.92945858666646,87.83609479307368,0.09336415983367692
17,PARKED_OPEN,1.0544216736666523,1.0539309002494688,0.0004907774789270288,VIPV20_Wp700,AUTUMN,20,700,130.0,137.0748175766648,137.01101703243094,0.06380107226051374
6,DRIVING,0.16706643955555175,0.16706643935402185,2.0467923585466686e-10,VIPV20_Wp700,WINTER,20,700,128.57142857142856,21.47997079999951,21.47997077408852,2.6315901752742878e-08
6,PARKED_OPEN,1406.1853508303434,1256.7267627657675,149.4585881000535,VIPV20_Wp700,WINTER,20,700,128.57142857142856,180795.2593924727,161579.15521274152,19216.10418429259
7,DRIVING,6.971995277333261,6.960085895071255,0.011909382699253313,VIPV20_Wp700,WINTER,20,700,128.57142857142856,896.3993927999906,894.8681865091612,1.5312063470468542
7,PARKED_OPEN,836.2541438369401,773.7588485946128,62.49529526553498,VIPV20_Wp700,WINTER,20,700,128.57142857142856,107518.38992189229,99483.28053359306,8035.109391283067
8,DRIVING,17.23755376291666,17.19340700320058,0.04414676116990774,VIPV20_Wp700,WINTER,20,700,128.57142857142856,2216.256912374999,2210.5809004115026,5.6760121504167085
8,PARKED_OPEN,559.3345852490697,527.2006207481855,32.133964515309835,VIPV20_Wp700,WINTER,20,700,128.57142857142856,71914.44667488038,67782.93695333814,4131.509723396978
9,DRIVING,26.36289859175008,26.29852817567367,0.06437041628913506,VIPV20_Wp700,WINTER,20,700,128.57142857142856,3389.51553322501,3381.2393368723287,8.27619638003165
9,PARKED_OPEN,270.6239601937201,258.4868725487994,12.13708764975713,VIPV20_Wp700,WINTER,20,700,128.57142857142856,34794.50916776401,33234.02647055992,1560.4826978259164
10,DRIVING,48.93520755316696,48.835039621590155,0.10016793160954388,VIPV20_Wp700,WINTER,20,700,128.57142857142856,6291.6695425500375,6278.790808490162,12.878734064084211
10,PARKED_OPEN,320.37018237963656,306.8911702261965,13.479012160430491,VIPV20_Wp700,WINTER,20,700,128.57142857142856,41190.45202023898,39457.436171939546,1733.0158491982058
11,DRIVING,58.34227733288928,58.252765251535244,0.08951208168292912,VIPV20_Wp700,WINTER,20,700,128.57142857142856,7501.14994280005,7489.641246625959,11.5086962163766
11,PARKED_OPEN,316.3598155481826,309.7079945885231,6.651820971930882,VIPV20_Wp700,WINTER,20,700,128.57142857142856,40674.833427623475,39819.599304238676,855.234124962542
12,DRIVING,55.55330178377741,55.49500407024817,0.05829771642865135,VIPV20_Wp700,WINTER,20,700,128.57142857142856,7142.567372199951,7135.07195188905,7.4954206836837445
12,PARKED_OPEN,251.94376947363997,245.96666172474994,5.9771077606874305,VIPV20_Wp700,WINTER,20,700,128.57142857142856,32392.770360896564,31624.285078896417,768.4852835169553
13,DRIVING,43.84149499508292,43.795636201181026,0.04585879511339979,VIPV20_Wp700,WINTER,20,700,128.57142857142856,5636.763642224946,5630.867511580417,5.896130800294258
13,PARKED_OPEN,167.11425464882865,164.78046143038628,2.3337932283047196,VIPV20_Wp700,WINTER,20,700,128.57142857142856,21486.118454849395,21186.05932676395,300.0591293534639
14,DRIVING,26.013290321083257,25.986211407528707,0.02707891632499016,VIPV20_Wp700,WINTER,20,700,128.57142857142856,3344.56589842499,3341.084323825119,3.481574956070163
14,PARKED_OPEN,65.63608784988944,65.30276395587424,0.3333238988669094,VIPV20_Wp700,WINTER,20,700,128.57142857142856,8438.92558070007,8396.069651469545,42.85592985431691
15,DRIVING,11.369428864305307,11.35569915284448,0.013729711481828628,VIPV20_Wp700,WINTER,20,700,128.57142857142856,1461.783711124968,1460.0184625085758,1.7652486190922518
15,PARKED_OPEN,17.757374465833845,17.740971848028252,0.016402617823087252,VIPV20_Wp700,WINTER,20,700,128.57142857142856,2283.0910027500654,2280.982094746489,2.1089080058255036
2,PARKED_OPEN,7574.432523143266,6571.926194125267,1002.506329163665,VIPV20_Wp1000,SPRING,20,1000,131.42857142857142,995496.8458988292,863738.8712278921,131757.97469008167
3,DRIVING,0.00010183250000000126,0.00010166000843048098,1.7249999999999996e-07,VIPV20_Wp1000,SPRING,20,1000,131.42857142857142,0.013383700000000165,0.013361029679434642,2.2671428571428563e-05
3,PARKED_OPEN,12.480800184999133,12.48080018491864,2.632138342284484e-10,VIPV20_Wp1000,SPRING,20,1000,131.42857142857142,1640.333738599886,1640.333738589307,3.4593818212881786e-08
4,DRIVING,0.19045518722221788,0.19011119362654327,0.00034399367327668924,VIPV20_Wp1000,SPRING,20,1000,131.42857142857142,25.031253177777206,24.986042590917112,0.04521059705922201
4,PARKED_OPEN,69.99873825386987,68.89561024101084,1.1031280135609578,VIPV20_Wp1000,SPRING,20,1000,131.42857142857142,9199.834170508611,9054.85163167571,144.98253892515444
5,DRIVING,3.3707413408333213,3.3657723925284886,0.0049689488573936,VIPV20_Wp1000,SPRING,20,1000,131.42857142857142,443.01171908095074,442.35865730374417,0.653061849828873
5,PARKED_OPEN,674.361378366737,618.2596130973205,56.101765274648635,VIPV20_Wp1000,SPRING,20,1000,131.42857142857142,88630.35258534257,81256.97772136213,7373.374864668106
6,DRIVING,38.147548141666455,38.0583257446758,0.08922239776948629,VIPV20_Wp1000,SPRING,20,1000,131.42857142857142,5013.677755761876,5001.951383585962,11.72637227827534
6,PARKED_OPEN,2579.0939147918916,2449.742998266686,129.3509165443621,VIPV20_Wp1000,SPRING,20,1000,131.42857142857142,338966.62880122004,321966.2226293358,17000.406174401873
7,DRIVING,213.31674617333428,212.7997909181985,0.5169552600700024,VIPV20_Wp1000,SPRING,20,1000,131.42857142857142,28035.9152113525,27967.972520677515,67.94269132348602
7,PARKED_OPEN,5484.085918195973,5023.303562380066,460.78235584887614,VIPV20_Wp1000,SPRING,20,1000,131.42857142857142,720765.5778200421,660205.6110556658,60559.966768709426
8,DRIVING,167.2223432183351,166.82490019199705,0.3974430269373711,VIPV20_Wp1000,SPRING,20,1000,131.42857142857142,21977.793680124043,21925.55831094818,52.23536925462591
8,PARKED_OPEN,3355.050054124707,3129.9876236076566,225.06243053517798,VIPV20_Wp1000,SPRING,20,1000,131.42857142857142,440949.43568496144,411369.8019598634,29579.633727480534
9,DRIVING,155.9515031741683,155.67545716741108,0.2760460069080876,VIPV20_Wp1000,SPRING,20,1000,131.42857142857142,20496.48327431926,20460.202942002597,36.28033233649151
9,PARKED_OPEN,1732.7197567440564,1582.8109929505908,149.90876380151204,VIPV20_Wp1000,SPRING,20,1000,131.42857142857142,227728.88231493311,208026.58764493477,19702.294671055864
10,DRIVING,252.74058728778132,252.2500107961104,0.49057649208500237,VIPV20_Wp1000,SPRING,20,1000,131.42857142857142,33217.33432925126,33152.858561774505,64.47576753117174
10,PARKED_OPEN,1891.6295541640968,1792.6640368423589,98.96551733356246,VIPV20_Wp1000,SPRING,20,1000,131.42857142857142,248614.1699758527,235607.27341356713,13006.896563839637
11,DRIVING,299.82441017666855,299.3902465824858,0.4341635971116895,VIPV20_Wp1000,SPRING,20,1000,131.42857142857142,39405.493908933575,39348.43240798385,57.061501334679186
11,PARKED_OPEN,1901.5286419662077,1824.406877810878,77.12176416944308,VIPV20_Wp1000,SPRING,20,1000,131.42857142857142,249915.19294413013,239779.18965514394,10136.00329084109
12,DRIVING,299.57173392000107,299.2049979051193,0.3667360152774305,VIPV20_Wp1000,SPRING,20,1000,131.42857142857142,39372.28502948585,39324.08543895853,48.199590579319434
12,PARKED_OPEN,1736.7387926746112,1661.263411511666,75.47538117637849,VIPV20_Wp1000,SPRING,20,1000,131.42857142857142,228257.09846580602,218337.4769415332,9919.621526038314
13,DRIVING,264.09524976389116,263.90943432636163,0.1858154400791296,VIPV20_Wp1000,SPRING,20,1000,131.42857142857142,34709.66139753998,34685.239940036096,24.421457838971314
13,PARKED_OPEN,1377.0765954404246,1340.1391945378334,36.937400916263044,VIPV20_Wp1000,SPRING,20,1000,131.42857142857142,180987.20968645578,176132.5798535438,4854.629834708857
14,DRIVING,195.69349007194242,195.44776111172706,0.24572896067089436,VIPV20_Wp1000,SPRING,20,1000,131.42857142857142,25719.715838026717,25687.420031826983,32.29580625960325
14,PARKED_OPEN,791.7922335269797,771.3051789848612,20.487054553063043,VIPV20_Wp1000,SPRING,20,1000,131.42857142857142,104064.12212068874,101371.53780943889,2692.5843126882855
15,DRIVING,175.79640560527653,175.60377972797139,0.19262588093083274,VIPV20_Wp1000,SPRING,20,1000,131.42857142857142,23104.6704509792,23079.353907104807,25.316544350909442
15,PARKED_OPEN,491.4167425229969,485.23733333727233,6.17940919657856,VIPV20_Wp1000,SPRING,20,1000,131.42857142857142,64586.200445879585,63774.049524327216,812.1509229788965
16,DRIVING,92.18460143722173,92.02281926557832,0.1617821719201111,VIPV20_Wp1000,SPRING,20,1000,131.42857142857142,12115.690474606283,12094.427674904578,21.26279973807174
16,PARKED_OPEN,189.633672376934,188.38932243795168,1.244349945951253,VIPV20_Wp1000,SPRING,20,1000,131.42857142857142,24923.282655254177,24759.739520416504,163.54313575359325
17,DRIVING,22.157697218888657,22.1276164362043,0.030080784889597523,VIPV20_Wp1000,SPRING,20,1000,131.42857142857142,2912.154491625366,2908.2010173297076,3.95347458548996
17,PARKED_OPEN,42.184368918054744,42.016536146691415,0.16783277685848588,VIPV20_Wp1000,SPRING,20,1000,131.42857142857142,5544.231343515766,5522.173322136586,22.058022101401
18,DRIVING,2.7724245824999136,2.769221643110673,0.003202939960051638,VIPV20_Wp1000,SPRING,20,1000,131.42857142857142,364.3758022714172,363.954844523117,0.4209578233210724
18,PARKED_OPEN,4.639604381389078,4.637352581981571,0.0022518005552192486,VIPV20_Wp1000,SPRING,20,1000,131.42857142857142,609.7765758397073,609.480625060435,0.2959509301145298
19,DRIVING,0.015430892777777677,0.015418730661780636,1.2162173636753913e-05,VIPV20_Wp1000,SPRING,20,1000,131.42857142857142,2.0280601936507803,2.0264617441197403,0.0015984571065447999
19,PARKED_OPEN,0.02527681277777706,0.02526812407254206,8.688792542748496e-06,VIPV20_Wp1000,SPRING,20,1000,131.42857142857142,3.322095393650699,3.3209534495340987,0.0011419555913326593
2,PARKED_OPEN,6998.853342678641,6092.920461884741,905.9328809448642,VIPV20_Wp1000,SUMMER,20,1000,131.42857142857142,919849.2964663355,800783.832133423,119065.46435275357
3,DRIVING,0.001208707499999997,0.0012087075084447861,0.0,VIPV20_Wp1000,SUMMER,20,1000,131.42857142857142,0.15885869999999958,0.15885870110988615,0.0
3,PARKED_OPEN,15.207878579998557,15.20787858005663,1.2171266750016229e-10,VIPV20_Wp1000,SUMMER,20,1000,131.42857142857142,1998.7497562283816,1998.749756236014,1.5996522014307042e-08
4,DRIVING,0.38091997222221435,0.3796630355793513,0.0012569367247544224,VIPV20_Wp1000,SUMMER,20,1000,131.42857142857142,50.06376777777674,49.89857039042903,0.1651973981105812
4,PARKED_OPEN,95.97400263111359,83.09653465302549,12.877467979279627,VIPV20_Wp1000,SUMMER,20,1000,131.42857142857142,12613.726060089213,10921.25884011192,1692.4672201338938
5,DRIVING,5.111954946944382,5.103070249699944,0.008884697798878306,VIPV20_Wp1000,SUMMER,20,1000,131.42857142857142,671.8569358841188,670.6892328177069,1.1677031392811488
5,PARKED_OPEN,595.5056996042281,549.7870812417493,45.71861836777746,VIPV20_Wp1000,SUMMER,20,1000,131.42857142857142,78266.46337655568,72257.73067748705,6008.732699765037
6,DRIVING,42.23896550027795,42.13086709150574,0.10809841056513816,VIPV20_Wp1000,SUMMER,20,1000,131.42857142857142,5551.406894322245,5537.199674883611,14.2072196742753
6,PARKED_OPEN,2121.982397968894,1981.5589136816411,140.4234843014581,VIPV20_Wp1000,SUMMER,20,1000,131.42857142857142,278889.115161626,260433.45722672995,18455.657936763062
7,DRIVING,198.49699363083408,198.03997225152153,0.45702138099038714,VIPV20_Wp1000,SUMMER,20,1000,131.42857142857142,26088.176305766763,26028.1106387714,60.065667215879444
7,PARKED_OPEN,4840.098955659456,4464.015623447574,376.0833322406313,VIPV20_Wp1000,SUMMER,20,1000,131.42857142857142,636127.2913152428,586699.1962245383,49428.09509448297
8,DRIVING,151.27831923166636,150.9410090477512,0.3373101847545431,VIPV20_Wp1000,SUMMER,20,1000,131.42857142857142,19882.29338473329,19837.961189133013,44.33219571059709
8,PARKED_OPEN,2922.343520332737,2718.2857968649528,204.05772348646659,VIPV20_Wp1000,SUMMER,20,1000,131.42857142857142,384079.434100874,357260.4190165366,26819.015086792748
9,DRIVING,129.1350792558348,128.91212061092435,0.22295864509718724,VIPV20_Wp1000,SUMMER,20,1000,131.42857142857142,16972.038987909713,16942.735851721485,29.30313621277318
9,PARKED_OPEN,1463.93417333111,1380.1017173576151,83.83245598455113,VIPV20_Wp1000,SUMMER,20,1000,131.42857142857142,192402.77706637446,181384.7971384294,11017.979929398147
10,DRIVING,212.92423334500162,212.4955856316754,0.4286477156192588,VIPV20_Wp1000,SUMMER,20,1000,131.42857142857142,27984.327811057356,27927.991254448763,56.336556909959725
10,PARKED_OPEN,1699.6688568091286,1620.3607415851413,79.30811523684325,VIPV20_Wp1000,SUMMER,20,1000,131.42857142857142,223385.0497520569,212961.6974654757,10423.352288270826
11,DRIVING,245.89255890277704,245.45445827541894,0.4381006284489527,VIPV20_Wp1000,SUMMER,20,1000,131.42857142857142,32317.307741507837,32259.728801912202,57.57893973900521
11,PARKED_OPEN,1779.1748797149148,1706.9081403731118,72.26673935500425,VIPV20_Wp1000,SUMMER,20,1000,131.42857142857142,233834.41276253163,224336.49844903752,9497.914315229129
12,DRIVING,249.9331744877775,249.63821002588625,0.2949644619843534,VIPV20_Wp1000,SUMMER,20,1000,131.42857142857142,32848.36007553647,32809.593317687904,38.76675786080073
12,PARKED_OPEN,1563.254139998031,1503.7606578427674,59.49348216897824,VIPV20_Wp1000,SUMMER,20,1000,131.42857142857142,205456.2583997412,197637.1150307637,7819.143370779996
13,DRIVING,233.19406971527735,232.98280866597395,0.2112610502900224,VIPV20_Wp1000,SUMMER,20,1000,131.42857142857142,30648.363448293592,30620.597710385144,27.765738038117227
13,PARKED_OPEN,1330.1913978613181,1293.0655452221167,37.12585265883104,VIPV20_Wp1000,SUMMER,20,1000,131.42857142857142,174825.1551474875,169945.75737204961,4879.397778017794
14,DRIVING,180.085603752221,179.89210648657172,0.19349726793402303,VIPV20_Wp1000,SUMMER,20,1000,131.42857142857142,23668.393636006185,23642.962566806567,25.43106949990017
14,PARKED_OPEN,825.1111872027932,801.5851206482749,23.52606657165511,VIPV20_Wp1000,SUMMER,20,1000,131.42857142857142,108443.18460379567,105351.18728520184,3091.9973208461
15,DRIVING,178.6277715536107,178.42197823170295,0.2057933249277505,VIPV20_Wp1000,SUMMER,20,1000,131.42857142857142,23476.79283276026,23449.745710452386,27.047122704790063
15,PARKED_OPEN,634.7553207915464,627.8875636785149,6.8677571305135094,VIPV20_Wp1000,SUMMER,20,1000,131.42857142857142,83424.98501831751,82522.36551203337,902.6195085817754
16,DRIVING,118.14265387666663,117.95290939776311,0.18974447918463724,VIPV20_Wp1000,SUMMER,20,1000,131.42857142857142,15527.32022379047,15502.382377991722,24.937845835695178
16,PARKED_OPEN,307.08278885215606,303.5918083156497,3.490980553670666,VIPV20_Wp1000,SUMMER,20,1000,131.42857142857142,40359.45224914051,39900.63766434253,458.81458705385893
17,DRIVING,46.36438622722229,46.30924240713444,0.05514382251456741,VIPV20_Wp1000,SUMMER,20,1000,131.42857142857142,6093.605047006357,6086.357573509097,7.247473816200288
17,PARKED_OPEN,98.88256847888196,98.26065995749252,0.621908536796009,VIPV20_Wp1000,SUMMER,20,1000,131.42857142857142,12995.994714367343,12914.258165841873,81.73655055033261
18,DRIVING,8.464174691111019,8.456996487427109,0.0071782056911718255,VIPV20_Wp1000,SUMMER,20,1000,131.42857142857142,1112.434387974591,1111.4909669189913,0.9434213194111541
18,PARKED_OPEN,17.953779393334067,17.88263886403267,0.07114054007790513,VIPV20_Wp1000,SUMMER,20,1000,131.42857142857142,2359.63957740962,2350.289679272865,9.349899553096101
19,DRIVING,0.8672509811110991,0.8664275093788736,0.0008234733903096089,VIPV20_Wp1000,SUMMER,20,1000,131.42857142857142,113.98155751745873,113.87332980408051,0.1082279312978343
19,PARKED_OPEN,1.4578886111110567,1.457838873602261,4.974011509763378e-05,VIPV20_Wp1000,SUMMER,20,1000,131.42857142857142,191.6082174603103,191.60168053058285,0.006537272269974724
4,DRIVING,0.0019279866666666713,0.0019279866764735844,4.076196085944784e-12,VIPV20_Wp1000,AUTUMN,20,1000,130.0,0.2506382666666673,0.25063826794156596,5.299054911728219e-10
4,PARKED_OPEN,2814.4583632273507,2456.883749290015,357.57461401865464,VIPV20_Wp1000,AUTUMN,20,1000,130.0,365879.5872195556,319394.887407702,46484.6998224251
5,DRIVING,0.25157319388888494,0.25139050105052313,0.0001826934806610367,VIPV20_Wp1000,AUTUMN,20,1000,130.0,32.70451520555504,32.680765136568006,0.02375015248593477
5,PARKED_OPEN,256.83125060697665,245.04031059033528,11.790940022458116,VIPV20_Wp1000,AUTUMN,20,1000,130.0,33388.06257890697,31855.240376743586,1532.8222029195551
6,DRIVING,6.928504873888771,6.913387480793326,0.015117393134046739,VIPV20_Wp1000,AUTUMN,20,1000,130.0,900.7056336055402,898.7403725031324,1.965261107426076
6,PARKED_OPEN,993.8738078345337,951.2590202998003,42.614787551797555,VIPV20_Wp1000,AUTUMN,20,1000,130.0,129203.59501848939,123663.67263897405,5539.922381733682
7,DRIVING,66.04662223999945,65.86446470293698,0.18215753781452604,VIPV20_Wp1000,AUTUMN,20,1000,130.0,8586.060891199928,8562.380411381808,23.680479915888384
7,PARKED_OPEN,2236.814432779046,2088.9746303758743,147.8398024459546,VIPV20_Wp1000,AUTUMN,20,1000,130.0,290785.87626127596,271566.7019488637,19219.1743179741
8,DRIVING,64.6811764349993,64.48875329772265,0.19242314005486497,VIPV20_Wp1000,AUTUMN,20,1000,130.0,8408.55293654991,8383.537928703945,25.015008207132446
8,PARKED_OPEN,1313.0528420880496,1239.1810621126754,73.87178000156408,VIPV20_Wp1000,AUTUMN,20,1000,130.0,170696.86947144644,161093.5380746478,9603.33140020333
9,DRIVING,60.624671780000114,60.494878551668336,0.12979322985804487,VIPV20_Wp1000,AUTUMN,20,1000,130.0,7881.2073314000145,7864.334211716884,16.873119881545833
9,PARKED_OPEN,668.6600524565681,629.9059763450139,38.75407612240855,VIPV20_Wp1000,AUTUMN,20,1000,130.0,86925.80681935385,81887.7769248518,5038.029895913111
10,DRIVING,119.39994780500093,119.18123805692557,0.21870974897113565,VIPV20_Wp1000,AUTUMN,20,1000,130.0,15521.993214650121,15493.560947400323,28.432267366247636
10,PARKED_OPEN,787.0123714519767,762.0055464015243,25.006825063516363,VIPV20_Wp1000,AUTUMN,20,1000,130.0,102311.60828875698,99060.72103219815,3250.887258257127
11,DRIVING,136.83317313416623,136.62200867711877,0.21116445930351985,VIPV20_Wp1000,AUTUMN,20,1000,130.0,17788.31250744161,17760.86112802544,27.45137970945758
11,PARKED_OPEN,755.3193004443701,731.1078140383315,24.211486420096563,VIPV20_Wp1000,AUTUMN,20,1000,130.0,98191.50905776811,95044.0158249831,3147.4932346125534
12,DRIVING,137.64726486388992,137.48086724887023,0.1663976177619908,VIPV20_Wp1000,AUTUMN,20,1000,130.0,17894.14443230569,17872.51274235313,21.631690309058804
12,PARKED_OPEN,636.1237498107464,620.5293484386303,15.59440138516424,VIPV20_Wp1000,AUTUMN,20,1000,130.0,82696.08747539703,80668.81529702194,2027.2721800713512
13,DRIVING,107.84810096833309,107.74860185637397,0.09949911406904603,VIPV20_Wp1000,AUTUMN,20,1000,130.0,14020.2531258833,14007.318241328616,12.934884828975985
13,PARKED_OPEN,438.122665967703,428.22223582983634,9.900430147668414,VIPV20_Wp1000,AUTUMN,20,1000,130.0,56955.94657580139,55668.89065787872,1287.055919196894
14,DRIVING,65.47528706500083,65.39703967296806,0.07824739240980316,VIPV20_Wp1000,AUTUMN,20,1000,130.0,8511.787318450108,8501.615157485849,10.172161013274412
14,PARKED_OPEN,201.83562031802944,199.6178163647693,2.2178039594204675,VIPV20_Wp1000,AUTUMN,20,1000,130.0,26238.63064134383,25950.31612742001,288.3145147246608
15,DRIVING,41.19917375638898,41.160428083025494,0.03874567371513067,VIPV20_Wp1000,AUTUMN,20,1000,130.0,5355.892588330567,5350.855650793314,5.036937582966988
15,PARKED_OPEN,95.21335530750726,94.61642706012383,0.5969282557462919,VIPV20_Wp1000,AUTUMN,20,1000,130.0,12377.736189975943,12300.135517816097,77.60067324701795
16,DRIVING,14.867666667221899,14.846365076813724,0.021301593032510585,VIPV20_Wp1000,AUTUMN,20,1000,130.0,1932.7966667388469,1930.0274599857842,2.7692070942263762
16,PARKED_OPEN,24.5029885624983,24.46208661024401,0.04090196106562979,VIPV20_Wp1000,AUTUMN,20,1000,130.0,3185.388513124779,3180.0712593317216,5.317254938531872
17,DRIVING,0.9660324138888929,0.9647532962509368,0.0012791197140231286,VIPV20_Wp1000,AUTUMN,20,1000,130.0,125.58421380555608,125.41792851262178,0.16628556282300672
17,PARKED_OPEN,1.5035076155555758,1.5025246753551125,0.0009829432109673276,VIPV20_Wp1000,AUTUMN,20,1000,130.0,195.45599002222485,195.32820779616463,0.1277826174257526
6,DRIVING,0.2402977111111042,0.24029771106665399,1.5003069507536618e-10,VIPV20_Wp1000,WINTER,20,1000,128.57142857142856,30.89541999999911,30.89541999428408,1.928966079540422e-08
6,PARKED_OPEN,1937.718807087472,1749.5722668262247,188.1465403218408,VIPV20_Wp1000,WINTER,20,1000,128.57142857142856,249135.27519696066,224945.00573480027,24190.269469950956
7,DRIVING,9.948710199999887,9.930876772546087,0.017833429862353773,VIPV20_Wp1000,WINTER,20,1000,128.57142857142856,1279.1198828571282,1276.8270136130682,2.292869553731199
7,PARKED_OPEN,1186.4232985536903,1102.335434362096,84.08786422419108,VIPV20_Wp1000,WINTER,20,1000,128.57142857142856,152540.13838547445,141728.8415608409,10811.296828824567
8,DRIVING,24.603926133333523,24.541084183811233,0.06284194977499447,VIPV20_Wp1000,WINTER,20,1000,128.57142857142856,3163.3619314285957,3155.282252204301,8.079679256785
8,PARKED_OPEN,774.6975535651492,724.0042866064272,50.69326698155239,VIPV20_Wp1000,WINTER,20,1000,128.57142857142856,99603.97117266203,93086.26542082634,6517.705754771021
9,DRIVING,37.70567036749996,37.62446685557571,0.08120351331937174,VIPV20_Wp1000,WINTER,20,1000,128.57142857142856,4847.871904392851,4837.431452859733,10.44045171249065
9,PARKED_OPEN,409.5171764777672,390.52875305281344,18.9884234352369,VIPV20_Wp1000,WINTER,20,1000,128.57142857142856,52652.20840428434,50210.839678218865,2441.368727387601
10,DRIVING,69.9125656599993,69.75509395312389,0.15747170853113374,VIPV20_Wp1000,WINTER,20,1000,128.57142857142856,8988.75844199991,8968.512079687356,20.24636252543148
10,PARKED_OPEN,430.2719880853281,416.0555557370401,14.216432357272867,VIPV20_Wp1000,WINTER,20,1000,128.57142857142856,55320.684182399316,53492.857166190865,1827.827017363654
11,DRIVING,83.34167085694389,83.19345043948935,0.14822041758111065,VIPV20_Wp1000,WINTER,20,1000,128.57142857142856,10715.35768160707,10696.300770791488,19.05691083185708
11,PARKED_OPEN,449.4027061581474,438.65714873932,10.745557430465864,VIPV20_Wp1000,WINTER,20,1000,128.57142857142856,57780.34793461894,56398.77626648399,1381.5716696313252
12,DRIVING,79.33323669888857,79.23313525302835,0.10010144760959037,VIPV20_Wp1000,WINTER,20,1000,128.57142857142856,10199.987575571386,10187.117389675072,12.870186121233047
12,PARKED_OPEN,352.93395173224957,347.2891877514668,5.644763995348191,VIPV20_Wp1000,WINTER,20,1000,128.57142857142856,45377.22236557494,44651.46699661715,725.7553708304815
13,DRIVING,62.6574453933329,62.60057523725243,0.05687015879354161,VIPV20_Wp1000,WINTER,20,1000,128.57142857142856,8055.957264857086,8048.645387646739,7.311877559169635
13,PARKED_OPEN,222.4014591141707,217.78043283377585,4.621026294559947,VIPV20_Wp1000,WINTER,20,1000,128.57142857142856,28594.473314679086,28000.341364342607,594.1319521577074
14,DRIVING,37.16620500111094,37.1232350635114,0.042969940609421,VIPV20_Wp1000,WINTER,20,1000,128.57142857142856,4778.512071571406,4772.987365308608,5.524706649782699
14,PARKED_OPEN,88.99668918694735,88.35966892429782,0.6370202713499893,VIPV20_Wp1000,WINTER,20,1000,128.57142857142856,11442.43146689323,11360.528861695433,81.90260631642718
15,DRIVING,16.24134898055553,16.22125769725504,0.02009128593312538,VIPV20_Wp1000,WINTER,20,1000,128.57142857142856,2088.173440357139,2085.5902753613623,2.583165334258977
15,PARKED_OPEN,24.994314104166296,24.95283084171051,0.04148326628291376,VIPV20_Wp1000,WINTER,20,1000,128.57142857142856,3213.5546705356664,3208.2211082199224,5.333562807803197
2,PARKED_OPEN,7568.351014220649,6570.639778575671,997.7112358791117,VIPV50_Wp400,SPRING,50,400,131.42857142857142,994697.5618689995,863569.7994699453,131127.76242982608
3,DRIVING,0.003456284999999981,0.0034561776521388025,1.0735008298067751e-07,VIPV50_Wp400,SPRING,50,400,131.42857142857142,0.45425459999999745,0.45424049142395684,1.4108868048889043e-05
3,PARKED_OPEN,4.992320074001714,4.992320074019051,9.362527594780778e-11,VIPV50_Wp400,SPRING,50,400,131.42857142857142,656.1334954402253,656.1334954425038,1.2305036267426163e-08
4,DRIVING,0.17064546411110787,0.1702471919124822,0.00039827220947488733,VIPV50_Wp400,SPRING,50,400,131.42857142857142,22.42768956888846,22.375345222783373,0.052344347530985186
4,PARKED_OPEN,97.37358676379861,90.76797260523051,6.6056141604552705,VIPV50_Wp400,SPRING,50,400,131.42857142857142,12797.671403242102,11929.504970973152,868.1664325169784
5,DRIVING,3.0594706253332595,3.0531405365339053,0.006330089171354677,VIPV50_Wp400,SPRING,50,400,131.42857142857142,402.1018536152284,401.2698990873132,0.8319545768066146
5,PARKED_OPEN,611.5761267176003,567.6459040687533,43.93022265908873,VIPV50_Wp400,SPRING,50,400,131.42857142857142,80378.57665431318,74604.89024903615,5773.686406623089
6,DRIVING,44.17740902622203,44.06645892333657,0.11095010887734634,VIPV50_Wp400,SPRING,50,400,131.42857142857142,5806.173757732037,5791.591744209949,14.582014309594088
6,PARKED_OPEN,2549.455844294938,2385.496361345378,163.9594829845404,VIPV50_Wp400,SPRING,50,400,131.42857142857142,335071.3395359061,313522.3789196782,21548.960620825306
7,DRIVING,211.87580756866555,211.31758152363608,0.558226049117226,VIPV50_Wp400,SPRING,50,400,131.42857142857142,27846.534709024614,27773.167857392167,73.36685216969255
7,PARKED_OPEN,5704.346368334591,5335.524102009957,368.8222663911064,VIPV50_Wp400,SPRING,50,400,131.42857142857142,749714.0941239747,701240.3105498799,48473.78358283112
8,DRIVING,166.68939887833196,166.22028302261606,0.4691158617190725,VIPV50_Wp400,SPRING,50,400,131.42857142857142,21907.749566866485,21846.09434011525,61.65522754022095
8,PARKED_OPEN,3313.148889489451,3131.9275299796595,181.22135954547815,VIPV50_Wp400,SPRING,50,400,131.42857142857142,435442.4254757564,411624.7610830409,23817.664397405697
9,DRIVING,155.84019738733292,155.4924182746857,0.3477791127971748,VIPV50_Wp400,SPRING,50,400,131.42857142857142,20481.854513763752,20436.146401815833,45.70811196762869
9,PARKED_OPEN,1629.3642506702731,1544.166473855726,85.19777682719817,VIPV50_Wp400,SPRING,50,400,131.42857142857142,214145.01580237874,202947.59370675255,11197.422097288902
10,DRIVING,234.32192241333308,233.8714825320122,0.4504398814398221,VIPV50_Wp400,SPRING,50,400,131.42857142857142,30796.59551718092,30737.394847064457,59.2006701320909
10,PARKED_OPEN,1755.6606978529435,1674.9129592011116,80.74773866723793,VIPV50_Wp400,SPRING,50,400,131.42857142857142,230743.97743210112,220131.4174950032,10612.559939122697
11,DRIVING,294.5255263646679,294.0164313523869,0.5090950123490146,VIPV50_Wp400,SPRING,50,400,131.42857142857142,38709.069179356346,38642.15954917085,66.9096301944419
11,PARKED_OPEN,1862.165112410383,1793.1413177651252,69.02379467041521,VIPV50_Wp400,SPRING,50,400,131.42857142857142,244741.70048822174,235670.00176341643,9071.698728111713
12,DRIVING,297.9805082439981,297.5279770652539,0.4525311791176553,VIPV50_Wp400,SPRING,50,400,131.42857142857142,39163.152512068315,39103.67698571908,59.475526398320405
12,PARKED_OPEN,1716.750631461039,1653.7838429043213,62.966788591022656,VIPV50_Wp400,SPRING,50,400,131.42857142857142,225630.08299202225,217354.4479245679,8275.635071962977
13,DRIVING,241.77666877311125,241.53694932568206,0.23971945061427172,VIPV50_Wp400,SPRING,50,400,131.42857142857142,31776.362181608903,31744.85619708964,31.50598493787571
13,PARKED_OPEN,1288.272941613469,1251.2328751906762,37.04006646649636,VIPV50_Wp400,SPRING,50,400,131.42857142857142,169315.8723263416,164447.74931077455,4868.12302131095
14,DRIVING,213.91025357577635,213.5926303197818,0.3176232634162195,VIPV50_Wp400,SPRING,50,400,131.42857142857142,28113.919041387748,28072.17427059989,41.74477176327456
14,PARKED_OPEN,846.6097145623784,831.3622731154426,15.24744148885843,VIPV50_Wp400,SPRING,50,400,131.42857142857142,111268.705342484,109264.75589517245,2003.9494528213934
15,DRIVING,183.76451772966342,183.52423516773501,0.24028257003307388,VIPV50_Wp400,SPRING,50,400,131.42857142857142,24151.90804447005,24120.3280506166,31.579994918632565
15,PARKED_OPEN,486.7863047350676,481.8330841495133,4.953220617112962,VIPV50_Wp400,SPRING,50,400,131.42857142857142,63977.62862232316,63326.63391679317,650.9947096777034
16,DRIVING,96.39756632399896,96.26328945920494,0.13427686534918074,VIPV50_Wp400,SPRING,50,400,131.42857142857142,12669.394431154147,12651.746614638363,17.647816588749468
16,PARKED_OPEN,206.88804098709957,205.3533866117433,1.5346544035595235,VIPV50_Wp400,SPRING,50,400,131.42857142857142,27190.999672590227,26989.302240400546,201.6974358963945
17,DRIVING,21.79764658877745,21.7748876842399,0.02275890884180652,VIPV50_Wp400,SPRING,50,400,131.42857142857142,2864.833551667893,2861.8423813572435,2.991170876351714
17,PARKED_OPEN,44.343478868550655,44.16390457484306,0.1795743174648092,VIPV50_Wp400,SPRING,50,400,131.42857142857142,5828.000079866657,5804.398886979373,23.601196009660637
18,DRIVING,2.5597119240000015,2.55703412185021,0.0026778036452456476,VIPV50_Wp400,SPRING,50,400,131.42857142857142,336.41928144000013,336.06734172888474,0.35193990766085653
18,PARKED_OPEN,4.589800192667268,4.585936166316536,0.003864040609912603,VIPV50_Wp400,SPRING,50,400,131.42857142857142,603.2308824648409,602.7230390016018,0.5078453373027992
19,DRIVING,0.015031403777777659,0.015018989600229366,1.2417296336979327e-05,VIPV50_Wp400,SPRING,50,400,131.42857142857142,1.9755559250793493,1.9739243474587165,0.0016319875185744257
19,PARKED_OPEN,0.025918470555555795,0.02590854192868951,9.933609147950978e-06,VIPV50_Wp400,SPRING,50,400,131.42857142857142,3.40642755873019,3.4051226534849066,0.0013055600594449855
2,PARKED_OPEN,7064.695856604344,6155.33767360738,909.3581832370443,VIPV50_Wp400,SUMMER,50,400,131.42857142857142,928502.8840108565,808987.2371026841,119515.6469397258
3,DRIVING,0.007841493333333093,0.007840674323314992,8.190136615831905e-07,VIPV50_Wp400,SUMMER,50,400,131.42857142857142,1.030596266666635,1.0304886253499703,0.00010764179552236216
3,PARKED_OPEN,7.6039392900011284,7.603939290035765,2.5460712249625315e-10,VIPV50_Wp400,SUMMER,50,400,131.42857142857142,999.374878114434,999.3748781189861,3.346265038522184e-08
4,DRIVING,0.3378908057777697,0.33707064524592845,0.0008201606474965545,VIPV50_Wp400,SUMMER,50,400,131.42857142857142,44.40850590222116,44.300713375179164,0.1077925422424043
4,PARKED_OPEN,79.47465379788808,76.29039186417258,3.18426193532561,VIPV50_Wp400,SUMMER,50,400,131.42857142857142,10445.240213436718,10026.737216434109,418.502997214223
5,DRIVING,4.632238632666565,4.621046405622437,0.011192227277014043,VIPV50_Wp400,SUMMER,50,400,131.42857142857142,608.8085060076057,607.3375275960916,1.4709784421218455
5,PARKED_OPEN,522.6892200163431,481.0606766204851,41.62854340429864,VIPV50_Wp400,SUMMER,50,400,131.42857142857142,68696.29748786223,63225.11749869232,5471.179990279249
6,DRIVING,48.63968509711037,48.501112067953784,0.13857303424902076,VIPV50_Wp400,SUMMER,50,400,131.42857142857142,6392.644327048792,6374.431871788211,18.212455929871297
6,PARKED_OPEN,2322.28839527071,2205.633381167673,116.65501413277784,VIPV50_Wp400,SUMMER,50,400,131.42857142857142,305215.046235579,289883.244382037,15331.8018574508
7,DRIVING,197.19487432911066,196.6862780605818,0.5085962798512047,VIPV50_Wp400,SUMMER,50,400,131.42857142857142,25917.040626111684,25850.196545105035,66.84408249472976
7,PARKED_OPEN,4993.634536632107,4716.590824378077,277.0437123018559,VIPV50_Wp400,SUMMER,50,400,131.42857142857142,656306.2533859339,619894.7940611186,36411.45933110106
8,DRIVING,150.95012116455501,150.55074276559046,0.3993783995351109,VIPV50_Wp400,SUMMER,50,400,131.42857142857142,19839.15878162723,19786.669049191885,52.48973251032886
8,PARKED_OPEN,2922.5544783319897,2778.9746014369357,143.57987692224754,VIPV50_Wp400,SUMMER,50,400,131.42857142857142,384107.1600093472,365236.6619031401,18870.498109781103
9,DRIVING,129.05011101277623,128.79081357959535,0.25929743552831336,VIPV50_Wp400,SUMMER,50,400,131.42857142857142,16960.87173310773,16926.79264188967,34.079091526578324
9,PARKED_OPEN,1421.8469867093256,1354.254521824441,67.5924648999389,VIPV50_Wp400,SUMMER,50,400,131.42857142857142,186871.31825322565,177987.7371540694,8883.581101134827
10,DRIVING,197.44542849077686,197.07704865183428,0.36837983937559193,VIPV50_Wp400,SUMMER,50,400,131.42857142857142,25949.970601644956,25901.554965669646,48.41563603222065
10,PARKED_OPEN,1541.0937982150185,1476.0451999480574,65.04859828247405,VIPV50_Wp400,SUMMER,50,400,131.42857142857142,202543.756336831,193994.51199317325,8549.244345696588
11,DRIVING,241.72437884500027,241.2784805112301,0.445898335785326,VIPV50_Wp400,SUMMER,50,400,131.42857142857142,31769.489791057174,31710.886010047383,58.60378127464284
11,PARKED_OPEN,1652.3816919363305,1586.6475406012512,65.73415135595529,VIPV50_Wp400,SUMMER,50,400,131.42857142857142,217170.1652259177,208530.8196218787,8639.345606782694
12,DRIVING,248.47220055977883,248.12314008627683,0.3490604737134852,VIPV50_Wp400,SUMMER,50,400,131.42857142857142,32656.346359285213,32610.469839910667,45.87651940234377
12,PARKED_OPEN,1560.2645091266168,1506.1512182494218,54.11329089757443,VIPV50_Wp400,SUMMER,50,400,131.42857142857142,205063.33548521248,197951.302969924,7112.032517966924
13,DRIVING,213.50375452000011,213.2887654139422,0.21498910623160938,VIPV50_Wp400,SUMMER,50,400,131.42857142857142,28060.49345120001,28032.237740118115,28.2557111047258
13,PARKED_OPEN,1231.7665854694176,1194.5397511619583,37.226834335898616,VIPV50_Wp400,SUMMER,50,400,131.42857142857142,161889.32266169487,156996.65300985737,4892.669655575246
14,DRIVING,196.53868625066465,196.29716386281757,0.2415223879220487,VIPV50_Wp400,SUMMER,50,400,131.42857142857142,25830.798764373067,25799.055821970305,31.742942412612113
14,PARKED_OPEN,859.6980999616243,842.268750783167,17.429349213070775,VIPV50_Wp400,SUMMER,50,400,131.42857142857142,112988.89313781347,110698.17867435908,2290.7144680035876
15,DRIVING,186.61562926644268,186.40241105582706,0.21321821166220628,VIPV50_Wp400,SUMMER,50,400,131.42857142857142,24526.625560732464,24498.6025959087,28.022964961318536
15,PARKED_OPEN,605.0918512997232,596.9732925386918,8.118558815559798,VIPV50_Wp400,SUMMER,50,400,131.42857142857142,79526.35759939218,78459.3470193709,1067.010587187859
16,DRIVING,123.34274096844479,123.1923338882303,0.15040709026105945,VIPV50_Wp400,SUMMER,50,400,131.42857142857142,16210.760241567028,16190.992453881694,19.76778900573924
16,PARKED_OPEN,331.02249438055696,327.4187360768914,3.6037583640437036,VIPV50_Wp400,SUMMER,50,400,131.42857142857142,43505.81354715891,43032.17674153429,473.63681356002957
17,DRIVING,45.61863243977794,45.57270798225755,0.045924466122834254,VIPV50_Wp400,SUMMER,50,400,131.42857142857142,5995.5916920851005,5989.555906239563,6.03578697614393
17,PARKED_OPEN,102.63268162177647,102.06274411419476,0.5699375452981206,VIPV50_Wp400,SUMMER,50,400,131.42857142857142,13488.866727433478,13413.960655008452,74.9060773820387
18,DRIVING,7.84084907422211,7.832782488620918,0.008066590067578374,VIPV50_Wp400,SUMMER,50,400,131.42857142857142,1030.5115926120486,1029.4514127901778,1.060180408881729
18,PARKED_OPEN,16.966037759557487,16.902273911435692,0.06376386711092558,VIPV50_Wp400,SUMMER,50,400,131.42857142857142,2229.8221055418408,2221.441714074405,8.380393963150217
19,DRIVING,0.844799634666665,0.8442263371085883,0.0005733007113289969,VIPV50_Wp400,SUMMER,50,400,131.42857142857142,111.03080912761881,110.95546144855732,0.07534809348895387
19,PARKED_OPEN,1.4465921044443733,1.4445877693735194,0.002004339886823823,VIPV50_Wp400,SUMMER,50,400,131.42857142857142,190.12353372697476,189.86010683194826,0.2634275279825596
4,DRIVING,0.0019655999999999905,0.001965599947180599,5.286526671047232e-11,VIPV50_Wp400,AUTUMN,50,400,130.0,0.25552799999999876,0.25552799313347785,6.872484672361401e-09
4,PARKED_OPEN,2771.012104737464,2410.6683970928,360.34370778072093,VIPV50_Wp400,AUTUMN,50,400,130.0,360231.5736158703,313386.89162206405,46844.68201149372
5,DRIVING,0.2299375835555505,0.22969842152527087,0.0002391620504710611,VIPV50_Wp400,AUTUMN,50,400,130.0,29.891885862221564,29.860794798285212,0.031091066561237942
5,PARKED_OPEN,239.2188563916888,223.00330778751578,16.21554861342275,VIPV50_Wp400,AUTUMN,50,400,130.0,31098.451330919543,28990.43001237705,2108.0213197449575
6,DRIVING,8.217361281777645,8.19756920728045,0.01979207535913593,VIPV50_Wp400,AUTUMN,50,400,130.0,1068.256966631094,1065.6839969464586,2.5729697966876706
6,PARKED_OPEN,1038.584611987205,977.1670784079374,61.41753361933785,VIPV50_Wp400,AUTUMN,50,400,130.0,135015.99955833665,127031.72019303187,7984.279370513921
7,DRIVING,65.34244288466672,65.15013928713286,0.19230360583816497,VIPV50_Wp400,AUTUMN,50,400,130.0,8494.517575006674,8469.518107327272,24.999468758961445
7,PARKED_OPEN,2327.0984472817945,2188.2462437757426,138.85220358982997,VIPV50_Wp400,AUTUMN,50,400,130.0,302522.7981466333,284472.0116908465,18050.786466677895
8,DRIVING,64.33569060766685,64.1485783405556,0.1871122727800355,VIPV50_Wp400,AUTUMN,50,400,130.0,8363.63977899669,8339.315184272229,24.324595461404616
8,PARKED_OPEN,1337.9425601964917,1263.6253317868443,74.31722845298647,VIPV50_Wp400,AUTUMN,50,400,130.0,173932.53282554392,164271.29313228975,9661.239698888241
9,DRIVING,60.790157393666746,60.65419651743275,0.13596087967366205,VIPV50_Wp400,AUTUMN,50,400,130.0,7902.720461176677,7885.045547266258,17.674914357576068
9,PARKED_OPEN,658.7495544506183,633.7887655661103,24.96078890103862,VIPV50_Wp400,AUTUMN,50,400,130.0,85637.44207858038,82392.53952359434,3244.9025571350203
10,DRIVING,110.71095008933382,110.47784653332003,0.23310355821809808,VIPV50_Wp400,AUTUMN,50,400,130.0,14392.423511613397,14362.120049331605,30.30346256835275
10,PARKED_OPEN,759.6934516037192,728.7641752894999,30.92927632655922,VIPV50_Wp400,AUTUMN,50,400,130.0,98760.1487084835,94739.34278763499,4020.8059224526983
11,DRIVING,134.4789605241108,134.24999146426765,0.22896906051146998,VIPV50_Wp400,AUTUMN,50,400,130.0,17482.264868134404,17452.498890354796,29.7659778664911
11,PARKED_OPEN,764.1953505716779,739.0470146578092,25.148335927427254,VIPV50_Wp400,AUTUMN,50,400,130.0,99345.39557431813,96076.1119055152,3269.283670565543
12,DRIVING,136.89756184999942,136.70551897113745,0.19204287968565797,VIPV50_Wp400,AUTUMN,50,400,130.0,17796.683040499924,17771.71746624787,24.965574359135537
12,PARKED_OPEN,632.8280395345129,617.2192778442794,15.608761708213306,VIPV50_Wp400,AUTUMN,50,400,130.0,82267.64513948667,80238.50611975632,2029.1390220677297
13,DRIVING,98.71144288044373,98.61102953242991,0.10041335096274798,VIPV50_Wp400,AUTUMN,50,400,130.0,12832.487574457684,12819.433839215888,13.053735625157238
13,PARKED_OPEN,409.3484627251978,401.8493273379761,7.499135405907826,VIPV50_Wp400,AUTUMN,50,400,130.0,53215.30015427571,52240.41255393689,974.8876027680175
14,DRIVING,71.89997688199897,71.79658795855283,0.10338892597587061,VIPV50_Wp400,AUTUMN,50,400,130.0,9346.996994659865,9333.556434611868,13.44056037686318
14,PARKED_OPEN,215.98661852985822,213.24234221546993,2.7442763283201232,VIPV50_Wp400,AUTUMN,50,400,130.0,28078.260408881568,27721.50448801109,356.755922681616
15,DRIVING,43.08092067744403,43.02439530016537,0.056525378244695494,VIPV50_Wp400,AUTUMN,50,400,130.0,5600.519688067723,5593.171389021498,7.348299171810414
15,PARKED_OPEN,91.30409160611879,90.64090357998258,0.6631880403105319,VIPV50_Wp400,AUTUMN,50,400,130.0,11869.531908795443,11783.317465397735,86.21444524036914
16,DRIVING,15.581606411221896,15.560690582626796,0.02091583547115265,VIPV50_Wp400,AUTUMN,50,400,130.0,2025.6088334588464,2022.8897757414834,2.7190586112498445
16,PARKED_OPEN,24.93478201644192,24.867804621133146,0.06697740532836348,VIPV50_Wp400,AUTUMN,50,400,130.0,3241.5216621374493,3232.814600747309,8.707062692687252
17,DRIVING,0.9504537404444462,0.949474124376389,0.0009796164730838499,VIPV50_Wp400,AUTUMN,50,400,130.0,123.558986257778,123.43163616893057,0.1273501415009005
17,PARKED_OPEN,1.5311789500000228,1.529293581740307,0.001885368943973624,VIPV50_Wp400,AUTUMN,50,400,130.0,199.05326350000297,198.8081656262399,0.2450979627165711
6,DRIVING,0.31354251644444187,0.3135227640367892,1.9752407701485314e-05,VIPV50_Wp400,WINTER,50,400,128.57142857142856,40.31260925714252,40.31006966187289,0.0025395952759052543
6,PARKED_OPEN,1973.3456629199236,1750.4954607246511,222.85020230095196,VIPV50_Wp400,WINTER,50,400,128.57142857142856,253715.87094684728,225063.7020931694,28652.16886726525
7,DRIVING,9.591950975110935,9.574056900931247,0.01789407540485707,VIPV50_Wp400,WINTER,50,400,128.57142857142856,1233.25083965712,1230.9501729768745,2.3006668377673374
7,PARKED_OPEN,1271.2943699715436,1184.4326403226275,86.86172971922865,VIPV50_Wp400,WINTER,50,400,128.57142857142856,163452.13328205558,152284.19661290923,11167.93667818654
8,DRIVING,24.37838398833279,24.315963230345872,0.06242076326451499,VIPV50_Wp400,WINTER,50,400,128.57142857142856,3134.363655642787,3126.3381296158973,8.02552670543764
8,PARKED_OPEN,729.4615559609392,685.4313279284478,44.03022807050224,VIPV50_Wp400,WINTER,50,400,128.57142857142856,93787.91433783503,88126.88501937185,5661.029323350287
9,DRIVING,37.69606435999933,37.617290770409745,0.07877359222036914,VIPV50_Wp400,WINTER,50,400,128.57142857142856,4846.636846285628,4836.508813338395,10.12803328547603
9,PARKED_OPEN,394.77416008949683,374.76568272055914,20.008477382854423,VIPV50_Wp400,WINTER,50,400,128.57142857142856,50756.67772579244,48184.15920692903,2572.5185206527112
10,DRIVING,64.81234280266632,64.6822786920543,0.1300641108754137,VIPV50_Wp400,WINTER,50,400,128.57142857142856,8333.015503199955,8316.292974692695,16.722528541124618
10,PARKED_OPEN,446.78814711678655,429.4063978055291,17.381749324380074,VIPV50_Wp400,WINTER,50,400,128.57142857142856,57444.19034358684,55209.39400356802,2234.796341706009
11,DRIVING,81.88742009666646,81.7365218051355,0.15089829194565904,VIPV50_Wp400,WINTER,50,400,128.57142857142856,10528.382583857116,10508.981374945992,19.401208964441874
11,PARKED_OPEN,429.9446540987361,415.6459990943241,14.298655025266301,VIPV50_Wp400,WINTER,50,400,128.57142857142856,55278.59838412321,53440.19988355595,1838.398503248524
12,DRIVING,78.89674299188815,78.79011891857219,0.1066240780405046,VIPV50_Wp400,WINTER,50,400,128.57142857142856,10143.866956099902,10130.158146673566,13.70881003377916
12,PARKED_OPEN,356.0791034002103,346.6876053646532,9.391498060188276,VIPV50_Wp400,WINTER,50,400,128.57142857142856,45781.59900859846,44574.120689741125,1207.4783220242068
13,DRIVING,57.339801039332826,57.271266429736954,0.06853461367856843,VIPV50_Wp400,WINTER,50,400,128.57142857142856,7372.260133628505,7363.448540966179,8.811593187244512
13,PARKED_OPEN,214.86518865221603,211.66516988008058,3.200018788570458,VIPV50_Wp400,WINTER,50,400,128.57142857142856,27625.524255284916,27214.09327029607,411.43098710191595
14,DRIVING,40.95956142522238,40.90697429640522,0.05258712943969032,VIPV50_Wp400,WINTER,50,400,128.57142857142856,5266.2293261000195,5259.468123823527,6.761202356531612
14,PARKED_OPEN,97.46288355377806,96.71065828675287,0.752225278744794,VIPV50_Wp400,WINTER,50,400,128.57142857142856,12530.942171200035,12434.227494011082,96.7146786957592
15,DRIVING,17.00753589222183,16.983776461686265,0.023759436433043207,VIPV50_Wp400,WINTER,50,400,128.57142857142856,2186.683186142807,2183.628402216805,3.054784684248412
15,PARKED_OPEN,23.770079319999144,23.752924679940254,0.017154648245546567,VIPV50_Wp400,WINTER,50,400,128.57142857142856,3056.153055428461,3053.947458849461,2.2055976315702726
2,PARKED_OPEN,13270.619995545456,11637.873325446217,1632.746670236002,VIPV50_Wp700,SPRING,50,700,131.42857142857142,1744138.627985974,1529549.0656300741,214589.56237387453
3,DRIVING,0.006048498749999968,0.006048243824210432,2.5492869461974457e-07,VIPV50_Wp700,SPRING,50,700,131.42857142857142,0.7949455499999957,0.7949120454676567,3.350491415002357e-05
3,PARKED_OPEN,2.9121867098335565,2.912186709836142,6.165963342156152e-11,VIPV50_Wp700,SPRING,50,700,131.42857142857142,382.74453900669596,382.74453900703577,8.103837535405228e-09
4,DRIVING,0.29862956219443776,0.29798703716877695,0.0006425250314330803,VIPV50_Wp700,SPRING,50,700,131.42857142857142,39.24845674555468,39.16401059932497,0.0844461469883477
4,PARKED_OPEN,160.29458046293263,145.66058355669307,14.633996907704377,VIPV50_Wp700,SPRING,50,700,131.42857142857142,21067.28771798543,19143.96241030823,1923.325307869718
5,DRIVING,5.354052307527686,5.344720171805054,0.009332135892588224,VIPV50_Wp700,SPRING,50,700,131.42857142857142,703.6754461322101,702.4489368658071,1.2265092887401665
5,PARKED_OPEN,1024.7836576083496,926.8642413278059,97.91941628948389,VIPV50_Wp700,SPRING,50,700,131.42857142857142,134685.85214281164,121816.44314594018,12869.408998046452
6,DRIVING,77.32692056016644,77.12606279658172,0.20085776851673146,VIPV50_Wp700,SPRING,50,700,131.42857142857142,10162.966702193304,10136.568253265024,26.398449576484705
6,PARKED_OPEN,4569.590623949171,4254.9693009052735,314.62132307526247,VIPV50_Wp700,SPRING,50,700,131.42857142857142,600574.7677190338,559224.5366904073,41350.23103274878
7,DRIVING,370.8293154964982,369.9403210667557,0.8889944307114336,VIPV50_Wp700,SPRING,50,700,131.42857142857142,48737.567179539765,48620.72791163075,116.83926803635983
7,PARKED_OPEN,10071.210771422297,9422.446480063301,648.7642914232989,VIPV50_Wp700,SPRING,50,700,131.42857142857142,1323644.8442440731,1238378.680236891,85266.16401563356
8,DRIVING,291.7230466494179,290.9941230713449,0.728923578535565,VIPV50_Wp700,SPRING,50,700,131.42857142857142,38340.74327392349,38244.94188937676,95.80138460753139
8,PARKED_OPEN,5819.321362532409,5486.650934349483,332.6704282276424,VIPV50_Wp700,SPRING,50,700,131.42857142857142,764825.0933614023,721102.6942287891,43722.39913849014
9,DRIVING,272.6683014632511,272.1800221759735,0.4882792877434252,VIPV50_Wp700,SPRING,50,700,131.42857142857142,35836.405335170144,35772.23148598508,64.17384924627873
9,PARKED_OPEN,2898.0198493073312,2736.6877908962497,161.33205843628303,VIPV50_Wp700,SPRING,50,700,131.42857142857142,380882.60876610636,359678.96680350706,21203.641965911484
10,DRIVING,410.0582778736091,409.3389255574771,0.7193523189631446,VIPV50_Wp700,SPRING,50,700,131.42857142857142,53893.373663388615,53798.83021612556,94.54344763515613
10,PARKED_OPEN,3048.528143682383,2911.761520260245,136.76662345218676,VIPV50_Wp700,SPRING,50,700,131.42857142857142,400663.69888397027,382688.6569484893,17975.04193943026
11,DRIVING,515.326442819419,514.4394800782554,0.8869627443205544,VIPV50_Wp700,SPRING,50,700,131.42857142857142,67728.61819912362,67612.04595314214,116.57224639641572
11,PARKED_OPEN,3286.728964870053,3161.8521361870635,124.87682872527724,VIPV50_Wp700,SPRING,50,700,131.42857142857142,431970.09252577834,415557.7093274426,16412.38320389358
12,DRIVING,521.5453793672528,520.8471948779439,0.698184496463442,VIPV50_Wp700,SPRING,50,700,131.42857142857142,68545.96414541037,68454.20275538691,91.76139096376666
12,PARKED_OPEN,3003.5160683889635,2903.97628404408,99.53978438260327,VIPV50_Wp700,SPRING,50,700,131.42857142857142,394747.8261311209,381665.45447436476,13082.371661713572
13,DRIVING,423.1149193675802,422.6972876081991,0.4176317618987924,VIPV50_Wp700,SPRING,50,700,131.42857142857142,55609.38940259625,55554.50065707759,54.88874584955557
13,PARKED_OPEN,2225.666456515784,2159.2538783508726,66.41257819850281,VIPV50_Wp700,SPRING,50,700,131.42857142857142,292516.16285636014,283787.6525832575,8728.510277517513
14,DRIVING,374.4386938790538,373.94654900071725,0.4921448817664712,VIPV50_Wp700,SPRING,50,700,131.42857142857142,49211.94262410421,49147.26072580855,64.6818987464505
14,PARKED_OPEN,1449.9949418447031,1419.9071812986665,30.08776058221007,VIPV50_Wp700,SPRING,50,700,131.42857142857142,190570.76378530383,186616.3723992533,3954.3913908047516
15,DRIVING,321.52248617260767,321.12812473836084,0.3943614355256068,VIPV50_Wp700,SPRING,50,700,131.42857142857142,42257.241039828434,42205.41067989885,51.83036009765118
15,PARKED_OPEN,843.0622512921365,834.5102717904335,8.551979544496424,VIPV50_Wp700,SPRING,50,700,131.42857142857142,110802.46731268078,109678.49286388553,1123.9744544195298
16,DRIVING,168.70487790333124,168.45737579507787,0.247502118423661,VIPV50_Wp700,SPRING,50,700,131.42857142857142,22172.641095866387,22140.11224735309,32.52884984996687
16,PARKED_OPEN,360.3278144375378,357.8403409692633,2.4874735151996186,VIPV50_Wp700,SPRING,50,700,131.42857142857142,47357.36989750497,47030.444813103175,326.9250905690927
17,DRIVING,38.13992433630544,38.09867474814463,0.04124959626187971,VIPV50_Wp700,SPRING,50,700,131.42857142857142,5012.675769914429,5007.254395470437,5.42137550870419
17,PARKED_OPEN,75.44006993833061,75.1591824915187,0.28088747089667304,VIPV50_Wp700,SPRING,50,700,131.42857142857142,9914.980620466307,9878.063984599601,36.91663903213417
18,DRIVING,4.478939653027646,4.4741625033595005,0.004777153664265687,VIPV50_Wp700,SPRING,50,700,131.42857142857142,588.6606401122048,588.03278615582,0.6278544815892045
18,PARKED_OPEN,8.084797510223213,8.079331747485893,0.005465769510097705,VIPV50_Wp700,SPRING,50,700,131.42857142857142,1062.573387057908,1061.8550296695744,0.718358278469984
19,DRIVING,0.02630884569444428,0.02628592340899731,2.2922285872513794e-05,VIPV50_Wp700,SPRING,50,700,131.42857142857142,3.4577340055555337,3.4547213623253605,0.0030126432861018126
19,PARKED_OPEN,0.044967405583335354,0.04493120937455141,3.619620879593482e-05,VIPV50_Wp700,SPRING,50,700,131.42857142857142,5.910001876666931,5.9052446606553275,0.004757216013180004
2,PARKED_OPEN,12326.795103718174,10809.263015879043,1517.5320881316575,VIPV50_Wp700,SUMMER,50,700,131.42857142857142,1620093.0707743885,1420645.9963726741,199447.07444016068
3,DRIVING,0.013722613333333107,0.013720383845103937,2.229501113176361e-06,VIPV50_Wp700,SUMMER,50,700,131.42857142857142,1.8035434666666368,1.8032504482136602,0.00029302014630317884
3,PARKED_OPEN,5.322757502997856,5.32275750295202,1.708985486459369e-10,VIPV50_Wp700,SUMMER,50,700,131.42857142857142,699.5624146797181,699.562414673694,2.2460952107751706e-08
4,DRIVING,0.5913089101111039,0.5901721055730759,0.0011368047283976251,VIPV50_Wp700,SUMMER,50,700,131.42857142857142,77.71488532888793,77.56547673246139,0.14940862144654501
4,PARKED_OPEN,151.88516809043296,145.99747815375815,5.887689938717885,VIPV50_Wp700,SUMMER,50,700,131.42857142857142,19962.050663314043,19188.239985922497,773.8106776600648
5,DRIVING,8.11256256319441,8.096101044577232,0.016461518852293865,VIPV50_Wp700,SUMMER,50,700,131.42857142857142,1066.222508305551,1064.0589944301503,2.163513906301479
5,PARKED_OPEN,955.2879502824312,880.4913123817098,74.79663791123492,VIPV50_Wp700,SUMMER,50,700,131.42857142857142,125552.13060854809,115721.71534159614,9830.415268333732
6,DRIVING,85.1081290766385,84.88021799136915,0.2279110898560587,VIPV50_Wp700,SUMMER,50,700,131.42857142857142,11185.63982150106,11155.685793151373,29.95402895251057
6,PARKED_OPEN,3996.7162848125695,3737.7236034223965,258.99268142808,VIPV50_Wp700,SUMMER,50,700,131.42857142857142,525282.7117182234,491243.6735926578,34039.038130547655
7,DRIVING,345.14951425052726,344.2965220183538,0.8529922334786673,VIPV50_Wp700,SUMMER,50,700,131.42857142857142,45362.50758721215,45250.40003669792,112.10755068576769
7,PARKED_OPEN,8824.047057198919,8231.389331615477,592.6577256599443,VIPV50_Wp700,SUMMER,50,700,131.42857142857142,1159731.8989461435,1081839.7407266055,77892.15822959266
8,DRIVING,264.2115787925845,263.5851118355098,0.6264669580081182,VIPV50_Wp700,SUMMER,50,700,131.42857142857142,34724.95035559681,34642.61469838129,82.33565733820981
8,PARKED_OPEN,5067.962954606811,4792.766169034727,275.19678562282473,VIPV50_Wp700,SUMMER,50,700,131.42857142857142,666075.1311768951,629906.4107874212,36168.72039614268
9,DRIVING,225.73370223327504,225.34880301374537,0.3848992243921735,VIPV50_Wp700,SUMMER,50,700,131.42857142857142,29667.85800780186,29617.271253235103,50.58675520582851
9,PARKED_OPEN,2508.409082420775,2383.585838370993,124.82324407491005,VIPV50_Wp700,SUMMER,50,700,131.42857142857142,329676.6222610161,313271.2816144733,16405.34064984532
10,DRIVING,345.5043084435793,344.83388523034375,0.6704232136742991,VIPV50_Wp700,SUMMER,50,700,131.42857142857142,45409.137681156135,45321.02491598803,88.11276522576502
10,PARKED_OPEN,2712.624209773545,2581.711331171647,130.9128786240965,VIPV50_Wp700,SUMMER,50,700,131.42857142857142,356516.32471309445,339310.632096845,17205.692619166966
11,DRIVING,423.06342823694644,422.3787774929339,0.6846507448392666,VIPV50_Wp700,SUMMER,50,700,131.42857142857142,55602.621996855814,55512.63932764274,89.98266932173217
11,PARKED_OPEN,2815.1334426306703,2706.6683682162598,108.46507444889838,VIPV50_Wp700,SUMMER,50,700,131.42857142857142,369988.9667457452,355733.55696556554,14255.409784712358
12,DRIVING,434.733873537246,434.20515614654346,0.5287173973463097,VIPV50_Wp700,SUMMER,50,700,131.42857142857142,57136.451950609466,57066.96337925999,69.48857222265785
12,PARKED_OPEN,2715.1723506090675,2614.188391591711,100.98395905566336,VIPV50_Wp700,SUMMER,50,700,131.42857142857142,356851.223222906,343579.04575205344,13272.177475887183
13,DRIVING,373.65355401946925,373.29097710419626,0.36257691902826683,VIPV50_Wp700,SUMMER,50,700,131.42857142857142,49108.75281398738,49061.09984798008,47.65296650085792
13,PARKED_OPEN,2134.575369640066,2072.7136220729503,61.86174759957163,VIPV50_Wp700,SUMMER,50,700,131.42857142857142,280544.1914384087,272413.7903295877,8130.4011130865565
14,DRIVING,343.98271261005556,343.59107280403686,0.3916398089509727,VIPV50_Wp700,SUMMER,50,700,131.42857142857142,45209.15651446444,45157.68385424484,51.47266060498498
14,PARKED_OPEN,1540.7914107584604,1504.8223725616353,35.96903822880114,VIPV50_Wp700,SUMMER,50,700,131.42857142857142,202504.01398539764,197776.6546795292,4727.359310071007
15,DRIVING,326.5654877523886,326.14125122094697,0.4242365357650161,VIPV50_Wp700,SUMMER,50,700,131.42857142857142,42920.03553317107,42864.27873189588,55.75680184340211
15,PARKED_OPEN,1065.7698645804423,1049.0245944134535,16.74527020018305,VIPV50_Wp700,SUMMER,50,700,131.42857142857142,140072.61077342957,137871.80383719673,2200.8069405954866
16,DRIVING,215.8557432184979,215.54762014709797,0.30812307482932283,VIPV50_Wp700,SUMMER,50,700,131.42857142857142,28369.611965859724,28329.115790761447,40.49617554899671
16,PARKED_OPEN,562.4665688771905,556.4224713186605,6.044097592998212,VIPV50_Wp700,SUMMER,50,700,131.42857142857142,73924.17762385932,73129.8105161668,794.367112222622
17,DRIVING,79.82679508338947,79.73779129369005,0.08900379499827517,VIPV50_Wp700,SUMMER,50,700,131.42857142857142,10491.521639531187,10479.823998599262,11.697641628344735
17,PARKED_OPEN,181.20370786002488,180.23008216280093,0.9736257212605822,VIPV50_Wp700,SUMMER,50,700,131.42857142857142,23815.34446160327,23687.38222711098,127.9622376513908
18,DRIVING,13.723162404777431,13.709482471259989,0.013679934198751529,VIPV50_Wp700,SUMMER,50,700,131.42857142857142,1803.6156303421765,1801.8176962227412,1.7979342089787722
18,PARKED_OPEN,30.01130099644246,29.88866757092438,0.12263343969615217,VIPV50_Wp700,SUMMER,50,700,131.42857142857142,3944.3424166752948,3928.224880750061,16.11753778863714
19,DRIVING,1.4777416873333347,1.4766371858828287,0.0011045049701088705,VIPV50_Wp700,SUMMER,50,700,131.42857142857142,194.21747890666683,194.07231585888604,0.14516351035716582
19,PARKED_OPEN,2.4883276895555433,2.4863263038021683,0.002001391345226388,VIPV50_Wp700,SUMMER,50,700,131.42857142857142,327.0373534844428,326.7743142139992,0.263040005372611
4,DRIVING,0.0034398000000000232,0.003439800024032593,0.0,VIPV50_Wp700,AUTUMN,50,700,130.0,0.447174000000003,0.4471740031242371,0.0
4,PARKED_OPEN,4910.822464307265,4242.260438542775,668.5620259601131,VIPV50_Wp700,AUTUMN,50,700,130.0,638406.9203599445,551493.8570105607,86913.06337481471
5,DRIVING,0.4023913778888862,0.4020419384877625,0.0003494401336227649,VIPV50_Wp700,AUTUMN,50,700,130.0,52.3108791255552,52.26545200340912,0.045427217370959436
5,PARKED_OPEN,417.064014483854,391.6543003369906,25.409714158258872,VIPV50_Wp700,AUTUMN,50,700,130.0,54218.32188290102,50915.05904380878,3303.262840573653
6,DRIVING,14.361361791777625,14.328725366061168,0.03263642859366713,VIPV50_Wp700,AUTUMN,50,700,130.0,1866.9770329310913,1862.7342975879517,4.2427357171767275
6,PARKED_OPEN,1855.8389062681151,1759.0449481056853,96.79395820871339,VIPV50_Wp700,AUTUMN,50,700,130.0,241259.05781485495,228675.8432537391,12583.214567132742
7,DRIVING,114.33998409399948,114.03138590364998,0.3085981985036927,VIPV50_Wp700,AUTUMN,50,700,130.0,14864.197932219931,14824.080167474496,40.11776580548005
7,PARKED_OPEN,4062.765464685373,3833.0163810988247,229.74908367942334,VIPV50_Wp700,AUTUMN,50,700,130.0,528159.5104090985,498292.1295428472,29867.380878325035
8,DRIVING,112.60105129583344,112.26359791138414,0.3374533851202064,VIPV50_Wp700,AUTUMN,50,700,130.0,14638.136668458348,14594.267728479937,43.86894006562683
8,PARKED_OPEN,2370.950027788441,2244.1984923689806,126.75153547505855,VIPV50_Wp700,AUTUMN,50,700,130.0,308223.5036124973,291745.80400796747,16477.699611757613
9,DRIVING,106.38546914741706,106.17797542238881,0.20749372778297848,VIPV50_Wp700,AUTUMN,50,700,130.0,13830.110989164217,13803.136804910546,26.9741846117872
9,PARKED_OPEN,1241.955592898435,1179.843010883888,62.112582042888626,VIPV50_Wp700,AUTUMN,50,700,130.0,161454.22707679655,153379.59141490544,8074.635665575522
10,DRIVING,193.74751239900078,193.34093232857128,0.4065800730024252,VIPV50_Wp700,AUTUMN,50,700,130.0,25187.1766118701,25134.321202714265,52.855409490315274
10,PARKED_OPEN,1356.6668761324313,1298.5513983465921,58.115477818733886,VIPV50_Wp700,AUTUMN,50,700,130.0,176366.69389721606,168811.68178505698,7555.012116435405
11,DRIVING,235.38335508955637,234.9433894638884,0.43996563180510856,VIPV50_Wp700,AUTUMN,50,700,130.0,30599.836161642328,30542.64063030549,57.19553213466411
11,PARKED_OPEN,1349.3244294711992,1310.109622605634,39.214806900840784,VIPV50_Wp700,AUTUMN,50,700,130.0,175412.1758312559,170314.25093873244,5097.924897109302
12,DRIVING,239.51635969041368,239.2023683620319,0.31399132977419825,VIPV50_Wp700,AUTUMN,50,700,130.0,31137.126759753777,31096.307887064148,40.81887287064577
12,PARKED_OPEN,1113.020937483104,1084.9460283194123,28.0749091974877,VIPV50_Wp700,AUTUMN,50,700,130.0,144692.72187280352,141042.9836815236,3649.7381956734007
13,DRIVING,172.75007961458374,172.55248863682806,0.1975909839687163,VIPV50_Wp700,AUTUMN,50,700,130.0,22457.510349895885,22431.823522787647,25.68682791593312
13,PARKED_OPEN,707.6575717156802,693.1593833411102,14.498188409828606,VIPV50_Wp700,AUTUMN,50,700,130.0,91995.48432303843,90110.71983434433,1884.7644932777187
14,DRIVING,125.82218507055438,125.64977714846702,0.1724079255311479,VIPV50_Wp700,AUTUMN,50,700,130.0,16356.88405917207,16334.471029300714,22.413030319049227
14,PARKED_OPEN,377.71305302851647,373.1981017379681,4.514951319868895,VIPV50_Wp700,AUTUMN,50,700,130.0,49102.69689370714,48515.753225935856,586.9436715829563
15,DRIVING,75.38728095363805,75.29117103530314,0.09610992253706364,VIPV50_Wp700,AUTUMN,50,700,130.0,9800.346523972947,9787.852234589407,12.494289929818274
15,PARKED_OPEN,160.97114022811934,159.88424568955313,1.0868945691632736,VIPV50_Wp700,AUTUMN,50,700,130.0,20926.248229655514,20784.951939641905,141.29629399122558
16,DRIVING,27.27363808497188,27.236780128415035,0.036857964071486685,VIPV50_Wp700,AUTUMN,50,700,130.0,3545.5729510463443,3540.7814166939543,4.791535329293269
16,PARKED_OPEN,43.45229947683182,43.34859223216292,0.10370727072664361,VIPV50_Wp700,AUTUMN,50,700,130.0,5648.798931988136,5635.31699018118,13.48194519446367
17,DRIVING,1.6630646931111068,1.6613374259885578,0.001727274225703794,VIPV50_Wp700,AUTUMN,50,700,130.0,216.1984101044439,215.97386537851253,0.2245456493414932
17,PARKED_OPEN,2.6858943327221843,2.684007362883212,0.0018869805179587103,VIPV50_Wp700,AUTUMN,50,700,130.0,349.1662632538839,348.9209571748176,0.24530746733463235
6,DRIVING,0.5508437759999881,0.5508181708777466,2.5605129652015276e-05,VIPV50_Wp700,WINTER,50,700,128.57142857142856,70.82277119999847,70.81947911285313,0.0032920880981162494
6,PARKED_OPEN,3419.7757346133308,3056.4637616368254,363.311973062272,VIPV50_Wp700,WINTER,50,700,128.57142857142856,439685.45159314247,392973.91221044894,46711.539393720675
7,DRIVING,16.776584850666467,16.74672009695287,0.02986475472702545,VIPV50_Wp700,WINTER,50,700,128.57142857142856,2156.989480799974,2153.149726751083,3.839754179188986
7,PARKED_OPEN,2201.0483554269827,2058.4458419233074,142.60251356453188,VIPV50_Wp700,WINTER,50,700,128.57142857142856,282991.9314120406,264657.32253299665,18334.60888686838
8,DRIVING,42.76317673074999,42.651936768733776,0.11123996566858356,VIPV50_Wp700,WINTER,50,700,128.57142857142856,5498.122722524998,5483.820441694342,14.302281300246456
8,PARKED_OPEN,1303.3391697957877,1230.9766275402528,72.36254228871489,VIPV50_Wp700,WINTER,50,700,128.57142857142856,167572.1789737441,158268.42354088963,9303.755437120484
9,DRIVING,65.91930247466688,65.78109541954333,0.1382070556510164,VIPV50_Wp700,WINTER,50,700,128.57142857142856,8475.338889600027,8457.569411084141,17.769478583702107
9,PARKED_OPEN,692.1490787342568,664.3651571732959,27.78392157340083,VIPV50_Wp700,WINTER,50,700,128.57142857142856,88990.59583726159,85418.37735085232,3572.2184880086775
10,DRIVING,113.39728104950065,113.14817777300541,0.24910327658330242,VIPV50_Wp700,WINTER,50,700,128.57142857142856,14579.650420650081,14547.622856529266,32.02756413213888
10,PARKED_OPEN,776.150842035589,745.088539942698,31.06230211021328,VIPV50_Wp700,WINTER,50,700,128.57142857142856,99790.82254743286,95797.0979926326,3993.7245570274213
11,DRIVING,143.38944887341756,143.13584512700902,0.2536037471622887,VIPV50_Wp700,WINTER,50,700,128.57142857142856,18435.786283725112,18403.1800877583,32.60619606372283
11,PARKED_OPEN,751.4627867842836,727.5655561626742,23.89723064998134,VIPV50_Wp700,WINTER,50,700,128.57142857142856,96616.64401512216,93544.14293520096,3072.5010835690287
12,DRIVING,137.98585748694353,137.79708477589756,0.18877271841950233,VIPV50_Wp700,WINTER,50,700,128.57142857142856,17741.03881974988,17716.768042615397,24.27077808250744
12,PARKED_OPEN,629.5363830166575,613.7889833528556,15.747399693910186,VIPV50_Wp700,WINTER,50,700,128.57142857142856,80940.39210214168,78915.72643108142,2024.6656749313095
13,DRIVING,100.3382233005824,100.22849005618836,0.10973324717313149,VIPV50_Wp700,WINTER,50,700,128.57142857142856,12900.628710074878,12886.52015008136,14.108560350831189
13,PARKED_OPEN,372.1326312040454,366.2759964327505,5.8566347929519385,VIPV50_Wp700,WINTER,50,700,128.57142857142856,47845.62401194869,47092.6281127822,752.9959019509635
14,DRIVING,71.67153483641638,71.57264339628176,0.0988914478979596,VIPV50_Wp700,WINTER,50,700,128.57142857142856,9214.911621824962,9202.197008093368,12.714614729737661
14,PARKED_OPEN,171.42898995600166,170.34738952201192,1.0816004465283142,VIPV50_Wp700,WINTER,50,700,128.57142857142856,22040.87013720021,21901.80722425867,139.06291455364038
15,DRIVING,29.76648516916604,29.72371419558317,0.04277097363050543,VIPV50_Wp700,WINTER,50,700,128.57142857142856,3827.119521749919,3821.6203965749787,5.499125181064983
15,PARKED_OPEN,41.20390532805666,41.16295012530303,0.04095520277740439,VIPV50_Wp700,WINTER,50,700,128.57142857142856,5297.6449707501415,5292.379301824674,5.265668928523421
2,PARKED_OPEN,19066.67323910691,16628.741121836854,2437.9321176371454,VIPV50_Wp1000,SPRING,50,1000,131.42857142857142,2505905.6257111933,2185491.6902985577,320413.93546088197
3,DRIVING,0.0086407124999993,0.00864044416204048,2.6834706028284e-07,VIPV50_Wp1000,SPRING,50,1000,131.42857142857142,1.135636499999908,1.1356012327253202,3.526847078003039e-05
3,PARKED_OPEN,16.64106691333218,16.641066913224854,3.5095177897126456e-10,VIPV50_Wp1000,SPRING,50,1000,131.42857142857142,2187.1116514665146,2187.111651452409,4.612509095050905e-08
4,DRIVING,0.4266136602777697,0.42575972633527537,0.0008539340986938119,VIPV50_Wp1000,SPRING,50,1000,131.42857142857142,56.069223922221155,55.95699260406476,0.11223133868547241
4,PARKED_OPEN,231.58864161270589,215.95434680395775,15.634294811318902,VIPV50_Wp1000,SPRING,50,1000,131.42857142857142,30437.364326241342,28382.571294234443,2054.79303234477
5,DRIVING,7.648579252222202,7.634548207045984,0.014031046431447595,VIPV50_Wp1000,SPRING,50,1000,131.42857142857142,1005.241844577775,1003.3977643546149,1.8440803881331123
5,PARKED_OPEN,1467.4934379836775,1324.0247076623973,143.4687303331919,VIPV50_Wp1000,SPRING,50,1000,131.42857142857142,192870.56613499759,174014.67586420078,18855.89027236236
6,DRIVING,110.60857248138832,110.3479061945515,0.2606662892228333,VIPV50_Wp1000,SPRING,50,1000,131.42857142857142,14537.126668982464,14502.86767128391,34.2589980121438
6,PARKED_OPEN,6655.573380362717,6101.863429843446,553.7099505656013,VIPV50_Wp1000,SPRING,50,1000,131.42857142857142,874732.5014190999,801959.1936365671,72773.30778862188
7,DRIVING,529.6205725225024,528.4106134093289,1.2099591256652575,VIPV50_Wp1000,SPRING,50,1000,131.42857142857142,69607.27524581458,69448.25204808322,159.02319937314812
7,PARKED_OPEN,14451.740569528429,13350.637302853676,1101.1032667626798,VIPV50_Wp1000,SPRING,50,1000,131.42857142857142,1899371.6177094504,1754655.1883750544,144716.4293459522
8,DRIVING,416.855770439171,415.8730497919523,0.982720648723355,VIPV50_Wp1000,SPRING,50,1000,131.42857142857142,54786.75840057676,54657.60082979944,129.1575709750695
8,PARKED_OPEN,8255.427513316683,7708.496371200967,546.9311421587539,VIPV50_Wp1000,SPRING,50,1000,131.42857142857142,1084999.0446073355,1013116.6659292699,71882.37868372194
9,DRIVING,389.41715221500414,388.7109925763466,0.7061596390332316,VIPV50_Wp1000,SPRING,50,1000,131.42857142857142,51180.54000540054,51087.730452891265,92.8095525586533
9,PARKED_OPEN,4121.14855883362,3889.484340461248,231.66421839298744,VIPV50_Wp1000,SPRING,50,1000,131.42857142857142,541636.6677324186,511189.3704606211,30447.297274506916
10,DRIVING,585.7927414944525,584.7096762559443,1.083065239403672,VIPV50_Wp1000,SPRING,50,1000,131.42857142857142,76989.90316784232,76847.55745078124,142.3457171787683
10,PARKED_OPEN,4447.237215639947,4179.247950264398,267.9892654038628,VIPV50_Wp1000,SPRING,50,1000,131.42857142857142,584494.0340555358,549272.5877490351,35221.44631022197
11,DRIVING,736.3134403666709,735.064964516097,1.2484758574726937,VIPV50_Wp1000,SPRING,50,1000,131.42857142857142,96772.62359104816,96608.53819354417,164.08539841069688
11,PARKED_OPEN,4638.943611536365,4402.415861556016,236.52775001365504,VIPV50_Wp1000,SPRING,50,1000,131.42857142857142,609689.7318019222,578603.2275187906,31086.504287508946
12,DRIVING,744.9418812075025,743.909871219487,1.0320099889660037,VIPV50_Wp1000,SPRING,50,1000,131.42857142857142,97906.6472444146,97771.01164598971,135.63559854981762
12,PARKED_OPEN,4117.606921220536,3945.5182905343195,172.08863071761297,VIPV50_Wp1000,SPRING,50,1000,131.42857142857142,541171.1953604132,518553.8324702248,22617.362894314847
13,DRIVING,604.4675992261161,603.8149688917381,0.6526303402558228,VIPV50_Wp1000,SPRING,50,1000,131.42857142857142,79444.31304114668,79358.53876862842,85.77427329076527
13,PARKED_OPEN,3088.9652937366855,2997.387283260777,91.57801050674672,VIPV50_Wp1000,SPRING,50,1000,131.42857142857142,405978.29574825004,393942.32865713065,12035.967095172426
14,DRIVING,534.7877672638834,533.9940337013244,0.7937335636266617,VIPV50_Wp1000,SPRING,50,1000,131.42857142857142,70286.39226896754,70182.07300074548,104.31926836236124
14,PARKED_OPEN,2076.884586833414,2028.3913702807379,48.49321658151877,VIPV50_Wp1000,SPRING,50,1000,131.42857142857142,272961.97426953434,266588.5800940398,6373.394179285324
15,DRIVING,459.45611067694097,458.7133607600453,0.7427499269513617,VIPV50_Wp1000,SPRING,50,1000,131.42857142857142,60385.66026039795,60288.04169989166,97.61856182789323
15,PARKED_OPEN,1218.480308195154,1201.7284886570167,16.751819565698028,VIPV50_Wp1000,SPRING,50,1000,131.42857142857142,160143.12621993452,157941.45850920788,2201.6677143488837
16,DRIVING,240.94925229083185,240.5736027298063,0.3756495617763794,VIPV50_Wp1000,SPRING,50,1000,131.42857142857142,31667.616015366468,31618.244930203113,49.371085262038434
16,PARKED_OPEN,516.2259543402467,512.9128943469195,3.313060012090587,VIPV50_Wp1000,SPRING,50,1000,131.42857142857142,67846.83971328956,67411.40897130941,435.4307444461914
17,DRIVING,54.491109277777234,54.42318703651855,0.06792224672964314,VIPV50_Wp1000,SPRING,50,1000,131.42857142857142,7161.688647936436,7152.76172479958,8.926923855895955
17,PARKED_OPEN,108.6793364105533,108.33593210425795,0.343404320700976,VIPV50_Wp1000,SPRING,50,1000,131.42857142857142,14283.569928244147,14238.43679084533,45.13313929212827
18,DRIVING,6.39995297333314,6.392772190188481,0.007180784570878114,VIPV50_Wp1000,SPRING,50,1000,131.42857142857142,841.1366764952127,840.1929164247717,0.9437602578868377
18,PARKED_OPEN,11.750866549167148,11.739688846246223,0.011177706197388539,VIPV50_Wp1000,SPRING,50,1000,131.42857142857142,1544.399603604825,1542.9305340780747,1.4690699573710648
19,DRIVING,0.0375789191666664,0.03754589155456571,3.302775088265425e-05,VIPV50_Wp1000,SPRING,50,1000,131.42857142857142,4.938943661904726,4.934602890028636,0.004340790116005987
19,PARKED_OPEN,0.0635173186111093,0.06349043483828747,2.6884023934468714e-05,VIPV50_Wp1000,SPRING,50,1000,131.42857142857142,8.347990446031508,8.344457150174923,0.003533328859958745
2,PARKED_OPEN,17383.906864978442,15326.472411910425,2057.4344534454913,VIPV50_Wp1000,SUMMER,50,1000,131.42857142857142,2284742.045111452,2014336.3741367985,270405.67102426453
3,DRIVING,0.0196037333333331,0.01960054832870698,3.1850137269507238e-06,VIPV50_Wp1000,SUMMER,50,1000,131.42857142857142,2.5764906666666354,2.5760720660586314,0.00041860180411352365
3,PARKED_OPEN,11.405908934998918,9.693611171697933,1.712297763439812,VIPV50_Wp1000,SUMMER,50,1000,131.42857142857142,1499.0623171712862,1274.0174682802997,225.0448489092324
4,DRIVING,0.8447270144444283,0.8431178388279249,0.001609175754415308,VIPV50_Wp1000,SUMMER,50,1000,131.42857142857142,111.02126475555343,110.80977310309869,0.2114916705802976
4,PARKED_OPEN,168.02577861084526,146.93333819062866,21.092440422150805,VIPV50_Wp1000,SUMMER,50,1000,131.42857142857142,22083.388045996806,19311.23873362548,2772.149312625534
5,DRIVING,11.580617710555416,11.555294738438391,0.025322973382762893,VIPV50_Wp1000,SUMMER,50,1000,131.42857142857142,1522.0240419587117,1518.6958799090455,3.3281622160202655
5,PARKED_OPEN,1392.841306518798,1281.4627515272218,111.37855500320062,VIPV50_Wp1000,SUMMER,50,1000,131.42857142857142,183059.1431424706,168420.81877214913,14638.324371849223
6,DRIVING,121.69168108444504,121.40159913655025,0.29008195298356154,VIPV50_Wp1000,SUMMER,50,1000,131.42857142857142,15993.763799669918,15955.638743660887,38.12505667783952
6,PARKED_OPEN,5578.913569722695,5107.224452523452,471.68911723607977,VIPV50_Wp1000,SUMMER,50,1000,131.42857142857142,733228.6405921255,671235.213760225,61993.426836741906
7,DRIVING,492.94643851083526,491.8308352477172,1.1156032673289822,VIPV50_Wp1000,SUMMER,50,1000,131.42857142857142,64787.2462042812,64640.62406112854,146.6221437060948
7,PARKED_OPEN,12358.855764959464,11492.44783827285,866.4079267608165,VIPV50_Wp1000,SUMMER,50,1000,131.42857142857142,1624306.7576803865,1510436.0016015745,113870.75608856445
8,DRIVING,377.2995437280548,376.44753603103555,0.8520076991278304,VIPV50_Wp1000,SUMMER,50,1000,131.42857142857142,49587.940032830054,49475.961878364666,111.97815474251483
8,PARKED_OPEN,7080.036559887696,6620.838340066864,459.19821986481793,VIPV50_Wp1000,SUMMER,50,1000,131.42857142857142,930519.0907280971,870167.3246945019,60351.76603937607
9,DRIVING,322.62935149444803,322.0324263606127,0.5969251343097132,VIPV50_Wp1000,SUMMER,50,1000,131.42857142857142,42402.71476784174,42324.26175025195,78.45301765213372
9,PARKED_OPEN,3665.130758974304,3441.0968473675844,224.03391163351984,VIPV50_Wp1000,SUMMER,50,1000,131.42857142857142,481702.8997509085,452258.4427968825,29444.45695754832
10,DRIVING,493.6066065116704,492.6821891730502,0.92441734393927,VIPV50_Wp1000,SUMMER,50,1000,131.42857142857142,64874.01114153382,64752.51629131516,121.49485091773262
10,PARKED_OPEN,3844.0375898512452,3621.4839052606335,222.55368462016366,VIPV50_Wp1000,SUMMER,50,1000,131.42857142857142,505216.36895187787,475966.4561199689,29249.912835792937
11,DRIVING,604.3115770597208,603.4348983896422,0.8766786727400462,VIPV50_Wp1000,SUMMER,50,1000,131.42857142857142,79423.80727070615,79308.58664549582,115.22062556012034
11,PARKED_OPEN,4213.7680697785445,4021.601420045442,192.16664976436363,VIPV50_Wp1000,SUMMER,50,1000,131.42857142857142,553809.517742323,528553.3294916867,25256.18825474493
12,DRIVING,621.1971323519437,620.3329370573827,0.8641952947983574,VIPV50_Wp1000,SUMMER,50,1000,131.42857142857142,81643.05168054116,81529.4717275417,113.57995303064125
12,PARKED_OPEN,3889.461695374906,3733.3490629053103,156.11263250372224,VIPV50_Wp1000,SUMMER,50,1000,131.42857142857142,511186.3942492733,490668.7339818407,20517.66027191778
13,DRIVING,533.6910380538876,533.1196104939539,0.5714275620480116,VIPV50_Wp1000,SUMMER,50,1000,131.42857142857142,70142.25071565379,70067.1488077768,75.10190815488151
13,PARKED_OPEN,3094.013365273915,2987.281978818673,106.73138650217628,VIPV50_Wp1000,SUMMER,50,1000,131.42857142857142,406641.75657885737,392614.2029304541,14027.553654571739
14,DRIVING,491.3868406005519,490.8129600625611,0.5738805441949609,VIPV50_Wp1000,SUMMER,50,1000,131.42857142857142,64582.27047892968,64506.846179650885,75.42430009419486
14,PARKED_OPEN,2214.6714051085933,2155.637131480184,59.034273677540796,VIPV50_Wp1000,SUMMER,50,1000,131.42857142857142,291071.09895712935,283312.30870882416,7758.7902547625035
15,DRIVING,466.6223820477767,466.0379563201981,0.5844257359150418,VIPV50_Wp1000,SUMMER,50,1000,131.42857142857142,61327.51306913636,61250.7028306546,76.81023957740548
15,PARKED_OPEN,1480.130732109527,1456.3353235470352,23.79540860561513,VIPV50_Wp1000,SUMMER,50,1000,131.42857142857142,194531.46764868067,191404.07109475316,3127.396559595131
16,DRIVING,308.27587409944437,307.85328844263694,0.4225856574937062,VIPV50_Wp1000,SUMMER,50,1000,131.42857142857142,40516.257738784116,40460.71790960371,55.53982927060138
16,PARKED_OPEN,804.4350467842737,797.2609065890347,7.174140240788558,VIPV50_Wp1000,SUMMER,50,1000,131.42857142857142,105725.7490059331,104782.86200884455,942.8870030750676
17,DRIVING,114.03094506111128,113.89620889126836,0.13473617574753682,VIPV50_Wp1000,SUMMER,50,1000,131.42857142857142,14986.924208031767,14969.216025709555,17.708183098247694
17,PARKED_OPEN,254.17951688664738,252.42851113035897,1.7510057940989356,VIPV50_Wp1000,SUMMER,50,1000,131.42857142857142,33406.45079081651,33176.31860570432,230.13219008157438
18,DRIVING,19.60335408888866,19.584654250454072,0.018699843010406857,VIPV50_Wp1000,SUMMER,50,1000,131.42857142857142,2576.440823111081,2573.983130059678,2.4576936527963293
18,PARKED_OPEN,42.083211488890754,41.924788828691504,0.15842268251638775,VIPV50_Wp1000,SUMMER,50,1000,131.42857142857142,5530.936367111356,5510.115103199454,20.82126684501096
19,DRIVING,2.1123491088888566,2.110936128376056,0.001412984586494577,VIPV50_Wp1000,SUMMER,50,1000,131.42857142857142,277.62302573967827,277.4373197294245,0.18570654565357297
19,PARKED_OPEN,3.6115946877776404,3.6113137553803973,0.00028093911283018195,VIPV50_Wp1000,SUMMER,50,1000,131.42857142857142,474.6667303936327,474.629807849995,0.03692342625768105
4,DRIVING,0.00491400000000002,0.00491400004511906,7.652507884592376e-12,VIPV50_Wp1000,AUTUMN,50,1000,130.0,0.6388200000000026,0.6388200058654778,9.948260249970089e-10
4,PARKED_OPEN,6948.217842905386,6059.4464700014105,888.7713731035259,VIPV50_Wp1000,AUTUMN,50,1000,130.0,903268.3195777001,787728.0411001834,115540.27850345836
5,DRIVING,0.5748423988888804,0.574254898863324,0.0005875014553680664,VIPV50_Wp1000,AUTUMN,50,1000,130.0,74.72951185555446,74.65313685223212,0.07637518919784864
5,PARKED_OPEN,609.6849876200641,575.8460437781845,33.83894385540822,VIPV50_Wp1000,AUTUMN,50,1000,130.0,79259.04839060834,74859.98569116398,4399.062701203068
6,DRIVING,20.534328334999667,20.489906917641267,0.044421417476837345,VIPV50_Wp1000,AUTUMN,50,1000,130.0,2669.4626835499566,2663.687899293365,5.774784271988855
6,PARKED_OPEN,2617.976313615806,2481.0090247671988,136.96728889537945,VIPV50_Wp1000,AUTUMN,50,1000,130.0,340336.92077005474,322531.17321973585,17805.74755639933
7,DRIVING,163.33905179666527,162.90939963643078,0.42965216202485923,VIPV50_Wp1000,AUTUMN,50,1000,130.0,21234.076733566486,21178.221952736,55.8547810632317
7,PARKED_OPEN,5792.05459394998,5448.052204693736,344.0023893645222,VIPV50_Wp1000,AUTUMN,50,1000,130.0,752967.0972134974,708246.7866101856,44720.310617387884
8,DRIVING,160.88866232249836,160.46846561906665,0.42019671028849004,VIPV50_Wp1000,AUTUMN,50,1000,130.0,20915.52610192479,20860.900530478666,54.625572337503705
8,PARKED_OPEN,3271.4049220204174,3085.2867997343224,186.1181223515403,VIPV50_Wp1000,AUTUMN,50,1000,130.0,425282.63986265427,401087.2839654619,24195.35590570024
9,DRIVING,151.95624721416704,151.6543504546296,0.30189676344321303,VIPV50_Wp1000,AUTUMN,50,1000,130.0,19754.312137841716,19715.065559101848,39.246579247617696
9,PARKED_OPEN,1698.1169562479272,1622.8741808086677,75.24277546718508,VIPV50_Wp1000,AUTUMN,50,1000,130.0,220755.20431223055,210973.6435051268,9781.560810734061
10,DRIVING,276.78080472333545,276.2029841215076,0.5778206039089137,VIPV50_Wp1000,AUTUMN,50,1000,130.0,35981.504614033605,35906.38793579599,75.11667850815877
10,PARKED_OPEN,1912.0266854836889,1839.5461058219119,72.48057969359382,VIPV50_Wp1000,AUTUMN,50,1000,130.0,248563.46911287957,239140.99375684853,9422.475360167196
11,DRIVING,336.2900029299992,335.7195583268246,0.5704446086364353,VIPV50_Wp1000,AUTUMN,50,1000,130.0,43717.7003808999,43643.5425824872,74.15779912273659
11,PARKED_OPEN,1892.1051021166181,1834.2235647846499,57.88153736812109,VIPV50_Wp1000,AUTUMN,50,1000,130.0,245973.66327516036,238449.0634220045,7524.599857855741
12,DRIVING,342.1567384758359,341.7090084268693,0.4477300557119355,VIPV50_Wp1000,AUTUMN,50,1000,130.0,44480.37600185866,44422.171095493,58.20490724255162
12,PARKED_OPEN,1601.0423392939422,1559.4762502131714,41.566089113222844,VIPV50_Wp1000,AUTUMN,50,1000,130.0,208135.50410821248,202731.9125277123,5403.59158471897
13,DRIVING,246.8341935266661,246.5607663621818,0.27342716934227185,VIPV50_Wp1000,AUTUMN,50,1000,130.0,32088.44515846659,32052.899627083632,35.54553201449534
13,PARKED_OPEN,1018.7522803931498,1000.7544761894827,17.997804226991562,VIPV50_Wp1000,AUTUMN,50,1000,130.0,132437.7964511095,130098.08190463275,2339.714549508903
14,DRIVING,179.70408338278014,179.47581658627973,0.2282667975737479,VIPV50_Wp1000,AUTUMN,50,1000,130.0,23361.530839761417,23331.856156216367,29.674683684587226
14,PARKED_OPEN,543.7725019702032,537.3771289098619,6.395373077532864,VIPV50_Wp1000,AUTUMN,50,1000,130.0,70690.42525612641,69859.02675828204,831.3985000792723
15,DRIVING,107.6992768963892,107.56817622442806,0.13110067277530307,VIPV50_Wp1000,AUTUMN,50,1000,130.0,14000.905996530595,13983.862909175648,17.0430874607894
15,PARKED_OPEN,233.72376373751774,232.31955455917637,1.4042092008706575,VIPV50_Wp1000,AUTUMN,50,1000,130.0,30384.089285877308,30201.54209269293,182.54719611318546
16,DRIVING,38.96392537499915,38.91560682775649,0.048318554248052634,VIPV50_Wp1000,AUTUMN,50,1000,130.0,5065.31029874989,5059.028887608344,6.281412052246842
16,PARKED_OPEN,64.17720467944025,64.05737463053364,0.11983007112941181,VIPV50_Wp1000,AUTUMN,50,1000,130.0,8343.036608327233,8327.458701969374,15.577909246823536
17,DRIVING,2.376160266666677,2.3735955528341677,0.0025647190832565826,VIPV50_Wp1000,AUTUMN,50,1000,130.0,308.900834666668,308.5674218684418,0.33341348082335576
17,PARKED_OPEN,3.8088716750000504,3.8012103886267505,0.007661293994905184,VIPV50_Wp1000,AUTUMN,50,1000,130.0,495.1533177500066,494.15735052147755,0.9959682193376739
6,DRIVING,0.7826693422221971,0.7826327643245871,3.657825418887504e-05,VIPV50_Wp1000,WINTER,50,1000,128.57142857142856,100.62891542856818,100.62421255601832,0.004702918395712505
6,PARKED_OPEN,4889.903678351439,4416.836804106231,473.0668743971173,VIPV50_Wp1000,WINTER,50,1000,128.57142857142856,628701.9015023279,567879.0176708011,60822.88385105793
7,DRIVING,23.96933294444413,23.927136562280694,0.04219638813532068,VIPV50_Wp1000,WINTER,50,1000,128.57142857142856,3081.7713785713877,3076.3461294360886,5.425249903112658
7,PARKED_OPEN,3151.5184300141786,2963.955964464087,187.5624656409465,VIPV50_Wp1000,WINTER,50,1000,128.57142857142856,405195.2267161086,381080.052573954,24115.174153835975
8,DRIVING,60.98136120916713,60.83155392443293,0.14980728528441387,VIPV50_Wp1000,WINTER,50,1000,128.57142857142856,7840.460726892916,7821.199790284233,19.26093667942464
8,PARKED_OPEN,1881.6650424716336,1777.5261272501687,104.1389152730694,VIPV50_Wp1000,WINTER,50,1000,128.57142857142856,241928.3626034957,228539.07350359307,13389.289106537493
9,DRIVING,94.23961900083323,94.04646254884588,0.19315645537525844,VIPV50_Wp1000,WINTER,50,1000,128.57142857142856,12116.522442964271,12091.688041994468,24.834401405390366
9,PARKED_OPEN,971.903481099966,932.9769639420905,38.926517183179435,VIPV50_Wp1000,WINTER,50,1000,128.57142857142856,124959.01899856704,119954.18107826877,5004.837923551641
10,DRIVING,162.06562885333173,161.74216532009632,0.3234635370946739,VIPV50_Wp1000,WINTER,50,1000,128.57142857142856,20837.009423999792,20795.421255440953,41.588169055029496
10,PARKED_OPEN,1092.5177665117858,1056.608418687684,35.90934784662071,VIPV50_Wp1000,WINTER,50,1000,128.57142857142856,140466.56998008673,135849.65383127364,4616.916151708377
11,DRIVING,204.73979278666542,204.38825797594683,0.3515348110965814,VIPV50_Wp1000,WINTER,50,1000,128.57142857142856,26323.687643999838,26278.49031119316,45.197332855274745
11,PARKED_OPEN,1083.2632105143916,1053.2434011873795,30.0198093554266,VIPV50_Wp1000,WINTER,50,1000,128.57142857142856,139276.69849470747,135417.00872409163,3859.6897742691335
12,DRIVING,197.17205088499918,196.90596901292383,0.2660818761911852,VIPV50_Wp1000,WINTER,50,1000,128.57142857142856,25350.69225664275,25316.48173023306,34.210526938866664
12,PARKED_OPEN,879.7928789472905,862.9473475100178,16.84553147500742,VIPV50_Wp1000,WINTER,50,1000,128.57142857142856,113116.22729322306,110950.373251288,2165.854046786668
13,DRIVING,143.39688326305455,143.24730365582926,0.14957961340317127,VIPV50_Wp1000,WINTER,50,1000,128.57142857142856,18436.742133821295,18417.510470035188,19.23166458040773
13,PARKED_OPEN,533.6942124194527,526.4270505493198,7.267161904000377,VIPV50_Wp1000,WINTER,50,1000,128.57142857142856,68617.82731107248,67683.47792776968,934.3493876571913
14,DRIVING,102.33931745833283,102.21877724612068,0.12054021983197069,VIPV50_Wp1000,WINTER,50,1000,128.57142857142856,13157.91224464279,13142.414217358371,15.498028264110516
14,PARKED_OPEN,245.57184905861666,244.06923755381996,1.5026115288364852,VIPV50_Wp1000,WINTER,50,1000,128.57142857142856,31573.523450393568,31380.33054263399,193.1929108504052
15,DRIVING,42.54119874444438,42.481195430256534,0.06000332120625599,VIPV50_Wp1000,WINTER,50,1000,128.57142857142856,5469.582695714276,5461.867983890125,7.714712726518626
15,PARKED_OPEN,59.68948025277683,59.635107461339615,0.05437280060571899,VIPV50_Wp1000,WINTER,50,1000,128.57142857142856,7674.361746785592,7667.3709593150925,6.990788649306726
2,PARKED_OPEN,12035.63525573077,10523.30761449886,1512.3276416019987,VIPV80_Wp400,SPRING,80,400,131.42857142857142,1581826.347896044,1383063.286476993,198763.06146769124
3,DRIVING,0.0034663206666666474,0.0034661749842597378,1.456854337060635e-07,VIPV80_Wp400,SPRING,80,400,131.42857142857142,0.45557357333333076,0.45555442650270833,1.9147228429939774e-05
3,PARKED_OPEN,10.667603396669312,10.66760339668691,2.57135037283859e-10,VIPV80_Wp400,SPRING,80,400,131.42857142857142,1402.0278749908239,1402.0278749931367,3.379489061445004e-08
4,DRIVING,0.22345860055555195,0.22296145173669044,0.000497148833246595,VIPV80_Wp400,SPRING,80,400,131.42857142857142,29.368844644443968,29.303505085393596,0.06533956094098105
4,PARKED_OPEN,97.515632791017,90.13880322682562,7.3768295659747,VIPV80_Wp400,SPRING,80,400,131.42857142857142,12816.340309676518,11846.814138382793,969.5261715281033
5,DRIVING,4.87080127533322,4.859240713641072,0.011560562275522846,VIPV80_Wp400,SPRING,80,400,131.42857142857142,640.1624533295089,638.643065221398,1.5193881847830024
5,PARKED_OPEN,962.6841135215763,882.0680552938886,80.61605824433364,VIPV80_Wp400,SPRING,80,400,131.42857142857142,126524.19777712144,115928.94441005393,10595.253369255279
6,DRIVING,72.78069296188858,72.59331367685617,0.1873792949966764,VIPV80_Wp400,SPRING,80,400,131.42857142857142,9565.462503562498,9540.835511815381,24.62699305670604
6,PARKED_OPEN,4380.809365023905,4131.828879883108,248.98048520179756,VIPV80_Wp400,SPRING,80,400,131.42857142857142,575763.5165459989,543040.3670703513,32723.14948366482
7,DRIVING,340.031148267665,339.0996764745158,0.9314717998478882,VIPV80_Wp400,SPRING,80,400,131.42857142857142,44689.80805803597,44567.38605093635,122.42200798000815
7,PARKED_OPEN,9320.128194790339,8767.85868371332,552.2695111853532,VIPV80_Wp400,SPRING,80,400,131.42857142857142,1224931.1341724445,1152347.1412880362,72583.99289864641
8,DRIVING,258.67617661299795,257.9899541019055,0.6862225200156034,VIPV80_Wp400,SPRING,80,400,131.42857142857142,33997.440354851155,33907.25111053615,90.189245487765
8,PARKED_OPEN,5081.361098515425,4775.144174221917,306.21692434732694,VIPV80_Wp400,SPRING,80,400,131.42857142857142,667836.0300905986,627590.3771834519,40245.65291422011
9,DRIVING,255.42932607266604,254.9152995047845,0.5140265681308089,VIPV80_Wp400,SPRING,80,400,131.42857142857142,33570.71142669325,33503.15364920025,67.55777752576346
9,PARKED_OPEN,2726.5953069171164,2572.577120606589,154.01818633215763,VIPV80_Wp400,SPRING,80,400,131.42857142857142,358352.52605196385,338110.13585115166,20242.390203655
10,DRIVING,358.8282189384441,358.1016265659298,0.726592372674035,VIPV80_Wp400,SPRING,80,400,131.42857142857142,47160.28020333836,47064.78520580791,95.49499755144458
10,PARKED_OPEN,2764.158598770336,2650.246462862767,113.9121359315113,VIPV80_Wp400,SPRING,80,400,131.42857142857142,363289.415838387,348318.10654767795,14971.30929385577
11,DRIVING,456.6192996376685,455.8233985031793,0.7959011345899402,VIPV80_Wp400,SPRING,80,400,131.42857142857142,60012.82223809357,59908.21808898928,104.60414911753499
11,PARKED_OPEN,2830.941405731575,2735.2786551608874,95.66275060872725,VIPV80_Wp400,SPRING,80,400,131.42857142857142,372066.5847532927,359493.76610685943,12572.818651432723
12,DRIVING,474.58789505899676,473.9786624841117,0.6092325754661986,VIPV80_Wp400,SPRING,80,400,131.42857142857142,62374.40906489671,62294.33849791181,80.0705670612718
12,PARKED_OPEN,2742.046776437948,2660.3637290051715,81.68304748935289,VIPV80_Wp400,SPRING,80,400,131.42857142857142,360383.2906175589,349647.8043835368,10735.486241457807
13,DRIVING,398.1952374623334,397.7443734397444,0.4508640279187199,VIPV80_Wp400,SPRING,80,400,131.42857142857142,52334.231209335245,52274.97479493783,59.25641509788889
13,PARKED_OPEN,2042.8398013347705,1984.3957781641045,58.44402323909729,VIPV80_Wp400,SPRING,80,400,131.42857142857142,268487.5167468555,260806.30227299657,7681.214482852786
14,DRIVING,337.4217543304422,337.03266721201817,0.3890871301392834,VIPV80_Wp400,SPRING,80,400,131.42857142857142,44346.8591405724,44295.72197643667,51.13716567544867
14,PARKED_OPEN,1323.2518477875133,1296.0878600185038,27.16398783392083,VIPV80_Wp400,SPRING,80,400,131.42857142857142,173913.0999949303,170342.9758881462,3570.124115315309
15,DRIVING,288.1071310387727,287.72188867061357,0.38524238079447454,VIPV80_Wp400,SPRING,80,400,131.42857142857142,37865.50865081012,37814.876796709206,50.63185576155951
15,PARKED_OPEN,750.9361875668192,743.0442842137437,7.891903401995002,VIPV80_Wp400,SPRING,80,400,131.42857142857142,98694.47036592479,97657.24878237773,1037.2215899764858
16,DRIVING,154.06098037966493,153.85432001190776,0.20666036866067936,VIPV80_Wp400,SPRING,80,400,131.42857142857142,20248.01456418453,20220.853487279302,27.161077023974997
16,PARKED_OPEN,332.9768183597613,330.6931140862513,2.2837043184997246,VIPV80_Wp400,SPRING,80,400,131.42857142857142,43762.667555854336,43462.523565621595,300.14399614567805
17,DRIVING,35.37350269111058,35.33165822697545,0.04184447109488265,VIPV80_Wp400,SPRING,80,400,131.42857142857142,4649.08892511739,4643.589366973916,5.499559058184577
17,PARKED_OPEN,68.01376020610404,67.73520829722928,0.2785519465949975,VIPV80_Wp400,SPRING,80,400,131.42857142857142,8938.951341373673,8902.341661921562,36.60968440962824
18,DRIVING,3.997709119222224,3.993392282665658,0.004316838888454648,VIPV80_Wp400,SPRING,80,400,131.42857142857142,525.4131985263494,524.8458428646293,0.5673559681968966
18,PARKED_OPEN,7.3461130636676435,7.339047049955311,0.007066036001279079,VIPV80_Wp400,SPRING,80,400,131.42857142857142,965.4891455106044,964.5604694226979,0.9286790173109646
19,DRIVING,0.022909647555555385,0.02288888919683052,2.0763083697507395e-05,VIPV80_Wp400,SPRING,80,400,131.42857142857142,3.0109822501587074,3.0082540087262966,0.0027288624288152575
19,PARKED_OPEN,0.039103305444444805,0.03906892652615572,3.438673153535478e-05,VIPV80_Wp400,SPRING,80,400,131.42857142857142,5.139291572698459,5.134773200580465,0.004519399001789485
2,PARKED_OPEN,11254.855161151369,9897.90652498595,1356.9486365467997,VIPV80_Wp400,SUMMER,80,400,131.42857142857142,1479209.5354656084,1300867.714712439,178341.82080329367
3,DRIVING,0.007960612333333093,0.007959338325476932,1.2740132158861502e-06,VIPV80_Wp400,SUMMER,80,400,131.42857142857142,1.046251906666635,1.0460844656341108,0.00016744173694503687
3,PARKED_OPEN,7.352969892667381,7.352969892605907,2.2020332668404308e-10,VIPV80_Wp400,SUMMER,80,400,131.42857142857142,966.39032875057,966.3903287424906,2.89410086499028e-08
4,DRIVING,0.44246780355554516,0.44130801050600216,0.0011597931824551785,VIPV80_Wp400,SUMMER,80,400,131.42857142857142,58.152911324443075,58.00048138078885,0.1524299611226806
4,PARKED_OPEN,104.26964775611278,96.79327117461598,7.476376583489741,VIPV80_Wp400,SUMMER,80,400,131.42857142857142,13704.010847946249,12721.401354378098,982.6094938300802
5,DRIVING,7.441961449110944,7.421195976010289,0.020765473403151227,VIPV80_Wp400,SUMMER,80,400,131.42857142857142,978.0863618831526,975.357185418495,2.729176504414161
5,PARKED_OPEN,837.8829744894482,779.0093376618166,58.873636841436706,VIPV80_Wp400,SUMMER,80,400,131.42857142857142,110121.76236147032,102384.08437841017,7737.677984874538
6,DRIVING,80.40121882277654,80.17515680255453,0.22606202854065083,VIPV80_Wp400,SUMMER,80,400,131.42857142857142,10567.017330993487,10537.30632262145,29.711009465342677
6,PARKED_OPEN,3781.1453754370823,3575.0573798174514,206.0879956681475,VIPV80_Wp400,SUMMER,80,400,131.42857142857142,496950.53505744506,469864.6842045793,27085.85085924224
7,DRIVING,316.433329879666,315.58313780982775,0.8501920883227804,VIPV80_Wp400,SUMMER,80,400,131.42857142857142,41588.38049847039,41476.64096929164,111.73953160813684
7,PARKED_OPEN,8047.737294624693,7554.483909819962,493.2533848813209,VIPV80_Wp400,SUMMER,80,400,131.42857142857142,1057702.6158649595,992875.0281477664,64827.58772725931
8,DRIVING,234.35408470533253,233.74444752316376,0.6096371831468883,VIPV80_Wp400,SUMMER,80,400,131.42857142857142,30800.82256127227,30720.698817330092,80.12374407073388
8,PARKED_OPEN,4423.503649171142,4156.098178099467,267.4054711119118,VIPV80_Wp400,SUMMER,80,400,131.42857142857142,581374.7653196357,546230.0462645013,35144.71906042269
9,DRIVING,211.33344001377523,210.90760820415576,0.4258318136079553,VIPV80_Wp400,SUMMER,80,400,131.42857142857142,27775.25211609617,27719.28564968904,55.96646693133126
9,PARKED_OPEN,2374.805286864722,2254.678999939493,120.12628695012806,VIPV80_Wp400,SUMMER,80,400,131.42857142857142,312117.2662736491,296329.23999204766,15788.026284873973
10,DRIVING,302.28203136199863,301.648958823777,0.6330725388908588,VIPV80_Wp400,SUMMER,80,400,131.42857142857142,39728.495550434105,39645.29173112497,83.20381939708429
10,PARKED_OPEN,2467.190539530214,2366.2211308164838,100.969408738353,VIPV80_Wp400,SUMMER,80,400,131.42857142857142,324259.3280525424,310989.0629073093,13270.26514846925
11,DRIVING,374.7596134950003,374.1617131073664,0.597900390743289,VIPV80_Wp400,SUMMER,80,400,131.42857142857142,49254.12063077146,49175.539436968145,78.58119421197513
11,PARKED_OPEN,2607.705090487251,2504.1642279028565,103.54086261674021,VIPV80_Wp400,SUMMER,80,400,131.42857142857142,342726.95474975294,329118.72709580394,13608.227658200141
12,DRIVING,395.6168254175574,395.10335451819424,0.5134708996785634,VIPV80_Wp400,SUMMER,80,400,131.42857142857142,51995.35419773611,51927.869450962666,67.4847468148969
12,PARKED_OPEN,2527.3737364223302,2444.8903016195745,82.48343483754503,VIPV80_Wp400,SUMMER,80,400,131.42857142857142,332169.11964407767,321328.43964142975,10840.680007220204
13,DRIVING,351.88175827544467,351.4873606246134,0.39439765110749425,VIPV80_Wp400,SUMMER,80,400,131.42857142857142,46247.31680191558,46195.481682092046,51.835119859842095
13,PARKED_OPEN,2019.0434959551862,1956.5178235024691,62.52567249821419,VIPV80_Wp400,SUMMER,80,400,131.42857142857142,265360.0023255387,257142.34251746736,8217.659814051007
14,DRIVING,310.1297653048857,309.7725347367267,0.3572305682711753,VIPV80_Wp400,SUMMER,80,400,131.42857142857142,40759.91201149926,40712.961708255505,46.950303258497314
14,PARKED_OPEN,1456.1579408648101,1418.3061355622938,37.85180536377639,VIPV80_Wp400,SUMMER,80,400,131.42857142857142,191380.7579422322,186405.94924533003,4974.808704953468
15,DRIVING,292.7604285566639,292.3782111304157,0.3822174279508887,VIPV80_Wp400,SUMMER,80,400,131.42857142857142,38477.08489601868,38426.85060571178,50.23429053068823
15,PARKED_OPEN,924.4536796517534,911.4019696390197,13.051710094101681,VIPV80_Wp400,SUMMER,80,400,131.42857142857142,121499.62646851616,119784.25886684259,1715.3676123676494
16,DRIVING,197.17265856600045,196.9147790816032,0.25787950049286534,VIPV80_Wp400,SUMMER,80,400,131.42857142857142,25914.120840102914,25880.228107867846,33.89273435049087
16,PARKED_OPEN,528.6912173074454,522.7572675585653,5.933949843562191,VIPV80_Wp400,SUMMER,80,400,131.42857142857142,69485.13141754996,68705.24087912572,779.8905508681736
17,DRIVING,73.97264904400026,73.88743254814433,0.08521650998301335,VIPV80_Wp400,SUMMER,80,400,131.42857142857142,9722.119588640035,9710.91970632754,11.19988416919604
17,PARKED_OPEN,162.67410338288812,161.74469871999196,0.9294047240593567,VIPV80_Wp400,SUMMER,80,400,131.42857142857142,21380.02501603672,21257.874688913227,122.15033516208688
18,DRIVING,12.249469461777599,12.236405999644994,0.013063469105152147,VIPV80_Wp400,SUMMER,80,400,131.42857142857142,1609.9302721193415,1608.213359953342,1.716913082391425
18,PARKED_OPEN,27.371968044892103,27.25021839542986,0.12174967946449233,VIPV80_Wp400,SUMMER,80,400,131.42857142857142,3597.458657328676,3581.4572748279243,16.001386443904707
19,DRIVING,1.2881153062222204,1.2870390826683584,0.0010762280549731574,VIPV80_Wp400,SUMMER,80,400,131.42857142857142,169.29515453206324,169.15370800784137,0.1414471157964721
19,PARKED_OPEN,2.2032543013332253,2.2006925112565656,0.0025617974382721397,VIPV80_Wp400,SUMMER,80,400,131.42857142857142,289.57056531808104,289.23387290800576,0.3366933776014812
4,DRIVING,0.0025737226666666586,0.0025737225985733997,6.825068250339449e-11,VIPV80_Wp400,AUTUMN,80,400,130.0,0.33458394666666563,0.334583937814542,8.872588725441284e-09
4,PARKED_OPEN,4467.61279992202,3882.037127066859,585.5756730732153,VIPV80_Wp400,AUTUMN,80,400,130.0,580789.6639898625,504664.82651869167,76124.83749951799
5,DRIVING,0.34625209799999285,0.3458689990050827,0.000383099029210674,VIPV80_Wp400,AUTUMN,80,400,130.0,45.01277273999907,44.96296987066076,0.04980287379738762
5,PARKED_OPEN,382.32613138981503,353.01833313197073,29.307798272506645,VIPV80_Wp400,AUTUMN,80,400,130.0,49702.39708067595,45892.3833071562,3810.013775425864
6,DRIVING,13.38116102466644,13.349200203495398,0.031960822573558194,VIPV80_Wp400,AUTUMN,80,400,130.0,1739.5509332066372,1735.3960264544016,4.1549069345625655
6,PARKED_OPEN,1736.0730691854674,1635.3685524626708,100.70451678813266,VIPV80_Wp400,AUTUMN,80,400,130.0,225689.49899411076,212597.9118201472,13091.587182457246
7,DRIVING,104.54136767066679,104.24234668713096,0.29902099701279844,VIPV80_Wp400,AUTUMN,80,400,130.0,13590.377797186682,13551.505069327024,38.8727296116638
7,PARKED_OPEN,3818.770288428165,3593.507784835819,225.2625037298072,VIPV80_Wp400,AUTUMN,80,400,130.0,496440.13749566145,467156.0120286565,29284.125484874938
8,DRIVING,99.86952724333361,99.57932943592805,0.29019781617761287,VIPV80_Wp400,AUTUMN,80,400,130.0,12983.038541633368,12945.312826670646,37.725716103089674
8,PARKED_OPEN,2105.9350762555273,1985.897000041868,120.03807628174637,VIPV80_Wp400,AUTUMN,80,400,130.0,273771.55991321855,258166.61000544284,15604.949916627029
9,DRIVING,99.53980126233346,99.31543453972293,0.22436672829447826,VIPV80_Wp400,AUTUMN,80,400,130.0,12940.17416410335,12911.006490163982,29.167674678282175
9,PARKED_OPEN,1167.6409737455751,1117.32292377148,50.31805000317009,VIPV80_Wp400,AUTUMN,80,400,130.0,151793.32658692476,145251.9800902924,6541.346500412112
10,DRIVING,169.49834011533406,169.13846299688333,0.35987712182648873,VIPV80_Wp400,AUTUMN,80,400,130.0,22034.78421499343,21988.000189594834,46.78402583744354
10,PARKED_OPEN,1177.1224256000216,1136.0495616604776,41.072863958778655,VIPV80_Wp400,AUTUMN,80,400,130.0,153025.91532800283,147686.44301586208,5339.472314641225
11,DRIVING,208.59209288444387,208.2133236255761,0.3787692598915229,VIPV80_Wp400,AUTUMN,80,400,130.0,27116.972074977704,27067.732071324892,49.240003785897976
11,PARKED_OPEN,1184.1824253198413,1150.8759027421556,33.306522598915,VIPV80_Wp400,AUTUMN,80,400,130.0,153943.71529157937,149613.86735648024,4329.84793785895
12,DRIVING,218.00284895699903,217.70694415740618,0.29590480077201237,VIPV80_Wp400,AUTUMN,80,400,130.0,28340.370364409875,28301.902740462803,38.467624100361604
12,PARKED_OPEN,1034.1813058215932,1010.4328527367372,23.748453114747534,VIPV80_Wp400,AUTUMN,80,400,130.0,134443.56975680712,131356.27085577583,3087.2989049171792
13,DRIVING,162.32500838233213,162.1398206837409,0.18518770357375805,VIPV80_Wp400,AUTUMN,80,400,130.0,21102.251089703175,21078.176688886317,24.074401464588547
13,PARKED_OPEN,667.5615006049595,653.0215339124491,14.53996672311951,VIPV80_Wp400,AUTUMN,80,400,130.0,86782.99507864474,84892.79940861838,1890.1956740055364
14,DRIVING,113.1478982918873,113.0115207263139,0.1363775696085278,VIPV80_Wp400,AUTUMN,80,400,130.0,14709.226777945349,14691.497694420808,17.72908404910861
14,PARKED_OPEN,342.45216277572786,337.7449118561462,4.7072509417148325,VIPV80_Wp400,AUTUMN,80,400,130.0,44518.78116084462,43906.838541299,611.9426224229283
15,DRIVING,67.5205175157771,67.43145605246633,0.08906146480525341,VIPV80_Wp400,AUTUMN,80,400,130.0,8777.667277051023,8766.089286820623,11.577990424682943
15,PARKED_OPEN,142.43028009645658,141.52324012678648,0.9070399920638114,VIPV80_Wp400,AUTUMN,80,400,130.0,18515.936412539355,18398.02121648224,117.91519896829547
16,DRIVING,24.892477510332817,24.859089602987176,0.03338791794470556,VIPV80_Wp400,AUTUMN,80,400,130.0,3236.0220763432662,3231.6816483883326,4.3404293328117225
16,PARKED_OPEN,41.39933937688503,41.281835073818414,0.11750431958788644,VIPV80_Wp400,AUTUMN,80,400,130.0,5381.914118995054,5366.638559596394,15.275561546425237
17,DRIVING,1.544619682666669,1.5428220553438197,0.0017976279722616269,VIPV80_Wp400,AUTUMN,80,400,130.0,200.80055874666695,200.56686719469656,0.2336916363940115
17,PARKED_OPEN,2.386520010000034,2.3828653426882567,0.003654668324160181,VIPV80_Wp400,AUTUMN,80,400,130.0,310.2476013000044,309.7724945494734,0.4751068821408235
6,DRIVING,0.4850681528888849,0.4850498633701001,1.8289518950853492e-05,VIPV80_Wp400,WINTER,80,400,128.57142857142856,62.36590537142805,62.36355386187,0.0023515095793954486
6,PARKED_OPEN,3186.88761724053,2846.1695500827127,340.7180673295928,VIPV80_Wp400,WINTER,80,400,128.57142857142856,409742.69364521094,365936.08501063444,43806.60865666193
7,DRIVING,15.083515822221946,15.054462348808208,0.0290534752477549,VIPV80_Wp400,WINTER,80,400,128.57142857142856,1939.3091771428215,1935.573730561055,3.7354468175684863
7,PARKED_OPEN,2002.9760477223351,1868.690160726123,134.2858871073228,VIPV80_Wp400,WINTER,80,400,128.57142857142856,257525.49185001448,240260.16352193005,17265.32834237007
8,DRIVING,37.95699837433249,37.85949739998508,0.09750098261542318,VIPV80_Wp400,WINTER,80,400,128.57142857142856,4880.18550527132,4867.649665712367,12.53584062198298
8,PARKED_OPEN,1160.514499312589,1085.4818710775348,75.03262829523847,VIPV80_Wp400,WINTER,80,400,128.57142857142856,149209.0070544757,139561.9548528259,9647.052209387803
9,DRIVING,61.6999171159989,61.56346249326369,0.13645462703621644,VIPV80_Wp400,WINTER,80,400,128.57142857142856,7932.846486342714,7915.302320562474,17.544166333227825
9,PARKED_OPEN,676.7557066359735,644.7808084529577,31.974898206745515,VIPV80_Wp400,WINTER,80,400,128.57142857142856,87011.44799605373,82900.3896582374,4111.05834086728
10,DRIVING,99.2537450613328,99.04479655259568,0.2089485091379007,VIPV80_Wp400,WINTER,80,400,128.57142857142856,12761.195793599929,12734.330985333729,26.864808317730088
10,PARKED_OPEN,664.7684082702332,643.5268080743685,21.24160021533054,VIPV80_Wp400,WINTER,80,400,128.57142857142856,85470.22392045853,82739.16103813308,2731.0628848282117
11,DRIVING,126.92528408255522,126.70879586005738,0.216488223180965,VIPV80_Wp400,WINTER,80,400,128.57142857142856,16318.965096328526,16291.130896293089,27.834200123266925
11,PARKED_OPEN,673.3186931322671,655.0218429489769,18.296850215917484,VIPV80_Wp400,WINTER,80,400,128.57142857142856,86569.5462598629,84217.09409343987,2352.452170617962
12,DRIVING,125.67967957077661,125.50955038033923,0.17012919808296031,VIPV80_Wp400,WINTER,80,400,128.57142857142856,16158.815944814134,16136.9421917579,21.873754039237753
12,PARKED_OPEN,563.3054455176454,551.7979575551533,11.50748800229665,VIPV80_Wp400,WINTER,80,400,128.57142857142856,72424.98585226868,70945.45168566256,1479.5341717238548
13,DRIVING,94.298593085777,94.17835887764394,0.12023421497688302,VIPV80_Wp400,WINTER,80,400,128.57142857142856,12124.104825314183,12108.646141411362,15.458684782742102
13,PARKED_OPEN,349.9629117401009,344.33123500174145,5.631676764903176,VIPV80_Wp400,WINTER,80,400,128.57142857142856,44995.23150944154,44271.15878593818,724.0727269161225
14,DRIVING,64.33983131377802,64.25487617920275,0.08495513564499202,VIPV80_Wp400,WINTER,80,400,128.57142857142856,8272.264026057173,8261.341223040354,10.922803154356115
14,PARKED_OPEN,155.87653592088964,154.49015326672014,1.3863826729657327,VIPV80_Wp400,WINTER,80,400,128.57142857142856,20041.26890411438,19863.01970572116,178.2492008098799
15,DRIVING,26.632564621666056,26.595252926465164,0.03731170441137544,VIPV80_Wp400,WINTER,80,400,128.57142857142856,3424.1868799284925,3419.389661974092,4.7972191386054135
15,PARKED_OPEN,36.24331859277648,36.20186676220363,0.04145184305518436,VIPV80_Wp400,WINTER,80,400,128.57142857142856,4659.85524764269,4654.525726569037,5.329522678523703
2,PARKED_OPEN,21136.662963488623,18466.987909154286,2669.6750545502086,VIPV80_Wp700,SPRING,80,700,131.42857142857142,2777961.4180585044,2427089.839488849,350871.5785980274
3,DRIVING,0.0060660611666666355,0.006065806240166226,2.549294054912276e-07,VIPV80_Wp700,SPRING,80,700,131.42857142857142,0.7972537533333292,0.7972202487075611,3.350500757884705e-05
3,PARKED_OPEN,7.019559104833727,6.197204839153261,0.8223542657314891,VIPV80_Wp700,SPRING,80,700,131.42857142857142,922.5706252067183,814.4897788601428,108.08084635328142
4,DRIVING,0.39105255097221303,0.39025151222230914,0.0008010387577733541,VIPV80_Wp700,SPRING,80,700,131.42857142857142,51.39547812777656,51.290198749217765,0.10527937959306938
4,PARKED_OPEN,214.35378167741135,197.06104885792723,17.292732821258284,VIPV80_Wp700,SPRING,80,700,131.42857142857142,28172.21130617406,25899.45213561329,2272.7591707939455
5,DRIVING,8.505584193749845,8.487005069540485,0.018579124445673632,VIPV80_Wp700,SPRING,80,700,131.42857142857142,1117.8767797499795,1115.4349519967493,2.4418277842885345
5,PARKED_OPEN,1667.1116749553203,1509.1675647544307,157.94411021549033,VIPV80_Wp700,SPRING,80,700,131.42857142857142,219106.10585127064,198347.73708201086,20758.368771178728
6,DRIVING,127.46670692077738,127.15195743238267,0.31474949687148385,VIPV80_Wp700,SPRING,80,700,131.42857142857142,16752.767195302167,16711.40011968458,41.36707673168073
6,PARKED_OPEN,7508.703163855829,6971.613056206682,537.0901077017011,VIPV80_Wp700,SPRING,80,700,131.42857142857142,986858.130106766,916269.144530021,70588.98558365213
7,DRIVING,595.006103675664,593.5448738200112,1.4612298572139872,VIPV80_Wp700,SPRING,80,700,131.42857142857142,78200.80219737298,78008.75484491575,192.04735266240974
7,PARKED_OPEN,16228.995691988115,15072.693512886322,1156.3021792046663,VIPV80_Wp700,SPRING,80,700,131.42857142857142,2132953.719518438,1980982.575979345,151971.14355261327
8,DRIVING,452.96569414541847,451.84839463302467,1.1172995131118841,VIPV80_Wp700,SPRING,80,700,131.42857142857142,59532.63408768357,59385.78900891181,146.84507886613332
8,PARKED_OPEN,8759.68860521464,8217.377033215711,542.3115720649845,VIPV80_Wp700,SPRING,80,700,131.42857142857142,1151273.3595424953,1079998.1243654934,71275.23518568368
9,DRIVING,446.82558538819626,446.009479978255,0.8161054107163617,VIPV80_Wp700,SPRING,80,700,131.42857142857142,58725.64836530579,58618.38879714208,107.25956826557895
9,PARKED_OPEN,4624.529655530422,4395.8256165273515,228.70403904387854,VIPV80_Wp700,SPRING,80,700,131.42857142857142,607795.3261554268,577737.081029309,30058.245131481177
10,DRIVING,627.7735250523302,626.5721786536188,1.2013464029866354,VIPV80_Wp700,SPRING,80,700,131.42857142857142,82507.37757830624,82349.48633733275,157.89124153538634
10,PARKED_OPEN,4972.053570865738,4736.217300457561,235.83627045893974,VIPV80_Wp700,SPRING,80,700,131.42857142857142,653469.8978852113,622474.2737744222,30995.624117460648
11,DRIVING,799.2713856155036,797.9389786828345,1.3324069376403678,VIPV80_Wp700,SPRING,80,700,131.42857142857142,105047.09639518046,104871.98005545825,175.11634037559116
11,PARKED_OPEN,5035.372724893315,4830.312948517534,205.0597764382866,VIPV80_Wp700,SPRING,80,700,131.42857142857142,661791.8438431213,634841.1303765902,26950.713474746237
12,DRIVING,830.3654659632548,829.2681663742976,1.0972996008632658,VIPV80_Wp700,SPRING,80,700,131.42857142857142,109133.74695517062,108989.53043776481,144.21651897060065
12,PARKED_OPEN,4847.477836262082,4679.810680317084,167.66715600856338,VIPV80_Wp700,SPRING,80,700,131.42857142857142,637097.0870515879,615060.8322702453,22036.2547896969
13,DRIVING,696.9135774385504,696.1343266246554,0.7792508181042261,VIPV80_Wp700,SPRING,80,700,131.42857142857142,91594.35589192375,91491.94007066899,102.415821807984
13,PARKED_OPEN,3610.270517955744,3502.514196080067,107.75632193284017,VIPV80_Wp700,SPRING,80,700,131.42857142857142,474492.696645612,460330.43719909445,14162.25945403042
14,DRIVING,590.3290516639416,589.5723858283533,0.7566658409534307,VIPV80_Wp700,SPRING,80,700,131.42857142857142,77586.10393297518,77486.656423155,99.44751052530803
14,PARKED_OPEN,2331.823000540512,2282.784292529091,49.038708070564205,VIPV80_Wp700,SPRING,80,700,131.42857142857142,306468.1657853244,300023.0784466805,6445.087346417009
15,DRIVING,504.28191329716134,503.6012257407933,0.6806875584573671,VIPV80_Wp700,SPRING,80,700,131.42857142857142,66277.05146191263,66187.58966878998,89.46179339725394
15,PARKED_OPEN,1316.6455673748542,1301.6817450371911,14.963822403606693,VIPV80_Wp700,SPRING,80,700,131.42857142857142,173044.84599783795,171078.17220488796,1966.6738016168795
16,DRIVING,269.5823286584134,269.19659849077266,0.38573018359751526,VIPV80_Wp700,SPRING,80,700,131.42857142857142,35430.820337962905,35380.12437307298,50.695966987102004
16,PARKED_OPEN,584.882214143952,580.5736647845143,4.308549433707574,VIPV80_Wp700,SPRING,80,700,131.42857142857142,76870.2338589194,76303.96737167901,566.2664970015668
17,DRIVING,61.90338077602762,61.832963342776075,0.07041744657870315,VIPV80_Wp700,SPRING,80,700,131.42857142857142,8135.8729019922,8126.618039336284,9.254864407486698
17,PARKED_OPEN,118.67964243118972,118.31872285823934,0.36091961077888296,VIPV80_Wp700,SPRING,80,700,131.42857142857142,15597.895862384934,15550.460718511455,47.43514884522461
18,DRIVING,6.993662977777573,6.986044961982767,0.007618021987934872,VIPV80_Wp700,SPRING,80,700,131.42857142857142,919.1671342221953,918.1659092891636,1.001225746985726
18,PARKED_OPEN,12.599460350362635,12.589348255365527,0.010112105961681292,VIPV80_Wp700,SPRING,80,700,131.42857142857142,1655.929074619089,1654.6000564194692,1.3290196406781125
19,DRIVING,0.04009702277777753,0.040060608748568934,3.641402962864928e-05,VIPV80_Wp700,SPRING,80,700,131.42857142857142,5.2698944222221895,5.265108578383345,0.004785843894051048
19,PARKED_OPEN,0.06743242586111413,0.06737569370366245,5.673215771413227e-05,VIPV80_Wp700,SPRING,80,700,131.42857142857142,8.862547398889285,8.85509117248135,0.007456226442428812
2,PARKED_OPEN,19882.595965092496,17537.746194312826,2344.849771253238,VIPV80_Wp700,SUMMER,80,700,131.42857142857142,2613141.183983585,2304960.9283954,308180.25565042556
3,DRIVING,0.013931071583333107,0.013915305845132946,1.5765752226352716e-05,VIPV80_Wp700,SUMMER,80,700,131.42857142857142,1.8309408366666369,1.8288687682174727,0.0020720702926063568
3,PARKED_OPEN,15.5290760636629,12.761037981847318,2.7680380820892934,VIPV80_Wp700,SUMMER,80,700,131.42857142857142,2040.9642826528382,1677.164991899933,363.7992907888785
4,DRIVING,0.7743186562222139,0.7723331413789941,0.001985515092383672,VIPV80_Wp700,SUMMER,80,700,131.42857142857142,101.76759481777667,101.50664143838208,0.260953412141854
4,PARKED_OPEN,193.4258953759821,175.9200421065702,17.505853271877548,VIPV80_Wp700,SUMMER,80,700,131.42857142857142,25421.689106557646,23120.919819720653,2300.769287161049
5,DRIVING,13.03537299322217,13.00391744150081,0.03145555209906694,VIPV80_Wp700,SUMMER,80,700,131.42857142857142,1713.2204505377708,1709.0862923115349,4.134158275877369
5,PARKED_OPEN,1510.778812260455,1394.1744327838537,116.60437949335052,VIPV80_Wp700,SUMMER,80,700,131.42857142857142,198559.5010399455,183234.35402302074,15325.147019126067
6,DRIVING,140.7926987852771,140.42698284565364,0.3657159473572275,VIPV80_Wp700,SUMMER,80,700,131.42857142857142,18504.183268922134,18456.11774542876,48.06552450980704
6,PARKED_OPEN,6560.530751376148,6204.441870732953,356.0888807062822,VIPV80_Wp700,SUMMER,80,700,131.42857142857142,862241.1844665793,815440.9315820452,46800.25289282566
7,DRIVING,553.5819272277771,552.1900103374097,1.3919168924888503,VIPV80_Wp700,SUMMER,80,700,131.42857142857142,72756.48186422212,72573.54421577384,182.93764872710602
7,PARKED_OPEN,14194.450273452103,13320.752262041267,873.6980115346898,VIPV80_Wp700,SUMMER,80,700,131.42857142857142,1865556.3216537049,1750727.440153995,114828.8815159878
8,DRIVING,410.2680832580574,409.2626777110196,1.0054055485225517,VIPV80_Wp700,SUMMER,80,700,131.42857142857142,53920.94808534468,53788.80907059114,132.1390149486782
8,PARKED_OPEN,7629.92690036527,7167.922078844532,462.0048215970159,VIPV80_Wp700,SUMMER,80,700,131.42857142857142,1002790.3926194353,942069.7589338527,60720.6336956078
9,DRIVING,369.7166918995234,369.02813630195857,0.6885556055475437,VIPV80_Wp700,SUMMER,80,700,131.42857142857142,48591.33664965165,48500.84077111455,90.49587958624859
9,PARKED_OPEN,4068.831476574281,3863.801003049276,205.0304735658244,VIPV80_Wp700,SUMMER,80,700,131.42857142857142,534760.7083497626,507813.84611504764,26946.862240079776
10,DRIVING,528.9830815844107,528.0641486353911,0.9189329496780627,VIPV80_Wp700,SUMMER,80,700,131.42857142857142,69523.49072252255,69402.71667779426,120.77404481483109
10,PARKED_OPEN,4236.784818934073,4050.7728636809675,186.0119552879533,VIPV80_Wp700,SUMMER,80,700,131.42857142857142,556834.5762027638,532387.2906552128,24447.285552131
11,DRIVING,655.6845353469473,654.6252917705073,1.0592435778599973,VIPV80_Wp700,SUMMER,80,700,131.42857142857142,86175.68178845593,86036.46691840951,139.21487023302822
11,PARKED_OPEN,4485.805866606758,4305.346028215328,180.45983844616424,VIPV80_Wp700,SUMMER,80,700,131.42857142857142,589563.056754031,565845.4779940145,23717.578767210154
12,DRIVING,692.4983006013268,691.5848360058692,0.9134646063904658,VIPV80_Wp700,SUMMER,80,700,131.42857142857142,91014.0623647458,90894.00701791423,120.0553482684612
12,PARKED_OPEN,4464.070030919188,4303.344240832518,160.72579015136074,VIPV80_Wp700,SUMMER,80,700,131.42857142857142,586706.3469208075,565582.3859379881,21123.960991321695
13,DRIVING,615.6296786645786,615.005596058732,0.6240826121317178,VIPV80_Wp700,SUMMER,80,700,131.42857142857142,80911.32919591604,80829.3069105762,82.0222861658829
13,PARKED_OPEN,3504.5564230988853,3406.159961765638,98.39646138677458,VIPV80_Wp700,SUMMER,80,700,131.42857142857142,460598.8441787106,447666.73783205525,12932.106353690371
14,DRIVING,542.8647403032779,542.2117999995552,0.6529403083166726,VIPV80_Wp700,SUMMER,80,700,131.42857142857142,71347.93729700224,71262.12228565582,85.81501195019125
14,PARKED_OPEN,2502.5344128480688,2438.8553575979163,63.67905530239295,VIPV80_Wp700,SUMMER,80,700,131.42857142857142,328904.52283146046,320535.2755700118,8369.247268314502
15,DRIVING,512.2712322647496,511.58729384410077,0.6839384274070651,VIPV80_Wp700,SUMMER,80,700,131.42857142857142,67327.07624050995,67237.18719093896,89.88905045921426
15,PARKED_OPEN,1618.224698917579,1595.5702588275683,22.65444014275065,VIPV80_Wp700,SUMMER,80,700,131.42857142857142,212680.9604291675,209703.51973162324,2977.4407044757995
16,DRIVING,345.12042537524684,344.6909033677204,0.42952201302953646,VIPV80_Wp700,SUMMER,80,700,131.42857142857142,45358.68447788958,45302.23301404325,56.45146456959622
16,PARKED_OPEN,919.8543808052425,910.0055589344248,9.848821925774132,VIPV80_Wp700,SUMMER,80,700,131.42857142857142,120895.14719154614,119600.7306028101,1294.4165959588859
17,DRIVING,129.42241713216762,129.2744527931091,0.14796434772043984,VIPV80_Wp700,SUMMER,80,700,131.42857142857142,17009.80339451346,16990.356652808623,19.446742843257805
17,PARKED_OPEN,287.813264975095,286.141898480692,1.6713665332111258,VIPV80_Wp700,SUMMER,80,700,131.42857142857142,37826.88625386963,37607.22094317666,219.66531579346224
18,DRIVING,21.43567302955501,21.413144913049354,0.022528117610823996,VIPV80_Wp700,SUMMER,80,700,131.42857142857142,2817.2598838843724,2814.2990457150577,2.9608383145654393
18,PARKED_OPEN,47.886504710330136,47.68225222448425,0.20425250861520894,VIPV80_Wp700,SUMMER,80,700,131.42857142857142,6293.654904786246,6266.810292360787,26.844615417998888
19,DRIVING,2.2542056545555598,2.2524905499099512,0.00171510988225869,VIPV80_Wp700,SUMMER,80,700,131.42857142857142,296.267028884445,296.0416151310221,0.22541444166828495
19,PARKED_OPEN,3.7475754656666544,3.7452239679589208,0.0023515062330929683,VIPV80_Wp700,SUMMER,80,700,131.42857142857142,492.53848977333166,492.2294357888867,0.3090551049207901
4,DRIVING,0.004504014666666696,0.004504014698134528,0.0,VIPV80_Wp700,AUTUMN,80,700,130.0,0.5855219066666705,0.5855219107574887,0.0
4,PARKED_OPEN,7903.921506442735,6918.560929011632,985.3605777468715,VIPV80_Wp700,AUTUMN,80,700,130.0,1027509.7958375555,899412.9207715121,128096.87510709329
5,DRIVING,0.6096259816111066,0.6090217426510398,0.0006042401696085966,VIPV80_Wp700,AUTUMN,80,700,130.0,79.25137760944386,79.17282654463517,0.07855122204911756
5,PARKED_OPEN,685.1458063268926,637.0679764023924,48.07782994419801,VIPV80_Wp700,AUTUMN,80,700,130.0,89068.95482249605,82818.83693231102,6250.117892745741
6,DRIVING,23.44146606822198,23.387476721823482,0.053989351076891665,VIPV80_Wp700,AUTUMN,80,700,130.0,3047.3905888688573,3040.371973837053,7.018615639995916
6,PARKED_OPEN,2988.1181986941388,2808.734849557538,179.38334921074315,VIPV80_Wp700,AUTUMN,80,700,130.0,388455.36583023804,365135.53044247994,23319.835397396608
7,DRIVING,182.92923612366593,182.40430177816424,0.5249343586531273,VIPV80_Wp700,AUTUMN,80,700,130.0,23780.80069607657,23712.55923116135,68.24146662490655
7,PARKED_OPEN,6557.2037009505875,6131.0880973772455,426.11560372020796,VIPV80_Wp700,AUTUMN,80,700,130.0,852436.4811235764,797041.452659042,55395.02848362704
8,DRIVING,174.83039707933344,174.32191684972216,0.5084802306979863,VIPV80_Wp700,AUTUMN,80,700,130.0,22727.951620313346,22661.84919046388,66.10242999073822
8,PARKED_OPEN,3630.320018137967,3435.3525509385126,194.9674672847005,VIPV80_Wp700,AUTUMN,80,700,130.0,471941.60235793574,446595.83162200666,25345.770747011065
9,DRIVING,174.19389578091725,173.84148693789172,0.3524088475285904,VIPV80_Wp700,AUTUMN,80,700,130.0,22645.206451519243,22599.393301925924,45.813150178716754
9,PARKED_OPEN,1998.5155820266084,1922.79953800166,75.71604407218736,VIPV80_Wp700,AUTUMN,80,700,130.0,259807.0256634591,249963.93994021582,9843.085729384356
10,DRIVING,296.54811284933453,295.9374336943371,0.6106791589739836,VIPV80_Wp700,AUTUMN,80,700,130.0,38551.25467041349,38471.86638026382,79.38829066661788
10,PARKED_OPEN,2098.6214229244647,2025.75431481508,72.86710815979114,VIPV80_Wp700,AUTUMN,80,700,130.0,272820.7849801804,263348.0609259604,9472.724060772849
11,DRIVING,365.03210537014,364.3816769393407,0.6504284404887185,VIPV80_Wp700,AUTUMN,80,700,130.0,47454.173698118204,47369.61800211429,84.5556972635334
11,PARKED_OPEN,2087.200349594746,2018.6308935268396,68.56945611958434,VIPV80_Wp700,AUTUMN,80,700,130.0,271336.045447317,262422.01615848916,8914.029295545964
12,DRIVING,381.5524216503562,381.06866040716693,0.48376124537641646,VIPV80_Wp700,AUTUMN,80,700,130.0,49601.814814546306,49538.9258529317,62.88896189893414
12,PARKED_OPEN,1775.347624678416,1735.4019667055752,39.94565802805621,VIPV80_Wp700,AUTUMN,80,700,130.0,230795.19120819407,225602.25567172476,5192.935543647307
13,DRIVING,284.03654317402845,283.7287820954424,0.3077610885732411,VIPV80_Wp700,AUTUMN,80,700,130.0,36924.7506126237,36884.74167240751,40.00894151452134
13,PARKED_OPEN,1159.654027969097,1138.7465427578186,20.907485269487143,VIPV80_Wp700,AUTUMN,80,700,130.0,150755.0236359826,148037.0505585164,2717.9730850333285
14,DRIVING,198.03493884649814,197.7883523453632,0.24658650657730333,VIPV80_Wp700,AUTUMN,80,700,130.0,25744.542050044758,25712.485804897216,32.05624585504943
14,PARKED_OPEN,608.8147536434717,601.0596350869157,7.7551186043681595,VIPV80_Wp700,AUTUMN,80,700,130.0,79145.91797365132,78137.75256129904,1008.1654185678607
15,DRIVING,118.15849171369312,118.00287316181695,0.1556185584493928,VIPV80_Wp700,AUTUMN,80,700,130.0,15360.603922780107,15340.373511036203,20.23041259842106
15,PARKED_OPEN,253.19526747765062,251.4214078112277,1.7738597128554585,VIPV80_Wp700,AUTUMN,80,700,130.0,32915.38477209458,32684.7830154596,230.6017626712096
16,DRIVING,43.54823881080501,43.4909984434955,0.057240379155851014,VIPV80_Wp700,AUTUMN,80,700,130.0,5661.271045404651,5653.8297976544145,7.4412492902606315
16,PARKED_OPEN,71.05320507949756,70.86260637328883,0.19059874988849526,VIPV80_Wp700,AUTUMN,80,700,130.0,9236.916660334682,9212.138828527548,24.777837485504385
17,DRIVING,2.703675319333325,2.7008009678642297,0.002874363012257213,VIPV80_Wp700,AUTUMN,80,700,130.0,351.47779151333225,351.1041258223499,0.3736671915934377
17,PARKED_OPEN,4.166988741222162,4.162090711032834,0.004898046469218134,VIPV80_Wp700,AUTUMN,80,700,130.0,541.708536358881,541.0717924342683,0.6367460409983574
6,DRIVING,0.8530965613333163,0.8530683954121494,2.816593649790386e-05,VIPV80_Wp700,WINTER,80,700,128.57142857142856,109.6838435999978,109.68022226727633,0.0036213346925876386
6,PARKED_OPEN,5586.101819099618,5030.301098929978,555.8007203115275,VIPV80_Wp700,WINTER,80,700,128.57142857142856,718213.0910270937,646752.9984338543,71460.09261148209
7,DRIVING,26.384908685333,26.33571474146314,0.04919394541545256,VIPV80_Wp700,WINTER,80,700,128.57142857142856,3392.3454023999566,3386.0204667595463,6.324935839129614
7,PARKED_OPEN,3595.178411112654,3359.495845883622,235.68256532770204,VIPV80_Wp700,WINTER,80,700,128.57142857142856,462237.2242859126,431935.1801850371,30302.044113561686
8,DRIVING,66.44047208924997,66.2689186674057,0.17155342750830524,VIPV80_Wp700,WINTER,80,700,128.57142857142856,8542.346411474995,8520.28954295216,22.056869251067813
8,PARKED_OPEN,2041.680692955618,1917.1227687962842,124.55792421069977,VIPV80_Wp700,WINTER,80,700,128.57142857142856,262501.803380008,246487.21313095078,16014.590255661396
9,DRIVING,107.97589210158367,107.73206634742652,0.2438257550240006,VIPV80_Wp700,WINTER,80,700,128.57142857142856,13882.614698775042,13851.265673240552,31.34902564594293
9,PARKED_OPEN,1191.311189686823,1139.4696109472725,51.84157876118965,VIPV80_Wp700,WINTER,80,700,128.57142857142856,153168.58153116293,146503.23569322072,6665.345840724383
10,DRIVING,173.6959661803343,173.32960937458338,0.36635680589006564,VIPV80_Wp700,WINTER,80,700,128.57142857142856,22332.33850890012,22285.235491017862,47.10301790015129
10,PARKED_OPEN,1206.3786562255502,1159.0387970213826,47.339859230286535,VIPV80_Wp700,WINTER,80,700,128.57142857142856,155105.8272289993,149019.27390274918,6086.553329608268
11,DRIVING,222.0889183286681,221.6936918722336,0.3952264577151807,VIPV80_Wp700,WINTER,80,700,128.57142857142856,28554.28949940018,28503.47466928717,50.81483027766609
11,PARKED_OPEN,1175.2121658574983,1139.6804680887649,35.53169781188045,VIPV80_Wp700,WINTER,80,700,128.57142857142856,151098.7070388212,146530.34589712688,4568.3611472417715
12,DRIVING,219.9820591124708,219.6766267475304,0.30543237671675477,VIPV80_Wp700,WINTER,80,700,128.57142857142856,28283.407600174814,28244.137724682478,39.26987700643989
12,PARKED_OPEN,994.6196671237271,973.0091557977206,21.61051137351093,VIPV80_Wp700,WINTER,80,700,128.57142857142856,127879.67148733632,125101.17717399263,2778.4943194514053
13,DRIVING,164.99351723108177,164.81033344942432,0.1831837863454049,VIPV80_Wp700,WINTER,80,700,128.57142857142856,21213.452215424797,21189.90001492598,23.552201101552054
13,PARKED_OPEN,612.098579835538,602.8639748353945,9.234605035958271,VIPV80_Wp700,WINTER,80,700,128.57142857142856,78698.38883599773,77511.08247883643,1187.3063617660632
14,DRIVING,112.6087906760829,112.4592283679689,0.14956232021234797,VIPV80_Wp700,WINTER,80,700,128.57142857142856,14478.273086924943,14459.043647310285,19.22944117015902
14,PARKED_OPEN,270.55514328111377,268.5563963760655,1.998746924743368,VIPV80_Wp700,WINTER,80,700,128.57142857142856,34785.661279000335,34528.67953406556,256.9817474670044
15,DRIVING,46.62229963611013,46.55224747711648,0.07005215908416652,VIPV80_Wp700,WINTER,80,700,128.57142857142856,5994.295667499873,5985.288961343546,9.006706167964266
15,PARKED_OPEN,64.71621068014062,64.65134962568197,0.06486105450784242,VIPV80_Wp700,WINTER,80,700,128.57142857142856,8320.655658875221,8312.316380444825,8.339278436722596
2,PARKED_OPEN,30210.41537817408,26498.30535552948,3712.1100232327626,VIPV80_Wp1000,SPRING,80,1000,131.42857142857142,3970511.7354171644,3482634.4181553028,487877.31733916304
3,DRIVING,0.008665801666665968,0.008665705836638452,9.58431382972667e-08,VIPV80_Wp1000,SPRING,80,1000,131.42857142857142,1.1389339333332413,1.138921338529625,1.2596526747640764e-05
3,PARKED_OPEN,16.392583418331373,16.392583418362698,8.843217579768136e-11,VIPV80_Wp1000,SPRING,80,1000,131.42857142857142,2154.45382069498,2154.4538206990974,1.1622514533409549e-08
4,DRIVING,0.5586465013888775,0.5575263613064779,0.0011201402773441192,VIPV80_Wp1000,SPRING,80,1000,131.42857142857142,73.42211161110961,73.27489320027995,0.14721843645094138
4,PARKED_OPEN,275.82532361157735,255.9097627529329,19.91556086125223,VIPV80_Wp1000,SPRING,80,1000,131.42857142857142,36251.32824609302,33633.85453324261,2617.47371319315
5,DRIVING,12.16161274722219,12.134800939534024,0.026811809607342287,VIPV80_Wp1000,SPRING,80,1000,131.42857142857142,1598.3833896349163,1594.859552053043,3.523837834107843
5,PARKED_OPEN,2259.345041058711,2042.3632285265642,216.98181255050935,VIPV80_Wp1000,SPRING,80,1000,131.42857142857142,296942.4911105734,268424.88146349124,28517.609649495513
6,DRIVING,181.97655394277683,181.57947979703667,0.3970741496175712,VIPV80_Wp1000,SPRING,80,1000,131.42857142857142,23916.918518193525,23864.731630467675,52.18688823545221
6,PARKED_OPEN,10617.850609174686,9769.917254139706,847.9333551084441,VIPV80_Wp1000,SPRING,80,1000,131.42857142857142,1395488.9372058157,1284046.2676869326,111442.66952853835
7,DRIVING,849.8957528525036,847.9608416389784,1.9349112339717456,VIPV80_Wp1000,SPRING,80,1000,131.42857142857142,111700.58466061475,111446.28204398001,254.30261932200082
7,PARKED_OPEN,23550.50547855228,21594.24697953637,1956.258499157565,VIPV80_Wp1000,SPRING,80,1000,131.42857142857142,3095209.291466871,2838101.031596208,257108.25988927996
8,DRIVING,646.8442251291734,645.3991221642599,1.4451029673302367,VIPV80_Wp1000,SPRING,80,1000,131.42857142857142,85013.8124455485,84823.88462730272,189.92781856340252
8,PARKED_OPEN,12615.939101977869,11672.979119228201,942.959982814589,VIPV80_Wp1000,SPRING,80,1000,131.42857142857142,1658094.8534028055,1534162.9699557063,123931.88345563169
9,DRIVING,638.6220554541734,637.5370173458725,1.0850381089216545,VIPV80_Wp1000,SPRING,80,1000,131.42857142857142,83933.18443111992,83790.57942260038,142.60500860113171
9,PARKED_OPEN,6744.076334441273,6409.064050142863,335.0122843332731,VIPV80_Wp1000,SPRING,80,1000,131.42857142857142,886364.3182408529,842334.1323044905,44030.18594094446
10,DRIVING,897.0212049244565,895.2559764342074,1.7652284917262742,VIPV80_Wp1000,SPRING,80,1000,131.42857142857142,117894.21550435713,117662.21404563867,232.001458912596
10,PARKED_OPEN,6841.127698727744,6500.826676119579,340.3010226521654,VIPV80_Wp1000,SPRING,80,1000,131.42857142857142,899119.6404042178,854394.3631471446,44725.27726285602
11,DRIVING,1141.3809009325066,1139.5473692875387,1.8335316558553172,VIPV80_Wp1000,SPRING,80,1000,131.42857142857142,150010.06126541513,149769.08282064792,240.9784461981274
11,PARKED_OPEN,7381.730510907147,7035.593140788825,346.13737017081917,VIPV80_Wp1000,SPRING,80,1000,131.42857142857142,970170.295719225,924677.9556465312,45492.34007959337
12,DRIVING,1186.5725699625043,1185.001019917415,1.571550046528253,VIPV80_Wp1000,SPRING,80,1000,131.42857142857142,155949.53776650055,155742.99118914598,206.54657754371323
12,PARKED_OPEN,6977.234437343482,6689.745972487695,287.48846490971124,VIPV80_Wp1000,SPRING,80,1000,131.42857142857142,917007.954622286,879223.756384097,37784.19824527633
13,DRIVING,995.5704899361192,994.3809706887807,1.1895192568459514,VIPV80_Wp1000,SPRING,80,1000,131.42857142857142,130846.40724874708,130690.0704333826,156.33681661403932
13,PARKED_OPEN,5075.509265586875,4923.9895614954885,151.51970414146015,VIPV80_Wp1000,SPRING,80,1000,131.42857142857142,667066.9320485606,647152.9137965499,19914.018258591903
14,DRIVING,843.5384747280469,842.3891291689858,1.1493455607269025,VIPV80_Wp1000,SPRING,80,1000,131.42857142857142,110865.0566785433,110713.99983363812,151.05684512410718
14,PARKED_OPEN,3332.466586641794,3264.5478482191525,67.91873846904117,VIPV80_Wp1000,SPRING,80,1000,131.42857142857142,437981.3228157786,429054.86005166,8926.46277021684
15,DRIVING,720.2566253963834,719.2277552885973,1.028870123191327,VIPV80_Wp1000,SPRING,80,1000,131.42857142857142,94662.29933781037,94527.0764093585,135.22293047657442
15,PARKED_OPEN,1884.5691129211923,1862.9104803569912,21.65863260576116,VIPV80_Wp1000,SPRING,80,1000,131.42857142857142,247686.2262696424,244839.6631326331,2846.5631424714666
16,DRIVING,385.152667920553,384.51568750000314,0.6369804218512871,VIPV80_Wp1000,SPRING,80,1000,131.42857142857142,50620.06492670124,50536.34750000041,83.71742687188345
16,PARKED_OPEN,835.2603211763367,829.5067325175407,5.75358868970831,VIPV80_Wp1000,SPRING,80,1000,131.42857142857142,109777.07078317567,109020.8848451625,756.1859420759492
17,DRIVING,88.42161902805472,88.30795361354843,0.11366542344480783,VIPV80_Wp1000,SPRING,80,1000,131.42857142857142,11621.12707225862,11606.188189209222,14.938884224174743
17,PARKED_OPEN,170.27030578332952,169.64287569272219,0.6274301130812253,VIPV80_Wp1000,SPRING,80,1000,131.42857142857142,22378.38304580902,22295.9208053292,82.46224343353246
18,DRIVING,9.992835038333032,9.981597652936573,0.011237387579885481,VIPV80_Wp1000,SPRING,80,1000,131.42857142857142,1313.344033609484,1311.8671201002353,1.4769137962135204
18,PARKED_OPEN,18.457406919167497,18.440824249675188,0.016582674386079844,VIPV80_Wp1000,SPRING,80,1000,131.42857142857142,2425.8306236620137,2423.6511871001676,2.1794372050276363
19,DRIVING,0.05730320916666627,0.05725420066037138,4.900872048882544e-05,VIPV80_Wp1000,SPRING,80,1000,131.42857142857142,7.531278919047566,7.524837801077381,0.006441146121388486
19,PARKED_OPEN,0.09848594666666385,0.09841377648116025,7.217052963542696e-05,VIPV80_Wp1000,SPRING,80,1000,131.42857142857142,12.943867276190105,12.934382051809632,0.009485269609227541
2,PARKED_OPEN,28046.696791848975,24749.319112641413,3297.3776798175177,VIPV80_Wp1000,SUMMER,80,1000,131.42857142857142,3686137.292643008,3252767.6548042996,433369.6379188737
3,DRIVING,0.019901530833333098,0.019900393333720085,1.1375117659577636e-06,VIPV80_Wp1000,SUMMER,80,1000,131.42857142857142,2.6156297666666353,2.615480266717497,0.00014950154638302033
3,PARKED_OPEN,16.32458403583109,16.32458403592803,1.0401028618724062e-10,VIPV80_Wp1000,SUMMER,80,1000,131.42857142857142,2145.5167589949433,2145.516759007684,1.366992332746591e-08
4,DRIVING,1.106169508888868,1.1042006788550296,0.001968830226884255,VIPV80_Wp1000,SUMMER,80,1000,131.42857142857142,145.38227831110834,145.1235177923753,0.25876054410478777
4,PARKED_OPEN,229.61590296030025,202.23252835766675,27.383374605150394,VIPV80_Wp1000,SUMMER,80,1000,131.42857142857142,30178.090103353745,26579.132298436198,3598.957805248337
5,DRIVING,18.617473689444207,18.57288117142289,0.04459252007438437,VIPV80_Wp1000,SUMMER,80,1000,131.42857142857142,2446.867970612667,2441.0072396727223,5.860731209776231
5,PARKED_OPEN,2185.0552012575026,2011.3871179109867,173.66808336513537,VIPV80_Wp1000,SUMMER,80,1000,131.42857142857142,287178.6835938432,264353.7354968725,22824.94809941779
6,DRIVING,200.86456594250106,200.40903582290238,0.45553012798157105,VIPV80_Wp1000,SUMMER,80,1000,131.42857142857142,26399.342952442992,26339.473279581453,59.86967396329219
6,PARKED_OPEN,9435.68154830152,8772.27047016202,663.4110782022959,VIPV80_Wp1000,SUMMER,80,1000,131.42857142857142,1240118.1463481996,1152926.976078437,87191.17027801603
7,DRIVING,791.1013143822254,789.2594347857661,1.8418796032837244,VIPV80_Wp1000,SUMMER,80,1000,131.42857142857142,103973.31560452103,103731.24000041495,242.07560500300374
7,PARKED_OPEN,20438.691644216487,18939.738614752438,1498.9530295863196,VIPV80_Wp1000,SUMMER,80,1000,131.42857142857142,2686228.0446684523,2489222.789367463,197005.25531705914
8,DRIVING,586.0200342483321,584.6434617394925,1.376572512109402,VIPV80_Wp1000,SUMMER,80,1000,131.42857142857142,77019.77592978078,76838.85497147615,180.92095873437853
8,PARKED_OPEN,11095.037298181027,10318.81936445772,776.2179337913492,VIPV80_Wp1000,SUMMER,80,1000,131.42857142857142,1458204.902046649,1356187.6879001574,102017.21415543446
9,DRIVING,528.320801718617,527.3553008622705,0.9655008570922973,VIPV80_Wp1000,SUMMER,80,1000,131.42857142857142,69436.44822587537,69309.55382761269,126.89439836070191
9,PARKED_OPEN,6021.245263735524,5686.448292062883,334.79697171784284,VIPV80_Wp1000,SUMMER,80,1000,131.42857142857142,791363.6632338116,747361.7755282646,44001.887711487914
10,DRIVING,755.8355904191723,754.4328675391671,1.402722888168786,VIPV80_Wp1000,SUMMER,80,1000,131.42857142857142,99338.39188366263,99154.03401943338,184.35786530218328
10,PARKED_OPEN,6077.530159842845,5781.413400424605,296.1167594641868,VIPV80_Wp1000,SUMMER,80,1000,131.42857142857142,798761.1067222024,759842.9040558052,38918.20267243598
11,DRIVING,936.6990202319424,935.2625663211695,1.4364539149083813,VIPV80_Wp1000,SUMMER,80,1000,131.42857142857142,123109.01408762671,122920.22300221084,188.79108595938723
11,PARKED_OPEN,6529.436412533822,6220.253328672657,309.18308390983987,VIPV80_Wp1000,SUMMER,80,1000,131.42857142857142,858154.4999330165,817519.0089112633,40635.491028150376
12,DRIVING,989.1775626841655,987.8871961418646,1.2903665426964024,VIPV80_Wp1000,SUMMER,80,1000,131.42857142857142,130006.19395277603,129836.60292150218,169.59103132581288
12,PARKED_OPEN,6390.475257576239,6123.741280141426,266.7339774919695,VIPV80_Wp1000,SUMMER,80,1000,131.42857142857142,839891.033852877,804834.5682471588,35056.46561323027
13,DRIVING,879.4881081083312,878.4609043992175,1.0272037126192832,VIPV80_Wp1000,SUMMER,80,1000,131.42857142857142,115589.86563709495,115454.86172104,135.00391651567722
13,PARKED_OPEN,5034.229139249817,4885.85880157065,148.3703377548521,VIPV80_Wp1000,SUMMER,80,1000,131.42857142857142,661641.5440156902,642141.4424921426,19500.101533494846
14,DRIVING,775.5110196833276,774.484616109007,1.026403583911702,VIPV80_Wp1000,SUMMER,80,1000,131.42857142857142,101924.30544409448,101789.40668861233,134.89875674268083
14,PARKED_OPEN,3540.973880377452,3451.576021977885,89.39785847527563,VIPV80_Wp1000,SUMMER,80,1000,131.42857142857142,465385.1385638937,453635.70574566483,11749.43282817908
15,DRIVING,731.7751932880539,730.7676829784577,1.0075103227211892,VIPV80_Wp1000,SUMMER,80,1000,131.42857142857142,96176.16826071564,96043.75262002587,132.41564241478486
15,PARKED_OPEN,2309.7735903391717,2280.332081258865,29.44150914759673,VIPV80_Wp1000,SUMMER,80,1000,131.42857142857142,303570.24330171966,299700.78782259364,3869.4554879698553
16,DRIVING,493.042855509722,492.3317496273634,0.7111058834755615,VIPV80_Wp1000,SUMMER,80,1000,131.42857142857142,64799.91815270632,64706.458522453475,93.4596303996452
16,PARKED_OPEN,1301.3585859533343,1287.6762449896148,13.6823410365514,VIPV80_Wp1000,SUMMER,80,1000,131.42857142857142,171035.6998681525,169237.4493414922,1798.2505362324694
17,DRIVING,184.94692614111145,184.7213646444521,0.22556150615429496,VIPV80_Wp1000,SUMMER,80,1000,131.42857142857142,24307.31029283179,24277.66506755656,29.645226523135907
17,PARKED_OPEN,406.8020027149706,404.55890934841165,2.243093430119625,VIPV80_Wp1000,SUMMER,80,1000,131.42857142857142,53465.40607111042,53170.59951436267,294.8065651014364
18,DRIVING,30.61806616222186,30.58560107367941,0.03246509579813744,VIPV80_Wp1000,SUMMER,80,1000,131.42857142857142,4024.0886956063014,4019.821855397865,4.26684116204092
18,PARKED_OPEN,68.08828327333632,67.85465086705243,0.23363244270371467,VIPV80_Wp1000,SUMMER,80,1000,131.42857142857142,8948.745801638486,8918.039828241175,30.70597818391678
19,DRIVING,3.219255699999954,3.216403945565318,0.0028517602171328105,VIPV80_Wp1000,SUMMER,80,1000,131.42857142857142,423.1021777142796,422.72737570287035,0.3748027713945979
19,PARKED_OPEN,5.415117347777575,5.413565284761537,0.0015520725708610557,VIPV80_Wp1000,SUMMER,80,1000,131.42857142857142,711.7011371364813,711.4971517115163,0.20398668074173873
4,DRIVING,0.006434306666666684,0.006434306726384287,9.77476437458158e-12,VIPV80_Wp1000,AUTUMN,80,1000,130.0,0.8364598666666689,0.8364598744299573,1.2707193686956053e-09
4,PARKED_OPEN,11276.213669590208,9864.0605231786,1412.1531467321265,VIPV80_Wp1000,AUTUMN,80,1000,130.0,1465907.777046727,1282327.8680132178,183579.90907517646
5,DRIVING,0.8661225305555458,0.8650968443499542,0.0010256883537543705,VIPV80_Wp1000,AUTUMN,80,1000,130.0,112.59592897222095,112.46258976549404,0.13333948598806816
5,PARKED_OPEN,980.7974480603831,908.6409595832972,72.15648849783169,VIPV80_Wp1000,AUTUMN,80,1000,130.0,127503.6682478498,118123.32474582864,9380.34350471812
6,DRIVING,33.523402546666105,33.45326176658636,0.07014078026423431,VIPV80_Wp1000,AUTUMN,80,1000,130.0,4358.042331066594,4348.924029656227,9.11830143435046
6,PARKED_OPEN,4168.029835890941,3932.268703875879,235.76113209053608,VIPV80_Wp1000,AUTUMN,80,1000,130.0,541843.8786658223,511194.9315038643,30648.94717176969
7,DRIVING,261.2776670866644,260.5747638813874,0.7029032080505474,VIPV80_Wp1000,AUTUMN,80,1000,130.0,33966.096721266375,33874.719304580365,91.37741704657117
7,PARKED_OPEN,9142.538274939247,8613.31711917896,529.2211559338036,VIPV80_Wp1000,AUTUMN,80,1000,130.0,1188529.9757421021,1119731.2254932649,68798.75027139447
8,DRIVING,249.7940064599975,249.10324297746385,0.6907634928745248,VIPV80_Wp1000,AUTUMN,80,1000,130.0,32473.220839799673,32383.4215870703,89.79925407368822
8,PARKED_OPEN,5142.838227624678,4883.870755935277,258.96747179262724,VIPV80_Wp1000,AUTUMN,80,1000,130.0,668568.9695912082,634903.198271586,33665.77133304154
9,DRIVING,248.85593577833393,248.35342455990977,0.5025112245151678,VIPV80_Wp1000,AUTUMN,80,1000,130.0,32351.27165118341,32285.94519278827,65.32645918697182
9,PARKED_OPEN,2830.8859869137937,2693.6304473626733,137.25553959628695,VIPV80_Wp1000,AUTUMN,80,1000,130.0,368015.17829879315,350171.9581571475,17843.220147517302
10,DRIVING,423.60416694500316,422.79721245788346,0.8069544902942699,VIPV80_Wp1000,AUTUMN,80,1000,130.0,55068.54170285041,54963.63761952485,104.90408373825508
10,PARKED_OPEN,2985.5052178184396,2863.0665280140133,122.43868985321824,VIPV80_Wp1000,AUTUMN,80,1000,130.0,388115.6783163971,372198.64864182175,15917.029680918371
11,DRIVING,521.3419381411101,520.5052522932175,0.8366858563953221,VIPV80_Wp1000,AUTUMN,80,1000,130.0,67774.4519583443,67665.68279811827,108.76916133139187
11,PARKED_OPEN,2957.2071044307995,2866.3427420337634,90.86436245315943,VIPV80_Wp1000,AUTUMN,80,1000,130.0,384436.92357600393,372624.55646438926,11812.367118910726
12,DRIVING,545.1547030430597,544.4374302365143,0.7172728173125988,VIPV80_Wp1000,AUTUMN,80,1000,130.0,70870.11139559776,70776.86593074686,93.24546625063785
12,PARKED_OPEN,2560.836781466016,2491.7462713589007,69.09051016016177,VIPV80_Wp1000,AUTUMN,80,1000,130.0,332908.7815905821,323927.01527665707,8981.76632082103
13,DRIVING,405.8558001105548,405.3880589292002,0.46774118930992953,VIPV80_Wp1000,AUTUMN,80,1000,130.0,52761.25401437213,52700.447660796024,60.80635461029084
13,PARKED_OPEN,1641.1133174235922,1609.6928595625373,31.420457897592986,VIPV80_Wp1000,AUTUMN,80,1000,130.0,213344.73126506698,209260.07174312984,4084.659526687088
14,DRIVING,282.83917872333706,282.4842941845876,0.35488454044300793,VIPV80_Wp1000,AUTUMN,80,1000,130.0,36769.09323403382,36722.95824399639,46.134990257591035
14,PARKED_OPEN,857.9373667779361,845.8629449316506,12.074421873054845,VIPV80_Wp1000,AUTUMN,80,1000,130.0,111531.85768113169,109962.18284111458,1569.6748434971298
15,DRIVING,168.8000630036116,168.58240988181572,0.21765312312068757,VIPV80_Wp1000,AUTUMN,80,1000,130.0,21944.008190469507,21915.713284636044,28.294906005689384
15,PARKED_OPEN,354.4565460844712,352.2964362296363,2.160109889161246,VIPV80_Wp1000,AUTUMN,80,1000,130.0,46079.35099098126,45798.53670985272,280.81428559096196
16,DRIVING,62.23081095555423,62.14535821360453,0.0854527528374684,VIPV80_Wp1000,AUTUMN,80,1000,130.0,8090.00542422205,8078.896567768589,11.10885786887089
16,PARKED_OPEN,103.38458069638233,103.08116758456482,0.30341314849311657,VIPV80_Wp1000,AUTUMN,80,1000,130.0,13439.995490529704,13400.551785993428,39.443709304105155
17,DRIVING,3.8619120244444605,3.8575998619421177,0.004312170918141257,VIPV80_Wp1000,AUTUMN,80,1000,130.0,502.04856317777984,501.4879820524753,0.5605822193583634
17,PARKED_OPEN,6.0013221216667505,5.993528017959856,0.007794115774827751,VIPV80_Wp1000,AUTUMN,80,1000,130.0,780.1718758166776,779.1586423347813,1.0132350507276078
6,DRIVING,1.2177656666666288,1.2177492064712598,1.646075267301408e-05,VIPV80_Wp1000,WINTER,80,1000,128.57142857142856,156.56987142856653,156.56775511773338,0.0021163824865303815
6,PARKED_OPEN,7958.959754738737,7170.364081965535,788.5956730209095,VIPV80_Wp1000,WINTER,80,1000,128.57142857142856,1023294.8256092661,921903.9533955686,101390.8722455455
7,DRIVING,37.6772835022217,37.608566670019854,0.06871684195480081,VIPV80_Wp1000,WINTER,80,1000,128.57142857142856,4844.222164571361,4835.387143288266,8.835022537045818
7,PARKED_OPEN,5146.296171588833,4809.426953619072,336.869218115963,VIPV80_Wp1000,WINTER,80,1000,128.57142857142856,661666.6506328499,618354.8940367377,43311.75661490952
8,DRIVING,94.89507274166738,94.65301741358468,0.24205532896031492,VIPV80_Wp1000,WINTER,80,1000,128.57142857142856,12200.795066785804,12169.673667460886,31.12139943775477
8,PARKED_OPEN,2890.3109609864596,2728.8579860995046,161.452974967203,VIPV80_Wp1000,WINTER,80,1000,128.57142857142856,371611.4092696876,350853.16964136483,20758.239638640385
9,DRIVING,154.28553931333315,153.94732805159876,0.33821126722672334,VIPV80_Wp1000,WINTER,80,1000,128.57142857142856,19836.712197428544,19793.22789234841,43.48430578629299
9,PARKED_OPEN,1661.870090955789,1591.8174478345459,70.05264316505328,VIPV80_Wp1000,WINTER,80,1000,128.57142857142856,213669.0116943157,204662.24329301302,9006.768406935422
10,DRIVING,248.15150894333087,247.68295457740706,0.4685543717955657,VIPV80_Wp1000,WINTER,80,1000,128.57142857142856,31905.194006999678,31844.951302809473,60.242704945144155
10,PARKED_OPEN,1709.5385716376918,1651.9354501571484,57.603121516218216,VIPV80_Wp1000,WINTER,80,1000,128.57142857142856,219797.8163534175,212391.70073449047,7406.11562351377
11,DRIVING,317.3177571277759,316.7769029025952,0.540854225749355,VIPV80_Wp1000,WINTER,80,1000,128.57142857142856,40797.997344999756,40728.45894461938,69.53840045348849
11,PARKED_OPEN,1670.0874689595125,1624.7316892491065,45.35577975474776,VIPV80_Wp1000,WINTER,80,1000,128.57142857142856,214725.53172336586,208894.07433202796,5831.4573970389965
12,DRIVING,314.15055489110983,313.7473908425733,0.40316405506506,VIPV80_Wp1000,WINTER,80,1000,128.57142857142856,40390.785628856975,40338.95025118799,51.83537850836485
12,PARKED_OPEN,1420.7348231778917,1385.2082948220252,35.52652841653202,VIPV80_Wp1000,WINTER,80,1000,128.57142857142856,182665.90583715748,178098.20933426035,4567.696510696973
13,DRIVING,235.78662651360943,235.5155655337688,0.2710609899066802,VIPV80_Wp1000,WINTER,80,1000,128.57142857142856,30315.42340889264,30280.572711484558,34.85069870228745
13,PARKED_OPEN,863.9426756994595,850.9849906526197,12.957685101750073,VIPV80_Wp1000,WINTER,80,1000,128.57142857142856,111078.34401850193,109412.3559410511,1665.9880845107234
14,DRIVING,160.86628439472145,160.6552841194408,0.21100028735253015,VIPV80_Wp1000,WINTER,80,1000,128.57142857142856,20682.80799360704,20655.679386785243,27.128608373896732
14,PARKED_OPEN,386.5496778327864,383.61920578802375,2.930472082178088,VIPV80_Wp1000,WINTER,80,1000,128.57142857142856,49699.24429278682,49322.46931560305,376.7749819943255
15,DRIVING,66.58488873888881,66.49498322986692,0.08990552016982034,VIPV80_Wp1000,WINTER,80,1000,128.57142857142856,8560.91426642856,8549.354986697173,11.559281164691185
15,PARKED_OPEN,90.99174163472077,90.92945678457276,0.06228486398648403,VIPV80_Wp1000,WINTER,80,1000,128.57142857142856,11698.938210178383,11690.930158016497,8.008053941119375
