location_key,HexID
321855.843|6395459.395,160
324481.806|6401260.872,323
318225.994|6399292.052,246
325564.079|6406074.823,470
317287.387|6400280.97,289
320306.775|6400028.732,272
327756.217|6403439.268,402
316060.047|6396218.713,174
316616.843|6398594.777,225
320472.85|6397799.482,213
317490.903|6398776.622,226
316971.231|6394463.597,137
319536.225|6404036.136,419
324114.25|6411712.376,586
316367.314|6395720.398,174
320853.304|6399715.852,273
325208.21|6403536.816,399
317071.225|6398317.373,225
328237.37|6394044.648,125
317776.34|6393942.517,113
319003.149|6400265.239,291
315681.925|6394704.246,135
314816.285|6401746.389,312
319365.01|6399863.102,271
326609.177|6395445.918,164
323367.269|6405508.96,468
308751.152|6403099.984,357
330417.284|6405821.25,473
322858.94|6401015.279,321
322874.287|6392392.999,76
317749.037|6402921.268,365
323685.122|6393767.368,120
323007.255|6400586.711,296
317433.521|6395792.716,175
316982.405|6404771.351,441
328723.708|6403252.597,378
314761.437|6393985.585,110
322683.49|6405301.268,447
328039.603|6394833.514,149
316707.333|6404683.774,416
324368.481|6406156.559,469
316743.804|6399103.083,245
317024.384|6399844.307,268
321830.892|6393880.742,118
321249.151|6404399.847,421
311959.759|6395623.451,151
318097.799|6402261.898,340
315193.945|6394972.579,135
325900.215|6400851.216,299
328729.432|6401953.778,352
319738.073|6399436.432,248
316894.498|6395616.101,156
315555.009|6400076.231,267
329476.104|6399072.233,253
310430.757|6402110.867,334
322832.329|6407140.945,499
317989.129|6398849.078,246
318852.891|6394514.752,139
323314.054|6401972.489,346
319463.531|6400237.916,292
317107.395|6402608.874,365
319789.772|6398663.564,248
325170.094|6404885.257,450
320462.396|6398728.226,249
313830.152|6395484.391,153
319317.138|6405254.458,444
328655.49|6402748.833,378
320820.485|6398909.106,249
319587.527|6398360.055,228
309231.85|6403306.363,382
317778.787|6400058.323,269
321081.065|6404624.452,421
320727.633|6405340.118,445
324500.977|6405829.903,469
320197.016|6405049.836,445
320960.767|6398034.949,230
312023.372|6405904.092,456
321150.51|6393776.583,117
321548.801|6407103.435,498
321708.278|6391759.051,59
320568.933|6398391.546,230
321508.358|6395093.219,160
324078.827|6401726.277,347
323406.127|6404946.811,448
321159.378|6402470.642,369
317098.992|6396645.423,193
322331.093|6395126.41,161
317178.883|6399359.473,245
325260.634|6403767.909,399
326538.5|6408549.904,536
314676.986|6402944.33,362
314854.706|6394602.376,134
325300.535|6407172.782,502
317042.86|6399274.939,245
323190.178|6407542.054,500
318674.657|6401352.325,316
316423.307|6396608.285,192
323830.759|6412321.113,
321785.36|6407574.849,498
321710.4|6400785.069,294
318252.841|6401341.805,316
319728.75|6398713.396,248
320993.707|6394351.754,142
316073.592|6411278.456,571
314456.577|6394118.773,134
318151.652|6403788.058,391
316282.19|6392630.129,87
325810.051|6392913.147,97
323600.259|6409365.509,552
316044.917|6396187.853,174
326051.828|6409810.539,554
324330.674|6406479.438,486
321502.197|6396505.173,178
328220.136|6393236.518,100
328370.539|6403554.109,403
329348.052|6401971.257,353
321912.987|6393385.114,118
323636.43|6400977.224,322
321728.366|6407918.883,512
320271.533|6399452.081,272
319055.14|6397269.927,211
322420.332|6406866.427,484
318944.67|6397921.296,211
328710.811|6402186.867,352
320010.119|6396836.692,196
322235.004|6402565.095,370
316762.018|6395058.791,156
315952.195|6394647.682,136
315390.778|6401826.26,337
321170.224|6404451.302,421
319453.535|6400858.714,292
317969.555|6401559.797,316
324990.604|6405608.475,470
315661.172|6394067.498,111
319092.17|6399086.534,247
317195.869|6401386.293,315
314906.054|6395893.283,172
317385.84|6399008.204,245
322454.147|6401312.497,321
324738.178|6405974.537,469
313136.348|6402876.217,361
312789.568|6402809.819,361
318299.438|6402855.644,366
315402.456|6396558.679,191
313832.936|6396665.635,189
316552.157|6400517.52,288
318990.041|6405066.825,443
316168.265|6393692.647,111
319668.858|6404186.065,419
316329.156|6398059.688,225
325496.128|6402430.094,349
323629.371|6410272.497,566
319845.036|6392819.225,91
328035.447|6403894.63,403
315782.208|6401290.716,313
313472.945|6397165.27,205
321386.11|6393302.062,93
321275.795|6411796.861,584
317286.542|6391120.711,43
325875.475|6402929.141,375
316616.233|6393604.68,112
316858.759|6397194.956,192
314551.673|6394875.086,134
323084.552|6409123.459,551
323940.535|6405890.505,468
316845.911|6401765.271,339
325629.395|6404445.6,426
321529.366|6409303.008,549
320757.458|6409931.762,548
321267.525|6399237.567,250
312323.999|6400944.393,311
321572.199|6406996.166,498
326200.183|6387797.374,3
317122.561|6392417.204,71
318155.41|6399269.348,246
325587.526|6411025.658,580
320814.635|6401693.746,319
321379.733|6396355.689,178
316050.364|6392394.2,69
321586.231|6398464.913,231
323594.568|6404194.789,424
304612.834|6400262.653,
318816.811|6399642.367,271
325522.597|6402379.998,349
315073.245|6401606.055,312
316483.046|6395069.236,156
312987.03|6403178.937,361
315421.426|6403441.569,388
325029.595|6405507.347,470
317533.287|6399322.974,246
325185.382|6406148.723,470
327294.953|6397143.52,201
324925.44|6401201.575,324
315715.664|6395434.366,155
319214.943|6394199.373,115
320703.872|6400182.949,293
331537.9|6398225.692,235
315698.904|6392867.889,86
323758.302|6405137.179,449
326983.703|6403626.237,401
324950.077|6403226.425,399
320073.462|6400192.947,272
322343.792|6410097.685,565
320102.565|6398763.408,229
318072.169|6398328.301,227
314093.593|6393056.603,85
314375.792|6396309.948,172
324925.829|6388883.562,11
324974.19|6401129.313,324
317243.722|6397541.946,209
323896.261|6408205.076,515
316780.995|6397747.8,209
314744.972|6391632.997,53
317881.585|6400252.188,290
314469.982|6391510.702,53
321707.954|6397704.292,214
321185.911|6404754.726,446
322560.666|6391247.939,46
321534.53|6394544.737,142
313413.265|6402766.123,361
325170.475|6405949.462,470
321290.525|6404027.591,421
316563.386|6392555.607,70
318391.831|6393642.962,114
322521.889|6394546.75,143
310100.245|6401084.261,308
326690.616|6396165.399,183
329449.799|6401475.433,328
316832.683|6396397.246,175
315718.893|6395192.288,155
323524.791|6393280.702,95
322399.946|6394678.871,143
319367.588|6396589.872,195
323731.9|6401066.988,322
320866.965|6411736.459,584
317668.996|6391756.627,57
316226.269|6400914.919,288
326582.623|6396659.234,200
321589.725|6409896.659,549
317685.795|6399247.267,246
320589.717|6399391.558,249
325701.652|6405574.623,470
326026.909|6401156.306,325
320647.525|6410837.958,574
331046.781|6409985.971,557
318890.727|6405324.368,443
313212.338|6394783.554,133
318084.163|6387158.398,
325412.285|6401645.668,324
316215.962|6404275.438,416
322906.967|6404263.479,423
323648.465|6402083.263,347
316033.875|6399782.749,267
317475.325|6401812.807,315
320964.873|6395272.369,159
324373.172|6400637.602,297
304995.24|6402190.378,
323158.962|6401752.372,346
325114.404|6401790.264,348
331443.399|6410288.015,570
319115.014|6405268.254,443
317614.748|6395583.69,157
320300.44|6404501.348,420
321918.07|6392358.654,75
324232.826|6403482.244,398
316486.911|6395998.982,174
316970.673|6398995.452,245
327087.882|6390150.372,34
317814.457|6399989.368,269
320943.296|6396718.037,197
313109.384|6409154.981,524
327578.442|6402897.92,377
314100.489|6394861.703,134
314397.151|6405012.292,438
323045.446|6403629.584,397
311544.972|6406585.0,476
315878.05|6393515.175,111
320879.838|6397842.008,213
308551.044|6401354.853,307
325639.03|6403641.198,400
320329.944|6395881.704,177
318901.615|6399567.165,271
314613.019|6393739.634,110
324707.577|6411748.842,586
316521.91|6399959.224,268
317322.963|6396160.742,175
330650.453|6404332.047,432
315210.187|6393368.312,86
326457.709|6396833.943,200
316325.05|6401807.426,338
317525.379|6398635.491,226
316101.368|6399008.103,244
317139.96|6394338.497,137
328279.052|6402263.461,352
314163.748|6394472.548,134
314904.363|6396247.636,172
313282.347|6403069.931,361
324241.857|6389219.266,20
318525.207|6392814.627,90
323156.673|6395485.987,
328536.125|6393973.75,126
308396.676|6405060.983,
319838.493|6405347.415,444
316741.312|6394169.825,112
327656.035|6395260.402,165
315045.802|6400303.663,287
318784.032|6398588.606,227
318564.471|6397467.224,211
321078.094|6406623.765,483
319136.123|6397284.69,211
318914.956|6397491.872,211
328058.777|6403373.518,403
316739.602|6401083.712,314
316649.739|6396127.724,175
316816.94|6396205.75,175
319949.149|6398033.804,229
310613.641|6406490.423,475
312917.002|6395771.184,170
324709.018|6409014.123,534
315366.881|6393015.457,86
314808.462|6402245.3,
317231.992|6387002.084,
319552.151|6400315.23,292
319565.248|6398907.174,248
315209.98|6392943.118,86
319506.33|6399946.028,271
319424.226|6405960.364,463
316537.625|6405326.913,440
314702.215|6393463.776,110
321264.974|6411769.022,584
328275.385|6402325.253,352
320568.836|6395238.029,159
316183.951|6394367.511,136
317768.74|6392208.57,71
315567.451|6397416.428,207
320534.324|6400498.954,293
312950.104|6395229.156,152
320814.526|6400221.272,273
326273.197|6402621.945,375
321550.773|6400659.494,294
315606.41|6404019.021,415
326130.926|6393283.15,97
326509.915|6401974.546,350
315126.87|6403745.62,388
323757.963|6406036.616,468
314775.649|6404371.502,414
322771.636|6392791.254,76
318954.957|6398890.822,247
323142.843|6392419.374,77
320815.521|6394750.125,141
316449.378|6402877.75,364
321321.689|6406398.955,483
315043.682|6400880.542,287
320466.653|6403249.244,394
313843.28|6396967.098,189
309090.781|6388845.523,5
319214.764|6399031.7,247
329283.324|6401834.15,353
321240.954|6410006.435,563
316569.052|6393974.092,112
324428.24|6400776.211,297
316762.356|6394316.678,137
315389.535|6401325.569,313
320311.352|6394581.54,141
330818.59|6392439.523,80
316877.543|6396302.361,175
314470.276|6395008.594,134
322872.215|6412906.43,
305463.894|6400546.887,278
323333.637|6405436.212,448
322664.882|6394983.344,161
317113.99|6392001.522,56
333295.433|6396956.972,
311962.52|6410930.644,
308747.08|6403313.909,381
321146.032|6400907.679,294
324690.759|6409095.73,534
319242.396|6401320.746,317
322746.674|6390620.434,46
317222.137|6396757.283,193
316385.135|6403603.958,389
316933.076|6396444.424,175
313594.688|6392983.25,84
320080.29|6398421.856,229
317269.534|6396726.641,193
328249.714|6393777.856,125
315249.212|6396838.302,190
315881.039|6399364.268,244
322577.652|6393668.06,119
315720.006|6399377.18,267
314356.815|6412810.219,
318177.962|6398526.158,227
320563.802|6411852.951,584
315946.195|6400579.483,288
323115.709|6403035.018,371
315663.066|6397881.017,207
325991.058|6405111.531,451
315470.858|6396510.363,191
322351.757|6394593.383,143
321984.072|6401752.582,345
320583.999|6399273.812,249
317332.627|6390711.582,43
306989.782|6400049.091,258
330599.353|6404856.212,452
321946.391|6397325.245,215
321627.679|6401407.725,320
315914.658|6397675.382,208
329144.852|6393607.952,126
314778.95|6397435.35,206
330288.6|6398836.57,254
322774.23|6391111.219,46
317012.7|6400447.5,289
315182.504|6403556.945,388
320504.378|6395625.542,177
308678.031|6401295.798,307
321608.555|6398482.483,231
320762.192|6398206.318,230
309598.291|6403763.365,382
317698.349|6394923.807,138
319184.775|6399281.558,247
326296.876|6388525.777,13
323556.102|6406309.428,468
317934.957|6393020.071,89
319865.1|6400330.57,292
318624.837|6399721.869,270
314495.681|6394265.007,134
328823.12|6401951.826,353
317803.243|6399992.516,269
329053.757|6393248.516,101
316984.483|6395061.782,156
315710.009|6400383.751,287
328203.104|6403042.108,377
313811.964|6394840.182,133
327534.464|6394689.74,148
315462.918|6392999.548,86
315641.593|6399363.335,243
321453.712|6401433.913,320
322798.796|6393425.732,119
323703.434|6407621.855,500
323574.185|6404690.176,424
315236.759|6399670.434,266
325162.849|6405849.614,470
319391.579|6400475.652,292
308545.798|6405015.237,
316681.162|6405227.357,441
321973.627|6396820.263,198
327755.338|6393737.06,125
313679.688|6396501.916,171
322998.219|6393825.485,119
316789.479|6404129.894,416
318224.772|6394251.602,138
314469.305|6391226.712,53
312607.006|6393575.232,107
318147.371|6391830.196,57
323539.399|6408203.809,514
314452.12|6400937.142,286
316959.173|6391667.622,56
324034.296|6401628.272,347
316501.538|6411267.919,571
314025.36|6396976.9,189
316873.226|6399294.561,245
313344.936|6394810.61,133
315245.699|6393455.576,86
330073.075|6399960.895,
323962.446|6405362.629,449
317304.624|6400803.581,289
321539.482|6395140.108,160
328212.035|6402803.837,377
324199.389|6407928.578,515
318748.877|6404131.396,418
325429.338|6410138.489,568
308022.749|6403300.809,356
315527.114|6399336.717,243
320654.677|6411998.178,584
327262.59|6392959.75,99
325803.574|6410347.046,569
312993.539|6403296.61,386
316790.458|6402662.476,364
323621.216|6411005.048,578
324202.401|6401622.008,323
307615.031|6400965.297,280
331401.268|6409699.979,558
315973.124|6395110.628,155
328574.045|6404074.51,430
316795.142|6388459.097,6
326951.821|6408948.952,537
328057.493|6403449.677,403
314528.588|6401510.276,312
322624.949|6393176.316,94
315088.128|6392900.022,86
314476.018|6397351.412,206
323204.043|6404908.768,448
316597.644|6404960.145,440
317924.992|6404391.215,417
320144.181|6403360.909,394
314824.69|6402583.527,362
319792.521|6397675.052,212
323330.928|6390855.246,47
323705.474|6393850.282,120
315754.908|6394007.36,111
319498.68|6401884.502,342
323363.471|6411255.882,577
327997.123|6408151.844,520
322152.171|6399153.034,251
317952.196|6397239.963,210
321483.15|6392917.493,93
322861.492|6395383.996,161
320754.348|6400135.533,273
324562.099|6405482.875,469
321563.713|6392543.53,75
320480.289|6397062.788,196
330503.472|6403653.078,406
323374.654|6408461.222,533
330180.054|6399793.559,
322378.203|6400951.447,295
317235.119|6393682.335,113
322924.991|6394704.252,144
318368.266|6399110.808,246
313543.724|6395535.283,152
321101.861|6409480.452,549
329112.091|6393583.845,126
324151.678|6408970.16,534
305747.897|6400201.042,278
321645.516|6393292.546,93
313583.241|6394375.465,133
317316.926|6390629.78,43
321675.023|6400653.478,294
316374.637|6398865.451,244
322950.164|6393820.266,119
327435.633|6404225.727,428
321892.026|6391281.845,45
319347.217|6404053.129,419
306979.793|6399119.932,236
323062.635|6403679.795,397
322657.405|6401028.812,321
323197.997|6404843.877,448
328419.652|6393210.79,100
319558.528|6400196.433,292
319495.948|6399377.316,248
327015.389|6397225.915,201
318600.846|6403562.162,392
328612.289|6401970.595,352
331193.389|6391709.344,64
307277.935|6400276.792,280
322600.99|6402962.794,371
318041.944|6402411.455,340
315087.783|6396195.453,173
317366.099|6392203.446,71
317405.698|6403747.877,390
328949.719|6401362.679,327
321722.959|6400319.441,294
314612.373|6396368.194,172
312414.904|6404253.743,412
308415.422|6403386.058,381
323411.56|6403968.982,424
319523.379|6394151.105,115
315557.156|6400697.361,287
325802.299|6405401.475,451
308092.22|6400999.086,306
319626.924|6402880.804,367
320993.7|6394917.98,159
326649.934|6395504.729,164
326720.353|6387495.568,
313711.365|6396763.79,189
324768.19|6410076.851,567
316816.392|6398328.518,225
321821.706|6394788.173,142
318021.73|6401582.135,316
328056.462|6403551.258,403
317989.07|6387575.093,2
316399.12|6398729.557,244
312044.78|6404384.674,412
308342.955|6401147.651,306
323354.852|6401451.284,322
319800.808|6396431.237,176
328001.462|6402401.973,377
320973.649|6409458.877,549
305351.177|6400953.948,303
323190.389|6403575.75,397
321057.853|6397297.289,214
317092.936|6392049.952,56
323762.195|6406837.129,486
314644.622|6392314.487,68
317508.501|6390472.541,43
313069.702|6402810.104,361
322627.022|6392316.928,76
328740.914|6393191.247,100
328652.785|6402806.711,378
314937.708|6401657.106,312
322046.817|6402985.871,370
320336.382|6396415.036,177
325690.46|6392806.539,97
310002.961|6400060.129,260
309121.606|6404882.074,434
323804.053|6411163.57,578
307675.29|6401249.093,306
328929.153|6401976.467,353
325284.423|6403799.063,399
319478.483|6399925.8,271
316311.186|6395550.699,156
311912.877|6409663.849,541
316672.854|6397883.428,225
326758.002|6393552.602,124
316899.499|6406071.013,460
325177.98|6406049.248,470
315681.922|6397113.469,191
332027.964|6409595.179,558
325565.535|6405769.032,470
309174.718|6388499.396,5
304041.988|6402389.932,
317132.1|6387706.754,1
324807.417|6409648.181,553
323559.931|6407681.062,500
327137.178|6392898.738,99
320480.241|6394732.554,141
325161.748|6401236.334,324
318848.532|6411984.712,
314815.686|6403273.598,362
327505.221|6402285.394,351
321323.403|6397432.778,214
314902.364|6400108.762,266
327229.794|6395029.269,164
316452.127|6402294.536,338
315815.136|6400419.329,288
323099.423|6392467.655,76
319917.553|6397262.362,212
319418.83|6405293.036,444
304522.919|6400766.567,
316432.076|6402813.746,364
320579.084|6397096.761,197
313127.898|6402893.915,361
321263.881|6404662.396,421
314325.911|6394969.854,134
324113.727|6407220.601,501
321125.838|6396501.074,197
323944.791|6388703.036,10
319355.603|6400647.486,292
325367.744|6405907.894,470
321486.788|6402572.508,370
323345.709|6394566.062,144
308013.464|6403042.332,356
313367.685|6403111.28,361
319840.524|6401139.112,318
330149.844|6399458.485,254
307301.431|6401403.412,305
321625.79|6409605.802,549
319912.439|6399183.533,248
327674.268|6403037.407,377
316718.93|6398256.168,225
322012.806|6397238.021,215
331573.037|6410171.913,570
319340.075|6399733.206,271
320844.163|6409471.244,548
321176.295|6404892.5,446
327918.362|6394296.89,125
314432.472|6390677.217,39
319333.055|6398869.526,248
321096.751|6409938.885,563
324325.24|6406108.533,469
325998.724|6401948.275,349
326164.6|6410462.484,569
316313.754|6401127.968,314
322912.842|6401600.036,321
317700.548|6402232.849,340
320397.129|6397797.632,213
322537.555|6392307.613,76
322422.545|6392637.735,76
318958.596|6399881.504,271
319639.811|6400881.962,292
321131.581|6396570.811,197
326051.291|6402638.662,375
322867.13|6402543.084,371
326702.506|6395426.747,164
317514.522|6392595.066,71
318295.689|6388439.234,7
312788.934|6402582.842,361
319963.002|6403777.761,393
326031.423|6405181.655,451
330133.351|6403461.976,405
320576.167|6394856.706,141
321463.677|6400731.342,294
323930.152|6402359.753,347
307868.599|6402107.999,331
308763.254|6403616.124,381
314858.617|6404236.492,414
320762.421|6397405.027,213
327484.668|6392827.128,99
317814.873|6404062.539,417
319329.9|6404713.898,419
320642.272|6393788.097,117
321785.037|6399579.906,274
308487.465|6401505.499,307
307486.978|6401290.138,305
314380.375|6400480.64,286
316318.664|6403878.813,389
322888.631|6400511.863,296
321907.867|6394341.981,143
323219.436|6411245.012,577
316711.977|6388594.516,6
320565.089|6397119.849,213
325528.825|6393305.73,97
317979.047|6403910.223,391
315333.626|6403996.578,388
319469.216|6399950.516,271
332135.354|6398162.11,
319087.756|6403158.122,367
315717.352|6393995.23,111
319567.401|6400833.125,292
313717.518|6397097.306,189
311338.685|6400661.22,283
321392.562|6407895.657,512
325307.32|6401524.561,324
326167.787|6394281.736,123
318831.738|6398029.265,211
321681.831|6409597.438,549
320251.991|6401221.208,318
316591.765|6405543.761,460
315306.945|6400041.743,266
326361.115|6401792.912,350
318332.982|6402853.101,366
319187.333|6398928.144,247
321501.061|6394973.026,142
312790.675|6397361.433,204
318472.645|6398394.535,227
319453.068|6406096.851,463
319911.491|6393437.348,91
325775.806|6405967.614,471
315232.411|6399781.166,266
312705.507|6394646.328,132
323534.548|6402518.433,372
317809.946|6393014.287,89
313387.81|6396955.48,188
320890.334|6402864.688,369
319802.525|6405059.892,444
322091.083|6402478.595,345
320406.962|6393340.523,92
316835.646|6398957.06,245
304697.75|6401916.254,
327955.738|6402629.366,377
326383.509|6401039.251,325
315927.977|6401422.25,313
325770.45|6405474.511,451
322703.711|6401769.203,321
321669.277|6394832.791,142
320292.585|6400228.688,293
312989.465|6403243.597,386
328619.407|6395522.988,166
317143.193|6387621.803,1
323407.453|6411357.801,577
316297.036|6410987.358,571
317988.226|6401629.171,340
313598.122|6395875.714,171
332955.972|6387893.174,
307803.414|6403609.721,380
312649.057|6397064.282,187
327768.865|6394626.631,148
324659.061|6409561.28,553
316926.82|6397217.361,209
318401.133|6406732.932,481
323902.855|6410818.969,578
312962.814|6403119.38,361
322394.562|6402363.556,345
319639.858|6402697.226,367
314802.362|6408247.359,
318243.03|6399215.486,246
321025.424|6398233.363,230
317370.087|6402418.728,365
322104.069|6393040.231,94
323770.248|6410253.548,566
330138.961|6403269.773,405
317369.62|6399981.719,269
322999.645|6412460.954,
316487.69|6401706.448,314
323787.668|6403149.341,372
324416.449|6402891.18,373
312573.272|6394153.508,107
322218.233|6392930.197,94
322402.148|6406517.136,484
329823.389|6406704.312,489
323722.766|6406394.352,486
320300.591|6400218.181,272
322988.017|6400715.744,296
318651.838|6397899.045,211
316736.383|6392890.052,88
319031.475|6404149.488,419
312787.363|6402843.574,361
319272.317|6398183.794,228
323408.573|6394447.565,144
309934.506|6399503.202,260
324914.912|6402014.815,348
318594.933|6392018.227,72
314741.13|6394035.749,110
323992.866|6401702.156,347
313882.984|6391439.971,52
317302.113|6394131.71,113
312704.658|6396380.264,170
314738.047|6396862.283,190
310602.235|6399423.843,261
312638.836|6402624.865,360
328829.181|6403544.557,404
320543.284|6404157.463,421
319696.0|6400289.311,292
317080.761|6399922.601,269
332133.177|6409137.942,
316953.669|6395057.772,156
319964.37|6393300.258,91
317450.123|6392844.323,88
317653.183|6399853.178,269
321302.935|6404653.764,446
321041.263|6395096.06,159
321972.737|6402999.426,370
319102.447|6403667.348,392
328061.799|6403427.354,403
323522.122|6410794.469,566
317765.376|6393725.967,113
317156.209|6397057.621,193
320936.361|6400335.489,293
318761.336|6397546.757,211
322870.035|6396982.024,199
319282.901|6397759.087,212
319421.996|6398957.464,248
315122.81|6405858.519,458
321951.111|6401978.641,345
313571.556|6403246.861,387
317913.25|6392275.61,71
318277.863|6399388.549,270
309528.246|6403408.091,382
315767.657|6391929.976,69
316959.883|6396298.004,175
316984.842|6393059.264,88
317547.527|6395174.894,157
313183.298|6402657.213,361
321223.522|6396950.074,197
327186.286|6394832.034,148
312382.356|6399790.886,263
323904.507|6408370.64,515
310656.084|6407732.231,490
312316.533|6402355.014,360
320976.617|6401761.348,319
321662.518|6396505.536,198
307376.025|6401387.921,305
314033.144|6393282.232,84
321231.464|6401532.09,319
319931.805|6401165.325,318
307457.938|6402070.591,331
319707.571|6401047.437,292
326028.695|6404875.571,451
319897.234|6403463.975,393
320531.469|6400962.141,293
319158.356|6398584.33,228
328263.48|6394364.668,149
324389.909|6405199.568,449
317219.12|6394800.821,137
321744.154|6395010.172,160
318922.107|6399704.191,271
315807.755|6402251.246,338
321679.088|6402207.087,344
315002.496|6391290.335,54
319944.173|6402379.837,342
318982.404|6397299.494,211
320655.763|6393815.277,117
317139.509|6405596.647,461
308428.66|6403453.791,381
313123.224|6398917.024,241
325706.531|6403796.973,400
321296.292|6402995.412,369
320503.755|6404587.42,420
312932.541|6403425.592,386
329500.018|6401539.889,328
328466.213|6391705.499,62
307674.535|6401517.563,306
327935.691|6408398.079,538
333213.938|6398546.707,
318725.142|6402129.25,341
331589.196|6409698.142,558
314799.792|6395311.11,154
319467.384|6398526.821,228
313023.132|6403115.902,361
321879.46|6396226.563,179
314133.476|6393654.305,109
316191.963|6392987.035,87
325750.23|6410465.534,569
315136.358|6403347.979,388
321844.18|6402935.783,370
310830.838|6399649.52,261
314984.017|6405960.637,458
318263.575|6398548.154,227
315594.19|6397789.42,207
312348.842|6402374.831,360
327405.448|6392904.792,99
327643.022|6403130.879,377
314746.012|6404995.712,438
321554.563|6392590.941,75
321668.158|6397147.994,198
318120.719|6401640.32,316
313593.093|6394284.115,133
323295.021|6405047.012,448
315108.499|6394612.535,135
317329.053|6405698.878,461
319320.984|6399850.346,271
322176.995|6392733.338,94
324999.898|6401464.296,324
319573.219|6398760.565,248
325775.003|6405319.74,451
320998.24|6401802.125,319
322375.812|6401153.297,321
317370.774|6391878.098,56
321233.301|6410645.615,563
324462.617|6402678.974,373
322774.552|6406886.892,499
323723.724|6408145.12,515
319302.79|6399734.879,271
322304.215|6392324.34,76
326292.926|6410038.095,569
314624.986|6401235.927,312
321860.184|6395540.089,160
310885.006|6399453.719,239
320167.371|6399950.164,272
313297.169|6395287.646,152
326659.801|6401877.386,350
320981.066|6404619.927,421
305780.11|6400357.249,278
314760.804|6393219.969,85
306319.274|6404454.407,407
315051.709|6401903.008,337
321710.209|6400207.899,274
313265.694|6402649.866,361
319885.111|6401133.836,318
322376.563|6400563.159,295
309029.771|6403366.817,382
308142.099|6403119.488,356
311420.381|6404779.255,411
317769.296|6402164.4,340
314678.895|6394844.563,134
310246.826|6400288.307,282
324777.645|6410950.619,579
329184.449|6395836.777,184
320594.279|6409185.867,548
328007.914|6403497.965,403
313394.438|6403069.32,361
326750.618|6393538.116,124
316603.466|6401063.116,314
319701.181|6398978.706,248
330524.694|6408998.148,540
312800.228|6403241.781,386
319426.026|6400140.009,271
321893.379|6391519.658,60
321360.401|6397252.455,214
318845.487|6400201.057,291
324117.273|6401475.352,323
319549.62|6400225.145,292
319602.104|6399967.442,271
322912.127|6392485.994,76
327639.35|6395312.788,165
319536.922|6400015.216,271
322291.565|6396722.224,199
307784.994|6402622.774,356
317959.866|6399534.544,246
317751.407|6394186.241,113
314516.383|6395128.388,154
324679.276|6407640.654,501
320727.675|6398881.272,249
319266.383|6400383.619,292
312780.541|6395952.722,170
321751.512|6403022.588,370
326173.335|6402426.342,375
313004.038|6403199.428,361
318008.241|6403551.936,391
317656.008|6390789.032,43
317025.81|6402457.267,339
320767.525|6398710.583,230
321593.355|6410917.436,575
326310.541|6400387.741,300
320536.97|6398292.022,229
321656.707|6407622.167,498
316740.845|6398842.946,245
315972.256|6399329.481,244
318018.0|6399538.864,270
320904.364|6392587.399,74
321817.89|6392788.939,75
321215.245|6401628.951,319
321384.365|6406643.974,483
315974.105|6396607.479,191
323712.697|6407062.945,500
322326.441|6390886.686,46
320918.794|6399750.244,273
318032.449|6399062.05,246
327808.991|6393271.481,99
319664.593|6400280.573,292
321065.435|6406457.528,483
324689.507|6403853.283,399
328341.169|6398107.388,233
321482.178|6405012.193,446
314705.497|6397154.349,190
318521.98|6403078.062,366
317771.391|6387601.682,1
319299.166|6402493.665,367
313219.234|6402639.988,361
312013.231|6400522.775,284
318084.075|6399570.613,270
322702.809|6392056.043,76
323072.346|6400648.892,296
323623.468|6410441.729,566
323854.175|6408453.698,515
329087.418|6392511.615,79
319702.0|6400136.867,292
331672.038|6403404.89,
314506.319|6401004.078,286
312815.499|6393586.974,108
321415.956|6397073.729,198
319385.122|6400381.609,292
322026.116|6397853.073,215
309204.851|6404320.275,408
321968.845|6397979.011,231
316492.032|6400454.435,288
316545.632|6401610.792,314
323498.746|6407917.141,514
316905.789|6405265.398,441
317079.566|6401112.088,315
321679.007|6397525.846,214
321679.211|6399553.88,274
320082.828|6398614.043,229
314450.747|6391324.945,53
312967.604|6403808.432,386
322296.18|6395383.148,161
310303.906|6404621.78,410
319387.895|6400232.875,271
324578.454|6407005.748,501
316598.202|6392478.053,70
327948.661|6403011.553,377
312890.322|6403072.155,361
319655.849|6400019.896,271
321312.453|6404697.896,446
311306.212|6404984.4,436
319933.219|6401170.75,318
323607.138|6393223.495,96
317194.525|6387681.148,1
308314.097|6402161.594,332
325691.653|6388371.755,12
318016.748|6398930.236,246
320702.65|6395375.963,159
319629.567|6399460.368,248
325046.852|6406126.579,470
322410.933|6392708.242,94
329018.103|6398512.667,233
319340.651|6396495.082,195
320012.514|6404513.803,420
314159.94|6397921.182,223
320427.706|6399785.824,272
318356.345|6398951.783,246
322488.871|6402409.764,345
322343.699|6402388.216,345
320257.67|6401877.999,343
314912.8|6392204.481,68
313060.851|6403205.36,361
319233.167|6398677.222,228
312782.125|6402907.479,361
310344.965|6399347.211,238
327990.635|6392957.2,100
315800.651|6403401.157,389
324453.106|6401472.912,323
319626.609|6398234.882,228
324731.864|6404979.259,450
317047.336|6396773.292,192
326688.341|6396647.614,201
328923.843|6403522.08,404
321942.697|6394327.346,143
321234.465|6409352.042,549
323047.589|6393311.757,95
321047.24|6400463.756,294
329142.253|6398374.027,233
324260.711|6395269.862,162
321383.277|6393807.824,117
318747.408|6397890.627,211
322222.261|6392575.849,75
313436.791|6403424.861,387
326489.203|6396461.674,183
322572.575|6399373.981,251
319558.145|6392851.703,91
329095.667|6395098.09,166
320815.825|6397345.641,213
312494.566|6393855.307,107
317469.764|6394667.186,137
315621.562|6394692.256,135
305667.781|6400221.553,278
314840.374|6402549.882,362
320960.957|6402827.566,369
315287.164|6393772.176,110
321461.299|6408798.263,531
324965.779|6408868.273,535
320800.83|6400703.204,293
319433.072|6400286.558,292
324915.956|6403609.982,399
323521.764|6404457.783,424
321388.643|6396946.272,197
319856.869|6399858.068,272
311659.786|6405170.036,437
323856.141|6405302.462,449
312949.727|6403203.213,386
324050.723|6408481.688,515
326529.812|6396664.295,200
322538.847|6401162.113,321
323216.617|6393646.694,120
320053.531|6400211.215,272
330141.21|6408670.393,540
322285.957|6396660.064,199
323724.701|6410224.18,566
329289.928|6394484.053,150
319202.057|6405338.454,443
330043.409|6398890.173,254
312302.64|6403568.86,385
322421.21|6396489.917,179
318927.581|6405208.662,443
317321.548|6391903.133,56
325394.302|6402260.338,349
317301.504|6391960.652,71
322681.196|6402824.615,371
316653.718|6395733.727,156
316996.376|6392542.176,70
317752.877|6399155.082,246
322228.573|6402777.399,370
313630.619|6394278.149,133
321357.08|6398887.683,250
321894.243|6402176.779,345
318768.921|6399130.475,247
327857.748|6394537.662,148
321965.628|6396048.748,179
321002.276|6400479.632,294
311019.626|6400775.657,283
332748.816|6391176.762,
320606.646|6402615.514,369
311692.093|6403752.998,385
312579.0|6396826.615,187
305118.434|6400390.51,
320166.889|6411095.907,574
315169.604|6395974.689,173
319806.109|6397958.021,212
318863.269|6399759.954,271
318703.952|6406163.458,481
321466.018|6396916.886,198
325883.298|6396183.627,182
318823.575|6397584.648,211
320436.348|6400718.814,293
323386.594|6390060.03,31
318549.804|6394269.072,139
324497.685|6401521.82,323
318336.857|6406291.776,462
318166.537|6401919.891,340
308242.349|6400926.861,281
314874.25|6391318.808,53
316963.864|6392522.144,70
321404.265|6407036.251,483
313947.653|6390916.786,39
323750.926|6410235.717,566
324664.075|6403791.79,399
324965.285|6388796.973,11
317902.962|6399124.017,246
325184.721|6400562.936,298
320073.486|6399153.873,248
317938.854|6401542.022,315
321126.277|6401065.482,319
319618.304|6398967.304,248
325559.274|6388323.317,12
318497.857|6405969.811,462
315054.014|6393780.351,110
313416.84|6402608.132,361
321742.834|6403698.98,395
317696.021|6402245.789,340
309803.06|6399834.731,260
317761.722|6402780.021,365
312867.491|6402123.403,336
322799.855|6402508.016,371
318768.674|6399504.886,247
318006.098|6393572.639,114
329136.908|6393434.148,101
316670.305|6400173.953,268
316899.026|6400973.504,289
313561.939|6395976.55,171
322955.043|6393990.142,119
314671.759|6401415.312,312
324970.704|6401520.615,324
321060.194|6403307.091,395
330005.28|6390524.351,35
324147.965|6388806.44,10
309224.157|6388496.202,5
308251.626|6403798.021,381
324982.888|6411496.678,579
318262.581|6401768.968,340
308271.392|6402820.343,356
317509.155|6388276.926,1
316606.479|6399728.13,268
315451.754|6402329.058,337
329678.72|6392916.702,102
315296.289|6392457.935,68
315561.479|6398226.348,224
321388.874|6400619.141,294
323530.599|6408282.616,514
323247.422|6390347.301,31
313167.68|6403609.989,386
315740.953|6403714.304,388
321569.429|6392476.843,75
314593.615|6394858.967,134
316133.007|6398183.981,224
317086.876|6387583.639,1
322574.539|6406563.886,484
308482.987|6403669.083,381
314273.55|6397130.062,189
330035.408|6402933.169,379
311445.087|6404739.832,411
313045.177|6402858.729,361
318291.888|6388040.51,2
326209.489|6403792.665,401
316087.62|6402923.788,363
315348.63|6398909.392,243
320378.354|6404858.175,445
313808.744|6390463.344,25
308490.323|6388505.348,
331839.92|6410511.407,
319511.014|6406131.3,463
315183.46|6405966.154,458
317595.446|6394395.991,138
331233.084|6397649.279,220
314437.401|6397296.208,206
322896.904|6401422.367,321
317590.985|6396539.024,193
317789.863|6400055.312,269
316713.139|6404794.139,441
320332.975|6404429.129,420
310452.095|6400183.861,261
315118.776|6405835.236,458
319599.6|6398764.475,248
323739.552|6405552.659,468
323305.81|6391706.118,61
317855.684|6398942.564,246
317894.235|6394046.191,113
325328.304|6395939.227,182
318134.994|6403081.62,366
318257.225|6398396.587,227
320128.233|6398415.786,229
324796.006|6405516.888,450
323446.7|6409070.141,533
314471.043|6391289.561,53
318306.637|6392901.268,89
320640.873|6411471.076,574
313878.894|6396995.309,189
321426.798|6397108.782,214
314605.569|6392899.06,85
318078.028|6402904.485,366
318248.134|6398867.578,246
322532.4|6398982.919,251
321509.612|6396337.789,178
322774.167|6388907.127,18
321286.636|6409629.776,549
323753.118|6392987.036,96
320931.861|6395287.466,159
310700.298|6399131.874,239
318919.472|6397225.287,211
318829.99|6400208.983,291
317573.755|6406224.772,461
323196.459|6404724.189,448
318714.994|6399264.411,247
320780.896|6400694.243,293
322834.463|6399995.156,275
329381.825|6409127.08,539
324993.551|6402450.318,348
321203.781|6408037.326,512
325931.097|6401038.114,325
317549.738|6390605.093,43
320589.917|6394713.161,141
315657.281|6393775.643,111
317732.457|6401324.75,315
323879.069|6407186.38,500
323649.155|6411317.177,578
318308.48|6406456.182,480
317768.74|6400025.399,269
313564.938|6405927.173,457
322576.38|6401135.719,321
330538.222|6392979.762,103
325823.47|6402231.962,349
316640.854|6387141.235,
319878.229|6398578.156,229
325008.79|6402002.476,348
316677.576|6401088.188,314
312834.771|6403704.667,386
319071.057|6399596.491,271
308091.97|6404985.703,
320462.268|6392971.55,92
313505.162|6393898.597,108
323694.502|6411967.911,585
331762.631|6398507.019,235
328816.366|6398787.687,233
316469.786|6397968.96,225
328194.524|6391771.108,62
325862.071|6388010.052,3
318908.077|6398672.468,247
321538.466|6404814.32,446
328240.245|6395296.244,165
317984.395|6400620.455,290
322271.745|6399756.689,275
310254.08|6399861.27,261
321176.646|6400632.286,294
327497.801|6393164.596,99
320324.129|6399351.53,249
321084.705|6392635.665,74
320909.643|6394628.342,141
317721.847|6399296.825,246
322197.808|6390279.78,30
328082.317|6403468.634,403
315803.609|6394461.127,136
321625.413|6393916.303,118
321216.768|6409886.654,549
319750.857|6394484.972,140
317324.309|6406591.735,479
327847.258|6402786.245,377
318096.385|6401338.316,316
307797.615|6403252.976,380
312780.9|6396463.11,170
304407.63|6400741.569,
323604.272|6408200.262,515
323315.605|6387856.945,
318727.866|6399853.096,270
325672.354|6401394.984,324
316733.431|6398820.594,245
330508.344|6404318.984,432
319350.875|6405805.819,463
316396.823|6387829.582,0
326650.489|6401885.66,350
315945.006|6394660.731,136
320764.764|6393722.694,117
328544.818|6393809.678,126
330162.825|6403527.841,405
322199.285|6390802.212,45
327848.482|6402714.675,377
321526.208|6410730.449,575
321464.496|6400692.038,294
317019.543|6398718.598,245
328176.78|6391720.987,62
309146.597|6404505.229,408
314522.593|6392962.227,85
313695.128|6390448.773,25
331960.307|6410216.612,
315417.18|6402430.604,337
317094.997|6391161.89,56
309867.457|6402895.73,358
319318.44|6404672.038,419
325255.816|6400587.238,298
322568.086|6406691.646,484
319942.746|6399261.588,248
312496.67|6408352.203,506
327060.788|6393736.302,124
313549.534|6391000.616,38
319546.857|6405172.48,444
314676.783|6402066.213,
313193.534|6393670.897,108
317276.879|6405378.64,441
321643.201|6400621.738,294
319540.844|6398701.413,248
316433.207|6404355.836,416
327543.866|6394558.969,148
316921.12|6399104.395,245
315484.088|6396038.958,173
320555.616|6410804.464,574
322969.369|6410663.599,565
328217.308|6393898.071,125
322561.392|6406841.534,484
321996.492|6400581.845,295
323145.827|6404258.049,424
324139.894|6388321.99,10
305000.259|6402215.516,
328217.815|6403733.01,403
308801.302|6404769.13,408
324165.919|6390259.961,32
314559.616|6391410.434,53
317377.957|6402108.027,339
322788.929|6409368.278,551
321436.902|6400527.512,294
330003.753|6399517.661,254
317911.162|6403565.641,391
323064.688|6394722.012,144
320805.624|6411751.363,584
316053.537|6396589.692,191
312762.863|6396150.032,170
316929.694|6386781.604,
317229.821|6404781.434,441
316765.933|6400075.738,268
317045.883|6404888.144,441
322886.443|6401623.776,321
330564.912|6409344.869,557
329262.217|6388409.973,14
317351.31|6392643.708,71
316017.91|6401218.999,313
320505.039|6398600.11,229
324269.011|6411645.005,586
318788.979|6399804.537,270
316298.942|6392340.268,70
325279.014|6404919.067,450
323923.186|6410858.413,578
333037.808|6387688.163,
316956.428|6398760.058,245
317412.063|6400866.281,289
317297.232|6406479.828,479
319985.086|6397151.247,196
316237.251|6399783.13,268
310756.799|6408517.815,522
317068.088|6391813.183,56
317229.257|6405817.651,461
321669.76|6400614.319,294
326034.093|6401079.287,325
329121.073|6401807.557,353
317536.211|6391323.485,57
324963.483|6401197.485,324
323582.522|6405490.328,468
319285.724|6406088.316,463
314901.027|6403576.281,
314717.442|6402632.526,362
322370.15|6401579.828,321
304129.722|6400965.762,
330791.259|6393888.974,128
328218.91|6395393.663,165
315622.383|6397615.072,207
329508.57|6390049.365,
316688.701|6394280.428,112
316716.423|6400117.214,268
318779.662|6399578.299,270
324316.783|6389489.89,20
323991.581|6393959.792,120
316928.723|6399128.477,245
323061.077|6400486.105,296
326338.703|6401125.178,325
314607.928|6396406.83,172
314969.484|6397281.3,190
325576.655|6406071.765,470
318178.137|6387636.029,2
323261.605|6404824.302,448
305997.612|6402914.377,354
328457.361|6402611.241,378
319487.121|6398473.856,228
313852.251|6396980.415,189
311097.37|6408522.605,504
315407.487|6396598.532,191
322505.039|6406532.801,484
323549.315|6401341.115,322
308843.395|6403259.2,357
331867.854|6398734.63,255
323373.746|6411423.592,577
325583.821|6401081.768,324
315505.191|6401528.941,313
315791.364|6404318.455,415
318301.248|6406286.708,462
319888.929|6396942.782,196
316976.438|6391927.074,56
307213.856|6401059.554,305
313975.114|6395423.288,153
315994.957|6395233.387,155
312545.369|6408251.51,506
318000.053|6402769.698,366
313016.08|6394200.869,108
330022.331|6393325.511,102
320990.023|6409643.566,549
323089.491|6401388.937,321
317262.84|6402068.111,339
315065.059|6403704.002,388
309722.374|6403641.489,383
321758.817|6398566.191,231
313360.496|6393651.128,108
318871.477|6403560.695,392
317923.028|6403030.236,365
330311.187|6408496.505,540
325664.035|6401819.085,349
319618.057|6397871.195,212
320339.639|6404973.172,445
322803.498|6388799.184,9
317681.183|6405045.403,442
320705.848|6395520.722,159
312678.959|6408252.809,506
320508.022|6411802.19,583
328295.796|6403921.172,403
320425.585|6405492.655,445
316675.582|6397819.582,209
324262.226|6395627.168,162
318021.738|6397070.982,194
315186.074|6392759.587,86
313106.079|6396037.426,170
328344.841|6394337.039,149
317142.882|6398866.308,245
316733.481|6404657.974,416
316149.416|6411090.502,571
319016.213|6393654.117,115
317214.168|6398735.452,245
314688.243|6400792.351,286
307038.752|6399987.443,258
321800.709|6397167.116,198
313259.997|6394970.216,152
323852.39|6412464.719,
309060.728|6388754.862,5
319826.019|6394610.304,140
314371.346|6391269.871,53
315734.066|6399459.534,267
320963.04|6409508.754,548
317286.622|6401856.431,339
319629.377|6403013.954,367
321654.773|6401279.658,320
323988.994|6401706.276,347
323478.6|6404156.486,424
321311.67|6399822.24,273
325866.642|6410231.316,569
331334.746|6398122.756,235
330027.901|6393563.049,127
324886.115|6403659.228,399
317039.422|6400148.866,289
316681.838|6404112.307,416
309992.46|6403874.557,383
329282.838|6393984.6,127
317440.036|6387452.656,1
322225.238|6400064.64,274
328717.747|6398052.283,233
314515.416|6391882.928,53
315982.301|6411185.876,571
325507.906|6407886.989,517
321478.889|6409589.64,549
310143.843|6403856.923,383
324099.389|6407161.978,501
305087.785|6401093.744,303
313827.536|6393564.485,109
329963.768|6399081.782,254
323491.342|6406227.766,468
315579.22|6399383.13,243
313894.414|6395471.027,153
323610.773|6408676.39,533
322042.736|6397793.635,215
311377.128|6408435.905,523
327214.401|6394986.148,164
324938.262|6402520.436,348
322486.83|6393515.595,119
321754.269|6400073.865,274
323874.872|6411956.325,585
324196.726|6408124.246,515
325939.426|6401915.476,349
314674.784|6396873.069,190
322910.26|6397612.278,216
316424.881|6392091.99,70
316749.301|6400314.292,289
316083.448|6401600.133,313
315522.457|6393172.708,86
315554.597|6394257.203,135
321243.123|6397118.177,197
317160.962|6402845.509,365
317360.847|6399176.0,245
307326.18|6401419.004,305
328620.387|6393272.736,100
323472.475|6404356.38,424
325292.696|6402298.59,348
312965.65|6395396.517,152
316499.96|6395913.013,174
317948.066|6401604.253,340
316391.131|6402554.661,364
312347.143|6396292.732,170
317291.113|6392758.979,88
322490.499|6406588.397,484
323904.898|6412302.649,
321433.038|6400396.395,294
329105.292|6393829.48,126
321715.641|6401314.394,320
317605.569|6398722.883,226
320086.378|6396882.507,196
318370.019|6399177.144,246
308904.911|6394446.53,131
329399.749|6394268.742,150
315187.047|6400232.604,287
320534.085|6397339.53,213
326374.394|6402026.139,350
316045.963|6401133.309,313
328102.202|6393277.684,100
308001.544|6402721.651,356
321808.226|6393304.593,93
329420.254|6401717.576,353
314069.786|6397375.724,206
318298.861|6399371.652,246
318811.262|6394441.441,139
320832.607|6394310.691,141
320480.046|6397468.602,213
316283.523|6411058.816,571
315989.484|6399634.905,267
316820.157|6397683.959,209
321931.763|6401502.169,320
322949.894|6393769.696,119
329852.851|6408704.082,539
321891.034|6400748.467,295
315071.571|6401205.435,312
304052.256|6402588.208,
315433.336|6399908.878,267
323810.752|6393156.724,96
315772.002|6404264.701,415
328442.439|6404137.624,430
320790.724|6397380.623,213
318178.22|6401381.29,316
321956.012|6400745.846,295
329677.701|6393541.616,127
328628.002|6397959.225,233
321521.133|6396551.181,198
313899.89|6395622.244,153
321976.915|6390245.376,30
314994.213|6400792.839,287
321519.887|6409934.03,549
306075.679|6400452.589,278
322415.007|6406536.692,484
329071.135|6402388.051,353
316269.353|6399755.043,268
332648.6|6396200.936,
320835.665|6405275.327,445
323514.969|6400866.816,322
310367.773|6406670.316,474
324498.661|6411480.234,586
316687.839|6398189.403,225
321311.717|6409139.854,549
315947.206|6399384.687,244
316149.058|6396175.68,174
315112.623|6402534.941,362
319886.377|6399118.474,248
321808.009|6391646.67,59
319609.017|6402630.129,367
314709.768|6390671.899,40
304347.647|6400513.058,
321450.53|6401330.442,320
317627.817|6391440.044,57
315007.169|6396110.28,173
323421.987|6395201.57,
309766.139|6406282.8,453
307995.291|6403328.723,381
316114.41|6401701.924,338
307254.575|6401028.346,305
319308.451|6405314.02,444
332671.882|6397557.99,
324545.111|6404890.688,450
323393.474|6401700.338,322
324255.395|6388694.233,10
315058.766|6395554.767,154
317275.828|6393075.26,88
317970.043|6402898.609,366
313925.038|6397332.426,205
315597.55|6402598.933,363
322741.235|6393507.506,119
322767.224|6400578.985,296
324465.466|6403360.431,399
323777.683|6400376.046,297
319221.223|6396616.19,195
328361.171|6398003.968,219
312385.491|6393947.341,107
326615.799|6402467.467,350
328524.454|6404148.92,430
321341.325|6395145.254,159
316655.122|6392074.471,70
331731.146|6410090.166,570
323637.433|6401665.196,322
315776.521|6404160.364,415
327504.458|6392978.413,99
310702.62|6404838.387,436
318742.434|6399764.96,270
327840.477|6397639.909,218
327027.758|6402492.237,376
313089.604|6394238.339,108
319715.97|6396948.284,196
321941.572|6399652.254,274
323628.429|6410392.113,566
309330.758|6403267.064,382
321640.465|6401139.707,320
321529.319|6394718.007,142
314051.753|6391666.965,53
306263.798|6400692.63,279
315927.113|6396230.563,174
324100.055|6388298.781,10
324644.507|6405566.213,469
308036.838|6402873.067,356
319718.085|6397550.288,212
323095.49|6390448.488,31
317141.153|6387107.322,
325572.577|6401972.23,349
317387.028|6401868.39,339
314113.447|6394814.427,134
316335.146|6400626.948,288
314832.208|6393030.827,85
323643.042|6392694.377,77
316896.729|6387526.268,0
320489.399|6405542.025,445
326290.677|6410644.764,569
316805.055|6398461.686,225
324293.787|6395317.877,162
316193.976|6404137.326,415
312849.216|6396661.858,188
328166.948|6393114.732,100
324531.081|6395536.36,162
322463.236|6400635.552,295
310776.379|6406853.15,475
327825.089|6402267.005,351
317001.362|6394415.049,137
315295.559|6400621.795,287
323281.906|6387808.206,
306976.725|6402736.951,355
323050.408|6394544.544,144
316296.423|6399794.025,268
315707.439|6400258.091,267
332002.086|6398611.792,
315849.029|6400433.495,288
322768.601|6400676.324,296
318560.797|6399355.104,247
310912.828|6406424.935,475
313871.828|6395605.823,153
310968.575|6408578.392,522
316802.605|6403064.057,364
317795.458|6391572.276,57
317584.114|6398656.72,226
315012.821|6400138.586,266
308833.232|6403884.554,408
315577.277|6399414.797,243
321902.463|6391679.518,60
309732.385|6403486.579,383
317089.15|6390426.29,28
321383.491|6409954.36,549
326805.162|6408483.938,537
316846.346|6398092.256,225
320453.081|6411389.757,574
316710.161|6396373.285,192
316842.225|6403010.013,364
329464.874|6401474.886,328
325087.383|6402155.43,348
316519.131|6400028.952,268
307134.401|6402243.534,331
320550.561|6396640.004,197
317216.796|6391167.466,56
310803.929|6406855.144,475
317306.271|6388343.246,6
318123.942|6399149.449,246
328233.945|6397896.757,219
325637.172|6405068.267,451
314571.494|6392798.259,85
323814.815|6411118.659,578
319119.405|6405287.262,443
314872.078|6394133.816,110
321711.666|6395366.351,160
313423.322|6395810.537,171
325530.415|6404565.776,426
311882.984|6407618.67,505
317423.605|6391676.156,56
309368.654|6403228.418,382
315804.924|6396789.493,191
316360.358|6388530.049,
321746.74|6397533.953,214
322262.9|6395373.063,160
320613.34|6393284.921,92
312709.504|6393943.158,107
327764.773|6395216.908,165
308654.033|6404168.754,408
304118.525|6402435.402,
316661.683|6397903.13,225
313036.132|6394035.628,108
322350.983|6400291.435,295
320518.292|6398338.551,229
323275.465|6410505.101,566
323788.069|6405934.496,468
321051.758|6409518.045,549
319430.017|6408306.698,511
320190.157|6412150.573,583
317083.56|6392164.072,71
315086.754|6393313.37,86
330323.474|6403516.018,405
317085.456|6404852.997,441
320549.766|6404461.273,421
321448.849|6409444.208,549
318127.521|6391180.007,44
328431.275|6393376.293,100
304613.622|6401839.407,
317433.579|6392160.623,71
315954.283|6394691.504,136
314782.053|6394580.753,134
314431.78|6392716.001,85
327015.026|6409026.492,537
321448.181|6410748.886,575
322941.812|6410819.856,577
317939.886|6402931.355,365
323703.65|6389264.636,19
326506.984|6401933.285,350
319127.39|6393993.698,115
328444.394|6392966.177,100
323896.748|6401289.307,322
323086.395|6401557.562,321
314108.399|6390815.859,39
326710.174|6402032.602,350
327996.182|6397854.245,219
315233.254|6396709.031,190
322124.322|6391230.666,60
329261.236|6399007.609,253
317379.81|6406048.93,461
308842.681|6412926.491,
329737.657|6398541.218,234
317759.751|6399237.804,246
317712.264|6391606.316,57
317582.24|6401687.465,315
307258.28|6401478.707,305
320566.459|6400438.085,293
316599.161|6394864.953,156
321710.338|6397431.297,214
325589.499|6410940.613,580
322821.572|6402875.832,371
330062.727|6399457.921,254
320054.834|6400360.547,292
322800.488|6400634.456,296
316971.844|6397150.797,209
315608.97|6394252.687,135
306801.399|6399168.396,236
319338.346|6405246.01,444
323730.817|6400208.59,276
319607.849|6397106.701,195
324899.822|6405235.439,450
320691.581|6398355.773,230
326566.368|6401559.236,325
318588.685|6394059.552,114
322975.155|6401474.108,321
316984.203|6394800.728,137
318762.858|6399580.41,270
319718.035|6404198.333,420
318629.212|6398845.31,247
329826.183|6393584.371,127
314707.412|6391645.104,53
319182.851|6404483.51,419
319949.867|6403975.543,420
315225.265|6400777.247,287
319217.421|6400291.535,271
328774.07|6402202.84,353
314901.48|6403447.795,
316542.428|6392576.094,70
317746.209|6403514.408,391
311353.518|6404523.838,411
319822.366|6399176.781,248
318820.649|6394059.538,115
315202.198|6391503.644,54
317186.54|6390501.81,28
316446.303|6397975.96,225
317119.173|6389635.411,28
320420.816|6405546.208,464
315558.144|6393168.661,86
318731.749|6398852.556,247
323347.265|6401253.866,322
309084.564|6403583.257,382
314222.201|6396684.56,189
329728.754|6408584.999,539
314197.722|6390817.0,39
324546.002|6403148.656,373
315011.147|6393672.41,110
315860.562|6399367.597,244
332109.216|6387461.762,
315699.964|6394664.94,135
330613.543|6394096.862,128
319737.141|6396973.614,196
320438.326|6403480.354,394
326327.706|6401987.344,350
317131.807|6396013.474,175
310899.629|6407639.73,490
317831.094|6398812.833,246
318228.23|6401384.781,316
320663.06|6396580.243,197
314185.003|6391349.078,53
307450.044|6401198.72,305
325898.317|6402095.965,349
321507.379|6410712.554,575
325141.179|6408176.821,516
318376.91|6398801.759,227
328208.744|6395225.249,165
304578.743|6401839.676,
319868.924|6404401.706,420
323105.458|6401056.004,296
316618.635|6390224.286,27
309411.978|6404425.797,409
323777.158|6412186.55,585
320677.457|6404843.388,445
314043.045|6390879.171,39
331844.458|6392049.137,65
326374.964|6410109.375,569
314825.942|6391534.813,53
323434.831|6391044.421,47
322238.295|6395348.519,160
310057.292|6404073.242,409
329183.117|6393578.667,126
321289.967|6410212.843,563
321501.354|6400407.201,294
327749.724|6397562.996,218
317464.652|6402994.221,365
317154.918|6396981.659,193
317312.74|6392228.453,71
315055.501|6394848.668,135
324327.286|6400687.549,297
327942.378|6402589.835,377
315308.856|6393245.025,86
321259.44|6400617.81,294
321247.537|6394472.731,142
307330.615|6390867.166,36
322637.984|6400796.945,295
320773.677|6393760.22,117
332703.585|6389618.895,
326456.906|6410664.317,569
314827.586|6393337.679,85
322958.095|6395062.526,161
318858.628|6399815.623,271
318406.553|6398586.631,227
323660.069|6410970.051,578
320020.184|6396869.722,196
327945.871|6403329.835,403
326622.918|6403823.566,401
312853.47|6394010.017,108
322448.873|6388833.336,
317310.832|6388469.647,6
321149.533|6401032.242,319
314889.08|6391690.791,53
322972.434|6412495.379,
326186.039|6410367.071,569
316203.399|6394736.586,136
323883.281|6412159.632,
329454.787|6393555.32,127
308877.114|6388647.341,5
329967.502|6408477.458,521
322543.131|6399901.455,275
315321.769|6393934.839,110
314738.987|6396775.571,190
323762.439|6408580.878,533
318774.867|6394368.551,139
330846.871|6404674.339,452
323372.364|6393370.951,95
315642.362|6397752.886,207
324060.217|6403455.762,398
328729.378|6402876.763,378
321173.223|6410183.397,563
330136.066|6399820.266,
327550.538|6393485.29,99
317649.427|6402940.53,365
308011.479|6401331.967,306
320078.667|6398050.6,229
314691.114|6396285.332,172
326381.015|6403922.152,401
332002.65|6404016.74,
316789.462|6394818.043,137
318606.769|6394538.072,139
321493.314|6400591.449,294
326619.003|6401382.24,326
332231.679|6409082.82,
321860.708|6397372.413,215
320738.789|6398073.921,230
320269.88|6394674.797,141
331716.743|6410527.039,570
321485.271|6409863.212,549
316174.667|6404202.143,415
305892.989|6400340.309,278
315418.562|6399405.298,243
326062.089|6394196.524,123
328480.043|6398066.947,233
320701.393|6410174.997,563
322808.729|6407725.162,499
324068.101|6400785.088,297
314705.759|6393590.277,110
312774.786|6394170.568,132
315838.324|6393101.723,87
316836.131|6400437.355,289
323122.694|6407096.65,499
325616.855|6401352.387,324
309306.348|6404571.591,409
322262.096|6399657.616,274
316893.523|6402538.628,364
322512.71|6406903.788,484
323750.906|6405988.626,468
313606.901|6393635.473,108
331645.433|6387690.879,
332126.912|6410493.653,
319617.327|6402963.909,367
322290.695|6399561.083,251
316646.978|6402780.473,364
321538.708|6398149.003,231
322570.795|6399726.736,275
319813.771|6408343.474,511
320248.281|6404415.936,420
316954.269|6399010.997,245
320633.554|6411097.737,574
318556.695|6406113.406,462
307199.081|6402554.039,355
315321.651|6401958.958,337
319548.993|6398463.946,228
317107.557|6400882.346,289
328285.52|6394716.966,149
321977.877|6391470.7,60
331909.628|6409893.632,558
307492.855|6403353.556,380
314921.801|6402364.513,362
322587.85|6409713.184,550
315072.346|6393880.535,110
308963.809|6404138.622,408
324290.302|6389007.617,20
324911.922|6403761.18,399
324936.125|6403039.142,374
315956.976|6396321.997,174
321703.947|6401268.1,320
324159.655|6393829.071,121
314786.354|6402165.427,
306670.052|6398653.366,236
316047.841|6398244.462,224
317166.629|6402038.414,339
327588.825|6394580.104,148
314048.486|6393189.124,85
329516.494|6393921.69,127
321095.917|6410185.37,563
316622.9|6395208.298,156
328252.892|6397865.011,219
314224.853|6393164.376,85
320776.303|6398041.208,230
320240.302|6397320.508,213
318231.979|6391671.511,57
324291.335|6406344.843,486
311260.459|6413080.864,
321947.935|6400723.427,295
322499.742|6406859.471,484
322260.707|6391163.421,60
317350.42|6389030.107,17
327854.437|6397576.276,218
331904.88|6409821.103,558
323618.632|6406186.045,468
317496.637|6390523.817,43
320578.136|6396287.435,177
332101.439|6410082.04,
316856.13|6401294.99,314
331500.114|6410283.717,570
323577.998|6406279.981,468
321143.212|6400772.408,294
307222.365|6390410.243,36
323616.628|6411063.895,578
330658.0|6393071.136,103
313831.645|6395350.392,153
316484.755|6399814.909,268
323084.08|6401021.132,296
322281.893|6399679.805,275
315458.5|6397054.176,191
316360.978|6401779.034,338
324098.706|6395470.196,162
327381.899|6395239.193,164
322277.159|6400336.458,295
328502.186|6404072.079,430
315219.344|6392604.574,68
307433.83|6402695.066,355
327824.064|6395229.434,165
326068.053|6401227.378,325
305829.407|6402591.305,354
307413.944|6403218.987,380
314705.779|6392854.638,85
322378.136|6394605.163,143
326470.544|6392778.706,98
307246.588|6401408.529,305
323733.116|6412547.042,
321309.92|6396460.976,178
324064.935|6401095.098,323
305897.009|6400332.327,278
319086.158|6393991.29,115
323806.359|6407614.64,500
316505.625|6399708.833,268
332926.423|6411997.162,
316347.02|6397950.079,208
313056.147|6396454.128,188
323700.119|6406249.885,468
314841.149|6392891.302,85
311341.37|6404771.054,411
321744.599|6391565.356,59
320721.193|6398283.45,230
323480.406|6411081.327,577
315348.222|6392793.894,86
319453.368|6398449.138,228
321725.154|6393964.601,118
325918.932|6400443.398,299
316146.357|6403528.713,389
328703.954|6402386.338,378
325530.355|6403646.817,400
318760.243|6399888.326,270
332075.484|6399366.641,255
322279.565|6391039.792,46
316288.483|6391823.13,55
326729.742|6402424.48,350
314612.239|6391529.409,53
321935.203|6391667.45,60
325247.96|6405128.362,450
329111.853|6402437.996,353
312509.541|6396729.155,187
310241.216|6405350.462,435
321973.412|6411026.835,576
329035.593|6403203.294,404
320709.57|6399923.034,273
318083.188|6398796.121,246
317487.731|6387478.492,1
315841.26|6396577.585,191
321596.445|6397512.128,214
325009.933|6405469.141,450
317783.287|6399214.735,246
311271.249|6404880.248,436
314919.143|6403128.324,362
316000.563|6398333.506,224
329811.859|6398749.146,254
314536.361|6401562.38,312
329500.189|6399526.778,277
326419.583|6393922.455,123
306999.077|6402237.637,330
314391.247|6393391.83,85
315706.478|6392693.389,69
316491.851|6393842.25,112
324528.06|6395561.512,162
316873.958|6394102.149,112
315210.493|6396750.461,190
326614.634|6395428.739,164
320293.168|6398931.955,249
320562.812|6405019.761,445
321463.792|6410901.659,575
321115.885|6398665.185,230
330327.272|6408673.416,540
322042.333|6401675.657,320
324329.338|6406269.46,469
328667.055|6404021.206,430
314715.726|6402595.876,362
319658.588|6396392.644,176
305690.431|6400120.681,256
323070.689|6407540.39,499
318296.831|6401274.578,316
323166.89|6407677.843,514
317045.417|6394726.251,137
319028.628|6403672.547,392
315551.839|6399405.295,243
320306.746|6404853.834,445
315910.615|6390983.782,41
319535.2|6399404.254,248
318283.1|6398850.238,246
323810.692|6405722.94,468
318186.139|6398956.271,246
320260.885|6404751.701,445
318693.324|6394234.658,139
324403.846|6400893.191,323
323652.138|6407841.676,515
326476.745|6393511.425,123
322391.526|6401861.073,345
320666.502|6410008.61,548
320720.463|6400470.822,293
324468.225|6400994.915,323
324096.495|6411809.313,586
308813.973|6404690.866,408
307939.412|6394035.143,105
314899.839|6403667.784,
319236.014|6398203.295,228
326195.581|6402156.15,350
332902.738|6397897.155,
322939.111|6404240.208,423
314983.1|6396517.557,190
324792.554|6395607.727,162
315943.076|6400228.397,267
317007.35|6400358.39,289
318664.536|6391325.574,58
321315.252|6409324.516,549
323261.903|6401339.909,322
329186.249|6394000.672,126
320544.252|6405622.941,465
315852.938|6398303.074,224
316883.293|6390574.195,42
317635.531|6401671.04,315
311130.296|6405295.726,436
317223.374|6400060.523,269
328143.681|6398053.726,232
325023.487|6401333.912,324
314008.121|6390518.75,39
319365.463|6402514.822,367
314738.63|6396744.109,190
313847.196|6396720.425,189
322808.217|6412966.243,
317800.956|6398986.982,246
305353.579|6401091.926,303
329839.482|6390512.192,50
317036.501|6402652.494,364
318540.46|6391571.314,58
315983.523|6399662.33,267
316198.09|6395512.591,155
316970.91|6400488.773,289
321345.23|6399822.771,273
321354.572|6393478.217,93
325162.247|6406000.279,470
323373.651|6405244.749,448
324138.162|6407932.202,515
308555.99|6388690.943,
328082.656|6392975.98,100
321738.141|6400653.534,294
327024.028|6401384.471,326
328208.615|6397809.03,219
323003.797|6403758.965,397
314098.721|6391434.539,53
324850.836|6406072.486,469
321404.594|6393584.288,117
322056.777|6399192.053,251
316957.84|6401682.265,339
316032.935|6394418.113,136
316893.928|6389979.037,28
322731.648|6394029.972,119
326644.427|6395353.125,164
305853.88|6401355.718,304
323259.742|6410849.803,577
323207.744|6406722.214,485
320591.749|6404037.074,394
320907.515|6411626.012,584
322045.841|6401825.335,345
307152.406|6403120.335,355
316984.569|6398321.709,225
322885.376|6412407.523,
314804.853|6401691.526,312
316181.161|6412081.481,
329440.334|6399294.281,253
327572.619|6408437.616,519
322978.394|6393054.132,95
328856.9|6403146.432,378
324196.009|6403368.76,398
324668.641|6403766.434,399
314860.625|6391008.098,40
327962.165|6393018.12,100
323216.778|6411162.367,577
331412.25|6410300.557,570
330872.704|6404638.96,452
320464.039|6411740.242,583
316996.162|6387362.264,
321554.94|6394688.719,142
321807.016|6400602.703,294
319315.934|6406154.159,463
305961.295|6400363.79,278
323789.217|6405254.239,449
319487.595|6404138.27,419
315238.592|6392641.035,68
309282.476|6404098.321,409
315862.376|6399375.496,244
320947.702|6400487.484,293
321769.442|6397347.334,214
327656.989|6395383.958,165
321436.903|6399683.793,274
323088.423|6401089.486,321
323770.714|6389465.402,19
314414.945|6391309.055,53
325438.412|6404976.057,451
328237.189|6402263.813,352
323454.544|6401332.249,322
311895.228|6407852.412,505
323244.136|6407753.903,514
317783.889|6399038.998,246
321350.857|6400523.201,294
315127.564|6402093.092,337
317430.99|6387545.186,1
329366.918|6401615.382,328
318281.062|6406767.737,480
329624.497|6398805.676,234
321177.786|6410045.435,563
314490.019|6390211.349,26
313762.126|6392718.411,84
323798.693|6407766.462,515
324919.391|6403519.134,399
317036.547|6396656.251,192
318650.209|6398862.767,247
312495.173|6396544.607,187
306935.081|6403120.772,355
328028.45|6402508.205,377
310236.664|6406642.206,474
328877.685|6393325.581,101
323160.973|6389268.478,19
313648.009|6395715.123,171
317086.238|6391049.171,43
325698.645|6393095.111,97
330018.494|6399679.097,277
319745.257|6396752.576,196
316667.398|6410969.989,572
326487.593|6402635.662,375
314290.758|6395416.819,153
313738.84|6395476.298,153
317101.183|6398907.259,245
324390.245|6404229.569,425
309392.083|6404250.553,409
320822.18|6393939.608,117
320311.386|6411112.18,574
315104.599|6396810.337,190
317176.542|6399768.344,269
314519.084|6393532.273,85
320715.894|6394632.237,141
322666.977|6397450.346,215
320479.779|6405581.958,464
323663.011|6393453.389,120
323889.337|6412230.297,
309647.771|6403721.639,382
328471.037|6394151.647,126
307408.737|6402548.378,355
317377.838|6401508.904,315
322623.321|6388981.288,18
320786.31|6411412.513,574
309037.344|6404712.294,408
323212.83|6394896.89,144
323607.727|6408578.327,533
322196.203|6399548.774,274
312575.328|6396590.12,187
314726.078|6402956.126,362
314817.864|6391379.811,53
317092.644|6396494.223,175
323370.214|6411378.15,577
316606.228|6395111.695,156
323477.329|6405963.862,468
320736.102|6393776.272,117
315450.27|6402808.657,363
312318.424|6404190.446,412
320557.298|6395328.109,159
314592.021|6401463.699,312
315400.185|6403673.106,388
314828.198|6401777.715,312
331742.289|6410009.786,558
321772.531|6401409.822,320
318744.881|6398864.588,247
328602.406|6394856.114,149
315354.341|6403416.404,388
329655.946|6398303.818,234
322310.891|6389003.758,
317520.474|6389234.175,17
307238.718|6402563.398,355
322709.36|6393658.395,119
324339.109|6406291.969,486
317641.627|6399004.226,246
315029.838|6401528.146,312
328557.863|6403263.826,403
314956.087|6403678.391,388
316830.894|6405458.835,460
316887.052|6406106.324,460
324565.331|6410158.568,567
317069.538|6391755.428,56
320566.111|6396503.523,177
327047.928|6394995.236,164
326945.305|6403703.066,401
320568.383|6396544.23,177
319740.018|6403987.434,393
326798.726|6403694.44,401
313551.452|6409901.918,543
316494.072|6393800.941,112
327874.442|6408488.776,538
323989.071|6401141.802,322
315889.671|6402104.431,338
325896.855|6410662.419,569
305063.697|6401479.464,303
320391.864|6400315.7,293
323138.228|6411016.448,577
316843.541|6405798.72,460
322802.996|6388854.214,9
314406.765|6400878.881,286
309410.61|6404274.175,409
322459.085|6393452.843,94
324215.303|6411744.046,586
307006.538|6403138.914,355
324505.85|6389019.653,20
316708.643|6395657.643,156
314010.08|6390876.124,39
315369.961|6393768.444,111
321919.991|6391288.388,60
325296.506|6400632.164,298
317584.801|6402246.429,340
321673.983|6393884.711,118
321938.087|6402469.029,370
318154.065|6387231.601,
325457.861|6405629.99,470
325752.727|6404149.104,427
320248.223|6404334.377,420
316455.297|6399760.972,268
322317.871|6395360.065,161
321611.434|6411099.038,575
309351.288|6404316.581,409
321211.632|6410258.344,563
323961.204|6405462.108,449
320167.57|6399223.95,249
318746.707|6410811.892,
316305.994|6401616.298,314
316242.664|6387284.245,
314036.685|6392899.055,84
327939.38|6393163.313,100
324314.423|6402355.929,347
323783.321|6408204.156,515
317238.356|6400188.888,289
324442.193|6389046.399,20
319097.357|6393895.777,115
324758.086|6405365.098,450
320933.814|6400420.206,293
316725.247|6396262.809,175
322967.146|6400588.11,296
325678.454|6403593.616,400
311614.388|6407549.714,491
306150.942|6400280.642,278
315458.001|6402378.522,337
320435.905|6393867.297,116
322620.944|6400989.226,321
316857.686|6390775.898,42
312301.984|6396285.832,169
323365.545|6411294.272,577
323226.795|6410808.211,577
329377.905|6393739.444,127
327451.753|6394961.737,148
322942.013|6403672.882,397
326467.834|6388123.817,3
319526.324|6398891.689,248
311402.321|6404805.41,411
326936.261|6389824.959,33
312616.289|6396311.922,170
321550.942|6395824.504,178
322612.395|6400349.213,295
324803.37|6400581.378,298
316183.466|6396129.942,174
327025.24|6403069.139,376
324140.169|6407972.191,515
332620.188|6396217.838,
316273.18|6395395.52,156
328332.18|6393231.097,100
323167.103|6403632.578,397
314837.858|6393856.224,110
314905.446|6403745.623,
322118.997|6399127.039,251
305823.841|6400369.204,278
324591.385|6405572.668,469
309334.544|6403426.656,382
317538.564|6404977.348,442
318889.64|6403563.94,392
330074.623|6408780.091,540
323276.153|6392070.244,77
316511.541|6404718.591,416
329432.248|6393694.162,127
317011.779|6394721.857,137
316979.861|6406596.024,479
318800.793|6398835.158,247
326723.661|6395360.777,164
320226.158|6399165.787,249
309011.669|6403488.327,382
320487.607|6398685.436,249
325711.689|6401664.795,349
321303.717|6409244.435,549
321429.12|6409916.17,549
318064.25|6402619.751,366
324687.38|6405552.243,469
314610.28|6402112.75,
307384.763|6401354.689,305
308803.992|6404738.296,408
316249.998|6392194.751,70
323761.372|6401853.691,347
323202.824|6411423.812,577
322517.339|6402896.959,371
329667.433|6393879.349,127
320807.035|6394694.758,141
316472.155|6404766.741,440
322009.809|6401344.698,320
313556.72|6396002.062,171
325772.316|6405826.861,471
314573.743|6391708.325,53
314805.376|6394153.933,110
319303.002|6394116.229,115
324519.162|6405496.872,469
317117.849|6405964.549,461
315120.895|6399949.401,266
320422.723|6398621.845,229
315817.207|6393211.672,87
316913.682|6402590.009,364
323060.502|6395574.491,161
324188.517|6408346.291,515
316421.026|6390460.332,27
320753.514|6396412.269,177
320449.846|6400427.782,293
314846.513|6391534.528,53
310816.005|6406685.327,475
326133.506|6394263.036,123
320632.003|6394896.834,141
322798.343|6394901.422,161
324827.17|6406117.023,487
331059.808|6393645.594,129
324902.276|6401154.404,324
316235.002|6392339.974,70
316371.823|6399711.483,268
319901.197|6403349.505,393
325303.378|6401100.569,324
314664.956|6401809.767,
315960.013|6399641.755,267
322182.895|6401706.928,345
309180.938|6391641.825,
304806.309|6401870.389,
331241.138|6409613.79,557
314333.8|6390725.209,39
326903.232|6401327.475,326
319399.927|6405210.678,444
317539.383|6388907.572,17
320405.6|6403197.097,394
307202.555|6401287.276,305
326413.522|6393723.606,123
313406.814|6395564.076,152
318492.974|6403268.528,392
320002.412|6403002.262,368
314738.578|6391489.251,53
315664.808|6399345.218,243
325604.919|6411040.341,580
321289.4|6409740.434,549
321912.588|6393542.679,118
330553.229|6404226.125,432
319027.066|6405684.754,463
314604.56|6390843.278,40
315728.266|6393024.791,86
327490.33|6393829.742,125
314524.624|6400693.619,286
319873.343|6396670.132,196
307968.321|6402722.344,356
328371.435|6398364.063,233
323010.79|6406918.259,485
322451.534|6394420.501,143
315392.569|6393831.908,111
317865.755|6391141.982,57
329918.298|6399498.222,254
327530.43|6402198.024,351
321572.634|6393854.131,118
325984.411|6410908.315,580
314534.616|6397179.696,206
306112.488|6402233.399,329
317728.657|6388515.435,7
324700.933|6411716.28,586
312759.63|6394621.308,132
326266.613|6386798.802,
322965.739|6410931.443,577
315160.417|6402495.539,362
307881.558|6401070.613,306
305119.813|6401222.577,303
309033.233|6404243.182,408
325626.9|6411062.375,580
314602.749|6396418.657,172
311123.404|6412655.479,
306036.624|6399867.649,257
325530.221|6403678.456,400
314592.71|6396775.041,190
330093.619|6403284.361,405
326488.021|6400867.542,300
322800.681|6399713.158,275
330473.079|6409560.893,556
327338.827|6403609.503,402
320812.99|6411401.05,574
315429.93|6396378.34,173
325742.184|6401699.67,349
315490.624|6401661.506,313
329225.451|6393401.322,101
313067.232|6395254.011,152
307752.23|6402632.135,356
316549.099|6411207.351,571
315854.162|6399531.714,267
317649.373|6402743.558,365
321988.297|6394337.778,143
325299.571|6409998.716,568
324634.2|6387347.786,
317010.1|6398058.739,225
319386.744|6398918.103,248
321538.742|6409516.601,549
317051.494|6393073.942,88
320661.151|6409334.421,548
322427.723|6394897.509,143
320272.012|6399625.956,272
314882.096|6397305.072,190
317110.913|6405784.872,461
326499.49|6401266.058,325
328397.778|6394194.481,149
314891.024|6393589.688,110
304776.36|6402163.554,
320824.396|6399512.935,273
318739.504|6399719.507,270
328131.736|6398380.944,232
331667.97|6392654.536,81
331348.571|6410040.715,570
308163.598|6402359.04,332
322517.084|6408884.063,532
323136.972|6410613.511,577
324725.41|6411738.099,586
332593.492|6397663.998,
323647.113|6393523.916,120
317341.927|6391440.439,56
325176.306|6401490.554,324
314540.103|6394191.772,134
314589.819|6394790.811,134
307234.547|6402421.076,355
319216.143|6408381.195,528
323215.728|6411253.542,577
323802.617|6401318.468,322
312768.002|6395155.409,152
331390.503|6403822.162,
317184.479|6389652.843,28
317300.142|6400204.201,269
327824.08|6393547.306,125
323528.032|6411331.031,577
304042.991|6402331.555,
324996.171|6402417.049,348
332745.924|6389588.595,
310273.701|6406746.965,474
314738.546|6404323.56,414
320791.529|6399678.04,273
321254.595|6409711.126,549
320111.505|6397974.116,229
321948.049|6391597.693,60
316990.373|6399206.953,245
328269.34|6403572.701,403
318497.53|6398742.843,227
323550.322|6408589.424,533
322642.191|6406953.554,499
330125.943|6399910.294,
317052.245|6400425.788,289
313608.96|6393729.172,108
323971.033|6402071.018,347
310359.043|6406145.74,454
327550.53|6403798.74,402
313680.108|6395783.115,171
323650.499|6395286.188,
323311.496|6405613.545,468
305971.234|6402906.901,354
321349.014|6399959.353,273
306146.764|6403059.938,354
324536.068|6388870.907,11
314769.192|6394050.208,110
314237.06|6393647.116,109
309082.61|6403289.493,382
317813.056|6406013.346,461
316138.353|6407610.548,493
329780.564|6405981.99,472
330568.973|6409766.781,557
321259.723|6410056.916,563
323529.982|6411369.459,585
317354.009|6406490.307,479
314716.465|6394691.218,134
323940.703|6395367.028,
318290.466|6388452.092,7
316366.314|6401384.668,314
316852.052|6397567.36,209
317166.928|6398866.018,245
325915.044|6401808.757,349
316918.878|6392432.122,70
329721.893|6408635.487,539
323565.323|6404275.753,424
307119.908|6401599.678,305
314387.601|6397273.815,206
321166.451|6393329.239,93
328430.111|6404062.307,430
324561.833|6403953.918,425
317436.382|6389444.438,17
324643.74|6400793.652,298
308823.445|6404784.431,408
320705.021|6411446.837,574
319722.369|6396913.697,196
322878.175|6400854.977,296
309547.413|6403411.58,382
323808.714|6400627.904,297
319395.202|6404660.446,419
323531.605|6404051.812,424
328829.809|6394342.452,150
328356.711|6393948.998,126
316142.852|6396417.117,174
324291.914|6411937.088,586
316401.675|6394803.217,136
315446.525|6394487.432,135
323766.948|6400836.862,297
318275.233|6391775.453,57
331457.852|6409774.348,558
317636.493|6405586.835,461
313006.613|6396721.132,188
323822.339|6401542.724,322
313536.223|6393210.089,84
325026.761|6402531.025,374
316696.572|6400071.429,268
317906.23|6402862.886,365
312891.126|6395245.735,152
324323.622|6405149.143,449
314538.443|6394346.083,134
324251.73|6411472.758,586
317213.582|6402881.692,365
314554.355|6403360.13,
317566.154|6391216.978,43
319172.955|6405569.963,463
324724.01|6411389.639,579
327421.752|6392925.458,99
321727.611|6397384.125,214
316640.845|6397036.606,192
319414.531|6398515.099,228
325272.79|6410259.054,568
322305.331|6401412.096,321
316695.458|6392393.068,70
316037.338|6394838.072,136
323843.292|6408201.896,515
331870.336|6410192.055,
317869.388|6401640.723,340
317653.065|6405378.125,442
315181.873|6400833.586,287
321712.206|6393891.191,118
323716.017|6405253.892,449
325883.151|6393429.094,97
320646.176|6396777.054,197
324781.226|6410920.137,579
324529.111|6388836.016,11
328516.718|6398088.199,233
327820.533|6402748.703,377
318393.793|6398408.985,227
322586.014|6403001.537,371
322580.864|6400067.432,275
316428.191|6392123.622,70
327162.793|6392735.369,78
323688.773|6412404.637,
321996.057|6401369.754,320
324194.834|6389088.76,20
307565.132|6400607.121,280
326129.305|6394191.076,123
324169.685|6395210.188,162
318895.771|6405291.0,443
316852.295|6401873.303,339
321785.156|6397487.411,214
319968.366|6404415.256,420
321885.906|6402525.736,370
327929.153|6402550.694,377
320997.888|6409437.144,549
317399.437|6388973.58,17
324404.267|6404192.466,425
325655.516|6388323.899,12
315087.546|6401252.124,312
316376.798|6395841.91,174
317174.302|6402304.027,339
330217.198|6388510.682,
305730.11|6401323.791,303
317260.304|6405501.721,461
312922.694|6403263.232,386
320949.424|6394394.157,141
319248.196|6406051.282,463
321089.643|6412112.459,584
317425.27|6405328.427,441
325793.211|6401575.953,325
318621.344|6398799.916,247
313744.444|6397348.366,205
327876.009|6397665.684,218
321742.536|6398031.121,231
304576.161|6401862.762,
313989.758|6396996.283,189
325475.429|6410142.763,568
315645.965|6399419.309,267
318476.829|6398702.287,227
322311.757|6399618.014,275
316686.145|6400289.599,268
324015.827|6388764.727,10
324826.693|6400654.75,298
324701.175|6409080.333,534
314939.122|6392117.006,68
312661.238|6396606.087,187
320649.783|6393687.734,117
329505.807|6401617.607,328
317031.705|6390150.665,28
317125.616|6397405.476,209
313831.588|6395641.132,153
316876.656|6405448.878,441
314030.927|6393324.284,84
331847.786|6387802.916,
308407.754|6401028.38,281
322470.53|6409241.869,550
315908.835|6401842.404,338
323865.72|6412588.64,
318310.218|6406388.057,480
321980.72|6401316.381,320
326092.315|6410632.77,569
317816.435|6399090.125,246
316797.486|6405312.423,441
329496.102|6401115.422,328
320438.619|6411794.222,583
324438.87|6401165.832,323
316524.688|6404904.173,440
328516.33|6402269.782,352
324147.636|6408337.379,515
314707.757|6391557.133,53
321056.929|6394977.704,159
329249.397|6402438.861,353
323834.882|6400900.393,297
323422.31|6405975.178,468
329622.622|6399162.879,253
325560.003|6402564.166,374
325353.877|6401324.347,324
322243.694|6401234.645,320
324562.114|6404749.289,425
324720.96|6409309.914,553
321566.312|6398848.773,250
316410.722|6394849.141,136
317046.181|6394836.928,137
320395.55|6394662.188,141
324351.626|6404390.811,425
323889.214|6411969.379,585
321022.178|6396836.272,197
312905.78|6409292.271,542
314673.795|6403327.219,
320599.447|6402615.056,369
313574.163|6395972.755,171
314723.542|6401803.388,
330470.603|6391832.296,63
321193.738|6404837.724,446
328426.022|6394902.592,149
324883.96|6400541.626,298
314474.137|6390300.76,26
319771.824|6401033.744,318
326237.183|6393309.494,98
315062.939|6401433.303,312
314872.09|6391569.467,53
304584.21|6401422.959,
314691.337|6394010.269,110
318157.013|6388260.723,7
329020.904|6402143.545,353
317199.871|6405742.564,461
317303.856|6392037.366,71
314637.557|6390993.474,40
320605.586|6404870.51,445
321534.327|6400634.738,294
324413.71|6402155.228,347
305139.505|6400416.202,
318217.977|6397121.348,194
317102.746|6387578.05,1
326707.741|6396507.588,183
313762.735|6392771.152,84
316817.349|6388899.862,6
315047.636|6401967.722,337
317147.006|6399137.42,245
316450.614|6398963.323,244
313575.345|6394776.012,133
307313.435|6402406.364,331
323325.327|6390108.855,31
315877.087|6399332.198,244
317381.81|6405779.56,461
323673.7|6393933.244,120
317747.225|6398777.878,246
307335.971|6401270.523,305
328531.196|6393913.373,126
320715.109|6397072.91,197
325746.608|6393400.02,97
316753.573|6404842.704,441
326639.013|6408602.651,537
326821.638|6402262.011,350
325629.741|6401318.422,324
324652.986|6409299.385,553
307597.878|6402446.744,331
315354.188|6401839.172,337
324476.798|6400536.329,298
324998.514|6389298.9,21
316980.489|6404867.6,441
314626.545|6391259.351,53
323567.328|6408123.206,514
325074.055|6403241.363,399
319702.935|6405079.314,444
321525.106|6409363.002,549
316868.013|6398069.159,225
325711.141|6394065.774,122
322227.024|6399590.638,274
316343.297|6401633.87,314
321562.657|6410790.333,575
322314.955|6389044.887,
326654.953|6395023.914,147
318692.072|6399719.1,270
307909.328|6402460.593,356
318555.554|6398706.856,227
328277.35|6403999.659,403
317697.732|6387892.65,1
330185.878|6408582.303,540
315903.179|6397772.662,208
323831.529|6412028.212,585
322889.507|6413121.787,
312722.496|6402428.276,336
315037.042|6402334.047,337
314398.936|6390152.687,26
321690.047|6393854.063,118
318941.099|6400001.048,271
315449.228|6394307.29,135
318273.616|6391618.379,57
319027.976|6403038.74,367
324908.114|6402485.466,348
315499.828|6399387.194,243
323145.301|6407174.388,500
319713.443|6402673.451,368
316812.631|6397455.885,209
308567.026|6388558.74,
316671.412|6391929.018,70
323298.861|6412219.8,
328492.163|6402669.827,378
316142.758|6407635.079,509
323315.038|6401259.08,322
331375.378|6387806.605,
314708.194|6396674.843,190
323695.226|6406756.977,486
304337.961|6401197.463,
331334.077|6410028.379,570
316785.103|6405468.757,460
314873.671|6395758.79,154
313940.406|6397492.48,205
329443.422|6394166.85,127
316936.844|6402739.908,364
324620.964|6403744.98,399
322433.877|6401299.211,321
319780.431|6394696.405,140
324346.648|6404249.517,425
316466.037|6394680.379,136
319304.465|6406319.805,482
317980.952|6401220.836,316
312652.141|6396708.066,187
324889.309|6388920.25,11
322554.068|6393450.284,119
307277.386|6401438.652,305
320708.419|6392860.404,92
329597.863|6409224.559,539
323717.944|6405346.828,449
312756.209|6399429.045,241
332154.621|6409761.173,558
310294.666|6405821.266,454
326892.115|6408964.711,537
317100.516|6406346.738,479
323061.138|6389073.851,18
328439.828|6402271.336,352
329484.286|6401150.782,328
322938.112|6410908.197,577
329795.733|6392955.239,102
318423.997|6398732.312,227
320797.892|6394394.195,141
319382.762|6398415.327,228
324179.4|6388985.371,20
316801.564|6397676.587,209
318776.98|6394321.427,139
318787.03|6398907.799,247
315136.467|6403494.132,388
321308.687|6408838.352,530
314936.541|6403308.857,362
315136.47|6403781.86,388
307665.989|6400964.532,280
323337.918|6401284.475,322
322264.114|6391436.898,60
318091.894|6402518.917,366
316111.289|6398178.97,224
306307.261|6400758.3,279
330123.299|6403293.524,405
317398.821|6391699.38,56
325617.299|6410911.199,580
317105.161|6396176.634,175
325963.451|6410361.207,569
323029.14|6400991.952,296
329103.928|6394976.152,150
308113.668|6401207.511,306
319314.123|6397605.966,212
328633.565|6402749.333,378
324629.4|6395507.499,162
316805.315|6406096.819,460
314897.98|6394537.423,134
323986.937|6406307.297,486
318188.736|6391861.05,57
323735.852|6410285.733,566
318598.201|6391852.664,58
319710.178|6403759.992,393
316446.984|6392681.925,70
331046.328|6394071.768,129
319935.037|6402613.252,368
320637.795|6394471.657,141
320751.203|6397051.666,197
323133.395|6400515.703,296
316313.62|6402060.026,338
327649.04|6392756.076,99
324912.385|6402519.17,348
324939.558|6405531.586,450
326464.372|6394596.253,147
322776.203|6402904.793,371
316603.815|6398567.421,225
316948.346|6397882.093,209
329695.522|6408836.887,539
314595.623|6392770.695,85
319875.27|6399795.096,272
315421.123|6399693.925,267
322826.286|6407261.14,499
325695.44|6410698.838,580
308135.265|6393164.379,82
307336.09|6400757.472,280
305517.361|6400080.5,256
328770.388|6401975.262,353
319260.629|6405935.491,463
313519.722|6409481.635,543
328208.315|6403909.066,403
317460.766|6388398.8,6
324679.764|6405878.261,469
329203.199|6400935.004,301
314862.691|6402992.63,362
321066.876|6409599.241,549
321342.229|6408006.58,512
318612.897|6394008.214,114
325887.837|6404209.073,427
320512.775|6395403.799,158
320725.168|6398782.093,249
322878.351|6407452.652,499
319556.198|6398423.389,228
323047.657|6407546.682,499
324012.974|6405425.52,449
316775.592|6392516.857,70
325443.966|6408056.22,517
323371.082|6401782.122,346
324527.617|6400914.527,323
304188.815|6400218.656,
329441.998|6393722.421,127
323100.288|6407095.107,499
314691.565|6401360.838,312
325732.634|6410491.668,568
321307.8|6408701.655,530
317335.786|6392996.475,88
325263.747|6405102.686,450
327861.608|6402753.657,377
330909.482|6393822.03,128
325848.063|6401326.005,325
307392.897|6403358.663,380
327071.87|6397159.887,201
325314.267|6400509.869,299
316379.864|6410276.761,560
323334.964|6404991.586,448
314901.571|6401239.779,312
325610.958|6401965.24,349
323915.36|6405471.348,449
318965.874|6397450.175,211
323577.201|6404234.406,424
320282.537|6405303.152,445
318808.539|6397462.562,211
324124.368|6407059.256,501
324846.624|6402088.28,348
320367.42|6398460.104,229
323715.91|6389581.175,19
318786.196|6406680.952,481
320060.985|6399780.733,272
327533.072|6394717.433,148
316909.352|6400901.47,289
311942.4|6408377.82,505
323507.02|6405875.312,468
319849.013|6411572.362,583
321691.929|6394879.732,142
314579.792|6394557.983,134
320946.718|6409752.785,548
317261.064|6405547.786,461
320285.927|6397752.249,213
318318.661|6399089.711,246
319077.416|6400201.805,271
324656.93|6411647.639,586
322617.225|6400124.814,275
312895.715|6409774.071,542
317573.676|6401798.009,340
328418.043|6393946.511,126
325919.264|6401340.884,325
319601.418|6399305.051,248
319935.419|6404901.397,444
320245.515|6410901.103,574
308897.037|6403424.328,382
321049.697|6404000.915,421
317742.474|6395178.512,157
314891.093|6390473.706,40
330353.963|6408240.964,521
331144.58|6403759.561,406
324380.232|6407904.785,515
307025.785|6399799.607,258
332895.065|6410468.564,
323062.805|6400790.297,296
306655.334|6400344.818,279
310258.845|6406561.085,474
318076.02|6391205.709,57
318781.605|6399256.671,247
315978.42|6398002.649,224
324137.499|6401592.384,323
320222.978|6400241.748,272
310826.452|6399667.052,261
313185.739|6393591.108,108
317861.173|6399208.64,246
328123.766|6394819.552,149
320779.672|6410953.845,574
305335.926|6400263.281,256
322608.051|6400653.369,295
325669.563|6403716.259,400
320977.737|6393998.551,117
318959.572|6405456.755,443
322857.894|6412436.172,
315666.09|6399360.48,243
313110.983|6395098.359,152
318156.158|6396979.45,194
314824.878|6403370.371,
317026.283|6387558.436,0
332072.753|6410298.065,
321448.072|6396497.3,178
316126.85|6402815.244,363
313011.764|6393890.021,108
319850.674|6399106.169,248
326794.519|6401967.51,350
315798.788|6400302.985,267
316512.281|6393851.863,112
321432.341|6395124.417,160
320563.14|6405130.839,445
325415.204|6408250.8,517
306905.386|6398749.552,236
316814.671|6401437.89,314
326630.801|6401950.739,350
315537.895|6397580.523,207
314893.335|6406052.943,458
307970.311|6402886.895,356
313034.322|6402710.851,361
324488.064|6401276.835,323
322081.46|6399104.428,251
323672.868|6411205.033,578
329182.866|6394220.056,150
323931.753|6405423.994,449
319020.305|6394048.035,115
318212.228|6401288.698,316
318597.417|6394093.417,114
318254.882|6401025.805,316
313313.917|6394726.632,133
312700.102|6407861.54,506
321075.939|6406593.275,483
320705.971|6392611.34,74
323645.874|6404242.085,424
314904.227|6395005.092,154
324772.394|6410868.883,579
327010.464|6395063.759,164
316983.302|6405328.34,441
316801.504|6405159.478,441
323109.791|6404151.798,423
316797.881|6398913.137,245
316209.17|6399767.991,268
319245.709|6398617.628,228
321085.513|6394705.275,142
320963.254|6412043.908,584
320137.816|6397912.537,229
316290.309|6397705.278,208
312428.738|6402470.963,360
316374.312|6398429.774,225
327061.683|6395667.552,164
314106.159|6394891.476,153
315805.23|6403795.609,389
325522.654|6405954.944,470
307402.916|6401340.558,305
314993.022|6391403.559,54
323960.889|6407754.349,515
313486.995|6395964.189,171
324167.489|6408559.465,534
323069.106|6401085.283,321
322820.953|6396321.49,180
321007.03|6400351.107,294
329582.585|6401599.604,328
320349.31|6394463.543,141
329284.103|6394153.773,150
315636.78|6397712.486,207
315212.541|6412484.082,
308077.137|6390285.414,24
307769.931|6401855.702,331
306154.91|6400347.533,278
316014.212|6396180.97,174
320095.054|6398452.277,229
323735.512|6393662.387,120
316873.72|6390731.52,42
316621.206|6398945.941,244
314415.261|6391374.95,53
310030.104|6403873.988,383
319412.935|6396478.262,195
321604.336|6399857.998,274
323192.254|6410893.471,577
319445.73|6398972.559,248
320135.185|6396878.863,196
325287.311|6402381.324,374
325916.991|6410910.254,580
319869.598|6399385.579,248
324699.474|6388949.55,11
320131.662|6404220.775,420
314436.917|6400840.791,286
323937.782|6405329.935,449
320738.401|6398011.102,230
332911.977|6399308.262,
319150.888|6399037.05,247
329354.365|6409068.64,539
323632.689|6388324.037,10
330383.7|6404597.699,432
316680.871|6404198.414,416
316253.72|6399870.848,268
316589.861|6405562.854,460
328902.817|6401919.714,353
311724.562|6407750.93,505
319904.701|6405455.808,464
314709.661|6396759.542,190
320851.631|6409757.983,548
315329.246|6392438.367,68
316929.686|6391004.216,42
316601.188|6392231.522,70
328519.613|6404001.111,430
323016.314|6405283.504,448
326147.69|6393457.046,123
313664.588|6393352.089,84
323033.454|6406996.055,485
317083.778|6396713.26,193
320772.361|6399932.077,273
321278.807|6411973.962,584
315708.022|6401845.074,337
322620.492|6389001.098,18
327783.61|6402262.944,351
322946.389|6392703.069,95
317528.568|6404642.795,417
316250.261|6398266.09,225
314024.728|6392875.162,84
325263.027|6402126.351,348
325207.483|6401813.869,348
326592.237|6403700.309,401
319575.971|6399349.426,248
320359.684|6403849.156,394
321615.095|6403910.198,395
321767.112|6391577.583,59
316578.494|6394798.913,136
316000.084|6404332.462,415
308539.561|6404227.496,408
316720.287|6400161.064,268
314690.84|6402393.775,
316673.219|6394106.635,112
305322.188|6401653.309,303
315835.821|6405381.712,459
329386.162|6401518.389,328
327314.884|6403657.208,402
327729.854|6398108.627,232
328758.634|6402922.8,378
324320.818|6406571.252,486
318478.004|6392475.715,72
324350.234|6404977.548,449
320342.822|6395203.814,158
326672.469|6401240.819,326
313886.725|6393710.903,109
319719.787|6402958.234,368
329012.742|6402445.096,353
312950.605|6397345.442,204
316221.513|6398314.765,225
320153.985|6393950.815,116
324240.981|6411732.18,586
316738.241|6404675.334,416
317406.028|6393257.05,88
321428.95|6392761.33,93
317786.628|6394709.565,138
318099.186|6400474.016,290
314610.723|6391800.992,53
310924.63|6406549.4,475
311903.042|6404241.571,412
322621.162|6399743.346,275
324839.713|6400674.432,298
331465.016|6410369.176,570
320266.95|6399662.132,272
320528.537|6398652.728,249
319481.733|6400125.569,271
317193.771|6402240.714,339
317048.908|6395926.79,175
317568.772|6402365.532,340
317073.714|6392362.328,70
317046.139|6392101.585,70
308918.384|6391639.195,
314332.91|6396984.466,189
318786.866|6405299.476,443
315149.791|6402369.71,337
322683.56|6392235.812,76
318107.906|6400434.868,290
313964.666|6393039.481,84
322998.151|6403491.434,397
318304.274|6406430.805,480
319749.017|6401027.649,292
319805.315|6404291.182,420
318377.951|6391691.416,58
317035.176|6404710.124,441
317046.98|6393011.671,88
326332.603|6394125.414,123
323091.102|6406919.476,485
317783.652|6392914.59,89
319915.724|6402138.625,342
313508.564|6398896.875,242
314630.17|6396912.092,190
308896.516|6404843.728,434
327557.05|6403798.784,402
321227.196|6409165.937,530
314287.079|6392546.443,67
316704.954|6410963.382,572
318426.256|6394265.961,114
332971.19|6410327.467,
320441.436|6397109.113,196
319852.975|6396466.47,176
324169.706|6402319.042,347
313141.728|6403565.514,386
324251.53|6388963.753,20
320411.512|6403555.883,394
318720.002|6400066.994,270
316964.682|6400944.174,289
323604.951|6395234.8,
326586.187|6396200.364,183
317038.116|6387743.776,0
306958.397|6391039.214,36
314877.443|6403071.093,362
315336.046|6393078.643,86
322193.123|6401451.244,320
308057.821|6403223.745,356
321700.511|6408339.121,512
321312.302|6398753.286,250
313980.8|6391665.676,52
324524.097|6395694.706,162
306998.883|6400340.782,279
317496.246|6388303.341,1
322078.992|6401278.367,320
312894.503|6396543.552,188
329411.002|6393522.711,127
317510.269|6399407.601,269
321606.87|6393204.551,93
327931.507|6393460.728,125
317801.837|6401471.795,315
322259.73|6391006.015,45
321780.908|6402199.688,344
321340.804|6406061.14,465
313396.173|6402709.997,361
320741.484|6410203.684,563
307379.367|6403199.678,380
312378.907|6402442.449,360
317025.919|6406481.531,479
326021.416|6410973.931,580
320150.818|6400192.026,272
329291.165|6412620.374,
321612.202|6396024.798,178
307658.887|6392842.547,
323634.956|6393718.406,120
331130.828|6409912.843,557
321767.258|6394286.095,118
319371.073|6400843.393,292
322735.214|6394535.113,144
322530.794|6393539.133,119
320566.15|6398801.725,249
328349.154|6402235.406,352
312443.351|6408270.26,506
324297.359|6389445.709,20
326187.064|6388278.213,3
315490.893|6396702.893,191
312406.315|6399298.851,241
313799.272|6399346.483,242
320927.099|6400573.706,293
324264.062|6411825.061,586
314329.85|6400136.841,265
320777.301|6396133.103,177
324282.959|6407272.436,501
306525.27|6400046.148,257
314110.672|6391001.595,39
319270.89|6399833.964,271
318286.772|6399377.604,246
320883.015|6403590.704,394
322780.51|6407103.713,499
323458.641|6393607.688,120
312967.069|6402372.888,336
312218.708|6399617.869,263
328027.627|6402603.226,377
324845.955|6403476.418,399
320179.831|6397360.977,213
318361.405|6398361.125,227
319095.652|6393727.919,115
316250.283|6391748.006,55
324752.815|6409991.634,553
326164.11|6410435.114,569
315131.131|6393866.815,110
318638.985|6406175.683,462
324248.164|6408130.652,515
318762.134|6398449.134,227
320792.112|6399571.38,273
327788.321|6402289.163,351
310683.266|6399891.664,261
331614.397|6399277.111,255
327832.622|6403304.374,402
319974.996|6401561.944,318
321723.515|6395314.467,160
328590.31|6408422.616,520
321910.845|6393598.864,118
312994.435|6402813.995,361
305072.438|6401824.708,
312895.822|6403089.975,361
321345.353|6396769.904,197
326483.214|6401401.615,325
331185.084|6409954.061,570
314026.13|6393832.91,109
312249.777|6402765.752,360
313394.469|6403096.803,361
313263.502|6392994.96,84
318467.809|6402941.924,366
320332.951|6394707.407,141
311007.579|6404586.405,436
322546.457|6393802.895,119
324806.703|6406035.278,469
322556.774|6401792.607,345
321030.426|6404315.299,421
324610.652|6405908.028,469
323803.814|6412540.91,
327632.712|6394523.51,148
316207.558|6398554.285,224
321242.088|6401696.173,344
319387.687|6401393.405,317
314903.645|6392116.522,68
318565.103|6394197.413,114
321687.967|6392170.41,75
321711.011|6393390.102,93
316821.25|6402644.366,364
319693.282|6400486.698,292
329538.669|6403059.026,379
321360.949|6400885.835,294
324500.419|6402063.616,348
319121.599|6398424.189,228
317273.099|6400429.909,289
317924.074|6402201.376,340
322038.254|6401245.17,320
322416.505|6401275.467,321
319542.028|6396250.819,176
308254.601|6390461.373,24
319053.503|6400091.251,271
322636.018|6399644.041,275
322736.116|6400414.609,296
305639.785|6399902.186,256
325471.493|6389433.053,21
320085.692|6398475.889,229
315824.093|6394497.015,136
316231.395|6398287.346,225
315638.639|6403353.41,388
322442.434|6396376.042,179
317721.823|6388760.435,7
324927.341|6401170.017,324
312885.889|6412432.078,
331938.251|6404112.179,
327823.407|6397563.187,218
307045.667|6402912.331,355
312402.4|6396926.909,187
316641.739|6398251.246,225
310689.405|6400206.621,261
322003.513|6394148.719,118
326869.281|6395742.915,183
319605.307|6398732.877,248
329965.386|6398898.888,254
317022.788|6392528.261,70
329240.772|6395725.756,184
313201.962|6402725.678,361
317340.354|6395230.688,157
322474.048|6388942.153,
318227.743|6394304.574,138
324132.36|6402265.627,347
322354.702|6392793.948,94
315271.072|6402525.453,337
318871.486|6397328.585,211
312246.851|6393949.034,107
306716.507|6400181.905,279
319958.407|6399121.223,248
316520.614|6398255.081,225
316923.891|6406036.064,460
321952.413|6399504.422,274
320295.647|6404912.501,445
323583.517|6409067.616,533
326264.656|6402052.684,350
319258.408|6399330.82,248
310363.47|6406145.583,454
319343.411|6400636.013,292
317430.598|6405469.031,461
308486.515|6403323.072,381
327782.929|6397585.997,218
322336.369|6401589.552,321
321740.379|6408765.735,531
319887.812|6398490.952,229
314412.024|6396910.746,189
321429.962|6396045.484,178
322237.482|6402481.92,345
321639.54|6394893.924,142
320464.818|6395315.447,158
317791.1|6400025.409,269
320129.088|6399947.581,272
332022.998|6409693.936,558
328965.85|6394062.456,126
327969.598|6404176.637,429
324873.441|6409731.108,553
320515.034|6401365.024,318
327427.654|6404207.308,428
330553.258|6408996.022,540
319666.465|6399171.391,248
317996.202|6402172.821,340
315870.863|6402215.346,338
322364.617|6400950.506,295
322126.49|6402573.841,370
322192.781|6402492.428,345
316354.835|6393910.708,112
319607.435|6401850.368,342
324948.115|6403037.431,374
332115.492|6387589.162,
318637.222|6405992.323,462
320547.308|6396422.556,177
313625.697|6395633.57,171
316839.541|6400388.404,289
328112.016|6404084.861,429
318116.738|6398780.033,246
315637.141|6394220.738,111
316395.337|6410870.096,571
320746.815|6392655.977,74
308556.661|6401479.08,307
309880.417|6399643.542,260
327070.254|6404242.037,428
316323.859|6410824.323,571
319731.14|6401010.41,292
316101.67|6393396.441,87
316871.738|6395378.112,156
319886.651|6406275.257,482
326678.555|6408403.488,518
323269.458|6410721.545,577
315478.311|6400269.217,287
330861.537|6404759.1,452
304596.97|6400965.1,
319762.999|6398256.489,229
315472.438|6399393.14,243
314608.289|6394637.626,134
327584.551|6393118.025,99
323291.397|6401734.372,346
318775.901|6394568.496,139
324337.365|6411586.399,586
318390.76|6399504.265,270
314802.056|6406183.944,458
322277.908|6395626.386,179
326234.73|6400811.503,300
317992.98|6399317.141,246
318711.49|6399213.253,247
322698.192|6401108.455,321
312961.37|6403133.155,361
323272.974|6410364.709,566
328600.251|6403266.67,403
325526.606|6402915.754,374
307107.42|6411268.698,
322076.703|6405763.16,466
313291.375|6402605.332,361
320378.269|6397688.125,213
320355.23|6400360.656,293
327816.437|6395517.066,165
311860.06|6406625.768,476
316988.632|6401266.973,314
324768.154|6409527.424,553
318664.714|6399790.789,270
320795.857|6404741.886,445
317741.069|6400133.045,269
317841.12|6403377.831,391
307354.675|6401733.917,331
320529.209|6399264.542,249
319784.394|6392833.261,91
316849.59|6399277.896,245
319073.94|6399253.144,247
317549.756|6395205.466,157
315445.878|6400281.877,287
308674.223|6404767.731,
324341.042|6406090.786,469
314237.896|6400254.346,286
318967.983|6399565.675,271
328900.04|6403517.657,404
321850.73|6394850.65,160
315703.731|6394352.006,135
323710.93|6408059.299,515
314834.803|6395524.229,154
322627.51|6402901.179,371
315865.504|6396781.218,191
316508.876|6401268.215,314
315946.402|6396725.583,191
324019.886|6403250.898,398
322120.585|6394926.725,143
331643.881|6387484.119,
327758.535|6397575.821,218
321368.164|6399709.356,273
318998.329|6397264.255,211
322992.491|6400440.903,296
316305.923|6401827.312,338
314653.28|6394170.521,110
322568.711|6393363.418,94
318663.988|6392659.524,72
323990.199|6407916.506,515
318533.37|6397942.183,227
322327.695|6392955.873,94
306379.346|6400787.796,279
321473.173|6396507.402,178
314079.897|6393467.428,109
316410.238|6398887.425,244
326107.484|6401522.441,325
317444.654|6395231.282,157
321212.955|6409834.221,549
322385.847|6392338.756,76
322147.124|6394418.154,143
325794.696|6405930.526,471
319480.754|6399795.064,271
319815.668|6399110.17,248
317478.668|6402032.132,339
324413.613|6400939.84,323
315681.261|6403711.034,388
312487.929|6394090.073,107
320969.847|6407546.612,497
318788.573|6399606.936,270
313951.142|6400368.859,285
311903.704|6405968.931,456
321055.043|6399576.973,273
319065.173|6394047.822,115
316877.197|6400751.195,289
317860.584|6400554.251,290
314412.848|6400236.422,286
313042.219|6394781.69,132
326234.258|6402794.562,375
307220.936|6391085.63,36
322936.733|6410800.334,577
315445.433|6399842.362,267
318952.873|6399925.686,271
319229.092|6400134.178,271
314636.203|6393678.881,110
328872.815|6403510.094,404
314758.922|6405921.655,458
323080.87|6400673.544,296
324096.813|6402132.973,347
329097.839|6401659.08,353
333171.051|6396177.467,
313818.245|6399033.583,242
328379.959|6394164.367,149
321381.625|6397174.35,214
333021.701|6410421.109,
316651.275|6393321.328,88
310420.354|6399291.737,238
319403.65|6400382.898,292
315131.868|6402142.481,337
321504.504|6397052.837,198
310415.04|6400216.381,261
312309.681|6397160.96,187
313334.759|6395087.435,152
314238.3|6400384.088,286
321480.97|6408683.56,531
323042.687|6394645.757,144
310410.603|6399742.362,261
312565.202|6402647.176,360
321518.393|6394886.341,142
326309.147|6403264.666,401
321599.611|6396680.802,198
318640.395|6394270.27,139
319752.583|6411689.798,583
321573.325|6407002.675,498
326128.292|6410319.446,569
327054.469|6392944.778,99
319574.895|6399951.83,271
312954.395|6396817.006,188
326753.934|6396304.73,183
312606.434|6396232.641,170
315770.0|6403862.242,415
321771.249|6400670.457,294
329841.049|6400843.374,302
316995.134|6390181.257,28
328598.68|6394930.631,166
318257.181|6402505.0,366
321553.93|6397833.956,214
319851.293|6397794.714,212
317321.765|6395015.575,157
319405.359|6398784.234,248
322067.189|6395934.398,179
321661.899|6397255.336,214
320349.339|6399734.084,272
319755.166|6402923.193,368
318402.584|6398779.687,227
318469.815|6398344.54,227
317942.933|6400412.574,290
325635.0|6388348.957,12
324374.583|6406548.806,486
307248.392|6402380.354,331
322524.864|6402577.045,371
318670.134|6397656.355,211
307073.14|6390860.797,36
323440.103|6406995.202,500
320696.425|6401050.674,319
322281.427|6392829.583,94
319794.059|6399370.334,248
325996.174|6410356.237,569
324358.461|6403141.064,373
323037.556|6387834.864,
319751.861|6399374.492,248
320947.885|6395105.471,159
321380.88|6400832.785,294
319911.738|6401676.027,318
322657.478|6394498.487,143
309278.29|6403449.064,382
320848.422|6392571.846,74
322981.968|6401737.59,346
316045.485|6399481.299,244
318666.112|6399431.193,247
321081.616|6409667.023,549
322787.432|6392792.292,95
310540.827|6401415.628,309
321854.586|6392993.868,94
320527.366|6405581.025,464
325559.003|6401293.462,324
321084.474|6404561.612,421
320276.774|6404663.967,420
321852.394|6395500.564,160
316713.837|6401255.474,314
319159.65|6399242.502,247
329445.232|6394535.068,150
307406.282|6401846.206,331
312457.512|6396955.658,187
316245.548|6392664.638,87
317676.667|6400130.75,269
314105.439|6392957.852,85
315875.515|6396555.445,191
318158.131|6394178.832,114
320929.403|6397032.831,197
324215.313|6389032.703,20
319559.401|6399878.146,271
313255.366|6402622.731,361
317178.109|6394127.208,113
318795.969|6399202.799,247
318142.579|6392701.367,89
305870.867|6403359.307,
325286.507|6400478.176,298
324044.15|6403190.033,398
323177.72|6392759.205,95
320609.361|6395046.856,159
317576.72|6395553.594,157
313357.127|6402865.934,361
317148.923|6397293.565,209
319364.553|6400843.545,292
321194.855|6403353.625,395
315411.604|6399879.371,267
314878.885|6395292.278,154
320363.757|6399445.053,249
322718.003|6402491.936,371
317618.63|6398796.256,246
313018.957|6403205.066,361
318191.141|6403785.388,391
318241.343|6399356.816,246
322059.831|6405628.054,466
324310.556|6406357.969,486
321025.287|6400357.407,294
321817.395|6393480.357,118
322398.276|6392830.16,94
308917.329|6401989.89,333
313166.634|6403571.264,386
328707.113|6395483.87,166
315470.362|6393994.932,111
330055.988|6399798.524,277
322796.908|6399165.828,252
313907.541|6397330.681,205
321088.579|6397034.915,197
328629.151|6403470.677,403
317214.282|6401370.37,315
320807.773|6404883.312,445
308477.837|6401383.842,307
318917.126|6397978.182,211
312016.36|6393927.23,107
322005.856|6391549.378,60
322183.832|6393066.931,94
315661.037|6402893.486,363
317951.189|6396775.521,194
306945.477|6400286.909,279
317003.779|6391602.579,56
321717.864|6402248.034,344
317291.9|6387292.254,
321865.968|6394470.984,143
319611.558|6400473.875,292
321015.939|6409649.696,549
331877.63|6409979.444,558
312423.737|6402487.842,360
323515.878|6401608.769,322
323237.971|6410233.712,566
313885.031|6403695.311,387
314595.482|6402456.952,
323751.011|6406959.55,500
325799.634|6393622.571,123
317886.352|6401167.476,315
321510.912|6396010.286,178
329484.932|6401460.787,328
321937.543|6394271.094,118
321771.438|6394360.666,142
320564.293|6395512.503,159
325480.158|6401183.171,324
323290.479|6405299.476,448
314638.856|6406215.802,
320863.745|6400372.409,293
318571.235|6404262.12,418
317760.529|6395581.44,157
317630.798|6395044.013,157
308767.167|6389275.45,15
331788.235|6398749.733,255
311913.751|6395674.693,169
314389.978|6400392.477,286
321625.408|6400760.183,294
323987.146|6402368.225,347
324196.993|6408092.797,515
320850.947|6401657.772,319
318857.666|6401561.7,317
315705.534|6398304.886,224
321826.237|6392175.992,75
320644.987|6397397.632,213
320560.375|6392912.378,92
316294.118|6403645.741,389
310840.412|6408652.679,522
323011.361|6401293.192,321
310431.468|6406970.343,490
304371.716|6400680.486,
320073.865|6399948.384,272
322535.768|6400505.907,295
314856.949|6406245.317,458
322924.27|6392435.391,76
332979.514|6389531.444,
318777.045|6399666.464,270
314654.211|6397797.56,206
316335.211|6402014.893,338
315883.435|6400429.666,288
310450.021|6399604.091,261
329585.048|6395552.541,167
313958.982|6394958.188,153
321694.701|6397478.596,214
325274.993|6407855.502,516
321259.467|6400943.216,294
319363.84|6400294.874,292
329055.897|6402345.965,353
316905.705|6399036.798,245
310264.592|6399206.662,238
320806.252|6400209.402,273
310241.329|6399370.728,238
320517.744|6405383.44,445
322117.995|6402043.232,345
324793.854|6387339.003,
313560.85|6395858.89,171
314452.979|6400406.874,286
321536.991|6403275.508,395
318854.594|6400242.526,291
324851.687|6402250.016,348
322987.146|6400397.337,296
311897.603|6406618.27,476
322731.267|6400229.808,275
315985.756|6404032.047,415
324409.427|6388642.624,10
313006.471|6403606.37,386
316708.175|6395466.802,156
326480.298|6404217.801,427
326161.016|6393448.146,123
322121.227|6395746.196,179
312934.035|6402772.011,361
319898.034|6401065.847,318
311233.07|6406748.897,475
322035.652|6399711.382,274
318769.227|6399007.947,247
319219.412|6400008.7,271
316795.958|6398187.854,225
309754.012|6399854.343,260
313062.648|6402775.276,361
322036.842|6392182.332,75
319284.011|6400623.404,292
324700.789|6409248.31,553
318660.809|6398786.521,247
321216.745|6406098.136,465
310682.434|6399831.241,261
318539.865|6401503.292,316
324272.07|6409568.858,552
318113.59|6392615.444,72
322380.204|6409105.838,532
305761.981|6402457.816,329
312791.499|6408034.622,506
317414.24|6391192.83,43
321627.999|6404899.537,446
326369.653|6396755.796,200
306124.789|6400345.78,278
325370.972|6410395.961,568
314747.504|6397664.501,206
314953.325|6403588.073,388
321344.23|6402529.382,344
324792.022|6402744.48,373
320395.879|6399740.064,272
320330.119|6400020.801,272
323284.462|6401118.636,322
320292.533|6399626.976,272
329649.378|6398584.234,234
323660.647|6405893.515,468
319471.991|6398828.053,248
322776.116|6401657.909,321
321888.545|6392269.836,75
318096.499|6398828.809,246
323524.255|6392774.697,77
317506.92|6408901.079,527
308613.852|6404161.276,408
312950.225|6396551.171,188
327566.22|6408882.582,538
321413.524|6395055.12,142
318477.842|6401487.317,316
305303.084|6400456.201,
321093.093|6400845.445,294
331803.688|6398635.239,255
324618.068|6403343.421,399
313561.056|6395941.143,171
309072.621|6404151.432,408
321816.386|6401293.213,320
311576.744|6408610.58,523
323165.028|6411105.17,577
317876.171|6398757.774,246
328907.361|6394284.567,150
320792.8|6411432.285,574
316927.561|6397249.853,209
326380.574|6408653.532,536
324606.067|6389365.58,20
315741.65|6403893.221,415
324655.571|6411756.81,586
319198.501|6399087.802,247
316213.294|6398434.013,225
322991.902|6410508.449,565
316570.394|6396122.629,174
313967.615|6396678.614,189
325235.307|6408062.929,516
311602.634|6406366.968,476
320294.162|6399556.154,272
332148.848|6399071.064,255
323997.408|6401514.728,322
316705.455|6397901.074,225
304539.842|6401843.145,
324306.679|6406019.332,469
317630.757|6389622.176,17
325502.272|6401226.443,324
315705.07|6401328.825,313
316893.322|6387429.428,
320263.206|6404840.631,445
319421.997|6405996.135,463
325911.874|6404136.588,427
308920.323|6403439.57,382
327972.906|6392894.886,100
327452.005|6395295.19,164
325868.878|6404880.711,451
319950.357|6397206.26,196
317277.718|6404804.479,441
320607.14|6404465.769,421
330510.529|6393002.154,103
319897.799|6396140.994,176
323258.276|6412246.006,
317312.994|6388924.72,6
326919.37|6403339.359,401
313971.855|6397313.059,205
304545.16|6401192.412,
313737.462|6394033.598,109
314937.567|6403408.326,388
316228.09|6398248.847,225
323584.068|6410467.265,566
319977.892|6396298.21,176
316479.04|6411332.225,571
319766.722|6397074.011,196
320617.575|6410985.722,574
331553.019|6410394.132,570
316867.731|6390405.529,28
330147.563|6398769.8,254
323932.184|6401153.586,322
317110.734|6398878.588,245
320355.769|6398453.712,229
317144.947|6391109.845,43
313839.245|6396910.586,189
304654.188|6401668.666,
329522.366|6394575.247,150
318198.591|6401774.936,340
321474.269|6400655.367,294
319364.635|6405858.016,463
324694.464|6395437.558,162
319524.88|6399391.61,248
327487.241|6404099.15,429
314834.573|6403146.2,362
322577.021|6401822.971,345
316752.153|6396653.675,192
314343.969|6391183.678,53
320179.256|6402547.627,368
314761.404|6396788.099,190
328991.809|6402366.071,353
312324.059|6407531.23,492
321439.162|6410130.199,564
316773.303|6404130.171,416
321595.444|6398699.041,250
313519.545|6396139.73,171
324076.819|6407076.88,501
316334.216|6398801.403,244
328073.318|6393128.79,100
308677.144|6388647.651,
312872.019|6396048.236,170
321269.44|6396650.213,197
317415.049|6391636.687,56
320622.435|6405453.931,445
316692.051|6396060.402,175
314768.089|6402093.297,
329207.175|6402593.461,379
318185.846|6391672.693,57
324771.252|6400753.508,298
307969.732|6402893.106,356
316541.528|6394847.113,136
316529.022|6396017.749,174
314860.404|6401238.796,312
314260.42|6394743.13,134
326770.071|6393593.792,124
321677.806|6393851.879,118
319856.393|6404056.869,420
325146.251|6402278.235,348
315013.902|6395235.311,154
320297.313|6399416.186,249
328768.554|6401916.925,353
321181.969|6396445.546,178
321194.597|6409384.013,549
314693.792|6396447.788,172
321584.666|6410769.535,575
316542.396|6397869.158,208
327686.466|6392780.633,99
314534.399|6400742.692,286
323249.08|6411300.729,577
313838.287|6397290.82,205
313705.681|6396854.231,189
325430.232|6410147.998,568
318885.942|6398014.307,211
324854.524|6403375.082,399
332668.771|6399925.35,
318245.791|6398627.217,227
313062.285|6403231.297,361
325486.629|6388442.918,12
323446.477|6401388.72,322
316897.694|6394269.691,137
326498.906|6394615.074,147
319161.335|6393947.433,115
315569.198|6402554.698,363
307367.627|6402538.665,355
329917.453|6394019.033,127
329362.723|6403227.216,404
326546.174|6409946.403,555
323482.52|6411119.724,577
323916.339|6412488.042,
314109.374|6395086.259,153
314669.698|6393673.188,110
325705.87|6410659.388,580
318598.632|6391735.218,58
318527.307|6392131.422,72
326595.564|6410498.363,569
307573.441|6403570.128,380
320633.224|6404460.306,421
311739.281|6403804.543,385
315812.415|6396583.518,191
321480.089|6409595.386,549
320513.98|6395118.907,158
321723.042|6401446.774,320
316908.44|6394214.087,137
319988.39|6403961.295,420
312959.023|6395210.374,152
317354.135|6391770.41,56
305162.954|6401935.439,
307730.033|6402438.903,331
317000.408|6396713.452,192
326223.793|6386995.329,
316473.54|6389163.032,16
326463.415|6394608.194,147
321068.098|6393359.321,93
323879.074|6411792.516,585
326109.703|6401134.379,325
323788.272|6405799.443,468
306900.692|6402428.33,330
315876.318|6400394.751,288
307668.369|6400602.213,280
329048.201|6393914.455,126
311781.088|6407647.281,505
316656.391|6397569.712,209
308905.937|6403775.913,382
317143.495|6401994.348,339
307528.799|6401232.662,305
329631.796|6393953.256,127
313590.132|6406907.817,478
313747.31|6396325.862,171
319418.883|6399104.028,248
324621.845|6409274.603,553
312958.286|6393680.641,108
321623.916|6400549.577,294
316052.825|6401193.222,313
324138.047|6395096.33,162
330470.066|6395740.618,168
314673.955|6401772.162,
316998.207|6400460.767,289
319548.051|6397859.37,212
314951.502|6403037.93,362
320535.807|6411133.651,574
307087.299|6400154.408,258
315315.769|6396823.011,190
320989.884|6409637.498,549
332666.38|6399952.277,
316224.707|6394741.726,136
314780.551|6403424.835,
326904.583|6401347.035,326
330825.009|6393775.505,128
321890.109|6393795.186,118
325926.796|6400547.6,299
323860.631|6407761.131,515
312064.392|6395763.619,169
317652.317|6402395.894,340
322570.422|6402809.174,371
309604.736|6403443.556,382
321519.856|6400538.419,294
316532.94|6397912.532,225
318300.738|6406454.484,480
308771.832|6388736.359,
317251.166|6399068.258,245
323321.7|6394754.654,144
308455.601|6405047.288,
314418.993|6393356.274,85
328208.608|6403153.444,377
321217.698|6397152.48,197
309984.222|6403904.376,383
328693.433|6398020.441,233
324206.558|6407042.241,501
321965.518|6402502.365,370
314949.335|6400888.39,312
330195.654|6408938.698,540
328786.675|6393623.85,126
317104.223|6391027.407,43
325185.248|6401793.91,348
322574.877|6395402.075,161
321824.486|6398658.219,231
316367.852|6388886.103,
324092.33|6393802.538,121
304476.562|6400783.559,
323616.394|6392921.049,96
306498.454|6399941.106,257
323483.069|6404708.875,424
321287.134|6409731.289,549
317722.985|6391578.897,57
318009.929|6387562.984,2
316439.046|6402735.354,364
323244.658|6393015.436,95
327683.79|6392724.92,99
327761.694|6402373.45,351
314253.004|6394846.174,134
313245.367|6396100.4,171
333155.138|6410192.15,
316727.542|6392518.905,70
325918.145|6404136.238,427
309745.381|6403702.136,383
317076.007|6391090.839,56
312335.441|6393871.341,107
316192.327|6401419.033,313
321343.559|6400835.272,294
318537.385|6392138.219,72
320398.83|6398482.269,229
322229.872|6400566.16,295
314252.343|6390740.278,39
324100.194|6403503.287,398
326513.89|6401313.125,325
325155.39|6405749.935,470
318712.406|6394299.547,139
320686.181|6405048.705,445
307193.053|6400581.3,280
325690.379|6402383.584,349
322885.029|6389181.59,18
329829.41|6408671.862,539
321563.816|6400431.16,294
306814.649|6400493.626,279
325068.895|6402530.41,374
320507.589|6411763.669,583
317108.471|6390237.126,28
327545.069|6402260.987,351
324495.645|6405291.063,450
318978.66|6398661.014,228
316950.673|6399033.474,245
304744.934|6401822.946,
315699.412|6393190.397,86
314479.844|6396678.699,190
317156.953|6387227.209,
327653.918|6393561.166,125
330191.706|6392480.031,80
323095.277|6404893.106,448
322856.583|6401360.613,321
321535.301|6396491.844,178
323938.135|6395446.69,
322135.252|6399609.193,274
307495.739|6402224.597,331
316196.987|6397849.121,208
327875.326|6393164.638,99
317017.225|6406247.285,479
316767.403|6399987.975,268
315940.573|6402136.06,338
324618.624|6405486.984,469
323250.243|6411210.025,577
319569.444|6397839.732,212
315499.632|6399714.909,267
327855.493|6403309.98,402
307206.076|6400149.992,258
324440.225|6388693.11,11
311385.006|6408410.501,523
322402.268|6406573.924,484
317680.269|6391645.228,57
316788.198|6402022.864,339
314564.729|6390640.064,40
318691.922|6394282.688,139
315123.978|6394787.623,135
319114.627|6404422.946,419
316047.893|6403640.301,389
322270.567|6391470.391,60
316602.943|6404784.335,416
305217.071|6402904.983,
315618.134|6396816.746,191
323712.922|6406229.257,468
308578.847|6404768.737,
319689.87|6406557.1,482
323121.381|6394961.118,144
324855.792|6403573.308,399
325161.843|6403496.443,399
321436.882|6396018.494,178
331245.198|6398035.832,235
313680.345|6397004.09,189
328409.17|6403258.058,403
317134.944|6395660.533,175
321896.781|6401480.222,320
315092.465|6393662.784,110
322587.404|6399952.315,275
320754.406|6394698.32,141
314737.489|6391600.725,53
324115.545|6408096.121,515
324982.871|6405544.106,470
313825.877|6396159.019,171
320838.777|6398041.17,230
313935.156|6395667.004,153
316212.577|6396554.134,174
316899.937|6401684.501,339
328704.386|6403012.91,378
317148.783|6395450.641,157
325829.559|6400706.096,299
321699.113|6398982.855,250
314810.611|6393815.482,110
322609.65|6394769.662,143
305607.803|6401138.908,303
326929.473|6397327.115,217
320898.988|6395284.804,159
305917.326|6402809.08,354
321302.64|6400345.983,294
323230.092|6393561.021,120
325908.402|6386758.121,
326056.599|6391220.173,48
319092.22|6393972.627,115
322920.804|6389531.209,18
323649.426|6393363.61,96
307166.601|6400132.78,258
328273.507|6403611.14,403
313305.984|6395254.71,152
324114.574|6408050.537,515
313413.861|6393984.1,108
308028.731|6403294.369,356
324933.029|6403321.654,399
314502.663|6392368.318,68
321467.056|6395035.984,142
317544.659|6402232.736,340
307894.609|6403073.823,356
328672.36|6404050.994,430
329085.855|6402718.017,378
324573.1|6404727.85,425
314499.823|6404793.634,438
317974.655|6387331.365,
313959.991|6396798.775,189
323342.463|6405486.608,468
313732.415|6392795.389,84
318359.96|6401432.013,316
307422.044|6399812.893,258
324883.15|6402238.394,348
324668.653|6403624.572,399
325550.231|6406078.803,470
329153.802|6393158.829,101
328257.51|6394072.021,125
327591.513|6402313.127,351
328438.511|6397982.281,219
320647.554|6398260.768,230
311056.823|6405930.3,455
315928.943|6402654.407,363
318082.713|6398416.674,227
314637.043|6396573.673,190
326922.587|6402868.409,376
325326.45|6405041.424,451
319691.59|6397521.8,212
316892.37|6395353.934,156
313874.487|6393969.126,109
325546.787|6401357.568,324
314195.866|6391784.835,53
318706.723|6398720.097,247
328133.054|6398289.762,232
305216.693|6400303.564,
316650.519|6400153.257,268
307629.278|6402447.55,331
316159.832|6396249.341,174
325803.805|6402074.906,349
325291.99|6403519.725,399
316514.317|6388215.721,0
328985.232|6394087.378,126
316169.174|6397957.926,208
308163.266|6402798.27,356
326512.906|6410600.002,569
315790.502|6402826.93,363
315724.262|6401629.349,313
307915.288|6403114.074,356
314698.864|6402298.787,
318862.498|6394421.469,139
306146.342|6401583.608,304
324731.643|6411550.798,586
316969.809|6395324.919,156
319161.873|6393813.44,115
318755.035|6394548.306,139
327510.703|6394335.517,148
316592.471|6399894.456,268
316422.202|6394744.228,136
320389.042|6403753.029,394
316734.571|6400266.801,268
327608.83|6393182.648,99
316039.5|6411291.045,571
318288.083|6388557.338,7
326436.428|6389458.847,22
316996.139|6404911.936,441
317233.901|6387302.306,
324221.66|6407928.256,515
328337.523|6403893.763,403
321501.284|6393605.492,118
329535.26|6409252.85,539
324878.13|6403414.509,399
314755.523|6394007.746,110
324013.747|6386860.925,
318504.774|6406352.727,481
311989.408|6395850.117,169
320102.14|6400416.424,292
320580.588|6404469.317,421
307987.872|6401074.58,306
318105.623|6391921.947,57
316520.667|6399832.53,268
315246.968|6394940.039,135
323422.75|6405837.059,468
325399.37|6401040.67,324
320538.582|6397088.274,213
312887.548|6412397.578,
315961.038|6402576.209,363
319715.396|6397484.749,212
332763.511|6411963.325,
332714.741|6396157.28,
317058.266|6396129.898,175
321208.17|6394926.261,142
323192.717|6412282.492,
326011.154|6410193.867,569
316439.4|6398197.373,225
310295.016|6405843.797,454
315699.585|6399185.23,243
315154.605|6401949.967,337
316279.627|6388043.882,0
320165.329|6404216.837,420
310952.83|6408676.826,522
328918.88|6403141.066,378
316817.712|6396250.556,175
314340.216|6394790.754,134
320431.629|6405024.519,445
324585.713|6403929.278,425
329668.873|6393454.884,127
318858.542|6394008.666,115
321784.376|6397215.006,198
317929.636|6391514.715,57
324874.711|6400527.604,298
320313.894|6400247.921,293
316028.363|6400173.56,267
320566.943|6398101.463,230
319458.547|6397629.394,212
323449.675|6405530.311,468
316039.783|6401981.301,338
323985.227|6388711.085,10
315454.821|6403441.914,388
323378.773|6401473.876,322
315705.661|6394704.619,135
320190.83|6399557.524,272
314527.06|6400995.923,286
321261.438|6395042.219,159
316029.086|6400695.917,288
312559.775|6407593.865,492
312731.904|6394162.034,132
328726.645|6402253.566,352
312345.882|6393948.939,107
312472.216|6396304.056,170
329066.124|6394044.976,126
321823.209|6391672.295,59
331803.959|6398126.596,
315116.621|6402389.3,337
325965.73|6401766.955,349
315857.452|6399262.878,244
320330.561|6404909.817,445
322902.704|6404666.668,423
307433.021|6390344.973,23
333134.728|6397558.963,
324424.928|6400624.129,297
328999.016|6401258.541,327
324893.588|6403084.388,374
315539.542|6397030.388,191
319161.494|6393997.341,115
313015.904|6395275.397,152
320995.031|6396629.354,197
321894.271|6391197.907,45
324312.022|6411817.957,586
315817.585|6406857.94,493
318271.336|6398564.361,227
306299.705|6399862.678,257
307465.442|6400221.438,280
328485.773|6403924.047,403
318467.375|6392075.146,72
328384.211|6398382.627,233
333266.597|6398489.057,
316895.551|6396701.821,192
305955.393|6400503.304,278
315857.287|6399331.504,244
323655.362|6393835.302,120
327623.201|6408508.09,538
332684.624|6388182.093,
328993.733|6402995.652,378
318101.192|6401454.643,316
316636.876|6396943.224,192
316357.021|6393716.436,112
328121.509|6403376.075,403
315044.126|6401999.818,337
325824.411|6410289.309,569
320372.887|6397626.365,213
316994.288|6387551.299,0
325232.297|6405085.916,450
324084.405|6393759.425,121
324315.762|6404236.416,425
315887.688|6402854.909,363
316287.457|6399665.04,268
328400.219|6398046.857,233
323094.294|6395623.837,180
316359.493|6395532.237,156
323662.631|6406202.306,468
330458.37|6403462.851,405
322844.487|6389092.25,18
320422.87|6398606.307,229
322389.225|6401805.079,345
315305.602|6396525.696,173
328180.361|6393216.577,100
307847.649|6401414.885,306
315525.372|6399395.778,243
326049.88|6400572.439,299
322768.131|6412961.554,
322757.647|6407024.972,499
320043.206|6399827.89,272
316799.162|6390217.705,28
325712.363|6404644.61,451
323808.56|6395268.582,
319441.23|6404247.395,419
331968.126|6410063.351,
321672.09|6401597.342,320
327180.447|6403703.847,402
331671.888|6410550.806,570
315558.338|6400844.541,287
316352.676|6400436.738,288
325743.597|6402614.56,375
310886.345|6405802.903,454
323969.087|6412551.132,
320319.937|6399235.478,249
329214.833|6393445.757,101
317734.791|6403425.31,391
318655.414|6398667.115,227
323155.59|6404843.976,448
325641.115|6403588.898,400
314722.686|6391618.492,53
306672.446|6400324.428,279
313902.632|6393214.937,84
324437.031|6388641.2,11
318878.139|6394460.092,139
328164.842|6402924.765,377
324022.729|6386833.09,
321453.173|6399995.578,274
318205.947|6391878.481,57
314279.658|6391926.458,53
329863.845|6393579.765,127
318926.969|6405469.612,443
316771.878|6399032.437,245
325730.864|6410581.814,568
312651.186|6396422.561,170
324509.939|6403991.913,425
321213.38|6412160.264,584
327704.719|6408317.715,519
315846.48|6399290.804,244
323172.944|6401014.531,296
314749.828|6391484.143,53
314590.083|6396434.424,172
317881.329|6402704.268,365
321132.353|6398753.193,250
314652.29|6391129.954,40
328042.246|6402407.108,352
322528.117|6400352.977,295
304437.346|6401211.784,
315076.645|6401854.618,337
313810.374|6397246.792,205
312623.87|6407498.661,492
313044.371|6396558.917,188
317618.657|6390653.669,43
333202.361|6409990.463,
331940.633|6409548.381,558
307060.69|6402989.051,355
331971.322|6409744.932,558
317993.705|6399159.392,246
331755.954|6399048.622,255
319780.29|6402841.213,368
318469.993|6399223.702,247
306319.076|6400557.234,279
329932.737|6393707.111,127
325566.396|6410891.325,580
323779.795|6393903.438,120
314298.592|6392049.493,67
315192.822|6402744.133,362
316168.253|6392549.347,69
317382.795|6399275.556,245
320753.634|6399922.246,273
321527.284|6409915.648,549
323651.025|6410803.013,578
315954.597|6396194.513,174
323886.692|6412010.442,585
314146.237|6390770.657,39
316908.858|6396669.219,192
313600.59|6396202.602,171
322031.526|6401364.688,320
324742.344|6405509.147,450
316481.236|6394453.826,136
321463.608|6399786.536,274
309369.98|6388568.361,5
320675.34|6411401.395,574
306022.497|6403030.936,354
326298.345|6401091.562,325
326718.376|6389912.982,33
325941.753|6410864.271,580
318500.402|6401464.197,316
320441.089|6405175.441,445
316972.017|6402722.375,364
320042.753|6399755.687,272
320597.161|6410159.164,563
331425.67|6392213.032,81
323847.75|6407146.7,500
318623.363|6398719.116,247
327420.286|6404144.154,428
309425.918|6404474.154,409
321041.53|6398843.75,250
324197.372|6408099.964,515
313372.588|6395718.821,152
322507.62|6393576.149,119
328543.33|6393917.612,126
308792.194|6403735.267,381
315263.152|6396490.614,173
319622.698|6403587.791,393
318001.592|6399123.169,246
311738.343|6407668.0,505
313847.087|6396877.357,189
325889.187|6410175.151,569
319295.81|6396750.993,195
322011.777|6401265.501,320
317028.334|6399124.524,245
325328.329|6403352.633,400
315185.62|6402588.203,362
313056.576|6396074.354,170
316638.953|6397116.087,192
328153.904|6404051.119,429
329501.882|6393507.364,127
317874.707|6393483.612,89
315354.393|6403237.433,388
317265.766|6400144.338,269
314668.838|6391852.181,53
321474.095|6400433.964,294
321768.189|6394868.589,142
315450.132|6400345.158,287
321406.422|6409222.136,549
321957.396|6401502.127,320
323830.047|6389273.676,19
317145.338|6402334.175,339
318281.207|6398814.063,246
328725.943|6401935.445,352
325582.171|6411058.987,580
324674.007|6411638.723,586
329705.44|6393955.925,127
324922.687|6388957.963,11
321307.616|6410036.597,563
316810.521|6398043.45,225
323533.664|6406226.888,468
314597.133|6392787.526,85
308084.462|6393494.498,105
330734.38|6404608.818,432
331886.321|6392655.761,104
325510.418|6410998.895,580
329180.919|6400921.121,301
321395.478|6393843.421,117
317633.439|6405183.481,442
318163.471|6398571.63,227
306780.207|6398902.055,236
317209.804|6396446.057,175
325209.256|6401431.32,324
326910.867|6409430.106,555
327131.317|6403672.011,402
317055.931|6398790.983,245
316528.364|6398991.406,244
308134.535|6403135.878,356
315134.915|6393998.055,110
316882.25|6396734.402,192
315662.598|6396713.057,191
325359.033|6405856.069,470
312281.635|6393943.014,107
318245.445|6400119.63,270
319690.052|6396976.261,196
319358.396|6404627.28,419
320055.09|6403303.906,393
323491.646|6394780.181,144
308407.248|6404038.974,381
329746.001|6394205.412,127
322590.957|6393625.072,119
320580.558|6405429.749,445
325290.775|6410441.222,568
317575.945|6402670.888,365
315292.728|6394567.579,135
323041.881|6401215.231,321
324298.432|6406449.961,486
321771.872|6397840.158,214
331671.946|6392700.502,104
308228.807|6402417.346,332
310140.654|6399679.586,260
315050.019|6403127.062,362
319593.448|6398820.167,248
313621.037|6397282.333,205
327881.827|6394669.298,148
320778.669|6392675.995,74
308521.224|6404967.474,
324148.682|6412118.934,586
321265.628|6400632.562,294
314752.094|6404410.886,414
320534.618|6405037.202,445
324860.994|6401806.239,348
307354.356|6402416.501,331
317164.142|6387689.643,1
328974.413|6402015.15,353
314730.61|6401676.546,312
322828.474|6412991.215,
324636.252|6401091.884,323
317521.289|6391508.713,57
321210.962|6405280.746,446
327543.052|6393656.753,125
319957.902|6404349.536,420
323902.898|6410869.216,578
324079.665|6405911.791,469
332410.864|6409135.26,
321258.522|6409703.814,549
316580.142|6400983.755,314
320249.95|6404729.156,420
317184.178|6391928.313,56
308736.735|6389333.984,15
328741.918|6402456.282,378
316075.286|6396404.759,174
320283.168|6399146.661,249
323602.405|6393399.034,120
318261.489|6406709.228,480
316898.622|6397269.492,209
314826.644|6393101.805,85
320773.893|6396614.785,197
319772.574|6398442.64,229
320515.645|6394619.97,141
320311.94|6399126.71,249
306041.878|6400516.454,278
321386.973|6399370.625,250
323137.347|6407003.66,485
315697.348|6403915.814,415
326376.331|6410741.184,581
326603.159|6408623.121,537
312118.235|6405614.012,456
323444.048|6387744.078,
323398.44|6390854.663,47
314900.84|6402072.883,
317676.897|6404964.322,442
323111.392|6407057.757,485
314848.827|6393754.116,110
319881.481|6398456.324,229
325998.558|6410926.28,580
317515.287|6410593.485,561
330416.444|6408484.479,540
327240.103|6392947.311,99
320626.422|6393869.955,117
320461.815|6404045.642,420
323917.807|6400724.681,297
318196.794|6399281.13,246
317201.825|6399268.024,245
313850.89|6391156.435,39
316966.977|6401485.54,314
316803.633|6411295.191,572
317703.317|6402960.601,365
322615.208|6399794.654,275
328259.996|6403013.242,377
314711.429|6391128.479,40
323352.692|6390997.622,47
311044.945|6407569.718,491
315389.621|6402899.183,363
329553.188|6399148.787,253
321878.006|6397483.063,215
325568.449|6393320.568,97
319141.216|6399301.588,247
323185.74|6393411.627,95
304804.815|6401294.829,
307267.78|6400701.349,280
316973.681|6405805.309,460
322751.735|6407157.172,499
308293.901|6403565.868,381
320839.448|6405334.306,445
323975.443|6393973.748,120
325554.788|6393050.803,97
318908.114|6404671.913,443
316416.757|6394858.01,136
326065.68|6410699.205,569
317108.759|6402044.408,339
314914.601|6392933.562,86
325683.27|6393014.32,97
317728.233|6398965.895,246
314826.959|6401803.671,
312630.246|6393547.664,107
313696.086|6397325.642,205
305287.294|6400366.806,
324339.188|6411927.129,586
314865.234|6406132.66,458
322448.647|6400259.987,295
332834.766|6389011.16,
322497.39|6393522.201,119
325103.082|6401278.583,324
318485.343|6392176.557,72
323090.279|6393546.778,95
307193.505|6401563.249,305
317438.025|6398670.433,226
327640.707|6402184.001,351
314362.588|6396297.557,172
321031.241|6395058.402,159
328237.931|6403939.237,403
324800.194|6410705.329,579
315254.342|6394938.472,135
329546.691|6409142.753,539
310456.886|6399841.192,261
324825.332|6401076.146,323
320447.652|6411875.771,583
314746.065|6391726.389,53
307735.392|6390416.019,23
329059.618|6403756.117,404
308756.28|6394198.861,106
317551.686|6387871.693,1
316283.291|6411093.432,571
330859.956|6409796.578,557
309731.652|6403942.646,409
322323.316|6405814.469,467
322038.6|6401639.209,320
316763.76|6398134.403,225
317829.72|6404005.107,391
314904.855|6404755.192,414
304619.915|6400780.794,
325406.291|6401711.438,324
330126.482|6408531.38,521
320329.288|6399252.819,249
318789.851|6399144.452,247
323296.032|6402900.909,372
326388.931|6389621.037,22
321633.98|6403848.296,395
313341.428|6392754.775,84
316016.089|6403177.518,363
327741.473|6393862.478,125
313480.376|6393922.289,108
306594.527|6402983.759,354
321330.465|6400752.472,294
317384.088|6394960.585,157
325832.553|6388033.319,3
318389.582|6398731.082,227
323321.892|6406852.254,485
314925.799|6393898.754,110
316873.587|6393978.978,112
327968.49|6403334.296,403
315372.977|6396612.034,191
326443.333|6403159.667,375
313832.066|6394439.817,133
317309.027|6399133.571,245
318399.762|6398477.93,227
308615.587|6402076.546,332
311848.883|6408272.679,505
316412.546|6398066.057,225
320323.187|6399584.92,272
319245.895|6399289.608,248
316838.856|6394832.53,137
326231.822|6401507.559,325
317639.036|6405098.575,442
305887.464|6403002.345,354
327795.114|6409927.955,
315382.582|6402874.666,363
324548.451|6405586.596,469
321386.387|6409614.976,549
320236.128|6397525.906,213
319382.316|6398793.958,248
316879.034|6390659.884,42
317328.439|6398685.151,226
321514.528|6396779.51,198
316513.1|6394895.202,136
329317.953|6393302.771,101
326441.43|6392798.333,98
327862.727|6403938.055,429
304764.484|6401805.963,
315609.374|6397179.816,191
318396.611|6397558.857,211
315124.331|6397324.78,207
319072.96|6405640.399,463
325544.588|6404593.031,426
316582.923|6404711.534,416
319909.936|6399792.69,272
319814.124|6403983.505,393
320100.775|6405383.536,464
327102.167|6393710.055,124
317926.107|6391050.09,43
320192.684|6404051.368,420
318433.745|6391455.542,58
320348.863|6399194.336,249
321528.804|6392814.507,93
316744.261|6405396.159,460
314686.148|6403402.006,
311295.774|6404530.275,411
321758.454|6400357.675,294
312935.813|6403477.952,386
324649.855|6401056.711,323
314692.629|6402531.56,362
319773.882|6400941.867,292
324843.226|6405300.968,450
317121.598|6393081.022,88
314749.882|6403190.496,362
314354.079|6390886.426,39
318001.073|6401188.977,316
326556.017|6410542.82,569
318052.172|6399245.482,246
331926.169|6409789.708,558
329267.992|6401901.367,353
319289.048|6401428.283,317
313962.809|6395670.192,153
326805.701|6401343.354,326
320598.823|6395009.81,141
320600.858|6397491.166,213
318769.032|6397370.133,211
317751.812|6392695.054,89
320634.497|6397998.954,213
321066.739|6397113.387,197
316935.467|6396604.048,192
320313.253|6400228.835,293
317948.177|6392648.776,89
321153.11|6394811.58,142
314691.945|6403029.496,362
304238.303|6400768.35,
316826.621|6406120.644,460
322255.308|6391071.959,45
319334.125|6404636.648,419
321867.499|6396168.044,179
317315.756|6401979.447,339
319640.928|6402622.646,367
316608.863|6399188.091,244
313784.105|6393843.579,109
325606.496|6404568.123,426
321157.152|6393516.694,117
314687.466|6396597.072,190
316101.681|6403733.854,389
316774.572|6400105.821,268
325286.586|6403569.761,399
319087.72|6400161.081,271
328534.49|6393908.059,126
325374.954|6405907.697,470
330627.526|6404416.224,432
331457.365|6410246.709,570
310991.524|6403330.298,384
311306.139|6406843.439,475
329530.907|6409208.013,539
315354.114|6403498.327,388
330333.607|6404390.039,432
316987.765|6394852.677,137
314764.354|6394184.121,110
324548.29|6411350.756,579
323477.73|6402506.967,372
317620.207|6387407.9,1
323621.332|6395256.213,
321495.426|6400455.036,294
317473.179|6405313.483,441
312992.41|6403220.731,361
314774.502|6394024.63,110
309165.305|6403280.453,382
314380.546|6397291.019,206
326028.845|6402408.511,349
320954.323|6394831.317,141
327025.071|6402348.582,376
326928.652|6408600.647,537
319642.532|6399441.324,248
313149.367|6402895.648,361
322191.917|6400515.287,295
316679.46|6398237.883,225
317231.503|6405774.776,461
317324.138|6391628.148,56
327109.203|6402921.706,376
320264.083|6403434.653,394
323404.792|6394627.294,144
320223.174|6401822.279,343
325812.644|6404158.149,427
318135.742|6398787.525,246
324693.557|6403911.645,399
319826.109|6404061.721,420
325780.004|6400724.479,299
331292.68|6409734.776,557
317978.319|6409527.469,546
306028.96|6402932.195,354
308191.807|6393123.079,82
323014.005|6411109.54,577
318226.914|6399008.885,246
306985.274|6390996.266,36
310081.804|6404336.56,409
314090.427|6394881.025,153
328441.832|6402316.127,352
313704.074|6396143.795,171
324006.499|6394003.682,121
324154.735|6402886.657,373
323367.632|6405102.117,448
307347.097|6390399.694,23
319358.466|6397655.581,212
329296.442|6401524.392,328
309110.045|6394072.836,106
324138.729|6389055.67,20
321488.855|6396539.662,198
315329.355|6394535.307,135
324374.665|6403145.541,373
318427.563|6394221.024,114
314427.285|6397078.293,189
315812.193|6402373.17,363
323145.884|6395448.386,
323929.65|6407915.056,515
325724.032|6405792.118,470
324014.263|6388367.405,10
319658.761|6398473.892,228
310276.336|6399981.344,261
308634.562|6404945.13,
323693.158|6393896.136,120
314600.545|6391412.013,53
320587.044|6411876.058,584
322635.162|6404776.882,423
311964.318|6404876.889,437
316777.658|6387321.895,
318702.042|6393451.113,90
319695.442|6396708.456,196
318567.745|6393696.991,114
323890.125|6411794.982,585
321375.429|6397067.822,197
308578.749|6404948.825,
318291.616|6394020.59,114
315724.937|6397639.484,207
329519.318|6403917.457,431
324172.405|6401163.941,323
327912.553|6393562.501,125
325244.175|6404929.219,450
318077.866|6398333.125,227
325465.448|6405655.767,470
320186.659|6400563.142,293
315455.732|6399713.386,267
321316.549|6400981.306,294
317118.243|6399486.008,245
314328.781|6396941.075,189
314020.611|6412973.682,
318398.823|6401338.065,316
320014.04|6404410.408,420
321905.751|6403063.382,370
316912.084|6405981.273,460
314752.475|6391662.23,53
317610.849|6393671.853,113
328375.368|6394186.854,149
323857.423|6407519.385,500
319633.833|6404151.147,419
321029.234|6401860.988,344
315497.36|6401995.039,337
327640.223|6394336.397,148
322005.505|6402560.869,370
314569.45|6400672.53,286
321851.097|6392981.104,94
329658.577|6393006.315,102
313702.634|6394854.622,133
321673.222|6411123.054,575
328305.988|6393216.329,100
307207.466|6401562.487,305
327332.585|6392511.031,78
313175.86|6394718.421,132
317005.872|6402711.445,364
312650.936|6399124.102,241
327314.589|6403568.643,402
318230.44|6399053.83,246
329115.639|6402771.571,378
321059.563|6398739.242,230
322626.102|6391254.48,46
319492.136|6400198.973,292
321885.266|6397408.641,215
308334.718|6390429.919,24
312003.584|6408173.418,505
324115.212|6402690.831,373
322160.506|6402352.292,345
305478.905|6400439.792,278
321021.902|6400274.337,273
319013.833|6400306.609,291
314513.59|6394789.74,134
318298.548|6400291.5,290
323663.906|6407060.757,500
318174.29|6402002.911,340
329593.776|6399163.648,253
320588.92|6396799.158,197
329171.707|6393408.07,101
325674.053|6388132.323,12
321676.119|6410901.144,575
319864.387|6401040.502,318
316420.861|6412241.085,
316173.606|6398555.315,224
319687.845|6398253.742,229
314114.068|6392793.956,85
318210.539|6399348.107,246
317354.729|6401391.623,315
328046.905|6395405.072,165
317836.328|6388461.891,7
332936.203|6389600.906,
321242.467|6396913.946,197
332228.026|6398207.153,
309053.205|6388899.615,5
319319.788|6399973.695,271
322130.4|6392564.681,75
318819.207|6397610.133,211
327092.31|6397114.088,201
323069.064|6404034.113,397
319557.974|6396393.427,176
318076.479|6400179.638,290
313128.491|6395140.651,152
317072.062|6387465.902,
331460.112|6409858.498,558
315097.552|6401489.236,312
318531.088|6399273.817,247
319664.728|6402039.847,342
320110.677|6398890.769,249
319535.695|6400189.0,292
320445.974|6396389.226,177
317354.544|6390454.678,43
323532.968|6404152.43,424
314689.443|6402227.714,
325981.018|6411005.523,580
319997.496|6400198.27,272
314757.105|6403102.511,362
320335.228|6399479.089,272
321384.383|6397094.215,197
328309.804|6403178.348,403
323650.309|6393486.938,120
314725.48|6393501.36,110
330167.127|6398818.734,254
322232.772|6402307.494,345
312990.963|6403133.005,361
318612.085|6399152.157,247
313061.26|6403211.796,361
322184.891|6394236.81,143
321214.946|6392923.687,93
320524.126|6392794.463,92
320507.458|6394613.757,141
317785.401|6386771.28,
321627.116|6400812.135,294
324494.096|6401466.085,323
308909.74|6388842.797,5
314903.252|6395446.6,154
324395.259|6405143.183,449
324404.618|6401184.089,323
319184.547|6399850.784,271
319808.578|6392792.335,91
309167.973|6403920.837,382
322503.072|6399844.454,275
319512.236|6397570.328,212
307635.4|6403211.975,380
327830.749|6395506.613,165
321973.034|6395011.576,160
318105.928|6399316.51,246
315133.008|6394613.043,135
321164.06|6397360.48,214
314085.23|6390993.408,39
329314.416|6401869.749,353
318716.251|6398996.862,247
320074.706|6401127.93,318
321537.204|6394801.816,142
324784.763|6388906.23,11
320920.639|6398039.343,230
323353.114|6405798.405,468
317351.282|6387558.987,1
320780.635|6404696.578,421
319964.876|6392923.878,91
322595.242|6402490.228,371
307598.152|6401227.507,306
332191.347|6409467.063,558
315402.526|6399641.229,267
326389.346|6402418.823,350
323449.148|6400715.669,296
328093.324|6403458.726,403
326604.984|6407707.27,518
322439.457|6390964.66,46
315873.118|6392536.012,69
319581.366|6399999.57,271
316682.233|6399286.614,245
307816.058|6401419.972,306
328355.335|6395234.114,166
315828.704|6398534.58,224
323485.44|6389768.697,19
317349.577|6399245.954,245
317369.991|6389485.321,17
313418.021|6402845.898,361
314001.988|6395626.727,153
319188.19|6400304.994,291
306857.021|6401138.406,305
314327.674|6391244.292,53
321987.288|6396818.91,198
315550.911|6398167.645,224
316071.893|6399717.054,267
320612.033|6399538.73,249
309305.73|6404610.133,434
313687.563|6395717.264,171
317788.086|6395519.619,157
320144.126|6399856.129,272
317488.052|6404687.318,417
321120.016|6402289.892,344
321862.212|6402809.206,370
317812.446|6387901.2,1
317962.582|6393094.794,89
321639.06|6400850.36,294
321567.717|6398104.29,231
331865.527|6410212.509,
317756.392|6395619.933,157
320538.428|6404939.498,445
323343.408|6407319.448,500
316567.86|6399729.166,268
309806.739|6399793.465,260
323899.206|6395481.438,
323022.122|6406957.137,485
321310.596|6403823.873,395
323727.124|6401185.265,322
320983.071|6401768.43,319
316292.352|6398803.655,244
312757.72|6402501.334,336
319609.551|6400232.805,292
318208.309|6398560.527,227
320147.805|6404331.776,420
312000.832|6403569.188,385
323606.731|6389064.793,19
321284.534|6398959.474,250
318447.156|6401897.622,341
318293.067|6402313.372,340
322830.486|6395677.368,161
322421.035|6402412.882,345
319300.788|6400408.372,292
318745.466|6404634.925,443
319685.959|6401019.588,292
318859.836|6399527.596,247
310700.003|6400308.874,283
317953.63|6393488.355,89
317130.831|6394215.837,137
311072.466|6400635.939,283
314669.244|6394012.669,110
319899.12|6398163.051,229
310514.264|6399306.175,238
318207.008|6392547.226,72
325448.086|6402911.771,374
325056.925|6388635.901,11
314879.723|6402314.548,
320653.249|6404895.065,445
321437.138|6409731.068,549
317184.868|6398231.781,226
318917.174|6397302.476,211
319525.089|6402558.946,367
315075.129|6394942.174,154
321089.156|6407041.264,497
319142.223|6403607.203,392
318653.274|6398831.774,247
316462.67|6399834.852,268
313599.238|6403529.99,387
318775.446|6399548.676,247
319983.233|6393286.149,91
318680.404|6406139.389,462
315635.832|6397145.197,191
315862.861|6409909.007,559
317744.4|6392915.813,89
319285.042|6400385.642,292
320467.33|6399424.898,249
321232.764|6399056.639,250
318588.96|6399485.736,270
322395.506|6402400.436,345
320421.013|6395688.138,177
329056.789|6403081.11,378
315771.603|6398472.429,224
314463.416|6400272.357,286
313912.844|6395253.944,153
319760.031|6399133.321,248
321965.853|6395713.342,160
321717.163|6396096.64,178
318534.163|6399522.435,270
321375.105|6404503.737,421
321518.602|6394931.496,142
321237.016|6401483.667,319
312432.442|6393858.397,107
320431.86|6404542.303,420
318499.609|6401815.245,341
323996.267|6401606.355,347
324279.086|6401512.355,323
317545.484|6403753.9,391
316540.605|6401266.589,314
319514.469|6399397.942,248
319619.201|6399464.151,248
324029.746|6407090.394,501
320029.708|6399908.892,272
320725.267|6399830.252,273
319750.324|6400312.642,292
320215.349|6400248.99,272
322664.904|6394219.487,119
324183.731|6407978.645,515
321047.111|6405231.658,446
321910.195|6396310.765,179
321783.144|6400050.412,274
321199.204|6396830.096,197
329377.341|6394251.614,150
319271.948|6394081.239,115
320241.509|6398879.847,249
324967.566|6405511.122,450
318494.84|6394190.056,114
312716.899|6394228.172,132
321927.187|6392210.871,75
316527.636|6409199.041,526
321566.109|6397354.026,214
327776.193|6394112.656,125
315671.639|6394643.472,135
319878.235|6399250.89,248
319313.752|6398985.605,248
328464.186|6392976.666,100
318204.277|6400240.642,290
320576.899|6401443.903,319
317296.98|6400284.118,289
324864.04|6409683.754,553
310391.749|6399880.255,261
319513.032|6399352.565,248
317221.422|6393241.083,88
313159.0|6396029.966,170
316906.056|6399311.97,245
322234.372|6402314.514,345
327368.818|6404134.182,428
323593.958|6404285.189,424
321525.338|6407000.498,483
316208.795|6399649.19,268
315096.817|6397400.558,207
315107.456|6394517.788,135
319867.782|6401196.817,318
318756.32|6397568.942,211
318512.248|6399448.962,270
323433.773|6407920.684,514
324885.626|6388707.26,11
328046.638|6403026.827,377
317542.475|6393564.068,113
307636.957|6401076.23,306
314852.123|6396728.608,190
311943.162|6400614.671,284
313020.218|6402866.198,361
324718.292|6406010.254,469
325111.945|6402328.396,348
317786.724|6402232.51,340
316806.622|6400932.68,314
316170.135|6394250.295,136
319369.177|6399835.54,271
310636.372|6399829.273,261
321304.724|6406315.226,483
319587.219|6397489.617,212
319984.782|6401261.683,318
321368.494|6403176.249,395
307175.57|6402289.839,331
318361.452|6402862.229,366
318074.398|6400400.123,290
315975.765|6400753.447,288
318718.026|6399862.945,270
320191.225|6397544.364,213
318738.339|6399579.873,270
319660.494|6398036.444,212
312235.931|6399615.671,263
316100.939|6399577.104,267
318869.215|6401199.359,317
316813.969|6407074.865,494
317680.746|6400156.265,269
319308.294|6401815.055,342
314292.372|6400677.047,286
312967.753|6402841.245,361
321324.932|6397193.614,214
320884.254|6394825.089,141
321657.733|6407264.564,498
313575.316|6396587.857,188
315212.763|6405917.053,458
327882.698|6395398.147,165
325615.783|6404459.837,426
320411.445|6398198.78,229
323013.648|6399643.907,275
307551.95|6402473.086,331
318886.725|6397681.482,211
314762.877|6395166.134,154
321683.491|6394796.059,142
320809.983|6409046.629,530
321299.517|6408829.056,530
305232.332|6401530.449,303
328328.329|6393351.394,100
319637.441|6396837.385,195
304801.077|6401774.833,
313625.986|6394398.959,133
327717.281|6402311.406,351
320834.206|6410173.156,563
321984.581|6405757.276,466
328770.467|6403199.437,378
325433.866|6405771.093,470
328132.233|6403444.294,403
319773.858|6399714.302,272
320747.969|6392667.764,74
322301.951|6396551.626,179
316832.794|6395875.488,175
308841.574|6403709.432,381
315541.252|6401523.331,313
320746.182|6401777.581,343
327915.144|6394439.109,149
308947.671|6388823.429,5
312900.212|6403287.102,386
318861.065|6397653.564,211
311805.299|6402938.757,359
314734.526|6397137.485,190
328800.599|6403570.726,404
333003.956|6410680.044,
324738.426|6388914.868,11
312015.286|6396144.436,169
323490.325|6403989.922,424
321630.047|6396604.752,198
318756.113|6403699.821,392
318902.999|6397400.043,211
321790.895|6395039.224,160
320997.649|6400434.587,294
316076.43|6393316.819,87
324642.522|6404837.954,450
324712.818|6400861.297,298
319966.388|6401995.108,342
324612.906|6408365.691,516
315523.967|6394234.585,135
304089.592|6401206.871,
331655.212|6405608.032,
315134.192|6406050.697,458
318641.536|6399108.344,247
329139.388|6407078.15,
315443.7|6388452.295,
317638.998|6392962.387,89
318020.548|6391242.444,57
313920.278|6389974.3,25
323702.478|6407149.941,500
315805.612|6400721.701,288
320511.575|6397589.011,213
325320.96|6405141.751,451
313731.936|6395658.018,171
320554.457|6394925.435,141
326967.876|6404130.554,428
324690.361|6400806.125,298
307197.917|6399721.66,258
328124.572|6403095.385,377
321989.852|6393940.623,118
315209.219|6399716.454,266
323576.082|6393433.394,120
320983.605|6410181.066,563
317043.814|6402382.44,339
320388.427|6403853.286,394
313476.672|6395321.273,152
320574.944|6400508.406,293
325047.032|6401124.068,324
308117.288|6403300.944,381
316474.196|6402914.853,364
316631.765|6388450.096,
321507.326|6393608.489,118
320387.956|6398631.731,229
314748.552|6391790.107,53
323560.89|6408002.417,514
310129.655|6403571.651,383
321315.439|6393325.917,93
331486.822|6410212.183,570
323906.363|6395355.88,
327939.102|6408242.458,520
313830.921|6395313.764,153
313164.231|6395239.277,152
319667.958|6403106.913,393
319106.155|6405619.915,463
316694.406|6398773.007,225
316790.959|6397691.593,209
321527.344|6399159.371,250
309789.006|6404784.617,409
323887.632|6400618.45,297
322406.997|6392154.148,76
322098.499|6400708.284,295
319572.853|6398496.153,228
317898.813|6391158.493,57
307300.93|6401306.523,305
317126.004|6393143.202,88
320775.767|6396378.966,177
323416.11|6394520.697,144
323106.037|6401155.461,321
328903.121|6393243.232,101
324679.195|6411777.275,586
314758.827|6396925.375,190
326796.814|6401538.743,326
308038.553|6394141.511,105
318288.24|6401327.392,316
310623.364|6405410.815,454
313751.477|6391468.077,52
327174.474|6392923.233,99
312636.854|6407578.807,492
304287.594|6400487.902,
316881.241|6396242.453,175
329680.35|6393994.613,127
328331.72|6402320.918,352
328059.334|6394000.655,125
313024.153|6393969.943,108
312178.622|6395149.141,151
316765.95|6392492.727,70
305861.256|6402830.887,354
322215.468|6392010.181,60
324885.625|6403382.47,399
316939.485|6406292.148,479
323437.446|6394018.646,120
321391.142|6400445.394,294
308170.301|6390756.763,37
315752.381|6400350.758,287
317050.403|6405066.657,441
324565.56|6410129.624,567
317505.699|6401924.466,339
321711.809|6395313.017,160
312977.838|6395454.181,152
317412.518|6389475.231,17
313758.994|6395312.842,153
323822.062|6407084.249,500
328115.808|6394766.635,149
316493.679|6395688.952,156
318329.746|6399032.705,246
322451.189|6391288.826,60
325760.509|6401787.991,349
322717.024|6401635.008,321
331274.997|6410161.996,570
328372.236|6408681.69,
316168.813|6404075.951,415
322729.587|6395001.208,161
316977.55|6391869.182,56
316328.827|6403324.768,389
322877.309|6400797.602,296
317016.585|6387418.274,
323957.616|6412505.016,
319705.92|6405707.57,464
313882.188|6396713.15,189
322482.758|6393557.344,119
331267.069|6391981.077,81
318407.135|6399334.523,247
310306.004|6404630.834,410
329096.651|6402698.317,378
316375.57|6397977.422,208
316412.783|6403168.314,364
323368.989|6400980.618,322
326303.484|6400438.826,300
329165.416|6393232.737,101
318113.328|6390912.723,44
307166.293|6400285.386,258
328831.946|6393326.619,101
316988.117|6387077.246,
316281.462|6395708.6,174
321991.733|6401547.069,320
321960.434|6391582.749,60
320870.888|6397037.771,197
315459.794|6402425.159,337
307397.342|6400692.143,280
306874.463|6399996.606,258
330040.328|6399342.705,254
325758.807|6410415.252,569
323474.257|6401597.758,322
308702.951|6404025.993,408
315019.195|6401310.469,312
325993.959|6401036.651,325
315459.961|6393930.441,111
315384.174|6402228.436,337
319456.202|6399379.138,248
314557.831|6392911.262,85
329677.247|6393552.055,127
321399.717|6400541.289,294
322522.087|6400010.98,275
315024.553|6393386.607,86
315916.236|6396331.332,174
320972.854|6409568.996,549
326531.168|6389364.699,22
321532.856|6409486.931,549
329009.609|6394366.291,150
322888.548|6399913.987,275
317496.939|6390971.644,43
319493.157|6394144.36,115
314020.731|6393183.89,84
315444.041|6400667.49,287
317240.994|6398878.168,245
320729.936|6411448.618,574
315274.502|6398699.68,243
314846.713|6391587.248,53
313159.405|6396420.21,188
315646.047|6396680.288,191
316167.214|6397833.6,208
332067.612|6398402.09,
320763.736|6397163.423,197
324335.255|6403105.225,373
317313.289|6402226.761,339
307609.813|6401198.222,306
321252.794|6400601.995,294
326299.893|6393910.574,123
320894.436|6396965.712,197
309542.6|6403820.559,382
317435.124|6392009.415,71
327448.399|6395102.548,164
321862.691|6402555.382,370
316319.983|6395682.82,174
320674.348|6393886.973,117
326004.494|6402678.181,375
320269.809|6400315.934,293
304226.232|6400941.427,
317317.093|6392973.048,88
315554.203|6393294.343,86
321546.058|6400539.096,294
326617.363|6388083.097,
332153.711|6399272.233,255
313174.785|6395220.058,152
326392.297|6410479.778,569
317769.137|6401792.671,340
316331.481|6398398.038,225
308236.751|6403562.421,381
312731.016|6394398.111,132
321047.621|6399577.398,273
325711.187|6401819.122,349
325914.856|6404886.347,451
323744.754|6401822.726,347
316505.1|6401612.683,314
324571.584|6400902.944,298
313073.297|6411402.421,
317298.689|6398703.261,226
315985.681|6394049.605,111
317016.61|6394556.42,137
317108.105|6396404.451,175
321957.351|6400590.024,295
322556.454|6395246.565,161
315816.955|6395030.012,155
320489.721|6398336.022,229
310552.433|6409083.533,522
320590.399|6400459.405,293
316527.393|6388853.145,
316600.962|6393982.621,112
328476.656|6403255.735,403
314221.481|6392403.805,67
308878.634|6403599.251,382
317143.754|6400228.572,289
317173.084|6398794.507,245
327244.382|6403955.759,428
322268.853|6399520.029,251
324166.447|6388877.944,10
323626.607|6392717.125,77
317504.435|6398745.578,226
320999.533|6409467.028,549
325772.146|6389353.413,22
305821.3|6400921.958,278
330857.699|6404750.429,452
320820.64|6397726.086,213
323825.228|6388740.478,10
317127.235|6398336.807,226
325634.418|6405947.681,470
317481.638|6398961.065,245
321372.321|6400482.535,294
319636.091|6406348.794,482
315930.579|6402852.291,363
323140.22|6393984.446,120
314864.524|6402676.283,362
321916.214|6398248.005,231
322596.66|6400383.338,295
320548.628|6404294.381,421
327974.225|6398370.278,232
309928.848|6403857.881,383
324044.467|6388431.536,10
320140.279|6403977.649,420
311002.019|6411713.742,
318971.744|6394258.692,139
316190.706|6387431.275,
311816.57|6404192.939,411
323463.523|6405480.228,468
323694.811|6393310.544,96
313271.525|6396486.216,188
325785.797|6401759.727,349
320119.761|6398213.524,229
319343.846|6398648.712,228
317980.844|6391821.103,57
319180.982|6396368.292,195
318479.323|6392175.972,72
313129.693|6396522.112,188
314283.227|6392020.32,67
314680.056|6396836.503,190
321908.954|6399656.999,274
316338.068|6398012.492,225
321461.751|6409505.228,549
323938.283|6411832.922,585
322536.308|6406745.811,484
304290.152|6400856.51,
325598.555|6403716.808,400
318716.264|6393922.142,114
313922.942|6395617.128,153
314537.295|6401059.409,312
323677.387|6408140.523,515
321991.124|6399548.07,274
322277.902|6400304.513,295
321795.224|6398941.146,250
325520.691|6401825.194,349
325294.008|6402030.92,348
315054.749|6396133.977,173
330830.745|6403903.88,406
316905.832|6397828.453,209
332026.126|6392198.025,
313414.989|6395682.799,152
316704.802|6397977.86,225
308546.175|6388616.532,
315056.895|6403663.296,388
305207.32|6403369.861,
319324.978|6394136.62,115
318556.555|6398689.61,227
324301.866|6395230.958,162
331890.422|6404005.338,
321395.256|6393813.736,117
323170.046|6410707.571,577
320538.702|6404120.376,420
321409.32|6398551.694,231
319727.016|6406455.425,482
325676.598|6411063.082,580
323239.674|6395010.352,144
324694.462|6411759.237,586
322955.594|6389425.9,18
316962.463|6386757.484,
316640.947|6394233.893,112
314719.628|6392802.338,85
321289.054|6400350.535,294
323033.716|6400715.255,296
322311.623|6402703.899,371
319780.982|6394552.722,140
317064.969|6391986.542,56
320540.69|6404296.051,421
310551.817|6404688.333,410
314172.194|6393874.867,109
307958.592|6401281.005,306
322004.502|6399653.357,274
309078.848|6404284.471,408
331743.126|6388167.666,
315390.32|6403492.659,388
311184.056|6407095.786,491
319501.139|6398812.22,248
320899.695|6400363.817,293
316097.371|6401829.879,338
313100.366|6395151.065,152
315157.128|6392826.205,86
328453.956|6394213.501,149
309967.317|6403041.896,358
318103.591|6401124.629,316
317080.519|6400182.517,289
315340.189|6400267.99,287
323498.122|6401432.079,322
314020.001|6393051.88,84
322860.381|6406540.218,485
319349.415|6405102.603,444
326741.047|6401201.721,326
314825.863|6397392.557,206
314801.846|6390422.773,40
322502.83|6406994.025,499
323196.561|6389668.684,31
307209.682|6398793.298,237
304909.794|6403155.462,
307089.041|6400258.886,258
318089.29|6391193.229,57
312595.898|6412690.269,
321853.132|6403158.385,370
322350.821|6400941.268,295
307973.962|6390814.422,37
317187.983|6390683.62,43
330495.243|6404808.677,432
327837.976|6408290.224,519
315613.803|6394648.432,135
313267.634|6395220.105,152
314279.122|6391496.305,53
316972.272|6386940.803,
313692.533|6396174.97,171
318606.404|6391930.269,58
327903.856|6403007.311,377
331776.287|6403980.968,
321696.645|6393324.526,93
322187.295|6390857.029,45
316670.298|6404668.99,416
316506.897|6412689.259,
314423.821|6394941.106,134
319067.114|6399053.434,247
330568.027|6411594.373,
317089.282|6400884.719,289
312277.151|6393930.629,107
314686.551|6396974.735,190
319706.232|6405673.775,464
322864.917|6393974.947,119
310631.204|6404841.485,436
318683.499|6398839.285,247
328863.58|6393705.681,126
321902.925|6391644.045,60
323427.725|6404284.321,424
322430.477|6392802.835,94
322405.591|6400961.575,295
316506.096|6400149.964,268
312652.382|6396124.344,170
314461.184|6391305.578,53
317447.82|6405577.384,461
320287.873|6399597.562,272
321351.344|6400781.199,294
328620.428|6403193.937,378
313560.166|6396770.918,188
320882.701|6398970.791,249
324025.632|6411938.911,586
313970.049|6393028.134,84
319097.007|6399187.022,247
307397.43|6403372.198,380
329502.767|6393915.775,127
317508.005|6388415.653,7
320674.437|6399521.756,273
317875.256|6403026.9,365
318386.41|6399259.458,247
316400.001|6403183.341,364
312869.034|6394537.539,132
316850.633|6402622.032,364
329174.119|6402619.336,378
320658.859|6404452.838,421
323174.114|6408342.489,514
307541.236|6401561.822,305
330285.567|6396341.692,185
325391.301|6410461.7,568
321828.072|6395743.895,160
317545.637|6393976.349,113
319304.081|6399897.961,271
316044.794|6396293.216,174
318851.614|6399316.493,247
316353.191|6393639.332,112
315881.823|6398503.581,224
315900.095|6399442.26,267
325401.938|6401770.385,324
321574.0|6394642.022,142
316088.187|6402062.246,338
328281.728|6395202.0,165
321988.054|6392505.012,75
323931.086|6407713.654,515
319174.009|6399226.734,247
321389.991|6399592.985,273
333003.087|6397627.316,
318474.676|6403086.791,366
329996.674|6399912.384,277
306787.804|6400185.009,279
324083.203|6388255.635,10
318178.325|6391965.807,72
320758.986|6400695.909,293
314360.671|6391042.322,39
316961.144|6405881.278,460
319575.373|6398960.739,248
320595.543|6397003.057,197
317913.508|6392917.114,89
312665.288|6393989.098,107
321467.334|6409372.034,549
315869.363|6394338.308,136
333233.499|6398105.043,
313013.392|6392944.481,83
323253.471|6410890.083,577
307225.441|6400201.832,258
321421.974|6400386.47,294
312670.213|6396080.474,170
324951.14|6388766.914,11
323086.317|6389890.201,31
317889.148|6394129.191,138
308396.199|6401325.207,306
315332.664|6400183.283,287
326518.642|6410596.832,569
318384.822|6399015.367,247
324297.463|6406380.274,486
316906.237|6388331.876,6
318799.181|6398713.957,247
319569.2|6398030.7,228
323398.583|6401297.856,322
315843.805|6393885.765,111
313078.56|6409120.254,524
315521.063|6397074.499,191
318501.331|6402737.756,366
316654.392|6395182.14,156
327427.239|6395287.187,164
325154.574|6405900.278,470
319841.647|6396243.731,176
322183.603|6399244.05,251
318787.734|6394213.714,139
320146.69|6404628.172,420
312851.459|6403259.694,386
320443.321|6400214.745,293
327557.987|6394555.697,148
317369.092|6405569.969,461
324276.595|6406304.511,486
321683.656|6399949.578,274
325456.953|6403654.094,400
323291.929|6407995.149,514
314845.158|6402424.746,362
320143.773|6400298.267,272
312244.845|6402793.087,360
309984.971|6406947.557,474
316286.396|6394330.514,136
325607.483|6388482.079,12
329640.632|6404385.25,431
321355.566|6394959.231,142
316700.974|6404660.567,416
310750.39|6408630.485,522
314039.867|6393010.077,84
325659.815|6393250.407,97
329006.694|6394942.715,150
318881.404|6398557.623,228
314868.241|6394859.87,154
324016.005|6401455.0,323
321837.762|6391629.695,59
313507.901|6394274.309,133
320645.867|6398366.103,230
322799.777|6391793.483,61
319540.907|6398575.04,228
324990.185|6405430.859,450
321472.475|6392809.213,93
319064.911|6397983.961,228
317557.916|6398673.789,226
316228.829|6392638.705,87
320806.654|6399569.226,273
320685.323|6392674.926,92
317185.844|6391799.471,56
320771.725|6399828.822,273
307757.443|6401120.404,306
325221.215|6407366.462,502
323161.659|6393743.315,120
316178.938|6409881.544,544
317200.122|6399258.717,245
315990.921|6403210.57,389
325159.234|6400665.397,298
314489.45|6393079.97,85
320390.967|6395539.487,158
316816.701|6398071.461,225
317199.967|6395992.458,175
320161.627|6399294.068,249
323344.269|6405341.232,448
320801.934|6400654.48,293
324313.433|6406235.232,469
326083.836|6410294.612,569
323523.596|6404028.441,424
316545.672|6398804.766,244
319918.368|6397343.38,212
317509.593|6399482.59,269
312927.2|6394098.435,108
323810.348|6411919.874,585
304452.381|6400416.686,
324103.293|6412200.721,
317499.811|6401823.068,315
322689.956|6388673.352,
328569.299|6403095.069,378
313412.047|6395367.33,152
314495.03|6394271.508,134
315999.715|6399583.938,267
318408.412|6392949.726,90
328459.073|6394203.856,149
322592.191|6400458.187,295
319841.198|6395922.717,176
322902.212|6393314.163,95
329341.103|6394163.348,127
314843.091|6400802.339,286
306661.053|6390491.097,
313158.919|6403572.557,386
320750.801|6394659.79,141
323334.656|6410283.976,566
318048.773|6398881.541,246
317080.349|6397571.123,209
306789.946|6402875.103,355
318493.685|6401558.993,316
326582.103|6395435.838,163
321430.673|6400988.809,294
322237.506|6392825.972,94
322566.53|6400521.03,295
319489.592|6406386.96,482
320081.683|6394546.551,140
319167.198|6399728.82,271
318925.515|6397913.421,211
322692.56|6402493.226,371
321709.723|6401967.461,344
329333.072|6409159.448,539
316698.054|6398691.474,225
316958.989|6398724.609,245
314569.994|6397860.014,206
327587.058|6394607.924,148
320883.091|6394548.863,141
319393.876|6398467.109,228
311086.216|6404758.841,436
327895.155|6397624.577,218
318705.314|6397534.957,211
307436.255|6393314.738,
312848.399|6402806.475,361
321191.431|6402525.483,369
325289.637|6410415.751,568
323286.56|6404757.291,448
325238.733|6389181.527,21
312478.636|6399157.989,241
315920.839|6394964.464,155
326500.91|6396799.856,200
323345.107|6400691.762,296
324508.541|6395718.195,162
321995.913|6400709.595,295
316417.016|6411668.667,582
321586.268|6405422.372,446
319691.444|6397684.087,212
320199.901|6404417.352,420
310908.489|6399282.79,239
328451.5|6404138.838,430
323938.737|6407086.197,500
317277.288|6396690.668,193
314796.183|6393196.083,85
315070.669|6405771.232,458
319360.436|6399954.788,271
328112.604|6403442.422,403
326236.582|6388363.933,13
323009.912|6389478.755,18
313148.898|6403551.609,386
313037.594|6403152.447,361
320262.479|6399670.222,272
321491.319|6403221.847,395
321918.623|6402642.65,370
320637.424|6400750.285,293
320850.908|6398744.584,230
321732.139|6394891.533,142
315905.953|6394602.976,136
319069.686|6397135.881,195
319405.914|6400373.475,292
310841.476|6399574.789,261
327533.185|6392711.153,99
315973.045|6397660.85,208
319117.123|6405599.169,463
312618.65|6399106.061,241
323972.478|6401712.146,347
318572.984|6398741.385,247
329470.222|6399777.232,277
328019.675|6397777.341,219
316675.063|6404686.367,416
329120.117|6393493.668,101
314971.629|6401414.415,312
323974.583|6412788.895,
327987.552|6402503.056,377
326399.185|6388713.534,13
316143.679|6392083.631,69
319299.571|6394067.545,115
318145.645|6399031.572,246
318213.685|6400408.407,290
321086.784|6397159.683,197
320733.722|6393743.661,117
318691.155|6406003.434,462
319337.822|6401539.359,317
310682.601|6399842.248,261
321347.416|6403748.598,395
321347.1|6406335.255,483
318513.914|6397981.634,227
321572.071|6397472.49,214
307924.565|6401296.898,306
321055.825|6400536.277,294
320943.112|6397364.788,213
318952.672|6397531.129,211
320993.626|6402516.672,369
317803.637|6400346.229,290
318049.65|6393776.642,114
313154.986|6394636.629,132
317973.561|6398473.931,227
329510.273|6409163.974,539
322211.157|6402405.071,345
323943.916|6411943.64,585
312526.741|6398924.335,241
322570.615|6409592.261,550
316539.598|6398302.576,225
321812.934|6400083.134,274
317084.594|6400548.629,289
320494.209|6403959.052,394
319327.264|6394041.126,115
319300.116|6400651.895,292
314566.759|6406042.254,458
324105.488|6407968.067,515
320033.214|6398823.041,248
318270.38|6392536.298,72
307678.655|6402399.476,331
321507.582|6407361.87,498
325606.184|6401174.592,324
319174.891|6404451.987,419
326622.126|6396578.872,201
321283.943|6408002.707,512
312630.683|6402903.356,360
318370.735|6392718.75,72
316208.871|6403763.897,389
321106.115|6400929.466,319
312850.714|6403076.95,361
323317.689|6407247.604,500
316359.865|6397752.773,208
321633.552|6392313.545,75
322271.71|6395551.989,161
312248.124|6402694.585,360
319195.279|6397716.171,211
322400.689|6394941.51,143
320388.871|6405155.122,445
324339.042|6409516.338,552
321434.382|6404441.175,422
321675.527|6394649.59,142
317591.99|6399430.495,269
331606.205|6391317.614,65
321706.371|6398659.882,231
317418.813|6406512.22,479
319601.61|6400141.22,292
328371.777|6404046.291,403
322413.305|6402353.535,345
320514.008|6402252.377,343
320308.444|6406176.977,464
320015.683|6400214.628,272
313695.532|6395895.628,171
322116.175|6402515.69,370
310745.862|6406454.883,475
312322.032|6402379.908,360
316716.464|6398928.04,245
318304.465|6392920.299,89
321720.254|6392598.588,75
319615.967|6399383.834,248
326178.766|6405732.163,471
315791.729|6394099.906,111
318586.607|6402333.021,341
318550.45|6399674.988,270
329450.822|6398651.274,234
321393.951|6392557.332,74
321859.048|6396196.193,179
312907.537|6403173.31,361
319413.62|6399923.045,271
321075.62|6397241.356,197
321028.944|6403508.506,395
328292.414|6391786.093,62
312602.057|6403034.66,360
322838.942|6402425.426,371
313479.455|6399268.8,242
314931.75|6401054.618,312
317204.09|6409162.547,545
313270.519|6402885.235,361
323791.916|6395269.923,
309229.138|6391750.092,
318416.746|6392622.263,72
322369.151|6395336.09,161
322269.175|6400022.557,274
326150.072|6410318.558,569
317909.86|6394649.71,138
324492.743|6401260.258,323
319852.718|6400006.599,272
308191.717|6390288.063,24
321830.746|6392567.258,75
324259.514|6400828.144,297
330601.867|6408978.598,540
322292.688|6392465.134,76
320138.745|6399115.219,249
320293.393|6400565.882,293
310892.438|6399615.43,261
318450.288|6398898.985,247
318293.163|6400280.477,270
325074.275|6402081.442,348
319778.91|6398496.055,229
320205.654|6404264.554,420
323265.888|6404502.703,424
324673.979|6394502.508,145
309455.783|6404919.161,434
327612.122|6403329.823,402
317660.729|6394027.888,113
309893.421|6406311.463,474
312334.739|6398983.322,241
314330.51|6400290.002,286
318886.601|6400009.159,271
317520.709|6400113.544,269
317595.837|6396634.012,193
320081.591|6399701.673,272
322497.5|6392498.672,76
321380.186|6404249.797,421
326403.099|6396391.918,183
321247.192|6409152.71,530
320467.23|6400266.504,293
318788.718|6402596.486,366
318307.634|6401416.626,316
314997.15|6402162.749,337
317943.938|6402806.645,366
313809.83|6395613.157,153
314832.701|6400891.955,312
311018.895|6399930.341,262
329694.524|6403309.336,405
318777.918|6397354.405,211
321694.082|6392466.299,75
317302.226|6406686.239,479
317541.147|6399521.438,269
331985.351|6398275.758,
314740.645|6395465.017,154
316481.494|6401320.098,314
320026.518|6401725.406,318
319152.97|6399864.814,271
317948.874|6405463.97,442
324902.44|6410132.581,568
319414.554|6400742.462,292
324249.241|6401521.288,323
315116.767|6400153.37,266
316443.866|6401362.61,314
317918.473|6399223.7,246
322416.452|6392803.496,94
321930.72|6397322.364,215
322196.35|6396578.21,198
317481.806|6393758.092,113
321926.451|6399709.789,274
314904.63|6395226.08,154
322256.512|6392120.345,75
329158.134|6401745.592,353
320456.982|6405589.637,464
322875.042|6399427.296,252
319822.245|6397792.497,212
324519.067|6401665.678,323
319571.73|6398553.773,228
318268.449|6394293.632,138
316741.976|6395042.083,156
321918.912|6392970.81,94
312418.266|6406494.422,477
332578.461|6410306.306,
318908.628|6399548.818,271
318074.851|6393619.317,114
328795.338|6402912.003,378
318057.655|6402549.418,366
316786.768|6401651.417,314
314529.192|6401087.377,312
322219.879|6395507.186,160
328066.28|6403401.287,403
312302.889|6401999.117,335
317669.535|6394959.204,157
318096.491|6392857.156,89
312942.184|6403043.078,361
320942.44|6403939.008,421
327843.776|6395073.943,165
320167.45|6400553.166,293
318181.083|6403900.618,391
312650.966|6402605.358,360
321153.795|6396623.509,197
317510.325|6395056.97,157
311110.611|6399377.765,239
316616.788|6393613.064,112
323032.969|6402249.619,346
322936.945|6401666.753,321
314573.725|6404659.599,438
318839.803|6399941.305,271
313424.852|6403435.602,387
328427.389|6403939.127,403
308114.286|6400849.562,281
319323.774|6399897.117,271
321928.319|6398088.002,231
317792.702|6393946.557,113
318971.372|6399248.056,247
332090.544|6399154.186,255
325878.655|6404648.981,427
317163.0|6397079.519,193
315075.348|6405943.513,458
316930.655|6400722.082,289
315520.213|6394230.165,135
315709.598|6388052.914,
319731.4|6400953.245,292
316283.42|6398632.445,244
324368.149|6400929.777,323
326423.713|6401592.802,325
316145.145|6392572.271,69
318180.43|6388173.426,2
316667.466|6392418.742,70
313515.424|6397061.744,188
322903.202|6401618.066,321
316993.664|6398349.079,225
313760.501|6395583.046,153
307564.386|6390376.814,23
323555.615|6404246.442,424
331835.615|6403855.772,
314517.023|6390700.742,40
328552.12|6402925.45,378
322889.998|6405382.247,448
324522.597|6403900.428,425
325153.602|6402143.989,348
318279.533|6401839.127,340
323765.395|6393616.979,120
315085.507|6401913.911,337
314638.255|6394885.635,134
323405.622|6409177.245,533
321596.515|6398867.855,250
323274.989|6407752.237,514
327490.621|6402234.837,351
313474.165|6394974.74,133
314817.436|6402958.816,362
317050.441|6400477.97,289
323242.319|6393936.109,120
317068.748|6388002.73,0
307745.867|6394325.899,
322776.922|6391806.423,61
323699.653|6408013.303,515
312086.292|6409307.637,541
307256.196|6399746.496,258
329348.488|6394557.196,150
323411.571|6394591.225,144
324754.503|6409067.37,534
326252.355|6403770.85,401
317286.325|6401465.947,315
324945.694|6403689.801,399
314516.14|6394286.569,134
323087.01|6393317.323,95
328985.896|6402364.426,353
324882.264|6403396.793,399
320869.548|6409626.554,548
328018.673|6403412.172,403
316641.649|6402784.146,364
323365.227|6387985.826,
319547.478|6398926.222,248
322732.474|6405379.893,467
319532.311|6404264.374,419
324117.634|6395412.979,162
320998.894|6397782.332,214
314511.357|6396628.023,190
317098.988|6387488.56,
316110.905|6411254.239,571
316172.307|6401862.28,338
323974.617|6408334.833,515
322817.132|6395234.504,161
317791.822|6391560.754,57
322066.754|6391651.083,60
317140.275|6387169.213,
330117.477|6390373.068,35
308081.101|6393547.876,105
314552.013|6393264.045,85
318449.311|6398653.628,227
317201.595|6400072.214,269
326738.395|6401834.845,350
319055.278|6393796.431,115
322146.533|6401656.462,345
324238.922|6400548.164,297
325880.847|6404081.026,427
326193.15|6402619.063,375
321158.578|6393394.766,93
314740.879|6403026.097,362
323459.491|6394478.491,144
323088.882|6394827.587,144
322874.378|6393737.014,119
316914.084|6405420.742,441
317196.165|6401793.144,339
320204.053|6399369.287,249
316402.984|6394839.453,136
324392.277|6403150.104,373
320783.817|6395293.742,159
325489.476|6389606.66,21
319385.483|6399063.297,248
316519.891|6397939.94,225
324760.62|6388985.92,11
316789.367|6398044.176,225
325895.542|6401775.918,349
320832.059|6405218.266,445
324396.871|6389071.522,20
323391.104|6394697.154,144
318420.797|6388625.214,8
320801.74|6394639.594,141
317181.023|6389684.207,28
322352.207|6388908.365,
322916.809|6395071.172,161
323968.018|6401928.062,347
315881.213|6399398.115,267
315731.003|6401431.494,313
320388.78|6399012.249,249
326372.577|6410097.076,569
316729.191|6400082.86,268
320946.344|6393986.48,117
316520.675|6396165.175,174
315893.736|6409254.853,525
319458.037|6398086.859,228
324034.345|6412766.89,
324126.828|6400602.832,297
323835.904|6388863.915,10
316963.922|6397945.031,209
328282.544|6404034.743,403
329960.552|6399752.641,277
323044.762|6407034.956,499
322652.61|6393572.85,119
304836.963|6402170.805,
326383.227|6400477.98,300
315008.609|6412501.222,
321016.67|6394750.575,142
326636.734|6408678.322,537
325174.737|6404981.146,450
318171.169|6397201.478,194
314974.088|6393814.846,110
316398.447|6398051.799,225
329428.416|6403176.969,379
317035.63|6398063.307,225
313778.469|6395512.276,153
307105.628|6403157.938,355
319368.989|6398509.054,228
313777.854|6395336.271,153
307227.659|6391026.597,36
307104.215|6403105.875,355
306504.63|6400058.467,257
329474.619|6393872.938,127
321424.07|6409467.49,549
314774.974|6394038.989,110
318964.989|6394150.856,115
318015.873|6391888.127,57
315452.781|6399745.451,267
326002.244|6400996.946,325
318316.409|6401494.195,316
315541.41|6400597.584,287
319500.969|6399295.09,248
320291.035|6398159.472,229
327256.147|6403705.906,402
317091.966|6396722.272,193
325513.177|6404669.828,426
324951.096|6403172.161,399
331502.44|6409733.05,558
316537.457|6398705.353,225
307223.654|6402346.66,331
328399.538|6393789.895,126
329188.474|6388418.957,14
331814.342|6411891.822,
315516.575|6399954.729,267
315560.569|6394630.639,135
325538.343|6406082.186,470
318455.129|6406164.309,462
321906.396|6399387.596,274
323360.882|6411210.492,577
316970.076|6405996.399,460
319013.901|6399008.699,247
330454.852|6403570.725,405
324148.019|6386744.173,
322581.538|6399826.103,275
325568.404|6394267.423,146
322972.679|6404523.256,423
320074.28|6400246.026,272
318510.026|6399285.75,247
324067.81|6388272.367,10
328083.343|6403059.61,377
323038.271|6401129.879,321
316208.781|6399736.943,268
321060.825|6400975.075,319
317913.826|6393610.999,113
321108.76|6393325.567,93
315356.453|6399437.548,243
324206.429|6401495.893,323
318049.573|6391198.713,57
323251.053|6404365.371,424
317774.069|6397727.162,210
314649.022|6402251.17,
313767.848|6396310.426,171
317641.145|6400213.868,269
320924.964|6398491.695,230
324149.553|6406062.688,469
318122.212|6392566.479,72
318920.303|6397548.608,211
316588.097|6396168.441,174
326803.958|6396336.592,183
321913.589|6392130.424,75
314573.853|6405958.086,458
317802.081|6392920.506,89
319237.611|6397347.791,211
319196.918|6400016.526,271
317513.117|6394861.152,157
321679.237|6392975.402,93
330195.881|6392390.152,80
316475.704|6403094.792,364
305288.687|6402953.466,
317399.476|6401734.937,315
323090.816|6401353.182,321
311502.088|6399042.854,240
317787.112|6394218.445,138
318100.36|6397094.083,194
311630.793|6405276.042,437
317179.634|6399050.704,245
322008.706|6394288.125,143
320653.752|6400246.206,293
315989.746|6407954.428,509
321971.319|6402226.77,345
315957.585|6398019.229,224
319511.962|6400917.64,292
318224.209|6398409.132,227
307790.53|6393785.425,105
318215.852|6398725.154,227
331040.212|6403313.398,406
317096.436|6399214.336,245
316646.389|6398341.43,225
320888.774|6398105.309,230
331509.39|6409758.32,558
320839.44|6399955.724,273
312932.937|6403377.54,386
308122.975|6401205.048,306
308886.014|6404801.381,408
323354.413|6401878.825,346
313206.55|6403577.171,387
320401.906|6403521.076,394
323464.559|6394487.787,144
322773.737|6399170.001,252
314675.925|6392857.288,85
318586.736|6403949.491,392
321210.645|6403488.771,395
321233.799|6409349.528,549
317549.096|6397093.555,193
319023.568|6400517.243,291
318189.975|6397397.576,210
321171.594|6407316.456,497
319423.154|6400390.196,292
330667.51|6392019.629,80
324206.06|6406985.171,501
324915.293|6405791.843,470
322439.455|6392094.579,76
322118.324|6394890.912,143
318708.693|6398531.713,227
318623.489|6402982.998,366
322949.7|6401143.753,321
322278.202|6401415.38,321
320903.708|6399930.908,273
316014.173|6398157.081,224
326592.376|6408805.746,536
314917.346|6394945.106,154
323377.543|6403720.68,397
319376.936|6400713.217,292
319070.282|6393651.514,115
316666.382|6393580.472,112
322772.141|6405097.566,448
317414.983|6395614.943,157
312151.221|6400390.795,284
316202.444|6401380.066,313
307906.751|6400971.9,306
324234.096|6402446.569,347
320256.407|6399677.035,272
320315.645|6400335.077,293
317828.275|6387885.205,1
321980.369|6392503.056,75
318799.499|6398547.372,227
323644.59|6408049.639,515
329403.737|6399246.121,253
322689.64|6405103.067,447
325838.24|6402741.781,375
321358.919|6396708.904,197
314339.856|6396516.318,189
321344.591|6403917.122,395
324321.086|6401413.793,323
315615.267|6401707.701,313
315150.548|6394518.084,135
313052.834|6402934.55,361
327016.872|6393568.244,124
320934.639|6392762.241,74
320874.932|6392564.967,74
328955.78|6403175.174,378
320357.466|6397754.858,213
330565.182|6403512.811,406
321961.863|6393920.173,118
315600.739|6394200.422,111
325292.822|6401410.807,324
326171.321|6395948.772,183
323736.116|6400553.775,297
319738.916|6398483.975,229
319766.378|6401067.103,318
319705.736|6399125.513,248
320821.035|6404798.266,445
316726.428|6401233.647,314
313746.013|6403713.912,387
321148.415|6397267.499,214
305781.52|6400922.185,278
317503.782|6396824.3,193
312917.014|6403131.916,361
320455.017|6393330.604,92
317428.517|6393925.865,113
319677.019|6400237.909,292
316388.632|6398744.709,244
320503.901|6393221.846,92
315501.924|6407981.402,508
317685.924|6392929.123,89
312666.477|6396740.096,187
320085.057|6400202.05,272
320636.792|6398457.137,230
320338.248|6399222.646,249
323319.062|6405049.672,448
319272.318|6400345.622,292
319093.77|6401304.684,317
320490.135|6399598.116,272
317784.927|6395647.478,157
317993.022|6403842.448,391
319184.893|6399686.023,271
331526.052|6398223.82,235
319324.492|6399283.62,248
320193.323|6399821.685,272
325690.193|6404926.222,451
320528.803|6404222.384,420
322014.772|6396834.666,198
319508.515|6399936.737,271
313669.5|6395678.59,171
324310.134|6403853.601,398
314818.617|6393628.895,110
317545.78|6395143.341,157
311296.252|6400976.363,310
320056.762|6393301.976,91
321438.051|6392510.198,75
321855.484|6392748.437,75
321871.549|6403212.589,370
316124.464|6399018.244,244
324648.347|6403309.016,399
316560.671|6405401.48,460
318121.125|6394167.895,114
314128.569|6393521.225,109
320628.454|6399269.261,249
309874.117|6399591.161,260
312633.067|6399189.314,241
326495.127|6401773.085,350
323935.706|6401161.178,322
321053.587|6409468.727,549
310780.685|6408493.562,522
319208.813|6402489.138,367
316063.762|6400820.276,288
331311.311|6395877.279,186
316775.005|6401695.641,314
320363.479|6403692.414,394
320666.557|6411409.849,574
324073.883|6408338.692,515
316985.941|6399163.16,245
316631.145|6398764.328,225
320145.196|6400263.471,272
318419.741|6398508.119,227
316991.981|6400270.536,289
324467.701|6401998.872,348
314922.117|6396293.484,173
318669.491|6398011.924,227
320422.421|6396791.492,196
323703.176|6401317.544,322
319399.736|6397167.64,195
316380.926|6400612.666,288
318948.157|6394493.26,139
326238.899|6394158.057,123
331831.483|6398169.526,
319257.944|6398330.98,228
321117.443|6398642.317,230
313717.653|6390981.708,39
328287.436|6393057.964,100
324084.087|6405778.453,469
319171.584|6400341.306,291
317394.166|6402214.98,339
322740.924|6412806.651,
315628.922|6397105.292,191
319879.946|6404279.775,420
326906.093|6403412.26,401
325580.684|6393241.218,97
321907.471|6400637.725,295
321541.489|6398401.916,231
312896.597|6395225.215,152
319478.23|6405690.456,463
314113.339|6397072.705,189
314676.956|6391698.114,53
322568.298|6393519.986,119
322531.719|6401393.744,321
315956.422|6401707.478,313
319947.909|6402641.823,368
317217.357|6389671.052,28
317968.015|6397057.467,194
321831.886|6391610.842,59
326319.039|6393587.552,123
314686.222|6395626.241,154
316811.484|6398984.379,245
318263.564|6401307.096,316
317127.721|6398811.263,245
319808.24|6402929.654,368
328175.576|6395175.83,165
316437.404|6402590.761,364
312344.907|6405704.011,456
315569.14|6392647.257,69
325949.812|6400547.519,299
315880.67|6397015.476,191
318081.07|6398555.029,227
328948.937|6402401.996,353
319964.392|6397821.371,212
322485.219|6401887.096,345
318798.336|6399576.094,247
319685.779|6403358.78,393
328639.499|6403266.923,403
317314.046|6388030.95,1
330258.826|6408468.964,521
320904.145|6411706.078,584
323530.509|6401441.472,322
320410.612|6411793.137,583
329969.058|6399281.547,254
316960.81|6398523.219,225
314540.448|6409263.941,
317876.273|6401840.415,340
322960.14|6394740.648,144
307875.299|6402696.705,356
314099.101|6397418.505,206
327993.431|6403015.845,377
307008.451|6403062.972,355
315734.147|6400246.405,267
322956.619|6400539.448,296
314147.275|6392786.887,85
321679.895|6398617.539,231
323368.05|6411339.768,577
310326.974|6406757.218,474
316984.122|6404629.07,416
313604.024|6407996.047,507
315463.349|6393020.384,86
314863.246|6393245.278,85
314065.576|6392904.183,85
320545.83|6400473.802,293
316288.03|6401703.565,338
316599.222|6393960.192,112
321124.21|6398773.547,250
322325.224|6388845.052,
322425.926|6400473.356,295
317741.623|6388402.166,7
316119.021|6403339.993,389
318114.616|6401175.938,316
325529.599|6403654.467,400
325637.367|6403656.152,400
316469.059|6394860.422,136
308101.796|6400947.009,306
314520.085|6393224.892,85
317640.098|6402554.021,365
311595.335|6405300.436,437
322183.281|6388735.889,
316650.649|6397217.216,192
314102.624|6393458.405,109
315516.869|6401623.035,313
320745.05|6405235.518,445
315936.796|6396393.724,174
332845.821|6408456.428,
326497.499|6401243.691,325
320875.982|6409167.909,530
323099.319|6400714.034,296
325262.06|6404948.474,450
321620.446|6410754.014,575
318490.866|6398812.133,247
313753.872|6393066.476,84
321919.207|6399559.39,274
318266.191|6398743.277,227
313787.6|6396643.052,189
320777.022|6398177.554,230
325243.413|6403525.333,399
313102.797|6402754.062,361
307718.065|6399695.304,259
318839.287|6399569.347,271
321850.673|6396426.962,198
316133.156|6396571.885,191
318588.247|6398777.657,247
332084.609|6398478.092,
326457.246|6401956.977,350
314768.688|6401116.31,312
322968.842|6400949.745,296
321908.231|6409452.599,550
323863.102|6407124.171,500
314504.034|6396507.319,172
315491.5|6399638.519,267
319691.53|6393769.696,116
322752.298|6401708.065,321
324051.93|6402236.524,347
316881.263|6401838.543,339
310804.354|6404780.073,436
319363.928|6405901.819,463
310332.906|6406912.823,474
319691.441|6397142.301,212
322458.957|6400953.124,295
321735.547|6403310.881,395
317605.378|6404904.401,442
317565.408|6400382.136,290
318659.636|6398652.314,227
307536.858|6402440.703,331
318352.302|6391750.385,57
318067.902|6402246.833,340
321389.426|6397164.348,214
320483.547|6395159.151,158
328410.458|6403180.359,403
316086.798|6400989.046,288
323847.505|6407162.662,500
327517.416|6394462.347,148
314283.356|6397102.709,189
316951.599|6388129.369,0
326849.706|6402345.834,350
316306.111|6401696.362,338
320941.616|6394127.904,117
316402.218|6394787.084,136
318444.292|6398364.332,227
323285.984|6405722.124,468
321485.804|6395986.833,178
318934.412|6405488.896,443
321675.818|6395521.541,160
325551.853|6405855.928,470
321415.695|6397091.647,214
313523.54|6392920.596,84
317660.356|6392725.642,71
316989.005|6391939.018,56
322553.674|6400555.428,295
321870.249|6401462.732,320
319573.698|6396212.538,176
316539.225|6401176.251,314
318191.768|6391176.135,44
320725.675|6411438.675,574
317905.091|6397053.4,193
317611.616|6402138.859,340
321940.867|6393931.542,118
318269.53|6398594.248,227
316677.033|6391872.108,70
326654.568|6403768.86,401
317055.134|6401241.038,314
326169.49|6401208.459,325
324427.304|6409808.86,552
319897.804|6405337.325,444
304443.111|6400971.861,
315731.974|6403637.895,388
319293.441|6394123.996,115
317158.068|6406592.153,479
319729.214|6401112.969,318
316989.306|6401464.444,314
319899.32|6399100.069,248
315072.915|6402613.586,362
321413.352|6400465.926,294
314766.033|6393290.355,85
318802.395|6400224.487,291
318265.508|6394095.11,114
320004.919|6397045.667,196
319579.487|6398800.912,248
320385.305|6399032.321,249
326765.647|6408052.904,518
323795.828|6407520.483,500
315136.189|6402191.916,337
322592.966|6399894.55,275
324344.693|6405176.967,449
318555.774|6394268.727,139
316831.679|6396031.826,175
315826.481|6394223.303,111
318475.77|6399631.932,270
317920.668|6400156.465,290
315943.211|6399639.797,267
320007.739|6399889.622,272
319926.461|6392836.207,91
318618.288|6391980.732,72
327997.141|6395387.858,165
315632.289|6397841.844,207
319604.54|6399389.29,248
324700.597|6411659.15,586
313737.006|6393831.986,109
319698.254|6390134.767,
308864.661|6393841.616,106
323254.441|6401812.92,346
321935.46|6398424.994,231
320926.918|6409489.813,548
323983.734|6402142.06,347
320399.356|6398614.068,229
318750.593|6399688.99,270
332403.319|6408883.707,
321403.087|6399135.976,250
314969.233|6395150.906,154
320071.655|6404664.891,420
316166.354|6398638.743,244
320898.052|6399881.396,273
319454.386|6399357.95,248
321348.35|6397164.022,214
319515.702|6399978.704,271
320527.843|6404574.657,420
321823.996|6395826.398,178
314068.993|6391481.255,53
321652.509|6397143.982,198
317648.003|6400239.243,269
314799.817|6404917.38,438
322386.848|6400866.972,295
322215.55|6393024.602,94
321682.719|6399768.533,274
312558.893|6408267.152,506
316619.984|6398972.501,244
321949.312|6392556.644,75
325724.978|6402661.758,374
320777.935|6400173.54,273
316557.961|6394145.077,112
316732.802|6400378.604,289
315875.736|6399449.503,267
314853.681|6394531.656,134
321159.522|6397991.017,230
314974.567|6401369.107,312
317892.192|6400228.295,290
322136.118|6400660.243,295
321309.248|6404845.918,446
313000.958|6403252.907,386
329105.03|6396001.781,184
314874.816|6395337.998,154
321337.806|6404553.581,421
314295.169|6391878.29,53
322132.198|6411034.907,576
326129.389|6402651.887,375
321968.366|6399710.814,274
321205.015|6407488.014,497
319598.182|6398438.747,228
318607.774|6399214.758,247
308446.88|6401184.616,307
319940.426|6393806.79,116
308800.179|6388811.064,
323602.333|6405485.556,468
321097.753|6401863.6,344
315986.472|6401646.92,313
319305.016|6405324.049,444
323835.437|6411723.876,585
316662.362|6393956.099,112
320194.057|6401165.75,318
320695.059|6395488.069,159
317870.986|6387423.263,
319771.529|6398570.106,229
317443.304|6402408.314,365
322339.827|6396495.834,179
317670.12|6405030.786,442
322433.252|6401513.103,321
321500.56|6398718.307,250
317374.912|6396877.58,193
324432.007|6389108.19,20
322635.649|6399404.608,275
320348.448|6399744.586,272
310147.673|6397972.085,
320027.195|6393602.968,116
322113.815|6395020.693,160
313996.82|6392790.453,67
315409.646|6397032.024,191
320923.222|6399806.727,273
325938.966|6402765.371,375
320798.777|6399534.029,273
321811.277|6404620.254,422
327147.332|6408484.102,537
330676.18|6396761.616,202
314325.004|6398003.785,223
313639.795|6399620.218,265
320425.898|6404658.07,445
313136.296|6404161.345,413
317299.696|6394178.908,113
318851.763|6401563.612,317
322762.72|6399678.754,275
321001.697|6403864.432,421
322616.633|6392356.979,76
320607.652|6397494.77,213
325375.402|6402486.736,374
314302.574|6391019.998,39
320137.658|6399774.035,272
317587.957|6394956.203,157
318137.637|6399104.9,246
321242.332|6404481.64,421
322014.844|6392366.131,75
315513.986|6394604.283,135
318346.14|6393138.819,89
310682.636|6399847.71,261
324472.137|6402818.664,373
320856.226|6392605.48,74
318873.089|6399780.217,271
327509.128|6393079.806,99
312921.666|6403215.645,386
323739.993|6388762.43,10
318552.789|6394268.901,139
323225.948|6395474.866,
321999.663|6394660.484,143
318654.628|6397322.414,211
316827.763|6401426.516,314
318169.582|6403784.938,391
318296.897|6400542.545,290
316049.879|6400789.431,288
320600.242|6392817.835,92
321062.798|6403518.967,395
322914.23|6403056.453,371
318320.245|6392782.087,72
325494.222|6402466.123,374
319494.808|6398281.21,228
317017.981|6405172.323,441
328805.809|6403180.933,378
329122.901|6393257.379,101
315938.19|6395063.144,155
315592.496|6394560.001,135
323608.957|6389130.66,19
310680.635|6399556.523,261
319571.209|6392773.086,91
308614.092|6401439.472,307
317941.167|6400106.686,290
312861.697|6402772.817,361
319229.984|6400426.939,291
318734.96|6402666.314,366
318040.414|6400491.252,290
314939.8|6395028.196,154
321881.766|6395242.07,160
320486.838|6398592.351,229
322551.592|6392494.668,76
320597.722|6393212.46,92
322133.233|6392978.37,94
318011.093|6400417.322,290
322087.604|6404499.024,422
313538.715|6393094.727,84
322538.453|6400870.867,295
318770.849|6399769.391,270
317733.735|6387978.27,1
314921.387|6396455.821,190
306167.896|6404999.763,
322444.061|6388837.738,
328196.518|6404008.893,429
320563.533|6400478.957,293
318319.556|6406553.295,480
320988.217|6400507.223,294
319375.398|6403970.443,419
330520.525|6403578.237,406
319910.478|6396549.086,196
305644.346|6400655.944,278
308083.077|6394301.903,130
324678.308|6404211.508,425
311727.497|6408204.471,505
321924.736|6400743.316,295
321410.342|6399947.889,274
329628.117|6393034.58,101
328425.441|6402666.381,378
317163.056|6399226.336,245
324392.8|6408044.392,515
322690.563|6402880.488,371
323099.436|6404774.041,448
329278.606|6394210.239,150
322902.571|6395039.978,161
315009.145|6391144.225,40
324673.894|6401346.407,323
315120.238|6401343.41,312
323172.956|6410934.513,577
329736.615|6394249.868,127
326780.691|6402146.291,350
318896.128|6394379.999,139
313701.2|6393139.021,84
324631.773|6409140.584,534
316272.939|6393655.094,112
326055.744|6393456.042,123
316264.785|6402023.597,338
317089.763|6400239.974,289
324101.716|6401562.29,323
320828.556|6411415.369,574
325403.839|6403621.332,400
307163.152|6399747.603,258
325935.223|6402394.156,349
331249.384|6409695.48,557
319921.689|6405006.165,444
313782.205|6395607.644,153
310353.112|6406143.429,454
314717.007|6396229.018,172
315000.932|6404481.429,414
322656.811|6393541.383,119
329826.667|6399600.527,277
312960.22|6394793.009,132
322970.926|6400771.044,296
320529.118|6395261.708,158
316258.568|6392685.78,87
319139.819|6405384.225,443
316151.289|6398425.603,224
324164.873|6400597.659,297
317333.426|6387335.235,
329160.799|6394225.782,150
312783.287|6396601.519,188
324725.405|6402381.016,348
326502.543|6410385.956,569
327854.73|6403891.612,429
325620.88|6403743.631,400
323809.514|6393830.89,120
319640.877|6404096.276,419
321761.035|6401487.025,320
319610.191|6410390.105,562
318488.887|6398610.862,227
317507.375|6398894.039,245
315368.428|6396733.059,191
322513.366|6406667.072,484
323760.923|6395361.314,
317181.849|6399982.37,269
325437.192|6401720.438,324
331308.08|6391992.806,81
319098.072|6394081.621,115
314098.622|6390740.019,39
315468.167|6403484.013,388
323122.522|6393767.279,119
315987.964|6401589.179,313
327825.396|6402311.445,351
308085.881|6400174.368,259
318850.123|6399499.047,247
314654.84|6396643.128,190
315647.723|6396694.195,191
323887.775|6410783.367,578
321357.009|6397251.119,214
317012.168|6401482.5,314
329107.696|6403193.521,404
322702.372|6394975.199,161
329163.655|6393985.2,126
321489.869|6393598.708,118
323077.715|6401052.597,321
316964.122|6405168.959,441
322239.416|6399223.471,251
318753.794|6398875.25,247
316295.388|6403731.271,389
321747.884|6399015.207,250
320217.227|6400657.121,293
319289.184|6406166.166,463
320763.585|6399229.552,249
320103.205|6397993.422,229
316822.787|6398287.502,225
324184.305|6395365.341,162
314770.332|6396030.233,172
324873.353|6400623.914,298
328888.529|6394196.919,126
322657.601|6394295.747,119
315413.709|6400132.934,287
322092.866|6391488.246,60
320205.783|6400196.117,272
324390.136|6388654.433,10
328938.784|6393563.054,126
326688.104|6389919.306,33
319696.695|6400050.373,272
322300.427|6396694.893,199
325372.294|6401112.522,324
328240.529|6394757.394,149
315251.261|6392692.713,86
318246.774|6399205.083,246
318281.673|6388554.375,7
326044.216|6402171.037,349
329784.257|6409418.38,556
317425.274|6395251.76,157
317025.02|6399189.432,245
307070.879|6391030.742,36
320512.315|6400394.239,293
324261.778|6406069.867,469
326830.626|6401921.276,350
319302.066|6403854.246,393
312907.18|6403525.109,386
321370.113|6404604.178,446
318603.276|6391854.869,58
320549.153|6404838.493,445
319447.867|6399747.903,271
319802.692|6400019.732,272
321820.01|6392607.904,75
318363.655|6399490.75,270
321365.448|6404835.989,446
325032.822|6402562.06,374
326743.024|6396144.893,183
327815.407|6409954.531,
312242.821|6403646.916,385
313251.4|6393662.013,108
320162.143|6397692.233,213
321192.9|6396859.181,197
316930.768|6399081.903,245
317084.561|6398412.177,226
322769.535|6399453.576,275
316540.659|6396801.019,192
318803.701|6399523.192,247
324179.453|6402700.866,373
321093.992|6399237.952,250
320136.604|6400216.987,272
324610.408|6403662.974,399
320011.085|6400019.878,272
316207.923|6399621.295,267
319398.707|6399296.536,248
318372.343|6399466.568,270
319831.305|6400959.634,292
311092.156|6400422.467,283
318838.559|6399587.727,271
320812.259|6399739.507,273
327993.64|6403524.946,403
316871.078|6398597.087,225
316327.767|6393670.12,112
320831.732|6404832.234,445
319676.811|6399528.587,248
318854.276|6397390.811,211
321166.68|6397184.181,197
317981.49|6393017.733,89
318408.819|6405583.881,462
321075.155|6406449.019,483
322037.492|6395484.857,160
316889.794|6389463.057,16
324711.42|6401221.697,323
318875.599|6399590.95,271
315198.832|6394594.436,135
319282.594|6396626.744,195
323475.791|6401219.877,322
321582.89|6401508.691,320
315310.679|6405838.525,458
317489.753|6399342.777,245
315590.177|6401827.47,337
318377.821|6402217.157,341
321790.569|6402906.729,370
317713.766|6400382.08,290
320436.632|6400330.171,293
320701.264|6398021.028,230
307822.306|6402674.721,356
318438.879|6402356.73,341
322335.959|6394700.12,143
317870.52|6402683.04,365
320204.586|6399046.146,249
320979.514|6401850.607,344
321204.874|6397181.477,197
326510.627|6403141.042,401
320063.946|6397922.41,229
319389.765|6399133.346,248
320536.986|6399763.748,272
310752.643|6400178.744,261
314613.281|6406046.318,458
320291.407|6403249.72,394
312054.318|6407238.792,492
311202.655|6400916.939,283
329481.567|6401537.606,328
321334.589|6405469.789,446
315073.891|6391208.789,40
318297.404|6398913.518,246
332836.537|6402889.0,
317849.036|6391686.967,57
328042.709|6403338.501,403
312297.873|6401864.536,335
331788.847|6403733.64,
316577.582|6400993.406,314
310447.798|6399144.989,238
318544.481|6392547.626,72
318004.563|6400371.345,290
317865.566|6393788.105,113
320917.763|6399105.346,249
318079.676|6393642.711,114
315469.132|6392406.382,69
320941.775|6398100.851,230
321763.161|6402057.135,344
321544.121|6401340.406,320
318974.36|6400471.452,291
315923.67|6398280.83,224
318434.434|6388658.924,8
312533.5|6402529.466,360
322052.125|6402135.58,345
321945.017|6396247.726,179
315580.161|6398147.083,224
312567.55|6396699.84,187
326437.087|6396265.513,183
321119.706|6396650.103,197
313016.509|6394091.229,108
324159.029|6400610.838,297
324664.432|6404187.897,425
314700.533|6396608.016,190
315657.758|6399109.105,243
319913.869|6396066.992,176
323963.232|6388564.908,10
320370.569|6403768.555,394
329407.153|6401184.483,328
322741.757|6406967.651,499
326551.761|6392857.558,98
316159.684|6398139.674,224
319045.767|6404982.693,443
322482.567|6393301.063,94
321129.015|6400851.573,294
327021.182|6395118.054,164
317042.704|6392949.416,88
327415.509|6392586.018,78
316636.101|6392477.913,70
329487.896|6394563.932,150
320390.26|6400274.88,293
324619.253|6403553.189,399
319970.191|6408755.768,529
315730.405|6401710.611,313
315767.738|6402878.032,363
322324.625|6399229.897,251
325561.919|6401238.824,324
319730.725|6397563.297,212
313439.85|6395573.808,152
309622.301|6403781.472,382
314576.1|6392890.238,85
314590.952|6397167.98,206
317005.776|6398140.796,225
325335.447|6402145.529,349
327711.076|6402368.169,351
318247.611|6391583.994,57
318159.283|6398493.885,227
315696.16|6392725.132,69
306956.399|6391017.343,36
330781.386|6404755.987,452
330623.136|6404331.274,432
322944.954|6392709.043,95
311992.975|6407258.48,492
326427.591|6393890.155,123
322103.789|6404661.361,422
314272.563|6393253.677,85
328236.115|6403868.114,403
327734.422|6392760.962,99
328633.166|6403226.321,378
321242.254|6398982.638,250
323306.095|6401078.566,322
326466.659|6388283.533,13
318052.458|6398692.43,246
327449.581|6408448.599,519
319724.368|6396875.389,196
323165.448|6392711.192,95
319144.481|6405547.333,463
319810.053|6399223.935,248
317065.71|6395134.496,156
321758.603|6396045.057,178
316528.881|6393818.858,112
317924.225|6397207.389,210
317884.017|6399454.763,246
321656.563|6405365.643,446
315724.368|6407551.395,493
323604.648|6392704.927,77
314032.004|6392864.868,84
321060.095|6396697.082,197
319196.139|6398749.723,228
323553.645|6404590.355,424
308018.161|6394586.516,130
325005.673|6388752.422,11
321504.651|6398048.446,231
322224.97|6408149.038,513
319964.723|6398469.456,229
320835.192|6399413.253,273
322038.519|6392142.363,75
326328.973|6402476.662,375
321139.291|6397026.649,197
306637.0|6402864.133,354
320284.37|6397358.673,213
317792.71|6388716.084,7
315140.796|6406068.056,458
317382.608|6401438.569,315
325336.388|6405796.529,470
312866.07|6394532.718,132
319366.067|6398992.649,248
315553.937|6393280.268,86
318835.543|6399528.265,247
317716.777|6399993.716,269
315024.506|6400553.25,287
321650.839|6405101.623,446
318738.349|6406293.26,481
313607.751|6396103.827,171
325843.768|6405905.56,471
313479.232|6392868.717,84
320386.478|6398664.877,229
324756.59|6409787.288,553
315787.198|6402903.467,363
315467.752|6398338.933,224
318681.36|6393461.218,90
329218.138|6395836.707,184
323178.033|6400927.9,296
320874.306|6398387.517,230
326387.085|6403355.877,401
320796.681|6399679.528,273
321048.573|6402321.589,344
312293.364|6403320.566,360
324679.413|6405941.886,469
320482.285|6399276.163,249
318507.316|6402164.178,341
321133.784|6403854.942,395
320101.898|6399180.772,248
319457.257|6400109.805,271
318080.977|6405567.951,462
319498.146|6405790.521,463
323497.158|6390059.45,31
320272.988|6400632.574,293
312784.104|6402456.364,336
325152.772|6402825.66,374
320169.58|6399963.21,272
318400.458|6394129.238,114
321710.619|6402118.297,344
319801.487|6406445.523,482
319363.077|6400654.71,292
320746.308|6399768.338,273
323117.769|6403513.546,397
323997.691|6401602.18,347
323402.995|6389974.322,31
320289.732|6400309.656,293
324123.544|6395138.572,162
312786.917|6403040.896,361
324864.903|6401959.245,348
323526.963|6401706.715,322
320004.317|6400240.904,272
317538.65|6395648.297,157
313575.153|6396243.955,171
319870.526|6401041.612,318
319000.669|6397468.285,211
317674.046|6395648.494,157
314908.571|6405946.493,458
318668.648|6398584.314,227
319526.483|6400185.53,292
325158.728|6403529.244,399
309889.446|6400038.792,260
315613.657|6398425.476,224
319297.427|6400214.073,271
313005.885|6403222.822,361
327161.962|6403350.056,402
327074.3|6395098.04,164
313870.183|6397291.763,205
315124.024|6405826.921,458
321105.962|6402289.948,344
323181.793|6401836.44,346
317219.639|6399841.138,269
318487.474|6398390.286,227
311381.951|6401120.792,310
314972.004|6395652.17,154
321968.196|6394394.982,143
314550.336|6397564.435,206
315071.425|6394170.24,110
318037.305|6393701.89,114
318888.304|6397286.681,211
313599.296|6403236.023,387
312613.447|6409963.98,542
320617.321|6400729.648,293
317111.188|6400277.673,289
317721.738|6393172.446,89
319763.623|6400988.42,292
317591.712|6401619.877,315
319796.794|6399805.489,272
319163.226|6400162.329,271
322292.279|6395359.805,161
326733.869|6395668.633,183
320749.678|6392588.307,74
315062.111|6401291.641,312
318060.477|6391997.56,57
316280.092|6398937.471,244
322923.446|6400924.131,296
321698.348|6393888.721,118
321736.763|6401488.276,320
321096.711|6396579.021,197
317663.156|6404784.001,442
329191.716|6399030.83,253
316744.375|6389157.938,16
328420.238|6392998.595,100
320550.494|6397937.247,213
304053.322|6402683.844,
314632.226|6391725.171,53
320180.091|6397813.895,213
322203.183|6390837.671,45
325166.527|6400757.847,298
323989.162|6402228.014,347
321398.006|6401305.797,319
322190.503|6401786.196,345
316900.878|6398796.295,245
316369.749|6392214.427,70
321468.085|6394976.776,142
319336.071|6398927.96,248
318478.404|6398677.589,227
315213.851|6392625.25,68
307741.591|6393631.599,105
314562.986|6401006.442,286
323019.904|6393436.547,95
320680.178|6395159.779,159
320291.56|6403442.002,394
318978.436|6405674.935,463
321685.133|6395245.423,160
320135.118|6396913.397,196
328436.781|6393828.442,126
319437.755|6397676.864,212
320390.017|6396419.895,177
320766.593|6394194.947,117
322570.22|6409736.499,550
311520.366|6404632.072,411
330527.939|6403533.562,406
321023.705|6409470.571,549
317245.896|6388379.162,6
315451.042|6403419.908,388
320606.821|6405164.41,445
332025.816|6404209.516,
314996.338|6403065.232,362
309920.043|6399461.279,260
323997.461|6401434.626,322
315180.719|6399568.951,266
308576.694|6401765.394,332
321736.019|6402000.971,344
328500.8|6403959.059,403
317843.877|6401684.136,340
316210.862|6398001.795,208
316210.434|6397870.756,208
323161.232|6406912.87,485
331887.516|6409866.25,558
319273.368|6405274.715,444
317665.488|6395559.377,157
319640.624|6400008.725,271
324613.63|6400716.874,298
319135.762|6399896.257,271
317725.955|6408804.569,527
320462.357|6392881.209,92
311503.796|6398207.256,222
312693.112|6393958.045,107
310829.202|6400558.885,283
321343.856|6397282.0,214
314443.364|6396975.044,189
320592.92|6392955.766,92
321618.438|6394241.437,142
315831.104|6396981.349,191
321919.43|6398514.609,231
322682.348|6404511.267,423
324774.617|6395437.42,162
317621.998|6402254.469,340
322257.753|6396622.685,198
312413.106|6399236.021,241
321816.339|6394215.921,118
321506.442|6392526.884,75
327617.906|6403332.353,402
319250.636|6393942.474,115
318030.658|6394214.184,138
319558.195|6398339.435,228
316705.231|6395287.786,156
316806.888|6402210.536,339
317941.868|6402514.841,340
325248.103|6405051.221,450
328264.266|6393327.129,100
319169.531|6399715.122,271
320572.024|6411685.857,584
321304.306|6400975.723,294
319337.169|6404629.785,419
330001.878|6399011.275,254
321072.206|6398871.344,250
327784.42|6403972.904,429
318820.759|6398721.71,247
314503.627|6391254.664,53
321520.275|6396370.477,178
316796.639|6387033.769,
322842.911|6407215.812,499
316830.511|6398174.309,225
318294.769|6398931.287,246
324114.727|6400917.505,297
321510.722|6401034.363,320
321724.781|6399505.228,274
320419.542|6400302.521,293
323815.132|6407621.446,500
309321.664|6404451.993,409
325810.901|6401899.89,349
316717.565|6401711.807,314
321560.895|6394206.222,142
321489.798|6398979.076,250
320694.348|6394479.226,141
318462.537|6398832.059,247
322782.476|6400755.666,296
318003.928|6399204.296,246
321601.715|6397702.521,214
316169.577|6398211.566,224
315198.484|6399613.542,266
317135.589|6402277.114,339
321541.973|6394632.257,142
328076.54|6398250.769,232
317134.057|6396667.503,193
316483.529|6402954.875,364
314779.429|6396994.624,190
328444.937|6394155.84,149
315417.179|6402278.665,337
313331.679|6396140.7,171
319970.832|6403870.414,393
314661.785|6394241.825,134
325439.961|6403487.0,400
323225.058|6410931.664,577
316621.058|6395551.098,156
316303.328|6397909.793,208
325968.479|6400742.351,299
320637.396|6398295.884,230
316656.031|6396837.123,192
316916.642|6402976.377,364
316315.318|6403065.79,364
316550.28|6401388.884,314
317312.808|6400223.95,289
326641.944|6392519.596,78
327790.194|6394645.023,148
316967.144|6398958.713,245
319483.976|6398805.724,248
314602.034|6396193.224,172
314717.339|6400830.04,286
325498.852|6388432.24,12
321871.043|6395402.264,160
319789.676|6403716.718,393
321597.821|6398949.004,250
318836.795|6404676.352,443
318032.987|6399551.956,270
321930.998|6393657.38,118
317155.55|6392387.135,71
319489.078|6396846.955,195
314953.226|6401251.141,312
324383.072|6402471.076,373
322955.902|6393030.244,95
317280.828|6394880.87,137
320661.401|6393699.614,117
318967.602|6399025.784,247
327940.392|6402621.661,377
319700.757|6399092.841,248
320021.475|6397097.417,196
308335.077|6401079.642,306
319799.004|6402578.141,368
319373.845|6399897.212,271
318570.592|6399731.673,270
318043.871|6401637.545,316
323381.357|6404483.895,424
318126.068|6393924.689,114
317661.111|6395622.261,157
321993.642|6392428.696,75
316907.566|6397524.134,209
318966.116|6393625.777,115
318924.112|6397454.679,211
319489.603|6397309.484,212
320075.046|6398853.647,248
321087.157|6402531.796,369
315915.623|6399999.719,267
313408.879|6403436.877,387
320253.394|6397084.408,196
316934.296|6401466.039,314
317765.963|6400136.822,269
319258.846|6400431.135,292
311971.051|6400725.93,284
322923.526|6404327.752,423
317921.514|6399452.476,246
323021.531|6400439.166,296
320835.376|6399827.033,273
320312.76|6401443.064,318
320944.126|6392638.579,74
318374.788|6392528.831,72
315024.624|6405766.757,458
319737.101|6400217.727,292
321375.902|6408520.166,512
319072.607|6399179.876,247
320620.59|6396884.813,197
313468.925|6396073.74,171
313586.952|6396160.442,171
318765.334|6398886.114,247
316642.599|6399278.012,245
319916.19|6399756.326,272
319436.469|6400142.602,271
325422.072|6402887.919,374
329239.67|6403758.84,404
313190.062|6402728.234,361
319873.287|6403428.431,393
316958.369|6395180.986,156
317948.79|6401481.512,316
322137.281|6401491.979,320
313867.29|6397309.88,205
329994.095|6398894.208,254
313171.156|6394441.521,132
320623.144|6404300.352,421
323948.704|6388586.508,10
326118.483|6402200.742,349
317156.924|6395576.363,157
330256.994|6399033.857,254
320910.796|6394717.09,141
326506.095|6401094.716,325
324062.952|6389084.895,20
316056.744|6400155.006,267
320089.791|6398406.035,229
328103.983|6393614.876,125
322359.932|6394833.379,143
313690.455|6395688.61,171
319087.716|6405577.23,463
318293.492|6406326.009,480
325670.046|6405765.815,470
321876.02|6400510.945,295
312839.81|6394422.058,132
317584.859|6393507.622,113
307436.28|6402436.561,331
322357.388|6394572.267,143
322261.497|6402750.303,370
325505.863|6388415.346,12
319297.173|6402439.513,367
329703.815|6406176.073,472
317833.57|6401805.271,340
313705.043|6396025.949,171
321583.923|6402056.26,344
319870.316|6399139.432,248
321453.409|6410879.383,575
322188.121|6391029.311,45
325476.154|6410113.656,568
322988.197|6400472.032,296
316757.582|6400345.325,289
321922.213|6403904.348,422
321576.763|6394266.651,142
323924.691|6407932.969,515
326092.647|6403363.451,400
323087.195|6402862.366,371
325846.531|6402554.344,375
313975.087|6396891.313,189
328013.725|6394285.347,149
317970.225|6402282.063,340
326019.12|6407408.215,503
319907.832|6393296.988,91
316198.394|6399400.69,244
317159.584|6398919.789,245
318522.744|6398335.488,227
317077.074|6399204.687,245
318762.89|6397439.971,211
320553.376|6405083.007,445
314870.731|6395398.405,154
322434.099|6405924.072,467
317293.204|6399903.444,269
317672.526|6395571.84,157
316381.546|6398657.069,225
331398.316|6397920.79,235
318759.3|6406210.569,481
316914.625|6394950.577,137
322364.085|6394632.018,143
320840.06|6392561.081,74
318083.883|6401105.324,316
319622.707|6401412.952,317
325485.515|6401656.644,324
318051.334|6402893.139,366
316988.851|6398109.381,225
315005.459|6403273.684,362
319325.349|6399764.551,271
325287.228|6407165.68,502
322185.005|6405000.143,447
319869.792|6401940.844,342
319611.097|6401370.423,317
318420.873|6392640.128,72
324453.967|6409488.402,553
319500.493|6398779.06,248
321055.177|6393356.476,93
321815.499|6394819.481,142
310435.3|6399103.852,238
315907.625|6396264.925,174
319149.896|6404471.886,419
315307.673|6394605.256,135
319073.218|6399982.379,271
317742.096|6400014.543,269
318138.449|6402146.228,340
329734.266|6403388.111,405
314434.64|6397067.412,189
331428.706|6397191.972,203
314413.247|6397891.312,206
318329.19|6405887.126,462
320304.739|6399609.758,272
315110.553|6403419.268,388
313351.321|6396501.843,188
317825.589|6402894.519,365
316440.415|6402942.399,364
320548.126|6394826.327,141
324591.683|6407037.439,501
319266.139|6399300.817,248
316747.208|6387048.053,
318259.208|6402599.607,366
322050.757|6400341.338,295
320223.405|6399509.03,272
316176.105|6400475.193,288
314342.01|6390855.28,39
318847.065|6399177.669,247
324958.311|6410109.382,568
319768.346|6406469.306,482
317667.135|6401275.491,315
327983.659|6393933.042,125
330373.891|6408326.522,521
331112.806|6393896.119,129
323216.849|6407696.695,514
316720.305|6400036.368,268
311184.547|6405810.159,455
318417.762|6398697.74,227
319599.11|6400519.109,292
313561.051|6392639.475,84
315856.965|6399394.918,267
321767.3|6395625.611,160
322611.684|6392049.2,76
321669.815|6398034.045,231
327772.831|6403320.186,402
316671.542|6401978.21,339
316492.917|6393966.918,112
326235.26|6401932.112,350
318273.277|6388162.447,2
326286.09|6404635.502,427
316373.644|6395253.171,156
316494.474|6401150.461,314
321709.411|6397648.625,214
322629.821|6392123.394,76
314829.965|6393708.15,110
319542.478|6399428.598,248
319897.268|6398236.926,229
321146.023|6407055.894,497
321994.221|6392067.508,75
314767.016|6394698.407,134
319946.263|6397953.052,229
324991.99|6409633.286,553
319842.458|6409390.431,547
320865.893|6399434.424,273
308376.551|6388452.815,
321594.856|6394826.714,142
309812.72|6399673.909,260
314911.158|6394785.992,135
318819.929|6399620.709,271
318109.722|6392636.844,72
319015.002|6397266.166,211
318542.851|6397405.923,211
317341.808|6400435.487,289
321913.247|6402082.054,345
317985.05|6398704.324,246
320981.409|6404411.042,421
326021.267|6403039.822,375
321660.163|6398520.228,231
308845.978|6401522.615,307
318772.985|6399993.079,270
317332.334|6398574.102,226
323289.738|6393874.049,120
316767.124|6402149.335,339
322273.09|6392572.535,76
321726.526|6408409.245,531
319943.751|6403459.612,393
313036.281|6403385.125,386
321718.954|6402041.742,344
317283.327|6400326.053,289
318186.332|6398977.441,246
318677.162|6393555.291,114
314742.292|6397924.934,206
316155.243|6401496.714,313
319004.879|6401272.148,317
313267.499|6402694.177,361
306440.499|6391359.001,
317107.263|6398007.734,209
321315.008|6395216.69,159
324133.68|6408124.035,515
319104.419|6399592.58,271
321504.764|6392867.315,93
317649.881|6393019.467,89
312745.803|6402821.405,361
318394.363|6392658.335,72
321357.499|6400463.48,294
319999.018|6397929.005,229
315882.124|6401083.151,313
318311.15|6401593.248,316
317397.944|6402276.671,339
316329.894|6398723.275,244
321478.062|6393712.253,118
318290.271|6399198.42,246
319216.723|6400332.102,291
313886.438|6396918.315,189
329128.213|6401313.978,327
322114.089|6400494.469,295
316087.364|6393976.87,111
320814.894|6410958.028,574
325293.464|6395947.155,181
318097.708|6390363.624,29
323714.205|6407200.436,500
322601.199|6400183.434,275
323290.586|6410453.991,566
318135.276|6401894.06,340
322674.357|6401091.376,321
322824.284|6406938.344,499
324678.201|6402076.147,348
320843.504|6405305.364,445
320747.926|6402209.06,343
321179.715|6400323.186,294
321738.69|6392835.455,93
320505.531|6403849.17,394
324340.238|6409746.201,552
315547.199|6393456.575,86
324496.04|6395594.144,162
323801.018|6407860.955,515
320817.035|6399463.258,273
322189.594|6390748.165,45
321998.071|6392771.416,94
318995.685|6397435.276,211
322326.957|6402992.672,371
327870.527|6403466.223,402
319989.08|6401638.297,318
318403.298|6400330.079,291
318136.645|6398808.555,246
319864.037|6400186.962,272
316036.587|6399744.185,267
318983.013|6399650.924,271
317199.254|6393990.064,113
314586.22|6400940.066,286
320570.529|6404312.588,421
317677.501|6400189.016,269
312687.912|6399461.08,241
317294.867|6400453.267,289
330488.251|6403572.066,405
313508.72|6396417.16,171
321535.781|6397619.692,214
316651.254|6405272.078,441
318721.032|6399642.552,270
316795.355|6396600.046,192
324505.05|6403429.877,399
317913.298|6401672.413,340
313626.128|6396734.242,189
320498.799|6397960.784,213
321902.251|6400600.836,295
322073.337|6402512.316,370
313715.438|6397086.409,189
317023.881|6398699.598,245
319378.188|6410768.472,573
316856.261|6398042.92,225
317823.035|6398729.728,246
318290.694|6401233.188,316
317294.092|6402115.977,339
323230.497|6401684.638,346
309767.057|6399604.514,260
318778.975|6399145.212,247
318167.0|6397313.682,210
318877.554|6400308.3,291
329327.709|6394135.18,127
308821.83|6388823.685,
312917.685|6403058.838,361
327802.456|6403387.571,402
323398.117|6407052.101,500
318474.236|6406154.784,462
324989.965|6402189.865,348
316749.166|6400177.047,268
320133.997|6398652.744,229
318727.051|6406154.633,481
323943.084|6408174.374,515
321440.66|6398514.33,231
324725.095|6408590.928,534
319176.135|6394378.023,139
313075.169|6396363.908,170
319122.897|6400419.472,291
321046.114|6411867.758,584
321658.787|6395001.683,160
322807.837|6402566.92,371
319282.347|6404540.696,419
318649.701|6397945.689,211
329970.285|6399460.275,254
313341.04|6402659.74,361
322188.998|6393590.702,118
321294.166|6402903.847,369
306467.09|6404910.334,433
321752.025|6401135.421,320
315476.323|6393988.627,111
316124.876|6395006.207,136
317868.955|6392666.36,89
318835.696|6400272.688,291
315726.825|6393968.123,111
318025.482|6400249.479,290
317748.357|6392662.824,71
322677.17|6399449.622,275
316463.047|6397634.475,208
322185.243|6394358.582,143
316547.181|6404727.515,416
314770.613|6401162.753,312
321548.845|6396333.988,178
316831.195|6411294.246,572
316196.136|6398367.336,224
313385.898|6395965.91,171
321101.062|6393344.951,93
316080.471|6397718.553,208
323516.217|6400614.759,296
318745.932|6393923.022,114
319981.48|6397757.652,212
320297.996|6397711.795,213
323677.668|6404948.108,449
326464.009|6410507.129,569
322242.404|6401269.449,320
321133.46|6396338.98,178
327193.52|6395181.828,164
316739.775|6398431.595,225
315860.973|6399402.284,267
313446.818|6395674.571,152
312219.119|6400292.08,284
318396.433|6398833.653,247
307246.287|6399670.258,258
320151.735|6397535.56,213
311846.004|6400716.908,284
318378.502|6392697.534,72
323239.828|6394696.334,144
320592.468|6399554.249,273
314332.833|6394893.82,134
320467.378|6398046.233,229
316615.345|6401168.381,314
322217.528|6394360.064,143
319255.781|6399760.548,271
313021.038|6403236.036,361
318224.813|6393568.1,114
315736.338|6399424.844,267
320145.968|6400369.13,293
316450.737|6399122.065,244
308113.952|6399479.464,259
325275.685|6388699.884,11
318179.818|6400435.861,290
323171.798|6401250.173,322
319705.032|6401108.776,318
320721.515|6397897.128,213
307844.76|6401101.284,306
314390.799|6396930.12,189
320738.14|6405082.704,445
322811.866|6392793.453,95
317926.753|6393088.22,89
324020.821|6401573.96,323
317476.627|6394688.05,137
317550.791|6400566.437,290
322518.328|6401430.359,321
316479.986|6395461.662,156
325435.599|6401674.717,324
317253.785|6402691.883,365
315482.424|6402572.303,363
320385.046|6411245.942,574
308601.263|6394197.433,130
318555.199|6399453.328,270
327595.611|6394352.295,148
315165.999|6401890.277,337
318766.509|6402988.346,366
331376.968|6391085.078,51
321869.749|6409257.995,531
321413.889|6397223.318,214
318397.158|6406821.236,481
315458.319|6404979.797,439
320420.29|6396352.416,177
321988.964|6401507.769,320
322155.199|6400509.975,295
326066.564|6401164.472,325
321918.694|6394148.73,118
317347.923|6407311.221,495
319163.193|6398307.314,228
313239.556|6402676.445,361
322307.226|6402943.394,371
319283.383|6400725.59,292
319503.087|6400778.716,292
320728.864|6411408.402,574
319980.205|6397924.027,229
322675.948|6401808.886,321
314613.203|6406061.481,458
325551.02|6403437.628,400
320653.311|6398038.913,230
317818.073|6395591.131,157
328035.0|6394772.886,149
321343.142|6392410.204,74
321282.571|6402954.794,369
319843.517|6392807.124,91
320494.004|6397371.504,213
305248.735|6404020.611,
319132.391|6399735.797,271
315874.445|6397733.945,208
329863.072|6398888.463,254
316094.811|6393423.093,87
324098.489|6405674.025,469
319288.36|6400371.538,292
322900.96|6402806.592,371
319073.08|6400101.243,271
321981.713|6396784.126,198
322623.642|6399954.387,275
321495.954|6399998.925,274
316554.141|6394963.383,156
313154.852|6395994.879,170
317471.721|6398382.728,226
317523.839|6388315.841,1
328418.699|6393954.162,126
316726.109|6396126.58,175
320539.89|6394221.994,141
320684.184|6404443.419,421
318970.359|6399815.531,271
324440.398|6401463.068,323
310954.504|6400509.595,283
318851.637|6397585.204,211
323642.375|6402621.38,372
315560.047|6388454.758,
320194.153|6399965.101,272
317505.242|6400042.018,269
318876.326|6401218.048,317
319347.038|6401833.116,342
318112.08|6392690.779,89
318280.734|6399316.706,246
324440.16|6401667.771,323
324377.382|6401501.383,323
323234.715|6402447.326,346
319215.693|6399914.926,271
325169.599|6406099.911,470
320585.576|6398341.591,230
314533.729|6401090.014,312
328493.967|6403998.653,430
328985.779|6393350.185,101
314272.561|6391814.424,53
320608.045|6397702.838,213
319946.731|6396888.283,196
318002.458|6401434.99,316
316781.092|6400251.636,268
318693.23|6391741.861,58
320419.299|6400349.26,293
323654.297|6410863.932,578
325236.318|6400640.214,298
320170.755|6409756.041,548
321917.106|6397369.334,215
316775.122|6401739.247,314
326375.292|6400983.485,325
319627.315|6399276.046,248
315829.435|6400587.642,288
322917.048|6403317.098,397
315845.481|6399384.555,267
323246.595|6401739.639,346
327485.39|6393747.217,125
324236.469|6393868.583,121
324729.399|6404187.489,425
316638.602|6395615.12,156
323090.558|6401120.489,321
320200.347|6400302.585,293
317503.24|6398877.367,245
315723.297|6403866.576,415
316572.302|6398029.792,225
310775.429|6399740.523,261
316526.324|6393327.35,87
323220.495|6403283.354,397
320781.234|6396504.637,197
323209.743|6401745.179,346
323372.297|6404833.603,448
315907.479|6396333.289,174
318616.408|6402844.644,366
319476.124|6400311.183,292
315015.887|6394803.735,135
321431.056|6406600.924,483
323555.953|6389427.756,19
318321.061|6402642.378,366
321694.704|6392921.364,93
319638.834|6404027.198,393
316477.757|6396116.633,174
320320.984|6402986.873,368
321480.348|6402606.132,370
307767.144|6401769.251,331
316248.272|6395084.512,156
316087.455|6400744.677,288
319794.815|6396258.472,176
318664.18|6394071.884,114
323171.619|6410667.714,577
320208.287|6400286.499,293
323653.068|6404892.744,449
322815.648|6394652.045,144
326005.109|6402082.93,349
325025.972|6406082.118,470
312653.364|6399405.227,241
321326.603|6404443.775,421
320711.33|6401722.556,343
318357.946|6393094.142,89
313795.433|6403872.789,387
324008.973|6401447.29,323
320342.418|6400697.816,293
316261.26|6398901.315,244
312708.018|6399445.399,241
319192.605|6399881.673,271
316081.823|6400488.62,288
327369.04|6408105.702,519
314512.709|6393287.87,85
324835.958|6409757.208,553
325796.733|6405304.063,451
324365.436|6405154.825,449
321945.62|6392303.496,75
320738.884|6399628.172,273
319055.975|6399662.918,271
318760.748|6399144.896,247
314461.944|6391219.468,53
318008.731|6397067.728,194
316614.947|6394277.338,112
305786.153|6399923.2,256
321841.504|6393654.18,118
318007.967|6398646.36,246
326132.753|6400720.107,299
324022.196|6405468.289,449
316605.324|6405399.814,460
315778.718|6400407.415,288
321388.629|6395962.141,178
315747.392|6401787.212,313
318393.815|6391880.969,72
313308.029|6395949.054,171
321128.688|6402494.544,369
316595.287|6401455.54,314
318018.422|6403042.485,366
318598.304|6399842.275,270
321885.392|6403001.085,370
326225.491|6403339.058,401
315187.319|6402362.259,337
317041.637|6392060.418,56
316523.438|6399987.995,268
318099.661|6403849.513,391
318721.932|6398071.648,227
327436.467|6395448.249,164
316083.651|6400891.916,288
324930.273|6403653.24,399
316704.874|6391757.91,56
318772.682|6399748.148,270
316163.866|6398376.858,224
322770.3|6399790.286,275
330551.503|6391777.947,64
316645.242|6393595.227,112
321069.195|6393391.049,117
318625.73|6402849.038,366
318525.414|6401563.404,316
322849.878|6397640.384,216
310903.305|6400609.314,283
319382.614|6399769.343,271
317239.514|6393535.069,113
316803.95|6399133.195,245
320166.125|6400032.287,272
318311.346|6392901.059,89
325839.531|6387587.624,3
315963.429|6396252.493,174
317230.593|6398784.426,245
316343.32|6392530.591,70
317475.611|6403621.377,390
314916.834|6392096.987,68
317008.813|6388458.645,6
317731.454|6398895.749,246
315394.365|6392534.808,69
315391.221|6392632.383,86
309868.759|6403369.644,383
318267.311|6398688.67,227
322207.151|6403753.685,396
319545.61|6399915.869,271
319982.39|6398526.941,229
317982.08|6399055.805,246
314594.139|6393747.064,110
316407.616|6405364.906,440
317943.009|6399340.1,246
319506.118|6399845.255,271
321185.481|6409355.258,549
318279.936|6399270.288,246
318532.012|6398651.879,227
320918.11|6396926.063,197
319058.483|6399853.762,271
324382.903|6406147.359,469
321887.023|6398037.356,231
323027.228|6400915.659,296
327242.196|6403976.188,428
316863.572|6395989.95,175
325152.944|6403317.631,399
318795.068|6401877.727,341
315240.984|6402861.14,362
318083.984|6398522.062,227
320988.169|6404515.443,421
320899.281|6398068.854,230
313738.786|6395675.022,171
329088.769|6403241.316,404
314879.387|6400316.715,286
321209.238|6400618.294,294
317995.977|6396713.447,194
324869.407|6405166.926,450
321408.376|6402723.436,370
319606.423|6392826.03,91
313127.289|6392849.504,83
316231.645|6400434.16,288
321865.263|6394129.763,118
316103.849|6394973.661,136
321475.277|6400383.575,294
323858.959|6411094.707,578
326075.927|6393458.966,123
320167.639|6398009.371,229
319786.993|6403743.387,393
317943.64|6401458.047,316
319653.005|6403550.608,393
318379.438|6400345.783,291
321255.513|6394708.49,142
321218.499|6409918.905,549
322130.358|6402404.32,345
318341.395|6399289.251,246
325712.813|6401744.109,349
317526.551|6395622.091,157
321664.989|6400701.426,294
311756.684|6395690.239,169
313609.412|6397421.25,205
321511.808|6399080.903,250
318345.336|6394051.831,114
326837.062|6401942.937,350
307283.507|6403152.32,355
319756.616|6396531.819,176
315807.084|6394271.044,111
320313.32|6404643.868,420
316552.18|6397802.313,208
321321.874|6401260.0,319
318046.341|6400136.1,270
317930.391|6404224.595,417
320258.001|6392733.202,73
323107.175|6400508.491,296
320468.691|6400306.282,293
331644.471|6399187.189,255
317919.36|6398788.727,246
322462.318|6406918.511,484
320815.527|6399254.612,249
317092.958|6389897.443,28
314935.212|6403491.838,388
321568.7|6398519.391,231
318277.502|6398910.364,246
318839.98|6407442.359,496
319893.448|6397431.143,212
316739.465|6397476.659,209
324503.982|6402659.684,373
308571.052|6397881.405,
319555.658|6404091.672,419
320546.514|6398262.062,230
323114.281|6403318.457,397
316818.09|6399427.767,245
312894.066|6398943.786,241
319515.384|6400895.075,292
324631.101|6409657.447,553
316921.731|6398043.065,225
320297.83|6398362.243,229
318890.181|6397324.29,211
318260.713|6399193.351,246
317169.091|6393593.108,113
323217.59|6410335.732,566
314857.893|6406019.329,458
327900.533|6403319.974,377
315305.656|6399741.52,266
315053.733|6402546.847,362
315321.599|6396402.584,173
320665.331|6398399.897,230
329130.088|6398251.407,233
320011.169|6404555.594,420
323929.603|6407163.956,500
322189.861|6399864.276,274
308009.137|6403311.838,356
321326.235|6402336.841,344
320868.752|6403569.912,394
319497.235|6398703.437,248
322897.149|6401801.016,346
317672.085|6400316.601,290
329094.818|6395818.512,184
318043.317|6402595.255,366
316403.454|6387280.077,
324596.104|6400756.34,298
326708.755|6403415.954,401
318171.986|6398450.7,227
325463.465|6393071.222,97
324915.457|6400714.06,298
321589.66|6397622.955,214
316814.803|6398237.51,225
325268.65|6400858.802,324
316780.351|6394945.014,156
319920.326|6404349.799,420
320270.074|6403510.361,394
323189.203|6404637.63,448
318667.798|6397892.682,211
322172.436|6405098.647,447
320455.662|6394962.893,141
314617.924|6401114.171,312
316518.462|6398446.677,225
316374.847|6398705.584,244
323028.261|6403579.383,397
321948.94|6399390.652,251
317688.457|6400107.247,269
318391.824|6398535.99,227
321987.318|6404161.35,422
319215.748|6399948.735,271
320493.464|6400422.181,293
319154.878|6399933.863,271
323726.34|6401793.156,347
322754.935|6393866.279,119
325760.03|6405401.523,451
320462.774|6398643.975,249
321221.911|6397180.623,197
321589.689|6400589.57,294
315953.353|6398513.533,224
315903.639|6396265.756,174
331723.89|6397504.039,221
320314.038|6392039.652,73
319682.973|6399147.559,248
317994.874|6399339.061,246
321606.256|6392864.707,93
323186.616|6407204.571,500
322719.384|6394811.79,144
317457.314|6391268.846,43
326142.101|6410576.582,569
321740.36|6402963.205,370
320742.413|6410111.387,563
321221.069|6397539.799,214
321422.838|6402428.976,344
313643.517|6396092.98,171
317690.485|6400263.05,290
310698.191|6407583.013,490
312589.764|6399060.9,241
320722.531|6404748.152,445
324027.637|6387818.488,
314507.574|6397100.76,190
319529.276|6398752.786,248
316355.262|6400901.555,288
321920.198|6402859.641,370
320055.019|6399799.997,272
322174.183|6402357.143,345
329568.008|6398804.75,253
316629.069|6396257.071,174
318500.288|6398778.254,247
317082.942|6396626.186,193
