Scenario,HexID,chargerAccessType,Annual_avg_daily_chargingTime_min_day,Annual_total_chargingTime_min_day,Annual_avg_daily_chargingCost_SEK_day,Annual_total_chargingCost_SEK_day,Annual_avg_daily_energy_kWh_day,Annual_total_energy_kWh_day
VIPV50_Wp700,0,home,7313.26894977169,2669343.166666667,1647.5969562564935,601372.8890336201,767.8939269947051,280281.28335306735
VIPV50_Wp700,0,public,0.0,0.0,0.0,0.0,0.0,0.0
VIPV50_Wp700,0,work,0.0,0.0,0.0,0.0,0.0,0.0
VIPV50_Wp700,1,home,11901.952511415524,4344212.666666666,2727.806727674806,995649.4556013043,1210.3774117631467,441787.7552935485
VIPV50_Wp700,1,public,0.0,0.0,0.0,0.0,0.0,0.0
VIPV50_Wp700,1,work,1076.7085616438355,392998.625,588.027397260274,214630.0,147.0068493150685,53657.5
VIPV50_Wp700,10,home,10077.058904109588,3678126.5,2339.234878265863,853820.7305670399,1016.682892775064,371089.25586289837
VIPV50_Wp700,10,public,0.0,0.0,0.0,0.0,0.0,0.0
VIPV50_Wp700,10,work,103.68424657534247,37844.75,47.06849315068493,17180.0,11.767123287671232,4295.0
VIPV50_Wp700,100,home,12153.210273972603,4435921.75,2888.4655409897714,1054289.9224612666,1240.7433557706447,452871.32485628536
VIPV50_Wp700,100,public,727.2044520547945,265429.625,836.5650684931506,305346.25,152.1027397260274,55517.5
VIPV50_Wp700,100,work,0.0,0.0,0.0,0.0,0.0,0.0
VIPV50_Wp700,101,home,9380.98310502283,3424058.833333333,2167.171660649707,791017.6561371431,975.4541613899879,356040.7689073456
VIPV50_Wp700,101,public,0.0,0.0,0.0,0.0,0.0,0.0
VIPV50_Wp700,101,work,26.292351598173518,9596.708333333334,4.986301369863014,1820.0,1.2465753424657535,455.0
VIPV50_Wp700,102,home,4572.29908675799,1668889.1666666665,1129.6358570747523,412317.08783228457,467.64644930277194,170690.95399551175
VIPV50_Wp700,102,public,0.0,0.0,0.0,0.0,0.0,0.0
VIPV50_Wp700,102,work,0.0,0.0,0.0,0.0,0.0,0.0
VIPV50_Wp700,103,home,389.75353881278545,142260.0416666667,110.91789123863003,40485.03030209996,38.14383561643836,13922.5
VIPV50_Wp700,103,public,234.83504566210047,85714.79166666667,251.2294520547945,91698.75,45.678082191780824,16672.5
VIPV50_Wp700,103,work,0.0,0.0,0.0,0.0,0.0,0.0
VIPV50_Wp700,104,home,812.0803652968037,296409.3333333334,221.03058914215154,80676.16503688532,84.95205479452055,31007.5
VIPV50_Wp700,104,public,0.0,0.0,0.0,0.0,0.0,0.0
VIPV50_Wp700,104,work,0.0,0.0,0.0,0.0,0.0,0.0
VIPV50_Wp700,105,home,2697.1961187214615,984476.5833333334,561.4951260540295,204945.72100972076,267.18437311219924,97522.29618595273
VIPV50_Wp700,105,public,431.18413242009126,157382.2083333333,426.513698630137,155677.5,77.54794520547945,28305.0
VIPV50_Wp700,105,work,0.0,0.0,0.0,0.0,0.0,0.0
VIPV50_Wp700,106,home,1344.1639269406394,490619.8333333334,339.6510616503475,123972.63750237685,137.2945205479452,50112.5
VIPV50_Wp700,106,public,119.5579908675799,43638.666666666664,105.17808219178082,38390.0,19.123287671232873,6979.999999999999
VIPV50_Wp700,106,work,0.0,0.0,0.0,0.0,0.0,0.0
VIPV50_Wp700,107,home,5016.143721461188,1830892.4583333335,1155.1806382507687,421640.9329615306,497.745110821382,181676.96544980444
VIPV50_Wp700,107,public,1431.2563926940638,522408.5833333333,1775.1061643835617,647913.75,322.74657534246575,117802.5
VIPV50_Wp700,107,work,754.6577625570777,275450.0833333334,364.8493150684931,133170.0,91.21232876712328,33292.5
VIPV50_Wp700,108,home,8245.53584474886,3009620.5833333335,1986.3089920661182,725002.7821041332,835.0618226100952,304797.56525268476
VIPV50_Wp700,108,public,1876.0515981735161,684758.8333333334,2350.1575342465753,857807.5,427.3013698630137,155965.0
VIPV50_Wp700,108,work,135.7840182648402,49561.16666666667,59.58904109589041,21750.0,14.897260273972602,5437.5
VIPV50_Wp700,109,home,5620.711872146119,2051559.8333333335,1277.230545594276,466189.1491419108,574.8527505750619,209821.25395989759
VIPV50_Wp700,109,public,1248.271803652968,455619.2083333333,1413.0102739726028,515748.75,256.9109589041096,93772.5
VIPV50_Wp700,109,work,0.0,0.0,0.0,0.0,0.0,0.0
VIPV50_Wp700,11,home,9124.717579908676,3330521.916666667,2120.9943471082497,774162.9366945111,954.8235870829109,348510.6092852625
VIPV50_Wp700,11,public,0.0,0.0,0.0,0.0,0.0,0.0
VIPV50_Wp700,11,work,360.53162100456626,131594.0416666667,144.68493150684932,52810.0,36.17123287671233,13202.5
VIPV50_Wp700,110,home,15799.89885844749,5766963.083333334,3897.1479197280078,1422458.990700723,1622.2826187167375,592133.1558316092
VIPV50_Wp700,110,public,4312.103082191781,1573917.625,5215.5445205479455,1903673.75,948.2808219178082,346122.5
VIPV50_Wp700,110,work,1063.530707762557,388188.7083333334,533.013698630137,194550.0,133.25342465753425,48637.5
VIPV50_Wp700,111,home,4110.692808219178,1500402.875,943.2754614616598,344295.5434335058,420.50211786700737,153483.2730214577
VIPV50_Wp700,111,public,4393.998630136986,1603809.5,4706.606164383562,1717911.25,855.7465753424658,312347.5
VIPV50_Wp700,111,work,1406.4793378995432,513364.9583333333,735.068493150685,268300.0,183.76712328767124,67075.0
VIPV50_Wp700,112,home,10228.499429223744,3733402.291666667,2471.4213743970977,902068.8016549407,1047.227195652147,382237.9264130336
VIPV50_Wp700,112,public,1732.1664383561645,632240.75,2186.7020547945203,798146.25,397.5821917808219,145117.5
VIPV50_Wp700,112,work,663.3740867579909,242131.54166666666,363.3150684931507,132610.0,90.82876712328768,33152.5
VIPV50_Wp700,113,home,0.0,0.0,0.0,0.0,0.0,0.0
VIPV50_Wp700,113,public,2092.5425799086756,763778.0416666666,2170.013698630137,792055.0,394.54794520547944,144010.0
VIPV50_Wp700,113,work,3994.1151826484015,1457852.0416666665,2099.5342465753424,766330.0,524.8835616438356,191582.5
VIPV50_Wp700,114,home,1830.7657534246575,668229.5,459.2601985688338,167629.97247762434,183.1095890410959,66835.0
VIPV50_Wp700,114,public,1199.3671232876711,437769.0,1135.109589041096,414315.0,206.3835616438356,75330.0
VIPV50_Wp700,114,work,3843.5348173515986,1402890.2083333335,2048.931506849315,747860.0,512.2328767123288,186965.0
VIPV50_Wp700,115,home,8411.409931506849,3070164.625,1945.7053636173332,710182.4577203266,849.871458348834,310203.08229732444
VIPV50_Wp700,115,public,2319.206392694064,846510.3333333334,2457.746575342466,897077.5,446.86301369863014,163105.0
VIPV50_Wp700,115,work,1253.2687214611874,457443.0833333334,666.9041095890411,243420.0,166.72602739726028,60855.0
VIPV50_Wp700,116,home,300.2109589041096,109577.0,78.89305411609271,28795.964752373842,29.89041095890411,10910.0
VIPV50_Wp700,116,public,83.2986301369863,30404.0,71.27397260273973,26015.0,12.95890410958904,4730.0
VIPV50_Wp700,116,work,672.2692922374429,245378.29166666666,301.3150684931507,109980.0,75.32876712328768,27495.0
VIPV50_Wp700,117,home,6094.253196347033,2224402.416666667,1349.2349991533504,492470.7746909729,601.4069682704468,219513.54341871306
VIPV50_Wp700,117,public,2255.869178082192,823392.25,2486.3390410958905,907513.75,452.06164383561645,165002.5
VIPV50_Wp700,117,work,605.2025114155251,220898.91666666666,348.73972602739724,127290.0,87.18493150684931,31822.5
VIPV50_Wp700,118,home,8496.851141552512,3101350.666666667,2044.4060194520644,746208.1971000035,863.0329164644791,315007.01450953487
VIPV50_Wp700,118,public,6875.021575342465,2509382.875,7726.2065713488055,2820065.398542314,1404.7648311543282,512739.1633713298
VIPV50_Wp700,118,work,960.8692922374428,350717.2916666666,460.958904109589,168250.0,115.23972602739725,42062.5
VIPV50_Wp700,119,home,8134.360616438356,2969041.625,1947.1536240716134,710711.0727861389,829.3250460413819,302703.6418051044
VIPV50_Wp700,119,public,1307.8486301369862,477364.75,1351.8321917808219,493418.75,245.7876712328767,89712.5
VIPV50_Wp700,119,work,1230.8296803652968,449252.8333333333,575.2602739726027,209969.99999999997,143.81506849315068,52492.49999999999
VIPV50_Wp700,12,home,4140.194520547945,1511171.0,814.5704313179791,297318.20743106236,427.02348003804235,155863.57021388545
VIPV50_Wp700,12,public,0.0,0.0,0.0,0.0,0.0,0.0
VIPV50_Wp700,12,work,1055.7551369863013,385350.625,620.2191780821918,226380.0,155.05479452054794,56595.0
VIPV50_Wp700,120,home,8425.797716894976,3075416.1666666665,1738.7499870455867,634643.7452716392,838.248137943129,305960.5703492421
VIPV50_Wp700,120,public,1030.4462328767124,376112.875,1211.695205479452,442268.75,220.3082191780822,80412.5
VIPV50_Wp700,120,work,519.316894977169,189550.6666666667,255.013698630137,93080.0,63.75342465753425,23270.0
VIPV50_Wp700,121,home,1796.8625570776258,655854.8333333334,431.7086857835513,157573.6703109962,178.6034970687507,65190.276430094
VIPV50_Wp700,121,public,0.0,0.0,0.0,0.0,0.0,0.0
VIPV50_Wp700,121,work,0.0,0.0,0.0,0.0,0.0,0.0
VIPV50_Wp700,122,home,1728.1891552511415,630789.0416666666,329.42218682088185,120239.09818962187,182.23287671232876,66515.0
VIPV50_Wp700,122,public,0.0,0.0,0.0,0.0,0.0,0.0
VIPV50_Wp700,122,work,0.0,0.0,0.0,0.0,0.0,0.0
VIPV50_Wp700,123,home,7583.045662100456,2767811.6666666665,1744.9769780291672,636916.596980646,775.9136646922237,283208.4876126617
VIPV50_Wp700,123,public,1592.589611872146,581295.2083333333,1961.164383561644,715825.0,356.5753424657534,130150.0
VIPV50_Wp700,123,work,290.5416666666667,106047.70833333334,165.31506849315068,60340.0,41.32876712328767,15085.0
VIPV50_Wp700,124,home,11453.555022831051,4180547.5833333335,2891.2671356874152,1055312.5045259066,1196.2154989047315,436618.65710022696
VIPV50_Wp700,124,public,1378.7688356164383,503250.625,1635.1575342465753,596832.5,297.3013698630137,108515.0
VIPV50_Wp700,124,work,0.0,0.0,0.0,0.0,0.0,0.0
VIPV50_Wp700,125,home,10489.76803652968,3828765.3333333335,2628.9852881662887,959579.6301806953,1058.9167346965285,386504.6081642329
VIPV50_Wp700,125,public,3594.138470319634,1311860.5416666665,4089.3253424657532,1492603.75,743.513698630137,271382.5
VIPV50_Wp700,125,work,347.4118721461187,126805.33333333333,183.3972602739726,66940.0,45.84931506849315,16735.0
VIPV50_Wp700,126,home,17330.498972602738,6325632.125,4245.6346455342555,1549656.645620003,1756.1568870397186,640997.2637694973
VIPV50_Wp700,126,public,3105.856506849315,1133637.625,3525.198630136986,1286697.5,640.945205479452,233945.0
VIPV50_Wp700,126,work,0.0,0.0,0.0,0.0,0.0,0.0
VIPV50_Wp700,127,home,15388.451940639268,5616784.958333333,3620.379318089573,1321438.4511026943,1546.622048158213,564517.0475777477
VIPV50_Wp700,127,public,2196.145776255708,801593.2083333334,2383.873287671233,870113.75,433.43150684931504,158202.5
VIPV50_Wp700,127,work,0.0,0.0,0.0,0.0,0.0,0.0
VIPV50_Wp700,128,home,4681.2119863013695,1708642.375,1227.0097818425218,447858.5703725205,462.71911905314823,168892.4784543991
VIPV50_Wp700,128,public,0.0,0.0,0.0,0.0,0.0,0.0
VIPV50_Wp700,128,work,252.14200913242007,92031.83333333333,130.63013698630138,47680.0,32.657534246575345,11920.0
VIPV50_Wp700,129,home,830.8704337899543,303267.7083333333,131.5745811596254,48024.72212326327,75.97222208666201,27729.861061631636
VIPV50_Wp700,129,public,475.1931506849315,173445.5,468.1563487881981,170877.0673076923,85.11933614330876,31068.557692307695
VIPV50_Wp700,129,work,0.0,0.0,0.0,0.0,0.0,0.0
VIPV50_Wp700,13,home,1451.159132420091,529673.0833333333,434.47180129260755,158582.20747180175,148.54109589041096,54217.5
VIPV50_Wp700,13,public,0.0,0.0,0.0,0.0,0.0,0.0
VIPV50_Wp700,13,work,686.9831050228311,250748.83333333334,371.5890410958904,135630.0,92.8972602739726,33907.5
VIPV50_Wp700,130,home,201.63698630136986,73597.5,61.96647164999183,22617.762152247018,22.19178082191781,8100.0
VIPV50_Wp700,130,public,0.0,0.0,0.0,0.0,0.0,0.0
VIPV50_Wp700,130,work,0.0,0.0,0.0,0.0,0.0,0.0
VIPV50_Wp700,131,home,0.0,0.0,0.0,0.0,0.0,0.0
VIPV50_Wp700,131,public,763.1131278538812,278536.2916666666,870.431506849315,317707.5,158.26027397260273,57765.0
VIPV50_Wp700,131,work,0.0,0.0,0.0,0.0,0.0,0.0
VIPV50_Wp700,132,home,5127.988356164384,1871715.75,1384.7900160629626,505448.35586298135,521.7264298986548,190430.146913009
VIPV50_Wp700,132,public,0.0,0.0,0.0,0.0,0.0,0.0
VIPV50_Wp700,132,work,333.13413242009136,121593.95833333334,152.986301369863,55840.0,38.24657534246575,13960.0
VIPV50_Wp700,133,home,10191.027739726027,3719725.125,2387.1209357533944,871299.141549989,1036.2047354983176,378214.7284568859
VIPV50_Wp700,133,public,1812.1897260273972,661449.25,2174.9707798151144,793864.3346325167,395.4492326936571,144338.96993318485
VIPV50_Wp700,133,work,173.58173515981733,63357.33333333333,83.17808219178082,30359.999999999996,20.794520547945204,7589.999999999999
VIPV50_Wp700,134,home,22828.017922374427,8332226.541666666,5319.327692002394,1941554.6075808736,2326.3571713123933,849120.3675290236
VIPV50_Wp700,134,public,2733.967808219178,997898.25,3018.821917808219,1101870.0,548.8767123287671,200340.0
VIPV50_Wp700,134,work,1340.1094748858447,489139.9583333334,779.3698630136986,284470.0,194.84246575342465,71117.5
VIPV50_Wp700,135,home,9668.156392694063,3528877.0833333335,2286.5734884649055,834599.3232896904,983.0571685955923,358815.8665373912
VIPV50_Wp700,135,public,1907.1251141552511,696100.6666666666,2318.0616438356165,846092.5,421.4657534246575,153835.0
VIPV50_Wp700,135,work,2570.709817351598,938309.0833333333,1267.4794520547946,462630.0,316.86986301369865,115657.5
VIPV50_Wp700,136,home,11378.379566210046,4153108.5416666665,2710.1903403421707,989219.4742248923,1156.0501348235728,421958.29921060405
VIPV50_Wp700,136,public,837.1803652968036,305570.8333333333,907.3869863013699,331196.25,164.9794520547945,60217.5
VIPV50_Wp700,136,work,1121.0858447488586,409196.3333333334,636.0,232140.0,159.0,58035.0
VIPV50_Wp700,137,home,7063.071917808219,2578021.25,1739.6936574083686,634988.1849540545,716.0346677630805,261352.65373352438
VIPV50_Wp700,137,public,704.9060502283105,257290.7083333333,911.6061643835617,332736.25,165.74657534246575,60497.5
VIPV50_Wp700,137,work,380.2957762557077,138807.9583333333,173.36986301369862,63280.0,43.342465753424655,15820.0
VIPV50_Wp700,138,home,0.0,0.0,0.0,0.0,0.0,0.0
VIPV50_Wp700,138,public,2805.309474885845,1023937.9583333334,3071.900684931507,1121243.75,558.527397260274,203862.5
VIPV50_Wp700,138,work,1121.3020547945205,409275.25,508.6575342465753,185660.0,127.16438356164383,46415.0
VIPV50_Wp700,139,home,8027.9196347031975,2930190.666666667,1744.7878707299265,636847.5728164231,791.166505392895,288775.7744684067
VIPV50_Wp700,139,public,0.0,0.0,0.0,0.0,0.0,0.0
VIPV50_Wp700,139,work,483.6746575342466,176541.25,174.73972602739727,63780.0,43.68493150684932,15945.0
VIPV50_Wp700,14,home,1182.1170091324202,431472.7083333334,213.9162622911077,78079.43573625431,118.89541709240434,43396.82723872759
VIPV50_Wp700,14,public,0.0,0.0,0.0,0.0,0.0,0.0
VIPV50_Wp700,14,work,0.0,0.0,0.0,0.0,0.0,0.0
VIPV50_Wp700,140,home,1277.180707762557,466170.9583333333,224.88784564852065,82084.06366171004,130.52739726027397,47642.5
VIPV50_Wp700,140,public,334.98093607305935,122268.04166666666,382.13698630136986,139480.0,69.47945205479452,25360.0
VIPV50_Wp700,140,work,0.0,0.0,0.0,0.0,0.0,0.0
VIPV50_Wp700,141,home,17433.078538812788,6363073.666666667,4239.761914641702,1547513.0988442213,1728.5136504183183,630907.4824026861
VIPV50_Wp700,141,public,1787.1214611872144,652299.3333333333,2304.123287671233,841005.0,418.93150684931504,152910.0
VIPV50_Wp700,141,work,1099.9546803652968,401483.4583333333,569.7534246575342,207960.0,142.43835616438355,51990.0
VIPV50_Wp700,142,home,9097.274315068493,3320505.125,1967.7812902338158,718240.1709353428,920.9695481131665,336153.8850613058
VIPV50_Wp700,142,public,4663.028767123287,1702005.5,5074.013698630137,1852015.0,922.5479452054794,336730.0
VIPV50_Wp700,142,work,4504.798287671233,1644251.375,2280.7397260273974,832470.0,570.1849315068494,208117.5
VIPV50_Wp700,143,home,6287.997488584474,2295119.083333333,1488.8884283110608,543444.2763335372,630.8296448387198,230252.8203661327
VIPV50_Wp700,143,public,1670.0199771689497,609557.2916666666,2027.0513698630136,739873.75,368.55479452054794,134522.5
VIPV50_Wp700,143,work,1895.225799086758,691757.4166666666,1019.068493150685,371960.0,254.76712328767124,92990.0
VIPV50_Wp700,144,home,9758.347831050229,3561796.9583333335,2474.329051489595,903130.1037937021,1000.5877525483684,365214.52968015446
VIPV50_Wp700,144,public,1630.8383561643836,595256.0,1770.9800397880606,646407.7145226421,321.99637087055646,117528.67536775311
VIPV50_Wp700,144,work,240.60639269406389,87821.33333333331,103.12328767123287,37640.0,25.78082191780822,9410.0
VIPV50_Wp700,145,home,0.0,0.0,0.0,0.0,0.0,0.0
VIPV50_Wp700,145,public,31.370319634703193,11450.166666666666,24.26027397260274,8855.0,4.410958904109589,1610.0
VIPV50_Wp700,145,work,0.0,0.0,0.0,0.0,0.0,0.0
VIPV50_Wp700,146,home,0.0,0.0,0.0,0.0,0.0,0.0
VIPV50_Wp700,146,public,174.6093607305936,63732.416666666664,199.05479452054794,72655.0,36.19178082191781,13210.0
VIPV50_Wp700,146,work,0.0,0.0,0.0,0.0,0.0,0.0
VIPV50_Wp700,147,home,3636.2474885844754,1327230.3333333335,834.118066836952,304453.0943954875,376.93604717005604,137581.65721707046
VIPV50_Wp700,147,public,0.0,0.0,0.0,0.0,0.0,0.0
VIPV50_Wp700,147,work,0.0,0.0,0.0,0.0,0.0,0.0
VIPV50_Wp700,148,home,7967.052968036529,2907974.333333333,2095.908429254835,765006.5766780148,814.7740564564712,297392.530606612
VIPV50_Wp700,148,public,2544.545319634703,928759.0416666666,3464.6609589041095,1264601.25,629.9383561643835,229927.5
VIPV50_Wp700,148,work,832.4539954337899,303845.7083333333,406.2739726027397,148290.0,101.56849315068493,37072.5
VIPV50_Wp700,149,home,9889.321118721462,3609602.2083333335,2274.7943053368435,830299.9214479479,1018.387151423903,371711.3102697246
VIPV50_Wp700,149,public,2539.0624429223744,926757.7916666666,3138.475799438694,1145543.6667951234,570.631963534308,208280.66669002242
VIPV50_Wp700,149,work,487.00479452054793,177756.75,272.958904109589,99630.0,68.23972602739725,24907.5
VIPV50_Wp700,15,home,529.4340182648401,193243.41666666666,133.93535169519416,48886.40336874587,49.93835616438356,18227.5
VIPV50_Wp700,15,public,0.0,0.0,0.0,0.0,0.0,0.0
VIPV50_Wp700,15,work,405.68390410958904,148074.625,218.986301369863,79930.0,54.74657534246575,19982.5
VIPV50_Wp700,150,home,8686.836187214612,3170695.2083333335,2037.4016491139241,743651.6019265823,892.5524547514418,325781.64598427626
VIPV50_Wp700,150,public,264.7955479452055,96650.375,346.19863013698637,126362.50000000001,62.945205479452056,22975.0
VIPV50_Wp700,150,work,570.8248858447488,208351.0833333333,292.54794520547944,106780.0,73.13698630136986,26695.0
VIPV50_Wp700,151,home,0.0,0.0,0.0,0.0,0.0,0.0
VIPV50_Wp700,151,public,679.1116438356164,247875.75,894.5787671232877,326521.25,162.65068493150685,59367.5
VIPV50_Wp700,151,work,0.0,0.0,0.0,0.0,0.0,0.0
VIPV50_Wp700,152,home,14181.706506849316,5176322.875,3317.2427567130057,1210793.606200247,1445.1798627145397,527490.649890807
VIPV50_Wp700,152,public,2790.7771689497717,1018633.6666666667,3133.3967405234525,1143689.8102910602,569.7084982769915,207943.60187110188
VIPV50_Wp700,152,work,0.0,0.0,0.0,0.0,0.0,0.0
VIPV50_Wp700,153,home,11710.136415525116,4274199.791666667,2934.844138127443,1071218.1104165167,1165.676237735155,425471.82677333156
VIPV50_Wp700,153,public,1441.8119863013699,526261.375,1879.1164383561643,685877.5,341.6575342465753,124705.0
VIPV50_Wp700,153,work,592.2599315068494,216174.87500000003,318.986301369863,116430.0,79.74657534246575,29107.5
VIPV50_Wp700,154,home,2406.2754566210047,878290.5416666667,546.49450544074,199470.4944858701,256.9899334189486,93801.32569791625
VIPV50_Wp700,154,public,714.6216894977168,260836.91666666666,728.486301369863,265897.5,132.45205479452054,48345.0
VIPV50_Wp700,154,work,2126.5843607305933,776203.2916666666,1125.835616438356,410930.0,281.458904109589,102732.5
VIPV50_Wp700,155,home,4595.200570776256,1677248.2083333335,1021.9854601505758,373024.69295496016,469.71062933006675,171444.37970547436
VIPV50_Wp700,155,public,0.0,0.0,0.0,0.0,0.0,0.0
VIPV50_Wp700,155,work,111.08264840182648,40545.166666666664,75.61643835616438,27600.0,18.904109589041095,6900.0
VIPV50_Wp700,156,home,11115.175570776257,4057039.0833333335,2698.319620485806,984886.6614773191,1134.1472944488255,413963.76247382135
VIPV50_Wp700,156,public,10799.814269406392,3941932.208333333,12354.357366101114,4509340.438626907,2246.246793836566,819880.0797503467
VIPV50_Wp700,156,work,241.5381278538813,88161.41666666667,117.0958904109589,42740.0,29.273972602739725,10685.0
VIPV50_Wp700,157,home,1635.421118721461,596928.7083333333,349.649762600144,127622.16334905257,160.92465753424656,58737.5
VIPV50_Wp700,157,public,0.0,0.0,0.0,0.0,0.0,0.0
VIPV50_Wp700,157,work,2998.2494292237443,1094361.0416666667,1420.7123287671234,518560.0,355.17808219178085,129640.0
VIPV50_Wp700,158,home,4604.258904109589,1680554.5,1255.3880751808404,458216.64744100673,474.4081363399807,173158.96976409294
VIPV50_Wp700,158,public,0.0,0.0,0.0,0.0,0.0,0.0
VIPV50_Wp700,158,work,415.94817351598175,151821.08333333334,206.9041095890411,75520.0,51.726027397260275,18880.0
VIPV50_Wp700,159,home,13878.26929223744,5065568.291666666,3259.7707029253884,1189816.3065677667,1405.4712648084499,512997.0116550842
VIPV50_Wp700,159,public,5742.568036529681,2096037.3333333335,6833.9006849315065,2494373.75,1242.527397260274,453522.5
VIPV50_Wp700,159,work,159.9552511415525,58383.666666666664,77.20547945205479,28180.0,19.301369863013697,7045.0
VIPV50_Wp700,16,home,799.883904109589,291957.625,128.1538517903637,46776.155903482744,71.63343274449691,26146.202951741372
VIPV50_Wp700,16,public,0.0,0.0,0.0,0.0,0.0,0.0
VIPV50_Wp700,16,work,177.7146118721461,64865.83333333333,88.0,32120.0,22.0,8030.0
VIPV50_Wp700,160,home,13586.301712328766,4959000.125,2890.6398528491663,1055083.5462899457,1384.1367885096317,505209.9278060156
VIPV50_Wp700,160,public,7098.220776255708,2590850.5833333335,7784.439300701055,2841320.344755885,1415.3526001274645,516603.69904652453
VIPV50_Wp700,160,work,2411.849315068493,880325.0,1216.054794520548,443860.0,304.013698630137,110965.0
VIPV50_Wp700,161,home,6598.549315068493,2408470.5,1638.747521564268,598142.8453709579,672.1418611082594,245331.77930451467
VIPV50_Wp700,161,public,4378.754223744292,1598245.2916666667,4822.746575342466,1760302.5,876.8630136986301,320055.0
VIPV50_Wp700,161,work,1323.4197488584475,483048.2083333334,742.6301369863014,271060.0,185.65753424657535,67765.0
VIPV50_Wp700,162,home,7429.931392694064,2711924.9583333335,1765.90731405947,644556.1696317066,766.724063042815,279854.2830106275
VIPV50_Wp700,162,public,1755.4754566210045,640748.5416666666,1908.7135327361977,696680.4394487122,347.0388241338541,126669.17080885675
VIPV50_Wp700,162,work,169.42808219178082,61841.25,83.83561643835617,30600.0,20.958904109589042,7650.0
VIPV50_Wp700,163,home,44.89349315068493,16386.125,15.691780821917808,5727.5,5.013698630136986,1830.0
VIPV50_Wp700,163,public,0.0,0.0,0.0,0.0,0.0,0.0
VIPV50_Wp700,163,work,0.0,0.0,0.0,0.0,0.0,0.0
VIPV50_Wp700,164,home,7624.557305936074,2782963.416666667,1950.3322529915608,711871.2723419197,795.3711871046733,290310.48329320573
VIPV50_Wp700,164,public,2616.984360730594,955199.2916666667,2784.9573387099263,1016509.428629123,506.3558797654411,184819.896114386
VIPV50_Wp700,164,work,469.9844748858447,171544.3333333333,277.3150684931507,101220.0,69.32876712328768,25305.0
VIPV50_Wp700,165,home,12495.104452054795,4560713.125,3214.8222210683293,1173410.1106899402,1290.2844800128044,470953.8352046736
VIPV50_Wp700,165,public,598.8191780821918,218569.0,629.6369863013699,229817.5,114.47945205479452,41785.0
VIPV50_Wp700,165,work,1248.616210045662,455744.9166666666,570.3561643835617,208180.0,142.58904109589042,52045.0
VIPV50_Wp700,166,home,693.1531963470319,253000.91666666666,147.8819177499138,53976.899978718546,74.32590631948601,27128.955806612394
VIPV50_Wp700,166,public,306.3703196347032,111825.16666666667,298.958904109589,109120.0,54.35616438356164,19840.0
VIPV50_Wp700,166,work,447.73059360730593,163421.66666666666,258.3835616438356,94310.0,64.5958904109589,23577.5
VIPV50_Wp700,167,home,0.0,0.0,0.0,0.0,0.0,0.0
VIPV50_Wp700,167,public,0.0,0.0,0.0,0.0,0.0,0.0
VIPV50_Wp700,167,work,0.0,0.0,0.0,0.0,0.0,0.0
VIPV50_Wp700,168,home,1105.2113013698631,403402.125,319.0304147717087,116446.10139167367,115.58904109589041,42190.0
VIPV50_Wp700,168,public,0.0,0.0,0.0,0.0,0.0,0.0
VIPV50_Wp700,168,work,0.0,0.0,0.0,0.0,0.0,0.0
VIPV50_Wp700,169,home,2541.328538812785,927584.9166666666,521.1892617031632,190234.08052165457,262.8206082268763,95929.52200280986
VIPV50_Wp700,169,public,109.88356164383562,40107.5,109.24657534246575,39875.0,19.863013698630137,7250.0
VIPV50_Wp700,169,work,153.19840182648403,55917.41666666667,69.09589041095889,25219.999999999996,17.273972602739722,6304.999999999999
VIPV50_Wp700,17,home,5640.746004566209,2058872.2916666665,1401.756596237698,511641.1576267598,570.4246575342465,208205.0
VIPV50_Wp700,17,public,0.0,0.0,0.0,0.0,0.0,0.0
VIPV50_Wp700,17,work,0.0,0.0,0.0,0.0,0.0,0.0
VIPV50_Wp700,170,home,6288.076484018265,2295147.9166666665,1531.8706664816846,559132.7932658149,620.3364476474884,226422.80339133326
VIPV50_Wp700,170,public,640.9992009132419,233964.7083333333,613.25,223836.25,111.5,40697.5
VIPV50_Wp700,170,work,49.50776255707763,18070.333333333336,27.726027397260275,10120.0,6.931506849315069,2530.0
VIPV50_Wp700,171,home,9487.672488584476,3463000.4583333335,2450.9575328930173,894599.4995059513,974.1095890410959,355550.0
VIPV50_Wp700,171,public,1750.0421232876713,638765.375,1934.3801369863013,706048.75,351.7054794520548,128372.5
VIPV50_Wp700,171,work,1799.0326484018267,656646.9166666667,964.6301369863014,352090.0,241.15753424657535,88022.5
VIPV50_Wp700,172,home,3385.009360730593,1235528.4166666665,849.8014778559167,310177.53941740957,345.78767123287673,126212.5
VIPV50_Wp700,172,public,2050.2166666666662,748329.0833333333,2560.890410958904,934725.0,465.6164383561644,169950.0
VIPV50_Wp700,172,work,0.0,0.0,0.0,0.0,0.0,0.0
VIPV50_Wp700,173,home,12481.115639269408,4555607.208333334,3023.4855398704804,1103572.2220527253,1289.1758622813784,470549.1897327031
VIPV50_Wp700,173,public,334.79337899543384,122199.58333333334,456.7260273972603,166705.0,83.04109589041096,30310.0
VIPV50_Wp700,173,work,0.0,0.0,0.0,0.0,0.0,0.0
VIPV50_Wp700,174,home,13499.9299086758,4927474.416666667,3200.9449178820687,1168344.895026955,1366.4994265337803,498772.29068482976
VIPV50_Wp700,174,public,1985.9293378995435,724864.2083333334,2417.02397260274,882213.75,439.458904109589,160402.5
VIPV50_Wp700,174,work,600.7818493150685,219285.375,292.6575342465753,106820.0,73.16438356164383,26705.0
VIPV50_Wp700,175,home,9231.914497716896,3369648.791666667,2220.0485268967177,810317.712317302,924.2880789073565,337365.14880118513
VIPV50_Wp700,175,public,4469.121347031963,1631229.2916666665,5213.88698630137,1903068.75,947.9794520547945,346012.5
VIPV50_Wp700,175,work,144.71940639269408,52822.583333333336,67.42465753424658,24610.0,16.856164383561644,6152.5
VIPV50_Wp700,176,home,3681.4311643835617,1343722.375,895.6220361529942,326902.0431958429,375.138658349608,136925.61029760694
VIPV50_Wp700,176,public,591.0456621004566,215731.66666666666,615.8493150684932,224785.0,111.97260273972603,40870.0
VIPV50_Wp700,176,work,0.0,0.0,0.0,0.0,0.0,0.0
VIPV50_Wp700,177,home,5208.778310502283,1901204.0833333333,1235.280371626018,450877.3356434966,530.7206539901196,193713.03870639362
VIPV50_Wp700,177,public,983.094406392694,358829.4583333333,1122.9794520547946,409887.5,204.17808219178082,74525.0
VIPV50_Wp700,177,work,153.1337899543379,55893.833333333336,75.61643835616438,27600.0,18.904109589041095,6900.0
VIPV50_Wp700,178,home,3394.335273972603,1238932.375,765.22528094507,279307.22754495055,348.6164383561644,127245.0
VIPV50_Wp700,178,public,3668.0639269406397,1338843.3333333335,3785.921232876712,1381861.25,688.3493150684932,251247.5
VIPV50_Wp700,178,work,1619.6908675799089,591187.1666666667,851.2876712328767,310720.0,212.82191780821918,77680.0
VIPV50_Wp700,179,home,0.0,0.0,0.0,0.0,0.0,0.0
VIPV50_Wp700,179,public,1205.8489726027397,440134.87499999994,1192.8972602739725,435407.5,216.8904109589041,79165.0
VIPV50_Wp700,179,work,1744.1835616438357,636627.0,855.6164383561644,312300.0,213.9041095890411,78075.0
VIPV50_Wp700,18,home,5835.0985159817355,2129810.9583333335,1428.745217477732,521492.00437937217,621.9744035858326,227020.6573088289
VIPV50_Wp700,18,public,0.0,0.0,0.0,0.0,0.0,0.0
VIPV50_Wp700,18,work,88.12488584474886,32165.583333333336,37.45205479452054,13669.999999999998,9.363013698630136,3417.4999999999995
VIPV50_Wp700,180,home,661.9843607305936,241624.29166666666,188.0120734542878,68624.40681081504,68.25342465753425,24912.5
VIPV50_Wp700,180,public,0.0,0.0,0.0,0.0,0.0,0.0
VIPV50_Wp700,180,work,0.0,0.0,0.0,0.0,0.0,0.0
VIPV50_Wp700,181,home,0.0,0.0,0.0,0.0,0.0,0.0
VIPV50_Wp700,181,public,113.17762557077624,41309.83333333333,154.79109589041096,56498.75,28.143835616438356,10272.5
VIPV50_Wp700,181,work,0.0,0.0,0.0,0.0,0.0,0.0
VIPV50_Wp700,182,home,0.0,0.0,0.0,0.0,0.0,0.0
VIPV50_Wp700,182,public,346.39611872146116,126434.58333333333,345.18150684931504,125991.25,62.76027397260274,22907.5
VIPV50_Wp700,182,work,567.8932648401826,207281.04166666666,377.06849315068496,137630.0,94.26712328767124,34407.5
VIPV50_Wp700,183,home,0.0,0.0,0.0,0.0,0.0,0.0
VIPV50_Wp700,183,public,309.4211187214612,112938.70833333333,215.1404109589041,78526.25,39.11643835616438,14277.5
VIPV50_Wp700,183,work,1159.1530821917809,423090.875,562.2465753424658,205220.0,140.56164383561645,51305.0
VIPV50_Wp700,184,home,0.0,0.0,0.0,0.0,0.0,0.0
VIPV50_Wp700,184,public,436.6237442922374,159367.66666666666,378.4075342465753,138118.75,68.8013698630137,25112.5
VIPV50_Wp700,184,work,448.19931506849315,163592.75,252.0,91980.0,63.0,22995.0
VIPV50_Wp700,185,home,893.6182648401825,326170.6666666666,210.64195245069544,76884.31264450384,90.04109589041096,32865.0
VIPV50_Wp700,185,public,0.0,0.0,0.0,0.0,0.0,0.0
VIPV50_Wp700,185,work,0.0,0.0,0.0,0.0,0.0,0.0
VIPV50_Wp700,186,home,579.0205479452055,211342.5,103.70862584511045,37853.648433465314,62.129997854062076,22677.449216732657
VIPV50_Wp700,186,public,0.0,0.0,0.0,0.0,0.0,0.0
VIPV50_Wp700,186,work,0.0,0.0,0.0,0.0,0.0,0.0
VIPV50_Wp700,187,home,2424.797260273973,885051.0,513.4569832679833,187411.7988928139,232.43279307591905,84837.96947271045
VIPV50_Wp700,187,public,1238.9421232876712,452213.875,1535.554794520548,560477.5,279.1917808219178,101905.0
VIPV50_Wp700,187,work,928.0159817351598,338725.8333333333,492.6027397260274,179800.0,123.15068493150685,44950.0
VIPV50_Wp700,188,home,7532.573287671233,2749389.25,1650.1024897011428,602287.4087409171,756.0396904279272,275954.48700619343
VIPV50_Wp700,188,public,955.5244292237442,348766.4166666666,1277.0171232876712,466111.25,232.18493150684932,84747.5
VIPV50_Wp700,188,work,623.4891552511415,227573.54166666666,299.972602739726,109490.0,74.9931506849315,27372.5
VIPV50_Wp700,189,home,13706.904794520548,5003020.25,3302.6558102169593,1205469.37072919,1394.2596489825914,508904.7718786459
VIPV50_Wp700,189,public,2147.848287671233,783964.625,2280.8424657534247,832507.5,414.6986301369863,151365.0
VIPV50_Wp700,189,work,276.02203196347034,100748.04166666667,120.32876712328768,43920.0,30.08219178082192,10980.0
VIPV50_Wp700,19,home,2535.5207762557075,925465.0833333333,536.248364966329,195730.65321271005,254.45890410958904,92877.5
VIPV50_Wp700,19,public,0.0,0.0,0.0,0.0,0.0,0.0
VIPV50_Wp700,19,work,315.50753424657535,115160.25,128.84931506849315,47030.0,32.21232876712329,11757.5
VIPV50_Wp700,190,home,17528.591438356165,6397935.875,4357.258528703212,1590399.3629766721,1782.6754270501096,650676.53087329
VIPV50_Wp700,190,public,1921.1117579908678,701205.7916666667,2323.1849315068494,847962.5,422.3972602739726,154175.0
VIPV50_Wp700,190,work,31.338812785388125,11438.666666666666,7.561643835616439,2760.0000000000005,1.8904109589041098,690.0000000000001
VIPV50_Wp700,191,home,13862.354566210044,5059759.416666666,3117.548572040122,1137905.2287946446,1390.378077373293,507487.998241252
VIPV50_Wp700,191,public,3982.2875570776255,1453534.9583333333,4571.102739726028,1668452.5,831.1095890410959,303355.0
VIPV50_Wp700,191,work,283.7611872146119,103572.83333333333,142.0,51830.0,35.5,12957.5
VIPV50_Wp700,192,home,5969.760502283106,2178962.5833333335,1497.6829652251072,546654.2823071642,623.0135723280123,227399.95389972447
VIPV50_Wp700,192,public,3511.693264840182,1281768.0416666665,3773.9794520547944,1377502.5,686.1780821917808,250455.0
VIPV50_Wp700,192,work,0.0,0.0,0.0,0.0,0.0,0.0
VIPV50_Wp700,193,home,2587.3963470319636,944399.6666666667,624.4774516331944,227934.26984611596,264.76027397260276,96637.5
VIPV50_Wp700,193,public,2266.012328767123,827094.5,2418.455479452055,882736.25,439.7191780821918,160497.5
VIPV50_Wp700,193,work,1323.5106164383562,483081.375,631.0410958904109,230330.0,157.76027397260273,57582.5
VIPV50_Wp700,194,home,1569.956392694064,573034.0833333334,343.81792263366185,125493.54176128659,156.22602739726028,57022.5
VIPV50_Wp700,194,public,0.0,0.0,0.0,0.0,0.0,0.0
VIPV50_Wp700,194,work,285.24372146118725,104113.95833333334,134.5205479452055,49100.0,33.63013698630137,12275.0
VIPV50_Wp700,195,home,4279.123515981735,1561880.0833333335,1119.510191083459,408621.2197454625,437.1608374623531,159563.70567375887
VIPV50_Wp700,195,public,925.5889269406393,337839.9583333334,982.4834833968565,358606.4714398526,178.63336061761026,65201.176625427746
VIPV50_Wp700,195,work,271.80696347031966,99209.54166666667,151.3972602739726,55260.0,37.84931506849315,13815.0
VIPV50_Wp700,196,home,11452.165753424657,4180040.5,2658.018233431939,970176.6552026577,1158.9257139272552,423007.8855834481
VIPV50_Wp700,196,public,2817.2099315068494,1028281.625,3629.1335616438355,1324633.75,659.8424657534247,240842.5
VIPV50_Wp700,196,work,58.92146118721462,21506.333333333336,14.958904109589044,5460.000000000001,3.739726027397261,1365.0000000000002
VIPV50_Wp700,197,home,14134.824657534247,5159211.0,3181.721874689527,1161328.4842616774,1434.6679016703679,523653.7841096843
VIPV50_Wp700,197,public,2805.489611872146,1024003.7083333333,3103.3939981779204,1132738.809334941,564.2534542141674,205952.5107881711
VIPV50_Wp700,197,work,2114.892579908676,771935.7916666667,1126.6575342465753,411230.0,281.66438356164383,102807.5
VIPV50_Wp700,198,home,3357.3028538812787,1225415.5416666667,840.6900396983781,306851.864489908,335.40507221994284,122422.85136027914
VIPV50_Wp700,198,public,646.229908675799,235873.91666666666,766.3458904109589,279716.25,139.33561643835617,50857.5
VIPV50_Wp700,198,work,2326.836301369863,849295.25,1224.3561643835617,446890.0,306.0890410958904,111722.5
VIPV50_Wp700,199,home,0.0,0.0,0.0,0.0,0.0,0.0
VIPV50_Wp700,199,public,78.43333333333332,28628.166666666664,48.18150684931507,17586.25,8.76027397260274,3197.5
VIPV50_Wp700,199,work,279.42294520547944,101989.375,142.41095890410958,51980.0,35.602739726027394,12995.0
VIPV50_Wp700,2,home,2289.566894977169,835691.9166666666,484.3210209576995,176777.17264956032,228.18551238823923,83287.71202170732
VIPV50_Wp700,2,public,0.0,0.0,0.0,0.0,0.0,0.0
VIPV50_Wp700,2,work,278.01461187214613,101475.33333333333,149.64383561643837,54620.0,37.41095890410959,13655.0
VIPV50_Wp700,20,home,8307.793036529682,3032344.4583333335,1971.563339151838,719620.6187904208,851.4657534246576,310785.0
VIPV50_Wp700,20,public,0.0,0.0,0.0,0.0,0.0,0.0
VIPV50_Wp700,20,work,740.4324200913243,270257.8333333334,376.82191780821915,137540.0,94.20547945205479,34385.0
VIPV50_Wp700,200,home,0.0,0.0,0.0,0.0,0.0,0.0
VIPV50_Wp700,200,public,531.6320776255708,194045.70833333334,665.3116438356165,242838.75,120.96575342465754,44152.5
VIPV50_Wp700,200,work,2063.454794520548,753161.0,1151.4520547945206,420280.0,287.86301369863014,105070.0
VIPV50_Wp700,201,home,1885.7245433789951,688289.4583333333,389.3829365263129,142124.77183210422,192.86438414726584,70395.50021375204
VIPV50_Wp700,201,public,64.78013698630137,23644.75,37.52054794520548,13695.0,6.821917808219178,2490.0
VIPV50_Wp700,201,work,710.5125570776256,259337.08333333334,346.90410958904107,126620.0,86.72602739726027,31655.0
VIPV50_Wp700,202,home,0.0,0.0,0.0,0.0,0.0,0.0
VIPV50_Wp700,202,public,0.0,0.0,0.0,0.0,0.0,0.0
VIPV50_Wp700,202,work,98.54292237442921,35968.166666666664,63.01369863013698,22999.999999999996,15.753424657534245,5749.999999999999
VIPV50_Wp700,203,home,0.0,0.0,0.0,0.0,0.0,0.0
VIPV50_Wp700,203,public,0.0,0.0,0.0,0.0,0.0,0.0
VIPV50_Wp700,203,work,0.0,0.0,0.0,0.0,0.0,0.0
VIPV50_Wp700,204,home,276.26906392694065,100838.20833333333,61.36758727353071,22399.16935483871,30.205479452054796,11025.0
VIPV50_Wp700,204,public,431.3600456621005,157446.4166666667,553.8801369863014,202166.25,100.70547945205479,36757.5
VIPV50_Wp700,204,work,0.0,0.0,0.0,0.0,0.0,0.0
VIPV50_Wp700,205,home,3481.557191780822,1270768.375,862.4985789447227,314811.9813148238,349.13013698630135,127432.5
VIPV50_Wp700,205,public,2025.9081050228313,739456.4583333334,2230.2876712328766,814055.0,405.5068493150685,148010.0
VIPV50_Wp700,205,work,221.15707762557076,80722.33333333333,94.1917808219178,34380.0,23.54794520547945,8595.0
VIPV50_Wp700,206,home,6812.265753424657,2486477.0,1678.5332193693903,612664.6250698274,720.9761509025287,263156.295079423
VIPV50_Wp700,206,public,1210.3833333333334,441789.9166666667,1578.5,576152.5,287.0,104755.0
VIPV50_Wp700,206,work,917.7591324200914,334982.0833333334,472.6027397260274,172500.0,118.15068493150685,43125.0
VIPV50_Wp700,207,home,4895.476484018264,1786848.9166666665,1117.8615762435875,408019.4753289094,485.88163271135966,177346.79593964628
VIPV50_Wp700,207,public,587.5583333333333,214458.79166666666,664.068493150685,242385.0,120.73972602739725,44070.0
VIPV50_Wp700,207,work,95.23972602739725,34762.5,54.24657534246575,19800.0,13.561643835616438,4950.0
VIPV50_Wp700,208,home,4584.061643835616,1673182.5,1032.0687099940099,376705.0791478136,469.7912112662044,171473.7921121646
VIPV50_Wp700,208,public,0.0,0.0,0.0,0.0,0.0,0.0
VIPV50_Wp700,208,work,204.27876712328768,74561.75,93.04109589041096,33960.0,23.26027397260274,8490.0
VIPV50_Wp700,209,home,9502.667579908675,3468473.6666666665,2088.6580659188808,762360.1940603915,954.4915244143835,348389.40641125
VIPV50_Wp700,209,public,3173.6513698630138,1158382.75,3351.0068493150684,1223117.5,609.2739726027397,222385.0
VIPV50_Wp700,209,work,102.17271689497719,37293.04166666667,50.35616438356164,18380.0,12.58904109589041,4595.0
VIPV50_Wp700,21,home,448.3696347031963,163654.91666666666,113.97709045932287,41601.63801765285,46.342465753424655,16915.0
VIPV50_Wp700,21,public,0.0,0.0,0.0,0.0,0.0,0.0
VIPV50_Wp700,21,work,428.672602739726,156465.5,232.16438356164383,84740.0,58.04109589041096,21185.0
VIPV50_Wp700,210,home,552.6441780821917,201715.125,90.41438356164383,33001.25,54.92465753424658,20047.5
VIPV50_Wp700,210,public,1431.559589041096,522519.25,1851.9554794520548,675963.75,336.7191780821918,122902.5
VIPV50_Wp700,210,work,118.37534246575342,43207.0,49.75342465753425,18160.0,12.438356164383562,4540.0
VIPV50_Wp700,211,home,2362.8487442922374,862439.7916666666,624.1804027361775,227825.84699870477,239.06351949163715,87258.18461444756
VIPV50_Wp700,211,public,5144.934132420091,1877900.9583333335,5138.506849315068,1875555.0,934.2739726027397,341010.0
VIPV50_Wp700,211,work,5913.112557077625,2158286.083333333,3086.4931506849316,1126570.0,771.6232876712329,281642.5
VIPV50_Wp700,212,home,9712.378196347032,3545018.041666667,2239.8861343639187,817558.4390428304,979.2470563958273,357425.17558447697
VIPV50_Wp700,212,public,3809.3818493150684,1390424.375,4009.198946701969,1463357.6155462186,728.9452630367216,266065.0210084034
VIPV50_Wp700,212,work,828.783904109589,302506.125,419.5890410958904,153150.0,104.8972602739726,38287.5
VIPV50_Wp700,213,home,8755.96792237443,3195928.2916666665,2147.755683760595,783930.8245726172,875.9553228236273,319723.69283062394
VIPV50_Wp700,213,public,7133.308904109589,2603657.75,8069.043951047452,2945201.04213232,1467.0989001904459,535491.0985695127
VIPV50_Wp700,213,work,673.1885844748858,245713.8333333333,388.986301369863,141980.0,97.24657534246575,35495.0
VIPV50_Wp700,214,home,8497.977853881279,3101761.916666667,1874.8506224896241,684320.4772087128,880.3764762053294,321337.4138149452
VIPV50_Wp700,214,public,2002.9078767123287,731061.375,2496.246575342466,911130.0,453.86301369863014,165660.0
VIPV50_Wp700,214,work,3283.881278538813,1198616.6666666667,1730.5205479452054,631640.0,432.63013698630135,157910.0
VIPV50_Wp700,215,home,3013.38801369863,1099886.625,663.6238394856933,242222.70141227805,303.2064283802526,110670.34635879219
VIPV50_Wp700,215,public,4386.005707762558,1600892.0833333335,5019.051369863014,1831953.75,912.554794520548,333082.5
VIPV50_Wp700,215,work,279.61575342465756,102059.75,133.23287671232876,48630.0,33.30821917808219,12157.5
VIPV50_Wp700,216,home,0.0,0.0,0.0,0.0,0.0,0.0
VIPV50_Wp700,216,public,19.975342465753425,7291.0,41.58904109589041,15180.0,7.561643835616438,2760.0
VIPV50_Wp700,216,work,207.1937214611872,75625.70833333333,130.35616438356163,47580.0,32.58904109589041,11895.0
VIPV50_Wp700,217,home,576.6535388127853,210478.54166666666,97.75,35678.75,59.92465753424658,21872.5
VIPV50_Wp700,217,public,0.0,0.0,0.0,0.0,0.0,0.0
VIPV50_Wp700,217,work,0.0,0.0,0.0,0.0,0.0,0.0
VIPV50_Wp700,218,home,5127.602968036529,1871575.0833333333,1236.4808634739463,451315.5151679904,510.2911048320755,186256.25326370756
VIPV50_Wp700,218,public,655.4502283105023,239239.33333333334,642.0308219178082,234341.25,116.73287671232876,42607.5
VIPV50_Wp700,218,work,0.0,0.0,0.0,0.0,0.0,0.0
VIPV50_Wp700,219,home,4800.78595890411,1752286.875,1121.8471051921097,409474.19339512003,500.47620303575604,182673.81410805095
VIPV50_Wp700,219,public,0.0,0.0,0.0,0.0,0.0,0.0
VIPV50_Wp700,219,work,0.0,0.0,0.0,0.0,0.0,0.0
VIPV50_Wp700,22,home,2734.494748858447,998090.5833333333,676.9206551526188,247076.03913070587,288.9008002293492,105448.79208371247
VIPV50_Wp700,22,public,0.0,0.0,0.0,0.0,0.0,0.0
VIPV50_Wp700,22,work,0.0,0.0,0.0,0.0,0.0,0.0
VIPV50_Wp700,220,home,0.0,0.0,0.0,0.0,0.0,0.0
VIPV50_Wp700,220,public,0.0,0.0,0.0,0.0,0.0,0.0
VIPV50_Wp700,220,work,23.46210045662101,8563.666666666668,2.5205479452054793,920.0,0.6301369863013698,230.0
VIPV50_Wp700,221,home,130.5,47632.5,39.63880135368608,14468.162494095417,14.178082191780822,5175.0
VIPV50_Wp700,221,public,0.0,0.0,0.0,0.0,0.0,0.0
VIPV50_Wp700,221,work,0.0,0.0,0.0,0.0,0.0,0.0
VIPV50_Wp700,222,home,0.0,0.0,0.0,0.0,0.0,0.0
VIPV50_Wp700,222,public,66.0986301369863,24126.0,40.83561643835616,14905.0,7.424657534246576,2710.0
VIPV50_Wp700,222,work,0.0,0.0,0.0,0.0,0.0,0.0
VIPV50_Wp700,223,home,0.0,0.0,0.0,0.0,0.0,0.0
VIPV50_Wp700,223,public,0.0,0.0,0.0,0.0,0.0,0.0
VIPV50_Wp700,223,work,647.0163242009132,236160.95833333334,390.43835616438355,142510.0,97.60958904109589,35627.5
VIPV50_Wp700,224,home,5784.402625570777,2111306.9583333335,1305.7870811950238,476612.2846361837,583.5393005408058,212991.84469739412
VIPV50_Wp700,224,public,1302.3575342465754,475360.5,1405.8527397260275,513136.25,255.6095890410959,93297.5
VIPV50_Wp700,224,work,1222.5804794520548,446241.875,609.4794520547945,222460.0,152.36986301369862,55615.0
VIPV50_Wp700,225,home,20714.76506849315,7560889.25,4705.667974590157,1717568.8107254074,2113.1945529386794,771316.011822618
VIPV50_Wp700,225,public,10109.044178082191,3689801.125,11221.770547945205,4095946.25,2040.3219178082193,744717.5
VIPV50_Wp700,225,work,1437.7344748858445,524773.0833333333,798.4383561643835,291430.0,199.6095890410959,72857.5
VIPV50_Wp700,226,home,4552.767123287671,1661760.0,976.8740924003681,356559.04372613435,454.1233833278013,165755.0349146475
VIPV50_Wp700,226,public,2607.309703196347,951668.0416666666,2720.3150684931506,992915.0,494.6027397260274,180530.0
VIPV50_Wp700,226,work,0.0,0.0,0.0,0.0,0.0,0.0
VIPV50_Wp700,227,home,12818.424885844748,4678725.083333333,2879.66639973866,1051078.235904611,1306.9994802121166,477054.81027742254
VIPV50_Wp700,227,public,11831.430251141552,4318472.041666666,13305.696319332961,4856579.156556531,2419.2175126059933,883014.3921011875
VIPV50_Wp700,227,work,3108.9552511415523,1134768.6666666665,1444.109589041096,527100.0,361.027397260274,131775.0
VIPV50_Wp700,228,home,8854.6600456621,3231950.9166666665,2192.6224902984495,800307.2089589341,903.3013698630137,329705.0
VIPV50_Wp700,228,public,4004.067123287671,1461484.5,3910.27397260274,1427250.0,710.9589041095891,259500.0
VIPV50_Wp700,228,work,1909.5698630136985,696993.0,880.6849315068494,321450.0,220.17123287671234,80362.5
VIPV50_Wp700,229,home,10279.32591324201,3751953.9583333335,2385.0995577129297,870561.3385652194,1032.061237594578,376702.35172202095
VIPV50_Wp700,229,public,3482.12796803653,1270976.7083333335,3779.027397260274,1379345.0,687.0958904109589,250790.0
VIPV50_Wp700,229,work,2690.7257990867583,982114.9166666667,1277.5616438356165,466310.0,319.3904109589041,116577.5
VIPV50_Wp700,23,home,1155.568607305936,421782.5416666666,255.67767308488686,93322.3506759837,115.88334083107989,42297.41940334416
VIPV50_Wp700,23,public,273.72283105022836,99908.83333333334,413.55479452054794,150947.5,75.1917808219178,27445.0
VIPV50_Wp700,23,work,0.0,0.0,0.0,0.0,0.0,0.0
VIPV50_Wp700,230,home,11118.19292237443,4058140.416666667,2394.7864798134506,874097.0651319094,1113.0769894683744,406273.1011559567
VIPV50_Wp700,230,public,8336.257876712329,3042734.125,8720.400684931506,3182946.25,1585.527397260274,578717.5
VIPV50_Wp700,230,work,1592.0111872146117,581084.0833333333,787.7808219178082,287540.0,196.94520547945206,71885.0
VIPV50_Wp700,231,home,3985.3373287671234,1454648.125,841.4131646502782,307115.80509735155,411.77789348275945,150298.9311212072
VIPV50_Wp700,231,public,2378.9581050228308,868319.7083333333,3132.551369863014,1143381.25,569.554794520548,207887.5
VIPV50_Wp700,231,work,157.46027397260275,57473.0,62.9041095890411,22960.0,15.726027397260275,5740.0
VIPV50_Wp700,232,home,1453.5567351598172,530548.2083333333,388.705213273697,141877.4028448994,147.13477563831293,53704.19310798422
VIPV50_Wp700,232,public,174.62488584474886,63738.083333333336,240.71917808219177,87862.5,43.76712328767123,15975.0
VIPV50_Wp700,232,work,0.0,0.0,0.0,0.0,0.0,0.0
VIPV50_Wp700,233,home,9066.25399543379,3309182.708333333,2423.3569380612066,884525.2823923404,946.1220469517197,345334.54713737767
VIPV50_Wp700,233,public,2295.7220319634707,837938.5416666667,2737.003424657534,999006.25,497.63698630136986,181637.5
VIPV50_Wp700,233,work,0.0,0.0,0.0,0.0,0.0,0.0
VIPV50_Wp700,234,home,2950.5458904109587,1076949.25,808.1170536737128,294962.7245909052,291.32998451438976,106335.44434775226
VIPV50_Wp700,234,public,1878.0246575342467,685479.0,2149.0207137187144,784392.5605073307,390.7310388579481,142616.82918315104
VIPV50_Wp700,234,work,0.0,0.0,0.0,0.0,0.0,0.0
VIPV50_Wp700,235,home,2534.7304794520546,925176.625,500.0817139967356,182529.8256088085,264.99236994118235,96722.21502853156
VIPV50_Wp700,235,public,231.64178082191782,84549.25,292.89383561643837,106906.25,53.25342465753425,19437.5
VIPV50_Wp700,235,work,164.05159817351597,59878.83333333333,77.97260273972603,28460.0,19.493150684931507,7115.0
VIPV50_Wp700,236,home,2333.8189497716894,851843.9166666666,491.10347417113036,179252.76807246258,236.28464474841815,86243.89533317262
VIPV50_Wp700,236,public,578.3707762557077,211105.3333333333,779.6061643835617,284556.25,141.74657534246575,51737.5
VIPV50_Wp700,236,work,0.0,0.0,0.0,0.0,0.0,0.0
VIPV50_Wp700,237,home,691.2690639269406,252313.2083333333,173.3114929276752,63258.69491860145,67.95890410958904,24805.0
VIPV50_Wp700,237,public,0.0,0.0,0.0,0.0,0.0,0.0
VIPV50_Wp700,237,work,0.0,0.0,0.0,0.0,0.0,0.0
VIPV50_Wp700,238,home,0.0,0.0,0.0,0.0,0.0,0.0
VIPV50_Wp700,238,public,253.58995433789957,92560.33333333334,240.7568493150685,87876.25,43.773972602739725,15977.5
VIPV50_Wp700,238,work,2090.9001141552512,763178.5416666666,1114.164383561644,406670.0,278.541095890411,101667.5
VIPV50_Wp700,239,home,0.0,0.0,0.0,0.0,0.0,0.0
VIPV50_Wp700,239,public,189.28310502283102,69088.33333333333,246.8595890410959,90103.75,44.88356164383562,16382.5
VIPV50_Wp700,239,work,338.95331050228316,123717.95833333334,124.27397260273973,45360.0,31.068493150684933,11340.0
VIPV50_Wp700,24,home,3087.160616438356,1126813.625,796.8387860718464,290846.15691622393,301.66438356164383,110107.5
VIPV50_Wp700,24,public,0.0,0.0,0.0,0.0,0.0,0.0
VIPV50_Wp700,24,work,0.0,0.0,0.0,0.0,0.0,0.0
VIPV50_Wp700,240,home,0.0,0.0,0.0,0.0,0.0,0.0
VIPV50_Wp700,240,public,100.82191780821918,36800.0,107.43835616438356,39215.0,19.534246575342465,7130.0
VIPV50_Wp700,240,work,0.0,0.0,0.0,0.0,0.0,0.0
VIPV50_Wp700,241,home,0.0,0.0,0.0,0.0,0.0,0.0
VIPV50_Wp700,241,public,200.8360730593607,73305.16666666666,175.9623287671233,64226.25,31.993150684931507,11677.5
VIPV50_Wp700,241,work,1989.3742009132418,726121.5833333333,980.5753424657535,357910.0,245.14383561643837,89477.5
VIPV50_Wp700,242,home,0.0,0.0,0.0,0.0,0.0,0.0
VIPV50_Wp700,242,public,123.61061643835616,45117.875,232.43150684931507,84837.5,42.26027397260274,15425.0
VIPV50_Wp700,242,work,566.2858447488584,206694.3333333333,304.6027397260274,111180.0,76.15068493150685,27795.0
VIPV50_Wp700,243,home,7573.865182648401,2764460.7916666665,1666.355245565056,608219.6646312454,783.8908317022266,286120.1535713127
VIPV50_Wp700,243,public,86.92888127853881,31729.041666666668,175.51027397260273,64061.25,31.910958904109588,11647.5
VIPV50_Wp700,243,work,163.65422374429224,59733.791666666664,80.21917808219177,29280.0,20.054794520547944,7320.0
VIPV50_Wp700,244,home,9392.555821917807,3428282.875,2426.1203135994315,885533.9144637925,946.1917808219179,345360.0
VIPV50_Wp700,244,public,1496.8924657534246,546365.75,1832.1027397260275,668717.5,333.1095890410959,121585.0
VIPV50_Wp700,244,work,1315.4454337899542,480137.5833333333,702.2739726027397,256330.0,175.56849315068493,64082.5
VIPV50_Wp700,245,home,20615.49109589041,7524654.25,4920.191702725486,1795869.9714948023,2084.565166928222,760866.285928801
VIPV50_Wp700,245,public,6530.440182648402,2383610.6666666665,7210.237065262681,2631736.528820879,1310.9521936841238,478497.5506947052
VIPV50_Wp700,245,work,4011.0599315068494,1464036.875,2131.890410958904,778140.0,532.972602739726,194535.0
VIPV50_Wp700,246,home,17370.595547945206,6340267.375,3994.013299150866,1457814.854190066,1727.4152097010447,630506.5515408813
VIPV50_Wp700,246,public,16254.580936073058,5932922.041666666,16735.744570611332,6108546.768273136,3042.86264920206,1110644.8669587518
VIPV50_Wp700,246,work,5234.960844748858,1910760.7083333333,2589.3698630136987,945120.0,647.3424657534247,236280.0
VIPV50_Wp700,247,home,15844.937328767122,5783402.125,3733.6716571855804,1362790.154872737,1606.7871888570883,586477.3239328372
VIPV50_Wp700,247,public,5436.470433789955,1984311.7083333335,6103.932994153651,2227935.5428660824,1109.8059989370274,405079.18961201503
VIPV50_Wp700,247,work,3047.9966894977165,1112518.7916666665,1584.109589041096,578200.0,396.027397260274,144550.0
VIPV50_Wp700,248,home,19246.371917808217,7024925.75,4663.905699147017,1702325.5801886613,1926.2879171435684,703095.0897574024
VIPV50_Wp700,248,public,12676.55913242009,4626944.083333333,13725.212328767124,5009702.5,2495.4931506849316,910855.0
VIPV50_Wp700,248,work,6451.0315068493155,2354626.5,3387.8630136986303,1236570.0,846.9657534246576,309142.5
VIPV50_Wp700,249,home,6103.063356164384,2227618.125,1351.650933616851,493352.59077015065,621.3467741902629,226791.57257944593
VIPV50_Wp700,249,public,4713.603082191781,1720465.125,5252.688356164384,1917231.25,955.0342465753424,348587.5
VIPV50_Wp700,249,work,2278.087785388128,831502.0416666667,1039.0958904109589,379270.0,259.7739726027397,94817.5
VIPV50_Wp700,25,home,1758.4216894977171,641823.9166666667,398.9473629596844,145615.7874802848,186.38366094256997,68030.03624403804
VIPV50_Wp700,25,public,720.6875570776256,263050.9583333333,1007.554794520548,367757.5,183.1917808219178,66865.0
VIPV50_Wp700,25,work,0.0,0.0,0.0,0.0,0.0,0.0
VIPV50_Wp700,250,home,5745.074086757991,2096952.0416666667,1337.3086519189546,488117.6579504184,571.5475455615489,208614.85412996533
VIPV50_Wp700,250,public,2389.886529680365,872308.5833333333,2672.0205479452056,975287.5,485.82191780821915,177325.0
VIPV50_Wp700,250,work,738.851598173516,269680.8333333333,352.5753424657534,128690.0,88.14383561643835,32172.5
VIPV50_Wp700,251,home,3635.480136986301,1326950.25,917.0703181350441,334730.6661192911,366.7945205479452,133880.0
VIPV50_Wp700,251,public,83.66187214611872,30536.583333333336,92.21917808219177,33660.0,16.767123287671232,6120.0
VIPV50_Wp700,251,work,0.0,0.0,0.0,0.0,0.0,0.0
VIPV50_Wp700,252,home,0.0,0.0,0.0,0.0,0.0,0.0
VIPV50_Wp700,252,public,518.4127853881279,189220.6666666667,543.5582191780821,198398.75,98.82876712328768,36072.5
VIPV50_Wp700,252,work,571.3415525114154,208539.66666666666,288.35616438356163,105250.0,72.08904109589041,26312.5
VIPV50_Wp700,253,home,2873.1176940639266,1048687.9583333333,713.3236444742912,260363.13023311627,291.13013698630135,106262.5
VIPV50_Wp700,253,public,2118.881392694064,773391.7083333334,2280.8424657534247,832507.5,414.6986301369863,151365.0
VIPV50_Wp700,253,work,0.0,0.0,0.0,0.0,0.0,0.0
VIPV50_Wp700,254,home,13169.689611872145,4806936.708333333,3125.0692726367784,1140650.2845124241,1345.173413159594,490988.2958032518
VIPV50_Wp700,254,public,3074.874086757991,1122329.0416666667,3323.544520547945,1213093.75,604.2808219178082,220562.5
VIPV50_Wp700,254,work,30.457990867579905,11117.166666666666,7.479452054794519,2729.9999999999995,1.8698630136986298,682.4999999999999
VIPV50_Wp700,255,home,3656.070776255708,1334465.8333333335,792.0898079644852,289112.7799070371,376.8157829230201,137537.76076690233
VIPV50_Wp700,255,public,137.9162100456621,50339.416666666664,167.4109589041096,61105.00000000001,30.438356164383563,11110.0
VIPV50_Wp700,255,work,778.9576484018264,284319.5416666666,380.71232876712327,138960.0,95.17808219178082,34740.0
VIPV50_Wp700,256,home,4323.708447488585,1578153.5833333335,831.926646571827,303653.22599871684,428.7943186151821,156509.92629454145
VIPV50_Wp700,256,public,439.4780821917808,160409.5,557.4589041095891,203472.5,101.35616438356165,36995.0
VIPV50_Wp700,256,work,0.0,0.0,0.0,0.0,0.0,0.0
VIPV50_Wp700,257,home,2354.437214611872,859369.5833333334,551.7196632563945,201377.677088584,246.18400712951185,89857.16260227183
VIPV50_Wp700,257,public,1006.202283105023,367263.8333333334,1266.8082191780823,462385.0,230.32876712328766,84070.0
VIPV50_Wp700,257,work,0.0,0.0,0.0,0.0,0.0,0.0
VIPV50_Wp700,258,home,6997.85,2554215.25,1656.9534626810391,604788.0138785793,717.1564440648289,261762.10208366252
VIPV50_Wp700,258,public,460.67796803652965,168147.4583333333,629.7551608884298,229860.63372427688,114.50093834335088,41792.84249532307
VIPV50_Wp700,258,work,0.0,0.0,0.0,0.0,0.0,0.0
VIPV50_Wp700,259,home,573.0868721461187,209176.7083333333,93.53424657534246,34140.0,59.863013698630134,21850.0
VIPV50_Wp700,259,public,27.353652968036528,9984.083333333332,37.821917808219176,13805.0,6.876712328767123,2510.0
VIPV50_Wp700,259,work,0.0,0.0,0.0,0.0,0.0,0.0
VIPV50_Wp700,26,home,1883.9794520547946,687652.5,474.86857532563823,173327.02999385796,194.8835616438356,71132.5
VIPV50_Wp700,26,public,922.8845890410959,336852.875,1240.11349577249,452641.4259569589,225.47518104954366,82298.44108308344
VIPV50_Wp700,26,work,0.0,0.0,0.0,0.0,0.0,0.0
VIPV50_Wp700,260,home,0.0,0.0,0.0,0.0,0.0,0.0
VIPV50_Wp700,260,public,335.59646118721463,122492.70833333334,316.9657534246575,115692.5,57.63013698630137,21035.0
VIPV50_Wp700,260,work,2874.1130136986303,1049051.25,1531.5890410958905,559030.0,382.8972602739726,139757.5
VIPV50_Wp700,261,home,0.0,0.0,0.0,0.0,0.0,0.0
VIPV50_Wp700,261,public,341.8705479452055,124782.75,365.07191780821915,133251.25,66.37671232876713,24227.5
VIPV50_Wp700,261,work,4319.841666666667,1576742.2083333335,2189.150684931507,799040.0,547.2876712328767,199760.0
VIPV50_Wp700,262,home,0.0,0.0,0.0,0.0,0.0,0.0
VIPV50_Wp700,262,public,0.0,0.0,0.0,0.0,0.0,0.0
VIPV50_Wp700,262,work,74.50319634703196,27193.666666666664,40.32876712328767,14719.999999999998,10.082191780821917,3679.9999999999995
VIPV50_Wp700,263,home,0.0,0.0,0.0,0.0,0.0,0.0
VIPV50_Wp700,263,public,0.0,0.0,0.0,0.0,0.0,0.0
VIPV50_Wp700,263,work,42.327739726027396,15449.625,12.547945205479452,4580.0,3.136986301369863,1145.0
VIPV50_Wp700,264,home,0.0,0.0,0.0,0.0,0.0,0.0
VIPV50_Wp700,264,public,0.0,0.0,0.0,0.0,0.0,0.0
VIPV50_Wp700,264,work,0.0,0.0,0.0,0.0,0.0,0.0
VIPV50_Wp700,265,home,0.0,0.0,0.0,0.0,0.0,0.0
VIPV50_Wp700,265,public,0.0,0.0,0.0,0.0,0.0,0.0
VIPV50_Wp700,265,work,368.4497716894977,134484.16666666666,210.32876712328766,76770.0,52.582191780821915,19192.5
VIPV50_Wp700,266,home,9062.58093607306,3307842.041666667,2046.9618927746358,747141.090862742,928.2548052895783,338813.00393069605
VIPV50_Wp700,266,public,1151.7327625570776,420382.4583333334,1259.8179096572649,459833.5370249017,229.05780175586634,83606.09764089121
VIPV50_Wp700,266,work,286.01438356164385,104395.25,153.9178082191781,56180.00000000001,38.47945205479453,14045.000000000002
VIPV50_Wp700,267,home,13334.016210045664,4866915.916666667,3127.3274412262695,1141474.5160475883,1348.8983044395281,492347.8811204278
VIPV50_Wp700,267,public,7684.868607305937,2804977.041666667,9038.956715473674,3299219.201147891,1643.4466755406681,599858.0365723439
VIPV50_Wp700,267,work,1667.0890410958905,608487.5,909.7534246575342,332060.0,227.43835616438355,83015.0
VIPV50_Wp700,268,home,22075.716324200912,8057636.458333333,5420.220920239123,1978380.63588728,2232.8256341617516,814981.3564690393
VIPV50_Wp700,268,public,4210.040068493151,1536664.625,4878.123287671233,1780515.0,886.931506849315,323730.0
VIPV50_Wp700,268,work,472.4299086757991,172436.91666666666,245.75342465753425,89700.0,61.43835616438356,22425.0
VIPV50_Wp700,269,home,3462.3707762557074,1263765.3333333333,874.5971243913026,319227.95040282543,358.72433500560993,130934.38227704763
VIPV50_Wp700,269,public,0.0,0.0,0.0,0.0,0.0,0.0
VIPV50_Wp700,269,work,4121.866324200913,1504481.2083333335,2191.178082191781,799780.0,547.7945205479452,199945.0
VIPV50_Wp700,27,home,861.4960045662101,314446.0416666667,186.60928296918297,68112.38828375179,81.93150684931507,29905.0
VIPV50_Wp700,27,public,492.6039954337899,179800.4583333333,597.3904109589041,218047.5,108.61643835616438,39645.0
VIPV50_Wp700,27,work,0.0,0.0,0.0,0.0,0.0,0.0
VIPV50_Wp700,270,home,6957.2585616438355,2539399.375,1559.0114010034738,569039.161366268,723.2113036952281,263972.12584875827
VIPV50_Wp700,270,public,707.9696347031963,258408.91666666666,794.9760273972603,290166.25,144.54109589041096,52757.5
VIPV50_Wp700,270,work,3620.0577625570772,1321321.0833333333,1837.041095890411,670520.0,459.26027397260276,167630.0
VIPV50_Wp700,271,home,631.4812785388127,230490.66666666666,177.75901414969084,64882.040164637154,62.87856994094607,22950.678028445316
VIPV50_Wp700,271,public,20447.339611872147,7463278.958333333,22170.16095890411,8092108.75,4030.9383561643835,1471292.5
VIPV50_Wp700,271,work,11365.554908675798,4148427.5416666665,5662.54794520548,2066830.0,1415.63698630137,516707.5
VIPV50_Wp700,272,home,8560.027625570776,3124410.083333333,1901.5356560550126,694060.5144600796,859.1177468004792,313577.9775821749
VIPV50_Wp700,272,public,11183.56598173516,4082001.5833333335,11471.907534246575,4187246.25,2085.801369863014,761317.5
VIPV50_Wp700,272,work,5000.071347031963,1825026.0416666667,2510.0,916150.0,627.5,229037.5
VIPV50_Wp700,273,home,2735.0954337899543,998309.8333333333,649.8548405177762,237197.01678898832,278.5712928919783,101678.5219055721
VIPV50_Wp700,273,public,4510.058789954338,1646171.4583333333,4591.030821917808,1675726.25,834.7328767123288,304677.5
VIPV50_Wp700,273,work,3204.379794520548,1169598.625,1634.7945205479452,596700.0,408.6986301369863,149175.0
VIPV50_Wp700,274,home,11151.054337899543,4070134.833333333,2570.3556730167725,938179.8206511219,1115.5153345719305,407163.09711875464
VIPV50_Wp700,274,public,3706.2823059360726,1352793.0416666665,4493.123287671233,1639990.0,816.931506849315,298180.0
VIPV50_Wp700,274,work,417.1638127853882,152264.7916666667,201.97260273972603,73720.0,50.49315068493151,18430.0
VIPV50_Wp700,275,home,8729.836643835617,3186390.375,1850.1623523068167,675309.2585919881,859.9074092742368,313866.20438509644
VIPV50_Wp700,275,public,995.3110730593606,363288.5416666666,1042.36301369863,380462.5,189.5205479452055,69175.0
VIPV50_Wp700,275,work,472.3136986301369,172394.49999999997,211.04109589041096,77030.0,52.76027397260274,19257.5
VIPV50_Wp700,276,home,0.0,0.0,0.0,0.0,0.0,0.0
VIPV50_Wp700,276,public,554.8106164383562,202505.875,626.4275551421589,228646.057626888,113.89591911675616,41572.010477616
VIPV50_Wp700,276,work,0.0,0.0,0.0,0.0,0.0,0.0
VIPV50_Wp700,277,home,2653.5756849315067,968555.125,753.4347458367357,275003.68223040854,273.689574428707,99896.69466647804
VIPV50_Wp700,277,public,602.6468036529681,219966.08333333334,720.763698630137,263078.75,131.04794520547946,47832.5
VIPV50_Wp700,277,work,0.0,0.0,0.0,0.0,0.0,0.0
VIPV50_Wp700,278,home,16873.711529680364,6158904.708333333,4167.0969576756825,1520990.3895516242,1745.3745909216339,637061.7256863964
VIPV50_Wp700,278,public,0.0,0.0,0.0,0.0,0.0,0.0
VIPV50_Wp700,278,work,281.68675799086753,102815.66666666666,132.4931506849315,48360.0,33.12328767123287,12090.0
VIPV50_Wp700,279,home,7422.0910958904105,2709063.25,1637.6377562628415,597737.7810359371,757.7750746495465,276587.9022470845
VIPV50_Wp700,279,public,1547.8626712328767,564969.875,1689.1780821917807,616550.0,307.1232876712329,112100.0
VIPV50_Wp700,279,work,0.0,0.0,0.0,0.0,0.0,0.0
VIPV50_Wp700,28,home,13295.702625570775,4852931.458333333,2965.6078828119876,1082446.8772263755,1349.9715826603008,492739.62767100974
VIPV50_Wp700,28,public,1181.6969178082193,431319.375,1605.1712328767123,585887.5,291.8493150684931,106525.0
VIPV50_Wp700,28,work,0.0,0.0,0.0,0.0,0.0,0.0
VIPV50_Wp700,280,home,4657.931506849315,1700145.0,1170.7084017000645,427308.5666205235,492.41809869737887,179732.6060245433
VIPV50_Wp700,280,public,2560.345091324201,934525.9583333333,2782.736301369863,1015698.75,505.95205479452056,184672.5
VIPV50_Wp700,280,work,540.6703196347032,197344.6666666667,280.2739726027397,102300.0,70.06849315068493,25575.0
VIPV50_Wp700,281,home,0.0,0.0,0.0,0.0,0.0,0.0
VIPV50_Wp700,281,public,1149.1484018264841,419439.1666666667,1362.041095890411,497145.0,247.64383561643837,90390.0
VIPV50_Wp700,281,work,800.5105022831051,292186.3333333334,432.1917808219178,157750.0,108.04794520547945,39437.5
VIPV50_Wp700,282,home,0.0,0.0,0.0,0.0,0.0,0.0
VIPV50_Wp700,282,public,0.0,0.0,0.0,0.0,0.0,0.0
VIPV50_Wp700,282,work,795.40901826484,290324.2916666666,462.0821917808219,168660.0,115.52054794520548,42165.0
VIPV50_Wp700,283,home,0.0,0.0,0.0,0.0,0.0,0.0
VIPV50_Wp700,283,public,316.19931506849315,115412.75,233.22260273972603,85126.25,42.4041095890411,15477.5
VIPV50_Wp700,283,work,1180.1984018264839,430772.4166666666,649.945205479452,237230.0,162.486301369863,59307.5
VIPV50_Wp700,284,home,0.0,0.0,0.0,0.0,0.0,0.0
VIPV50_Wp700,284,public,0.0,0.0,0.0,0.0,0.0,0.0
VIPV50_Wp700,284,work,782.6373287671233,285662.625,403.5068493150685,147280.0,100.87671232876713,36820.0
VIPV50_Wp700,285,home,0.0,0.0,0.0,0.0,0.0,0.0
VIPV50_Wp700,285,public,147.39931506849314,53800.75,116.47945205479452,42515.0,21.17808219178082,7730.0
VIPV50_Wp700,285,work,0.0,0.0,0.0,0.0,0.0,0.0
VIPV50_Wp700,286,home,4105.7756849315065,1498608.125,1022.9110904129847,373362.5480007394,418.0821917808219,152600.0
VIPV50_Wp700,286,public,2045.5428082191781,746623.125,2363.530821917808,862688.75,429.7328767123288,156852.5
VIPV50_Wp700,286,work,1072.4985159817352,391461.9583333333,542.082191780822,197860.0,135.5205479452055,49465.0
VIPV50_Wp700,287,home,10154.932762557077,3706550.458333333,2443.7069696836866,891953.0439345456,1036.2500833856323,378231.28043575573
VIPV50_Wp700,287,public,4647.128881278539,1696202.0416666665,5658.671232876713,2065415.0,1028.849315068493,375530.0
VIPV50_Wp700,287,work,181.68196347031966,66313.91666666667,84.98630136986301,31020.0,21.246575342465754,7755.0
VIPV50_Wp700,288,home,7345.750228310502,2681198.8333333335,1830.5039377618377,668133.9372830708,749.7977394809037,273676.17491052987
VIPV50_Wp700,288,public,3843.711301369863,1402954.625,4204.034246575343,1534472.5,764.3698630136986,278995.0
VIPV50_Wp700,288,work,256.07705479452056,93468.125,102.41095890410959,37380.0,25.602739726027398,9345.0
VIPV50_Wp700,289,home,9879.971575342466,3606189.625,2279.8480558070096,832144.5403695585,995.4451948065325,363337.49610438437
VIPV50_Wp700,289,public,2507.048287671233,915072.625,2553.0171232876714,931851.25,464.1849315068493,169427.5
VIPV50_Wp700,289,work,1759.043607305936,642050.9166666666,895.013698630137,326680.0,223.75342465753425,81670.0
VIPV50_Wp700,29,home,0.0,0.0,0.0,0.0,0.0,0.0
VIPV50_Wp700,29,public,46.18641552511415,16858.041666666664,13.787671232876713,5032.5,2.506849315068493,915.0
VIPV50_Wp700,29,work,0.0,0.0,0.0,0.0,0.0,0.0
VIPV50_Wp700,290,home,543.9720319634703,198549.79166666666,126.68000309284322,46238.20112888778,56.87671232876713,20760.0
VIPV50_Wp700,290,public,1265.0857305936074,461756.2916666667,1297.7739726027398,473687.5,235.95890410958904,86125.0
VIPV50_Wp700,290,work,3066.187442922374,1119158.4166666665,1526.7123287671234,557250.0,381.67808219178085,139312.5
VIPV50_Wp700,291,home,256.26689497716893,93537.41666666666,43.321917808219176,15812.5,26.15068493150685,9545.0
VIPV50_Wp700,291,public,7287.622260273973,2659982.125,7694.244031838397,2808399.0716210147,1398.953460334254,510618.0130220027
VIPV50_Wp700,291,work,1645.0569634703195,600445.7916666666,838.986301369863,306230.0,209.74657534246575,76557.5
VIPV50_Wp700,292,home,1849.9457762557076,675230.2083333333,333.8995194893593,121873.32461361615,186.90314783498565,68219.64895976977
VIPV50_Wp700,292,public,6915.80388127854,2524268.416666667,7007.45205479452,2557720.0,1274.0821917808219,465040.0
VIPV50_Wp700,292,work,7976.589840182649,2911455.291666667,3861.917808219178,1409600.0,965.4794520547945,352400.0
VIPV50_Wp700,293,home,7431.443949771689,2712477.0416666665,1801.9842664664748,657724.2572602633,761.8105767892729,278060.8605280846
VIPV50_Wp700,293,public,4179.340639269406,1525459.3333333333,4662.1164383561645,1701672.5,847.6575342465753,309395.0
VIPV50_Wp700,293,work,2953.041095890411,1077860.0,1469.5342465753424,536380.0,367.3835616438356,134095.0
VIPV50_Wp700,294,home,18080.185159817353,6599267.583333334,4264.665472454209,1556602.8974457863,1834.8860967809092,669733.4253250319
VIPV50_Wp700,294,public,8122.975684931507,2964886.125,9293.568493150686,3392152.5,1689.7397260273972,616755.0
VIPV50_Wp700,294,work,4004.1283105022835,1461506.8333333335,2128.5753424657532,776930.0,532.1438356164383,194232.5
VIPV50_Wp700,295,home,17484.51506849315,6381848.0,4105.343253073765,1498450.2873719241,1778.68015640487,649218.2570877776
VIPV50_Wp700,295,public,1973.166324200913,720205.7083333333,2496.321917808219,911157.5,453.8767123287671,165665.0
VIPV50_Wp700,295,work,705.5127853881279,257512.1666666667,386.2739726027397,140990.0,96.56849315068493,35247.5
VIPV50_Wp700,296,home,11723.989383561644,4279256.125,2979.973119891879,1087690.1887605358,1189.912878315041,434318.20058499
VIPV50_Wp700,296,public,1356.3872146118722,495081.3333333333,1538.8698630136987,561687.5,279.7945205479452,102125.0
VIPV50_Wp700,296,work,646.6615296803654,236031.45833333337,358.05479452054794,130690.0,89.51369863013699,32672.5
VIPV50_Wp700,297,home,10697.814497716896,3904702.291666667,2421.061000598925,883687.2652186077,1106.3817003557783,403829.3206298591
VIPV50_Wp700,297,public,2525.159589041096,921683.25,2773.845890410959,1012453.75,504.33561643835617,184082.5
VIPV50_Wp700,297,work,226.03139269406392,82501.45833333333,100.63013698630137,36730.0,25.15753424657534,9182.5
VIPV50_Wp700,298,home,11003.283561643835,4016198.5,2710.6753450885863,989396.5009573341,1106.7859123490682,403976.8580074099
VIPV50_Wp700,298,public,1025.4170091324202,374277.2083333334,926.9760273972603,338346.25,168.54109589041096,61517.5
VIPV50_Wp700,298,work,69.42385844748858,25339.708333333332,39.89041095890411,14560.0,9.972602739726028,3640.0
VIPV50_Wp700,299,home,4141.7078767123285,1511723.375,1064.933388831039,388700.68692332925,418.91106407016673,152902.53838561085
VIPV50_Wp700,299,public,5095.983219178082,1860033.875,6195.049679007978,2261193.132837912,1126.3726689105417,411126.0241523477
VIPV50_Wp700,299,work,0.0,0.0,0.0,0.0,0.0,0.0
VIPV50_Wp700,3,home,3660.612442922374,1336123.5416666665,927.1427243160776,338407.0943753683,368.93150684931504,134660.0
VIPV50_Wp700,3,public,0.0,0.0,0.0,0.0,0.0,0.0
VIPV50_Wp700,3,work,0.0,0.0,0.0,0.0,0.0,0.0
VIPV50_Wp700,30,home,2146.1729452054797,783353.125,497.34771214570424,181531.91493318204,206.84931506849315,75500.0
VIPV50_Wp700,30,public,527.2035388127854,192429.29166666666,669.9075342465753,244516.25,121.8013698630137,44457.5
VIPV50_Wp700,30,work,0.0,0.0,0.0,0.0,0.0,0.0
VIPV50_Wp700,300,home,1978.6304794520547,722200.125,528.0900778944721,192752.8784314823,199.45890410958904,72802.5
VIPV50_Wp700,300,public,1726.9505707762557,630336.9583333334,2132.719178082192,778442.5,387.7671232876712,141535.0
VIPV50_Wp700,300,work,0.0,0.0,0.0,0.0,0.0,0.0
VIPV50_Wp700,301,home,1603.9466894977168,585440.5416666666,322.9461530477354,117875.3458624234,158.0471959115449,57687.22650771389
VIPV50_Wp700,301,public,0.0,0.0,0.0,0.0,0.0,0.0
VIPV50_Wp700,301,work,0.0,0.0,0.0,0.0,0.0,0.0
VIPV50_Wp700,302,home,0.0,0.0,0.0,0.0,0.0,0.0
VIPV50_Wp700,302,public,58.94178082191781,21513.75,30.513698630136986,11137.5,5.5479452054794525,2025.0
VIPV50_Wp700,302,work,0.0,0.0,0.0,0.0,0.0,0.0
VIPV50_Wp700,303,home,5358.793835616439,1955959.75,1187.1945290087367,433326.00308818894,544.1120089335567,198600.88326074817
VIPV50_Wp700,303,public,0.0,0.0,0.0,0.0,0.0,0.0
VIPV50_Wp700,303,work,0.0,0.0,0.0,0.0,0.0,0.0
VIPV50_Wp700,304,home,923.9866438356164,337255.125,157.25342465753425,57397.5,92.5068493150685,33765.0
VIPV50_Wp700,304,public,570.7676940639269,208330.20833333334,769.3219178082192,280802.5,139.87671232876713,51055.0
VIPV50_Wp700,304,work,0.0,0.0,0.0,0.0,0.0,0.0
VIPV50_Wp700,305,home,13873.951484018264,5063992.291666666,3233.07340980774,1180071.7945798251,1402.4323533173533,511887.80896083394
VIPV50_Wp700,305,public,845.7843607305937,308711.2916666667,1260.5725404732254,460108.9772727273,229.19500735876827,83656.17768595042
VIPV50_Wp700,305,work,593.9722602739726,216799.875,334.958904109589,122260.0,83.73972602739725,30565.0
VIPV50_Wp700,306,home,9951.000228310502,3632115.0833333335,2059.77216438945,751816.8400021492,1002.7413023037568,366000.57534087123
VIPV50_Wp700,306,public,576.2949771689498,210347.6666666667,583.0753424657535,212822.5,106.01369863013699,38695.0
VIPV50_Wp700,306,work,1261.4986301369863,460447.0,664.9589041095891,242710.0,166.23972602739727,60677.5
VIPV50_Wp700,307,home,0.0,0.0,0.0,0.0,0.0,0.0
VIPV50_Wp700,307,public,489.0997716894977,178521.41666666666,515.2671232876712,188072.5,93.68493150684931,34195.0
VIPV50_Wp700,307,work,1169.7341324200913,426952.9583333333,607.972602739726,221910.0,151.9931506849315,55477.5
VIPV50_Wp700,308,home,0.0,0.0,0.0,0.0,0.0,0.0
VIPV50_Wp700,308,public,170.95958904109588,62400.25,261.9657534246575,95617.5,47.63013698630137,17385.0
VIPV50_Wp700,308,work,0.0,0.0,0.0,0.0,0.0,0.0
VIPV50_Wp700,309,home,0.0,0.0,0.0,0.0,0.0,0.0
VIPV50_Wp700,309,public,256.64098173515987,93673.95833333334,290.4828767123288,106026.25,52.81506849315068,19277.5
VIPV50_Wp700,309,work,0.0,0.0,0.0,0.0,0.0,0.0
VIPV50_Wp700,31,home,1842.983105022831,672688.8333333334,440.14675790644554,160653.56663585262,191.52678794839414,69907.27760116386
VIPV50_Wp700,31,public,100.6324200913242,36730.833333333336,78.35616438356165,28600.000000000004,14.246575342465754,5200.0
VIPV50_Wp700,31,work,481.1852739726027,175632.625,284.4931506849315,103840.0,71.12328767123287,25960.0
VIPV50_Wp700,310,home,0.0,0.0,0.0,0.0,0.0,0.0
VIPV50_Wp700,310,public,0.0,0.0,0.0,0.0,0.0,0.0
VIPV50_Wp700,310,work,507.86449771689496,185370.54166666666,275.45205479452056,100540.0,68.86301369863014,25135.0
VIPV50_Wp700,311,home,0.0,0.0,0.0,0.0,0.0,0.0
VIPV50_Wp700,311,public,78.55707762557077,28673.333333333332,62.38356164383562,22770.0,11.342465753424657,4140.0
VIPV50_Wp700,311,work,0.0,0.0,0.0,0.0,0.0,0.0
VIPV50_Wp700,312,home,14618.166780821917,5335630.875,3269.4807420432553,1193360.4708457883,1510.7961094167904,551440.5799371285
VIPV50_Wp700,312,public,4433.357305936072,1618175.4166666665,5167.890410958904,1886280.0,939.6164383561644,342960.0
VIPV50_Wp700,312,work,837.3704337899543,305640.2083333333,395.47945205479454,144350.0,98.86986301369863,36087.5
VIPV50_Wp700,313,home,7250.080821917808,2646279.5,1710.4273992354035,624306.0007209223,744.7768605484882,271843.5541001982
VIPV50_Wp700,313,public,995.3734018264839,363311.2916666666,1252.7945205479452,457270.0,227.78082191780823,83140.0
VIPV50_Wp700,313,work,286.8536529680365,104701.58333333333,153.67123287671234,56090.0,38.417808219178085,14022.5
VIPV50_Wp700,314,home,5123.685502283105,1870145.2083333335,1254.0582914683434,457731.2763859454,526.3342306126448,192111.99417361533
VIPV50_Wp700,314,public,1772.969292237443,647133.7916666666,1798.6883561643835,656521.25,327.0342465753425,119367.5
VIPV50_Wp700,314,work,4310.208675799087,1573226.1666666667,2269.6438356164385,828420.0,567.4109589041096,207105.0
VIPV50_Wp700,315,home,4485.392123287671,1637168.125,1023.6772179476758,373642.18455090164,459.027397260274,167545.0
VIPV50_Wp700,315,public,7534.948287671233,2750256.125,8573.256849315068,3129238.75,1558.7739726027398,568952.5
VIPV50_Wp700,315,work,561.6616438356165,205006.5,254.3013698630137,92820.0,63.57534246575342,23205.0
VIPV50_Wp700,316,home,11883.542694063928,4337493.083333334,2815.937620358975,1027817.2314310259,1215.0683127691468,443499.9341607386
VIPV50_Wp700,316,public,3619.925114155251,1321272.6666666665,4075.27397260274,1487475.0,740.9589041095891,270450.0
VIPV50_Wp700,316,work,1642.7416666666666,599600.7083333333,984.4657534246576,359330.0,246.1164383561644,89832.5
VIPV50_Wp700,317,home,0.0,0.0,0.0,0.0,0.0,0.0
VIPV50_Wp700,317,public,200.17465753424656,73063.75,180.21917808219177,65780.0,32.76712328767123,11960.0
VIPV50_Wp700,317,work,1998.3795662100456,729408.5416666666,1088.6301369863013,397350.0,272.1575342465753,99337.5
VIPV50_Wp700,318,home,1893.114497716895,690986.7916666666,423.29151637106366,154501.40347543824,196.1443392883709,71592.68384025538
VIPV50_Wp700,318,public,1097.0899543378996,400437.8333333333,1119.2123287671234,408512.5,203.4931506849315,74275.0
VIPV50_Wp700,318,work,3352.2134703196343,1223557.9166666665,1637.5616438356165,597710.0,409.3904109589041,149427.5
VIPV50_Wp700,319,home,864.0458904109589,315376.75,225.5952989167186,82342.2841046023,87.13698630136986,31805.0
VIPV50_Wp700,319,public,1599.463926940639,583804.3333333333,1778.2328767123288,649055.0,323.3150684931507,118010.0
VIPV50_Wp700,319,work,1489.101598173516,543522.0833333334,707.6986301369863,258310.0,176.92465753424656,64577.5
VIPV50_Wp700,32,home,416.90445205479455,152170.125,77.98165765651704,28463.305044628723,39.1199200434575,14278.770815861986
VIPV50_Wp700,32,public,0.0,0.0,0.0,0.0,0.0,0.0
VIPV50_Wp700,32,work,0.0,0.0,0.0,0.0,0.0,0.0
VIPV50_Wp700,320,home,11126.157305936073,4061047.4166666665,2394.277260274233,873911.2000000951,1096.0568072792357,400060.734656921
VIPV50_Wp700,320,public,4256.405821917808,1553588.125,4433.360959896285,1618176.7503621439,806.0656290720517,294213.95461129886
VIPV50_Wp700,320,work,215.54566210045664,78674.16666666667,105.78082191780823,38610.0,26.445205479452056,9652.5
VIPV50_Wp700,321,home,11111.5651826484,4055721.2916666665,2822.3172259859316,1030145.787484865,1117.7207450972667,407968.0719605023
VIPV50_Wp700,321,public,6537.671347031963,2386250.0416666665,6862.410441814729,2504779.811262376,1247.71098942086,455414.51113861386
VIPV50_Wp700,321,work,1566.357420091324,571720.4583333333,854.6849315068494,311960.0,213.67123287671234,77990.0
VIPV50_Wp700,322,home,14958.761301369863,5459947.875,3281.249695364009,1197656.1388078632,1533.0446300238534,559561.2899587065
VIPV50_Wp700,322,public,3835.968949771689,1400128.6666666665,4051.6164383561645,1478840.0,736.6575342465753,268880.0
VIPV50_Wp700,322,work,887.9271689497716,324093.4166666666,483.3972602739726,176440.0,120.84931506849315,44110.0
VIPV50_Wp700,323,home,8878.460616438357,3240638.125,2101.411138921979,767015.0657065222,906.2687136196781,330788.08047118253
VIPV50_Wp700,323,public,1258.9922374429223,459532.1666666666,1566.7465753424658,571862.5,284.86301369863014,103975.0
VIPV50_Wp700,323,work,3084.839383561644,1125966.375,1634.1917808219177,596480.0,408.54794520547944,149120.0
VIPV50_Wp700,324,home,20872.693150684932,7618533.0,5231.546978719935,1909514.6472327765,2149.206303192673,784460.3006653257
VIPV50_Wp700,324,public,4346.739840182649,1586560.0416666667,5441.647260273972,1986201.25,989.3904109589041,361127.5
VIPV50_Wp700,324,work,588.6334474885845,214851.20833333334,302.32876712328766,110350.0,75.58219178082192,27587.5
VIPV50_Wp700,325,home,18794.481621004565,6859985.791666666,4659.3940837777345,1700678.840578873,1909.5188414201207,696974.3771183441
VIPV50_Wp700,325,public,471.9236301369863,172252.125,436.79794520547944,159431.25,79.41780821917808,28987.5
VIPV50_Wp700,325,work,156.5732876712329,57149.25,79.83561643835617,29140.0,19.958904109589042,7285.0
VIPV50_Wp700,326,home,2191.8707762557074,800032.8333333333,527.0243350797851,192363.88230412157,217.09223172339497,79238.66457903916
VIPV50_Wp700,326,public,0.0,0.0,0.0,0.0,0.0,0.0
VIPV50_Wp700,326,work,0.0,0.0,0.0,0.0,0.0,0.0
VIPV50_Wp700,327,home,270.5172374429224,98738.79166666667,68.36901990181782,24954.692264163503,28.671232876712327,10465.0
VIPV50_Wp700,327,public,704.0647260273972,256983.625,838.7123287671233,306130.0,152.4931506849315,55660.0
VIPV50_Wp700,327,work,0.0,0.0,0.0,0.0,0.0,0.0
VIPV50_Wp700,328,home,4776.09006849315,1743272.875,1253.1295383573063,457392.2815004168,490.16438356164383,178910.0
VIPV50_Wp700,328,public,674.0285388127853,246020.41666666666,886.931506849315,323730.0,161.26027397260273,58860.0
VIPV50_Wp700,328,work,277.8392694063927,101411.33333333333,140.986301369863,51460.0,35.24657534246575,12865.0
VIPV50_Wp700,329,home,999.7667808219178,364914.875,267.69584721894375,97708.98423491447,110.61643835616438,40375.0
VIPV50_Wp700,329,public,0.0,0.0,0.0,0.0,0.0,0.0
VIPV50_Wp700,329,work,0.0,0.0,0.0,0.0,0.0,0.0
VIPV50_Wp700,33,home,2567.6006849315067,937174.25,686.8492415264654,250699.9731571599,257.94520547945206,94150.0
VIPV50_Wp700,33,public,0.0,0.0,0.0,0.0,0.0,0.0
VIPV50_Wp700,33,work,0.0,0.0,0.0,0.0,0.0,0.0
VIPV50_Wp700,330,home,7437.881735159816,2714826.833333333,1726.6054694012219,630210.996331446,757.4563264182945,276471.55914267746
VIPV50_Wp700,330,public,0.0,0.0,0.0,0.0,0.0,0.0
VIPV50_Wp700,330,work,0.0,0.0,0.0,0.0,0.0,0.0
VIPV50_Wp700,331,home,7236.0853881278545,2641171.166666667,1670.0251338826113,609559.1738671531,739.0848071011969,269765.9545919369
VIPV50_Wp700,331,public,2655.689383561644,969326.625,3016.476702857802,1101013.9965430978,548.4503096105095,200184.363007836
VIPV50_Wp700,331,work,1080.1305936073059,394247.6666666666,541.1232876712329,197510.0,135.28082191780823,49377.5
VIPV50_Wp700,332,home,1196.5939497716895,436756.7916666666,251.8522994254069,91926.08929027352,121.05479452054794,44185.0
VIPV50_Wp700,332,public,0.0,0.0,0.0,0.0,0.0,0.0
VIPV50_Wp700,332,work,299.8791095890411,109455.875,152.87671232876713,55800.0,38.21917808219178,13950.0
VIPV50_Wp700,333,home,0.0,0.0,0.0,0.0,0.0,0.0
VIPV50_Wp700,333,public,38.24931506849315,13961.0,41.58904109589041,15180.0,7.561643835616438,2760.0
VIPV50_Wp700,333,work,0.0,0.0,0.0,0.0,0.0,0.0
VIPV50_Wp700,334,home,0.0,0.0,0.0,0.0,0.0,0.0
VIPV50_Wp700,334,public,0.0,0.0,0.0,0.0,0.0,0.0
VIPV50_Wp700,334,work,151.32020547945206,55231.875,84.63013698630137,30890.0,21.15753424657534,7722.5
VIPV50_Wp700,335,home,0.0,0.0,0.0,0.0,0.0,0.0
VIPV50_Wp700,335,public,131.2326484018265,47899.91666666667,150.83561643835617,55055.0,27.424657534246574,10010.0
VIPV50_Wp700,335,work,0.0,0.0,0.0,0.0,0.0,0.0
VIPV50_Wp700,336,home,0.0,0.0,0.0,0.0,0.0,0.0
VIPV50_Wp700,336,public,864.94200913242,315703.8333333333,850.3527397260274,310378.75,154.6095890410959,56432.5
VIPV50_Wp700,336,work,638.8730593607306,233188.6666666667,274.1917808219178,100080.0,68.54794520547945,25020.0
VIPV50_Wp700,337,home,16822.867465753425,6140346.625,3767.467833160416,1375125.7591035517,1697.209212104523,619481.3624181509
VIPV50_Wp700,337,public,1499.3779680365299,547272.9583333334,1889.5513698630136,689686.25,343.55479452054794,125397.5
VIPV50_Wp700,337,work,297.33253424657534,108526.375,132.24657534246575,48270.0,33.06164383561644,12067.5
VIPV50_Wp700,338,home,9910.17910958904,3617215.375,2308.0944811812083,842454.485631141,991.3825074324689,361854.61521285115
VIPV50_Wp700,338,public,2832.966095890411,1034032.625,3442.9246575342468,1256667.5,625.986301369863,228485.0
VIPV50_Wp700,338,work,0.0,0.0,0.0,0.0,0.0,0.0
VIPV50_Wp700,339,home,11303.147260273972,4125648.75,2818.6090869479294,1028792.3167359942,1147.029554083537,418665.787240491
VIPV50_Wp700,339,public,906.7969178082192,330980.875,824.3972602739726,300905.0,149.8904109589041,54710.0
VIPV50_Wp700,339,work,363.3625570776256,132627.33333333334,153.5068493150685,56030.0,38.37671232876713,14007.5
VIPV50_Wp700,34,home,0.0,0.0,0.0,0.0,0.0,0.0
VIPV50_Wp700,34,public,136.16575342465754,49700.5,158.44520547945206,57832.5,28.80821917808219,10515.0
VIPV50_Wp700,34,work,0.0,0.0,0.0,0.0,0.0,0.0
VIPV50_Wp700,340,home,10562.032648401828,3855141.916666667,2403.2034954864484,877169.2758525537,1076.1825935533982,392806.6466469903
VIPV50_Wp700,340,public,4300.721118721461,1569763.2083333333,4358.938356164384,1591012.5,792.5342465753424,289275.0
VIPV50_Wp700,340,work,1006.3689497716894,367324.6666666666,511.3972602739726,186660.0,127.84931506849315,46665.0
VIPV50_Wp700,341,home,0.0,0.0,0.0,0.0,0.0,0.0
VIPV50_Wp700,341,public,1309.657305936073,478024.9166666667,1470.5719178082193,536758.75,267.3767123287671,97592.5
VIPV50_Wp700,341,work,1962.8897260273973,716454.75,1029.6438356164383,375820.0,257.4109589041096,93955.0
VIPV50_Wp700,342,home,0.0,0.0,0.0,0.0,0.0,0.0
VIPV50_Wp700,342,public,2023.152283105023,738450.5833333334,2156.0753424657532,786967.5,392.013698630137,143085.0
VIPV50_Wp700,342,work,1080.1350456621003,394249.2916666666,509.9178082191781,186120.0,127.47945205479452,46530.0
VIPV50_Wp700,343,home,0.0,0.0,0.0,0.0,0.0,0.0
VIPV50_Wp700,343,public,162.74668949771691,59402.54166666667,127.17808219178082,46420.0,23.123287671232877,8440.0
VIPV50_Wp700,343,work,540.0772831050228,197128.20833333334,244.63013698630138,89290.0,61.157534246575345,22322.5
VIPV50_Wp700,344,home,157.93858447488583,57647.58333333333,26.66780821917808,9733.75,15.047945205479452,5492.5
VIPV50_Wp700,344,public,0.0,0.0,0.0,0.0,0.0,0.0
VIPV50_Wp700,344,work,2744.922716894977,1001896.7916666666,1453.2602739726028,530440.0,363.3150684931507,132610.0
VIPV50_Wp700,345,home,5813.092579908676,2121778.791666667,1402.9389674226486,512072.7231092668,609.4710844834168,222456.94583644715
VIPV50_Wp700,345,public,2251.934817351598,821956.2083333334,2283.931506849315,833635.0,415.26027397260276,151570.0
VIPV50_Wp700,345,work,2950.9453196347035,1077095.0416666667,1500.5205479452054,547690.0,375.13013698630135,136922.5
VIPV50_Wp700,346,home,3328.927397260274,1215058.5,762.7024081466345,278386.3789735216,359.3964341329653,131179.69845853234
VIPV50_Wp700,346,public,1163.775,424777.875,1085.0821917808219,396055.0,197.2876712328767,72010.0
VIPV50_Wp700,346,work,385.96974885844753,140878.95833333334,173.72602739726028,63410.0,43.43150684931507,15852.5
VIPV50_Wp700,347,home,6104.317808219178,2228076.0,1408.544228708778,514118.64347870403,627.8356164383562,229160.0
VIPV50_Wp700,347,public,4688.5134703196345,1711307.4166666665,5806.982876712329,2119548.75,1055.8150684931506,385372.5
VIPV50_Wp700,347,work,2233.781278538813,815330.1666666666,1202.9041095890411,439060.0,300.7260273972603,109765.0
VIPV50_Wp700,348,home,11496.598630136987,4196258.5,2615.7172712901765,954736.8040209145,1143.3501660568543,417322.8106107518
VIPV50_Wp700,348,public,1666.138698630137,608140.625,2105.181506849315,768391.25,382.76027397260276,139707.5
VIPV50_Wp700,348,work,381.13470319634706,139114.1666666667,195.58904109589042,71390.0,48.897260273972606,17847.5
VIPV50_Wp700,349,home,16997.873515981733,6204223.833333333,4096.807346891703,1495334.6816154716,1763.3824465081498,643634.5929754747
VIPV50_Wp700,349,public,5376.835616438356,1962545.0,6147.380136986301,2243793.75,1117.7054794520548,407962.5
VIPV50_Wp700,349,work,92.31164383561644,33693.75,54.246575342465746,19799.999999999996,13.561643835616437,4949.999999999999
VIPV50_Wp700,35,home,2024.0091324200914,738763.3333333334,470.8790186917163,171870.84182247645,222.53294876278218,81224.5262984155
VIPV50_Wp700,35,public,0.0,0.0,0.0,0.0,0.0,0.0
VIPV50_Wp700,35,work,0.0,0.0,0.0,0.0,0.0,0.0
VIPV50_Wp700,350,home,9110.589383561644,3325365.125,2014.3389424897157,735233.7140087462,927.8792728029412,338675.9345730735
VIPV50_Wp700,350,public,1729.9512557077624,631432.2083333333,1707.1849315068494,623122.5,310.3972602739726,113295.0
VIPV50_Wp700,350,work,0.0,0.0,0.0,0.0,0.0,0.0
VIPV50_Wp700,351,home,7980.52899543379,2912893.0833333335,2045.6052841218939,746645.9287044912,825.3693079025421,301259.79738442786
VIPV50_Wp700,351,public,1558.3722602739726,568805.875,2169.180376183413,791750.8373069457,394.3964320333478,143954.69769217196
VIPV50_Wp700,351,work,0.0,0.0,0.0,0.0,0.0,0.0
VIPV50_Wp700,352,home,8171.236872146118,2982501.458333333,1861.713825749426,679525.5463985405,819.4953092545443,299115.7878779087
VIPV50_Wp700,352,public,5884.3198630136985,2147776.75,6600.914282517406,2409333.713118853,1200.166233184983,438060.6751125188
VIPV50_Wp700,352,work,0.0,0.0,0.0,0.0,0.0,0.0
VIPV50_Wp700,353,home,12939.41712328767,4722887.25,3265.025380678619,1191734.263947696,1306.5385182476189,476886.55916038086
VIPV50_Wp700,353,public,1885.6331050228312,688256.0833333334,2140.2157534246576,781178.75,389.13013698630135,142032.5
VIPV50_Wp700,353,work,598.5776255707763,218480.83333333334,278.6849315068493,101720.0,69.67123287671232,25430.0
VIPV50_Wp700,354,home,6547.774771689497,2389937.7916666665,1333.9600106856926,486895.4039002778,670.8417555761985,244857.24078531246
VIPV50_Wp700,354,public,511.35616438356163,186645.0,655.931506849315,239415.0,119.26027397260275,43530.0
VIPV50_Wp700,354,work,0.0,0.0,0.0,0.0,0.0,0.0
VIPV50_Wp700,355,home,11188.110388127854,4083660.2916666665,2707.000564592207,988055.2060761555,1143.656478605536,417434.61469102063
VIPV50_Wp700,355,public,1623.6263698630137,592623.625,2108.8356164383563,769725.0,383.4246575342466,139950.0
VIPV50_Wp700,355,work,0.0,0.0,0.0,0.0,0.0,0.0
VIPV50_Wp700,356,home,14526.520662100458,5302180.041666667,3424.2607377826675,1249855.1692906737,1489.7094968847503,543743.9663629339
VIPV50_Wp700,356,public,2399.122146118721,875679.5833333333,2841.6917808219177,1037217.5,516.6712328767123,188585.0
VIPV50_Wp700,356,work,193.11621004566211,70487.41666666667,85.47945205479452,31200.0,21.36986301369863,7800.0
VIPV50_Wp700,357,home,2277.869178082192,831422.25,540.7773408471504,197383.72940920992,233.48311638944244,85221.3374821465
VIPV50_Wp700,357,public,1037.627283105023,378733.9583333334,1159.4075342465753,423183.75,210.8013698630137,76942.5
VIPV50_Wp700,357,work,0.0,0.0,0.0,0.0,0.0,0.0
VIPV50_Wp700,358,home,723.5689497716895,264102.6666666667,144.25689942732023,52653.768290971886,65.65068493150685,23962.5
VIPV50_Wp700,358,public,204.650799086758,74697.54166666667,300.3150684931507,109615.0,54.602739726027394,19930.0
VIPV50_Wp700,358,work,0.0,0.0,0.0,0.0,0.0,0.0
VIPV50_Wp700,359,home,0.0,0.0,0.0,0.0,0.0,0.0
VIPV50_Wp700,359,public,0.0,0.0,0.0,0.0,0.0,0.0
VIPV50_Wp700,359,work,77.63196347031963,28335.666666666664,30.21917808219178,11030.0,7.554794520547945,2757.5
VIPV50_Wp700,36,home,1493.3009132420088,545054.8333333333,411.8659747547854,150331.08078549666,147.65068493150685,53892.5
VIPV50_Wp700,36,public,761.0479452054794,277782.5,963.1479976093444,351549.0191274107,175.1178177471535,63918.003477711034
VIPV50_Wp700,36,work,178.99851598173515,65334.458333333336,106.41095890410959,38840.0,26.602739726027398,9710.0
VIPV50_Wp700,360,home,0.0,0.0,0.0,0.0,0.0,0.0
VIPV50_Wp700,360,public,697.7402968036529,254675.2083333333,901.9246575342465,329202.5,163.986301369863,59855.0
VIPV50_Wp700,360,work,3860.750799086758,1409174.0416666667,1906.054794520548,695710.0,476.513698630137,173927.5
VIPV50_Wp700,361,home,0.0,0.0,0.0,0.0,0.0,0.0
VIPV50_Wp700,361,public,1616.697602739726,590094.625,1513.7808219178082,552530.0,275.2328767123288,100460.0
VIPV50_Wp700,361,work,18047.2401826484,6587242.666666666,9221.123287671233,3365710.0,2305.280821917808,841427.5
VIPV50_Wp700,362,home,19557.721232876713,7138568.25,4637.821298221598,1692804.7738508834,1995.8501037448543,728485.2878668718
VIPV50_Wp700,362,public,5585.119520547945,2038568.625,6047.212328767123,2207232.5,1099.4931506849316,401315.0
VIPV50_Wp700,362,work,123.59794520547945,45113.25,64.82191780821918,23660.0,16.205479452054796,5915.0
VIPV50_Wp700,363,home,6247.497602739726,2280336.625,1522.4383870649096,555690.011278692,633.6318516759709,231275.62586172938
VIPV50_Wp700,363,public,933.7574200913241,340821.4583333333,950.2568493150685,346843.75,172.77397260273972,63062.5
VIPV50_Wp700,363,work,0.0,0.0,0.0,0.0,0.0,0.0
VIPV50_Wp700,364,home,14884.941324200912,5433003.583333333,3406.3011448717393,1243299.917878185,1507.6760887247924,550301.7723845493
VIPV50_Wp700,364,public,1762.6186073059364,643355.7916666667,1967.5411096992673,718152.5050402326,357.7347472180486,130573.18273458774
VIPV50_Wp700,364,work,208.52271689497715,76110.79166666666,107.78082191780823,39340.0,26.945205479452056,9835.0
VIPV50_Wp700,365,home,8931.57716894977,3260025.6666666665,2099.1354643020372,766184.4444702435,891.6602779437434,325456.00144946633
VIPV50_Wp700,365,public,3758.9013698630138,1371999.0,4352.948630136986,1588826.25,791.445205479452,288877.5
VIPV50_Wp700,365,work,49.1296803652968,17932.333333333332,22.684931506849313,8280.0,5.671232876712328,2070.0
VIPV50_Wp700,366,home,2855.250114155251,1042166.2916666666,666.989701003191,243451.24086616474,293.2739726027397,107045.0
VIPV50_Wp700,366,public,651.7899543378995,237903.33333333334,725.5479452054794,264825.0,131.91780821917808,48150.0
VIPV50_Wp700,366,work,2195.5778538812788,801385.9166666667,989.3150684931506,361100.0,247.32876712328766,90275.0
VIPV50_Wp700,367,home,5396.697945205479,1969794.75,1352.227075744544,493562.8826467585,559.0252302169306,204044.20902917965
VIPV50_Wp700,367,public,3480.078767123288,1270228.75,3959.208904109589,1445111.25,719.8561643835617,262747.5
VIPV50_Wp700,367,work,97.27123287671233,35504.0,27.34246575342466,9980.0,6.835616438356165,2495.0
VIPV50_Wp700,368,home,8432.892579908676,3078005.7916666665,2089.7945653870183,762775.0163662618,846.9109589041096,309122.5
VIPV50_Wp700,368,public,0.0,0.0,0.0,0.0,0.0,0.0
VIPV50_Wp700,368,work,25.980707762557074,9482.958333333332,9.972602739726028,3640.0,2.493150684931507,910.0
VIPV50_Wp700,369,home,0.0,0.0,0.0,0.0,0.0,0.0
VIPV50_Wp700,369,public,970.5222602739726,354240.625,1263.6438356164383,461230.0,229.75342465753425,83860.0
VIPV50_Wp700,369,work,1486.54200913242,542587.8333333333,710.4109589041096,259300.0,177.6027397260274,64825.0
VIPV50_Wp700,37,home,328.3623287671233,119852.25,59.73453909374423,21803.106769216643,30.781948032954716,11235.41103202847
VIPV50_Wp700,37,public,280.13527397260276,102249.375,316.1746575342466,115403.75,57.486301369863014,20982.5
VIPV50_Wp700,37,work,0.0,0.0,0.0,0.0,0.0,0.0
VIPV50_Wp700,370,home,7466.386529680364,2725231.083333333,1866.852707262325,681401.2381507487,776.2397260273973,283327.5
VIPV50_Wp700,370,public,4184.106735159817,1527198.9583333333,4329.667808219178,1580328.75,787.2123287671233,287332.5
VIPV50_Wp700,370,work,1118.05,408088.25,598.4109589041096,218420.0,149.6027397260274,54605.0
VIPV50_Wp700,371,home,3989.423401826484,1456139.5416666667,1032.002041179947,376680.7450306806,415.4179677345664,151627.55822311674
VIPV50_Wp700,371,public,1015.9071917808219,370806.125,1084.2534246575342,395752.5,197.13698630136986,71955.0
VIPV50_Wp700,371,work,648.3865296803654,236661.08333333334,334.958904109589,122260.0,83.73972602739725,30565.0
VIPV50_Wp700,372,home,646.2535388127855,235882.5416666667,173.90902177172512,63476.79294667967,64.9931506849315,23722.5
VIPV50_Wp700,372,public,280.3587899543379,102330.95833333333,319.82876712328766,116737.5,58.15068493150685,21225.0
VIPV50_Wp700,372,work,104.21655251141554,38039.04166666667,47.80821917808219,17450.0,11.952054794520548,4362.5
VIPV50_Wp700,373,home,5922.273744292238,2161629.916666667,1333.574002721309,486754.51099327777,603.7328767123288,220362.5
VIPV50_Wp700,373,public,1496.0366438356164,546053.375,1908.6883561643835,696671.25,347.0342465753425,126667.5
VIPV50_Wp700,373,work,1352.5760273972603,493690.25,723.7534246575342,264170.0,180.93835616438355,66042.5
VIPV50_Wp700,374,home,2156.911187214612,787272.5833333334,544.6675741923007,198803.66458018974,218.63571867205965,79802.03731530177
VIPV50_Wp700,374,public,1672.1989726027398,610352.625,1799.6206954556435,656861.5538413099,327.203762810117,119429.3734256927
VIPV50_Wp700,374,work,896.4119863013699,327190.375,462.2191780821918,168710.0,115.55479452054794,42177.5
VIPV50_Wp700,375,home,4366.830136986301,1593893.0,981.3128287294759,358179.1824862587,446.37122511440214,162925.49716675677
VIPV50_Wp700,375,public,2574.3478310502283,939636.9583333333,3142.8994126129182,1147158.285603715,571.4362568387124,208574.23374613002
VIPV50_Wp700,375,work,226.36312785388128,82622.54166666667,95.42465753424658,34830.0,23.856164383561644,8707.5
VIPV50_Wp700,376,home,931.7380136986301,340084.375,157.69453091611646,57558.503784382505,96.66233395120892,35281.751892191256
VIPV50_Wp700,376,public,588.2799086757991,214722.16666666666,791.3972602739726,288860.0,143.8904109589041,52520.0
VIPV50_Wp700,376,work,0.0,0.0,0.0,0.0,0.0,0.0
VIPV50_Wp700,377,home,16073.787442922376,5866932.416666667,3906.3405998058543,1425814.3189291367,1610.2082127993176,587725.997671751
VIPV50_Wp700,377,public,2739.0432648401825,999750.7916666666,2787.5205479452056,1017445.0,506.82191780821915,184990.0
VIPV50_Wp700,377,work,1685.9263698630136,615363.125,957.7808219178082,349590.0,239.44520547945206,87397.5
VIPV50_Wp700,378,home,16852.827283105024,6151281.958333334,3821.369749272489,1394799.9584844585,1712.7400717207106,625150.1261780594
VIPV50_Wp700,378,public,2861.6716894977167,1044510.1666666666,3186.044520547945,1162906.25,579.2808219178082,211437.5
VIPV50_Wp700,378,work,347.7755707762557,126938.08333333333,175.8904109589041,64200.0,43.97260273972603,16050.0
VIPV50_Wp700,379,home,484.36757990867585,176794.1666666667,141.82440218319533,51765.90679686629,52.34931506849315,19107.5
VIPV50_Wp700,379,public,1102.5727168949772,402439.0416666667,1293.8938356164383,472271.25,235.25342465753425,85867.5
VIPV50_Wp700,379,work,63.96986301369863,23349.0,14.876712328767121,5429.999999999999,3.7191780821917804,1357.4999999999998
VIPV50_Wp700,38,home,0.0,0.0,0.0,0.0,0.0,0.0
VIPV50_Wp700,38,public,1090.5686073059362,398057.5416666667,1320.263698630137,481896.25,240.04794520547946,87617.5
VIPV50_Wp700,38,work,0.0,0.0,0.0,0.0,0.0,0.0
VIPV50_Wp700,380,home,4755.962100456622,1735926.1666666667,1088.4656577928388,397289.96509438613,487.3082191780822,177867.5
VIPV50_Wp700,380,public,848.6222602739726,309747.125,1199.9041095890411,437965.0,218.16438356164383,79630.0
VIPV50_Wp700,380,work,466.7793378995434,170374.45833333334,224.9041095890411,82090.0,56.226027397260275,20522.5
VIPV50_Wp700,381,home,8108.234246575343,2959505.5,1947.4355623229892,710813.980247891,823.6494929010684,300632.06490888994
VIPV50_Wp700,381,public,3762.1680365296806,1373191.3333333335,4712.897260273972,1720207.5,856.8904109589041,312765.0
VIPV50_Wp700,381,work,273.6884703196347,99896.29166666667,160.71232876712327,58659.99999999999,40.17808219178082,14664.999999999998
VIPV50_Wp700,382,home,10824.57385844749,3950969.4583333335,2655.179409210847,969140.4843619593,1101.5935173360078,402081.6338276429
VIPV50_Wp700,382,public,674.5171232876712,246198.75,927.3527397260274,338483.75,168.6095890410959,61542.5
VIPV50_Wp700,382,work,212.8609589041096,77694.25,105.64383561643834,38559.99999999999,26.410958904109584,9639.999999999998
VIPV50_Wp700,383,home,8393.189383561645,3063514.125,2185.9611185632616,797875.8082755904,861.527397260274,314457.5
VIPV50_Wp700,383,public,0.0,0.0,0.0,0.0,0.0,0.0
VIPV50_Wp700,383,work,0.0,0.0,0.0,0.0,0.0,0.0
VIPV50_Wp700,384,home,0.0,0.0,0.0,0.0,0.0,0.0
VIPV50_Wp700,384,public,0.06301369863013699,23.0,0.0,0.0,0.0,0.0
VIPV50_Wp700,384,work,0.0,0.0,0.0,0.0,0.0,0.0
VIPV50_Wp700,385,home,1683.4396118721463,614455.4583333334,348.1692683789871,127081.7829583303,178.986301369863,65330.0
VIPV50_Wp700,385,public,0.0,0.0,0.0,0.0,0.0,0.0
VIPV50_Wp700,385,work,734.0529680365298,267929.3333333334,370.3835616438356,135190.0,92.5958904109589,33797.5
VIPV50_Wp700,386,home,0.0,0.0,0.0,0.0,0.0,0.0
VIPV50_Wp700,386,public,0.0,0.0,0.0,0.0,0.0,0.0
VIPV50_Wp700,386,work,5235.065981735161,1910799.0833333335,2592.3835616438355,946220.0,648.0958904109589,236555.0
VIPV50_Wp700,387,home,0.0,0.0,0.0,0.0,0.0,0.0
VIPV50_Wp700,387,public,0.0,0.0,0.0,0.0,0.0,0.0
VIPV50_Wp700,387,work,1415.9527397260272,516822.74999999994,714.054794520548,260630.0,178.513698630137,65157.5
VIPV50_Wp700,388,home,13481.266666666666,4920662.333333333,3239.6172073945013,1182460.280698993,1401.6905189579593,511617.0394196551
VIPV50_Wp700,388,public,4535.7078767123285,1655533.375,5087.763698630137,1857033.75,925.0479452054794,337642.5
VIPV50_Wp700,388,work,0.0,0.0,0.0,0.0,0.0,0.0
VIPV50_Wp700,389,home,8687.401141552513,3170901.416666667,2043.0786599526516,745723.7108827179,891.3454062828423,325341.0732932374
VIPV50_Wp700,389,public,1628.8231735159816,594520.4583333333,1857.2294520547946,677888.75,337.67808219178085,123252.5
VIPV50_Wp700,389,work,0.0,0.0,0.0,0.0,0.0,0.0
VIPV50_Wp700,39,home,8904.043493150684,3249975.875,2136.4424869311806,779801.5077298809,935.1264886869689,341321.16837074363
VIPV50_Wp700,39,public,788.0751141552512,287647.4166666667,924.6780821917808,337507.5,168.12328767123287,61365.0
VIPV50_Wp700,39,work,51.69132420091325,18867.333333333336,24.931506849315063,9099.999999999998,6.232876712328766,2274.9999999999995
VIPV50_Wp700,390,home,141.0771689497717,51493.16666666667,36.45648316505355,13306.616355244545,14.493150684931507,5290.0
VIPV50_Wp700,390,public,468.43687214611873,170979.45833333334,577.8767123287671,210925.0,105.06849315068493,38350.0
VIPV50_Wp700,390,work,0.0,0.0,0.0,0.0,0.0,0.0
VIPV50_Wp700,391,home,1911.7537671232876,697790.125,389.7621850944173,142263.1975594623,187.6164383561644,68480.0
VIPV50_Wp700,391,public,97.53744292237444,35601.16666666667,187.9794520547945,68612.5,34.178082191780824,12475.0
VIPV50_Wp700,391,work,1132.080593607306,413209.4166666666,568.0,207320.0,142.0,51830.0
VIPV50_Wp700,392,home,6105.522602739726,2228515.75,1435.9331623016503,524115.60424010234,619.7534246575342,226210.0
VIPV50_Wp700,392,public,1708.541210045662,623617.5416666666,1861.6166779412595,679490.0874485597,338.4757596256835,123543.65226337448
VIPV50_Wp700,392,work,308.28378995433786,112523.58333333333,146.7123287671233,53550.0,36.678082191780824,13387.5
VIPV50_Wp700,393,home,10618.112785388128,3875611.1666666665,2727.209846369694,995431.5939249382,1103.6577323395668,402835.0723039419
VIPV50_Wp700,393,public,0.0,0.0,0.0,0.0,0.0,0.0
VIPV50_Wp700,393,work,0.0,0.0,0.0,0.0,0.0,0.0
VIPV50_Wp700,394,home,8493.57488584475,3100154.8333333335,1965.8628582479537,717539.9432605031,884.6849876547545,322910.0204939854
VIPV50_Wp700,394,public,1505.1609589041095,549383.75,1816.7705479452054,663121.25,330.32191780821915,120567.5
VIPV50_Wp700,394,work,580.4189497716895,211852.9166666667,279.041095890411,101850.0,69.76027397260275,25462.5
VIPV50_Wp700,395,home,0.0,0.0,0.0,0.0,0.0,0.0
VIPV50_Wp700,395,public,462.62146118721455,168856.8333333333,478.91438356164383,174803.75,87.07534246575342,31782.5
VIPV50_Wp700,395,work,3157.761187214612,1152582.8333333335,1655.4520547945206,604240.0,413.86301369863014,151060.0
VIPV50_Wp700,396,home,0.0,0.0,0.0,0.0,0.0,0.0
VIPV50_Wp700,396,public,0.0,0.0,0.0,0.0,0.0,0.0
VIPV50_Wp700,396,work,112.26015981735158,40974.95833333333,60.41095890410959,22050.0,15.102739726027398,5512.5
VIPV50_Wp700,397,home,4371.064383561644,1595438.5,1031.6145489652572,376539.3103723189,465.66438356164383,169967.5
VIPV50_Wp700,397,public,1411.0785388127854,515043.6666666666,1498.63698630137,547002.5,272.47945205479454,99455.0
VIPV50_Wp700,397,work,582.4868721461188,212607.70833333334,312.1095890410959,113920.0,78.02739726027397,28480.0
VIPV50_Wp700,398,home,2393.312214611872,873558.9583333334,606.2749931136067,221290.37248646643,249.0068493150685,90887.5
VIPV50_Wp700,398,public,0.0,0.0,0.0,0.0,0.0,0.0
VIPV50_Wp700,398,work,65.32420091324201,23843.333333333336,20.164383561643834,7360.0,5.041095890410959,1840.0
VIPV50_Wp700,399,home,20335.66198630137,7422516.625,4610.343990153154,1682775.556405901,2073.926925896611,756983.3279522631
VIPV50_Wp700,399,public,2163.2454337899544,789584.5833333334,2265.0205479452056,826732.5,411.82191780821915,150315.0
VIPV50_Wp700,399,work,1115.2,407048.0,598.1917808219179,218340.0,149.54794520547946,54585.0
VIPV50_Wp700,4,home,0.0,0.0,0.0,0.0,0.0,0.0
VIPV50_Wp700,4,public,0.0,0.0,0.0,0.0,0.0,0.0
VIPV50_Wp700,4,work,0.0,0.0,0.0,0.0,0.0,0.0
VIPV50_Wp700,40,home,7521.753196347032,2745439.9166666665,1900.0903091781572,693532.9628500274,773.8113165396895,282441.1305369867
VIPV50_Wp700,40,public,642.1642694063927,234389.9583333333,715.3390410958904,261098.75,130.06164383561645,47472.5
VIPV50_Wp700,40,work,0.0,0.0,0.0,0.0,0.0,0.0
VIPV50_Wp700,400,home,6170.403767123287,2252197.375,1436.7398326357932,524410.0389120645,624.1483684985463,227814.1545019694
VIPV50_Wp700,400,public,463.4221461187214,169149.0833333333,510.88471118303977,186472.91958180952,92.88812930600723,33904.16719669264
VIPV50_Wp700,400,work,84.86141552511415,30974.416666666664,39.50684931506849,14420.0,9.876712328767123,3605.0
VIPV50_Wp700,401,home,13790.221689497717,5033430.916666667,3568.642235198598,1302554.4158474882,1428.939203709646,521562.80935402086
VIPV50_Wp700,401,public,2626.5188356164385,958679.375,3017.955479452055,1101553.75,548.7191780821918,200282.5
VIPV50_Wp700,401,work,1101.7247716894976,402129.5416666666,544.4383561643835,198720.0,136.1095890410959,49680.0
VIPV50_Wp700,402,home,3036.456735159818,1108306.7083333335,736.8158232206343,268937.7754755315,316.06849315068496,115365.0
VIPV50_Wp700,402,public,2510.140410958904,916201.25,2746.722602739726,1002553.75,499.40410958904107,182282.5
VIPV50_Wp700,402,work,1075.0787671232877,392403.75,546.4383561643835,199450.0,136.6095890410959,49862.5
VIPV50_Wp700,403,home,13080.769406392696,4774480.833333334,3157.785888940938,1152591.8494634423,1340.4110295156052,489250.0257731959
VIPV50_Wp700,403,public,1594.8310502283102,582113.3333333333,1713.626712328767,625473.75,311.56849315068496,113722.5
VIPV50_Wp700,403,work,2427.121689497717,885899.4166666667,1154.8219178082193,421510.0,288.7054794520548,105377.5
VIPV50_Wp700,404,home,2257.8021689497714,824097.7916666666,514.0874502194507,187641.9193300995,225.13144648353617,82172.9779664907
VIPV50_Wp700,404,public,417.1283105022831,152251.83333333334,407.3767123287671,148692.5,74.06849315068493,27035.0
VIPV50_Wp700,404,work,1063.0666666666668,388019.3333333334,576.8493150684932,210550.0,144.2123287671233,52637.5
VIPV50_Wp700,405,home,4898.116780821918,1787812.625,1103.2101871026673,402671.7182924736,503.7917267483778,183883.9802631579
VIPV50_Wp700,405,public,682.1852739726028,248997.625,724.4554794520548,264426.25,131.71917808219177,48077.5
VIPV50_Wp700,405,work,113.72557077625571,41509.833333333336,34.68493150684932,12660.000000000002,8.67123287671233,3165.0000000000005
VIPV50_Wp700,406,home,1568.8392694063925,572626.3333333333,448.9545753793451,163868.42001346097,161.66438356164383,59007.5
VIPV50_Wp700,406,public,366.17168949771684,133652.66666666666,439.4349315068493,160393.75,79.8972602739726,29162.5
VIPV50_Wp700,406,work,0.0,0.0,0.0,0.0,0.0,0.0
VIPV50_Wp700,407,home,0.0,0.0,0.0,0.0,0.0,0.0
VIPV50_Wp700,407,public,199.648401826484,72871.66666666666,249.53424657534248,91080.0,45.36986301369863,16560.0
VIPV50_Wp700,407,work,0.0,0.0,0.0,0.0,0.0,0.0
VIPV50_Wp700,408,home,9666.090296803653,3528122.9583333335,2328.780798213691,850004.9913479972,981.6252902476252,358293.2309403832
VIPV50_Wp700,408,public,611.7014840182649,223271.0416666667,869.9794520547945,317542.5,158.17808219178082,57735.0
VIPV50_Wp700,408,work,132.09223744292237,48213.666666666664,49.47945205479452,18060.0,12.36986301369863,4515.0
VIPV50_Wp700,409,home,8028.827625570777,2930522.0833333335,1885.5586225017707,688228.8972131463,850.0395685130078,310264.44250724785
VIPV50_Wp700,409,public,1425.191210045662,520194.7916666667,1792.4349315068494,654238.75,325.8972602739726,118952.5
VIPV50_Wp700,409,work,0.0,0.0,0.0,0.0,0.0,0.0
VIPV50_Wp700,41,home,1905.5051369863013,695509.375,438.0168440457229,159876.14807668887,193.513698630137,70632.5
VIPV50_Wp700,41,public,0.0,0.0,0.0,0.0,0.0,0.0
VIPV50_Wp700,41,work,0.0,0.0,0.0,0.0,0.0,0.0
VIPV50_Wp700,410,home,0.0,0.0,0.0,0.0,0.0,0.0
VIPV50_Wp700,410,public,201.0818493150685,73394.875,239.47602739726028,87408.75,43.54109589041096,15892.5
VIPV50_Wp700,410,work,0.0,0.0,0.0,0.0,0.0,0.0
VIPV50_Wp700,411,home,2728.3044520547946,995831.125,635.3104569561423,231888.3167889919,284.0614845935704,103682.4418766532
VIPV50_Wp700,411,public,1362.28801369863,497235.125,1627.849315068493,594165.0,295.972602739726,108030.0
VIPV50_Wp700,411,work,0.0,0.0,0.0,0.0,0.0,0.0
VIPV50_Wp700,412,home,2110.514726027397,770337.875,471.35997179769015,172046.38970615692,208.9152297964364,76254.05887569928
VIPV50_Wp700,412,public,670.8421232876713,244857.375,832.4589041095891,303847.5,151.35616438356163,55245.0
VIPV50_Wp700,412,work,0.0,0.0,0.0,0.0,0.0,0.0
VIPV50_Wp700,413,home,0.0,0.0,0.0,0.0,0.0,0.0
VIPV50_Wp700,413,public,0.0,0.0,0.0,0.0,0.0,0.0
VIPV50_Wp700,413,work,0.0,0.0,0.0,0.0,0.0,0.0
VIPV50_Wp700,414,home,2109.580479452055,769996.875,495.6035852913214,180895.3086313323,207.15753424657535,75612.5
VIPV50_Wp700,414,public,818.4213470319634,298723.7916666666,995.236301369863,363261.25,180.95205479452054,66047.5
VIPV50_Wp700,414,work,0.0,0.0,0.0,0.0,0.0,0.0
VIPV50_Wp700,415,home,4933.328196347032,1800664.7916666667,1015.8860893232288,370798.42260297853,491.1557828301642,179271.86073300993
VIPV50_Wp700,415,public,1446.9963470319638,528153.6666666667,1816.3561643835617,662970.0,330.24657534246575,120540.0
VIPV50_Wp700,415,work,0.0,0.0,0.0,0.0,0.0,0.0
VIPV50_Wp700,416,home,5455.543607305935,1991273.4166666665,1254.4694362694709,457881.34423835686,532.6598858561305,194420.85833748762
VIPV50_Wp700,416,public,41.23949771689498,15052.416666666668,34.50684931506849,12595.0,6.273972602739726,2290.0
VIPV50_Wp700,416,work,0.0,0.0,0.0,0.0,0.0,0.0
VIPV50_Wp700,417,home,3407.71997716895,1243817.7916666667,768.1690014702963,280381.68553665816,349.6678810264629,127628.77657465896
VIPV50_Wp700,417,public,834.380707762557,304548.9583333333,906.1061643835617,330728.75,164.74657534246575,60132.5
VIPV50_Wp700,417,work,64.87385844748859,23678.958333333332,34.9041095890411,12740.0,8.726027397260275,3185.0
VIPV50_Wp700,418,home,0.0,0.0,0.0,0.0,0.0,0.0
VIPV50_Wp700,418,public,513.8003424657534,187537.125,519.1095890410959,189475.0,94.38356164383562,34450.0
VIPV50_Wp700,418,work,0.0,0.0,0.0,0.0,0.0,0.0
VIPV50_Wp700,419,home,8016.485844748858,2926017.333333333,2066.9438233709084,754434.4955303816,835.4622672979896,304943.7275637662
VIPV50_Wp700,419,public,4933.895433789954,1800871.8333333333,5488.8493150684935,2003430.0,997.972602739726,364260.0
VIPV50_Wp700,419,work,193.95947488584474,70795.20833333333,79.34246575342466,28960.000000000004,19.835616438356166,7240.000000000001
VIPV50_Wp700,42,home,1793.08002283105,654474.2083333333,359.7343171370563,131303.02575502553,182.56037882756962,66634.53827206291
VIPV50_Wp700,42,public,888.5433789954338,324318.3333333334,856.1164383561644,312482.5,155.65753424657535,56815.0
VIPV50_Wp700,42,work,260.1138127853881,94941.54166666666,163.75342465753425,59770.0,40.93835616438356,14942.5
VIPV50_Wp700,420,home,14620.429337899544,5336456.708333334,3468.345358450605,1265946.0558344708,1489.3971114209664,543629.9456686528
VIPV50_Wp700,420,public,1331.6358447488585,486047.0833333334,1614.5513698630136,589311.25,293.55479452054794,107147.5
VIPV50_Wp700,420,work,1365.8955479452054,498551.875,693.2328767123288,253030.0,173.3082191780822,63257.5
VIPV50_Wp700,421,home,4847.582305936074,1769367.5416666667,1217.4203860151251,444358.4408955207,483.611132932777,176518.06352046362
VIPV50_Wp700,421,public,2366.0087899543378,863593.2083333333,2609.2602739726026,952380.0,474.4109589041096,173160.0
VIPV50_Wp700,421,work,1914.7608447488585,698887.7083333334,917.1232876712329,334750.0,229.28082191780823,83687.5
VIPV50_Wp700,422,home,509.63550228310504,186016.95833333334,140.42123287671234,51253.75,46.26712328767123,16887.5
VIPV50_Wp700,422,public,173.75091324200915,63419.083333333336,105.85616438356165,38637.5,19.246575342465754,7025.0
VIPV50_Wp700,422,work,262.4553652968036,95796.20833333333,126.27397260273973,46090.0,31.568493150684933,11522.5
VIPV50_Wp700,423,home,5424.784474885845,1980046.3333333335,1150.2837071472718,419853.5531087542,528.0179025031008,192726.5344136318
VIPV50_Wp700,423,public,2868.008105022831,1046822.9583333334,3303.0558453148033,1205615.3835399032,600.5556082390552,219202.79700725514
VIPV50_Wp700,423,work,0.0,0.0,0.0,0.0,0.0,0.0
VIPV50_Wp700,424,home,9110.8,3325442.0,2099.147706864475,766188.9130055334,940.5466906332854,343299.5420811492
VIPV50_Wp700,424,public,3946.9650684931507,1440642.25,4482.261202168355,1636025.3387914498,814.9565822124283,297459.15250753635
VIPV50_Wp700,424,work,119.31107305936072,43548.541666666664,57.205479452054796,20880.0,14.301369863013699,5220.0
VIPV50_Wp700,425,home,7443.880707762556,2717016.458333333,1755.307423070031,640687.2094205613,744.7519662893964,271834.4676956297
VIPV50_Wp700,425,public,957.5188356164383,349494.375,1130.8150684931506,412747.5,205.6027397260274,75045.0
VIPV50_Wp700,425,work,0.0,0.0,0.0,0.0,0.0,0.0
VIPV50_Wp700,426,home,2493.86700913242,910261.4583333334,600.8220883316782,219300.06224106255,259.23972602739724,94622.5
VIPV50_Wp700,426,public,1439.5597031963473,525439.2916666667,1727.0,630355.0,314.0,114610.0
VIPV50_Wp700,426,work,58.44360730593608,21331.916666666668,29.91780821917808,10920.0,7.47945205479452,2730.0
VIPV50_Wp700,427,home,3799.93801369863,1386977.375,963.9110087557651,351827.51819585427,383.42255325298675,139949.23193734017
VIPV50_Wp700,427,public,10.585502283105024,3863.7083333333335,17.14041095890411,6256.25,3.1164383561643834,1137.5
VIPV50_Wp700,427,work,254.50924657534247,92895.875,102.71232876712328,37490.0,25.67808219178082,9372.5
VIPV50_Wp700,428,home,2538.827168949772,926671.9166666667,682.2477770472804,249020.43862225732,253.03424657534248,92357.5
VIPV50_Wp700,428,public,809.0304794520548,295296.125,968.9794520547945,353677.5,176.17808219178082,64305.0
VIPV50_Wp700,428,work,486.5970319634704,177607.9166666667,264.63013698630135,96590.0,66.15753424657534,24147.5
VIPV50_Wp700,429,home,2709.7665525114157,989064.7916666667,654.2391829781573,238797.3017870274,284.90410958904107,103990.0
VIPV50_Wp700,429,public,0.0,0.0,0.0,0.0,0.0,0.0
VIPV50_Wp700,429,work,78.85114155251141,28780.666666666664,45.36986301369863,16560.0,11.342465753424657,4140.0
VIPV50_Wp700,43,home,8969.58595890411,3273898.875,2179.054783297673,795354.9959036508,925.4442543872884,337787.15285136027
VIPV50_Wp700,43,public,2099.937785388128,766477.2916666666,2568.1609589041095,937378.75,466.93835616438355,170432.5
VIPV50_Wp700,43,work,626.5995433789956,228708.83333333337,338.0821917808219,123400.0,84.52054794520548,30850.0
VIPV50_Wp700,430,home,2867.151712328767,1046510.375,792.5567166232901,289283.2015675009,304.6808715121458,111208.51810193322
VIPV50_Wp700,430,public,2024.706735159817,739017.9583333333,2560.1077097721986,934439.3140668524,465.47412904949067,169898.0571030641
VIPV50_Wp700,430,work,0.0,0.0,0.0,0.0,0.0,0.0
VIPV50_Wp700,431,home,0.0,0.0,0.0,0.0,0.0,0.0
VIPV50_Wp700,431,public,228.86415525114154,83535.41666666666,230.54794520547946,84150.0,41.917808219178085,15300.0
VIPV50_Wp700,431,work,0.0,0.0,0.0,0.0,0.0,0.0
VIPV50_Wp700,432,home,4358.276484018265,1590770.9166666667,949.2400083376825,346472.6030432541,438.08708139141874,159901.78470786783
VIPV50_Wp700,432,public,0.0,0.0,0.0,0.0,0.0,0.0
VIPV50_Wp700,432,work,0.0,0.0,0.0,0.0,0.0,0.0
VIPV50_Wp700,433,home,0.0,0.0,0.0,0.0,0.0,0.0
VIPV50_Wp700,433,public,0.0,0.0,0.0,0.0,0.0,0.0
VIPV50_Wp700,433,work,110.14429223744294,40202.66666666667,39.67123287671233,14480.0,9.917808219178083,3620.0
VIPV50_Wp700,434,home,1539.2794520547945,561837.0,394.09380927955976,143844.24038703932,151.65068493150685,55352.5
VIPV50_Wp700,434,public,503.3473744292237,183721.79166666666,585.5239726027397,213716.25,106.45890410958904,38857.5
VIPV50_Wp700,434,work,39.87328767123287,14553.75,17.26027397260274,6300.0,4.315068493150685,1575.0
VIPV50_Wp700,435,home,1098.8319634703196,401073.6666666666,335.32890206082476,122395.04925220105,120.02693591142511,43809.83160767017
VIPV50_Wp700,435,public,0.0,0.0,0.0,0.0,0.0,0.0
VIPV50_Wp700,435,work,0.0,0.0,0.0,0.0,0.0,0.0
VIPV50_Wp700,436,home,4622.101826484019,1687067.1666666667,1062.2202813192246,387710.40268151695,481.1322740629202,175613.28003296588
VIPV50_Wp700,436,public,309.2948630136986,112892.625,495.45205479452056,180840.0,90.08219178082192,32880.0
VIPV50_Wp700,436,work,360.82420091324195,131700.8333333333,222.08219178082192,81060.0,55.52054794520548,20265.0
VIPV50_Wp700,437,home,1518.48801369863,554248.125,380.56198140943843,138905.12321444502,146.57534246575344,53500.0
VIPV50_Wp700,437,public,31.881164383561643,11636.625,17.14041095890411,6256.25,3.1164383561643842,1137.5000000000002
VIPV50_Wp700,437,work,0.0,0.0,0.0,0.0,0.0,0.0
VIPV50_Wp700,438,home,1532.7711187214609,559461.4583333333,362.82961859909835,132432.8107886709,156.8082191780822,57235.0
VIPV50_Wp700,438,public,73.20091324200914,26718.333333333336,110.9041095890411,40480.0,20.164383561643834,7360.0
VIPV50_Wp700,438,work,253.88607305936074,92668.41666666667,130.9041095890411,47780.0,32.726027397260275,11945.0
VIPV50_Wp700,439,home,0.0,0.0,0.0,0.0,0.0,0.0
VIPV50_Wp700,439,public,22.51689497716895,8218.666666666666,45.054794520547944,16445.0,8.191780821917808,2990.0
VIPV50_Wp700,439,work,0.0,0.0,0.0,0.0,0.0,0.0
VIPV50_Wp700,44,home,1630.1985159817352,595022.4583333334,391.4827143587461,142891.19074094231,166.17123287671234,60652.5
VIPV50_Wp700,44,public,0.0,0.0,0.0,0.0,0.0,0.0
VIPV50_Wp700,44,work,0.0,0.0,0.0,0.0,0.0,0.0
VIPV50_Wp700,440,home,1784.1649543378996,651220.2083333334,447.4311518741963,163312.37043408165,185.1164383561644,67567.5
VIPV50_Wp700,440,public,723.1207762557078,263939.0833333334,811.028066290679,296025.24419609783,147.45964841648708,53822.771672017785
VIPV50_Wp700,440,work,22.474885844748854,8203.333333333332,7.561643835616438,2760.0,1.8904109589041096,690.0
VIPV50_Wp700,441,home,15820.453424657535,5774465.5,3584.5176418464566,1308348.9392739567,1588.3974838853942,579765.0816181689
VIPV50_Wp700,441,public,2762.2976027397262,1008238.625,3151.0776540242287,1150143.3437188435,572.9232098225871,209116.97158524426
VIPV50_Wp700,441,work,527.8834474885845,192677.45833333334,270.35616438356163,98680.0,67.58904109589041,24670.0
VIPV50_Wp700,442,home,4582.847031963471,1672739.1666666667,953.4363733088378,348004.2762577258,468.0098679266743,170823.60179323613
VIPV50_Wp700,442,public,1030.3557077625571,376079.8333333333,1008.3458904109589,368046.25,183.33561643835617,66917.5
VIPV50_Wp700,442,work,218.49737442922375,79751.54166666667,100.10958904109589,36540.0,25.027397260273972,9135.0
VIPV50_Wp700,443,home,7863.9735159817355,2870350.3333333335,2017.731726003274,736472.079991195,797.7477976108113,291177.94612794614
VIPV50_Wp700,443,public,1374.9268264840184,501848.2916666667,1700.7431506849316,620771.25,309.2260273972603,112867.5
VIPV50_Wp700,443,work,167.74246575342468,61226.00000000001,85.6986301369863,31280.0,21.424657534246574,7820.0
VIPV50_Wp700,444,home,9317.832762557078,3401008.9583333335,2287.2362790297266,834841.2418458501,943.3876545628331,344336.49391543405
VIPV50_Wp700,444,public,868.94200913242,317163.8333333333,788.5342465753424,287815.0,143.36986301369862,52330.0
VIPV50_Wp700,444,work,74.27214611872147,27109.333333333336,37.80821917808219,13800.0,9.452054794520548,3450.0
VIPV50_Wp700,445,home,18528.310616438357,6762833.375,4266.854908872556,1557402.041738483,1848.5826554855635,674732.6692522307
VIPV50_Wp700,445,public,6600.83413242009,2409304.458333333,7679.966627855862,2803187.8191673895,1396.3575687010657,509670.512575889
VIPV50_Wp700,445,work,1377.0552511415526,502625.1666666667,680.3013698630137,248310.0,170.07534246575344,62077.5
VIPV50_Wp700,446,home,0.0,0.0,0.0,0.0,0.0,0.0
VIPV50_Wp700,446,public,70.16575342465754,25610.5,86.64383561643835,31625.0,15.753424657534246,5750.0
VIPV50_Wp700,446,work,3155.568721461187,1151782.5833333333,1647.041095890411,601170.0,411.76027397260276,150292.5
VIPV50_Wp700,447,home,0.0,0.0,0.0,0.0,0.0,0.0
VIPV50_Wp700,447,public,42.345205479452055,15456.0,79.71232876712328,29095.0,14.493150684931507,5290.0
VIPV50_Wp700,447,work,360.5305936073059,131593.66666666666,189.2054794520548,69060.0,47.3013698630137,17265.0
VIPV50_Wp700,448,home,9831.204109589042,3588389.5,2261.9019240637267,825594.2022832602,1017.7564432683213,371481.10179293726
VIPV50_Wp700,448,public,1715.5908675799085,626190.6666666666,1976.4965753424658,721421.25,359.36301369863014,131167.5
VIPV50_Wp700,448,work,1164.1182648401827,424903.1666666667,665.2602739726027,242820.0,166.31506849315068,60705.0
VIPV50_Wp700,449,home,8614.90182648402,3144439.166666667,2322.507484760256,847715.2319374934,889.4405636473941,324645.80573129887
VIPV50_Wp700,449,public,1723.377625570776,629032.8333333333,1982.373287671233,723566.25,360.43150684931504,131557.5
VIPV50_Wp700,449,work,0.0,0.0,0.0,0.0,0.0,0.0
VIPV50_Wp700,45,home,4032.4308219178083,1471837.25,753.5437043579133,275043.45209063834,403.93322115249356,147435.62572066014
VIPV50_Wp700,45,public,786.3073059360729,287002.1666666666,1087.8698630136987,397072.5,197.7945205479452,72195.0
VIPV50_Wp700,45,work,69.21575342465754,25263.75,36.98630136986301,13499.999999999998,9.246575342465752,3374.9999999999995
VIPV50_Wp700,450,home,12532.408789954337,4574329.208333333,3130.1794578815197,1142515.5021267547,1290.9716882275611,471204.6662030598
VIPV50_Wp700,450,public,2682.6513698630138,979167.75,3095.821917808219,1129975.0,562.8767123287671,205450.0
VIPV50_Wp700,450,work,306.1135844748859,111731.45833333334,154.9041095890411,56540.0,38.726027397260275,14135.0
VIPV50_Wp700,451,home,7720.773744292238,2818082.416666667,1623.3604739492016,592526.5729914586,779.0178214063692,284341.5048133248
VIPV50_Wp700,451,public,2433.6268264840182,888273.7916666666,2730.2979452054797,996558.75,496.4178082191781,181192.5
VIPV50_Wp700,451,work,358.5077625570776,130855.33333333333,145.53424657534248,53120.00000000001,36.38356164383562,13280.000000000002
VIPV50_Wp700,452,home,2605.8988584474887,951153.0833333334,638.7917072463308,233158.97314491073,271.63698630136986,99147.5
VIPV50_Wp700,452,public,115.20696347031965,42050.54166666667,110.03767123287672,40163.75,20.006849315068493,7302.5
VIPV50_Wp700,452,work,0.0,0.0,0.0,0.0,0.0,0.0
VIPV50_Wp700,453,home,680.9639269406393,248551.83333333334,183.65784763208214,67035.11438570998,65.44520547945206,23887.5
VIPV50_Wp700,453,public,0.0,0.0,0.0,0.0,0.0,0.0
VIPV50_Wp700,453,work,0.0,0.0,0.0,0.0,0.0,0.0
VIPV50_Wp700,454,home,7257.513812785388,2648992.5416666665,1926.9796249462468,703347.56310538,761.1536067874632,277821.06647742406
VIPV50_Wp700,454,public,206.15924657534248,75248.125,192.5,70262.5,35.0,12775.0
VIPV50_Wp700,454,work,0.0,0.0,0.0,0.0,0.0,0.0
VIPV50_Wp700,455,home,0.0,0.0,0.0,0.0,0.0,0.0
VIPV50_Wp700,455,public,279.7898401826484,102123.29166666666,321.29794520547944,117273.74999999999,58.417808219178085,21322.5
VIPV50_Wp700,455,work,0.0,0.0,0.0,0.0,0.0,0.0
VIPV50_Wp700,456,home,1349.32602739726,492503.99999999994,273.97377712725154,100000.42865144681,141.8972602739726,51792.5
VIPV50_Wp700,456,public,462.66506849315067,168872.75,434.91438356164383,158743.75,79.07534246575342,28862.5
VIPV50_Wp700,456,work,0.0,0.0,0.0,0.0,0.0,0.0
VIPV50_Wp700,457,home,0.0,0.0,0.0,0.0,0.0,0.0
VIPV50_Wp700,457,public,86.55,31590.75,75.1917808219178,27445.0,13.67123287671233,4990.0
VIPV50_Wp700,457,work,0.0,0.0,0.0,0.0,0.0,0.0
VIPV50_Wp700,458,home,0.0,0.0,0.0,0.0,0.0,0.0
VIPV50_Wp700,458,public,367.569292237443,134162.7916666667,400.2191780821918,146080.0,72.76712328767124,26560.0
VIPV50_Wp700,458,work,4578.738242009133,1671239.4583333335,2404.904109589041,877790.0,601.2260273972603,219447.5
VIPV50_Wp700,459,home,0.0,0.0,0.0,0.0,0.0,0.0
VIPV50_Wp700,459,public,21.547716894977167,7864.916666666666,34.582191780821915,12622.499999999998,6.287671232876712,2295.0
VIPV50_Wp700,459,work,0.0,0.0,0.0,0.0,0.0,0.0
VIPV50_Wp700,46,home,1061.7608447488585,387542.7083333334,291.700194434149,106470.5709684644,108.19631679712624,39491.65563095108
VIPV50_Wp700,46,public,1374.1131278538812,501551.2916666667,1854.4041095890411,676857.5,337.16438356164383,123065.0
VIPV50_Wp700,46,work,482.4417808219178,176091.25,236.3013698630137,86250.0,59.07534246575342,21562.5
VIPV50_Wp700,460,home,9311.759589041096,3398792.25,2419.3996342580976,883080.8665042056,946.2882633915584,345395.2161379188
VIPV50_Wp700,460,public,3680.391095890411,1343342.75,3796.961074239696,1385890.792097489,690.3565589526719,251980.14401772525
VIPV50_Wp700,460,work,0.0,0.0,0.0,0.0,0.0,0.0
VIPV50_Wp700,461,home,11848.752968036531,4324794.833333334,2813.3831646268973,1026884.8550888175,1221.5660460002068,445871.6067900755
VIPV50_Wp700,461,public,2624.9172374429227,958094.7916666667,3312.582191780822,1209092.5,602.2876712328767,219835.0
VIPV50_Wp700,461,work,401.2721461187215,146464.33333333334,205.75342465753425,75100.0,51.43835616438356,18775.0
VIPV50_Wp700,462,home,6571.166780821918,2398475.875,1685.9769683385657,615381.5934435765,688.0758368824177,251147.68046208244
VIPV50_Wp700,462,public,1454.2621004566208,530805.6666666666,1674.0342465753424,611022.5,304.36986301369865,111095.0
VIPV50_Wp700,462,work,1142.7439497716894,417101.5416666666,671.5616438356165,245120.0,167.8904109589041,61280.0
VIPV50_Wp700,463,home,13592.010388127856,4961083.791666667,3125.9915758728475,1140986.9251935894,1370.5292275286738,500243.1680479659
VIPV50_Wp700,463,public,1694.009817351598,618313.5833333333,2213.3379464497325,807868.3504541523,402.42508117267863,146885.1546280277
VIPV50_Wp700,463,work,81.98630136986301,29925.0,51.78082191780822,18900.0,12.945205479452055,4725.0
VIPV50_Wp700,464,home,5165.024315068493,1885233.875,1306.5006091197065,476872.7223286929,542.4568212083612,197996.73974105186
VIPV50_Wp700,464,public,349.21495433789954,127463.45833333333,461.02054794520546,168272.5,83.82191780821918,30595.0
VIPV50_Wp700,464,work,97.7324200913242,35672.333333333336,27.561643835616437,10060.0,6.890410958904109,2515.0
VIPV50_Wp700,465,home,2038.4707762557075,744041.8333333333,439.99468056423444,160598.05840594557,202.58904109589042,73945.0
VIPV50_Wp700,465,public,0.0,0.0,0.0,0.0,0.0,0.0
VIPV50_Wp700,465,work,256.972602739726,93795.0,97.64383561643835,35640.0,24.410958904109588,8910.0
VIPV50_Wp700,466,home,0.0,0.0,0.0,0.0,0.0,0.0
VIPV50_Wp700,466,public,284.34623287671235,103786.375,291.8390410958904,106521.25,53.06164383561644,19367.5
VIPV50_Wp700,466,work,590.3683789954338,215484.45833333334,290.3835616438356,105990.0,72.5958904109589,26497.5
VIPV50_Wp700,467,home,796.7598173515983,290817.3333333334,187.48085860047723,68430.51338917419,81.94570769450625,29910.183308494783
VIPV50_Wp700,467,public,0.0,0.0,0.0,0.0,0.0,0.0
VIPV50_Wp700,467,work,422.76484018264836,154309.16666666666,199.04109589041096,72650.0,49.76027397260274,18162.5
VIPV50_Wp700,468,home,17148.877511415525,6259340.291666666,3930.831157278404,1434753.3724066175,1719.118272664382,627478.1695224994
VIPV50_Wp700,468,public,7121.514840182649,2599352.916666667,8116.211117617839,2962417.057930511,1475.674748657789,538621.283260093
VIPV50_Wp700,468,work,214.76050228310504,78387.58333333334,110.41095890410959,40300.0,27.602739726027398,10075.0
VIPV50_Wp700,469,home,14531.593835616439,5304031.75,3529.602609408869,1288304.952434237,1485.4151188622184,542176.5183847097
VIPV50_Wp700,469,public,2433.940867579909,888388.4166666667,2654.7294520547944,968976.25,482.67808219178085,176177.5
VIPV50_Wp700,469,work,1126.2690639269406,411088.2083333333,570.1643835616438,208110.0,142.54109589041096,52027.5
VIPV50_Wp700,47,home,2059.991095890411,751896.75,582.4776759083013,212604.35170652997,207.93835616438355,75897.5
VIPV50_Wp700,47,public,0.0,0.0,0.0,0.0,0.0,0.0
VIPV50_Wp700,47,work,0.0,0.0,0.0,0.0,0.0,0.0
VIPV50_Wp700,470,home,13772.705479452055,5027037.5,3231.9500881258487,1179661.7821659348,1436.4934629795198,524320.1139875248
VIPV50_Wp700,470,public,7873.4578767123285,2873812.125,8953.12417638853,3267890.3243818134,1627.8407593433692,594161.8771603297
VIPV50_Wp700,470,work,236.5283105022831,86332.83333333333,120.10958904109589,43840.0,30.027397260273972,10960.0
VIPV50_Wp700,471,home,892.1195205479452,325623.625,205.91318993574473,75158.31432654682,89.1335661678218,32533.751651254956
VIPV50_Wp700,471,public,0.0,0.0,0.0,0.0,0.0,0.0
VIPV50_Wp700,471,work,843.4205479452055,307848.5,443.67123287671234,161940.0,110.91780821917808,40485.0
VIPV50_Wp700,472,home,1023.2502283105024,373486.3333333334,251.03046930900354,91626.12129778629,108.46575342465754,39590.0
VIPV50_Wp700,472,public,0.0,0.0,0.0,0.0,0.0,0.0
VIPV50_Wp700,472,work,0.0,0.0,0.0,0.0,0.0,0.0
VIPV50_Wp700,473,home,0.0,0.0,0.0,0.0,0.0,0.0
VIPV50_Wp700,473,public,451.30764840182644,164727.29166666666,450.208904109589,164326.25,81.85616438356165,29877.5
VIPV50_Wp700,473,work,0.0,0.0,0.0,0.0,0.0,0.0
VIPV50_Wp700,474,home,3135.3902968036527,1144417.4583333333,704.0387967264808,256974.16080516548,319.4201424933016,116588.3520100551
VIPV50_Wp700,474,public,401.05194063926933,146383.9583333333,626.9246575342465,228827.5,113.98630136986301,41605.0
VIPV50_Wp700,474,work,53.38458904109589,19485.375,29.91780821917808,10920.0,7.47945205479452,2730.0
VIPV50_Wp700,475,home,4060.9804794520546,1482257.875,1053.1848830844635,384412.4823258292,424.8179584546781,155058.5548359575
VIPV50_Wp700,475,public,1655.322374429224,604192.6666666667,1769.0787671232877,645713.75,321.6506849315069,117402.5
VIPV50_Wp700,475,work,0.0,0.0,0.0,0.0,0.0,0.0
VIPV50_Wp700,476,home,5848.588127853881,2134734.6666666665,1424.0879285129724,519792.09390723496,598.082191780822,218300.0
VIPV50_Wp700,476,public,114.06438356164384,41633.5,89.43150684931507,32642.5,16.26027397260274,5935.0
VIPV50_Wp700,476,work,295.84817351598167,107984.58333333331,173.23287671232876,63230.0,43.30821917808219,15807.5
VIPV50_Wp700,477,home,889.3012557077626,324594.9583333334,155.73273809826594,56842.44940586707,88.52904028200969,32313.099702933534
VIPV50_Wp700,477,public,0.0,0.0,0.0,0.0,0.0,0.0
VIPV50_Wp700,477,work,0.0,0.0,0.0,0.0,0.0,0.0
VIPV50_Wp700,478,home,776.8678082191781,283556.75,199.76387792498005,72913.81544261772,85.12781043829276,31071.650809976858
VIPV50_Wp700,478,public,0.0,0.0,0.0,0.0,0.0,0.0
VIPV50_Wp700,478,work,0.0,0.0,0.0,0.0,0.0,0.0
VIPV50_Wp700,479,home,6001.162899543379,2190424.4583333335,1488.275031320728,543220.3864320657,616.2986142900425,224948.9942158655
VIPV50_Wp700,479,public,355.25936073059364,129669.66666666667,494.208904109589,180386.25,89.85616438356165,32797.5
VIPV50_Wp700,479,work,0.0,0.0,0.0,0.0,0.0,0.0
VIPV50_Wp700,48,home,416.986301369863,152200.0,105.61385048769638,38549.05542800918,35.04794520547945,12792.5
VIPV50_Wp700,48,public,0.0,0.0,0.0,0.0,0.0,0.0
VIPV50_Wp700,48,work,0.0,0.0,0.0,0.0,0.0,0.0
VIPV50_Wp700,480,home,3078.014726027397,1123475.375,604.3730367684574,220596.15842048693,318.2395620476892,116157.44014740657
VIPV50_Wp700,480,public,1109.4735159817353,404957.8333333334,1112.0924657534247,405913.75,202.1986301369863,73802.5
VIPV50_Wp700,480,work,257.1041095890411,93843.0,158.5205479452055,57860.00000000001,39.63013698630137,14465.000000000002
VIPV50_Wp700,481,home,3081.002397260274,1124565.875,769.287425808606,280789.9104201412,331.23286080626787,120899.99419428778
VIPV50_Wp700,481,public,103.4958904109589,37776.0,81.74657534246575,29837.5,14.863013698630137,5425.0
VIPV50_Wp700,481,work,354.63835616438354,129443.0,167.42465753424656,61110.0,41.85616438356164,15277.5
VIPV50_Wp700,482,home,3036.301255707763,1108249.9583333335,833.0234889494296,304053.5734665418,314.25342465753425,114702.5
VIPV50_Wp700,482,public,149.78013698630136,54669.75,211.59931506849315,77233.75,38.47260273972603,14042.5
VIPV50_Wp700,482,work,120.54497716894977,43998.916666666664,60.38356164383563,22040.000000000004,15.095890410958907,5510.000000000001
VIPV50_Wp700,483,home,0.0,0.0,0.0,0.0,0.0,0.0
VIPV50_Wp700,483,public,692.655593607306,252819.2916666667,674.5787671232877,246221.25,122.65068493150685,44767.5
VIPV50_Wp700,483,work,1906.2368721461185,695776.4583333333,1045.86301369863,381740.0,261.4657534246575,95435.0
VIPV50_Wp700,484,home,8718.51700913242,3182258.7083333335,1895.0211794009117,691682.7304813328,868.9470694228739,317165.68033934897
VIPV50_Wp700,484,public,822.0196347031963,300037.1666666666,913.3767123287671,333382.5,166.06849315068493,60615.0
VIPV50_Wp700,484,work,0.0,0.0,0.0,0.0,0.0,0.0
VIPV50_Wp700,485,home,4367.149429223745,1594009.5416666667,1091.6484281925325,398451.67629027436,434.8082191780822,158705.0
VIPV50_Wp700,485,public,421.33082191780824,153785.75,529.8458904109589,193393.75,96.33561643835617,35162.5
VIPV50_Wp700,485,work,91.45319634703198,33380.41666666667,39.83561643835616,14540.0,9.95890410958904,3635.0
VIPV50_Wp700,486,home,8044.320433789955,2936176.9583333335,1864.704411534831,680617.1102102133,857.2974920408434,312913.5845949078
VIPV50_Wp700,486,public,2760.070433789954,1007425.7083333333,3520.4897260273974,1284978.75,640.0890410958904,233632.5
VIPV50_Wp700,486,work,0.0,0.0,0.0,0.0,0.0,0.0
VIPV50_Wp700,487,home,0.0,0.0,0.0,0.0,0.0,0.0
VIPV50_Wp700,487,public,0.0,0.0,0.0,0.0,0.0,0.0
VIPV50_Wp700,487,work,0.0,0.0,0.0,0.0,0.0,0.0
VIPV50_Wp700,488,home,0.0,0.0,0.0,0.0,0.0,0.0
VIPV50_Wp700,488,public,0.0,0.0,0.0,0.0,0.0,0.0
VIPV50_Wp700,488,work,0.0,0.0,0.0,0.0,0.0,0.0
VIPV50_Wp700,489,home,0.0,0.0,0.0,0.0,0.0,0.0
VIPV50_Wp700,489,public,81.69132420091324,29817.333333333336,68.10958904109589,24860.0,12.383561643835616,4520.0
VIPV50_Wp700,489,work,0.0,0.0,0.0,0.0,0.0,0.0
VIPV50_Wp700,49,home,0.0,0.0,0.0,0.0,0.0,0.0
VIPV50_Wp700,49,public,0.0,0.0,0.0,0.0,0.0,0.0
VIPV50_Wp700,49,work,0.0,0.0,0.0,0.0,0.0,0.0
VIPV50_Wp700,490,home,1251.2099315068492,456691.625,323.984350524735,118254.28794152828,130.58904109589042,47665.0
VIPV50_Wp700,490,public,28.623287671232877,10447.5,6.780821917808219,2475.0,1.2328767123287672,450.0
VIPV50_Wp700,490,work,0.0,0.0,0.0,0.0,0.0,0.0
VIPV50_Wp700,491,home,1698.953881278539,620118.1666666667,387.7339824655704,141522.9035999332,162.0068493150685,59132.5
VIPV50_Wp700,491,public,0.0,0.0,0.0,0.0,0.0,0.0
VIPV50_Wp700,491,work,0.0,0.0,0.0,0.0,0.0,0.0
VIPV50_Wp700,492,home,2891.265410958904,1055311.875,662.2421293207245,241718.37720206444,303.48994819000353,110773.83108935128
VIPV50_Wp700,492,public,48.444292237442916,17682.166666666664,27.424657534246574,10010.0,4.986301369863014,1820.0
VIPV50_Wp700,492,work,0.0,0.0,0.0,0.0,0.0,0.0
VIPV50_Wp700,493,home,718.8779680365296,262390.4583333333,188.38656933181372,68761.09780611201,75.03424657534246,27387.5
VIPV50_Wp700,493,public,311.824200913242,113815.83333333333,278.3904109589041,101612.5,50.61643835616438,18475.0
VIPV50_Wp700,493,work,0.0,0.0,0.0,0.0,0.0,0.0
VIPV50_Wp700,494,home,0.0,0.0,0.0,0.0,0.0,0.0
VIPV50_Wp700,494,public,0.0,0.0,0.0,0.0,0.0,0.0
VIPV50_Wp700,494,work,136.00365296803653,49641.333333333336,57.28767123287671,20910.0,14.321917808219178,5227.5
VIPV50_Wp700,495,home,0.0,0.0,0.0,0.0,0.0,0.0
VIPV50_Wp700,495,public,57.615753424657534,21029.75,55.18835616438356,20143.75,10.034246575342467,3662.5
VIPV50_Wp700,495,work,0.0,0.0,0.0,0.0,0.0,0.0
VIPV50_Wp700,496,home,0.0,0.0,0.0,0.0,0.0,0.0
VIPV50_Wp700,496,public,11.85285388127854,4326.291666666667,23.996575342465754,8758.75,4.363013698630137,1592.5
VIPV50_Wp700,496,work,0.0,0.0,0.0,0.0,0.0,0.0
VIPV50_Wp700,497,home,0.0,0.0,0.0,0.0,0.0,0.0
VIPV50_Wp700,497,public,65.5134703196347,23912.416666666668,75.90753424657534,27706.25,13.801369863013699,5037.5
VIPV50_Wp700,497,work,533.2570776255708,194638.83333333334,265.041095890411,96740.0,66.26027397260275,24185.0
VIPV50_Wp700,498,home,0.0,0.0,0.0,0.0,0.0,0.0
VIPV50_Wp700,498,public,1309.6493150684933,478022.0,1276.7534246575342,466015.0,232.13698630136986,84730.0
VIPV50_Wp700,498,work,1418.9010273972603,517898.875,754.5479452054794,275410.0,188.63698630136986,68852.5
VIPV50_Wp700,499,home,9319.349771689498,3401562.666666667,2328.6745828208495,849966.2227296102,962.036416132087,351143.29188821174
VIPV50_Wp700,499,public,3692.5807077625577,1347791.9583333335,4064.6376998479227,1483592.7604444919,739.0250363359859,269744.13826263486
VIPV50_Wp700,499,work,559.0808219178082,204064.5,262.3013698630137,95740.0,65.57534246575342,23935.0
VIPV50_Wp700,5,home,4669.730707762557,1704451.7083333335,1185.8187199968672,432823.83279885654,489.8717487832689,178803.18830589316
VIPV50_Wp700,5,public,0.0,0.0,0.0,0.0,0.0,0.0
VIPV50_Wp700,5,work,489.4473744292237,178648.29166666666,272.16438356164383,99340.0,68.04109589041096,24835.0
VIPV50_Wp700,50,home,748.3057077625572,273131.5833333334,215.26086777567673,78570.216738122,74.88356164383562,27332.5
VIPV50_Wp700,50,public,0.0,0.0,0.0,0.0,0.0,0.0
VIPV50_Wp700,50,work,0.0,0.0,0.0,0.0,0.0,0.0
VIPV50_Wp700,500,home,10684.675228310503,3899906.4583333335,2503.759062036274,913872.05764324,1099.4995866585864,401317.34913038404
VIPV50_Wp700,500,public,3287.7416666666672,1200025.7083333335,3821.671232876712,1394910.0,694.8493150684932,253620.0
VIPV50_Wp700,500,work,1261.4764840182647,460438.9166666666,670.4931506849315,244730.0,167.62328767123287,61182.5
VIPV50_Wp700,501,home,2668.9882420091326,974180.7083333334,685.4243271424225,250179.8794069842,274.93901372894396,100352.74001106455
VIPV50_Wp700,501,public,1419.819292237443,518234.0416666667,1199.0,437635.0,218.0,79570.0
VIPV50_Wp700,501,work,116.48630136986301,42517.5,61.643835616438366,22500.000000000004,15.410958904109592,5625.000000000001
VIPV50_Wp700,502,home,0.0,0.0,0.0,0.0,0.0,0.0
VIPV50_Wp700,502,public,137.07545662100455,50032.541666666664,140.6267123287671,51328.74999999999,25.568493150684926,9332.499999999998
VIPV50_Wp700,502,work,101.71952054794521,37127.625,54.657534246575345,19950.0,13.664383561643836,4987.5
VIPV50_Wp700,503,home,0.0,0.0,0.0,0.0,0.0,0.0
VIPV50_Wp700,503,public,29.50913242009132,10770.833333333332,62.157534246575345,22687.5,11.301369863013699,4125.0
VIPV50_Wp700,503,work,0.0,0.0,0.0,0.0,0.0,0.0
VIPV50_Wp700,504,home,529.6029680365297,193305.08333333334,154.5223826870512,56400.66968077368,53.31506849315068,19460.0
VIPV50_Wp700,504,public,0.0,0.0,0.0,0.0,0.0,0.0
VIPV50_Wp700,504,work,0.0,0.0,0.0,0.0,0.0,0.0
VIPV50_Wp700,505,home,3266.7929223744295,1192379.4166666667,860.2989779334587,314009.1269457124,336.67123287671234,122885.0
VIPV50_Wp700,505,public,876.0631278538814,319763.0416666667,931.6849315068494,340065.0,169.3972602739726,61830.0
VIPV50_Wp700,505,work,0.0,0.0,0.0,0.0,0.0,0.0
VIPV50_Wp700,506,home,3070.871461187215,1120868.0833333335,891.7622476699489,325493.22039953136,320.0,116800.0
VIPV50_Wp700,506,public,1339.034703196347,488747.6666666667,1654.4349050047706,603868.7403267412,300.8063463645037,109794.31642304386
VIPV50_Wp700,506,work,94.27979452054795,34412.125,29.917808219178077,10919.999999999998,7.479452054794519,2729.9999999999995
VIPV50_Wp700,507,home,0.0,0.0,0.0,0.0,0.0,0.0
VIPV50_Wp700,507,public,325.5058219178082,118809.625,406.1871249962311,148258.30062362435,73.8522045447693,26956.054658840792
VIPV50_Wp700,507,work,0.0,0.0,0.0,0.0,0.0,0.0
VIPV50_Wp700,508,home,0.0,0.0,0.0,0.0,0.0,0.0
VIPV50_Wp700,508,public,0.0,0.0,0.0,0.0,0.0,0.0
VIPV50_Wp700,508,work,0.0,0.0,0.0,0.0,0.0,0.0
VIPV50_Wp700,509,home,646.9876712328767,236150.5,147.85274345386136,53966.2513606594,65.58904109589041,23940.0
VIPV50_Wp700,509,public,0.0,0.0,0.0,0.0,0.0,0.0
VIPV50_Wp700,509,work,0.0,0.0,0.0,0.0,0.0,0.0
VIPV50_Wp700,51,home,0.0,0.0,0.0,0.0,0.0,0.0
VIPV50_Wp700,51,public,0.0,0.0,0.0,0.0,0.0,0.0
VIPV50_Wp700,51,work,0.0,0.0,0.0,0.0,0.0,0.0
VIPV50_Wp700,510,home,0.0,0.0,0.0,0.0,0.0,0.0
VIPV50_Wp700,510,public,0.0,0.0,0.0,0.0,0.0,0.0
VIPV50_Wp700,510,work,0.0,0.0,0.0,0.0,0.0,0.0
VIPV50_Wp700,511,home,2979.546118721461,1087534.3333333333,697.0128418107713,254409.68726093153,308.7054794520548,112677.5
VIPV50_Wp700,511,public,0.0,0.0,0.0,0.0,0.0,0.0
VIPV50_Wp700,511,work,0.0,0.0,0.0,0.0,0.0,0.0
VIPV50_Wp700,512,home,0.0,0.0,0.0,0.0,0.0,0.0
VIPV50_Wp700,512,public,517.7237442922375,188969.1666666667,468.3664383561644,170953.75,85.15753424657534,31082.5
VIPV50_Wp700,512,work,906.0410958904109,330705.0,479.4246575342466,174990.0,119.85616438356165,43747.5
VIPV50_Wp700,513,home,0.0,0.0,0.0,0.0,0.0,0.0
VIPV50_Wp700,513,public,0.0,0.0,0.0,0.0,0.0,0.0
VIPV50_Wp700,513,work,0.0,0.0,0.0,0.0,0.0,0.0
VIPV50_Wp700,514,home,7777.349543378995,2838732.583333333,1908.9292931024004,696759.1919823762,794.3920922003002,289953.1136531096
VIPV50_Wp700,514,public,0.0,0.0,0.0,0.0,0.0,0.0
VIPV50_Wp700,514,work,647.217694063927,236234.45833333334,356.7671232876712,130220.0,89.1917808219178,32555.0
VIPV50_Wp700,515,home,20440.918378995433,7460935.208333333,4889.715171316881,1784746.0375306618,2093.6193260990435,764171.0540261508
VIPV50_Wp700,515,public,2474.7882420091323,903297.7083333334,2971.281951787596,1084517.9124024725,540.2330821431991,197185.0749822677
VIPV50_Wp700,515,work,506.6608447488585,184931.20833333334,248.1917808219178,90590.0,62.04794520547945,22647.5
VIPV50_Wp700,516,home,1149.7534246575342,419660.0,266.25097764701206,97181.6068411594,109.88356164383562,40107.5
VIPV50_Wp700,516,public,117.85525114155253,43017.16666666667,120.92465753424658,44137.5,21.986301369863014,8025.0
VIPV50_Wp700,516,work,0.0,0.0,0.0,0.0,0.0,0.0
VIPV50_Wp700,517,home,1665.275684931507,607825.625,421.711810940291,153924.81099320622,167.34246575342465,61080.0
VIPV50_Wp700,517,public,0.0,0.0,0.0,0.0,0.0,0.0
VIPV50_Wp700,517,work,0.0,0.0,0.0,0.0,0.0,0.0
VIPV50_Wp700,518,home,425.0649543378995,155148.7083333333,107.4417808219178,39216.25,41.88356164383562,15287.5
VIPV50_Wp700,518,public,133.51723744292238,48733.791666666664,138.25342465753425,50462.5,25.136986301369863,9175.0
VIPV50_Wp700,518,work,235.462899543379,85943.95833333333,136.02739726027397,49650.0,34.00684931506849,12412.5
VIPV50_Wp700,519,home,2483.673858447489,906540.9583333334,627.3573172593468,228985.42079966157,265.7671232876712,97005.0
VIPV50_Wp700,519,public,669.4495433789955,244349.08333333334,733.2328767123288,267630.0,133.31506849315068,48660.0
VIPV50_Wp700,519,work,98.96301369863014,36121.5,57.972602739726014,21159.999999999996,14.493150684931503,5289.999999999999
VIPV50_Wp700,52,home,795.3280821917808,290294.75,202.6217405443761,73956.93529869728,79.26712328767124,28932.5
VIPV50_Wp700,52,public,155.1536529680365,56631.08333333333,147.8595890410959,53968.75,26.883561643835616,9812.5
VIPV50_Wp700,52,work,0.0,0.0,0.0,0.0,0.0,0.0
VIPV50_Wp700,520,home,0.0,0.0,0.0,0.0,0.0,0.0
VIPV50_Wp700,520,public,64.85867579908675,23673.416666666664,72.70547945205479,26537.5,13.219178082191783,4825.000000000001
VIPV50_Wp700,520,work,0.0,0.0,0.0,0.0,0.0,0.0
VIPV50_Wp700,521,home,1622.2213470319634,592110.7916666666,304.86771404445517,111276.71562622613,162.63698630136986,59362.5
VIPV50_Wp700,521,public,0.0,0.0,0.0,0.0,0.0,0.0
VIPV50_Wp700,521,work,0.0,0.0,0.0,0.0,0.0,0.0
VIPV50_Wp700,522,home,3487.5335616438356,1272949.75,727.4315201062011,265512.5048387634,362.8555224739322,132442.26570298526
VIPV50_Wp700,522,public,493.21609589041094,180023.875,441.5821917808219,161177.5,80.28767123287672,29305.0
VIPV50_Wp700,522,work,0.0,0.0,0.0,0.0,0.0,0.0
VIPV50_Wp700,523,home,1229.3542237442923,448714.2916666667,276.93690910638213,101081.97182382949,127.25342465753425,46447.5
VIPV50_Wp700,523,public,0.0,0.0,0.0,0.0,0.0,0.0
VIPV50_Wp700,523,work,0.0,0.0,0.0,0.0,0.0,0.0
VIPV50_Wp700,524,home,0.0,0.0,0.0,0.0,0.0,0.0
VIPV50_Wp700,524,public,0.0,0.0,0.0,0.0,0.0,0.0
VIPV50_Wp700,524,work,989.3707762557077,361120.3333333333,560.4931506849315,204580.0,140.12328767123287,51145.0
VIPV50_Wp700,525,home,465.593607305936,169941.66666666666,117.54348389962396,42903.37162336275,45.49315068493151,16605.0
VIPV50_Wp700,525,public,0.0,0.0,0.0,0.0,0.0,0.0
VIPV50_Wp700,525,work,0.0,0.0,0.0,0.0,0.0,0.0
VIPV50_Wp700,526,home,0.0,0.0,0.0,0.0,0.0,0.0
VIPV50_Wp700,526,public,0.0,0.0,0.0,0.0,0.0,0.0
VIPV50_Wp700,526,work,0.0,0.0,0.0,0.0,0.0,0.0
VIPV50_Wp700,527,home,612.7577625570776,223656.5833333333,136.37549499327173,49777.055672544186,58.13013698630137,21217.5
VIPV50_Wp700,527,public,207.75331050228309,75829.95833333333,332.86301369863014,121495.0,60.52054794520548,22090.0
VIPV50_Wp700,527,work,0.0,0.0,0.0,0.0,0.0,0.0
VIPV50_Wp700,528,home,0.0,0.0,0.0,0.0,0.0,0.0
VIPV50_Wp700,528,public,566.1631278538813,206649.54166666666,724.3424657534247,264385.0,131.6986301369863,48070.0
VIPV50_Wp700,528,work,0.0,0.0,0.0,0.0,0.0,0.0
VIPV50_Wp700,529,home,246.70844748858445,90048.58333333333,58.103797643169344,21207.88613975681,25.568493150684933,9332.5
VIPV50_Wp700,529,public,0.0,0.0,0.0,0.0,0.0,0.0
VIPV50_Wp700,529,work,0.0,0.0,0.0,0.0,0.0,0.0
VIPV50_Wp700,53,home,28575.839269406388,10430181.333333332,6955.499489679996,2538757.3137331987,2872.1054407730685,1048318.48588217
VIPV50_Wp700,53,public,1913.6116438356164,698468.25,2334.7876712328766,852197.5,424.5068493150685,154945.0
VIPV50_Wp700,53,work,367.7579908675799,134231.66666666666,200.1643835616438,73059.99999999999,50.04109589041095,18264.999999999996
VIPV50_Wp700,530,home,1646.48801369863,600968.125,434.4165228577549,158562.03084308055,164.93150684931507,60200.0
VIPV50_Wp700,530,public,294.7444063926941,107581.70833333334,296.7739726027397,108322.5,53.95890410958904,19695.0
VIPV50_Wp700,530,work,539.073401826484,196761.79166666666,291.3972602739726,106360.0,72.84931506849315,26590.0
VIPV50_Wp700,531,home,0.0,0.0,0.0,0.0,0.0,0.0
VIPV50_Wp700,531,public,0.0,0.0,0.0,0.0,0.0,0.0
VIPV50_Wp700,531,work,331.6049086757991,121035.79166666667,176.95890410958904,64590.0,44.23972602739726,16147.5
VIPV50_Wp700,532,home,743.5783105022832,271406.0833333334,192.34528611255914,70206.02943108408,73.67123287671232,26890.0
VIPV50_Wp700,532,public,0.0,0.0,0.0,0.0,0.0,0.0
VIPV50_Wp700,532,work,0.0,0.0,0.0,0.0,0.0,0.0
VIPV50_Wp700,533,home,3936.9081050228315,1436971.4583333335,969.3501081216444,353812.7894644002,399.23972602739724,145722.5
VIPV50_Wp700,533,public,839.3892694063926,306377.0833333333,933.8698630136986,340862.5,169.7945205479452,61975.0
VIPV50_Wp700,533,work,0.0,0.0,0.0,0.0,0.0,0.0
VIPV50_Wp700,534,home,2788.695890410959,1017874.0,678.8878913003347,247794.08032462216,283.64280828346676,103529.62502346537
VIPV50_Wp700,534,public,170.74029680365297,62320.208333333336,182.32876712328766,66550.0,33.15068493150685,12100.0
VIPV50_Wp700,534,work,0.0,0.0,0.0,0.0,0.0,0.0
VIPV50_Wp700,535,home,0.0,0.0,0.0,0.0,0.0,0.0
VIPV50_Wp700,535,public,222.81632420091327,81327.95833333334,230.58561643835617,84163.75,41.92465753424658,15302.5
VIPV50_Wp700,535,work,0.0,0.0,0.0,0.0,0.0,0.0
VIPV50_Wp700,536,home,1054.1317351598173,384758.0833333333,240.31010084266444,87713.18680757252,117.99112970885973,43066.762343733804
VIPV50_Wp700,536,public,410.68538812785386,149900.16666666666,498.20205479452056,181843.75,90.58219178082192,33062.5
VIPV50_Wp700,536,work,0.0,0.0,0.0,0.0,0.0,0.0
VIPV50_Wp700,537,home,4299.355479452055,1569264.75,904.5869767355967,330174.2465084928,441.5758537903512,161175.18663347818
VIPV50_Wp700,537,public,171.31529680365298,62530.083333333336,168.6164383561644,61545.00000000001,30.65753424657534,11190.0
VIPV50_Wp700,537,work,107.65650684931506,39294.625,56.821917808219176,20740.0,14.205479452054794,5185.0
VIPV50_Wp700,538,home,3314.7742009132417,1209892.5833333333,707.8554742135314,258367.24808793893,332.399690465736,121325.88701999365
VIPV50_Wp700,538,public,0.0,0.0,0.0,0.0,0.0,0.0
VIPV50_Wp700,538,work,0.0,0.0,0.0,0.0,0.0,0.0
VIPV50_Wp700,539,home,6546.050799086757,2389308.5416666665,1636.2838273009218,597243.5969648365,687.3838284197107,250895.09737319438
VIPV50_Wp700,539,public,547.4303652968036,199812.0833333333,618.4486301369863,225733.75,112.44520547945206,41042.5
VIPV50_Wp700,539,work,0.0,0.0,0.0,0.0,0.0,0.0
VIPV50_Wp700,54,home,1545.2051369863013,563999.875,403.95384432691293,147443.1531793232,165.83561643835617,60530.0
VIPV50_Wp700,54,public,1078.6949771689497,393723.6666666666,1432.599315068493,522898.75,260.472602739726,95072.5
VIPV50_Wp700,54,work,0.0,0.0,0.0,0.0,0.0,0.0
VIPV50_Wp700,540,home,4405.779109589041,1608109.375,1056.4649128504234,385609.6931904045,451.29189954734113,164721.5433347795
VIPV50_Wp700,540,public,1090.2937214611873,397957.2083333333,1489.0308219178082,543496.25,270.7328767123288,98817.5
VIPV50_Wp700,540,work,0.0,0.0,0.0,0.0,0.0,0.0
VIPV50_Wp700,541,home,737.494406392694,269185.4583333333,195.40295906107627,71322.08005729284,79.2946691641393,28942.55424491084
VIPV50_Wp700,541,public,480.8527397260274,175511.25,643.6883561643835,234946.25,117.03424657534246,42717.5
VIPV50_Wp700,541,work,0.0,0.0,0.0,0.0,0.0,0.0
VIPV50_Wp700,542,home,0.0,0.0,0.0,0.0,0.0,0.0
VIPV50_Wp700,542,public,286.2808219178082,104492.5,356.2191780821918,130020.0,64.76712328767124,23640.0
VIPV50_Wp700,542,work,450.53847031963465,164446.54166666666,246.08219178082192,89820.0,61.52054794520548,22455.0
VIPV50_Wp700,543,home,684.539383561644,249856.87500000003,112.11301369863014,40921.25,68.21232876712328,24897.5
VIPV50_Wp700,543,public,306.2584474885845,111784.33333333334,336.89383561643837,122966.25,61.25342465753425,22357.5
VIPV50_Wp700,543,work,0.0,0.0,0.0,0.0,0.0,0.0
VIPV50_Wp700,544,home,704.138698630137,257010.625,185.44335965575823,67686.82627435176,71.20547945205479,25990.0
VIPV50_Wp700,544,public,0.0,0.0,0.0,0.0,0.0,0.0
VIPV50_Wp700,544,work,0.0,0.0,0.0,0.0,0.0,0.0
VIPV50_Wp700,545,home,0.0,0.0,0.0,0.0,0.0,0.0
VIPV50_Wp700,545,public,0.0,0.0,0.0,0.0,0.0,0.0
VIPV50_Wp700,545,work,0.0,0.0,0.0,0.0,0.0,0.0
VIPV50_Wp700,546,home,0.0,0.0,0.0,0.0,0.0,0.0
VIPV50_Wp700,546,public,411.3541095890411,150144.25,574.3356164383562,209632.5,104.42465753424658,38115.0
VIPV50_Wp700,546,work,0.0,0.0,0.0,0.0,0.0,0.0
VIPV50_Wp700,547,home,0.0,0.0,0.0,0.0,0.0,0.0
VIPV50_Wp700,547,public,0.0,0.0,0.0,0.0,0.0,0.0
VIPV50_Wp700,547,work,0.0,0.0,0.0,0.0,0.0,0.0
VIPV50_Wp700,548,home,5441.2022831050235,1986038.8333333335,1370.7171633595635,500311.76462624065,580.0929850286873,211733.93953547085
VIPV50_Wp700,548,public,2125.804109589041,775918.5,2384.7397260273974,870430.0,433.5890410958904,158260.0
VIPV50_Wp700,548,work,0.0,0.0,0.0,0.0,0.0,0.0
VIPV50_Wp700,549,home,24460.227511415524,8927983.041666666,5802.360132900872,2117861.448508818,2493.4625861026284,910113.8439274594
VIPV50_Wp700,549,public,1192.7168949771687,435341.6666666666,1509.5239726027398,550976.25,274.458904109589,100177.5
VIPV50_Wp700,549,work,850.1841324200915,310317.2083333334,453.28767123287673,165450.0,113.32191780821918,41362.5
VIPV50_Wp700,55,home,518.5187214611873,189259.33333333334,139.78297712640168,51020.786651136616,50.54794520547945,18450.0
VIPV50_Wp700,55,public,0.0,0.0,0.0,0.0,0.0,0.0
VIPV50_Wp700,55,work,0.0,0.0,0.0,0.0,0.0,0.0
VIPV50_Wp700,550,home,948.2760273972602,346120.75,201.7876712328767,73652.5,94.27397260273973,34410.0
VIPV50_Wp700,550,public,1033.146118721461,377098.3333333333,1271.5171232876712,464103.75,231.18493150684932,84382.5
VIPV50_Wp700,550,work,222.24109589041095,81118.0,77.97260273972603,28460.0,19.493150684931507,7115.0
VIPV50_Wp700,551,home,0.0,0.0,0.0,0.0,0.0,0.0
VIPV50_Wp700,551,public,220.66552511415523,80542.91666666666,392.0445205479452,143096.25,71.28082191780823,26017.5
VIPV50_Wp700,551,work,0.0,0.0,0.0,0.0,0.0,0.0
VIPV50_Wp700,552,home,0.0,0.0,0.0,0.0,0.0,0.0
VIPV50_Wp700,552,public,608.4094748858448,222069.45833333334,599.3116438356165,218748.75,108.96575342465754,39772.5
VIPV50_Wp700,552,work,208.68573059360733,76170.29166666667,113.7260273972603,41510.00000000001,28.431506849315074,10377.500000000002
VIPV50_Wp700,553,home,2330.517694063927,850638.9583333334,505.4057791965232,184473.10940673098,241.25342465753425,88057.5
VIPV50_Wp700,553,public,734.8391552511414,268216.2916666666,675.4828767123288,246551.25,122.81506849315069,44827.5
VIPV50_Wp700,553,work,1331.8264840182646,486116.6666666666,679.1232876712329,247880.0,169.78082191780823,61970.0
VIPV50_Wp700,554,home,0.0,0.0,0.0,0.0,0.0,0.0
VIPV50_Wp700,554,public,151.31712328767122,55230.75,204.3664383561644,74593.75,37.157534246575345,13562.5
VIPV50_Wp700,554,work,0.0,0.0,0.0,0.0,0.0,0.0
VIPV50_Wp700,555,home,0.0,0.0,0.0,0.0,0.0,0.0
VIPV50_Wp700,555,public,1033.330707762557,377165.7083333333,1081.4769525808688,394739.0876920171,196.6321731965216,71770.74321673038
VIPV50_Wp700,555,work,0.0,0.0,0.0,0.0,0.0,0.0
VIPV50_Wp700,556,home,1243.533105022831,453889.5833333333,365.5413956535788,133422.60941355626,123.67808219178082,45142.5
VIPV50_Wp700,556,public,0.0,0.0,0.0,0.0,0.0,0.0
VIPV50_Wp700,556,work,0.0,0.0,0.0,0.0,0.0,0.0
VIPV50_Wp700,557,home,6108.38401826484,2229560.1666666665,1518.0392140407491,554084.3131248734,627.9794520547945,229212.5
VIPV50_Wp700,557,public,808.0711187214613,294945.9583333334,1177.150684931507,429660.0,214.02739726027397,78120.0
VIPV50_Wp700,557,work,0.0,0.0,0.0,0.0,0.0,0.0
VIPV50_Wp700,558,home,9768.567123287672,3565527.0,2348.179700131614,857085.5905480391,995.7188182773222,363437.3686712226
VIPV50_Wp700,558,public,20.970319634703195,7654.166666666666,41.43835616438356,15125.0,7.534246575342466,2750.0
VIPV50_Wp700,558,work,851.8576484018265,310928.0416666667,492.4657534246575,179750.0,123.11643835616438,44937.5
VIPV50_Wp700,559,home,0.0,0.0,0.0,0.0,0.0,0.0
VIPV50_Wp700,559,public,29.17534246575342,10648.999999999998,10.397260273972602,3795.0,1.8904109589041096,690.0
VIPV50_Wp700,559,work,0.0,0.0,0.0,0.0,0.0,0.0
VIPV50_Wp700,56,home,11612.792009132421,4238669.083333334,2881.7784021961215,1051849.1168015844,1179.9185827512379,430670.2827042018
VIPV50_Wp700,56,public,2736.054794520548,998660.0,3448.3116438356165,1258633.75,626.9657534246576,228842.5
VIPV50_Wp700,56,work,982.16700913242,358490.9583333333,516.6849315068494,188590.0,129.17123287671234,47147.5
VIPV50_Wp700,560,home,0.0,0.0,0.0,0.0,0.0,0.0
VIPV50_Wp700,560,public,260.34611872146115,95026.33333333333,333.20205479452056,121618.75,60.582191780821915,22112.5
VIPV50_Wp700,560,work,0.0,0.0,0.0,0.0,0.0,0.0
VIPV50_Wp700,561,home,571.4418949771689,208576.29166666666,94.97945205479452,34667.5,54.3013698630137,19820.0
VIPV50_Wp700,561,public,0.0,0.0,0.0,0.0,0.0,0.0
VIPV50_Wp700,561,work,0.0,0.0,0.0,0.0,0.0,0.0
VIPV50_Wp700,562,home,565.3832191780822,206364.875,137.579143749699,50216.38746864013,57.08904109589041,20837.5
VIPV50_Wp700,562,public,0.0,0.0,0.0,0.0,0.0,0.0
VIPV50_Wp700,562,work,0.0,0.0,0.0,0.0,0.0,0.0
VIPV50_Wp700,563,home,12943.633675799085,4724426.291666666,3022.283640580369,1103133.5288118348,1311.7148596895079,478775.9237866704
VIPV50_Wp700,563,public,138.08938356164384,50402.625,174.83219178082192,63813.75,31.78767123287671,11602.5
VIPV50_Wp700,563,work,446.86621004566217,163106.1666666667,265.4246575342466,96880.0,66.35616438356165,24220.0
VIPV50_Wp700,564,home,1039.5907534246576,379450.625,202.70749620739545,73988.23611569934,98.29452054794521,35877.5
VIPV50_Wp700,564,public,0.0,0.0,0.0,0.0,0.0,0.0
VIPV50_Wp700,564,work,0.0,0.0,0.0,0.0,0.0,0.0
VIPV50_Wp700,565,home,1357.2304794520546,495389.12499999994,300.68674661888133,109750.66251589169,128.8904109589041,47045.0
VIPV50_Wp700,565,public,380.1702054794521,138762.125,453.3732876712329,165481.25,82.43150684931507,30087.5
VIPV50_Wp700,565,work,0.0,0.0,0.0,0.0,0.0,0.0
VIPV50_Wp700,566,home,8084.209703196347,2950736.5416666665,2017.9369721972246,736546.994851987,831.3040423728941,303425.9754661063
VIPV50_Wp700,566,public,1527.7883561643835,557642.75,1970.4315068493152,719207.5,358.26027397260276,130765.0
VIPV50_Wp700,566,work,1364.2526255707764,497952.2083333334,811.8356164383562,296320.0,202.95890410958904,74080.0
VIPV50_Wp700,567,home,3919.5883561643836,1430649.75,932.1096356044535,340220.0169956255,383.519163579311,139984.49470644852
VIPV50_Wp700,567,public,1729.4577625570773,631252.0833333333,1971.9760273972602,719771.25,358.541095890411,130867.5
VIPV50_Wp700,567,work,0.0,0.0,0.0,0.0,0.0,0.0
VIPV50_Wp700,568,home,8377.36198630137,3057737.125,1871.52280515387,683105.8238811626,848.6628417229108,309761.9372288624
VIPV50_Wp700,568,public,2890.3286529680367,1054969.9583333335,3444.695205479452,1257313.75,626.3082191780821,228602.5
VIPV50_Wp700,568,work,445.78287671232874,162710.75,220.0,80300.0,55.0,20075.0
VIPV50_Wp700,569,home,27993.806278538817,10217739.291666668,6812.041130274685,2486395.01255026,2870.2904020992005,1047655.9967662082
VIPV50_Wp700,569,public,2252.074315068493,822007.125,2664.2010845859204,972433.3958738609,484.4001971974401,176806.07197706564
VIPV50_Wp700,569,work,857.3027397260274,312915.5,441.9178082191781,161300.0,110.47945205479452,40325.0
VIPV50_Wp700,57,home,16865.321347031964,6155842.291666667,3954.544539620214,1443408.756961378,1710.9693366278589,624503.8078691685
VIPV50_Wp700,57,public,1842.61700913242,672555.2083333333,2566.4807482995593,936765.4731293392,466.63286332719264,170320.9951144253
VIPV50_Wp700,57,work,0.0,0.0,0.0,0.0,0.0,0.0
VIPV50_Wp700,570,home,9489.597716894978,3463703.166666667,2123.4887976131017,775073.4111287822,961.0849044982511,350795.99014186166
VIPV50_Wp700,570,public,1262.3384703196348,460753.5416666667,1446.5230977406939,527980.9306753533,263.0041995892171,95996.53285006424
VIPV50_Wp700,570,work,0.0,0.0,0.0,0.0,0.0,0.0
VIPV50_Wp700,571,home,6839.964383561643,2496587.0,1881.1405848320346,686616.3134636927,695.2328767123288,253760.0
VIPV50_Wp700,571,public,1227.8464611872146,448163.9583333333,1386.4897260273972,506068.75,252.08904109589042,92012.5
VIPV50_Wp700,571,work,65.97534246575343,24081.0,15.123287671232877,5520.0,3.780821917808219,1380.0
VIPV50_Wp700,572,home,2183.14897260274,796849.375,546.8943496693323,199616.43762930628,220.37671232876713,80437.5
VIPV50_Wp700,572,public,0.0,0.0,0.0,0.0,0.0,0.0
VIPV50_Wp700,572,work,0.0,0.0,0.0,0.0,0.0,0.0
VIPV50_Wp700,573,home,0.0,0.0,0.0,0.0,0.0,0.0
VIPV50_Wp700,573,public,228.9610730593607,83570.79166666666,349.0239726027397,127393.75,63.45890410958904,23162.5
VIPV50_Wp700,573,work,0.0,0.0,0.0,0.0,0.0,0.0
VIPV50_Wp700,574,home,16737.88915525114,6109329.541666667,3799.6339410663772,1386866.3884892277,1718.6015973528813,627289.5830338016
VIPV50_Wp700,574,public,1779.6722602739726,649580.375,2160.301913079136,788510.1982738846,392.7821660143883,143365.49059525173
VIPV50_Wp700,574,work,0.0,0.0,0.0,0.0,0.0,0.0
VIPV50_Wp700,575,home,9322.269520547945,3402628.375,2099.500938265458,766317.8424668921,947.0344175211571,345667.56239522237
VIPV50_Wp700,575,public,400.0907534246575,146033.125,554.8219178082192,202510.0,100.87671232876713,36820.0
VIPV50_Wp700,575,work,0.0,0.0,0.0,0.0,0.0,0.0
VIPV50_Wp700,576,home,1090.830593607306,398153.1666666666,315.4754616700881,115148.54350958217,114.41780821917808,41762.5
VIPV50_Wp700,576,public,0.0,0.0,0.0,0.0,0.0,0.0
VIPV50_Wp700,576,work,0.0,0.0,0.0,0.0,0.0,0.0
VIPV50_Wp700,577,home,21582.155479452056,7877486.75,5366.421894111471,1958743.991350687,2199.3568049133455,802765.2337933711
VIPV50_Wp700,577,public,4196.704223744292,1531797.0416666665,5186.801369863014,1893182.5,943.054794520548,344215.0
VIPV50_Wp700,577,work,649.479794520548,237060.12500000003,357.64383561643837,130540.0,89.41095890410959,32635.0
VIPV50_Wp700,578,home,10178.73824200913,3715239.458333333,2528.871529141373,923038.108136601,1059.835048309977,386839.7926331416
VIPV50_Wp700,578,public,2489.350913242009,908613.0833333333,2580.6301369863013,941930.0,469.2054794520548,171260.0
VIPV50_Wp700,578,work,691.0082191780823,252218.00000000003,368.2739726027397,134420.0,92.06849315068493,33605.0
VIPV50_Wp700,579,home,3488.441666666667,1273281.2083333335,865.1735813439932,315788.3571905575,373.3661168527917,136278.63265126897
VIPV50_Wp700,579,public,2485.2981735159815,907133.8333333333,2634.1609589041095,961468.75,478.93835616438355,174812.5
VIPV50_Wp700,579,work,62.57808219178082,22841.0,32.41095890410959,11830.0,8.102739726027398,2957.5
VIPV50_Wp700,58,home,4469.36301369863,1631317.5,1130.6372837324868,412682.60856235767,460.54794520547944,168100.0
VIPV50_Wp700,58,public,535.625799086758,195503.41666666666,571.4349315068494,208573.75,103.8972602739726,37922.5
VIPV50_Wp700,58,work,0.0,0.0,0.0,0.0,0.0,0.0
VIPV50_Wp700,580,home,10900.767579908677,3978780.166666667,2529.504050530567,923268.9784436569,1117.6668894852562,407948.41466211854
VIPV50_Wp700,580,public,704.9955479452054,257323.37499999997,758.5102739726027,276856.25,137.91095890410958,50337.5
VIPV50_Wp700,580,work,60.94429223744292,22244.666666666668,35.28767123287671,12880.0,8.821917808219178,3220.0
VIPV50_Wp700,581,home,542.2865296803653,197934.58333333334,135.074305127262,49302.12137145063,58.32876712328767,21290.0
VIPV50_Wp700,581,public,0.0,0.0,0.0,0.0,0.0,0.0
VIPV50_Wp700,581,work,0.0,0.0,0.0,0.0,0.0,0.0
VIPV50_Wp700,582,home,0.0,0.0,0.0,0.0,0.0,0.0
VIPV50_Wp700,582,public,133.92888127853882,48884.04166666667,143.82876712328766,52497.5,26.15068493150685,9545.0
VIPV50_Wp700,582,work,0.0,0.0,0.0,0.0,0.0,0.0
VIPV50_Wp700,583,home,4916.353538812785,1794469.0416666665,1200.6827036467605,438249.1868310676,490.1041959646652,178888.0315271028
VIPV50_Wp700,583,public,216.91050228310505,79172.33333333334,224.33219178082192,81881.25,40.78767123287671,14887.5
VIPV50_Wp700,583,work,0.0,0.0,0.0,0.0,0.0,0.0
VIPV50_Wp700,584,home,9530.742808219178,3478721.125,2265.495384858413,826905.8154733208,973.3952352786532,355289.26087670843
VIPV50_Wp700,584,public,2068.5067351598173,755004.9583333333,2600.068493150685,949025.0,472.73972602739724,172550.0
VIPV50_Wp700,584,work,58.44155251141553,21331.166666666668,14.95890410958904,5460.0,3.73972602739726,1365.0
VIPV50_Wp700,585,home,11534.986872146117,4210270.208333333,2751.741370694878,1004385.6003036303,1200.8673034425283,438316.5657565228
VIPV50_Wp700,585,public,0.0,0.0,0.0,0.0,0.0,0.0
VIPV50_Wp700,585,work,23.25901826484018,8489.541666666666,4.986301369863014,1820.0,1.2465753424657535,455.0
VIPV50_Wp700,586,home,17695.079566210043,6458704.041666666,4321.077935462099,1577193.4464436662,1795.847866567285,655484.4712970591
VIPV50_Wp700,586,public,4065.0243150684933,1483733.875,4596.085872053723,1677571.3432996087,835.6519767370404,305012.9715090197
VIPV50_Wp700,586,work,176.0246575342466,64249.0,86.46575342465754,31560.0,21.616438356164384,7890.0
VIPV50_Wp700,59,home,2434.553881278539,888612.1666666667,559.5891818319149,204250.05136864894,250.1150923383228,91292.00870348782
VIPV50_Wp700,59,public,989.0453196347031,361001.5416666666,1153.5308219178082,421038.75,209.73287671232876,76552.5
VIPV50_Wp700,59,work,0.0,0.0,0.0,0.0,0.0,0.0
VIPV50_Wp700,6,home,5272.754337899544,1924555.3333333335,1336.370287814794,487775.15505239984,538.9389461802883,196712.71535580524
VIPV50_Wp700,6,public,0.0,0.0,0.0,0.0,0.0,0.0
VIPV50_Wp700,6,work,104.91940639269406,38295.58333333333,59.50684931506849,21720.0,14.876712328767123,5430.0
VIPV50_Wp700,60,home,8505.255365296804,3104418.2083333335,2167.8360898101505,791260.1727807049,870.0958904109589,317585.0
VIPV50_Wp700,60,public,0.0,0.0,0.0,0.0,0.0,0.0
VIPV50_Wp700,60,work,170.44520547945206,62212.5,98.63013698630137,36000.0,24.65753424657534,9000.0
VIPV50_Wp700,61,home,662.2634703196347,241726.1666666667,174.47268448450956,63682.52983684599,70.33561643835617,25672.5
VIPV50_Wp700,61,public,126.02191780821917,45998.0,147.40753424657535,53803.75,26.801369863013694,9782.499999999998
VIPV50_Wp700,61,work,0.0,0.0,0.0,0.0,0.0,0.0
VIPV50_Wp700,62,home,2834.1881278538813,1034478.6666666666,791.8095376880256,289010.48125612934,285.54794520547944,104225.0
VIPV50_Wp700,62,public,0.0,0.0,0.0,0.0,0.0,0.0
VIPV50_Wp700,62,work,0.0,0.0,0.0,0.0,0.0,0.0
VIPV50_Wp700,63,home,882.2006849315069,322003.25,158.77397260273972,57952.5,89.13698630136986,32535.0
VIPV50_Wp700,63,public,0.0,0.0,0.0,0.0,0.0,0.0
VIPV50_Wp700,63,work,0.0,0.0,0.0,0.0,0.0,0.0
VIPV50_Wp700,64,home,0.0,0.0,0.0,0.0,0.0,0.0
VIPV50_Wp700,64,public,593.604908675799,216665.79166666666,753.236301369863,274931.25,136.95205479452054,49987.5
VIPV50_Wp700,64,work,0.0,0.0,0.0,0.0,0.0,0.0
VIPV50_Wp700,65,home,1408.5593607305934,514124.1666666666,356.2759138548128,130040.70855700667,145.8835616438356,53247.5
VIPV50_Wp700,65,public,0.0,0.0,0.0,0.0,0.0,0.0
VIPV50_Wp700,65,work,0.0,0.0,0.0,0.0,0.0,0.0
VIPV50_Wp700,66,home,0.0,0.0,0.0,0.0,0.0,0.0
VIPV50_Wp700,66,public,0.0,0.0,0.0,0.0,0.0,0.0
VIPV50_Wp700,66,work,0.0,0.0,0.0,0.0,0.0,0.0
VIPV50_Wp700,67,home,2680.3291095890413,978320.125,704.9315545301521,257300.0174035055,285.35616438356163,104155.0
VIPV50_Wp700,67,public,334.84783105022836,122219.45833333334,295.8321917808219,107978.75,53.78767123287671,19632.5
VIPV50_Wp700,67,work,307.43618721461183,112214.20833333333,158.05479452054794,57690.0,39.513698630136986,14422.5
VIPV50_Wp700,68,home,2917.083675799087,1064735.5416666667,716.3404552870022,261464.2661797558,296.3767123287671,108177.5
VIPV50_Wp700,68,public,2313.593721461187,844461.7083333334,2718.469178082192,992241.25,494.2671232876712,180407.5
VIPV50_Wp700,68,work,0.0,0.0,0.0,0.0,0.0,0.0
VIPV50_Wp700,69,home,3589.5316210045657,1310179.0416666665,776.9790681146503,283597.35986184736,361.02903532447255,131775.59789343248
VIPV50_Wp700,69,public,143.43584474885844,52354.08333333333,105.70547945205479,38582.5,19.21917808219178,7015.0
VIPV50_Wp700,69,work,706.5204337899543,257879.9583333333,378.027397260274,137980.0,94.5068493150685,34495.0
VIPV50_Wp700,7,home,6371.802283105023,2325707.8333333335,1456.488556536202,531618.3231357137,640.4949662311061,233780.66267435372
VIPV50_Wp700,7,public,0.0,0.0,0.0,0.0,0.0,0.0
VIPV50_Wp700,7,work,0.0,0.0,0.0,0.0,0.0,0.0
VIPV50_Wp700,70,home,11959.2950913242,4365142.708333333,2867.3971047612768,1046599.943237866,1240.502511471977,452783.4166872716
VIPV50_Wp700,70,public,1363.1247716894977,497540.5416666667,1504.8527397260275,549271.25,273.6095890410959,99867.5
VIPV50_Wp700,70,work,299.314497716895,109249.79166666667,157.42465753424656,57460.0,39.35616438356164,14365.0
VIPV50_Wp700,71,home,7494.082534246575,2735340.125,1581.1800914896126,577130.7333937086,754.0858059950463,275241.3191881919
VIPV50_Wp700,71,public,1150.3207762557076,419867.0833333333,1362.7945205479452,497420.0,247.78082191780823,90440.0
VIPV50_Wp700,71,work,107.27796803652967,39156.45833333333,40.16438356164384,14660.0,10.04109589041096,3665.0
VIPV50_Wp700,72,home,3673.8489726027397,1340954.875,875.2048949687342,319449.78666358796,386.0892876719383,140922.59000025748
VIPV50_Wp700,72,public,722.7200913242009,263792.8333333333,689.5233672017986,251676.02902865649,125.36788494578158,45759.278005210275
VIPV50_Wp700,72,work,2761.7542237442926,1008040.2916666667,1316.5205479452054,480530.0,329.13013698630135,120132.5
VIPV50_Wp700,73,home,0.0,0.0,0.0,0.0,0.0,0.0
VIPV50_Wp700,73,public,15.791095890410956,5763.749999999999,6.78082191780822,2475.0000000000005,1.2328767123287674,450.00000000000006
VIPV50_Wp700,73,work,56.96849315068493,20793.5,27.42465753424658,10010.000000000002,6.856164383561645,2502.5000000000005
VIPV50_Wp700,74,home,0.0,0.0,0.0,0.0,0.0,0.0
VIPV50_Wp700,74,public,759.9874429223743,277395.4166666666,640.0719178082192,233626.25,116.37671232876713,42477.5
VIPV50_Wp700,74,work,1835.7703196347031,670056.1666666666,846.8219178082192,309090.0,211.7054794520548,77272.5
VIPV50_Wp700,75,home,0.0,0.0,0.0,0.0,0.0,0.0
VIPV50_Wp700,75,public,548.5202054794521,200209.875,510.0308219178082,186161.25,92.73287671232876,33847.5
VIPV50_Wp700,75,work,6436.642009132419,2349374.333333333,3545.780821917808,1294210.0,886.445205479452,323552.5
VIPV50_Wp700,76,home,4773.112785388128,1742186.1666666667,1145.7875771101724,418212.4656452129,487.42066099332584,177908.54126256393
VIPV50_Wp700,76,public,1172.255593607306,427873.2916666667,1423.7842465753424,519681.25,258.86986301369865,94487.5
VIPV50_Wp700,76,work,4674.2349315068495,1706095.75,2678.4931506849316,977650.0,669.6232876712329,244412.5
VIPV50_Wp700,77,home,2432.5527397260275,887881.75,509.41412380992193,185936.1551906215,243.02739726027397,88705.0
VIPV50_Wp700,77,public,424.75570776255705,155035.8333333333,360.06164383561645,131422.5,65.46575342465754,23895.0
VIPV50_Wp700,77,work,0.0,0.0,0.0,0.0,0.0,0.0
VIPV50_Wp700,78,home,989.7610730593608,361262.7916666667,204.96101443909663,74810.77027027027,100.52054794520548,36690.0
VIPV50_Wp700,78,public,310.4458904109589,113312.75,242.45205479452054,88495.0,44.082191780821915,16090.0
VIPV50_Wp700,78,work,0.0,0.0,0.0,0.0,0.0,0.0
VIPV50_Wp700,79,home,0.0,0.0,0.0,0.0,0.0,0.0
VIPV50_Wp700,79,public,24.133333333333333,8808.666666666666,37.55821917808219,13708.75,6.828767123287672,2492.5
VIPV50_Wp700,79,work,0.0,0.0,0.0,0.0,0.0,0.0
VIPV50_Wp700,8,home,1006.3309360730592,367310.7916666666,263.62482605819775,96223.06151124218,99.81506849315069,36432.5
VIPV50_Wp700,8,public,0.0,0.0,0.0,0.0,0.0,0.0
VIPV50_Wp700,8,work,0.0,0.0,0.0,0.0,0.0,0.0
VIPV50_Wp700,80,home,420.43984018264837,153460.54166666666,108.55607718979866,39622.96817427651,41.56164383561644,15170.0
VIPV50_Wp700,80,public,795.879794520548,290496.125,1106.5171232876712,403878.75,201.18493150684932,73432.5
VIPV50_Wp700,80,work,316.0586757990868,115361.41666666669,135.47945205479454,49450.00000000001,33.869863013698634,12362.500000000002
VIPV50_Wp700,81,home,2208.1181506849316,805963.125,584.7509333373224,213434.0906681227,225.17123287671234,82187.5
VIPV50_Wp700,81,public,0.0,0.0,0.0,0.0,0.0,0.0
VIPV50_Wp700,81,work,0.0,0.0,0.0,0.0,0.0,0.0
VIPV50_Wp700,82,home,407.34212328767126,148679.875,105.49121697143585,38504.29419457408,45.12328767123287,16470.0
VIPV50_Wp700,82,public,326.81255707762557,119286.58333333334,470.6267123287671,171778.75,85.56849315068493,31232.5
VIPV50_Wp700,82,work,0.0,0.0,0.0,0.0,0.0,0.0
VIPV50_Wp700,83,home,0.0,0.0,0.0,0.0,0.0,0.0
VIPV50_Wp700,83,public,187.40251141552514,68401.91666666667,334.36986301369865,122045.0,60.794520547945204,22190.0
VIPV50_Wp700,83,work,0.0,0.0,0.0,0.0,0.0,0.0
VIPV50_Wp700,84,home,10929.25605022831,3989178.4583333335,2537.000582924224,926005.2127673419,1102.6582899950938,402470.2758482093
VIPV50_Wp700,84,public,1130.4052511415525,412597.9166666667,1119.099315068493,408471.25,203.47260273972603,74267.5
VIPV50_Wp700,84,work,634.4462328767123,231572.875,350.0,127750.0,87.5,31937.5
VIPV50_Wp700,85,home,16287.871689497715,5945073.166666666,3884.283326432079,1417763.4141477088,1661.4867099395178,606442.649127924
VIPV50_Wp700,85,public,2477.0755707762555,904132.5833333333,2854.5824156586555,1041922.5817154092,519.0149846652101,189440.46940280168
VIPV50_Wp700,85,work,660.6487442922374,241136.79166666666,360.3835616438356,131540.0,90.0958904109589,32885.0
VIPV50_Wp700,86,home,18534.758219178082,6765186.75,4439.484891094707,1620411.985249568,1905.0436986236202,695340.9499976214
VIPV50_Wp700,86,public,4022.246118721461,1468119.8333333333,4542.658561912858,1658070.3750981933,825.9379203477923,301467.3409269442
VIPV50_Wp700,86,work,105.27488584474887,38425.333333333336,63.013698630136986,23000.0,15.753424657534246,5750.0
VIPV50_Wp700,87,home,5110.028538812785,1865160.4166666665,1182.8504151297477,431740.4015223579,519.9170966984465,189769.74029493297
VIPV50_Wp700,87,public,842.0445205479452,307346.25,889.4554794520548,324651.25,161.71917808219177,59027.5
VIPV50_Wp700,87,work,275.98173515981733,100733.33333333333,129.75342465753425,47360.0,32.43835616438356,11840.0
VIPV50_Wp700,88,home,6376.931050228311,2327579.8333333335,1562.589840365276,570345.2917333257,654.1025152422304,238747.4180634141
VIPV50_Wp700,88,public,3048.9513698630135,1112867.25,3134.998175156409,1144274.3339320894,569.9996682102563,208049.87889674355
VIPV50_Wp700,88,work,631.3174657534247,230430.87500000003,325.6164383561644,118850.0,81.4041095890411,29712.5
VIPV50_Wp700,89,home,0.0,0.0,0.0,0.0,0.0,0.0
VIPV50_Wp700,89,public,1341.841095890411,489772.0,1418.9623287671234,517921.25,257.9931506849315,94167.5
VIPV50_Wp700,89,work,4101.528881278539,1497058.0416666667,2035.86301369863,743090.0,508.9657534246575,185772.5
VIPV50_Wp700,9,home,1251.484589041096,456791.875,285.9551270083122,104373.62135803397,131.54109589041096,48012.5
VIPV50_Wp700,9,public,0.0,0.0,0.0,0.0,0.0,0.0
VIPV50_Wp700,9,work,0.0,0.0,0.0,0.0,0.0,0.0
VIPV50_Wp700,90,home,0.0,0.0,0.0,0.0,0.0,0.0
VIPV50_Wp700,90,public,1257.2899543378996,458910.8333333334,1479.9520547945206,540182.5,269.0821917808219,98215.0
VIPV50_Wp700,90,work,289.26484018264836,105581.66666666666,147.78082191780823,53940.0,36.945205479452056,13485.0
VIPV50_Wp700,91,home,0.0,0.0,0.0,0.0,0.0,0.0
VIPV50_Wp700,91,public,1177.438698630137,429765.125,1282.1027397260275,467967.5,233.1095890410959,85085.0
VIPV50_Wp700,91,work,1191.082077625571,434744.9583333334,595.917808219178,217510.0,148.9794520547945,54377.5
VIPV50_Wp700,92,home,0.0,0.0,0.0,0.0,0.0,0.0
VIPV50_Wp700,92,public,706.2293378995435,257773.70833333334,744.5342465753424,271755.0,135.36986301369862,49410.0
VIPV50_Wp700,92,work,1588.0751141552514,579647.4166666667,798.1917808219179,291340.0,199.54794520547946,72835.0
VIPV50_Wp700,93,home,13171.662442922372,4807656.791666666,3303.0388060132195,1205609.164194825,1352.9084599584646,493811.58788483957
VIPV50_Wp700,93,public,476.9202054794521,174075.875,584.7705479452055,213441.25,106.32191780821918,38807.5
VIPV50_Wp700,93,work,1440.7261415525113,525865.0416666666,793.4246575342465,289600.0,198.35616438356163,72400.0
VIPV50_Wp700,94,home,723.0431506849316,263910.75,145.846156632961,53233.847171030764,69.02054794520548,25192.5
VIPV50_Wp700,94,public,1512.1327625570777,551928.4583333334,1485.1883561643835,542093.75,270.0342465753425,98562.5
VIPV50_Wp700,94,work,4090.4618721461184,1493018.5833333333,2111.4794520547944,770690.0,527.8698630136986,192672.5
VIPV50_Wp700,95,home,5569.080251141553,2032714.2916666667,1179.4561437656323,430501.4924744558,566.5201261234944,206779.84603507543
VIPV50_Wp700,95,public,2110.876141552512,770469.7916666667,2448.3664383561645,893653.75,445.1575342465753,162482.5
VIPV50_Wp700,95,work,533.3183789954337,194661.2083333333,284.35616438356163,103790.0,71.08904109589041,25947.5
VIPV50_Wp700,96,home,4701.529109589041,1716058.125,1025.5728064076193,374334.074338781,486.1095890410959,177430.0
VIPV50_Wp700,96,public,2074.5203196347034,757199.9166666667,2587.52397260274,944446.25,470.458904109589,171717.5
VIPV50_Wp700,96,work,0.0,0.0,0.0,0.0,0.0,0.0
VIPV50_Wp700,97,home,6684.916210045663,2439994.416666667,1606.6674909927024,586433.6342123364,684.6433107840808,249894.8084361895
VIPV50_Wp700,97,public,87.03002283105023,31765.958333333332,78.77054794520548,28751.25,14.321917808219178,5227.5
VIPV50_Wp700,97,work,589.5367579908676,215180.9166666667,340.1917808219178,124170.0,85.04794520547945,31042.5
VIPV50_Wp700,98,home,2033.345205479452,742171.0,530.615866510816,193674.79127644782,207.10400050214602,75592.9601832833
VIPV50_Wp700,98,public,630.2239726027398,230031.75,832.082191780822,303710.0,151.2876712328767,55220.0
VIPV50_Wp700,98,work,0.0,0.0,0.0,0.0,0.0,0.0
VIPV50_Wp700,99,home,11057.733561643836,4036072.75,2669.02983567602,974195.8900217473,1137.324806017844,415123.554196513
VIPV50_Wp700,99,public,443.52716894977175,161887.4166666667,566.8390410958904,206896.25,103.06164383561644,37617.5
VIPV50_Wp700,99,work,408.6046803652968,149140.70833333334,194.73972602739727,71080.0,48.68493150684932,17770.0
noVIPV,0,home,8610.619634703196,3142876.1666666665,1917.9446234426603,700049.787556571,889.3659853331883,324618.58464661374
noVIPV,0,public,0.0,0.0,0.0,0.0,0.0,0.0
noVIPV,0,work,0.0,0.0,0.0,0.0,0.0,0.0
noVIPV,1,home,12137.441894977168,4430166.291666666,2787.368361690931,1017389.4520171898,1239.2508406743673,452326.5568461441
noVIPV,1,public,0.0,0.0,0.0,0.0,0.0,0.0
noVIPV,1,work,941.6051369863013,343685.875,487.64383561643837,177990.0,121.91095890410959,44497.5
noVIPV,10,home,12235.780365296803,4466059.833333333,2790.4639800120763,1018519.3527044079,1244.207721905036,454135.8184953381
noVIPV,10,public,0.0,0.0,0.0,0.0,0.0,0.0
noVIPV,10,work,164.7365296803653,60128.833333333336,60.273972602739725,22000.0,15.068493150684931,5500.0
noVIPV,100,home,12860.400342465753,4694046.125,3223.065280554344,1176418.8274023356,1317.5736284477243,480914.37438341934
noVIPV,100,public,745.7175799086757,272186.9166666666,807.1438356164383,294607.5,146.75342465753425,53565.0
noVIPV,100,work,0.0,0.0,0.0,0.0,0.0,0.0
noVIPV,101,home,9842.363356164384,3592462.625,2282.474757090877,833103.2863381702,1024.5927786169748,373976.3641951958
noVIPV,101,public,0.0,0.0,0.0,0.0,0.0,0.0
noVIPV,101,work,174.07762557077626,63538.333333333336,80.1917808219178,29270.0,20.04794520547945,7317.5
noVIPV,102,home,3318.7681506849317,1211350.375,851.0225098406523,310623.2160918381,340.32876712328766,124220.0
noVIPV,102,public,0.0,0.0,0.0,0.0,0.0,0.0
noVIPV,102,work,0.0,0.0,0.0,0.0,0.0,0.0
noVIPV,103,home,579.5852739726026,211548.62499999997,186.18362172554674,67957.02192982456,60.25342465753425,21992.5
noVIPV,103,public,112.52602739726028,41072.0,99.71575342465754,36396.25,18.13013698630137,6617.5
noVIPV,103,work,0.0,0.0,0.0,0.0,0.0,0.0
noVIPV,104,home,1312.4723744292237,479052.4166666666,389.61172309322217,142208.2789290261,141.06164383561645,51487.5
noVIPV,104,public,0.0,0.0,0.0,0.0,0.0,0.0
noVIPV,104,work,0.0,0.0,0.0,0.0,0.0,0.0
noVIPV,105,home,3239.8770547945205,1182555.125,640.073062586208,233626.66784396593,329.0167572153873,120091.11638361638
noVIPV,105,public,298.80479452054794,109063.75,309.13013698630135,112832.5,56.205479452054796,20515.0
noVIPV,105,work,0.0,0.0,0.0,0.0,0.0,0.0
noVIPV,106,home,894.2043378995435,326384.5833333334,201.38177233680554,73504.34690293402,85.84931506849315,31335.0
noVIPV,106,public,140.44463470319636,51262.29166666667,82.95205479452055,30277.5,15.082191780821917,5505.0
noVIPV,106,work,0.0,0.0,0.0,0.0,0.0,0.0
noVIPV,107,home,5754.412671232877,2100360.625,1361.1791193673196,496830.37856907165,563.6026457101938,205714.96568422072
noVIPV,107,public,1551.8722602739726,566433.375,2024.3999820512865,738905.9934487196,368.0727240093249,134346.54426340357
noVIPV,107,work,986.7255707762558,360154.8333333334,486.0821917808219,177420.0,121.52054794520548,44355.0
noVIPV,108,home,8930.186757990869,3259518.166666667,2178.595588013356,795187.389624875,912.1299770564731,332927.4416256127
noVIPV,108,public,1968.013127853881,718324.7916666666,2599.804794520548,948928.75,472.6917808219178,172532.5
noVIPV,108,work,238.11621004566211,86912.41666666667,153.45205479452054,56009.99999999999,38.363013698630134,14002.499999999998
noVIPV,109,home,6351.779680365297,2318399.5833333335,1429.1023801116594,521622.3687407557,632.568724781225,230887.5845451471
noVIPV,109,public,950.7297945205479,347016.375,1081.0890410958905,394597.5,196.56164383561645,71745.0
noVIPV,109,work,0.0,0.0,0.0,0.0,0.0,0.0
noVIPV,11,home,9448.192808219179,3448590.375,2204.8650176185306,804775.7314307637,993.8673966847005,362761.59978991566
noVIPV,11,public,0.0,0.0,0.0,0.0,0.0,0.0
noVIPV,11,work,418.8835616438356,152892.5,168.986301369863,61680.0,42.24657534246575,15420.0
noVIPV,110,home,16810.15296803653,6135705.833333334,4094.5229875020186,1494500.8904382368,1711.5402129619702,624712.1777311191
noVIPV,110,public,5040.453538812785,1839765.5416666665,5681.010273972603,2073568.75,1032.9109589041095,377012.5
noVIPV,110,work,843.8469178082191,308004.125,383.26027397260276,139890.0,95.81506849315069,34972.5
noVIPV,111,home,5412.976141552512,1975736.2916666667,1245.0539742091325,454444.70058633335,548.7887782453405,200307.90405954927
noVIPV,111,public,5391.76301369863,1967993.5,5961.510273972603,2175951.25,1083.9109589041095,395627.5
noVIPV,111,work,2175.2504566210046,793966.4166666666,1124.2191780821918,410340.0,281.05479452054794,102585.0
noVIPV,112,home,10459.386415525116,3817676.041666667,2554.701538812204,932466.0616664545,1065.6468508830205,388961.10057230253
noVIPV,112,public,2471.988584474886,902275.8333333334,2883.2431506849316,1052383.75,524.2260273972603,191342.5
noVIPV,112,work,521.697488584475,190419.58333333334,250.05479452054792,91269.99999999999,62.51369863013698,22817.499999999996
noVIPV,113,home,0.0,0.0,0.0,0.0,0.0,0.0
noVIPV,113,public,2148.4937214611873,784200.2083333334,2380.5205479452056,868890.0,432.82191780821915,157980.0
noVIPV,113,work,3470.12203196347,1266594.5416666665,1767.2054794520548,645030.0,441.8013698630137,161257.5
noVIPV,114,home,1433.304908675799,523156.2916666666,354.8872952207024,129533.86275555639,142.6917808219178,52082.5
noVIPV,114,public,1246.2342465753425,454875.5,1151.0068493150684,420117.5,209.27397260273972,76385.0
noVIPV,114,work,4224.951484018265,1542107.2916666667,2115.753424657534,772250.0,528.9383561643835,193062.5
noVIPV,115,home,9412.629794520548,3435609.875,2320.242076660749,846888.3579811733,966.3736741001785,352726.39104656514
noVIPV,115,public,2485.1697488584477,907086.9583333334,2767.8561643835615,1010267.5,503.24657534246575,183685.0
noVIPV,115,work,929.6633561643836,339327.125,452.43835616438355,165140.0,113.10958904109589,41285.0
noVIPV,116,home,293.4294520547945,107101.75,93.82715078401742,34246.91003616636,32.54109589041096,11877.5
noVIPV,116,public,109.09771689497717,39820.666666666664,117.83561643835617,43010.0,21.424657534246574,7820.0
noVIPV,116,work,342.0252283105023,124839.20833333334,160.6849315068493,58649.99999999999,40.171232876712324,14662.499999999998
noVIPV,117,home,7528.617009132419,2747945.208333333,1698.9424488811576,620113.9938416225,746.5168626825769,272478.65487914055
noVIPV,117,public,2659.5866438356165,970749.125,2903.0205479452056,1059602.5,527.8219178082192,192655.0
noVIPV,117,work,638.0848173515981,232900.9583333333,308.32876712328766,112540.0,77.08219178082192,28135.0
noVIPV,118,home,9139.37203196347,3335870.7916666665,2198.134824677298,802319.2110072139,938.9914089026609,342731.8642494712
noVIPV,118,public,6228.256392694063,2273313.583333333,7410.168217597037,2704711.3994229184,1347.3033122903703,491765.70898598514
noVIPV,118,work,867.6151826484019,316679.5416666667,403.7808219178082,147380.0,100.94520547945206,36845.0
noVIPV,119,home,7943.143493150685,2899247.375,1779.328279386741,649454.8219761605,802.835856961466,293035.08779093507
noVIPV,119,public,1376.7487442922375,502513.2916666667,1557.0650684931506,568328.75,283.1027397260274,103332.5
noVIPV,119,work,1251.047602739726,456632.375,589.8904109589041,215310.0,147.47260273972603,53827.5
noVIPV,12,home,3794.4128995433794,1384960.7083333335,744.8416210976733,271867.1917006507,390.972005489618,142704.78200371057
noVIPV,12,public,0.0,0.0,0.0,0.0,0.0,0.0
noVIPV,12,work,1330.2834474885847,485553.4583333334,802.2465753424658,292820.0,200.56164383561645,73205.0
noVIPV,120,home,9749.419406392695,3558538.0833333335,1998.8815269961751,729591.757353604,965.1130467627655,352266.2620684094
noVIPV,120,public,1070.4833333333331,390726.4166666666,1301.3150684931506,474980.0,236.6027397260274,86360.0
noVIPV,120,work,271.5931506849315,99131.5,105.04109589041096,38340.0,26.26027397260274,9585.0
noVIPV,121,home,1879.2213470319634,685915.7916666666,429.0875921669534,156616.971140938,183.83561643835617,67100.0
noVIPV,121,public,0.0,0.0,0.0,0.0,0.0,0.0
noVIPV,121,work,0.0,0.0,0.0,0.0,0.0,0.0
noVIPV,122,home,1812.1599315068493,661438.375,343.43764691223726,125354.7411229666,189.4380015383104,69144.8705614833
noVIPV,122,public,0.0,0.0,0.0,0.0,0.0,0.0
noVIPV,122,work,0.0,0.0,0.0,0.0,0.0,0.0
noVIPV,123,home,8098.397602739726,2955915.125,1825.1467538801905,666178.5651662695,819.6588152946575,299175.46758255
noVIPV,123,public,1887.8818493150684,689076.875,2358.1438356164385,860722.5,428.75342465753425,156495.0
noVIPV,123,work,547.6832191780821,199904.375,291.86301369863014,106530.0,72.96575342465754,26632.5
noVIPV,124,home,13603.047488584474,4965112.333333333,3343.6884916323474,1220446.2994458068,1413.572893129355,515954.1059922145
noVIPV,124,public,1234.2216894977169,450490.9166666666,1391.8013698630136,508007.5,253.05479452054794,92365.0
noVIPV,124,work,0.0,0.0,0.0,0.0,0.0,0.0
noVIPV,125,home,10307.770776255707,3762336.3333333335,2609.863551634776,952600.1963466932,1052.5952637619096,384197.27127309697
noVIPV,125,public,3198.6227168949767,1167497.2916666665,3817.640410958904,1393438.75,694.1164383561644,253352.5
noVIPV,125,work,384.7392694063926,140429.8333333333,188.84931506849315,68930.0,47.21232876712329,17232.5
noVIPV,126,home,17538.596232876713,6401587.625,4212.251377554594,1537471.752807427,1758.1683921377985,641731.4631302964
noVIPV,126,public,3331.0434931506848,1215830.875,3401.8253424657532,1241666.25,618.513698630137,225757.5
noVIPV,126,work,0.0,0.0,0.0,0.0,0.0,0.0
noVIPV,127,home,16220.265525114157,5920396.916666667,3851.0890942623846,1405647.5194057703,1637.013698630137,597510.0
noVIPV,127,public,2279.2453196347033,831924.5416666667,2555.1204947466417,932618.9805825242,464.5673626812076,169567.08737864078
noVIPV,127,work,0.0,0.0,0.0,0.0,0.0,0.0
noVIPV,128,home,4362.365182648402,1592263.2916666667,1133.3849524142968,413685.5076312183,432.1986301369863,157752.5
noVIPV,128,public,0.0,0.0,0.0,0.0,0.0,0.0
noVIPV,128,work,236.92705479452056,86478.375,107.04109589041096,39070.0,26.76027397260274,9767.5
noVIPV,129,home,855.3176940639271,312190.9583333334,136.01912796525224,49646.98170731707,79.99415302372202,29197.865853658535
noVIPV,129,public,439.98595890410957,160594.875,502.55579258609873,183432.86429392605,91.37378047019978,33351.42987162292
noVIPV,129,work,0.0,0.0,0.0,0.0,0.0,0.0
noVIPV,13,home,820.2528538812784,299392.2916666666,219.9038313725803,80264.89845099181,83.26027397260275,30390.0
noVIPV,13,public,0.0,0.0,0.0,0.0,0.0,0.0
noVIPV,13,work,314.4722602739726,114782.375,173.91780821917808,63480.0,43.47945205479452,15870.0
noVIPV,130,home,663.4931506849315,242175.0,189.4482849160336,69148.62399435227,70.8082191780822,25845.0
noVIPV,130,public,0.0,0.0,0.0,0.0,0.0,0.0
noVIPV,130,work,0.0,0.0,0.0,0.0,0.0,0.0
noVIPV,131,home,0.0,0.0,0.0,0.0,0.0,0.0
noVIPV,131,public,612.9683789954337,223733.4583333333,672.9965753424658,245643.75,122.36301369863014,44662.5
noVIPV,131,work,0.0,0.0,0.0,0.0,0.0,0.0
noVIPV,132,home,6669.0350456621,2434197.7916666665,1804.3633179924266,658592.6110672357,701.8326977310745,256168.9346718422
noVIPV,132,public,0.0,0.0,0.0,0.0,0.0,0.0
noVIPV,132,work,197.81643835616438,72203.0,67.5068493150685,24640.0,16.876712328767123,6160.0
noVIPV,133,home,11365.086187214612,4148256.4583333335,2667.099747346401,973491.4077814362,1152.0513870673637,420498.75627958775
noVIPV,133,public,2476.32203196347,903857.5416666666,2972.0342465753424,1084792.5,540.3698630136986,197235.0
noVIPV,133,work,151.63173515981737,55345.583333333336,65.36986301369863,23860.000000000004,16.34246575342466,5965.000000000001
noVIPV,134,home,25026.86038812785,9134804.041666666,5898.315597479066,2152885.193079859,2554.5483378630006,932410.1433199951
noVIPV,134,public,4134.30194063927,1509020.2083333335,4624.324422183332,1687878.4140969163,840.7862585787876,306886.9843812575
noVIPV,134,work,1364.021917808219,497868.0,695.2602739726027,253770.0,173.81506849315068,63442.5
noVIPV,135,home,12193.021347031961,4450452.791666666,2692.1197362542202,982623.7037327904,1238.604483278735,452090.6363967383
noVIPV,135,public,2077.0784246575345,758133.625,2650.321268669957,967367.2630645343,481.87659430362856,175884.95692082442
noVIPV,135,work,2657.727853881279,970070.6666666667,1442.1917808219177,526400.0,360.54794520547944,131600.0
noVIPV,136,home,13344.572260273973,4870768.875,3242.2753846541978,1183430.5153987822,1372.5377034087217,500976.2617441834
noVIPV,136,public,1238.966210045662,452222.6666666666,1396.1712328767123,509602.5,253.84931506849315,92655.0
noVIPV,136,work,851.0288812785388,310625.5416666667,445.2328767123288,162510.0,111.3082191780822,40627.5
noVIPV,137,home,7829.732762557077,2857852.458333333,1865.1042446691927,680763.0493042553,799.6085632762872,291857.1255958448
noVIPV,137,public,1184.0396118721462,432174.4583333334,1494.5684931506848,545517.5,271.73972602739724,99185.0
noVIPV,137,work,842.1856164383562,307397.75,380.4931506849315,138880.0,95.12328767123287,34720.0
noVIPV,138,home,0.0,0.0,0.0,0.0,0.0,0.0
noVIPV,138,public,3114.3186073059355,1136726.2916666665,3264.02397260274,1191368.75,593.4589041095891,216612.5
noVIPV,138,work,1352.0974885844746,493515.58333333326,641.6986301369863,234220.0,160.42465753424656,58555.0
noVIPV,139,home,8266.133789954338,3017138.8333333335,1778.979422386743,649327.4891711612,827.6527756118707,302093.2630983328
noVIPV,139,public,0.0,0.0,0.0,0.0,0.0,0.0
noVIPV,139,work,759.8035388127854,277328.2916666667,366.16438356164383,133650.0,91.54109589041096,33412.5
noVIPV,14,home,1030.0285388127854,375960.4166666667,195.0119307600268,71179.35472740978,107.53117411079656,39248.87855044074
noVIPV,14,public,0.0,0.0,0.0,0.0,0.0,0.0
noVIPV,14,work,0.0,0.0,0.0,0.0,0.0,0.0
noVIPV,140,home,1370.488698630137,500228.375,233.22547299458466,85127.2976430234,137.27695468604452,50106.088460406245
noVIPV,140,public,545.3409817351597,199049.4583333333,599.7260273972603,218900.0,109.04109589041096,39800.0
noVIPV,140,work,0.0,0.0,0.0,0.0,0.0,0.0
noVIPV,141,home,19042.740753424656,6950600.375,4516.683985543735,1648589.654723463,1905.225518630446,695407.3143001128
noVIPV,141,public,1851.1061643835617,675653.75,2212.695205479452,807633.75,402.3082191780822,146842.5
noVIPV,141,work,930.9083333333334,339781.5416666667,503.28767123287673,183700.0,125.82191780821918,45925.0
noVIPV,142,home,10114.357191780822,3691740.375,2272.8607682218685,829594.180400982,1022.3257230952717,373148.88892977417
noVIPV,142,public,5609.8713470319635,2047603.0416666667,6133.201149608537,2238618.419607116,1115.1274817470066,407021.53083765745
noVIPV,142,work,4197.904337899544,1532235.0833333335,2034.7123287671234,742670.0,508.67808219178085,185667.5
noVIPV,143,home,6594.722374429224,2407073.666666667,1498.6199917563843,546996.2969910803,658.0857181900584,240201.28713937133
noVIPV,143,public,2664.6157534246577,972584.75,3065.3082191780823,1118837.5,557.3287671232877,203425.0
noVIPV,143,work,2799.6858447488585,1021885.3333333334,1498.849315068493,547080.0,374.71232876712327,136770.0
noVIPV,144,home,9940.291210045663,3628206.291666667,2546.0216536144867,929297.9035692876,1009.3906084876761,368427.5720980018
noVIPV,144,public,1587.2753424657535,579355.5,1715.6941471879684,626228.3637236084,311.9443903978124,113859.70249520153
noVIPV,144,work,25.46917808219178,9296.25,4.931506849315069,1800.0,1.2328767123287672,450.0
noVIPV,145,home,0.0,0.0,0.0,0.0,0.0,0.0
noVIPV,145,public,28.58721461187214,10434.333333333332,13.863013698630137,5060.0,2.5205479452054793,919.9999999999999
noVIPV,145,work,0.0,0.0,0.0,0.0,0.0,0.0
noVIPV,146,home,0.0,0.0,0.0,0.0,0.0,0.0
noVIPV,146,public,249.91666666666666,91219.58333333333,331.0924657534246,120848.74999999999,60.1986301369863,21972.5
noVIPV,146,work,0.0,0.0,0.0,0.0,0.0,0.0
noVIPV,147,home,3306.0349315068493,1206702.75,744.1085079572972,271599.6054044135,337.61741958368196,123230.35814804392
noVIPV,147,public,0.0,0.0,0.0,0.0,0.0,0.0
noVIPV,147,work,0.0,0.0,0.0,0.0,0.0,0.0
noVIPV,148,home,7439.373401826484,2715371.2916666665,1956.0345732988474,713952.6192540793,769.0479452054794,280702.5
noVIPV,148,public,2506.1007990867583,914726.7916666667,3181.3356164383563,1161187.5,578.4246575342465,211125.0
noVIPV,148,work,1078.217694063927,393549.4583333334,516.3287671232877,188460.0,129.08219178082192,47115.0
noVIPV,149,home,9815.041438356164,3582490.125,2364.6257600184467,863088.4024067331,1021.663234623718,372907.0806376571
noVIPV,149,public,2784.11095890411,1016200.5,3334.0924657534247,1216943.75,606.1986301369863,221262.5
noVIPV,149,work,128.46552511415527,46889.91666666667,67.61643835616438,24680.0,16.904109589041095,6170.0
noVIPV,15,home,364.3502283105023,132987.83333333334,83.17349107298983,30358.32424164129,35.14383561643836,12827.5
noVIPV,15,public,0.0,0.0,0.0,0.0,0.0,0.0
noVIPV,15,work,515.0436073059361,187990.9166666667,278.7671232876712,101750.0,69.6917808219178,25437.5
noVIPV,150,home,9699.326598173517,3540254.2083333335,2285.723585607883,834289.1087468772,996.8424657534247,363847.5
noVIPV,150,public,485.1038812785388,177062.91666666666,557.5719178082192,203513.75,101.37671232876713,37002.5
noVIPV,150,work,458.61152968036527,167393.2083333333,252.05479452054794,92000.0,63.013698630136986,23000.0
noVIPV,151,home,0.0,0.0,0.0,0.0,0.0,0.0
noVIPV,151,public,726.0876712328767,265022.0,925.695205479452,337878.75,168.3082191780822,61432.5
noVIPV,151,work,0.0,0.0,0.0,0.0,0.0,0.0
noVIPV,152,home,15844.743493150685,5783331.375,3637.1841778352805,1327572.2249098774,1629.4814580254038,594760.7321792723
noVIPV,152,public,3024.4460045662104,1103922.7916666667,3423.5034651860256,1249578.7647928994,622.4551754883684,227196.13905325445
noVIPV,152,work,0.0,0.0,0.0,0.0,0.0,0.0
noVIPV,153,home,14307.276826484016,5222156.041666666,3560.807518725128,1299694.7443346716,1417.5237433277189,517396.1663146174
noVIPV,153,public,1440.483789954338,525776.5833333334,1707.75,623328.75,310.5,113332.5
noVIPV,153,work,589.0657534246575,215009.0,298.52054794520546,108960.0,74.63013698630137,27240.0
noVIPV,154,home,3350.5986301369862,1222968.5,721.511389896213,263351.65731211775,345.63013698630135,126155.0
noVIPV,154,public,723.1796803652969,263960.5833333334,626.8116438356165,228786.25,113.96575342465754,41597.5
noVIPV,154,work,2844.2751141552512,1038160.4166666666,1380.027397260274,503710.0,345.0068493150685,125927.5
noVIPV,155,home,4737.246461187215,1729094.9583333335,1008.5742964919606,368129.6182195656,477.76027397260276,174382.5
noVIPV,155,public,0.0,0.0,0.0,0.0,0.0,0.0
noVIPV,155,work,137.37739726027397,50142.75,83.0958904109589,30330.0,20.773972602739725,7582.5
noVIPV,156,home,12882.584589041096,4702143.375,3303.208527403204,1205671.1125021693,1320.27216742954,481899.3411117821
noVIPV,156,public,11232.324771689497,4099798.5416666665,12964.065068493152,4731883.75,2357.1027397260273,860342.5
noVIPV,156,work,568.6525114155252,207558.1666666667,275.5068493150685,100560.0,68.87671232876713,25140.0
noVIPV,157,home,1504.7600456621003,549237.4166666666,282.06620608783606,102954.16522206017,146.26712328767124,53387.5
noVIPV,157,public,0.0,0.0,0.0,0.0,0.0,0.0
noVIPV,157,work,4715.144863013698,1721027.875,2426.027397260274,885500.0,606.5068493150685,221375.0
noVIPV,158,home,4723.099543378995,1723931.3333333333,1250.262490960032,456345.80920041166,490.4178082191781,179002.5
noVIPV,158,public,0.0,0.0,0.0,0.0,0.0,0.0
noVIPV,158,work,304.2753424657534,111060.5,150.68493150684932,55000.0,37.67123287671233,13750.0
noVIPV,159,home,15205.920433789955,5550160.958333334,3500.217165897767,1277579.265552685,1525.8050139654529,556918.8300973903
noVIPV,159,public,5570.291438356165,2033156.375,6603.352739726028,2410223.75,1200.609589041096,438222.5
noVIPV,159,work,102.96244292237442,37581.291666666664,37.75342465753425,13780.0,9.438356164383562,3445.0
noVIPV,16,home,990.3300228310502,361470.4583333333,166.46530215543675,60759.83528673441,98.18813052977316,35838.667643367204
noVIPV,16,public,0.0,0.0,0.0,0.0,0.0,0.0
noVIPV,16,work,238.52568493150685,87061.875,119.26027397260275,43530.0,29.815068493150687,10882.5
noVIPV,160,home,13861.621347031964,5059491.791666667,2890.2945900195214,1054957.5253571253,1409.4582502800824,514452.2613522301
noVIPV,160,public,6300.798515981735,2299791.4583333335,7131.196413284363,2602886.6908487924,1296.5811660517024,473252.1256088714
noVIPV,160,work,2886.6013698630136,1053609.5,1413.0684931506848,515770.0,353.2671232876712,128942.5
noVIPV,161,home,7709.72785388128,2814050.666666667,1838.0098574986914,670873.5979870224,778.2397260273973,284057.5
noVIPV,161,public,4005.879794520548,1462146.125,4435.58877272719,1618989.9020454243,806.4706859503981,294361.8003718953
noVIPV,161,work,652.361301369863,238111.87499999997,360.8767123287671,131720.0,90.21917808219177,32930.0
noVIPV,162,home,8278.953767123288,3021818.125,1984.3570766309465,724290.3329702955,847.2866024256793,309259.609885373
noVIPV,162,public,2238.8842465753423,817192.75,2596.791095890411,947828.75,472.14383561643837,172332.5
noVIPV,162,work,430.40171232876713,157096.625,226.95890410958904,82840.0,56.73972602739726,20710.0
noVIPV,163,home,45.13881278538812,16475.666666666664,11.657534246575343,4255.0,5.041095890410959,1840.0
noVIPV,163,public,0.0,0.0,0.0,0.0,0.0,0.0
noVIPV,163,work,0.0,0.0,0.0,0.0,0.0,0.0
noVIPV,164,home,9282.621118721461,3388156.7083333335,2381.657317485629,869304.9208822546,960.2919136723108,350506.54849039344
noVIPV,164,public,2868.7632420091322,1047098.5833333333,3153.3082191780823,1150957.5,573.3287671232877,209265.0
noVIPV,164,work,455.5428082191781,166273.125,271.3424657534247,99040.0,67.83561643835617,24760.0
noVIPV,165,home,12850.546232876712,4690449.375,3239.992448082773,1182597.2435502121,1307.4175709400913,477207.4133931333
noVIPV,165,public,539.7946347031964,197025.0416666667,480.986301369863,175560.0,87.45205479452055,31920.0
noVIPV,165,work,726.5930365296803,265206.4583333333,338.24657534246575,123460.0,84.56164383561644,30865.0
noVIPV,166,home,1329.8198630136985,485384.25,281.3374752664071,102688.17847223861,143.6528071022461,52433.27459231983
noVIPV,166,public,708.1910958904109,258489.74999999997,612.0068493150685,223382.5,111.27397260273973,40615.0
noVIPV,166,work,679.8353881278538,248139.91666666663,368.35616438356163,134450.0,92.08904109589041,33612.5
noVIPV,167,home,0.0,0.0,0.0,0.0,0.0,0.0
noVIPV,167,public,0.0,0.0,0.0,0.0,0.0,0.0
noVIPV,167,work,29.18584474885845,10652.833333333334,5.041095890410959,1840.0,1.2602739726027397,460.0
noVIPV,168,home,1044.9174657534247,381394.875,291.55985654964763,106419.34764062139,108.65753424657534,39660.0
noVIPV,168,public,0.0,0.0,0.0,0.0,0.0,0.0
noVIPV,168,work,0.0,0.0,0.0,0.0,0.0,0.0
noVIPV,169,home,2606.250913242009,951281.5833333333,501.1479897451877,182919.01625699352,260.2758638634715,95000.6903101671
noVIPV,169,public,206.7986301369863,75481.5,252.28424657534248,92083.75,45.86986301369863,16742.5
noVIPV,169,work,0.0,0.0,0.0,0.0,0.0,0.0
noVIPV,17,home,6116.263584474887,2232436.2083333335,1461.0504359792058,533283.4091324101,596.4086663416373,217689.16321469762
noVIPV,17,public,0.0,0.0,0.0,0.0,0.0,0.0
noVIPV,17,work,0.0,0.0,0.0,0.0,0.0,0.0
noVIPV,170,home,7976.641666666667,2911474.2083333335,1945.5489109669445,710125.3525029348,794.3112628737267,289923.61094891024
noVIPV,170,public,765.5445205479452,279423.75,701.9280821917808,256203.75,127.62328767123287,46582.5
noVIPV,170,work,151.53082191780823,55308.75,101.0958904109589,36900.0,25.273972602739725,9225.0
noVIPV,171,home,9890.803538812785,3610143.2916666665,2556.3297278902855,933060.3506799542,1016.3639371181121,370972.8370481109
noVIPV,171,public,2111.495433789954,770695.8333333333,2203.7992218529625,804386.7159763314,400.6907676096296,146252.1301775148
noVIPV,171,work,1398.6955479452056,510523.875,625.2054794520548,228200.0,156.3013698630137,57050.0
noVIPV,172,home,3897.923744292237,1422742.1666666665,919.4015505704142,335581.5659582012,392.92255482222055,143416.7325101105
noVIPV,172,public,2409.9665525114156,879637.7916666666,3082.599315068493,1125148.75,560.472602739726,204572.5
noVIPV,172,work,0.0,0.0,0.0,0.0,0.0,0.0
noVIPV,173,home,13079.703082191782,4774091.625,3274.6831191068277,1195259.3384739922,1350.2487936647278,492840.8096876257
noVIPV,173,public,342.661301369863,125071.375,258.1232876712329,94215.0,46.93150684931507,17130.0
noVIPV,173,work,0.0,0.0,0.0,0.0,0.0,0.0
noVIPV,174,home,12612.673515981736,4603625.833333334,2863.224939053335,1045077.1027544674,1251.8342993448855,456919.5192608832
noVIPV,174,public,2073.8521689497716,756956.0416666666,2432.431506849315,887837.5,442.26027397260276,161425.0
noVIPV,174,work,279.9155251141553,102169.16666666669,151.013698630137,55120.0,37.75342465753425,13780.0
noVIPV,175,home,12436.205479452055,4539215.0,2979.165078031044,1087395.253481331,1251.9933422038987,456977.569904423
noVIPV,175,public,4513.509589041096,1647431.0,5284.143835616438,1928712.5,960.7534246575342,350675.0
noVIPV,175,work,179.7416666666667,65605.70833333334,65.45205479452055,23890.0,16.363013698630137,5972.5
noVIPV,176,home,3294.7881278538807,1202597.6666666665,776.7877587880912,283527.5319576533,333.19679453674536,121616.83000591205
noVIPV,176,public,1179.6468036529682,430571.0833333334,1191.277397260274,434816.25,216.5958904109589,79057.5
noVIPV,176,work,0.0,0.0,0.0,0.0,0.0,0.0
noVIPV,177,home,5213.1399543379,1902796.0833333335,1251.401596620329,456761.5827664201,529.2721626004596,193184.33934916777
noVIPV,177,public,793.7940639269408,289734.8333333334,992.0719178082192,362106.25,180.37671232876713,65837.5
noVIPV,177,work,274.23561643835615,100096.0,123.5068493150685,45080.0,30.876712328767123,11270.0
noVIPV,178,home,3052.774429223744,1114262.6666666665,726.4403389876421,265150.7237304894,316.3877821362833,115481.5404797434
noVIPV,178,public,4599.692922374429,1678887.9166666665,4909.051369863014,1791803.75,892.554794520548,325782.5
noVIPV,178,work,2201.738242009132,803634.4583333333,1060.4109589041095,387050.0,265.1027397260274,96762.5
noVIPV,179,home,0.0,0.0,0.0,0.0,0.0,0.0
noVIPV,179,public,1425.292694063927,520231.8333333334,1263.6438356164383,461230.0,229.75342465753425,83860.0
noVIPV,179,work,1645.997374429224,600789.0416666667,782.1095890410959,285470.0,195.52739726027397,71367.5
noVIPV,18,home,6943.651940639268,2534432.958333333,1701.896110873302,621192.0804687552,741.6127788694132,270688.6642873358
noVIPV,18,public,0.0,0.0,0.0,0.0,0.0,0.0
noVIPV,18,work,52.04931506849315,18998.0,10.082191780821917,3680.0,2.5205479452054793,920.0
noVIPV,180,home,701.248401826484,255955.66666666666,201.10348894777712,73402.77346593865,70.88356164383562,25872.5
noVIPV,180,public,183.21324200913244,66872.83333333334,221.5068493150685,80850.0,40.273972602739725,14700.0
noVIPV,180,work,0.0,0.0,0.0,0.0,0.0,0.0
noVIPV,181,home,0.0,0.0,0.0,0.0,0.0,0.0
noVIPV,181,public,52.47945205479452,19155.0,94.93150684931507,34650.0,17.26027397260274,6300.0
noVIPV,181,work,0.0,0.0,0.0,0.0,0.0,0.0
noVIPV,182,home,0.0,0.0,0.0,0.0,0.0,0.0
noVIPV,182,public,670.4606164383562,244718.125,834.9828767123288,304768.75,151.81506849315068,55412.5
noVIPV,182,work,504.7853881278539,184246.66666666666,332.1917808219178,121250.0,83.04794520547945,30312.5
noVIPV,183,home,0.0,0.0,0.0,0.0,0.0,0.0
noVIPV,183,public,206.65593607305934,75429.41666666666,226.81849315068493,82788.75,41.23972602739726,15052.5
noVIPV,183,work,1626.8805936073059,593811.4166666666,798.3835616438356,291410.0,199.5958904109589,72852.5
noVIPV,184,home,0.0,0.0,0.0,0.0,0.0,0.0
noVIPV,184,public,575.1350456621005,209924.2916666667,541.0719178082192,197491.25,98.37671232876713,35907.5
noVIPV,184,work,140.46997716894975,51271.541666666664,50.24657534246575,18340.0,12.561643835616438,4585.0
noVIPV,185,home,931.1933789954339,339885.5833333334,226.7869555243137,82777.2387663745,93.06849315068493,33970.0
noVIPV,185,public,0.0,0.0,0.0,0.0,0.0,0.0
noVIPV,185,work,0.0,0.0,0.0,0.0,0.0,0.0
noVIPV,186,home,430.32214611872143,157067.5833333333,85.57946571607172,31236.504986366177,47.758947577376986,17432.0158657426
noVIPV,186,public,0.0,0.0,0.0,0.0,0.0,0.0
noVIPV,186,work,0.0,0.0,0.0,0.0,0.0,0.0
noVIPV,187,home,2874.4227168949774,1049164.2916666667,646.8895220559199,236114.67555041076,279.41745316514533,101987.37040527805
noVIPV,187,public,1345.89600456621,491252.0416666666,1715.359589041096,626106.25,311.8835616438356,113837.5
noVIPV,187,work,1506.8033105022832,549983.2083333334,827.3698630136986,301990.0,206.84246575342465,75497.5
noVIPV,188,home,7771.946689497717,2836760.5416666665,1747.5160755052777,637843.3675594263,796.3903144230278,290682.46476440516
noVIPV,188,public,1162.8731735159818,424448.7083333334,1516.6815068493152,553588.75,275.76027397260276,100652.5
noVIPV,188,work,603.2449771689498,220184.4166666667,302.7671232876712,110510.0,75.6917808219178,27627.5
noVIPV,189,home,15459.706164383562,5642792.75,3819.487247632379,1394112.8453858183,1574.4492542261746,574673.9777925537
noVIPV,189,public,1815.432191780822,662632.75,2027.8638993859233,740170.323275862,368.702527161077,134576.4224137931
noVIPV,189,work,205.66632420091327,75068.20833333334,84.1917808219178,30730.0,21.04794520547945,7682.5
noVIPV,19,home,2795.330479452055,1020295.625,595.7855249503475,217461.71660687684,272.93835616438355,99622.5
noVIPV,19,public,0.0,0.0,0.0,0.0,0.0,0.0
noVIPV,19,work,375.54166666666663,137072.7083333333,177.2054794520548,64680.0,44.3013698630137,16170.0
noVIPV,190,home,20331.346232876713,7420941.375,5188.220065933215,1893700.3240656233,2068.347092720262,754946.6888428956
noVIPV,190,public,1592.6599315068493,581320.875,1930.2739726027398,704550.0,350.958904109589,128100.0
noVIPV,190,work,201.68892694063925,73616.45833333333,103.26027397260275,37690.0,25.815068493150687,9422.5
noVIPV,191,home,17880.382305936073,6526339.541666667,4055.23501330113,1480160.7798549125,1784.149493602846,651214.5651650388
noVIPV,191,public,5326.168949771689,1944051.6666666665,5518.0445205479455,2014086.25,1003.2808219178082,366197.5
noVIPV,191,work,220.37203196347033,80435.79166666667,119.91780821917808,43770.0,29.97945205479452,10942.5
noVIPV,192,home,6873.152853881279,2508700.791666667,1680.020830825468,613207.6032512959,700.9767389374275,255856.50971216103
noVIPV,192,public,4694.955821917808,1713658.875,5401.718775181305,1971627.3529411764,982.130686396601,358477.7005347594
noVIPV,192,work,56.94817351598174,20786.083333333336,20.136986301369866,7350.000000000001,5.034246575342467,1837.5000000000002
noVIPV,193,home,2256.880821917808,823761.5,517.1149213908363,188746.94630765528,226.37760246754752,82627.82490065484
noVIPV,193,public,2553.4495433789957,932009.0833333335,2929.2961600643034,1069193.0984234707,532.5993018298734,194398.74516790378
noVIPV,193,work,1274.4697488584475,465181.4583333333,605.8904109589041,221150.0,151.47260273972603,55287.5
noVIPV,194,home,1882.0651826484018,686953.7916666666,393.24709901238685,143535.1911395212,180.76377912544962,65978.77938078911
noVIPV,194,public,0.0,0.0,0.0,0.0,0.0,0.0
noVIPV,194,work,107.5958904109589,39272.5,50.41095890410959,18400.0,12.602739726027398,4600.0
noVIPV,195,home,4105.500456621005,1498507.6666666667,1046.3958258672615,381934.4764415504,424.20912316791123,154836.3299562876
noVIPV,195,public,1013.5238584474886,369936.2083333333,1099.208904109589,401211.25,199.85616438356163,72947.5
noVIPV,195,work,312.9763698630137,114236.375,173.67123287671234,63390.0,43.417808219178085,15847.5
noVIPV,196,home,12668.268949771687,4623918.166666666,3066.313667314721,1119204.4885698732,1268.761101442467,463097.8020265004
noVIPV,196,public,3011.589497716895,1099230.1666666667,3214.1472602739727,1173163.75,584.3904109589041,213302.5
noVIPV,196,work,142.60821917808218,52052.0,59.83561643835616,21840.0,14.95890410958904,5460.0
noVIPV,197,home,16062.88778538813,5862954.041666667,3579.735187414883,1306603.3434064323,1630.3116585588816,595063.7553739918
noVIPV,197,public,3174.6616438356164,1158751.5,3233.9368343115393,1180386.944523712,587.9885153293708,214615.80809522033
noVIPV,197,work,3185.5770547945203,1162735.625,1581.835616438356,577370.0,395.458904109589,144342.5
noVIPV,198,home,4502.144634703197,1643282.7916666667,1041.0685694493652,379990.0278490183,449.42932953307474,164041.70527957228
noVIPV,198,public,838.2754566210047,305970.5416666667,898.3082191780821,327882.5,163.32876712328766,59615.0
noVIPV,198,work,3533.7918949771683,1289834.0416666665,1885.7808219178082,688310.0,471.44520547945206,172077.5
noVIPV,199,home,0.0,0.0,0.0,0.0,0.0,0.0
noVIPV,199,public,174.9329908675799,63850.541666666664,210.8082191780822,76945.0,38.32876712328767,13990.0
noVIPV,199,work,701.1818493150686,255931.37500000003,404.4109589041096,147610.0,101.1027397260274,36902.5
noVIPV,2,home,2855.8654109589042,1042390.875,621.6076523685798,226886.79311453164,287.45935546975136,104922.66474645924
noVIPV,2,public,0.0,0.0,0.0,0.0,0.0,0.0
noVIPV,2,work,251.62420091324205,91842.83333333334,138.63013698630138,50600.0,34.657534246575345,12650.0
noVIPV,20,home,10599.260730593607,3868730.1666666665,2621.054580270105,956684.9217985882,1095.2076056299097,399750.7760549171
noVIPV,20,public,0.0,0.0,0.0,0.0,0.0,0.0
noVIPV,20,work,1240.5832191780821,452812.875,656.7397260273973,239710.0,164.18493150684932,59927.5
noVIPV,200,home,0.0,0.0,0.0,0.0,0.0,0.0
noVIPV,200,public,360.3888127853881,131541.91666666666,295.4931506849315,107855.0,53.726027397260275,19610.0
noVIPV,200,work,1569.952397260274,573032.625,862.4931506849315,314810.0,215.62328767123287,78702.5
noVIPV,201,home,1746.2422374429225,637378.4166666667,391.89619235209716,143042.11020851546,176.2110316109523,64317.02653799759
noVIPV,201,public,66.70867579908676,24348.666666666668,62.38356164383562,22770.0,11.342465753424657,4140.0
noVIPV,201,work,827.6641552511414,302097.4166666666,427.26027397260276,155950.0,106.81506849315069,38987.5
noVIPV,202,home,0.0,0.0,0.0,0.0,0.0,0.0
noVIPV,202,public,0.0,0.0,0.0,0.0,0.0,0.0
noVIPV,202,work,225.39486301369863,82269.125,109.20547945205479,39860.0,27.301369863013697,9965.0
noVIPV,203,home,0.0,0.0,0.0,0.0,0.0,0.0
noVIPV,203,public,34.717123287671235,12671.75,17.140410958904106,6256.249999999999,3.1164383561643834,1137.5
noVIPV,203,work,0.0,0.0,0.0,0.0,0.0,0.0
noVIPV,204,home,254.8077625570776,93004.83333333333,54.67953810339661,19958.031407739763,26.65483754484899,9729.015703869882
noVIPV,204,public,638.5768264840183,233080.54166666666,786.9143835616438,287223.75,143.07534246575344,52222.5
noVIPV,204,work,0.0,0.0,0.0,0.0,0.0,0.0
noVIPV,205,home,4116.294292237443,1502447.4166666667,1019.3479497445463,372062.0016567594,415.34736615807475,151601.78864769728
noVIPV,205,public,1612.2624429223742,588475.7916666666,1859.7534246575342,678810.0,338.13698630136986,123420.0
noVIPV,205,work,110.65799086757993,40390.16666666667,39.99999999999999,14599.999999999998,9.999999999999998,3649.9999999999995
noVIPV,206,home,6044.265410958904,2206156.875,1480.249066719333,540290.9093525566,635.4879119291469,231953.08785413863
noVIPV,206,public,1888.8383561643836,689426.0,2531.0924657534247,923848.75,460.1986301369863,167972.5
noVIPV,206,work,1177.4535388127854,429770.5416666666,593.2328767123288,216530.0,148.3082191780822,54132.5
noVIPV,207,home,5431.441210045662,1982476.0416666667,1232.545306008637,449879.0366931525,544.4964120364914,198741.19039331935
noVIPV,207,public,637.8017123287672,232797.625,764.236301369863,278946.25,138.95205479452054,50717.5
noVIPV,207,work,257.4674657534247,93975.625,142.65753424657535,52070.0,35.66438356164384,13017.5
noVIPV,208,home,5066.3018264840175,1849200.1666666665,1195.5870230729383,436389.26342162245,512.3698630136986,187015.0
noVIPV,208,public,0.0,0.0,0.0,0.0,0.0,0.0
noVIPV,208,work,219.986301369863,80295.0,145.4794520547945,53100.0,36.36986301369863,13275.0
noVIPV,209,home,11194.889155251143,4086134.541666667,2348.0585155740478,857041.3581845274,1117.0885569178615,407737.3232750195
noVIPV,209,public,3603.575456621004,1315305.0416666665,3749.455479452055,1368551.25,681.7191780821918,248827.5
noVIPV,209,work,48.163356164383565,17579.625,9.917808219178083,3620.0,2.4794520547945207,905.0
noVIPV,21,home,854.9845890410959,312069.375,219.98542594437495,80294.68046969686,85.9931506849315,31387.5
noVIPV,21,public,0.0,0.0,0.0,0.0,0.0,0.0
noVIPV,21,work,454.28767123287673,165815.0,235.4794520547945,85950.0,58.86986301369863,21487.5
noVIPV,210,home,388.9922374429224,141982.16666666666,88.33904109589041,32243.75,41.84931506849315,15275.0
noVIPV,210,public,1248.5601598173516,455724.4583333333,1557.9691780821918,568658.75,283.2671232876712,103392.5
noVIPV,210,work,215.02454337899542,78483.95833333333,107.06849315068493,39080.0,26.767123287671232,9770.0
noVIPV,211,home,3078.1140410958906,1123511.625,825.2056469708949,301200.06114437664,314.13013698630135,114657.5
noVIPV,211,public,6371.896232876712,2325742.125,6338.260273972603,2313465.0,1152.4109589041095,420630.0
noVIPV,211,work,6504.127853881279,2374006.666666667,3277.753424657534,1196380.0,819.4383561643835,299095.0
noVIPV,212,home,9236.432990867579,3371298.0416666665,2144.6109202849702,782782.9859040142,929.0724237049526,339111.4346523077
noVIPV,212,public,4475.470433789954,1633546.7083333333,4750.229452054795,1733833.75,863.6780821917808,315242.5
noVIPV,212,work,1004.4121004566209,366610.4166666666,457.013698630137,166810.0,114.25342465753425,41702.5
noVIPV,213,home,10021.056621004565,3657685.6666666665,2536.339236184235,925763.8212072457,1014.6204697266288,370336.4714502195
noVIPV,213,public,7518.672374429223,2744315.4166666665,8090.5,2953032.5,1471.0,536915.0
noVIPV,213,work,791.6640410958904,288957.375,388.52054794520546,141810.0,97.13013698630137,35452.5
noVIPV,214,home,11742.278538812787,4285931.666666667,2687.1265552417035,980801.1926632217,1197.0039264770812,436906.4331641347
noVIPV,214,public,2225.6237442922375,812352.6666666667,2646.7431506849316,966061.25,481.2260273972603,175647.5
noVIPV,214,work,3783.530821917808,1380988.75,2015.3150684931506,735590.0,503.82876712328766,183897.5
noVIPV,215,home,2865.4517123287674,1045889.8750000001,699.7700714152792,255416.0760665769,289.3625505158698,105617.33093829248
noVIPV,215,public,5019.644748858448,1832170.3333333335,5740.568493150685,2095307.5,1043.7397260273972,380965.0
noVIPV,215,work,157.40753424657532,57453.74999999999,73.06849315068493,26670.0,18.267123287671232,6667.5
noVIPV,216,home,0.0,0.0,0.0,0.0,0.0,0.0
noVIPV,216,public,29.96301369863014,10936.5,27.726027397260275,10120.0,5.041095890410959,1840.0
noVIPV,216,work,0.0,0.0,0.0,0.0,0.0,0.0
noVIPV,217,home,614.7948630136987,224400.125,108.93150684931507,39760.0,63.178082191780824,23060.0
noVIPV,217,public,0.0,0.0,0.0,0.0,0.0,0.0
noVIPV,217,work,0.0,0.0,0.0,0.0,0.0,0.0
noVIPV,218,home,4826.317922374429,1761606.0416666665,1164.3260792426447,424979.0189235653,479.86986301369865,175152.5
noVIPV,218,public,598.1175799086758,218312.91666666666,656.3835616438356,239580.0,119.34246575342466,43560.0
noVIPV,218,work,0.0,0.0,0.0,0.0,0.0,0.0
noVIPV,219,home,5033.789155251142,1837333.0416666667,1145.7988460555712,418216.57881028345,526.9375719716222,192332.2137696421
noVIPV,219,public,0.0,0.0,0.0,0.0,0.0,0.0
noVIPV,219,work,0.0,0.0,0.0,0.0,0.0,0.0
noVIPV,22,home,2822.6098173515984,1030252.5833333334,722.6657509916421,263772.99911194935,289.33561643835617,105607.5
noVIPV,22,public,0.0,0.0,0.0,0.0,0.0,0.0
noVIPV,22,work,0.0,0.0,0.0,0.0,0.0,0.0
noVIPV,220,home,0.0,0.0,0.0,0.0,0.0,0.0
noVIPV,220,public,0.0,0.0,0.0,0.0,0.0,0.0
noVIPV,220,work,117.2865296803653,42809.583333333336,42.82191780821918,15630.000000000002,10.705479452054796,3907.5000000000005
noVIPV,221,home,0.0,0.0,0.0,0.0,0.0,0.0
noVIPV,221,public,0.0,0.0,0.0,0.0,0.0,0.0
noVIPV,221,work,0.0,0.0,0.0,0.0,0.0,0.0
noVIPV,222,home,0.0,0.0,0.0,0.0,0.0,0.0
noVIPV,222,public,123.93082191780822,45234.75,102.61643835616438,37455.0,18.65753424657534,6810.0
noVIPV,222,work,0.0,0.0,0.0,0.0,0.0,0.0
noVIPV,223,home,0.0,0.0,0.0,0.0,0.0,0.0
noVIPV,223,public,0.0,0.0,0.0,0.0,0.0,0.0
noVIPV,223,work,867.8847031963471,316777.9166666667,470.1095890410959,171590.0,117.52739726027397,42897.5
noVIPV,224,home,5652.700799086758,2063235.7916666667,1295.2661064040167,472772.1288374661,568.040930825357,207334.93975125533
noVIPV,224,public,1302.7212328767123,475493.25,1344.63698630137,490792.5,244.4794520547945,89235.0
noVIPV,224,work,1610.6,587869.0,808.3835616438356,295060.0,202.0958904109589,73765.0
noVIPV,225,home,21396.432534246575,7809697.875,4891.570002436894,1785423.0508894664,2182.508542319112,796615.617946476
noVIPV,225,public,10829.394178082192,3952728.875,12130.13698630137,4427500.0,2205.4794520547944,805000.0
noVIPV,225,work,1503.4836757990865,548771.5416666666,827.6986301369863,302110.0,206.92465753424656,75527.5
noVIPV,226,home,6244.35285388128,2279188.791666667,1375.9152865739545,502209.0795994934,637.9200980128367,232840.8357746854
noVIPV,226,public,3330.2960045662103,1215558.0416666667,3426.3869863013697,1250631.25,622.9794520547945,227387.5
noVIPV,226,work,0.0,0.0,0.0,0.0,0.0,0.0
noVIPV,227,home,13175.787557077627,4809162.458333334,2924.859648576916,1067573.7717305743,1318.743943090837,481341.5392281555
noVIPV,227,public,12501.954794520549,4563213.5,13078.488317188649,4773648.235773857,2377.9069667615727,867936.042867974
noVIPV,227,work,3769.45901826484,1375852.5416666665,1805.0684931506848,658850.0,451.2671232876712,164712.5
noVIPV,228,home,10261.192579908675,3745335.2916666665,2537.905485285257,926335.5021291188,1052.426656616257,384135.7296649338
noVIPV,228,public,4451.029908675799,1624625.9166666665,4317.04794520548,1575722.5,784.917808219178,286495.0
noVIPV,228,work,1730.6759132420088,631696.7083333333,832.4657534246576,303850.0,208.1164383561644,75962.5
noVIPV,229,home,11024.61198630137,4023983.375,2570.7988154597365,938341.5676428038,1105.484090484444,403501.6930268221
noVIPV,229,public,4011.928082191781,1464353.75,4325.29794520548,1578733.75,786.417808219178,287042.5
noVIPV,229,work,2596.247716894977,947630.4166666666,1116.7671232876712,407620.0,279.1917808219178,101905.0
noVIPV,23,home,1327.2537671232876,484447.625,287.16224080034124,104814.21789212455,130.3777644850696,47587.884037050404
noVIPV,23,public,192.2291095890411,70163.625,231.3013698630137,84425.0,42.054794520547944,15350.0
noVIPV,23,work,0.0,0.0,0.0,0.0,0.0,0.0
noVIPV,230,home,11730.802739726027,4281743.0,2546.8318961940063,929593.6421108124,1186.7598914441696,433167.3603771219
noVIPV,230,public,8024.122260273973,2928804.625,8092.281081736718,2953682.594833902,1471.3238330430395,537033.1990607094
noVIPV,230,work,1476.1378995433788,538790.3333333333,701.2054794520548,255940.0,175.3013698630137,63985.0
noVIPV,231,home,4791.628082191781,1748944.25,1080.3005381760029,394309.696434241,497.2257356474405,181487.39351131578
noVIPV,231,public,2646.3142694063927,965904.7083333333,3055.6643835616437,1115317.5,555.5753424657535,202785.0
noVIPV,231,work,220.5703196347032,80508.16666666667,81.8082191780822,29860.0,20.45205479452055,7465.0
noVIPV,232,home,1713.6037671232878,625465.375,455.42672399816325,166230.75425932958,175.97260273972603,64230.0
noVIPV,232,public,80.80456621004568,29493.66666666667,103.97260273972603,37950.0,18.9041095890411,6900.000000000001
noVIPV,232,work,0.0,0.0,0.0,0.0,0.0,0.0
noVIPV,233,home,8999.448287671234,3284798.625,2412.9719707288637,880734.7693160352,929.8082191780821,339380.0
noVIPV,233,public,2310.287214611872,843254.8333333333,2679.121096921352,977879.2003762935,487.11292671297315,177796.2182502352
noVIPV,233,work,0.0,0.0,0.0,0.0,0.0,0.0
noVIPV,234,home,3318.4789954337903,1211244.8333333335,903.9843354599288,329954.28244287404,328.94520547945206,120065.0
noVIPV,234,public,1855.5378995433787,677271.3333333333,2210.868267676338,806966.9177018633,401.9760486684251,146721.25776397515
noVIPV,234,work,0.0,0.0,0.0,0.0,0.0,0.0
noVIPV,235,home,3314.7922374429218,1209899.1666666665,702.7046514068414,256487.19776349713,344.136063148455,125609.66304918607
noVIPV,235,public,294.5812785388128,107522.16666666667,360.25,131491.25,65.5,23907.5
noVIPV,235,work,189.21438356164384,69063.25,83.91780821917808,30630.0,20.97945205479452,7657.5
noVIPV,236,home,2275.3463470319634,830501.4166666666,460.9536149630127,168248.06946149963,226.46052817398672,82658.09278350516
noVIPV,236,public,589.7769406392695,215268.58333333334,868.1712328767123,316882.5,157.84931506849315,57615.0
noVIPV,236,work,0.0,0.0,0.0,0.0,0.0,0.0
noVIPV,237,home,548.5978310502284,200238.20833333334,138.18659524623808,50438.1072648769,53.23972602739726,19432.5
noVIPV,237,public,0.0,0.0,0.0,0.0,0.0,0.0
noVIPV,237,work,0.0,0.0,0.0,0.0,0.0,0.0
noVIPV,238,home,0.0,0.0,0.0,0.0,0.0,0.0
noVIPV,238,public,339.1488584474886,123789.33333333333,305.06164383561645,111347.5,55.465753424657535,20245.0
noVIPV,238,work,2544.7850456621004,928846.5416666666,1431.3698630136987,522450.0,357.8424657534247,130612.5
noVIPV,239,home,0.0,0.0,0.0,0.0,0.0,0.0
noVIPV,239,public,147.79212328767125,53944.125,120.3972602739726,43945.0,21.89041095890411,7990.0
noVIPV,239,work,453.78515981735154,165631.5833333333,187.3972602739726,68400.0,46.84931506849315,17100.0
noVIPV,24,home,2913.4494292237446,1063409.0416666667,739.4845338330281,269911.85484905523,293.05479452054794,106965.0
noVIPV,24,public,0.0,0.0,0.0,0.0,0.0,0.0
noVIPV,24,work,0.0,0.0,0.0,0.0,0.0,0.0
noVIPV,240,home,0.0,0.0,0.0,0.0,0.0,0.0
noVIPV,240,public,101.19520547945206,36936.25,109.32191780821918,39902.5,19.876712328767127,7255.000000000001
noVIPV,240,work,0.0,0.0,0.0,0.0,0.0,0.0
noVIPV,241,home,0.0,0.0,0.0,0.0,0.0,0.0
noVIPV,241,public,108.90867579908675,39751.666666666664,79.71232876712328,29095.0,14.493150684931507,5290.0
noVIPV,241,work,1609.466324200913,587455.2083333333,858.7397260273973,313440.0,214.68493150684932,78360.0
noVIPV,242,home,0.0,0.0,0.0,0.0,0.0,0.0
noVIPV,242,public,105.03527397260274,38337.875,157.80479452054794,57598.75,28.69178082191781,10472.5
noVIPV,242,work,572.9602739726027,209130.5,301.6986301369863,110120.0,75.42465753424658,27530.0
noVIPV,243,home,8863.75399543379,3235270.2083333335,1950.0075692537694,711752.7627776258,911.7089586669681,332773.76991344336
noVIPV,243,public,182.40262557077628,66576.95833333334,305.0993150684931,111361.25,55.47260273972603,20247.5
noVIPV,243,work,296.80890410958904,108335.25,132.68493150684932,48430.0,33.17123287671233,12107.5
noVIPV,244,home,12338.847374429222,4503679.291666666,3169.9458222441376,1157030.2251191102,1235.3972602739725,450920.0
noVIPV,244,public,1215.3271689497715,443594.4166666666,1375.414383561644,502026.25,250.07534246575344,91277.5
noVIPV,244,work,1572.8953196347034,574106.7916666667,833.3698630136986,304180.0,208.34246575342465,76045.0
noVIPV,245,home,22295.513127853883,8137862.291666667,5316.4542026997515,1940505.7839854092,2266.474516260492,827263.1984350794
noVIPV,245,public,7696.225684931507,2809122.375,8114.334653932613,2961732.1486854036,1475.333573442293,538496.754306437
noVIPV,245,work,3942.9412100456616,1439173.5416666665,1948.0821917808219,711050.0,487.02054794520546,177762.5
noVIPV,246,home,20136.39086757991,7349782.666666667,4747.0018380064175,1732655.6708723425,2004.2151236572565,731538.5201348986
noVIPV,246,public,16906.850456621007,6171000.416666667,18073.904109589042,6596975.0,3286.1643835616437,1199450.0
noVIPV,246,work,3790.776255707763,1383633.3333333335,1976.6849315068494,721490.0,494.17123287671234,180372.5
noVIPV,247,home,17384.220433789957,6345240.458333334,4062.104288146321,1482668.065173407,1755.0476664182356,640592.398242656
noVIPV,247,public,5988.364383561644,2185753.0,6918.246575342466,2525160.0,1257.86301369863,459120.0
noVIPV,247,work,4300.084817351598,1569530.9583333333,2026.7397260273972,739760.0,506.6849315068493,184940.0
noVIPV,248,home,22481.742237442922,8205835.916666667,5424.924437531838,1980097.4196991208,2250.132644729069,821298.4153261102
noVIPV,248,public,14028.02397260274,5120228.75,14868.044520547945,5426836.25,2703.280821917808,986697.5
noVIPV,248,work,8679.744406392692,3168106.708333333,4391.561643835616,1602920.0,1097.890410958904,400730.0
noVIPV,249,home,7848.662899543379,2864761.9583333335,1768.214527356059,645398.3024849616,783.0074425368402,285797.7165259467
noVIPV,249,public,4894.570319634703,1786518.1666666667,5216.109589041096,1903880.0,948.3835616438356,346160.0
noVIPV,249,work,2601.8804794520547,949686.375,1220.4383561643835,445460.0,305.1095890410959,111365.0
noVIPV,25,home,1826.803196347032,666783.1666666667,393.46807525550497,143615.8474682593,197.96236375249933,72256.26276966225
noVIPV,25,public,512.7728310502282,187162.0833333333,742.236301369863,270916.25,134.95205479452054,49257.5
noVIPV,25,work,0.0,0.0,0.0,0.0,0.0,0.0
noVIPV,250,home,6958.452625570777,2539835.2083333335,1551.9866460012354,566475.125790451,702.5844634486748,256443.32915876628
noVIPV,250,public,2485.7031963470317,907281.6666666666,2697.5005593089427,984587.704147764,490.4546471470805,179015.94620868439
noVIPV,250,work,610.1937214611872,222720.70833333334,276.958904109589,101090.0,69.23972602739725,25272.5
noVIPV,251,home,4407.186301369863,1608623.0,1106.7808515626411,403975.01082036406,434.972602739726,158765.0
noVIPV,251,public,392.192694063927,143150.33333333334,291.61301369863014,106438.75,53.02054794520548,19352.5
noVIPV,251,work,148.15502283105025,54076.583333333336,82.35616438356165,30060.0,20.589041095890412,7515.0
noVIPV,252,home,0.0,0.0,0.0,0.0,0.0,0.0
noVIPV,252,public,687.3510273972603,250883.125,683.8458904109589,249603.75,124.33561643835617,45382.5
noVIPV,252,work,436.07237442922377,159166.4166666667,240.16438356164383,87660.0,60.04109589041096,21915.0
noVIPV,253,home,2934.49600456621,1071091.0416666667,664.6372246481246,242592.5869965655,290.38792258660453,105991.59174411066
noVIPV,253,public,1766.2706621004565,644688.7916666666,1978.1164383561643,722012.5,359.6575342465753,131275.0
noVIPV,253,work,252.58401826484015,92193.16666666666,145.2054794520548,53000.0,36.3013698630137,13250.0
noVIPV,254,home,13004.670205479451,4746704.625,3057.288027032858,1115910.129866993,1339.7178915203167,488997.03040491557
noVIPV,254,public,4019.7424657534248,1467206.0,4533.280821917808,1654647.5,824.2328767123288,300845.0
noVIPV,254,work,53.95890410958904,19695.0,24.65753424657534,9000.0,6.164383561643835,2250.0
noVIPV,255,home,3867.859589041096,1411768.75,782.7643835822494,285709.000007521,395.50486397299426,144359.2753501429
noVIPV,255,public,298.34783105022825,108896.95833333331,327.8150684931507,119652.5,59.602739726027394,21755.0
noVIPV,255,work,587.3431506849315,214380.25,279.9178082191781,102170.0,69.97945205479452,25542.5
noVIPV,256,home,4327.206392694064,1579430.3333333333,886.6257588339892,323618.40197440604,437.6517307574167,159742.8817264571
noVIPV,256,public,314.2531963470319,114702.41666666666,440.03767123287673,160613.75,80.0068493150685,29202.5
noVIPV,256,work,0.0,0.0,0.0,0.0,0.0,0.0
noVIPV,257,home,2151.7679223744294,785395.2916666667,549.1201372355866,200428.85009098912,232.36399217221137,84812.85714285714
noVIPV,257,public,932.0915525114156,340213.4166666667,1179.0719178082193,430361.25,214.37671232876713,78247.5
noVIPV,257,work,0.0,0.0,0.0,0.0,0.0,0.0
noVIPV,258,home,7713.569520547945,2815452.875,1862.3807604678423,679768.9775707624,787.2271832847159,287337.9218989213
noVIPV,258,public,384.5842465753425,140373.25,530.7070678938837,193708.07978126756,96.4921941625243,35219.65086932137
noVIPV,258,work,120.50342465753425,43983.75,73.97260273972604,27000.000000000004,18.49315068493151,6750.000000000001
noVIPV,259,home,498.1501141552511,181824.79166666666,93.25,34036.25,51.14383561643836,18667.5
noVIPV,259,public,31.411415525114155,11465.166666666666,64.94520547945206,23705.0,11.808219178082192,4310.0
noVIPV,259,work,0.0,0.0,0.0,0.0,0.0,0.0
noVIPV,26,home,1550.215296803653,565828.5833333334,420.2061194668666,153375.2336054063,159.18231496629892,58101.5449626991
noVIPV,26,public,836.8977168949772,305467.6666666667,1118.3240810995635,408188.28960134066,203.33165110901152,74216.05265478921
noVIPV,26,work,0.0,0.0,0.0,0.0,0.0,0.0
noVIPV,260,home,0.0,0.0,0.0,0.0,0.0,0.0
noVIPV,260,public,404.53276255707766,147654.45833333334,314.1404109589041,114661.25,57.11643835616438,20847.5
noVIPV,260,work,2374.0550228310503,866530.0833333334,1189.0958904109589,434020.0,297.2739726027397,108505.0
noVIPV,261,home,0.0,0.0,0.0,0.0,0.0,0.0
noVIPV,261,public,166.28984018264842,60695.79166666667,95.60958904109589,34897.5,17.383561643835616,6345.0
noVIPV,261,work,5549.506050228311,2025569.7083333335,2839.8630136986303,1036550.0,709.9657534246576,259137.5
noVIPV,262,home,0.0,0.0,0.0,0.0,0.0,0.0
noVIPV,262,public,0.0,0.0,0.0,0.0,0.0,0.0
noVIPV,262,work,86.14109589041097,31441.500000000004,22.520547945205486,8220.000000000002,5.6301369863013715,2055.0000000000005
noVIPV,263,home,0.0,0.0,0.0,0.0,0.0,0.0
noVIPV,263,public,0.0,0.0,0.0,0.0,0.0,0.0
noVIPV,263,work,267.8607305936073,97769.16666666666,136.1095890410959,49680.0,34.02739726027397,12420.0
noVIPV,264,home,0.0,0.0,0.0,0.0,0.0,0.0
noVIPV,264,public,0.0,0.0,0.0,0.0,0.0,0.0
noVIPV,264,work,0.0,0.0,0.0,0.0,0.0,0.0
noVIPV,265,home,0.0,0.0,0.0,0.0,0.0,0.0
noVIPV,265,public,0.0,0.0,0.0,0.0,0.0,0.0
noVIPV,265,work,293.1184931506849,106988.25,122.35616438356162,44659.99999999999,30.589041095890405,11164.999999999998
noVIPV,266,home,10442.14794520548,3811384.0,2378.3415387544687,868094.661645381,1051.9907141102408,383976.6106502379
noVIPV,266,public,1110.0433789954338,405165.8333333334,1251.5518272760755,456816.41695576755,227.5548776865592,83057.5303555941
noVIPV,266,work,82.29474885844749,30037.583333333332,44.87671232876713,16380.0,11.219178082191782,4095.0
noVIPV,267,home,15192.954908675798,5545428.541666666,3559.26213085078,1299130.6777605347,1530.1304406291422,558497.6108296369
noVIPV,267,public,7448.820776255707,2718819.583333333,8606.273253936924,3141289.7376869777,1564.7769552612594,571143.5886703597
noVIPV,267,work,1077.8302511415525,393408.0416666666,539.945205479452,197080.0,134.986301369863,49270.0
noVIPV,268,home,25194.64372146119,9196044.958333334,6127.010418766917,2236358.8028499247,2525.6614912728664,921866.4443145962
noVIPV,268,public,4767.9857305936075,1740314.7916666667,5621.904109589041,2051995.0,1022.1643835616438,373090.0
noVIPV,268,work,627.0191780821917,228862.0,289.64383561643837,105720.0,72.41095890410959,26430.0
noVIPV,269,home,3387.1875570776256,1236323.4583333333,876.3699877613385,319875.04553288856,347.8614885400698,126969.44331712546
noVIPV,269,public,0.0,0.0,0.0,0.0,0.0,0.0
noVIPV,269,work,4539.65593607306,1656974.4166666667,2408.958904109589,879270.0,602.2397260273973,219817.5
noVIPV,27,home,860.3276255707761,314019.5833333333,184.000111788214,67160.04080269812,80.56849315068493,29407.5
noVIPV,27,public,335.32899543379,122395.08333333334,432.3904109589041,157822.5,78.61643835616438,28695.0
noVIPV,27,work,0.0,0.0,0.0,0.0,0.0,0.0
noVIPV,270,home,7367.738812785387,2689224.6666666665,1634.010554465222,596413.852379806,733.5,267727.5
noVIPV,270,public,856.3706621004567,312575.2916666667,848.1301369863014,309567.5,154.2054794520548,56285.0
noVIPV,270,work,4700.350799086758,1715628.0416666667,2237.2328767123286,816590.0,559.3082191780821,204147.5
noVIPV,271,home,1148.5492009132422,419220.4583333334,269.302847327707,98295.53927461305,113.83561643835617,41550.0
noVIPV,271,public,24696.46152968036,9014208.458333332,26491.164383561645,9669275.0,4816.575342465753,1758050.0
noVIPV,271,work,10657.75194063927,3890079.458333333,5063.287671232877,1848100.0,1265.8219178082193,462025.0
noVIPV,272,home,9630.697031963471,3515204.416666667,2220.7642354777136,810578.9459493654,977.3295704638796,356725.29321931605
noVIPV,272,public,12005.083333333334,4381855.416666667,12358.010273972603,4510673.75,2246.9109589041095,820122.5
noVIPV,272,work,6052.0502283105025,2208998.3333333335,2943.123287671233,1074240.0,735.7808219178082,268560.0
noVIPV,273,home,3323.7496575342466,1213168.625,790.665991823443,288593.0870155567,330.958904109589,120800.0
noVIPV,273,public,4828.864611872146,1762535.5833333335,5164.311643835616,1884973.75,938.9657534246576,342722.5
noVIPV,273,work,3945.0353881278543,1439937.9166666667,1916.3561643835617,699470.0,479.0890410958904,174867.5
noVIPV,274,home,13360.504337899545,4876584.083333334,3111.326170314883,1135634.0521649322,1345.1872910632542,490993.36123808776
noVIPV,274,public,4165.447146118722,1520388.2083333335,4886.712328767123,1783650.0,888.4931506849315,324300.0
noVIPV,274,work,511.82317351598175,186815.45833333334,242.76712328767124,88610.0,60.69178082191781,22152.5
noVIPV,275,home,8068.817922374429,2945118.5416666665,1715.0256122805836,625984.348482413,794.2890263747189,289915.4946267724
noVIPV,275,public,1171.228196347032,427498.2916666667,1417.7568493150684,517481.25,257.7739726027397,94087.5
noVIPV,275,work,288.19931506849315,105192.75,104.41095890410959,38110.0,26.102739726027398,9527.5
noVIPV,276,home,0.0,0.0,0.0,0.0,0.0,0.0
noVIPV,276,public,583.5828767123288,213007.75,700.6095890410959,255722.5,127.38356164383562,46495.0
noVIPV,276,work,0.0,0.0,0.0,0.0,0.0,0.0
noVIPV,277,home,3696.54200913242,1349237.8333333333,997.4786665682971,364079.71329742845,385.0,140525.0
noVIPV,277,public,363.0681506849315,132519.875,342.1678082191781,124891.25,62.21232876712329,22707.5
noVIPV,277,work,74.35616438356165,27140.0,32.76712328767123,11960.0,8.191780821917808,2990.0
noVIPV,278,home,17470.585502283106,6376763.708333333,4307.571783047236,1572263.700812241,1800.5310604420613,657193.8370613523
noVIPV,278,public,0.0,0.0,0.0,0.0,0.0,0.0
noVIPV,278,work,208.72066210045662,76183.04166666667,82.87671232876713,30250.0,20.71917808219178,7562.5
noVIPV,279,home,7555.078424657534,2757603.625,1637.066280101188,597529.1922369336,775.3553147067511,283004.68986796413
noVIPV,279,public,1474.6551369863014,538249.125,1623.002384905409,592395.8704904743,295.09134271007434,107708.34008917713
noVIPV,279,work,0.0,0.0,0.0,0.0,0.0,0.0
noVIPV,28,home,12893.803995433791,4706238.458333334,2854.6799860965166,1041958.1949252285,1293.9323008926458,472285.2898258157
noVIPV,28,public,1684.5039954337901,614843.9583333334,1924.359589041096,702391.25,349.8835616438356,127707.5
noVIPV,28,work,0.0,0.0,0.0,0.0,0.0,0.0
noVIPV,280,home,5448.045547945206,1988536.625,1374.1871047070351,501578.2932180678,576.4109589041096,210390.0
noVIPV,280,public,3051.5460045662103,1113814.2916666667,3611.7671232876714,1318295.0,656.6849315068494,239690.0
noVIPV,280,work,678.4691780821918,247641.25,375.5890410958904,137090.0,93.8972602739726,34272.5
noVIPV,281,home,0.0,0.0,0.0,0.0,0.0,0.0
noVIPV,281,public,1172.5680365296803,427987.3333333333,1398.1678082191781,510331.25,254.2123287671233,92787.5
noVIPV,281,work,1013.9569634703197,370094.2916666667,544.3561643835617,198690.0,136.08904109589042,49672.5
noVIPV,282,home,0.0,0.0,0.0,0.0,0.0,0.0
noVIPV,282,public,0.0,0.0,0.0,0.0,0.0,0.0
noVIPV,282,work,808.239611872146,295007.4583333333,456.2739726027397,166540.0,114.06849315068493,41635.0
noVIPV,283,home,0.0,0.0,0.0,0.0,0.0,0.0
noVIPV,283,public,424.5753424657534,154970.0,412.68835616438355,150631.25,75.03424657534246,27387.5
noVIPV,283,work,1327.5372146118723,484551.0833333334,704.3013698630137,257070.0,176.07534246575344,64267.5
noVIPV,284,home,0.0,0.0,0.0,0.0,0.0,0.0
noVIPV,284,public,33.50342465753425,12228.75,20.34246575342466,7425.0,3.6986301369863015,1350.0
noVIPV,284,work,923.5808219178082,337107.0,485.36986301369865,177160.0,121.34246575342466,44290.0
noVIPV,285,home,0.0,0.0,0.0,0.0,0.0,0.0
noVIPV,285,public,104.66655251141552,38203.291666666664,76.02054794520548,27747.5,13.821917808219178,5045.0
noVIPV,285,work,0.0,0.0,0.0,0.0,0.0,0.0
noVIPV,286,home,4363.716666666667,1592756.5833333335,1141.1575581501402,416522.5087248011,434.3511487185,158538.1692822525
noVIPV,286,public,1728.6713470319637,630965.0416666667,2114.7876712328766,771897.5,384.5068493150685,140345.0
noVIPV,286,work,1332.7267123287672,486445.25,703.4794520547945,256770.0,175.86986301369862,64192.5
noVIPV,287,home,11667.1100456621,4258495.166666667,2832.7459000445438,1033952.2535162584,1174.7521686241525,428784.54154781566
noVIPV,287,public,5754.447374429224,2100373.2916666665,6511.107391174871,2376554.197778828,1183.8377074863404,432100.7632325142
noVIPV,287,work,88.90787671232877,32451.375000000004,40.0,14600.0,10.0,3650.0
noVIPV,288,home,7575.689269406392,2765126.583333333,1892.4671893369275,690750.5241079786,781.1929862758802,285135.43999069626
noVIPV,288,public,4016.8776255707767,1466160.3333333335,4435.523972602739,1618966.25,806.4589041095891,294357.5
noVIPV,288,work,246.5375570776256,89986.20833333334,123.28767123287672,45000.0,30.82191780821918,11250.0
noVIPV,289,home,11632.932305936074,4246020.291666667,2685.2405210267525,980112.7901747646,1160.90922602872,423731.8675004828
noVIPV,289,public,2483.622831050228,906522.3333333333,2677.030821917808,977116.25,486.7328767123288,177657.5
noVIPV,289,work,1806.3665525114156,659323.7916666667,852.5753424657535,311190.0,213.14383561643837,77797.5
noVIPV,29,home,0.0,0.0,0.0,0.0,0.0,0.0
noVIPV,29,public,28.541095890410958,10417.5,54.24657534246575,19800.0,9.863013698630136,3599.9999999999995
noVIPV,29,work,0.0,0.0,0.0,0.0,0.0,0.0
noVIPV,290,home,276.036301369863,100753.25,66.18311374025275,24156.836515192255,27.465753424657535,10025.0
noVIPV,290,public,1021.528310502283,372857.8333333333,1138.0102739726028,415373.75,206.91095890410958,75522.5
noVIPV,290,work,3426.928082191781,1250828.75,1678.3561643835617,612600.0,419.5890410958904,153150.0
noVIPV,291,home,488.0667808219178,178144.375,104.40782523054884,38108.856209150326,50.0,18250.0
noVIPV,291,public,8052.00707762557,2938982.583333333,8048.0445205479455,2937536.25,1463.2808219178082,534097.5
noVIPV,291,work,1810.9871004566212,661010.2916666667,868.1095890410959,316860.0,217.02739726027397,79215.0
noVIPV,292,home,1892.816894977169,690878.1666666667,358.3498867199929,130797.70865279742,187.45890410958904,68422.5
noVIPV,292,public,7769.355136986302,2835814.625,7564.722602739726,2761123.75,1375.4041095890411,502022.5
noVIPV,292,work,10478.14109589041,3824521.5,5248.082191780822,1915550.0,1312.0205479452054,478887.5
noVIPV,293,home,8432.352283105023,3077808.5833333335,1982.8557377222814,723742.3442686327,850.7471271730934,310522.7014181791
noVIPV,293,public,5879.6507990867585,2146072.541666667,6729.36301369863,2456217.5,1223.5205479452054,446585.0
noVIPV,293,work,4135.001940639269,1509275.7083333333,2076.931506849315,758080.0,519.2328767123288,189520.0
noVIPV,294,home,19506.096575342464,7119725.25,4455.76487271375,1626354.1785405187,1971.1757360438692,719479.1436560123
noVIPV,294,public,9009.672146118723,3288530.3333333335,9964.116438356165,3636902.5,1811.6575342465753,661255.0
noVIPV,294,work,4872.808105022831,1778574.9583333333,2660.054794520548,970920.0,665.013698630137,242730.0
noVIPV,295,home,17177.211415525115,6269682.166666667,4093.432269835464,1494102.7784899443,1759.550704468869,642236.0071311372
noVIPV,295,public,2159.044634703196,788051.2916666666,2479.8972602739727,905162.5,450.8904109589041,164575.0
noVIPV,295,work,869.0401826484017,317199.6666666666,452.8493150684931,165290.0,113.21232876712328,41322.5
noVIPV,296,home,13684.85673515982,4994972.708333334,3339.533177416121,1218929.6097568842,1363.130620621566,497542.6765268716
noVIPV,296,public,1904.0861872146118,694991.4583333333,2014.1233602028735,735155.0264740488,366.20424730961344,133664.5502680089
noVIPV,296,work,737.162100456621,269064.1666666667,392.1917808219178,143150.0,98.04794520547945,35787.5
noVIPV,297,home,11619.014726027397,4240940.375,2720.1961476578704,992871.5938951226,1203.8245958929954,439395.97750094335
noVIPV,297,public,2881.650228310502,1051802.3333333333,3057.3972602739727,1115950.0,555.8904109589041,202900.0
noVIPV,297,work,128.12625570776254,46766.08333333333,55.04109589041096,20090.0,13.76027397260274,5022.5
noVIPV,298,home,11348.178767123287,4142085.25,2737.8024583665538,999297.8973037922,1144.9767837392649,417916.52606483165
noVIPV,298,public,782.1958904109589,285501.5,713.568493150685,260452.5,129.73972602739727,47355.0
noVIPV,298,work,0.0,0.0,0.0,0.0,0.0,0.0
noVIPV,299,home,4080.5368721461186,1489395.9583333333,1000.0597234623344,365021.79906375206,413.513698630137,150932.5
noVIPV,299,public,5074.4228310502285,1852164.3333333335,5810.034246575343,2120662.5,1056.3698630136987,385575.0
noVIPV,299,work,0.0,0.0,0.0,0.0,0.0,0.0
noVIPV,3,home,3651.2888127853876,1332720.4166666665,898.8884330570055,328094.278065807,362.6151882465453,132354.54370998903
noVIPV,3,public,0.0,0.0,0.0,0.0,0.0,0.0
noVIPV,3,work,0.0,0.0,0.0,0.0,0.0,0.0
noVIPV,30,home,2471.7546803652967,902190.4583333334,561.3279199347152,204884.69077617102,239.23287671232876,87320.0
noVIPV,30,public,578.405707762557,211118.0833333333,818.5958904109589,298787.5,148.83561643835617,54325.0
noVIPV,30,work,0.0,0.0,0.0,0.0,0.0,0.0
noVIPV,300,home,2113.171232876712,771307.5,584.5997555767348,213378.9107855082,219.98870307385792,80295.87662195814
noVIPV,300,public,2249.123858447488,820930.2083333333,2722.763698630137,993808.75,495.04794520547944,180692.5
noVIPV,300,work,0.0,0.0,0.0,0.0,0.0,0.0
noVIPV,301,home,1850.2948630136987,675357.625,409.1214934472722,149329.34510825435,189.4041095890411,69132.5
noVIPV,301,public,0.0,0.0,0.0,0.0,0.0,0.0
noVIPV,301,work,0.0,0.0,0.0,0.0,0.0,0.0
noVIPV,302,home,0.0,0.0,0.0,0.0,0.0,0.0
noVIPV,302,public,161.33607305936076,58887.66666666667,145.56164383561645,53130.0,26.465753424657535,9660.0
noVIPV,302,work,0.0,0.0,0.0,0.0,0.0,0.0
noVIPV,303,home,4772.02602739726,1741789.5,1120.6686416893779,409044.05421662296,490.5360790885358,179045.66886731557
noVIPV,303,public,126.2851598173516,46094.083333333336,112.59931506849315,41098.75,20.472602739726028,7472.5
noVIPV,303,work,0.0,0.0,0.0,0.0,0.0,0.0
noVIPV,304,home,831.4735159817351,303487.8333333333,145.7587656285323,53201.94945441429,85.41705404714286,31177.22472720714
noVIPV,304,public,459.70342465753424,167791.75,644.9520317509221,235407.49158908657,117.26400577289492,42801.362107106645
noVIPV,304,work,0.0,0.0,0.0,0.0,0.0,0.0
noVIPV,305,home,15835.50102739726,5779957.875,3684.1661225153457,1344720.6347181012,1575.644109407189,575110.099933624
noVIPV,305,public,859.052397260274,313554.125,1295.25,472766.25,235.5,85957.5
noVIPV,305,work,485.74121004566206,177295.54166666666,271.3424657534247,99040.0,67.83561643835617,24760.0
noVIPV,306,home,11504.453767123288,4199125.625,2433.887283448294,888368.8584586272,1180.2004371816804,430773.15957131336
noVIPV,306,public,412.15194063926936,150435.4583333333,444.7842465753425,162346.25,80.86986301369863,29517.5
noVIPV,306,work,1731.6092465753425,632037.375,914.027397260274,333620.0,228.5068493150685,83405.0
noVIPV,307,home,0.0,0.0,0.0,0.0,0.0,0.0
noVIPV,307,public,714.4623287671233,260778.75,820.1404109589041,299351.25,149.1164383561644,54427.5
noVIPV,307,work,1292.6981735159816,471834.8333333333,615.8630136986301,224790.0,153.96575342465752,56197.5
noVIPV,308,home,0.0,0.0,0.0,0.0,0.0,0.0
noVIPV,308,public,205.75365296803656,75100.08333333334,289.6917808219178,105737.5,52.67123287671233,19225.0
noVIPV,308,work,0.0,0.0,0.0,0.0,0.0,0.0
noVIPV,309,home,0.0,0.0,0.0,0.0,0.0,0.0
noVIPV,309,public,300.7178082191781,109762.0,335.1986301369863,122347.5,60.945205479452056,22245.0
noVIPV,309,work,0.0,0.0,0.0,0.0,0.0,0.0
noVIPV,31,home,2076.3305936073057,757860.6666666666,481.5533761485497,175766.98229422065,214.97260273972603,78465.0
noVIPV,31,public,83.00513698630137,30296.875,27.386986301369863,9996.25,4.97945205479452,1817.5
noVIPV,31,work,300.9705479452055,109854.25000000001,173.17808219178082,63210.0,43.294520547945204,15802.5
noVIPV,310,home,0.0,0.0,0.0,0.0,0.0,0.0
noVIPV,310,public,0.0,0.0,0.0,0.0,0.0,0.0
noVIPV,310,work,524.931506849315,191600.0,270.0,98550.0,67.5,24637.5
noVIPV,311,home,0.0,0.0,0.0,0.0,0.0,0.0
noVIPV,311,public,98.84246575342466,36077.5,105.85616438356165,38637.5,19.24657534246575,7024.999999999999
noVIPV,311,work,0.0,0.0,0.0,0.0,0.0,0.0
noVIPV,312,home,14617.939726027398,5335548.0,3398.261110405211,1240365.305297902,1501.436818036723,548024.438583404
noVIPV,312,public,3885.6247716894977,1418253.0416666667,4479.260273972603,1634930.0,814.4109589041096,297260.0
noVIPV,312,work,637.7635844748859,232783.70833333334,289.94520547945206,105830.0,72.48630136986301,26457.5
noVIPV,313,home,7115.4105022831045,2597124.833333333,1799.268417940174,656732.9725481635,722.0603960625028,263552.04456281353
noVIPV,313,public,1831.447602739726,668478.375,2380.2568493150684,868793.75,432.7739726027397,157962.5
noVIPV,313,work,355.862899543379,129889.95833333333,152.93150684931507,55820.0,38.23287671232877,13955.0
noVIPV,314,home,4655.586757990868,1699289.1666666667,1090.1669853178028,397910.94964099803,464.73159870980135,169627.03352907748
noVIPV,314,public,2291.3728310502283,836351.0833333334,2395.400684931507,874321.25,435.527397260274,158967.5
noVIPV,314,work,3469.306050228311,1266296.7083333335,1874.7945205479452,684300.0,468.6986301369863,171075.0
noVIPV,315,home,5213.321347031963,1902862.2916666665,1163.446247163018,424657.8802145015,536.1372101151637,195690.08169203476
noVIPV,315,public,7906.701940639268,2885946.208333333,9208.243150684932,3361008.75,1674.2260273972602,611092.5
noVIPV,315,work,1101.6316210045663,402095.5416666667,504.958904109589,184310.0,126.23972602739725,46077.5
noVIPV,316,home,11704.970662100455,4272314.291666666,2701.3187696429027,985981.3509196595,1178.7323114715884,430237.29368712974
noVIPV,316,public,3580.8866438356163,1307023.625,3898.6335616438355,1423001.25,708.8424657534247,258727.5
noVIPV,316,work,2048.0916666666662,747553.4583333333,1178.4109589041095,430120.0,294.6027397260274,107530.0
noVIPV,317,home,0.0,0.0,0.0,0.0,0.0,0.0
noVIPV,317,public,357.49235159817357,130484.70833333334,433.7842465753425,158331.25,78.86986301369863,28787.5
noVIPV,317,work,2343.1949771689497,855266.1666666666,1303.7808219178082,475880.0,325.94520547945206,118970.0
noVIPV,318,home,2260.8679223744293,825216.7916666666,495.2978608529474,180783.7192113258,239.46545191492945,87404.88994894925
noVIPV,318,public,885.2955479452055,323132.875,850.7671232876712,310530.0,154.68493150684932,56460.0
noVIPV,318,work,4185.869748858448,1527842.4583333335,2097.698630136986,765660.0,524.4246575342465,191415.0
noVIPV,319,home,1271.162785388128,463974.4166666667,332.95770046470034,121529.56066961563,119.1986301369863,43507.5
noVIPV,319,public,1615.5308219178082,589668.75,1901.304794520548,693976.25,345.6917808219178,126177.5
noVIPV,319,work,2346.931278538813,856629.9166666667,1164.849315068493,425170.0,291.21232876712327,106292.5
noVIPV,32,home,672.8713470319635,245598.0416666667,117.36986301369863,42840.0,68.0958904109589,24855.0
noVIPV,32,public,0.0,0.0,0.0,0.0,0.0,0.0
noVIPV,32,work,0.0,0.0,0.0,0.0,0.0,0.0
noVIPV,320,home,13688.839726027398,4996426.5,3009.675914232203,1098531.7086947542,1364.2869069706005,497964.72104426916
noVIPV,320,public,4483.6793378995435,1636542.9583333335,4475.545602098026,1633574.1447657796,813.7355640178231,297013.4808665054
noVIPV,320,work,272.74212328767123,99550.875,133.2054794520548,48619.99999999999,33.3013698630137,12154.999999999998
noVIPV,321,home,12802.843835616439,4673038.0,3318.0153761423594,1211075.6122919612,1293.456567490409,472111.6471339993
noVIPV,321,public,8247.530707762557,3010348.7083333335,8932.565068493152,3260386.25,1624.1027397260275,592797.5
noVIPV,321,work,2321.5025114155255,847348.4166666667,1182.3561643835617,431560.0,295.5890410958904,107890.0
noVIPV,322,home,16771.002397260276,6121415.875,3741.5112252424565,1365651.5972134967,1723.386291113521,629035.9962564352
noVIPV,322,public,4520.274543378996,1649900.2083333335,4865.239726027397,1775812.5,884.5890410958904,322875.0
noVIPV,322,work,699.609703196347,255357.54166666666,386.6849315068493,141140.0,96.67123287671232,35285.0
noVIPV,323,home,9577.56484018265,3495811.166666667,2196.491481611454,801719.3907881809,970.8345984658226,354354.62844002526
noVIPV,323,public,1900.1076484018263,693539.2916666666,1936.0,706640.0,352.0,128480.0
noVIPV,323,work,3322.7378995433796,1212799.3333333335,1789.2876712328766,653090.0,447.32191780821915,163272.5
noVIPV,324,home,22612.519292237444,8253569.541666667,5529.270821222793,2018183.8497463195,2294.7176285676155,837571.9344271797
noVIPV,324,public,5151.680707762557,1880363.4583333333,6385.236301369863,2330611.25,1160.9520547945206,423747.5
noVIPV,324,work,1031.9937214611873,376677.7083333334,600.8767123287671,219320.0,150.21917808219177,54830.0
noVIPV,325,home,21101.2198630137,7701945.25,5052.143911229655,1844032.5275988241,2155.5099907283907,786761.1466158626
noVIPV,325,public,257.1389269406393,93855.70833333334,206.36301369863014,75322.5,37.52054794520548,13695.0
noVIPV,325,work,81.95981735159816,29915.33333333333,20.164383561643834,7360.0,5.041095890410959,1840.0
noVIPV,326,home,3312.929223744292,1209219.1666666665,804.3967674858168,293604.82013232313,327.77587860186054,119638.1956896791
noVIPV,326,public,0.0,0.0,0.0,0.0,0.0,0.0
noVIPV,326,work,0.0,0.0,0.0,0.0,0.0,0.0
noVIPV,327,home,1081.7891552511414,394853.0416666666,311.43248501630893,113672.85703095276,113.52054794520548,41435.0
noVIPV,327,public,694.7417808219178,253580.75,707.7294520547945,258321.25,128.67808219178082,46967.5
noVIPV,327,work,0.0,0.0,0.0,0.0,0.0,0.0
noVIPV,328,home,4671.158789954338,1704972.9583333335,1199.4053758679247,437782.96219179255,474.12095992675887,173054.15037326698
noVIPV,328,public,1158.9745433789953,423025.7083333333,1233.5821917808219,450257.5,224.2876712328767,81865.0
noVIPV,328,work,504.7737442922375,184242.4166666667,257.3424657534247,93930.0,64.33561643835617,23482.5
noVIPV,329,home,926.3044520547945,338101.125,238.4252879018251,87025.23008416616,99.44520547945206,36297.5
noVIPV,329,public,53.11004566210047,19385.16666666667,24.26027397260274,8855.0,4.410958904109589,1610.0
noVIPV,329,work,0.0,0.0,0.0,0.0,0.0,0.0
noVIPV,33,home,2610.878196347032,952970.5416666666,699.9747067075273,255490.76794824746,264.6048865495931,96580.78359060148
noVIPV,33,public,0.0,0.0,0.0,0.0,0.0,0.0
noVIPV,33,work,0.0,0.0,0.0,0.0,0.0,0.0
noVIPV,330,home,8056.842351598174,2940747.4583333335,1884.9175906287176,687994.9205794819,809.0775547065273,295313.30746788246
noVIPV,330,public,0.0,0.0,0.0,0.0,0.0,0.0
noVIPV,330,work,0.0,0.0,0.0,0.0,0.0,0.0
noVIPV,331,home,7564.056506849315,2760880.625,1753.390379674678,639987.4885812574,787.2857305955749,287359.29166738485
noVIPV,331,public,2702.127625570776,986276.5833333334,3164.345890410959,1154986.25,575.3356164383562,209997.5
noVIPV,331,work,1662.0132420091322,606634.8333333333,939.6164383561644,342960.0,234.9041095890411,85740.0
noVIPV,332,home,1577.3590182648402,575736.0416666666,309.24567405827503,112874.67103127038,154.66399487286867,56452.358128597065
noVIPV,332,public,0.0,0.0,0.0,0.0,0.0,0.0
noVIPV,332,work,219.45742009132422,80101.95833333334,119.58904109589041,43650.0,29.897260273972602,10912.5
noVIPV,333,home,0.0,0.0,0.0,0.0,0.0,0.0
noVIPV,333,public,85.98219178082192,31383.5,135.16438356164383,49335.0,24.575342465753426,8970.0
noVIPV,333,work,0.0,0.0,0.0,0.0,0.0,0.0
noVIPV,334,home,0.0,0.0,0.0,0.0,0.0,0.0
noVIPV,334,public,0.0,0.0,0.0,0.0,0.0,0.0
noVIPV,334,work,418.5082191780822,152755.5,230.1095890410959,83990.0,57.52739726027397,20997.5
noVIPV,335,home,0.0,0.0,0.0,0.0,0.0,0.0
noVIPV,335,public,240.51609589041095,87788.375,208.39726027397265,76065.00000000001,37.89041095890411,13830.000000000002
noVIPV,335,work,63.45479452054794,23161.0,17.643835616438356,6440.0,4.410958904109589,1610.0
noVIPV,336,home,0.0,0.0,0.0,0.0,0.0,0.0
noVIPV,336,public,910.5148401826483,332337.9166666666,815.0924657534247,297508.75,148.1986301369863,54092.5
noVIPV,336,work,735.525,268466.625,319.4246575342466,116590.0,79.85616438356165,29147.5
noVIPV,337,home,18033.858447488583,6582358.333333333,4053.5285134668115,1479537.9074153863,1805.7487734023262,659098.302291849
noVIPV,337,public,1493.5406392694063,545142.3333333333,2111.8087699782914,770810.2010420763,383.96523090514387,140147.30928037752
noVIPV,337,work,475.625,173603.125,220.986301369863,80660.0,55.24657534246575,20165.0
noVIPV,338,home,10325.709817351599,3768884.0833333335,2279.263962175093,831931.3461939091,1021.8285052874751,372967.4044299284
noVIPV,338,public,2938.718264840182,1072632.1666666665,3327.6130136986303,1214578.75,605.0205479452055,220832.5
noVIPV,338,work,0.0,0.0,0.0,0.0,0.0,0.0
noVIPV,339,home,12467.606278538811,4550676.291666666,3110.1820262645956,1135216.4395865775,1244.750460965744,454333.9182524965
noVIPV,339,public,641.0707762557078,233990.83333333334,501.6678082191781,183108.75,91.21232876712328,33292.5
noVIPV,339,work,195.13607305936074,71224.66666666667,106.68493150684931,38940.0,26.671232876712327,9735.0
noVIPV,34,home,0.0,0.0,0.0,0.0,0.0,0.0
noVIPV,34,public,133.73607305936073,48813.66666666667,152.4931506849315,55660.0,27.726027397260275,10120.0
noVIPV,34,work,0.0,0.0,0.0,0.0,0.0,0.0
noVIPV,340,home,11840.170547945205,4321662.25,2653.0168581871576,968351.1532383126,1198.983389036295,437628.93699824763
noVIPV,340,public,4810.517351598173,1755838.8333333333,4990.082191780822,1821380.0,907.2876712328767,331160.0
noVIPV,340,work,1393.01997716895,508452.2916666667,665.6986301369863,242980.0,166.42465753424656,60745.0
noVIPV,341,home,0.0,0.0,0.0,0.0,0.0,0.0
noVIPV,341,public,1467.4490867579907,535618.9166666666,1517.359589041096,553836.25,275.8835616438356,100697.5
noVIPV,341,work,1786.9998858447486,652254.9583333333,982.6027397260274,358650.0,245.65068493150685,89662.5
noVIPV,342,home,0.0,0.0,0.0,0.0,0.0,0.0
noVIPV,342,public,2195.6123287671235,801398.5,2263.02397260274,826003.75,411.458904109589,150182.5
noVIPV,342,work,884.8035388127853,322953.2916666666,380.43835616438355,138860.0,95.10958904109589,34715.0
noVIPV,343,home,0.0,0.0,0.0,0.0,0.0,0.0
noVIPV,343,public,220.9697488584475,80653.95833333334,157.46575342465752,57475.0,28.63013698630137,10450.0
noVIPV,343,work,439.02066210045666,160242.5416666667,214.46575342465752,78280.0,53.61643835616438,19570.0
noVIPV,344,home,89.79497716894979,32775.16666666667,13.08904109589041,4777.5,8.726027397260275,3185.0
noVIPV,344,public,0.0,0.0,0.0,0.0,0.0,0.0
noVIPV,344,work,3180.5579908675795,1160903.6666666665,1617.150684931507,590260.0,404.28767123287673,147565.0
noVIPV,345,home,6425.486187214611,2345302.458333333,1563.3947369013556,570639.0789689948,661.9590749795068,241615.06236751997
noVIPV,345,public,1869.2192922374431,682265.0416666667,2088.9828767123286,762478.75,379.8150684931507,138632.5
noVIPV,345,work,4615.540525114156,1684672.2916666667,2417.6438356164385,882440.0,604.4109589041096,220610.0
noVIPV,346,home,2504.793378995434,914249.5833333334,553.7327737612218,202112.46242284594,266.9318051770336,97430.10888961726
noVIPV,346,public,1438.833789954338,525174.3333333334,1618.2808219178082,590672.5,294.2328767123288,107395.0
noVIPV,346,work,266.35947488584475,97221.20833333333,133.26027397260273,48640.0,33.31506849315068,12160.0
noVIPV,347,home,6267.444406392695,2287617.2083333335,1461.2604585100096,533360.0673561535,646.2383145754226,235876.98482002923
noVIPV,347,public,4607.071232876712,1681581.0,5140.654109589041,1876338.75,934.6643835616438,341152.5
noVIPV,347,work,2379.971118721461,868689.4583333333,1193.945205479452,435790.0,298.486301369863,108947.5
noVIPV,348,home,12592.7200913242,4596342.833333333,2796.2085429355866,1020616.1181714891,1233.467966888244,450215.8079142091
noVIPV,348,public,1401.627397260274,511594.0,1671.2842465753424,610018.75,303.86986301369865,110912.5
noVIPV,348,work,779.5648401826485,284541.1666666667,387.9178082191781,141590.0,96.97945205479452,35397.5
noVIPV,349,home,18243.172374429225,6658757.916666667,4278.227799284022,1561553.146738668,1876.8222257560221,685040.1124009481
noVIPV,349,public,6238.441438356164,2277031.125,6966.804794520548,2542883.75,1266.6917808219177,462342.5
noVIPV,349,work,194.00456621004568,70811.66666666667,80.1917808219178,29270.0,20.04794520547945,7317.5
noVIPV,35,home,1687.341324200913,615879.5833333333,409.92551780277785,149622.8139980139,184.98291692674206,67518.76467826085
noVIPV,35,public,0.0,0.0,0.0,0.0,0.0,0.0
noVIPV,35,work,0.0,0.0,0.0,0.0,0.0,0.0
noVIPV,350,home,10542.683904109588,3848079.6249999995,2505.858607304141,914638.3916660114,1082.957404313146,395279.4525742983
noVIPV,350,public,1571.8349315068492,573719.75,1696.1849315068494,619107.5,308.3972602739726,112565.0
noVIPV,350,work,0.0,0.0,0.0,0.0,0.0,0.0
noVIPV,351,home,7877.958219178082,2875454.75,2024.341087938147,738884.4970974236,814.4278095554976,297266.1504877566
noVIPV,351,public,2111.355821917808,770644.875,2625.0068493150684,958127.5,477.2739726027397,174205.0
noVIPV,351,work,0.0,0.0,0.0,0.0,0.0,0.0
noVIPV,352,home,7948.605593607307,2901241.041666667,1846.2932573272037,673897.0389244293,802.5724812075318,292938.95564074913
noVIPV,352,public,6501.8117579908685,2373161.291666667,7639.526483340211,2788427.166419177,1389.0048151527656,506986.75753075944
noVIPV,352,work,0.0,0.0,0.0,0.0,0.0,0.0
noVIPV,353,home,14022.522031963472,5118220.541666667,3441.8275944319,1256267.0719676435,1415.190887330246,516544.6738755398
noVIPV,353,public,2136.429908675799,779796.9166666666,2482.345890410959,906056.25,451.33561643835617,164737.5
noVIPV,353,work,676.6074200913242,246961.70833333334,311.9178082191781,113850.0,77.97945205479452,28462.5
noVIPV,354,home,6681.975,2438920.875,1314.129648142072,479657.3215718563,672.8398814112246,245586.556715097
noVIPV,354,public,345.25456621004565,126017.91666666667,299.5993150684931,109353.75,54.47260273972603,19882.5
noVIPV,354,work,0.0,0.0,0.0,0.0,0.0,0.0
noVIPV,355,home,10648.71586757991,3886781.291666667,2528.202456332143,922793.8965612322,1071.8793506683014,391235.96299393
noVIPV,355,public,1373.1615296803652,501203.9583333333,1827.939501053283,667197.9178844483,332.3526365551424,121308.71234262697
noVIPV,355,work,0.0,0.0,0.0,0.0,0.0,0.0
noVIPV,356,home,15252.925114155249,5567317.666666666,3611.9145562693834,1318348.813038325,1571.3287933651561,573535.009578282
noVIPV,356,public,2644.0455479452053,965076.625,3033.178811571148,1107110.266223469,551.4870566492997,201292.77567699438
noVIPV,356,work,310.09600456621007,113185.04166666667,141.91780821917808,51800.0,35.47945205479452,12950.0
noVIPV,357,home,2504.729109589041,914226.125,619.101452630789,225972.03021023798,257.18396748234727,93872.14813105676
noVIPV,357,public,1162.6010273972602,424349.375,1222.3184931506848,446146.25,222.23972602739727,81117.5
noVIPV,357,work,0.0,0.0,0.0,0.0,0.0,0.0
noVIPV,358,home,760.6823059360729,277649.0416666666,147.28215258599843,53757.98569388943,75.56574753722212,27581.497851086075
noVIPV,358,public,418.8315068493151,152873.5,505.51027397260276,184511.25,91.91095890410959,33547.5
noVIPV,358,work,0.0,0.0,0.0,0.0,0.0,0.0
noVIPV,359,home,0.0,0.0,0.0,0.0,0.0,0.0
noVIPV,359,public,0.0,0.0,0.0,0.0,0.0,0.0
noVIPV,359,work,21.340639269406388,7789.333333333332,2.5205479452054793,920.0,0.6301369863013698,230.0
noVIPV,36,home,2029.441210045662,740746.0416666666,536.1897838658285,195709.2711110274,202.96515550654317,74082.28175988825
noVIPV,36,public,889.7696347031963,324765.9166666666,1067.4897260273972,389633.75,194.08904109589042,70842.5
noVIPV,36,work,205.0517123287671,74843.875,109.8082191780822,40080.0,27.45205479452055,10020.0
noVIPV,360,home,0.0,0.0,0.0,0.0,0.0,0.0
noVIPV,360,public,286.27785388127853,104491.41666666667,264.8664383561644,96676.25,48.157534246575345,17577.5
noVIPV,360,work,3916.195890410959,1429411.5,1985.3424657534247,724650.0,496.33561643835617,181162.5
noVIPV,361,home,0.0,0.0,0.0,0.0,0.0,0.0
noVIPV,361,public,1974.692808219178,720762.875,1932.9486301369864,705526.25,351.44520547945206,128277.5
noVIPV,361,work,22583.791780821917,8243084.0,11721.013698630137,4278170.0,2930.253424657534,1069542.5
noVIPV,362,home,21233.294634703198,7750152.541666667,5093.477421199338,1859119.2587377585,2142.477364753431,782004.2381350023
noVIPV,362,public,5034.126826484018,1837456.2916666665,5717.0993150684935,2086741.25,1039.472602739726,379407.5
noVIPV,362,work,161.26255707762556,58860.83333333333,64.3013698630137,23470.0,16.075342465753426,5867.5
noVIPV,363,home,8736.785388127853,3188926.6666666665,2086.2854007362007,761494.1712687133,884.8551759100956,322972.1392071849
noVIPV,363,public,824.2760273972602,300860.75,1095.9315068493152,400015.0,199.26027397260273,72730.0
noVIPV,363,work,35.928310502283104,13113.833333333332,17.643835616438356,6440.0,4.410958904109589,1610.0
noVIPV,364,home,16305.697260273973,5951579.5,3692.035083820988,1347592.8055946606,1636.5380562193538,597336.3905200642
noVIPV,364,public,1896.4391552511415,692200.2916666666,2015.599315068493,735693.75,366.472602739726,133762.5
noVIPV,364,work,525.5114155251141,191811.66666666666,283.041095890411,103310.0,70.76027397260275,25827.5
noVIPV,365,home,9217.15707762557,3364262.333333333,2235.910398240057,816107.2953576208,934.8405600211328,341216.80440771347
noVIPV,365,public,4599.415867579909,1678786.7916666667,4951.657534246576,1807355.0,900.3013698630137,328610.0
noVIPV,365,work,238.79406392694062,87159.83333333333,102.63013698630137,37460.0,25.65753424657534,9365.0
noVIPV,366,home,3545.7366438356166,1294193.875,771.8280488282911,281717.23782232625,364.4226253198856,133014.25824175825
noVIPV,366,public,550.6148401826484,200974.4166666667,550.7157534246576,201011.25,100.13013698630137,36547.5
noVIPV,366,work,2547.746803652968,929927.5833333334,1177.6438356164383,429840.0,294.4109589041096,107460.0
noVIPV,367,home,7410.249771689498,2704741.1666666665,1838.6620359873534,671111.643135384,757.9383561643835,276647.5
noVIPV,367,public,3934.6890410958904,1436161.5,4484.404346375108,1636807.5864269142,815.346244795474,297601.379350348
noVIPV,367,work,107.9853881278539,39414.66666666667,35.12328767123287,12820.0,8.780821917808218,3205.0
noVIPV,368,home,8695.111415525114,3173715.6666666665,2262.136983591692,825679.9990109677,882.0431382929694,321945.74547693384
noVIPV,368,public,0.0,0.0,0.0,0.0,0.0,0.0
noVIPV,368,work,130.52682648401827,47642.291666666664,87.26027397260275,31850.0,21.815068493150687,7962.5
noVIPV,369,home,0.0,0.0,0.0,0.0,0.0,0.0
noVIPV,369,public,1301.0963470319634,474900.1666666667,1620.4657534246576,591470.0,294.63013698630135,107540.0
noVIPV,369,work,1773.6666666666667,647388.3333333334,932.1643835616438,340240.0,233.04109589041096,85060.0
noVIPV,37,home,334.28527397260274,122014.125,59.95682803535295,21884.242232903827,32.83165553551407,11983.554270462633
noVIPV,37,public,289.23915525114154,105572.29166666666,398.75000000000006,145543.75000000003,72.5,26462.5
noVIPV,37,work,0.0,0.0,0.0,0.0,0.0,0.0
noVIPV,370,home,7072.857420091324,2581592.958333333,1775.8603043802516,648189.0110987918,734.7360407885624,268178.65488782525
noVIPV,370,public,3837.1190639269403,1400548.4583333333,3944.953702127268,1439908.101276453,717.2643094776851,261801.47295935504
noVIPV,370,work,1660.0454337899544,605916.5833333334,986.3561643835617,360020.0,246.58904109589042,90005.0
noVIPV,371,home,4217.296689497717,1539313.2916666667,1120.416798496671,408952.13145128486,441.6575342465753,161205.0
noVIPV,371,public,1205.7868721461186,440112.2083333333,1169.7671232876712,426965.0,212.68493150684932,77630.0
noVIPV,371,work,1254.470205479452,457881.625,671.3150684931506,245030.0,167.82876712328766,61257.5
noVIPV,372,home,780.0321917808219,284711.75,211.54276480666744,77213.10915443361,79.03712143292441,28848.54932301741
noVIPV,372,public,477.1736301369863,174168.375,532.332191780822,194301.25,96.78767123287672,35327.5
noVIPV,372,work,338.9509132420091,123717.08333333333,140.41095890410958,51250.0,35.102739726027394,12812.5
noVIPV,373,home,7739.650913242008,2824972.583333333,1817.8017232160719,663497.6289738662,781.5074406859519,285250.21585037245
noVIPV,373,public,1189.8340182648403,434289.4166666667,1510.3527397260275,551278.75,274.6095890410959,100232.5
noVIPV,373,work,1335.687899543379,487526.0833333333,688.5205479452055,251310.0,172.13013698630138,62827.5
noVIPV,374,home,2427.102511415525,885892.4166666666,657.8697877069422,240122.47251303392,246.7876712328767,90077.5
noVIPV,374,public,1886.7441780821919,688661.625,2079.1035721679723,758872.8038413099,378.0188313032677,137976.8734256927
noVIPV,374,work,816.2847031963471,297943.9166666667,380.2739726027397,138800.0,95.06849315068493,34700.0
noVIPV,375,home,4389.233675799086,1602070.2916666665,1032.8360952249027,376985.1747570895,453.02223067846273,165353.1141976389
noVIPV,375,public,3151.1670091324204,1150175.9583333335,3744.1232252154723,1366604.9772036474,680.7496773119041,248473.63221884498
noVIPV,375,work,355.2199771689498,129655.29166666667,162.7945205479452,59420.0,40.6986301369863,14855.0
noVIPV,376,home,1361.0996575342465,496801.375,236.14231327491052,86191.94434534234,137.39416647170358,50148.870762171806
noVIPV,376,public,688.9634703196347,251471.66666666666,769.6986301369863,280940.0,139.94520547945206,51080.0
noVIPV,376,work,0.0,0.0,0.0,0.0,0.0,0.0
noVIPV,377,home,18561.981849315067,6775123.375,4531.485454446748,1653992.1908730632,1847.8646850410441,674470.6100399811
noVIPV,377,public,3436.3455479452055,1254266.125,3864.3527397260273,1410488.75,702.6095890410959,256452.5
noVIPV,377,work,1194.4243150684931,435964.875,647.2876712328767,236260.0,161.82191780821918,59065.0
noVIPV,378,home,17132.08105022831,6253209.583333333,3919.0938682285596,1430469.2619034243,1740.938926114178,635442.708031675
noVIPV,378,public,3386.592808219178,1236106.375,3679.0888152322445,1342867.4175597692,668.9252391331353,244157.7122835944
noVIPV,378,work,75.17500000000001,27438.875000000004,27.506849315068493,10040.0,6.876712328767123,2510.0
noVIPV,379,home,866.5973744292237,316308.0416666666,248.2671756313849,90617.51910545549,95.40606178248571,34823.212550607284
noVIPV,379,public,1767.1044520547946,644993.125,1943.1575342465753,709252.5,353.3013698630137,128955.0
noVIPV,379,work,224.9662100456621,82112.66666666667,118.3013698630137,43180.0,29.575342465753426,10795.0
noVIPV,38,home,0.0,0.0,0.0,0.0,0.0,0.0
noVIPV,38,public,1033.9359589041096,377386.625,1305.4212328767123,476478.75,237.34931506849315,86632.5
noVIPV,38,work,0.0,0.0,0.0,0.0,0.0,0.0
noVIPV,380,home,5034.570776255708,1837618.3333333333,1154.9078102887627,421541.35075539834,517.7288738658601,188971.03896103895
noVIPV,380,public,654.8673515981735,239026.5833333333,799.4965753424658,291816.25,145.36301369863014,53057.5
noVIPV,380,work,946.5597031963471,345494.2916666667,493.4246575342466,180100.0,123.35616438356165,45025.0
noVIPV,381,home,9708.714041095891,3543680.625,2324.689377748317,848511.6228781356,997.5227341306926,364095.7979577028
noVIPV,381,public,3372.4355022831055,1230938.9583333335,4070.6027397260273,1485770.0,740.1095890410959,270140.0
noVIPV,381,work,553.9523972602741,202192.62500000003,299.75342465753425,109410.0,74.93835616438356,27352.5
noVIPV,382,home,13214.209246575343,4823186.375,3272.1538633185887,1194336.1601112848,1355.2237045318125,494656.65215411154
noVIPV,382,public,716.6378995433789,261572.8333333333,819.9143835616438,299268.75,149.07534246575344,54412.5
noVIPV,382,work,229.77876712328768,83869.25,104.98630136986301,38320.0,26.246575342465754,9580.0
noVIPV,383,home,8292.477511415525,3026754.291666667,2224.8522763293545,812071.0808602143,855.25010632866,312166.2888099609
noVIPV,383,public,0.0,0.0,0.0,0.0,0.0,0.0
noVIPV,383,work,0.0,0.0,0.0,0.0,0.0,0.0
noVIPV,384,home,0.0,0.0,0.0,0.0,0.0,0.0
noVIPV,384,public,0.313013698630137,114.25,0.0,0.0,0.0,0.0
noVIPV,384,work,0.0,0.0,0.0,0.0,0.0,0.0
noVIPV,385,home,2089.0189497716897,762491.9166666667,441.33727896512426,161088.10682227035,215.46575342465752,78645.0
noVIPV,385,public,128.94703196347032,47065.666666666664,107.43835616438356,39215.0,19.534246575342465,7130.0
noVIPV,385,work,353.8147260273973,129142.37500000001,135.31506849315068,49390.0,33.82876712328767,12347.5
noVIPV,386,home,0.0,0.0,0.0,0.0,0.0,0.0
noVIPV,386,public,0.0,0.0,0.0,0.0,0.0,0.0
noVIPV,386,work,6620.485730593608,2416477.291666667,3341.780821917808,1219750.0,835.445205479452,304937.5
noVIPV,387,home,0.0,0.0,0.0,0.0,0.0,0.0
noVIPV,387,public,0.0,0.0,0.0,0.0,0.0,0.0
noVIPV,387,work,2033.3807077625572,742183.9583333334,994.3561643835617,362940.0,248.58904109589042,90735.0
noVIPV,388,home,14513.237785388126,5297331.791666666,3554.5333966440553,1297404.6897750802,1517.5859341277235,553918.865956619
noVIPV,388,public,4356.363812785387,1590072.7916666665,4935.398986085644,1801420.6299212598,897.3452701973898,327531.0236220473
noVIPV,388,work,224.78687214611875,82047.20833333334,50.3013698630137,18360.0,12.575342465753424,4590.0
noVIPV,389,home,9992.948401826483,3647426.1666666665,2313.725841674509,844509.9322111957,1011.9101207709549,369347.19408139854
noVIPV,389,public,1823.840182648402,665701.6666666667,2123.640410958904,775128.75,386.1164383561644,140932.5
noVIPV,389,work,0.0,0.0,0.0,0.0,0.0,0.0
noVIPV,39,home,9786.685616438355,3572140.25,2200.2201824364206,803080.3665892936,1020.8064396198804,372594.35046125634
noVIPV,39,public,972.1175799086757,354822.9166666666,1080.5239726027398,394391.25,196.45890410958904,71707.5
noVIPV,39,work,52.679452054794524,19228.0,25.20547945205479,9199.999999999998,6.301369863013697,2299.9999999999995
noVIPV,390,home,0.0,0.0,0.0,0.0,0.0,0.0
noVIPV,390,public,205.4319634703196,74982.66666666666,189.7123287671233,69245.0,34.49315068493151,12590.0
noVIPV,390,work,0.0,0.0,0.0,0.0,0.0,0.0
noVIPV,391,home,2053.996803652968,749708.8333333334,433.52297309227254,158235.88517867948,204.76395801035605,74738.84467377995
noVIPV,391,public,64.66358447488585,23602.208333333336,92.82191780821918,33880.0,16.876712328767123,6160.0
noVIPV,391,work,1775.6713470319637,648120.0416666667,900.3013698630137,328610.0,225.07534246575344,82152.5
noVIPV,392,home,7212.77305936073,2632662.1666666665,1711.0721039830837,624541.3179538256,738.2379299866144,269456.84444511426
noVIPV,392,public,1802.0997716894979,657766.4166666667,1940.1061643835617,708138.75,352.74657534246575,128752.5
noVIPV,392,work,585.5045662100457,213709.1666666667,259.2054794520548,94610.0,64.8013698630137,23652.5
noVIPV,393,home,10211.941095890412,3727358.5,2423.983435467314,884753.9539455696,1044.8260824057948,381361.52007811505
noVIPV,393,public,0.0,0.0,0.0,0.0,0.0,0.0
noVIPV,393,work,37.74006849315069,13775.125,12.465753424657533,4550.0,3.1164383561643834,1137.5
noVIPV,394,home,8456.012557077625,3086444.583333333,2002.819146792168,731028.9885791413,880.8872445865244,321523.8442740814
noVIPV,394,public,2005.8015981735161,732117.5833333334,2545.4780445057913,929099.4862446139,462.8141899101439,168927.17931720254
noVIPV,394,work,105.99657534246575,38688.75,49.42465753424658,18040.0,12.356164383561644,4510.0
noVIPV,395,home,0.0,0.0,0.0,0.0,0.0,0.0
noVIPV,395,public,342.9730593607306,125185.16666666667,335.98972602739724,122636.25,61.08904109589041,22297.5
noVIPV,395,work,2859.9431506849314,1043879.25,1355.041095890411,494590.0,338.76027397260276,123647.5
noVIPV,396,home,0.0,0.0,0.0,0.0,0.0,0.0
noVIPV,396,public,0.0,0.0,0.0,0.0,0.0,0.0
noVIPV,396,work,0.0,0.0,0.0,0.0,0.0,0.0
noVIPV,397,home,4458.989611872146,1627531.2083333335,983.4521529632144,358960.03583157324,468.55526024767676,171022.669990402
noVIPV,397,public,1047.2393835616438,382242.375,1190.1849315068494,434417.5,216.3972602739726,78985.0
noVIPV,397,work,408.45639269406394,149086.58333333334,210.35616438356163,76780.0,52.58904109589041,19195.0
noVIPV,398,home,2701.491666666667,986044.4583333334,675.0394138538068,246389.3860566395,275.513698630137,100562.5
noVIPV,398,public,0.0,0.0,0.0,0.0,0.0,0.0
noVIPV,398,work,135.10159817351598,49312.083333333336,72.38356164383562,26420.0,18.095890410958905,6605.0
noVIPV,399,home,23355.708219178083,8524833.5,5156.916623626851,1882274.5676238006,2349.652494275781,857623.1604106601
noVIPV,399,public,1809.7256849315067,660549.875,1913.8871665465033,698568.8157894737,347.97948482663696,127012.51196172248
noVIPV,399,work,1285.7271689497716,469290.4166666666,715.3150684931506,261090.0,178.82876712328766,65272.5
noVIPV,4,home,0.0,0.0,0.0,0.0,0.0,0.0
noVIPV,4,public,0.0,0.0,0.0,0.0,0.0,0.0
noVIPV,4,work,0.0,0.0,0.0,0.0,0.0,0.0
noVIPV,40,home,6825.172260273973,2491187.875,1739.732896059504,635002.507061719,688.4813063989595,251295.67683562022
noVIPV,40,public,562.1245433789954,205175.45833333334,770.3013698630137,281160.0,140.05479452054794,51120.0
noVIPV,40,work,0.0,0.0,0.0,0.0,0.0,0.0
noVIPV,400,home,7030.561872146118,2566155.083333333,1677.5776321583712,612315.8357378055,717.1451936277173,261757.9956741168
noVIPV,400,public,493.7038812785388,180201.91666666666,470.21232876712327,171627.5,85.4931506849315,31205.0
noVIPV,400,work,509.8885844748859,186109.33333333334,270.32876712328766,98670.0,67.58219178082192,24667.5
noVIPV,401,home,14760.960502283107,5387750.583333334,3703.9874361489274,1351955.4141943585,1505.9870077038752,549685.2578119144
noVIPV,401,public,2643.8447488584475,965003.3333333334,2919.972602739726,1065790.0,530.9041095890411,193780.0
noVIPV,401,work,609.1045662100457,222323.1666666667,316.027397260274,115350.0,79.0068493150685,28837.5
noVIPV,402,home,4305.862557077626,1571639.8333333333,1037.6628587248817,378746.94343458186,434.88622609517006,158733.47252473707
noVIPV,402,public,2466.6844748858443,900339.8333333333,2691.6849315068494,982465.0,489.3972602739726,178630.0
noVIPV,402,work,860.6482876712329,314136.625,404.1917808219178,147530.0,101.04794520547945,36882.5
noVIPV,403,home,14265.23390410959,5206810.375,3361.020306705192,1226772.4119473952,1454.3267066556266,530829.2479293037
noVIPV,403,public,1465.9926940639268,535087.3333333333,1492.458904109589,544747.5,271.35616438356163,99045.0
noVIPV,403,work,3769.8156392694063,1375982.7083333333,1903.9178082191781,694930.0,475.97945205479454,173732.5
noVIPV,404,home,2635.835273972603,962079.875,604.7418574949703,220730.77798566417,261.3552713946794,95394.67405905799
noVIPV,404,public,724.4246575342465,264415.0,649.0,236885.0,118.0,43070.0
noVIPV,404,work,1243.8626712328767,454009.875,640.4383561643835,233760.0,160.1095890410959,58440.0
noVIPV,405,home,4646.128310502284,1695836.8333333335,1005.2507685162564,366916.5305084336,473.4581087236795,172812.20968414302
noVIPV,405,public,820.5493150684931,299500.5,819.6883561643835,299186.25,149.03424657534248,54397.5
noVIPV,405,work,79.59383561643835,29051.75,32.52054794520548,11870.0,8.13013698630137,2967.5
noVIPV,406,home,1006.0028538812784,367191.0416666666,274.97538352186353,100366.01498548019,106.36301369863014,38822.5
noVIPV,406,public,432.412100456621,157830.41666666666,568.1575342465753,207377.5,103.3013698630137,37705.0
noVIPV,406,work,0.0,0.0,0.0,0.0,0.0,0.0
noVIPV,407,home,0.0,0.0,0.0,0.0,0.0,0.0
noVIPV,407,public,194.4052511415525,70957.91666666666,234.84246575342465,85717.5,42.6986301369863,15585.0
noVIPV,407,work,0.0,0.0,0.0,0.0,0.0,0.0
noVIPV,408,home,9714.589269406393,3545825.0833333335,2376.125787090159,867285.9122879081,964.1992897919929,351932.7407740774
noVIPV,408,public,598.2621004566209,218365.66666666666,759.7574612741366,277311.4733650599,138.1377202316612,50420.26788455634
noVIPV,408,work,218.66175799086759,79811.54166666667,99.53424657534246,36330.0,24.883561643835616,9082.5
noVIPV,409,home,8902.237671232877,3249316.75,2086.998612400109,761754.4935260398,941.1438356164383,343517.5
noVIPV,409,public,1367.545205479452,499154.0,1698.2210318511204,619850.676625659,308.7674603365674,112700.1230228471
noVIPV,409,work,0.0,0.0,0.0,0.0,0.0,0.0
noVIPV,41,home,2413.3966894977166,880889.7916666666,606.9391413396909,221532.7865889872,252.90994240649786,92312.12897837172
noVIPV,41,public,0.0,0.0,0.0,0.0,0.0,0.0
noVIPV,41,work,0.0,0.0,0.0,0.0,0.0,0.0
noVIPV,410,home,194.65205479452055,71048.0,26.47945205479452,9665.0,19.438356164383563,7095.0
noVIPV,410,public,290.1530821917808,105905.875,275.03767123287673,100388.75,50.00684931506849,18252.5
noVIPV,410,work,0.0,0.0,0.0,0.0,0.0,0.0
noVIPV,411,home,3550.1138127853883,1295791.5416666667,888.5306777065854,324313.6973629037,368.2945205479452,134427.5
noVIPV,411,public,1315.4849315068493,480152.0,1577.6335616438357,575836.25,286.8424657534247,104697.5
noVIPV,411,work,0.0,0.0,0.0,0.0,0.0,0.0
noVIPV,412,home,2269.570091324201,828393.0833333334,464.89142943521017,169685.37174385172,219.07534246575344,79962.5
noVIPV,412,public,860.3722602739726,314035.875,1132.3219178082193,413297.5,205.87671232876713,75145.0
noVIPV,412,work,0.0,0.0,0.0,0.0,0.0,0.0
noVIPV,413,home,0.0,0.0,0.0,0.0,0.0,0.0
noVIPV,413,public,104.67511415525114,38206.416666666664,140.36301369863014,51232.5,25.52054794520548,9315.0
noVIPV,413,work,0.0,0.0,0.0,0.0,0.0,0.0
noVIPV,414,home,2302.7668949771687,840509.9166666666,493.17354678073497,180008.34457496827,219.17123287671234,79997.5
noVIPV,414,public,916.3319634703197,334461.1666666667,976.5513698630137,356441.25,177.55479452054794,64807.5
noVIPV,414,work,0.0,0.0,0.0,0.0,0.0,0.0
noVIPV,415,home,5197.068378995435,1896929.9583333335,1064.0163470885543,388365.96668732236,520.6780821917808,190047.5
noVIPV,415,public,1916.3130136986301,699454.25,2320.246575342466,846890.0,421.86301369863014,153980.0
noVIPV,415,work,0.0,0.0,0.0,0.0,0.0,0.0
noVIPV,416,home,6549.216894977169,2390464.166666667,1633.1569534942157,596102.2880253887,643.2123287671233,234772.5
noVIPV,416,public,140.83333333333331,51404.166666666664,103.97260273972603,37950.0,18.904109589041095,6900.0
noVIPV,416,work,0.0,0.0,0.0,0.0,0.0,0.0
noVIPV,417,home,3941.5108447488587,1438651.4583333335,840.0992999767949,306636.2444915301,400.0172637737961,146006.3012774356
noVIPV,417,public,779.5537671232877,284537.125,834.417808219178,304562.5,151.7123287671233,55375.0
noVIPV,417,work,0.0,0.0,0.0,0.0,0.0,0.0
noVIPV,418,home,0.0,0.0,0.0,0.0,0.0,0.0
noVIPV,418,public,538.0667808219179,196394.375,563.5239726027397,205686.25,102.45890410958904,37397.5
noVIPV,418,work,0.0,0.0,0.0,0.0,0.0,0.0
noVIPV,419,home,9977.900342465753,3641933.625,2491.680659703963,909463.4407919466,1027.828152891153,375157.2758052708
noVIPV,419,public,5365.489155251142,1958403.5416666667,5694.923171007075,2078646.9574175824,1035.4405765467409,377935.81043956045
noVIPV,419,work,506.6792237442922,184937.91666666666,244.93150684931507,89400.0,61.23287671232877,22350.0
noVIPV,42,home,2207.259474885845,805649.7083333334,412.1120593825901,150420.90167464537,219.08079716343332,79964.49096465316
noVIPV,42,public,651.5184931506849,237804.25,599.5,218817.5,109.0,39785.0
noVIPV,42,work,139.54383561643834,50933.5,93.26027397260275,34040.0,23.315068493150687,8510.0
noVIPV,420,home,16173.790296803652,5903433.458333333,3867.4925674495735,1411634.7871190943,1651.5133838669033,602802.3851114197
noVIPV,420,public,2145.6865296803653,783175.5833333333,2446.294520547945,892897.5,444.7808219178082,162345.0
noVIPV,420,work,1132.1493150684933,413234.5,555.5342465753424,202770.0,138.8835616438356,50692.5
noVIPV,421,home,5209.110730593607,1901325.4166666665,1320.3547223375335,481929.47365319973,511.32876712328766,186635.0
noVIPV,421,public,2672.6231735159818,975507.4583333334,3015.0924657534247,1100508.75,548.1986301369863,200092.5
noVIPV,421,work,2826.036757990868,1031503.4166666667,1374.164383561644,501570.0,343.541095890411,125392.5
noVIPV,422,home,385.59977168949774,140743.9166666667,109.69212895294612,40037.627067825335,39.92465753424658,14572.5
noVIPV,422,public,110.59212328767123,40366.125,51.42123287671233,18768.75,9.349315068493151,3412.5
noVIPV,422,work,141.35022831050227,51592.83333333333,63.013698630136986,23000.0,15.753424657534246,5750.0
noVIPV,423,home,5705.573515981735,2082534.3333333333,1245.6475243380994,454661.34638340626,560.2904531161594,204506.01538739816
noVIPV,423,public,3151.9083333333338,1150446.5416666667,3782.7568493150684,1380706.25,687.7739726027397,251037.5
noVIPV,423,work,0.0,0.0,0.0,0.0,0.0,0.0
noVIPV,424,home,8875.594406392693,3239591.958333333,2067.9393322937553,754797.8562872207,918.387289642388,335211.36071947165
noVIPV,424,public,4166.9686073059365,1520943.5416666667,5049.037671232877,1842898.75,918.0068493150685,335072.5
noVIPV,424,work,176.6591324200913,64480.58333333333,89.31506849315069,32600.0,22.328767123287673,8150.0
noVIPV,425,home,7750.521004566211,2828940.166666667,1858.0161806983745,678175.9059549067,764.1318525340876,278908.12617494195
noVIPV,425,public,863.4144977168951,315146.2916666667,978.0814206658805,356999.7185430464,177.83298557561463,64909.03973509934
noVIPV,425,work,0.0,0.0,0.0,0.0,0.0,0.0
noVIPV,426,home,2070.770091324201,755831.0833333334,490.86449421989914,179165.5403902632,212.62328767123287,77607.5
noVIPV,426,public,1830.91997716895,668285.7916666667,2044.9019173924364,746389.1998482393,371.8003486168066,135707.1272451344
noVIPV,426,work,254.9609589041096,93060.75,107.12328767123287,39100.0,26.78082191780822,9775.0
noVIPV,427,home,3539.700228310502,1291990.5833333333,844.8476836026841,308369.4045149797,354.43150684931504,129367.5
noVIPV,427,public,21.054680365296804,7684.958333333334,10.208904109589039,3726.249999999999,1.8561643835616435,677.4999999999999
noVIPV,427,work,167.9738584474886,61310.458333333336,73.01369863013699,26650.0,18.253424657534246,6662.5
noVIPV,428,home,3650.8190639269405,1332548.9583333333,949.6488658005303,346621.83601719356,374.21232876712327,136587.5
noVIPV,428,public,1051.825799086758,383916.4166666667,1258.3698630136987,459305.0,228.7945205479452,83510.0
noVIPV,428,work,377.9206621004567,137941.0416666667,223.58904109589042,81610.0,55.897260273972606,20402.5
noVIPV,429,home,3425.449315068493,1250289.0,855.6962633035732,312329.13610580424,360.9109589041096,131732.5
noVIPV,429,public,0.0,0.0,0.0,0.0,0.0,0.0
noVIPV,429,work,140.00593607305936,51102.166666666664,78.13698630136986,28520.0,19.534246575342465,7130.0
noVIPV,43,home,9506.127511415525,3469736.541666667,2241.1344632780597,818014.0790964918,981.3861065218518,358205.9288804759
noVIPV,43,public,1947.710502283105,710914.3333333333,2221.5102739726026,810851.25,403.9109589041096,147427.5
noVIPV,43,work,1196.057420091324,436560.9583333333,686.6301369863014,250620.0,171.65753424657535,62655.0
noVIPV,430,home,2870.5263698630138,1047742.125,810.8442143157482,295958.1382252481,303.36301369863014,110727.5
noVIPV,430,public,2195.088698630137,801207.375,2704.832191780822,987263.75,491.78767123287673,179502.5
noVIPV,430,work,0.0,0.0,0.0,0.0,0.0,0.0
noVIPV,431,home,0.0,0.0,0.0,0.0,0.0,0.0
noVIPV,431,public,281.6334474885845,102796.20833333334,262.9828767123288,95988.75,47.81506849315068,17452.5
noVIPV,431,work,92.21004566210046,33656.666666666664,57.97260273972603,21160.0,14.493150684931507,5290.0
noVIPV,432,home,5269.8450913242,1923493.4583333333,1164.5612128577343,425064.842693073,538.0689618792549,196395.17108592804
noVIPV,432,public,0.0,0.0,0.0,0.0,0.0,0.0
noVIPV,432,work,0.0,0.0,0.0,0.0,0.0,0.0
noVIPV,433,home,0.0,0.0,0.0,0.0,0.0,0.0
noVIPV,433,public,0.0,0.0,0.0,0.0,0.0,0.0
noVIPV,433,work,98.49657534246575,35951.25,59.178082191780824,21600.0,14.794520547945206,5400.0
noVIPV,434,home,1479.5242009132419,540026.3333333333,366.6740134056196,133836.01489305115,152.6164383561644,55705.0
noVIPV,434,public,815.2884703196346,297580.2916666666,935.7910958904109,341563.75,170.14383561643837,62102.5
noVIPV,434,work,167.453196347032,61120.41666666667,85.67123287671232,31270.0,21.41780821917808,7817.5
noVIPV,435,home,581.1746575342465,212128.75,176.75441448950443,64515.36128866911,63.034246575342465,23007.5
noVIPV,435,public,0.0,0.0,0.0,0.0,0.0,0.0
noVIPV,435,work,0.0,0.0,0.0,0.0,0.0,0.0
noVIPV,436,home,4246.473858447488,1549962.9583333333,939.5229103318289,342925.86227111757,444.0187750884607,162066.85290728815
noVIPV,436,public,201.45890410958904,73532.5,293.42123287671234,107098.75,53.34931506849315,19472.5
noVIPV,436,work,409.42865296803654,149441.45833333334,215.04109589041096,78490.0,53.76027397260274,19622.5
noVIPV,437,home,1522.694406392694,555783.4583333333,397.02163354606927,144912.89624431529,153.3904109589041,55987.5
noVIPV,437,public,83.88093607305936,30616.541666666664,61.554794520547944,22467.5,11.191780821917808,4085.0
noVIPV,437,work,0.0,0.0,0.0,0.0,0.0,0.0
noVIPV,438,home,1132.710616438356,413439.375,267.6867280726644,97705.6557465225,114.5068493150685,41795.0
noVIPV,438,public,115.26095890410959,42070.25,148.8013698630137,54312.5,27.054794520547944,9875.0
noVIPV,438,work,254.54041095890412,92907.25,166.84931506849315,60900.0,41.71232876712329,15225.0
noVIPV,439,home,0.0,0.0,0.0,0.0,0.0,0.0
noVIPV,439,public,22.027397260273972,8040.0,33.9041095890411,12375.000000000002,6.164383561643835,2250.0
noVIPV,439,work,0.0,0.0,0.0,0.0,0.0,0.0
noVIPV,44,home,1520.5254566210044,554991.7916666666,335.9278505416299,122613.6654476949,147.13630815136307,53704.75247524752
noVIPV,44,public,0.0,0.0,0.0,0.0,0.0,0.0
noVIPV,44,work,0.0,0.0,0.0,0.0,0.0,0.0
noVIPV,440,home,1905.6456621004568,695560.6666666667,515.1151852839715,188017.0426286496,199.7123287671233,72895.0
noVIPV,440,public,952.7905251141551,347768.5416666666,981.0342465753424,358077.5,178.36986301369862,65105.0
noVIPV,440,work,0.0,0.0,0.0,0.0,0.0,0.0
noVIPV,441,home,17865.383219178082,6520864.875,4030.468468167978,1471120.990881312,1794.1407547781653,654861.3754940303
noVIPV,441,public,2875.693493150685,1049628.125,3306.2157534246576,1206768.75,601.1301369863014,219412.5
noVIPV,441,work,462.55353881278535,168832.04166666666,248.54794520547946,90720.0,62.136986301369866,22680.0
noVIPV,442,home,4509.0584474885845,1645806.3333333333,966.5302533852827,352783.54248562816,468.573408974574,171029.29427571953
noVIPV,442,public,717.478196347032,261879.5416666667,846.6986301369863,309045.0,153.94520547945206,56190.0
noVIPV,442,work,150.53995433789956,54947.083333333336,72.87671232876713,26600.0,18.21917808219178,6650.0
noVIPV,443,home,7994.280936073059,2917912.5416666665,2006.1693431558278,732251.8102518772,813.068493150685,296770.0
noVIPV,443,public,1521.359132420091,555296.0833333333,1948.2054794520548,711095.0,354.2191780821918,129290.0
noVIPV,443,work,110.89063926940639,40475.083333333336,57.917808219178085,21140.0,14.479452054794521,5285.0
noVIPV,444,home,10313.256506849315,3764338.625,2511.555677691974,916717.8223575705,1043.5549023877843,380897.53937154124
noVIPV,444,public,1194.6060502283106,436031.2083333334,866.2123287671233,316167.5,157.4931506849315,57485.0
noVIPV,444,work,92.33607305936073,33702.666666666664,52.93150684931507,19320.0,13.232876712328768,4830.0
noVIPV,445,home,21246.004794520548,7754791.75,4955.946122428662,1808920.3346864618,2134.966870639663,779262.9077834769
noVIPV,445,public,6806.870205479452,2484507.625,8443.246472484037,3081784.962456674,1535.135722269825,560324.5386284861
noVIPV,445,work,1814.721689497717,662373.4166666667,933.6164383561644,340770.0,233.4041095890411,85192.5
noVIPV,446,home,0.0,0.0,0.0,0.0,0.0,0.0
noVIPV,446,public,95.26381278538813,34771.291666666664,79.07191780821918,28861.25,14.376712328767123,5247.5
noVIPV,446,work,2707.5143835616436,988242.75,1395.5616438356165,509380.0,348.8904109589041,127345.0
noVIPV,447,home,0.0,0.0,0.0,0.0,0.0,0.0
noVIPV,447,public,38.37374429223744,14006.416666666666,23.996575342465754,8758.75,4.363013698630137,1592.5
noVIPV,447,work,197.36061643835617,72036.625,95.28767123287672,34780.0,23.82191780821918,8695.0
noVIPV,448,home,11175.233333333334,4078960.1666666665,2546.4203588302325,929443.4309730348,1140.6931369256993,416352.99497788027
noVIPV,448,public,1723.9893835616438,629256.125,1910.3082191780823,697262.5,347.32876712328766,126775.0
noVIPV,448,work,872.2984018264841,318388.9166666667,466.7671232876712,170370.0,116.6917808219178,42592.5
noVIPV,449,home,8300.321347031964,3029617.291666667,2207.3524063821396,805683.628329481,845.5900080459285,308640.3529367639
noVIPV,449,public,1532.7030821917808,559436.625,1702.099315068493,621266.25,309.472602739726,112957.5
noVIPV,449,work,0.0,0.0,0.0,0.0,0.0,0.0
noVIPV,45,home,4865.1915525114155,1775794.9166666667,937.8922524720845,342330.67215231084,500.4762314943182,182673.82449542615
noVIPV,45,public,721.2714611872145,263264.0833333333,781.9041095890411,285395.0,142.16438356164383,51890.0
noVIPV,45,work,64.33561643835617,23482.5,34.52054794520548,12600.0,8.63013698630137,3150.0
noVIPV,450,home,15921.019178082192,5811172.0,4040.2642839890345,1474696.4636559975,1604.4134620968125,585610.9136653366
noVIPV,450,public,3510.3356164383563,1281272.5,3843.332191780822,1402816.25,698.7876712328767,255057.5
noVIPV,450,work,179.47899543378998,65509.83333333334,60.24657534246575,21990.0,15.061643835616438,5497.5
noVIPV,451,home,9885.653196347032,3608263.4166666665,2266.294908755427,827197.6416957309,1005.4157755562558,366976.75807803334
noVIPV,451,public,2249.9440639269405,821229.5833333334,2485.849315068493,907335.0,451.972602739726,164970.0
noVIPV,451,work,662.4075342465753,241778.75,336.6575342465753,122880.0,84.16438356164383,30720.0
noVIPV,452,home,3854.589383561644,1406925.125,976.0883850033232,356272.260526213,388.7139018901504,141880.5741899049
noVIPV,452,public,172.699200913242,63035.208333333336,154.33904109589042,56333.75,28.061643835616437,10242.5
noVIPV,452,work,0.0,0.0,0.0,0.0,0.0,0.0
noVIPV,453,home,634.6845890410959,231659.875,177.40272246295692,64751.99369897928,59.95205479452055,21882.5
noVIPV,453,public,0.0,0.0,0.0,0.0,0.0,0.0
noVIPV,453,work,0.0,0.0,0.0,0.0,0.0,0.0
noVIPV,454,home,8015.174086757992,2925538.541666667,1999.1965871995487,729706.7543278353,837.3558548597665,305634.8870238148
noVIPV,454,public,286.74029680365294,104660.20833333333,362.54794520547944,132330.0,65.91780821917808,24060.0
noVIPV,454,work,0.0,0.0,0.0,0.0,0.0,0.0
noVIPV,455,home,0.0,0.0,0.0,0.0,0.0,0.0
noVIPV,455,public,76.66940639269407,27984.333333333336,74.70205479452055,27266.25,13.582191780821917,4957.5
noVIPV,455,work,0.0,0.0,0.0,0.0,0.0,0.0
noVIPV,456,home,807.0374429223743,294568.6666666666,169.2949046775223,61792.64020729564,84.23893158153524,30747.210027260364
noVIPV,456,public,480.4735159817351,175372.8333333333,411.2945205479452,150122.5,74.78082191780823,27295.0
noVIPV,456,work,0.0,0.0,0.0,0.0,0.0,0.0
noVIPV,457,home,0.0,0.0,0.0,0.0,0.0,0.0
noVIPV,457,public,229.98778538812786,83945.54166666667,199.28082191780823,72737.5,36.23287671232877,13225.0
noVIPV,457,work,0.0,0.0,0.0,0.0,0.0,0.0
noVIPV,458,home,0.0,0.0,0.0,0.0,0.0,0.0
noVIPV,458,public,556.0304794520548,202951.125,586.0513698630136,213908.74999999997,106.55479452054794,38892.5
noVIPV,458,work,5569.679223744292,2032932.9166666667,2772.301369863014,1011890.0,693.0753424657535,252972.5
noVIPV,459,home,0.0,0.0,0.0,0.0,0.0,0.0
noVIPV,459,public,18.720205479452055,6832.875,34.01712328767124,12416.250000000002,6.184931506849315,2257.5
noVIPV,459,work,0.0,0.0,0.0,0.0,0.0,0.0
noVIPV,46,home,943.3746575342466,344331.75,260.58603213305184,95113.90172856391,91.88356164383562,33537.5
noVIPV,46,public,1682.4059360730596,614078.1666666667,2330.417808219178,850602.5,423.71232876712327,154655.0
noVIPV,46,work,652.9764840182648,238336.41666666666,284.93150684931504,104000.0,71.23287671232876,26000.0
noVIPV,460,home,9053.228310502282,3304428.333333333,2349.3473343970604,857511.7770549271,909.6973216061339,332039.52238623885
noVIPV,460,public,3527.751712328767,1287629.375,3766.3483666753773,1374717.1538365127,684.7906121227959,249948.5734248205
noVIPV,460,work,0.0,0.0,0.0,0.0,0.0,0.0
noVIPV,461,home,11482.221689497717,4191010.9166666665,2625.3778769798,958262.925097627,1168.151422671466,426375.26927508507
noVIPV,461,public,2778.3914383561646,1014112.875,3205.869624935902,1170142.4131016042,582.8853863519822,212753.1660184735
noVIPV,461,work,237.34566210045662,86631.16666666667,107.94520547945206,39400.0,26.986301369863014,9850.0
noVIPV,462,home,7669.659474885844,2799425.708333333,1971.3807017933736,719553.9561545814,795.7964332324973,290465.6981298615
noVIPV,462,public,1689.6527397260274,616723.25,1751.275198216555,639215.4473490426,318.4136724030101,116220.99042709867
noVIPV,462,work,1213.0526255707762,442764.2083333333,689.2328767123288,251570.0,172.3082191780822,62892.5
noVIPV,463,home,14499.98207762557,5292493.458333333,3447.038652828467,1258169.1082823905,1481.407505586101,540713.7395389269
noVIPV,463,public,1632.0688356164383,595705.125,2103.5483079793103,767795.1324124483,382.463328723511,139599.1149840815
noVIPV,463,work,139.25228310502283,50827.083333333336,82.02739726027397,29940.0,20.506849315068493,7485.0
noVIPV,464,home,5871.923744292237,2143252.1666666665,1513.4422928121962,552406.4368764516,618.4074472786077,225718.71825669182
noVIPV,464,public,500.95696347031964,182849.29166666666,605.4897260273973,221003.75,110.08904109589041,40182.5
noVIPV,464,work,85.47043378995434,31196.708333333336,34.95890410958904,12760.0,8.73972602739726,3190.0
noVIPV,465,home,2057.0673515981734,750829.5833333333,493.4367788283841,180104.4242723602,209.6917808219178,76537.5
noVIPV,465,public,105.30639269406392,38436.83333333333,100.5068493150685,36685.0,18.273972602739722,6669.999999999999
noVIPV,465,work,130.81997716894978,47749.291666666664,65.47945205479452,23900.0,16.36986301369863,5975.0
noVIPV,466,home,0.0,0.0,0.0,0.0,0.0,0.0
noVIPV,466,public,177.88527397260273,64928.12499999999,188.73287671232876,68887.5,34.31506849315068,12525.0
noVIPV,466,work,274.7824200913242,100295.58333333333,137.75342465753425,50280.0,34.43835616438356,12570.0
noVIPV,467,home,1032.8254566210046,376981.2916666667,258.2643789886022,94266.4983308398,102.235849692095,37316.085137614675
noVIPV,467,public,0.0,0.0,0.0,0.0,0.0,0.0
noVIPV,467,work,16.309360730593607,5952.916666666667,2.493150684931507,910.0,0.6232876712328768,227.5
noVIPV,468,home,18764.487671232877,6849038.0,4330.917646954585,1580784.9411384233,1883.3278659946093,687414.6710880324
noVIPV,468,public,6906.054223744291,2520709.7916666665,7666.518869348978,2798279.387312377,1393.912521699814,508778.07042043214
noVIPV,468,work,132.50730593607307,48365.166666666664,65.53424657534246,23920.0,16.383561643835616,5980.0
noVIPV,469,home,13028.258447488584,4755314.333333333,3091.438086011507,1128374.9013942,1319.6964076291222,481689.1887846296
noVIPV,469,public,2365.405707762557,863373.0833333334,2518.8116438356165,919366.25,457.9657534246575,167157.5
noVIPV,469,work,1058.6939497716894,386423.2916666666,559.972602739726,204390.0,139.9931506849315,51097.5
noVIPV,47,home,2742.0639269406392,1000853.3333333334,696.8224195978769,254340.18315322505,270.1027397260274,98587.5
noVIPV,47,public,0.0,0.0,0.0,0.0,0.0,0.0
noVIPV,47,work,0.0,0.0,0.0,0.0,0.0,0.0
noVIPV,470,home,15729.33618721461,5741207.708333333,3614.7554431596172,1319385.7367532603,1616.524335667038,590031.3825184689
noVIPV,470,public,8187.11689497717,2988297.666666667,10016.214385001007,3655918.2505253674,1821.1298881820014,664712.4091864305
noVIPV,470,work,447.05068493150685,163173.5,207.3972602739726,75700.0,51.84931506849315,18925.0
noVIPV,471,home,689.0511415525115,251503.6666666667,125.72570945374598,45889.88395061728,68.32876712328768,24940.0
noVIPV,471,public,0.0,0.0,0.0,0.0,0.0,0.0
noVIPV,471,work,691.113698630137,252256.5,324.6027397260274,118480.0,81.15068493150685,29620.0
noVIPV,472,home,798.9627853881277,291621.4166666666,172.03762554681487,62793.733324587425,78.70547945205479,28727.5
noVIPV,472,public,0.0,0.0,0.0,0.0,0.0,0.0
noVIPV,472,work,0.0,0.0,0.0,0.0,0.0,0.0
noVIPV,473,home,0.0,0.0,0.0,0.0,0.0,0.0
noVIPV,473,public,569.8133561643835,207981.875,533.1986301369863,194617.5,96.94520547945206,35385.0
noVIPV,473,work,0.0,0.0,0.0,0.0,0.0,0.0
noVIPV,474,home,3460.683675799087,1263149.5416666667,769.1561587907117,280741.9979586098,341.85682039417065,124777.7394438723
noVIPV,474,public,422.5970319634704,154247.9166666667,704.1506849315068,257015.0,128.02739726027397,46730.0
noVIPV,474,work,205.71872146118724,75087.33333333334,131.0684931506849,47839.99999999999,32.767123287671225,11959.999999999998
noVIPV,475,home,5039.351141552512,1839363.1666666667,1337.7354175446524,488273.4274037981,536.1543590645913,195696.34105857584
noVIPV,475,public,1242.7042237442922,453587.0416666667,1311.554122606553,478717.2547513918,238.46438592846417,87039.50086388942
noVIPV,475,work,0.0,0.0,0.0,0.0,0.0,0.0
noVIPV,476,home,5687.853424657535,2076066.5000000002,1389.2757192268434,507085.6375177978,575.8458380870164,210183.73090176098
noVIPV,476,public,231.2986301369863,84424.0,230.3595890410959,84081.25,41.88356164383562,15287.5
noVIPV,476,work,101.54794520547945,37065.0,50.3013698630137,18360.0,12.575342465753424,4590.0
noVIPV,477,home,950.4691780821918,346921.25,164.69013960565144,60111.900956062775,96.86986301369863,35357.5
noVIPV,477,public,0.0,0.0,0.0,0.0,0.0,0.0
noVIPV,477,work,0.0,0.0,0.0,0.0,0.0,0.0
noVIPV,478,home,949.5097031963471,346571.0416666667,220.47632171720082,80473.8574267783,97.02739726027397,35415.0
noVIPV,478,public,0.0,0.0,0.0,0.0,0.0,0.0
noVIPV,478,work,0.0,0.0,0.0,0.0,0.0,0.0
noVIPV,479,home,4723.946232876712,1724240.375,1149.1839755162048,419452.15106341476,478.2367646256469,174556.41908836112
noVIPV,479,public,461.7081050228311,168523.45833333334,671.527397260274,245107.5,122.0958904109589,44565.0
noVIPV,479,work,234.3406392694064,85534.33333333334,134.84931506849315,49220.0,33.71232876712329,12305.0
noVIPV,48,home,469.13299086757996,171233.5416666667,128.9415295293012,47063.65827819493,43.50684931506849,15880.0
noVIPV,48,public,0.0,0.0,0.0,0.0,0.0,0.0
noVIPV,48,work,0.0,0.0,0.0,0.0,0.0,0.0
noVIPV,480,home,3269.3581050228313,1193315.7083333335,678.2772545192927,247571.19789954182,341.12683146750754,124511.29348564026
noVIPV,480,public,1395.7792237442923,509459.4166666667,1495.915110714956,546009.0154109589,271.98456558453745,99274.36643835617
noVIPV,480,work,570.0754566210046,208077.5416666667,291.5890410958904,106430.0,72.8972602739726,26607.5
noVIPV,481,home,2414.925570776256,881447.8333333334,597.9932747286234,218267.54527594754,259.7221505107396,94798.58493641995
noVIPV,481,public,44.05684931506849,16080.749999999998,90.10958904109589,32890.0,16.383561643835616,5980.0
noVIPV,481,work,375.8304794520548,137178.125,186.43835616438355,68050.0,46.60958904109589,17012.5
noVIPV,482,home,3095.1953196347026,1129746.2916666665,792.460109629378,289247.940014723,317.7945205479452,115995.0
noVIPV,482,public,119.36392694063926,43567.83333333333,141.26712328767124,51562.5,25.684931506849313,9375.0
noVIPV,482,work,225.1318493150685,82173.125,110.73972602739725,40420.0,27.684931506849313,10105.0
noVIPV,483,home,0.0,0.0,0.0,0.0,0.0,0.0
noVIPV,483,public,557.5908675799087,203520.6666666667,679.5513698630137,248036.25,123.55479452054794,45097.5
noVIPV,483,work,1980.24098173516,722787.9583333334,1075.2328767123288,392460.0,268.8082191780822,98115.0
noVIPV,484,home,10444.028881278538,3812070.5416666665,2330.0797804487584,850479.1198637967,1047.6949655352935,382408.66242038214
noVIPV,484,public,1022.595205479452,373247.25,1233.1678082191781,450106.25,224.2123287671233,81837.5
noVIPV,484,work,0.0,0.0,0.0,0.0,0.0,0.0
noVIPV,485,home,5725.591894977169,2089841.0416666667,1423.2370189635315,519481.511921689,583.5616438356165,213000.0
noVIPV,485,public,386.8300228310502,141192.9583333333,442.75,161603.75,80.5,29382.5
noVIPV,485,work,116.38470319634702,42480.416666666664,44.82191780821918,16360.000000000002,11.205479452054796,4090.0000000000005
noVIPV,486,home,8671.023744292237,3164923.6666666665,1985.957670719842,724874.5498127424,913.558534385479,333448.86505069985
noVIPV,486,public,3127.241324200913,1141443.0833333333,4006.2979452054797,1462298.75,728.417808219178,265872.5
noVIPV,486,work,0.0,0.0,0.0,0.0,0.0,0.0
noVIPV,487,home,0.0,0.0,0.0,0.0,0.0,0.0
noVIPV,487,public,0.0,0.0,0.0,0.0,0.0,0.0
noVIPV,487,work,0.0,0.0,0.0,0.0,0.0,0.0
noVIPV,488,home,0.0,0.0,0.0,0.0,0.0,0.0
noVIPV,488,public,0.0,0.0,0.0,0.0,0.0,0.0
noVIPV,488,work,0.0,0.0,0.0,0.0,0.0,0.0
noVIPV,489,home,0.0,0.0,0.0,0.0,0.0,0.0
noVIPV,489,public,107.13824200913243,39105.458333333336,136.67123287671234,49885.0,24.84931506849315,9070.0
noVIPV,489,work,0.0,0.0,0.0,0.0,0.0,0.0
noVIPV,49,home,0.0,0.0,0.0,0.0,0.0,0.0
noVIPV,49,public,0.0,0.0,0.0,0.0,0.0,0.0
noVIPV,49,work,0.0,0.0,0.0,0.0,0.0,0.0
noVIPV,490,home,1316.998401826484,480704.4166666667,302.1880456990442,110298.63668015113,132.97260273972603,48535.0
noVIPV,490,public,0.0,0.0,0.0,0.0,0.0,0.0
noVIPV,490,work,399.263698630137,145731.25,233.31506849315068,85160.0,58.32876712328767,21290.0
noVIPV,491,home,1796.0033105022833,655541.2083333334,435.20767328880004,158850.80075041202,171.91095890410958,62747.5
noVIPV,491,public,0.0,0.0,0.0,0.0,0.0,0.0
noVIPV,491,work,0.0,0.0,0.0,0.0,0.0,0.0
noVIPV,492,home,3080.6031963470314,1124420.1666666665,677.6487080606332,247341.77844213112,317.7955728664706,115995.38409626177
noVIPV,492,public,54.719063926940635,19972.458333333332,41.136986301369866,15015.0,7.47945205479452,2730.0
noVIPV,492,work,0.0,0.0,0.0,0.0,0.0,0.0
noVIPV,493,home,784.9176940639269,286494.9583333333,188.53664712970667,68815.87620234293,75.71917808219177,27637.5
noVIPV,493,public,420.27431506849314,153400.125,417.736301369863,152473.75,75.95205479452055,27722.5
noVIPV,493,work,45.896232876712325,16752.125,15.04109589041096,5490.0,3.76027397260274,1372.5
noVIPV,494,home,0.0,0.0,0.0,0.0,0.0,0.0
noVIPV,494,public,0.0,0.0,0.0,0.0,0.0,0.0
noVIPV,494,work,115.12123287671233,42019.25,44.49315068493151,16240.0,11.123287671232877,4060.0
noVIPV,495,home,0.0,0.0,0.0,0.0,0.0,0.0
noVIPV,495,public,28.335616438356166,10342.5,33.9041095890411,12375.000000000002,6.164383561643837,2250.0000000000005
noVIPV,495,work,0.0,0.0,0.0,0.0,0.0,0.0
noVIPV,496,home,0.0,0.0,0.0,0.0,0.0,0.0
noVIPV,496,public,0.0,0.0,0.0,0.0,0.0,0.0
noVIPV,496,work,0.0,0.0,0.0,0.0,0.0,0.0
noVIPV,497,home,0.0,0.0,0.0,0.0,0.0,0.0
noVIPV,497,public,175.59189497716898,64091.04166666667,194.83561643835617,71115.0,35.42465753424658,12930.0
noVIPV,497,work,536.7295662100456,195906.29166666666,216.986301369863,79200.0,54.24657534246575,19800.0
noVIPV,498,home,0.0,0.0,0.0,0.0,0.0,0.0
noVIPV,498,public,1627.91301369863,594188.25,1611.61301369863,588238.75,293.02054794520546,106952.5
noVIPV,498,work,1106.639497716895,403923.4166666667,561.6712328767123,205010.0,140.41780821917808,51252.5
noVIPV,499,home,9680.291324200914,3533306.3333333335,2380.9354937399676,869041.4552150881,979.539380809119,357531.87399532844
noVIPV,499,public,3649.488242009132,1332063.2083333333,4483.06949211586,1636320.3646222888,815.1035440210653,297512.79356768884
noVIPV,499,work,475.6292237442923,173604.6666666667,244.54794520547946,89260.0,61.136986301369866,22315.0
noVIPV,5,home,7490.557305936074,2734053.416666667,1968.6507255374677,718557.5148211757,817.1566387450874,298262.1731419569
noVIPV,5,public,0.0,0.0,0.0,0.0,0.0,0.0
noVIPV,5,work,295.54155251141555,107872.66666666667,130.4931506849315,47630.0,32.62328767123287,11907.5
noVIPV,50,home,655.9715753424657,239429.625,185.8199104032415,67824.26729718315,62.013698630136986,22635.0
noVIPV,50,public,0.0,0.0,0.0,0.0,0.0,0.0
noVIPV,50,work,0.0,0.0,0.0,0.0,0.0,0.0
noVIPV,500,home,11149.425684931506,4069540.375,2846.8673006884824,1039106.5647512961,1165.6066269428043,425446.4188341235
noVIPV,500,public,3630.4915525114156,1325129.4166666667,3993.5650684931506,1457651.25,726.1027397260274,265027.5
noVIPV,500,work,883.0375570776255,322308.7083333333,440.2191780821918,160680.0,110.05479452054794,40170.0
noVIPV,501,home,2395.0109589041094,874179.0,565.7275894860654,206490.57016241387,249.6027397260274,91105.0
noVIPV,501,public,1709.810502283105,624080.8333333334,1604.0034246575342,585461.25,291.63698630136986,106447.5
noVIPV,501,work,911.2689497716893,332613.1666666666,511.47945205479454,186690.0,127.86986301369863,46672.5
noVIPV,502,home,0.0,0.0,0.0,0.0,0.0,0.0
noVIPV,502,public,141.8,51757.0,100.35616438356165,36630.0,18.246575342465754,6660.0
noVIPV,502,work,72.74349315068493,26551.375,29.726027397260275,10850.0,7.431506849315069,2712.5
noVIPV,503,home,0.0,0.0,0.0,0.0,0.0,0.0
noVIPV,503,public,29.187214611872143,10653.333333333332,61.47945205479452,22440.0,11.178082191780822,4080.0
noVIPV,503,work,0.0,0.0,0.0,0.0,0.0,0.0
noVIPV,504,home,440.66712328767125,160843.5,123.24337026991195,44983.83014851786,41.50684931506849,15150.0
noVIPV,504,public,0.0,0.0,0.0,0.0,0.0,0.0
noVIPV,504,work,0.0,0.0,0.0,0.0,0.0,0.0
noVIPV,505,home,4076.126712328767,1487786.25,1018.972518873415,371924.9693887965,413.42883525783543,150901.52486910994
noVIPV,505,public,1179.5698630136985,430543.0,1345.4280821917807,491081.25,244.62328767123287,89287.5
noVIPV,505,work,0.0,0.0,0.0,0.0,0.0,0.0
noVIPV,506,home,2740.3633561643837,1000232.625,785.3451340302468,286650.9739210401,284.3013698630137,103770.0
noVIPV,506,public,1304.3697488584473,476094.9583333333,1394.400684931507,508956.25,253.52739726027397,92537.5
noVIPV,506,work,175.69269406392695,64127.833333333336,85.64383561643835,31260.0,21.410958904109588,7815.0
noVIPV,507,home,0.0,0.0,0.0,0.0,0.0,0.0
noVIPV,507,public,346.1021689497717,126327.29166666666,375.6419107161468,137109.29741139358,68.29852922111759,24928.963165707923
noVIPV,507,work,0.0,0.0,0.0,0.0,0.0,0.0
noVIPV,508,home,0.0,0.0,0.0,0.0,0.0,0.0
noVIPV,508,public,0.0,0.0,0.0,0.0,0.0,0.0
noVIPV,508,work,86.04520547945205,31406.5,52.93150684931507,19320.0,13.232876712328768,4830.0
noVIPV,509,home,854.3673515981736,311844.0833333334,201.16695757508936,73425.93951490762,86.82191780821918,31690.0
noVIPV,509,public,0.0,0.0,0.0,0.0,0.0,0.0
noVIPV,509,work,0.0,0.0,0.0,0.0,0.0,0.0
noVIPV,51,home,0.0,0.0,0.0,0.0,0.0,0.0
noVIPV,51,public,25.02739726027398,9135.000000000002,13.561643835616437,4949.999999999999,2.4657534246575343,900.0
noVIPV,51,work,0.0,0.0,0.0,0.0,0.0,0.0
noVIPV,510,home,0.0,0.0,0.0,0.0,0.0,0.0
noVIPV,510,public,0.0,0.0,0.0,0.0,0.0,0.0
noVIPV,510,work,0.0,0.0,0.0,0.0,0.0,0.0
noVIPV,511,home,3213.4227168949774,1172899.2916666667,719.2163312341906,262513.9609004796,322.9246575342466,117867.5
noVIPV,511,public,0.0,0.0,0.0,0.0,0.0,0.0
noVIPV,511,work,0.0,0.0,0.0,0.0,0.0,0.0
noVIPV,512,home,0.0,0.0,0.0,0.0,0.0,0.0
noVIPV,512,public,853.570205479452,311553.125,1137.5205479452054,415195.0,206.82191780821918,75490.0
noVIPV,512,work,990.7892694063928,361638.0833333334,556.5479452054794,203140.0,139.13698630136986,50785.0
noVIPV,513,home,0.0,0.0,0.0,0.0,0.0,0.0
noVIPV,513,public,0.0,0.0,0.0,0.0,0.0,0.0
noVIPV,513,work,0.0,0.0,0.0,0.0,0.0,0.0
noVIPV,514,home,8415.297260273972,3071583.5,2162.4409444524754,789290.9447251535,859.3986295811106,313680.4997971054
noVIPV,514,public,0.0,0.0,0.0,0.0,0.0,0.0
noVIPV,514,work,344.34680365296805,125686.58333333334,183.67123287671234,67040.0,45.917808219178085,16760.0
noVIPV,515,home,19213.294634703194,7012852.541666666,4503.644795736538,1643830.3504438363,1944.3274867405323,709679.5326602943
noVIPV,515,public,3412.6481735159823,1245616.5833333335,3541.472602739726,1292637.5,643.9041095890411,235025.0
noVIPV,515,work,1178.0753424657532,429997.49999999994,605.972602739726,221180.0,151.4931506849315,55295.0
noVIPV,516,home,1426.1289954337901,520537.0833333334,369.20152442073083,134758.55641356675,142.53248860701294,52024.358341559724
noVIPV,516,public,97.69566210045662,35658.916666666664,89.65753424657534,32725.0,16.301369863013697,5950.0
noVIPV,516,work,0.0,0.0,0.0,0.0,0.0,0.0
noVIPV,517,home,1166.3130136986301,425704.25,287.476727278362,104929.00545660213,114.73287671232876,41877.5
noVIPV,517,public,0.0,0.0,0.0,0.0,0.0,0.0
noVIPV,517,work,0.0,0.0,0.0,0.0,0.0,0.0
noVIPV,518,home,465.60650684931505,169946.375,121.21242953851099,44242.53678155651,46.815068493150676,17087.499999999996
noVIPV,518,public,57.63664383561644,21037.375,117.19520547945206,42776.25,21.30821917808219,7777.5
noVIPV,518,work,326.52488584474884,119181.58333333333,180.13698630136986,65750.0,45.034246575342465,16437.5
noVIPV,519,home,1771.1567351598173,646472.2083333334,470.54739461337954,171749.79903388352,183.92465753424656,67132.5
noVIPV,519,public,688.1756849315068,251184.125,682.3013698630137,249040.0,124.05479452054794,45280.0
noVIPV,519,work,0.0,0.0,0.0,0.0,0.0,0.0
noVIPV,52,home,852.5778538812785,311190.9166666667,211.27123243075278,77113.99983722476,86.33153636474123,31511.010773130547
noVIPV,52,public,255.89429223744293,93401.41666666667,377.1267123287671,137651.25,68.56849315068493,25027.5
noVIPV,52,work,0.0,0.0,0.0,0.0,0.0,0.0
noVIPV,520,home,0.0,0.0,0.0,0.0,0.0,0.0
noVIPV,520,public,63.34280821917808,23120.125,34.61986301369863,12636.25,6.294520547945205,2297.5
noVIPV,520,work,0.0,0.0,0.0,0.0,0.0,0.0
noVIPV,521,home,1236.4206621004566,451293.5416666667,231.92990211255622,84654.41427108302,124.21448559038625,45338.28724049098
noVIPV,521,public,0.0,0.0,0.0,0.0,0.0,0.0
noVIPV,521,work,0.0,0.0,0.0,0.0,0.0,0.0
noVIPV,522,home,3262.5647260273972,1190836.125,669.3451479288581,244310.97899403318,336.4944268314231,122820.46579346943
noVIPV,522,public,583.1606164383562,212853.625,560.472602739726,204572.5,101.9041095890411,37195.0
noVIPV,522,work,0.0,0.0,0.0,0.0,0.0,0.0
noVIPV,523,home,1567.2560502283106,572048.4583333334,358.3853347705514,130810.64719125128,157.43150684931507,57462.5
noVIPV,523,public,0.0,0.0,0.0,0.0,0.0,0.0
noVIPV,523,work,0.0,0.0,0.0,0.0,0.0,0.0
noVIPV,524,home,0.0,0.0,0.0,0.0,0.0,0.0
noVIPV,524,public,0.0,0.0,0.0,0.0,0.0,0.0
noVIPV,524,work,913.345205479452,333371.0,530.8493150684932,193760.0,132.7123287671233,48440.0
noVIPV,525,home,460.6038812785388,168120.41666666666,117.89121568296025,43030.29372428049,43.136986301369866,15745.0
noVIPV,525,public,0.0,0.0,0.0,0.0,0.0,0.0
noVIPV,525,work,0.0,0.0,0.0,0.0,0.0,0.0
noVIPV,526,home,0.0,0.0,0.0,0.0,0.0,0.0
noVIPV,526,public,0.0,0.0,0.0,0.0,0.0,0.0
noVIPV,526,work,143.06118721461186,52217.33333333333,75.53424657534246,27570.0,18.883561643835616,6892.5
noVIPV,527,home,580.8858447488584,212023.3333333333,140.2649006644272,51196.68874251592,58.657534246575345,21410.0
noVIPV,527,public,51.17191780821918,18677.75,85.70205479452055,31281.25,15.582191780821917,5687.5
noVIPV,527,work,0.0,0.0,0.0,0.0,0.0,0.0
noVIPV,528,home,0.0,0.0,0.0,0.0,0.0,0.0
noVIPV,528,public,655.2078767123288,239150.875,876.195205479452,319811.25,159.3082191780822,58147.5
noVIPV,528,work,0.0,0.0,0.0,0.0,0.0,0.0
noVIPV,529,home,470.8404109589041,171856.75,87.13492315851764,31804.246952858935,47.4630095244643,17323.998476429468
noVIPV,529,public,0.0,0.0,0.0,0.0,0.0,0.0
noVIPV,529,work,0.0,0.0,0.0,0.0,0.0,0.0
noVIPV,53,home,29765.197031963467,10864296.916666666,7193.10240377735,2625482.377378733,2976.000123706885,1086240.045153013
noVIPV,53,public,1902.3091324200914,694342.8333333334,2060.2397260273974,751987.5,374.5890410958904,136725.0
noVIPV,53,work,438.140296803653,159921.20833333334,256.71232876712327,93700.0,64.17808219178082,23425.0
noVIPV,530,home,1382.0567351598174,504450.7083333334,339.53331861191236,123929.66129334802,141.0630747510207,51488.02228412256
noVIPV,530,public,360.5681506849315,131607.375,505.0582191780822,184346.25,91.82876712328768,33517.5
noVIPV,530,work,750.9845890410959,274109.375,429.26027397260276,156680.0,107.31506849315069,39170.0
noVIPV,531,home,0.0,0.0,0.0,0.0,0.0,0.0
noVIPV,531,public,0.0,0.0,0.0,0.0,0.0,0.0
noVIPV,531,work,661.5437214611874,241463.45833333337,323.26027397260276,117990.0,80.81506849315069,29497.5
noVIPV,532,home,736.8686073059362,268957.0416666667,203.87526950119334,74414.47336793557,73.15068493150685,26700.0
noVIPV,532,public,0.0,0.0,0.0,0.0,0.0,0.0
noVIPV,532,work,26.7283105022831,9755.833333333332,5.041095890410959,1840.0,1.2602739726027397,460.0
noVIPV,533,home,4312.615867579908,1574104.7916666665,1044.7420185773258,381330.8367807239,422.10466911055374,154068.20422535212
noVIPV,533,public,1216.4417808219177,444001.25,1442.7705479452054,526611.25,262.32191780821915,95747.5
noVIPV,533,work,0.0,0.0,0.0,0.0,0.0,0.0
noVIPV,534,home,2904.8899543379,1060284.8333333335,729.4160783342893,266236.8685920156,291.953790076176,106563.13337780425
noVIPV,534,public,117.0269406392694,42714.83333333333,100.5068493150685,36685.0,18.273972602739725,6670.0
noVIPV,534,work,135.8013698630137,49567.5,91.23287671232875,33299.99999999999,22.808219178082187,8324.999999999998
noVIPV,535,home,0.0,0.0,0.0,0.0,0.0,0.0
noVIPV,535,public,82.00182648401827,29930.666666666668,107.43835616438356,39215.0,19.534246575342465,7130.0
noVIPV,535,work,0.0,0.0,0.0,0.0,0.0,0.0
noVIPV,536,home,1580.8808219178081,577021.5,341.32024935520207,124581.89101464875,178.54823666569513,65170.10638297872
noVIPV,536,public,679.7712328767124,248116.5,880.9794520547945,321557.5,160.17808219178082,58465.0
noVIPV,536,work,0.0,0.0,0.0,0.0,0.0,0.0
noVIPV,537,home,4422.7950913242,1614320.2083333333,909.4817253898563,331960.82976729755,457.1886585724261,166873.86037893553
noVIPV,537,public,429.1506849315069,156640.0,474.77054794520546,173291.25,86.32191780821918,31507.5
noVIPV,537,work,297.93036529680364,108744.58333333333,144.24657534246575,52650.0,36.06164383561644,13162.5
noVIPV,538,home,3600.1590182648397,1314058.0416666665,755.7643756093514,275853.9970974133,352.35550956418666,128609.76099092813
noVIPV,538,public,0.0,0.0,0.0,0.0,0.0,0.0
noVIPV,538,work,0.0,0.0,0.0,0.0,0.0,0.0
noVIPV,539,home,7667.300684931507,2798564.75,1953.850684806836,713155.4999544951,802.2397260273973,292817.5
noVIPV,539,public,615.7891552511416,224763.04166666666,684.9760273972603,250016.25,124.54109589041096,45457.5
noVIPV,539,work,0.0,0.0,0.0,0.0,0.0,0.0
noVIPV,54,home,1654.7423515981734,603980.9583333333,414.44199126607606,151271.32681211777,177.513698630137,64792.5
noVIPV,54,public,1112.9754566210047,406236.0416666667,1445.6070326065985,527646.5669014085,262.8376422921088,95935.73943661971
noVIPV,54,work,0.0,0.0,0.0,0.0,0.0,0.0
noVIPV,540,home,5006.040410958904,1827204.75,1301.2469170087793,474955.1247082044,512.9876564375381,187240.4945997014
noVIPV,540,public,1036.1622146118723,378199.2083333334,1340.2294520547946,489183.75,243.67808219178082,88942.5
noVIPV,540,work,0.0,0.0,0.0,0.0,0.0,0.0
noVIPV,541,home,778.1286529680365,284016.9583333333,204.31877799405237,74576.35396782911,84.19110313207278,30729.752643206564
noVIPV,541,public,683.8770547945205,249615.125,843.3835616438356,307835.0,153.34246575342465,55970.0
noVIPV,541,work,0.0,0.0,0.0,0.0,0.0,0.0
noVIPV,542,home,0.0,0.0,0.0,0.0,0.0,0.0
noVIPV,542,public,335.9027397260274,122604.5,422.4828767123288,154206.25,76.81506849315069,28037.5
noVIPV,542,work,289.0990867579909,105521.16666666667,135.86301369863014,49590.0,33.965753424657535,12397.5
noVIPV,543,home,720.8889269406394,263124.4583333334,118.4962283727789,43251.1233560643,71.40393610419767,26062.436678032147
noVIPV,543,public,377.8985159817351,137932.9583333333,419.5821917808219,153147.5,76.28767123287672,27845.0
noVIPV,543,work,0.0,0.0,0.0,0.0,0.0,0.0
noVIPV,544,home,592.415296803653,216231.58333333334,155.32326054951693,56692.990100573676,60.6986301369863,22155.0
noVIPV,544,public,0.0,0.0,0.0,0.0,0.0,0.0
noVIPV,544,work,0.0,0.0,0.0,0.0,0.0,0.0
noVIPV,545,home,0.0,0.0,0.0,0.0,0.0,0.0
noVIPV,545,public,65.66278538812787,23966.91666666667,96.21232876712328,35117.5,17.493150684931507,6385.0
noVIPV,545,work,0.0,0.0,0.0,0.0,0.0,0.0
noVIPV,546,home,0.0,0.0,0.0,0.0,0.0,0.0
noVIPV,546,public,513.7867579908676,187532.1666666667,814.6780821917808,297357.5,148.12328767123287,54065.0
noVIPV,546,work,0.0,0.0,0.0,0.0,0.0,0.0
noVIPV,547,home,0.0,0.0,0.0,0.0,0.0,0.0
noVIPV,547,public,0.0,0.0,0.0,0.0,0.0,0.0
noVIPV,547,work,30.146347031963472,11003.416666666668,7.47945205479452,2730.0,1.86986301369863,682.5
noVIPV,548,home,6690.96404109589,2442201.875,1643.4950602621561,599875.696995687,695.8894115650277,253999.6352212351
noVIPV,548,public,2981.019634703196,1088072.1666666665,3472.6472602739727,1267516.25,631.3904109589041,230457.5
noVIPV,548,work,0.0,0.0,0.0,0.0,0.0,0.0
noVIPV,549,home,23592.448744292236,8611243.791666666,5450.589903731537,1989465.314862011,2391.429084015873,872871.6156657937
noVIPV,549,public,1733.2906392694063,632651.0833333333,1971.75,719688.75,358.5,130852.5
noVIPV,549,work,922.9437214611871,336874.4583333333,361.56164383561645,131970.0,90.39041095890411,32992.5
noVIPV,55,home,442.0074200913242,161332.70833333334,111.73632811769792,40783.759762959744,41.42465753424658,15120.0
noVIPV,55,public,17.339383561643835,6328.875,34.46917808219178,12581.25,6.267123287671233,2287.5
noVIPV,55,work,0.0,0.0,0.0,0.0,0.0,0.0
noVIPV,550,home,843.2133561643835,307772.875,212.52008123259884,77569.82964989857,84.6704949198266,30904.73064573671
noVIPV,550,public,725.4389269406394,264785.2083333334,767.4383561643835,280115.0,139.53424657534248,50930.0
noVIPV,550,work,253.8353881278539,92649.91666666667,87.34246575342466,31880.0,21.835616438356166,7970.0
noVIPV,551,home,0.0,0.0,0.0,0.0,0.0,0.0
noVIPV,551,public,231.56198630136987,84520.125,261.8527397260274,95576.25,47.60958904109588,17377.499999999996
noVIPV,551,work,0.0,0.0,0.0,0.0,0.0,0.0
noVIPV,552,home,0.0,0.0,0.0,0.0,0.0,0.0
noVIPV,552,public,653.0493150684931,238363.0,576.181506849315,210306.25,104.76027397260275,38237.5
noVIPV,552,work,349.260502283105,127480.08333333333,171.8904109589041,62740.0,42.97260273972603,15685.0
noVIPV,553,home,3457.998287671233,1262169.375,738.4718861878745,269542.23845857417,352.03780166761214,128493.79760867843
noVIPV,553,public,604.0076484018265,220462.7916666667,688.7431506849315,251391.25,125.22602739726027,45707.5
noVIPV,553,work,1591.3683789954337,580849.4583333333,773.5342465753424,282340.0,193.3835616438356,70585.0
noVIPV,554,home,0.0,0.0,0.0,0.0,0.0,0.0
noVIPV,554,public,139.1928082191781,50805.375,172.3458904109589,62906.25,31.33561643835617,11437.500000000002
noVIPV,554,work,0.0,0.0,0.0,0.0,0.0,0.0
noVIPV,555,home,0.0,0.0,0.0,0.0,0.0,0.0
noVIPV,555,public,830.1288812785389,302997.0416666667,1078.2968397780476,393578.3465189873,196.05397086873595,71559.69936708861
noVIPV,555,work,0.0,0.0,0.0,0.0,0.0,0.0
noVIPV,556,home,781.2722602739726,285164.375,217.56956130763155,79412.88987728552,77.15068493150685,28160.0
noVIPV,556,public,0.0,0.0,0.0,0.0,0.0,0.0
noVIPV,556,work,0.0,0.0,0.0,0.0,0.0,0.0
noVIPV,557,home,5946.296575342466,2170398.25,1502.4653087730092,548399.8377021484,609.2328767123288,222370.0
noVIPV,557,public,834.0881278538814,304442.1666666667,1202.7671232876712,439010.0,218.68493150684932,79820.0
noVIPV,557,work,0.0,0.0,0.0,0.0,0.0,0.0
noVIPV,558,home,9024.827054794521,3294061.875,2094.859163320233,764623.594611885,911.1862337864884,332582.9753320683
noVIPV,558,public,27.833333333333332,10159.166666666666,44.602739726027394,16280.0,8.10958904109589,2960.0
noVIPV,558,work,637.7026255707761,232761.4583333333,302.6849315068493,110480.0,75.67123287671232,27620.0
noVIPV,559,home,0.0,0.0,0.0,0.0,0.0,0.0
noVIPV,559,public,31.485844748858444,11492.333333333332,10.397260273972602,3795.0,1.8904109589041096,690.0
noVIPV,559,work,0.0,0.0,0.0,0.0,0.0,0.0
noVIPV,56,home,12112.93812785388,4421222.416666666,2962.3258420148545,1081248.932335422,1237.652189988985,451743.04934597947
noVIPV,56,public,2874.8900684931505,1049334.875,3519.0205479452056,1284442.5,639.8219178082192,233535.0
noVIPV,56,work,825.4454337899543,301287.5833333333,429.9178082191781,156920.0,107.47945205479452,39230.0
noVIPV,560,home,0.0,0.0,0.0,0.0,0.0,0.0
noVIPV,560,public,316.66997716894974,115584.54166666666,450.81164383561645,164546.25,81.96575342465754,29917.5
noVIPV,560,work,0.0,0.0,0.0,0.0,0.0,0.0
noVIPV,561,home,189.14703196347034,69038.66666666667,35.65068493150685,13012.5,18.534246575342465,6765.0
noVIPV,561,public,0.0,0.0,0.0,0.0,0.0,0.0
noVIPV,561,work,0.0,0.0,0.0,0.0,0.0,0.0
noVIPV,562,home,1011.3562785388128,369145.0416666667,225.80381904907432,82418.39395291213,99.67808219178082,36382.5
noVIPV,562,public,0.0,0.0,0.0,0.0,0.0,0.0
noVIPV,562,work,0.0,0.0,0.0,0.0,0.0,0.0
noVIPV,563,home,11952.569178082193,4362687.75,2780.1332793861325,1014748.6469759383,1209.3587081571477,441415.9284773589
noVIPV,563,public,225.33310502283103,82246.58333333333,307.02054794520546,112062.49999999999,55.821917808219176,20375.0
noVIPV,563,work,454.8196347031963,166009.16666666666,235.8904109589041,86100.0,58.97260273972603,21525.0
noVIPV,564,home,1177.238812785388,429692.1666666666,254.71014252289888,92969.2020208581,119.28767123287672,43540.0
noVIPV,564,public,0.0,0.0,0.0,0.0,0.0,0.0
noVIPV,564,work,0.0,0.0,0.0,0.0,0.0,0.0
noVIPV,565,home,1778.5320776255705,649164.2083333333,424.5426256632255,154958.05836707732,172.22602739726028,62862.5
noVIPV,565,public,528.3197488584474,192836.7083333333,776.1027397260274,283277.5,141.1095890410959,51505.0
noVIPV,565,work,0.0,0.0,0.0,0.0,0.0,0.0
noVIPV,566,home,9016.202739726028,3290914.0,2276.543794532261,830938.4850042753,932.9892697520803,340541.0834595093
noVIPV,566,public,2166.482420091324,790766.0833333333,2582.3630136986303,942562.5,469.52054794520546,171375.0
noVIPV,566,work,1350.6102739726027,492972.75,783.972602739726,286150.0,195.9931506849315,71537.5
noVIPV,567,home,4826.9162100456615,1761824.4166666665,1267.388205486255,462596.69500248303,491.38289645997463,179354.75720789074
noVIPV,567,public,2161.076826484018,788793.0416666666,2454.054794520548,895730.0,446.1917808219178,162860.0
noVIPV,567,work,0.0,0.0,0.0,0.0,0.0,0.0
noVIPV,568,home,9696.273173515981,3539139.7083333335,2172.413518091331,792930.9341033358,983.4947864266053,358975.59704571095
noVIPV,568,public,2551.5957762557077,931332.4583333333,3103.845890410959,1132903.75,564.3356164383562,205982.5
noVIPV,568,work,213.01678082191782,77751.125,89.97260273972603,32840.0,22.493150684931507,8210.0
noVIPV,569,home,29733.597831050225,10852763.208333332,7352.990216226845,2683841.4289227985,3067.9058651849855,1119785.6407925198
noVIPV,569,public,2393.6115296803655,873668.2083333334,2973.1374304406754,1085195.1621108465,540.5704418983047,197308.21129288123
noVIPV,569,work,1020.4785388127852,372474.6666666666,533.6712328767123,194790.0,133.41780821917808,48697.5
noVIPV,57,home,18423.824315068494,6724695.875,4423.896051472756,1614722.058787556,1879.5648344928377,686041.1645898857
noVIPV,57,public,2555.86598173516,932891.0833333334,3432.8933529004057,1253006.0738086482,624.1624278000738,227819.28614702696
noVIPV,57,work,109.8013698630137,40077.5,70.57534246575342,25760.0,17.643835616438356,6440.0
noVIPV,570,home,11525.381849315068,4206764.375,2501.737631298907,913134.2354241011,1167.6553886495387,426194.2168570816
noVIPV,570,public,851.9041095890411,310945.0,917.5129794260909,334892.23749052314,166.8205417138347,60889.49772554966
noVIPV,570,work,0.0,0.0,0.0,0.0,0.0,0.0
noVIPV,571,home,7416.053538812785,2706859.5416666665,1987.9111891334535,725587.5840337105,751.1027397260274,274152.5
noVIPV,571,public,926.9102739726028,338322.25,1067.9462896078128,389800.3957068517,194.17205265596596,70872.79921942757
noVIPV,571,work,247.8958904109589,90482.0,115.94520547945206,42320.0,28.986301369863014,10580.0
noVIPV,572,home,2265.7852739726027,827011.625,600.4852172590885,219177.1042995673,229.93726387211186,83927.10131332083
noVIPV,572,public,55.78767123287671,20362.5,27.123287671232877,9900.0,4.931506849315069,1800.0
noVIPV,572,work,0.0,0.0,0.0,0.0,0.0,0.0
noVIPV,573,home,0.0,0.0,0.0,0.0,0.0,0.0
noVIPV,573,public,60.60616438356164,22121.25,84.76027397260275,30937.5,15.41095890410959,5625.0
noVIPV,573,work,0.0,0.0,0.0,0.0,0.0,0.0
noVIPV,574,home,17358.006621004566,6335672.416666666,3919.6677201112325,1430678.7178405998,1767.9619964586118,645306.1287073933
noVIPV,574,public,2224.3591324200916,811891.0833333334,2553.2954043305344,931952.8225806451,464.23552806009724,169445.96774193548
noVIPV,574,work,0.0,0.0,0.0,0.0,0.0,0.0
noVIPV,575,home,10150.971118721462,3705104.4583333335,2274.935926482696,830351.6131661839,1041.9187642491252,380300.3489509307
noVIPV,575,public,403.9945205479452,147458.0,571.1712328767123,208477.5,103.84931506849315,37905.0
noVIPV,575,work,0.0,0.0,0.0,0.0,0.0,0.0
noVIPV,576,home,607.971803652968,221909.7083333333,158.27896251539292,57771.82131811841,61.602739726027394,22485.0
noVIPV,576,public,0.0,0.0,0.0,0.0,0.0,0.0
noVIPV,576,work,36.8,13432.0,12.602739726027398,4600.0,3.1506849315068495,1150.0
noVIPV,577,home,21466.31997716895,7835206.791666667,5194.5916779555255,1896025.9624537667,2189.894415913847,799311.4618085541
noVIPV,577,public,4603.496461187215,1680276.2083333335,5120.596555931592,1869017.742915031,931.0175556239258,339821.4078027329
noVIPV,577,work,879.1804794520548,320900.875,491.45205479452056,179380.0,122.86301369863014,44845.0
noVIPV,578,home,10600.281735159817,3869102.8333333335,2725.6761160461483,994871.7823568442,1097.0043648590433,400406.59317355085
noVIPV,578,public,2471.326712328767,902034.25,2732.6335616438355,997411.25,496.8424657534247,181347.5
noVIPV,578,work,627.8207762557078,229154.5833333333,323.1506849315069,117950.0,80.78767123287672,29487.5
noVIPV,579,home,3542.703310502283,1293086.7083333333,855.2351423569651,312160.82696029224,364.6506849315069,133097.5
noVIPV,579,public,2804.791095890411,1023748.75,3196.4417808219177,1166701.25,581.1712328767123,212127.5
noVIPV,579,work,134.85867579908674,49223.416666666664,54.84931506849315,20020.0,13.712328767123287,5005.0
noVIPV,58,home,5667.278196347032,2068556.5416666665,1511.621195888721,551741.7364993832,593.8553562629348,216757.20503597122
noVIPV,58,public,446.9973744292237,163154.04166666666,512.1027397260274,186917.5,93.10958904109589,33985.0
noVIPV,58,work,0.0,0.0,0.0,0.0,0.0,0.0
noVIPV,580,home,12941.467123287672,4723635.5,3086.250973805012,1126481.6054388294,1336.003332602521,487641.2163999202
noVIPV,580,public,895.1385844748858,326725.5833333333,876.9239526271715,320077.2427089176,159.4407186594857,58195.862310712284
noVIPV,580,work,101.33310502283103,36986.58333333333,47.75342465753425,17430.0,11.938356164383562,4357.5
noVIPV,581,home,468.25742009132415,170913.9583333333,105.41240458034443,38475.527671825716,47.49315068493151,17335.0
noVIPV,581,public,0.0,0.0,0.0,0.0,0.0,0.0
noVIPV,581,work,0.0,0.0,0.0,0.0,0.0,0.0
noVIPV,582,home,0.0,0.0,0.0,0.0,0.0,0.0
noVIPV,582,public,170.9703196347032,62404.16666666667,210.35616438356163,76780.0,38.24657534246575,13960.0
noVIPV,582,work,0.0,0.0,0.0,0.0,0.0,0.0
noVIPV,583,home,5392.293378995434,1968187.0833333335,1254.418643302464,457862.8048053994,536.6004354234157,195859.1589295467
noVIPV,583,public,80.27945205479452,29302.0,124.76712328767124,45540.0,22.684931506849313,8280.0
noVIPV,583,work,0.0,0.0,0.0,0.0,0.0,0.0
noVIPV,584,home,10349.189041095891,3777454.0,2410.221625554053,879730.8933272293,1050.4200928375817,383403.3338857173
noVIPV,584,public,2204.0295662100457,804470.7916666666,2637.9657534246576,962857.5,479.63013698630135,175065.0
noVIPV,584,work,29.938356164383563,10927.5,7.397260273972603,2700.0,1.8493150684931507,675.0
noVIPV,585,home,12410.615525114154,4529874.666666666,2842.437700365675,1037489.7606334714,1269.5875562856402,463399.45804425864
noVIPV,585,public,0.0,0.0,0.0,0.0,0.0,0.0
noVIPV,585,work,83.23595890410958,30381.124999999996,34.958904109589035,12759.999999999998,8.739726027397259,3189.9999999999995
noVIPV,586,home,18570.70627853881,6778307.791666666,4558.498074330647,1663851.7971306862,1909.859290014493,697098.6408552899
noVIPV,586,public,4326.57591324201,1579200.2083333335,4870.230681898319,1777634.1988928863,885.496487617876,323206.21798052476
noVIPV,586,work,366.4754566210045,133763.54166666666,209.67123287671234,76530.0,52.417808219178085,19132.5
noVIPV,59,home,3767.2259132420095,1375037.4583333335,830.1629851776185,303009.48958983074,378.23972602739724,138057.5
noVIPV,59,public,926.4317351598173,338147.5833333333,1223.2602739726028,446490.0,222.41095890410958,81180.0
noVIPV,59,work,0.0,0.0,0.0,0.0,0.0,0.0
noVIPV,6,home,5107.92397260274,1864392.25,1289.5445408306591,470683.7574031906,522.4603453479542,190698.0260520033
noVIPV,6,public,0.0,0.0,0.0,0.0,0.0,0.0
noVIPV,6,work,456.9018264840182,166769.16666666666,277.26027397260276,101200.0,69.31506849315069,25300.0
noVIPV,60,home,9406.73093607306,3433456.7916666665,2331.320180974045,850931.8660555263,971.7534246575342,354690.0
noVIPV,60,public,0.0,0.0,0.0,0.0,0.0,0.0
noVIPV,60,work,480.76735159817355,175480.08333333334,213.8082191780822,78040.0,53.45205479452055,19510.0
noVIPV,61,home,805.8318493150684,294128.625,225.85362978781237,82436.57487255151,83.07534246575342,30322.5
noVIPV,61,public,308.9262557077626,112758.08333333334,443.23972602739724,161782.5,80.58904109589041,29415.0
noVIPV,61,work,0.0,0.0,0.0,0.0,0.0,0.0
noVIPV,62,home,2364.615068493151,863084.5,655.9607317357609,239425.66708355272,242.9931506849315,88692.5
noVIPV,62,public,0.0,0.0,0.0,0.0,0.0,0.0
noVIPV,62,work,0.0,0.0,0.0,0.0,0.0,0.0
noVIPV,63,home,797.8668949771688,291221.4166666666,129.88659419474615,47408.60688108235,82.06829709737308,29954.928440541174
noVIPV,63,public,0.0,0.0,0.0,0.0,0.0,0.0
noVIPV,63,work,0.0,0.0,0.0,0.0,0.0,0.0
noVIPV,64,home,0.0,0.0,0.0,0.0,0.0,0.0
noVIPV,64,public,313.750799086758,114519.04166666666,379.5,138517.5,69.0,25185.0
noVIPV,64,work,0.0,0.0,0.0,0.0,0.0,0.0
noVIPV,65,home,1466.2221461187216,535171.0833333334,394.4115591380283,143960.21908538032,143.34931506849315,52322.5
noVIPV,65,public,0.0,0.0,0.0,0.0,0.0,0.0
noVIPV,65,work,0.0,0.0,0.0,0.0,0.0,0.0
noVIPV,66,home,0.0,0.0,0.0,0.0,0.0,0.0
noVIPV,66,public,0.0,0.0,0.0,0.0,0.0,0.0
noVIPV,66,work,0.0,0.0,0.0,0.0,0.0,0.0
noVIPV,67,home,3136.977625570776,1144996.8333333333,835.3665164877544,304908.77851803036,330.7808219178082,120735.0
noVIPV,67,public,230.55319634703199,84151.91666666667,217.13698630136986,79255.0,39.47945205479452,14410.0
noVIPV,67,work,285.9609589041096,104375.75,155.5068493150685,56760.0,38.87671232876713,14190.0
noVIPV,68,home,3332.706164383562,1216437.75,756.5022198033311,276123.3102282158,320.3013698630137,116910.0
noVIPV,68,public,2366.5407534246574,863787.375,2765.1438356164385,1009277.5,502.75342465753425,183505.0
noVIPV,68,work,0.0,0.0,0.0,0.0,0.0,0.0
noVIPV,69,home,3527.883447488585,1287677.4583333335,742.2331582160487,270915.10274885775,348.7219221754764,127283.50159404888
noVIPV,69,public,183.1401826484018,66846.16666666666,183.3082191780822,66907.5,33.32876712328767,12165.0
noVIPV,69,work,626.7955479452055,228780.375,336.90410958904107,122970.0,84.22602739726027,30742.5
noVIPV,7,home,7266.08413242009,2652120.708333333,1638.9979168188268,598234.2396388717,734.4000519226565,268056.0189517696
noVIPV,7,public,0.0,0.0,0.0,0.0,0.0,0.0
noVIPV,7,work,0.0,0.0,0.0,0.0,0.0,0.0
noVIPV,70,home,12812.835159817354,4676684.833333334,2960.229938065359,1080483.927393856,1286.8694205725499,469707.3385089807
noVIPV,70,public,1459.7452054794521,532807.0,1578.4623287671234,576138.75,286.9931506849315,104752.5
noVIPV,70,work,218.5002283105023,79752.58333333334,117.15068493150685,42760.0,29.28767123287671,10690.0
noVIPV,71,home,9411.469863013699,3435186.5,2064.7064189435537,753617.8429143971,954.4423500738113,348371.4577769411
noVIPV,71,public,993.0908675799086,362478.1666666666,1236.972602739726,451495.0,224.9041095890411,82090.0
noVIPV,71,work,132.2529680365297,48272.333333333336,67.26027397260275,24550.0,16.815068493150687,6137.5
noVIPV,72,home,3771.9881278538815,1376775.6666666667,888.1681469908477,324181.3736516594,396.8904109589041,144865.0
noVIPV,72,public,1142.3897260273973,416972.25,1081.9931506849316,394927.5,196.72602739726028,71805.0
noVIPV,72,work,2361.5131278538815,861952.2916666667,1086.13698630137,396440.0,271.5342465753425,99110.0
noVIPV,73,home,0.0,0.0,0.0,0.0,0.0,0.0
noVIPV,73,public,0.0,0.0,0.0,0.0,0.0,0.0
noVIPV,73,work,0.0,0.0,0.0,0.0,0.0,0.0
noVIPV,74,home,0.0,0.0,0.0,0.0,0.0,0.0
noVIPV,74,public,767.9369863013699,280297.0,735.1541095890411,268331.25,133.66438356164383,48787.5
noVIPV,74,work,2621.9858447488587,957024.8333333334,1311.890410958904,478840.0,327.972602739726,119710.0
noVIPV,75,home,0.0,0.0,0.0,0.0,0.0,0.0
noVIPV,75,public,553.3215753424657,201962.375,604.6232876712329,220687.5,109.93150684931507,40125.0
noVIPV,75,work,7232.947716894978,2640025.916666667,3813.917808219178,1392080.0,953.4794520547945,348020.0
noVIPV,76,home,6394.52602739726,2334002.0,1445.0677498334228,527449.7286891993,653.6191296985093,238570.98233995587
noVIPV,76,public,1845.761301369863,673702.875,2044.945205479452,746405.0,371.8082191780822,135710.0
noVIPV,76,work,4702.948858447489,1716576.3333333335,2696.5753424657532,984250.0,674.1438356164383,246062.5
noVIPV,77,home,2351.1970319634706,858186.9166666667,567.4481925037571,207118.59026387136,233.57490488439973,85254.8402828059
noVIPV,77,public,675.5592465753425,246579.12500000003,668.777397260274,244103.75,121.5958904109589,44382.5
noVIPV,77,work,0.0,0.0,0.0,0.0,0.0,0.0
noVIPV,78,home,875.3076484018263,319487.2916666666,162.77268754431438,59412.03095367475,84.17459070177458,30723.72560614772
noVIPV,78,public,182.30468036529683,66541.20833333334,99.52739726027397,36327.5,18.095890410958905,6605.0
noVIPV,78,work,0.0,0.0,0.0,0.0,0.0,0.0
noVIPV,79,home,0.0,0.0,0.0,0.0,0.0,0.0
noVIPV,79,public,36.8,13432.0,51.986301369863014,18975.0,9.452054794520548,3450.0
noVIPV,79,work,0.0,0.0,0.0,0.0,0.0,0.0
noVIPV,8,home,437.5769406392694,159715.58333333334,119.2987880359226,43544.05763311175,45.636986301369866,16657.5
noVIPV,8,public,0.0,0.0,0.0,0.0,0.0,0.0
noVIPV,8,work,0.0,0.0,0.0,0.0,0.0,0.0
noVIPV,80,home,386.6310502283105,141120.33333333334,126.83872387738136,46296.134215244194,41.58904109589041,15180.0
noVIPV,80,public,884.12899543379,322707.0833333334,1133.5650684931506,413751.25,206.1027397260274,75227.5
noVIPV,80,work,227.34840182648404,82982.16666666667,87.56164383561644,31960.0,21.89041095890411,7990.0
noVIPV,81,home,2926.628424657534,1068219.375,760.6086698243367,277622.1644858829,288.3972602739726,105265.0
noVIPV,81,public,0.0,0.0,0.0,0.0,0.0,0.0
noVIPV,81,work,0.0,0.0,0.0,0.0,0.0,0.0
noVIPV,82,home,327.1229452054794,119399.875,79.05234953945693,28854.10758190178,36.34931506849315,13267.5
noVIPV,82,public,430.5302511415526,157143.5416666667,545.4794520547945,199100.0,99.17808219178082,36200.0
noVIPV,82,work,0.0,0.0,0.0,0.0,0.0,0.0
noVIPV,83,home,0.0,0.0,0.0,0.0,0.0,0.0
noVIPV,83,public,94.08595890410959,34341.375,141.7568493150685,51741.25,25.773972602739725,9407.5
noVIPV,83,work,0.0,0.0,0.0,0.0,0.0,0.0
noVIPV,84,home,11672.692123287672,4260532.625,2743.6094919182506,1001417.4645501615,1165.602048726818,425444.7477852886
noVIPV,84,public,907.6953196347032,331308.7916666667,847.3013698630137,309265.0,154.05479452054794,56230.0
noVIPV,84,work,680.7501141552511,248473.79166666666,367.3972602739726,134100.0,91.84931506849315,33525.0
noVIPV,85,home,16570.035616438356,6048063.0,3979.4403779060235,1452495.7379356986,1681.1758774067587,613629.195253467
noVIPV,85,public,2706.7776255707763,987973.8333333334,3069.753424657534,1120460.0,558.1369863013699,203720.0
noVIPV,85,work,725.1809360730595,264691.0416666667,403.3424657534247,147220.0,100.83561643835617,36805.0
noVIPV,86,home,22039.494748858448,8044415.583333334,5302.298361671434,1935338.9020100734,2255.4879165921934,823253.0895561506
noVIPV,86,public,4460.548515981735,1628100.2083333333,5219.979592697815,1905292.5513347024,949.0871986723299,346416.8275154004
noVIPV,86,work,102.98630136986301,37590.0,61.64383561643836,22500.0,15.41095890410959,5625.0
noVIPV,87,home,6294.494520547945,2297490.5,1545.7985674683925,564216.4771259633,654.0410958904109,238725.0
noVIPV,87,public,897.9009132420092,327733.8333333334,1027.7842465753424,375141.25,186.86986301369862,68207.5
noVIPV,87,work,365.934703196347,133566.16666666666,166.68493150684932,60840.0,41.67123287671233,15210.0
noVIPV,88,home,6440.044406392693,2350616.208333333,1596.3933732986961,582683.5812540241,652.7397260273973,238250.0
noVIPV,88,public,2835.659589041096,1035015.75,2845.082191780822,1038455.0,517.2876712328767,188810.0
noVIPV,88,work,982.9361872146118,358771.7083333333,526.4109589041096,192140.0,131.6027397260274,48035.0
noVIPV,89,home,0.0,0.0,0.0,0.0,0.0,0.0
noVIPV,89,public,1659.5237442922373,605726.1666666666,1800.0821917808219,657030.0,327.28767123287673,119460.0
noVIPV,89,work,4529.294748858448,1653192.5833333335,2344.082191780822,855590.0,586.0205479452055,213897.5
noVIPV,9,home,1933.9752283105024,705900.9583333334,424.699362969206,155015.2674837602,196.91780821917808,71875.0
noVIPV,9,public,0.0,0.0,0.0,0.0,0.0,0.0
noVIPV,9,work,0.0,0.0,0.0,0.0,0.0,0.0
noVIPV,90,home,0.0,0.0,0.0,0.0,0.0,0.0
noVIPV,90,public,1716.4689497716897,626511.1666666667,1833.722602739726,669308.75,333.40410958904107,121692.5
noVIPV,90,work,408.7737442922375,149202.4166666667,204.986301369863,74820.0,51.24657534246575,18705.0
noVIPV,91,home,0.0,0.0,0.0,0.0,0.0,0.0
noVIPV,91,public,1532.8545662100455,559491.9166666666,1529.4897260273972,558263.75,278.0890410958904,101502.5
noVIPV,91,work,1760.8216894977172,642699.9166666667,847.7808219178082,309440.0,211.94520547945206,77360.0
noVIPV,92,home,0.0,0.0,0.0,0.0,0.0,0.0
noVIPV,92,public,530.4963470319635,193631.1666666667,490.85616438356163,179162.5,89.24657534246575,32575.0
noVIPV,92,work,2329.031278538813,850096.4166666666,1196.0821917808219,436570.0,299.02054794520546,109142.5
noVIPV,93,home,15472.026598173517,5647289.708333334,3736.3362740984685,1363762.740045941,1563.1204365989263,570538.9593586081
noVIPV,93,public,708.1711187214612,258482.45833333334,711.6472602739726,259751.25,129.3904109589041,47227.5
noVIPV,93,work,2092.5600456621005,763784.4166666667,1133.8082191780823,413840.0,283.45205479452056,103460.0
noVIPV,94,home,932.9988584474885,340544.5833333333,192.40910659625956,70229.32390763474,89.84246575342466,32792.5
noVIPV,94,public,1711.6558219178082,624754.375,1816.4691780821918,663011.25,330.2671232876712,120547.5
noVIPV,94,work,5442.7986301369865,1986621.5,2698.5753424657532,984980.0,674.6438356164383,246245.0
noVIPV,95,home,7617.691438356164,2780457.375,1569.0212143635422,572692.7432426929,763.3645154300935,278628.04813198413
noVIPV,95,public,1912.1563926940637,697937.0833333333,2041.2157534246576,745043.75,371.13013698630135,135462.5
noVIPV,95,work,225.87808219178083,82445.5,108.21917808219176,39499.99999999999,27.05479452054794,9874.999999999998
noVIPV,96,home,4892.290525114156,1785686.0416666667,1085.6497603034993,396262.16251077724,501.03135534241375,182876.44469998102
noVIPV,96,public,1524.0940639269404,556294.3333333333,1734.9486301369864,633256.25,315.44520547945206,115137.5
noVIPV,96,work,0.0,0.0,0.0,0.0,0.0,0.0
noVIPV,97,home,6216.539155251143,2269036.791666667,1503.9438593025993,548939.5086454487,622.2259680383925,227112.47833401326
noVIPV,97,public,173.92054794520547,63481.0,206.25,75281.25,37.5,13687.5
noVIPV,97,work,233.81837899543382,85343.70833333334,109.75342465753425,40060.0,27.438356164383563,10015.0
noVIPV,98,home,1411.9776255707761,515371.8333333333,354.66003634541374,129450.91326607601,143.33561643835617,52317.5
noVIPV,98,public,851.6939497716895,310868.2916666667,868.0205479452055,316827.5,157.82191780821918,57605.0
noVIPV,98,work,0.0,0.0,0.0,0.0,0.0,0.0
noVIPV,99,home,11094.900799086758,4049638.7916666665,2688.051686939576,981138.8657329453,1136.2440016250648,414729.0605931487
noVIPV,99,public,568.4287671232877,207476.5,787.931506849315,287595.0,143.26027397260273,52290.0
noVIPV,99,work,557.1696347031964,203366.9166666667,252.9041095890411,92310.0,63.226027397260275,23077.5
