HexID,chargerAccessType,noVIPV_cost,noVIPV_time_min,VIPV_cost,VIPV_time_min,Cost_saving_SEK_day,Time_saving_min_day,Cost_reduction_pct,Time_reduction_pct
0,home,1917.9446234426603,8610.619634703196,1647.5969562564935,7313.26894977169,270.34766718616675,1297.3506849315063,14.095697231388243,15.06686789070117
0,public,0.0,0.0,0.0,0.0,0.0,0.0,,
0,work,0.0,0.0,0.0,0.0,0.0,0.0,,
1,home,2787.368361690931,12137.441894977168,2727.806727674806,11901.952511415524,59.561634016125026,235.489383561644,2.1368411450287295,1.9401895852461009
1,public,0.0,0.0,0.0,0.0,0.0,0.0,,
1,work,487.64383561643837,941.6051369863013,588.027397260274,1076.7085616438355,-100.38356164383566,-135.10342465753422,-20.585426147536385,-14.348203864939165
10,home,2790.4639800120763,12235.780365296803,2339.234878265863,10077.058904109588,451.2291017462135,2158.721461187215,16.17039692962676,17.642695412462572
10,public,0.0,0.0,0.0,0.0,0.0,0.0,,
10,work,60.273972602739725,164.7365296803653,47.06849315068493,103.68424657534247,13.205479452054796,61.05228310502282,21.909090909090914,37.060561627394506
100,home,3223.065280554344,12860.400342465753,2888.4655409897714,12153.210273972603,334.5997395645727,707.1900684931497,10.3814136680168,5.4989739795111126
100,public,807.1438356164383,745.7175799086757,836.5650684931506,727.2044520547945,-29.421232876712338,18.5131278538812,-3.645104079156167,2.48259238519607
100,work,0.0,0.0,0.0,0.0,0.0,0.0,,
101,home,2282.474757090877,9842.363356164384,2167.171660649707,9380.98310502283,115.30309644117006,461.38025114155425,5.051670169975038,4.687697806366665
101,public,0.0,0.0,0.0,0.0,0.0,0.0,,
101,work,80.1917808219178,174.07762557077626,4.986301369863014,26.292351598173518,75.20547945205479,147.78527397260274,93.78202938161941,84.89619127560789
102,home,851.0225098406523,3318.7681506849317,1129.6358570747523,4572.29908675799,-278.61334723409993,-1253.5309360730585,-32.73865779252633,-37.77097040702747
102,public,0.0,0.0,0.0,0.0,0.0,0.0,,
102,work,0.0,0.0,0.0,0.0,0.0,0.0,,
103,home,186.18362172554674,579.5852739726026,110.91789123863003,389.75353881278545,75.26573048691671,189.83173515981719,40.42553785846207,32.75302939611793
103,public,99.71575342465754,112.52602739726028,251.2294520547945,234.83504566210047,-151.51369863013696,-122.30901826484019,-151.94559879108422,-108.69398048954682
103,work,0.0,0.0,0.0,0.0,0.0,0.0,,
104,home,389.61172309322217,1312.4723744292237,221.03058914215154,812.0803652968037,168.58113395107063,500.39200913241996,43.26900962133891,38.125907933874316
104,public,0.0,0.0,0.0,0.0,0.0,0.0,,
104,work,0.0,0.0,0.0,0.0,0.0,0.0,,
105,home,640.073062586208,3239.8770547945205,561.4951260540295,2697.1961187214615,78.57793653217857,542.680936073059,12.276401105630864,16.75004720533992
105,public,309.13013698630135,298.80479452054794,426.513698630137,431.18413242009126,-117.38356164383566,-132.37933789954332,-37.97221545210823,-44.302949727414756
105,work,0.0,0.0,0.0,0.0,0.0,0.0,,
106,home,201.38177233680554,894.2043378995435,339.6510616503475,1344.1639269406394,-138.26928931354198,-449.9595890410959,-68.66028027714958,-50.319548896176926
106,public,82.95205479452055,140.44463470319636,105.17808219178082,119.5579908675799,-22.226027397260268,20.886643835616454,-26.793823796548583,14.871799040067637
106,work,0.0,0.0,0.0,0.0,0.0,0.0,,
107,home,1361.1791193673196,5754.412671232877,1155.1806382507687,5016.143721461188,205.99848111655092,738.2689497716892,15.133826120716549,12.829614279531953
107,public,2024.3999820512865,1551.8722602739726,1775.1061643835617,1431.2563926940638,249.29381766772485,120.61586757990881,12.314454647204656,7.772280661722434
107,work,486.0821917808219,986.7255707762558,364.8493150684931,754.6577625570777,121.23287671232879,232.06780821917812,24.940818397024017,23.518981882329314
108,home,2178.595588013356,8930.186757990869,1986.3089920661182,8245.53584474886,192.28659594723786,684.6509132420088,8.826172099365284,7.666703192174259
108,public,2599.804794520548,1968.013127853881,2350.1575342465753,1876.0515981735161,249.64726027397273,91.96152968036495,9.602538652138007,4.672810784582978
108,work,153.45205479452054,238.11621004566211,59.58904109589041,135.7840182648402,93.86301369863013,102.33219178082192,61.16764863417247,42.97573515099971
109,home,1429.1023801116594,6351.779680365297,1277.230545594276,5620.711872146119,151.87183451738338,731.067808219178,10.62707869155723,11.50965312098378
109,public,1081.0890410958905,950.7297945205479,1413.0102739726028,1248.271803652968,-331.92123287671234,-297.54200913242005,-30.702487978256322,-31.296169621198228
109,work,0.0,0.0,0.0,0.0,0.0,0.0,,
11,home,2204.8650176185306,9448.192808219179,2120.9943471082497,9124.717579908676,83.87067051028089,323.47522831050264,3.8038913874586933,3.4236730227298584
11,public,0.0,0.0,0.0,0.0,0.0,0.0,,
11,work,168.986301369863,418.8835616438356,144.68493150684932,360.53162100456626,24.30136986301369,58.351940639269344,14.380674448767827,13.930348665456652
110,home,4094.5229875020186,16810.15296803653,3897.1479197280078,15799.89885844749,197.37506777401086,1010.254109589041,4.820465494429308,6.009785345261146
110,public,5681.010273972603,5040.453538812785,5215.5445205479455,4312.103082191781,465.4657534246571,728.350456621004,8.193362289048766,14.450097615472867
110,work,383.26027397260276,843.8469178082191,533.013698630137,1063.530707762557,-149.75342465753425,-219.68378995433795,-39.07355779541068,-26.033606963326662
111,home,1245.0539742091325,5412.976141552512,943.2754614616598,4110.692808219178,301.77851274747275,1302.2833333333338,24.238187178926495,24.058545600014817
111,public,5961.510273972603,5391.76301369863,4706.606164383562,4393.998630136986,1254.9041095890407,997.7643835616436,21.05010394879021,18.505345673143733
111,work,1124.2191780821918,2175.2504566210046,735.068493150685,1406.4793378995432,389.1506849315068,768.7711187214613,34.615197153579956,35.34172887455253
112,home,2554.701538812204,10459.386415525116,2471.4213743970977,10228.499429223744,83.28016441510636,230.8869863013715,3.2598784300191506,2.2074620549314488
112,public,2883.2431506849316,2471.988584474886,2186.7020547945203,1732.1664383561645,696.5410958904113,739.8221461187215,24.158250258045136,29.92821855105285
112,work,250.05479452054792,521.697488584475,363.3150684931507,663.3740867579909,-113.26027397260279,-141.6765981735159,-45.29418209707464,-27.156848801003033
113,home,0.0,0.0,0.0,0.0,0.0,0.0,,
113,public,2380.5205479452056,2148.4937214611873,2170.013698630137,2092.5425799086756,210.50684931506885,55.95114155251167,8.842891505253844,2.6042031677178645
113,work,1767.2054794520548,3470.12203196347,2099.5342465753424,3994.1151826484015,-332.32876712328766,-523.9931506849316,-18.8053268840209,-15.10013612946185
114,home,354.8872952207024,1433.304908675799,459.2601985688338,1830.7657534246575,-104.37290334813139,-397.46084474885856,-29.41015492910854,-27.73037630325738
114,public,1151.0068493150684,1246.2342465753425,1135.109589041096,1199.3671232876711,15.897260273972506,46.86712328767135,1.38116122275315,3.7606993561974744
114,work,2115.753424657534,4224.951484018265,2048.931506849315,3843.5348173515986,66.82191780821904,381.41666666666606,3.158303658141787,9.027717078159403
115,home,2320.242076660749,9412.629794520548,1945.7053636173332,8411.409931506849,374.5367130434156,1001.2198630136991,16.142139512547853,10.636983339093476
115,public,2767.8561643835615,2485.1697488584477,2457.746575342466,2319.206392694064,310.10958904109566,165.96335616438364,11.203963306747958,6.678149701468812
115,work,452.43835616438355,929.6633561643836,666.9041095890411,1253.2687214611874,-214.46575342465758,-323.6053652968038,-47.402204190383934,-34.808876046479746
116,home,93.82715078401742,293.4294520547945,78.89305411609271,300.2109589041096,14.934096667924706,-6.781506849315065,15.916604674804416,-2.31112003305268
116,public,117.83561643835617,109.09771689497717,71.27397260273973,83.2986301369863,46.56164383561644,25.799086757990864,39.51406649616368,23.647687130635678
116,work,160.6849315068493,342.0252283105023,301.3150684931507,672.2692922374429,-140.6301369863014,-330.24406392694056,-87.51918158567779,-96.5554691851952
117,home,1698.9424488811576,7528.617009132419,1349.2349991533504,6094.253196347033,349.7074497278072,1434.3638127853865,20.583831427492314,19.052155409758043
117,public,2903.0205479452056,2659.5866438356165,2486.3390410958905,2255.869178082192,416.68150684931516,403.7174657534247,14.353377799693757,15.179707218381475
117,work,308.32876712328766,638.0848173515981,348.73972602739724,605.2025114155251,-40.41095890410958,32.88230593607295,-13.10645103963035,5.153281357257889
118,home,2198.134824677298,9139.37203196347,2044.4060194520644,8496.851141552512,153.72880522523383,642.5208904109586,6.993602189429045,7.030252058498616
118,public,7410.168217597037,6228.256392694063,7726.2065713488055,6875.021575342465,-316.0383537517682,-646.7651826484025,-4.264928196923616,-10.384369908198996
118,work,403.7808219178082,867.6151826484019,460.958904109589,960.8692922374428,-57.17808219178079,-93.25410958904092,-14.160673089971493,-10.748326153581367
119,home,1779.328279386741,7943.143493150685,1947.1536240716134,8134.360616438356,-167.82534468487233,-191.2171232876717,-9.43194949628489,-2.407323038448907
119,public,1557.0650684931506,1376.7487442922375,1351.8321917808219,1307.8486301369862,205.2328767123288,68.90011415525123,13.180751457673049,5.00455253298027
119,work,589.8904109589041,1251.047602739726,575.2602739726027,1230.8296803652968,14.630136986301409,20.217922374429236,2.4801449073429076,1.6160793826032749
12,home,744.8416210976733,3794.4128995433794,814.5704313179791,4140.194520547945,-69.72881022030583,-345.78162100456575,-9.361562007980497,-9.112914966269939
12,public,0.0,0.0,0.0,0.0,0.0,0.0,,
12,work,802.2465753424658,1330.2834474885847,620.2191780821918,1055.7551369863013,182.02739726027403,274.5283105022834,22.689706987227652,20.636828265476794
120,home,1998.8815269961751,9749.419406392695,1738.7499870455867,8425.797716894976,260.1315399505884,1323.6216894977188,13.01385482017545,13.576415521008563
120,public,1301.3150684931506,1070.4833333333331,1211.695205479452,1030.4462328767124,89.6198630136987,40.03710045662069,6.886868920796671,3.740095638103103
120,work,105.04109589041096,271.5931506849315,255.013698630137,519.316894977169,-149.97260273972603,-247.72374429223748,-142.7751695357329,-91.21133712963758
121,home,429.0875921669534,1879.2213470319634,431.7086857835513,1796.8625570776258,-2.621093616597875,82.35878995433768,-0.6108528105790659,4.382601873079768
121,public,0.0,0.0,0.0,0.0,0.0,0.0,,
121,work,0.0,0.0,0.0,0.0,0.0,0.0,,
122,home,343.43764691223726,1812.1599315068493,329.42218682088185,1728.1891552511415,14.015460091355408,83.97077625570773,4.0809329487797665,4.633739814889531
122,public,0.0,0.0,0.0,0.0,0.0,0.0,,
122,work,0.0,0.0,0.0,0.0,0.0,0.0,,
123,home,1825.1467538801905,8098.397602739726,1744.9769780291672,7583.045662100456,80.16977585102336,515.3519406392697,4.392511214815222,6.363628533932735
123,public,2358.1438356164385,1887.8818493150684,1961.164383561644,1592.589611872146,396.9794520547946,295.29223744292244,16.834403655068854,15.64145751759072
123,work,291.86301369863014,547.6832191780821,165.31506849315068,290.5416666666667,126.54794520547946,257.14155251141545,43.35867830658031,46.95078167582208
124,home,3343.6884916323474,13603.047488584474,2891.2671356874152,11453.555022831051,452.4213559449322,2149.492465753423,13.530607204502646,15.801550847758586
124,public,1391.8013698630136,1234.2216894977169,1635.1575342465753,1378.7688356164383,-243.3561643835617,-144.54714611872146,-17.484978076111087,-11.711603138132087
124,work,0.0,0.0,0.0,0.0,0.0,0.0,,
125,home,2609.863551634776,10307.770776255707,2628.9852881662887,10489.76803652968,-19.121736531512852,-181.99726027397264,-0.732671886985636,-1.7656316212736258
125,public,3817.640410958904,3198.6227168949767,4089.3253424657532,3594.138470319634,-271.68493150684935,-395.5157534246573,-7.116566838693126,-12.365189283986556
125,work,188.84931506849315,384.7392694063926,183.3972602739726,347.4118721461187,5.4520547945205635,37.327397260273926,2.886986798201082,9.70199826959845
126,home,4212.251377554594,17538.596232876713,4245.6346455342555,17330.498972602738,-33.38326797966147,208.09726027397483,-0.7925279141113841,1.1865103541404827
126,public,3401.8253424657532,3331.0434931506848,3525.198630136986,3105.856506849315,-123.3732876712329,225.18698630136987,-3.626679069355393,6.760253559114462
126,work,0.0,0.0,0.0,0.0,0.0,0.0,,
127,home,3851.0890942623846,16220.265525114157,3620.379318089573,15388.451940639268,230.70977617281142,831.8135844748886,5.990767040849264,5.1282365457394965
127,public,2555.1204947466417,2279.2453196347033,2383.873287671233,2196.145776255708,171.24720707540882,83.09954337899535,6.702118644795622,3.6459236161693114
127,work,0.0,0.0,0.0,0.0,0.0,0.0,,
128,home,1133.3849524142968,4362.365182648402,1227.0097818425218,4681.2119863013695,-93.62482942822498,-318.84680365296754,-8.260638120242259,-7.3090351289525675
128,public,0.0,0.0,0.0,0.0,0.0,0.0,,
128,work,107.04109589041096,236.92705479452056,130.63013698630138,252.14200913242007,-23.589041095890423,-15.214954337899513,-22.037368825185577,-6.421788491438838
129,home,136.01912796525224,855.3176940639271,131.5745811596254,830.8704337899543,4.444546805626828,24.4472602739728,3.2675895457602424,2.858266635151078
129,public,502.55579258609873,439.98595890410957,468.1563487881981,475.1931506849315,34.39944379790063,-35.207191780821915,6.844900467843529,-8.001889848601955
129,work,0.0,0.0,0.0,0.0,0.0,0.0,,
13,home,219.9038313725803,820.2528538812784,434.47180129260755,1451.159132420091,-214.56796992002725,-630.9062785388127,-97.57354775528555,-76.91607234933542
13,public,0.0,0.0,0.0,0.0,0.0,0.0,,
13,work,173.91780821917808,314.4722602739726,371.5890410958904,686.9831050228311,-197.67123287671234,-372.51084474885846,-113.65784499054821,-118.45586775263477
130,home,189.4482849160336,663.4931506849315,61.96647164999183,201.63698630136986,127.48181326604177,461.85616438356163,67.29108860634113,69.60978631155156
130,public,0.0,0.0,0.0,0.0,0.0,0.0,,
130,work,0.0,0.0,0.0,0.0,0.0,0.0,,
131,home,0.0,0.0,0.0,0.0,0.0,0.0,,
131,public,672.9965753424658,612.9683789954337,870.431506849315,763.1131278538812,-197.43493150684924,-150.14474885844754,-29.33669185558353,-24.49469728022725
131,work,0.0,0.0,0.0,0.0,0.0,0.0,,
132,home,1804.3633179924266,6669.0350456621,1384.7900160629626,5127.988356164384,419.5733019294639,1541.0466894977162,23.253260457339056,23.107491247929428
132,public,0.0,0.0,0.0,0.0,0.0,0.0,,
132,work,67.5068493150685,197.81643835616438,152.986301369863,333.13413242009136,-85.47945205479452,-135.31769406392698,-126.62337662337663,-68.40568720597946
133,home,2667.099747346401,11365.086187214612,2387.1209357533944,10191.027739726027,279.9788115930064,1174.0584474885854,10.497500585479338,10.330396339707187
133,public,2972.0342465753424,2476.32203196347,2174.9707798151144,1812.1897260273972,797.063466760228,664.132305936073,26.81878473233206,26.819302875946388
133,work,65.36986301369863,151.63173515981737,83.17808219178082,173.58173515981733,-17.808219178082183,-21.94999999999996,-27.242246437552375,-14.475861518609557
134,home,5898.315597479066,25026.86038812785,5319.327692002394,22828.017922374427,578.9879054766725,2198.8424657534233,9.816156763875627,8.785930123286667
134,public,4624.324422183332,4134.30194063927,3018.821917808219,2733.967808219178,1605.502504375113,1400.3341324200915,34.7186390442972,33.87111421773814
134,work,695.2602739726027,1364.021917808219,779.3698630136986,1340.1094748858447,-84.10958904109589,23.91244292237434,-12.097568664538757,1.7530834812975797
135,home,2692.1197362542202,12193.021347031961,2286.5734884649055,9668.156392694063,405.54624778931475,2524.864954337898,15.06419801199431,20.707459476010047
135,public,2650.321268669957,2077.0784246575345,2318.0616438356165,1907.1251141552511,332.2596248343407,169.95331050228333,12.536579197475275,8.182325158488178
135,work,1442.1917808219177,2657.727853881279,1267.4794520547946,2570.709817351598,174.71232876712315,87.01803652968101,12.11436170212765,3.274151505113741
136,home,3242.2753846541978,13344.572260273973,2710.1903403421707,11378.379566210046,532.0850443120271,1966.1926940639278,16.4108529099781,14.734025607678491
136,public,1396.1712328767123,1238.966210045662,907.3869863013699,837.1803652968036,488.7842465753424,401.78584474885827,35.00890399870487,32.429120462780865
136,work,445.2328767123288,851.0288812785388,636.0,1121.0858447488586,-190.7671232876712,-270.0569634703197,-42.84659405575041,-31.732996307316977
137,home,1865.1042446691927,7829.732762557077,1739.6936574083686,7063.071917808219,125.41058726082406,766.6608447488579,6.724052428665601,9.791660430802208
137,public,1494.5684931506848,1184.0396118721462,911.6061643835617,704.9060502283105,582.9623287671232,479.1335616438357,39.00539396078035,40.46600779565583
137,work,380.4931506849315,842.1856164383562,173.36986301369862,380.2957762557077,207.12328767123287,461.88984018264847,54.435483870967744,54.844185315821825
138,home,0.0,0.0,0.0,0.0,0.0,0.0,,
138,public,3264.02397260274,3114.3186073059355,3071.900684931507,2805.309474885845,192.1232876712329,309.00913242009074,5.886086906341971,9.922206793331316
138,work,641.6986301369863,1352.0974885844746,508.6575342465753,1121.3020547945205,133.04109589041093,230.79543378995413,20.73264452224404,17.069437354815022
139,home,1778.979422386743,8266.133789954338,1744.7878707299265,8027.9196347031975,34.1915516568165,238.21415525114026,1.9219756691139172,2.881808609735267
139,public,0.0,0.0,0.0,0.0,0.0,0.0,,
139,work,366.16438356164383,759.8035388127854,174.73972602739727,483.6746575342466,191.42465753424656,276.1288812785388,52.278338945005615,36.34214203713739
14,home,195.0119307600268,1030.0285388127854,213.9162622911077,1182.1170091324202,-18.904331531080913,-152.08847031963478,-9.693935882489038,-14.765461789527938
14,public,0.0,0.0,0.0,0.0,0.0,0.0,,
14,work,0.0,0.0,0.0,0.0,0.0,0.0,,
140,home,233.22547299458466,1370.488698630137,224.88784564852065,1277.180707762557,8.33762734606401,93.30799086757997,3.574921400741507,6.80837360868757
140,public,599.7260273972603,545.3409817351597,382.13698630136986,334.98093607305935,217.58904109589042,210.3600456621004,36.28140703517588,38.57403949227861
140,work,0.0,0.0,0.0,0.0,0.0,0.0,,
141,home,4516.683985543735,19042.740753424656,4239.761914641702,17433.078538812788,276.92207090203283,1609.662214611868,6.13109245163841,8.45289150051778
141,public,2212.695205479452,1851.1061643835617,2304.123287671233,1787.1214611872144,-91.42808219178096,63.984703196347255,-4.131978139843716,3.4565658322279345
141,work,503.28767123287673,930.9083333333334,569.7534246575342,1099.9546803652968,-66.46575342465746,-169.04634703196336,-13.206314643440379,-18.159290338142497
142,home,2272.8607682218685,10114.357191780822,1967.7812902338158,9097.274315068493,305.07947798805276,1017.0828767123294,13.422708608179557,10.055833083874438
142,public,6133.201149608537,5609.8713470319635,5074.013698630137,4663.028767123287,1059.1874509784002,946.8425799086763,17.26973280577965,16.87815141089868
142,work,2034.7123287671234,4197.904337899544,2280.7397260273974,4504.798287671233,-246.02739726027403,-306.8939497716892,-12.091507668277972,-7.310646576697509
143,home,1498.6199917563843,6594.722374429224,1488.8884283110608,6287.997488584474,9.731563445323445,306.72488584475013,0.649368318776933,4.651065934694443
143,public,3065.3082191780823,2664.6157534246577,2027.0513698630136,1670.0199771689497,1038.2568493150686,994.595776255708,33.871205604030976,37.3260487924917
143,work,1498.849315068493,2799.6858447488585,1019.068493150685,1895.225799086758,479.7808219178081,904.4600456621006,32.00994370110404,32.305769140438464
144,home,2546.0216536144867,9940.291210045663,2474.329051489595,9758.347831050229,71.69260212489189,181.9433789954346,2.8158677292910186,1.8303626639384825
144,public,1715.6941471879684,1587.2753424657535,1770.9800397880606,1630.8383561643836,-55.28589260009221,-43.56301369863013,-3.222362953834521,-2.744515241505431
144,work,4.931506849315069,25.46917808219178,103.12328767123287,240.60639269406389,-98.1917808219178,-215.1372146118721,-1991.1111111111109,-844.6963381291738
145,home,0.0,0.0,0.0,0.0,0.0,0.0,,
145,public,13.863013698630137,28.58721461187214,24.26027397260274,31.370319634703193,-10.397260273972602,-2.7831050228310517,-74.99999999999999,-9.735488611315215
145,work,0.0,0.0,0.0,0.0,0.0,0.0,,
146,home,0.0,0.0,0.0,0.0,0.0,0.0,,
146,public,331.0924657534246,249.91666666666666,199.05479452054794,174.6093607305936,132.03767123287668,75.30730593607305,39.879394697917846,30.13296669666144
146,work,0.0,0.0,0.0,0.0,0.0,0.0,,
147,home,744.1085079572972,3306.0349315068493,834.118066836952,3636.2474885844754,-90.00955887965483,-330.2125570776261,-12.096294816833392,-9.988175077361308
147,public,0.0,0.0,0.0,0.0,0.0,0.0,,
147,work,0.0,0.0,0.0,0.0,0.0,0.0,,
148,home,1956.0345732988474,7439.373401826484,2095.908429254835,7967.052968036529,-139.87385595598766,-527.6795662100449,-7.150888735064164,-7.093064666985141
148,public,3181.3356164383563,2506.1007990867583,3464.6609589041095,2544.545319634703,-283.32534246575324,-38.44452054794465,-8.90586145648312,-1.5340372806215183
148,work,516.3287671232877,1078.217694063927,406.2739726027397,832.4539954337899,110.05479452054794,245.76369863013701,21.314867876472462,22.79351377585219
149,home,2364.6257600184467,9815.041438356164,2274.7943053368435,9889.321118721462,89.83145468160319,-74.27968036529819,3.798971329860773,-0.7567943633433977
149,public,3334.0924657534247,2784.11095890411,3138.475799438694,2539.0624429223744,195.61666631473054,245.04851598173536,5.867163803164826,8.801679228984181
149,work,67.61643835616438,128.46552511415527,272.958904109589,487.00479452054793,-205.34246575342462,-358.5392694063927,-303.68719611021066,-279.0937639400084
15,home,83.17349107298983,364.3502283105023,133.93535169519416,529.4340182648401,-50.761860622204324,-165.08378995433782,-61.031297312815305,-45.309094691619634
15,public,0.0,0.0,0.0,0.0,0.0,0.0,,
15,work,278.7671232876712,515.0436073059361,218.986301369863,405.68390410958904,59.7808219178082,109.35970319634708,21.44471744471744,21.233095925290726
150,home,2285.723585607883,9699.326598173517,2037.4016491139241,8686.836187214612,248.32193649395867,1012.4904109589042,10.864040519051565,10.438770163173665
150,public,557.5719178082192,485.1038812785388,346.19863013698637,264.7955479452055,211.3732876712328,220.30833333333328,37.90960070265521,45.414671338577854
150,work,252.05479452054794,458.61152968036527,292.54794520547944,570.8248858447488,-40.49315068493149,-112.21335616438353,-16.065217391304344,-24.468062598119143
151,home,0.0,0.0,0.0,0.0,0.0,0.0,,
151,public,925.695205479452,726.0876712328767,894.5787671232877,679.1116438356164,31.116438356164394,46.97602739726028,3.3614129328938276,6.469745907886893
151,work,0.0,0.0,0.0,0.0,0.0,0.0,,
152,home,3637.1841778352805,15844.743493150685,3317.2427567130057,14181.706506849316,319.94142112227473,1663.0369863013693,8.796404181893594,10.495827761555507
152,public,3423.5034651860256,3024.4460045662104,3133.3967405234525,2790.7771689497717,290.106724662573,233.66883561643863,8.47397198842354,7.726004539795156
152,work,0.0,0.0,0.0,0.0,0.0,0.0,,
153,home,3560.807518725128,14307.276826484016,2934.844138127443,11710.136415525116,625.963380597685,2597.1404109589002,17.579253506569714,18.152583768780982
153,public,1707.75,1440.483789954338,1879.1164383561643,1441.8119863013699,-171.36643835616428,-1.3281963470319624,-10.034632607592698,-0.09220487979764529
153,work,298.52054794520546,589.0657534246575,318.986301369863,592.2599315068494,-20.46575342465752,-3.194178082191911,-6.8557268722466915,-0.5422447432433283
154,home,721.511389896213,3350.5986301369862,546.49450544074,2406.2754566210047,175.01688445547302,944.3231735159816,24.256981512190485,28.183715143385403
154,public,626.8116438356165,723.1796803652969,728.486301369863,714.6216894977168,-101.67465753424653,8.557990867580088,-16.220926738385714,1.1833837564762915
154,work,1380.027397260274,2844.2751141552512,1125.835616438356,2126.5843607305933,254.19178082191797,717.6907534246579,18.419328581922148,25.232817664257905
155,home,1008.5742964919606,4737.246461187215,1021.9854601505758,4595.200570776256,-13.411163658615237,142.04589041095824,-1.3297149952425085,2.998490612104647
155,public,0.0,0.0,0.0,0.0,0.0,0.0,,
155,work,83.0958904109589,137.37739726027397,75.61643835616438,111.08264840182648,7.479452054794521,26.29474885844749,9.000989119683483,19.14052048069429
156,home,3303.208527403204,12882.584589041096,2698.319620485806,11115.175570776257,604.8889069173979,1767.4090182648397,18.312162308230885,13.719366684914545
156,public,12964.065068493152,11232.324771689497,12354.357366101114,10799.814269406392,609.7077023920374,432.51050228310487,4.703059566353329,3.8505875771436524
156,work,275.5068493150685,568.6525114155252,117.0958904109589,241.5381278538813,158.4109589041096,327.1143835616439,57.498011137629284,57.52447707429805
157,home,282.06620608783606,1504.7600456621003,349.649762600144,1635.421118721461,-67.58355651230795,-130.66107305936066,-23.960174970858535,-8.683183304609159
157,public,0.0,0.0,0.0,0.0,0.0,0.0,,
157,work,2426.027397260274,4715.144863013698,1420.7123287671234,2998.2494292237443,1005.3150684931506,1716.895433789954,41.43873517786561,36.412358128326844
158,home,1250.262490960032,4723.099543378995,1255.3880751808404,4604.258904109589,-5.125584220808378,118.84063926940598,-0.4099606488932276,2.516157836139637
158,public,0.0,0.0,0.0,0.0,0.0,0.0,,
158,work,150.68493150684932,304.2753424657534,206.9041095890411,415.94817351598175,-56.219178082191775,-111.67283105022835,-37.309090909090905,-36.70124241592047
159,home,3500.217165897767,15205.920433789955,3259.7707029253884,13878.26929223744,240.4464629723784,1327.6511415525147,6.869472709151364,8.731146183050283
159,public,6603.352739726028,5570.291438356165,6833.9006849315065,5742.568036529681,-230.54794520547875,-172.2765981735165,-3.491377097250815,-3.0927753077199247
159,work,37.75342465753425,102.96244292237442,77.20547945205479,159.9552511415525,-39.45205479452054,-56.99280821917809,-104.49927431059504,-55.35300698153227
16,home,166.46530215543675,990.3300228310502,128.1538517903637,799.883904109589,38.31145036507306,190.44611872146118,23.01467625325294,19.23057105519573
16,public,0.0,0.0,0.0,0.0,0.0,0.0,,
16,work,119.26027397260275,238.52568493150685,88.0,177.7146118721461,31.260273972602747,60.81107305936075,26.21180794854124,25.49455966422349
160,home,2890.2945900195214,13861.621347031964,2890.6398528491663,13586.301712328766,-0.34526282964498023,275.31963470319715,-0.011945593049137884,1.9862008044401553
160,public,7131.196413284363,6300.798515981735,7784.439300701055,7098.220776255708,-653.2428874166917,-797.4222602739728,-9.160354722523094,-12.655892078620537
160,work,1413.0684931506848,2886.6013698630136,1216.054794520548,2411.849315068493,197.0136986301368,474.7520547945205,13.942261085367495,16.446748059883667
161,home,1838.0098574986914,7709.72785388128,1638.747521564268,6598.549315068493,199.2623359344234,1111.1785388127864,10.841200612797326,14.41268174275944
161,public,4435.58877272719,4005.879794520548,4822.746575342466,4378.754223744292,-387.1578026152756,-372.8744292237443,-8.728442208073188,-9.308178186818822
161,work,360.8767123287671,652.361301369863,742.6301369863014,1323.4197488584475,-381.7534246575343,-671.0584474885845,-105.78499848162772,-102.86607223320271
162,home,1984.3570766309465,8278.953767123288,1765.90731405947,7429.931392694064,218.4497625714764,849.0223744292243,11.008591404444292,10.255189222106702
162,public,2596.791095890411,2238.8842465753423,1908.7135327361977,1755.4754566210045,688.0775631542131,483.40878995433786,26.497224372154548,21.59150437070487
162,work,226.95890410958904,430.40171232876713,83.83561643835617,169.42808219178082,143.12328767123287,260.97363013698634,63.06132303235152,60.63489588016294
163,home,11.657534246575343,45.13881278538812,15.691780821917808,44.89349315068493,-4.034246575342465,0.2453196347031863,-34.60634547591068,0.5434782608695431
163,public,0.0,0.0,0.0,0.0,0.0,0.0,,
163,work,0.0,0.0,0.0,0.0,0.0,0.0,,
164,home,2381.657317485629,9282.621118721461,1950.3322529915608,7624.557305936074,431.3250644940681,1658.0638127853872,18.11029073441296,17.862021853303435
164,public,3153.3082191780823,2868.7632420091322,2784.9573387099263,2616.984360730594,368.350880468156,251.7788812785384,11.681410596905353,8.776565371152957
164,work,271.3424657534247,455.5428082191781,277.3150684931507,469.9844748858447,-5.972602739726028,-14.441666666666606,-2.2011308562197094,-3.1702106599207247
165,home,3239.992448082773,12850.546232876712,3214.8222210683293,12495.104452054795,25.170227014443753,355.44178082191684,0.7768606692073599,2.7659663206577014
165,public,480.986301369863,539.7946347031964,629.6369863013699,598.8191780821918,-148.65068493150693,-59.02454337899542,-30.905388471177965,-10.934629502468063
165,work,338.24657534246575,726.5930365296803,570.3561643835617,1248.616210045662,-232.10958904109594,-522.0231735159817,-68.62141584318809,-71.84533119244364
166,home,281.3374752664071,1329.8198630136985,147.8819177499138,693.1531963470319,133.45555751649331,636.6666666666666,47.43611116511234,47.876158596685684
166,public,612.0068493150685,708.1910958904109,298.958904109589,306.3703196347032,313.0479452054795,401.8207762557077,51.15105256678567,56.73903252772433
166,work,368.35616438356163,679.8353881278538,258.3835616438356,447.73059360730593,109.97260273972603,232.10479452054784,29.85496467088137,34.141322822238386
167,home,0.0,0.0,0.0,0.0,0.0,0.0,,
167,public,0.0,0.0,0.0,0.0,0.0,0.0,,
167,work,5.041095890410959,29.18584474885845,0.0,0.0,5.041095890410959,29.18584474885845,100.0,100.0
168,home,291.55985654964763,1044.9174657534247,319.0304147717087,1105.2113013698631,-27.470558222061072,-60.2938356164384,-9.4219274721667,-5.770200766331748
168,public,0.0,0.0,0.0,0.0,0.0,0.0,,
168,work,0.0,0.0,0.0,0.0,0.0,0.0,,
169,home,501.1479897451877,2606.250913242009,521.1892617031632,2541.328538812785,-20.041271957975482,64.92237442922396,-3.999072602918274,2.491025484129795
169,public,252.28424657534248,206.7986301369863,109.24657534246575,109.88356164383562,143.03767123287673,96.91506849315068,56.69702852023294,46.86446347780582
169,work,0.0,0.0,69.09589041095889,153.19840182648403,-69.09589041095889,-153.19840182648403,,
17,home,1461.0504359792058,6116.263584474887,1401.756596237698,5640.746004566209,59.29383974150778,475.51757990867736,4.058302046347131,7.774641712886595
17,public,0.0,0.0,0.0,0.0,0.0,0.0,,
17,work,0.0,0.0,0.0,0.0,0.0,0.0,,
170,home,1945.5489109669445,7976.641666666667,1531.8706664816846,6288.076484018265,413.67824448525994,1688.5651826484027,21.26280363106679,21.16887348349486
170,public,701.9280821917808,765.5445205479452,613.25,640.9992009132419,88.67808219178085,124.54531963470333,12.633499704824777,16.268853906178954
170,work,101.0958904109589,151.53082191780823,27.726027397260275,49.50776255707763,73.36986301369862,102.0230593607306,72.57452574525745,67.32825577628616
171,home,2556.3297278902855,9890.803538812785,2450.9575328930173,9487.672488584476,105.37219499726825,403.1310502283086,4.122011094563725,4.07581698136426
171,public,2203.7992218529625,2111.495433789954,1934.3801369863013,1750.0421232876713,269.41908486666125,361.45331050228265,12.22521009151336,17.118356247330585
171,work,625.2054794520548,1398.6955479452056,964.6301369863014,1799.0326484018267,-339.42465753424665,-400.3371004566211,-54.29009640666084,-28.62217592990469
172,home,919.4015505704142,3897.923744292237,849.8014778559167,3385.009360730593,69.60007271449751,512.9143835616442,7.570149590384778,13.158656177220221
172,public,3082.599315068493,2409.9665525114156,2560.890410958904,2050.2166666666662,521.7089041095892,359.7498858447493,16.92431778464848,14.927588329798832
172,work,0.0,0.0,0.0,0.0,0.0,0.0,,
173,home,3274.6831191068277,13079.703082191782,3023.4855398704804,12481.115639269408,251.19757923634734,598.5874429223732,7.670897308221434,4.57646048355149
173,public,258.1232876712329,342.661301369863,456.7260273972603,334.79337899543384,-198.60273972602738,7.867922374429156,-76.94103911266782,2.2961222475299743
173,work,0.0,0.0,0.0,0.0,0.0,0.0,,
174,home,2863.224939053335,12612.673515981736,3200.9449178820687,13499.9299086758,-337.7199788287335,-887.2563926940638,-11.795090711259082,-7.034641716284861
174,public,2432.431506849315,2073.8521689497716,2417.02397260274,1985.9293378995435,15.407534246575324,87.92283105022807,0.633421093387021,4.239590090683921
174,work,151.013698630137,279.9155251141553,292.6575342465753,600.7818493150685,-141.64383561643834,-320.8663242009132,-93.7953555878084,-114.62969911013593
175,home,2979.165078031044,12436.205479452055,2220.0485268967177,9231.914497716896,759.1165511343261,3204.290981735159,25.480848870450405,25.765825331766244
175,public,5284.143835616438,4513.509589041096,5213.88698630137,4469.121347031963,70.2568493150684,44.38824200913314,1.3295786697084178,0.9834529235721311
175,work,65.45205479452055,179.7416666666667,67.42465753424658,144.71940639269408,-1.9726027397260282,35.02226027397262,-3.0138133110087915,19.48477552448752
176,home,776.7877587880912,3294.7881278538807,895.6220361529942,3681.4311643835617,-118.83427736490296,-386.643036529681,-15.2981655568701,-11.734989368846847
176,public,1191.277397260274,1179.6468036529682,615.8493150684932,591.0456621004566,575.4280821917808,588.6011415525115,48.303450020554656,49.89638760769854
176,work,0.0,0.0,0.0,0.0,0.0,0.0,,
177,home,1251.401596620329,5213.1399543379,1235.280371626018,5208.778310502283,16.121224994310978,4.361643835617542,1.2882535101321357,0.0836663483777791
177,public,992.0719178082192,793.7940639269408,1122.9794520547946,983.094406392694,-130.90753424657544,-189.30034246575326,-13.195367381811288,-23.847538180025506
177,work,123.5068493150685,274.23561643835615,75.61643835616438,153.1337899543379,47.89041095890411,121.10182648401823,38.775510204081634,44.159773284313715
178,home,726.4403389876421,3052.774429223744,765.22528094507,3394.335273972603,-38.78494195742792,-341.5608447488589,-5.339040231642162,-11.188538579174049
178,public,4909.051369863014,4599.692922374429,3785.921232876712,3668.0639269406397,1123.1301369863017,931.6289954337894,22.878761136647924,20.254156335133537
178,work,1060.4109589041095,2201.738242009132,851.2876712328767,1619.6908675799089,209.1232876712328,582.0473744292233,19.720966283425906,26.435811638448577
179,home,0.0,0.0,0.0,0.0,0.0,0.0,,
179,public,1263.6438356164383,1425.292694063927,1192.8972602739725,1205.8489726027397,70.7465753424658,219.44372146118735,5.598616742189368,15.396396990956925
179,work,782.1095890410959,1645.997374429224,855.6164383561644,1744.1835616438357,-73.50684931506851,-98.18618721461166,-9.398535748064596,-5.965148471069664
18,home,1701.896110873302,6943.651940639268,1428.745217477732,5835.0985159817355,273.15089339556994,1108.5534246575326,16.049798319088158,15.964991248617705
18,public,0.0,0.0,0.0,0.0,0.0,0.0,,
18,work,10.082191780821917,52.04931506849315,37.45205479452054,88.12488584474886,-27.369863013698627,-36.07557077625571,-271.4673913043478,-69.31036600343896
180,home,201.10348894777712,701.248401826484,188.0120734542878,661.9843607305936,13.091415493489336,39.264041095890434,6.509790338291413,5.599163006093506
180,public,221.5068493150685,183.21324200913244,0.0,0.0,221.5068493150685,183.21324200913244,100.0,100.0
180,work,0.0,0.0,0.0,0.0,0.0,0.0,,
181,home,0.0,0.0,0.0,0.0,0.0,0.0,,
181,public,94.93150684931507,52.47945205479452,154.79109589041096,113.17762557077624,-59.85958904109589,-60.69817351598172,-63.05555555555555,-115.66083703123638
181,work,0.0,0.0,0.0,0.0,0.0,0.0,,
182,home,0.0,0.0,0.0,0.0,0.0,0.0,,
182,public,834.9828767123288,670.4606164383562,345.18150684931504,346.39611872146116,489.80136986301375,324.064497716895,58.660049627791565,48.33460605611729
182,work,332.1917808219178,504.7853881278539,377.06849315068496,567.8932648401826,-44.876712328767155,-63.10787671232873,-13.509278350515473,-12.501922241922054
183,home,0.0,0.0,0.0,0.0,0.0,0.0,,
183,public,226.81849315068493,206.65593607305934,215.1404109589041,309.4211187214612,11.678082191780817,-102.76518264840186,5.148646404251783,-49.727670349653614
183,work,798.3835616438356,1626.8805936073059,562.2465753424658,1159.1530821917809,236.1369863013698,467.727511415525,29.57688480148244,28.749959477875755
184,home,0.0,0.0,0.0,0.0,0.0,0.0,,
184,public,541.0719178082192,575.1350456621005,378.4075342465753,436.6237442922374,162.66438356164383,138.51130136986313,30.063357237345958,24.083265732904124
184,work,50.24657534246575,140.46997716894975,252.0,448.19931506849315,-201.75342465753425,-307.7293378995434,-401.52671755725197,-219.07125216474054
185,home,226.7869555243137,931.1933789954339,210.64195245069544,893.6182648401825,16.145003073618255,37.57511415525141,7.119017509755916,4.0351569290352165
185,public,0.0,0.0,0.0,0.0,0.0,0.0,,
185,work,0.0,0.0,0.0,0.0,0.0,0.0,,
186,home,85.57946571607172,430.32214611872143,103.70862584511045,579.0205479452055,-18.129160129038723,-148.6984018264841,-21.184007141603466,-34.55513576692837
186,public,0.0,0.0,0.0,0.0,0.0,0.0,,
186,work,0.0,0.0,0.0,0.0,0.0,0.0,,
187,home,646.8895220559199,2874.4227168949774,513.4569832679833,2424.797260273973,133.43253878793655,449.62545662100456,20.62678931077231,15.642287196599291
187,public,1715.359589041096,1345.89600456621,1535.554794520548,1238.9421232876712,179.80479452054783,106.9538812785388,10.482046777204342,7.946667566860833
187,work,827.3698630136986,1506.8033105022832,492.6027397260274,928.0159817351598,334.7671232876712,578.7873287671234,40.46160468889698,38.41160453610819
188,home,1747.5160755052777,7771.946689497717,1650.1024897011428,7532.573287671233,97.41358580413498,239.37340182648404,5.574402843531426,3.079967109784102
188,public,1516.6815068493152,1162.8731735159818,1277.0171232876712,955.5244292237442,239.66438356164394,207.3487442922376,15.801892650455782,17.830727289486994
188,work,302.7671232876712,603.2449771689498,299.972602739726,623.4891552511415,2.794520547945183,-20.244178082191638,0.9229933942629552,-3.355880089909457
189,home,3819.487247632379,15459.706164383562,3302.6558102169593,13706.904794520548,516.8314374154197,1752.8013698630148,13.531435082962846,11.337869887211442
189,public,2027.8638993859233,1815.432191780822,2280.8424657534247,2147.848287671233,-252.97856636750134,-332.4160958904108,-12.475125497530094,-18.310576258115816
189,work,84.1917808219178,205.66632420091327,120.32876712328768,276.02203196347034,-36.13698630136987,-70.35570776255707,-42.922225837943394,-34.20866689571761
19,home,595.7855249503475,2795.330479452055,536.248364966329,2535.5207762557075,59.53715998401856,259.8097031963475,9.993052447687507,9.294418141474129
19,public,0.0,0.0,0.0,0.0,0.0,0.0,,
19,work,177.2054794520548,375.54166666666663,128.84931506849315,315.50753424657535,48.356164383561634,60.03413242009128,27.288188002473714,15.986011073806623
190,home,5188.220065933215,20331.346232876713,4357.258528703212,17528.591438356165,830.9615372300032,2802.754794520548,16.016312466894878,13.785387167271617
190,public,1930.2739726027398,1592.6599315068493,2323.1849315068494,1921.1117579908678,-392.9109589041095,-328.4518264840185,-20.355191256830594,-20.62284735029802
190,work,103.26027397260275,201.68892694063925,7.561643835616439,31.338812785388125,95.69863013698631,170.35011415525113,92.6771026797559,84.46180796300646
191,home,4055.23501330113,17880.382305936073,3117.548572040122,13862.354566210044,937.686441261008,4018.027739726029,23.122863118546913,22.47171045326079
191,public,5518.0445205479455,5326.168949771689,4571.102739726028,3982.2875570776255,946.9417808219177,1343.8813926940634,17.16082168775046,25.23167036884307
191,work,119.91780821917808,220.37203196347033,142.0,283.7611872146119,-22.082191780821915,-63.389155251141545,-18.414439113548088,-28.764609867394228
192,home,1680.020830825468,6873.152853881279,1497.6829652251072,5969.760502283106,182.33786560036083,903.3923515981733,10.853309807520079,13.143783803498948
192,public,5401.718775181305,4694.955821917808,3773.9794520547944,3511.693264840182,1627.739323126511,1183.2625570776258,30.133729482647436,25.202847523159093
192,work,20.136986301369866,56.94817351598174,0.0,0.0,20.136986301369866,56.94817351598174,100.0,100.0
193,home,517.1149213908363,2256.880821917808,624.4774516331944,2587.3963470319636,-107.36253024235805,-330.5155251141555,-20.761831809763862,-14.644793021604766
193,public,2929.2961600643034,2553.4495433789957,2418.455479452055,2266.012328767123,510.84068061224843,287.4372146118726,17.439024690526153,11.256819832496285
193,work,605.8904109589041,1274.4697488584475,631.0410958904109,1323.5106164383562,-25.150684931506817,-49.04086757990876,-4.151028713542839,-3.84794285025871
194,home,393.24709901238685,1882.0651826484018,343.81792263366185,1569.956392694064,49.429176378725,312.1087899543377,12.569495490968146,16.583314586115712
194,public,0.0,0.0,0.0,0.0,0.0,0.0,,
194,work,50.41095890410959,107.5958904109589,134.5205479452055,285.24372146118725,-84.1095890410959,-177.64783105022835,-166.84782608695653,-165.10652067816753
195,home,1046.3958258672615,4105.500456621005,1119.510191083459,4279.123515981735,-73.11436521619748,-173.62305936073062,-6.987256964218076,-4.229035197906896
195,public,1099.208904109589,1013.5238584474886,982.4834833968565,925.5889269406393,116.72542071273244,87.93493150684924,10.619038862979876,8.676158017784365
195,work,173.67123287671234,312.9763698630137,151.3972602739726,271.80696347031966,22.273972602739747,41.16940639269404,12.825366777094189,13.15415806334307
196,home,3066.313667314721,12668.268949771687,2658.018233431939,11452.165753424657,408.29543388278216,1216.1031963470305,13.315514268321442,9.59960039661889
196,public,3214.1472602739727,3011.589497716895,3629.1335616438355,2817.2099315068494,-414.98630136986276,194.3795662100456,-12.91124107781202,6.4543845154662005
196,work,59.83561643835616,142.60821917808218,14.958904109589044,58.92146118721462,44.87671232876712,83.68675799086756,74.99999999999999,58.68298368298367
197,home,3579.735187414883,16062.88778538813,3181.721874689527,14134.824657534247,398.0133127253562,1928.0631278538822,11.118512735931809,12.003216069328309
197,public,3233.9368343115393,3174.6616438356164,3103.3939981779204,2805.489611872146,130.54283613361895,369.17203196347054,4.036653862517687,11.628704831593895
197,work,1581.835616438356,3185.5770547945203,1126.6575342465753,2114.892579908676,455.17808219178073,1070.6844748858443,28.775308727505752,33.61037753817281
198,home,1041.0685694493652,4502.144634703197,840.6900396983781,3357.3028538812787,200.37852975098713,1144.8417808219183,19.247390194189606,25.428809461102347
198,public,898.3082191780821,838.2754566210047,766.3458904109589,646.229908675799,131.96232876712327,192.0455479452056,14.690094774804997,22.909599276509883
198,work,1885.7808219178082,3533.7918949771683,1224.3561643835617,2326.836301369863,661.4246575342465,1206.9555936073052,35.07431244642675,34.154687923837216
199,home,0.0,0.0,0.0,0.0,0.0,0.0,,
199,public,210.8082191780822,174.9329908675799,48.18150684931507,78.43333333333332,162.62671232876713,96.49965753424657,77.14438884917799,55.16378417567588
199,work,404.4109589041096,701.1818493150686,142.41095890410958,279.42294520547944,262.0,421.75890410958914,64.78558363254523,60.14971786870602
2,home,621.6076523685798,2855.8654109589042,484.3210209576995,2289.566894977169,137.28663141088032,566.2985159817354,22.085737022020567,19.82931386782654
2,public,0.0,0.0,0.0,0.0,0.0,0.0,,
2,work,138.63013698630138,251.62420091324205,149.64383561643837,278.01461187214613,-11.013698630136986,-26.390410958904084,-7.944664031620554,-10.488025739624021
20,home,2621.054580270105,10599.260730593607,1971.563339151838,8307.793036529682,649.491241118267,2291.4676940639256,24.779767884548807,21.619127525091017
20,public,0.0,0.0,0.0,0.0,0.0,0.0,,
20,work,656.7397260273973,1240.5832191780821,376.82191780821915,740.4324200913243,279.91780821917814,500.15079908675784,42.62233532184724,40.315779816699475
200,home,0.0,0.0,0.0,0.0,0.0,0.0,,
200,public,295.4931506849315,360.3888127853881,665.3116438356165,531.6320776255708,-369.81849315068496,-171.2432648401827,-125.1529831718511,-47.516254324508736
200,work,862.4931506849315,1569.952397260274,1151.4520547945206,2063.454794520548,-288.95890410958907,-493.50239726027417,-33.502747689082305,-31.434226803404094
201,home,391.89619235209716,1746.2422374429225,389.3829365263129,1885.7245433789951,2.513255825784256,-139.48230593607263,0.6413065181113661,-7.987569132465892
201,public,62.38356164383562,66.70867579908676,37.52054794520548,64.78013698630137,24.86301369863014,1.9285388127853906,39.85507246376812,2.890986501656494
201,work,427.26027397260276,827.6641552511414,346.90410958904107,710.5125570776256,80.35616438356169,117.15159817351582,18.807310035267722,14.15448493573677
202,home,0.0,0.0,0.0,0.0,0.0,0.0,,
202,public,0.0,0.0,0.0,0.0,0.0,0.0,,
202,work,109.20547945205479,225.39486301369863,63.01369863013698,98.54292237442921,46.19178082191781,126.85194063926942,42.2980431510286,56.27987210673912
203,home,0.0,0.0,0.0,0.0,0.0,0.0,,
203,public,17.140410958904106,34.717123287671235,0.0,0.0,17.140410958904106,34.717123287671235,100.0,100.0
203,work,0.0,0.0,0.0,0.0,0.0,0.0,,
204,home,54.67953810339661,254.8077625570776,61.36758727353071,276.26906392694065,-6.6880491701341,-21.461301369863037,-12.231356375921267,-8.422546140075166
204,public,786.9143835616438,638.5768264840183,553.8801369863014,431.3600456621005,233.03424657534242,207.21678082191778,29.613672267700696,32.44978086080044
204,work,0.0,0.0,0.0,0.0,0.0,0.0,,
205,home,1019.3479497445463,4116.294292237443,862.4985789447227,3481.557191780822,156.84937079982365,634.7371004566212,15.387225808334719,15.420109821924443
205,public,1859.7534246575342,1612.2624429223742,2230.2876712328766,2025.9081050228313,-370.5342465753424,-413.645662100457,-19.923837303516446,-25.6562238930956
205,work,39.99999999999999,110.65799086757993,94.1917808219178,221.15707762557076,-54.19178082191781,-110.49908675799084,-135.47945205479454,-99.85640069158744
206,home,1480.249066719333,6044.265410958904,1678.5332193693903,6812.265753424657,-198.2841526500572,-768.0003424657534,-13.395323605203355,-12.706264372065565
206,public,2531.0924657534247,1888.8383561643836,1578.5,1210.3833333333334,952.5924657534247,678.4550228310502,37.635624879072466,35.919168022867325
206,work,593.2328767123288,1177.4535388127854,472.6027397260274,917.7591324200914,120.63013698630141,259.69440639269396,20.334364753151995,22.05559691591239
207,home,1232.545306008637,5431.441210045662,1117.8615762435875,4895.476484018264,114.68372976504952,535.9647260273978,9.304625899426847,9.867817864549655
207,public,764.236301369863,637.8017123287672,664.068493150685,587.5583333333333,100.16780821917803,50.243378995433886,13.106915758860346,7.87758609364394
207,work,142.65753424657535,257.4674657534247,54.24657534246575,95.23972602739725,88.4109589041096,162.22773972602744,61.97426541194547,63.00902494662846
208,home,1195.5870230729383,5066.3018264840175,1032.0687099940099,4584.061643835616,163.5183130789285,482.24018264840106,13.676822341099701,9.518583755264988
208,public,0.0,0.0,0.0,0.0,0.0,0.0,,
208,work,145.4794520547945,219.986301369863,93.04109589041096,204.27876712328768,52.43835616438355,15.707534246575335,36.04519774011299,7.140232891213646
209,home,2348.0585155740478,11194.889155251143,2088.6580659188808,9502.667579908675,259.400449655167,1692.221575342468,11.047444002550737,15.116019032209035
209,public,3749.455479452055,3603.575456621004,3351.0068493150684,3173.6513698630138,398.4486301369866,429.92408675799015,10.626839879032671,11.93048659403183
209,work,9.917808219178083,48.163356164383565,50.35616438356164,102.17271689497719,-40.438356164383556,-54.00936073059362,-407.7348066298342,-112.13786793897292
21,home,219.98542594437495,854.9845890410959,113.97709045932287,448.3696347031963,106.00833548505209,406.6149543378996,48.18879933976041,47.558161813645874
21,public,0.0,0.0,0.0,0.0,0.0,0.0,,
21,work,235.4794520547945,454.28767123287673,232.16438356164383,428.672602739726,3.315068493150676,25.615068493150716,1.407795229784755,5.638512800410102
210,home,88.33904109589041,388.9922374429224,90.41438356164383,552.6441780821917,-2.0753424657534225,-163.65194063926936,-2.3492924985462276,-42.070747147822544
210,public,1557.9691780821918,1248.5601598173516,1851.9554794520548,1431.559589041096,-293.986301369863,-182.9994292237443,-18.86984065575356,-14.656837140351714
210,work,107.06849315068493,215.02454337899542,49.75342465753425,118.37534246575342,57.31506849315068,96.649200913242,53.53121801432958,44.94798565524271
211,home,825.2056469708949,3078.1140410958906,624.1804027361775,2362.8487442922374,201.02524423471743,715.2652968036532,24.36062392115545,23.23712790540404
211,public,6338.260273972603,6371.896232876712,5138.506849315068,5144.934132420091,1199.7534246575342,1226.9621004566206,18.92874973254404,19.255839323401624
211,work,3277.753424657534,6504.127853881279,3086.4931506849316,5913.112557077625,191.2602739726026,591.0152968036546,5.835102559387481,9.08677243254023
212,home,2144.6109202849702,9236.432990867579,2239.8861343639187,9712.378196347032,-95.27521407894847,-475.94520547945285,-4.442540750761847,-5.1529113668668245
212,public,4750.229452054795,4475.470433789954,4009.198946701969,3809.3818493150684,741.0305053528259,666.0885844748855,15.59988865447921,14.883096522007921
212,work,457.013698630137,1004.4121004566209,419.5890410958904,828.783904109589,37.42465753424659,175.62819634703192,8.188957496552968,17.4856710972706
213,home,2536.339236184235,10021.056621004565,2147.755683760595,8755.96792237443,388.58355242363996,1265.0886986301357,15.320645869447645,12.624304466840906
213,public,8090.5,7518.672374429223,8069.043951047452,7133.308904109589,21.45604895254837,385.36347031963396,0.2652005309010367,5.1254191049771425
213,work,388.52054794520546,791.6640410958904,388.986301369863,673.1885844748858,-0.465753424657521,118.47545662100458,-0.11987871095126942,14.965370469145032
214,home,2687.1265552417035,11742.278538812787,1874.8506224896241,8497.977853881279,812.2759327520794,3244.300684931508,30.22842117977641,27.629226084254736
214,public,2646.7431506849316,2225.6237442922375,2496.246575342466,2002.9078767123287,150.4965753424658,222.71586757990872,5.6861042713389045,10.006896635205237
214,work,2015.3150684931506,3783.530821917808,1730.5205479452054,3283.881278538813,284.79452054794524,499.6495433789951,14.131513478976062,13.205906516858533
215,home,699.7700714152792,2865.4517123287674,663.6238394856933,3013.38801369863,36.14623192958584,-147.93630136986258,5.165444108874274,-5.162756738609773
215,public,5740.568493150685,5019.644748858448,5019.051369863014,4386.005707762558,721.517123287671,633.6390410958902,12.56873991049046,12.623184962242407
215,work,73.06849315068493,157.40753424657532,133.23287671232876,279.61575342465756,-60.16438356164383,-122.20821917808223,-82.33970753655792,-77.63810021103936
216,home,0.0,0.0,0.0,0.0,0.0,0.0,,
216,public,27.726027397260275,29.96301369863014,41.58904109589041,19.975342465753425,-13.863013698630134,9.987671232876714,-49.999999999999986,33.333333333333336
216,work,0.0,0.0,130.35616438356163,207.1937214611872,-130.35616438356163,-207.1937214611872,,
217,home,108.93150684931507,614.7948630136987,97.75,576.6535388127853,11.18150684931507,38.141324200913346,10.26471327967807,6.2039106855815565
217,public,0.0,0.0,0.0,0.0,0.0,0.0,,
217,work,0.0,0.0,0.0,0.0,0.0,0.0,,
218,home,1164.3260792426447,4826.317922374429,1236.4808634739463,5127.602968036529,-72.15478423130162,-301.28504566209995,-6.1971285808728,-6.2425445341129775
218,public,656.3835616438356,598.1175799086758,642.0308219178082,655.4502283105023,14.35273972602738,-57.33264840182653,2.1866391184572977,-9.585514675990703
218,work,0.0,0.0,0.0,0.0,0.0,0.0,,
219,home,1145.7988460555712,5033.789155251142,1121.8471051921097,4800.78595890411,23.95174086346151,233.00319634703192,2.0903966648173644,4.628783390817391
219,public,0.0,0.0,0.0,0.0,0.0,0.0,,
219,work,0.0,0.0,0.0,0.0,0.0,0.0,,
22,home,722.6657509916421,2822.6098173515984,676.9206551526188,2734.494748858447,45.74509583902329,88.11506849315128,6.330048957799904,3.121758733760375
22,public,0.0,0.0,0.0,0.0,0.0,0.0,,
22,work,0.0,0.0,0.0,0.0,0.0,0.0,,
220,home,0.0,0.0,0.0,0.0,0.0,0.0,,
220,public,0.0,0.0,0.0,0.0,0.0,0.0,,
220,work,42.82191780821918,117.2865296803653,2.5205479452054793,23.46210045662101,40.301369863013704,93.82442922374429,94.11388355726169,79.99591213026677
221,home,0.0,0.0,39.63880135368608,130.5,-39.63880135368608,-130.5,,
221,public,0.0,0.0,0.0,0.0,0.0,0.0,,
221,work,0.0,0.0,0.0,0.0,0.0,0.0,,
222,home,0.0,0.0,0.0,0.0,0.0,0.0,,
222,public,102.61643835616438,123.93082191780822,40.83561643835616,66.0986301369863,61.78082191780822,57.832191780821915,60.205580029368576,46.66489811483428
222,work,0.0,0.0,0.0,0.0,0.0,0.0,,
223,home,0.0,0.0,0.0,0.0,0.0,0.0,,
223,public,0.0,0.0,0.0,0.0,0.0,0.0,,
223,work,470.1095890410959,867.8847031963471,390.43835616438355,647.0163242009132,79.67123287671234,220.8683789954339,16.947374555626787,25.449046190351556
224,home,1295.2661064040167,5652.700799086758,1305.7870811950238,5784.402625570777,-10.52097479100712,-131.70182648401897,-0.8122635757231371,-2.3298920492182518
224,public,1344.63698630137,1302.7212328767123,1405.8527397260275,1302.3575342465754,-61.21575342465758,0.3636986301369234,-4.552585868773466,0.02791837739021049
224,work,808.3835616438356,1610.6,609.4794520547945,1222.5804794520548,198.90410958904113,388.01952054794515,24.605165051176034,24.091613097475797
225,home,4891.570002436894,21396.432534246575,4705.667974590157,20714.76506849315,185.90202784673693,681.667465753424,3.8004572714716094,3.1858930906466054
225,public,12130.13698630137,10829.394178082192,11221.770547945205,10109.044178082191,908.3664383561645,720.3500000000004,7.488509316770187,6.651803306392982
225,work,827.6986301369863,1503.4836757990865,798.4383561643835,1437.7344748858445,29.260273972602704,65.74920091324202,3.5351362086657137,4.373123697422054
226,home,1375.9152865739545,6244.35285388128,976.8740924003681,4552.767123287671,399.0411941735864,1691.5857305936088,29.001872285844264,27.08984854278656
226,public,3426.3869863013697,3330.2960045662103,2720.3150684931506,2607.309703196347,706.071917808219,722.9863013698632,20.606893518773017,21.709370589838493
226,work,0.0,0.0,0.0,0.0,0.0,0.0,,
227,home,2924.859648576916,13175.787557077627,2879.66639973866,12818.424885844748,45.19324883825584,357.3626712328787,1.5451424775286062,2.712268011948284
227,public,13078.488317188649,12501.954794520549,13305.696319332961,11831.430251141552,-227.20800214431256,670.5245433789969,-1.7372650159093708,5.363357606067169
227,work,1805.0684931506848,3769.45901826484,1444.109589041096,3108.9552511415523,360.95890410958896,660.5037671232876,19.996964407680046,17.522508241178098
228,home,2537.905485285257,10261.192579908675,2192.6224902984495,8854.6600456621,345.28299498680735,1406.5325342465749,13.60503757877327,13.707300816091818
228,public,4317.04794520548,4451.029908675799,3910.27397260274,4004.067123287671,406.77397260273983,446.9627853881275,9.422503010523746,10.041783464921739
228,work,832.4657534246576,1730.6759132420088,880.6849315068494,1909.5698630136985,-48.219178082191775,-178.89394977168968,-5.7923317426361685,-10.336652194839557
229,home,2570.7988154597365,11024.61198630137,2385.0995577129297,10279.32591324201,185.69925774680678,745.2860730593602,7.2234068504344675,6.760202299957725
229,public,4325.29794520548,4011.928082191781,3779.027397260274,3482.12796803653,546.2705479452056,529.8001141552509,12.629662854803733,13.205623413513747
229,work,1116.7671232876712,2596.247716894977,1277.5616438356165,2690.7257990867583,-160.79452054794524,-94.47808219178114,-14.398214022864437,-3.6390241800491085
23,home,287.16224080034124,1327.2537671232876,255.67767308488686,1155.568607305936,31.484567715454375,171.68515981735163,10.964034696102345,12.935368056213166
23,public,231.3013698630137,192.2291095890411,413.55479452054794,273.72283105022836,-182.25342465753425,-81.49372146118728,-78.79478827361565,-42.394058649810866
23,work,0.0,0.0,0.0,0.0,0.0,0.0,,
230,home,2546.8318961940063,11730.802739726027,2394.7864798134506,11118.19292237443,152.0454163805557,612.6098173515966,5.969982416498429,5.222232706010911
230,public,8092.281081736718,8024.122260273973,8720.400684931506,8336.257876712329,-628.1196031947884,-312.135616438356,-7.761959784273645,-3.889965859364892
230,work,701.2054794520548,1476.1378995433788,787.7808219178082,1592.0111872146117,-86.57534246575347,-115.8732876712329,-12.346643744627652,-7.849760358234591
231,home,1080.3005381760029,4791.628082191781,841.4131646502782,3985.3373287671234,238.88737352572468,806.2907534246574,22.113047719948938,16.827072961302225
231,public,3055.6643835616437,2646.3142694063927,3132.551369863014,2378.9581050228308,-76.88698630137014,267.3561643835619,-2.5162117513622895,10.102963486779439
231,work,81.8082191780822,220.5703196347032,62.9041095890411,157.46027397260275,18.9041095890411,63.11004566210045,23.107836570663096,28.612211183544524
232,home,455.42672399816325,1713.6037671232878,388.705213273697,1453.5567351598172,66.72151072446627,260.04703196347054,14.650328408206313,15.175447028809028
232,public,103.97260273972603,80.80456621004568,240.71917808219177,174.62488584474886,-136.74657534246575,-93.82031963470318,-131.52173913043478,-116.1076954374385
232,work,0.0,0.0,0.0,0.0,0.0,0.0,,
233,home,2412.9719707288637,8999.448287671234,2423.3569380612066,9066.25399543379,-10.384967332342967,-66.80570776255627,-0.4303807693715596,-0.742331147722428
233,public,2679.121096921352,2310.287214611872,2737.003424657534,2295.7220319634707,-57.882327736182106,14.565182648401333,-2.160496880962051,0.6304490002922983
233,work,0.0,0.0,0.0,0.0,0.0,0.0,,
234,home,903.9843354599288,3318.4789954337903,808.1170536737128,2950.5458904109587,95.86728178621604,367.93310502283157,10.604971571486438,11.087401955206154
234,public,2210.868267676338,1855.5378995433787,2149.0207137187144,1878.0246575342467,61.847553957623404,-22.486757990868,2.7974327942490347,-1.211872740319757
234,work,0.0,0.0,0.0,0.0,0.0,0.0,,
235,home,702.7046514068414,3314.7922374429218,500.0817139967356,2534.7304794520546,202.62293741010586,780.0617579908671,28.834722668257147,23.532749629962268
235,public,360.25,294.5812785388128,292.89383561643837,231.64178082191782,67.35616438356163,62.93949771689498,18.697061591550767,21.365749388110668
235,work,83.91780821917808,189.21438356164384,77.97260273972603,164.05159817351597,5.945205479452056,25.162785388127872,7.084557623245186,13.298558447027432
236,home,460.9536149630127,2275.3463470319634,491.10347417113036,2333.8189497716894,-30.149859208117675,-58.47260273972597,-6.540757731238734,-2.5698330637003703
236,public,868.1712328767123,589.7769406392695,779.6061643835617,578.3707762557077,88.56506849315065,11.406164383561759,10.201336457519739,1.9339793738287596
236,work,0.0,0.0,0.0,0.0,0.0,0.0,,
237,home,138.18659524623808,548.5978310502284,173.3114929276752,691.2690639269406,-35.12489768143712,-142.67123287671222,-25.41845511053167,-26.00652514494713
237,public,0.0,0.0,0.0,0.0,0.0,0.0,,
237,work,0.0,0.0,0.0,0.0,0.0,0.0,,
238,home,0.0,0.0,0.0,0.0,0.0,0.0,,
238,public,305.06164383561645,339.1488584474886,240.7568493150685,253.58995433789957,64.30479452054794,85.55890410958901,21.079278834280068,25.22753710605113
238,work,1431.3698630136987,2544.7850456621004,1114.164383561644,2090.9001141552512,317.20547945205476,453.88493150684917,22.16097234185089,17.83588489253943
239,home,0.0,0.0,0.0,0.0,0.0,0.0,,
239,public,120.3972602739726,147.79212328767125,246.8595890410959,189.28310502283102,-126.46232876712328,-41.49098173515978,-105.03754693366709,-28.073878913289107
239,work,187.3972602739726,453.78515981735154,124.27397260273973,338.95331050228316,63.12328767123286,114.83184931506838,33.68421052631578,25.305333775412176
24,home,739.4845338330281,2913.4494292237446,796.8387860718464,3087.160616438356,-57.354252238818276,-173.71118721461153,-7.755977253713407,-5.962388963136899
24,public,0.0,0.0,0.0,0.0,0.0,0.0,,
24,work,0.0,0.0,0.0,0.0,0.0,0.0,,
240,home,0.0,0.0,0.0,0.0,0.0,0.0,,
240,public,109.32191780821918,101.19520547945206,107.43835616438356,100.82191780821918,1.8835616438356197,0.3732876712328732,1.7229496898690588,0.36887881146569756
240,work,0.0,0.0,0.0,0.0,0.0,0.0,,
241,home,0.0,0.0,0.0,0.0,0.0,0.0,,
241,public,79.71232876712328,108.90867579908675,175.9623287671233,200.8360730593607,-96.25000000000001,-91.92739726027395,-120.74669187145561,-84.40778164437549
241,work,858.7397260273973,1609.466324200913,980.5753424657535,1989.3742009132418,-121.83561643835617,-379.90787671232874,-14.187723328228689,-23.604586874531215
242,home,0.0,0.0,0.0,0.0,0.0,0.0,,
242,public,157.80479452054794,105.03527397260274,232.43150684931507,123.61061643835616,-74.62671232876713,-18.575342465753423,-47.290522797803774,-17.684861250134492
242,work,301.6986301369863,572.9602739726027,304.6027397260274,566.2858447488584,-2.90410958904107,6.674429223744369,-0.9625862695241469,1.164902616627749
243,home,1950.0075692537694,8863.75399543379,1666.355245565056,7573.865182648401,283.6523236887133,1289.8888127853888,14.546216546085594,14.55239860503667
243,public,305.0993150684931,182.40262557077628,175.51027397260273,86.92888127853881,129.5890410958904,95.47374429223747,42.474379553031234,52.34230811836177
243,work,132.68493150684932,296.80890410958904,80.21917808219177,163.65422374429224,52.46575342465755,133.1546803652968,39.54160644228785,44.86209090146866
244,home,3169.9458222441376,12338.847374429222,2426.1203135994315,9392.555821917807,743.8255086447061,2946.291552511415,23.464928120384116,23.878174865970465
244,public,1375.414383561644,1215.3271689497715,1832.1027397260275,1496.8924657534246,-456.68835616438355,-281.56529680365315,-33.20369203801594,-23.167859980203406
244,work,833.3698630136986,1572.8953196347034,702.2739726027397,1315.4454337899542,131.09589041095887,257.44988584474913,15.730817279242551,16.36789700057983
245,home,5316.4542026997515,22295.513127853883,4920.191702725486,20615.49109589041,396.26249997426567,1680.0220319634718,7.453511021933367,7.535247214672143
245,public,8114.334653932613,7696.225684931507,7210.237065262681,6530.440182648402,904.0975886699316,1165.7855022831054,11.14198054712669,15.147496318430537
245,work,1948.0821917808219,3942.9412100456616,2131.890410958904,4011.0599315068494,-183.80821917808203,-68.11872146118776,-9.435342099711686,-1.7276118976270232
246,home,4747.0018380064175,20136.39086757991,3994.013299150866,17370.595547945206,752.9885388555517,2765.7953196347044,15.862402513241532,13.735308068973293
246,public,18073.904109589042,16906.850456621007,16735.744570611332,16254.580936073058,1338.1595389777103,652.2695205479486,7.403821171474262,3.858019104276804
246,work,1976.6849315068494,3790.776255707763,2589.3698630136987,5234.960844748858,-612.6849315068494,-1444.184589041095,-30.995578594297914,-38.0973313016454
247,home,4062.104288146321,17384.220433789957,3733.6716571855804,15844.937328767122,328.4326309607404,1539.2831050228342,8.085283086383182,8.85448450728862
247,public,6918.246575342466,5988.364383561644,6103.932994153651,5436.470433789955,814.3135811888151,551.8939497716892,11.770519774347663,9.216105006680378
247,work,2026.7397260273972,4300.084817351598,1584.109589041096,3047.9966894977165,442.6301369863013,1252.0881278538814,21.839515518546552,29.117754208044587
248,home,5424.924437531838,22481.742237442922,4663.905699147017,19246.371917808217,761.0187383848206,3235.370319634705,14.028190570172423,14.391101390025975
248,public,14868.044520547945,14028.02397260274,13725.212328767124,12676.55913242009,1142.8321917808207,1351.464840182649,7.686499661750427,9.634035718944528
248,work,4391.561643835616,8679.744406392692,3387.8630136986303,6451.0315068493155,1003.6986301369861,2228.712899543377,22.855164325106678,25.67717199024794
249,home,1768.214527356059,7848.662899543379,1351.650933616851,6103.063356164384,416.56359373920805,1745.5995433789958,23.558430682168357,22.24072514925506
249,public,5216.109589041096,4894.570319634703,5252.688356164384,4713.603082191781,-36.578767123287435,180.96723744292194,-0.7012653108389139,3.697305904809803
249,work,1220.4383561643835,2601.8804794520547,1039.0958904109589,2278.087785388128,181.34246575342468,323.7926940639268,14.85879764737575,12.44456448407331
25,home,393.46807525550497,1826.803196347032,398.9473629596844,1758.4216894977171,-5.479287704179455,68.38150684931497,-1.3925622048552198,3.7432333699685927
25,public,742.236301369863,512.7728310502282,1007.554794520548,720.6875570776256,-265.31849315068496,-207.91472602739736,-35.74582550880577,-40.5471416263533
25,work,0.0,0.0,0.0,0.0,0.0,0.0,,
250,home,1551.9866460012354,6958.452625570777,1337.3086519189546,5745.074086757991,214.67799408228075,1213.3785388127862,13.832463999313939,17.437476463573066
250,public,2697.5005593089427,2485.7031963470317,2672.0205479452056,2389.886529680365,25.48001136373705,95.8166666666666,0.9445785386700579,3.854710683378368
250,work,276.958904109589,610.1937214611872,352.5753424657534,738.851598173516,-75.6164383561644,-128.65787671232874,-27.302403798595318,-21.084759181762955
251,home,1106.7808515626411,4407.186301369863,917.0703181350441,3635.480136986301,189.71053342759706,771.7061643835618,17.14074951330687,17.51017795965867
251,public,291.61301369863014,392.192694063927,92.21917808219177,83.66187214611872,199.39383561643837,308.5308219178082,68.37617878827025,78.66817168897033
251,work,82.35616438356165,148.15502283105025,0.0,0.0,82.35616438356165,148.15502283105025,100.0,100.0
252,home,0.0,0.0,0.0,0.0,0.0,0.0,,
252,public,683.8458904109589,687.3510273972603,543.5582191780821,518.4127853881279,140.28767123287673,168.9382420091324,20.514515507078723,24.57816097967264
252,work,240.16438356164383,436.07237442922377,288.35616438356163,571.3415525114154,-48.1917808219178,-135.26917808219167,-20.06616472735569,-31.019891654280055
253,home,664.6372246481246,2934.49600456621,713.3236444742912,2873.1176940639266,-48.68641982616657,61.37831050228351,-7.325262266485654,2.091613360753467
253,public,1978.1164383561643,1766.2706621004565,2280.8424657534247,2118.881392694064,-302.7260273972604,-352.6107305936073,-15.303751666349275,-19.963572863418403
253,work,145.2054794520548,252.58401826484015,0.0,0.0,145.2054794520548,252.58401826484015,100.0,100.0
254,home,3057.288027032858,13004.670205479451,3125.0692726367784,13169.689611872145,-67.78124560392052,-165.01940639269378,-2.2170382706696823,-1.2689241925040413
254,public,4533.280821917808,4019.7424657534248,3323.544520547945,3074.874086757991,1209.7363013698628,944.8683789954339,26.685668699828813,23.505694383292692
254,work,24.65753424657534,53.95890410958904,7.479452054794519,30.457990867579905,17.178082191780824,23.500913242009137,69.66666666666669,43.55335533553356
255,home,782.7643835822494,3867.859589041096,792.0898079644852,3656.070776255708,-9.325424382235838,211.78881278538802,-1.1913450046818543,5.475607578554676
255,public,327.8150684931507,298.34783105022825,167.4109589041096,137.9162100456621,160.4041095890411,160.43162100456615,48.931280165479194,53.773349194402805
255,work,279.9178082191781,587.3431506849315,380.71232876712327,778.9576484018264,-100.79452054794518,-191.6144977168949,-36.00861309582068,-32.623943514697196
256,home,886.6257588339892,4327.206392694064,831.926646571827,4323.708447488585,54.6991122621622,3.4979452054785725,6.169357445028168,0.08083610736442817
256,public,440.03767123287673,314.2531963470319,557.4589041095891,439.4780821917808,-117.42123287671234,-125.22488584474888,-26.684359215820567,-39.848404821461926
256,work,0.0,0.0,0.0,0.0,0.0,0.0,,
257,home,549.1201372355866,2151.7679223744294,551.7196632563945,2354.437214611872,-2.5995260208078435,-202.66929223744273,-0.4733984140327711,-9.418733783046711
257,public,1179.0719178082193,932.0915525114156,1266.8082191780823,1006.202283105023,-87.73630136986299,-74.1107305936074,-7.441132304546469,-7.95101408160222
257,work,0.0,0.0,0.0,0.0,0.0,0.0,,
258,home,1862.3807604678423,7713.569520547945,1656.9534626810391,6997.85,205.42729778680314,715.7195205479447,11.03035974959269,9.278707071238044
258,public,530.7070678938837,384.5842465753425,629.7551608884298,460.67796803652965,-99.0480929945461,-76.09372146118716,-18.663420743126604,-19.785969430310484
258,work,73.97260273972604,120.50342465753425,0.0,0.0,73.97260273972604,120.50342465753425,100.0,100.0
259,home,93.25,498.1501141552511,93.53424657534246,573.0868721461187,-0.2842465753424648,-74.93675799086759,-0.304822064710418,-15.043007290672456
259,public,64.94520547945206,31.411415525114155,37.821917808219176,27.353652968036528,27.12328767123288,4.057762557077627,41.76334106728539,12.91811428820631
259,work,0.0,0.0,0.0,0.0,0.0,0.0,,
26,home,420.2061194668666,1550.215296803653,474.86857532563823,1883.9794520547946,-54.66245585877164,-333.7641552511416,-13.008486389518607,-21.530180739367033
26,public,1118.3240810995635,836.8977168949772,1240.11349577249,922.8845890410959,-121.78941467292657,-85.98687214611869,-10.890350724915113,-10.274478040774634
26,work,0.0,0.0,0.0,0.0,0.0,0.0,,
260,home,0.0,0.0,0.0,0.0,0.0,0.0,,
260,public,314.1404109589041,404.53276255707766,316.9657534246575,335.59646118721463,-2.8253424657534083,68.93630136986303,-0.8993884158771983,17.04096868053708
260,work,1189.0958904109589,2374.0550228310503,1531.5890410958905,2874.1130136986303,-342.4931506849316,-500.05799086758,-28.802820146537034,-21.063454134742965
261,home,0.0,0.0,0.0,0.0,0.0,0.0,,
261,public,95.60958904109589,166.28984018264842,365.07191780821915,341.8705479452055,-269.46232876712327,-175.58070776255707,-281.83609141055945,-105.58715287097745
261,work,2839.8630136986303,5549.506050228311,2189.150684931507,4319.841666666667,650.7123287671234,1229.6643835616442,22.913511166851578,22.15808708796803
262,home,0.0,0.0,0.0,0.0,0.0,0.0,,
262,public,0.0,0.0,0.0,0.0,0.0,0.0,,
262,work,22.520547945205486,86.14109589041097,40.32876712328767,74.50319634703196,-17.808219178082183,11.637899543379007,-79.0754257907542,13.510275697194274
263,home,0.0,0.0,0.0,0.0,0.0,0.0,,
263,public,0.0,0.0,0.0,0.0,0.0,0.0,,
263,work,136.1095890410959,267.8607305936073,12.547945205479452,42.327739726027396,123.56164383561644,225.53299086757988,90.78099838969403,84.19785549295534
264,home,0.0,0.0,0.0,0.0,0.0,0.0,,
264,public,0.0,0.0,0.0,0.0,0.0,0.0,,
264,work,0.0,0.0,0.0,0.0,0.0,0.0,,
265,home,0.0,0.0,0.0,0.0,0.0,0.0,,
265,public,0.0,0.0,0.0,0.0,0.0,0.0,,
265,work,122.35616438356162,293.1184931506849,210.32876712328766,368.4497716894977,-87.97260273972604,-75.3312785388128,-71.89879086430814,-25.69994056979778
266,home,2378.3415387544687,10442.14794520548,2046.9618927746358,9062.58093607306,331.37964597983296,1379.5670091324191,13.93322365943184,13.211525218485805
266,public,1251.5518272760755,1110.0433789954338,1259.8179096572649,1151.7327625570776,-8.266082381189335,-41.68938356164381,-0.6604666463697271,-3.7556535492668615
266,work,44.87671232876713,82.29474885844749,153.9178082191781,286.01438356164385,-109.04109589041099,-203.71963470319636,-242.979242979243,-247.5487652968087
267,home,3559.26213085078,15192.954908675798,3127.3274412262695,13334.016210045664,431.9346896245106,1858.9386986301342,12.135512186096395,12.235530940519045
267,public,8606.273253936924,7448.820776255707,9038.956715473674,7684.868607305937,-432.68346153674975,-236.04783105023034,-5.027535714588419,-3.168928856533508
267,work,539.945205479452,1077.8302511415525,909.7534246575342,1667.0890410958905,-369.80821917808214,-589.258789954338,-68.48995331844935,-54.670834236675184
268,home,6127.010418766917,25194.64372146119,5420.220920239123,22075.716324200912,706.7894985277935,3118.9273972602787,11.53563402410596,12.379327255989446
268,public,5621.904109589041,4767.9857305936075,4878.123287671233,4210.040068493151,743.7808219178078,557.9456621004565,13.230051730145535,11.701915517918152
268,work,289.64383561643837,627.0191780821917,245.75342465753425,472.4299086757991,43.89041095890411,154.58926940639265,15.153234960272417,24.65463175771134
269,home,876.3699877613385,3387.1875570776256,874.5971243913026,3462.3707762557074,1.7728633700359069,-75.1832191780818,0.20229622132138897,-2.2196355504726717
269,public,0.0,0.0,0.0,0.0,0.0,0.0,,
269,work,2408.958904109589,4539.65593607306,2191.178082191781,4121.866324200913,217.78082191780823,417.78961187214645,9.040454012988047,9.203111816300932
27,home,184.000111788214,860.3276255707761,186.60928296918297,861.4960045662101,-2.609171180968957,-1.1683789954339545,-1.4180269542293211,-0.1358062859667914
27,public,432.3904109589041,335.32899543379,597.3904109589041,492.6039954337899,-165.0,-157.27499999999992,-38.15995818086775,-46.90170016360948
27,work,0.0,0.0,0.0,0.0,0.0,0.0,,
270,home,1634.010554465222,7367.738812785387,1559.0114010034738,6957.2585616438355,74.99915346174816,410.4802511415519,4.589881825230551,5.57131925509136
270,public,848.1301369863014,856.3706621004567,794.9760273972603,707.9696347031963,53.15410958904113,148.40102739726035,6.267211512836461,17.32906485064199
270,work,2237.2328767123286,4700.350799086758,1837.041095890411,3620.0577625570772,400.1917808219175,1080.293036529681,17.88780171199744,22.98324279837951
271,home,269.302847327707,1148.5492009132422,177.75901414969084,631.4812785388127,91.54383317801617,517.0679223744295,33.992894648684896,45.01922268225819
271,public,26491.164383561645,24696.46152968036,22170.16095890411,20447.339611872147,4321.003424657534,4249.121917808214,16.311111743124485,17.20538755198429
271,work,5063.287671232877,10657.75194063927,5662.54794520548,11365.554908675798,-599.2602739726026,-707.8029680365289,-11.835398517396241,-6.641203247915655
272,home,2220.7642354777136,9630.697031963471,1901.5356560550126,8560.027625570776,319.22857942270093,1070.6694063926952,14.374717240258102,11.117257690063697
272,public,12358.010273972603,12005.083333333334,11471.907534246575,11183.56598173516,886.1027397260277,821.5173515981733,7.170270294986421,6.843079125632946
272,work,2943.123287671233,6052.0502283105025,2510.0,5000.071347031963,433.1232876712329,1051.9788812785391,14.716450700029789,17.382190193292743
273,home,790.665991823443,3323.7496575342466,649.8548405177762,2735.0954337899543,140.81115130566684,588.6542237442923,17.80918273478875,17.710546352669372
273,public,5164.311643835616,4828.864611872146,4591.030821917808,4510.058789954338,573.2808219178087,318.8058219178083,11.100817716957605,6.602086567803101
273,work,1916.3561643835617,3945.0353881278543,1634.7945205479452,3204.379794520548,281.56164383561645,740.6555936073064,14.692552932934937,18.774371348764756
274,home,3111.326170314883,13360.504337899545,2570.3556730167725,11151.054337899543,540.9704972981103,2209.4500000000025,17.38713550702276,16.537175125436608
274,public,4886.712328767123,4165.447146118722,4493.123287671233,3706.2823059360726,393.58904109589,459.16484018264964,8.054270736971931,11.023182483793846
274,work,242.76712328767124,511.82317351598175,201.97260273972603,417.1638127853882,40.79452054794521,94.65936073059356,16.803972463604563,18.49454374649135
275,home,1715.0256122805836,8068.817922374429,1850.1623523068167,8729.836643835617,-135.13674002623316,-661.0187214611879,-7.879575620245861,-8.19226221015864
275,public,1417.7568493150684,1171.228196347032,1042.36301369863,995.3110730593606,375.3938356164383,175.91712328767142,26.47801248837518,15.019884582384798
275,work,104.41095890410959,288.19931506849315,211.04109589041096,472.3136986301369,-106.63013698630137,-184.11438356164376,-102.12542639727106,-63.88439317348389
276,home,0.0,0.0,0.0,0.0,0.0,0.0,,
276,public,700.6095890410959,583.5828767123288,626.4275551421589,554.8106164383562,74.182033898937,28.77226027397262,10.58821275918701,4.930278358416539
276,work,0.0,0.0,0.0,0.0,0.0,0.0,,
277,home,997.4786665682971,3696.54200913242,753.4347458367357,2653.5756849315067,244.04392073156134,1042.9663242009133,24.46607921662771,28.214648220532407
277,public,342.1678082191781,363.0681506849315,720.763698630137,602.6468036529681,-378.59589041095893,-239.57865296803658,-110.6462622481559,-65.98724027873808
277,work,32.76712328767123,74.35616438356165,0.0,0.0,32.76712328767123,74.35616438356165,100.0,100.0
278,home,4307.571783047236,17470.585502283106,4167.0969576756825,16873.711529680364,140.47482537155338,596.8739726027416,3.2611139743370576,3.4164508826835847
278,public,0.0,0.0,0.0,0.0,0.0,0.0,,
278,work,82.87671232876713,208.72066210045662,132.4931506849315,281.68675799086753,-49.616438356164366,-72.96609589041091,-59.8677685950413,-34.95873151997408
279,home,1637.066280101188,7555.078424657534,1637.6377562628415,7422.0910958904105,-0.5714761616534361,132.98732876712347,-0.0349085537097565,1.7602375685882001
279,public,1623.002384905409,1474.6551369863014,1689.1780821917807,1547.8626712328767,-66.17569728637181,-73.20753424657528,-4.077362910974936,-4.964383360586044
279,work,0.0,0.0,0.0,0.0,0.0,0.0,,
28,home,2854.6799860965166,12893.803995433791,2965.6078828119876,13295.702625570775,-110.92789671547098,-401.89863013698414,-3.8858259859506545,-3.1169903798701486
28,public,1924.359589041096,1684.5039954337901,1605.1712328767123,1181.6969178082193,319.18835616438355,502.80707762557086,16.58673139792103,29.848969132073144
28,work,0.0,0.0,0.0,0.0,0.0,0.0,,
280,home,1374.1871047070351,5448.045547945206,1170.7084017000645,4657.931506849315,203.4787030069706,790.1140410958906,14.807205096743395,14.50270623001475
280,public,3611.7671232876714,3051.5460045662103,2782.736301369863,2560.345091324201,829.0308219178082,491.2009132420094,22.953606742041803,16.09678872633728
280,work,375.5890410958904,678.4691780821918,280.2739726027397,540.6703196347032,95.3150684931507,137.79885844748856,25.377489240644834,20.310260642495273
281,home,0.0,0.0,0.0,0.0,0.0,0.0,,
281,public,1398.1678082191781,1172.5680365296803,1362.041095890411,1149.1484018264841,36.1267123287671,23.419634703196152,2.5838609726525643,1.9972943124484828
281,work,544.3561643835617,1013.9569634703197,432.1917808219178,800.5105022831051,112.16438356164389,213.4464611872146,20.60496250440385,21.050840309502203
282,home,0.0,0.0,0.0,0.0,0.0,0.0,,
282,public,0.0,0.0,0.0,0.0,0.0,0.0,,
282,work,456.2739726027397,808.239611872146,462.0821917808219,795.40901826484,-5.808219178082197,12.830593607306014,-1.2729674552660033,1.58747398900509
283,home,0.0,0.0,0.0,0.0,0.0,0.0,,
283,public,412.68835616438355,424.5753424657534,233.22260273972603,316.19931506849315,179.46575342465752,108.37602739726026,43.48699224098585,25.52574691875847
283,work,704.3013698630137,1327.5372146118723,649.945205479452,1180.1984018264839,54.35616438356169,147.33881278538843,7.717742249192833,11.098657812652386
284,home,0.0,0.0,0.0,0.0,0.0,0.0,,
284,public,20.34246575342466,33.50342465753425,0.0,0.0,20.34246575342466,33.50342465753425,100.0,100.0
284,work,485.36986301369865,923.5808219178082,403.5068493150685,782.6373287671233,81.86301369863014,140.94349315068484,16.866109731316325,15.260547837926822
285,home,0.0,0.0,0.0,0.0,0.0,0.0,,
285,public,76.02054794520548,104.66655251141552,116.47945205479452,147.39931506849314,-40.45890410958904,-42.73276255707762,-53.221010901883055,-40.82752467882894
285,work,0.0,0.0,0.0,0.0,0.0,0.0,,
286,home,1141.1575581501402,4363.716666666667,1022.9110904129847,4105.7756849315065,118.24646773715551,257.9409817351607,10.361975600357722,5.911038718565458
286,public,2114.7876712328766,1728.6713470319637,2363.530821917808,2045.5428082191781,-248.7431506849316,-316.87146118721444,-11.762086287363289,-18.33034727689944
286,work,703.4794520547945,1332.7267123287672,542.082191780822,1072.4985159817352,161.3972602739725,260.22819634703205,22.942711375939542,19.52599838659473
287,home,2832.7459000445438,11667.1100456621,2443.7069696836866,10154.932762557077,389.0389303608572,1512.177283105024,13.73363316331125,12.961026999717554
287,public,6511.107391174871,5754.447374429224,5658.671232876713,4647.128881278539,852.4361582981583,1107.3184931506848,13.092030388771454,19.242829434347176
287,work,40.0,88.90787671232877,84.98630136986301,181.68196347031966,-44.986301369863014,-92.77408675799089,-112.46575342465754,-104.34855739291993
288,home,1892.4671893369275,7575.689269406392,1830.5039377618377,7345.750228310502,61.96325157508977,229.93904109588948,3.274204801236217,3.0352227093641977
288,public,4435.523972602739,4016.8776255707767,4204.034246575343,3843.711301369863,231.4897260273965,173.16632420091355,5.218993910465998,4.310968377492146
288,work,123.28767123287672,246.5375570776256,102.41095890410959,256.07705479452056,20.876712328767127,-9.53949771689497,16.933333333333334,-3.869389244370315
289,home,2685.2405210267525,11632.932305936074,2279.8480558070096,9879.971575342466,405.3924652197429,1752.9607305936079,15.097063449077307,15.068949809835168
289,public,2677.030821917808,2483.622831050228,2553.0171232876714,2507.048287671233,124.01369863013679,-23.425456621005196,4.632509181993435,-0.9431970236438629
289,work,852.5753424657535,1806.3665525114156,895.013698630137,1759.043607305936,-42.43835616438355,47.322945205479755,-4.977666377454287,2.619786396049353
29,home,0.0,0.0,0.0,0.0,0.0,0.0,,
29,public,54.24657534246575,28.541095890410958,13.787671232876713,46.18641552511415,40.45890410958904,-17.645319634703192,74.58333333333334,-61.82425405967521
29,work,0.0,0.0,0.0,0.0,0.0,0.0,,
290,home,66.18311374025275,276.036301369863,126.68000309284322,543.9720319634703,-60.49688935259047,-267.9357305936073,-91.40834562426473,-97.06539656702553
290,public,1138.0102739726028,1021.528310502283,1297.7739726027398,1265.0857305936074,-159.76369863013701,-243.5574200913244,-14.03886259061869,-23.842454250882952
290,work,1678.3561643835617,3426.928082191781,1526.7123287671234,3066.187442922374,151.6438356164383,360.740639269407,9.035259549461308,10.526647499374597
291,home,104.40782523054884,488.0667808219178,43.321917808219176,256.26689497716893,61.08590742232966,231.79988584474887,58.50702022328538,47.49347731767188
291,public,8048.0445205479455,8052.00707762557,7694.244031838397,7287.622260273973,353.8004887095485,764.3848173515971,4.396105014158896,9.493096689838033
291,work,868.1095890410959,1810.9871004566212,838.986301369863,1645.0569634703195,29.1232876712329,165.9301369863017,3.3547939152938233,9.162414074869124
292,home,358.3498867199929,1892.816894977169,333.8995194893593,1849.9457762557076,24.450367230633617,42.87111872146147,6.823043103049345,2.264937450380195
292,public,7564.722602739726,7769.355136986302,7007.45205479452,6915.80388127854,557.2705479452061,853.5512557077618,7.366701691657254,10.986127428316406
292,work,5248.082191780822,10478.14109589041,3861.917808219178,7976.589840182649,1386.1643835616437,2501.551255707762,26.412779619430452,23.87399857298052
293,home,1982.8557377222814,8432.352283105023,1801.9842664664748,7431.443949771689,180.87147125580668,1000.9083333333338,9.121766541804742,11.869859082367132
293,public,6729.36301369863,5879.6507990867585,4662.1164383561645,4179.340639269406,2067.246575342466,1700.3101598173525,30.71979578355744,28.91855686534052
293,work,2076.931506849315,4135.001940639269,1469.5342465753424,2953.041095890411,607.3972602739727,1181.9608447488586,29.24493457154918,28.584287546093098
294,home,4455.76487271375,19506.096575342464,4264.665472454209,18080.185159817353,191.09940025954165,1425.9114155251118,4.2888124871623665,7.310080774067313
294,public,9964.116438356165,9009.672146118723,9293.568493150686,8122.975684931507,670.5479452054788,886.6964611872154,6.729627753287303,9.841606296064786
294,work,2660.054794520548,4872.808105022831,2128.5753424657532,4004.1283105022835,531.4794520547948,868.6797945205476,19.98001895109794,17.827088114246138
295,home,4093.432269835464,17177.211415525115,4105.343253073765,17484.51506849315,-11.91098323830056,-307.30365296803575,-0.290977899550768,-1.7890194486998536
295,public,2479.8972602739727,2159.044634703196,2496.321917808219,1973.166324200913,-16.424657534246307,185.87831050228306,-0.6623120157982574,8.609285214144531
295,work,452.8493150684931,869.0401826484017,386.2739726027397,705.5127853881279,66.57534246575341,163.5273972602738,14.701433843547703,18.817012207873255
296,home,3339.533177416121,13684.85673515982,2979.973119891879,11723.989383561644,359.560057524242,1960.8673515981754,10.766776025936728,14.328738616314608
296,public,2014.1233602028735,1904.0861872146118,1538.8698630136987,1356.3872146118722,475.2534971891748,547.6989726027396,23.596047123017563,28.76440028189794
296,work,392.1917808219178,737.162100456621,358.05479452054794,646.6615296803654,34.13698630136986,90.50057077625559,8.704156479217604,12.276888722330778
297,home,2720.1961476578704,11619.014726027397,2421.061000598925,10697.814497716896,299.1351470589452,921.2002283105012,10.996822685617913,7.928385065619626
297,public,3057.3972602739727,2881.650228310502,2773.845890410959,2525.159589041096,283.55136986301386,356.4906392694061,9.274273040906856,12.371058630471433
297,work,55.04109589041096,128.12625570776254,100.63013698630137,226.03139269406392,-45.58904109589041,-97.90513698630139,-82.82727725236435,-76.41301655580168
298,home,2737.8024583665538,11348.178767123287,2710.6753450885863,11003.283561643835,27.12711327796751,344.89520547945176,0.9908353027833963,3.039211952482144
298,public,713.568493150685,782.1958904109589,926.9760273972603,1025.4170091324202,-213.40753424657532,-243.22111872146127,-29.90708478513356,-31.094655661470558
298,work,0.0,0.0,39.89041095890411,69.42385844748858,-39.89041095890411,-69.42385844748858,,
299,home,1000.0597234623344,4080.5368721461186,1064.933388831039,4141.7078767123285,-64.87366536870468,-61.17100456620983,-6.486979112017807,-1.4990920676091706
299,public,5810.034246575343,5074.4228310502285,6195.049679007978,5095.983219178082,-385.01543243263495,-21.560388127853912,-6.626732581818737,-0.42488355514890475
299,work,0.0,0.0,0.0,0.0,0.0,0.0,,
3,home,898.8884330570055,3651.2888127853876,927.1427243160776,3660.612442922374,-28.254291259072147,-9.323630136986594,-3.1432478403335202,-0.255351757010809
3,public,0.0,0.0,0.0,0.0,0.0,0.0,,
3,work,0.0,0.0,0.0,0.0,0.0,0.0,,
30,home,561.3279199347152,2471.7546803652967,497.34771214570424,2146.1729452054797,63.98020778901093,325.5817351598171,11.398009170192728,13.172089356039972
30,public,818.5958904109589,578.405707762557,669.9075342465753,527.2035388127854,148.68835616438355,51.20216894977159,18.1638288080994,8.852293167686156
30,work,0.0,0.0,0.0,0.0,0.0,0.0,,
300,home,584.5997555767348,2113.171232876712,528.0900778944721,1978.6304794520547,56.50967768226269,134.5407534246574,9.666387497290907,6.366770062523695
300,public,2722.763698630137,2249.123858447488,2132.719178082192,1726.9505707762557,590.044520547945,522.1732876712324,21.670794305242325,23.21674218651858
300,work,0.0,0.0,0.0,0.0,0.0,0.0,,
301,home,409.1214934472722,1850.2948630136987,322.9461530477354,1603.9466894977168,86.17534039953682,246.3481735159819,21.063508463811164,13.3139954306925
301,public,0.0,0.0,0.0,0.0,0.0,0.0,,
301,work,0.0,0.0,0.0,0.0,0.0,0.0,,
302,home,0.0,0.0,0.0,0.0,0.0,0.0,,
302,public,145.56164383561645,161.33607305936076,30.513698630136986,58.94178082191781,115.04794520547946,102.39429223744295,79.03726708074534,63.46645873782287
302,work,0.0,0.0,0.0,0.0,0.0,0.0,,
303,home,1120.6686416893779,4772.02602739726,1187.1945290087367,5358.793835616439,-66.52588731935884,-586.7678082191787,-5.93626740720369,-12.295989268508063
303,public,112.59931506849315,126.2851598173516,0.0,0.0,112.59931506849315,126.2851598173516,100.0,100.0
303,work,0.0,0.0,0.0,0.0,0.0,0.0,,
304,home,145.7587656285323,831.4735159817351,157.25342465753425,923.9866438356164,-11.494659029001951,-92.51312785388131,-7.8860842292642666,-11.126407044324132
304,public,644.9520317509221,459.70342465753424,769.3219178082192,570.7676940639269,-124.3698860572971,-111.06426940639267,-19.283586985478056,-24.159983034525432
304,work,0.0,0.0,0.0,0.0,0.0,0.0,,
305,home,3684.1661225153457,15835.50102739726,3233.07340980774,13873.951484018264,451.09271270760564,1961.5495433789965,12.244092630644582,12.387038086040269
305,public,1295.25,859.052397260274,1260.5725404732254,845.7843607305937,34.677459526774555,13.26803652968033,2.6772792531769585,1.5444967701615535
305,work,271.3424657534247,485.74121004566206,334.958904109589,593.9722602739726,-63.61643835616434,-108.2310502283105,-23.445072697899818,-22.28162815712841
306,home,2433.887283448294,11504.453767123288,2059.77216438945,9951.000228310502,374.1151190588439,1553.453538812786,15.371094692963899,13.503062120621049
306,public,444.7842465753425,412.15194063926936,583.0753424657535,576.2949771689498,-138.291095890411,-164.14303652968044,-31.0917252477344,-39.82585555101013
306,work,914.027397260274,1731.6092465753425,664.9589041095891,1261.4986301369863,249.06849315068496,470.11061643835615,27.24956537377855,27.148770276441326
307,home,0.0,0.0,0.0,0.0,0.0,0.0,,
307,public,820.1404109589041,714.4623287671233,515.2671232876712,489.0997716894977,304.8732876712329,225.36255707762558,37.1733039364292,31.542958670264863
307,work,615.8630136986301,1292.6981735159816,607.972602739726,1169.7341324200913,7.890410958904113,122.96404109589025,1.2811957827305491,9.512200420415466
308,home,0.0,0.0,0.0,0.0,0.0,0.0,,
308,public,289.6917808219178,205.75365296803656,261.9657534246575,170.95958904109588,27.72602739726028,34.79406392694068,9.570871261378416,16.910544928378926
308,work,0.0,0.0,0.0,0.0,0.0,0.0,,
309,home,0.0,0.0,0.0,0.0,0.0,0.0,,
309,public,335.1986301369863,300.7178082191781,290.4828767123288,256.64098173515987,44.71575342465752,44.07682648401823,13.340076421667787,14.657205286589761
309,work,0.0,0.0,0.0,0.0,0.0,0.0,,
31,home,481.5533761485497,2076.3305936073057,440.14675790644554,1842.983105022831,41.40661824210417,233.3474885844746,8.59855216326654,11.238455441677482
31,public,27.386986301369863,83.00513698630137,78.35616438356165,100.6324200913242,-50.96917808219179,-17.62728310502284,-186.10729023383774,-21.23637613890323
31,work,173.17808219178082,300.9705479452055,284.4931506849315,481.1852739726027,-111.31506849315068,-180.2147260273972,-64.27780414491379,-59.877860892955866
310,home,0.0,0.0,0.0,0.0,0.0,0.0,,
310,public,0.0,0.0,0.0,0.0,0.0,0.0,,
310,work,270.0,524.931506849315,275.45205479452056,507.86449771689496,-5.4520547945205635,17.067009132420083,-2.0192795535261348,3.251283054975642
311,home,0.0,0.0,0.0,0.0,0.0,0.0,,
311,public,105.85616438356165,98.84246575342466,62.38356164383562,78.55707762557077,43.47260273972603,20.285388127853892,41.06761565836299,20.522948282632306
311,work,0.0,0.0,0.0,0.0,0.0,0.0,,
312,home,3398.261110405211,14617.939726027398,3269.4807420432553,14618.166780821917,128.78036836195588,-0.22705479451906285,3.7895960368566266,-0.001553261258252347
312,public,4479.260273972603,3885.6247716894977,5167.890410958904,4433.357305936072,-688.6301369863013,-547.7325342465747,-15.373746888245977,-14.096382600742391
312,work,289.94520547945206,637.7635844748859,395.47945205479454,837.3704337899543,-105.53424657534248,-199.60684931506842,-36.39799678730039,-31.297937695740078
313,home,1799.268417940174,7115.4105022831045,1710.4273992354035,7250.080821917808,88.84101870477048,-134.67031963470345,4.93761896885162,-1.8926570658360766
313,public,2380.2568493150684,1831.447602739726,1252.7945205479452,995.3734018264839,1127.4623287671232,836.0742009132422,47.36725488644456,45.651003046034724
313,work,152.93150684931507,355.862899543379,153.67123287671234,286.8536529680365,-0.7397260273972677,69.0092465753425,-0.4836975994267336,19.392087982166966
314,home,1090.1669853178028,4655.586757990868,1254.0582914683434,5123.685502283105,-163.8913061505407,-468.0987442922369,-15.033596536842795,-10.054559578098084
314,public,2395.400684931507,2291.3728310502283,1798.6883561643835,1772.969292237443,596.7123287671234,518.4035388127854,24.91075219777628,22.624146179440395
314,work,1874.7945205479452,3469.306050228311,2269.6438356164385,4310.208675799087,-394.8493150684933,-840.9026255707763,-21.060938185006584,-24.238352379301833
315,home,1163.446247163018,5213.321347031963,1023.6772179476758,4485.392123287671,139.76902921534213,727.9292237442924,12.013363707705372,13.96286887549557
315,public,9208.243150684932,7906.701940639268,8573.256849315068,7534.948287671233,634.9863013698632,371.75365296803557,6.895846373503195,4.701753724359802
315,work,504.958904109589,1101.6316210045663,254.3013698630137,561.6616438356165,250.65753424657532,539.9699771689499,49.63919483478921,49.01547548867169
316,home,2701.3187696429027,11704.970662100455,2815.937620358975,11883.542694063928,-114.6188507160723,-178.5720319634729,-4.2430701627718,-1.525608539470087
316,public,3898.6335616438355,3580.8866438356163,4075.27397260274,3619.925114155251,-176.64041095890434,-39.0384703196346,-4.530828767718938,-1.0901900619177123
316,work,1178.4109589041095,2048.0916666666662,984.4657534246576,1642.7416666666666,193.94520547945194,405.3499999999997,16.458197712266337,19.79159461449885
317,home,0.0,0.0,0.0,0.0,0.0,0.0,,
317,public,433.7842465753425,357.49235159817357,180.21917808219177,200.17465753424656,253.5650684931507,157.317694063927,58.45419018671299,44.005890856304056
317,work,1303.7808219178082,2343.1949771689497,1088.6301369863013,1998.3795662100456,215.15068493150693,344.81541095890407,16.50205934269144,14.715609000472952
318,home,495.2978608529474,2260.8679223744293,423.29151637106366,1893.114497716895,72.00634448188373,367.7534246575344,14.53798818308691,16.266028679433386
318,public,850.7671232876712,885.2955479452055,1119.2123287671234,1097.0899543378996,-268.44520547945217,-211.7944063926941,-31.553312079348224,-23.92358200425548
318,work,2097.698630136986,4185.869748858448,1637.5616438356165,3352.2134703196343,460.1369863013697,833.6562785388132,21.935323772954046,19.915963194176417
319,home,332.95770046470034,1271.162785388128,225.5952989167186,864.0458904109589,107.36240154798173,407.11689497716907,32.24505737459709,32.027125058799044
319,public,1901.304794520548,1615.5308219178082,1778.2328767123288,1599.463926940639,123.07191780821927,16.066894977169113,6.473024112856892,0.9945272946322365
319,work,1164.849315068493,2346.931278538813,707.6986301369863,1489.101598173516,457.1506849315068,857.8296803652968,39.245478279276526,36.55112052958692
32,home,117.36986301369863,672.8713470319635,77.98165765651704,416.90445205479455,39.38820535718159,255.96689497716898,33.55904518060523,38.04098600813355
32,public,0.0,0.0,0.0,0.0,0.0,0.0,,
32,work,0.0,0.0,0.0,0.0,0.0,0.0,,
320,home,3009.675914232203,13688.839726027398,2394.277260274233,11126.157305936073,615.39865395797,2562.682420091325,20.447339563966445,18.720961537877795
320,public,4475.545602098026,4483.6793378995435,4433.360959896285,4256.405821917808,42.18464220174155,227.27351598173573,0.9425586498764849,5.06890655762653
320,work,133.2054794520548,272.74212328767123,105.78082191780823,215.54566210045664,27.424657534246563,57.196461187214595,20.588235294117638,20.970893860383775
321,home,3318.0153761423594,12802.843835616439,2822.3172259859316,11111.5651826484,495.6981501564278,1691.278652968038,14.939597740283645,13.210179509204373
321,public,8932.565068493152,8247.530707762557,6862.410441814729,6537.671347031963,2070.1546266784226,1709.8593607305938,23.175365763416043,20.731773197537517
321,work,1182.3561643835617,2321.5025114155255,854.6849315068494,1566.357420091324,327.67123287671234,755.1450913242015,27.713411808323293,32.528290949974256
322,home,3741.5112252424565,16771.002397260276,3281.249695364009,14958.761301369863,460.2615298784476,1812.241095890413,12.30148734482607,10.805800708647338
322,public,4865.239726027397,4520.274543378996,4051.6164383561645,3835.968949771689,813.6232876712329,684.305593607307,16.723190089043747,15.13858477046783
322,work,386.6849315068493,699.609703196347,483.3972602739726,887.9271689497716,-96.71232876712332,-188.31746575342459,-25.010627745500933,-26.917503415554098
323,home,2196.491481611454,9577.56484018265,2101.411138921979,8878.460616438357,95.0803426894754,699.1042237442925,4.328737146739116,7.2993943179711245
323,public,1936.0,1900.1076484018263,1566.7465753424658,1258.9922374429223,369.2534246575342,641.115410958904,19.073007471980073,33.74100470034652
323,work,1789.2876712328766,3322.7378995433796,1634.1917808219177,3084.839383561644,155.09589041095887,237.89851598173573,8.668024315178611,7.159713560748455
324,home,5529.270821222793,22612.519292237444,5231.546978719935,20872.693150684932,297.7238425028572,1739.8261415525121,5.384504614245245,7.694083613893343
324,public,6385.236301369863,5151.680707762557,5441.647260273972,4346.739840182649,943.5890410958909,804.9408675799086,14.777668304827763,15.624820582669711
324,work,600.8767123287671,1031.9937214611873,302.32876712328766,588.6334474885845,298.54794520547944,443.36027397260284,49.68539120919205,42.96152822953752
325,home,5052.143911229655,21101.2198630137,4659.3940837777345,18794.481621004565,392.7498274519203,2306.7382420091344,7.773923988565239,10.931776726578704
325,public,206.36301369863014,257.1389269406393,436.79794520547944,471.9236301369863,-230.4349315068493,-214.78470319634698,-111.66484118291345,-83.52866123841692
325,work,20.164383561643834,81.95981735159816,79.83561643835617,156.5732876712329,-59.67123287671234,-74.61347031963473,-295.9239130434783,-91.03664787288574
326,home,804.3967674858168,3312.929223744292,527.0243350797851,2191.8707762557074,277.37243240603163,1121.0584474885845,34.482042148549816,33.83888914540582
326,public,0.0,0.0,0.0,0.0,0.0,0.0,,
326,work,0.0,0.0,0.0,0.0,0.0,0.0,,
327,home,311.43248501630893,1081.7891552511414,68.36901990181782,270.5172374429224,243.06346511449112,811.2719178082191,78.04692086047558,74.99353398674803
327,public,707.7294520547945,694.7417808219178,838.7123287671233,704.0647260273972,-130.9828767123288,-9.322945205479414,-18.5074785756108,-1.3419295431534082
327,work,0.0,0.0,0.0,0.0,0.0,0.0,,
328,home,1199.4053758679247,4671.158789954338,1253.1295383573063,4776.09006849315,-53.72416248938157,-104.93127853881197,-4.479233090855975,-2.246365051097689
328,public,1233.5821917808219,1158.9745433789953,886.931506849315,674.0285388127853,346.6506849315068,484.94600456621004,28.101142124228915,41.8426795770982
328,work,257.3424657534247,504.7737442922375,140.986301369863,277.8392694063927,116.35616438356166,226.9344748858448,45.21452145214522,44.95766221043019
329,home,238.4252879018251,926.3044520547945,267.69584721894375,999.7667808219178,-29.270559317118654,-73.46232876712327,-12.276616953974786,-7.9306893758487185
329,public,24.26027397260274,53.11004566210047,0.0,0.0,24.26027397260274,53.11004566210047,100.0,100.0
329,work,0.0,0.0,0.0,0.0,0.0,0.0,,
33,home,699.9747067075273,2610.878196347032,686.8492415264654,2567.6006849315067,13.125465181061827,43.27751141552517,1.8751342091773728,1.6575844662564574
33,public,0.0,0.0,0.0,0.0,0.0,0.0,,
33,work,0.0,0.0,0.0,0.0,0.0,0.0,,
330,home,1884.9175906287176,8056.842351598174,1726.6054694012219,7437.881735159816,158.3121212274957,618.9606164383576,8.398888206814942,7.682421840059701
330,public,0.0,0.0,0.0,0.0,0.0,0.0,,
330,work,0.0,0.0,0.0,0.0,0.0,0.0,,
331,home,1753.390379674678,7564.056506849315,1670.0251338826113,7236.0853881278545,83.36524579206662,327.9711187214607,4.754517120570384,4.335915767214062
331,public,3164.345890410959,2702.127625570776,3016.476702857802,2655.689383561644,147.86918755315673,46.43824200913241,4.67297800791154,1.7185806314134833
331,work,939.6164383561644,1662.0132420091322,541.1232876712329,1080.1305936073059,398.4931506849315,581.8826484018264,42.41019360858409,35.01071072685407
332,home,309.24567405827503,1577.3590182648402,251.8522994254069,1196.5939497716895,57.39337463286813,380.7650684931507,18.55915197767739,24.13940416126748
332,public,0.0,0.0,0.0,0.0,0.0,0.0,,
332,work,119.58904109589041,219.45742009132422,152.87671232876713,299.8791095890411,-33.28767123287672,-80.42168949771687,-27.83505154639176,-36.64569166276104
333,home,0.0,0.0,0.0,0.0,0.0,0.0,,
333,public,135.16438356164383,85.98219178082192,41.58904109589041,38.24931506849315,93.57534246575342,47.73287671232877,69.23076923076923,55.51484060095273
333,work,0.0,0.0,0.0,0.0,0.0,0.0,,
334,home,0.0,0.0,0.0,0.0,0.0,0.0,,
334,public,0.0,0.0,0.0,0.0,0.0,0.0,,
334,work,230.1095890410959,418.5082191780822,84.63013698630137,151.32020547945206,145.47945205479454,267.18801369863013,63.22181212049054,63.84295491815352
335,home,0.0,0.0,0.0,0.0,0.0,0.0,,
335,public,208.39726027397265,240.51609589041095,150.83561643835617,131.2326484018265,57.56164383561648,109.28344748858444,27.621113521330454,45.4370619496412
335,work,17.643835616438356,63.45479452054794,0.0,0.0,17.643835616438356,63.45479452054794,100.0,100.0
336,home,0.0,0.0,0.0,0.0,0.0,0.0,,
336,public,815.0924657534247,910.5148401826483,850.3527397260274,864.94200913242,-35.260273972602704,45.572831050228274,-4.325923187133147,5.005171693971118
336,work,319.4246575342466,735.525,274.1917808219178,638.8730593607306,45.23287671232879,96.65194063926936,14.160734196757875,13.140537798072039
337,home,4053.5285134668115,18033.858447488583,3767.467833160416,16822.867465753425,286.0606803063956,1210.9909817351581,7.057078280220114,6.7150964130130575
337,public,2111.8087699782914,1493.5406392694063,1889.5513698630136,1499.3779680365299,222.25740011527773,-5.8373287671236085,10.52450407796926,-0.3908382948306682
337,work,220.986301369863,475.625,132.24657534246575,297.33253424657534,88.73972602739727,178.29246575342466,40.15621125712869,37.485932352888234
338,home,2279.263962175093,10325.709817351599,2308.0944811812083,9910.17910958904,-28.830519006115082,415.53070776255845,-1.2649047887635718,4.024233831017501
338,public,3327.6130136986303,2938.718264840182,3442.9246575342468,2832.966095890411,-115.31164383561645,105.7521689497712,-3.465296095456964,3.59858140247828
338,work,0.0,0.0,0.0,0.0,0.0,0.0,,
339,home,3110.1820262645956,12467.606278538811,2818.6090869479294,11303.147260273972,291.5729393166662,1164.459018264839,9.374786969200397,9.339876414523031
339,public,501.6678082191781,641.0707762557078,824.3972602739726,906.7969178082192,-322.72945205479454,-265.7261415525114,-64.33130584966584,-41.450359522630876
339,work,106.68493150684931,195.13607305936074,153.5068493150685,363.3625570776256,-46.8219178082192,-168.22648401826484,-43.88803287108374,-86.20983367185526
34,home,0.0,0.0,0.0,0.0,0.0,0.0,,
34,public,152.4931506849315,133.73607305936073,158.44520547945206,136.16575342465754,-5.9520547945205635,-2.4296803652968038,-3.903162055335979,-1.816772625152792
34,work,0.0,0.0,0.0,0.0,0.0,0.0,,
340,home,2653.0168581871576,11840.170547945205,2403.2034954864484,10562.032648401828,249.81336270070915,1278.137899543377,9.416199596688957,10.794928116683172
340,public,4990.082191780822,4810.517351598173,4358.938356164384,4300.721118721461,631.1438356164381,509.79623287671257,12.647964730039854,10.597534435819998
340,work,665.6986301369863,1393.01997716895,511.3972602739726,1006.3689497716894,154.30136986301363,386.6510273972606,23.178862457815452,27.75631604243435
341,home,0.0,0.0,0.0,0.0,0.0,0.0,,
341,public,1517.359589041096,1467.4490867579907,1470.5719178082193,1309.657305936073,46.78767123287662,157.79178082191765,3.0834926388440564,10.75279423632504
341,work,982.6027397260274,1786.9998858447486,1029.6438356164383,1962.8897260273973,-47.04109589041093,-175.88984018264864,-4.787397183884006,-9.842744903114651
342,home,0.0,0.0,0.0,0.0,0.0,0.0,,
342,public,2263.02397260274,2195.6123287671235,2156.0753424657532,2023.152283105023,106.9486301369866,172.46004566210058,4.725916801225189,7.854758483659093
342,work,380.43835616438355,884.8035388127853,509.9178082191781,1080.1350456621003,-129.47945205479454,-195.33150684931502,-34.034279130059055,-22.076257415449263
343,home,0.0,0.0,0.0,0.0,0.0,0.0,,
343,public,157.46575342465752,220.9697488584475,127.17808219178082,162.74668949771691,30.287671232876704,58.22305936073059,19.234449760765546,26.348882442740198
343,work,214.46575342465752,439.02066210045666,244.63013698630138,540.0772831050228,-30.16438356164386,-101.05662100456618,-14.06489524782832,-23.018648033800837
344,home,13.08904109589041,89.79497716894979,26.66780821917808,157.93858447488583,-13.57876712328767,-68.14360730593604,-103.74149659863946,-75.88799446735584
344,public,0.0,0.0,0.0,0.0,0.0,0.0,,
344,work,1617.150684931507,3180.5579908675795,1453.2602739726028,2744.922716894977,163.8904109589041,435.6352739726026,10.134516992511774,13.696819087199595
345,home,1563.3947369013556,6425.486187214611,1402.9389674226486,5813.092579908676,160.455769478707,612.3936073059349,10.26329216105268,9.530696813643013
345,public,2088.9828767123286,1869.2192922374431,2283.931506849315,2251.934817351598,-194.9486301369866,-382.71552511415507,-9.332227291580272,-20.474618826346862
345,work,2417.6438356164385,4615.540525114156,1500.5205479452054,2950.9453196347035,917.1232876712331,1664.595205479452,37.934590453741905,36.065011160058695
346,home,553.7327737612218,2504.793378995434,762.7024081466345,3328.927397260274,-208.96963438541275,-824.13401826484,-37.73835400169464,-32.90227550007998
346,public,1618.2808219178082,1438.833789954338,1085.0821917808219,1163.775,533.1986301369864,275.05878995433795,32.948461287769454,19.116786933608715
346,work,133.26027397260273,266.35947488584475,173.72602739726028,385.96974885844753,-40.46575342465755,-119.61027397260278,-30.365953947368435,-44.905582586789855
347,home,1461.2604585100096,6267.444406392695,1408.544228708778,6104.317808219178,52.71622980123152,163.12659817351687,3.607586142102566,2.602760991499666
347,public,5140.654109589041,4607.071232876712,5806.982876712329,4688.5134703196345,-666.3287671232883,-81.4422374429223,-12.961945171147816,-1.7677659694458157
347,work,1193.945205479452,2379.971118721461,1202.9041095890411,2233.781278538813,-8.958904109589184,146.18984018264837,-0.7503614126070016,6.142504799015489
348,home,2796.2085429355866,12592.7200913242,2615.7172712901765,11496.598630136987,180.49127164541005,1096.1214611872128,6.4548573138941245,8.704405825254463
348,public,1671.2842465753424,1401.627397260274,2105.181506849315,1666.138698630137,-433.89726027397273,-264.5113013698631,-25.96190690859913,-18.871727385387636
348,work,387.9178082191781,779.5648401826485,195.58904109589042,381.13470319634706,192.32876712328766,398.4301369863014,49.57977258280952,51.10930052886314
349,home,4278.227799284022,18243.172374429225,4096.807346891703,16997.873515981733,181.42045239231902,1245.2988584474915,4.2405514830856,6.826109148609375
349,public,6966.804794520548,6238.441438356164,6147.380136986301,5376.835616438356,819.4246575342468,861.6058219178085,11.761843222286512,13.811235232895646
349,work,80.1917808219178,194.00456621004568,54.246575342465746,92.31164383561644,25.945205479452056,101.69292237442924,32.35394601981552,52.41779838538847
35,home,409.92551780277785,1687.341324200913,470.8790186917163,2024.0091324200914,-60.953500888938436,-336.66780821917837,-14.869408768610546,-19.95256107288291
35,public,0.0,0.0,0.0,0.0,0.0,0.0,,
35,work,0.0,0.0,0.0,0.0,0.0,0.0,,
350,home,2505.858607304141,10542.683904109588,2014.3389424897157,9110.589383561644,491.51966481442537,1432.0945205479438,19.61482038059654,13.583775569612843
350,public,1696.1849315068494,1571.8349315068492,1707.1849315068494,1729.9512557077624,-11.0,-158.11632420091314,-0.6485141918002931,-10.05934662931393
350,work,0.0,0.0,0.0,0.0,0.0,0.0,,
351,home,2024.341087938147,7877.958219178082,2045.6052841218939,7980.52899543379,-21.26419618374689,-102.57077625570855,-1.0504255587384792,-1.301996956597339
351,public,2625.0068493150684,2111.355821917808,2169.180376183413,1558.3722602739726,455.82647313165535,552.9835616438354,17.36477271480614,26.19092224547655
351,work,0.0,0.0,0.0,0.0,0.0,0.0,,
352,home,1846.2932573272037,7948.605593607307,1861.713825749426,8171.236872146118,-15.420568422222232,-222.63127853881088,-0.8352177185842026,-2.8008847076003223
352,public,7639.526483340211,6501.8117579908685,6600.914282517406,5884.3198630136985,1038.6122008228049,617.49189497717,13.59524314874415,9.497228125964414
352,work,0.0,0.0,0.0,0.0,0.0,0.0,,
353,home,3441.8275944319,14022.522031963472,3265.025380678619,12939.41712328767,176.80221375328074,1083.1049086758012,5.136870133742516,7.724037845737953
353,public,2482.345890410959,2136.429908675799,2140.2157534246576,1885.6331050228312,342.1301369863013,250.79680365296804,13.78253281736095,11.73906069347329
353,work,311.9178082191781,676.6074200913242,278.6849315068493,598.5776255707763,33.23287671232879,78.02979452054797,10.654369784804574,11.53250647325387
354,home,1314.129648142072,6681.975,1333.9600106856926,6547.774771689497,-19.830362543620595,134.200228310503,-1.509011121669535,2.0083916553190186
354,public,299.5993150684931,345.25456621004565,655.931506849315,511.35616438356163,-356.3321917808219,-166.10159817351598,-118.93625047152018,-48.10989178126127
354,work,0.0,0.0,0.0,0.0,0.0,0.0,,
355,home,2528.202456332143,10648.71586757991,2707.000564592207,11188.110388127854,-178.79810826006405,-539.3945205479449,-7.072143601959004,-5.065348040603988
355,public,1827.939501053283,1373.1615296803652,2108.8356164383563,1623.6263698630137,-280.89611538507324,-250.46484018264846,-15.366816857079634,-18.240012902265757
355,work,0.0,0.0,0.0,0.0,0.0,0.0,,
356,home,3611.9145562693834,15252.925114155249,3424.2607377826675,14526.520662100458,187.65381848671586,726.4044520547905,5.195411341084899,4.762394403816103
356,public,3033.178811571148,2644.0455479452053,2841.6917808219177,2399.122146118721,191.48703074923014,244.92340182648422,6.313080851637702,9.263206604622379
356,work,141.91780821917808,310.09600456621007,85.47945205479452,193.11621004566211,56.43835616438356,116.97979452054796,39.76833976833977,37.72373484275933
357,home,619.101452630789,2504.729109589041,540.7773408471504,2277.869178082192,78.32411178363861,226.85993150684908,12.651256341074756,9.05726414239146
357,public,1222.3184931506848,1162.6010273972602,1159.4075342465753,1037.627283105023,62.91095890410952,124.97374429223714,5.1468548710204285,10.749495428540824
357,work,0.0,0.0,0.0,0.0,0.0,0.0,,
358,home,147.28215258599843,760.6823059360729,144.25689942732023,723.5689497716895,3.025253158678197,37.11335616438339,2.054052786139002,4.878956152228729
358,public,505.51027397260276,418.8315068493151,300.3150684931507,204.650799086758,205.19520547945206,214.18070776255706,40.59169833817721,51.13767810204733
358,work,0.0,0.0,0.0,0.0,0.0,0.0,,
359,home,0.0,0.0,0.0,0.0,0.0,0.0,,
359,public,0.0,0.0,0.0,0.0,0.0,0.0,,
359,work,2.5205479452054793,21.340639269406388,30.21917808219178,77.63196347031963,-27.698630136986303,-56.291324200913245,-1098.913043478261,-263.77524820267035
36,home,536.1897838658285,2029.441210045662,411.8659747547854,1493.3009132420088,124.32380911104315,536.1402968036532,23.18653074937229,26.418124070299633
36,public,1067.4897260273972,889.7696347031963,963.1479976093444,761.0479452054794,104.34172841805275,128.72168949771685,9.774494861543502,14.466855743021059
36,work,109.8082191780822,205.0517123287671,106.41095890410959,178.99851598173515,3.3972602739726057,26.053196347031957,3.0938123752495037,12.705671194425282
360,home,0.0,0.0,0.0,0.0,0.0,0.0,,
360,public,264.8664383561644,286.27785388127853,901.9246575342465,697.7402968036529,-637.0582191780821,-411.46244292237435,-240.52055184184323,-143.7283524882825
360,work,1985.3424657534247,3916.195890410959,1906.054794520548,3860.750799086758,79.28767123287662,55.4450913242008,3.9936521079141607,1.415789528301213
361,home,0.0,0.0,0.0,0.0,0.0,0.0,,
361,public,1932.9486301369864,1974.692808219178,1513.7808219178082,1616.697602739726,419.16780821917814,357.9952054794519,21.685408586852724,18.12915932996687
361,work,11721.013698630137,22583.791780821917,9221.123287671233,18047.2401826484,2499.890410958904,4536.551598173519,21.32827821241325,20.08764357288285
362,home,5093.477421199338,21233.294634703198,4637.821298221598,19557.721232876713,455.65612297773987,1675.5734018264848,8.945874994581768,7.891254893095898
362,public,5717.0993150684935,5034.126826484018,6047.212328767123,5585.119520547945,-330.1130136986294,-550.992694063927,-5.774134670505973,-10.945149239490982
362,work,64.3013698630137,161.26255707762556,64.82191780821918,123.59794520547945,-0.5205479452054789,37.66461187214611,-0.8095440988495942,23.356080019254453
363,home,2086.2854007362007,8736.785388127853,1522.4383870649096,6247.497602739726,563.847013671291,2489.2877853881273,27.026360510039652,28.492033108318573
363,public,1095.9315068493152,824.2760273972602,950.2568493150685,933.7574200913241,145.67465753424665,-109.48139269406386,13.292314038223573,-13.282127473701141
363,work,17.643835616438356,35.928310502283104,0.0,0.0,17.643835616438356,35.928310502283104,100.0,100.0
364,home,3692.035083820988,16305.697260273973,3406.3011448717393,14884.941324200912,285.73393894924857,1420.755936073061,7.739198909603392,8.71324858664271
364,public,2015.599315068493,1896.4391552511415,1967.5411096992673,1762.6186073059364,48.05820536922579,133.82054794520513,2.3843134401736337,7.056411357815673
364,work,283.041095890411,525.5114155251141,107.78082191780823,208.52271689497715,175.26027397260276,316.9886986301369,61.92043364630724,60.320040491106724
365,home,2235.910398240057,9217.15707762557,2099.1354643020372,8931.57716894977,136.77493393801979,285.57990867579974,6.117192086305376,3.098351327537188
365,public,4951.657534246576,4599.415867579909,4352.948630136986,3758.9013698630138,598.7089041095896,840.5144977168952,12.091080612275961,18.2743748753285
365,work,102.63013698630137,238.79406392694062,22.684931506849313,49.1296803652968,79.94520547945206,189.66438356164383,77.89642285104111,79.42592057885992
366,home,771.8280488282911,3545.7366438356166,666.989701003191,2855.250114155251,104.83834782510007,690.4865296803655,13.58312230091336,19.473711644117724
366,public,550.7157534246576,550.6148401826484,725.5479452054794,651.7899543378995,-174.83219178082186,-101.1751141552511,-31.746357479991776,-18.374934123041356
366,work,1177.6438356164383,2547.746803652968,989.3150684931506,2195.5778538812788,188.32876712328766,352.1689497716893,15.991997022147775,13.822760930040154
367,home,1838.6620359873534,7410.249771689498,1352.227075744544,5396.697945205479,486.43496024280944,2013.5518264840184,26.455920159443334,27.17252303932718
367,public,4484.404346375108,3934.6890410958904,3959.208904109589,3480.078767123288,525.1954422655185,454.6102739726025,11.711598725258826,11.55390601962244
367,work,35.12328767123287,107.9853881278539,27.34246575342466,97.27123287671233,7.780821917808215,10.714155251141563,22.15288611544461,9.921856500118407
368,home,2262.136983591692,8695.111415525114,2089.7945653870183,8432.892579908676,172.34241820467378,262.2188356164388,7.6185668443048185,3.0157041478300934
368,public,0.0,0.0,0.0,0.0,0.0,0.0,,
368,work,87.26027397260275,130.52682648401827,9.972602739726028,25.980707762557074,77.28767123287672,104.5461187214612,88.57142857142857,80.09550338241147
369,home,0.0,0.0,0.0,0.0,0.0,0.0,,
369,public,1620.4657534246576,1301.0963470319634,1263.6438356164383,970.5222602739726,356.82191780821927,330.5740867579908,22.019713594941425,25.407348772601676
369,work,932.1643835616438,1773.6666666666667,710.4109589041096,1486.54200913242,221.7534246575342,287.1246575342468,23.78909005407947,16.188197192308596
37,home,59.95682803535295,334.28527397260274,59.73453909374423,328.3623287671233,0.22228894160871704,5.9229452054794365,0.37074833491465986,1.7718235491177716
37,public,398.75000000000006,289.23915525114154,316.1746575342466,280.13527397260276,82.57534246575347,9.103881278538779,20.70854983467171,3.1475272670583037
37,work,0.0,0.0,0.0,0.0,0.0,0.0,,
370,home,1775.8603043802516,7072.857420091324,1866.852707262325,7466.386529680364,-90.99240288207352,-393.5291095890407,-5.12384913709913,-5.563933870222984
370,public,3944.953702127268,3837.1190639269403,4329.667808219178,4184.106735159817,-384.71410609191025,-346.98767123287644,-9.752056301306093,-9.04292166732419
370,work,986.3561643835617,1660.0454337899544,598.4109589041096,1118.05,387.94520547945206,541.9954337899544,39.33114826954058,32.649433729807974
371,home,1120.416798496671,4217.296689497717,1032.002041179947,3989.423401826484,88.41475731672404,227.8732876712329,7.891238103119776,5.4033022679837295
371,public,1169.7671232876712,1205.7868721461186,1084.2534246575342,1015.9071917808219,85.51369863013701,189.87968036529674,7.310318175962903,15.747366699003743
371,work,671.3150684931506,1254.470205479452,334.958904109589,648.3865296803654,336.35616438356163,606.0836757990867,50.10406888952373,48.31391555987132
372,home,211.54276480666744,780.0321917808219,173.90902177172512,646.2535388127855,37.63374303494231,133.77865296803645,17.79013480765293,17.1504015318417
372,public,532.332191780822,477.1736301369863,319.82876712328766,280.3587899543379,212.5034246575343,196.81484018264837,39.91932630387093,41.24595907073638
372,work,140.41095890410958,338.9509132420091,47.80821917808219,104.21655251141554,92.60273972602738,234.73436073059355,65.95121951219511,69.25320203016963
373,home,1817.8017232160719,7739.650913242008,1333.574002721309,5922.273744292238,484.22772049476293,1817.3771689497698,26.638093380066923,23.481384229363147
373,public,1510.3527397260275,1189.8340182648403,1908.6883561643835,1496.0366438356164,-398.33561643835606,-306.20262557077604,-26.373681191230382,-25.73490258896091
373,work,688.5205479452055,1335.687899543379,723.7534246575342,1352.5760273972603,-35.232876712328675,-16.888127853881315,-5.117185945644808,-1.2643767948826012
374,home,657.8697877069422,2427.102511415525,544.6675741923007,2156.911187214612,113.20221351464158,270.1913242009132,17.207389004626123,11.132258441087982
374,public,2079.1035721679723,1886.7441780821919,1799.6206954556435,1672.1989726027398,279.4828767123288,214.54520547945208,13.4424701324956,11.371186829235622
374,work,380.2739726027397,816.2847031963471,462.2191780821918,896.4119863013699,-81.94520547945206,-80.1272831050228,-21.548991354466857,-9.8160951431855
375,home,1032.8360952249027,4389.233675799086,981.3128287294759,4366.830136986301,51.52326649542681,22.403538812784973,4.988523032224924,0.5104202798841936
375,public,3744.1232252154723,3151.1670091324204,3142.8994126129182,2574.3478310502283,601.2238126025541,576.8191780821921,16.05779982222551,18.304938342223952
375,work,162.7945205479452,355.2199771689498,95.42465753424658,226.36312785388128,67.36986301369863,128.85684931506853,41.38337260181757,36.27522594366409
376,home,236.14231327491052,1361.0996575342465,157.69453091611646,931.7380136986301,78.44778235879406,429.3616438356164,33.220553009264066,31.545202546993757
376,public,769.6986301369863,688.9634703196347,791.3972602739726,588.2799086757991,-21.698630136986367,100.68356164383556,-2.8191072826938224,14.613773586156155
376,work,0.0,0.0,0.0,0.0,0.0,0.0,,
377,home,4531.485454446748,18561.981849315067,3906.3405998058543,16073.787442922376,625.1448546408938,2488.1944063926912,13.795583389271147,13.404788489675768
377,public,3864.3527397260273,3436.3455479452055,2787.5205479452056,2739.0432648401825,1076.8321917808216,697.302283105023,27.86578411206753,20.29197219476316
377,work,647.2876712328767,1194.4243150684931,957.7808219178082,1685.9263698630136,-310.4931506849315,-491.5020547945205,-47.968339964445946,-41.14970271400878
378,home,3919.0938682285596,17132.08105022831,3821.369749272489,16852.827283105024,97.72411895607047,279.2537671232858,2.4935386148390983,1.630004938130761
378,public,3679.0888152322445,3386.592808219178,3186.044520547945,2861.6716894977167,493.04429468429953,524.9211187214614,13.40126100362097,15.49997736508182
378,work,27.506849315068493,75.17500000000001,175.8904109589041,347.7755707762557,-148.3835616438356,-272.60057077625567,-539.4422310756971,-362.6213113086207
379,home,248.2671756313849,866.5973744292237,141.82440218319533,484.36757990867585,106.44277344818957,382.22979452054784,42.87428379425827,44.10696429495877
379,public,1943.1575342465753,1767.1044520547946,1293.8938356164383,1102.5727168949772,649.263698630137,664.5317351598173,33.412818425031986,37.60568507351661
379,work,118.3013698630137,224.9662100456621,14.876712328767121,63.96986301369863,103.42465753424658,160.99634703196347,87.42473367299675,71.56467942420576
38,home,0.0,0.0,0.0,0.0,0.0,0.0,,
38,public,1305.4212328767123,1033.9359589041096,1320.263698630137,1090.5686073059362,-14.842465753424676,-56.6326484018266,-1.1369866966784996,-5.477384543415313
38,work,0.0,0.0,0.0,0.0,0.0,0.0,,
380,home,1154.9078102887627,5034.570776255708,1088.4656577928388,4755.962100456622,66.44215249592389,278.6086757990861,5.753026510342094,5.533911194834605
380,public,799.4965753424658,654.8673515981735,1199.9041095890411,848.6222602739726,-400.4075342465753,-193.75490867579913,-50.082457710973934,-29.58689392637291
380,work,493.4246575342466,946.5597031963471,224.9041095890411,466.7793378995434,268.5205479452055,479.78036529680367,54.41976679622432,50.686751578022935
381,home,2324.689377748317,9708.714041095891,1947.4355623229892,8108.234246575343,377.25381542532773,1600.4797945205482,16.22813865096824,16.484982333869326
381,public,4070.6027397260273,3372.4355022831055,4712.897260273972,3762.1680365296806,-642.294520547945,-389.73253424657514,-15.7788554083068,-11.556411797430377
381,work,299.75342465753425,553.9523972602741,160.71232876712327,273.6884703196347,139.041095890411,280.2639269406394,46.38515674984006,50.59350376074961
382,home,3272.1538633185887,13214.209246575343,2655.179409210847,10824.57385844749,616.9744541077416,2389.6353881278537,18.85530081650903,18.083831908043706
382,public,819.9143835616438,716.6378995433789,927.3527397260274,674.5171232876712,-107.43835616438355,42.12077625570771,-13.103606708017457,5.877553543085827
382,work,104.98630136986301,229.77876712328768,105.64383561643834,212.8609589041096,-0.6575342465753238,16.917808219178085,-0.6263048016701284,7.362650792751814
383,home,2224.8522763293545,8292.477511415525,2185.9611185632616,8393.189383561645,38.891157766092874,-100.71187214611928,1.7480332595500219,-1.2144967774404947
383,public,0.0,0.0,0.0,0.0,0.0,0.0,,
383,work,0.0,0.0,0.0,0.0,0.0,0.0,,
384,home,0.0,0.0,0.0,0.0,0.0,0.0,,
384,public,0.0,0.313013698630137,0.0,0.06301369863013699,0.0,0.25,,79.8687089715536
384,work,0.0,0.0,0.0,0.0,0.0,0.0,,
385,home,441.33727896512426,2089.0189497716897,348.1692683789871,1683.4396118721463,93.16801058613714,405.57933789954336,21.110387684585227,19.414823304684212
385,public,107.43835616438356,128.94703196347032,0.0,0.0,107.43835616438356,128.94703196347032,100.0,100.0
385,work,135.31506849315068,353.8147260273973,370.3835616438356,734.0529680365298,-235.06849315068493,-380.23824200913253,-173.7193763919822,-107.46817869296066
386,home,0.0,0.0,0.0,0.0,0.0,0.0,,
386,public,0.0,0.0,0.0,0.0,0.0,0.0,,
386,work,3341.780821917808,6620.485730593608,2592.3835616438355,5235.065981735161,749.3972602739727,1385.4197488584477,22.425087108013944,20.926255341905673
387,home,0.0,0.0,0.0,0.0,0.0,0.0,,
387,public,0.0,0.0,0.0,0.0,0.0,0.0,,
387,work,994.3561643835617,2033.3807077625572,714.054794520548,1415.9527397260272,280.30136986301375,617.42796803653,28.18923238000772,30.36460244161167
388,home,3554.5333966440553,14513.237785388126,3239.6172073945013,13481.266666666666,314.916189249554,1031.9711187214598,8.85956478976611,7.11055061580018
388,public,4935.398986085644,4356.363812785387,5087.763698630137,4535.7078767123285,-152.36471254449316,-179.3440639269411,-3.0871812587807907,-4.116829347461489
388,work,50.3013698630137,224.78687214611875,0.0,0.0,50.3013698630137,224.78687214611875,100.0,100.0
389,home,2313.725841674509,9992.948401826483,2043.0786599526516,8687.401141552513,270.64718172185735,1305.54726027397,11.697461161862734,13.06468529383526
389,public,2123.640410958904,1823.840182648402,1857.2294520547946,1628.8231735159816,266.4109589041093,195.01700913242053,12.54501268337678,10.692658873719733
389,work,0.0,0.0,0.0,0.0,0.0,0.0,,
39,home,2200.2201824364206,9786.685616438355,2136.4424869311806,8904.043493150684,63.77769550523999,882.642123287671,2.898696049347914,9.01880532266335
39,public,1080.5239726027398,972.1175799086757,924.6780821917808,788.0751141552512,155.845890410959,184.0424657534245,14.42317749189416,18.932119895487755
39,work,25.20547945205479,52.679452054794524,24.931506849315063,51.69132420091325,0.27397260273972535,0.9881278538812737,1.086956521739128,1.875736772761935
390,home,0.0,0.0,36.45648316505355,141.0771689497717,-36.45648316505355,-141.0771689497717,,
390,public,189.7123287671233,205.4319634703196,577.8767123287671,468.43687214611873,-388.16438356164383,-263.00490867579913,-204.60683081810961,-128.02531029393464
390,work,0.0,0.0,0.0,0.0,0.0,0.0,,
391,home,433.52297309227254,2053.996803652968,389.7621850944173,1911.7537671232876,43.76078799785523,142.24303652968047,10.09422584591406,6.925182954360286
391,public,92.82191780821918,64.66358447488585,187.9794520547945,97.53744292237444,-95.15753424657532,-32.87385844748859,-102.51623376623374,-50.838286671621475
391,work,900.3013698630137,1775.6713470319637,568.0,1132.080593607306,332.30136986301375,643.5907534246578,36.910014911293025,36.24492530672528
392,home,1711.0721039830837,7212.77305936073,1435.9331623016503,6105.522602739726,275.1389416814334,1107.2504566210046,16.07991510357494,15.351244902735653
392,public,1940.1061643835617,1802.0997716894979,1861.6166779412595,1708.541210045662,78.48948644230222,93.5585616438359,4.045628424011581,5.19164161239104
392,work,259.2054794520548,585.5045662100457,146.7123287671233,308.28378995433786,112.49315068493152,277.22077625570785,43.39921784166579,47.34732950934098
393,home,2423.983435467314,10211.941095890412,2727.209846369694,10618.112785388128,-303.22641090237994,-406.1716894977162,-12.50942586758732,-3.977419039962655
393,public,0.0,0.0,0.0,0.0,0.0,0.0,,
393,work,12.465753424657533,37.74006849315069,0.0,0.0,12.465753424657533,37.74006849315069,99.99999999999999,100.0
394,home,2002.819146792168,8456.012557077625,1965.8628582479537,8493.57488584475,36.95628854421443,-37.5623287671242,1.8452134634026132,-0.44420852634241637
394,public,2545.4780445057913,2005.8015981735161,1816.7705479452054,1505.1609589041095,728.7074965605859,500.6406392694066,28.62753022495881,24.959629094188088
394,work,49.42465753424658,105.99657534246575,279.041095890411,580.4189497716895,-229.6164383561644,-474.4223744292238,-464.57871396895786,-447.58273830678604
395,home,0.0,0.0,0.0,0.0,0.0,0.0,,
395,public,335.98972602739724,342.9730593607306,478.91438356164383,462.62146118721455,-142.9246575342466,-119.64840182648396,-42.538401166050015,-34.885656048173956
395,work,1355.041095890411,2859.9431506849314,1655.4520547945206,3157.761187214612,-300.4109589041095,-297.81803652968074,-22.16987808083462,-10.413425052115317
396,home,0.0,0.0,0.0,0.0,0.0,0.0,,
396,public,0.0,0.0,0.0,0.0,0.0,0.0,,
396,work,0.0,0.0,60.41095890410959,112.26015981735158,-60.41095890410959,-112.26015981735158,,
397,home,983.4521529632144,4458.989611872146,1031.6145489652572,4371.064383561644,-48.16239600204278,87.92522831050246,-4.8972790243964495,1.9718643900044046
397,public,1190.1849315068494,1047.2393835616438,1498.63698630137,1411.0785388127854,-308.45205479452056,-363.8391552511416,-25.916313224029878,-34.74269216401418
397,work,210.35616438356163,408.45639269406394,312.1095890410959,582.4868721461188,-101.75342465753425,-174.03047945205486,-48.37197186767388,-42.60686882734252
398,home,675.0394138538068,2701.491666666667,606.2749931136067,2393.312214611872,68.76442074020008,308.17945205479464,10.186726779051805,11.407751349277824
398,public,0.0,0.0,0.0,0.0,0.0,0.0,,
398,work,72.38356164383562,135.10159817351598,20.164383561643834,65.32420091324201,52.21917808219179,69.77739726027397,72.1423164269493,51.648091661104026
399,home,5156.916623626851,23355.708219178083,4610.343990153154,20335.66198630137,546.5726334736974,3020.0462328767135,10.598826263149737,12.930655771752027
399,public,1913.8871665465033,1809.7256849315067,2265.0205479452056,2163.2454337899544,-351.13338139870234,-353.51974885844766,-18.346608281631454,-19.53443838488856
399,work,715.3150684931506,1285.7271689497716,598.1917808219179,1115.2,117.12328767123279,170.52716894977152,16.37366425370561,13.263091351570665
4,home,0.0,0.0,0.0,0.0,0.0,0.0,,
4,public,0.0,0.0,0.0,0.0,0.0,0.0,,
4,work,0.0,0.0,0.0,0.0,0.0,0.0,,
40,home,1739.732896059504,6825.172260273973,1900.0903091781572,7521.753196347032,-160.3574131186533,-696.5809360730591,-9.21735822101559,-10.206056484867348
40,public,770.3013698630137,562.1245433789954,715.3390410958904,642.1642694063927,54.96232876712338,-80.03972602739725,7.135172143974972,-14.238788711531651
40,work,0.0,0.0,0.0,0.0,0.0,0.0,,
400,home,1677.5776321583712,7030.561872146118,1436.7398326357932,6170.403767123287,240.83779952257805,860.1581050228306,14.356283423540654,12.234557076165274
400,public,470.21232876712327,493.7038812785388,510.88471118303977,463.4221461187214,-40.6723824159165,30.2817351598174,-8.649790728064863,6.133582559933935
400,work,270.32876712328766,509.8885844748859,39.50684931506849,84.86141552511415,230.82191780821915,425.02716894977175,85.38562886388972,83.35687087160235
401,home,3703.9874361489274,14760.960502283107,3568.642235198598,13790.221689497717,135.3452009503294,970.7388127853901,3.654040497800639,6.5763932681429775
401,public,2919.972602739726,2643.8447488584475,3017.955479452055,2626.5188356164385,-97.98287671232902,17.325913242008937,-3.355609454020031,0.6553302061132703
401,work,316.027397260274,609.1045662100457,544.4383561643835,1101.7247716894976,-228.41095890410958,-492.6202054794519,-72.27568270481144,-80.87613076759878
402,home,1037.6628587248817,4305.862557077626,736.8158232206343,3036.456735159818,300.8470355042474,1269.4058219178078,28.9927535687207,29.48087183673018
402,public,2691.6849315068494,2466.6844748858443,2746.722602739726,2510.140410958904,-55.03767123287662,-43.45593607305955,-2.0447293287801567,-1.7617144193146408
402,work,404.1917808219178,860.6482876712329,546.4383561643835,1075.0787671232877,-142.24657534246575,-214.43047945205478,-35.192842133803296,-24.914995187205566
403,home,3361.020306705192,14265.23390410959,3157.785888940938,13080.769406392696,203.23441776425398,1184.4644977168937,6.046807195981646,8.303155108979096
403,public,1492.458904109589,1465.9926940639268,1713.626712328767,1594.8310502283102,-221.16780821917814,-128.8383561643834,-14.819021656822661,-8.788471912996124
403,work,1903.9178082191781,3769.8156392694063,1154.8219178082193,2427.121689497717,749.0958904109589,1342.6939497716894,39.34496999697811,35.616965874540874
404,home,604.7418574949703,2635.835273972603,514.0874502194507,2257.8021689497714,90.65440727551959,378.0331050228315,14.99059576445369,14.342061082333052
404,public,649.0,724.4246575342465,407.3767123287671,417.1283105022831,241.6232876712329,307.2963470319634,37.23009055026701,42.41936602184696
404,work,640.4383561643835,1243.8626712328767,576.8493150684932,1063.0666666666668,63.589041095890366,180.79600456620983,9.928986995208755,14.535045447341114
405,home,1005.2507685162564,4646.128310502284,1103.2101871026673,4898.116780821918,-97.95941858641095,-251.98847031963396,-9.74477430452487,-5.423622712916251
405,public,819.6883561643835,820.5493150684931,724.4554794520548,682.1852739726028,95.23287671232879,138.36404109589034,11.618180982581924,16.862367508568425
405,work,32.52054794520548,79.59383561643835,34.68493150684932,113.72557077625571,-2.164383561643838,-34.13173515981735,-6.655433866891331,-42.88238516899441
406,home,274.97538352186353,1006.0028538812784,448.9545753793451,1568.8392694063925,-173.97919185748157,-562.8364155251141,-63.27082432949796,-55.94779511346558
406,public,568.1575342465753,432.412100456621,439.4349315068493,366.17168949771684,128.72260273972603,66.24041095890414,22.65614639968174,15.318815289617293
406,work,0.0,0.0,0.0,0.0,0.0,0.0,,
407,home,0.0,0.0,0.0,0.0,0.0,0.0,,
407,public,234.84246575342465,194.4052511415525,249.53424657534248,199.648401826484,-14.691780821917831,-5.243150684931493,-6.256015399422532,-2.697021121674225
407,work,0.0,0.0,0.0,0.0,0.0,0.0,,
408,home,2376.125787090159,9714.589269406393,2328.780798213691,9666.090296803653,47.34498887646805,48.49897260273974,1.9925287261179665,0.49923852936814134
408,public,759.7574612741366,598.2621004566209,869.9794520547945,611.7014840182649,-110.22199078065785,-13.439383561643922,-14.507523308268954,-2.246403967656713
408,work,99.53424657534246,218.66175799086759,49.47945205479452,132.09223744292237,50.054794520547944,86.56952054794522,50.28901734104046,39.5906085011723
409,home,2086.998612400109,8902.237671232877,1885.5586225017707,8028.827625570777,201.43998989833813,873.4100456621,9.65213818070901,9.811129267919679
409,public,1698.2210318511204,1367.545205479452,1792.4349315068494,1425.191210045662,-94.21389965572894,-57.64600456620997,-5.547799602566014,-4.21529060503705
409,work,0.0,0.0,0.0,0.0,0.0,0.0,,
41,home,606.9391413396909,2413.3966894977166,438.0168440457229,1905.5051369863013,168.92229729396797,507.8915525114153,27.831834493505795,21.044677599898392
41,public,0.0,0.0,0.0,0.0,0.0,0.0,,
41,work,0.0,0.0,0.0,0.0,0.0,0.0,,
410,home,26.47945205479452,194.65205479452055,0.0,0.0,26.47945205479452,194.65205479452055,100.0,100.0
410,public,275.03767123287673,290.1530821917808,239.47602739726028,201.0818493150685,35.56164383561645,89.07123287671232,12.929735652650326,30.698013684321097
410,work,0.0,0.0,0.0,0.0,0.0,0.0,,
411,home,888.5306777065854,3550.1138127853883,635.3104569561423,2728.3044520547946,253.2202207504431,821.8093607305937,28.498759480543523,23.14881730751638
411,public,1577.6335616438357,1315.4849315068493,1627.849315068493,1362.28801369863,-50.21575342465735,-46.80308219178073,-3.1829795362830895,-3.557857720055309
411,work,0.0,0.0,0.0,0.0,0.0,0.0,,
412,home,464.89142943521017,2269.570091324201,471.35997179769015,2110.514726027397,-6.46854236247998,159.05536529680376,-1.3914092523362966,7.008171543360509
412,public,1132.3219178082193,860.3722602739726,832.4589041095891,670.8421232876713,299.8630136986302,189.5301369863014,26.48213453988955,22.02885259526479
412,work,0.0,0.0,0.0,0.0,0.0,0.0,,
413,home,0.0,0.0,0.0,0.0,0.0,0.0,,
413,public,140.36301369863014,104.67511415525114,0.0,0.0,140.36301369863014,104.67511415525114,100.0,100.0
413,work,0.0,0.0,0.0,0.0,0.0,0.0,,
414,home,493.17354678073497,2302.7668949771687,495.6035852913214,2109.580479452055,-2.430038510586428,193.18641552511372,-0.49273496651409476,8.389317040578225
414,public,976.5513698630137,916.3319634703197,995.236301369863,818.4213470319634,-18.68493150684924,97.91061643835633,-1.9133587933495273,10.685059600840574
414,work,0.0,0.0,0.0,0.0,0.0,0.0,,
415,home,1064.0163470885543,5197.068378995435,1015.8860893232288,4933.328196347032,48.130257765325496,263.7401826484029,4.523450969247166,5.074787619003436
415,public,2320.246575342466,1916.3130136986301,1816.3561643835617,1446.9963470319638,503.8904109589041,469.3166666666664,21.71710611767762,24.49060583066487
415,work,0.0,0.0,0.0,0.0,0.0,0.0,,
416,home,1633.1569534942157,6549.216894977169,1254.4694362694709,5455.543607305935,378.68751722474485,1093.673287671234,23.187453992987336,16.69929863691049
416,public,103.97260273972603,140.83333333333331,34.50684931506849,41.23949771689498,69.46575342465754,99.59383561643833,66.81159420289855,70.71751641403905
416,work,0.0,0.0,0.0,0.0,0.0,0.0,,
417,home,840.0992999767949,3941.5108447488587,768.1690014702963,3407.71997716895,71.93029850649862,533.7908675799085,8.562118610084006,13.542798399021532
417,public,834.417808219178,779.5537671232877,906.1061643835617,834.380707762557,-71.68835616438366,-54.82694063926931,-8.591422121896175,-7.033118554681852
417,work,0.0,0.0,34.9041095890411,64.87385844748859,-34.9041095890411,-64.87385844748859,,
418,home,0.0,0.0,0.0,0.0,0.0,0.0,,
418,public,563.5239726027397,538.0667808219179,519.1095890410959,513.8003424657534,44.41438356164383,24.266438356164485,7.881542883882611,4.5099305924622515
418,work,0.0,0.0,0.0,0.0,0.0,0.0,,
419,home,2491.680659703963,9977.900342465753,2066.9438233709084,8016.485844748858,424.7368363330547,1961.4144977168953,17.046198704432605,19.657587572499125
419,public,5694.923171007075,5365.489155251142,5488.8493150684935,4933.895433789954,206.0738559385818,431.59372146118767,3.6185537495519933,8.0438839586283
419,work,244.93150684931507,506.6792237442922,79.34246575342466,193.95947488584474,165.58904109589042,312.7197488584475,67.60626398210292,61.719473426893266
42,home,412.1120593825901,2207.259474885845,359.7343171370563,1793.08002283105,52.377742245533796,414.1794520547951,12.709587369028716,18.76442062056232
42,public,599.5,651.5184931506849,856.1164383561644,888.5433789954338,-256.6164383561644,-237.02488584474895,-42.805077290436095,-36.380377278090435
42,work,93.26027397260275,139.54383561643834,163.75342465753425,260.1138127853881,-70.4931506849315,-120.56997716894978,-75.58754406580493,-86.40294043540435
420,home,3867.4925674495735,16173.790296803652,3468.345358450605,14620.429337899544,399.1472089989684,1553.360958904108,10.320568224444887,9.604186343451548
420,public,2446.294520547945,2145.6865296803653,1614.5513698630136,1331.6358447488585,831.7431506849314,814.0506849315068,34.00012319443161,37.93893812871039
420,work,555.5342465753424,1132.1493150684933,693.2328767123288,1365.8955479452054,-137.69863013698637,-233.74623287671216,-24.786704147556357,-20.64623718493977
421,home,1320.3547223375335,5209.110730593607,1217.4203860151251,4847.582305936074,102.9343363224084,361.5284246575329,7.795960780916147,6.940309840876329
421,public,3015.0924657534247,2672.6231735159818,2609.2602739726026,2366.0087899543378,405.8321917808221,306.614383561644,13.460024738558422,11.472413567314693
421,work,1374.164383561644,2826.036757990868,917.1232876712329,1914.7608447488585,457.04109589041104,911.2759132420094,33.25956496600674,32.24572046578292
422,home,109.69212895294612,385.59977168949774,140.42123287671234,509.63550228310504,-30.729103923766218,-124.0357305936073,-28.013955255575237,-32.16696162711591
422,public,51.42123287671233,110.59212328767123,105.85616438356165,173.75091324200915,-54.43493150684932,-63.15878995433792,-105.86080586080585,-57.109663940577256
422,work,63.013698630136986,141.35022831050227,126.27397260273973,262.4553652968036,-63.26027397260275,-121.10513698630135,-100.3913043478261,-85.67735505900366
423,home,1245.6475243380994,5705.573515981735,1150.2837071472718,5424.784474885845,95.3638171908276,280.78904109588984,7.655762591548613,4.921311421356309
423,public,3782.7568493150684,3151.9083333333338,3303.0558453148033,2868.008105022831,479.70100400026513,283.9002283105028,12.681253993026885,9.0072488881763
423,work,0.0,0.0,0.0,0.0,0.0,0.0,,
424,home,2067.9393322937553,8875.594406392693,2099.147706864475,9110.8,-31.20837457071957,-235.20559360730658,-1.5091532949423272,-2.6500263851387635
424,public,5049.037671232877,4166.9686073059365,4482.261202168355,3946.9650684931507,566.7764690645217,220.0035388127858,11.225435537820536,5.279702333899374
424,work,89.31506849315069,176.6591324200913,57.205479452054796,119.31107305936072,32.109589041095894,57.34805936073059,35.95092024539878,32.46255009582988
425,home,1858.0161806983745,7750.521004566211,1755.307423070031,7443.880707762556,102.70875762834339,306.64029680365456,5.527872076428212,3.95638301764485
425,public,978.0814206658805,863.4144977168951,1130.8150684931506,957.5188356164383,-152.73364782727015,-94.10433789954322,-15.615637369257936,-10.89909170489735
425,work,0.0,0.0,0.0,0.0,0.0,0.0,,
426,home,490.86449421989914,2070.770091324201,600.8220883316782,2493.86700913242,-109.95759411177903,-423.09691780821913,-22.400804174383786,-20.431863468612306
426,public,2044.9019173924364,1830.91997716895,1727.0,1439.5597031963473,317.9019173924364,391.3602739726027,15.546071656962898,21.375061654946897
426,work,107.12328767123287,254.9609589041096,29.91780821917808,58.44360730593608,77.20547945205479,196.51735159817352,72.07161125319692,77.07742881218272
427,home,844.8476836026841,3539.700228310502,963.9110087557651,3799.93801369863,-119.063325153081,-260.23778538812803,-14.092874664147653,-7.351972444071611
427,public,10.208904109589039,21.054680365296804,17.14041095890411,10.585502283105024,-6.93150684931507,10.46917808219178,-67.89667896678971,49.72375690607734
427,work,73.01369863013699,167.9738584474886,102.71232876712328,254.50924657534247,-29.698630136986296,-86.53538812785388,-40.675422138836765,-51.51717590324108
428,home,949.6488658005303,3650.8190639269405,682.2477770472804,2538.827168949772,267.40108875324995,1111.9918949771686,28.157890603895734,30.45869640499449
428,public,1258.3698630136987,1051.825799086758,968.9794520547945,809.0304794520548,289.3904109589042,242.79531963470322,22.997245838821705,23.08322536350686
428,work,223.58904109589042,377.9206621004567,264.63013698630135,486.5970319634704,-41.04109589041093,-108.67636986301369,-18.35559367724542,-28.756398038413145
429,home,855.6962633035732,3425.449315068493,654.2391829781573,2709.7665525114157,201.45708032541597,715.6827625570772,23.543059490251103,20.89310618051772
429,public,0.0,0.0,0.0,0.0,0.0,0.0,,
429,work,78.13698630136986,140.00593607305936,45.36986301369863,78.85114155251141,32.76712328767123,61.15479452054795,41.935483870967744,43.68014402520441
43,home,2241.1344632780597,9506.127511415525,2179.054783297673,8969.58595890411,62.07967998038657,536.5415525114149,2.770011393675324,5.644165322494399
43,public,2221.5102739726026,1947.710502283105,2568.1609589041095,2099.937785388128,-346.65068493150693,-152.22728310502293,-15.604280069864853,-7.815703767401892
43,work,686.6301369863014,1196.057420091324,338.0821917808219,626.5995433789956,348.5479452054795,569.4578767123285,50.76210996728114,47.611249020874595
430,home,810.8442143157482,2870.5263698630138,792.5567166232901,2867.151712328767,18.287497692458146,3.3746575342465803,2.2553651329794002,0.11756232479437646
430,public,2704.832191780822,2195.088698630137,2560.1077097721986,2024.706735159817,144.72448200862345,170.38196347032,5.35059004578539,7.761962583864981
430,work,0.0,0.0,0.0,0.0,0.0,0.0,,
431,home,0.0,0.0,0.0,0.0,0.0,0.0,,
431,public,262.9828767123288,281.6334474885845,230.54794520547946,228.86415525114154,32.434931506849324,52.76929223744298,12.333476579286637,18.7368697532213
431,work,57.97260273972603,92.21004566210046,0.0,0.0,57.97260273972603,92.21004566210046,100.0,100.0
432,home,1164.5612128577343,5269.8450913242,949.2400083376825,4358.276484018265,215.32120452005177,911.5686073059351,18.48947072448616,17.29782548649598
432,public,0.0,0.0,0.0,0.0,0.0,0.0,,
432,work,0.0,0.0,0.0,0.0,0.0,0.0,,
433,home,0.0,0.0,0.0,0.0,0.0,0.0,,
433,public,0.0,0.0,0.0,0.0,0.0,0.0,,
433,work,59.178082191780824,98.49657534246575,39.67123287671233,110.14429223744294,19.506849315068493,-11.647716894977194,32.96296296296296,-11.825504444676264
434,home,366.6740134056196,1479.5242009132419,394.09380927955976,1539.2794520547945,-27.41979587394019,-59.75525114155266,-7.477976314511291,-4.038815391101308
434,public,935.7910958904109,815.2884703196346,585.5239726027397,503.3473744292237,350.2671232876712,311.9410958904109,37.430055150758825,38.261438404509036
434,work,85.67123287671232,167.453196347032,17.26027397260274,39.87328767123287,68.41095890410958,127.57990867579912,79.85289414774543,76.18839858476096
435,home,176.75441448950443,581.1746575342465,335.32890206082476,1098.8319634703196,-158.57448757132033,-517.657305936073,-89.71458394932274,-89.07086694597817
435,public,0.0,0.0,0.0,0.0,0.0,0.0,,
435,work,0.0,0.0,0.0,0.0,0.0,0.0,,
436,home,939.5229103318289,4246.473858447488,1062.2202813192246,4622.101826484019,-122.69737098739563,-375.62796803653055,-13.059540074872713,-8.845644187572137
436,public,293.42123287671234,201.45890410958904,495.45205479452056,309.2948630136986,-202.03082191780823,-107.83595890410956,-68.85351136217743,-53.527521844082536
436,work,215.04109589041096,409.42865296803654,222.08219178082192,360.82420091324195,-7.041095890410958,48.60445205479459,-3.2743024589119627,11.871287390965543
437,home,397.02163354606927,1522.694406392694,380.56198140943843,1518.48801369863,16.459652136630837,4.206392694063879,4.1457821805876245,0.2762466767070447
437,public,61.554794520547944,83.88093607305936,17.14041095890411,31.881164383561643,44.41438356164383,51.99977168949772,72.15422276621786,61.992359794609946
437,work,0.0,0.0,0.0,0.0,0.0,0.0,,
438,home,267.6867280726644,1132.710616438356,362.82961859909835,1532.7711187214609,-95.14289052643397,-400.0605022831048,-35.54262522145182,-35.31886224753829
438,public,148.8013698630137,115.26095890410959,110.9041095890411,73.20091324200914,37.89726027397259,42.06004566210045,25.46835443037974,36.49114675255475
438,work,166.84931506849315,254.54041095890412,130.9041095890411,253.88607305936074,35.945205479452056,0.6543378995433784,21.543513957307063,0.2570664112147686
439,home,0.0,0.0,0.0,0.0,0.0,0.0,,
439,public,33.9041095890411,22.027397260273972,45.054794520547944,22.51689497716895,-11.150684931506845,-0.48949771689497723,-32.88888888888887,-2.2222222222222228
439,work,0.0,0.0,0.0,0.0,0.0,0.0,,
44,home,335.9278505416299,1520.5254566210044,391.4827143587461,1630.1985159817352,-55.5548638171162,-109.6730593607308,-16.537736816861976,-7.212839409111395
44,public,0.0,0.0,0.0,0.0,0.0,0.0,,
44,work,0.0,0.0,0.0,0.0,0.0,0.0,,
440,home,515.1151852839715,1905.6456621004568,447.4311518741963,1784.1649543378996,67.68403340977522,121.48070776255713,13.139591948247947,6.3747794345281195
440,public,981.0342465753424,952.7905251141551,811.028066290679,723.1207762557078,170.0061802846634,229.6697488584473,17.32928089698519,24.10495726024671
440,work,0.0,0.0,7.561643835616438,22.474885844748854,-7.561643835616438,-22.474885844748854,,
441,home,4030.468468167978,17865.383219178082,3584.5176418464566,15820.453424657535,445.95082632152116,2044.9297945205471,11.064491134059786,11.446324825125282
441,public,3306.2157534246576,2875.693493150685,3151.0776540242287,2762.2976027397262,155.13809940042893,113.3958904109586,4.692316260356971,3.94325371188009
441,work,248.54794520547946,462.55353881278535,270.35616438356163,527.8834474885845,-21.80821917808217,-65.32990867579912,-8.774250440917097,-14.123750699968344
442,home,966.5302533852827,4509.0584474885845,953.4363733088378,4582.847031963471,13.093880076444862,-73.78858447488619,1.3547304940102398,-1.6364521625570037
442,public,846.6986301369863,717.478196347032,1008.3458904109589,1030.3557077625571,-161.64726027397262,-312.8775114155251,-19.091475351486032,-43.60794697434841
442,work,72.87671232876713,150.53995433789956,100.10958904109589,218.49737442922375,-27.23287671232876,-67.9574200913242,-37.36842105263157,-45.14244765797395
443,home,2006.1693431558278,7994.280936073059,2017.731726003274,7863.9735159817355,-11.562382847446088,130.30742009132337,-0.576341318687372,1.6300080161472636
443,public,1948.2054794520548,1521.359132420091,1700.7431506849316,1374.9268264840184,247.46232876712315,146.43230593607268,12.702065124912979,9.625097901975094
443,work,57.917808219178085,110.89063926940639,85.6986301369863,167.74246575342468,-27.78082191780821,-56.85182648401829,-47.965941343424774,-51.26837292902426
444,home,2511.555677691974,10313.256506849315,2287.2362790297266,9317.832762557078,224.3193986622473,995.4237442922367,8.931492168566555,9.651885838688766
444,public,866.2123287671233,1194.6060502283106,788.5342465753424,868.94200913242,77.67808219178085,325.6640410958905,8.967556753935813,27.261208080576047
444,work,52.93150684931507,92.33607305936073,37.80821917808219,74.27214611872147,15.12328767123288,18.063926940639263,28.57142857142858,19.56323930846223
445,home,4955.946122428662,21246.004794520548,4266.854908872556,18528.310616438357,689.0912135561066,2717.694178082191,13.904332220997135,12.791554009171165
445,public,8443.246472484037,6806.870205479452,7679.966627855862,6600.83413242009,763.2798446281759,206.03607305936202,9.04012274325584,3.0268841161905122
445,work,933.6164383561644,1814.721689497717,680.3013698630137,1377.0552511415526,253.31506849315065,437.66643835616446,27.132670129412798,24.11755151707603
446,home,0.0,0.0,0.0,0.0,0.0,0.0,,
446,public,79.07191780821918,95.26381278538813,86.64383561643835,70.16575342465754,-7.571917808219169,25.098059360730588,-9.575988565983788,26.34584804753921
446,work,1395.5616438356165,2707.5143835616436,1647.041095890411,3155.568721461187,-251.4794520547946,-448.0543378995435,-18.01994581648279,-16.54854875822093
447,home,0.0,0.0,0.0,0.0,0.0,0.0,,
447,public,23.996575342465754,38.37374429223744,79.71232876712328,42.345205479452055,-55.71575342465753,-3.971461187214615,-232.18210361067503,-10.349423181042031
447,work,95.28767123287672,197.36061643835617,189.2054794520548,360.5305936073059,-93.91780821917807,-163.1699771689497,-98.56239217941345,-82.67605772295224
448,home,2546.4203588302325,11175.233333333334,2261.9019240637267,9831.204109589042,284.51843476650583,1344.0292237442918,11.173270500287984,12.026856027563557
448,public,1910.3082191780823,1723.9893835616438,1976.4965753424658,1715.5908675799085,-66.18835616438355,8.398515981735272,-3.4647998422401884,0.48715589909170526
448,work,466.7671232876712,872.2984018264841,665.2602739726027,1164.1182648401827,-198.4931506849315,-291.81986301369864,-42.52509244585314,-33.45413248524407
449,home,2207.3524063821396,8300.321347031964,2322.507484760256,8614.90182648402,-115.15507837811629,-314.58047945205544,-5.216886893328282,-3.789979523678844
449,public,1702.099315068493,1532.7030821917808,1982.373287671233,1723.377625570776,-280.27397260273983,-190.67454337899517,-16.46637009494722,-12.440409730652373
449,work,0.0,0.0,0.0,0.0,0.0,0.0,,
45,home,937.8922524720845,4865.1915525114155,753.5437043579133,4032.4308219178083,184.3485481141712,832.7607305936071,19.65562116845167,17.116710033004466
45,public,781.9041095890411,721.2714611872145,1087.8698630136987,786.3073059360729,-305.9657534246576,-65.03584474885838,-39.13085372904221,-9.016833224180148
45,work,34.52054794520548,64.33561643835617,36.98630136986301,69.21575342465754,-2.465753424657528,-4.880136986301366,-7.1428571428571255,-7.585435962951127
450,home,4040.2642839890345,15921.019178082192,3130.1794578815197,12532.408789954337,910.0848261075148,3388.610388127854,22.52537859253528,21.283878564714083
450,public,3843.332191780822,3510.3356164383563,3095.821917808219,2682.6513698630138,747.510273972603,827.6842465753425,19.44953588896622,23.578493255728194
450,work,60.24657534246575,179.47899543378998,154.9041095890411,306.1135844748859,-94.65753424657535,-126.63458904109592,-157.11687130513872,-70.55677391943703
451,home,2266.294908755427,9885.653196347032,1623.3604739492016,7720.773744292238,642.9344348062255,2164.8794520547935,28.369407367168442,21.899204929167094
451,public,2485.849315068493,2249.9440639269405,2730.2979452054797,2433.6268264840182,-244.4486301369866,-183.6827625570777,-9.833606110201869,-8.163881293852565
451,work,336.6575342465753,662.4075342465753,145.53424657534248,358.5077625570776,191.12328767123284,303.8997716894977,56.77083333333332,45.87806689656004
452,home,976.0883850033232,3854.589383561644,638.7917072463308,2605.8988584474887,337.2966777569924,1248.6905251141552,34.55595650345168,32.39490386289509
452,public,154.33904109589042,172.699200913242,110.03767123287672,115.20696347031965,44.301369863013704,57.49223744292236,28.70392970466195,33.29038996063707
452,work,0.0,0.0,0.0,0.0,0.0,0.0,,
453,home,177.40272246295692,634.6845890410959,183.65784763208214,680.9639269406393,-6.255125169125222,-46.27933789954341,-3.525946548216779,-7.291706573412138
453,public,0.0,0.0,0.0,0.0,0.0,0.0,,
453,work,0.0,0.0,0.0,0.0,0.0,0.0,,
454,home,1999.1965871995487,8015.174086757992,1926.9796249462468,7257.513812785388,72.21696225330197,757.660273972604,3.612299196371811,9.452823678831228
454,public,362.54794520547944,286.74029680365294,192.5,206.15924657534248,170.04794520547944,80.58105022831046,46.90357439733998,28.10245058910879
454,work,0.0,0.0,0.0,0.0,0.0,0.0,,
455,home,0.0,0.0,0.0,0.0,0.0,0.0,,
455,public,74.70205479452055,76.66940639269407,321.29794520547944,279.7898401826484,-246.59589041095887,-203.12043378995432,-330.1059001512859,-264.93022881850555
455,work,0.0,0.0,0.0,0.0,0.0,0.0,,
456,home,169.2949046775223,807.0374429223743,273.97377712725154,1349.32602739726,-104.67887244972923,-542.2885844748857,-61.832264030110345,-67.19497208347572
456,public,411.2945205479452,480.4735159817351,434.91438356164383,462.66506849315067,-23.619863013698648,17.80844748858442,-5.74281003846859,3.7064368578561564
456,work,0.0,0.0,0.0,0.0,0.0,0.0,,
457,home,0.0,0.0,0.0,0.0,0.0,0.0,,
457,public,199.28082191780823,229.98778538812786,75.1917808219178,86.55,124.08904109589042,143.43778538812785,62.26843100189036,62.3675666714482
457,work,0.0,0.0,0.0,0.0,0.0,0.0,,
458,home,0.0,0.0,0.0,0.0,0.0,0.0,,
458,public,586.0513698630136,556.0304794520548,400.2191780821918,367.569292237443,185.83219178082186,188.4611872146118,31.709198431574205,33.894038938356864
458,work,2772.301369863014,5569.679223744292,2404.904109589041,4578.738242009133,367.39726027397273,990.9409817351598,13.252428623664631,17.791706522534458
459,home,0.0,0.0,0.0,0.0,0.0,0.0,,
459,public,34.01712328767124,18.720205479452055,34.582191780821915,21.547716894977167,-0.565068493150676,-2.8275114155251124,-1.6611295681062856,-15.104061857807526
459,work,0.0,0.0,0.0,0.0,0.0,0.0,,
46,home,260.58603213305184,943.3746575342466,291.700194434149,1061.7608447488585,-31.114162301097167,-118.38618721461194,-11.94007293729799,-12.549222757800683
46,public,2330.417808219178,1682.4059360730596,1854.4041095890411,1374.1131278538812,476.0136986301368,308.29280821917837,20.426109728104482,18.324519761192196
46,work,284.93150684931504,652.9764840182648,236.3013698630137,482.4417808219178,48.63013698630135,170.53470319634704,17.067307692307686,26.116515275851327
460,home,2349.3473343970604,9053.228310502282,2419.3996342580976,9311.759589041096,-70.05229986103723,-258.53127853881415,-2.981777059330205,-2.855680533748415
460,public,3766.3483666753773,3527.751712328767,3796.961074239696,3680.391095890411,-30.612707564318498,-152.63938356164408,-0.8127954343039404,-4.3268176450230555
460,work,0.0,0.0,0.0,0.0,0.0,0.0,,
461,home,2625.3778769798,11482.221689497717,2813.3831646268973,11848.752968036531,-188.00528764709725,-366.53127853881415,-7.161075336834028,-3.192163402262684
461,public,3205.869624935902,2778.3914383561646,3312.582191780822,2624.9172374429227,-106.71256684492027,153.47420091324193,-3.3286620895275454,5.523850915839453
461,work,107.94520547945206,237.34566210045662,205.75342465753425,401.2721461187215,-97.8082191780822,-163.92648401826486,-90.60913705583756,-69.0665599562898
462,home,1971.3807017933736,7669.659474885844,1685.9769683385657,6571.166780821918,285.40373345480793,1098.4926940639261,14.477352507061418,14.322574524474259
462,public,1751.275198216555,1689.6527397260274,1674.0342465753424,1454.2621004566208,77.24095164121263,235.39063926940662,4.410554761460246,13.931302789919693
462,work,689.2328767123288,1213.0526255707762,671.5616438356165,1142.7439497716894,17.671232876712338,70.30867579908681,2.563898716063125,5.796012004508424
463,home,3447.038652828467,14499.98207762557,3125.9915758728475,13592.010388127856,321.04707695561956,907.9716894977137,9.313706902943617,6.261881460521072
463,public,2103.5483079793103,1632.0688356164383,2213.3379464497325,1694.009817351598,-109.78963847042223,-61.94098173515977,-5.219259194284312,-3.7952432142216868
463,work,82.02739726027397,139.25228310502283,51.78082191780822,81.98630136986301,30.246575342465754,57.26598173515981,36.87374749498998,41.123908677296384
464,home,1513.4422928121962,5871.923744292237,1306.5006091197065,5165.024315068493,206.94168369248973,706.8994292237439,13.673576103649248,12.038634355748925
464,public,605.4897260273973,500.95696347031964,461.02054794520546,349.21495433789954,144.46917808219183,151.7420091324201,23.859889255272826,30.290428159985126
464,work,34.95890410958904,85.47043378995434,27.561643835616437,97.7324200913242,7.397260273972606,-12.26198630136986,21.159874608150478,-14.346465505842625
465,home,493.4367788283841,2057.0673515981734,439.99468056423444,2038.4707762557075,53.44209826414965,18.59657534246594,10.830586725019266,0.9040333719757848
465,public,100.5068493150685,105.30639269406392,0.0,0.0,100.5068493150685,105.30639269406392,99.99999999999999,100.00000000000001
465,work,65.47945205479452,130.81997716894978,97.64383561643835,256.972602739726,-32.16438356164383,-126.15262557077625,-49.121338912133886,-96.43223328792836
466,home,0.0,0.0,0.0,0.0,0.0,0.0,,
466,public,188.73287671232876,177.88527397260273,291.8390410958904,284.34623287671235,-103.10616438356166,-106.46095890410962,-54.630738522954104,-59.8481012658228
466,work,137.75342465753425,274.7824200913242,290.3835616438356,590.3683789954338,-152.63013698630135,-315.5859589041096,-110.799522673031,-114.84939931718496
467,home,258.2643789886022,1032.8254566210046,187.48085860047723,796.7598173515983,70.78352038812494,236.06563926940635,27.407387989517822,22.8562955876126
467,public,0.0,0.0,0.0,0.0,0.0,0.0,,
467,work,2.493150684931507,16.309360730593607,199.04109589041096,422.76484018264836,-196.54794520547944,-406.45547945205476,-7883.516483516482,-2492.1607055365016
468,home,4330.917646954585,18764.487671232877,3930.831157278404,17148.877511415525,400.08648967618046,1615.6101598173518,9.237914970687871,8.609934830750442
468,public,7666.518869348978,6906.054223744291,8116.211117617839,7121.514840182649,-449.69224826886057,-215.46061643835765,-5.865664142127747,-3.1198801726398875
468,work,65.53424657534246,132.50730593607307,110.41095890410959,214.76050228310504,-44.87671232876713,-82.25319634703197,-68.47826086956522,-62.07446130307281
469,home,3091.438086011507,13028.258447488584,3529.602609408869,14531.593835616439,-438.1645233973618,-1503.3353881278545,-14.173485323222831,-11.539035659963035
469,public,2518.8116438356165,2365.405707762557,2654.7294520547944,2433.940867579909,-135.9178082191779,-68.535159817352,-5.396108460583575,-2.897395554278068
469,work,559.972602739726,1058.6939497716894,570.1643835616438,1126.2690639269406,-10.19178082191786,-67.57511415525119,-1.8200499045941676,-6.382875255858784
47,home,696.8224195978769,2742.0639269406392,582.4776759083013,2059.991095890411,114.34474368957558,682.0728310502282,16.409452462158406,24.87443215123094
47,public,0.0,0.0,0.0,0.0,0.0,0.0,,
47,work,0.0,0.0,0.0,0.0,0.0,0.0,,
470,home,3614.7554431596172,15729.33618721461,3231.9500881258487,13772.705479452055,382.8053550337686,1956.6307077625552,10.590076176748562,12.439372421532813
470,public,10016.214385001007,8187.11689497717,8953.12417638853,7873.4578767123285,1063.090208612477,313.6590182648415,10.61369263625611,3.831129105500773
470,work,207.3972602739726,447.05068493150685,120.10958904109589,236.5283105022831,87.2876712328767,210.52237442922376,42.087186261558784,47.09138840967845
471,home,125.72570945374598,689.0511415525115,205.91318993574473,892.1195205479452,-80.18748048199875,-203.0683789954337,-63.7797001348395,-29.470726735594297
471,public,0.0,0.0,0.0,0.0,0.0,0.0,,
471,work,324.6027397260274,691.113698630137,443.67123287671234,843.4205479452055,-119.06849315068496,-152.30684931506846,-36.681296421336945,-22.03788604059756
472,home,172.03762554681487,798.9627853881277,251.03046930900354,1023.2502283105024,-78.99284376218867,-224.28744292237468,-45.916027677732124,-28.07232664953452
472,public,0.0,0.0,0.0,0.0,0.0,0.0,,
472,work,0.0,0.0,0.0,0.0,0.0,0.0,,
473,home,0.0,0.0,0.0,0.0,0.0,0.0,,
473,public,533.1986301369863,569.8133561643835,450.208904109589,451.30764840182644,82.98972602739724,118.50570776255711,15.564504733644199,20.797285019828454
473,work,0.0,0.0,0.0,0.0,0.0,0.0,,
474,home,769.1561587907117,3460.683675799087,704.0387967264808,3135.3902968036527,65.11736206423097,325.29337899543407,8.46607822351839,9.399685422572533
474,public,704.1506849315068,422.5970319634704,626.9246575342465,401.05194063926933,77.22602739726028,21.545091324201053,10.967258720308154,5.098259025648677
474,work,131.0684931506849,205.71872146118724,29.91780821917808,53.38458904109589,101.15068493150682,152.33413242009135,77.17391304347825,74.04971766210014
475,home,1337.7354175446524,5039.351141552512,1053.1848830844635,4060.9804794520546,284.5505344601888,978.3706621004571,21.271062328787508,19.414615783234407
475,public,1311.554122606553,1242.7042237442922,1769.0787671232877,1655.322374429224,-457.5246445167347,-412.61815068493183,-34.88416044985323,-33.20324682261924
475,work,0.0,0.0,0.0,0.0,0.0,0.0,,
476,home,1389.2757192268434,5687.853424657535,1424.0879285129724,5848.588127853881,-34.81220928612902,-160.73470319634635,-2.505781163835688,-2.8259290666588193
476,public,230.3595890410959,231.2986301369863,89.43150684931507,114.06438356164384,140.92808219178082,117.23424657534247,61.17743254292723,50.68523168767176
476,work,50.3013698630137,101.54794520547945,173.23287671232876,295.84817351598167,-122.93150684931507,-194.30022831050223,-244.38997821350762,-191.33841449705469
477,home,164.69013960565144,950.4691780821918,155.73273809826594,889.3012557077626,8.957401507385498,61.16792237442917,5.43894220311786,6.435550335030398
477,public,0.0,0.0,0.0,0.0,0.0,0.0,,
477,work,0.0,0.0,0.0,0.0,0.0,0.0,,
478,home,220.47632171720082,949.5097031963471,199.76387792498005,776.8678082191781,20.712443792220768,172.64189497716904,9.394407358985276,18.18221492587199
478,public,0.0,0.0,0.0,0.0,0.0,0.0,,
478,work,0.0,0.0,0.0,0.0,0.0,0.0,,
479,home,1149.1839755162048,4723.946232876712,1488.275031320728,6001.162899543379,-339.0910558045232,-1277.2166666666672,-29.507116617442048,-27.037070358205337
479,public,671.527397260274,461.7081050228311,494.208904109589,355.25936073059364,177.31849315068501,106.44874429223745,26.40525075732078,23.05542032600308
479,work,134.84931506849315,234.3406392694064,0.0,0.0,134.84931506849315,234.3406392694064,100.0,100.0
48,home,128.9415295293012,469.13299086757996,105.61385048769638,416.986301369863,23.32767904160481,52.14668949771698,18.09167234696385,11.115545167966282
48,public,0.0,0.0,0.0,0.0,0.0,0.0,,
48,work,0.0,0.0,0.0,0.0,0.0,0.0,,
480,home,678.2772545192927,3269.3581050228313,604.3730367684574,3078.014726027397,73.9042177508353,191.34337899543425,10.895871453512408,5.8526283401462385
480,public,1495.915110714956,1395.7792237442923,1112.0924657534247,1109.4735159817353,383.8226449615313,286.30570776255695,25.65804985939928,20.51224884939313
480,work,291.5890410958904,570.0754566210046,158.5205479452055,257.1041095890411,133.06849315068493,312.9713470319635,45.635629051959036,54.89998620306012
481,home,597.9932747286234,2414.925570776256,769.287425808606,3081.002397260274,-171.2941510799826,-666.076826484018,-28.644829017135347,-27.58167102723227
481,public,90.10958904109589,44.05684931506849,81.74657534246575,103.4958904109589,8.36301369863014,-59.43904109589042,9.280936454849503,-134.91441630520967
481,work,186.43835616438355,375.8304794520548,167.42465753424656,354.63835616438354,19.013698630136986,21.19212328767128,10.198383541513595,5.638745244549753
482,home,792.460109629378,3095.1953196347026,833.0234889494296,3036.301255707763,-40.56337932005158,58.89406392693945,-5.11866513243455,1.902757591850138
482,public,141.26712328767124,119.36392694063926,211.59931506849315,149.78013698630136,-70.33219178082192,-30.416210045662098,-49.78666666666666,-25.48191134896923
482,work,110.73972602739725,225.1318493150685,60.38356164383563,120.54497716894977,50.35616438356163,104.58687214611874,45.47253834735278,46.455831311433435
483,home,0.0,0.0,0.0,0.0,0.0,0.0,,
483,public,679.5513698630137,557.5908675799087,674.5787671232877,692.655593607306,4.972602739726085,-135.06472602739723,0.7317478795942209,-24.222908566206208
483,work,1075.2328767123288,1980.24098173516,1045.86301369863,1906.2368721461185,29.369863013698705,74.00410958904149,2.731488559343634,3.737126454387201
484,home,2330.0797804487584,10444.028881278538,1895.0211794009117,8718.51700913242,435.05860104784665,1725.5118721461185,18.67140364455921,16.52151570778579
484,public,1233.1678082191781,1022.595205479452,913.3767123287671,822.0196347031963,319.79109589041104,200.57557077625574,25.93248816251719,19.61436643761832
484,work,0.0,0.0,0.0,0.0,0.0,0.0,,
485,home,1423.2370189635315,5725.591894977169,1091.6484281925325,4367.149429223745,331.58859077099896,1358.4424657534246,23.29819884902077,23.725799719416457
485,public,442.75,386.8300228310502,529.8458904109589,421.33082191780824,-87.09589041095887,-34.500799086758036,-19.671573215349266,-8.918852480544516
485,work,44.82191780821918,116.38470319634702,39.83561643835616,91.45319634703198,4.986301369863021,24.931506849315042,11.124694376528133,21.421635459476406
486,home,1985.957670719842,8671.023744292237,1864.704411534831,8044.320433789955,121.25325918501107,626.703310502282,6.105530896892727,7.227558463495315
486,public,4006.2979452054797,3127.241324200913,3520.4897260273974,2760.070433789954,485.80821917808225,367.1708904109587,12.126113080517918,11.741047535075658
486,work,0.0,0.0,0.0,0.0,0.0,0.0,,
487,home,0.0,0.0,0.0,0.0,0.0,0.0,,
487,public,0.0,0.0,0.0,0.0,0.0,0.0,,
487,work,0.0,0.0,0.0,0.0,0.0,0.0,,
488,home,0.0,0.0,0.0,0.0,0.0,0.0,,
488,public,0.0,0.0,0.0,0.0,0.0,0.0,,
488,work,0.0,0.0,0.0,0.0,0.0,0.0,,
489,home,0.0,0.0,0.0,0.0,0.0,0.0,,
489,public,136.67123287671234,107.13824200913243,68.10958904109589,81.69132420091324,68.56164383561645,25.446917808219183,50.16538037486219,23.751479706051267
489,work,0.0,0.0,0.0,0.0,0.0,0.0,,
49,home,0.0,0.0,0.0,0.0,0.0,0.0,,
49,public,0.0,0.0,0.0,0.0,0.0,0.0,,
49,work,0.0,0.0,0.0,0.0,0.0,0.0,,
490,home,302.1880456990442,1316.998401826484,323.984350524735,1251.2099315068492,-21.79630482569081,65.78847031963483,-7.212828282227364,4.995334104308391
490,public,0.0,0.0,6.780821917808219,28.623287671232877,-6.780821917808219,-28.623287671232877,,
490,work,233.31506849315068,399.263698630137,0.0,0.0,233.31506849315068,399.263698630137,100.0,100.0
491,home,435.20767328880004,1796.0033105022833,387.7339824655704,1698.953881278539,47.47369082322962,97.04942922374426,10.908284420740552,5.403633092224241
491,public,0.0,0.0,0.0,0.0,0.0,0.0,,
491,work,0.0,0.0,0.0,0.0,0.0,0.0,,
492,home,677.6487080606332,3080.6031963470314,662.2421293207245,2891.265410958904,15.406578739908696,189.3377853881275,2.273534732177218,6.146127018651528
492,public,41.136986301369866,54.719063926940635,27.424657534246574,48.444292237442916,13.712328767123292,6.274771689497719,33.33333333333334,11.467249691763037
492,work,0.0,0.0,0.0,0.0,0.0,0.0,,
493,home,188.53664712970667,784.9176940639269,188.38656933181372,718.8779680365296,0.15007779789294773,66.03972602739725,0.07960139324515483,8.41358610295498
493,public,417.736301369863,420.27431506849314,278.3904109589041,311.824200913242,139.34589041095887,108.45011415525113,33.35738118856524,25.804601962786315
493,work,15.04109589041096,45.896232876712325,0.0,0.0,15.04109589041096,45.896232876712325,100.0,100.00000000000001
494,home,0.0,0.0,0.0,0.0,0.0,0.0,,
494,public,0.0,0.0,0.0,0.0,0.0,0.0,,
494,work,44.49315068493151,115.12123287671233,57.28767123287671,136.00365296803653,-12.794520547945204,-20.882420091324207,-28.756157635467975,-18.13950352120358
495,home,0.0,0.0,0.0,0.0,0.0,0.0,,
495,public,33.9041095890411,28.335616438356166,55.18835616438356,57.615753424657534,-21.284246575342465,-29.28013698630137,-62.777777777777764,-103.33333333333333
495,work,0.0,0.0,0.0,0.0,0.0,0.0,,
496,home,0.0,0.0,0.0,0.0,0.0,0.0,,
496,public,0.0,0.0,23.996575342465754,11.85285388127854,-23.996575342465754,-11.85285388127854,,
496,work,0.0,0.0,0.0,0.0,0.0,0.0,,
497,home,0.0,0.0,0.0,0.0,0.0,0.0,,
497,public,194.83561643835617,175.59189497716898,75.90753424657534,65.5134703196347,118.92808219178083,110.07842465753427,61.04021655065739,62.6899235137516
497,work,216.986301369863,536.7295662100456,265.041095890411,533.2570776255708,-48.05479452054797,3.4724885844748314,-22.14646464646466,0.6469717345729181
498,home,0.0,0.0,0.0,0.0,0.0,0.0,,
498,public,1611.61301369863,1627.91301369863,1276.7534246575342,1309.6493150684933,334.8595890410959,318.2636986301368,20.77791542974685,19.55041184338464
498,work,561.6712328767123,1106.639497716895,754.5479452054794,1418.9010273972603,-192.8767123287671,-312.26152968036536,-34.339788303009605,-28.217096021296122
499,home,2380.9354937399676,9680.291324200914,2328.6745828208495,9319.349771689498,52.26091091911803,360.9415525114164,2.194973826738444,3.728622831929196
499,public,4483.06949211586,3649.488242009132,4064.6376998479227,3692.5807077625577,418.43179226793745,-43.092465753425586,9.333600404896947,-1.1807810546528061
499,work,244.54794520547946,475.6292237442923,262.3013698630137,559.0808219178082,-17.753424657534225,-83.45159817351589,-7.259690790947784,-17.545515289527525
5,home,1968.6507255374677,7490.557305936074,1185.8187199968672,4669.730707762557,782.8320055406004,2820.8265981735167,39.764900669562756,37.65843425212279
5,public,0.0,0.0,0.0,0.0,0.0,0.0,,
5,work,130.4931506849315,295.54155251141555,272.16438356164383,489.4473744292237,-141.67123287671234,-193.90582191780817,-108.566029813143,-65.61034151376003
50,home,185.8199104032415,655.9715753424657,215.26086777567673,748.3057077625572,-29.440957372435236,-92.33413242009146,-15.843812058969576,-14.075934978110327
50,public,0.0,0.0,0.0,0.0,0.0,0.0,,
50,work,0.0,0.0,0.0,0.0,0.0,0.0,,
500,home,2846.8673006884824,11149.425684931506,2503.759062036274,10684.675228310503,343.10823865220846,464.75045662100274,12.052133184052225,4.168380235487061
500,public,3993.5650684931506,3630.4915525114156,3821.671232876712,3287.7416666666672,171.89383561643854,342.7498858447484,4.304270311571445,9.4408671907706
500,work,440.2191780821918,883.0375570776255,670.4931506849315,1261.4764840182647,-230.27397260273972,-378.43892694063925,-52.30893701767488,-42.85649278532008
501,home,565.7275894860654,2395.0109589041094,685.4243271424225,2668.9882420091326,-119.69673765635707,-273.97728310502316,-21.15801666400881,-11.439500186270028
501,public,1604.0034246575342,1709.810502283105,1199.0,1419.819292237443,405.0034246575342,289.991210045662,25.249536156321188,16.960429805433854
501,work,511.47945205479454,911.2689497716893,61.643835616438366,116.48630136986301,449.83561643835617,794.7826484018263,87.94793507954363,87.21713261501473
502,home,0.0,0.0,0.0,0.0,0.0,0.0,,
502,public,100.35616438356165,141.8,140.6267123287671,137.07545662100455,-40.27054794520545,4.724543378995463,-40.1276276276276,3.3318359513367155
502,work,29.726027397260275,72.74349315068493,54.657534246575345,101.71952054794521,-24.93150684931507,-28.97602739726028,-83.87096774193549,-39.8331536502347
503,home,0.0,0.0,0.0,0.0,0.0,0.0,,
503,public,61.47945205479452,29.187214611872143,62.157534246575345,29.50913242009132,-0.678082191780824,-0.32191780821917604,-1.1029411764705916,-1.1029411764705814
503,work,0.0,0.0,0.0,0.0,0.0,0.0,,
504,home,123.24337026991195,440.66712328767125,154.5223826870512,529.6029680365297,-31.279012417139242,-88.93584474885841,-25.3798742671804,-20.18209211645688
504,public,0.0,0.0,0.0,0.0,0.0,0.0,,
504,work,0.0,0.0,0.0,0.0,0.0,0.0,,
505,home,1018.972518873415,4076.126712328767,860.2989779334587,3266.7929223744295,158.6735409399563,809.3337899543376,15.571915630795143,19.855461988127207
505,public,1345.4280821917807,1179.5698630136985,931.6849315068494,876.0631278538814,413.7431506849314,303.50673515981714,30.751784964300708,25.73028903810613
505,work,0.0,0.0,0.0,0.0,0.0,0.0,,
506,home,785.3451340302468,2740.3633561643837,891.7622476699489,3070.871461187215,-106.41711363970217,-330.5081050228314,-13.55036264038323,-12.060740203643471
506,public,1394.400684931507,1304.3697488584473,1654.4349050047706,1339.034703196347,-260.03422007326367,-34.664954337899644,-18.64845756914101,-2.6576018317074257
506,work,85.64383561643835,175.69269406392695,29.917808219178077,94.27979452054795,55.726027397260275,81.412899543379,65.06717850287909,46.33823846639655
507,home,0.0,0.0,0.0,0.0,0.0,0.0,,
507,public,375.6419107161468,346.1021689497717,406.1871249962311,325.5058219178082,-30.54521428008428,20.59634703196349,-8.131471331793358,5.950944223915727
507,work,0.0,0.0,0.0,0.0,0.0,0.0,,
508,home,0.0,0.0,0.0,0.0,0.0,0.0,,
508,public,0.0,0.0,0.0,0.0,0.0,0.0,,
508,work,52.93150684931507,86.04520547945205,0.0,0.0,52.93150684931507,86.04520547945205,100.0,100.0
509,home,201.16695757508936,854.3673515981736,147.85274345386136,646.9876712328767,53.31421412122799,207.37968036529696,26.502470765521945,24.272893852670514
509,public,0.0,0.0,0.0,0.0,0.0,0.0,,
509,work,0.0,0.0,0.0,0.0,0.0,0.0,,
51,home,0.0,0.0,0.0,0.0,0.0,0.0,,
51,public,13.561643835616437,25.02739726027398,0.0,0.0,13.561643835616437,25.02739726027398,100.0,100.0
51,work,0.0,0.0,0.0,0.0,0.0,0.0,,
510,home,0.0,0.0,0.0,0.0,0.0,0.0,,
510,public,0.0,0.0,0.0,0.0,0.0,0.0,,
510,work,0.0,0.0,0.0,0.0,0.0,0.0,,
511,home,719.2163312341906,3213.4227168949774,697.0128418107713,2979.546118721461,22.20348942341934,233.8765981735164,3.0871781492110557,7.278114919144641
511,public,0.0,0.0,0.0,0.0,0.0,0.0,,
511,work,0.0,0.0,0.0,0.0,0.0,0.0,,
512,home,0.0,0.0,0.0,0.0,0.0,0.0,,
512,public,1137.5205479452054,853.570205479452,468.3664383561644,517.7237442922375,669.154109589041,335.8464611872146,58.82567227447344,39.346085305141244
512,work,556.5479452054794,990.7892694063928,479.4246575342466,906.0410958904109,77.12328767123284,84.74817351598188,13.857438219946829,8.553602277783718
513,home,0.0,0.0,0.0,0.0,0.0,0.0,,
513,public,0.0,0.0,0.0,0.0,0.0,0.0,,
513,work,0.0,0.0,0.0,0.0,0.0,0.0,,
514,home,2162.4409444524754,8415.297260273972,1908.9292931024004,7777.349543378995,253.511651350075,637.947716894977,11.723402296855026,7.5808102454862984
514,public,0.0,0.0,0.0,0.0,0.0,0.0,,
514,work,183.67123287671234,344.34680365296805,356.7671232876712,647.217694063927,-173.09589041095887,-302.8708904109589,-94.24224343675417,-87.95519145175267
515,home,4503.644795736538,19213.294634703194,4889.715171316881,20440.918378995433,-386.07037558034335,-1227.6237442922393,-8.572398425955447,-6.389449428807989
515,public,3541.472602739726,3412.6481735159823,2971.281951787596,2474.7882420091323,570.19065095213,937.85993150685,16.100382945530164,27.481881630375977
515,work,605.972602739726,1178.0753424657532,248.1917808219178,506.6608447488585,357.78082191780817,671.4144977168947,59.04240889773035,56.992492204412024
516,home,369.20152442073083,1426.1289954337901,266.25097764701206,1149.7534246575342,102.95054677371877,276.3755707762559,27.884648346250994,19.379423015811405
516,public,89.65753424657534,97.69566210045662,120.92465753424658,117.85525114155253,-31.26712328767124,-20.159589041095913,-34.873949579831944,-20.63509126983202
516,work,0.0,0.0,0.0,0.0,0.0,0.0,,
517,home,287.476727278362,1166.3130136986301,421.711810940291,1665.275684931507,-134.23508366192902,-498.9626712328768,-46.69424371592696,-42.78119727486865
517,public,0.0,0.0,0.0,0.0,0.0,0.0,,
517,work,0.0,0.0,0.0,0.0,0.0,0.0,,
518,home,121.21242953851099,465.60650684931505,107.4417808219178,425.0649543378995,13.770648716593186,40.541552511415546,11.360756292916353,8.707256431134041
518,public,117.19520547945206,57.63664383561644,138.25342465753425,133.51723744292238,-21.058219178082197,-75.88059360730594,-17.968498874959828,-131.65338673036283
518,work,180.13698630136986,326.52488584474884,136.02739726027397,235.462899543379,44.10958904109589,91.06198630136984,24.486692015209123,27.88822238335201
519,home,470.54739461337954,1771.1567351598173,627.3573172593468,2483.673858447489,-156.80992264596728,-712.5171232876714,-33.32500072066249,-40.22891419732984
519,public,682.3013698630137,688.1756849315068,733.2328767123288,669.4495433789955,-50.93150684931504,18.726141552511308,-7.46466431095406,2.7211280436877243
519,work,0.0,0.0,57.972602739726014,98.96301369863014,-57.972602739726014,-98.96301369863014,,
52,home,211.27123243075278,852.5778538812785,202.6217405443761,795.3280821917808,8.649491886376666,57.24977168949772,4.094022544792823,6.714902507597828
52,public,377.1267123287671,255.89429223744293,147.8595890410959,155.1536529680365,229.2671232876712,100.74063926940642,60.79312755968434,39.36806811459856
52,work,0.0,0.0,0.0,0.0,0.0,0.0,,
520,home,0.0,0.0,0.0,0.0,0.0,0.0,,
520,public,34.61986301369863,63.34280821917808,72.70547945205479,64.85867579908675,-38.08561643835616,-1.5158675799086723,-110.01088139281828,-2.3931171075704194
520,work,0.0,0.0,0.0,0.0,0.0,0.0,,
521,home,231.92990211255622,1236.4206621004566,304.86771404445517,1622.2213470319634,-72.93781193189895,-385.8006849315068,-31.448213993770423,-31.2030279626758
521,public,0.0,0.0,0.0,0.0,0.0,0.0,,
521,work,0.0,0.0,0.0,0.0,0.0,0.0,,
522,home,669.3451479288581,3262.5647260273972,727.4315201062011,3487.5335616438356,-58.08637217734304,-224.96883561643835,-8.67808967571941,-6.89545969223935
522,public,560.472602739726,583.1606164383562,441.5821917808219,493.21609589041094,118.89041095890406,89.94452054794527,21.21252856566742,15.423627387130484
522,work,0.0,0.0,0.0,0.0,0.0,0.0,,
523,home,358.3853347705514,1567.2560502283106,276.93690910638213,1229.3542237442923,81.44842566416929,337.90182648401833,22.726495133043016,21.560090735320138
523,public,0.0,0.0,0.0,0.0,0.0,0.0,,
523,work,0.0,0.0,0.0,0.0,0.0,0.0,,
524,home,0.0,0.0,0.0,0.0,0.0,0.0,,
524,public,0.0,0.0,0.0,0.0,0.0,0.0,,
524,work,530.8493150684932,913.345205479452,560.4931506849315,989.3707762557077,-29.64383561643831,-76.02557077625568,-5.584227910817497,-8.323859403887358
525,home,117.89121568296025,460.6038812785388,117.54348389962396,465.593607305936,0.34773178333628607,-4.989726027397239,0.2949598757819464,-1.0833009078314357
525,public,0.0,0.0,0.0,0.0,0.0,0.0,,
525,work,0.0,0.0,0.0,0.0,0.0,0.0,,
526,home,0.0,0.0,0.0,0.0,0.0,0.0,,
526,public,0.0,0.0,0.0,0.0,0.0,0.0,,
526,work,75.53424657534246,143.06118721461186,0.0,0.0,75.53424657534246,143.06118721461186,100.0,100.0
527,home,140.2649006644272,580.8858447488584,136.37549499327173,612.7577625570776,3.8894056711554583,-31.871917808219223,2.772900171555076,-5.486778184790991
527,public,85.70205479452055,51.17191780821918,332.86301369863014,207.75331050228309,-247.16095890410958,-156.5813926940639,-288.3956043956044,-305.9908625682072
527,work,0.0,0.0,0.0,0.0,0.0,0.0,,
528,home,0.0,0.0,0.0,0.0,0.0,0.0,,
528,public,876.195205479452,655.2078767123288,724.3424657534247,566.1631278538813,151.85273972602738,89.04474885844752,17.330925663184143,13.590305004459358
528,work,0.0,0.0,0.0,0.0,0.0,0.0,,
529,home,87.13492315851764,470.8404109589041,58.103797643169344,246.70844748858445,29.031125515348293,224.13196347031965,33.3174397394421,47.602533311415854
529,public,0.0,0.0,0.0,0.0,0.0,0.0,,
529,work,0.0,0.0,0.0,0.0,0.0,0.0,,
53,home,7193.10240377735,29765.197031963467,6955.499489679996,28575.839269406388,237.6029140973542,1189.3577625570797,3.3032049421760012,3.9958000656937815
53,public,2060.2397260273974,1902.3091324200914,2334.7876712328766,1913.6116438356164,-274.5479452054792,-11.302511415525032,-13.326019381971097,-0.5941469355796097
53,work,256.71232876712327,438.140296803653,200.1643835616438,367.7579908675799,56.547945205479465,70.38230593607307,22.02774813233725,16.063874163031848
530,home,339.53331861191236,1382.0567351598174,434.4165228577549,1646.48801369863,-94.88320424584253,-264.43127853881265,-27.945182120490017,-19.133171006053853
530,public,505.0582191780822,360.5681506849315,296.7739726027397,294.7444063926941,208.28424657534248,65.8237442922374,41.239650928619376,18.25556255237721
530,work,429.26027397260276,750.9845890410959,291.3972602739726,539.073401826484,137.86301369863014,211.9111872146119,32.1164156242022,28.2177810712725
531,home,0.0,0.0,0.0,0.0,0.0,0.0,,
531,public,0.0,0.0,0.0,0.0,0.0,0.0,,
531,work,323.26027397260276,661.5437214611874,176.95890410958904,331.6049086757991,146.30136986301372,329.9388127853883,45.25807271802695,49.87407514905207
532,home,203.87526950119334,736.8686073059362,192.34528611255914,743.5783105022832,11.529983388634207,-6.70970319634705,5.655410495271825,-0.910569826129299
532,public,0.0,0.0,0.0,0.0,0.0,0.0,,
532,work,5.041095890410959,26.7283105022831,0.0,0.0,5.041095890410959,26.7283105022831,100.0,100.0
533,home,1044.7420185773258,4312.615867579908,969.3501081216444,3936.9081050228315,75.39191045568134,375.7077625570764,7.216318393927147,8.711829991199998
533,public,1442.7705479452054,1216.4417808219177,933.8698630136986,839.3892694063926,508.9006849315068,377.05251141552515,35.27246142196924,30.996346669444442
533,work,0.0,0.0,0.0,0.0,0.0,0.0,,
534,home,729.4160783342893,2904.8899543379,678.8878913003347,2788.695890410959,50.52818703395462,116.194063926941,6.9272104817516365,3.9999471840035556
534,public,100.5068493150685,117.0269406392694,182.32876712328766,170.74029680365297,-81.82191780821917,-53.71335616438357,-81.40929535232382,-45.89828279793515
534,work,91.23287671232875,135.8013698630137,0.0,0.0,91.23287671232875,135.8013698630137,100.0,100.0
535,home,0.0,0.0,0.0,0.0,0.0,0.0,,
535,public,107.43835616438356,82.00182648401827,230.58561643835617,222.81632420091327,-123.1472602739726,-140.814497716895,-114.62131837307153,-171.72117226478977
535,work,0.0,0.0,0.0,0.0,0.0,0.0,,
536,home,341.32024935520207,1580.8808219178081,240.31010084266444,1054.1317351598173,101.01014851253763,526.7490867579909,29.593951341404097,33.31997450123898
536,public,880.9794520547945,679.7712328767124,498.20205479452056,410.68538812785386,382.7773972602739,269.0858447488585,43.44907209441546,39.584764952485365
536,work,0.0,0.0,0.0,0.0,0.0,0.0,,
537,home,909.4817253898563,4422.7950913242,904.5869767355967,4299.355479452055,4.894748654259502,123.43961187214518,0.5381909847788674,2.790986453663331
537,public,474.77054794520546,429.1506849315069,168.6164383561644,171.31529680365298,306.15410958904107,257.8353881278539,64.48464651273505,60.080386023152876
537,work,144.24657534246575,297.93036529680364,56.821917808219176,107.65650684931506,87.42465753424656,190.27385844748858,60.60778727445393,63.86521167720997
538,home,755.7643756093514,3600.1590182648397,707.8554742135314,3314.7742009132417,47.90890139582007,285.38481735159803,6.339132002245075,7.927005887899482
538,public,0.0,0.0,0.0,0.0,0.0,0.0,,
538,work,0.0,0.0,0.0,0.0,0.0,0.0,,
539,home,1953.850684806836,7667.300684931507,1636.2838273009218,6546.050799086757,317.5668575059142,1121.2498858447498,16.253384149327147,14.62378915239798
539,public,684.9760273972603,615.7891552511416,618.4486301369863,547.4303652968036,66.52739726027403,68.35878995433791,9.712368696034765,11.101005818535189
539,work,0.0,0.0,0.0,0.0,0.0,0.0,,
54,home,414.44199126607606,1654.7423515981734,403.95384432691293,1545.2051369863013,10.48814693916313,109.53721461187206,2.5306670559908664,6.6195933467273305
54,public,1445.6070326065985,1112.9754566210047,1432.599315068493,1078.6949771689497,13.007717538105453,34.28047945205503,0.8998100621197876,3.080075058989227
54,work,0.0,0.0,0.0,0.0,0.0,0.0,,
540,home,1301.2469170087793,5006.040410958904,1056.4649128504234,4405.779109589041,244.7820041583559,600.2613013698638,18.811341718376145,11.990740227661966
540,public,1340.2294520547946,1036.1622146118723,1489.0308219178082,1090.2937214611873,-148.80136986301363,-54.131506849314974,-11.102678696910921,-5.224230925038283
540,work,0.0,0.0,0.0,0.0,0.0,0.0,,
541,home,204.31877799405237,778.1286529680365,195.40295906107627,737.494406392694,8.915818932976094,40.634246575342445,4.363680627159796,5.222047333734618
541,public,843.3835616438356,683.8770547945205,643.6883561643835,480.8527397260274,199.69520547945206,203.02431506849314,23.677863140968377,29.68725352680451
541,work,0.0,0.0,0.0,0.0,0.0,0.0,,
542,home,0.0,0.0,0.0,0.0,0.0,0.0,,
542,public,422.4828767123288,335.9027397260274,356.2191780821918,286.2808219178082,66.26369863013701,49.621917808219166,15.684351315202859,14.772704101399212
542,work,135.86301369863014,289.0990867579909,246.08219178082192,450.53847031963465,-110.21917808219177,-161.43938356164375,-81.12522686025407,-55.842232285149706
543,home,118.4962283727789,720.8889269406394,112.11301369863014,684.539383561644,6.3832146741487605,36.34954337899546,5.386850503011554,5.0423223357387785
543,public,419.5821917808219,377.8985159817351,336.89383561643837,306.2584474885845,82.68835616438355,71.64006849315058,19.707308313880407,18.957488707527272
543,work,0.0,0.0,0.0,0.0,0.0,0.0,,
544,home,155.32326054951693,592.415296803653,185.44335965575823,704.138698630137,-30.120099106241298,-111.72340182648406,-19.3918792328204,-18.85896640908533
544,public,0.0,0.0,0.0,0.0,0.0,0.0,,
544,work,0.0,0.0,0.0,0.0,0.0,0.0,,
545,home,0.0,0.0,0.0,0.0,0.0,0.0,,
545,public,96.21232876712328,65.66278538812787,0.0,0.0,96.21232876712328,65.66278538812787,100.00000000000001,100.0
545,work,0.0,0.0,0.0,0.0,0.0,0.0,,
546,home,0.0,0.0,0.0,0.0,0.0,0.0,,
546,public,814.6780821917808,513.7867579908676,574.3356164383562,411.3541095890411,240.34246575342468,102.4326484018265,29.501525940996952,19.936801953087162
546,work,0.0,0.0,0.0,0.0,0.0,0.0,,
547,home,0.0,0.0,0.0,0.0,0.0,0.0,,
547,public,0.0,0.0,0.0,0.0,0.0,0.0,,
547,work,7.47945205479452,30.146347031963472,0.0,0.0,7.47945205479452,30.146347031963472,100.0,100.0
548,home,1643.4950602621561,6690.96404109589,1370.7171633595635,5441.2022831050235,272.7778969025926,1249.7617579908665,16.59742724502509,18.678351136171585
548,public,3472.6472602739727,2981.019634703196,2384.7397260273974,2125.804109589041,1087.9075342465753,855.2155251141548,31.327902107763904,28.68869145168526
548,work,0.0,0.0,0.0,0.0,0.0,0.0,,
549,home,5450.589903731537,23592.448744292236,5802.360132900872,24460.227511415524,-351.7702291693349,-867.7787671232873,-6.453801063413502,-3.678205584035572
549,public,1971.75,1733.2906392694063,1509.5239726027398,1192.7168949771687,462.22602739726017,540.5737442922375,23.442425631913792,31.18771497664656
549,work,361.56164383561645,922.9437214611871,453.28767123287673,850.1841324200915,-91.72602739726028,72.75958904109564,-25.369402136849285,7.8834264050146015
55,home,111.73632811769792,442.0074200913242,139.78297712640168,518.5187214611873,-28.046649008703753,-76.51130136986308,-25.100743402951903,-17.30995858713297
55,public,34.46917808219178,17.339383561643835,0.0,0.0,34.46917808219178,17.339383561643835,100.0,100.0
55,work,0.0,0.0,0.0,0.0,0.0,0.0,,
550,home,212.52008123259884,843.2133561643835,201.7876712328767,948.2760273972602,10.732409999722137,-105.06267123287671,5.050068651148187,-12.459796855067232
550,public,767.4383561643835,725.4389269406394,1271.5171232876712,1033.146118721461,-504.07876712328766,-307.70719178082174,-65.68329079128216,-42.41669151647284
550,work,87.34246575342466,253.8353881278539,77.97260273972603,222.24109589041095,9.369863013698634,31.594292237442943,10.727728983688838,12.446764208278662
551,home,0.0,0.0,0.0,0.0,0.0,0.0,,
551,public,261.8527397260274,231.56198630136987,392.0445205479452,220.66552511415523,-130.1917808219178,10.89646118721464,-49.71946482520501,4.705634703371941
551,work,0.0,0.0,0.0,0.0,0.0,0.0,,
552,home,0.0,0.0,0.0,0.0,0.0,0.0,,
552,public,576.181506849315,653.0493150684931,599.3116438356165,608.4094748858448,-23.13013698630141,44.6398401826483,-4.014383785550841,6.83560018403302
552,work,171.8904109589041,349.260502283105,113.7260273972603,208.68573059360733,58.16438356164382,140.57477168949765,33.838061842524695,40.24926115909608
553,home,738.4718861878745,3457.998287671233,505.4057791965232,2330.517694063927,233.06610699135126,1127.4805936073058,31.56059307748067,32.605007284911075
553,public,688.7431506849315,604.0076484018265,675.4828767123288,734.8391552511414,13.260273972602704,-130.8315068493149,1.9252857846086477,-21.660571218839433
553,work,773.5342465753424,1591.3683789954337,679.1232876712329,1331.8264840182646,94.41095890410952,259.541894977169,12.205142735708712,16.3093535351637
554,home,0.0,0.0,0.0,0.0,0.0,0.0,,
554,public,172.3458904109589,139.1928082191781,204.3664383561644,151.31712328767122,-32.02054794520549,-12.124315068493132,-18.579234972677604,-8.710446483270704
554,work,0.0,0.0,0.0,0.0,0.0,0.0,,
555,home,0.0,0.0,0.0,0.0,0.0,0.0,,
555,public,1078.2968397780476,830.1288812785389,1081.4769525808688,1033.330707762557,-3.1801128028212133,-203.20182648401817,-0.29491997801605313,-24.47834680454112
555,work,0.0,0.0,0.0,0.0,0.0,0.0,,
556,home,217.56956130763155,781.2722602739726,365.5413956535788,1243.533105022831,-147.97183434594723,-462.2608447488584,-68.01127577617491,-59.16770225359789
556,public,0.0,0.0,0.0,0.0,0.0,0.0,,
556,work,0.0,0.0,0.0,0.0,0.0,0.0,,
557,home,1502.4653087730092,5946.296575342466,1518.0392140407491,6108.38401826484,-15.573905267739974,-162.08744292237407,-1.0365567295832228,-2.725855343214847
557,public,1202.7671232876712,834.0881278538814,1177.150684931507,808.0711187214613,25.61643835616428,26.01700913242007,2.129792032072154,3.119215855447091
557,work,0.0,0.0,0.0,0.0,0.0,0.0,,
558,home,2094.859163320233,9024.827054794521,2348.179700131614,9768.567123287672,-253.32053681138086,-743.7400684931508,-12.092485320582705,-8.241045107873088
558,public,44.602739726027394,27.833333333333332,41.43835616438356,20.970319634703195,3.164383561643831,6.863013698630137,7.094594594594585,24.657534246575345
558,work,302.6849315068493,637.7026255707761,492.4657534246575,851.8576484018265,-189.78082191780823,-214.15502283105036,-62.69913106444606,-33.5822708334266
559,home,0.0,0.0,0.0,0.0,0.0,0.0,,
559,public,10.397260273972602,31.485844748858444,10.397260273972602,29.17534246575342,0.0,2.3105022831050235,0.0,7.338225483655774
559,work,0.0,0.0,0.0,0.0,0.0,0.0,,
56,home,2962.3258420148545,12112.93812785388,2881.7784021961215,11612.792009132421,80.54743981873298,500.14611872145906,2.7190607689513273,4.129023969596325
56,public,3519.0205479452056,2874.8900684931505,3448.3116438356165,2736.054794520548,70.70890410958918,138.8352739726024,2.009334789217894,4.8292376635247045
56,work,429.9178082191781,825.4454337899543,516.6849315068494,982.16700913242,-86.76712328767127,-156.7215753424657,-20.182258475656393,-18.98630350681007
560,home,0.0,0.0,0.0,0.0,0.0,0.0,,
560,public,450.81164383561645,316.66997716894974,333.20205479452056,260.34611872146115,117.60958904109589,56.32385844748859,26.088409793599066,17.78629567318871
560,work,0.0,0.0,0.0,0.0,0.0,0.0,,
561,home,35.65068493150685,189.14703196347034,94.97945205479452,571.4418949771689,-59.32876712328767,-382.29486301369855,-166.41690682036503,-202.11517941636563
561,public,0.0,0.0,0.0,0.0,0.0,0.0,,
561,work,0.0,0.0,0.0,0.0,0.0,0.0,,
562,home,225.80381904907432,1011.3562785388128,137.579143749699,565.3832191780822,88.22467529937532,445.97305936073064,39.071383146182,44.096533419959925
562,public,0.0,0.0,0.0,0.0,0.0,0.0,,
562,work,0.0,0.0,0.0,0.0,0.0,0.0,,
563,home,2780.1332793861325,11952.569178082193,3022.283640580369,12943.633675799085,-242.15036119423667,-991.0644977168922,-8.710027069195212,-8.291644105555472
563,public,307.02054794520546,225.33310502283103,174.83219178082192,138.08938356164384,132.18835616438355,87.24372146118719,43.055214723926376,38.717667096606846
563,work,235.8904109589041,454.8196347031963,265.4246575342466,446.86621004566217,-29.53424657534248,7.9534246575341285,-12.520325203252037,1.7486986160402531
564,home,254.71014252289888,1177.238812785388,202.70749620739545,1039.5907534246576,52.002646315503426,137.64805936073049,20.416401875645096,11.692449982603817
564,public,0.0,0.0,0.0,0.0,0.0,0.0,,
564,work,0.0,0.0,0.0,0.0,0.0,0.0,,
565,home,424.5426256632255,1778.5320776255705,300.68674661888133,1357.2304794520546,123.85587904434419,421.3015981735159,29.17395605467297,23.688164159286607
565,public,776.1027397260274,528.3197488584474,453.3732876712329,380.1702054794521,322.7294520547945,148.1495433789953,41.5833414231628,28.04164404209864
565,work,0.0,0.0,0.0,0.0,0.0,0.0,,
566,home,2276.543794532261,9016.202739726028,2017.9369721972246,8084.209703196347,258.60682233503644,931.9930365296814,11.359624311034606,10.3368686733635
566,public,2582.3630136986303,2166.482420091324,1970.4315068493152,1527.7883561643835,611.9315068493152,638.6940639269405,23.696571845368346,29.480694512167684
566,work,783.972602739726,1350.6102739726027,811.8356164383562,1364.2526255707764,-27.863013698630198,-13.642351598173718,-3.554080027957373,-1.010087947728025
567,home,1267.388205486255,4826.9162100456615,932.1096356044535,3919.5883561643836,335.27856988180145,907.3278538812779,26.4542914657444,18.797257180329108
567,public,2454.054794520548,2161.076826484018,1971.9760273972602,1729.4577625570773,482.0787671232879,431.6190639269407,19.644172909247214,19.972407210953577
567,work,0.0,0.0,0.0,0.0,0.0,0.0,,
568,home,2172.413518091331,9696.273173515981,1871.52280515387,8377.36198630137,300.8907129374609,1318.9111872146113,13.850526634626249,13.602248653813028
568,public,3103.845890410959,2551.5957762557077,3444.695205479452,2890.3286529680367,-340.84931506849307,-338.732876712329,-10.981515419999269,-13.275334591178716
568,work,89.97260273972603,213.01678082191782,220.0,445.78287671232874,-130.02739726027397,-232.76609589041092,-144.51887941534713,-109.2712484867582
569,home,7352.990216226845,29733.597831050225,6812.041130274685,27993.806278538817,540.9490859521602,1739.7915525114076,7.356858503066877,5.851264829762972
569,public,2973.1374304406754,2393.6115296803655,2664.2010845859204,2252.074315068493,308.936345854755,141.5372146118725,10.390920469793581,5.913123865624632
569,work,533.6712328767123,1020.4785388127852,441.9178082191781,857.3027397260274,91.75342465753425,163.17579908675782,17.192874377534782,15.990125502942467
57,home,4423.896051472756,18423.824315068494,3954.544539620214,16865.321347031964,469.351511852542,1558.5029680365296,10.609460674291626,8.459171892785905
57,public,3432.8933529004057,2555.86598173516,2566.4807482995593,1842.61700913242,866.4126046008464,713.24897260274,25.23855289209104,27.906352590464078
57,work,70.57534246575342,109.8013698630137,0.0,0.0,70.57534246575342,109.8013698630137,100.0,100.0
570,home,2501.737631298907,11525.381849315068,2123.4887976131017,9489.597716894978,378.2488336858055,2035.7841324200908,15.119444539410711,17.66348533208098
570,public,917.5129794260909,851.9041095890411,1446.5230977406939,1262.3384703196348,-529.010118314603,-410.43436073059365,-57.65696291789808,-48.17846939705307
570,work,0.0,0.0,0.0,0.0,0.0,0.0,,
571,home,1987.9111891334535,7416.053538812785,1881.1405848320346,6839.964383561643,106.77060430141887,576.0891552511412,5.370994684524162,7.7681364115848295
571,public,1067.9462896078128,926.9102739726028,1386.4897260273972,1227.8464611872146,-318.5434364195844,-300.9361872146118,-29.82766451078403,-32.466593117459254
571,work,115.94520547945206,247.8958904109589,15.123287671232877,65.97534246575343,100.82191780821918,181.9205479452055,86.95652173913044,73.38586680223692
572,home,600.4852172590885,2265.7852739726027,546.8943496693323,2183.14897260274,53.59086758975616,82.63630136986285,8.924593986571624,3.647137366418512
572,public,27.123287671232877,55.78767123287671,0.0,0.0,27.123287671232877,55.78767123287671,100.00000000000001,100.0
572,work,0.0,0.0,0.0,0.0,0.0,0.0,,
573,home,0.0,0.0,0.0,0.0,0.0,0.0,,
573,public,84.76027397260275,60.60616438356164,349.0239726027397,228.9610730593607,-264.26369863013696,-168.35490867579907,-311.7777777777777,-277.7851236556101
573,work,0.0,0.0,0.0,0.0,0.0,0.0,,
574,home,3919.6677201112325,17358.006621004566,3799.6339410663772,16737.88915525114,120.03377904485524,620.1174657534248,3.062345780714517,3.5725154350559665
574,public,2553.2954043305344,2224.3591324200916,2160.301913079136,1779.6722602739726,392.9934912513986,444.68687214611896,15.391618634681253,19.991685050529675
574,work,0.0,0.0,0.0,0.0,0.0,0.0,,
575,home,2274.935926482696,10150.971118721462,2099.500938265458,9322.269520547945,175.4349882172378,828.7015981735167,7.711645245696207,8.163766682826436
575,public,571.1712328767123,403.9945205479452,554.8219178082192,400.0907534246575,16.349315068493183,3.9037671232877074,2.862419205909516,0.9662920967326378
575,work,0.0,0.0,0.0,0.0,0.0,0.0,,
576,home,158.27896251539292,607.971803652968,315.4754616700881,1090.830593607306,-157.1964991546952,-482.8587899543379,-99.316104083894,-79.42124734290392
576,public,0.0,0.0,0.0,0.0,0.0,0.0,,
576,work,12.602739726027398,36.8,0.0,0.0,12.602739726027398,36.8,100.0,100.0
577,home,5194.5916779555255,21466.31997716895,5366.421894111471,21582.155479452056,-171.8302161559459,-115.8355022831056,-3.3078676209556166,-0.5396150919501125
577,public,5120.596555931592,4603.496461187215,5186.801369863014,4196.704223744292,-66.204813931422,406.79223744292267,-1.292912128660707,8.836592813150839
577,work,491.45205479452056,879.1804794520548,357.64383561643837,649.479794520548,133.8082191780822,229.70068493150677,27.22711562047051,26.12668164273468
578,home,2725.6761160461483,10600.281735159817,2528.871529141373,10178.73824200913,196.80458690477553,421.5434931506861,7.220395179976822,3.9767197106891863
578,public,2732.6335616438355,2471.326712328767,2580.6301369863013,2489.350913242009,152.0034246575342,-18.02420091324211,5.5625249865589526,-0.7293329863398614
578,work,323.1506849315069,627.8207762557078,368.2739726027397,691.0082191780823,-45.123287671232845,-63.187442922374544,-13.963543874523094,-10.064567040807624
579,home,855.2351423569651,3542.703310502283,865.1735813439932,3488.441666666667,-9.938438987028121,54.261643835615814,-1.1620709317017206,1.5316451613308433
579,public,3196.4417808219177,2804.791095890411,2634.1609589041095,2485.2981735159815,562.2808219178082,319.4929223744293,17.59083570022746,11.390970359345172
579,work,54.84931506849315,134.85867579908674,32.41095890410959,62.57808219178082,22.438356164383556,72.28059360730592,40.90909090909091,53.5972885533816
58,home,1511.621195888721,5667.278196347032,1130.6372837324868,4469.36301369863,380.9839121562343,1197.9151826484012,25.203663007136125,21.137398609098522
58,public,512.1027397260274,446.9973744292237,571.4349315068494,535.625799086758,-59.33219178082197,-88.62842465753425,-11.585993820803308,-19.827504528567967
58,work,0.0,0.0,0.0,0.0,0.0,0.0,,
580,home,3086.250973805012,12941.467123287672,2529.504050530567,10900.767579908677,556.7469232744452,2040.6995433789943,18.03958679964503,15.768687768845265
580,public,876.9239526271715,895.1385844748858,758.5102739726027,704.9955479452054,118.4136786545688,190.14303652968033,13.5033007480083,21.241742879536776
580,work,47.75342465753425,101.33310502283103,35.28767123287671,60.94429223744292,12.465753424657535,40.38881278538811,26.104417670682732,39.857470839651306
581,home,105.41240458034443,468.25742009132415,135.074305127262,542.2865296803653,-29.661900546917565,-74.02910958904118,-28.138908950046307,-15.809489911468631
581,public,0.0,0.0,0.0,0.0,0.0,0.0,,
581,work,0.0,0.0,0.0,0.0,0.0,0.0,,
582,home,0.0,0.0,0.0,0.0,0.0,0.0,,
582,public,210.35616438356163,170.9703196347032,143.82876712328766,133.92888127853882,66.52739726027397,37.04143835616438,31.626074498567338,21.665420311143748
582,work,0.0,0.0,0.0,0.0,0.0,0.0,,
583,home,1254.418643302464,5392.293378995434,1200.6827036467605,4916.353538812785,53.73593965570353,475.9398401826493,4.283732543565743,8.82629721217645
583,public,124.76712328767124,80.27945205479452,224.33219178082192,216.91050228310505,-99.56506849315068,-136.63105022831053,-79.80072463768116,-170.19429845516805
583,work,0.0,0.0,0.0,0.0,0.0,0.0,,
584,home,2410.221625554053,10349.189041095891,2265.495384858413,9530.742808219178,144.72624069563972,818.4462328767131,6.004686007344681,7.90831271538979
584,public,2637.9657534246576,2204.0295662100457,2600.068493150685,2068.5067351598173,37.897260273972734,135.52283105022843,1.4366092594179354,6.148866291447607
584,work,7.397260273972603,29.938356164383563,14.95890410958904,58.44155251141553,-7.5616438356164375,-28.503196347031967,-102.2222222222222,-95.20628384046367
585,home,2842.437700365675,12410.615525114154,2751.741370694878,11534.986872146117,90.69632967079724,875.6286529680365,3.190793932233917,7.055481262763415
585,public,0.0,0.0,0.0,0.0,0.0,0.0,,
585,work,34.958904109589035,83.23595890410958,4.986301369863014,23.25901826484018,29.97260273972602,59.9769406392694,85.73667711598746,72.05652632459572
586,home,4558.498074330647,18570.70627853881,4321.077935462099,17695.079566210043,237.42013886854784,875.6267123287689,5.208297447913472,4.715096449189359
586,public,4870.230681898319,4326.57591324201,4596.085872053723,4065.0243150684933,274.14480984459624,261.5515981735166,5.628990241951744,6.045233076184015
586,work,209.67123287671234,366.4754566210045,86.46575342465754,176.0246575342466,123.2054794520548,190.45079908675794,58.76127009016072,51.9682275159057
59,home,830.1629851776185,3767.2259132420095,559.5891818319149,2434.553881278539,270.5738033457036,1332.6720319634705,32.592853232044874,35.3754211362545
59,public,1223.2602739726028,926.4317351598173,1153.5308219178082,989.0453196347031,69.72945205479459,-62.61358447488578,5.700295639320035,-6.758575089624322
59,work,0.0,0.0,0.0,0.0,0.0,0.0,,
6,home,1289.5445408306591,5107.92397260274,1336.370287814794,5272.754337899544,-46.82574698413487,-164.8303652968043,-3.6311849262664553,-3.2269541633920418
6,public,0.0,0.0,0.0,0.0,0.0,0.0,,
6,work,277.26027397260276,456.9018264840182,59.50684931506849,104.91940639269406,217.75342465753425,351.9824200913242,78.53754940711462,77.03677238498324
60,home,2331.320180974045,9406.73093607306,2167.8360898101505,8505.255365296804,163.4840911638944,901.4755707762561,7.0125113014544995,9.58330345475563
60,public,0.0,0.0,0.0,0.0,0.0,0.0,,
60,work,213.8082191780822,480.76735159817355,98.63013698630137,170.44520547945206,115.17808219178083,310.3221461187215,53.86981035366479,64.547258687002
61,home,225.85362978781237,805.8318493150684,174.47268448450956,662.2634703196347,51.38094530330281,143.5683789954337,22.7496655030848,17.81617084475654
61,public,443.23972602739724,308.9262557077626,147.40753424657535,126.02191780821917,295.83219178082186,182.90433789954344,66.74315825259221,59.20647226325977
61,work,0.0,0.0,0.0,0.0,0.0,0.0,,
62,home,655.9607317357609,2364.615068493151,791.8095376880256,2834.1881278538813,-135.84880595226468,-469.57305936073044,-20.709899141796242,-19.858329823634485
62,public,0.0,0.0,0.0,0.0,0.0,0.0,,
62,work,0.0,0.0,0.0,0.0,0.0,0.0,,
63,home,129.88659419474615,797.8668949771688,158.77397260273972,882.2006849315069,-28.887378407993566,-84.33378995433804,-22.240461832944145,-10.569907146824443
63,public,0.0,0.0,0.0,0.0,0.0,0.0,,
63,work,0.0,0.0,0.0,0.0,0.0,0.0,,
64,home,0.0,0.0,0.0,0.0,0.0,0.0,,
64,public,379.5,313.750799086758,753.236301369863,593.604908675799,-373.736301369863,-279.85410958904106,-98.48123883263847,-89.19630177950755
64,work,0.0,0.0,0.0,0.0,0.0,0.0,,
65,home,394.4115591380283,1466.2221461187216,356.2759138548128,1408.5593607305934,38.13564528321547,57.66278538812821,9.668997877891686,3.9327454943146924
65,public,0.0,0.0,0.0,0.0,0.0,0.0,,
65,work,0.0,0.0,0.0,0.0,0.0,0.0,,
66,home,0.0,0.0,0.0,0.0,0.0,0.0,,
66,public,0.0,0.0,0.0,0.0,0.0,0.0,,
66,work,0.0,0.0,0.0,0.0,0.0,0.0,,
67,home,835.3665164877544,3136.977625570776,704.9315545301521,2680.3291095890413,130.43496195760235,456.6485159817348,15.614099845180279,14.556958017787812
67,public,217.13698630136986,230.55319634703199,295.8321917808219,334.84783105022836,-78.69520547945206,-104.29463470319638,-36.24219292158224,-45.23668999418712
67,work,155.5068493150685,285.9609589041096,158.05479452054794,307.43618721461183,-2.5479452054794365,-21.475228310502246,-1.6384778012684889,-7.509846236633814
68,home,756.5022198033311,3332.706164383562,716.3404552870022,2917.083675799087,40.161764516328844,415.6224885844749,5.308875964272749,12.47102108869388
68,public,2765.1438356164385,2366.5407534246574,2718.469178082192,2313.593721461187,46.67465753424676,52.94703196347018,1.6879649055884103,2.237317565178192
68,work,0.0,0.0,0.0,0.0,0.0,0.0,,
69,home,742.2331582160487,3527.883447488585,776.9790681146503,3589.5316210045657,-34.74590989860167,-61.64817351598094,-4.6812661916254426,-1.7474549381688556
69,public,183.3082191780822,183.1401826484018,105.70547945205479,143.43584474885844,77.60273972602741,39.70433789954336,42.334566378956026,21.67975226702104
69,work,336.90410958904107,626.7955479452055,378.027397260274,706.5204337899543,-41.1232876712329,-79.72488584474877,-12.206229161584135,-12.71944035118104
7,home,1638.9979168188268,7266.08413242009,1456.488556536202,6371.802283105023,182.5093602826248,894.2818493150671,11.135423566422947,12.307617597282233
7,public,0.0,0.0,0.0,0.0,0.0,0.0,,
7,work,0.0,0.0,0.0,0.0,0.0,0.0,,
70,home,2960.229938065359,12812.835159817354,2867.3971047612768,11959.2950913242,92.83283330408221,853.5400684931537,3.136000758263818,6.661601884725417
70,public,1578.4623287671234,1459.7452054794521,1504.8527397260275,1363.1247716894977,73.60958904109589,96.6204337899544,4.663373189184028,6.618993056272413
70,work,117.15068493150685,218.5002283105023,157.42465753424656,299.314497716895,-40.27397260273972,-80.8142694063927,-34.377923292797,-36.98589700856085
71,home,2064.7064189435537,9411.469863013699,1581.1800914896126,7494.082534246575,483.5263274539411,1917.387328767124,23.418647950024127,20.372878590434617
71,public,1236.972602739726,993.0908675799086,1362.7945205479452,1150.3207762557076,-125.82191780821927,-157.22990867579904,-10.171762699476192,-15.832378869715827
71,work,67.26027397260275,132.2529680365297,40.16438356164384,107.27796803652967,27.09589041095891,24.975000000000023,40.28513238289206,18.884264278365123
72,home,888.1681469908477,3771.9881278538815,875.2048949687342,3673.8489726027397,12.96325202211358,98.1391552511418,1.4595493056166944,2.6017885508822975
72,public,1081.9931506849316,1142.3897260273973,689.5233672017986,722.7200913242009,392.469783483133,419.6696347031964,36.27285285814321,36.736117731255895
72,work,1086.13698630137,2361.5131278538815,1316.5205479452054,2761.7542237442926,-230.3835616438355,-400.2410958904111,-21.211280395520117,-16.948501838486326
73,home,0.0,0.0,0.0,0.0,0.0,0.0,,
73,public,0.0,0.0,6.78082191780822,15.791095890410956,-6.78082191780822,-15.791095890410956,,
73,work,0.0,0.0,27.42465753424658,56.96849315068493,-27.42465753424658,-56.96849315068493,,
74,home,0.0,0.0,0.0,0.0,0.0,0.0,,
74,public,735.1541095890411,767.9369863013699,640.0719178082192,759.9874429223743,95.08219178082197,7.9495433789956,12.93364078913657,1.0351817298556152
74,work,1311.890410958904,2621.9858447488587,846.8219178082192,1835.7703196347031,465.06849315068496,786.2155251141555,35.45025478239078,29.985498460593767
75,home,0.0,0.0,0.0,0.0,0.0,0.0,,
75,public,604.6232876712329,553.3215753424657,510.0308219178082,548.5202054794521,94.59246575342468,4.801369863013633,15.644859813084114,0.8677358839734264
75,work,3813.917808219178,7232.947716894978,3545.780821917808,6436.642009132419,268.1369863013697,796.305707762559,7.030486753634844,11.009421593115068
76,home,1445.0677498334228,6394.52602739726,1145.7875771101724,4773.112785388128,299.2801727232504,1621.4132420091319,20.71045961393501,25.356269331960007
76,public,2044.945205479452,1845.761301369863,1423.7842465753424,1172.255593607306,621.1609589041095,673.505707762557,30.37543290840763,36.48931783664027
76,work,2696.5753424657532,4702.948858447489,2678.4931506849316,4674.2349315068495,18.08219178082163,28.713926940639794,0.6705613411226716,0.6105515455279408
77,home,567.4481925037571,2351.1970319634706,509.41412380992193,2432.5527397260275,58.034068693835195,-81.3557077625569,10.22720126004295,-3.4601824796715244
77,public,668.777397260274,675.5592465753425,360.06164383561645,424.75570776255705,308.7157534246576,250.80353881278546,46.161212189489106,37.12532099652259
77,work,0.0,0.0,0.0,0.0,0.0,0.0,,
78,home,162.77268754431438,875.3076484018263,204.96101443909663,989.7610730593608,-42.18832689478225,-114.45342465753447,-25.91855398547536,-13.075793964157445
78,public,99.52739726027397,182.30468036529683,242.45205479452054,310.4458904109589,-142.92465753424656,-128.14121004566206,-143.60333080999243,-70.28958871977198
78,work,0.0,0.0,0.0,0.0,0.0,0.0,,
79,home,0.0,0.0,0.0,0.0,0.0,0.0,,
79,public,51.986301369863014,36.8,37.55821917808219,24.133333333333333,14.428082191780824,12.666666666666664,27.753623188405804,34.42028985507246
79,work,0.0,0.0,0.0,0.0,0.0,0.0,,
8,home,119.2987880359226,437.5769406392694,263.62482605819775,1006.3309360730592,-144.32603802227516,-568.7539954337898,-120.97862886822998,-129.97805474001436
8,public,0.0,0.0,0.0,0.0,0.0,0.0,,
8,work,0.0,0.0,0.0,0.0,0.0,0.0,,
80,home,126.83872387738136,386.6310502283105,108.55607718979866,420.43984018264837,18.282646687582698,-33.80878995433784,14.41408911150593,-8.744458039356466
80,public,1133.5650684931506,884.12899543379,1106.5171232876712,795.879794520548,27.047945205479436,88.24920091324202,2.386095510285466,9.981484757203708
80,work,87.56164383561644,227.34840182648404,135.47945205479454,316.0586757990868,-47.9178082191781,-88.71027397260278,-54.72465581977473,-39.01952829222344
81,home,760.6086698243367,2926.628424657534,584.7509333373224,2208.1181506849316,175.85773648701434,718.5102739726026,23.12065894905311,24.550785740990698
81,public,0.0,0.0,0.0,0.0,0.0,0.0,,
81,work,0.0,0.0,0.0,0.0,0.0,0.0,,
82,home,79.05234953945693,327.1229452054794,105.49121697143585,407.34212328767126,-26.43886743197892,-80.21917808219183,-33.444758550512965,-24.522638738105897
82,public,545.4794520547945,430.5302511415526,470.6267123287671,326.81255707762557,74.85273972602738,103.71769406392701,13.722375690607732,24.090686726175257
82,work,0.0,0.0,0.0,0.0,0.0,0.0,,
83,home,0.0,0.0,0.0,0.0,0.0,0.0,,
83,public,141.7568493150685,94.08595890410959,334.36986301369865,187.40251141552514,-192.61301369863014,-93.31655251141555,-135.87563114536272,-99.18223037565234
83,work,0.0,0.0,0.0,0.0,0.0,0.0,,
84,home,2743.6094919182506,11672.692123287672,2537.000582924224,10929.25605022831,206.60890899402648,743.4360730593617,7.530550889353123,6.369019804575889
84,public,847.3013698630137,907.6953196347032,1119.099315068493,1130.4052511415525,-271.7979452054793,-222.70993150684933,-32.0780722034501,-24.53575849619646
84,work,367.3972602739726,680.7501141552511,350.0,634.4462328767123,17.39726027397262,46.303881278538825,4.735272184936619,6.801891078049649
85,home,3979.4403779060235,16570.035616438356,3884.283326432079,16287.871689497715,95.15705147394465,282.1639269406405,2.391216915882433,1.7028564903066286
85,public,3069.753424657534,2706.7776255707763,2854.5824156586555,2477.0755707762555,215.17100899887873,229.7020547945208,7.009390632828548,8.486181229833525
85,work,403.3424657534247,725.1809360730595,360.3835616438356,660.6487442922374,42.95890410958907,64.53219178082202,10.650726803423456,8.898771130177726
86,home,5302.298361671434,22039.494748858448,4439.484891094707,18534.758219178082,862.813470576727,3504.7365296803655,16.272442848816677,15.902072935959186
86,public,5219.979592697815,4460.548515981735,4542.658561912858,4022.246118721461,677.3210307849567,438.3023972602746,12.97554940123627,9.826199528822013
86,work,61.64383561643836,102.98630136986301,63.013698630136986,105.27488584474887,-1.3698630136986267,-2.2885844748858517,-2.2222222222222165,-2.222222222222229
87,home,1545.7985674683925,6294.494520547945,1182.8504151297477,5110.028538812785,362.94815233864483,1184.4659817351603,23.479653816283292,18.817491664637288
87,public,1027.7842465753424,897.9009132420092,889.4554794520548,842.0445205479452,138.32876712328766,55.85639269406397,13.458930469523144,6.220774683521134
87,work,166.68493150684932,365.934703196347,129.75342465753425,275.98173515981733,36.93150684931507,89.95296803652968,22.156476002629848,24.58169920775845
88,home,1596.3933732986961,6440.044406392693,1562.589840365276,6376.931050228311,33.80353293342023,63.11335616438282,2.117493939703003,0.980014300859999
88,public,2845.082191780822,2835.659589041096,3134.998175156409,3048.9513698630135,-289.9159833755871,-213.29178082191765,-10.190074093926967,-7.5217695962597615
88,work,526.4109589041096,982.9361872146118,325.6164383561644,631.3174657534247,200.79452054794524,351.6187214611871,38.14406162173416,35.77228369804799
89,home,0.0,0.0,0.0,0.0,0.0,0.0,,
89,public,1800.0821917808219,1659.5237442922373,1418.9623287671234,1341.841095890411,381.1198630136985,317.6826484018263,21.172358948602035,19.143001086574593
89,work,2344.082191780822,4529.294748858448,2035.86301369863,4101.528881278539,308.219178082192,427.76586757990844,13.148821281221155,9.444425485617192
9,home,424.699362969206,1933.9752283105024,285.9551270083122,1251.484589041096,138.74423596089377,682.4906392694065,32.66881188398529,35.2895233237099
9,public,0.0,0.0,0.0,0.0,0.0,0.0,,
9,work,0.0,0.0,0.0,0.0,0.0,0.0,,
90,home,0.0,0.0,0.0,0.0,0.0,0.0,,
90,public,1833.722602739726,1716.4689497716897,1479.9520547945206,1257.2899543378996,353.7705479452054,459.1789954337901,19.292478994186162,26.751372082487496
90,work,204.986301369863,408.7737442922375,147.78082191780823,289.26484018264836,57.20547945205479,119.50890410958914,27.906976744186043,29.235954064640392
91,home,0.0,0.0,0.0,0.0,0.0,0.0,,
91,public,1529.4897260273972,1532.8545662100455,1282.1027397260275,1177.438698630137,247.3869863013697,355.41586757990854,16.174478461121637,23.186535462308576
91,work,847.7808219178082,1760.8216894977172,595.917808219178,1191.082077625571,251.8630136986302,569.7396118721463,29.708505687693908,32.356462625961136
92,home,0.0,0.0,0.0,0.0,0.0,0.0,,
92,public,490.85616438356163,530.4963470319635,744.5342465753424,706.2293378995435,-253.6780821917808,-175.73299086757993,-51.68073676132002,-33.126145326122604
92,work,1196.0821917808219,2329.031278538813,798.1917808219179,1588.0751141552514,397.890410958904,740.9561643835614,33.26614288659321,31.81392071507182
93,home,3736.3362740984685,15472.026598173517,3303.0388060132195,13171.662442922372,433.29746808524897,2300.3641552511453,11.596854145303029,14.867891679572894
93,public,711.6472602739726,708.1711187214612,584.7705479452055,476.9202054794521,126.8767123287671,231.25091324200912,17.828595627547504,32.6546659597629
93,work,1133.8082191780823,2092.5600456621005,793.4246575342465,1440.7261415525113,340.3835616438357,651.8339041095892,30.02126425671758,31.150069287657857
94,home,192.40910659625956,932.9988584474885,145.846156632961,723.0431506849316,46.562949963298564,209.95570776255693,24.19997202159648,22.50331882634064
94,public,1816.4691780821918,1711.6558219178082,1485.1883561643835,1512.1327625570777,331.2808219178082,199.52305936073049,18.23762417304382,11.656727760676606
94,work,2698.5753424657532,5442.7986301369865,2111.4794520547944,4090.4618721461184,587.0958904109589,1352.3367579908681,21.755771690795754,24.846349275222625
95,home,1569.0212143635422,7617.691438356164,1179.4561437656323,5569.080251141553,389.5650705979099,2048.611187214611,24.828540687127234,26.89280871760651
95,public,2041.2157534246576,1912.1563926940637,2448.3664383561645,2110.876141552512,-407.15068493150693,-198.71974885844816,-19.946479653040512,-10.392442250943143
95,work,108.21917808219176,225.87808219178083,284.35616438356163,533.3183789954337,-176.13698630136986,-307.44029680365287,-162.75949367088612,-136.10895480448696
96,home,1085.6497603034993,4892.290525114156,1025.5728064076193,4701.529109589041,60.076953895880024,190.7614155251149,5.533732525219292,3.8992250060755276
96,public,1734.9486301369864,1524.0940639269404,2587.52397260274,2074.5203196347034,-852.5753424657535,-550.426255707763,-49.14124416458582,-36.114979300526194
96,work,0.0,0.0,0.0,0.0,0.0,0.0,,
97,home,1503.9438593025993,6216.539155251143,1606.6674909927024,6684.916210045663,-102.72363169010305,-468.3770547945205,-6.830283660836748,-7.534369897740932
97,public,206.25,173.92054794520547,78.77054794520548,87.03002283105023,127.47945205479452,86.89052511415524,61.8082191780822,49.959896136901854
97,work,109.75342465753425,233.81837899543382,340.1917808219178,589.5367579908676,-230.43835616438355,-355.7183789954338,-209.96005991013476,-152.13448169631718
98,home,354.66003634541374,1411.9776255707761,530.615866510816,2033.345205479452,-175.95583016540223,-621.3675799086759,-49.61253373189014,-44.00689987261625
98,public,868.0205479452055,851.6939497716895,832.082191780822,630.2239726027398,35.93835616438355,221.46997716894975,4.140265601944274,26.003469582978536
98,work,0.0,0.0,0.0,0.0,0.0,0.0,,
99,home,2688.051686939576,11094.900799086758,2669.02983567602,11057.733561643836,19.021851263556073,37.16723744292176,0.7076445499905173,0.33499386894906774
99,public,787.931506849315,568.4287671232877,566.8390410958904,443.52716894977175,221.09246575342468,124.90159817351594,28.059858481545234,21.97313109356159
99,work,252.9041095890411,557.1696347031964,194.73972602739727,408.6046803652968,58.16438356164383,148.56495433789956,22.998591701874116,26.66422308118782
