HexID,noVIPV_cost,noVIPV_time_min,VIPV_cost,VIPV_time_min,Cost_saving_SEK_day,Time_saving_min_day,Cost_reduction_pct,Time_reduction_pct,Season
0,1945.2027044008682,9248.125,1427.2985045910257,6676.041666666667,517.9041998098426,2572.083333333333,26.624690508507157,27.811943862494648,SPRING
1,3136.439434945475,12150.916666666666,3145.5317916743234,12745.708333333334,-9.092356728848245,-594.7916666666679,-0.2898942229696302,-4.895035353985649,SPRING
10,2860.9165899048794,12043.958333333332,2428.181294069205,10121.875,432.7352958356746,1922.0833333333321,15.12575715638261,15.95890055525764,SPRING
100,5260.907110988817,16106.791666666666,2808.4269188062913,9884.666666666668,2452.480192182526,6222.124999999998,46.61705938620096,38.63044316191667,SPRING
101,1967.6519677274737,9040.041666666666,2466.972132950691,10970.541666666666,-499.3201652232174,-1930.5,-25.37644732975333,-21.354990067339294,SPRING
102,770.4946784009533,2452.125,1200.9352840573588,4293.625,-430.4406056564055,-1841.5,-55.86548716335339,-75.0981291736759,SPRING
103,622.5,1296.3333333333333,423.8529411764706,682.9583333333334,198.6470588235294,613.3749999999999,31.911174108197496,47.31614811005399,SPRING
104,637.828744390014,1945.375,222.39918617410387,683.5,415.4295582159101,1261.875,65.13183387700803,64.865385851057,SPRING
105,435.9914292146395,2779.2916666666665,907.2658973052996,2891.875,-471.27446809066015,-112.58333333333348,-108.09259919158887,-4.050792318186594,SPRING
106,336.33050795401596,1518.7083333333333,296.75311500024304,1245.25,39.577392953772915,273.45833333333326,11.76741092996061,18.005980959697105,SPRING
107,4576.7064773721995,9280.875,3516.6551768849445,6325.958333333333,1060.051300487255,2954.916666666667,23.161880835668164,31.838772385865198,SPRING
108,4591.478694195885,10913.458333333334,4098.151387804578,8000.958333333333,493.3273063913066,2912.500000000001,10.744410227034802,26.687232507263595,SPRING
109,2354.1384782450205,6228.041666666667,2933.209638664343,6446.333333333333,-579.0711604193225,-218.29166666666606,-24.598007541638438,-3.504980832658731,SPRING
11,2230.4349100433988,9674.875,2558.92887575163,10978.416666666668,-328.49396570823137,-1303.5416666666679,-14.72779879067799,-13.473472956153623,SPRING
110,11332.940407569346,26430.083333333332,9839.276753504295,20360.041666666668,1493.6636540650507,6070.041666666664,13.179842127003711,22.966411380970538,SPRING
111,8026.536665642928,12336.875,5988.053678562005,8910.708333333334,2038.4829870809226,3426.166666666666,25.396794059466735,27.771754732593678,SPRING
112,5797.848173293931,13413.125,3642.289825219665,11138.916666666666,2155.5583480742657,2274.208333333334,37.17859253374737,16.95509684233416,SPRING
113,3728.75,4888.666666666667,4205.0,5916.958333333334,-476.25,-1028.291666666667,-12.772376801877305,-21.034194736124373,SPRING
114,4299.754245657517,7771.791666666667,3398.295311551055,6181.875,901.4589341064616,1589.916666666667,20.96535947413457,20.457530706668884,SPRING
115,5747.901348484198,13963.583333333332,4250.821189814647,10320.916666666666,1497.0801586695507,3642.666666666666,26.045682900670375,26.086904626916443,SPRING
116,457.2897830018083,749.3333333333333,436.24999999999994,879.4166666666666,21.03978300180836,-130.08333333333337,4.600973777217577,-17.359875444839865,SPRING
117,4182.839362684381,10395.041666666666,2724.614093970199,8200.0,1458.2252687141818,2195.041666666666,34.862091088727595,21.116237308652757,SPRING
118,10395.501042302705,16616.625,13440.175915240701,20093.833333333336,-3044.674872937996,-3477.2083333333358,-29.28838985776842,-20.926080556872023,SPRING
119,4299.441552132663,11441.958333333334,4095.1777511168384,11142.625,204.26380101582436,299.33333333333394,4.750937965757504,2.616102284355466,SPRING
12,1291.0695379267927,4179.416666666667,1286.161966473499,4755.416666666667,4.907571453293713,-576.0,0.38011674113032834,-13.781827607520984,SPRING
120,4237.733065344224,13597.625,3276.951220830264,9459.791666666666,960.7818445139601,4137.833333333334,22.672070885519954,30.430559258203793,SPRING
121,535.9904716246772,2355.3333333333335,465.3181108232165,1691.625,70.67236080146068,663.7083333333335,13.185376334627906,28.17895556184546,SPRING
122,68.75,535.1666666666666,238.85154605276094,1529.6666666666667,-170.10154605276094,-994.5000000000001,-247.42043062219773,-185.82995951417007,SPRING
123,3788.055450356129,8681.666666666666,4290.78166333548,7529.458333333333,-502.72621297935075,1152.208333333333,-13.271353061425952,13.271741217124205,SPRING
124,5026.694394879616,14087.875,4895.280817615074,13203.833333333332,131.41357726454225,884.0416666666679,2.6143140390313993,6.275195277262666,SPRING
125,6667.579995331359,12472.833333333334,6452.219334720126,12806.625,215.36066061123256,-333.79166666666606,3.2299674058958145,-2.6761494982428427,SPRING
126,7272.589065353818,20726.583333333332,5803.575289218209,19045.208333333332,1469.013776135609,1681.375,20.199323279984338,8.112166742387997,SPRING
127,6142.687816411071,19330.958333333336,5612.563841388512,16789.833333333332,530.1239750225595,2541.1250000000036,8.630163063248263,13.145364840077354,SPRING
128,1244.7977920098647,4048.25,1266.6153504685647,3513.166666666667,-21.817558458699978,535.083333333333,-1.7526990004917264,13.21764548467444,SPRING
129,559.375,1162.2916666666667,371.25,919.4583333333333,188.125,242.83333333333348,33.63128491620112,20.892633088367106,SPRING
13,197.21066967844803,679.5833333333334,970.8757919093729,2669.0416666666665,-773.6651222309249,-1989.458333333333,-392.30388674831124,-292.7467811158798,SPRING
130,0.0,0.0,0.0,0.0,0.0,0.0,,,SPRING
131,453.75,405.5,1333.75,1088.25,-880.0,-682.75,-193.93939393939394,-168.3723797780518,SPRING
132,2042.7794796133724,7166.416666666666,1628.8198953128244,5019.75,413.95958430054793,2146.666666666666,20.264526270789453,29.95453329767317,SPRING
133,6218.556900159632,15174.75,5101.981126622001,12501.125,1116.575773537631,2673.625,17.95554485493199,17.618906407024827,SPRING
134,12299.170201026689,28391.083333333332,7985.27486989805,23291.416666666664,4313.895331128639,5099.666666666668,35.07468602043194,17.962212314312303,SPRING
135,6868.050372629241,18413.666666666668,6651.434492910188,14431.625,216.61587971905283,3982.041666666668,3.1539646328500575,21.625468402092654,SPRING
136,5994.443010147638,18647.416666666668,5196.358421793685,16513.458333333332,798.0845883539532,2133.9583333333358,13.31374052606594,11.443720980117902,SPRING
137,4146.407205728229,10114.166666666666,3452.820484123731,8235.75,693.586721604498,1878.416666666666,16.72741453483665,18.572134794430248,SPRING
138,4162.5,5102.291666666667,3210.0,3538.166666666667,952.5,1564.125,22.882882882882882,30.65534277898003,SPRING
139,1630.7057089116304,7542.166666666667,2133.057378660488,9385.166666666666,-502.35166974885783,-1842.999999999999,-30.805783471754605,-24.43594899785648,SPRING
14,137.28784804813208,844.8333333333334,165.11846285881236,1106.25,-27.830614810680288,-261.41666666666663,-20.2717248513671,-30.942986782402837,SPRING
140,442.5,2079.041666666667,235.625,1377.1666666666665,206.875,701.8750000000005,46.75141242937853,33.75954466200374,SPRING
141,7206.83854264228,20287.25,7081.068488774861,18146.666666666668,125.77005386741894,2140.583333333332,1.7451487656237574,10.55137257801492,SPRING
142,9958.13095798884,19449.791666666664,10392.312703608732,18556.958333333336,-434.18174561989144,892.8333333333285,-4.3600726627477435,4.590451911438616,SPRING
143,5527.943654108035,11608.458333333332,4163.681661709522,9607.208333333332,1364.261992398513,2001.25,24.679375872159543,17.239584641945708,SPRING
144,5483.054133650137,12989.125,4239.270923512261,11020.833333333334,1243.7832101378763,1968.291666666666,22.684131504459074,15.153381514664506,SPRING
145,55.0,113.41666666666666,96.25,124.45833333333333,-41.25,-11.041666666666671,-75.0,-9.735488611315215,SPRING
146,371.24999999999994,272.2083333333333,0.0,0.0,371.24999999999994,272.2083333333333,100.0,100.0,SPRING
147,657.3083978036641,3042.7916666666665,916.388710819072,4156.25,-259.0803130154079,-1113.4583333333335,-39.41533591858876,-36.59331480137484,SPRING
148,6599.388372549129,12720.625,5937.382335239248,10827.541666666668,662.0060373098804,1893.0833333333321,10.031324115785734,14.881999377651114,SPRING
149,5550.653096763021,12019.458333333334,5505.141328717652,11356.208333333332,45.511768045368626,663.2500000000018,0.8199353707027695,5.518135523300773,SPRING
15,486.70966362599773,1281.2916666666665,281.60996950334015,836.8333333333333,205.09969412265758,444.45833333333326,42.14004969506057,34.68830281942051,SPRING
150,3027.8286316527724,10488.25,2732.3087127082613,8972.458333333334,295.5199189445111,1515.791666666666,9.760126972020819,14.452283905004801,SPRING
151,838.75,487.66666666666663,770.0,620.0416666666666,68.75,-132.375,8.19672131147541,-27.144565960355436,SPRING
152,6218.404187442875,18323.916666666668,5626.805470881619,13653.375,591.598716561256,4670.541666666668,9.513674227801081,25.488773779259354,SPRING
153,6193.412609898026,17091.583333333336,5088.427154610927,13393.5,1104.9854552870993,3698.0833333333358,17.841302120274737,21.636868049088502,SPRING
154,2833.82811536204,6179.25,2449.589000737849,5157.958333333333,384.2391146241912,1021.291666666667,13.55901271997586,16.52776092028429,SPRING
155,852.5,4271.458333333333,1157.5,4494.083333333333,-305.0,-222.625,-35.77712609970674,-5.211920206799006,SPRING
156,17776.422284959397,24883.916666666664,15579.838101369416,23455.666666666664,2196.584183589981,1428.25,12.356728189611625,5.739651113336259,SPRING
157,2699.841016358811,6246.375,1745.572247706422,4372.916666666666,954.2687686523889,1873.458333333334,35.34536896322068,29.99272911622075,SPRING
158,971.5412675773116,3153.125,1019.9150920231907,3342.875,-48.37382444587911,-189.75,-4.979080771988896,-6.017839444995045,SPRING
159,10103.18667447128,22163.875,8958.50285219226,16542.458333333336,1144.6838222790211,5621.416666666664,11.329928458823856,25.362968644547326,SPRING
16,90.625,757.4166666666666,403.75,1418.4166666666665,-313.125,-660.9999999999999,-345.51724137931035,-87.2703267686214,SPRING
160,11170.674837325125,22841.625,11968.075934644501,23098.791666666668,-797.4010973193763,-257.1666666666679,-7.1383431075710915,-1.1258685258455468,SPRING
161,6116.721861540407,10938.041666666668,7197.1464562739875,11076.666666666666,-1080.4245947335803,-138.62499999999818,-17.663457963110506,-1.2673658066457494,SPRING
162,4408.1227922631915,11055.291666666666,3086.209806418724,9132.625,1321.9129858444676,1922.666666666666,29.988116215015395,17.391369894507527,SPRING
163,17.5,89.54166666666666,40.00000000000001,89.54166666666667,-22.500000000000007,-1.4210854715202004e-14,-128.5714285714286,-1.5870661385055753e-14,SPRING
164,4702.779136592918,9506.375,4690.273798217715,9862.791666666666,12.505338375202882,-356.41666666666606,0.26591379292931844,-3.7492384496368603,SPRING
165,4310.596922071969,14647.916666666666,4170.812605718031,13114.916666666666,139.78431635393827,1533.0,3.2428064808886914,10.465652112075096,SPRING
166,1646.25,3579.083333333333,588.125,1121.7083333333333,1058.125,2457.375,64.27486712224753,68.65934014761694,SPRING
167,20.0,115.79166666666667,0.0,0.0,20.0,115.79166666666667,100.0,100.0,SPRING
168,262.5,760.875,474.7159454930757,1380.0833333333333,-212.2159454930757,-619.2083333333333,-80.8441697116479,-81.38108537319971,SPRING
169,711.5315612094196,2577.208333333333,552.8811186792889,2479.125,158.6504425301307,98.08333333333303,22.297035181470516,3.805797616930453,SPRING
17,1115.4887125577482,4716.0,1268.9177877875486,5327.708333333333,-153.42907522980045,-611.708333333333,-13.754426513021082,-12.970914616906976,SPRING
170,3126.493972221322,8942.166666666666,2712.6153532670264,7604.666666666666,413.8786189542957,1337.5,13.23778720290453,14.95722513186588,SPRING
171,4878.674464124471,12668.958333333332,6061.617948414083,13969.75,-1182.9434842896117,-1300.7916666666679,-24.247231353279137,-10.267550278732477,SPRING
172,3304.721232494656,5252.125,3189.1887087034565,5240.916666666666,115.53252379119931,11.20833333333394,3.4959839473051875,0.2134056850005272,SPRING
173,3689.918173783737,13348.083333333332,3352.8203299342194,11899.333333333334,337.09784384951763,1448.7499999999982,9.135645506844638,10.853618184882961,SPRING
174,6228.917185322713,15074.916666666668,4852.943885727859,14495.75,1375.9732995948534,579.1666666666679,22.090088191204067,3.8419228409222903,SPRING
175,10284.518226205691,19370.291666666664,6777.67433034014,13989.458333333334,3506.8438958655515,5380.83333333333,34.0982807238346,27.778793556283556,SPRING
176,1032.12986909043,2667.5,1651.9996872358056,4191.083333333334,-619.8698181453756,-1523.583333333334,-60.057347113851016,-57.116526085598274,SPRING
177,2968.1998070342806,6632.291666666667,3524.185559416249,7121.833333333334,-555.9857523819683,-489.54166666666697,-18.73141259103744,-7.381184231192089,SPRING
178,7291.220907469014,9834.541666666666,4468.3021072299925,7156.708333333334,2822.918800239021,2677.833333333332,38.71668182961329,27.228857470903986,SPRING
179,2608.75,3939.25,2333.75,3799.125,275.0,140.125,10.541447053186392,3.5571492035285903,SPRING
18,1884.5256777077852,7254.458333333333,1476.6104305045076,5562.666666666667,407.91524720327766,1691.791666666666,21.645512822061377,23.320716570844358,SPRING
180,380.02843659244917,1174.2083333333333,256.27843659244917,774.75,123.75,399.45833333333326,32.56335265582039,34.0193747560413,SPRING
181,0.0,0.0,96.25,119.25,-96.25,-119.25,,,SPRING
182,1732.5,1508.9166666666667,688.75,929.7083333333333,1043.75,579.2083333333335,60.24531024531024,38.38570718506656,SPRING
183,726.25,1445.5416666666665,711.25,1523.125,15.0,-77.58333333333348,2.0654044750430294,-5.367076931945936,SPRING
184,536.25,626.5416666666667,426.25,467.0833333333333,110.0,159.45833333333343,20.512820512820515,25.45055529693424,SPRING
185,164.31861124232404,793.875,174.93172752083555,850.25,-10.613116278511512,-56.375,-6.458864396596032,-7.1012438985986455,SPRING
186,0.0,0.0,84.375,624.125,-84.375,-624.125,,,SPRING
187,3488.5295523791083,5641.958333333333,2419.7316403612017,4762.875,1068.7979120179066,879.083333333333,30.637490552115505,15.5811737945601,SPRING
188,4046.5740885604296,9515.916666666668,3329.4666096366977,8834.625,717.1074789237318,681.2916666666679,17.721348064551144,7.159495932253868,SPRING
189,5742.137529299518,16373.791666666666,4742.852386252242,13944.541666666666,999.2851430472765,2429.25,17.40266822151818,14.836209287708254,SPRING
19,919.8364300810144,3493.708333333333,548.9827231083755,2551.8333333333335,370.853706972639,941.8749999999995,40.31735369950243,26.959176615105715,SPRING
190,8554.339350945032,25037.791666666668,6017.107868823065,16892.25,2537.231482121968,8145.541666666668,29.660168693701284,32.532987633693736,SPRING
191,9711.68368968947,23922.5,6375.208559069397,15076.083333333332,3336.4751306200724,8846.416666666668,34.35526976812768,36.97948235621974,SPRING
192,7822.9175374128035,11581.416666666668,4834.213301644906,9059.583333333332,2988.7042357678974,2521.8333333333358,38.20447066550982,21.774826050353674,SPRING
193,4193.729281957495,6482.208333333334,2934.7333958382246,5512.708333333334,1258.9958861192704,969.5,30.020914595889522,14.956322755233876,SPRING
194,462.6387764991467,1906.4166666666667,648.866177298669,3221.25,-186.2274007995223,-1314.8333333333333,-40.25330565862453,-68.96883332604799,SPRING
195,2259.8248400228176,4723.875,2642.534374983503,5821.375,-382.70953496068523,-1097.5,-16.935362784879427,-23.23304490487153,SPRING
196,5754.30954130236,13521.5,6456.878149771008,13405.458333333332,-702.5686084686477,116.04166666666788,-12.209433702268939,0.8582011364616935,SPRING
197,8401.607857374596,21737.625,7093.998677162463,18297.875,1307.6091802121337,3439.75,15.563796863767767,15.82394580824722,SPRING
198,4431.146761582293,10116.333333333332,3863.5429986763293,6921.125,567.6037629059638,3195.208333333332,12.809410146986,31.584648588091856,SPRING
199,816.25,1141.375,68.75,137.58333333333331,747.5,1003.7916666666667,91.57733537519142,87.94582557587705,SPRING
2,686.524848904751,2897.4166666666665,737.7575922000328,2877.333333333333,-51.23274329528181,20.083333333333485,-7.4626203810417175,0.6931461934481918,SPRING
20,3671.0897435748675,11968.75,2273.327354132926,7701.125,1397.7623894419417,4267.625,38.07486297190915,35.65639686684073,SPRING
200,1235.0,2012.4166666666665,1780.0,2754.2916666666665,-545.0,-741.875,-44.12955465587044,-36.86488053335542,SPRING
201,1214.175775805425,3386.375,654.4332324791384,2098.3333333333335,559.7425433262866,1288.0416666666665,46.10061858259202,38.03600211632399,SPRING
202,0.0,0.0,249.99999999999997,390.9583333333333,-249.99999999999997,-390.9583333333333,,,SPRING
203,0.0,0.0,0.0,0.0,0.0,0.0,,,SPRING
204,1075.625,956.7916666666666,525.625,568.125,550.0,388.66666666666663,51.13306217315514,40.62186996472586,SPRING
205,2570.463856441448,5601.0,3394.0172910839165,5559.083333333334,-823.5534346424683,41.91666666666606,-32.039098024221836,0.7483782657858608,SPRING
206,4491.612039687205,7324.125,3672.059404367703,7126.458333333334,819.5526353195019,197.66666666666606,18.24629171170748,2.698843434084837,SPRING
207,1640.1871789713937,6007.375,1971.0561584957031,4680.125,-330.86897952430945,1327.25,-20.17263540200372,22.093676522607627,SPRING
208,1006.1548088076869,4392.375,1163.6841680061802,4980.0,-157.52935919849335,-587.625,-15.65657270824643,-13.378297618031247,SPRING
209,7113.527213039994,17316.083333333336,4442.559324701087,12166.416666666666,2670.967888338908,5149.66666666667,37.54772855079104,29.739211619255716,SPRING
21,418.75,921.9166666666666,214.37499999999997,795.25,204.37500000000003,126.66666666666663,48.80597014925374,13.739492000361562,SPRING
210,1581.25,1227.5416666666665,1717.5,1620.3333333333335,-136.25,-392.79166666666697,-8.616600790513834,-31.998234954685888,SPRING
211,12357.046576932922,18400.5,10446.790876429915,15612.541666666668,1910.2557005030067,2787.958333333332,15.458837098412406,15.151535737253509,SPRING
212,6352.154857570647,12076.166666666668,6992.177602027553,15902.25,-640.0227444569055,-3826.083333333332,-10.075679179863057,-31.68292918558592,SPRING
213,11049.542206570677,17173.041666666664,10281.384847409656,15766.208333333332,768.1573591610213,1406.8333333333321,6.951938322876688,8.19210341790548,SPRING
214,6620.645878252503,16810.0,5169.403454847434,12199.25,1451.2424234050695,4610.75,21.91995237461817,27.428613920285546,SPRING
215,5501.289811210289,7314.291666666667,5426.271930295353,7726.958333333334,75.01788091493654,-412.66666666666697,1.3636416820300643,-5.64192249192506,SPRING
216,27.5,79.25,165.0,79.25,-137.5,0.0,-500.0,0.0,SPRING
217,78.125,600.1666666666666,78.125,600.1666666666666,0.0,0.0,0.0,0.0,SPRING
218,1496.4686280219235,4599.916666666666,1592.9940234844835,4710.75,-96.52539546256003,-110.83333333333394,-6.450211762217171,-2.409463939564136,SPRING
219,1127.3767900644254,5107.125,840.2597093232628,3557.4583333333335,287.1170807411627,1549.6666666666665,25.46771259365336,30.343229638332065,SPRING
22,847.582078507273,2943.9166666666665,727.6679366871638,2943.75,119.9141418201092,0.16666666666651508,14.147791094320576,0.005661392136321174,SPRING
220,160.00000000000003,373.25,10.0,93.08333333333334,150.00000000000003,280.16666666666663,93.75,75.0613976334003,SPRING
221,0.0,0.0,0.0,0.0,0.0,0.0,,,SPRING
222,0.0,0.0,0.0,0.0,0.0,0.0,,,SPRING
223,360.0,640.25,480.0,777.3333333333334,-120.0,-137.08333333333337,-33.333333333333336,-21.410907197709236,SPRING
224,3133.2754077799646,8334.458333333334,2870.8676361741445,7845.958333333333,262.40777160582,488.5000000000009,8.374870940302854,5.861208736820539,SPRING
225,17446.929105233987,34519.958333333336,16370.119993916178,29405.291666666668,1076.8091113178089,5114.666666666668,6.171912001377777,14.816549363351397,SPRING
226,4337.210132654271,9448.125,4126.550044229128,6626.625,210.66008842514293,2821.5,4.8570413233869285,29.86306806906132,SPRING
227,16419.22524955558,25535.291666666668,16341.554593494582,24423.0,77.67065606099823,1112.2916666666679,0.47304702189343883,4.355899596473512,SPRING
228,9523.104355683916,18464.833333333336,5169.687241008429,13468.0,4353.417114675487,4996.833333333336,45.71426450952547,27.061350856131938,SPRING
229,8099.595402918516,16672.125,7810.4180221471415,16645.541666666668,289.1773807713744,26.58333333333212,3.570269456511068,0.15944778085176378,SPRING
23,437.6580291245575,1283.4583333333335,619.7754447836901,1432.25,-182.11741565913258,-148.79166666666652,-41.611807287854404,-11.593026653248048,SPRING
230,10123.35352397279,19950.375,11712.78058862765,19858.958333333332,-1589.4270646548594,91.41666666666788,-15.700598234478209,0.45822029243394113,SPRING
231,5575.2615859447105,8615.708333333334,3082.2301573050063,5909.333333333333,2493.0314286397042,2706.375000000001,44.71595440337116,31.412100959004157,SPRING
232,835.0,1641.5,653.7320240394936,1119.9583333333333,181.26797596050642,521.5416666666667,21.708739635988792,31.77226114326328,SPRING
233,5224.300500707457,11344.541666666668,4355.63186635061,10486.958333333332,868.6686343568472,857.5833333333358,16.62746303049021,7.559435705129874,SPRING
234,2476.931147108005,4220.875,2112.0635443470246,3015.5,364.8676027609804,1205.375,14.730631619978194,28.55746734977937,SPRING
235,792.4066559708541,2954.9166666666665,739.6682849633044,2810.125,52.738371007549745,144.79166666666652,6.65546794820077,4.900025381426431,SPRING
236,1170.0298884165782,2418.541666666667,1128.5374264236032,2758.2916666666665,41.492461992974995,-339.74999999999955,3.546273681019163,-14.047721595313961,SPRING
237,157.5,520.5416666666666,199.64822024471633,631.1666666666666,-42.14822024471633,-110.625,-26.760774758550053,-21.251901064596176,SPRING
238,1900.0,3180.458333333333,998.75,1850.0416666666667,901.25,1330.4166666666663,47.43421052631579,41.83097299917464,SPRING
239,505.0,948.125,451.25,683.4583333333333,53.75,264.66666666666674,10.643564356435643,27.914744012304997,SPRING
24,785.8536274777051,2713.7083333333335,749.399497848375,2727.625,36.45412962933017,-13.916666666666515,4.638793835734299,-0.5128283867401562,SPRING
240,0.0,0.0,151.25,168.125,-151.25,-168.125,,,SPRING
241,1307.5,2305.375,1642.5,2883.0416666666665,-335.0,-577.6666666666665,-25.621414913957935,-25.05738401200093,SPRING
242,963.75,1385.9166666666667,240.0,241.58333333333331,723.75,1144.3333333333335,75.09727626459144,82.56869701160484,SPRING
243,2424.3870085609037,8882.708333333334,1837.4371277447474,7567.166666666667,586.9498808161563,1315.541666666667,24.210238660062984,14.810141426460588,SPRING
244,4191.200293306507,12710.666666666666,6272.9005901288765,13260.166666666666,-2081.7002968223696,-549.5,-49.66835634524357,-4.32314066925417,SPRING
245,14435.471062025474,32338.375,12101.545100382866,25907.208333333336,2333.925961642608,6431.166666666664,16.167993074935577,19.887105232302687,SPRING
246,23842.682258623903,41334.08333333333,22685.401864609405,38921.333333333336,1157.2803940144986,2412.7499999999927,4.853817961676313,5.837192470297901,SPRING
247,15148.502887483282,30789.458333333336,13169.499037826721,24272.333333333336,1979.0038496565612,6517.125,13.064022658580658,21.166741322449376,SPRING
248,25192.743616200758,44207.708333333336,21064.43553706356,35621.70833333333,4128.308079137198,8586.000000000007,16.3868935516908,19.421952242491663,SPRING
249,8646.998695054152,15709.958333333334,6909.542578327172,12037.416666666668,1737.4561167269794,3672.541666666666,20.093169641863796,23.377157270202815,SPRING
25,1464.8991923553474,3074.3333333333335,1554.6704120866927,2749.041666666667,-89.77121973134535,325.2916666666665,-6.128149991468432,10.580884744660082,SPRING
250,3442.9028211847317,7972.166666666666,3550.8573871648596,7595.166666666666,-107.95456598012788,377.0,-3.135568198900828,4.728952815002195,SPRING
251,1334.334060390282,4022.375,534.5695992904107,2109.75,799.7644610998714,1912.625,59.93734888742529,47.54964417787998,SPRING
252,430.0,469.875,810.0,1212.4166666666667,-380.0,-742.5416666666667,-88.37209302325581,-158.02961780615414,SPRING
253,2354.341130014037,4434.083333333334,2948.874390573658,5217.708333333333,-594.5332605596209,-783.6249999999991,-25.252638752315228,-17.672762126707866,SPRING
254,6820.194973803459,15315.541666666666,6439.395169434856,16018.625,380.79980436860296,-703.0833333333339,5.583415222457196,-4.590652741088169,SPRING
255,1693.6197203481465,5201.458333333333,1599.7629740430436,5223.708333333333,93.85674630510289,-22.25,5.5417839776812094,-0.42776464933712505,SPRING
256,1658.93608039733,4324.0,1738.1069138105238,5579.333333333333,-79.1708334131938,-1255.333333333333,-4.772386009847449,-29.03176071538698,SPRING
257,1722.2344395683872,3339.041666666667,1534.0781591303667,3311.541666666667,188.15628043802053,27.5,10.92512587805263,0.823589602805196,SPRING
258,2288.185162136273,8334.5,1662.1414553886402,5659.541666666666,626.0437067476328,2674.958333333334,27.35983595676986,32.09500669906214,SPRING
259,0.0,0.0,130.625,793.2916666666667,-130.625,-793.2916666666667,,,SPRING
26,1720.6447436727217,2470.0,2062.0626476244297,3555.25,-341.417903951708,-1085.25,-19.842440178729188,-43.93724696356275,SPRING
260,1553.75,2935.0833333333335,1218.75,2199.5,335.0,735.5833333333335,21.560740144810943,25.06175293148974,SPRING
261,2795.0,5389.625,2591.25,4884.458333333333,203.75,505.16666666666697,7.289803220035778,9.372946478960355,SPRING
262,30.000000000000004,114.75,159.99999999999997,295.5833333333333,-129.99999999999997,-180.83333333333331,-433.33333333333314,-157.58896151053014,SPRING
263,540.0,1062.7083333333333,0.0,0.0,540.0,1062.7083333333333,100.0,100.0,SPRING
264,0.0,0.0,0.0,0.0,0.0,0.0,,,SPRING
265,239.99999999999997,491.83333333333337,210.00000000000003,368.0,29.999999999999943,123.83333333333337,12.499999999999979,25.177905794645888,SPRING
266,4381.121012013318,13001.875,3355.097226844036,11157.375,1026.0237851692823,1844.5,23.41920669061317,14.18641542085276,SPRING
267,12032.543398996575,23118.333333333332,13483.040358649068,23520.208333333336,-1450.4969596524934,-401.87500000000364,-12.054782696844077,-1.7383389806070377,SPRING
268,12214.216688206594,30888.333333333336,10017.24580795547,25731.0,2196.970880251123,5157.333333333336,17.986997744787047,16.69670317811472,SPRING
269,3422.480154312574,8066.458333333333,2521.605476015013,5477.208333333333,900.8746782975609,2589.25,26.32227617631013,32.09896949817919,SPRING
27,654.318894605872,1313.1666666666665,446.697223497017,1166.875,207.62167110885497,146.29166666666652,31.73096067077745,11.140373143799964,SPRING
270,5130.562029070415,14916.291666666666,3885.416859238349,11223.541666666666,1245.1451698320657,3692.75,24.269176803182877,24.7564882916051,SPRING
271,32241.122373561397,37180.791666666664,28694.787202856838,32354.583333333336,3546.3351707045585,4826.2083333333285,10.999415993075509,12.980380774571087,SPRING
272,15557.636972115939,26426.083333333336,14912.408051560378,23638.708333333336,645.2289205555608,2787.375,4.147345266585209,10.547817339560345,SPRING
273,6664.906386491085,11606.208333333334,6767.993059974547,8870.833333333332,-103.08667348346171,2735.375000000002,-1.5467084982979693,23.5682052349856,SPRING
274,8481.783741700841,18820.958333333336,4965.972855133754,11136.333333333332,3515.8108865670874,7684.625000000004,41.451314884173954,40.830147242767936,SPRING
275,3266.934022437328,8921.041666666666,2837.3925229857196,8522.666666666668,429.5414994516086,398.3749999999982,13.148153482791948,4.465565960626775,SPRING
276,591.25,477.9166666666667,591.25,489.6666666666667,0.0,-11.75,0.0,-2.4585876198779424,SPRING
277,1217.164185028277,3857.208333333333,1903.3444887590163,3430.9166666666665,-686.1803037307393,426.2916666666665,-56.37532817438249,11.05181856480831,SPRING
278,4873.941551448398,18543.791666666664,3627.580990203849,14295.083333333334,1246.360561244549,4248.70833333333,25.57192260285037,22.911756180752306,SPRING
279,2640.7499163321295,9312.666666666666,2614.0655811379675,8131.833333333334,26.68433519416203,1180.8333333333321,1.010483235429777,12.679862552795463,SPRING
28,5097.885538389084,16824.458333333332,3450.7807688556895,12595.333333333334,1647.1047695333946,4229.124999999998,32.30956750852972,25.136767652252292,SPRING
280,4594.504226488359,8369.833333333334,3714.606805442919,7741.916666666667,879.8974210454398,627.916666666667,19.15108524599089,7.502140624066592,SPRING
281,1435.0,1622.4166666666667,2118.75,2165.0416666666665,-683.75,-542.6249999999998,-47.64808362369338,-33.44547742565102,SPRING
282,510.0,896.75,410.0,696.375,100.0,200.375,19.607843137254903,22.344577641483134,SPRING
283,560.0,1141.125,1097.5,1699.2916666666665,-537.5,-558.1666666666665,-95.98214285714286,-48.91371818746119,SPRING
284,650.0,1197.375,380.0,773.2083333333334,270.0,424.16666666666663,41.53846153846154,35.4247137836239,SPRING
285,247.5,217.91666666666666,192.5,176.20833333333334,55.0,41.708333333333314,22.22222222222222,19.139579349904388,SPRING
286,4567.3812021016565,8616.916666666668,3934.995385117528,6612.25,632.3858169841287,2004.6666666666679,13.845698202136921,23.26431534868429,SPRING
287,9346.306353823318,18419.833333333332,9490.714668748527,17825.375,-144.4083149252092,594.4583333333321,-1.5450843301978403,3.227273138555355,SPRING
288,6886.793746257519,10915.916666666668,7234.166172416576,12273.125,-347.3724261590569,-1357.2083333333321,-5.044037021550545,-12.433296944064846,SPRING
289,5630.752235249845,13419.958333333332,5700.285662732499,14097.541666666668,-69.53342748265368,-677.5833333333358,-1.2348870022615792,-5.049071811574198,SPRING
29,0.0,0.0,0.0,0.0,0.0,0.0,,,SPRING
290,2277.5,3493.9166666666665,3589.8280938575826,5779.583333333334,-1312.3280938575826,-2285.6666666666674,-57.62143112437246,-65.41846542800585,SPRING
291,7677.5,8687.875,7180.625,8156.583333333333,496.875,531.291666666667,6.471833279062195,6.115323559174907,SPRING
292,14725.32043128386,23058.208333333332,13581.137901348337,18602.5,1144.1825299355241,4455.708333333332,7.7701706748921735,19.323740461187896,SPRING
293,7940.402845194865,15987.041666666668,8499.313681202444,15690.25,-558.9108360075788,296.7916666666679,-7.038822171922974,1.8564514489599724,SPRING
294,16932.223562735508,34161.25,15856.341571131015,31607.708333333336,1075.8819916044922,2553.5416666666642,6.3540502381051525,7.474965543317836,SPRING
295,6272.821707743109,17168.958333333332,7205.374111994684,20495.041666666668,-932.5524042515754,-3326.0833333333358,-14.866553645234998,-19.372656562837502,SPRING
296,5613.514845523892,15311.541666666666,5128.921945215757,12731.958333333334,484.59290030813554,2579.583333333332,8.63261100475294,16.8473128930518,SPRING
297,6204.813990248123,14699.791666666666,4883.377717724656,13021.083333333334,1321.4362725234678,1678.7083333333321,21.296952247082995,11.419946427812176,SPRING
298,3465.6364176357806,11730.666666666666,4082.813939309318,12941.125,-617.1775216735373,-1210.458333333334,-17.808490196284612,-10.318751420777456,SPRING
299,7075.021104776484,8539.833333333334,7043.919776726642,8523.333333333334,31.101328049841868,16.5,0.4395934314435438,0.1932122016432795,SPRING
3,1138.4894291520093,4554.458333333333,956.8210989500365,3898.125,181.66833020197282,656.333333333333,15.95696240564011,14.410787964174292,SPRING
30,1713.9296670384424,2932.5,1025.1048021325528,3056.791666666667,688.8248649058896,-124.29166666666697,40.18979764182118,-4.238420005683444,SPRING
300,3115.4048262183187,3888.958333333333,2541.125860339512,3731.791666666667,574.2789658788065,157.16666666666606,18.433526232155955,4.041356404349907,SPRING
301,545.3823564785118,2228.4166666666665,289.3062855962182,1843.9583333333333,256.07607088229366,384.45833333333326,46.953493790256694,17.25253356269399,SPRING
302,275.0,380.7916666666667,0.0,0.0,275.0,380.7916666666667,100.0,100.00000000000001,SPRING
303,1108.5867133024271,4669.375,1031.391222135242,5151.541666666667,77.19549116718508,-482.16666666666697,6.963414791182494,-10.326150002230856,SPRING
304,775.0,1120.5416666666667,975.6250000000001,1418.0,-200.6250000000001,-297.45833333333326,-25.887096774193562,-26.545941323020852,SPRING
305,5545.594981896579,18746.166666666668,4090.4958161694926,12482.041666666666,1455.0991657270865,6264.125000000002,26.238828664502407,33.4154982796483,SPRING
306,3616.4979128546556,12149.75,3209.7900536665015,12854.208333333332,406.7078591881541,-704.4583333333321,11.245903329365461,-5.79813027702901,SPRING
307,1551.25,2160.3333333333335,1387.5,1843.625,163.75,316.7083333333335,10.55600322320709,14.660160469063422,SPRING
308,453.75,326.875,783.75,504.5,-330.0,-177.625,-72.72727272727273,-54.34034416826004,SPRING
309,453.75,334.375,288.75,257.5,165.0,76.875,36.36363636363637,22.990654205607477,SPRING
31,622.2753876793256,2189.375,874.7208780720481,2653.875,-252.4454903927225,-464.5,-40.56813034726903,-21.216100485298316,SPRING
310,0.0,0.0,360.00000000000006,650.0833333333334,-360.00000000000006,-650.0833333333334,,,SPRING
311,137.5,160.625,123.75,155.0,13.75,5.625,10.0,3.501945525291829,SPRING
312,7513.936727268492,18141.375,8625.27376658703,19412.041666666668,-1111.3370393185378,-1270.6666666666679,-14.790343326760182,-7.004246738004523,SPRING
313,4227.759324282292,9032.958333333334,2424.857438799235,6760.166666666667,1802.9018854830574,2272.791666666667,42.64438316363052,25.161099861156597,SPRING
314,6095.721869851788,11592.0,5026.025367067968,12100.833333333334,1069.6965027838205,-508.83333333333394,17.548315451765014,-4.389521509086732,SPRING
315,10955.065741481361,14976.375,9311.702133258153,12252.958333333332,1643.3636082232078,2723.416666666668,15.000947023080025,18.18475209566179,SPRING
316,6489.619803483161,17531.125,8223.619623142573,16638.041666666668,-1733.9998196594115,893.0833333333321,-26.71959024053651,5.09427280527252,SPRING
317,1263.75,2210.4583333333335,1488.75,2493.125,-225.0,-282.6666666666665,-17.80415430267062,-12.787694859663334,SPRING
318,3484.7044882010077,6741.958333333333,2644.816456899155,5315.333333333333,839.8880313018526,1426.625,24.102130730042134,21.16039479132547,SPRING
319,4780.0,7378.75,2656.9143436181653,4325.375,2123.0856563818347,3053.375,44.416017915937964,41.38065390479417,SPRING
32,75.0,589.125,35.0,176.29166666666666,40.0,412.83333333333337,53.333333333333336,70.07567720489426,SPRING
320,7559.644316531503,18604.791666666668,4987.832581574175,13073.125,2571.8117349573286,5531.666666666668,34.02027433133681,29.732483791138037,SPRING
321,13429.03727685727,24586.166666666664,10644.754004242131,16878.333333333332,2784.283272615139,7707.833333333332,20.7333051149794,31.350285051892325,SPRING
322,8871.257172285508,22630.833333333332,6154.89755034054,16793.083333333336,2716.3596219449682,5837.749999999996,30.61978217057088,25.79555915601869,SPRING
323,7164.600291558436,14497.0,5056.558154502067,13179.083333333332,2108.042137056369,1317.9166666666679,29.423025029604688,9.09096134832495,SPRING
324,12614.183648356564,26784.25,10842.67512569573,23857.458333333332,1771.5085226608335,2926.791666666668,14.043782554978373,10.92728624720374,SPRING
325,5635.098193002807,22619.125,4137.6667967840585,15360.541666666666,1497.431396218749,7258.583333333334,26.573297304351037,32.09046916418444,SPRING
326,937.6523620184573,3626.8333333333335,118.97121940825521,640.4583333333334,818.6811426102021,2986.375,87.31179867641464,82.34111483847249,SPRING
327,1432.5,1704.5,453.75,384.2916666666667,978.75,1320.2083333333333,68.32460732984293,77.4542876698934,SPRING
328,3206.1521003998755,6980.375,2094.8057273130885,5416.625,1111.346373086787,1563.75,34.66293358160327,22.402091578174524,SPRING
329,226.19756637168138,986.4583333333333,169.78156071105752,691.4583333333334,56.41600566062385,294.9999999999999,24.941031225739486,29.904963041182672,SPRING
33,500.17195068821184,1673.8333333333333,623.3848884830836,2091.8333333333335,-123.21293779487178,-418.0000000000002,-24.63411585262566,-24.972617743702095,SPRING
330,1733.2142058587426,7368.958333333333,1676.707228459273,7240.791666666667,56.50697739946963,128.16666666666606,3.2602419948129,1.7392779395549944,SPRING
331,5768.1372380578005,11401.5,5026.134628267713,11427.375,742.0026097900873,-25.875,12.863816847047286,-0.22694382318116038,SPRING
332,444.83955134357007,1945.125,327.07363810566653,1089.2083333333335,117.76591323790353,855.9166666666665,26.47379552519769,44.00317031895979,SPRING
333,536.25,341.125,0.0,0.0,536.25,341.125,100.0,100.0,SPRING
334,190.0,364.625,0.0,0.0,190.0,364.625,100.0,100.0,SPRING
335,41.25,125.16666666666667,302.5,263.08333333333337,-261.25,-137.91666666666669,-633.3333333333334,-110.18641810918776,SPRING
336,713.75,1532.5,947.5,1254.4583333333333,-233.75,278.04166666666674,-32.749562171628725,18.143012506797177,SPRING
337,5632.266448798498,18183.291666666664,5964.462448409383,18548.958333333332,-332.19599961088534,-365.6666666666679,-5.898087433021764,-2.0110036915758354,SPRING
338,6377.192629708766,12876.166666666666,5104.147138633658,12562.333333333334,1273.0454910751077,313.8333333333321,19.96247510455467,2.4373195956353375,SPRING
339,3803.196086212424,12363.875,3253.1720799478076,12287.958333333334,550.0240062646162,75.91666666666606,14.462152195060266,0.6140200112559053,SPRING
34,206.25,216.66666666666666,0.0,16.583333333333336,206.25,200.08333333333331,100.0,92.34615384615384,SPRING
340,8758.2574460347,19726.083333333332,5634.806082720757,13286.875,3123.451363313943,6439.208333333332,35.66293161122005,32.643116347644614,SPRING
341,1898.75,2295.208333333333,2038.75,3570.625,-140.0,-1275.416666666667,-7.373271889400922,-55.568666606154146,SPRING
342,2582.5,3130.125,3231.25,3901.0,-648.75,-770.875,-25.121006776379478,-24.62761071842179,SPRING
343,286.25,698.0,315.0,666.0416666666666,-28.75,31.95833333333337,-10.043668122270743,4.5785577841451826,SPRING
344,1760.0,3164.0416666666665,890.0,1732.0416666666667,870.0,1431.9999999999998,49.43181818181818,45.25856960375047,SPRING
345,8142.311913595101,15631.0,4850.626473058368,9228.75,3291.685440536733,6402.25,40.42691406897165,40.95867187000192,SPRING
346,1943.5218435498628,3877.2083333333335,2079.4608604133387,5149.833333333333,-135.9390168634759,-1272.6249999999995,-6.9944681771717,-32.8232297722803,SPRING
347,8014.377861557574,13206.833333333334,8724.229764101103,12217.875,-709.8519025435289,988.9583333333339,-8.857230277954116,7.488232102068379,SPRING
348,4711.390461035691,15736.416666666666,4310.314278532085,13635.541666666666,401.0761825036061,2100.875,8.512904753291,13.350402728278887,SPRING
349,10832.029892820208,25186.083333333336,9707.713168666458,20432.333333333332,1124.3167241537503,4753.750000000004,10.379557066205855,18.874510725169003,SPRING
35,320.8854281446628,1073.5833333333333,551.1740799086162,2354.8333333333335,-230.28865176395345,-1281.2500000000002,-71.76662807515642,-119.34332065512694,SPRING
350,4186.029019343719,12291.958333333332,3338.671509797132,8736.833333333332,847.3575095465867,3555.125,20.242513982366862,28.92236455406143,SPRING
351,4509.457205468648,9185.583333333334,4014.497738208075,9471.416666666668,494.95946726057264,-285.83333333333394,10.976032030203815,-3.111760276520278,SPRING
352,9107.875549101429,14858.875,7849.781362371898,13450.5,1258.0941867295314,1408.375,13.813256230248484,9.478342068292518,SPRING
353,7396.667603464227,20151.5,5698.4534525937925,16194.041666666668,1698.2141508704344,3957.458333333332,22.95917894262379,19.63852980340586,SPRING
354,1172.2060668314532,6745.75,1499.4539949613002,5601.291666666666,-327.24792812984697,1144.458333333334,-27.917269615778284,16.965620328849038,SPRING
355,3395.6385924549063,9921.333333333334,4972.218041607124,12293.625,-1576.5794491522179,-2372.291666666666,-46.42954207951843,-23.911016664426818,SPRING
356,7300.969440434765,18241.166666666668,5899.919266927467,14862.708333333332,1401.0501735072976,3378.4583333333358,19.18991970775687,18.521064990360646,SPRING
357,1582.5576561453092,3678.9166666666665,1938.449977361976,3400.125,-355.8923212166667,278.7916666666665,-22.48842687245443,7.578091376537473,SPRING
358,628.75,1297.4166666666665,464.70433734751816,881.875,164.04566265248184,415.5416666666665,26.090761455663117,32.02838974885991,SPRING
359,10.0,84.66666666666666,0.0,0.0,10.0,84.66666666666666,100.0,100.0,SPRING
36,1196.6751021364412,2136.1666666666665,938.7960820275921,1808.0833333333333,257.8790201088491,328.08333333333326,21.549626932862058,15.358508231255362,SPRING
360,2226.25,4637.666666666666,3150.0,4547.791666666667,-923.75,89.87499999999909,-41.49354295339697,1.9379357435491793,SPRING
361,13902.5,25177.125,9271.25,16604.125,4631.25,8573.0,33.31235389318468,34.050750433180916,SPRING
362,10230.659020599564,24542.708333333332,9386.860753420468,20989.75,843.798267179096,3552.958333333332,8.24774108373759,14.476635117354947,SPRING
363,2906.9461592366606,9560.458333333334,1809.590469263192,5462.041666666667,1097.3556899734685,4098.416666666667,37.749432905273515,42.868411992102885,SPRING
364,6127.804625456327,19674.375,4717.742980668167,14766.916666666666,1410.0616447881603,4907.458333333334,23.010877973009062,24.943401421053192,SPRING
365,6915.624520715026,14895.291666666668,5412.1210911830085,10907.708333333334,1503.5034295320174,3987.583333333334,21.74067468568357,26.770763692106286,SPRING
366,1814.380870593945,5177.5,1901.3877985962633,4029.166666666667,-87.00692800231832,1148.333333333333,-4.79540593777514,22.179301464670846,SPRING
367,5389.483544517778,10653.458333333334,4707.995294042662,7228.875,681.4882504751158,3424.583333333334,12.644778388243353,32.145273639624065,SPRING
368,2449.918400471424,8178.0,1949.841073822146,7983.25,500.0773266492779,194.75,20.411999295692905,2.381389092687699,SPRING
369,3333.75,3934.5833333333335,1676.25,2642.9166666666665,1657.5,1291.666666666667,49.71878515185602,32.828550248861596,SPRING
37,456.7561919504644,692.9583333333333,324.3567615658363,348.5416666666667,132.39943038462815,344.4166666666666,28.986893383809225,49.70236305694185,SPRING
370,7280.999752490798,13046.458333333332,7018.955004188853,13345.291666666666,262.0447483019443,-298.83333333333394,3.5990215246511985,-2.2905322325663144,SPRING
371,3272.7170549540824,6636.958333333334,2280.6935372925955,4900.125,992.023517661487,1736.833333333334,30.311924343102294,26.169116123726365,SPRING
372,928.7953660571508,1610.8333333333333,516.2313292421699,1084.1666666666667,412.5640368149809,526.6666666666665,44.41926089342644,32.695292291774436,SPRING
373,4072.2689183592865,10550.541666666666,3340.3804419901435,7063.416666666667,731.8884763691431,3487.124999999999,17.972498649819528,33.051620572403465,SPRING
374,2803.5800607875685,5268.291666666667,2801.1742751747456,4997.75,2.4057856128229105,270.54166666666697,0.08581119713581814,5.135282626404833,SPRING
375,4441.912986339859,7942.125,4390.854556068766,6794.333333333334,51.05843027109313,1147.791666666666,1.1494693936624212,14.451946634769234,SPRING
376,1440.8337263152036,2548.833333333333,786.2499999999999,1819.5416666666667,654.5837263152038,729.2916666666663,45.43089978808588,28.61276400967762,SPRING
377,10406.844872615171,25132.125,7174.700087647183,18008.208333333332,3232.144784967988,7123.916666666668,31.057874163889323,28.34585880289338,SPRING
378,8140.395089706541,19540.75,8495.979995189244,20656.708333333332,-355.5849054827031,-1115.9583333333321,-4.368152915972557,-5.710928870863873,SPRING
379,2171.323886639676,3099.7916666666665,750.6321787508973,1176.9583333333333,1420.6917078887786,1922.8333333333333,65.42974618528378,62.03105047382216,SPRING
38,1058.75,831.25,907.5,847.8333333333334,151.25,-16.58333333333337,14.285714285714286,-1.9949874686716838,SPRING
380,2833.871027303504,8000.875,2922.6158198608905,7205.291666666667,-88.74479255738652,795.583333333333,-3.1315748565251154,9.943704074033565,SPRING
381,6971.632267561903,12350.125,6462.649619592423,12633.458333333334,508.98264796948024,-283.33333333333394,7.30076728713461,-2.294173810656442,SPRING
382,5261.670134611706,15995.5,3431.087679548712,11766.375,1830.582455062994,4229.125,34.790901144130444,26.439467350192242,SPRING
383,2832.4654732124836,9603.0,1932.690101480402,6424.666666666667,899.7753717320816,3178.333333333333,31.766508020716937,33.09729598389392,SPRING
384,0.0,0.5,0.0,0.25,0.0,0.25,,50.0,SPRING
385,889.7427254597062,2527.875,736.7146576444895,2409.208333333333,153.02806781521667,118.66666666666697,17.199136720803327,4.694324943546139,SPRING
386,3120.0,6638.666666666667,3120.0,6120.916666666667,0.0,517.75,0.0,7.799005824462744,SPRING
387,690.0,1641.75,1310.0,2434.5416666666665,-620.0,-792.7916666666665,-89.85507246376811,-48.28942693264301,SPRING
388,9028.645360455615,21509.208333333332,8871.140601683013,17898.5,157.50475877260214,3610.708333333332,1.7445004481231936,16.786802551620326,SPRING
389,4831.692962980622,10246.625,3280.2341122193475,8589.125,1551.4588507612743,1657.5,32.11004636776827,16.176057970307298,SPRING
39,3431.472882103606,10292.5,2486.2076194853817,8351.916666666668,945.2652626182244,1940.5833333333321,27.546925040501723,18.85434377783174,SPRING
390,371.25,426.5,1003.75,715.0833333333334,-632.5,-288.58333333333337,-170.37037037037038,-67.66314966783901,SPRING
391,1643.4012041990925,4237.625,973.3088879159369,2818.4583333333335,670.0923162831556,1419.1666666666665,40.77472467289102,33.48967090449642,SPRING
392,3888.9164513936926,10014.25,4255.4651481441015,8633.25,-366.5486967504089,1381.0,-9.425471113400928,13.790348753026937,SPRING
393,1943.3440351084323,8971.708333333334,2853.775627317974,9642.0,-910.4315922095416,-670.2916666666661,-46.848709017121735,-7.471170949419696,SPRING
394,4405.691621269605,9858.916666666666,2211.109127845759,8119.083333333333,2194.5824934238462,1739.833333333333,49.81243995446565,17.64730742897715,SPRING
395,1222.5,2517.3333333333335,2240.0,3514.958333333333,-1017.5,-997.6249999999995,-83.23108384458078,-39.63023040254235,SPRING
396,0.0,0.0,0.0,0.0,0.0,0.0,,,SPRING
397,2165.5229584211456,6418.833333333334,2609.183170491124,6642.208333333334,-443.66021206997857,-223.375,-20.48743978191048,-3.4799937683379634,SPRING
398,715.5356261330799,2852.3333333333335,703.3073854830714,2334.7916666666665,12.228240650008502,517.541666666667,1.70896321628215,18.14450157765573,SPRING
399,8265.71572867305,26211.083333333332,7353.108669853884,23441.958333333336,912.6070588191669,2769.1249999999964,11.04087158058693,10.564710221185045,SPRING
4,0.0,0.0,0.0,0.0,0.0,0.0,,,SPRING
40,2965.456087845475,7774.291666666667,2515.717409515214,7623.291666666667,449.7386783302609,151.0,15.1659193394772,1.9422991376491963,SPRING
400,2498.4299761006932,6933.791666666666,1765.9914660787952,5854.666666666667,732.4385100218981,1079.124999999999,29.315951098418093,15.563274062411729,SPRING
401,6412.8986987560365,15098.208333333332,6898.142420775349,18387.125,-485.2437220193124,-3288.916666666668,-7.566683099382798,-21.783489762858185,SPRING
402,5298.4456690452735,9359.083333333332,3497.089115616255,5634.833333333333,1801.3565534290183,3724.249999999999,33.99783004198672,39.79289282248083,SPRING
403,6378.089002213726,17915.291666666668,5077.051707320383,15399.208333333332,1301.0372948933436,2516.0833333333358,20.398544053583695,14.044333634906877,SPRING
404,1629.142688025738,3584.5,1471.808518546607,3990.0,157.33416947913088,-405.5,9.657482468266478,-11.312595899009624,SPRING
405,1733.6904443393623,5871.208333333333,1368.7650611561794,4691.708333333334,364.92538318318293,1179.499999999999,21.049050848419533,20.08956134810408,SPRING
406,613.8873729770418,987.625,874.218876250055,2341.5,-260.33150327301325,-1353.875,-42.40704642783867,-137.08391342867992,SPRING
407,316.25,260.375,137.5,172.66666666666666,178.75,87.70833333333334,56.52173913043478,33.685389662345976,SPRING
408,4075.9118518264236,11356.791666666666,3188.0790701946103,10401.916666666666,887.8327816318133,954.875,21.782433327991964,8.407964397221928,SPRING
409,3893.449331790089,11328.083333333332,2982.660833358121,10122.708333333334,910.788498431968,1205.3749999999982,23.39284323017542,10.640590861943386,SPRING
41,568.5877915267491,2231.625,371.51037056374753,1745.75,197.0774209630016,485.875,34.66086045108658,21.772251162269647,SPRING
410,589.375,835.6666666666667,206.25000000000003,177.29166666666669,383.125,658.375,65.00530222693531,78.78440366972477,SPRING
411,3010.240549992942,5323.25,1578.75,2883.1666666666665,1431.4905499929419,2440.0833333333335,47.55402520892552,45.83822539488721,SPRING
412,1882.7966672969565,2685.2083333333335,1248.3107711109544,2277.791666666667,634.485896186002,407.4166666666665,33.69911935827377,15.17262782217394,SPRING
413,0.0,0.0,0.0,0.0,0.0,0.0,,,SPRING
414,1566.875,3261.375,988.125,1615.9583333333335,578.75,1645.4166666666665,36.93657758276825,50.45162444265583,SPRING
415,3054.5703252014227,7176.083333333334,2282.9243393316865,5488.875,771.6459858697363,1687.208333333334,25.262014087655775,23.511548778930017,SPRING
416,2256.318215581902,7395.333333333333,859.6938888394932,3501.375,1396.624326742409,3893.958333333333,61.898375729871105,52.65426395023889,SPRING
417,1664.341871629565,5338.583333333334,1020.2100044828098,3143.416666666667,644.1318671467552,2195.166666666667,38.70189641483229,41.11889858420617,SPRING
418,605.0,466.25,825.0,712.0833333333334,-220.0,-245.83333333333337,-36.36363636363637,-52.72564789991064,SPRING
419,8699.624798628363,16155.375,5824.606481926115,11250.75,2875.0183167022487,4904.625,33.047612779295285,30.359091014600406,SPRING
42,1129.9003000905934,3339.0833333333335,1169.9003000905934,2198.333333333333,-40.0,1140.7500000000005,-3.5401353550214005,34.16356784546658,SPRING
420,6107.9655842831835,17516.583333333332,5664.09943964515,17023.125,443.8661446380338,493.4583333333321,7.267004676322597,2.8170923743690435,SPRING
421,7312.78889121645,12314.125,5743.060363404961,8777.5,1569.7285278114887,3536.625,21.46552500232741,28.72006740227178,SPRING
422,180.0,319.91666666666663,253.74999999999997,803.25,-73.74999999999997,-483.33333333333337,-40.97222222222221,-151.08101067986456,SPRING
423,4714.413125933295,9197.916666666666,3966.472293040366,7165.125,747.9408328929294,2032.791666666666,15.864982828480102,22.10056625141562,SPRING
424,7625.543443221719,14404.916666666668,6135.886529002693,11280.875,1489.6569142190256,3124.041666666668,19.535091830644138,21.68732897911015,SPRING
425,2628.4252811668193,8698.583333333334,2887.734907000571,9114.416666666666,-259.30962583375185,-415.8333333333321,-9.865588635589377,-4.780471915924993,SPRING
426,3435.5398658309814,4811.833333333334,1971.926576924403,2869.125,1463.6132889065784,1942.708333333334,42.6021337567149,40.373558241834374,SPRING
427,919.9054070469049,3519.916666666667,991.0902661681365,4018.7083333333335,-71.18485912123163,-498.7916666666665,-7.738280324903231,-14.170553280143936,SPRING
428,2766.974447280076,5782.625,2084.129926514175,4001.0,682.844520765901,1781.625,24.678381885208022,30.80996952076263,SPRING
429,1045.9000073964476,3609.541666666667,912.5474565794327,3259.0833333333335,133.35255081701484,350.4583333333335,12.750028671380216,9.70921977628739,SPRING
43,4370.7531775822445,12057.166666666668,3994.056244047003,9358.75,376.69693353524144,2698.416666666668,8.618581700456891,22.380188822691906,SPRING
430,3612.5819481589356,4679.875,3451.7759577945203,5883.333333333333,160.80599036441527,-1203.458333333333,4.451275920435967,-25.715608500939297,SPRING
431,298.75,469.29166666666663,357.5,252.875,-58.75,216.41666666666663,-19.665271966527197,46.115599751398385,SPRING
432,877.2658804977616,5017.75,725.2344720379759,4371.75,152.03140845978567,646.0,17.330140364460874,12.874296248318469,SPRING
433,0.0,0.0,0.0,0.0,0.0,0.0,,,SPRING
434,1263.75,3106.5416666666665,1001.25,1654.5833333333335,262.5,1451.958333333333,20.771513353115726,46.73873680539721,SPRING
435,262.5,690.9583333333334,377.22218069001605,1108.2083333333333,-114.72218069001605,-417.2499999999999,-43.703687881910874,-60.38714346017003,SPRING
436,860.1463904964447,3616.7916666666665,1719.7305050883674,4515.5,-859.5841145919227,-898.7083333333335,-99.93463020821403,-24.848219531583013,SPRING
437,317.71120748436545,1087.875,328.40980817076115,1144.5833333333333,-10.698600686395707,-56.70833333333326,-3.3673979495741224,-5.21276188287563,SPRING
438,568.2408681931108,1487.3333333333333,743.7401034892268,1685.1666666666667,-175.499235296116,-197.83333333333348,-30.884655631012166,-13.301210219632464,SPRING
439,0.0,0.0,178.75,89.33333333333333,-178.75,-89.33333333333333,,,SPRING
44,245.81602855288773,1353.75,438.8099990884795,1726.4166666666667,-192.99397053559179,-372.66666666666674,-78.5115485233986,-27.528470298553405,SPRING
440,1455.0191375636768,2621.5833333333335,1694.9080392466997,3100.291666666667,-239.88890168302282,-478.7083333333335,-16.48699288482894,-18.260275278934493,SPRING
441,7809.2197422907975,20347.791666666668,7484.797315847558,19787.875,324.4224264432396,559.9166666666679,4.154351358386437,2.7517318627942893,SPRING
442,1896.3562080189618,5103.625,1836.3497655369947,6003.625,60.00644248196704,-900.0,3.164302267064745,-17.634524480148915,SPRING
443,3208.6130223696396,7807.791666666667,4015.7901283662413,9689.583333333334,-807.1771059966018,-1881.791666666667,-25.15657389561056,-24.101458478976664,SPRING
444,2330.5430570111216,8423.041666666666,2834.175098547684,8179.791666666666,-503.63204153656216,243.25,-21.610072382977595,2.8879116312891724,SPRING
445,13046.86283929814,30023.166666666664,12014.316191322894,25016.875,1032.5466479752467,5006.291666666664,7.914137373048315,16.674762266916098,SPRING
446,1862.5,3517.1666666666665,1473.75,2492.0416666666665,388.75,1025.125,20.87248322147651,29.14632990570061,SPRING
447,0.0,0.0,516.25,482.4583333333333,-516.25,-482.4583333333333,,,SPRING
448,4760.009079661895,14430.541666666666,4304.140812957568,12610.666666666668,455.86826670432674,1819.8749999999982,9.577046158422606,12.611272965614008,SPRING
449,3376.319582086975,9463.333333333332,4255.307307756989,9410.0,-878.9877256700138,53.33333333333212,-26.033901835995415,0.5635787249031222,SPRING
45,1525.3745694603904,5134.958333333334,1345.9477915099178,3967.5416666666665,179.42677795047257,1167.4166666666674,11.762801186199516,22.734686260031335,SPRING
450,7983.104945251188,18693.458333333332,5576.785742263798,11681.791666666668,2406.31920298739,7011.666666666664,30.14264774783911,37.50866501873426,SPRING
451,5572.373991243099,13794.083333333332,4594.379905532222,10418.916666666666,977.9940857108768,3375.166666666666,17.550761798252946,24.46822007019918,SPRING
452,857.4655551719483,3487.166666666667,804.3308412569573,2977.4583333333335,53.134713914990925,509.7083333333335,6.196717010321864,14.616689767241795,SPRING
453,216.6715913325751,695.5416666666666,72.70422126389118,251.20833333333331,143.96737006868392,444.3333333333333,66.44496825045444,63.88306475768286,SPRING
454,2252.9423938279233,7687.041666666666,2458.0363034305146,7294.375,-205.09390960259134,392.66666666666606,-9.103380102592013,5.108163630351938,SPRING
455,0.0,0.0,0.0,0.0,0.0,0.0,,,SPRING
456,269.9560397553517,1113.5833333333333,744.3223840394448,1962.25,-474.36634428409315,-848.6666666666667,-175.71984857756425,-76.21043178926888,SPRING
457,151.25,289.6666666666667,110.0,56.625,41.25,233.04166666666669,27.272727272727273,80.45166858457998,SPRING
458,3986.25,7193.958333333333,2883.75,5307.166666666667,1102.5,1886.791666666666,27.657572906867358,26.227447800527056,SPRING
459,13.75,10.125,13.75,10.125,0.0,0.0,0.0,0.0,SPRING
46,3330.8360645481216,3701.5,2260.8375007123723,2823.041666666667,1069.9985638357493,878.458333333333,32.1240236114986,23.73249583502183,SPRING
460,5834.039830361377,11764.458333333332,5333.3865219249365,11032.666666666666,500.65330843644097,731.7916666666661,8.581588795999513,6.220360053409452,SPRING
461,6658.751331037394,14475.291666666666,6612.773722541178,15011.583333333334,45.97760849621591,-536.2916666666679,0.6904839392621209,-3.7048764129680833,SPRING
462,4409.743280687484,9924.541666666666,3676.6012409048553,6866.791666666666,733.1420397826287,3057.75,16.625503869883577,30.809987027108725,SPRING
463,4346.498740136989,13849.291666666666,4239.780222457641,14033.625,106.71851767934822,-184.33333333333394,2.4552754771070004,-1.3309946657921778,SPRING
464,2242.1841400637313,7309.75,1551.3922550486297,4713.25,690.7918850151016,2596.5,30.808882850962753,35.52105065152707,SPRING
465,1103.6512579394437,3090.4166666666665,384.16164315059626,2161.5,719.4896147888473,928.9166666666665,65.19175415358654,30.057974922475392,SPRING
466,440.0,801.9583333333333,377.49999999999994,708.375,62.50000000000006,93.58333333333326,14.204545454545467,11.669351067698853,SPRING
467,314.44313140305536,1155.0,295.0147328881469,1041.25,19.42839851490845,113.75,6.17866843782477,9.848484848484848,SPRING
468,12850.482981706406,26890.25,12178.694772965257,24695.125,671.788208741149,2195.125,5.2277273134207345,8.16327479290821,SPRING
469,5334.604745683942,14144.083333333332,7061.093814585205,17678.666666666668,-1726.4890689012627,-3534.5833333333358,-32.3639548046762,-24.989836739743968,SPRING
47,655.1364016814845,2308.2083333333335,696.2723790366953,2203.75,-41.1359773552108,104.45833333333348,-6.2789943055569015,4.525515822156441,SPRING
470,11909.270109809579,21136.041666666664,13280.677102368933,22844.541666666664,-1371.406992559354,-1708.5,-11.515457957660528,-8.083348939903207,SPRING
471,573.75,1790.6250000000002,518.75,1076.2916666666665,55.0,714.3333333333337,9.586056644880175,39.89296102385109,SPRING
472,107.00252646775746,519.5,209.45401808565092,896.625,-102.45149161789345,-377.125,-95.74679682798391,-72.59384023099133,SPRING
473,412.5,489.33333333333337,495.0,507.875,-82.5,-18.54166666666663,-20.0,-3.789168937329692,SPRING
474,1608.6504203892355,3932.25,1553.238367374284,3806.5,55.412053014951425,125.75,3.444629878102646,3.1979146798906477,SPRING
475,2606.0916465418786,6597.375,2194.5459932976373,5357.916666666667,411.5456532442413,1239.458333333333,15.791679996762076,18.787143876668114,SPRING
476,1724.4633416994218,6063.25,1572.1554262261002,5264.291666666667,152.3079154733216,798.958333333333,8.832192125535437,13.177064005827452,SPRING
477,127.96903213111716,899.9583333333334,81.25,630.375,46.71903213111716,269.58333333333337,36.5080764877934,29.955090513449697,SPRING
478,288.3178037709931,1248.7916666666667,271.019738756478,920.75,17.298065014515146,328.04166666666674,5.999652046550258,26.26872643555437,SPRING
479,2382.837657150225,6777.0,1786.921899396798,5684.041666666667,595.915757753427,1092.958333333333,25.008659568781432,16.12746544685455,SPRING
48,140.0,399.5416666666667,87.49999999999999,349.1666666666667,52.500000000000014,50.375,37.500000000000014,12.608196892272394,SPRING
480,2475.795500129713,5264.875,1412.9538093938622,5134.416666666667,1062.841690735851,130.45833333333303,42.92930052906898,2.4778999184849217,SPRING
481,961.5280192275468,1921.1666666666667,991.4919770832921,3295.0416666666665,-29.96395785574532,-1373.8749999999998,-3.116285459868051,-71.51253578554696,SPRING
482,960.4721588277623,2570.5833333333335,1206.7426490380167,3589.7083333333335,-246.27049021025437,-1019.125,-25.640565210221475,-39.64567056764029,SPRING
483,2782.5,3747.0,2598.75,3410.5416666666665,183.75,336.4583333333335,6.60377358490566,8.979405746819683,SPRING
484,3412.7550648474603,12341.625,1544.1731064880223,7272.791666666666,1868.581958359438,5068.833333333334,54.752887999682976,41.07103670167692,SPRING
485,1837.8248796578855,5809.666666666667,1707.4916245448658,4679.583333333333,130.33325511301973,1130.083333333334,7.091712412625598,19.45177577600552,SPRING
486,6285.5060162006575,12167.666666666666,6262.307747144671,12129.791666666666,23.198269055986202,37.875,0.3690756002172861,0.31127578555187246,SPRING
487,0.0,0.0,0.0,0.0,0.0,0.0,,,SPRING
488,0.0,0.0,0.0,0.0,0.0,0.0,,,SPRING
489,27.5,99.70833333333334,0.0,0.0,27.5,99.70833333333334,100.0,100.0,SPRING
49,0.0,0.0,0.0,0.0,0.0,0.0,,,SPRING
490,681.5705849193203,1990.8333333333335,376.24468408262453,1391.9166666666667,305.3259008366957,598.9166666666667,44.797399945427244,30.08371703641691,SPRING
491,552.3042215764153,2277.375,319.86071868832613,1483.2916666666667,232.4435028880892,794.0833333333333,42.086135467992065,34.868360868690196,SPRING
492,561.7134609710384,2780.4166666666665,811.3800533501637,3514.3333333333335,-249.6665923791253,-733.916666666667,-44.44732229623351,-26.39592387232131,SPRING
493,496.62312081144717,1070.8333333333333,441.4180157382143,1038.9583333333333,55.20510507323286,31.875,11.116096444126809,2.9766536964980546,SPRING
494,20.0,97.75,0.0,0.0,20.0,97.75,100.0,100.0,SPRING
495,0.0,0.0,0.0,0.0,0.0,0.0,,,SPRING
496,0.0,0.0,0.0,0.0,0.0,0.0,,,SPRING
497,170.0,419.33333333333337,658.75,963.75,-488.75,-544.4166666666666,-287.5,-129.82909379968203,SPRING
498,3415.0,4297.708333333334,1958.75,2618.958333333333,1456.25,1678.750000000001,42.642752562225475,39.06151534247905,SPRING
499,7503.8855145882135,14996.5,5582.088629941694,11856.541666666668,1921.7968846465192,3139.958333333332,25.61069036714882,20.937941075139747,SPRING
5,2318.744348093996,7566.208333333334,1090.4718682244634,3937.0833333333335,1228.2724798695326,3629.1250000000005,52.97144900338714,47.96490976876353,SPRING
50,218.74999999999997,655.0416666666666,218.74999999999997,592.8333333333334,0.0,62.20833333333326,0.0,9.496851345334255,SPRING
500,7550.370698353421,13399.041666666668,8223.02163754361,15485.708333333334,-672.6509391901891,-2086.666666666666,-8.908846546261367,-15.57325306225258,SPRING
501,3239.4697299193613,5477.75,2544.662496068348,4380.0,694.8072338510133,1097.75,21.4481779975857,20.040162475468943,SPRING
502,178.75000000000003,274.8333333333333,0.0,0.0,178.75000000000003,274.8333333333333,100.0,100.0,SPRING
503,0.0,0.0,82.5,39.166666666666664,-82.5,-39.166666666666664,,,SPRING
504,287.2755222858693,963.0416666666666,170.55408837996936,516.7083333333334,116.72143390589991,446.33333333333326,40.63048357797427,46.346212088435074,SPRING
505,2249.6682691121823,5321.5,1999.5834142303136,4743.25,250.08485488186875,578.25,11.116521414091117,10.866297096683265,SPRING
506,2392.5149254891617,4117.75,2739.923888987314,4260.041666666667,-347.4089634981524,-142.29166666666697,-14.520660239021199,-3.455568372695452,SPRING
507,0.0,0.0,316.25,248.5,-316.25,-248.5,,,SPRING
508,0.0,0.0,0.0,0.0,0.0,0.0,,,SPRING
509,92.53305142903278,516.0833333333334,92.53305142903278,516.0833333333334,0.0,0.0,0.0,0.0,SPRING
51,0.0,0.0,0.0,0.0,0.0,0.0,,,SPRING
510,0.0,0.0,0.0,0.0,0.0,0.0,,,SPRING
511,660.8322822394539,3021.5833333333335,740.3720935364199,3057.5,-79.53981129696604,-35.916666666666515,-12.036308369715,-1.1886703990733285,SPRING
512,2205.0,2770.166666666667,617.5,1225.25,1587.5,1544.916666666667,71.99546485260771,55.76980927742013,SPRING
513,0.0,0.0,0.0,0.0,0.0,0.0,,,SPRING
514,2578.9372909717695,9272.416666666666,2179.7733696558525,8410.75,399.1639213159169,861.6666666666661,15.477845185041625,9.292794938392538,SPRING
515,10160.893548112614,26294.416666666668,8830.568714800034,22020.291666666664,1330.3248333125794,4274.125000000004,13.092596896261032,16.25487666900135,SPRING
516,666.4148992283456,2116.625,290.38295713923407,851.8333333333334,376.0319420891115,1264.7916666666665,56.4261006956066,59.75511328963168,SPRING
517,417.5683968158633,1682.9583333333333,222.48079474823658,903.125,195.08760206762673,779.8333333333333,46.71991548097334,46.3370552845931,SPRING
518,273.75,596.375,516.25,771.0,-242.5,-174.625,-88.58447488584476,-29.28107315028296,SPRING
519,1026.4924620309707,2233.958333333333,1596.0572966768614,3533.2916666666665,-569.5648346458906,-1299.3333333333335,-55.4865092256962,-58.162827566912256,SPRING
52,690.0,822.5833333333334,265.1252101849627,823.875,424.8747898150373,-1.2916666666666288,61.57605649493294,-0.1570256306351894,SPRING
520,123.75,233.625,275.0,239.83333333333331,-151.25,-6.208333333333314,-122.22222222222223,-2.6573925450329865,SPRING
521,65.625,519.3333333333334,287.5822752008292,1685.3333333333333,-221.9572752008292,-1166.0,-338.220609829835,-224.51861360718868,SPRING
522,722.4073866001266,2749.375,1633.1543121541988,4941.5,-910.7469255540722,-2192.125,-126.07109817084373,-79.73175721754944,SPRING
523,459.99999999999994,1974.9583333333333,235.66105759935655,1252.7916666666667,224.3389424006434,722.1666666666665,48.7693353044877,36.56617228211565,SPRING
524,120.0,237.75,520.0,1062.75,-400.0,-825.0,-333.3333333333333,-347.0031545741325,SPRING
525,213.10398230088492,682.7083333333334,122.49999999999999,362.7083333333333,90.60398230088494,320.00000000000006,42.51632528056643,46.87213915166311,SPRING
526,270.0,445.91666666666663,0.0,0.0,270.0,445.91666666666663,100.0,100.0,SPRING
527,96.1040976821192,478.16666666666663,96.1040976821192,478.16666666666663,0.0,0.0,0.0,0.0,SPRING
528,742.5,546.625,550.0,453.29166666666663,192.5,93.33333333333337,25.925925925925927,17.074472139644797,SPRING
529,0.0,0.0,0.0,0.0,0.0,0.0,,,SPRING
53,9006.641213024988,30509.708333333332,9332.49610646124,29113.25,-325.8548934362516,1396.4583333333321,-3.6179402035579624,4.577094995718571,SPRING
530,1141.8479005020538,1674.375,1002.3695981958001,2117.4166666666665,139.47830230625368,-443.0416666666665,12.215138482535819,-26.460121936045777,SPRING
531,550.0,1127.3333333333335,330.0,669.7916666666667,220.0,457.54166666666674,40.0,40.58619160260201,SPRING
532,399.23804480737545,1209.6666666666667,212.22116663499904,657.875,187.0168781723764,551.7916666666667,46.8434510700523,45.6151832460733,SPRING
533,3229.277428474348,6667.958333333333,1082.8483223740361,4065.4583333333335,2146.4291061003123,2602.4999999999995,66.46778276694484,39.02993794952227,SPRING
534,894.4636941078359,2636.4583333333335,973.1609800177698,3044.7083333333335,-78.69728590993395,-408.25,-8.798264974681718,-15.48478862109838,SPRING
535,371.25,295.625,316.25,265.9166666666667,55.0,29.708333333333314,14.814814814814815,10.049330514446787,SPRING
536,1018.3751019783806,1786.5416666666665,887.0409959201851,1288.5833333333333,131.33410605819552,497.95833333333326,12.896437256081272,27.8727522914383,SPRING
537,1739.3155232229446,5643.458333333333,793.4131342869211,3738.25,945.9023889360235,1905.208333333333,54.38359954284029,33.75958890455764,SPRING
538,587.2858884299603,2879.1666666666665,813.7682770459188,3955.9166666666665,-226.48238861595848,-1076.75,-38.56424836316644,-37.39797395079595,SPRING
539,2883.8440266607636,8521.958333333334,2250.801476913081,6666.833333333333,633.0425497476826,1855.125000000001,21.951344937357447,21.76876402626549,SPRING
54,2090.579248057469,3289.4583333333335,1819.1644485430954,2865.7916666666665,271.4147995143737,423.66666666666697,12.982755844657301,12.879526771124942,SPRING
540,3096.3803530261803,6554.25,3172.390502551154,6475.166666666667,-76.01014952497371,79.08333333333303,-2.4548066083253253,1.20659622890999,SPRING
541,1182.4464454789334,1552.5416666666665,821.3595721645636,976.625,361.08687331436977,575.9166666666665,30.537270816363826,37.09508601486809,SPRING
542,295.0,347.04166666666663,470.0,671.3333333333334,-175.0,-324.29166666666674,-59.32203389830509,-93.44459118741749,SPRING
543,591.875,1363.125,468.12499999999994,1077.7916666666667,123.75000000000006,285.33333333333326,20.908130939809936,20.932294054714955,SPRING
544,220.69476184748612,692.8333333333334,206.04560245864593,630.4583333333334,14.64915938884019,62.375,6.6377467531212515,9.002886697137358,SPRING
545,41.25,54.87500000000001,0.0,0.0,41.25,54.87500000000001,100.0,100.0,SPRING
546,811.25,549.9166666666667,508.75,322.4583333333333,302.5,227.45833333333343,37.28813559322034,41.362327625397796,SPRING
547,0.0,0.0,0.0,0.0,0.0,0.0,,,SPRING
548,5199.9113587982,9387.666666666666,3959.6074276481227,7968.458333333334,1240.3039311500775,1419.2083333333321,23.852405273245573,15.117796399531287,SPRING
549,7197.1245502426655,25745.625,6708.996790173626,23187.333333333332,488.12776006903914,2558.291666666668,6.7822608412769645,9.936801560135628,SPRING
55,263.71809881827886,788.7916666666667,174.8582162508686,690.3333333333334,88.85988256741027,98.45833333333337,33.69502622898902,12.482172098674136,SPRING
550,538.75,1142.375,1014.3750000000001,1918.4583333333335,-475.6250000000001,-776.0833333333335,-88.28306264501163,-67.93595214647847,SPRING
551,632.5,437.125,522.5,330.2083333333333,110.0,106.91666666666669,17.391304347826086,24.459060146792492,SPRING
552,1112.5,1138.6666666666665,41.25,118.33333333333333,1071.25,1020.3333333333331,96.29213483146067,89.60772833723652,SPRING
553,2358.125,5227.583333333333,1393.75,4064.2916666666665,964.375,1163.2916666666665,40.895838855022525,22.252953085396374,SPRING
554,343.75,277.625,0.0,0.0,343.75,277.625,100.0,100.0,SPRING
555,976.25,784.8333333333334,728.75,675.375,247.5,109.45833333333337,25.35211267605634,13.946697812699092,SPRING
556,227.49999999999997,676.4583333333334,498.75,1452.2916666666667,-271.25,-775.8333333333334,-119.23076923076924,-114.69048352325224,SPRING
557,3006.4950718503414,6794.541666666667,2141.024212735915,5996.458333333333,865.4708591144263,798.0833333333339,28.786704731958,11.745948034267713,SPRING
558,2599.3931596632865,10168.291666666666,2787.6289320595483,9477.041666666668,-188.23577239626184,691.2499999999982,-7.2415275733296545,6.798093747310864,SPRING
559,41.25,124.91666666666666,41.25,115.74999999999999,0.0,9.166666666666671,0.0,7.338225483655775,SPRING
56,6240.4105861976595,14730.5,6293.845414664809,15495.833333333334,-53.4348284671496,-765.3333333333339,-0.856271037443194,-5.195569283685781,SPRING
560,330.0,238.16666666666666,0.0,0.0,330.0,238.16666666666666,100.0,100.0,SPRING
561,9.375,126.20833333333334,40.625,394.5,-31.25,-268.29166666666663,-333.3333333333333,-212.57840871574774,SPRING
562,0.0,0.0,43.75000000000001,168.625,-43.75000000000001,-168.625,,,SPRING
563,4252.9933295756655,13861.333333333334,3208.169005603617,13110.208333333334,1044.8243239720487,751.125,24.566799028492575,5.418851000384763,SPRING
564,287.5051072522982,1281.25,62.49999999999999,547.0,225.00510725229822,734.25,78.26125574000551,57.30731707317073,SPRING
565,1195.7297037807916,1968.8333333333335,783.1206294070156,1345.9583333333333,412.609074373776,622.8750000000002,34.5068850484472,31.63675611614324,SPRING
566,6775.672923608748,13490.083333333332,5080.074068697551,11661.166666666668,1695.5988549111962,1828.9166666666642,25.024803794810598,13.557489760997258,SPRING
567,3066.4402561529714,5354.0,1807.3788431796447,3506.0833333333335,1259.0614129733267,1847.9166666666665,41.05938181730281,34.51469306437554,SPRING
568,5105.8590303193,12046.458333333334,5147.808602807072,11462.375,-41.94957248777246,584.0833333333339,-0.821596762438408,4.848589661553366,SPRING
569,10050.22138544343,31977.5,9221.30835503299,28128.125,828.9130304104401,3849.375,8.247709165999305,12.037760925650849,SPRING
57,7287.418455312342,21098.166666666664,5144.228106590229,17385.75,2143.1903487221134,3712.4166666666642,29.409459081628313,17.595920656613124,SPRING
570,3692.6471839353494,11249.333333333334,3140.666008336974,10679.166666666666,551.9811755983756,570.1666666666679,14.948115758248937,5.068448500651901,SPRING
571,3483.675441129895,8867.916666666666,3755.209645555088,8590.166666666668,-271.53420442519337,277.7499999999982,-7.794474801508031,3.1320772447493104,SPRING
572,709.7662319513521,2692.8333333333335,203.46300985402507,885.375,506.303222097327,1807.4583333333335,71.33379968012193,67.12106207835613,SPRING
573,0.0,0.0,343.75,245.79166666666666,-343.75,-245.79166666666666,,,SPRING
574,5783.268772312382,20182.833333333332,5548.549206676176,17735.916666666664,234.71956563620552,2446.916666666668,4.058596874486178,12.123752033493819,SPRING
575,2642.9592169703265,9766.916666666666,3168.4025539570735,10703.916666666666,-525.443336986747,-937.0,-19.8808719261689,-9.593611085040486,SPRING
576,72.97662575084878,319.0833333333333,362.48932001269804,1125.25,-289.5126942618493,-806.1666666666667,-396.7197596258854,-252.65082266910423,SPRING
577,11549.314852599426,28764.791666666668,12705.576617320332,28861.416666666668,-1156.2617647209063,-96.625,-10.01151825435484,-0.3359141311354303,SPRING
578,4937.561044319212,12473.791666666666,4389.776931400744,10697.666666666666,547.784112918468,1776.125,11.094224618219302,14.238854130827637,SPRING
579,3700.549211890114,6114.583333333334,4086.8983387219587,6499.333333333334,-386.34912683184484,-384.75,-10.440318577320337,-6.292333901192504,SPRING
58,1808.1709455077955,5147.916666666667,1682.9272713561209,4856.166666666667,125.24367415167467,291.75,6.926539465907744,5.667341157426143,SPRING
580,4343.850840538151,15101.333333333332,3488.600829486822,10632.458333333334,855.2500110513288,4468.874999999998,19.688751811408274,29.592585643651766,SPRING
581,83.125,477.4166666666667,202.5306771701257,825.125,-119.4056771701257,-347.7083333333333,-143.6459274227076,-72.83120963518937,SPRING
582,68.75,124.33333333333334,110.0,146.41666666666669,-41.25,-22.083333333333343,-60.0,-17.761394101876682,SPRING
583,1578.1317600881905,4790.583333333333,2023.4358682829607,5699.291666666666,-445.30410819477015,-908.708333333333,-28.217169152586177,-18.968636387357137,SPRING
584,4449.562563717436,11928.166666666666,4170.354214124872,10354.708333333332,279.20834959256445,1573.458333333334,6.274961765214438,13.191116265422187,SPRING
585,2991.7868063253877,12867.5,2902.7602023101404,11683.791666666666,89.02660401524736,1183.708333333334,2.9757001343485703,9.199209895732148,SPRING
586,9771.16649877842,23361.458333333336,8544.905729302911,21073.75,1226.2607694755097,2287.7083333333358,12.549788908302968,9.792660632273607,SPRING
59,2541.4027624646615,5508.833333333333,2255.008522161456,4281.166666666667,286.3942403032056,1227.666666666666,11.269140198205319,22.28542038544155,SPRING
6,1516.7156367107114,5669.25,1051.6099988851272,4252.0,465.10563782558415,1417.25,30.665315670790793,24.99889756140583,SPRING
60,2251.505030945854,8963.791666666668,2319.8916142511066,8986.583333333334,-68.38658330525277,-22.79166666666606,-3.037371996300789,-0.2542636811988906,SPRING
61,722.8177584134615,1184.7083333333335,0.0,0.0,722.8177584134615,1184.7083333333335,100.0,100.0,SPRING
62,562.0122993090689,1768.2916666666667,936.6638463090724,2894.6666666666665,-374.65154700000346,-1126.3749999999998,-66.66251743255361,-63.6984848841867,SPRING
63,162.5,1225.75,109.99999999999999,777.75,52.500000000000014,448.0,32.30769230769232,36.549051601060576,SPRING
64,178.75,182.875,673.75,500.9166666666667,-495.0,-318.0416666666667,-276.9230769230769,-173.9120528594213,SPRING
65,538.994237154911,1694.0416666666667,60.702786377708975,239.58333333333331,478.29145077720204,1454.4583333333335,88.73776708668917,85.85729394692181,SPRING
66,0.0,0.0,0.0,0.0,0.0,0.0,,,SPRING
67,1094.5619961320986,3068.5,1274.0019458280467,3483.4583333333335,-179.43994969594814,-414.9583333333335,-16.39376758283614,-13.523165498886542,SPRING
68,3113.026501082824,5201.625,3023.3469694439805,4645.791666666666,89.6795316388434,555.8333333333339,2.8807827883138675,10.685763263082862,SPRING
69,1614.6312477225797,4547.833333333333,1259.7795015059576,4372.375,354.85174621662213,175.45833333333303,21.977262406951233,3.8580642796936204,SPRING
7,1361.2205456842162,5971.291666666667,1725.6194116831243,7183.875,-364.39886599890815,-1212.583333333333,-26.77000925046598,-20.30688502627153,SPRING
70,4199.9496585452325,15363.25,3998.2968318814005,14334.25,201.652826663832,1029.0,4.801315326567033,6.697801571933022,SPRING
71,2725.082706714282,9410.125,2401.3393702220606,6689.708333333334,323.74333649222126,2720.416666666666,11.880128837725033,28.90946365395429,SPRING
72,2325.477789125761,5341.708333333334,2267.7068428488606,5988.083333333334,57.770946276900304,-646.375,2.484261365429712,-12.100529637054311,SPRING
73,0.0,0.0,0.0,0.0,0.0,0.0,,,SPRING
74,2326.25,3045.4166666666665,2027.5,3508.625,298.75,-463.2083333333335,12.842557764642665,-15.210015049938438,SPRING
75,4117.5,6896.5,4367.5,7791.708333333333,-250.0,-895.208333333333,-6.071645415907711,-12.980618187969737,SPRING
76,6488.604970532959,14177.666666666666,6097.53814040064,11206.333333333334,391.0668301323185,2971.333333333332,6.0269785556108095,20.95784449721392,SPRING
77,1963.5929878356274,4106.958333333334,799.7278036668475,3072.0,1163.8651841687797,1034.958333333334,59.27222145214785,25.200117686446795,SPRING
78,147.5,1014.4166666666666,256.25,1063.6666666666667,-108.75,-49.250000000000114,-73.72881355932203,-4.855006982666568,SPRING
79,151.25,97.33333333333333,0.0,0.0,151.25,97.33333333333333,100.0,99.99999999999999,SPRING
8,96.25,298.5833333333333,166.24999999999994,473.375,-69.99999999999994,-174.79166666666669,-72.72727272727268,-58.540329332961214,SPRING
80,1815.9628809691965,1957.375,1137.5,908.3333333333334,678.4628809691965,1049.0416666666665,37.36105446203253,53.594312110181576,SPRING
81,810.7012308962776,3239.2916666666665,458.98939239430115,1971.4166666666667,351.71183850197644,1267.8749999999998,43.38365665402265,39.140501395624035,SPRING
82,830.9593923622198,1106.2083333333335,810.0501307759372,1309.5416666666667,20.909261586282582,-203.33333333333326,2.516279589408398,-18.38110663301818,SPRING
83,192.5,93.45833333333334,178.75,93.45833333333334,13.75,0.0,7.142857142857143,0.0,SPRING
84,3775.174334545113,12709.333333333334,3741.482696319609,12408.291666666666,33.69163822550399,301.0416666666679,0.8924525131781402,2.3686660721779362,SPRING
85,6394.554406029651,16622.875,6698.483811467117,19981.291666666664,-303.9294054374668,-3358.4166666666642,-4.752941114253106,-20.203584919375643,SPRING
86,9646.226403798075,23316.666666666668,8411.872927342905,20884.958333333332,1234.3534764551696,2431.7083333333358,12.796231653542355,10.42905646890637,SPRING
87,2453.2158822619976,6234.291666666666,2402.036231519126,6470.416666666667,51.17965074287167,-236.1250000000009,2.0862269445150203,-3.7875192985035873,SPRING
88,5102.470748388316,12141.958333333334,5350.709188137224,10417.833333333332,-248.2384397489086,1724.1250000000018,-4.865063456313161,14.199727528851414,SPRING
89,4385.0,6612.625,2950.0,5368.0,1435.0,1244.625,32.725199543899656,18.82195043571955,SPRING
9,276.3267659306985,1615.8333333333333,93.75,625.6666666666666,182.5767659306985,990.1666666666666,66.0727763073404,61.27900979886539,SPRING
90,3112.5,3035.3333333333335,2037.5,1817.5833333333335,1075.0,1217.75,34.53815261044177,40.11915220733582,SPRING
91,2702.5,3636.958333333333,2636.25,3042.666666666667,66.25,594.2916666666661,2.4514338575393153,16.340348505504814,SPRING
92,2076.25,3093.4166666666665,1373.75,2033.25,702.5,1060.1666666666665,33.835039133052376,34.271706042401874,SPRING
93,5546.743106731337,19495.416666666668,3877.4475164670484,12516.625,1669.2955902642889,6978.791666666668,30.095058634290975,35.7970890593943,SPRING
94,4913.885450446887,8645.875,2783.3608021508544,5207.791666666666,2130.524648296033,3438.083333333334,43.35723064326368,39.76559149112535,SPRING
95,3766.9883045539673,9421.208333333334,4027.092957482023,8282.583333333334,-260.10465292805566,1138.625,-6.904843654906264,12.085763945707601,SPRING
96,2116.3459941512197,4791.583333333334,3364.3301423698886,6513.208333333333,-1247.984148218669,-1721.624999999999,-58.96881472441771,-35.930190090262414,SPRING
97,1979.7938784456342,6969.291666666667,2002.866582861988,7007.416666666667,-23.072704416353872,-38.125,-1.16540942304906,-0.5470426812863574,SPRING
98,1071.6636236306338,2323.458333333333,1173.6090377949233,2000.8333333333333,-101.94541416428956,322.6249999999998,-9.51281838035278,13.885551351254408,SPRING
99,4304.405789283704,11733.458333333334,2937.037378043516,9726.0,1367.3684112401875,2007.458333333334,31.76671713072227,17.108837618917416,SPRING
0,2379.1991388033525,9919.0,1206.4079776236215,5067.875,1172.791161179731,4851.125,49.293526634748225,48.90739993951003,SUMMER
1,3500.9688295815386,13515.458333333332,3726.0482942153494,13137.666666666666,-225.07946463381086,377.79166666666606,-6.4290622279180365,2.7952560494002197,SUMMER
10,2479.0370255879434,10542.5,1975.0489331981585,8269.208333333334,503.9880923897849,2273.291666666666,20.329994557877008,21.5631175401154,SUMMER
100,3528.6794769022986,12033.291666666666,4266.201233041305,13373.708333333332,-737.5217561390068,-1340.416666666666,-20.90078628468831,-11.139235246659437,SUMMER
101,2312.4971877916755,9586.666666666668,2035.8976681811557,8508.0,276.5995196105198,1078.6666666666679,11.961074853226487,11.251738525730191,SUMMER
102,1039.3274322873085,4032.375,1107.1199375640226,4583.083333333333,-67.79250527671411,-550.708333333333,-6.522728369395503,-13.657170608719005,SUMMER
103,175.08991228070175,602.3333333333334,458.9632352941177,559.2083333333334,-283.8733230134159,43.125,-162.13002754739753,7.159656889872717,SUMMER
104,475.91671019814726,1691.2083333333333,220.06370397464033,864.25,255.85300622350692,826.9583333333333,53.76003841449124,48.897484540146344,SUMMER
105,1402.0232405687723,3901.541666666667,1151.5223028768244,3385.125,250.5009376919479,516.416666666667,17.867103086702386,13.23622072471353,SUMMER
106,393.75,1176.0833333333335,266.641211552434,1072.1666666666667,127.10878844756598,103.91666666666674,32.281597066048505,8.835825125770572,SUMMER
107,4378.229561175649,8217.833333333332,2890.5851319060325,6566.625,1487.6444292696165,1651.2083333333321,33.97821901486024,20.092988825116095,SUMMER
108,4617.209611022279,10182.541666666666,4311.637572532448,10483.708333333334,305.57203848983136,-301.1666666666679,6.618110595636913,-2.957676742463624,SUMMER
109,2170.920550368889,7114.583333333334,3136.3211700706875,7435.625,-965.4006197017984,-321.04166666666606,-44.46964305247167,-4.512445095168366,SUMMER
11,2149.046319687233,8925.0,1857.4547405739825,7210.5,291.5915791132504,1714.5,13.568417601891799,19.210084033613445,SUMMER
110,9817.699490509947,20860.958333333332,9208.633193805274,20496.208333333332,609.0662967046737,364.75,6.203757787589788,1.7484815135130818,SUMMER
111,7508.746290748251,12530.75,6270.660222739769,9599.791666666666,1238.0860680084825,2930.958333333334,16.488585711491744,23.390126954358948,SUMMER
112,7282.171657348349,16528.458333333332,5716.221317190723,11085.333333333332,1565.9503401576258,5443.125,21.503892160760103,32.93183726048255,SUMMER
113,4340.0,6280.25,3968.75,4961.333333333333,371.25,1318.916666666667,8.554147465437788,21.001021721534443,SUMMER
114,2886.013229625859,6047.166666666667,4796.429936708903,8141.416666666667,-1910.4167070830445,-2094.25,-66.19570165070621,-34.63192128545048,SUMMER
115,5170.7692421955335,12582.25,4808.92597589469,10429.75,361.8432663008434,2152.5,6.997861427426667,17.10743309026605,SUMMER
116,723.7499999999999,1264.9583333333335,562.5,1236.4166666666665,161.2499999999999,28.54166666666697,22.279792746113976,2.2563325537732046,SUMMER
117,4227.068865762025,9005.875,4109.079375764422,8415.041666666668,117.9894899976025,590.8333333333321,2.7912838362601935,6.56053224515477,SUMMER
118,9537.649998271814,15731.458333333332,8556.34486879296,15241.041666666666,981.3051294788547,490.41666666666606,10.288751732939073,3.1174266000979953,SUMMER
119,3973.9420579191474,11398.25,4149.9159116787,11055.083333333334,-175.97385375955218,343.16666666666606,-4.428193748041117,3.010696086387525,SUMMER
12,1709.989714466825,5491.541666666667,1420.9986426791706,4287.833333333333,288.9910717876544,1203.708333333334,16.900164330974462,21.919315310667173,SUMMER
120,3287.968400081966,10267.5,2672.228228969467,8317.416666666666,615.740171112499,1950.083333333334,18.72707082881785,18.992776560344133,SUMMER
121,259.9878640776699,1099.0416666666667,152.52429401678376,705.3333333333334,107.46357006088613,393.70833333333337,41.33407166604592,35.82287599044622,SUMMER
122,534.2634904670282,2485.0416666666665,275.0,1245.9583333333333,259.2634904670282,1239.0833333333333,48.527270736840386,49.861672339498,SUMMER
123,5038.655755577411,12472.916666666668,4205.610852441718,9357.75,833.044903135693,3115.166666666668,16.533078335696484,24.97544680140305,SUMMER
124,4647.758352217357,13813.25,4486.396696620419,13689.5,161.36165559693836,123.75,3.4718168064816832,0.8958789567987259,SUMMER
125,6644.929922204559,13472.375,7173.677894123128,14859.666666666668,-528.7479719185685,-1387.2916666666679,-7.957164004871072,-10.297305906840242,SUMMER
126,8271.238816943936,22275.208333333336,6690.679974989339,19184.708333333332,1580.5588419545975,3090.5000000000036,19.10909450125856,13.87416877881802,SUMMER
127,6845.42853083839,19785.666666666668,5355.991407359546,15552.166666666668,1489.4371234788432,4233.5,21.75812831540037,21.39680239904308,SUMMER
128,1066.6926451067573,3953.25,1469.3348090813429,5181.541666666667,-402.6421639745856,-1228.291666666667,-37.74678355772184,-31.070427285566737,SUMMER
129,580.7340610706946,1031.2083333333333,777.2252404702531,1470.9583333333333,-196.49117939955852,-439.75,-33.8349672545966,-42.644147238272254,SUMMER
13,453.33849826711514,1618.2916666666667,642.1687748483245,1773.625,-188.83027658120932,-155.33333333333326,-41.653262915682745,-9.598599346018172,SUMMER
130,182.69956140350877,617.5,0.0,0.0,182.69956140350877,617.5,100.0,100.0,SUMMER
131,522.5,631.9166666666666,591.25,656.375,-68.75,-24.45833333333337,-13.157894736842104,-3.8704998021891135,SUMMER
132,1975.0715975366222,7302.875,1523.5171040646983,5437.875,451.55449347192393,1865.0,22.862689840465446,25.537887475822878,SUMMER
133,5451.1849918327825,13070.625,4125.274614335338,9561.125,1325.9103774974446,3509.5,24.32334216292393,26.85028451202601,SUMMER
134,11453.247276055514,31770.416666666668,8226.09414513112,23181.625,3227.1531309243946,8588.791666666668,28.17675243658777,27.033928313813952,SUMMER
135,7802.343366789585,16884.125,5670.197832971332,13783.125,2132.145533818253,3101.0,27.32698925932509,18.36636485456013,SUMMER
136,5985.860131297311,16063.291666666668,4304.727988859931,14454.708333333334,1681.13214243738,1608.583333333334,28.085055540264175,10.014033030797448,SUMMER
137,3623.742124907286,10266.5,2617.7137908278332,7905.5,1006.0283340794526,2361.0,27.762139230732156,22.997126576730142,SUMMER
138,3400.0,4225.166666666666,3075.0,3371.875,325.0,853.2916666666661,9.558823529411764,20.195455800560122,SUMMER
139,2719.262679636983,9793.375,1965.6566089092023,8240.0,753.6060707277809,1553.375,27.71361797339807,15.861487995711386,SUMMER
14,177.6647544424234,844.8333333333334,275.4135026482037,1307.9166666666667,-97.74874820578029,-463.08333333333337,-55.01864931654644,-54.81357269678438,SUMMER
140,868.75,1852.7083333333335,1015.0,1357.5416666666665,-146.25,495.16666666666697,-16.834532374100718,26.726638929495124,SUMMER
141,6890.223119159622,19786.416666666668,6740.013083063082,18720.625,150.21003609653962,1065.7916666666679,2.18004603767984,5.386481466662741,SUMMER
142,10319.43564663799,18678.208333333332,9204.271327000555,16752.25,1115.1643196374353,1925.9583333333321,10.806446765339818,10.311258440651644,SUMMER
143,6845.872842554294,12366.833333333334,4612.4006439983705,10199.166666666666,2233.4721985559236,2167.666666666668,32.62509032701494,17.52806565949247,SUMMER
144,3856.3086416032043,12064.791666666666,3042.899596039577,8908.25,813.4090455636274,3156.541666666666,21.092944604803844,26.163250505085387,SUMMER
145,0.0,0.0,0.0,0.0,0.0,0.0,,,SUMMER
146,371.24999999999994,272.2083333333333,440.0,347.4583333333333,-68.75000000000006,-75.25,-18.518518518518537,-27.64426756467167,SUMMER
147,517.2363512830975,2328.5833333333335,664.9153307715911,2820.875,-147.6789794884936,-492.2916666666665,-28.551546913156706,-21.14125183409082,SUMMER
148,5871.834862359649,10304.333333333332,6929.4737522556525,12526.5,-1057.638889896003,-2222.166666666668,-18.012068027931246,-21.565360851421747,SUMMER
149,4854.329915770737,11135.625,6797.198928017907,14471.458333333332,-1942.8690122471698,-3335.833333333332,-40.02342333460239,-29.95640867336438,SUMMER
15,488.74999999999994,1058.1666666666667,168.75,554.5833333333334,319.99999999999994,503.58333333333337,65.47314578005114,47.590171680579616,SUMMER
150,3802.103279237001,12598.5,2863.6763539333274,8634.583333333334,938.4269253036737,3963.916666666666,24.681784170050094,31.463401727718907,SUMMER
151,1292.5,1020.9166666666666,522.5,432.29166666666663,770.0,588.625,59.57446808510638,57.656517835278756,SUMMER
152,6814.770499101634,18665.958333333336,5581.428672549064,15748.875,1233.3418265525706,2917.0833333333358,18.098068404727016,15.62782516300843,SUMMER
153,5624.582646309442,16492.375,5624.3600758967605,14071.125,0.22257041268130706,2421.25,0.003957100938455339,14.681026838160058,SUMMER
154,3076.4677830742603,8040.208333333333,2581.653620595611,4956.208333333333,494.81416247864945,3084.0,16.08384021444848,38.35721503899671,SUMMER
155,1489.8605484900265,5579.0,848.2814511407296,3522.4583333333335,641.579097349297,2056.5416666666665,43.063030160744724,36.862191551652025,SUMMER
156,15316.55552412512,22726.583333333336,13359.460235626837,18180.125,1957.0952884982835,4546.458333333336,12.77764628878641,20.00502348571241,SUMMER
157,2655.625453446191,6543.208333333333,1894.3311546938496,4651.916666666666,761.2942987523413,1891.291666666667,28.667231584349132,28.90465304355025,SUMMER
158,1549.1365176692004,5294.5,1754.1051451035503,6194.916666666667,-204.96862743434986,-900.416666666667,-13.231153297111703,-17.006642112884446,SUMMER
159,9894.969676893526,20647.25,9393.689843763097,17885.458333333332,501.2798331304293,2761.791666666668,5.066006764032889,13.37607510281838,SUMMER
16,198.52963203355137,900.375,255.0,1408.125,-56.470367966448634,-507.75,-28.44430193519181,-56.39316951270304,SUMMER
160,10836.407706209327,21931.875,13529.852877305388,24265.25,-2693.44517109606,-2333.375,-24.85551710603044,-10.639195235245504,SUMMER
161,6654.013923560335,13492.333333333334,6986.8710184684805,11807.166666666668,-332.8570949081459,1685.166666666666,-5.002350441882536,12.489809027348858,SUMMER
162,5419.174665872957,10965.458333333334,4247.1944888814905,9684.25,1171.9801769914666,1281.208333333334,21.626543694411005,11.684038134900888,SUMMER
163,28.75,89.54166666666667,0.0,0.0,28.75,89.54166666666667,100.0,100.00000000000001,SUMMER
164,6357.667107440025,14018.958333333334,5209.05162123375,11094.625,1148.615486206275,2924.333333333334,18.066618883868802,20.859847527901206,SUMMER
165,3539.943530504878,12585.666666666668,4139.55305379063,13867.083333333334,-599.609523285752,-1281.416666666666,-16.93839232515197,-10.18155573800884,SUMMER
166,1195.625,2645.7916666666665,652.5,786.7916666666667,543.125,1858.9999999999998,45.4260324098275,70.26252381927274,SUMMER
167,0.0,0.0,0.0,0.0,0.0,0.0,,,SUMMER
168,315.8631479120001,1140.625,212.57034294621977,760.6666666666666,103.29280496578033,379.95833333333337,32.70175886253051,33.31141552511416,SUMMER
169,869.1623002313934,2782.5833333333335,586.6189967674902,2672.3333333333335,282.54330346390316,110.25,32.50754242201748,3.962145488305232,SUMMER
17,1741.62340754704,7279.416666666667,1674.9019917236242,6666.333333333333,66.72141582341578,613.0833333333339,3.8309898416781407,8.42214921067394,SUMMER
170,2590.434261366207,9383.166666666666,1836.8009183792692,5573.958333333333,753.6333429869378,3809.208333333333,29.092934502397604,40.596191761843016,SUMMER
171,4969.8849210753415,13055.708333333334,4212.291600186452,11067.75,757.5933208888891,1987.958333333334,15.243679339057362,15.226736708400225,SUMMER
172,4512.745791251451,7893.666666666666,2459.9060314473754,4239.5,2052.8397598040756,3654.166666666666,45.48981606240206,46.29238630125417,SUMMER
173,3238.2033580263856,11560.666666666668,3001.627879725952,11530.208333333334,236.5754783004336,30.45833333333394,7.305763478814413,0.2634651980854674,SUMMER
174,4994.310684838842,13597.541666666666,6644.043603986058,17420.625,-1649.7329191472163,-3823.083333333334,-33.0322445528927,-28.115989103422496,SUMMER
175,8705.13672648425,17935.291666666668,8226.719343895953,13726.041666666668,478.4173825882972,4209.25,5.495805495309158,23.46909143285933,SUMMER
176,2506.542023267353,6065.666666666666,1079.706060737606,3199.5833333333335,1426.8359625297471,2866.0833333333326,56.92447799737358,47.250920481398026,SUMMER
177,2700.64046627051,6836.208333333334,981.2360381813692,3626.375,1719.4044280891408,3209.833333333334,63.66654316128123,46.95341594085416,SUMMER
178,5740.843534564427,9347.375,6236.121616063243,9262.625,-495.2780814988164,84.75,-8.627270165383361,0.9066716591556453,SUMMER
179,2163.75,3276.9583333333335,1921.25,3219.125,242.5,57.833333333333485,11.20739456961294,1.7648479916589361,SUMMER
18,1890.3830207334258,7606.916666666667,1597.2635414890765,6717.041666666667,293.11947924434935,889.875,15.505824800025215,11.698235158791888,SUMMER
180,217.20096241979834,800.125,273.76955425900405,980.5416666666666,-56.56859183920571,-180.41666666666663,-26.044355977517235,-22.548560120814454,SUMMER
181,0.0,0.0,96.25,119.25,-96.25,-119.25,,,SUMMER
182,633.75,717.25,880.0,892.25,-246.25,-175.0,-38.8560157790927,-24.398745207389336,SUMMER
183,1420.0,2621.625,448.75,934.0,971.25,1687.625,68.39788732394366,64.37324178705956,SUMMER
184,937.5,1176.7916666666665,575.0,715.3333333333333,362.5,461.45833333333326,38.666666666666664,39.213256382112384,SUMMER
185,191.25,850.25,236.25,1077.4583333333333,-45.0,-227.20833333333326,-23.529411764705884,-26.722532588454367,SUMMER
186,171.23947534223035,782.6666666666666,75.0,358.2916666666667,96.23947534223035,424.37499999999994,56.20168781169827,54.22167802385008,SUMMER
187,3623.217706645311,7184.541666666667,3067.637838078337,4895.958333333333,555.5798685669738,2288.583333333334,15.333880366834975,31.85427045334602,SUMMER
188,4024.9344664219134,10552.583333333332,3401.7321810991816,10488.5,623.2022853227318,64.08333333333212,15.483538689183831,0.607276259367758,SUMMER
189,5588.326963766491,15541.708333333334,5663.638289839045,16356.916666666666,-75.31132607255404,-815.2083333333321,-1.3476542543207737,-5.245294248540881,SUMMER
19,643.1746961501109,2808.6666666666665,645.820192716335,2884.5416666666665,-2.6454965662240966,-75.875,-0.4113185083398652,-2.7014597673866603,SUMMER
190,6304.899040222324,21060.875,6010.61375746453,17859.833333333336,294.28528275779445,3201.0416666666642,4.667565346889636,15.198996559576294,SUMMER
191,8774.262294883123,24204.75,8101.938487124653,17961.25,672.3238077584701,6243.5,7.662453949553667,25.794523802146273,SUMMER
192,8035.019023664934,11773.208333333332,5460.521257772346,9111.541666666666,2574.497765892588,2661.666666666666,32.04096665247605,22.607827801116233,SUMMER
193,4909.553118362132,7110.5,4467.780755208328,6688.916666666667,441.7723631538047,421.58333333333303,8.99821944081916,5.929025150598875,SUMMER
194,459.9415588463894,1930.5833333333333,495.92127766599594,1708.0,-35.979718819606546,222.58333333333326,-7.822671843320642,11.529330513230022,SUMMER
195,2504.5911913519467,5733.833333333334,2060.0038788295806,5655.666666666667,444.5873125223661,78.16666666666697,17.750893401584772,1.3632532046623893,SUMMER
196,6493.818886330056,17851.875,5843.809639567558,14306.166666666666,650.0092467624972,3545.708333333334,10.009660850425199,19.861825905308734,SUMMER
197,9195.036020309786,22102.333333333336,7500.576315374104,17419.875,1694.4597049356826,4682.458333333336,18.42798332918978,21.185357503732646,SUMMER
198,3777.8771360323008,9050.666666666666,1516.9686208642286,4484.583333333334,2260.908515168072,4566.083333333332,59.846004350013914,50.45024307601649,SUMMER
199,1021.25,1360.1666666666667,333.75,646.75,687.5,713.4166666666667,67.31946144430844,52.450680063717684,SUMMER
2,1063.8453405313699,3599.9166666666665,558.6151923080389,2423.4583333333335,505.23014822333096,1176.458333333333,47.49093961073124,32.68015463320909,SUMMER
20,2662.324981208675,10469.083333333332,2276.7720011437623,8437.375,385.55298006491284,2031.7083333333321,14.481815059627873,19.406745257862426,SUMMER
200,1100.0,1648.6666666666667,1411.25,2759.6666666666665,-311.25,-1110.9999999999998,-28.295454545454547,-67.38778811160532,SUMMER
201,600.0230525480615,2280.0,617.5,2175.7916666666665,-17.476947451938486,104.20833333333348,-2.912712666241868,4.570540935672521,SUMMER
202,40.0,132.83333333333334,0.0,0.0,40.0,132.83333333333334,100.0,100.0,SUMMER
203,0.0,0.0,0.0,0.0,0.0,0.0,,,SUMMER
204,730.0,1130.4166666666665,921.25,1360.3333333333335,-191.25,-229.91666666666697,-26.198630136986303,-20.339107998525648,SUMMER
205,2619.1392528662327,5269.625,2837.523021514244,5715.083333333333,-218.38376864801148,-445.45833333333303,-8.337997623036845,-8.453321314767805,SUMMER
206,5456.834105893611,10135.791666666668,2829.0438028894914,8661.041666666666,2627.79030300412,1474.7500000000018,48.15594998876721,14.549924154913091,SUMMER
207,2040.1752924433858,5927.0,1482.8954230693912,4792.708333333333,557.2798693739946,1134.291666666667,27.315293516106482,19.137703166301115,SUMMER
208,1264.2840895684192,5417.208333333333,1021.3645525719799,4521.75,242.91953699643932,895.458333333333,19.213999369347697,16.529885472991158,SUMMER
209,6462.772502541959,15714.75,5009.929922980873,11271.083333333332,1452.8425795610856,4443.666666666668,22.480175172337393,28.277043329780415,SUMMER
21,495.9792571886033,1306.5,0.0,0.0,495.9792571886033,1306.5,100.0,100.0,SUMMER
210,1775.0,2632.833333333333,2332.5,2184.041666666667,-557.5,448.79166666666606,-31.408450704225352,17.045958093308833,SUMMER
211,10657.715067621339,14254.541666666668,9266.479718898117,13315.541666666666,1391.2353487232213,939.0000000000018,13.053786293741915,6.587374199451064,SUMMER
212,8127.3585117927,16850.666666666664,6224.817443613098,12194.708333333334,1902.541068179602,4655.95833333333,23.409094915882424,27.63070699477764,SUMMER
213,10959.826383798123,19271.375,10448.68487591796,16180.958333333334,511.1415078801638,3090.416666666666,4.6637737677649955,16.03630600653387,SUMMER
214,8676.219016500114,19065.291666666668,4696.062454285795,9737.541666666666,3980.156562214319,9327.750000000002,45.87432099910115,48.925294000660024,SUMMER
215,7725.9653675754835,9315.5,6387.8055163192375,8163.125,1338.159851256246,1152.375,17.320293161968696,12.370511513069616,SUMMER
216,82.5,39.625,260.0,406.625,-177.5,-367.0,-215.15151515151516,-926.1829652996845,SUMMER
217,165.00000000000003,824.5,65.00000000000001,340.5833333333333,100.00000000000001,483.9166666666667,60.60606060606061,58.69213664847383,SUMMER
218,2088.002272030436,5715.375,1824.4367396233768,5650.75,263.5655324070592,64.625,12.622856590608984,1.1307219561271133,SUMMER
219,1294.6423081000382,5337.625,1065.610998000805,4443.083333333333,229.03131009923322,894.541666666667,17.690701799738786,16.75917035510488,SUMMER
22,923.161034282301,3703.0833333333335,615.1268819649408,2425.4583333333335,308.03415231736017,1277.625,33.367326054531446,34.50165402704953,SUMMER
220,0.0,0.0,0.0,0.0,0.0,0.0,,,SUMMER
221,0.0,0.0,0.0,0.0,0.0,0.0,,,SUMMER
222,0.0,0.0,27.5,102.375,-27.5,-102.375,,,SUMMER
223,690.0,1330.6666666666667,410.0,672.3333333333334,280.0,658.3333333333334,40.57971014492754,49.47394789579159,SUMMER
224,3554.891155800591,9420.208333333334,3223.160846157955,6526.291666666667,331.73030964263626,2893.916666666667,9.331658695128962,30.720304310325762,SUMMER
225,20478.502490215425,34061.04166666667,16076.062478413616,30152.666666666668,4402.440011801809,3908.3750000000036,21.497861056516626,11.474619708489056,SUMMER
226,4901.65526601985,9490.375,3584.6709994607136,6830.041666666666,1316.9842665591368,2660.333333333334,26.868153615146614,28.031909522366963,SUMMER
227,19027.074684863706,33037.458333333336,16240.465371724837,24247.458333333332,2786.6093131388698,8790.000000000004,14.645495218220042,26.60616295391974,SUMMER
228,7118.528740454368,15663.875,7713.101191492298,14379.041666666666,-594.5724510379305,1284.833333333334,-8.352462604512565,8.202525450013704,SUMMER
229,8445.57723320288,19104.375,5476.785262925066,13713.708333333334,2968.7919702778136,5390.666666666666,35.15203151072169,28.21692238906882,SUMMER
23,738.3967237044039,1699.5416666666665,753.0869523929615,1187.9166666666667,-14.690228688557568,511.6249999999998,-1.9894764178881137,30.103704430115954,SUMMER
230,12273.506134038193,24334.333333333336,11198.639845038337,18901.541666666668,1074.866288999856,5432.791666666668,8.757613979748806,22.325623604509406,SUMMER
231,3733.6394645681994,5913.708333333334,3627.8076025528235,5311.75,105.83186201537592,601.9583333333339,2.8345495867961508,10.17903317856112,SUMMER
232,364.31005050977456,1191.125,840.5178133764342,2463.125,-476.20776286665966,-1272.0,-130.71496715512185,-106.78979955924021,SUMMER
233,5401.892009872317,11704.083333333332,5673.4703108732,10465.083333333334,-271.5783010008827,1238.9999999999982,-5.027466311887673,10.586049028472955,SUMMER
234,3460.3186784675067,6411.416666666667,2492.3857330761402,4169.833333333333,967.9329453913665,2241.583333333334,27.972364262705455,34.96237181070227,SUMMER
235,1016.4725195536018,3322.9166666666665,1315.6850783686752,3145.2083333333335,-299.2125588150734,177.70833333333303,-29.436364786967072,5.347962382445132,SUMMER
236,1120.1146854532121,1889.1666666666665,1579.2820488287884,3699.083333333333,-459.1673633755763,-1809.9166666666665,-40.99288843711495,-95.80502867225408,SUMMER
237,146.48545681002273,568.7083333333334,120.3847347880078,469.75,26.10072202201492,98.95833333333337,17.81796131193078,17.400542164261125,SUMMER
238,1490.0,2607.0416666666665,1486.25,2137.0,3.75,470.0416666666665,0.2516778523489933,18.029695216481,SUMMER
239,122.5,349.25,90.0,279.5,32.5,69.75,26.53061224489796,19.971367215461704,SUMMER
24,746.2796270488944,2976.9583333333335,793.9699434322486,3142.7916666666665,-47.690316383354116,-165.83333333333303,-6.3904084547962015,-5.570562794798931,SUMMER
240,151.25,168.125,275.0,231.875,-123.75,-63.75,-81.81818181818181,-37.9182156133829,SUMMER
241,788.75,1434.25,997.5,2011.8333333333333,-208.75,-577.5833333333333,-26.465927099841522,-40.27075707396432,SUMMER
242,220.00000000000003,450.3333333333333,390.0,667.625,-169.99999999999997,-217.29166666666669,-77.27272727272725,-48.25129533678757,SUMMER
243,2876.4261842948354,11465.791666666668,1625.3027473245497,6753.833333333333,1251.1234369702856,4711.958333333335,43.495760252822286,41.09579582744324,SUMMER
244,5377.791602174806,15850.5,4496.906237857556,11213.666666666666,880.8853643172497,4636.833333333334,16.380057642267417,29.253546155221184,SUMMER
245,16617.79227311523,34588.708333333336,14385.012512641115,30399.708333333332,2232.7797604741136,4189.000000000004,13.43607937671945,12.110888789573679,SUMMER
246,25269.83477028821,39305.79166666667,23340.82151635052,39228.916666666664,1929.01325393769,76.87500000000728,7.6336599406886005,0.19558186399588848,SUMMER
247,12674.332527998908,27833.708333333336,11105.86594422879,20376.166666666668,1568.4665837701177,7457.541666666668,12.375141494080365,26.793201887998517,SUMMER
248,23063.060361896176,42724.25,21551.876175340378,39093.291666666664,1511.184186555798,3630.9583333333358,6.552400951317429,8.498588818606144,SUMMER
249,7762.040350364145,14340.5,6631.393020988247,11097.208333333334,1130.6473293758972,3243.291666666666,14.566367583013848,22.61630812500726,SUMMER
25,1051.4615042498517,1578.9583333333335,1377.0553293238772,2584.5416666666665,-325.5938250740255,-1005.583333333333,-30.965834104056448,-63.686502177068185,SUMMER
250,4589.523731178765,10003.5,4025.313496810146,7538.333333333334,564.2102343686192,2465.166666666666,12.29343756380814,24.643041602105924,SUMMER
251,1042.4517080913458,4034.833333333333,999.0145007337169,3524.0416666666665,43.43720735762895,510.7916666666665,4.166831616321043,12.659548101945553,SUMMER
252,1192.5,1229.25,1095.0,1160.25,97.5,69.0,8.176100628930818,5.613178767541184,SUMMER
253,3458.5765495729142,5934.666666666666,1851.0309232007953,3764.75,1607.545626372119,2169.916666666666,46.479978202900504,36.56341271624353,SUMMER
254,8560.434892914789,17869.916666666664,5385.547474310648,14228.708333333332,3174.887418604141,3641.208333333332,37.08792203106292,20.37619089811088,SUMMER
255,1190.7753014044629,4177.916666666667,933.8152394117495,3022.9166666666665,256.96006199271335,1155.0000000000005,21.579223358902485,27.645357534656437,SUMMER
256,923.0106021151503,4100.916666666667,816.8158284023668,3020.5833333333335,106.19477371278344,1080.3333333333335,11.50526044548458,26.34370364349434,SUMMER
257,1805.1973072260241,2923.958333333333,2130.554838126124,4233.208333333334,-325.3575309001001,-1309.250000000001,-18.023377810155512,-44.77662985393662,SUMMER
258,2823.589935281143,8919.0,2189.7091416792578,7712.041666666666,633.8807936018852,1206.958333333334,22.44946355989791,13.532440109130329,SUMMER
259,241.25,785.8333333333334,68.75,34.95833333333333,172.5,750.875,71.50259067357513,95.55143160127253,SUMMER
26,1131.3494051725604,1413.3333333333333,1192.8194832402237,1546.0,-61.47007806766328,-132.66666666666674,-5.433341617242242,-9.386792452830194,SUMMER
260,1300.0,2121.25,1950.0,3451.7083333333335,-650.0,-1330.4583333333335,-50.0,-62.720487134158326,SUMMER
261,2860.0,5255.625,2528.75,4675.416666666667,331.25,580.208333333333,11.582167832167832,11.039758988385454,SUMMER
262,0.0,0.0,0.0,0.0,0.0,0.0,,,SUMMER
263,0.0,0.0,30.0,97.16666666666666,-30.0,-97.16666666666666,,,SUMMER
264,0.0,0.0,0.0,0.0,0.0,0.0,,,SUMMER
265,20.0,147.45833333333331,270.0,450.0833333333333,-250.0,-302.625,-1250.0,-205.2274653857022,SUMMER
266,3771.5110856733336,11483.416666666666,3445.559002336131,10612.25,325.95208333720257,871.1666666666661,8.642479789477003,7.5863019861974825,SUMMER
267,12516.5711567932,25020.208333333332,10586.8146618795,17537.25,1929.7564949136995,7482.958333333332,15.417612944790797,29.907657976469018,SUMMER
268,10872.38375745308,28308.5,9440.751238412995,23868.625,1431.6325190400858,4439.875,13.167604740392772,15.683893530211774,SUMMER
269,2742.82717644736,7099.916666666666,3322.463685292196,8518.583333333334,-579.6365088448356,-1418.6666666666679,-21.132811932963573,-19.981455181398864,SUMMER
27,388.75,972.9166666666666,947.5,1506.625,-558.75,-533.7083333333334,-143.7299035369775,-54.85653104925054,SUMMER
270,3409.0471730303793,10011.291666666666,4884.111846859947,12485.708333333334,-1475.0646738295677,-2474.416666666668,-43.2691188757693,-24.71625789213015,SUMMER
271,32716.872618553964,37712.625,27474.620772839942,33391.416666666664,5242.251845714021,4321.208333333336,16.023083583915366,11.458253922481758,SUMMER
272,18452.96574259734,30864.5,16619.62173313458,23009.291666666664,1833.3440094627585,7855.208333333336,9.935226862913511,25.450625583869286,SUMMER
273,8704.499569386859,13388.208333333332,7693.9002019480295,11122.125,1010.5993674388292,2266.083333333332,11.610080044038826,16.925964079087,SUMMER
274,8118.004831504357,18453.0,7464.551510945316,16366.625,653.4533205590405,2086.375,8.049432516018205,11.306427139218556,SUMMER
275,3867.0464134650156,9270.208333333332,2681.633487796582,8456.166666666666,1185.4129256684337,814.0416666666661,30.654220273665143,8.781266152774338,SUMMER
276,715.0,731.5,481.25,436.0416666666667,233.75,295.4583333333333,32.69230769230769,40.390749601275914,SUMMER
277,1543.6479980852075,4437.5,709.3642315960413,2536.4166666666665,834.2837664891662,1901.0833333333335,54.046244190647066,42.841314553990614,SUMMER
278,4483.229371870857,17788.375,3990.971818358768,16272.375,492.2575535120891,1516.0,10.979976991600351,8.522419838799216,SUMMER
279,3838.3840456214184,9080.75,3465.1777645550183,8668.416666666666,373.20628106640015,412.33333333333394,9.723005218618752,4.540740944672344,SUMMER
28,4621.2659833940925,14163.0,4553.23727599304,14447.708333333332,68.02870740105209,-284.7083333333321,1.4720794614615182,-2.010226176186769,SUMMER
280,4997.18550192867,9444.333333333334,3782.7414657052495,7590.083333333334,1214.4440362234209,1854.25,24.302560626470733,19.633466276073836,SUMMER
281,2245.0,2335.833333333333,1792.5,2176.291666666667,452.5,159.54166666666606,20.155902004454344,6.8301819479129255,SUMMER
282,510.0,896.75,510.0,896.75,0.0,0.0,0.0,0.0,SUMMER
283,1245.0,2358.5833333333335,820.0,1500.3333333333333,425.0,858.2500000000002,34.136546184738954,36.38836872416353,SUMMER
284,260.0,595.6666666666666,20.0,187.54166666666666,240.0,408.125,92.3076923076923,68.51566871852266,SUMMER
285,0.0,0.0,27.5,97.29166666666667,-27.5,-97.29166666666667,,,SUMMER
286,3943.392551938204,6884.708333333334,4343.915258732323,8057.416666666666,-400.52270679411913,-1172.7083333333321,-10.156805378081357,-17.03352235933498,SUMMER
287,9454.43640116597,16922.666666666668,7638.520293684374,12656.791666666668,1815.9161074815966,4265.875,19.207026526273403,25.20805428616451,SUMMER
288,6570.035154730629,12656.166666666666,6205.613166247105,10116.708333333334,364.4219884835238,2539.458333333332,5.546728136167258,20.064988082226048,SUMMER
289,6848.143763679861,17409.375,6424.153109053981,13609.375,423.99065462587987,3800.0,6.191322338683611,21.827320050260276,SUMMER
29,0.0,0.0,27.5,91.29166666666667,-27.5,-91.29166666666667,,,SUMMER
290,3971.875,6786.916666666667,2541.875,3798.75,1430.0,2988.166666666667,36.00314712824547,44.02833883820586,SUMMER
291,9076.25,10199.291666666666,8411.25,9104.541666666666,665.0,1094.75,7.326814488362484,10.73358852534694,SUMMER
292,12935.170967116112,20209.666666666668,10210.06412923799,15130.416666666666,2725.106837878122,5079.250000000002,21.067420328698468,25.132774744759114,SUMMER
293,10310.602108428455,17058.708333333336,8051.285807381937,12640.083333333332,2259.3163010465178,4418.625000000004,21.912554449168667,25.902459398791933,SUMMER
294,15037.946206772594,28607.125,15245.007067148252,28962.75,-207.06086037565728,-355.625,-1.3769224701868126,-1.2431343590102115,SUMMER
295,7755.2824050145055,21413.625,7505.551615558271,21534.0,249.73078945623456,-120.375,3.2201379190880344,-0.5621420941106422,SUMMER
296,6769.911975078423,18434.791666666668,4342.845980276433,13772.333333333334,2427.06599480199,4662.458333333334,35.850776254352624,25.29162475843909,SUMMER
297,5514.3082216736075,14247.291666666666,4883.752452226838,12257.791666666666,630.5557694467698,1989.5,11.434902513581195,13.96405749630778,SUMMER
298,3274.970144697644,12056.583333333334,3730.0256128557594,11215.791666666666,-455.0554681581152,840.7916666666679,-13.894950123282038,6.97371422252021,SUMMER
299,7445.4660832432,10144.291666666668,6281.480793982985,7868.291666666666,1163.9852892602148,2276.000000000002,15.633477827263029,22.436263415796255,SUMMER
3,694.5442666763186,2990.0416666666665,956.6720641445661,3728.0416666666665,-262.12779746824754,-738.0,-37.74097779579081,-24.68193029640055,SUMMER
30,1296.0292669095743,3092.75,840.1859710811315,2290.2083333333335,455.8432958284428,802.5416666666665,35.17229953575173,25.94912833777921,SUMMER
300,4197.140495457817,5040.875,3357.5523472973546,4246.291666666667,839.5881481604629,794.583333333333,20.003813288334584,15.762805729825338,SUMMER
301,310.625,1519.25,316.0538371242149,1246.875,-5.428837124214908,272.375,-1.7477141647371939,17.928254072733257,SUMMER
302,302.5,259.2916666666667,0.0,0.0,302.5,259.2916666666667,100.0,100.0,SUMMER
303,1289.429539554408,4924.041666666667,1030.3130351599257,4560.125,259.11650439448226,363.91666666666697,20.09543728027403,7.390609001751616,SUMMER
304,802.5,1399.0,722.5,1629.125,80.0,-230.125,9.968847352024921,-16.449249463902788,SUMMER
305,4873.42111129604,15892.5,5035.85769786595,15000.166666666666,-162.4365865699101,892.3333333333339,-3.333112055377288,5.614807823396784,SUMMER
306,4160.288917877399,14456.541666666666,3540.0399818541114,11470.666666666668,620.248936023288,2985.874999999998,14.908794756008009,20.654144461705616,SUMMER
307,1556.25,2350.375,1067.5,1478.5833333333333,488.75,871.7916666666667,31.40562248995984,37.09159885833821,SUMMER
308,440.0,315.6666666666667,0.0,0.0,440.0,315.6666666666667,100.0,100.0,SUMMER
309,522.5,367.9166666666667,632.4999999999999,539.5833333333334,-109.99999999999989,-171.66666666666669,-21.05263157894735,-46.65911664779162,SUMMER
31,773.3047281304506,2640.083333333333,602.9840210496125,2104.2916666666665,170.32070708083813,535.7916666666665,22.025044058971062,20.294498279726014,SUMMER
310,460.0,868.6666666666667,240.0,478.0416666666667,220.0,390.62500000000006,47.82608695652174,44.968342287029934,SUMMER
311,0.0,0.0,123.75,156.66666666666666,-123.75,-156.66666666666666,,,SUMMER
312,8394.56618802647,20025.0,7199.401231796583,16862.291666666664,1195.164956229888,3162.7083333333358,14.237364140801022,15.793799417394936,SUMMER
313,5495.144835613589,10842.5,3475.5084979715066,9641.916666666668,2019.6363376420823,1200.5833333333321,36.75310475081535,11.072938282991304,SUMMER
314,4372.837316976826,10141.166666666668,5567.816146060584,10280.666666666666,-1194.9788290837587,-139.49999999999818,-27.327310450001168,-1.3755813762387448,SUMMER
315,10276.28222683966,13857.208333333332,9809.837857110482,11453.916666666668,466.4443697291772,2403.2916666666642,4.539038140767629,17.343259976005253,SUMMER
316,8775.997835418628,17912.333333333332,7012.091000088723,15937.0,1763.9068353299044,1975.3333333333321,20.09921684587293,11.027783463907543,SUMMER
317,1446.25,2264.7916666666665,1180.0,2174.3333333333335,266.25,90.45833333333303,18.409680207433016,3.9941127771134077,SUMMER
318,2830.7189142970205,6584.0,2965.0,5262.458333333333,-134.28108570297945,1321.541666666667,-4.743709628842705,20.072018023491296,SUMMER
319,3807.921770842351,5325.916666666667,2641.25,2637.625,1166.6717708423512,2688.291666666667,30.63801834837252,50.47566146672717,SUMMER
32,150.0,790.3333333333334,74.07653947526057,288.79166666666663,75.92346052473943,501.54166666666674,50.61564034982628,63.459510754955716,SUMMER
320,7892.132126014425,18662.708333333332,7007.026012194006,15522.875,885.1061138204186,3139.833333333332,11.215044295861308,16.82410332548196,SUMMER
321,13761.977342487175,23022.791666666664,10211.446239237866,18306.625,3550.531103249308,4716.166666666664,25.799570911134982,20.484773241009353,SUMMER
322,10413.904258910175,24879.75,7302.531143798636,18170.75,3111.37311511154,6709.0,29.87710504875669,26.965705041248405,SUMMER
323,5663.305876887858,15362.125,6457.577588632753,15004.125,-794.2717117448947,358.0,-14.024877501078377,2.3304067633872267,SUMMER
324,11997.78867209605,28276.833333333332,10627.493822916258,25657.5,1370.2948491797924,2619.333333333332,11.42122841658952,9.263177748569202,SUMMER
325,5391.799528829911,21576.166666666668,5003.446107963933,18353.333333333332,388.35342086597757,3222.8333333333358,7.202668029281408,14.937006110136968,SUMMER
326,836.6141134144394,3503.6666666666665,692.1656341599262,2765.7916666666665,144.44847925451324,737.875,17.26584299002338,21.060079916278184,SUMMER
327,1340.483147187874,2045.5,1170.0,1036.1666666666665,170.483147187874,1009.3333333333335,12.718037339411634,49.34408864988186,SUMMER
328,2385.845770787639,5811.333333333334,1806.4858010869455,4943.166666666667,579.3599697006937,868.166666666667,24.283211295314768,14.93919926580246,SUMMER
329,376.38318584070794,1290.6666666666667,302.88631753641897,1165.7916666666667,73.49686830428897,124.875,19.527139114921606,9.675232438016529,SUMMER
33,616.9970067480483,2322.7916666666665,701.5991284343837,2624.8333333333335,-84.60212168633541,-302.04166666666697,-13.71191768534508,-13.003390316967742,SUMMER
330,1944.382583082597,8156.041666666667,1840.5049120540577,7810.958333333333,103.87767102853923,345.08333333333394,5.342450191250583,4.23101484073668,SUMMER
331,5698.372902878439,11521.625,5271.615858646103,11196.541666666668,426.75704423233583,325.0833333333321,7.489103495083071,2.8215059363009307,SUMMER
332,414.4938526231483,1991.8333333333333,563.7546196142059,1764.0,-149.2607669910576,227.83333333333326,-36.01036928447846,11.438373357877998,SUMMER
333,0.0,0.0,165.0,151.75,-165.0,-151.75,,,SUMMER
334,290.0,506.5416666666667,0.0,0.0,290.0,506.5416666666667,100.0,100.0,SUMMER
335,303.75,609.0,0.0,0.0,303.75,609.0,100.0,100.0,SUMMER
336,1342.5,2103.416666666667,1248.75,1730.2083333333335,93.75,373.2083333333335,6.983240223463687,17.742957885979166,SUMMER
337,6787.8738779651485,19968.291666666668,5191.874942438662,17899.375,1595.998935526486,2068.916666666668,23.512501325450827,10.361009851034668,SUMMER
338,5922.641262954505,13963.25,6400.956430939469,13289.125,-478.3151679849643,674.125,-8.076044905450802,4.827851682094068,SUMMER
339,3192.5216828420457,12035.0,3733.7993172254496,10375.25,-541.2776343834039,1659.75,-16.954548415206,13.791026173660159,SUMMER
34,398.75,313.9166666666667,440.0,326.625,-41.25,-12.708333333333314,-10.344827586206897,-4.048314308468271,SUMMER
340,8662.72046737336,17957.916666666664,7605.8621988657,14464.0,1056.85826850766,3493.9166666666642,12.200073550660374,19.456135873222102,SUMMER
341,2580.0,3983.5,2743.75,3499.25,-163.75,484.25,-6.346899224806202,12.156395129910882,SUMMER
342,2502.5,2930.583333333333,1800.0,2558.291666666667,702.5,372.29166666666606,28.07192807192807,12.703671055250641,SUMMER
343,236.25,310.2916666666667,260.0,542.5833333333334,-23.75,-232.29166666666669,-10.052910052910052,-74.86236068215389,SUMMER
344,1430.0,3085.0416666666665,1575.0,3200.5416666666665,-145.0,-115.5,-10.13986013986014,-3.7438716386866737,SUMMER
345,5560.955536282382,12121.458333333334,4817.866907966519,11132.958333333334,743.0886283158634,988.5,13.362606902133837,8.154959352388154,SUMMER
346,2034.3565079437362,3692.4166666666665,2183.6600475999094,5144.125,-149.30353965617314,-1451.7083333333335,-7.339103990533325,-39.31594032815004,SUMMER
347,8569.964760481767,14407.083333333334,7702.079880268755,11742.0,867.8848802130124,2665.083333333334,10.127053079786801,18.498423807733467,SUMMER
348,5321.979499455405,14553.5,4911.023687193863,12411.375,410.9558122615417,2142.125,7.7218601143351755,14.71896794585495,SUMMER
349,10866.091253512743,23659.833333333332,11092.571315071651,24103.458333333332,-226.48006155890835,-443.625,-2.084282712844813,-1.875013208038941,SUMMER
35,571.5768782706108,2360.0416666666665,563.8799025313804,2356.8333333333335,7.6969757392304246,3.20833333333303,1.3466212563599051,0.1359439275436393,SUMMER
350,4443.126932129579,13835.291666666666,3452.5215778607576,10616.875,990.605354268821,3218.416666666666,22.295229674971868,23.26236948383813,SUMMER
351,4915.594937801225,10482.625,4468.25660759952,9665.416666666666,447.3383302017046,817.2083333333339,9.100390407713329,7.795836761625394,SUMMER
352,9922.746565847414,15235.75,8324.931413778371,14490.416666666666,1597.8151520690426,745.3333333333339,16.102549243457247,4.892002909822844,SUMMER
353,6149.595085680123,15150.333333333334,5743.900601161852,15024.625,405.69448451827066,125.70833333333394,6.597092635626794,0.8297397196981404,SUMMER
354,2049.5530505817264,8220.083333333334,2349.827107700684,8040.958333333333,-300.27405711895744,179.1250000000009,-14.650709189192755,2.179114161454173,SUMMER
355,4872.032458634945,13270.666666666668,4948.490392907341,15255.833333333334,-76.4579342723955,-1985.166666666666,-1.5693231710081346,-14.959057570581727,SUMMER
356,6538.078543958641,20064.5,4876.706643002704,14878.041666666668,1661.3719009559363,5186.458333333332,25.410705756832616,25.8489288710575,SUMMER
357,1958.6295419924804,3766.5,1719.9241493423801,3086.416666666667,238.7053926501003,680.083333333333,12.187368133295353,18.056108677375097,SUMMER
358,743.0216924149147,1296.0833333333333,598.75,1310.9166666666667,144.2716924149147,-14.833333333333485,19.416888347635368,-1.144473734970757,SUMMER
359,0.0,0.0,110.0,224.25,-110.0,-224.25,,,SUMMER
36,2179.953194274958,2865.083333333333,991.2338478104809,953.1666666666667,1188.7193464644772,1911.9166666666663,54.529581166527734,66.7316250254501,SUMMER
360,1738.75,3079.6666666666665,3235.0,5013.666666666667,-1496.25,-1934.0000000000005,-86.05319913731128,-62.79900422123609,SUMMER
361,13907.5,24942.875,11552.5,21172.291666666668,2355.0,3770.583333333332,16.933309365450295,15.116875393607721,SUMMER
362,13026.311699530332,30574.125,12698.25768733859,29151.041666666664,328.054012191742,1423.0833333333358,2.5183952277417876,4.654534948533558,SUMMER
363,3274.18528546538,10243.75,2981.7336044914573,7803.541666666667,292.4516809739225,2440.208333333333,8.932044324802302,23.82143583485865,SUMMER
364,6072.116876360851,17693.125,5650.200454820158,16603.166666666668,421.9164215406936,1089.9583333333321,6.948423920877443,6.1603494766093165,SUMMER
365,8016.876653805457,13161.708333333332,6979.166720582032,14496.041666666666,1037.7099332234247,-1334.333333333334,12.944067596834532,-10.137995004447884,SUMMER
366,2438.045197147336,6314.75,3262.744582672026,7704.666666666667,-824.6993855246901,-1389.916666666667,-33.82625500501958,-22.010636472808375,SUMMER
367,6401.830146542194,10974.708333333332,5005.392953040159,8513.125,1396.4371935020345,2461.583333333332,21.813093467596744,22.42960139411449,SUMMER
368,2165.3167165179234,8381.791666666666,2341.147237135974,9022.541666666666,-175.83052061805074,-640.75,-8.120314191302521,-7.64454695943091,SUMMER
369,2100.0,2245.5,2332.5,2622.9166666666665,-232.5,-377.4166666666665,-11.071428571428571,-16.807689452980025,SUMMER
37,478.75000000000006,692.9583333333333,395.0,649.5,83.75000000000006,43.45833333333326,17.493472584856406,6.271420840598871,SUMMER
370,5636.151490060275,10842.625,6602.571920525985,11661.125,-966.4204304657096,-818.5,-17.14681431416554,-7.548909973368995,SUMMER
371,2452.02436138721,5448.75,2958.1976750934837,7291.916666666667,-506.1733137062738,-1843.166666666667,-20.643078497797262,-33.82733042746808,SUMMER
372,758.8381656739814,1464.9166666666667,532.541220743061,1024.625,226.2969449309204,440.29166666666674,29.82150281409858,30.05574833608283,SUMMER
373,4051.5759978696406,10176.5,4195.623799307049,9661.875,-144.04780143740845,514.625,-3.5553523249508396,5.0569940549304775,SUMMER
374,3494.755653481279,5723.541666666666,3094.2101900896405,4827.291666666666,400.54546339163835,896.25,11.46132957801034,15.659010665016563,SUMMER
375,5050.5809198457855,8081.0,4015.319309792433,6396.208333333334,1035.2616100533523,1684.791666666666,20.497871957370066,20.848801715959237,SUMMER
376,1036.25,1879.7916666666667,633.0543889606795,1041.75,403.1956110393205,838.0416666666667,38.90910601103214,44.58162473678377,SUMMER
377,8722.485470957443,23909.083333333332,8111.109493165038,22591.416666666664,611.3759777924051,1317.6666666666679,7.00919456762702,5.511155104928746,SUMMER
378,7578.15521914613,22090.916666666668,7995.85510512365,20546.666666666668,-417.69988597752035,1544.25,-5.511894041470752,6.99042970149873,SUMMER
379,2240.303088803089,2776.208333333333,1526.25,1333.4583333333333,714.0530888030889,1442.7499999999998,31.873057372097854,51.9683621246004,SUMMER
38,1347.5,1079.4583333333333,1347.5,1183.4166666666667,0.0,-103.95833333333348,0.0,-9.630601767861982,SUMMER
380,1944.0848163932842,5664.166666666667,2343.8625648956368,6055.416666666667,-399.77774850235255,-391.25,-20.563801801818013,-6.907459173164631,SUMMER
381,6577.689858356207,13493.541666666668,6488.120245306729,10777.625,89.569613049478,2715.916666666668,1.3617183992901396,20.127530145594353,SUMMER
382,4252.839148483445,14494.333333333334,3698.801771775806,12399.5,554.0373767076385,2094.833333333334,13.02747076397675,14.45277464756342,SUMMER
383,2155.187067765464,8462.958333333334,2549.500960692312,9669.666666666666,-394.31389292684844,-1206.7083333333321,-18.2960402289199,-14.258705830801862,SUMMER
384,0.0,0.25,0.0,0.0,0.0,0.25,,100.0,SUMMER
385,666.3397868543079,2735.3333333333335,494.9944507311978,1479.0,171.34533612311014,1256.3333333333335,25.71440870010273,45.929807457957594,SUMMER
386,4300.0,8083.125,2040.0,4153.25,2260.0,3929.875,52.55813953488372,48.61826335730302,SUMMER
387,1030.0,2206.4583333333335,390.0,884.9166666666666,640.0,1321.541666666667,62.13592233009709,59.89424983476537,SUMMER
388,8925.862806507965,17434.708333333332,7315.099270558994,16105.125,1610.7635359489705,1329.5833333333321,18.046026147461525,7.626071557453635,SUMMER
389,3881.280310978692,11182.208333333334,3477.1266565818078,9326.166666666668,404.1536543968841,1856.041666666666,10.412895282355269,16.59816747586381,SUMMER
39,3759.290807220673,11961.125,2503.257125912074,8348.041666666666,1256.0336813085987,3613.083333333334,33.411453003211854,30.206885500597426,SUMMER
390,220.0,125.45833333333333,502.13713429613637,998.8333333333334,-282.13713429613637,-873.375,-128.24415195278925,-696.147459315842,SUMMER
391,1126.9487230696363,3057.7083333333335,965.5631778451618,2945.708333333333,161.38554522447453,112.00000000000045,14.320575721039456,3.662873884308797,SUMMER
392,4244.103272595055,9880.333333333332,2289.9889808174003,5828.25,1954.1142917776551,4052.083333333332,46.04304292960366,41.01160554637157,SUMMER
393,2930.18950630711,11582.916666666666,2889.3215441844877,11767.416666666666,40.86796212262243,-184.5,1.394720786306,-1.5928630526277925,SUMMER
394,4405.362048689074,11315.708333333334,3755.273594494799,8933.25,650.0884541942751,2382.458333333334,14.756754314613602,21.054433917452513,SUMMER
395,1723.75,3847.583333333333,2032.5,3504.875,-308.75,342.70833333333303,-17.91153009427121,8.907106192198558,SUMMER
396,0.0,0.0,210.0,343.4583333333333,-210.0,-343.4583333333333,,,SUMMER
397,2982.5195841798904,5813.583333333333,3376.792393845912,7106.791666666667,-394.27280966602166,-1293.208333333334,-13.219454174160457,-22.244599572839483,SUMMER
398,755.4982129129314,2609.958333333333,499.16914250589076,2142.375,256.32907040704066,467.58333333333303,33.928481368437296,17.91535624770509,SUMMER
399,8291.070744839446,27506.583333333332,6747.7328277796405,23022.25,1543.3379170598055,4484.333333333332,18.614458428308726,16.30276388379751,SUMMER
4,0.0,0.0,0.0,0.0,0.0,0.0,,,SUMMER
40,2936.6990836996874,9399.375,3093.587206591647,9109.0,-156.88812289195948,290.375,-5.342328867222923,3.089301150342443,SUMMER
400,2541.6597763489494,9650.208333333332,2131.6230027196198,6900.375,410.0367736293297,2749.833333333332,16.132638106990875,28.495067032231592,SUMMER
401,7287.467222915226,18746.625,7206.718832533247,17301.75,80.74839038197842,1444.875,1.1080446458553872,7.707387329719349,SUMMER
402,2979.817401844778,5214.708333333333,3748.753379929559,5782.958333333334,-768.9359780847808,-568.2500000000009,-25.804801918692718,-10.89706199611677,SUMMER
403,7341.875863790159,21429.375,6660.689644580714,18122.208333333336,681.186219209445,3307.1666666666642,9.278095024311543,15.432865711980233,SUMMER
404,1004.5178959827567,3229.9166666666665,1593.835745145571,3843.833333333333,-589.3178491628144,-613.9166666666665,-58.666734711208214,-19.007198328130237,SUMMER
405,2311.4766495710155,5970.25,1721.8559238013368,5878.416666666667,589.6207257696788,91.83333333333303,25.50840069611371,1.5381823765057248,SUMMER
406,1169.8142152128553,2066.083333333333,872.1325266091607,2011.4583333333333,297.6816886036946,54.62499999999977,25.44692009487417,2.6438914209655846,SUMMER
407,316.24999999999994,259.75,852.5,619.4166666666666,-536.25,-359.66666666666663,-169.56521739130437,-138.46647417388513,SUMMER
408,3461.5295745727326,10302.583333333334,2867.3275136592197,10245.166666666666,594.2020609135129,57.41666666666788,17.165881386030254,0.5573035889057069,SUMMER
409,4006.963128791134,10295.333333333334,4170.308740302613,8861.458333333334,-163.3456115114791,1433.875,-4.07654391271524,13.927426665803276,SUMMER
41,511.01808691071045,2028.7083333333333,445.6712935345328,1806.6666666666667,65.34679337617763,222.04166666666652,12.787569569449621,10.944977304935398,SUMMER
410,0.0,0.0,41.25,100.0,-41.25,-100.0,,,SUMMER
411,2330.735813726356,4801.208333333334,2159.046198695664,3245.916666666667,171.68961503069204,1555.291666666667,7.3663267204958975,32.393755044303084,SUMMER
412,1476.810989543204,3093.4583333333335,1572.8179356632995,3641.125,-96.00694612009556,-547.6666666666665,-6.500963684580361,-17.704025968778193,SUMMER
413,247.5,191.95833333333331,0.0,0.0,247.5,191.95833333333331,100.0,100.0,SUMMER
414,1574.8721981268504,3559.25,1277.5543032038954,3932.2083333333335,297.317894922955,-372.9583333333335,18.878858568751436,-10.478565240804482,SUMMER
415,3429.1842065051296,7295.5,3233.554328275932,7066.458333333333,195.6298782291974,229.04166666666697,5.704851837882882,3.1394923811482007,SUMMER
416,1786.3969088391466,7322.666666666667,1568.945221848349,6339.625,217.4516869907975,983.041666666667,12.172641248696742,13.424640386016028,SUMMER
417,1572.8379270694845,4485.333333333333,1890.007988859033,4759.708333333334,-317.1700617895485,-274.3750000000009,-20.165463734747327,-6.117159631391222,SUMMER
418,632.5,825.25,330.0,421.2083333333333,302.5,404.0416666666667,47.82608695652174,48.95991113803898,SUMMER
419,8197.331108270715,16391.541666666664,7371.969510180486,12026.0,825.3615980902287,4365.541666666664,10.068662436454204,26.63289247248961,SUMMER
42,877.9803537788574,3199.3333333333335,1296.3886652513734,2796.875,-418.40831147251595,402.4583333333335,-47.65577152970135,12.57944363409044,SUMMER
420,6634.220111429862,19001.625,6627.554062510291,18065.0,6.66604891957104,936.625,0.10047976714077274,4.92918368823719,SUMMER
421,5398.446383565474,11806.916666666666,5216.555315768498,10752.833333333332,181.89106779697613,1054.083333333334,3.369322484163375,8.927676573759737,SUMMER
422,296.32246129714247,891.6666666666667,240.0,832.3333333333334,56.32246129714247,59.33333333333337,19.00715222551562,6.65420560747664,SUMMER
423,5131.283198688663,9653.958333333334,4945.154101257858,8947.916666666668,186.1290974308049,706.0416666666661,3.6273401841935278,7.313494033103858,SUMMER
424,5758.00696252574,11733.041666666666,5996.0996901598655,11844.166666666668,-238.09272763412537,-111.12500000000182,-4.134985059651376,-0.9471116114392204,SUMMER
425,2337.656480302171,7845.125,3174.570039790195,9289.0,-836.913559488024,-1443.875,-35.80139197269235,-18.404741798250505,SUMMER
426,2693.086059345175,4740.041666666667,1968.2001460375145,3854.583333333333,724.8859133076603,885.4583333333339,26.916552138846864,18.680391346770875,SUMMER
427,918.2617153560567,3740.708333333333,1055.150219937851,3785.958333333333,-136.88850458179434,-45.25,-14.907351824933233,-1.2096639451084354,SUMMER
428,2250.968070773029,4304.75,1662.002682749409,3091.708333333333,588.9653880236201,1213.041666666667,26.164981888053045,28.17914319453318,SUMMER
429,1108.413143576642,4170.875,490.35396999726197,1780.4166666666667,618.05917357938,2390.458333333333,55.76072217846665,57.31311375510734,SUMMER
43,4882.145203935481,12584.125,5283.607871128055,12524.208333333334,-401.4626671925744,59.91666666666606,-8.223079208479025,0.4761289852625118,SUMMER
430,3108.471059213974,4678.083333333334,3255.6839770557226,4995.666666666666,-147.21291784174855,-317.5833333333321,-4.735862584449271,-6.7887489534531325,SUMMER
431,151.25,215.66666666666669,261.25,319.2083333333333,-110.0,-103.54166666666663,-72.72727272727273,-48.0100463678516,SUMMER
432,1358.1974037634845,5760.0,1051.8264009052073,4475.666666666667,306.3710028582773,1284.333333333333,22.557177771754045,22.2974537037037,SUMMER
433,0.0,0.0,40.0,130.70833333333334,-40.0,-130.70833333333334,,,SUMMER
434,2012.2764669071635,2681.75,950.4483012653839,2112.6666666666665,1061.8281656417796,569.0833333333335,52.767508993125205,21.220596003853213,SUMMER
435,67.5,246.625,381.0788339355236,1237.0416666666667,-313.5788339355236,-990.4166666666667,-464.561235460035,-401.58810609900326,SUMMER
436,1963.4254822101614,5238.458333333333,1731.9123659997647,5324.083333333334,231.51311621039667,-85.62500000000091,11.791286112360641,-1.6345457871670435,SUMMER
437,382.3446380252614,1561.75,356.49192265888456,1448.5833333333333,25.852715366376856,113.16666666666674,6.761626238542614,7.246144816178438,SUMMER
438,898.6556565819119,1771.4166666666667,899.7155051970631,2266.0833333333335,-1.059848615151168,-494.66666666666674,-0.11793712167598906,-27.924918850261093,SUMMER
439,0.0,0.0,0.0,0.0,0.0,0.0,,,SUMMER
44,359.93622279766686,1505.5833333333333,372.00253147745883,1610.0,-12.066308679791973,-104.41666666666674,-3.3523463090223293,-6.9352963967454535,SUMMER
440,2044.1575689204974,3515.291666666667,1354.0653087831718,2994.25,690.0922601373256,521.041666666667,33.75924980684134,14.822146099778358,SUMMER
441,7344.1093090276145,21729.5,6046.319725179375,16816.166666666664,1297.789583848239,4913.333333333336,17.671163775475872,22.61135016145487,SUMMER
442,2063.015540430816,5651.583333333333,2302.570725004327,5208.5,-239.55518457351081,443.08333333333303,-11.611894330349296,7.839985844674791,SUMMER
443,4193.457585428402,9694.75,3680.615703163813,9080.166666666668,512.841882264589,614.5833333333321,12.229571226537093,6.339341739945147,SUMMER
444,3814.758022786248,12656.916666666666,2748.792143889297,9191.0,1065.965878896951,3465.916666666666,27.943210880735855,27.383578148969928,SUMMER
445,15182.752353315032,31835.125,13132.53666453989,25538.25,2050.2156887751426,6296.875,13.503583810530206,19.779645909981507,SUMMER
446,1780.0,3392.4583333333335,1620.0,3214.875,160.0,177.58333333333348,8.98876404494382,5.234650388729908,SUMMER
447,200.0,476.49999999999994,0.0,0.0,200.0,476.49999999999994,100.0,100.0,SUMMER
448,5894.363974940734,14218.75,4289.9943447097185,10532.916666666666,1604.3696302310154,3685.833333333334,27.21870649745797,25.922344322344326,SUMMER
449,4740.285514690279,10204.083333333332,4075.0175708875136,9184.583333333334,665.2679438027658,1019.4999999999982,14.03434332681189,9.991098334816929,SUMMER
45,1967.7419924067326,5834.25,1746.3665804812908,4399.375,221.37541192544177,1434.875,11.250225526502025,24.59399237262716,SUMMER
450,8668.064405136985,21437.583333333336,5549.956466501425,13473.541666666666,3118.1079386355605,7964.04166666667,35.972366988732404,37.149904179186876,SUMMER
451,3843.8259883364935,9465.916666666666,4730.726339968648,10091.125,-886.9003516321545,-625.2083333333339,-23.073374141371616,-6.604836650791003,SUMMER
452,834.2923392175205,3266.0,586.0358462313712,2305.4583333333335,248.25649298614928,960.5416666666665,29.756535127601442,29.410338844662174,SUMMER
453,164.7619613724486,569.5416666666666,202.9752084708141,694.5416666666666,-38.213247098365485,-125.0,-23.19300327578856,-21.94747238276392,SUMMER
454,2262.288211967246,8801.25,1482.8105759373868,5601.375,779.477636029859,3199.875,34.45527549966938,36.357051555176824,SUMMER
455,0.0,0.0,907.4999999999999,601.4166666666666,-907.4999999999999,-601.4166666666666,,,SUMMER
456,710.4631433490395,1218.5,640.5599926067162,1827.1666666666665,69.9031507423233,-608.6666666666665,9.83909600332089,-49.95212693202023,SUMMER
457,275.0,335.4166666666667,0.0,0.0,275.0,335.4166666666667,100.0,100.00000000000001,SUMMER
458,3657.5,6431.791666666667,2282.5,3907.625,1375.0,2524.166666666667,37.59398496240601,39.24515589875812,SUMMER
459,0.0,0.0,109.99999999999999,65.45833333333333,-109.99999999999999,-65.45833333333333,,,SUMMER
46,3052.1576548604967,3020.416666666667,2561.0908559867785,2786.0,491.0667988737182,234.41666666666697,16.089168857044612,7.761070492481731,SUMMER
460,6350.031537122866,13265.208333333332,6096.432535026212,13374.666666666666,253.59900209665466,-109.45833333333394,3.9936652379455384,-0.8251535187599186,SUMMER
461,5046.324756631415,13951.625,6483.061853538184,15964.916666666668,-1436.7370969067688,-2013.2916666666679,-28.470959880628797,-14.430517353115984,SUMMER
462,4055.4126528849347,10254.833333333332,4176.132102918121,9710.333333333334,-120.71945003318615,544.4999999999982,-2.9767488629624137,5.3096913650473585,SUMMER
463,6115.698503805783,16632.708333333332,5616.827546545864,14530.208333333334,498.8709572599191,2102.499999999998,8.157219603770084,12.640755539411542,SUMMER
464,2001.3501552420573,6954.458333333333,1900.1636092924136,5580.166666666667,101.18654594964369,1374.291666666666,5.055914162976917,19.761304199344536,SUMMER
465,723.3147489047439,2622.9166666666665,754.4744345045062,2798.0,-31.159685599762383,-175.08333333333348,-4.3079013177797,-6.675138999205726,SUMMER
466,41.25,34.0,590.0,927.4583333333334,-548.75,-893.4583333333334,-1330.3030303030303,-2627.818627450981,SUMMER
467,191.31429338305472,868.3333333333334,90.0,255.625,101.31429338305472,612.7083333333334,52.956991133015066,70.56142034548944,SUMMER
468,11426.705835716566,25422.541666666664,10966.251765774585,19751.0,460.4540699419813,5671.541666666664,4.029630906422177,22.309105600180935,SUMMER
469,5979.396319013088,16429.625,7069.496589957352,18399.25,-1090.1002709442637,-1969.625,-18.230941934355457,-11.988252927257927,SUMMER
47,494.1243807814368,2057.9166666666665,899.7414045665275,3245.5,-405.61702378509074,-1187.5833333333335,-82.08804089845245,-57.70803806438551,SUMMER
470,13183.5344781696,24783.291666666664,12079.072854918111,21943.875,1104.461623251489,2839.4166666666642,8.377583606887432,11.456979584700031,SUMMER
471,377.5530864197531,1249.4583333333335,583.2021403091558,1702.3333333333335,-205.6490538894027,-452.875,-54.46891080656345,-36.245706472804876,SUMMER
472,215.02358389258177,1052.7083333333333,218.16870067902371,782.0833333333334,-3.145116786441946,270.6249999999999,-1.4626845713878232,25.707500494755582,SUMMER
473,673.75,787.6666666666667,330.0,342.5833333333333,343.75,445.0833333333334,51.02040816326531,56.50655945831571,SUMMER
474,1431.6388028956,3550.9583333333335,1150.1511505421686,2507.5833333333335,281.4876523534315,1043.375,19.6619183403035,29.38291306337491,SUMMER
475,2424.4953601611937,6352.041666666667,2605.2428787472654,6000.791666666667,-180.7475185860717,351.25,-7.455057310320222,5.529718135245229,SUMMER
476,1931.4617173318152,6631.541666666667,1843.694408840991,6745.0,87.76730849082423,-113.45833333333303,4.544087397811275,-1.7108892477239408,SUMMER
477,190.0,1034.0416666666667,222.9279613813591,1065.1666666666667,-32.9279613813591,-31.125,-17.330505990188996,-3.0100334448160533,SUMMER
478,258.0900586547349,1066.6666666666667,281.48783068783064,1181.25,-23.397772033095748,-114.58333333333326,-9.065739360537162,-10.742187499999991,SUMMER
479,1134.741676890884,3765.833333333333,1809.6305682450825,6414.833333333333,-674.8888913541984,-2649.0,-59.47511271493514,-70.34299623810578,SUMMER
48,37.5,175.45833333333334,190.54679813053463,680.0833333333334,-153.04679813053463,-504.625,-408.124795014759,-287.60389456186175,SUMMER
480,2518.6777309826493,4984.375,1831.1132895271453,3555.041666666667,687.564441455504,1429.333333333333,27.298627093004637,28.67628004179728,SUMMER
481,837.2573595190933,3205.541666666667,933.9402008168503,3445.6666666666665,-96.68284129775702,-240.12499999999955,-11.547565416837905,-7.490933669556613,SUMMER
482,1290.888466665575,3673.0,1113.5557245242508,3270.5,177.33274214132416,402.5,13.737262879060566,10.958344677375443,SUMMER
483,2077.5,2908.0833333333335,1123.75,2042.5833333333335,953.75,865.5,45.90854392298436,29.761870647906694,SUMMER
484,3606.926025275202,10761.083333333334,2734.558268135746,9878.833333333332,872.367757139456,882.2500000000018,24.185906531667666,8.198524002385154,SUMMER
485,1769.0432711342148,6121.583333333333,1603.6838378912826,5093.875,165.35943324293225,1027.708333333333,9.347393358948915,16.788276453531896,SUMMER
486,4861.482192221372,11097.625,5141.664119695219,9049.833333333334,-280.1819274738464,2047.791666666666,-5.763302556618478,18.45252174827196,SUMMER
487,0.0,0.0,0.0,0.0,0.0,0.0,,,SUMMER
488,0.0,0.0,0.0,0.0,0.0,0.0,,,SUMMER
489,0.0,0.0,55.0,107.41666666666667,-55.0,-107.41666666666667,,,SUMMER
49,0.0,0.0,0.0,0.0,0.0,0.0,,,SUMMER
490,631.1779386894902,1781.0416666666665,330.2079345960929,1349.7916666666667,300.97000409339734,431.2499999999998,47.68385991409949,24.213358287518997,SUMMER
491,365.79051419670566,1368.0416666666667,470.4174797680196,1944.75,-104.62696557131392,-576.7083333333333,-28.602973972980134,-42.155757926476404,SUMMER
492,865.1171991750733,3532.083333333333,834.084138963041,3448.7916666666665,31.033060212032296,83.29166666666652,3.587150994295763,2.358145570366871,SUMMER
493,459.70770693714906,1300.0416666666665,518.733930658356,969.0416666666666,-59.026223721206975,330.9999999999999,-12.839946520469582,25.460722412743173,SUMMER
494,0.0,0.0,0.0,0.0,0.0,0.0,,,SUMMER
495,0.0,0.0,123.75,114.91666666666667,-123.75,-114.91666666666667,,,SUMMER
496,0.0,0.0,0.0,0.0,0.0,0.0,,,SUMMER
497,340.0,791.1666666666666,140.0,345.125,200.0,446.04166666666663,58.8235294117647,56.377712239309034,SUMMER
498,2255.0,2442.8333333333335,1133.75,1951.5416666666665,1121.25,491.29166666666697,49.72283813747229,20.111550794842067,SUMMER
499,7999.371299887215,13749.5,6189.944034657541,12486.625,1809.427265229674,1262.875,22.619618434953576,9.184879450161825,SUMMER
5,1647.722856747311,6407.791666666667,1332.7895710756266,4548.583333333334,314.9332856716844,1859.208333333333,19.113243734045106,29.014806192981197,SUMMER
50,298.49706564520665,1070.1666666666667,178.49706564520662,592.8333333333334,120.00000000000003,477.33333333333337,40.20140021832976,44.60364429216633,SUMMER
500,7462.956340815143,17203.666666666668,6560.81556922497,14727.5,902.1407715901732,2476.166666666668,12.088249353092646,14.39324950107536,SUMMER
501,2831.588222600055,5326.416666666667,1186.6371598485534,3126.2083333333335,1644.9510627515015,2200.2083333333335,58.09287698057505,41.307476884084046,SUMMER
502,192.5,182.5,47.5,222.70833333333337,145.0,-40.20833333333337,75.32467532467533,-22.031963470319656,SUMMER
503,0.0,0.0,82.5,39.166666666666664,-82.5,-39.166666666666664,,,SUMMER
504,147.60306628497702,516.7083333333334,280.26840815017937,987.1666666666666,-132.66534186520235,-470.45833333333326,-89.87980074144637,-91.04910894282717,SUMMER
505,2489.139666094442,4510.791666666667,1746.3875929649475,3503.0,742.7520731294944,1007.791666666667,29.839710613543097,22.34179144459122,SUMMER
506,2055.279874765801,4015.583333333333,1818.5205423865154,3693.2083333333335,236.75933237928575,322.37499999999955,11.519566521628324,8.028098864839054,SUMMER
507,408.10377621079977,323.5,440.0,312.7083333333333,-31.896223789200235,10.791666666666686,-7.815713955247679,3.3359093250901655,SUMMER
508,210.0,341.375,0.0,0.0,210.0,341.375,100.0,100.0,SUMMER
509,236.05986474233035,1026.125,157.50000000000003,729.6666666666666,78.55986474233032,296.45833333333337,33.279636429548006,28.89105453364194,SUMMER
51,0.0,0.0,0.0,0.0,0.0,0.0,,,SUMMER
510,0.0,0.0,0.0,0.0,0.0,0.0,,,SUMMER
511,598.8688745161991,2560.5833333333335,569.7313730198654,2449.0416666666665,29.137501496333698,111.54166666666697,4.865422588521178,4.35610375240018,SUMMER
512,1483.75,1676.2916666666667,1255.0,1374.0416666666667,228.75,302.25,15.417017691659646,18.030871715841016,SUMMER
513,0.0,0.0,0.0,0.0,0.0,0.0,,,SUMMER
514,2482.2521448198077,8953.666666666666,2134.2504243755425,7994.458333333333,348.0017204442652,959.208333333333,14.019595921006944,10.713022597818396,SUMMER
515,9289.748918620493,25367.416666666664,8593.885765894302,23730.25,695.8631527261914,1637.1666666666642,7.490656193424068,6.453817068483511,SUMMER
516,502.9889841228237,1806.0416666666667,580.2776239758779,1530.3333333333333,-77.28863985305418,275.7083333333335,-15.365871280032097,15.26588995270505,SUMMER
517,334.66646374020814,1557.4166666666667,455.45434435249337,1838.4166666666667,-120.78788061228522,-281.0,-36.09201808342809,-18.042698913799562,SUMMER
518,603.1389219910166,1014.9583333333334,660.0,1106.4166666666667,-56.86107800898344,-91.45833333333337,-9.42752588761472,-9.011043146270376,SUMMER
519,538.75,1366.5,1510.080883340206,3379.5833333333335,-971.3308833402059,-2013.0833333333335,-180.29343542277604,-147.3167459446274,SUMMER
52,328.5428348962887,1253.9166666666667,483.10229288153965,782.0416666666666,-154.55945798525096,471.8750000000001,-47.043929000625084,37.632086130125614,SUMMER
520,0.0,0.0,0.0,0.0,0.0,0.0,,,SUMMER
521,471.33874207698943,2196.4583333333335,386.0458129720124,1905.7083333333333,85.29292910497702,290.7500000000002,18.09588762619583,13.23721900787253,SUMMER
522,1783.3426115678644,4537.541666666667,917.0634035095359,2407.375,866.2792080583285,2130.166666666667,48.576151460695506,46.945390767761545,SUMMER
523,618.96083903534,2461.4166666666665,228.81157635467977,930.125,390.1492626806602,1531.2916666666665,63.032947817621846,62.21180214646037,SUMMER
524,620.0,1049.3333333333333,720.0,1111.4583333333333,-100.0,-62.125,-16.129032258064516,-5.920425667090217,SUMMER
525,93.63602520045818,363.75,93.6536473291212,362.7083333333333,-0.01762212866302093,1.0416666666666856,-0.01881981707926524,0.2863688430698792,SUMMER
526,0.0,0.0,0.0,0.0,0.0,0.0,,,SUMMER
527,107.64797185430463,478.16666666666663,619.0772386137885,1013.5833333333333,-511.4292667594839,-535.4166666666666,-475.0941963418262,-111.97281282676892,SUMMER
528,921.25,721.2916666666666,715.0,592.5416666666666,206.25,128.75,22.388059701492537,17.849922014903818,SUMMER
529,125.0,590.5833333333334,83.125,373.375,41.875,217.20833333333337,33.5,36.778608720191905,SUMMER
53,9742.455339411506,32069.916666666664,10153.826650338604,31480.958333333332,-411.3713109270975,588.9583333333321,-4.222460320274318,1.8364822692086784,SUMMER
530,1103.1203349433856,3005.375,1065.0271207784626,2382.7083333333335,38.09321416492298,622.6666666666665,3.453223819582476,20.718435026133726,SUMMER
531,330.0,603.2083333333334,0.0,0.0,330.0,603.2083333333334,100.0,100.0,SUMMER
532,56.56031546872198,232.45833333333334,187.78056394191708,718.4583333333334,-131.2202484731951,-486.0,-232.00055973124884,-209.06972575730416,SUMMER
533,1935.0092903596828,4520.5,2407.0558301079045,4942.833333333333,-472.0465397482217,-422.33333333333303,-24.395052886824995,-9.342624340965225,SUMMER
534,1006.7815548116599,4023.9583333333335,837.743282205395,3308.25,169.03827260626497,715.7083333333335,16.78996519139519,17.786176546725343,SUMMER
535,54.99999999999999,29.708333333333332,288.75,257.0833333333333,-233.75,-227.37499999999997,-425.00000000000006,-765.3576437587657,SUMMER
536,1313.3356816072137,2189.4583333333335,325.11351354458907,892.625,988.2221680626246,1296.8333333333335,75.24520820551174,59.230783869678575,SUMMER
537,1120.9572832625195,3951.583333333333,1265.9808935029805,3940.208333333333,-145.02361024046104,11.375,-12.937478743023398,0.2878592969063034,SUMMER
538,847.3224549183078,3960.0,505.19135517104746,2336.2916666666665,342.13109974726035,1623.7083333333335,40.377910175913605,41.002735690235696,SUMMER
539,2378.9662678113136,6983.333333333334,2084.2645425998603,7364.833333333333,294.7017252114533,-381.4999999999991,12.387805964251168,-5.463007159904522,SUMMER
54,1699.855096360377,2295.2916666666665,1865.4881579998403,2733.708333333333,-165.63306163946322,-438.4166666666665,-9.74395182237041,-19.10069526385535,SUMMER
540,2373.3100853269643,4878.875,2608.370265642963,4995.166666666666,-235.06018031599888,-116.29166666666606,-9.904318098560445,-2.3835754485750518,SUMMER
541,1290.0338796386172,1439.7916666666665,1207.1638463698919,1621.2083333333335,82.87003326872536,-181.41666666666697,6.423864874924068,-12.600202575604131,SUMMER
542,941.25,1171.1666666666667,582.5,803.2916666666666,358.75,367.8750000000001,38.114209827357236,31.410986196100765,SUMMER
543,520.0529712615685,919.5,415.0,966.75,105.05297126156847,-47.25,20.200436699116654,-5.138662316476346,SUMMER
544,149.63224689933662,577.8333333333334,176.45452916798507,689.2083333333334,-26.82228226864845,-111.375,-17.92546915819077,-19.274588981828668,SUMMER
545,41.25,54.87500000000001,0.0,0.0,41.25,54.87500000000001,100.0,100.0,SUMMER
546,811.2499999999999,477.45833333333337,825.0,549.9166666666666,-13.750000000000114,-72.45833333333326,-1.6949152542373025,-15.175844314512593,SUMMER
547,0.0,0.0,0.0,0.0,0.0,0.0,,,SUMMER
548,5103.482234023711,9711.5,3654.2892778969162,7645.333333333334,1449.1929561267943,2066.166666666666,28.396159517620486,21.27546379721635,SUMMER
549,7482.41230530572,23955.416666666668,8791.295088142742,28865.666666666664,-1308.8827828370222,-4910.249999999996,-17.492791487965768,-20.49745186370513,SUMMER
55,99.9640725182401,376.9166666666667,56.19015957446808,250.66666666666666,43.77391294377202,126.25000000000003,43.789645460657624,33.495467609993376,SUMMER
550,1215.6503222815063,2035.1666666666665,1120.0,1799.7916666666667,95.6503222815063,235.37499999999977,7.868243073550283,11.565391859798533,SUMMER
551,0.0,0.0,302.5,183.75,-302.5,-183.75,,,SUMMER
552,573.75,863.125,603.75,676.7083333333334,-30.0,186.41666666666663,-5.228758169934641,21.597875935312572,SUMMER
553,2008.858439331142,5794.75,2042.2533202394313,4409.958333333333,-33.394880908289224,1384.791666666667,-1.6623809948205306,23.89734961243655,SUMMER
554,0.0,0.0,0.0,0.0,0.0,0.0,,,SUMMER
555,866.25,593.375,1406.5097588978188,1299.8333333333333,-540.2597588978188,-706.4583333333333,-62.36764893481313,-119.05765044589565,SUMMER
556,351.5990057995029,1253.3333333333333,276.5419716560626,937.0833333333334,75.05703414344032,316.2499999999999,21.347339698179102,25.23271276595744,SUMMER
557,3111.379101752471,7182.083333333333,2603.8538735146094,7023.083333333333,507.5252282378615,159.0,16.311905802542675,2.2138423159482508,SUMMER
558,2202.7813173449044,9091.75,2948.392159849948,10824.333333333334,-745.6108425050434,-1732.583333333334,-33.84860933012435,-19.0566539261785,SUMMER
559,0.0,0.0,0.0,0.0,0.0,0.0,,,SUMMER
56,7960.031648045004,17662.208333333332,8360.84874742413,15948.416666666668,-400.8170993791264,1713.7916666666642,-5.035370675662674,9.703156221027463,SUMMER
560,632.5,461.91666666666663,605.0,370.04166666666663,27.5,91.875,4.3478260869565215,19.88995128991521,SUMMER
561,0.0,0.0,120.0,633.25,-120.0,-633.25,,,SUMMER
562,306.53682885499694,1209.0,347.7339475729757,1515.0833333333333,-41.19711871797875,-306.08333333333326,-13.439533145776258,-25.317066446098696,SUMMER
563,3275.664520185074,13089.458333333332,3551.555985633185,13340.625,-275.8914654481114,-251.16666666666788,-8.422457908861913,-1.9188469092495009,SUMMER
564,202.6675791284314,935.9583333333333,387.62604324316305,1738.375,-184.95846411473164,-802.4166666666667,-91.26198916972437,-85.73209277478522,SUMMER
565,779.7415283540802,1986.5833333333333,603.2351666391312,2458.833333333333,176.50636171494898,-472.2499999999998,22.636521885339103,-23.771970300767638,SUMMER
566,6383.774449867648,13423.416666666668,4457.381808310825,9670.333333333334,1926.392641556823,3753.083333333334,30.176389480627122,27.95922548283162,SUMMER
567,3916.2239002319684,8278.0,3075.986152097823,4915.291666666667,840.2377481341455,3362.708333333333,21.45530412815202,40.62223161794314,SUMMER
568,5712.61100091594,11795.708333333334,4331.4707046288995,9448.083333333332,1381.1402962870407,2347.625000000002,24.1770408674001,19.902365620264447,SUMMER
569,10755.178957676604,32921.95833333333,9290.776092469769,29641.958333333332,1464.4028652068355,3279.9999999999964,13.615792642498105,9.962955322372217,SUMMER
57,8434.284497266952,21089.208333333336,6887.082824980347,19586.208333333332,1547.2016722866047,1503.0000000000036,18.344195915942368,7.126867809562963,SUMMER
570,3408.2455521362376,12655.333333333332,4150.182490665868,11559.541666666668,-741.93693852963,1095.7916666666642,-21.768881589667004,8.658734130537832,SUMMER
571,3225.8414232992523,9157.791666666666,3507.104854759489,8664.708333333332,-281.2634314602369,493.08333333333394,-8.719071849867088,5.38430389422487,SUMMER
572,465.98368244416156,1898.4166666666667,404.5778623979229,1615.2916666666667,61.40582004623866,283.125,13.17767603452442,14.913743909398182,SUMMER
573,0.0,0.0,0.0,0.0,0.0,0.0,,,SUMMER
574,6484.538149705064,18553.791666666668,5154.56682623841,16110.625,1329.9713234666542,2443.166666666668,20.509885095319323,13.168018217300602,SUMMER
575,2605.1507841086154,9254.083333333334,3546.527347686561,12300.375,-941.3765635779455,-3046.291666666666,-36.13520450794364,-32.918351358409346,SUMMER
576,121.74262209454167,465.0833333333333,323.48108977758403,1184.9583333333333,-201.73846768304236,-719.875,-165.70898853022757,-154.78408887296183,SUMMER
577,9613.776431253777,23825.416666666664,9989.472324811293,23816.041666666668,-375.6958935575167,9.374999999996362,-3.907890892242441,0.039348734719559415,SUMMER
578,7252.2193573594395,15344.541666666668,6142.274620558439,15620.833333333334,1109.9447368010005,-276.29166666666606,15.30489746803709,-1.8005859847013963,SUMMER
579,3677.374988921587,6445.958333333333,3919.685816539281,6334.125,-242.31082761769403,111.83333333333303,-6.589233579596221,1.7349372668920402,SUMMER
58,2310.6614941622493,6830.416666666667,1661.9336056241568,4615.416666666667,648.7278885380924,2215.0,28.07541867024077,32.428475568840355,SUMMER
580,3768.7361033449242,13850.166666666666,3454.607849651061,12070.0,314.12825369386337,1780.166666666666,8.335108775991513,12.853034259515525,SUMMER
581,129.375,561.5833333333334,95.625,420.5416666666667,33.75,141.04166666666669,26.08695652173913,25.115002225849533,SUMMER
582,385.0,278.5,0.0,0.0,385.0,278.5,100.0,100.0,SUMMER
583,1450.2773896522547,5977.375,1308.2085878481098,5554.708333333333,142.06880180414487,422.66666666666697,9.795974398953424,7.07110841576222,SUMMER
584,5575.942643821145,12837.791666666666,4236.779733405367,10402.25,1339.1629104157782,2435.541666666666,24.016798521049015,18.97165595069245,SUMMER
585,3040.6662582096155,13013.583333333332,2336.6622915351472,9321.791666666666,704.0039666744683,3691.791666666666,23.152950928886064,28.36875572318667,SUMMER
586,10165.034737023636,23634.625,9709.962796027117,22989.791666666664,455.0719409965186,644.8333333333358,4.476836063717826,2.7283417161615033,SUMMER
59,1888.7966379310346,4087.0,1406.1601441438195,2993.541666666667,482.63649378721516,1093.458333333333,25.552591745180646,26.75454693744392,SUMMER
6,1453.806568769136,4978.833333333333,1228.1293477299391,4642.583333333333,225.67722103919687,336.25,15.523194480422957,6.7535901985070135,SUMMER
60,2774.2059736881833,10551.666666666666,1971.935635529393,7809.041666666667,802.2703381587903,2742.624999999999,28.918917548584453,25.99233928289369,SUMMER
61,586.87636002101,837.375,196.28924877686256,674.0833333333333,390.5871112441474,163.29166666666674,66.55356014513254,19.50042294869882,SUMMER
62,629.3651441295253,2265.875,770.7747702185369,2847.0833333333335,-141.40962608901157,-581.2083333333335,-22.46861419130466,-25.650502933009697,SUMMER
63,7.9408171575946795,37.5,115.00000000000001,550.5833333333334,-107.05918284240533,-513.0833333333334,-1348.2136752136753,-1368.2222222222224,SUMMER
64,770.0,523.7916666666666,742.5,537.9166666666666,27.5,-14.125,3.5714285714285716,-2.6966828414605044,SUMMER
65,380.5285962621283,1451.2916666666667,360.52559368194085,1439.2916666666667,20.003002580187456,12.0,5.256635842003402,0.8268496454307943,SUMMER
66,0.0,0.0,0.0,0.0,0.0,0.0,,,SUMMER
67,1649.538854534539,4774.208333333333,1150.193522147141,2803.7083333333335,499.345332387398,1970.4999999999995,30.27181390815444,41.273858667667405,SUMMER
68,4264.965089450943,6748.166666666666,3285.2700626360056,3949.166666666667,979.6950268149376,2798.999999999999,22.970763095766866,41.477932277902624,SUMMER
69,1315.030561183325,4558.208333333333,1329.1285316324781,4830.166666666667,-14.097970449153081,-271.95833333333394,-1.072064092295093,-5.966342769911437,SUMMER
7,1787.2340809039617,7398.833333333333,1305.59494435234,5592.541666666667,481.63913655162173,1806.291666666666,26.94885587163906,24.413195774108523,SUMMER
70,5736.267992192303,16647.0,5045.630356993053,14255.833333333332,690.6376351992494,2391.166666666668,12.039842562085383,14.363949460363237,SUMMER
71,3705.7750978085696,10985.458333333334,3164.60227490515,8803.25,541.1728229034197,2182.208333333334,14.603498826020102,19.864517866421902,SUMMER
72,2906.996566840737,8052.0,3168.251284909194,7390.291666666667,-261.2547180684569,661.708333333333,-8.987101018574062,8.217937572445765,SUMMER
73,0.0,0.0,0.0,0.0,0.0,0.0,,,SUMMER
74,2201.25,3645.125,913.75,1297.0416666666665,1287.5,2348.0833333333335,58.489494605337875,64.41708674828253,SUMMER
75,4056.25,7696.208333333334,3656.25,6220.458333333333,400.0,1475.750000000001,9.861325115562403,19.175026663562694,SUMMER
76,6364.105532643554,12545.166666666666,5077.331500729223,10863.583333333334,1286.7740319143313,1681.5833333333321,20.219244091947427,13.404232705822949,SUMMER
77,922.6588053629731,2712.3333333333335,930.4436672399106,2851.5833333333335,-7.784861876937498,-139.25,-0.8437422188665875,-5.133956003441071,SUMMER
78,246.76840913247747,805.9583333333334,235.00000000000003,920.9166666666666,11.768409132477444,-114.95833333333326,4.769009604531503,-14.263557876234286,SUMMER
79,55.0,48.666666666666664,0.0,0.0,55.0,48.666666666666664,100.0,99.99999999999999,SUMMER
8,63.09975139838409,201.125,371.55270660992477,1344.375,-308.45295521154065,-1143.25,-488.83386760766183,-568.427594779366,SUMMER
80,1694.7559691965014,1951.8333333333335,1461.0765232108315,1438.4583333333335,233.67944598566987,513.375,13.78838312022346,26.302194517974552,SUMMER
81,821.4491916406874,3530.8333333333335,704.8538961038961,2808.0416666666665,116.59529553679135,722.791666666667,14.193853585017786,20.47085201793723,SUMMER
82,247.5,121.875,371.25,243.75,-123.75,-121.875,-50.0,-100.0,SUMMER
83,247.5,187.375,728.75,374.2916666666667,-481.25,-186.91666666666669,-194.44444444444446,-99.75539248387815,SUMMER
84,4703.373360968071,14837.5,3591.2140851721483,11192.291666666668,1112.159275795923,3645.208333333332,23.64599172639386,24.567537208649245,SUMMER
85,7110.926652655465,19079.125,6519.104258792322,17571.583333333332,591.8223938631427,1507.5416666666679,8.322718300604828,7.90152413523507,SUMMER
86,10300.598664757661,28009.333333333336,9552.50995087071,21736.5,748.0887138869512,6272.833333333336,7.262575101061383,22.39551102013615,SUMMER
87,2488.81018183155,7520.5,1562.1445526637985,4767.041666666667,926.6656291677514,2753.458333333333,37.23327861371112,36.61270305609113,SUMMER
88,4502.295028262448,8737.791666666666,4881.522083156009,10941.583333333334,-379.2270548935612,-2203.791666666668,-8.422972117842637,-25.221380306809042,SUMMER
89,4215.0,6172.958333333333,3967.5,5696.833333333333,247.5,476.125,5.871886120996441,7.713076523276928,SUMMER
9,570.7953348232537,2234.4166666666665,302.6465830974525,1190.7083333333333,268.1487517258012,1043.7083333333333,46.978090984018515,46.71055085219856,SUMMER
90,1577.5,1646.0,1325.0,1462.4583333333333,252.5,183.54166666666674,16.00633914421553,11.150769542324833,SUMMER
91,2667.5,4145.875,1647.5,2278.041666666667,1020.0,1867.833333333333,38.23805060918463,45.052813539562415,SUMMER
92,1688.75,3368.2916666666665,1147.5,1671.875,541.25,1696.4166666666665,32.050333086602514,50.364304358045004,SUMMER
93,5315.261871238822,16490.791666666668,4534.963466226456,14240.333333333334,780.298405012366,2250.458333333334,14.680337938467417,13.646757407543102,SUMMER
94,3426.25,6072.875,4533.415551990193,7478.916666666666,-1107.1655519901933,-1406.041666666666,-32.31420801138835,-23.152817515042972,SUMMER
95,3674.6700689320105,9358.5,3397.8879179518517,7355.833333333333,276.7821509801588,2002.666666666667,7.532163317742469,21.39944079357447,SUMMER
96,2644.1428959152636,5659.416666666666,3749.7805131845803,4231.041666666667,-1105.6376172693167,1428.374999999999,-41.814594021273685,25.238908603654664,SUMMER
97,1447.1217507404729,4568.666666666667,1548.9175056060064,6363.833333333334,-101.79575486553358,-1795.166666666667,-7.034360088461531,-39.293010360426095,SUMMER
98,1197.680738835555,2459.4166666666665,1548.3027436011728,3349.25,-350.6220047656177,-889.8333333333335,-29.27508086224296,-36.18066614712161,SUMMER
99,3654.037217581199,12682.875,3313.483317078831,11198.083333333334,340.5539005023679,1484.791666666666,9.319935190145616,11.70705905929583,SUMMER
0,1677.1892778157528,8294.416666666666,1798.6470020307977,9012.833333333334,-121.45772421504489,-718.4166666666679,-7.241742230383349,-8.661448966674385,AUTUMN
1,3415.1330337829427,15118.166666666668,2811.90391687586,12374.541666666666,603.2291169070827,2743.625000000002,17.6634148930616,18.147868458477117,AUTUMN
10,2778.6304138877663,13355.75,2383.3490059140813,11171.583333333334,395.28140797368496,2184.166666666666,14.225764102992759,16.353755248987635,AUTUMN
100,3032.2615199764737,12419.125,3947.7735254389468,13669.625,-915.5120054624731,-1250.5,-30.192382795187672,-10.069147383571709,AUTUMN
101,2378.6695448423584,10452.541666666668,1743.3430128474597,8279.708333333334,635.3265319948987,2172.833333333334,26.709323006740043,20.787607479839437,AUTUMN
102,545.4563255771958,2573.875,1052.6224079603928,4837.0,-507.166082383197,-2263.125,-92.98014499080554,-87.92676412024672,AUTUMN
103,150.0,438.2916666666667,187.50000000000003,565.5,-37.50000000000003,-127.20833333333331,-25.000000000000018,-29.0236714516589,AUTUMN
104,196.59435198732018,809.25,196.59435198732018,810.0833333333334,0.0,-0.8333333333333712,0.0,-0.1029760065904691,AUTUMN
105,918.1725239167121,4014.7083333333335,747.7303401847274,3307.291666666667,170.44218373198464,707.4166666666665,18.563198014782408,17.62062416323311,AUTUMN
106,291.0927491336764,924.7916666666667,356.18878521100015,1451.1666666666667,-65.09603607732373,-526.375,-22.362644301878557,-56.91822482541112,AUTUMN
107,3473.63983898972,7663.916666666667,3811.598537592358,9424.708333333334,-337.9586986026379,-1760.791666666667,-9.729238328315882,-22.97508889058032,AUTUMN
108,5519.448732391105,11559.625,4022.4596029021413,10723.75,1496.989129488964,835.875,27.122076896988347,7.230987164376007,AUTUMN
109,2716.933690433695,8165.708333333333,2580.7233653220806,7343.875,136.21032511161457,821.833333333333,5.013384227639055,10.06444633809069,AUTUMN
11,2309.408753804394,10085.625,2173.5744114301674,9986.875,135.8343423742267,98.75,5.881780007565166,0.9791163165396294,AUTUMN
110,9902.683630621328,22473.416666666668,10305.50582347397,22226.916666666668,-402.8221928526418,246.5,-4.067808362644494,1.096851465249684,AUTUMN
111,7342.690998276272,11905.958333333332,6199.105292182056,9892.583333333332,1143.5857060942162,2013.375,15.574476800980428,16.9106504796268,AUTUMN
112,4958.50502064747,11255.791666666668,5733.980559479824,14831.083333333334,-775.4755388323538,-3575.291666666666,-15.639301273332059,-31.76401778343741,AUTUMN
113,3895.0,5219.416666666666,4275.0,6382.25,-380.0,-1162.833333333334,-9.75609756097561,-22.278990308623264,AUTUMN
114,3861.4295965260826,7518.666666666666,2849.2420276155713,6172.125,1012.1875689105113,1346.541666666666,26.212767670841938,17.909314594786302,AUTUMN
115,5073.328735132214,11111.041666666668,6280.99182934698,16002.958333333334,-1207.6630942147658,-4891.916666666666,-23.804156151992256,-44.02752517203232,AUTUMN
116,138.75,474.2916666666667,367.5,926.375,-228.75,-452.0833333333333,-164.86486486486487,-95.317578845647,AUTUMN
117,4501.476906592896,10749.708333333334,4257.255272584426,9503.5,244.22163400846966,1246.208333333334,5.425366809075059,11.592950196323162,AUTUMN
118,10086.41273250694,17644.0,8413.813702153708,14673.583333333332,1672.5990303532326,2970.416666666668,16.58269470733342,16.83527922617699,AUTUMN
119,3542.464617137647,10028.875,3644.7035173613003,10491.291666666666,-102.23890022365322,-462.41666666666606,-2.88609517026774,-4.610852829122569,AUTUMN
12,1601.2608844004164,5786.0,1393.8218015665798,6071.375,207.43908283383666,-285.375,12.954733663622283,-4.932163843760802,AUTUMN
120,3235.7345428008257,12027.0,2285.2065222564174,9481.541666666666,950.5280205444083,2545.458333333334,29.375958008027407,21.164532579473967,AUTUMN
121,621.3529940915922,2810.7916666666665,430.2173267587807,2093.4166666666665,191.13566733281152,717.375,30.761204846570138,25.522169021183238,AUTUMN
122,352.5,2249.2083333333335,364.20089619118744,2235.2916666666665,-11.70089619118744,13.91666666666697,-3.3194031748049473,0.6187362220040519,AUTUMN
123,4998.212923593725,11742.208333333332,3101.6360040496384,9675.166666666668,1896.5769195440862,2067.0416666666642,37.94510054966694,17.603517225961877,AUTUMN
124,4518.843137431731,16103.5,4258.293059467272,12599.041666666668,260.550077964459,3504.458333333332,5.765857987107331,21.762091056809588,AUTUMN
125,6131.074386219902,14395.541666666668,6651.814149864118,13739.875,-520.7397636442156,655.6666666666679,-8.493450427132663,4.554650890177233,AUTUMN
126,6580.09752598659,20434.916666666668,8938.967751252345,20978.666666666668,-2358.870225265755,-543.75,-35.84856023713838,-2.6608867991468848,AUTUMN
127,6059.092484936005,16619.458333333332,6280.403768353739,19002.916666666664,-221.31128341773365,-2383.458333333332,-3.6525483637682266,-14.341371936008738,AUTUMN
128,1316.070047047418,5707.416666666667,1080.3156624625444,4783.541666666667,235.7543845848736,923.875,17.913513426871525,16.187270948619485,AUTUMN
129,902.5,1505.0833333333333,450.00000000000006,1078.625,452.49999999999994,426.45833333333326,50.13850415512464,28.334532971596257,AUTUMN
13,363.125,937.6666666666666,326.875,619.0833333333334,36.25,318.58333333333326,9.982788296041308,33.97618201208673,AUTUMN
130,158.09429824561403,617.5,0.0,0.0,158.09429824561403,617.5,100.0,100.0,AUTUMN
131,1141.25,1027.375,770.0,663.2916666666666,371.25,364.08333333333337,32.53012048192771,35.438212272377015,AUTUMN
132,1573.424736607995,6283.458333333333,1808.1188345148114,6689.458333333333,-234.6940979068163,-406.0,-14.91613119117297,-6.461409918900818,AUTUMN
133,5226.48798884098,13312.583333333332,4780.887724925968,12239.708333333334,445.60026391501196,1072.8749999999982,8.525806715071544,8.059104481349086,AUTUMN
134,10342.570082484519,31113.0,9539.930249273715,31072.416666666668,802.6398332108038,40.58333333333212,7.760545268821534,0.1304385090905156,AUTUMN
135,6397.2603233642985,16595.25,4868.762381643766,13086.083333333334,1528.4979417205323,3509.166666666666,23.893008326362747,21.145608934283402,AUTUMN
136,4045.3407611097264,14000.666666666666,3791.262731166252,11275.625,254.07802994347458,2725.041666666666,6.280757170967604,19.463656492547972,AUTUMN
137,3238.162035326057,9264.583333333334,2286.1731557130897,7604.916666666667,951.9888796129671,1659.666666666667,29.399050116314193,17.914099392849113,AUTUMN
138,3201.25,3665.708333333333,3171.25,3955.625,30.0,-289.91666666666697,0.9371339320577899,-7.908885276833727,AUTUMN
139,1900.9288766695058,9041.041666666668,1583.7686346803387,8200.333333333334,317.16024198916716,840.7083333333339,16.68448756193567,9.298799456183614,AUTUMN
14,196.74412415690858,1098.5833333333333,169.36088386982038,1004.375,27.3832402870882,94.20833333333326,13.918199796020009,8.57543806417355,AUTUMN
140,881.25,2160.583333333333,596.875,2120.833333333333,284.375,39.75,32.269503546099294,1.8397809233617466,AUTUMN
141,7124.101138138327,24534.583333333332,6995.283707847874,22176.875,128.81743029045265,2357.708333333332,1.808192048268917,9.609734558361492,AUTUMN
142,10421.39200048647,20792.5,8154.470335612972,16903.583333333332,2266.9216648734982,3888.916666666668,21.752580315256143,18.703458779207253,AUTUMN
143,5434.018127253771,11513.166666666666,4273.022900295032,8578.541666666668,1160.9952269587393,2934.624999999998,21.365317519569626,25.489294865299136,AUTUMN
144,3480.3930489309796,9653.958333333334,5210.300547414037,13281.125,-1729.9074984830577,-3627.166666666666,-49.70437172360195,-37.571807764518,AUTUMN
145,0.0,0.0,0.0,0.0,0.0,0.0,,,AUTUMN
146,563.75,378.25,0.0,0.0,563.75,378.25,100.0,100.0,AUTUMN
147,848.2716566848046,4138.75,794.698396272843,3892.3333333333335,53.573260411961655,246.41666666666652,6.3155782690341695,5.953891070170136,AUTUMN
148,4374.889643074193,9490.125,5116.9500936038485,9974.75,-742.0604505296551,-484.625,-16.96180957854325,-5.106623990727203,AUTUMN
149,6207.5425345003205,14224.125,4795.805451180497,13196.416666666668,1411.7370833198238,1027.7083333333321,22.74228610555082,7.2251075783806185,AUTUMN
15,426.0003866818626,1041.0833333333335,373.08150232398776,997.7083333333333,52.918884357874845,43.37500000000023,12.422262047709058,4.166333146562096,AUTUMN
150,2345.426255991346,9565.583333333332,2216.42795622603,9611.333333333332,128.998299765316,-45.75,5.499993846994436,-0.4782771568208944,AUTUMN
151,728.75,607.3333333333334,948.7499999999999,768.5833333333334,-219.9999999999999,-161.25,-30.188679245283005,-26.550493962678374,AUTUMN
152,7352.428279856517,18825.666666666668,6335.226819625464,18713.291666666664,1017.2014602310537,112.37500000000364,13.83490489826178,0.59692441170744,AUTUMN
153,6089.108087160876,17371.208333333332,5735.495256093582,14924.291666666668,353.6128310672939,2446.9166666666642,5.807300938094702,14.08604755474215,AUTUMN
154,2274.3428605787126,6838.083333333333,2018.4735206923078,5792.416666666667,255.86933988640476,1045.666666666666,11.25025361485287,15.29180935203577,AUTUMN
155,1137.8021217712176,5999.291666666667,1206.342751698919,5834.041666666667,-68.5406299277015,165.25,-6.023949913277033,2.75449184973226,AUTUMN
156,16563.72060854794,26801.583333333336,14664.225260599114,22057.375,1899.4953479488267,4744.208333333336,11.467806013152416,17.70122411922182,AUTUMN
157,2213.75,4961.125,1481.25,4358.833333333334,732.5,602.2916666666661,33.08865047995483,12.140223571602531,AUTUMN
158,1382.3229124203697,5699.083333333333,1258.4614677430814,4693.75,123.86144467728832,1005.333333333333,8.96038426075235,17.640263785111635,AUTUMN
159,10957.30939105036,20771.375,11070.618368164569,21595.958333333332,-113.30897711420948,-824.5833333333321,-1.034094895657115,-3.9698062036496484,AUTUMN
16,445.0,1809.25,11.25,136.625,433.75,1672.625,97.47191011235955,92.44852839574409,AUTUMN
160,12355.431109060644,24817.0,11182.415604429167,21862.625,1173.0155046314776,2954.375,9.493926146949795,11.90464197928839,AUTUMN
161,7321.284833803323,13504.166666666668,7646.238548808411,14353.833333333332,-324.95371500508827,-849.6666666666642,-4.438479343198543,-6.291885220610904,AUTUMN
162,4578.782738699803,10531.0,3005.425569162717,8578.5,1573.3571695370865,1952.5,34.361909252411024,18.54049947773241,AUTUMN
163,0.0,0.0,22.5,89.54166666666666,-22.5,-89.54166666666666,,,AUTUMN
164,6047.519789686912,14487.75,4422.1893720378175,10009.708333333334,1625.3304176490947,4478.041666666666,26.87598344731072,30.90915888710577,AUTUMN
165,4254.46342436987,14649.958333333334,4124.334158818912,14856.791666666666,130.12926555095783,-206.83333333333212,3.0586528210718207,-1.4118356423084168,AUTUMN
166,1007.2706515120763,1897.9166666666665,897.0218501702611,2055.75,110.24880134181512,-157.83333333333348,10.945300667334427,-8.316136114160273,AUTUMN
167,0.0,0.0,0.0,0.0,0.0,0.0,,,AUTUMN
168,286.5410158411273,1140.625,286.5410158411273,1140.625,0.0,0.0,0.0,0.0,AUTUMN
169,818.3068568050835,3281.0,431.0552296146286,2194.4166666666665,387.2516271904549,1086.5833333333335,47.32352221786359,33.11744386873921,AUTUMN
17,1456.0031736755698,6730.375,1286.1495081031997,5567.958333333333,169.85366557237012,1162.416666666667,11.665748306275143,17.27120207516917,AUTUMN
170,2522.7801872388955,9527.291666666668,2242.624521080834,8224.458333333334,280.15566615806165,1302.833333333334,11.105036720011794,13.674750169469293,AUTUMN
171,5598.101677499439,13776.166666666666,5924.2531820886,15914.0,-326.15150458916105,-2137.833333333334,-5.826108980836634,-15.518346903468556,AUTUMN
172,4202.158414482201,6130.875,4036.686763210393,6125.416666666666,165.4716512718078,5.45833333333394,3.93777756453757,0.0890302498963678,AUTUMN
173,3236.768170592205,14249.25,3803.2002785511218,13883.958333333334,-566.4321079589167,365.29166666666606,-17.49992826502867,2.563585217935443,AUTUMN
174,5430.14513543917,17218.625,5313.963237946112,15920.0,116.18189749305839,1298.625,2.1395726006439792,7.5419785261599,AUTUMN
175,7958.284331848729,18220.541666666664,5639.630350183634,11905.916666666668,2318.6539816650957,6314.624999999996,29.135098533561273,34.65662610652353,AUTUMN
176,2179.016413730934,4466.166666666667,2074.191508126682,6040.208333333334,104.82490560425185,-1574.041666666667,4.810652409211071,-35.243683994476996,AUTUMN
177,2128.835399813398,7121.166666666667,2144.780605063686,6638.458333333333,-15.945205250287927,482.70833333333394,-0.7490107150456816,6.778500713834352,AUTUMN
178,7571.980290155447,10028.708333333332,5406.362385005461,9366.708333333332,2165.6179051499857,662.0,28.60041656428463,6.601049487097458,AUTUMN
179,2192.5,3027.208333333333,1985.0,2349.125,207.5,678.083333333333,9.464082098061574,22.39962561766203,AUTUMN
18,1566.1502894237658,7225.708333333333,1248.799669438147,5725.875,317.3506199856188,1499.833333333333,20.263101321034885,20.75690387908913,AUTUMN
180,514.8504812098992,917.3333333333333,56.25,251.20833333333331,458.60048120989916,666.125,89.07449792650237,72.61537063953489,AUTUMN
181,0.0,0.0,426.25,212.83333333333331,-426.25,-212.83333333333331,,,AUTUMN
182,873.75,1058.7083333333333,833.75,1009.2083333333333,40.0,49.5,4.577968526466381,4.675508678027471,AUTUMN
183,1131.25,1590.25,963.75,1859.0833333333333,167.5,-268.83333333333326,14.806629834254144,-16.90509877901797,AUTUMN
184,596.25,657.9166666666666,1071.25,1474.3333333333335,-475.0,-816.4166666666669,-79.66457023060796,-124.09119696010137,AUTUMN
185,249.16153016041264,1021.0833333333334,199.511110422413,850.25,49.65041973799964,170.83333333333337,19.92700065135826,16.73059658859055,AUTUMN
186,170.13706873495588,934.75,93.75,573.9166666666666,76.38706873495588,360.83333333333337,44.897369693111216,38.60212177944192,AUTUMN
187,2628.3815280464214,4417.791666666667,2613.2253699555695,4573.041666666667,15.156158090851932,-155.25,0.5766346296809103,-3.514199213407905,AUTUMN
188,3200.703537384469,9204.166666666666,3754.6978751304828,9950.458333333334,-553.9943377460136,-746.2916666666679,-17.308517682919273,-8.108193752829349,AUTUMN
189,5770.195365107726,19583.958333333332,6893.7842741751465,18260.0,-1123.588909067421,1323.9583333333321,-19.47228539022689,6.760422539706173,AUTUMN
19,554.0283677831933,2581.0833333333335,622.8454071128876,3058.8333333333335,-68.81703932969435,-477.75,-12.421212221505664,-18.509669712330094,AUTUMN
190,6988.443499397979,21388.875,6223.277935198196,20071.166666666664,765.1655641997831,1317.7083333333358,10.949012670213309,6.160718286180717,AUTUMN
191,10035.542847303257,22948.75,8255.320262895388,18041.291666666664,1780.2225844078694,4907.458333333336,17.739175762537343,21.384425440746604,AUTUMN
192,7416.406228357343,12284.0,5396.023544114079,9923.375,2020.3826842432636,2360.625,27.242071456632672,19.2170709866493,AUTUMN
193,3487.5190392961185,5514.125,4447.546707263233,6849.791666666666,-960.0276679671142,-1335.666666666666,-27.527524786241035,-24.22264034033806,AUTUMN
194,452.55321612481123,2358.5416666666665,317.4241308190925,1214.5416666666667,135.12908530571872,1143.9999999999998,29.85926969270527,48.504549068103515,AUTUMN
195,2010.8708687810315,5813.583333333334,2250.2424654681618,5144.25,-239.37159668713025,669.3333333333339,-11.903877091433264,11.513266344623952,AUTUMN
196,6788.507984636658,16432.333333333336,5969.706454157119,14776.458333333332,818.801530479539,1655.8750000000036,12.061583080296899,10.07693165912735,AUTUMN
197,7453.313805318365,22452.5,8005.964873831961,20345.0,-552.6510685135963,2107.5,-7.414836983238895,9.386482574323573,AUTUMN
198,3531.612418624869,8235.875,2790.827961330486,7593.291666666666,740.7844572943832,642.5833333333339,20.97581414618618,7.8022472819625595,AUTUMN
199,492.5,825.0833333333334,136.25,228.875,356.25,596.2083333333334,72.33502538071066,72.26037773962226,AUTUMN
2,440.4912581639392,2122.7916666666665,614.0755656573377,3056.9166666666665,-173.5843074933985,-934.125,-39.40698124565165,-44.00455375193829,AUTUMN
20,3038.399899734743,12324.875,2409.172033348623,10442.791666666668,629.2278663861202,1882.0833333333321,20.709185332748753,15.270607883109014,AUTUMN
200,1070.0,1841.125,1423.75,1806.2916666666665,-353.75,34.833333333333485,-33.0607476635514,1.8919591735125798,AUTUMN
201,579.955776981639,1341.75,817.9541017636855,3461.7916666666665,-237.99832478204644,-2120.0416666666665,-41.03732288360002,-158.00571393081174,AUTUMN
202,179.99999999999997,320.9583333333333,0.0,0.0,179.99999999999997,320.9583333333333,100.0,100.0,AUTUMN
203,68.74999999999999,139.25,0.0,0.0,68.74999999999999,139.25,100.0,100.0,AUTUMN
204,541.3657297553821,670.9583333333334,488.2188940092165,451.4583333333333,53.14683574616555,219.50000000000006,9.817177709084048,32.71440104328387,AUTUMN
205,3930.9743582726724,6782.125,2711.25,4443.833333333333,1219.7243582726724,2338.291666666667,31.028550356879894,34.47727174988174,AUTUMN
206,3812.983591330004,8148.583333333334,4075.031472655528,9310.25,-262.04788132552403,-1161.666666666666,-6.872515316388217,-14.25605677878567,AUTUMN
207,2614.864235704453,8466.791666666668,1754.4755190915805,6978.291666666666,860.3887166128727,1488.5000000000018,32.90376245407942,17.580449107542723,AUTUMN
208,1200.9845324212336,5299.75,1137.6917013018563,5300.75,63.2928311193773,-1.0,5.270078790421754,-0.018868814566724845,AUTUMN
209,5594.511955675173,12451.291666666666,5129.7875883048255,12349.458333333332,464.72436737034786,101.83333333333394,8.306790137411776,0.8178535694088012,AUTUMN
21,429.70949064975673,1546.2916666666667,380.43008810607535,1261.1666666666665,49.279402543681385,285.1250000000002,11.468074039781342,18.439276764301702,AUTUMN
210,2145.0,1907.3333333333333,1387.5,1792.625,757.5,114.70833333333326,35.31468531468531,6.014068507514851,AUTUMN
211,8725.143809825608,14581.583333333334,7770.077906865601,11970.666666666666,955.0659029600065,2610.916666666668,10.946133654375787,17.905577240697465,AUTUMN
212,6162.7328797072305,14352.75,6724.057139429338,16245.875,-561.3242597221079,-1893.125,-9.108365893489356,-13.189981014091376,AUTUMN
213,10543.21548427269,16629.625,10740.449154855023,17210.541666666664,-197.2336705823327,-580.9166666666642,-1.8707164894480823,-3.4932637787482532,AUTUMN
214,7021.850977752059,18092.5,6699.73670817755,17590.125,322.1142695745093,502.375,4.587312812463437,2.7767030537515547,AUTUMN
215,6103.3806514371845,7351.875,5616.421350307658,7282.041666666666,486.95930112952647,69.83333333333394,7.97851762719175,0.9498710646377141,AUTUMN
216,0.0,0.0,260.0,419.9583333333333,-260.0,-419.9583333333333,,,AUTUMN
217,67.5,432.0416666666667,123.75,768.2916666666666,-56.25,-336.24999999999994,-83.33333333333333,-77.82814157585108,AUTUMN
218,1933.5200090596925,6247.125,1933.765419972523,6055.166666666666,-0.24541091283049354,191.95833333333394,-0.01269244236835395,3.0727467968598985,AUTUMN
219,1021.1339090268764,4957.291666666667,1270.829867482544,6017.041666666667,-249.69595845566755,-1059.75,-24.45281233424357,-21.377600336205084,AUTUMN
22,656.7429511021089,2891.0833333333335,735.6386962032839,3322.1666666666665,-78.89574510117495,-431.08333333333303,-12.013184910287437,-14.91078891995502,AUTUMN
220,10.0,93.08333333333334,0.0,0.0,10.0,93.08333333333334,100.0,100.0,AUTUMN
221,0.0,0.0,0.0,0.0,0.0,0.0,,,AUTUMN
222,330.0,362.25,0.0,0.0,330.0,362.25,100.0,100.0,AUTUMN
223,290.0,536.0833333333334,330.0,596.625,-40.0,-60.54166666666663,-13.793103448275861,-11.293331260687074,AUTUMN
224,3246.2352987191534,9139.958333333334,3641.269692767248,9943.583333333334,-395.0343940480948,-803.625,-12.169000632947371,-8.792436143490807,AUTUMN
225,16884.42487062521,33685.04166666667,16204.895866531,35705.041666666664,679.5290040942109,-2019.9999999999927,4.024590765163852,-5.996727033883712,AUTUMN
226,5461.958801403944,10106.083333333332,3227.829505663475,7437.208333333334,2234.1292957404685,2668.874999999998,40.90344466102906,26.408598781262096,AUTUMN
227,17386.53925880757,31513.0,17635.25191262075,29647.375,-248.71265381318153,1865.625,-1.4304897030453612,5.9201758004633005,AUTUMN
228,7382.988756355866,16264.25,6761.362637599921,12434.333333333332,621.6261187559448,3829.916666666668,8.4197083223349,23.54806810438027,AUTUMN
229,6669.42379486022,18405.791666666668,7105.196238046259,16630.833333333332,-435.7724431860388,1774.9583333333358,-6.5338844342425215,9.643477256932274,AUTUMN
23,536.1146097478809,1546.5,1045.373737755294,2022.2916666666665,-509.2591280074132,-475.7916666666665,-94.99072003408058,-30.76570751158529,AUTUMN
230,11221.263707068747,20721.041666666668,13046.14200672809,25023.875,-1824.8782996593436,-4302.833333333332,-16.2626808111619,-20.765526186143305,AUTUMN
231,4230.04394451228,8270.791666666666,4160.553525033686,6703.666666666666,69.49041947859405,1567.125,1.6427824483654678,18.94770250731742,AUTUMN
232,598.7861708882818,2572.5416666666665,267.7078267628652,1043.875,331.07834412541666,1528.6666666666665,55.29158157314682,59.42242594062292,AUTUMN
233,4073.727543083452,11814.958333333334,4121.733773077441,11150.916666666666,-48.006229993988654,664.0416666666679,-1.1784349710744813,5.620347088260301,AUTUMN
234,3336.709388569715,5181.583333333333,3695.9503049929426,6040.083333333334,-359.24091642322765,-858.5000000000009,-10.766323182170106,-16.56829476189712,AUTUMN
235,1303.038164749255,4428.916666666667,577.0812036352233,2939.0416666666665,725.9569611140316,1489.8750000000005,55.712639948172836,33.63971625867877,AUTUMN
236,1101.3376334345571,3688.333333333333,916.5936888893987,2209.5,184.74394454515846,1478.833333333333,16.774505740717174,40.09489380930863,AUTUMN
237,220.7614285379901,944.7083333333334,158.23787900981398,725.125,62.52354952817612,219.58333333333337,28.32177248636378,23.243505491112778,AUTUMN
238,2080.0,3338.375,1551.25,2946.0416666666665,528.75,392.3333333333335,25.420673076923077,11.752224760050428,AUTUMN
239,277.5,354.7083333333333,281.25,327.875,-3.75,26.833333333333314,-1.3513513513513513,7.564900740044632,AUTUMN
24,643.7536310393048,2860.2083333333335,684.8860008458834,2935.2916666666665,-41.132369806578595,-75.08333333333303,-6.389458299469728,-2.625100152960875,AUTUMN
240,0.0,0.0,0.0,0.0,0.0,0.0,,,AUTUMN
241,1180.0,2106.375,943.7499999999999,1668.25,236.2500000000001,438.125,20.021186440677976,20.799952525072698,AUTUMN
242,426.25,574.625,807.5,1128.7916666666667,-381.25,-554.1666666666667,-89.44281524926686,-96.43970705532594,AUTUMN
243,1687.112082486599,8660.416666666666,2334.0483418271724,8901.625,-646.9362593405733,-241.20833333333394,-38.34577833068847,-2.785181621361566,AUTUMN
244,4861.811690921662,15391.916666666666,4420.046027686493,12349.791666666668,441.7656632351691,3042.124999999998,9.086441255223168,19.764432629681153,AUTUMN
245,13835.645260704601,32666.541666666668,15692.284534157221,35589.208333333336,-1856.6392734526198,-2922.666666666668,-13.41924600167197,-8.946973011376324,AUTUMN
246,23311.184354449273,38959.16666666667,23830.401097925278,40033.375,-519.2167434760049,-1074.2083333333285,-2.227328888919816,-2.757267224230485,AUTUMN
247,12043.844827889709,25678.083333333332,9801.217703205053,26128.125,2242.6271246846554,-450.0416666666679,18.62052489659652,-1.7526295121975013,AUTUMN
248,23038.974276763754,44174.958333333336,21113.911287729083,36973.83333333333,1925.0629890346718,7201.125000000007,8.355680100638066,16.301373610048696,AUTUMN
249,8032.454005471637,16699.333333333336,7753.262621773556,15047.291666666668,279.19138369808115,1652.0416666666679,3.4757918751591785,9.892859994410962,AUTUMN
25,474.60893824814275,1931.1666666666665,1381.9177941814546,2352.708333333333,-907.3088559333119,-421.5416666666665,-191.1697784880187,-21.828342107534297,AUTUMN
250,5654.7800607719055,11791.25,5091.9952681842915,10156.958333333334,562.784792587614,1634.291666666666,9.95237279857691,13.860207074454921,AUTUMN
251,1854.3495201216735,6066.75,1115.762780248822,4428.0,738.5867398728515,1638.75,39.82996365347504,27.011991593522065,AUTUMN
252,1356.25,1820.0416666666665,813.75,1372.5,542.5,447.5416666666665,40.0,24.58963851560174,AUTUMN
253,3025.305992500983,4988.0,3464.481844373749,5746.0,-439.1758518727661,-758.0,-14.516741544867825,-15.196471531676023,AUTUMN
254,8105.061890276778,19060.958333333332,7106.298472528957,17513.25,998.7634177478212,1547.7083333333321,12.322711797500101,8.119782364912565,AUTUMN
255,1535.6804345987994,5360.958333333334,1439.798661226749,6276.541666666667,95.88177337205047,-915.583333333333,6.24360193773647,-17.07872504138718,AUTUMN
256,1075.0453904314443,4816.666666666666,1492.038074108102,5134.5,-416.99268367665763,-317.83333333333394,-38.78837929897149,-6.598615916955031,AUTUMN
257,1672.5756069983336,3225.2083333333335,1710.800636635994,3203.9166666666665,-38.22502963766033,21.29166666666697,-2.2853992057351826,0.6601640720883758,AUTUMN
258,1999.6246437286488,7441.625,2306.4072368769525,8662.041666666666,-306.7825931483037,-1220.416666666666,-15.342009017065026,-16.399867860402345,AUTUMN
259,108.75,678.2916666666666,127.5,840.5416666666666,-18.75,-162.25,-17.24137931034483,-23.920388230235275,AUTUMN
26,1608.7036850994214,2319.5833333333335,1883.8494570590756,3426.625,-275.1457719596542,-1107.0416666666665,-17.1035706891322,-47.72588467756421,AUTUMN
260,1961.25,3418.125,1597.5,2999.0416666666665,363.75,419.0833333333335,18.54684512428298,12.2606204668739,AUTUMN
261,3087.5,6307.5,2476.25,4175.208333333333,611.25,2132.291666666667,19.79757085020243,33.8056546439424,AUTUMN
262,60.00000000000001,229.50000000000003,0.0,0.0,60.00000000000001,229.50000000000003,100.0,100.0,AUTUMN
263,0.0,0.0,20.0,71.54166666666667,-20.0,-71.54166666666667,,,AUTUMN
264,0.0,0.0,0.0,0.0,0.0,0.0,,,AUTUMN
265,40.0,132.16666666666666,210.00000000000003,368.0,-170.00000000000003,-235.83333333333334,-425.0000000000001,-178.4363177805801,AUTUMN
266,3359.5186967907234,11266.833333333334,3463.901710293102,9620.5,-104.38301350237862,1646.333333333334,-3.1070823806426047,14.612209878552097,AUTUMN
267,13792.258475630819,24249.083333333336,13504.428040993036,25118.041666666664,287.8304346377827,-868.9583333333285,2.0868984956042027,-3.583468790916475,AUTUMN
268,12295.12758199791,32853.083333333336,9806.437682104208,27316.25,2488.6898998937013,5536.833333333336,20.24126942397534,16.85331412323045,AUTUMN
269,3566.612350166792,8322.625,3003.384930367085,7502.458333333333,563.2274197997071,820.166666666667,15.79166347510034,9.854663242266316,AUTUMN
27,624.9842727758854,1110.0,848.446926072799,1388.25,-223.46265329691357,-278.25,-35.754924248637145,-25.06756756756757,AUTUMN
270,5455.0623979772345,14036.583333333334,3493.652716099102,10333.375,1961.4096818781327,3703.208333333334,35.95576986627016,26.38254798473038,AUTUMN
271,31072.5,34662.79166666667,27577.405498281787,31146.416666666664,3495.094501718213,3516.3750000000073,11.248192136835506,10.144523366193596,AUTUMN
272,18250.962843001038,25867.0,16666.463809295834,27721.708333333332,1584.499033705204,-1854.7083333333321,8.681728450906549,-7.1701717761369,AUTUMN
273,8602.860851429905,12529.541666666666,5918.50751422987,11070.25,2684.3533372000347,1459.291666666666,31.203030986533523,11.646808043656819,AUTUMN
274,6254.467793775578,14918.583333333334,8028.918236535659,16461.75,-1774.4504427600814,-1543.166666666666,-28.37092621255493,-10.343922289314776,AUTUMN
275,2198.7276391817545,7949.583333333333,2696.1959828752188,11240.75,-497.46834369346425,-3291.166666666667,-22.6252826784219,-41.40049268829603,AUTUMN
276,660.0,517.6666666666666,440.0,396.9583333333333,220.0,120.70833333333331,33.333333333333336,23.31777205408886,AUTUMN
277,1076.6706737172485,3952.0416666666665,1509.1550262347996,2652.7916666666665,-432.4843525175511,1299.25,-40.168675814711435,32.8754124977596,AUTUMN
278,3810.8318944286557,17004.916666666668,4216.679930491464,17506.708333333332,-405.8480360628082,-501.79166666666424,-10.64985408189084,-2.9508622506235795,AUTUMN
279,2774.115879087324,8550.916666666666,3504.1457257747948,9837.625,-730.0298466874706,-1286.708333333334,-26.315766121768792,-15.047606981707624,AUTUMN
28,4594.779682278242,14207.5,4681.426437691306,13678.5,-86.64675541306406,529.0,-1.8857651814570087,3.7233855358085517,AUTUMN
280,5437.560936096178,9308.833333333334,4791.446667328575,8722.875,646.1142687676029,585.9583333333339,11.882428102616755,6.294648452186997,AUTUMN
281,1798.75,2188.875,1322.5,1374.0833333333333,476.25,814.7916666666667,26.476719944405836,37.22422096586907,AUTUMN
282,700.0,1230.4583333333333,320.0,563.0416666666666,380.0,667.4166666666666,54.285714285714285,54.24130574650367,AUTUMN
283,1453.75,2026.6666666666667,1271.25,2170.9166666666665,182.5,-144.24999999999977,12.553740326741186,-7.117598684210515,AUTUMN
284,740.0,1312.1666666666667,680.0,1246.125,60.0,66.04166666666674,8.108108108108109,5.0330242601295625,AUTUMN
285,27.5,102.45833333333334,0.0,0.0,27.5,102.45833333333334,100.0,100.0,AUTUMN
286,3449.8289811801897,6336.125,3227.2772097561046,7242.625,222.55177142408502,-906.5,6.451095768461828,-14.306851585156544,AUTUMN
287,9643.14280240142,19547.333333333332,8038.7357364077925,14405.833333333332,1604.4070659936278,5141.5,16.637802621714616,26.30282050407558,AUTUMN
288,6097.475120202806,12576.458333333332,6162.117716093233,12214.416666666666,-64.6425958904274,362.04166666666606,-1.0601534998682758,2.878725131280331,AUTUMN
289,5477.702010593905,16112.75,5740.744441342782,15991.833333333332,-263.04243074887745,120.91666666666788,-4.802058057195372,0.7504409034253487,AUTUMN
29,0.0,0.0,27.5,92.95833333333333,-27.5,-92.95833333333333,,,AUTUMN
290,1906.25,3433.166666666667,1917.5,3657.833333333333,-11.25,-224.66666666666606,-0.5901639344262295,-6.544006990630595,AUTUMN
291,8743.929738562092,10991.666666666666,6775.0,7379.333333333333,1968.929738562092,3612.333333333333,22.51767566107954,32.86429112964367,AUTUMN
292,10793.75,16877.291666666668,9997.008107688727,15903.083333333332,796.7418923112727,974.2083333333358,7.3815114516388896,5.772302526817359,AUTUMN
293,11610.784328257054,20100.333333333336,7135.3725457908495,14704.458333333332,4475.411782466204,5395.875000000004,38.54530112642294,26.844704067925917,AUTUMN
294,17291.268721360524,34995.04166666667,15470.602331652606,29110.875,1820.666389707918,5884.1666666666715,10.529397345255433,16.814286785866106,AUTUMN
295,6664.837358348489,20052.958333333336,6903.2658050643495,21125.291666666668,-238.42844671586045,-1072.3333333333321,-3.57740832815974,-5.347506913984007,AUTUMN
296,4896.538228977367,16530.666666666664,5218.3048001803145,14691.583333333334,-321.7665712029475,1839.0833333333303,-6.571307241078109,11.125282303597338,AUTUMN
297,5701.876776087716,13967.125,6326.794322837513,15099.25,-624.9175467497971,-1132.125,-10.95985710127145,-8.105640924671327,AUTUMN
298,3722.899810154196,13302.25,3220.2501353957614,11554.083333333334,502.6496747584347,1748.166666666666,13.501563307920872,13.141887024124987,AUTUMN
299,6154.314128803297,8530.791666666668,7607.34758112694,10200.25,-1453.0334523236434,-1669.4583333333321,-23.60999815597949,-19.569793737392466,AUTUMN
3,746.502158316222,3207.6666666666665,900.0176385036655,3653.7083333333335,-153.51548018744347,-446.04166666666697,-20.564639830875553,-13.905486854411318,AUTUMN
30,885.4538387030996,2875.541666666667,1923.9216878738248,2703.416666666667,-1038.4678491707252,172.125,-117.28085686451382,5.985828756900873,AUTUMN
300,3272.620485944418,4658.041666666667,2246.25,3009.666666666667,1026.3704859444179,1648.375,31.362343735015344,35.38772552843201,AUTUMN
301,371.59569291974077,1832.2916666666667,456.419153494111,2283.875,-84.82346057437024,-451.58333333333326,-22.826814785684522,-24.645821489482657,AUTUMN
302,0.0,0.0,0.0,0.0,0.0,0.0,,,AUTUMN
303,1271.301721641107,5713.0,1138.2514470975173,5428.916666666667,133.0502745435897,284.08333333333303,10.465672489756155,4.972577163195047,AUTUMN
304,926.25,1484.25,960.0,1534.8333333333335,-33.75,-50.583333333333485,-3.6437246963562755,-3.408006288248845,AUTUMN
305,4889.325166868128,16628.958333333332,4799.268708896872,16747.791666666668,90.05645797125544,-118.83333333333576,1.8418995443688475,-0.7146168205565238,AUTUMN
306,3156.09886094839,14149.625,2280.0963850061426,9672.5,876.0024759422477,4477.125,27.75586299850613,31.641297914255677,AUTUMN
307,763.75,1124.6666666666667,747.5,1274.9583333333333,16.25,-150.29166666666652,2.127659574468085,-13.363218731475978,AUTUMN
308,0.0,0.0,0.0,0.0,0.0,0.0,,,AUTUMN
309,357.5,496.1666666666667,233.75,223.54166666666669,123.75,272.625,34.61538461538461,54.9462546187437,AUTUMN
31,822.397786397756,2977.875,703.67237785815,2434.7083333333335,118.72540853960606,543.1666666666665,14.436494176333307,18.24007611691782,AUTUMN
310,430.0,825.1666666666667,340.0,620.5416666666666,90.0,204.6250000000001,20.930232558139537,24.798020601898617,AUTUMN
311,0.0,0.0,0.0,0.0,0.0,0.0,,,AUTUMN
312,8962.777659582516,19792.0,9575.782528231433,22361.583333333332,-613.0048686489172,-2569.583333333332,-6.8394519191662155,-12.982939234707619,AUTUMN
313,3968.122087167919,6463.5,3048.2529895776233,8768.208333333332,919.8690975902955,-2304.708333333332,23.181471673085884,-35.65728062711119,AUTUMN
314,4931.2675477746925,10086.875,5575.831159374715,11222.166666666668,-644.5636116000223,-1135.2916666666679,-13.070951948062344,-11.25513765826054,AUTUMN
315,12391.756212468414,15791.875,10582.243841318184,13220.75,1809.5123711502292,2571.125,14.602549792978682,16.28131554992678,AUTUMN
316,7098.285716555669,16075.708333333332,8376.906256224285,19505.125,-1278.6205396686164,-3429.416666666668,-18.013089226408976,-21.332911717213094,AUTUMN
317,1828.75,3019.125,705.0,1249.875,1123.75,1769.25,61.44907723855092,58.60141597317104,AUTUMN
318,2801.888669400547,6123.958333333333,2828.734144420494,6829.458333333333,-26.845475019947116,-705.5,-0.9581206888455922,-11.520326586154109,AUTUMN
319,2799.159655312797,4171.25,3037.9565266295485,4778.416666666667,-238.79687131675155,-607.166666666667,-8.531020046088324,-14.555988412745988,AUTUMN
32,90.0,589.125,113.49740014181045,696.2083333333334,-23.497400141810445,-107.08333333333337,-26.10822237978938,-18.176674446566242,AUTUMN
320,7317.289676063996,17897.833333333332,7829.716947400191,16817.708333333332,-512.4272713361952,1080.125,-7.002965497080501,6.034948364327153,AUTUMN
321,12650.02656068695,20772.208333333332,11340.218756345706,21868.125,1309.8078043412443,-1095.9166666666679,10.354190151756615,-5.275879430248355,AUTUMN
322,7041.582175712966,18927.458333333336,8152.792916085073,21627.291666666664,-1111.2107403721066,-2699.8333333333285,-15.780696903669885,-14.264109241644057,AUTUMN
323,5364.725668150634,14154.041666666668,4171.43878725859,11627.75,1193.2868808920439,2526.291666666668,22.24320412088102,17.848553269531383,AUTUMN
324,14010.953192713325,29383.541666666664,11186.239860639256,26273.083333333332,2824.7133320740686,3110.458333333332,20.160750615761938,10.585716210180015,AUTUMN
325,4242.862397439891,19870.708333333336,5196.795358864403,20341.916666666668,-953.9329614245125,-471.2083333333321,-22.483240606626982,-2.3713715959630632,AUTUMN
326,729.8194476935269,3286.9166666666665,406.30148258092044,1872.8333333333333,323.5179651126064,1414.0833333333333,44.32849331913958,43.02157543797378,AUTUMN
327,478.125,1337.5416666666667,1200.5460688369617,1551.5,-722.4210688369617,-213.95833333333326,-151.09460263256713,-15.996386405407923,AUTUMN
328,2274.796869183032,6263.916666666666,2341.6439549920515,6506.291666666667,-66.84708580901952,-242.3750000000009,-2.9385958242955956,-3.8693841712453754,AUTUMN
329,186.88573368771546,713.2916666666666,338.3925971079278,1230.375,-151.50686342021237,-517.0833333333334,-81.06925040804833,-72.49255213505462,AUTUMN
33,812.19301946025,3318.5416666666665,673.0426396162607,2840.9166666666665,139.1503798439893,477.625,17.132673700700224,14.392617238998055,AUTUMN
330,1823.9329344327643,8502.458333333334,1481.7486387931224,6664.583333333333,342.18429563964196,1837.875000000001,18.76079373203817,21.615807193017716,AUTUMN
331,5073.314237717516,10460.791666666666,5114.147053464052,9697.625,-40.83281574653574,763.1666666666661,-0.8048548509564908,7.295496277767372,AUTUMN
332,545.0690286718481,2154.0833333333335,302.4163690114863,1383.75,242.65265966036173,770.3333333333335,44.517785252195594,35.76153816395219,AUTUMN
333,0.0,0.0,0.0,0.0,0.0,0.0,,,AUTUMN
334,230.0,413.1666666666667,290.0,481.875,-60.0,-68.70833333333331,-26.08695652173913,-16.629689390883414,AUTUMN
335,27.5,74.79166666666667,0.0,0.0,27.5,74.79166666666667,100.0,100.0,AUTUMN
336,1161.25,1400.2083333333333,1403.75,1693.1666666666665,-242.5,-292.95833333333326,-20.882669537136707,-20.9224817735456,AUTUMN
337,6250.995041003694,20379.375,5562.407970381676,18721.791666666668,688.5870706220176,1657.5833333333321,11.015639367895806,8.133631837744446,AUTUMN
338,4766.377761768399,13794.916666666668,5482.822849996871,12031.333333333334,-716.4450882284718,1763.583333333334,-15.031227570234797,12.784298564084601,AUTUMN
339,3263.789137997913,12085.291666666666,4448.704463049654,15254.291666666668,-1184.915325051741,-3169.000000000002,-36.30489823183237,-26.221957131085667,AUTUMN
34,0.0,0.0,27.5,16.583333333333336,-27.5,-16.583333333333336,,,AUTUMN
340,7275.626302713149,16969.125,7333.742350001977,17449.291666666668,-58.11604728882776,-480.1666666666679,-0.7987772443336698,-2.829648945756884,AUTUMN
341,2853.75,3276.458333333333,2226.25,2446.166666666667,627.5,830.2916666666661,21.9886114761279,25.341133083232638,AUTUMN
342,2381.25,2864.125,3175.0,3338.7916666666665,-793.75,-474.6666666666665,-33.333333333333336,-16.57283347153726,AUTUMN
343,385.0,687.4166666666667,572.5,819.75,-187.5,-132.33333333333326,-48.701298701298704,-19.250818281003742,AUTUMN
344,1632.5,3301.9166666666665,1881.25,3526.7083333333335,-248.75,-224.79166666666697,-15.237366003062787,-6.807914595058435,AUTUMN
345,4886.503017158834,11594.875,5299.153188505138,12310.375,-412.650171346304,-715.5,-8.44469285903013,-6.170829784710918,AUTUMN
346,1728.75,3258.375,1757.8127754428908,5322.416666666667,-29.062775442890825,-2064.041666666667,-1.6811439157131352,-63.34573726678688,AUTUMN
347,6957.554016035005,12187.333333333332,8970.424052555056,14298.833333333334,-2012.8700365200511,-2111.500000000002,-28.93071375200264,-17.325365133198417,AUTUMN
348,4389.870872551459,12950.666666666666,5137.679697222023,14443.208333333334,-747.8088246705638,-1492.5416666666679,-17.0348706461137,-11.52482497683518,AUTUMN
349,11412.978475872891,25143.875,9805.143352661538,21103.5,1607.8351232113528,4040.375,14.087778458623454,16.069022773936,AUTUMN
35,354.16896388809494,1636.0833333333333,309.00716615597986,1412.5,45.161797732115076,223.58333333333326,12.751483708884393,13.665766821168436,AUTUMN
350,4110.825631773355,12026.125,3467.5012609785135,11699.916666666666,643.3243707948413,326.20833333333394,15.649517357838404,2.7124974447990016,AUTUMN
351,4501.856342130325,12005.708333333334,3590.144703760385,8102.791666666667,911.7116383699404,3902.916666666667,20.251904305291735,32.50884128036316,AUTUMN
352,8964.161827729216,13829.333333333332,8737.529926590494,13178.875,226.63190113872224,650.4583333333321,2.5281995739710132,4.703468472811407,AUTUMN
353,6307.412655029534,16524.25,5603.092892301609,14989.333333333332,704.3197627279251,1534.9166666666679,11.166540089402588,9.288873423402986,AUTUMN
354,1660.6174861451775,6254.625,1550.9593585434725,6363.291666666667,109.65812760170502,-108.66666666666697,6.603454950739829,-1.7373810047231764,AUTUMN
355,3871.3206389368456,11600.0,4469.381221025567,11752.5,-598.0605820887217,-152.5,-15.448490008127123,-1.3146551724137931,AUTUMN
356,5920.810884136708,16274.25,7768.536205891802,21488.041666666668,-1847.7253217550933,-5213.791666666668,-31.207301802285198,-32.03706263985541,AUTUMN
357,1727.3433333333332,3549.6666666666665,1628.5742206007508,4094.375,98.76911273258247,-544.7083333333335,5.717978054888672,-15.345337590384078,AUTUMN
358,510.625,891.7916666666667,514.0352697095436,720.875,-3.410269709543627,170.91666666666674,-0.6678618770220077,19.165537541466158,AUTUMN
359,0.0,0.0,10.0,84.66666666666666,-10.0,-84.66666666666666,,,AUTUMN
36,1899.4450182650398,3875.833333333333,2424.0748274938064,4110.541666666666,-524.6298092287666,-234.70833333333303,-27.62016295201666,-6.055686949043209,AUTUMN
360,2608.75,4863.25,2117.5,4300.083333333334,491.25,563.1666666666661,18.830857690464782,11.580047636182924,AUTUMN
361,13401.25,23908.125,9855.0,18086.958333333332,3546.25,5821.166666666668,26.462083760843203,24.348068561071464,AUTUMN
362,8606.123099701625,23963.5,10865.232665472697,26632.291666666668,-2259.109565771072,-2668.791666666668,-26.250026168570557,-11.136902650558842,AUTUMN
363,3407.669271372769,8564.083333333332,3134.5596254368147,9174.416666666666,273.1096459359542,-610.3333333333339,8.014558461711657,-7.126662709571961,AUTUMN
364,5922.048134588725,18896.458333333332,5271.457237234616,18885.0,650.5908973541091,11.45833333333212,10.98591032305568,0.060637465133451134,AUTUMN
365,6747.759546233772,13814.958333333332,6923.466606140252,13818.25,-175.70705990648003,-3.2916666666678793,-2.6039318488245486,-0.023826830217255183,AUTUMN
366,2408.1079060946317,7245.125,1962.5,4622.875,445.60790609463174,2622.25,18.504482501255517,36.193302392988386,AUTUMN
367,7012.002014868235,13054.75,5146.103379793601,10354.75,1865.8986350746345,2700.0,26.610069864757406,20.68212719508225,AUTUMN
368,2444.8656635988323,9764.625,1906.056911109506,8259.666666666666,538.8087524893263,1504.958333333334,22.038378652518766,15.412351558132894,AUTUMN
369,2280.0,2778.3333333333335,1512.5,1709.2916666666665,767.5,1069.041666666667,33.66228070175438,38.47780443911219,AUTUMN
37,478.09685750039387,707.0833333333333,361.41246928746926,700.5416666666666,116.6843882129246,6.541666666666629,24.406014468068005,0.9251620506776612,AUTUMN
370,7894.051679224756,14573.583333333334,4874.21747923114,10219.208333333332,3019.8341999936165,4354.375000000002,38.25455320923592,29.878547371671356,AUTUMN
371,3187.46174367994,7851.958333333334,1427.6722116689289,4585.166666666667,1759.789532011011,3266.791666666667,55.20974598362789,41.60480134998169,AUTUMN
372,1071.3098869215892,1911.9583333333333,831.2305316279475,1238.7083333333333,240.0793552936417,673.25,22.409888886913027,35.21258744306667,AUTUMN
373,4184.334574585516,10807.75,4268.131307127073,10306.708333333334,-83.7967325415575,501.04166666666606,-2.002629833917095,4.635947969435508,AUTUMN
374,2271.25,3283.0416666666665,2773.228474750157,4956.75,-501.97847475015715,-1673.7083333333335,-22.10141881123422,-50.98041704212304,AUTUMN
375,5193.675724666987,8105.291666666666,4981.44976631973,9321.416666666666,212.2259583472569,-1216.125,4.086238140346443,-15.004086836274658,AUTUMN
376,1222.5,2499.5416666666665,967.5,1538.9583333333333,255.0,960.5833333333333,20.858895705521473,38.43037890279885,AUTUMN
377,8173.097550933724,22168.208333333332,8548.482830045323,22163.333333333336,-375.3852791115987,4.874999999996362,-4.592937705346651,0.021990951757098226,AUTUMN
378,6391.102969071457,19824.0,6390.784653007553,19919.708333333332,0.31831606390369416,-95.70833333333212,0.00498061235195435,-0.4827902206080111,AUTUMN
379,2333.841093117409,2980.5833333333335,1834.7669851380042,2072.625,499.07410797940474,907.9583333333335,21.384236889614904,30.462437442335116,AUTUMN
38,1416.25,1220.2083333333333,2186.25,1808.7916666666667,-770.0,-588.5833333333335,-54.36893203883495,-48.236298446303586,AUTUMN
380,2278.797047390898,6096.625,2297.9961834551914,5522.583333333333,-19.19913606429327,574.041666666667,-0.8425118896075131,9.415728647680758,AUTUMN
381,6689.265630684951,15238.625,6255.641100193556,11744.708333333332,433.6245304913955,3493.916666666668,6.482393650242804,22.92803101767166,AUTUMN
382,2893.031607633147,11492.541666666668,3044.5507073476265,9828.208333333332,-151.51909971447958,1664.3333333333358,-5.237381413832554,14.48185598630998,AUTUMN
383,1676.4679951088797,6807.375,1949.9200109803594,8589.208333333334,-273.4520158714797,-1781.833333333334,-16.311198106333077,-26.17504299870852,AUTUMN
384,0.0,0.25,0.0,0.0,0.0,0.25,,100.0,AUTUMN
385,555.2315851307138,2291.0416666666665,989.0609339315065,3299.625,-433.8293488007927,-1008.5833333333335,-78.13484686730486,-44.02291534054743,AUTUMN
386,3410.0,6784.958333333333,2600.0,5418.25,810.0,1366.708333333333,23.75366568914956,20.143208936434146,AUTUMN
387,1300.0,2330.0416666666665,730.0,1398.8333333333333,570.0,931.2083333333333,43.84615384615385,39.965308202643016,AUTUMN
388,7063.698107110349,18890.208333333336,9204.792485635315,21719.708333333336,-2141.0943785249656,-2829.5,-30.31123847676518,-14.97865957892647,AUTUMN
389,4652.06569420724,12850.166666666666,4355.304731503951,12336.291666666666,296.7609627032889,513.875,6.3791223557486765,3.998975369969261,AUTUMN
39,3251.018587181883,13278.916666666666,3694.532824827565,12123.208333333332,-443.514237645682,1155.708333333334,-13.642316269564562,8.703332977715306,AUTUMN
390,0.0,0.0,302.5,251.04166666666666,-302.5,-251.04166666666666,,,AUTUMN
391,1549.2163941753458,4235.416666666667,873.7029396641892,2902.375,675.5134545111566,1333.041666666667,43.603557066069854,31.47368421052632,AUTUMN
392,3744.1602542573537,9406.083333333332,3119.4202877679973,8228.875,624.7399664893564,1177.2083333333321,16.68571653093605,12.515393406749167,AUTUMN
393,2404.761135759085,10635.625,2209.2934196378083,9671.083333333334,195.46771612127668,964.5416666666661,8.1283630716851,9.068970245440827,AUTUMN
394,4485.927204483196,8981.666666666666,5116.5485771295025,12948.083333333334,-630.6213726463066,-3966.416666666668,-14.05777097800582,-44.16125440712565,AUTUMN
395,2258.75,3832.0833333333335,2686.25,4387.5,-427.5,-555.4166666666665,-18.92639734366353,-14.49385669239969,AUTUMN
396,0.0,0.0,30.0,103.04166666666667,-30.0,-103.04166666666667,,,AUTUMN
397,2055.6962113856866,6240.333333333334,2600.731911075352,6696.875,-545.0356996896653,-456.54166666666606,-26.513436016028468,-7.315982052240789,AUTUMN
398,658.6734970984758,2943.2083333333335,490.625,2345.4583333333335,168.04849709847576,597.75,25.513171220452413,20.30946954145844,AUTUMN
399,7060.7700798921505,26449.708333333332,8595.796719033,26260.791666666664,-1535.0266391408495,188.91666666666788,-21.740215610650452,0.7142485818211652,AUTUMN
4,0.0,0.0,0.0,0.0,0.0,0.0,,,AUTUMN
40,2165.257003719123,6708.5,2637.5662407539135,9219.041666666668,-472.3092370347904,-2510.541666666668,-21.813079750973447,-37.423293831209186,AUTUMN
400,2187.0605594548942,8202.083333333332,1706.607132177877,6733.291666666667,480.4534272770172,1468.7916666666652,21.967998334566744,17.907543815087614,AUTUMN
401,6807.042428049423,19002.416666666668,6448.101605619472,15755.833333333332,358.94082242995046,3246.5833333333358,5.27308043432904,17.085107595963684,AUTUMN
402,3864.7898766450216,8019.958333333333,4590.046365362042,7437.375,-725.2564887170201,582.583333333333,-18.76574178326628,7.264169078185149,AUTUMN
403,7182.446627435245,20597.333333333332,4999.30747823166,15944.5,2183.1391492035855,4652.833333333332,30.39548029308719,22.58949378560331,AUTUMN
404,2414.366839062476,6432.166666666667,1507.2412097743172,3471.2916666666665,907.125629288159,2960.8750000000005,37.57198842411228,46.032311559091035,AUTUMN
405,1788.3306349999561,5211.166666666667,2270.852965907856,5206.083333333334,-482.5223309078997,5.08333333333303,-26.981718115448572,0.09754693446764377,AUTUMN
406,1032.5,1807.7916666666665,1158.75,2161.833333333333,-126.25,-354.0416666666665,-12.227602905569007,-19.584207251019883,AUTUMN
407,302.5,253.91666666666666,0.0,0.0,302.5,253.91666666666666,100.0,100.0,AUTUMN
408,2027.7349650931692,9077.291666666666,2993.4703783406435,10293.5,-965.7354132474743,-1216.208333333334,-47.62631358990751,-13.398361295357011,AUTUMN
409,3058.985156353223,9700.166666666666,4751.064415787889,10906.041666666666,-1692.0792594346658,-1205.875,-55.31505296520897,-12.431487431487433,AUTUMN
41,639.4844660043406,2729.125,326.89543861925773,1610.7916666666667,312.58902738508283,1118.3333333333333,48.881410574085955,40.97772485076108,AUTUMN
410,368.75,892.5416666666667,288.75,319.0416666666667,80.0,573.5,21.694915254237287,64.25470332850941,AUTUMN
411,1849.0741164675223,4572.125,2710.2025098952968,5554.333333333333,-861.1283934277744,-982.208333333333,-46.5707883615221,-21.48253456179201,AUTUMN
412,1514.0458806448023,3557.875,1185.7950631458093,2564.916666666667,328.250817498993,992.958333333333,21.680374531265684,27.908747028305743,AUTUMN
413,0.0,0.0,0.0,0.0,0.0,0.0,,,AUTUMN
414,1517.8982715215523,3648.5833333333335,1401.7696277786795,2993.0833333333335,116.12864374287278,655.5,7.650620988352834,17.965877166936938,AUTUMN
415,2631.5397752313793,5658.541666666667,3202.7509634364133,6217.791666666667,-571.211188205034,-559.25,-21.7063482597298,-9.883288538713597,AUTUMN
416,1078.9597996548102,4996.083333333333,1453.2221276112625,6816.333333333333,-374.2623279564523,-1820.25,-34.68732830233243,-36.43353960602472,AUTUMN
417,1767.1417121818877,4922.0,2073.1662605802894,5153.208333333334,-306.02454839840175,-231.20833333333394,-17.317487685837804,-4.697446837329012,AUTUMN
418,261.25,243.875,302.5,264.2916666666667,-41.25,-20.416666666666686,-15.789473684210526,-8.37177515803862,AUTUMN
419,8073.258744620925,14665.0,8208.160388131966,14337.125,-134.90164351104067,327.875,-1.6709689083224706,2.235765427889533,AUTUMN
42,1107.5,2765.625,1338.75,3003.666666666667,-231.25,-238.04166666666697,-20.880361173814897,-8.607156308851236,AUTUMN
420,7586.527532194832,21739.625,4869.225729640551,17089.416666666668,2717.3018025542806,4650.208333333332,35.81746445950282,21.39047170010215,AUTUMN
421,6446.458997737038,12342.958333333332,4434.94451100311,8920.291666666668,2011.5144867339277,3422.6666666666642,31.203401548664914,27.72971093504729,AUTUMN
422,230.0,652.2083333333334,218.75,651.0833333333333,11.25,1.1250000000001137,4.891304347826087,0.17249089631382308,AUTUMN
423,4863.989980734986,8129.625,3565.1124049919754,6920.708333333334,1298.8775757430103,1208.916666666666,26.703952534596713,14.870509607351705,AUTUMN
424,7725.971081482596,14196.416666666668,6803.195015337513,14720.208333333332,922.776066145083,-523.7916666666642,11.943819830710579,-3.6896047711570232,AUTUMN
425,3777.9426138328217,9670.291666666666,3126.3491904791777,9071.5,651.5934233536441,598.7916666666661,17.247308653335672,6.192074523777715,AUTUMN
426,2365.910519629216,4737.625,3083.5136671916703,5539.0,-717.6031475624541,-801.375,-30.330950456863278,-16.9151209730614,AUTUMN
427,1098.5274712239827,4662.25,1158.92306819955,4168.875,-60.39559697556729,493.375,-5.497868606624314,10.58233685452303,AUTUMN
428,2428.500166473169,5289.166666666667,1791.6067557803467,3901.791666666667,636.8934106928223,1387.375,26.225792342347734,26.230502599653377,AUTUMN
429,821.8660197297877,3480.3333333333335,810.2698414721175,3666.4583333333335,11.596178257670203,-186.125,1.410957258152951,-5.347907288573891,AUTUMN
43,6089.436265773484,14105.5,5281.850244705161,12310.333333333332,807.5860210683231,1795.1666666666679,13.262081838469545,12.726714165869115,AUTUMN
430,3621.6133337686633,5056.083333333334,3276.275776839033,4131.583333333333,345.3375569296304,924.5000000000009,9.535461826077135,18.28490432317507,AUTUMN
431,261.25,319.2083333333333,0.0,0.0,261.25,319.2083333333333,100.0,100.0,AUTUMN
432,1121.7061142900438,4869.208333333333,720.5497394234259,3266.0833333333335,401.15637486661797,1603.1249999999995,35.76305502449008,32.92372990133577,AUTUMN
433,0.0,0.0,0.0,0.0,0.0,0.0,,,AUTUMN
434,1084.715944529918,2082.9583333333335,1334.949107537985,2124.2916666666665,-250.23316300806687,-41.33333333333303,-23.069003850267002,-1.984357184293158,AUTUMN
435,181.25,699.8333333333334,206.26092986793702,773.1666666666666,-25.010929867937023,-73.33333333333326,-13.799133720241114,-10.47868540128601,AUTUMN
436,1571.6937858037936,5352.666666666666,1402.5323861444147,4956.458333333333,169.16139965937896,396.20833333333303,10.762999840510703,7.402073732718889,AUTUMN
437,457.3835000897715,1358.25,369.7438420129227,1457.1666666666667,87.63965807684878,-98.91666666666674,19.161088683708,-7.282655377630536,AUTUMN
438,237.5,1175.625,374.6458252303367,1784.4583333333333,-137.1458252303367,-608.8333333333333,-57.74561062329966,-51.78805599858231,AUTUMN
439,0.0,0.0,0.0,0.0,0.0,0.0,,,AUTUMN
44,397.8714284587284,1818.125,326.0252523276739,1422.125,71.8461761310545,396.0,18.057636460444453,21.780680646270195,AUTUMN
440,1282.0256056908797,3202.958333333333,245.625,947.2916666666667,1036.4006056908797,2255.666666666666,80.84086628927872,70.42447737118027,AUTUMN
441,7128.781505022179,21149.208333333332,6508.267737754204,19671.0,620.5137672679748,1478.2083333333321,8.704345431695822,6.989426318163991,AUTUMN
442,1849.9970703657273,5185.041666666667,2235.8946514646645,6322.541666666667,-385.8975810989373,-1137.5,-20.859361740645834,-21.93810721546757,AUTUMN
443,4508.190585874685,10873.625,3109.956888314692,8015.125,1398.2336975599928,2858.5,31.015407865430905,26.28838128958834,AUTUMN
444,4382.055403443252,13587.583333333332,3712.1843363548746,11769.291666666668,669.871067088377,1818.2916666666642,15.286686392920043,13.382009309970483,AUTUMN
445,14156.952190361977,28284.958333333336,11289.946649957885,25541.5,2867.0055404040922,2743.4583333333358,20.251573233085743,9.69935433880494,AUTUMN
446,1193.75,2218.5416666666665,1670.0,3213.0,-476.25,-994.4583333333335,-39.89528795811518,-44.82486618461828,AUTUMN
447,276.25,463.79166666666663,260.0,566.0,16.25,-102.20833333333337,5.882352941176471,-22.037552780522876,AUTUMN
448,4214.110562121792,13167.875,5311.244697813649,13767.416666666666,-1097.1341356918565,-599.5416666666661,-26.0347734004267,-4.553063168253542,AUTUMN
449,3061.1257536627154,9179.083333333334,3367.1870113000787,8782.833333333332,-306.06125763736327,396.2500000000018,-9.998323566784316,4.316879862731411,AUTUMN
45,1837.1609529210762,6430.583333333333,1921.9201126355242,5180.583333333334,-84.75915971444806,1249.999999999999,-4.613594665164283,19.438360957404058,AUTUMN
450,6918.6717278145,18801.0,7191.5179880677315,18762.75,-272.8462602532318,38.25,-3.943621998371928,0.20344662517951173,AUTUMN
451,4541.076778901229,13196.75,4029.9079945676094,10041.458333333332,511.16878433361944,3155.291666666668,11.256554540293484,23.90961158366013,AUTUMN
452,1628.2825091974462,4750.25,749.7902473396719,2309.0416666666665,878.4922618577743,2441.2083333333335,53.95207876370107,51.391154851499046,AUTUMN
453,93.75,443.4583333333333,181.25,761.5833333333334,-87.5,-318.12500000000006,-93.33333333333333,-71.73729211688436,AUTUMN
454,2318.14663303815,8828.416666666668,2185.2706908615864,8900.416666666666,132.8759421765635,-71.99999999999818,5.731990387614827,-0.8155482768710679,AUTUMN
455,41.25,110.58333333333334,371.25,514.2083333333334,-330.0,-403.625,-800.0,-364.9962321024868,AUTUMN
456,531.1024041387706,1271.0833333333335,160.0,637.9166666666666,371.10240413877057,633.1666666666669,69.87398310511244,49.81315151117814,AUTUMN
457,110.0,56.625,0.0,0.0,110.0,56.625,100.0,100.0,AUTUMN
458,2936.25,4918.791666666666,2050.0,3570.1666666666665,886.25,1348.6249999999995,30.18305661983823,27.4178109461165,AUTUMN
459,13.75,10.125,0.0,0.0,13.75,10.125,100.0,100.0,AUTUMN
46,2783.75,3162.5,2058.5267319689174,3142.166666666667,725.2232680310826,20.33333333333303,26.0520257936626,0.6429512516468943,AUTUMN
460,7244.328325868767,14458.375,6387.892098411485,12322.833333333332,856.4362274572823,2135.541666666668,11.822161958052545,14.77027443724947,AUTUMN
461,5837.155392914727,14799.875,7132.296783952057,16199.708333333334,-1295.1413910373303,-1399.833333333334,-22.187886116744515,-9.458413218580116,AUTUMN
462,4498.983552362317,11460.666666666666,4381.00805298601,10716.333333333334,117.9754993763072,744.3333333333321,2.6222700750786445,6.49467744750159,AUTUMN
463,5755.904798531821,17025.416666666668,5270.721358604054,16680.958333333332,485.1834399277668,344.45833333333576,8.42931662197617,2.023200606935723,AUTUMN
464,2226.066482672134,6691.0,1845.275153730656,5569.083333333334,380.791328941478,1121.916666666666,17.10601780789504,16.76754844816419,AUTUMN
465,396.6815664057569,1732.7916666666667,435.0384148470018,2006.5833333333333,-38.35684844124489,-273.7916666666665,-9.669430517981397,-15.800610767788001,AUTUMN
466,642.5,636.7916666666666,988.75,1122.9166666666667,-346.25,-486.1250000000001,-53.89105058365759,-76.33972387620234,AUTUMN
467,355.3221456100842,1521.2916666666667,471.1304023845007,1622.75,-115.80825677441652,-101.45833333333326,-32.59246804771344,-6.669222973898271,AUTUMN
468,11448.131028140153,25986.125,11862.216891096943,26568.541666666664,-414.08586295679015,-582.4166666666642,-3.617060827998419,-2.2412601596685318,AUTUMN
469,6791.380521866649,17497.041666666664,6406.088525273384,18157.541666666668,385.29199659326514,-660.5000000000036,5.673250016733939,-3.7749238561757084,AUTUMN
47,778.7988509090299,3332.3333333333335,231.25,962.0,547.5488509090299,2370.3333333333335,70.30683857197782,71.13133940182054,AUTUMN
470,17030.506516588193,27970.208333333332,12511.628305801503,22778.125,4518.87821078669,5192.083333333332,26.534021207091964,18.562905472340358,AUTUMN
471,350.0,1588.75,612.0163243557449,2174.875,-262.0163243557449,-586.125,-74.86180695878427,-36.892210857592445,AUTUMN
472,169.14649638940895,679.5,161.64649638940895,637.6666666666666,7.5,41.83333333333337,4.434026219930388,6.1564876134412625,AUTUMN
473,632.5,602.875,563.75,561.375,68.75,41.5,10.869565217391305,6.8836823553804685,AUTUMN
474,1653.1940954200795,4555.875,1358.4755494311175,3657.375,294.718545988962,898.5,17.827219853097375,19.72178780146514,AUTUMN
475,2779.066398578866,6371.375,3408.7983637146435,6321.875,-629.7319651357775,49.5,-22.65983876663775,0.7769123619312943,AUTUMN
476,1773.3536026585195,6458.416666666667,1932.2010640491026,7536.666666666666,-158.84746139058302,-1078.249999999999,-8.957461227836747,-16.69526844814904,AUTUMN
477,146.25,967.0,108.74999999999999,770.125,37.500000000000014,196.875,25.64102564102565,20.359358841778697,AUTUMN
478,168.86430180180182,731.375,100.0,352.75,68.86430180180182,378.625,40.78085247563379,51.76892838830969,AUTUMN
479,1799.8216810039394,5187.5,2156.670703610006,6637.625,-356.8490226060667,-1450.125,-19.826909875150328,-27.954216867469878,AUTUMN
48,62.5,351.0416666666667,31.25,175.25,31.25,175.79166666666669,50.0,50.07715133531158,AUTUMN
480,2315.5995708907317,5585.416666666667,1825.9700841916315,4371.041666666667,489.6294866991002,1214.375,21.144825420344873,21.741887355464378,AUTUMN
481,742.4193837222444,3197.041666666667,851.0104788556533,3355.958333333333,-108.59109513340888,-158.91666666666606,-14.626651393309421,-4.9707411799971135,AUTUMN
482,931.1198527933275,4108.833333333333,585.8980406513201,2408.2083333333335,345.22181214200737,1700.6249999999995,37.07598018733613,41.38948606660446,AUTUMN
483,888.75,1620.9583333333335,1766.25,2747.0,-877.5,-1126.0416666666665,-98.73417721518987,-69.46765030974474,AUTUMN
484,3393.5936597606506,12076.125,3267.636769061866,10952.625,125.95689069878472,1123.5,3.7116079097009047,9.303481042138932,AUTUMN
485,1841.1631937918444,6165.666666666667,1695.3056941408236,4345.041666666667,145.85749965102082,1820.625,7.922029950567812,29.528437043844946,AUTUMN
486,6147.509988142012,12357.416666666666,5170.837401603636,11807.166666666666,976.672586538376,550.25,15.887287510264947,4.452791508473319,AUTUMN
487,0.0,0.0,0.0,0.0,0.0,0.0,,,AUTUMN
488,0.0,0.0,0.0,0.0,0.0,0.0,,,AUTUMN
489,330.0,191.04166666666669,0.0,0.0,330.0,191.04166666666669,100.0,100.0,AUTUMN
49,0.0,0.0,0.0,0.0,0.0,0.0,,,AUTUMN
490,237.5,1206.9166666666667,175.0,660.7083333333334,62.5,546.2083333333334,26.31578947368421,45.25650762963474,AUTUMN
491,425.7789023111866,1859.125,444.66767250488283,2023.3333333333333,-18.888770193696246,-164.20833333333326,-4.43628608443617,-8.832560120128193,AUTUMN
492,628.6877856108708,2695.125,521.6557308708749,2220.2916666666665,107.03205473999594,474.8333333333335,17.024675393684827,17.618230446948974,AUTUMN
493,768.6504401040887,1515.4583333333333,484.9133927211817,921.5416666666666,283.737047382907,593.9166666666666,36.91366485713376,39.19056391080806,AUTUMN
494,0.0,0.0,210.0,448.83333333333337,-210.0,-448.83333333333337,,,AUTUMN
495,0.0,0.0,96.24999999999999,114.91666666666667,-96.24999999999999,-114.91666666666667,,,AUTUMN
496,0.0,0.0,96.25,47.54166666666667,-96.25,-47.54166666666667,,,AUTUMN
497,457.5,551.3333333333333,223.75,394.75,233.75,156.58333333333326,51.09289617486339,28.400846432889953,AUTUMN
498,1158.75,1601.8333333333335,1852.5,2787.375,-693.75,-1185.5416666666665,-59.8705501618123,-74.0115492664655,AUTUMN
499,6062.838889719765,12972.208333333332,7477.410520288726,15422.791666666668,-1414.5716305689612,-2450.5833333333358,-23.33183606391931,-18.891026649921486,AUTUMN
5,2409.871606283303,9559.333333333334,1568.0917578342128,5719.916666666667,841.7798484490904,3839.416666666667,34.93048535259315,40.164063044842734,AUTUMN
50,75.0,389.2083333333333,205.1540096991847,831.5,-130.1540096991847,-442.2916666666667,-173.53867959891295,-113.6387967027085,AUTUMN
500,7427.264274396927,15405.583333333334,5870.619066665486,15749.666666666666,1556.6452077314416,-344.0833333333321,20.958527261477265,-2.233497595568698,AUTUMN
501,2728.758115721182,5953.416666666667,1559.0342462409685,4188.583333333334,1169.7238694802136,1764.833333333333,42.86652828409703,29.644041936703008,AUTUMN
502,50.0,151.20833333333331,646.2499999999999,592.25,-596.2499999999999,-441.0416666666667,-1192.4999999999998,-291.67814825020673,AUTUMN
503,165.0,78.33333333333333,82.5,39.166666666666664,82.5,39.166666666666664,50.0,50.0,AUTUMN
504,25.0,136.5,75.0,303.5833333333333,-50.0,-167.08333333333331,-200.0,-122.40537240537239,AUTUMN
505,2343.841241200428,5387.166666666666,1315.4979150489569,3907.4583333333335,1028.3433261514713,1479.7083333333326,43.87427390879052,27.46728335859913,AUTUMN
506,2276.7586987419068,4358.75,2972.126695907419,5548.875,-695.3679971655124,-1190.125,-30.542015609724448,-27.304273014052193,AUTUMN
507,563.75,531.5416666666666,371.25,364.7083333333333,192.5,166.83333333333331,34.146341463414636,31.386689660578504,AUTUMN
508,0.0,0.0,0.0,0.0,0.0,0.0,,,AUTUMN
509,245.9957306936678,1049.6666666666667,163.04774758004467,671.5,82.94798311362314,378.16666666666674,33.719277517428196,36.02731025722452,AUTUMN
51,0.0,0.0,0.0,0.0,0.0,0.0,,,AUTUMN
510,0.0,0.0,0.0,0.0,0.0,0.0,,,AUTUMN
511,867.2275389606176,4087.4583333333335,839.6659302310079,3796.25,27.561608729609702,291.2083333333335,3.178128863693906,7.124435519220383,AUTUMN
512,1545.0,1658.2916666666665,1098.75,1775.5833333333333,446.25,-117.29166666666674,28.883495145631066,-7.073042036232072,AUTUMN
513,0.0,0.0,0.0,0.0,0.0,0.0,,,AUTUMN
514,1971.2372703408116,8234.166666666666,2017.1665975467406,7791.625,-45.929327205928985,442.54166666666606,-2.3299745746988725,5.374456026717937,AUTUMN
515,8375.74923734243,23889.208333333332,7097.10767299534,23039.291666666668,1278.64156434709,849.9166666666642,15.265996248388097,3.557743123202412,AUTUMN
516,175.0,715.6666666666666,268.75,1384.0833333333333,-93.75,-668.4166666666666,-53.57142857142857,-93.3977643223102,AUTUMN
517,214.54283830157755,813.5,517.8522899000359,2215.0416666666665,-303.30945159845834,-1401.5416666666665,-141.37477344832354,-172.28539233763573,AUTUMN
518,430.0,957.6666666666666,176.25,730.375,253.75,227.29166666666663,59.01162790697674,23.733901844761572,AUTUMN
519,1503.1381815914842,3051.666666666667,1497.9130195898003,3519.541666666667,5.225162001683884,-467.875,0.34761687685636566,-15.331785909339157,AUTUMN
52,542.2582139027006,974.3333333333334,272.88843517188684,1080.25,269.3697787308138,-105.91666666666663,49.67555526584385,-10.870680807389663,AUTUMN
520,13.75,17.875,0.0,0.0,13.75,17.875,100.0,100.0,AUTUMN
521,153.74999999999997,1070.7083333333333,237.66957708049114,1361.2083333333333,-83.91957708049117,-290.5,-54.581838751538974,-27.131571778806865,AUTUMN
522,1215.6102176641195,4308.416666666667,1121.0352053468118,4808.375,94.57501231730771,-499.95833333333303,7.780044206854417,-11.604224289665568,AUTUMN
523,158.75,919.4583333333334,186.25,963.4583333333334,-27.5,-44.0,-17.322834645669293,-4.785426202021117,AUTUMN
524,580.0000000000001,1003.0833333333334,500.0,885.6666666666667,80.00000000000011,117.41666666666663,13.793103448275879,11.705574478690698,AUTUMN
525,12.5,108.75,95.86783256880734,472.0833333333333,-83.36783256880734,-363.3333333333333,-666.9426605504589,-334.0996168582375,AUTUMN
526,30.000000000000004,122.99999999999999,0.0,0.0,30.000000000000004,122.99999999999999,100.0,100.0,AUTUMN
527,514.2630205017191,859.6666666666666,687.082988410596,943.0416666666666,-172.81996790887695,-83.375,-33.605365546267045,-9.698526560682435,AUTUMN
528,921.25,721.2916666666666,742.5,520.375,178.75,200.91666666666663,19.402985074626866,27.855121021315924,AUTUMN
529,93.75,590.5833333333334,48.74999999999999,344.3333333333333,45.00000000000001,246.25000000000006,48.00000000000001,41.69606321433612,AUTUMN
53,9105.43013897074,30614.208333333332,8954.449019612217,31252.833333333336,150.98111935852285,-638.6250000000036,1.65814373460878,-2.0860412036350344,AUTUMN
530,1447.4013157894738,2184.2083333333335,1067.4068924952126,2577.625,379.9944232942612,-393.4166666666665,26.253563482978887,-18.01186547376051,AUTUMN
531,130.0,327.375,30.0,112.45833333333333,100.0,214.91666666666669,76.92307692307692,65.64846633575156,AUTUMN
532,267.5373014208017,1152.375,150.0,670.9166666666666,117.53730142080173,481.45833333333337,43.93305187598147,41.779657952778685,AUTUMN
533,1877.4699782754392,5094.125,2124.405825254645,5060.708333333333,-246.93584697920596,33.41666666666697,-13.152585651783912,0.6559844265043941,AUTUMN
534,883.5851583664901,3127.5833333333335,723.6275733545843,2668.2916666666665,159.95758501190573,459.29166666666697,18.103244887863898,14.685193573312738,AUTUMN
535,0.0,0.0,41.25,121.95833333333334,-41.25,-121.95833333333334,,,AUTUMN
536,1569.1130347122703,2667.25,1153.1727685364099,2802.0833333333335,415.9402661758604,-134.83333333333348,26.507986166345997,-5.055144187209054,AUTUMN
537,1502.2043747559987,5348.458333333333,898.13169472711,4817.541666666667,604.0726800288887,530.9166666666661,40.212416511369,9.92653646299945,AUTUMN
538,713.6139424638694,3524.7083333333335,691.5987971848158,3308.1666666666665,22.015145279053627,216.54166666666697,3.085021742013997,6.143534334992266,AUTUMN
539,2705.3183087747493,9833.458333333334,2230.6009196609702,6883.541666666667,474.71738911377906,2949.916666666667,17.547561319273395,29.99877120206099,AUTUMN
54,1766.599384369304,2646.25,1660.2141245307134,2552.0416666666665,106.38525983859063,94.20833333333348,6.022036505835836,3.5600692804282845,AUTUMN
540,2260.048472315639,6198.958333333334,2852.075578391351,6463.416666666666,-592.0271060757118,-264.4583333333321,-26.195327813881907,-4.266173752310516,AUTUMN
541,701.8092613396996,1357.4166666666667,503.49702146125924,1062.2916666666667,198.31223987844032,295.125,28.257284536239602,21.741666155073975,AUTUMN
542,511.24999999999994,516.75,835.0,981.0416666666666,-323.75000000000006,-464.29166666666663,-63.32518337408315,-89.84841154652474,AUTUMN
543,501.25,1084.6666666666667,515.0,1197.125,-13.75,-112.45833333333326,-2.743142144638404,-10.368008604794092,AUTUMN
544,140.90043231559036,634.0,199.1573657452618,830.0416666666666,-58.25693342967145,-196.04166666666663,-41.34617081882823,-30.9213985278654,AUTUMN
545,302.5,152.41666666666669,0.0,0.0,302.5,152.41666666666669,100.0,100.0,AUTUMN
546,825.0,549.9166666666666,302.5,300.75,522.5,249.16666666666663,63.333333333333336,45.30989543870283,AUTUMN
547,30.0,120.91666666666667,0.0,0.0,30.0,120.91666666666667,100.0,100.0,AUTUMN
548,6152.928777690191,10575.708333333334,3535.711019850696,7884.75,2617.217757839495,2690.958333333334,42.53612957993637,25.444710165197762,AUTUMN
549,7238.273466508948,26672.25,6885.054879884922,26805.916666666668,353.2185866240261,-133.66666666666788,4.879873470632838,-0.5011450727503974,AUTUMN
55,218.75,663.9166666666667,150.0,567.3333333333334,68.75,96.58333333333337,31.428571428571427,14.547508472448856,AUTUMN
550,1022.5000000000001,2325.416666666667,2203.75,2646.833333333333,-1181.25,-321.41666666666606,-115.52567237163812,-13.821895717613303,AUTUMN
551,261.25,253.375,371.25,183.75,-110.0,69.625,-42.10526315789474,27.47903305377405,AUTUMN
552,911.25,1352.0,1006.25,1089.6666666666667,-95.0,262.33333333333326,-10.425240054869684,19.403353057199205,AUTUMN
553,1588.1313195146613,5175.708333333333,1538.6768216437422,4270.916666666667,49.45449787091911,904.7916666666661,3.1140055777020117,17.481504141945134,AUTUMN
554,343.75,277.625,343.75000000000006,270.75,-5.684341886080802e-14,6.875,-1.653626730496233e-14,2.4763619990995047,AUTUMN
555,1416.25,1031.875,1086.25,1144.0416666666667,330.0,-112.16666666666674,23.300970873786408,-10.870179689077336,AUTUMN
556,250.1184763047391,1011.0416666666666,279.28396851698426,1135.8333333333333,-29.16549221224517,-124.79166666666663,-11.660670832134189,-12.34288069235524,AUTUMN
557,2294.110433361666,6630.916666666666,3119.463082203817,7589.541666666666,-825.3526488421512,-958.625,-35.97702346145228,-14.456900126930668,AUTUMN
558,2519.152580193274,9736.166666666666,2801.683854352619,11711.458333333334,-282.53127415934523,-1975.2916666666679,-11.215329963763804,-20.288186657993407,AUTUMN
559,0.0,0.0,0.0,0.0,0.0,0.0,,,AUTUMN
56,6040.096253665866,15043.208333333332,5494.248407769873,13415.291666666668,545.8478458959935,1627.9166666666642,9.037071976538561,10.82160554181426,AUTUMN
560,508.75000000000006,401.875,371.25,326.25,137.50000000000006,75.625,27.027027027027035,18.818040435458787,AUTUMN
561,0.0,0.0,89.99999999999999,578.2916666666666,-89.99999999999999,-578.2916666666666,,,AUTUMN
562,289.1978648159605,1383.2916666666667,59.61389331787216,287.45833333333337,229.58397149808832,1095.8333333333335,79.38646837665651,79.21925359197566,AUTUMN
563,2839.099086991845,12266.916666666666,3554.02086502067,13869.666666666666,-714.921778028825,-1602.75,-25.18129012490075,-13.065630455901035,AUTUMN
564,247.83395755305867,1219.0,259.08395755305867,1379.875,-11.25,-160.875,-4.539329521698613,-13.197292863002462,AUTUMN
565,1500.4512010266958,2358.8333333333335,1005.625,1675.4166666666665,494.8262010266958,683.416666666667,32.97849344837786,28.972655973998457,AUTUMN
566,5381.7954438401175,12980.833333333334,5185.150291269343,12196.0,196.64515257077437,784.8333333333339,3.6538949616869965,6.046093599537785,AUTUMN
567,3493.9493242887465,6518.458333333333,3550.173361466116,7534.083333333334,-56.22403717736961,-1015.6250000000009,-1.6091829605689825,-15.580754651854043,AUTUMN
568,4555.157745079006,12186.458333333332,5762.751433570951,12319.416666666668,-1207.5936884919447,-132.95833333333576,-26.51046914448842,-1.0910334216599908,AUTUMN
569,11526.35502523878,35767.166666666664,10250.573492495747,32496.75,1275.7815327430326,3270.4166666666642,11.068386579708042,9.143628001472479,AUTUMN
57,7710.079752548048,21245.958333333332,5979.977055434542,18103.583333333336,1730.102697113506,3142.3749999999964,22.439491582972757,14.790460146341543,AUTUMN
570,3066.8192969892616,13820.041666666666,2959.2984444486515,9345.541666666666,107.52085254061012,4474.5,3.505940263456827,32.37689225490758,AUTUMN
571,2730.8387278522855,8382.375,2668.4063637611207,7102.208333333333,62.4323640911648,1280.166666666667,2.286197403545166,15.27212355289124,AUTUMN
572,736.8263709836274,2777.875,707.4594296028492,3013.0416666666665,29.366941380778144,-235.16666666666652,3.9855985802428195,-8.465703700370481,AUTUMN
573,0.0,0.0,481.25,312.9583333333333,-481.25,-312.9583333333333,,,AUTUMN
574,6247.1546189983055,19917.75,6418.716852800583,21931.833333333336,-171.56223380227766,-2014.0833333333358,-2.7462459994272828,-10.112002276026839,AUTUMN
575,2614.5349242142815,10977.958333333332,2156.3237337830187,10259.166666666666,458.2111904312628,718.7916666666661,17.52553336303068,6.547589677801347,AUTUMN
576,224.99999999999997,872.125,256.24999999999994,994.0,-31.24999999999997,-121.875,-13.888888888888879,-13.974487602121256,AUTUMN
577,10135.004831606766,26720.958333333336,10298.53417490696,27160.25,-163.52934330019343,-439.29166666666424,-1.613510264841858,-1.6439966755184274,AUTUMN
578,5708.497631975746,14185.0,5490.7797954284,13289.791666666666,217.71783654734645,895.2083333333339,3.813925319471368,6.310950534602284,AUTUMN
579,4523.0577742785645,6484.041666666667,3249.4018029664953,6065.375,1273.6559713120691,418.66666666666697,28.159179804313233,6.456878104577268,AUTUMN
58,2029.8204440739241,7141.416666666666,2018.6495708913078,5909.0,11.170873182616333,1232.416666666666,0.5503379973942907,17.257313558234237,AUTUMN
580,3830.5502546213283,13219.666666666666,3216.427441009595,12662.041666666668,614.1228136117334,557.6249999999982,16.032234869411546,4.218147204921946,AUTUMN
581,56.25,265.9583333333333,240.3494403494403,915.75,-184.0994403494403,-649.7916666666667,-327.28789395456056,-244.32085226382583,AUTUMN
582,385.0,278.5,302.5,227.45833333333334,82.5,51.04166666666666,21.428571428571427,18.327348892878515,AUTUMN
583,1308.4355726859505,6220.666666666667,1309.1470748840259,4918.375,-0.7115021980753227,1302.291666666667,-0.054378084250243534,20.93492123030758,AUTUMN
584,4512.7277499900665,11242.875,4406.5031207187985,11368.333333333334,106.22462927126799,-125.45833333333394,2.353889601948662,-1.1158919167324544,AUTUMN
585,2808.678557003234,12959.875,2743.2876018439233,12951.083333333332,65.39095515931058,8.79166666666788,2.3281751126793426,0.06783758845411611,AUTUMN
586,8278.38307411689,22276.875,8463.119111328977,19784.833333333332,-184.73603721208747,2492.041666666668,-2.2315473391136167,11.186675270506605,AUTUMN
59,2364.3623255693224,5529.625,1833.9079977995482,3035.5416666666665,530.4543277697742,2494.0833333333335,22.43540772212416,45.10402302748077,AUTUMN
6,1351.3932554313224,5546.5,1621.124638483704,6514.25,-269.7313830523817,-967.75,-19.959503421251863,-17.447940142432163,AUTUMN
60,2714.21284494062,11339.708333333334,2301.8851567639235,9319.458333333334,412.3276881766965,2020.25,15.191427928921954,17.815713955017948,AUTUMN
61,654.6425489607564,1157.5416666666667,844.614676383012,1511.0,-189.97212742225565,-353.45833333333326,-29.019214794980254,-30.535257910082425,AUTUMN
62,828.5609390654868,3323.6666666666665,602.8402204709895,2515.1666666666665,225.72071859449727,808.5,27.2425005756465,24.325544077825697,AUTUMN
63,131.25,893.6666666666666,127.49999999999999,859.0833333333334,3.750000000000014,34.58333333333326,2.857142857142868,3.869824692278992,AUTUMN
64,495.00000000000006,414.4583333333333,1086.25,1006.875,-591.25,-592.4166666666667,-119.44444444444443,-142.9375691163165,AUTUMN
65,427.15335868187583,1877.9166666666667,616.9453264871178,2483.9166666666665,-189.79196780524194,-605.9999999999998,-44.4318097815989,-32.2698025293987,AUTUMN
66,0.0,0.0,0.0,0.0,0.0,0.0,,,AUTUMN
67,1145.9634859654225,3940.3333333333335,1079.5874048745186,3426.9583333333335,66.37608109090388,513.375,5.79216370362665,13.028720074443786,AUTUMN
68,3415.8772376224238,5893.041666666666,3890.8393968531773,6589.833333333334,-474.9621592307535,-696.7916666666679,-13.904544168025918,-11.823973188718355,AUTUMN
69,633.5535102497507,3415.666666666667,1240.1409413590613,4751.75,-606.5874311093106,-1336.083333333333,-95.74367773137112,-39.116326729774556,AUTUMN
7,1619.124207453765,7621.708333333333,1391.7360279805089,6587.5,227.38817947325606,1034.208333333333,14.043899685178987,13.569245739964243,AUTUMN
70,4733.706961812877,14587.666666666668,4644.879390898523,12655.375,88.82757091435451,1932.2916666666679,1.876490700225686,13.24606402668922,AUTUMN
71,3784.568720463796,12159.583333333332,2768.0939238630594,8277.75,1016.4747966007367,3881.833333333332,26.85840505694843,31.924065380529754,AUTUMN
72,3167.492930082287,7242.791666666667,1748.0061140786718,5521.25,1419.486816003615,1721.541666666667,44.81420629301101,23.769034729932635,AUTUMN
73,0.0,0.0,110.00000000000001,228.5,-110.00000000000001,-228.5,,,AUTUMN
74,2028.75,3908.25,1558.75,3010.25,470.0,898.0,23.16697473813925,22.97703575769206,AUTUMN
75,3420.0,6325.375,3736.25,6397.375,-316.25,-72.0,-9.247076023391813,-1.1382724344406459,AUTUMN
76,5271.929125633748,13309.291666666668,4671.887618730065,9809.125,600.0415069036835,3500.166666666668,11.381820441896616,26.29866978896323,AUTUMN
77,1164.572039775937,2622.4583333333335,421.05930900327445,2242.9166666666665,743.5127307726625,379.54166666666697,63.844288320344184,14.472743450007162,AUTUMN
78,290.0,1024.0,562.5,1687.625,-272.5,-663.625,-93.96551724137932,-64.80712890625,AUTUMN
79,0.0,0.0,96.25,48.666666666666664,-96.25,-48.666666666666664,,,AUTUMN
8,317.40528026879576,1249.9166666666667,176.9247865504797,682.7916666666666,140.48049371831607,567.1250000000001,44.25902858306254,45.37302486832456,AUTUMN
80,1058.75,1443.6666666666665,1291.25,1990.75,-232.5,-547.0833333333335,-21.959858323494686,-37.895405218194426,AUTUMN
81,635.7037837750901,2376.625,557.5116353217251,2086.7083333333335,78.19214845336501,289.9166666666665,12.300091717092743,12.198671084696429,AUTUMN
82,639.5422360942589,1034.75,504.5706831119545,1051.125,134.9715529823044,-16.375,21.104400204525604,-1.5825078521381977,AUTUMN
83,123.74999999999999,93.45833333333334,192.49999999999997,93.91666666666667,-68.74999999999999,-0.4583333333333286,-55.55555555555555,-0.49041462327239793,AUTUMN
84,3349.5383138728944,12337.791666666666,3996.7750240367573,13068.083333333334,-647.2367101638629,-730.2916666666679,-19.323161866313963,-5.919144093182542,AUTUMN
85,7951.463288846884,22585.125,6925.110117281015,18411.791666666664,1026.3531715658692,4173.333333333336,12.907726971530924,18.47823881131203,AUTUMN
86,10050.925431476484,25986.291666666668,8900.554649750273,24741.5,1150.3707817262111,1244.7916666666679,11.445421514357223,4.790185851193983,AUTUMN
87,2934.641539268533,8855.916666666666,2253.109139343683,6787.583333333333,681.5323999248499,2068.333333333333,23.223701798166587,23.355383877069002,AUTUMN
88,3973.6805684167903,8684.166666666668,4941.277180723244,10481.625,-967.5966123064536,-1797.4583333333321,-24.35013574057784,-20.698109586412034,AUTUMN
89,2770.0,4831.333333333334,3488.75,5636.625,-718.75,-805.2916666666661,-25.947653429602887,-16.66810404305228,AUTUMN
9,426.70367268567696,2057.9583333333335,297.40164043745,1467.875,129.30203224822696,590.0833333333335,30.302535582691085,28.673240063979275,AUTUMN
90,1361.25,1504.6666666666667,935.0000000000001,798.6666666666667,426.2499999999999,706.0,31.3131313131313,46.92069118298626,AUTUMN
91,2076.25,3261.1666666666665,1122.5,1501.1666666666667,953.75,1759.9999999999998,45.936183022275735,53.96841621096744,AUTUMN
92,1040.0,2160.4166666666665,1515.0,2322.125,-475.0,-161.70833333333348,-45.67307692307692,-7.485053037608494,AUTUMN
93,5026.196350701652,18520.416666666668,3901.9159460638307,15398.791666666668,1124.280404637821,3121.625,22.368413929568682,16.85504735764584,AUTUMN
94,4562.623163244767,7517.958333333333,4294.633764725872,6293.125,267.98939851889463,1224.833333333333,5.8735816860297225,16.29210058138568,AUTUMN
95,4468.661273293603,10805.541666666666,4334.479848045888,8639.708333333332,134.1814252477152,2165.833333333334,3.002720883089389,20.043727562631837,AUTUMN
96,3351.549155964917,7429.625,3629.7390850913707,7512.041666666667,-278.18992912645353,-82.41666666666697,-8.300338624941402,-1.1092977999113949,AUTUMN
97,1525.7879499846467,6455.583333333334,2531.790976025565,8491.291666666666,-1006.0030260409185,-2035.7083333333321,-65.93334454181797,-31.53407257283744,AUTUMN
98,1128.75,1938.125,1478.66728720144,2770.083333333333,-349.9172872014401,-831.958333333333,-31.000424115299236,-42.925937869504445,AUTUMN
99,3029.2528173458745,11860.791666666666,3759.2379590291025,13805.208333333334,-729.985141683228,-1944.4166666666679,-24.0978612779773,-16.393649946075843,AUTUMN
0,1662.006596672767,6941.208333333333,2171.055727611889,8541.5,-509.0491309391218,-1600.291666666667,-30.628586670967866,-23.054943603719337,WINTER
1,3044.008728960631,11519.916666666666,3580.1203473750134,13665.083333333332,-536.1116184143825,-2145.166666666666,-17.61202631627921,-18.621373129145894,WINTER
10,3293.2028046142386,13698.458333333332,2766.875445780679,11193.083333333334,526.3273588335596,2505.374999999998,15.982233408039773,18.289466880397114,WINTER
100,4293.872922205488,13857.833333333332,3883.588796403818,14640.5,410.28412580167014,-782.6666666666679,9.55510638612317,-5.647828544625792,WINTER
101,2801.562616108376,11012.916666666666,2443.660225154383,9868.625,357.90239095399284,1144.291666666666,12.775098757248257,10.39045060724149,WINTER
102,1049.8117364554791,4228.375,1157.6374257635746,4578.5,-107.82568930809543,-350.125,-10.270954835402351,-8.280367753569633,WINTER
103,192.5,422.875,376.6910229645094,691.5,-184.1910229645094,-268.625,-95.68364829325164,-63.523499852202185,WINTER
104,242.81790084521256,787.1666666666666,245.32770124838575,892.2083333333334,-2.5098004031731875,-105.04166666666674,-1.033614241139945,-13.344272708024572,WINTER
105,1042.3124283052362,3462.7083333333335,1146.3471737350574,2926.7916666666665,-104.03474542982121,535.916666666667,-9.9811479365144,15.476806449672111,WINTER
106,112.5,506.3333333333333,867.9686667258838,2100.0,-755.4686667258838,-1593.6666666666667,-671.5277037563411,-314.7465437788019,WINTER
107,3035.567012481387,7996.125,2960.0345292428465,6499.833333333333,75.53248323854041,1496.291666666667,2.4882495734066272,18.71270980214375,WINTER
108,5007.299787746815,11911.083333333334,5164.620820989243,11861.0,-157.3210332424278,50.08333333333394,-3.141833720988755,0.42047672685804344,WINTER
109,2807.483025320109,7720.166666666666,2096.6137610442065,6241.625,710.8692642759024,1478.541666666666,25.32051869467133,19.15168066319811,WINTER
11,2815.4140188816195,10805.583333333334,2476.3374728045505,9777.0,339.076546077069,1028.583333333334,12.043576674799752,9.518998665813204,WINTER
110,9566.183993648898,20973.541666666668,9227.48884013457,21640.5,338.6951535143271,-666.9583333333321,3.540546091724671,-3.179998609359008,WINTER
111,10481.167086168934,15182.583333333334,7095.405921390839,11270.958333333332,3385.761164778096,3911.625000000002,32.30328394674658,25.76389613098343,WINTER
112,4683.711448538279,12571.875,5000.553284894679,13483.5,-316.84183635639965,-911.625,-6.764759952393771,-7.251304996271439,WINTER
113,4635.0,6092.083333333334,4637.5,7111.583333333334,-2.5,-1019.5,-0.05393743257820928,-16.734833458723752,WINTER
114,3438.007352729026,6273.291666666667,3517.8802791632356,6994.25,-79.8729264342096,-720.958333333333,-2.323233147561711,-11.49250459952576,WINTER
115,6178.947208240074,13652.25,4951.255133383249,11208.75,1227.6920748568255,2443.5,19.86895232281009,17.89814865681481,WINTER
116,162.5,480.95833333333337,438.48294169304273,1182.25,-275.98294169304273,-701.2916666666666,-169.83565642648784,-145.8113142164082,WINTER
117,6765.672648051106,13205.416666666668,5679.60550744672,9725.458333333334,1086.0671406043857,3479.958333333334,16.052611426851016,26.352506862714165,WINTER
118,10029.968400434944,14935.958333333332,10502.073740169257,15281.625,-472.105339734313,-345.6666666666679,-4.7069474288058615,-2.3143253278581137,WINTER
119,3884.199996576312,9382.958333333334,3598.7020636563457,9986.25,285.4979329199664,-603.2916666666661,7.350237711024551,-6.429653050077483,WINTER
12,1587.5,5047.333333333333,1642.2405271828666,5689.416666666667,-54.74052718286657,-642.0833333333339,-3.4482221847475008,-12.72123893805311,WINTER
120,2845.5042126613253,8426.083333333332,4607.9354707192215,12697.291666666666,-1762.4312580578962,-4271.208333333334,-61.93739760481819,-50.69031677430203,WINTER
121,298.26490882207986,1248.125,684.2488036740795,2720.375,-385.9838948519996,-1472.25,-129.40975737854754,-117.95693540310465,WINTER
122,420.0,1987.7916666666667,442.47193777077587,1911.3333333333333,-22.471937770775867,76.45833333333348,-5.350461373994254,3.8463957071289405,WINTER
123,4072.625090815056,9223.708333333334,3879.6067684514082,11345.458333333332,193.0183223636477,-2121.749999999998,4.739408073651554,-23.003220866516973,WINTER
124,4746.549124517752,15369.791666666668,4461.400053385774,11812.208333333332,285.1490711319775,3557.5833333333358,6.0075027910081635,23.146594374788222,WINTER
125,7025.447386526417,15259.0,7335.8416387720135,16353.375,-310.39425224559636,-1094.375,-4.418142150503873,-7.171996854315486,WINTER
126,8336.85514190282,20018.625,9704.851066099392,22589.541666666668,-1367.9959241965717,-2570.916666666668,-16.409016360626573,-12.842623640068526,WINTER
127,6577.581999024086,18235.791666666668,6788.093058863141,19040.541666666668,-210.51105983905472,-804.75,-3.2004323149492957,-4.413024752147219,WINTER
128,1337.066812613045,4702.541666666667,1616.9158934426384,6282.875,-279.8490808295935,-1580.333333333333,-20.930074562443238,-33.60594005015018,WINTER
129,511.8034709193246,1489.125,803.2451923076924,1762.6666666666665,-291.4417213883678,-273.5416666666665,-56.9440689538246,-18.369288452390933,WINTER
13,565.0,1304.9166666666667,1289.6275814454843,3504.0,-724.6275814454843,-2199.083333333333,-128.25266928238662,-168.5228941822594,WINTER
130,421.70759116531775,1435.25,251.3084683583002,817.75,170.39912280701756,617.5,40.406937502867414,43.02386343842536,WINTER
131,577.5000000000001,386.66666666666663,783.75,640.7916666666666,-206.2499999999999,-254.125,-35.71428571428569,-65.7219827586207,WINTER
132,1893.4295659789855,6704.791666666667,1185.939310882238,4694.083333333333,707.4902550967474,2010.708333333334,37.36554386859086,29.989124693160996,WINTER
133,5921.3027414845,14416.0,4572.835167179638,14455.458333333332,1348.467574304862,-39.45833333333212,22.773157076694147,-0.27371207917128276,WINTER
134,10757.081353101345,30839.458333333332,10759.055616825353,30179.5,-1.9742637240087788,659.9583333333321,-0.01835315416146392,2.1399803012104313,WINTER
135,6050.711703829349,15789.916666666668,6296.38080643342,15296.625,-245.66910260407076,493.2916666666679,-4.060168697982962,3.1240929073934387,WINTER
136,4280.323523609576,12957.458333333334,3705.009621207009,11030.25,575.3139024025672,1927.208333333334,13.440897615080456,14.87335157679458,WINTER
137,3951.4896185679645,9770.291666666668,2938.5947165402154,8856.416666666668,1012.8949020277491,913.875,25.633242139070237,9.35361022146217,WINTER
138,4872.5,4872.625,4890.0,4861.416666666666,-17.5,11.20833333333394,-0.35915854284248333,0.2300265941527193,WINTER
139,2331.0652183084853,9742.916666666666,1993.588224490009,8210.958333333334,337.47699381847633,1531.9583333333321,14.477372454785423,15.723816447846714,WINTER
14,270.0,1339.3333333333333,245.98504974950197,1310.7916666666667,24.014950250498032,28.541666666666515,8.894426018702974,2.1310353409656435,WINTER
140,1146.6505293669265,1566.0416666666665,579.8993184634448,1598.3333333333335,566.7512109034817,-32.29166666666697,49.426673287840266,-2.0619928162831114,WINTER
141,7718.894758523338,22740.125,7648.530853566377,22299.666666666664,70.36390495696105,440.45833333333576,0.911580053339424,1.936921337650236,WINTER
142,11077.775559312899,20796.5,9530.918217538974,20889.875,1546.8573417739244,-93.375,13.963609693044445,-0.44899382107566177,WINTER
143,6444.744774645032,12756.875,5100.370780906258,11040.0,1344.3739937387736,1716.875,20.860003626952317,13.458429278330312,WINTER
144,4237.656939076327,11482.083333333334,4923.119785587751,13364.625,-685.4628465114238,-1882.541666666666,-16.175515299283113,-16.395471205138435,WINTER
145,0.0,0.0,0.0,0.0,0.0,0.0,,,WINTER
146,13.75,74.58333333333334,357.49999999999994,352.9583333333333,-343.74999999999994,-278.375,-2499.9999999999995,-373.24022346368713,WINTER
147,959.4307525568245,3732.3333333333335,962.8396500924199,3679.25,-3.408897535595429,53.083333333333485,-0.35530417661836716,1.422255961418241,WINTER
148,5757.029156919113,11575.0,5872.273423450376,12047.833333333334,-115.24426653126284,-472.83333333333394,-2.0018009878021195,-4.084953203743706,WINTER
149,6472.970495712204,13565.75,5635.9998729552735,12634.416666666668,836.9706227569304,931.3333333333321,12.930240039118868,6.865328738428263,WINTER
15,40.0,122.33333333333334,593.6985495883966,1361.2916666666665,-553.6985495883966,-1238.9583333333333,-1384.2463739709915,-1012.7724795640326,WINTER
150,3200.1703738867272,9891.791666666666,2891.8725753220824,10902.416666666666,308.29779856464484,-1010.625,9.633793284268348,-10.216804336929188,WINTER
151,838.7500000000001,788.5,1347.5,901.3333333333333,-508.7499999999999,-112.83333333333326,-60.65573770491801,-14.30987106320016,WINTER
152,7878.088278597099,19678.333333333332,8298.002607886303,19856.0,-419.91432928920403,-177.66666666666788,-5.330155165054597,-0.9028542390107626,WINTER
153,4340.212164799388,14360.416666666668,4066.8790767254814,12575.333333333334,273.33308807390677,1785.083333333334,6.297689552845642,12.430581749601048,WINTER
154,2723.727603814614,6607.041666666667,2552.695366002131,5085.75,171.03223781248334,1521.291666666667,6.279344438590357,23.025307594801003,WINTER
155,882.4717186366933,3634.0,1181.2845449490155,4993.041666666667,-298.8128263123223,-1359.041666666667,-33.86089548274138,-37.397954503760786,WINTER
156,16514.02587431701,24337.666666666664,17112.301715400572,24993.541666666668,-598.2758410835631,-655.8750000000036,-3.6228345870162126,-2.6948967992001576,WINTER
157,3270.0,7135.125,1961.3033369803063,5159.458333333334,1308.6966630196937,1975.666666666666,40.021304679501334,27.689307008169667,WINTER
158,1707.2451991942107,5991.041666666667,1822.2976895636236,5864.083333333334,-115.05249036941291,126.95833333333303,-6.739072420512041,2.1191362103140055,WINTER
159,9607.083073794889,19912.0,11294.911744854424,23193.208333333336,-1687.8286710595348,-3281.2083333333358,-17.568586199315817,-16.47854727467525,WINTER
16,413.2512126627521,1459.7083333333335,191.8600655942527,937.2083333333334,221.3911470684994,522.5000000000001,53.573018126669915,35.79482202494791,WINTER
160,11384.648791958107,22615.375,10853.94022603763,23146.5,530.7085659204768,-531.125,4.661615616068533,-2.3485129032792957,WINTER
161,6449.320976967512,11531.5,6986.311441700949,11980.583333333334,-536.990464733437,-449.08333333333394,-8.326310113129635,-3.8944051800141692,WINTER
162,4824.205417778752,11243.083333333332,4707.440967988798,10030.208333333334,116.7644497899546,1212.8749999999982,2.420387186657516,10.787743575679848,WINTER
163,0.0,0.0,0.0,0.0,0.0,0.0,,,WINTER
164,6126.856284107944,12431.25,5738.261439178518,11897.125,388.59484492942556,534.125,6.34248343538556,4.296631473102061,WINTER
165,4135.681669949822,14600.5,5239.328461806916,15563.5,-1103.6467918570934,-963.0,-26.68597053482803,-6.595664532036574,WINTER
166,1193.406102051552,2740.166666666667,684.8934623691644,1839.9166666666667,508.51263968238754,900.2500000000002,42.61019269201132,32.85384100723801,WINTER
167,0.0,0.0,0.0,0.0,0.0,0.0,,,WINTER
168,301.4967287908309,1140.6666666666667,301.561449041288,1140.625,-0.06472025045707142,0.04166666666674246,-0.021466319291965626,0.003652834599655972,WINTER
169,612.3667448352905,2612.125,1236.3227111735523,3888.7083333333335,-623.9559663382618,-1276.5833333333335,-101.89252953409292,-48.87144885230735,WINTER
17,1532.5867253143633,5737.708333333333,1375.223696381563,4985.958333333333,157.36302893280026,751.75,10.267805817026247,13.101920772666208,WINTER
170,2752.2078663793627,7703.25,1894.0434983999987,6514.708333333333,858.164367979364,1188.541666666667,31.18094306983843,15.429093780763536,WINTER
171,6112.803895171708,14122.916666666666,5204.794794051548,11186.541666666666,908.0091011201603,2936.375,14.854216112467883,20.79156217731229,WINTER
172,3990.2992672853234,5945.083333333334,3976.0814207931917,6158.291666666667,14.217846492131684,-213.20833333333303,0.3563102800007368,-3.5862967998766435,WINTER
173,3972.6806002618905,14565.291666666666,3773.0751268426375,13987.208333333334,199.60547341925303,578.0833333333321,5.024453096130972,3.9689101087917256,WINTER
174,5126.16034860711,13977.666666666666,6845.390459113094,16517.75,-1719.2301105059842,-2540.083333333334,-33.538359972940306,-18.17244175231918,WINTER
175,6319.39581817358,12911.875,9382.065360231896,15782.625,-3062.6695420583164,-2870.75,-48.46459424571198,-22.23340916791713,WINTER
176,2161.060824569136,4703.291666666666,1240.2076349195656,3665.0416666666665,920.8531896495704,1038.2499999999995,42.61116481222441,22.074965228253255,WINTER
177,1652.11673599289,4505.541666666667,3096.5668178191145,8033.25,-1444.4500818262245,-3527.708333333333,-87.43026750819386,-78.29709709339424,WINTER
178,6177.825985102969,10215.958333333334,5501.1390885164,8955.708333333334,676.6868965865688,1260.25,10.95347939903636,12.336091817132509,WINTER
179,1201.25,2018.375,1951.25,2414.583333333333,-750.0,-396.20833333333303,-62.43496357960458,-19.630065440432674,WINTER
18,1500.6755986066787,5873.833333333333,1541.3869893010117,5679.875,-40.71139069433298,193.95833333333303,-2.712870838449828,3.3020741707573085,WINTER
180,582.8474996301228,641.25,163.79157391645936,636.4166666666666,419.05592571366344,4.833333333333371,71.89803953514391,0.7537361923326895,WINTER
181,385.0,212.83333333333331,0.0,0.0,385.0,212.83333333333331,100.0,100.0,WINTER
182,1431.25,1420.1666666666665,482.5,825.0833333333333,948.75,595.0833333333333,66.2882096069869,41.902358878065954,WINTER
183,820.0,1670.5416666666667,992.5,1564.4166666666667,-172.5,106.125,-21.036585365853657,6.3527299029755815,WINTER
184,288.75,393.5416666666667,450.0,889.0416666666667,-161.25,-495.50000000000006,-55.84415584415584,-125.90788777130759,WINTER
185,304.3469698609237,1063.4166666666667,232.22314071274863,793.875,72.12382914817508,269.54166666666674,23.69789624688336,25.346759658333994,WINTER
186,0.0,0.0,162.88776037183683,763.7083333333334,-162.88776037183683,-763.7083333333334,,,WINTER
187,3008.3050963104424,5648.25,2056.086646782439,4124.791666666667,952.2184495280035,1523.458333333333,31.652987946463895,26.972218533764142,WINTER
188,2978.8812066562678,8861.25,2410.4540372926913,7139.0,568.4271693635765,1722.25,19.081901221620857,19.435745521230075,WINTER
189,6639.140634164494,18468.083333333332,5524.059550876149,15981.541666666666,1115.0810832883453,2486.541666666666,16.79556353348242,13.463994188171482,WINTER
19,976.9790169482524,3807.4583333333335,846.2205878840437,2912.5,130.7584290642087,894.9583333333335,13.383954700752248,23.505400584379345,WINTER
190,7032.689262589004,20982.375,8536.146458390864,23187.916666666668,-1503.4571958018596,-2205.541666666668,-21.37812634207556,-10.511401434140168,WINTER
191,10267.506668551527,22608.708333333336,8611.73396245902,21507.5,1655.7727060925063,1101.2083333333358,16.126336797656954,4.8707264346887085,WINTER
192,5092.909175475581,10851.958333333332,5400.03400362662,9844.0,-307.12482815103886,1007.9583333333321,-6.0304399228238585,9.288262103230206,WINTER
193,3602.4870147308166,5207.083333333334,2836.0274176542102,5652.166666666667,766.4595970766063,-445.08333333333303,21.275846212422152,-8.547651436344715,WINTER
194,398.6161957819339,1762.1666666666667,448.75,1257.0416666666667,-50.133804218066075,505.125,-12.576961184359945,28.66499574387591,WINTER
195,2502.4466943999805,5461.5,2056.467860854542,5276.833333333333,445.97883354543865,184.66666666666697,17.82171162900125,3.3812444688577674,WINTER
196,6329.179962508389,15483.416666666668,6948.487125057907,14841.125,-619.3071625495186,642.2916666666679,-9.784951071356074,4.148255391521044,WINTER
197,8524.63883221344,23422.083333333332,7045.039897383844,20196.916666666668,1479.598934829597,3225.1666666666642,17.356734566142507,13.76976855887427,WINTER
198,3550.839990817918,8069.541666666666,3160.9522334566936,6336.333333333333,389.88775736122443,1733.208333333333,10.980155635551906,21.478398711203134,WINTER
199,118.75,161.75,223.75000000000003,418.125,-105.00000000000003,-256.375,-88.42105263157897,-158.50077279752705,WINTER
2,848.5336799276673,3814.5,625.0,1903.5,223.53367992766732,1911.0,26.34352474338111,50.09830908375934,WINTER
20,3746.95973602934,12618.875,2436.853589669343,9639.625,1310.1061463599972,2979.25,34.964510927686646,23.609473903180753,WINTER
200,1227.5,2224.5833333333335,2666.25,3061.666666666667,-1438.75,-837.0833333333335,-117.20977596741344,-37.628769432477995,WINTER
201,1134.2204699407282,3560.2083333333335,1010.9787909280903,2922.5416666666665,123.24167901263786,637.666666666667,10.865760430075662,17.91093685996841,WINTER
202,219.99999999999997,453.7916666666667,0.0,0.0,219.99999999999997,453.7916666666667,100.0,100.0,WINTER
203,0.0,0.0,0.0,0.0,0.0,0.0,,,WINTER
204,1019.9999999999999,811.1666666666666,522.5,442.04166666666663,497.4999999999999,369.125,48.77450980392156,45.50544483254572,WINTER
205,2558.998322195994,5711.583333333333,3813.5724728421446,7214.833333333333,-1254.5741506461504,-1503.25,-49.02598566651433,-26.319321845956317,WINTER
206,4649.23452386768,10861.333333333334,4359.864066561251,10706.291666666666,289.37045730642876,155.04166666666788,6.224045180360199,1.427464399705388,WINTER
207,2270.547709709862,4897.875,2142.0406398620767,5883.833333333334,128.50706984778526,-985.9583333333339,5.659738806554579,-20.130328628912213,WINTER
208,1903.547692452094,6052.625,1179.007244846155,4346.833333333333,724.5404476059391,1705.791666666667,38.06263696354292,28.182675560879236,WINTER
209,5234.360515383855,13856.833333333332,7415.755697087913,15378.875,-2181.395181704058,-1522.0416666666679,-41.674530733848165,-10.98405119014687,WINTER
21,477.6225017690832,1468.4166666666667,800.0,1468.7916666666667,-322.3774982309168,-0.375,-67.49629614116822,-0.025537710686113158,WINTER
210,1511.25,1638.5416666666665,2536.25,2825.6666666666665,-1025.0,-1187.125,-67.82464846980976,-72.45009535918628,WINTER
211,9996.65447945838,16578.583333333336,7880.587363375065,12754.583333333334,2116.0671160833153,3824.000000000002,21.167752876039824,23.065903298934877,WINTER
212,8783.364598546981,15600.958333333332,6735.703452244881,13051.708333333332,2047.6611463021,2549.25,23.312947143749916,16.340342340080607,WINTER
213,11514.575575827792,20275.291666666664,10961.82865629988,17111.125,552.7469195279118,3164.1666666666642,4.8004107132552685,15.606022930208555,WINTER
214,7068.3603707838165,17025.875,7886.573034714431,15695.041666666666,-818.2126639306143,1330.833333333334,-11.575706684574177,7.816534147779977,WINTER
215,6723.094003750023,8183.916666666666,5831.299816063764,7536.5,891.7941876862587,647.4166666666661,13.26463957203085,7.910841386051904,WINTER
216,0.0,0.0,0.0,0.0,0.0,0.0,,,WINTER
217,125.00000000000003,600.1666666666666,125.00000000000003,600.1666666666666,0.0,0.0,0.0,0.0,WINTER
218,1764.8597254924027,5138.041666666666,2169.783130495197,6739.291666666666,-404.9234050027942,-1601.25,-22.943659439552285,-31.16459740659947,WINTER
219,1138.5292895300781,4725.583333333333,1316.5396708932699,5207.625,-178.01038136319175,-482.04166666666697,-15.63511654905818,-10.20068069197807,WINTER
22,456.67804650018513,1729.3333333333333,628.8421606690379,2242.2916666666665,-172.16411416885273,-512.9583333333333,-37.69923154578067,-29.662201233616035,WINTER
220,0.0,0.0,0.0,0.0,0.0,0.0,,,WINTER
221,0.0,0.0,160.75736104550464,529.25,-160.75736104550464,-529.25,,,WINTER
222,82.5,136.33333333333334,137.5,163.41666666666666,-55.0,-27.083333333333314,-66.66666666666667,-19.86552567237162,WINTER
223,540.0,963.0,340.0,538.875,200.0,424.125,37.03703703703704,44.04205607476636,WINTER
224,3865.621031162356,7349.25,3557.8041357756774,8953.291666666666,307.8168953866784,-1604.041666666666,7.962935137853408,-21.825923280153294,WINTER
225,16549.00756534696,32626.75,18280.56388240828,33855.25,-1731.5563170613204,-1228.5,-10.46320336868501,-3.7653152704452633,WINTER
226,4509.182911041282,9252.791666666668,3847.8802521254747,7762.541666666666,661.3026589158071,1490.2500000000018,14.66568715357559,16.10595000607926,WINTER
227,18409.303788737423,27687.25,20360.04035124963,32848.583333333336,-1950.7365625122075,-5161.333333333336,-10.596471137086906,-18.641552820642485,WINTER
228,6700.286449511254,15353.0,8316.740812747494,18855.291666666664,-1616.4543632362393,-3502.2916666666642,-24.125153087360168,-22.811774028962834,WINTER
229,8840.242997637282,16328.916666666666,9413.564207515188,18873.208333333336,-573.3212098779059,-2544.2916666666697,-6.485355776205886,-15.581509285674207,WINTER
23,358.39723494225484,1549.375,253.75000000000003,1073.4166666666665,104.64723494225481,475.9583333333335,29.198672517413712,30.719376092510434,WINTER
230,11750.779456271644,19883.666666666664,11661.485695804251,20431.333333333332,89.29376046739344,-547.6666666666679,0.7598964885664281,-2.7543544953144186,WINTER
231,3312.6033426270646,7844.541666666667,5305.8134490262855,8200.75,-1993.2101063992209,-356.20833333333303,-60.170503384763926,-4.540843155272505,WINTER
232,437.2743117955188,1780.625,754.5278396357035,1885.0,-317.25352784018463,-104.375,-72.55251892970581,-5.861705861705862,WINTER
233,5669.945025537725,10360.208333333332,6508.626208196697,13386.666666666666,-838.6811826589719,-3026.458333333334,-14.791698665181208,-29.212330833115494,WINTER
234,3189.4851314660696,4875.791666666667,3549.049709121633,6130.333333333334,-359.5645776555634,-1254.541666666667,-11.273436395995581,-25.730009656551506,WINTER
235,1484.6121180340551,4509.916666666667,847.6575183495673,2825.125,636.9545996844878,1684.791666666667,42.90377209960756,37.35748997579409,WINTER
236,1935.728266921491,3486.916666666667,1458.6622295589696,2975.625,477.06603736252146,511.29166666666697,24.645299937745353,14.663145567956416,WINTER
237,26.46839157108562,156.20833333333331,215.73351184108625,944.9166666666666,-189.26512027000064,-788.7083333333333,-715.0609048596518,-504.9079754601227,WINTER
238,1473.75,2404.375,1386.25,2453.791666666667,87.5,-49.41666666666697,5.937234944868533,-2.055281171475621,WINTER
239,326.25,754.875,667.5,826.4166666666666,-341.25,-71.54166666666663,-104.59770114942529,-9.477286526466848,WINTER
24,781.9335000892372,3106.5416666666665,961.4615804603465,3551.375,-179.52808037110924,-444.8333333333335,-22.95950747098325,-14.319245677803567,WINTER
240,288.75,238.54166666666669,0.0,0.0,288.75,238.54166666666669,100.0,100.0,WINTER
241,470.0,1016.4583333333333,1037.5,2192.083333333333,-567.5,-1175.6249999999998,-120.74468085106383,-115.65894650543142,WINTER
242,222.5,291.58333333333337,717.5,727.1666666666666,-495.0,-435.58333333333326,-222.47191011235955,-149.38553872535007,WINTER
243,2559.3555503179705,8333.583333333332,1895.449411317749,8092.708333333333,663.9061390002214,240.8749999999991,25.94036373405558,2.8904132876013615,WINTER
244,7116.270631788421,16589.875,4639.27775299522,11992.916666666666,2476.9928787932013,4596.958333333334,34.80745754283796,27.70942115798542,WINTER
245,16637.155412374996,36180.125,14899.83674787964,32816.083333333336,1737.3186644953548,3364.0416666666642,10.442402089981728,9.298037711773146,WINTER
246,26793.903643972713,43780.70833333333,23427.80635004098,37234.33333333333,3366.0972939317326,6546.375,12.562922292545213,14.952647522643632,WINTER
247,12132.192529012022,26338.75,11596.458982200587,26610.125,535.7335468114343,-271.375,4.41580155878932,-1.030326040529638,WINTER
248,27486.367161430015,49739.0,23405.905282935026,41867.75,4080.461878494989,7871.25,14.845402648265786,15.825107058847182,WINTER
249,8379.48217565066,14629.833333333334,9317.120745019316,14243.291666666668,-937.6385693686552,386.54166666666606,-11.189695851293438,2.642146754918598,WINTER
25,1553.75,2778.9583333333335,1310.0,2223.2083333333335,243.75,555.75,15.687851971037812,19.998500637229178,WINTER
250,4428.717795450334,10478.583333333334,4796.842969110527,10248.625,-368.12517366019256,229.95833333333394,-8.312229197316912,2.194555561741017,WINTER
251,1700.7073754331334,5694.583333333333,1397.4057323825393,4847.0,303.30164305059407,847.583333333333,17.833852397644225,14.884027218848315,WINTER
252,717.5,978.9583333333334,603.75,606.4166666666667,113.75,372.54166666666663,15.853658536585366,38.054905298999785,WINTER
253,2305.7090572997386,4446.0,3733.461039198394,5253.416666666666,-1427.7519818986552,-807.4166666666661,-61.922469245565786,-18.16051881841354,WINTER
254,6966.433890152526,16066.625,6910.068336530029,17376.916666666668,56.36555362249692,-1310.2916666666679,0.8091019668208296,-8.155363473452999,WINTER
255,1138.0026495310026,4269.958333333333,1389.6322899729107,3769.666666666667,-251.62964044190812,500.29166666666606,-22.11151622060024,11.716546804711196,WINTER
256,1654.0436294888498,5341.375,1514.4152107921511,5334.791666666667,139.62841869669865,6.58333333333303,8.441640607741896,0.12325165960699315,WINTER
257,1711.7999905450545,2843.5416666666665,1899.2620378567935,2677.333333333333,-187.46204731173907,166.20833333333348,-10.951165343332503,5.845116858377909,WINTER
258,2758.087842336896,8170.0,3004.3926012978527,7821.458333333333,-246.30475896095686,348.54166666666697,-8.93027245833714,4.266115871073035,WINTER
259,285.0,658.5416666666666,200.0,738.5833333333333,85.0,-80.04166666666663,29.82456140350877,-12.154381524833907,WINTER
26,1697.6447352103733,3366.0833333333335,1723.2111035432545,2704.0833333333335,-25.56636833288121,662.0,-1.5059904939246909,19.66677394598074,WINTER
260,1196.25,2643.9166666666665,2642.5,4208.0,-1446.25,-1564.0833333333335,-120.89864158829675,-59.157815110158545,WINTER
261,3002.5,5921.333333333333,2621.25,4911.916666666667,381.25,1009.4166666666661,12.6977518734388,17.047117766268848,WINTER
262,0.0,0.0,0.0,0.0,0.0,0.0,,,WINTER
263,0.0,0.0,0.0,0.0,0.0,0.0,,,WINTER
264,0.0,0.0,0.0,0.0,0.0,0.0,,,WINTER
265,189.99999999999997,401.625,150.00000000000003,285.91666666666663,39.99999999999994,115.70833333333337,21.05263157894734,28.81004253553274,WINTER
266,3172.585824511342,10762.875,3580.879990737734,10603.875,-408.294166226392,159.0,-12.86944432115653,1.477300442493293,WINTER
267,12487.62616702721,22469.375,14771.378928627611,24637.25,-2283.752761600401,-2167.875,-18.28812562975745,-9.648132179911546,WINTER
268,12791.6661320825,30327.583333333332,12956.378650554427,30197.708333333336,-164.71251847192616,129.87499999999636,-1.2876549213461275,0.42824051812018116,WINTER
269,3415.278302642184,8229.25,3422.7284322128608,8865.666666666668,-7.450129570676836,-636.4166666666679,-0.21814121458017474,-7.7335925712144835,WINTER
27,801.6292630705814,1389.8333333333333,896.5008161044614,1355.0416666666665,-94.87155303387999,34.79166666666674,-11.83484154139802,2.5032977575248885,WINTER
270,4894.629195228939,12741.791666666666,4500.070813780073,11083.791666666666,394.5583814488664,1658.0,8.061047440191462,13.012298767507186,WINTER
271,31243.75,36433.33333333333,28296.570622854342,32880.458333333336,2947.179377145658,3552.8749999999927,9.4328605789819,9.75171546203109,WINTER
272,17840.884749807217,27571.416666666664,15331.797973580247,24634.958333333332,2509.08677622697,2936.458333333332,14.063690290102246,10.650371610695856,WINTER
273,7513.235017718496,10844.083333333334,7117.16558774659,10748.166666666666,396.0694299719062,95.91666666666788,5.2716230630062,0.8845069123715809,WINTER
274,10128.410379960851,19966.583333333332,8640.555771634472,17187.791666666668,1487.854608326379,2778.7916666666642,14.68991236048366,13.917211674506142,WINTER
275,3612.946480153974,12008.916666666666,4218.86145731524,12634.583333333334,-605.914977161266,-625.6666666666679,-16.770660193544956,-5.210017556399075,WINTER
276,838.75,607.0416666666666,999.2895291876446,902.4166666666667,-160.53952918764458,-295.3750000000001,-19.140331348750472,-48.65810968494751,WINTER
277,1655.102346030203,4290.541666666667,1782.0013618930716,4423.583333333333,-126.89901586286851,-133.04166666666606,-7.6671401117422375,-3.1008128344323125,WINTER
278,4387.425260820688,17366.0,5385.840638768224,20626.708333333332,-998.4153779475364,-3260.708333333332,-22.756293693781995,-18.776392567852884,WINTER
279,3793.335480341499,9172.5,3734.668135407513,9257.625,58.66734493398599,-85.125,1.5465899401205716,-0.928045789043336,WINTER
28,4800.695042598401,13081.708333333332,5621.721236337594,17239.416666666664,-821.0261937391924,-4157.708333333332,-17.102235956541985,-31.78260994199916,WINTER
280,6441.219922432766,9599.833333333332,4661.4403216443525,6974.333333333333,1779.7796007884135,2625.499999999999,27.63109507548399,27.349433149881065,WINTER
281,2297.5,2608.166666666667,1941.25,2079.791666666667,356.25,528.375,15.505984766050055,20.258482970157836,WINTER
282,100.0,200.375,610.0,1028.0,-510.0,-827.625,-510.0,-413.03805364940735,WINTER
283,1215.0,1479.125,336.25,602.9583333333333,878.75,876.1666666666667,72.32510288065843,59.235471421730196,WINTER
284,372.5,721.875,540.0,931.9583333333334,-167.5,-210.08333333333337,-44.966442953020135,-29.102453102453104,WINTER
285,27.5,98.125,247.5,318.20833333333337,-220.0,-220.08333333333337,-800.0,-224.2887473460722,WINTER
286,3869.604289619296,7860.333333333333,4206.325474208306,6977.833333333334,-336.72118458901014,882.4999999999991,-8.701695558181683,11.22725923412916,WINTER
287,9087.912475750472,15122.25,7566.371948640106,15041.958333333332,1521.5405271103664,80.29166666666788,16.742464577760128,0.530950530950539,WINTER
288,6242.425325317929,11202.041666666666,4919.711399572531,11180.5,1322.7139257453973,21.54166666666606,21.189102901732046,0.19230125460759961,WINTER
289,6909.885836768735,16770.083333333336,5031.3297689223255,12878.0,1878.5560678464099,3892.0833333333358,27.18649934634633,23.208491311412697,WINTER
29,220.0,115.75,0.0,0.0,220.0,115.75,100.0,100.0,WINTER
290,3374.6592946132473,5179.833333333334,3761.850183266557,6282.166666666667,-387.1908886533097,-1102.333333333333,-11.47348087172408,-21.2812510055021,WINTER
291,10616.25,11558.625,11994.045240233498,12160.25,-1377.7952402334977,-601.625,-12.97817252074412,-5.204987617471802,WINTER
292,14227.5,20385.958333333336,11007.5,17337.166666666668,3220.0,3048.791666666668,22.63222632226322,14.95535121192488,WINTER
293,13359.622385154391,20709.083333333336,8042.252251594811,15236.666666666668,5317.37013355958,5472.416666666668,39.8017996337112,26.425199892156822,WINTER
294,19104.6178455774,35862.125,16183.739006041185,31156.541666666664,2920.8788395362135,4705.583333333336,15.288862950024301,13.121317638966838,WINTER
295,7416.327783405903,22227.958333333332,6322.171468624404,17449.916666666668,1094.1563147814986,4778.041666666664,14.753343524401428,21.495638938199065,WINTER
296,5693.048776650885,15000.833333333334,4819.992253320508,13722.666666666666,873.0565233303769,1278.1666666666679,15.335482929833248,8.520637742347654,WINTER
297,5909.795153048235,15615.208333333332,5095.075068942851,13435.541666666666,814.7200841053836,2179.666666666666,13.785927650726713,13.958614064813947,WINTER
298,3342.563453834281,11429.5,3671.986109301474,12688.416666666666,-329.4226554671927,-1258.916666666666,-9.85538973356839,-11.01462589497936,WINTER
299,6552.85435605379,9403.541666666668,8129.870415260048,10394.5,-1577.0160592062575,-990.9583333333321,-24.066093545163977,-10.538139442142796,WINTER
3,1016.9275738091628,3852.5416666666665,894.0457585203482,3355.875,122.88181528881466,496.6666666666665,12.083634907108413,12.891921999545751,WINTER
30,1624.2185503441267,3303.458333333333,881.8282244556113,2642.75,742.3903258885153,660.708333333333,45.70753891040239,20.000504521776413,WINTER
300,2629.166966337352,3853.458333333333,2490.091481432117,3829.7083333333335,139.07548490523504,23.749999999999545,5.289716731036628,0.6163294875814898,WINTER
301,408.4606695170537,1820.375,229.42301782421634,1036.125,179.03765169283736,784.25,43.83228669348355,43.081782599739064,WINTER
302,0.0,0.0,123.75,239.04166666666669,-123.75,-239.04166666666669,,,WINTER
303,1264.8539142717045,4282.291666666666,1556.31477479066,6316.166666666667,-291.46086051895554,-2033.875000000001,-23.043045305890285,-47.49501337873999,WINTER
304,657.6743449277872,1160.1666666666667,1051.25,1395.3333333333335,-393.57565507221284,-235.16666666666674,-59.8435469024457,-20.270076138485855,WINTER
305,5700.54237732645,17453.5,5400.919956129737,17078.791666666668,299.6224211967128,374.7083333333321,5.256033573023546,2.1468950831256315,WINTER
306,4240.730263166386,13846.708333333334,4209.735618874376,13164.708333333334,30.99464429200998,682.0,0.7308798807889163,4.925358313197179,WINTER
307,1875.0,2392.0416666666665,1290.0,2042.3333333333335,585.0,349.70833333333303,31.2,14.61965893849395,WINTER
308,261.25,177.625,261.25,177.625,0.0,0.0,0.0,0.0,WINTER
309,0.0,0.0,0.0,0.0,0.0,0.0,,,WINTER
31,508.24070086139386,2030.1666666666667,1034.561439239647,2508.25,-526.320738378253,-478.08333333333326,-103.55737694486416,-23.548969706920612,WINTER
310,190.0,406.58333333333337,160.0,279.0416666666667,30.0,127.54166666666669,15.789473684210526,31.369133019061284,WINTER
311,288.75,236.66666666666666,0.0,0.0,288.75,236.66666666666666,100.0,100.0,WINTER
312,7799.225222986183,18602.291666666668,9963.601788060394,20970.041666666664,-2164.3765650742107,-2367.7499999999964,-27.75117403579108,-12.728270486387187,WINTER
313,3619.338110060687,10875.25,3527.1256942938917,8971.041666666666,92.2124157667954,1904.208333333334,2.547770143675503,17.509559167222214,WINTER
314,6051.993417836316,9828.666666666666,5118.205240833551,11224.333333333334,933.7881770027652,-1395.6666666666679,15.429431470475878,-14.19995930271995,WINTER
315,9878.25335327047,12235.041666666668,9705.945176411471,13425.666666666668,172.3081768589982,-1190.625,1.7443182584697607,-9.731270496967385,WINTER
316,8763.57531037921,17813.375,7895.982053081518,16516.625,867.5932572976926,1296.75,9.899992030309269,7.279642403531055,WINTER
317,2427.5,3325.416666666667,1705.0,2881.4166666666665,722.5,444.00000000000045,29.76313079299691,13.35171031199099,WINTER
318,4677.587747400638,9921.375,4302.288692205011,8003.833333333334,375.29905519562726,1917.541666666666,8.023346123312878,19.327378177587946,WINTER
319,2176.260879096164,4020.666666666667,2509.134672982691,4080.7916666666665,-332.873793886527,-60.124999999999545,-15.295675122588005,-1.4953987730061236,WINTER
32,155.00000000000003,723.0833333333334,90.0,511.4166666666667,65.00000000000003,211.66666666666669,41.93548387096775,29.27279013483923,WINTER
320,7703.211780272053,18613.416666666668,7940.741305801655,17022.958333333332,-237.52952552960141,1590.4583333333358,-3.083512855480816,8.544687747637246,WINTER
321,13892.17889210844,25116.0,9957.280772440246,19851.958333333332,3934.8981196681943,5264.041666666668,28.324556933998625,20.958917290439032,WINTER
322,9639.836306151265,21481.125,9699.42826203686,22215.708333333336,-59.59195588559487,-734.5833333333358,-0.6181843134366163,-3.4196688177799617,WINTER
323,5478.799860993491,15189.916666666668,5516.179418862077,13057.291666666668,-37.379557868585835,2132.625,-0.6822581371280034,14.039741275736644,WINTER
324,11431.298952530738,30789.875,11254.028073803343,27485.75,177.27087872739503,3304.125,1.5507500894126263,10.73120628128565,WINTER
325,5845.999544702044,21683.5,6392.881396504411,23739.958333333332,-546.8818518023672,-2056.458333333332,-9.354804898983968,-9.483977832606968,WINTER
326,710.6526072487301,2823.375,897.3984095665011,3513.6666666666665,-186.745802317771,-690.2916666666665,-26.278071791047346,-24.449166924927315,WINTER
327,815.2253609963151,2019.0833333333335,805.0,931.7083333333334,10.22536099631509,1087.375,1.2542986866623387,53.854884642370706,WINTER
328,2894.4460327431707,6282.083333333334,2895.265122037078,6061.458333333333,-0.8190892939073819,220.6250000000009,-0.028298654894287373,3.5119718776945157,WINTER
329,260.4022123893805,923.125,260.3312566591689,912.0416666666666,0.07095573021160817,11.083333333333371,0.027248512814287373,1.2006319115323896,WINTER
33,875.5739899247642,3147.7083333333335,750.6062599519246,2719.0833333333335,124.9677299728396,428.625,14.272663579645366,13.617049440730689,WINTER
330,2040.8679884832998,8208.041666666666,1908.7594808227268,8039.875,132.10850766057297,168.16666666666606,6.473153011663008,2.0488037646007653,WINTER
331,6903.813444253659,14365.916666666666,5503.3638194327905,11565.125,1400.4496248208688,2800.791666666666,20.285160312182583,19.496087382752,WINTER
332,309.6079584132682,1084.625,425.0,1753.2916666666667,-115.3920415867318,-668.6666666666667,-37.27037320943321,-61.649571664553804,WINTER
333,0.0,0.0,0.0,0.0,0.0,0.0,,,WINTER
334,210.0,389.0,50.0,126.45833333333334,160.0,262.54166666666663,76.19047619047619,67.49143101970864,WINTER
335,536.2500000000001,406.6666666666667,302.5,263.2916666666667,233.7500000000001,143.375,43.5897435897436,35.256147540983605,WINTER
336,1325.0,1543.125,896.25,1335.8333333333333,428.75,207.29166666666674,32.35849056603774,13.433238828135552,WINTER
337,6883.496107376346,21518.166666666664,6450.220487119989,19324.625,433.2756202563569,2193.5416666666642,6.294412221604357,10.193905924451423,WINTER
338,5346.50001942182,12410.583333333334,6019.061976452201,13089.583333333332,-672.5619570303807,-678.9999999999982,-12.579481054656627,-5.471136865712717,WINTER
339,4629.492703063959,16793.708333333332,3756.5982450948445,12401.125,872.8944579691147,4392.583333333332,18.85507795252389,26.15612493766266,WINTER
34,0.0,0.0,165.0,184.625,-165.0,-184.625,,,WINTER
340,8532.21324064305,17498.166666666668,8548.108223293551,18347.375,-15.894982650501333,-849.2083333333321,-0.1862937810178707,-4.853127470496902,WINTER
341,2675.0,3467.5,3000.0,3571.666666666667,-325.0,-104.16666666666697,-12.149532710280374,-3.004085556356654,WINTER
342,3115.0,3401.4583333333335,2458.75,2606.8333333333335,656.25,794.625,21.06741573033708,23.361303362528325,WINTER
343,585.0,950.875,341.25,786.0000000000001,243.75,164.8749999999999,41.666666666666664,17.339292756671476,WINTER
344,1700.0,3536.5416666666665,1580.0,3164.625,120.0,371.9166666666665,7.0588235294117645,10.51639431176879,WINTER
345,5668.727211320138,12265.333333333332,5796.37102112233,11414.541666666668,-127.64380980219175,850.7916666666642,-2.2517190375168177,6.936555603869967,WINTER
346,3534.9322676159427,6041.416666666666,2063.147698566663,3881.458333333333,1471.7845690492795,2159.958333333333,41.63543903040305,35.752513897126775,WINTER
347,7628.798674103874,13204.0,8279.981304601853,13880.125,-651.1826304979795,-676.125,-8.535847625766209,-5.120607391699485,WINTER
348,4996.406471156949,15858.833333333332,5318.06787474359,13698.5,-321.6614035866414,2160.333333333332,-6.437854995255394,13.62227149958487,WINTER
349,12209.98566635115,24718.708333333332,10589.26904465962,24252.791666666668,1620.7166216915284,465.91666666666424,13.273697987688678,1.8848746479134297,WINTER
35,392.0767343776899,1678.9166666666667,457.40248130891763,1963.9166666666667,-65.32574693122774,-285.0,-16.661469861228504,-16.97523204447312,WINTER
350,4064.2045737676976,10263.5,4644.709279946395,12350.708333333334,-580.5047061786977,-2087.208333333334,-14.28335349862923,-20.336223835273874,WINTER
351,4669.314142030398,8267.833333333334,4792.002201721591,10930.625,-122.6880596911924,-2662.791666666666,-2.6275392051013915,-32.20664422359747,WINTER
352,9952.980493832822,13858.083333333332,8951.894008798154,15115.958333333332,1001.0864850346679,-1257.875,10.058157811672318,-9.076832414294907,WINTER
353,5066.028921763062,15483.375,5689.499864474783,15483.083333333334,-623.4709427117214,0.29166666666606034,-12.30689663127196,0.0018837408941271548,WINTER
354,1572.1449058959172,6876.791666666667,2567.10267586577,8249.291666666668,-994.9577699698527,-1372.500000000001,-63.28664528559196,-19.95843507449575,WINTER
355,5300.8433289129025,13319.125,4870.681544305536,11913.958333333334,430.1617846073668,1405.166666666666,8.114968843940243,10.5499923355826,WINTER
356,7391.920824901781,18227.791666666664,6887.625453788267,17297.625,504.2953711135142,930.1666666666642,6.8222507120835525,5.103013484445671,WINTER
357,2101.5646072025334,3673.083333333333,1508.8533964193425,2675.625,592.7112107831908,997.458333333333,28.20333044969622,27.155886289901755,WINTER
358,728.8818332413032,1230.75,196.15288568257492,794.0416666666666,532.7289475587282,436.70833333333337,73.08852042445724,35.4831065068725,WINTER
359,0.0,0.0,0.0,0.0,0.0,0.0,,,WINTER
36,1576.930235322889,3639.333333333333,1584.0726340652027,2889.75,-7.142398742313617,749.583333333333,-0.45293054710509456,20.5967210111742,WINTER
360,2435.0,4237.25,2720.0,4365.416666666666,-285.0,-128.16666666666606,-11.704312114989733,-3.024760556178325,WINTER
361,13396.25,24190.75,12285.0,22844.375,1111.25,1346.375,8.29523187459177,5.565660428056178,WINTER
362,11628.133337921781,26611.583333333332,10034.780052700386,24286.208333333332,1593.3532852213957,2325.375,13.702571504104933,8.73820610698975,WINTER
363,3213.190829568929,10017.583333333334,1960.966895316824,6287.25,1252.223934252105,3730.333333333334,38.971352797620774,37.237856768515364,WINTER
364,5836.637746443403,18646.708333333336,6302.655758501575,17198.75,-466.01801205817264,1447.9583333333358,-7.984357301292924,7.765222190690505,WINTER
365,7478.734095494034,14353.375,6591.741718101075,11726.125,886.9923773929586,2627.25,11.860194065829603,18.30405740810088,WINTER
366,3357.860779283521,7872.25,2396.53957543869,6458.458333333333,961.321203844831,1413.791666666667,28.628977406560367,17.959181513120985,WINTER
367,6642.73540701968,11139.375,6519.188959488014,9833.125,123.54644753166576,1306.25,1.8598730788088988,11.726420916792907,WINTER
368,2338.284365116155,8991.958333333334,2202.1434760794405,8570.291666666666,136.14088903671473,421.6666666666679,5.8222554565108195,4.689375228792406,WINTER
369,2492.5,3343.25,2378.75,2853.625,113.75,489.625,4.563691073219659,14.64518058775144,WINTER
37,420.6067615658363,397.0833333333333,423.75,739.25,-3.1432384341637203,-342.1666666666667,-0.7473104860373765,-86.16998950682058,WINTER
370,6015.3388361232555,11822.958333333334,8704.619116299444,15888.666666666668,-2689.280280176188,-4065.708333333334,-44.70704566177632,-34.388248851986425,WINTER
371,2935.687805255682,6787.708333333334,3142.189802547653,5829.875,-206.50199729197084,957.8333333333339,-7.034194743810153,14.111291857217406,WINTER
372,777.9208280589428,1396.0,283.7248885543912,772.4583333333334,494.1959395045516,623.5416666666666,63.52779379074634,44.666308500477555,WINTER
373,3754.646671039144,9515.5,4065.3713538374705,8052.625,-310.7246827983263,1462.875,-8.275736974002122,15.37360096684357,WINTER
374,3907.384896017887,6249.916666666666,2551.511737943464,4109.416666666666,1355.873158074423,2140.5,34.700271259589165,34.24845664608862,WINTER
375,5078.624684966243,7446.583333333334,3483.1949299516455,6159.708333333333,1595.4297550145975,1286.875000000001,31.414602456003347,17.28141541422801,WINTER
376,311.0304613815957,1259.7916666666667,1420.0,1683.5833333333335,-1108.9695386184044,-423.79166666666674,-356.54692266872104,-33.63982139904085,WINTER
377,8856.563023660152,21513.958333333332,6762.698888447644,19222.416666666668,2093.864135212508,2291.5416666666642,23.641949248470162,10.651418168437147,WINTER
378,8396.440898480501,20918.416666666668,5812.177509244278,19103.625,2584.2633892362237,1814.7916666666679,30.778081099860966,8.675568976300793,WINTER
379,2497.7866432337432,2573.2083333333335,1700.3355633802817,2033.5,797.4510798534616,539.7083333333335,31.92630891888535,20.974140583253725,WINTER
38,1402.5,1006.25,838.75,517.5833333333334,563.75,488.66666666666663,40.19607843137255,48.56314699792961,WINTER
380,2739.0570202524677,6779.583333333333,2485.6811222484803,5483.416666666667,253.37589800398746,1296.166666666666,9.250479129515638,19.11867740151188,WINTER
381,6538.120165570433,13472.0,8099.414583995062,13444.5,-1561.294418424629,27.5,-23.879867284274827,0.2041270783847981,WINTER
382,4370.268664132385,14641.583333333334,4590.892116349662,12858.166666666666,-220.62345221727628,1783.4166666666679,-5.048281219595819,12.180490497953896,WINTER
383,2229.4273281703895,8280.166666666666,2311.905661738755,8902.416666666666,-82.47833356836554,-622.25,-3.6995300329458387,-7.514945351341559,WINTER
384,0.0,0.25,0.0,0.0,0.0,0.25,,100.0,WINTER
385,622.3049049165121,2733.3333333333335,655.0,2493.375,-32.6950950834879,239.95833333333348,-5.25387070312008,8.778963414634152,WINTER
386,2520.0,4940.458333333333,2610.0,5250.166666666667,-90.0,-309.70833333333394,-3.5714285714285716,-6.2688178391006355,WINTER
387,960.0,1956.8333333333333,420.0,934.875,540.0,1021.9583333333333,56.25,52.22510859381654,WINTER
388,9139.7115620961,18528.916666666668,7919.153847332385,16348.541666666668,1220.557714763714,2180.375,13.354444573782498,11.767417595020396,WINTER
389,4385.63514260089,13025.666666666666,4506.694884290577,11051.25,-121.05974168968714,1974.416666666666,-2.7603696557824686,15.157893389973637,WINTER
39,2769.7629526434275,7671.958333333333,3679.7307121556278,10187.583333333332,-909.9677595122002,-2515.624999999999,-32.85363314733264,-32.789867862942415,WINTER
390,165.0,268.9166666666667,646.25,466.0833333333333,-481.25,-197.16666666666663,-291.6666666666667,-73.31887201735357,WINTER
391,1387.5,4053.75,1781.25,3913.125,-393.75,140.625,-28.37837837837838,3.469010175763182,WINTER
392,3759.2630023271286,9087.583333333332,4123.40739597018,9837.458333333334,-364.14439364305144,-749.8750000000018,-9.686589988985395,-8.251643726329903,WINTER
393,2467.840053125144,9802.958333333334,2955.78836621857,11398.625,-487.9483130934259,-1595.666666666666,-19.772282748856174,-16.277399254476745,WINTER
394,5103.69068421762,12131.708333333332,5199.978469848746,12381.125,-96.28778563112519,-249.41666666666788,-1.8866305109140014,-2.0559072128478846,WINTER
395,1562.5,2608.5833333333335,1572.5,3070.583333333333,-10.0,-461.99999999999955,-0.64,-17.710762546720744,WINTER
396,0.0,0.0,0.0,0.0,0.0,0.0,,,WINTER
397,2327.4362964020056,5173.416666666667,2778.727272727273,4986.291666666667,-451.29097632526737,187.125,-19.390046336517145,3.6170486944475764,WINTER
398,861.4998292049463,2944.375,815.2850767942435,3022.9583333333335,46.21475241070277,-78.58333333333348,5.3644528813607595,-2.668930871011114,WINTER
399,7513.0994508882095,25619.166666666668,7203.923746573484,21719.0,309.1757043147254,3900.166666666668,4.115155221034299,15.223628142991906,WINTER
4,0.0,0.0,0.0,0.0,0.0,0.0,,,WINTER
40,1956.9538215680418,5621.25,2206.1906695510006,6683.625,-249.2368479829588,-1062.375,-12.735959593735004,-18.899266177451633,WINTER
400,2443.361862244922,7337.208333333333,2349.1242037359234,7401.416666666667,94.23765850899872,-64.20833333333394,3.856885055184362,-0.8751057679748853,WINTER
401,7258.00987164561,19245.916666666664,7982.263160352506,18634.25,-724.2532887068965,611.6666666666642,-9.97867599403921,3.1781633333477544,WINTER
402,4393.842912644446,7950.125,4295.886629304121,7663.041666666666,97.95628334032517,287.08333333333394,2.229398849431554,3.6110543335272585,WINTER
403,6117.894457538112,18042.375,7386.293495216227,18973.041666666668,-1268.3990376781148,-930.6666666666679,-20.732607377939768,-5.158227044203814,WINTER
404,2548.573576691081,5202.791666666666,1418.7355220106253,3641.875,1129.8380546804558,1560.916666666666,44.33217329936267,30.00152161900261,WINTER
405,1589.7702231520311,5119.541666666666,2097.480197541858,7023.5,-507.70997438982704,-1903.958333333334,-31.936060129695502,-37.19001538223638,WINTER
406,552.0607652445517,884.125,646.1287883379239,1212.0,-94.06802309337218,-327.875,-17.039432797167166,-37.08468825109571,WINTER
407,0.0,0.0,0.0,0.0,0.0,0.0,,,WINTER
408,3366.2099177863033,11392.291666666666,3956.7142356049576,10704.083333333334,-590.5043178186543,688.2083333333321,-17.54211211542575,6.040999945138332,WINTER
409,4182.217495000922,9737.791666666668,2800.5287177740097,7908.041666666666,1381.6887772269124,1829.7500000000018,33.037229146462835,18.790194559854875,WINTER
41,711.2884374038437,2673.2083333333335,610.5327785032736,2467.8333333333335,100.7556589005701,205.375,14.165232218355982,7.6827158377106155,WINTER
410,247.49999999999997,209.45833333333334,426.25,209.45833333333334,-178.75000000000003,0.0,-72.22222222222224,0.0,WINTER
411,2672.3819700242634,4760.333333333333,2617.195978983543,4708.291666666667,55.18599104072064,52.04166666666606,2.0650487714606003,1.0932357678033624,WINTER
412,1512.4532463986664,3189.1666666666665,1204.9188659628544,2636.0833333333335,307.53438043581195,553.083333333333,20.333480136862967,17.342565978573287,WINTER
413,316.25,228.29166666666666,0.0,0.0,316.25,228.29166666666666,100.0,100.0,WINTER
414,1214.2234404315197,2393.9166666666665,2312.8114067634897,3176.875,-1098.58796633197,-782.9583333333335,-90.47659020168031,-32.706164931945565,WINTER
415,4436.449224714044,8334.125,2608.911639004044,6754.541666666666,1827.5375857100003,1579.583333333334,41.19370003220979,18.953199446052633,WINTER
416,1821.523942334049,7035.208333333333,1275.5370271383392,5340.75,545.9869151957098,1694.458333333333,29.974182743713907,24.085403772690928,WINTER
417,1695.2034133629527,4127.625,1860.58056040447,4177.958333333333,-165.37714704151722,-50.33333333333303,-9.755593089176317,-1.2194260218244881,WINTER
418,756.25,615.375,618.75,658.0416666666666,137.5,-42.66666666666663,18.181818181818183,-6.933441668359395,WINTER
419,8759.15454460344,16182.708333333334,9175.521210406281,15017.166666666666,-416.36666580284145,1165.5416666666679,-4.753502905818315,7.202389381670257,WINTER
42,1308.5653502072878,2679.791666666667,1720.341010484051,3787.125,-411.7756602767631,-1107.333333333333,-31.46771846064351,-41.321620150820166,WINTER
420,7162.746640930714,19576.25,5937.284913765334,17086.791666666664,1225.4617271653806,2489.4583333333358,17.108824150816904,12.716727326905488,WINTER
421,3643.8534397688027,6288.791666666666,3551.376087891993,8036.791666666666,92.47735187680973,-1748.0,2.5378998745536068,-27.79548270401707,WINTER
422,189.49678476098035,687.625,785.0,1505.6666666666667,-595.5032152390197,-818.0416666666667,-314.2550497572563,-118.96624856086773,WINTER
423,5410.449403014471,8431.25,5346.378661321678,10163.166666666668,64.07074169279258,-1731.9166666666679,1.184203694005439,-20.541635779589836,WINTER
424,7732.740006039314,12538.333333333334,7642.897480425712,14917.666666666668,89.84252561360154,-2379.333333333334,1.1618459374482268,-18.976472152067,WINTER
425,2605.59249537799,8245.208333333332,2346.720866468952,6087.666666666667,258.871628909038,2157.541666666665,9.935230830156495,26.167218333880776,WINTER
426,2061.3699759559718,2303.125,2416.485111268046,3715.583333333333,-355.115135312074,-1412.458333333333,-17.22714211685301,-61.32790592492084,WINTER
427,774.0919930280526,2986.041666666667,1131.7516029771596,4292.666666666667,-357.659609949107,-1306.625,-46.20376042775392,-43.757761808414145,WINTER
428,2276.5845467472163,4945.041666666667,2128.972486599956,4355.375,147.6120601472603,589.666666666667,6.483926123374966,11.924402389599015,WINTER
429,754.027982454103,2987.5833333333335,583.9534996445421,2450.7083333333335,170.0744828095609,536.875,22.555460376420868,17.97021003598226,WINTER
43,5267.555309016378,11851.25,5799.336389326397,12617.916666666666,-531.7810803100192,-766.6666666666661,-10.095405726443522,-6.469078507892974,WINTER
430,3725.757757488801,5865.708333333334,3427.7233992864326,4540.958333333333,298.03435820236837,1324.750000000001,7.999295112606747,22.584655163840697,WINTER
431,577.5,493.20833333333337,302.5,343.375,275.0,149.83333333333337,47.61904761904762,30.37931908422743,WINTER
432,1303.6329348960478,5431.583333333333,1304.5886271661059,5328.833333333333,-0.9556922700580799,102.75,-0.07330992064374986,1.8917135887325673,WINTER
433,240.0,399.4583333333333,120.0,313.08333333333337,120.0,86.37499999999994,50.0,21.623031188067163,WINTER
434,1184.0686553929952,1962.8333333333335,698.043087607415,2446.833333333333,486.02556778558017,-483.99999999999955,41.04707658393905,-24.658232147405936,WINTER
435,196.24012542965684,690.9583333333334,376.24012542965687,1277.25,-180.00000000000003,-586.2916666666666,-91.72436045171702,-84.85195682325272,WINTER
436,1396.9096163773845,5235.125,2271.4312378029676,6393.125,-874.5216214255831,-1158.0,-62.60402327915003,-22.119815668202765,WINTER
437,681.7039994362267,2433.708333333333,538.9302706104627,2163.4583333333335,142.773728825764,270.24999999999955,20.943654275732392,11.104453080860809,WINTER
438,626.1241718580046,1573.6666666666667,393.35694103968444,1699.4166666666665,232.76723081832017,-125.74999999999977,37.17588958873612,-7.990891760220278,WINTER
439,137.50000000000003,89.33333333333333,0.0,0.0,137.50000000000003,89.33333333333333,100.0,99.99999999999999,WINTER
44,340.86842592999574,1405.375,429.20155518952953,1762.875,-88.33312925953379,-357.5,-25.91414239043507,-25.438050342435293,WINTER
440,1194.510616824839,2080.75,1769.3354623492364,3071.7916666666665,-574.8248455243975,-991.0416666666665,-48.12220481157003,-47.6290600344427,WINTER
441,8064.270568922221,21595.958333333332,8000.6350120298885,20197.208333333332,63.635556892332716,1398.75,0.7891049332790122,6.476906365581523,WINTER
442,1731.2956469440826,5570.166666666666,1870.4825316071074,5796.708333333333,-139.18688466302478,-226.54166666666697,-8.039463676160924,-4.06705364890339,WINTER
443,4147.23301133179,10155.0,4416.087962819922,10858.125,-268.8549514881315,-703.125,-6.482754905584502,-6.923929098966027,WINTER
444,3200.784236698629,11758.291666666666,3166.827565926159,11957.375,33.956670772469806,-199.08333333333394,1.0608859661060313,-1.6931314427053301,WINTER
445,14956.311667775371,29297.541666666668,14088.936144670319,29993.5,867.3755231050527,-695.9583333333321,5.799394545741421,-2.3754837223259586,WINTER
446,1050.0,2060.4583333333335,2180.0,3999.7083333333335,-1130.0,-1939.25,-107.61904761904762,-94.11740915249437,WINTER
447,0.0,0.0,300.0,568.4166666666666,-300.0,-568.4166666666666,,,WINTER
448,4815.439431072333,13251.041666666666,5731.686114186974,13971.541666666666,-916.2466831146412,-720.5,-19.02727043356468,-5.437308387705369,WINTER
449,4462.886287140738,10492.833333333334,5538.639723043245,14039.25,-1075.7534359025067,-3546.416666666666,-24.10443302134224,-33.79846561939101,WINTER
45,1686.4144638301955,5202.125,2513.647773529049,6032.375,-827.2333096988536,-830.25,-49.052787878730356,-15.959824110339525,WINTER
450,8199.95562432407,19500.083333333336,7232.689800068787,18261.416666666664,967.2658242552825,1238.6666666666715,11.795988522011243,6.352109606369227,WINTER
451,6420.936185493294,14782.75,4639.710232219179,11516.833333333334,1781.2259532741155,3265.916666666666,27.740907272967565,22.09275450553291,WINTER
452,1208.784176726825,4626.625,857.5341709786039,3300.5833333333335,351.25000574822116,1326.0416666666665,29.05812406473953,28.661101054584424,WINTER
453,234.76507611241217,832.4166666666666,279.76507611241215,1024.875,-44.99999999999997,-192.45833333333337,-19.168098060059283,-23.120432475723298,WINTER
454,2618.713277646755,7887.666666666667,2357.6946370569863,8087.708333333333,261.0186405897689,-200.04166666666606,9.967438696623066,-2.536132358534413,WINTER
455,261.25,199.125,0.0,0.0,261.25,199.125,100.0,100.0,WINTER
456,815.4028509451502,1552.4583333333333,1297.5,2830.0,-482.09714905484975,-1277.5416666666667,-59.12379978755789,-82.29152687941169,WINTER
457,261.25,236.5,192.5,293.125,68.75,-56.625,26.31578947368421,-23.94291754756871,WINTER
458,2837.5,5941.166666666667,4022.5,7030.625,-1185.0,-1089.458333333333,-41.76211453744494,-18.33744775156394,WINTER
459,110.00000000000003,55.333333333333336,13.75,10.125,96.25000000000003,45.208333333333336,87.50000000000001,81.70180722891567,WINTER
46,2323.9969949219003,3228.25,2651.4969949219003,2924.625,-327.5,303.625,-14.092100838151294,9.405250522729032,WINTER
460,5022.894304764795,10817.958333333332,7068.112493408267,15280.916666666668,-2045.2181886434719,-4462.958333333336,-40.71792206942014,-41.25508895316818,WINTER
461,6219.5244153162275,14774.333333333334,5080.238608331987,12281.583333333334,1139.2858069842405,2492.75,18.317892670034873,16.872165692755452,WINTER
462,4690.417270555452,10661.0,3893.343255445953,9401.125,797.0740151094988,1259.875,16.993669627502182,11.817606228308788,WINTER
463,6328.830639841201,17615.208333333332,6459.019080738339,16260.916666666668,-130.1884408971373,1354.2916666666642,-2.057069438350524,7.688195569642696,WINTER
464,2146.5886865017205,4845.666666666666,1886.0227091091922,6606.541666666667,260.56597739252834,-1760.875000000001,12.1386075977681,-36.33916901699115,WINTER
465,405.6725455530115,1707.8333333333333,576.6115945622109,2210.7083333333335,-170.93904900919944,-502.8750000000002,-42.13719929609135,-29.445203474187583,WINTER
466,182.5,337.41666666666663,372.49999999999994,739.875,-189.99999999999994,-402.45833333333337,-104.10958904109584,-119.27636453445297,WINTER
467,181.25,648.3333333333334,697.625459405279,1979.375,-516.375459405279,-1331.0416666666665,-284.89680518911945,-205.3020565552699,WINTER
468,12530.033707634808,24895.541666666664,13651.92901870268,27003.333333333332,-1121.8953110678722,-2107.791666666668,-8.95364958503087,-8.466542704265997,WINTER
469,6591.415843913423,17778.875,6471.364771293819,18133.375,120.05107261960347,-354.5,1.8213245145268722,-1.9939394365504004,WINTER
47,863.749952599051,3288.0833333333335,496.97037350037186,1811.375,366.7795790986791,1476.7083333333335,42.46362943291953,44.9109156803609,WINTER
470,13252.109690833535,23586.791666666668,11330.41038499337,19931.541666666668,1921.699305840164,3655.25,14.501082096908696,15.497020754906965,WINTER
471,500.0,883.2916666666667,889.1692433525744,1999.1666666666667,-389.1692433525744,-1115.875,-77.83384867051488,-126.33143072786451,WINTER
472,197.5,946.0416666666666,417.50000000000006,1789.0833333333333,-220.00000000000006,-843.0416666666666,-111.39240506329118,-89.11253027967408,WINTER
473,412.5,395.95833333333337,412.5,393.3333333333333,0.0,2.625000000000057,0.0,0.6629485425655199,WINTER
474,1727.2191859241964,4327.166666666667,1382.095001762446,4406.333333333333,345.12418416175046,-79.16666666666606,19.981493198680642,-1.8295266340561427,WINTER
475,2792.0181696425607,5797.875,3092.722277774063,5179.541666666667,-300.7041081315024,618.333333333333,-10.770134356611264,10.664826912158903,WINTER
476,1242.295602722208,4910.208333333334,1395.2901361399363,5485.125,-152.99453341772823,-574.9166666666661,-12.315469287863174,-11.708600280028838,WINTER
477,194.99999999999997,899.9583333333334,210.6869662086892,1094.7083333333333,-15.686966208689228,-194.7499999999999,-8.044598055738067,-21.639890735682194,WINTER
478,164.86314021830395,744.375,144.25687837490358,645.25,20.606261843400375,99.125,12.49901088631124,13.316540722082284,WINTER
479,2515.317548447492,5958.833333333334,2182.964170894468,6699.708333333333,332.3533775530236,-740.8749999999991,13.213177706256582,-12.433222386932549,WINTER
48,278.29064753549926,959.875,112.49999999999999,461.7916666666667,165.79064753549926,498.0833333333333,59.57463860309956,51.89043712288926,WINTER
480,2553.323501078964,5107.208333333334,2441.693973981286,4723.125,111.62952709767796,384.08333333333394,4.371930429125272,7.5204164049178965,WINTER
481,957.3236279170268,3023.541666666667,1301.7299608607066,4069.4166666666665,-344.4063329436798,-1045.8749999999995,-35.97595660446085,-34.59105629435677,WINTER
482,993.0372873904795,3413.041666666667,1517.1461266615902,3962.5833333333335,-524.1088392711107,-549.5416666666665,-52.778364511203094,-16.10122935309413,WINTER
483,1250.0,1850.375,1386.25,2188.125,-136.25,-337.75,-10.9,-18.253056812808214,WINTER
484,3843.9742948254743,10677.125,3711.855533681292,10085.083333333334,132.11876114418237,592.0416666666661,3.4370355005243574,5.544953970911327,WINTER
485,2200.7504601528653,6830.708333333333,1638.71628421482,5406.875,562.0341759380453,1423.833333333333,25.53829641816847,20.844592739893983,WINTER
486,6691.4108412999185,11571.5,4954.269387944583,10229.166666666668,1737.1414533553352,1342.3333333333321,25.960765144378225,11.600339915597218,WINTER
487,0.0,0.0,0.0,0.0,0.0,0.0,,,WINTER
488,0.0,0.0,0.0,0.0,0.0,0.0,,,WINTER
489,192.5,139.41666666666669,220.0,221.5,-27.5,-82.08333333333331,-14.285714285714286,-58.87627017334129,WINTER
49,0.0,0.0,0.0,0.0,0.0,0.0,,,WINTER
490,589.7030278682284,1884.375,442.3405224787363,1719.75,147.36250538949213,164.625,24.989273994777736,8.7363184079602,WINTER
491,396.00227721074316,1677.5833333333333,315.02834604450055,1340.1666666666667,80.97393116624261,337.4166666666665,20.447844829728133,20.11325815905816,WINTER
492,820.8641024233289,3537.625,587.5,2559.3333333333335,233.36410242332886,978.2916666666665,28.429078788364457,27.653910933653695,WINTER
493,765.0,1118.0,421.25,1195.6666666666667,343.75,-77.66666666666674,44.93464052287582,-6.946929039952303,WINTER
494,160.0,366.95833333333337,20.0,97.75,140.0,269.20833333333337,87.5,73.36209833087317,WINTER
495,137.50000000000003,114.91666666666667,0.0,0.0,137.50000000000003,114.91666666666667,100.0,100.0,WINTER
496,0.0,0.0,0.0,0.0,0.0,0.0,,,WINTER
497,686.25,1094.0,340.0,691.25,346.25,402.75,50.455373406193075,36.81444241316271,WINTER
498,1846.25,2580.166666666667,3203.75,3575.375,-1357.5,-995.208333333333,-73.52742044685172,-38.571474710935966,WINTER
499,6851.153932679321,13487.458333333334,7398.084674274425,14559.708333333332,-546.9307415951043,-1072.2499999999982,-7.983045585741393,-7.94997822050731,WINTER
5,2021.9357311554998,7626.875,1850.3047824481655,6465.625,171.63094870733426,1161.25,8.488447286563865,15.225764156354995,WINTER
50,149.0281917536016,503.25,259.49413129041324,982.0416666666666,-110.46593953681165,-478.79166666666663,-74.12418968315234,-95.13992382844842,WINTER
500,6670.340868640753,16662.458333333332,7324.141106155236,14972.625,-653.8002375144833,1689.8333333333321,-9.80160160312334,10.141560744087874,WINTER
501,1908.75,3279.2083333333335,2501.8132739411235,5146.666666666667,-593.0632739411235,-1867.4583333333335,-31.070767462534302,-56.948450464415956,WINTER
502,97.5,249.70833333333337,90.0,141.95833333333334,7.5,107.75000000000003,7.6923076923076925,43.150342065743374,WINTER
503,82.5,39.166666666666664,0.0,0.0,82.5,39.166666666666664,100.0,100.0,WINTER
504,30.0,136.5,89.99999999999999,303.5833333333333,-59.999999999999986,-167.08333333333331,-199.99999999999994,-122.40537240537239,WINTER
505,2374.9592933394238,5816.958333333334,2108.160933492148,4421.208333333333,266.7983598472756,1395.750000000001,11.233807694957633,23.99449884318123,WINTER
506,2338.7228968007776,4394.916666666666,2782.6838190256112,4526.458333333333,-443.96092222483367,-131.54166666666697,-18.983049374175266,-2.9930412029048785,WINTER
507,536.25,535.5,498.8838958180484,377.6666666666667,37.366104181951584,157.83333333333331,6.9680380758884075,29.474011826953003,WINTER
508,0.0,0.0,0.0,0.0,0.0,0.0,,,WINTER
509,231.21977482242707,827.125,179.17628443782576,671.5,52.04349038460131,155.625,22.508235043724024,18.815173039141605,WINTER
51,54.99999999999999,101.50000000000001,0.0,0.0,54.99999999999999,101.50000000000001,100.0,100.0,WINTER
510,0.0,0.0,0.0,0.0,0.0,0.0,,,WINTER
511,752.2638714838145,3193.125,638.5618742970175,2616.375,113.70199718679692,576.75,15.114642813102755,18.062243100411038,WINTER
512,1537.5,1257.9166666666665,818.75,1321.7916666666665,718.75,-63.875,46.7479674796748,-5.07784034448493,WINTER
513,0.0,0.0,0.0,0.0,0.0,0.0,,,WINTER
514,2347.988055903495,8568.458333333332,2739.187139497049,9518.333333333334,-391.19908359355395,-949.8750000000018,-16.661033799127328,-11.08571650870686,WINTER
515,6733.284032291436,19574.0,7899.637105185326,24928.208333333332,-1166.3530728938895,-5354.208333333332,-17.3222021720798,-27.353674942951532,WINTER
516,488.59332383621296,1446.5,408.46759309521224,1306.2916666666665,80.12573074100072,140.20833333333348,16.39926843696714,9.692936974305805,WINTER
517,180.0,595.125,493.6691090559535,1711.5,-313.6691090559535,-1116.375,-174.2606161421964,-187.58664146187775,WINTER
518,366.2778439820332,830.8333333333334,167.5,562.6666666666667,198.77784398203318,268.16666666666663,54.26968822929506,32.27683049147442,WINTER
519,1555.5768666912127,3207.916666666667,1063.3402606157729,2563.875,492.2366060754398,644.041666666667,31.64334830476432,20.076633329003776,WINTER
52,796.8201284624495,1387.6666666666667,380.6211935104151,1120.875,416.1989349520344,266.79166666666674,52.23248259994827,19.22591880855153,WINTER
520,0.0,0.0,13.75,17.875,-13.75,-17.875,,,WINTER
521,236.25,1155.625,307.5,1531.8333333333333,-71.25,-376.20833333333326,-30.158730158730158,-32.554533982332785,WINTER
522,1197.0438817238125,3791.4166666666665,1000.6196812348882,3770.1666666666665,196.42420048892438,21.25,16.409106089416053,0.5604765149350507,WINTER
523,190.0,891.4583333333334,460.01932777842393,1780.125,-270.01932777842393,-888.6666666666666,-142.11543567285472,-99.68684272026172,WINTER
524,810.0,1374.2083333333333,500.0,894.4166666666666,310.0,479.79166666666663,38.27160493827161,34.914041417785995,WINTER
525,151.91903371285474,688.3333333333333,158.81403672580143,669.375,-6.895003012946688,18.958333333333258,-4.538603784157207,2.7542372881355823,WINTER
526,0.0,0.0,0.0,0.0,0.0,0.0,,,WINTER
527,188.16459421676106,716.5416666666666,477.23134208840486,849.2083333333333,-289.06674787164377,-132.66666666666663,-153.6244100941997,-18.5148572425423,WINTER
528,921.2499999999999,631.8333333333334,893.75,700.875,27.499999999999886,-69.04166666666663,2.98507462686566,-10.927195990503817,WINTER
529,130.81107725398817,708.6666666666666,101.37929044174234,270.7083333333333,29.431786812245832,437.9583333333333,22.499460619149144,61.80032925682032,WINTER
53,10196.209465647087,35281.58333333333,9515.758436921124,31602.291666666668,680.4510287259636,3679.2916666666606,6.673568555241325,10.428363239556031,WINTER
530,1407.8368210613942,3120.75,954.5556164487111,2852.625,453.28120461268304,268.125,32.19699881630785,8.591684691180005,WINTER
531,280.0,582.9166666666666,350.0,546.4583333333334,-70.0,36.45833333333326,-25.0,6.254467476769109,WINTER
532,110.8347754804627,457.4583333333333,219.50966908897541,930.3333333333334,-108.67489360851272,-472.87500000000006,-98.05125975797127,-103.370070133892,WINTER
533,2910.866006943644,5835.583333333333,2003.1464148654334,5045.125,907.7195920782108,790.458333333333,31.183832918207724,13.545489596869773,WINTER
534,898.9006253341261,2835.5416666666665,909.8975447202644,2810.0833333333335,-10.996919386138302,25.45833333333303,-1.2233743170498619,0.8978296327862001,WINTER
535,0.0,0.0,275.0,245.70833333333334,-275.0,-245.70833333333334,,,WINTER
536,987.0301418439715,2406.9583333333335,590.0,877.75,397.0301418439715,1529.2083333333335,40.22472313786072,63.532812851628094,WINTER
537,1756.182038531544,5669.458333333333,1569.6112414628317,5847.5,186.5707970687124,-178.04166666666697,10.623659334582204,-3.1403646732859603,WINTER
538,877.0128971684496,4045.625,823.1941264462203,3666.2916666666665,53.818770722229374,379.3333333333335,6.136599689239495,9.376383953859627,WINTER
539,2586.7692973840203,7799.958333333333,2457.4065497833058,7464.5,129.36274760071456,335.45833333333303,5.000938728147814,4.300770837451051,WINTER
54,1882.6376672164192,2840.125,2003.0486449453138,2337.041666666667,-120.41097772889452,503.08333333333303,-6.395865748661484,17.713422237870972,WINTER
540,2836.254926655466,6549.458333333334,1530.4119431436982,4029.1666666666665,1305.842983511768,2520.2916666666674,46.04110058088566,38.48091763313761,WINTER
541,1011.9835697233535,1497.9166666666665,820.2882955460927,1211.4166666666667,191.69527417726079,286.4999999999998,18.942528308998597,19.12656467315715,WINTER
542,483.74999999999994,460.29166666666663,522.5,488.875,-38.75000000000006,-28.58333333333337,-8.010335917312673,-6.209830723273296,WINTER
543,538.75,1026.125,397.5,717.8333333333334,141.25,308.29166666666663,26.218097447795824,30.044260364640433,WINTER
544,108.89962172385842,462.625,159.7054875764765,667.4166666666666,-50.80586585261807,-204.79166666666663,-46.65384970890785,-44.26731514005223,WINTER
545,0.0,0.0,0.0,0.0,0.0,0.0,,,WINTER
546,811.2499999999999,477.4583333333333,660.0,472.4166666666667,151.2499999999999,5.041666666666629,18.64406779661016,1.0559385635744751,WINTER
547,0.0,0.0,0.0,0.0,0.0,0.0,,,WINTER
548,3995.1468631807093,9008.458333333334,3872.3729434409297,6755.291666666666,122.77391973977956,2253.166666666668,3.0730765086826852,25.011678838869038,WINTER
549,9243.597652213837,28678.875,8685.787240379825,27171.416666666668,557.8104118340125,1507.4583333333321,6.0345596251738325,5.256337054132465,WINTER
55,0.0,0.0,179.04817861339603,567.3333333333334,-179.04817861339603,-567.3333333333334,,,WINTER
550,1501.2500000000002,1791.7916666666667,1881.25,2459.9583333333335,-379.9999999999998,-668.1666666666667,-25.31223980016651,-37.29042159849313,WINTER
551,151.25,236.08333333333331,371.25,183.75,-220.0,52.333333333333314,-145.45454545454547,22.167313801623713,WINTER
552,388.75,651.625,1215.0,1399.2916666666665,-826.25,-747.6666666666665,-212.54019292604502,-114.73879404053966,WINTER
553,2855.456244047499,6427.083333333333,2475.2495908346973,4852.083333333333,380.2066532128015,1575.0,13.315092955998978,24.505672609400325,WINTER
554,0.0,0.0,481.24999999999994,339.9166666666667,-481.24999999999994,-339.9166666666667,,,WINTER
555,1057.6621835443038,914.4583333333334,1104.9604430379748,1014.875,-47.29825949367091,-100.41666666666663,-4.471962809067349,-10.980999681049797,WINTER
556,37.49999999999999,173.54166666666666,407.56563206836574,1452.2916666666667,-370.06563206836574,-1278.75,-986.8416855156422,-736.8547418967587,WINTER
557,2397.7929366086446,6506.416666666667,2926.0487634364204,7067.333333333333,-528.2558268277758,-560.9166666666661,-22.030919299267037,-8.620976728101736,WINTER
558,2448.229532550484,9767.416666666666,2992.1491038475237,10562.666666666666,-543.91957129704,-795.25,-22.216853610551894,-8.141866238940697,WINTER
559,0.0,0.0,0.0,0.0,0.0,0.0,,,WINTER
56,7405.799863350036,15808.708333333332,7231.826653137149,16468.416666666668,173.97321021288644,-659.7083333333358,2.349148146358213,-4.17306916810093,WINTER
560,330.0,162.29166666666666,357.50000000000006,347.7083333333333,-27.500000000000057,-185.41666666666666,-8.33333333333335,-114.24903722721437,WINTER
561,135.0,638.0833333333334,130.00000000000003,682.2083333333334,4.999999999999972,-44.125,3.703703703703683,-6.915240955987985,WINTER
562,310.0,1467.0833333333333,97.5,281.1666666666667,212.5,1185.9166666666665,68.54838709677419,80.83499005964214,WINTER
563,2910.1845320188036,11279.791666666666,3539.0742322351994,13803.541666666666,-628.8897002163958,-2523.75,-21.60995955057644,-22.37408344569012,WINTER
564,281.33805262780714,1275.3333333333333,100.0,484.75,181.33805262780714,790.5833333333333,64.45557255196694,61.990329325666494,WINTER
565,1332.7905079693312,2927.208333333333,624.1700475516241,1462.75,708.6204604177071,1464.458333333333,53.168180308950184,50.02918024853031,WINTER
566,3991.5382361666243,10192.833333333334,4475.331974018956,10377.75,-483.793737852332,-184.91666666666606,-12.120483613779825,-1.814183167912089,WINTER
567,4421.91337894214,7814.375,3196.176794852021,6683.708333333333,1225.7365840901193,1130.666666666667,27.719597356367792,14.469060758751237,WINTER
568,6098.400960305602,13841.958333333334,6935.727746023295,13673.208333333334,-837.3267857176934,168.75,-13.730267838534077,1.2191194044676963,WINTER
569,11120.349468554141,31926.041666666668,10935.716127075044,34229.0,184.633341479097,-2302.958333333332,1.6603195969802815,-7.213416424679431,WINTER
57,8283.046705300409,20922.708333333332,8101.285692685343,19772.791666666668,181.76101261506574,1149.9166666666642,2.194373870894087,5.496022065339681,WINTER
570,3507.3753907779496,11787.291666666666,4033.3346827894093,11422.791666666668,-525.9592920114596,364.4999999999982,-14.99580835842039,3.092313402499145,WINTER
571,3243.623377539141,7938.916666666667,3191.6350036943277,8167.583333333333,51.988373844813395,-228.66666666666606,1.6027870006367917,-2.8803258211132845,WINTER
572,598.4101379518881,1913.25,881.0874365363084,3251.125,-282.6772985844202,-1337.875,-47.238053077093305,-69.92682608127532,WINTER
573,343.75,245.79166666666666,577.5,360.875,-233.75,-115.08333333333334,-68.0,-46.82149516867266,WINTER
574,7394.469258519938,19680.875,6739.851979223527,18324.791666666668,654.6172792964107,1356.0833333333321,8.852796007531683,6.890360989200592,WINTER
575,3534.2257218157965,12262.625,1720.3203526824775,5540.916666666667,1813.905369133319,6721.708333333333,51.323981881988566,54.81459584170055,WINTER
576,266.47389462602763,931.5,319.116842320847,1057.3333333333333,-52.642947694819384,-125.83333333333326,-19.755386458661953,-13.50867775988548,WINTER
577,11945.931861978748,28516.416666666664,10637.281986200494,25871.5,1308.6498757782538,2644.9166666666642,10.954774318974614,9.275066701344539,WINTER
578,5214.443898806838,12779.666666666666,5897.5378219152435,13837.75,-683.0939231084058,-1058.083333333334,-13.10003398952495,-8.279428258431368,WINTER
579,4539.053255847403,6893.791666666666,2853.1755648508047,5229.208333333333,1685.8776909965986,1664.583333333333,37.14161513361357,24.146121812500375,WINTER
58,1944.588795989022,5331.5,1442.578299211812,4641.291666666666,502.01049677720994,690.2083333333339,25.815766182170474,12.945856388133434,WINTER
580,4100.564179332923,13564.666666666666,3128.168142567761,11305.291666666668,972.3960367651621,2259.374999999998,23.713713387686834,16.656325256794602,WINTER
581,153.40864079806352,568.0416666666666,0.0,0.0,153.40864079806352,568.0416666666666,100.0,100.0,WINTER
582,0.0,0.0,165.0,163.5,-165.0,-163.5,,,WINTER
583,1174.683621276188,4897.291666666667,1049.8529228062532,4341.125,124.83069846993476,556.166666666667,10.62675057427952,11.356617177861919,WINTER
584,5692.0409887175965,14347.583333333332,6743.8078701680915,14565.541666666668,-1051.766881450495,-217.95833333333576,-18.47785150414835,-1.5191292377926766,WINTER
585,2663.0481112106318,11109.416666666666,3050.4395455785193,12307.75,-387.39143436788754,-1198.333333333334,-14.546918350332692,-10.786644963356919,WINTER
586,10339.473584279407,23782.625,9297.033847577506,23915.791666666668,1042.439736701901,-133.16666666666788,10.08213549949847,-0.5599325838365945,WINTER
59,1408.490812517982,3635.25,1350.8406252089417,3378.9583333333335,57.65018730904035,256.2916666666665,4.093046741709175,7.050179950943305,WINTER
6,1951.32142505327,6075.625,1691.5199229088525,6130.583333333333,259.80150214441755,-54.95833333333303,13.314131583284649,-0.9045708603367231,WINTER
60,2440.1453859955386,8684.458333333334,2477.116850393133,8592.916666666668,-36.971464397594445,91.54166666666606,-1.515133672353326,1.0540860828971224,WINTER
61,712.8304891239034,1283.5416666666667,250.75259331689486,980.0833333333334,462.07789580700853,303.45833333333337,64.82297023727484,23.642265865930856,WINTER
62,604.6655203582528,2105.4166666666665,856.3074274747692,3081.75,-251.64190711651634,-976.3333333333335,-41.6167118256426,-46.372452008707704,WINTER
63,219.82557447315156,1040.875,285.0,1351.3333333333333,-65.17442552684844,-310.45833333333326,-29.648245288588353,-29.826668267883583,WINTER
64,68.75,131.0,508.75,327.4166666666667,-440.0,-196.41666666666669,-640.0,-149.93638676844785,WINTER
65,227.70180856624438,832.3333333333334,390.5074764576797,1484.7916666666667,-162.8056678914353,-652.4583333333334,-71.4995058302626,-78.38906688025631,WINTER
66,0.0,0.0,0.0,0.0,0.0,0.0,,,WINTER
67,935.3758114871804,2815.8333333333335,1130.0036722911896,3583.125,-194.62786080400917,-767.2916666666665,-20.80745069669536,-27.249186149748443,WINTER
68,3286.4528363940963,4939.75,3547.1818234973102,5764.291666666667,-260.72898710321397,-824.541666666667,-7.933446791504435,-16.69197159100495,WINTER
69,1484.5594099643022,4830.25,1212.5277238826297,3793.0,272.03168608167243,1037.25,18.32406869376913,21.47404378655349,WINTER
7,1791.512345716297,8094.375,1401.095820380274,6120.166666666667,390.4165253360229,1974.208333333333,21.792566837150286,24.389879803361385,WINTER
70,3938.703555567009,11298.041666666666,4428.954080996122,13222.291666666666,-490.2505254291127,-1924.25,-12.447002383212796,-17.031712723075167,WINTER
71,3262.53523706766,9589.125,3613.8617218940753,11285.958333333334,-351.32648482641525,-1696.833333333334,-10.76851158064992,-17.695392784360763,WINTER
72,3843.548625169483,8493.166666666666,4360.879017303825,9772.708333333334,-517.3303921343422,-1279.5416666666679,-13.459707228538845,-15.065542887419314,WINTER
73,0.0,0.0,27.500000000000004,64.04166666666666,-27.500000000000004,-64.04166666666666,,,WINTER
74,1622.5,2957.125,1447.5,2571.083333333333,175.0,386.04166666666697,10.785824345146379,13.054627946626098,WINTER
75,6106.25,10265.0,4468.75,7536.708333333333,1637.5,2728.291666666667,26.816786079836234,26.57858418574444,WINTER
76,6621.220132936545,11718.166666666666,5136.821503964774,10589.916666666666,1484.3986289717714,1128.25,22.418808001682205,9.628212604360751,WINTER
77,885.6791074443321,2652.75,1331.8498083100199,3264.9166666666665,-446.17070086568776,-612.1666666666665,-50.37611219633868,-23.076681431219168,WINTER
78,367.520414594298,1393.0,743.5918918918919,1538.0,-376.0714772975939,-145.0,-102.32669053574487,-10.4091888011486,WINTER
79,0.0,0.0,55.0,48.666666666666664,-55.0,-48.666666666666664,,,WINTER
8,0.0,0.0,340.5006325226162,1532.7083333333333,-340.5006325226162,-1532.7083333333333,,,WINTER
80,807.5,619.875,1515.321422654222,1802.8333333333335,-707.821422654222,-1182.9583333333335,-87.65590373426897,-190.83820662768034,WINTER
81,773.5031254327661,2545.5,618.0772145779063,1959.5833333333333,155.4259108548598,585.9166666666667,20.093766365572318,23.017743730766714,WINTER
82,783.75,771.0833333333334,618.75,326.7916666666667,165.0,444.2916666666667,21.05263157894737,57.619150545768946,WINTER
83,0.0,0.0,233.75,186.91666666666669,-233.75,-186.91666666666669,,,WINTER
84,3999.423222227946,13147.416666666668,4710.131463141724,14143.333333333334,-710.7082409137784,-995.9166666666661,-17.770268396798137,-7.5749988907833545,WINTER
85,8378.759125017794,21787.75,8278.031919185303,21777.833333333332,100.72720583249065,9.91666666666788,1.202173309073099,0.04551487265398162,WINTER
86,12370.99258636987,29148.458333333332,9320.096249164819,23323.125,3050.896337205051,5825.333333333332,24.661694006400683,19.985047808417537,WINTER
87,3094.2105461768933,7638.458333333333,2600.1565299694853,6908.041666666667,494.05401620740804,730.4166666666661,15.967045837195702,9.562357151039414,WINTER
88,6311.502200846953,11480.083333333334,4916.090280673583,8355.375,1395.4119201733702,3124.708333333334,22.109030081398323,27.218516125754025,WINTER
89,5215.0,7144.375,3412.5,5065.916666666666,1802.5,2078.458333333334,34.56375838926174,29.092234566821226,WINTER
9,424.99999999999994,1826.7083333333333,453.79540481400437,1734.5416666666667,-28.795404814004428,92.16666666666652,-6.775389368001043,5.045505348874333,WINTER
90,2097.5,2312.2916666666665,2218.75,2111.6666666666665,-121.25,200.625,-5.780691299165674,8.676457338498965,WINTER
91,2052.5,2104.5,2102.5,2648.875,-50.0,-544.375,-2.43605359317905,-25.8671893561416,WINTER
92,1941.25,2807.25,2147.5,3169.2916666666665,-206.25,-362.0416666666665,-10.624597553122987,-12.896666369816243,WINTER
93,6451.840712875956,18594.083333333332,6440.380585502379,18274.083333333332,11.460127373577052,320.0,0.17762570223883617,1.7209775511027254,WINTER
94,5952.548940124971,10151.791666666666,3356.25,6322.291666666667,2596.2989401249706,3829.499999999999,43.616591249234865,37.722405322541576,WINTER
95,2955.0638556918343,9442.25,3893.4370640262614,8587.75,-938.3732083344271,854.5,-31.754752322086006,9.049749794805264,WINTER
96,3184.027349242815,7826.583333333333,3710.8431920495013,8902.125,-526.8158428066863,-1075.541666666667,-16.54558158653904,-13.742160798134568,WINTER
97,2335.086859019156,8543.458333333334,2024.419658388382,7600.875,310.6672006307738,942.5833333333339,13.30431026284257,11.03280775252021,WINTER
98,1497.583132435407,2331.625,1249.002047251955,2532.4166666666665,248.58108518345193,-200.79166666666652,16.59881710734837,-8.611662109758923,WINTER
99,3924.501141365552,12609.416666666668,3722.5953533204774,12953.458333333332,201.9057880450746,-344.04166666666424,5.144750396857328,-2.72845029838809,WINTER
