HexID,chargerAccessType,Sample_session_starts,Fullscale_avg_daily_session_starts,Scenario,Season
0,home,23.0,57.5,noVIPV,SPRING
0,work,0.0,0.0,noVIPV,SPRING
0,public,0.0,0.0,noVIPV,SPRING
1,home,31.0,77.5,noVIPV,SPRING
1,work,5.0,12.5,noVIPV,SPRING
1,public,0.0,0.0,noVIPV,SPRING
2,home,9.0,22.5,noVIPV,SPRING
2,work,2.0,5.0,noVIPV,SPRING
2,public,0.0,0.0,noVIPV,SPRING
3,home,13.0,32.5,noVIPV,SPRING
3,work,2.0,5.0,noVIPV,SPRING
3,public,0.0,0.0,noVIPV,SPRING
4,home,0.0,0.0,noVIPV,SPRING
4,work,0.0,0.0,noVIPV,SPRING
4,public,0.0,0.0,noVIPV,SPRING
5,home,22.0,55.0,noVIPV,SPRING
5,work,2.0,5.0,noVIPV,SPRING
5,public,0.0,0.0,noVIPV,SPRING
6,home,17.0,42.5,noVIPV,SPRING
6,work,1.0,2.5,noVIPV,SPRING
6,public,0.0,0.0,noVIPV,SPRING
7,home,19.0,47.5,noVIPV,SPRING
7,work,0.0,0.0,noVIPV,SPRING
7,public,0.0,0.0,noVIPV,SPRING
8,home,1.0,2.5,noVIPV,SPRING
8,work,0.0,0.0,noVIPV,SPRING
8,public,0.0,0.0,noVIPV,SPRING
9,home,5.0,12.5,noVIPV,SPRING
9,work,0.0,0.0,noVIPV,SPRING
9,public,0.0,0.0,noVIPV,SPRING
10,home,29.0,72.5,noVIPV,SPRING
10,work,1.0,2.5,noVIPV,SPRING
10,public,0.0,0.0,noVIPV,SPRING
11,home,28.0,70.0,noVIPV,SPRING
11,work,3.0,7.5,noVIPV,SPRING
11,public,0.0,0.0,noVIPV,SPRING
12,home,10.0,25.0,noVIPV,SPRING
12,work,3.0,7.5,noVIPV,SPRING
12,public,0.0,0.0,noVIPV,SPRING
13,home,3.0,7.5,noVIPV,SPRING
13,work,2.0,5.0,noVIPV,SPRING
13,public,0.0,0.0,noVIPV,SPRING
14,home,2.0,5.0,noVIPV,SPRING
14,work,0.0,0.0,noVIPV,SPRING
14,public,0.0,0.0,noVIPV,SPRING
15,home,2.0,5.0,noVIPV,SPRING
15,work,3.0,7.5,noVIPV,SPRING
15,public,0.0,0.0,noVIPV,SPRING
16,home,2.0,5.0,noVIPV,SPRING
16,work,0.0,0.0,noVIPV,SPRING
16,public,0.0,0.0,noVIPV,SPRING
17,home,12.0,30.0,noVIPV,SPRING
17,work,0.0,0.0,noVIPV,SPRING
17,public,0.0,0.0,noVIPV,SPRING
18,home,16.0,40.0,noVIPV,SPRING
18,work,1.0,2.5,noVIPV,SPRING
18,public,0.0,0.0,noVIPV,SPRING
19,home,11.0,27.5,noVIPV,SPRING
19,work,2.0,5.0,noVIPV,SPRING
19,public,0.0,0.0,noVIPV,SPRING
20,home,23.0,57.5,noVIPV,SPRING
20,work,6.0,15.0,noVIPV,SPRING
20,public,0.0,0.0,noVIPV,SPRING
21,home,6.0,15.0,noVIPV,SPRING
21,work,3.0,7.5,noVIPV,SPRING
21,public,0.0,0.0,noVIPV,SPRING
22,home,7.0,17.5,noVIPV,SPRING
22,work,0.0,0.0,noVIPV,SPRING
22,public,0.0,0.0,noVIPV,SPRING
23,home,4.0,10.0,noVIPV,SPRING
23,work,0.0,0.0,noVIPV,SPRING
23,public,2.0,5.0,noVIPV,SPRING
24,home,6.0,15.0,noVIPV,SPRING
24,work,0.0,0.0,noVIPV,SPRING
24,public,0.0,0.0,noVIPV,SPRING
25,home,4.0,10.0,noVIPV,SPRING
25,work,0.0,0.0,noVIPV,SPRING
25,public,4.0,10.0,noVIPV,SPRING
26,home,6.0,15.0,noVIPV,SPRING
26,work,0.0,0.0,noVIPV,SPRING
26,public,3.0,7.5,noVIPV,SPRING
27,home,2.0,5.0,noVIPV,SPRING
27,work,0.0,0.0,noVIPV,SPRING
27,public,3.0,7.5,noVIPV,SPRING
28,home,37.0,92.5,noVIPV,SPRING
28,work,0.0,0.0,noVIPV,SPRING
28,public,8.0,20.0,noVIPV,SPRING
29,home,0.0,0.0,noVIPV,SPRING
29,work,0.0,0.0,noVIPV,SPRING
29,public,0.0,0.0,noVIPV,SPRING
30,home,10.0,25.0,noVIPV,SPRING
30,work,0.0,0.0,noVIPV,SPRING
30,public,3.0,7.5,noVIPV,SPRING
31,home,3.0,7.5,noVIPV,SPRING
31,work,2.0,5.0,noVIPV,SPRING
31,public,1.0,2.5,noVIPV,SPRING
32,home,1.0,2.5,noVIPV,SPRING
32,work,0.0,0.0,noVIPV,SPRING
32,public,0.0,0.0,noVIPV,SPRING
33,home,4.0,10.0,noVIPV,SPRING
33,work,0.0,0.0,noVIPV,SPRING
33,public,0.0,0.0,noVIPV,SPRING
34,home,0.0,0.0,noVIPV,SPRING
34,work,0.0,0.0,noVIPV,SPRING
34,public,1.0,2.5,noVIPV,SPRING
35,home,3.0,7.5,noVIPV,SPRING
35,work,0.0,0.0,noVIPV,SPRING
35,public,0.0,0.0,noVIPV,SPRING
36,home,5.0,12.5,noVIPV,SPRING
36,work,1.0,2.5,noVIPV,SPRING
36,public,2.0,5.0,noVIPV,SPRING
37,home,1.0,2.5,noVIPV,SPRING
37,work,0.0,0.0,noVIPV,SPRING
37,public,1.0,2.5,noVIPV,SPRING
38,home,0.0,0.0,noVIPV,SPRING
38,work,0.0,0.0,noVIPV,SPRING
38,public,4.0,10.0,noVIPV,SPRING
39,home,22.0,55.0,noVIPV,SPRING
39,work,1.0,2.5,noVIPV,SPRING
39,public,8.0,20.0,noVIPV,SPRING
40,home,16.0,40.0,noVIPV,SPRING
40,work,0.0,0.0,noVIPV,SPRING
40,public,4.0,10.0,noVIPV,SPRING
41,home,4.0,10.0,noVIPV,SPRING
41,work,0.0,0.0,noVIPV,SPRING
41,public,0.0,0.0,noVIPV,SPRING
42,home,4.0,10.0,noVIPV,SPRING
42,work,1.0,2.5,noVIPV,SPRING
42,public,5.0,12.5,noVIPV,SPRING
43,home,24.0,60.0,noVIPV,SPRING
43,work,4.0,10.0,noVIPV,SPRING
43,public,8.0,20.0,noVIPV,SPRING
44,home,5.0,12.5,noVIPV,SPRING
44,work,0.0,0.0,noVIPV,SPRING
44,public,0.0,0.0,noVIPV,SPRING
45,home,8.0,20.0,noVIPV,SPRING
45,work,0.0,0.0,noVIPV,SPRING
45,public,4.0,10.0,noVIPV,SPRING
46,home,4.0,10.0,noVIPV,SPRING
46,work,3.0,7.5,noVIPV,SPRING
46,public,12.0,30.0,noVIPV,SPRING
47,home,7.0,17.5,noVIPV,SPRING
47,work,0.0,0.0,noVIPV,SPRING
47,public,0.0,0.0,noVIPV,SPRING
48,home,1.0,2.5,noVIPV,SPRING
48,work,0.0,0.0,noVIPV,SPRING
48,public,0.0,0.0,noVIPV,SPRING
49,home,0.0,0.0,noVIPV,SPRING
49,work,0.0,0.0,noVIPV,SPRING
49,public,0.0,0.0,noVIPV,SPRING
50,home,2.0,5.0,noVIPV,SPRING
50,work,0.0,0.0,noVIPV,SPRING
50,public,0.0,0.0,noVIPV,SPRING
51,home,0.0,0.0,noVIPV,SPRING
51,work,0.0,0.0,noVIPV,SPRING
51,public,0.0,0.0,noVIPV,SPRING
52,home,4.0,10.0,noVIPV,SPRING
52,work,0.0,0.0,noVIPV,SPRING
52,public,2.0,5.0,noVIPV,SPRING
53,home,82.0,205.0,noVIPV,SPRING
53,work,2.0,5.0,noVIPV,SPRING
53,public,12.0,30.0,noVIPV,SPRING
54,home,5.0,12.5,noVIPV,SPRING
54,work,0.0,0.0,noVIPV,SPRING
54,public,6.0,15.0,noVIPV,SPRING
55,home,3.0,7.5,noVIPV,SPRING
55,work,0.0,0.0,noVIPV,SPRING
55,public,1.0,2.5,noVIPV,SPRING
56,home,34.0,85.0,noVIPV,SPRING
56,work,2.0,5.0,noVIPV,SPRING
56,public,17.0,42.5,noVIPV,SPRING
57,home,42.0,105.0,noVIPV,SPRING
57,work,0.0,0.0,noVIPV,SPRING
57,public,11.0,27.5,noVIPV,SPRING
58,home,9.0,22.5,noVIPV,SPRING
58,work,0.0,0.0,noVIPV,SPRING
58,public,2.0,5.0,noVIPV,SPRING
59,home,13.0,32.5,noVIPV,SPRING
59,work,0.0,0.0,noVIPV,SPRING
59,public,8.0,20.0,noVIPV,SPRING
60,home,22.0,55.0,noVIPV,SPRING
60,work,4.0,10.0,noVIPV,SPRING
60,public,0.0,0.0,noVIPV,SPRING
61,home,1.0,2.5,noVIPV,SPRING
61,work,0.0,0.0,noVIPV,SPRING
61,public,2.0,5.0,noVIPV,SPRING
62,home,6.0,15.0,noVIPV,SPRING
62,work,0.0,0.0,noVIPV,SPRING
62,public,1.0,2.5,noVIPV,SPRING
63,home,2.0,5.0,noVIPV,SPRING
63,work,0.0,0.0,noVIPV,SPRING
63,public,0.0,0.0,noVIPV,SPRING
64,home,0.0,0.0,noVIPV,SPRING
64,work,0.0,0.0,noVIPV,SPRING
64,public,1.0,2.5,noVIPV,SPRING
65,home,5.0,12.5,noVIPV,SPRING
65,work,0.0,0.0,noVIPV,SPRING
65,public,0.0,0.0,noVIPV,SPRING
66,home,0.0,0.0,noVIPV,SPRING
66,work,0.0,0.0,noVIPV,SPRING
66,public,0.0,0.0,noVIPV,SPRING
67,home,7.0,17.5,noVIPV,SPRING
67,work,0.0,0.0,noVIPV,SPRING
67,public,1.0,2.5,noVIPV,SPRING
68,home,17.0,42.5,noVIPV,SPRING
68,work,0.0,0.0,noVIPV,SPRING
68,public,12.0,30.0,noVIPV,SPRING
69,home,11.0,27.5,noVIPV,SPRING
69,work,2.0,5.0,noVIPV,SPRING
69,public,6.0,15.0,noVIPV,SPRING
70,home,44.0,110.0,noVIPV,SPRING
70,work,2.0,5.0,noVIPV,SPRING
70,public,7.0,17.5,noVIPV,SPRING
71,home,21.0,52.5,noVIPV,SPRING
71,work,2.0,5.0,noVIPV,SPRING
71,public,7.0,17.5,noVIPV,SPRING
72,home,8.0,20.0,noVIPV,SPRING
72,work,7.0,17.5,noVIPV,SPRING
72,public,8.0,20.0,noVIPV,SPRING
73,home,0.0,0.0,noVIPV,SPRING
73,work,0.0,0.0,noVIPV,SPRING
73,public,0.0,0.0,noVIPV,SPRING
74,home,0.0,0.0,noVIPV,SPRING
74,work,9.0,22.5,noVIPV,SPRING
74,public,9.0,22.5,noVIPV,SPRING
75,home,0.0,0.0,noVIPV,SPRING
75,work,24.0,60.0,noVIPV,SPRING
75,public,3.0,7.5,noVIPV,SPRING
76,home,22.0,55.0,noVIPV,SPRING
76,work,15.0,37.5,noVIPV,SPRING
76,public,11.0,27.5,noVIPV,SPRING
77,home,9.0,22.5,noVIPV,SPRING
77,work,0.0,0.0,noVIPV,SPRING
77,public,8.0,20.0,noVIPV,SPRING
78,home,3.0,7.5,noVIPV,SPRING
78,work,0.0,0.0,noVIPV,SPRING
78,public,1.0,2.5,noVIPV,SPRING
79,home,0.0,0.0,noVIPV,SPRING
79,work,0.0,0.0,noVIPV,SPRING
79,public,2.0,5.0,noVIPV,SPRING
80,home,1.0,2.5,noVIPV,SPRING
80,work,0.0,0.0,noVIPV,SPRING
80,public,7.0,17.5,noVIPV,SPRING
81,home,8.0,20.0,noVIPV,SPRING
81,work,0.0,0.0,noVIPV,SPRING
81,public,0.0,0.0,noVIPV,SPRING
82,home,1.0,2.5,noVIPV,SPRING
82,work,0.0,0.0,noVIPV,SPRING
82,public,2.0,5.0,noVIPV,SPRING
83,home,0.0,0.0,noVIPV,SPRING
83,work,0.0,0.0,noVIPV,SPRING
83,public,1.0,2.5,noVIPV,SPRING
84,home,38.0,95.0,noVIPV,SPRING
84,work,2.0,5.0,noVIPV,SPRING
84,public,10.0,25.0,noVIPV,SPRING
85,home,33.0,82.5,noVIPV,SPRING
85,work,5.0,12.5,noVIPV,SPRING
85,public,11.0,27.5,noVIPV,SPRING
86,home,57.0,142.5,noVIPV,SPRING
86,work,0.0,0.0,noVIPV,SPRING
86,public,26.0,65.0,noVIPV,SPRING
87,home,13.0,32.5,noVIPV,SPRING
87,work,2.0,5.0,noVIPV,SPRING
87,public,5.0,12.5,noVIPV,SPRING
88,home,20.0,50.0,noVIPV,SPRING
88,work,3.0,7.5,noVIPV,SPRING
88,public,25.0,62.5,noVIPV,SPRING
89,home,0.0,0.0,noVIPV,SPRING
89,work,21.0,52.5,noVIPV,SPRING
89,public,12.0,30.0,noVIPV,SPRING
90,home,0.0,0.0,noVIPV,SPRING
90,work,2.0,5.0,noVIPV,SPRING
90,public,18.0,45.0,noVIPV,SPRING
91,home,0.0,0.0,noVIPV,SPRING
91,work,8.0,20.0,noVIPV,SPRING
91,public,15.0,37.5,noVIPV,SPRING
92,home,0.0,0.0,noVIPV,SPRING
92,work,10.0,25.0,noVIPV,SPRING
92,public,6.0,15.0,noVIPV,SPRING
93,home,47.0,117.5,noVIPV,SPRING
93,work,6.0,15.0,noVIPV,SPRING
93,public,21.0,52.5,noVIPV,SPRING
94,home,3.0,7.5,noVIPV,SPRING
94,work,29.0,72.5,noVIPV,SPRING
94,public,12.0,30.0,noVIPV,SPRING
95,home,24.0,60.0,noVIPV,SPRING
95,work,2.0,5.0,noVIPV,SPRING
95,public,13.0,32.5,noVIPV,SPRING
96,home,15.0,37.5,noVIPV,SPRING
96,work,0.0,0.0,noVIPV,SPRING
96,public,6.0,15.0,noVIPV,SPRING
97,home,18.0,45.0,noVIPV,SPRING
97,work,1.0,2.5,noVIPV,SPRING
97,public,3.0,7.5,noVIPV,SPRING
98,home,5.0,12.5,noVIPV,SPRING
98,work,0.0,0.0,noVIPV,SPRING
98,public,3.0,7.5,noVIPV,SPRING
99,home,23.0,57.5,noVIPV,SPRING
99,work,4.0,10.0,noVIPV,SPRING
99,public,5.0,12.5,noVIPV,SPRING
100,home,34.0,85.0,noVIPV,SPRING
100,work,0.0,0.0,noVIPV,SPRING
100,public,26.0,65.0,noVIPV,SPRING
101,home,22.0,55.0,noVIPV,SPRING
101,work,1.0,2.5,noVIPV,SPRING
101,public,0.0,0.0,noVIPV,SPRING
102,home,6.0,15.0,noVIPV,SPRING
102,work,0.0,0.0,noVIPV,SPRING
102,public,0.0,0.0,noVIPV,SPRING
103,home,5.0,12.5,noVIPV,SPRING
103,work,0.0,0.0,noVIPV,SPRING
103,public,2.0,5.0,noVIPV,SPRING
104,home,6.0,15.0,noVIPV,SPRING
104,work,0.0,0.0,noVIPV,SPRING
104,public,0.0,0.0,noVIPV,SPRING
105,home,5.0,12.5,noVIPV,SPRING
105,work,0.0,0.0,noVIPV,SPRING
105,public,0.0,0.0,noVIPV,SPRING
106,home,4.0,10.0,noVIPV,SPRING
106,work,0.0,0.0,noVIPV,SPRING
106,public,0.0,0.0,noVIPV,SPRING
107,home,17.0,42.5,noVIPV,SPRING
107,work,5.0,12.5,noVIPV,SPRING
107,public,13.0,32.5,noVIPV,SPRING
108,home,25.0,62.5,noVIPV,SPRING
108,work,0.0,0.0,noVIPV,SPRING
108,public,10.0,25.0,noVIPV,SPRING
109,home,17.0,42.5,noVIPV,SPRING
109,work,0.0,0.0,noVIPV,SPRING
109,public,6.0,15.0,noVIPV,SPRING
110,home,52.0,130.0,noVIPV,SPRING
110,work,7.0,17.5,noVIPV,SPRING
110,public,42.0,105.0,noVIPV,SPRING
111,home,11.0,27.5,noVIPV,SPRING
111,work,10.0,25.0,noVIPV,SPRING
111,public,36.0,90.0,noVIPV,SPRING
112,home,25.0,62.5,noVIPV,SPRING
112,work,2.0,5.0,noVIPV,SPRING
112,public,17.0,42.5,noVIPV,SPRING
113,home,0.0,0.0,noVIPV,SPRING
113,work,16.0,40.0,noVIPV,SPRING
113,public,15.0,37.5,noVIPV,SPRING
114,home,6.0,15.0,noVIPV,SPRING
114,work,14.0,35.0,noVIPV,SPRING
114,public,10.0,25.0,noVIPV,SPRING
115,home,30.0,75.0,noVIPV,SPRING
115,work,4.0,10.0,noVIPV,SPRING
115,public,17.0,42.5,noVIPV,SPRING
116,home,1.0,2.5,noVIPV,SPRING
116,work,0.0,0.0,noVIPV,SPRING
116,public,1.0,2.5,noVIPV,SPRING
117,home,28.0,70.0,noVIPV,SPRING
117,work,3.0,7.5,noVIPV,SPRING
117,public,14.0,35.0,noVIPV,SPRING
118,home,27.0,67.5,noVIPV,SPRING
118,work,4.0,10.0,noVIPV,SPRING
118,public,38.0,95.0,noVIPV,SPRING
119,home,22.0,55.0,noVIPV,SPRING
119,work,9.0,22.5,noVIPV,SPRING
119,public,10.0,25.0,noVIPV,SPRING
120,home,32.0,80.0,noVIPV,SPRING
120,work,2.0,5.0,noVIPV,SPRING
120,public,11.0,27.5,noVIPV,SPRING
121,home,5.0,12.5,noVIPV,SPRING
121,work,0.0,0.0,noVIPV,SPRING
121,public,0.0,0.0,noVIPV,SPRING
122,home,1.0,2.5,noVIPV,SPRING
122,work,0.0,0.0,noVIPV,SPRING
122,public,0.0,0.0,noVIPV,SPRING
123,home,16.0,40.0,noVIPV,SPRING
123,work,2.0,5.0,noVIPV,SPRING
123,public,10.0,25.0,noVIPV,SPRING
124,home,28.0,70.0,noVIPV,SPRING
124,work,0.0,0.0,noVIPV,SPRING
124,public,10.0,25.0,noVIPV,SPRING
125,home,26.0,65.0,noVIPV,SPRING
125,work,2.0,5.0,noVIPV,SPRING
125,public,20.0,50.0,noVIPV,SPRING
126,home,51.0,127.5,noVIPV,SPRING
126,work,0.0,0.0,noVIPV,SPRING
126,public,18.0,45.0,noVIPV,SPRING
127,home,45.0,112.5,noVIPV,SPRING
127,work,0.0,0.0,noVIPV,SPRING
127,public,9.0,22.5,noVIPV,SPRING
128,home,8.0,20.0,noVIPV,SPRING
128,work,3.0,7.5,noVIPV,SPRING
128,public,0.0,0.0,noVIPV,SPRING
129,home,3.0,7.5,noVIPV,SPRING
129,work,0.0,0.0,noVIPV,SPRING
129,public,2.0,5.0,noVIPV,SPRING
130,home,0.0,0.0,noVIPV,SPRING
130,work,0.0,0.0,noVIPV,SPRING
130,public,0.0,0.0,noVIPV,SPRING
131,home,0.0,0.0,noVIPV,SPRING
131,work,0.0,0.0,noVIPV,SPRING
131,public,2.0,5.0,noVIPV,SPRING
132,home,15.0,37.5,noVIPV,SPRING
132,work,3.0,7.5,noVIPV,SPRING
132,public,0.0,0.0,noVIPV,SPRING
133,home,33.0,82.5,noVIPV,SPRING
133,work,1.0,2.5,noVIPV,SPRING
133,public,23.0,57.5,noVIPV,SPRING
134,home,61.0,152.5,noVIPV,SPRING
134,work,5.0,12.5,noVIPV,SPRING
134,public,28.0,70.0,noVIPV,SPRING
135,home,34.0,85.0,noVIPV,SPRING
135,work,9.0,22.5,noVIPV,SPRING
135,public,38.0,95.0,noVIPV,SPRING
136,home,35.0,87.5,noVIPV,SPRING
136,work,3.0,7.5,noVIPV,SPRING
136,public,12.0,30.0,noVIPV,SPRING
137,home,21.0,52.5,noVIPV,SPRING
137,work,4.0,10.0,noVIPV,SPRING
137,public,11.0,27.5,noVIPV,SPRING
138,home,0.0,0.0,noVIPV,SPRING
138,work,8.0,20.0,noVIPV,SPRING
138,public,23.0,57.5,noVIPV,SPRING
139,home,18.0,45.0,noVIPV,SPRING
139,work,6.0,15.0,noVIPV,SPRING
139,public,19.0,47.5,noVIPV,SPRING
140,home,5.0,12.5,noVIPV,SPRING
140,work,0.0,0.0,noVIPV,SPRING
140,public,4.0,10.0,noVIPV,SPRING
141,home,52.0,130.0,noVIPV,SPRING
141,work,5.0,12.5,noVIPV,SPRING
141,public,21.0,52.5,noVIPV,SPRING
142,home,27.0,67.5,noVIPV,SPRING
142,work,20.0,50.0,noVIPV,SPRING
142,public,47.0,117.5,noVIPV,SPRING
143,home,19.0,47.5,noVIPV,SPRING
143,work,11.0,27.5,noVIPV,SPRING
143,public,19.0,47.5,noVIPV,SPRING
144,home,29.0,72.5,noVIPV,SPRING
144,work,0.0,0.0,noVIPV,SPRING
144,public,16.0,40.0,noVIPV,SPRING
145,home,0.0,0.0,noVIPV,SPRING
145,work,0.0,0.0,noVIPV,SPRING
145,public,1.0,2.5,noVIPV,SPRING
146,home,0.0,0.0,noVIPV,SPRING
146,work,0.0,0.0,noVIPV,SPRING
146,public,1.0,2.5,noVIPV,SPRING
147,home,7.0,17.5,noVIPV,SPRING
147,work,0.0,0.0,noVIPV,SPRING
147,public,0.0,0.0,noVIPV,SPRING
148,home,23.0,57.5,noVIPV,SPRING
148,work,6.0,15.0,noVIPV,SPRING
148,public,18.0,45.0,noVIPV,SPRING
149,home,20.0,50.0,noVIPV,SPRING
149,work,1.0,2.5,noVIPV,SPRING
149,public,20.0,50.0,noVIPV,SPRING
150,home,21.0,52.5,noVIPV,SPRING
150,work,2.0,5.0,noVIPV,SPRING
150,public,2.0,5.0,noVIPV,SPRING
151,home,0.0,0.0,noVIPV,SPRING
151,work,0.0,0.0,noVIPV,SPRING
151,public,3.0,7.5,noVIPV,SPRING
152,home,39.0,97.5,noVIPV,SPRING
152,work,0.0,0.0,noVIPV,SPRING
152,public,15.0,37.5,noVIPV,SPRING
153,home,35.0,87.5,noVIPV,SPRING
153,work,4.0,10.0,noVIPV,SPRING
153,public,14.0,35.0,noVIPV,SPRING
154,home,5.0,12.5,noVIPV,SPRING
154,work,14.0,35.0,noVIPV,SPRING
154,public,4.0,10.0,noVIPV,SPRING
155,home,14.0,35.0,noVIPV,SPRING
155,work,0.0,0.0,noVIPV,SPRING
155,public,5.0,12.5,noVIPV,SPRING
156,home,34.0,85.0,noVIPV,SPRING
156,work,4.0,10.0,noVIPV,SPRING
156,public,91.0,227.5,noVIPV,SPRING
157,home,3.0,7.5,noVIPV,SPRING
157,work,22.0,55.0,noVIPV,SPRING
157,public,0.0,0.0,noVIPV,SPRING
158,home,9.0,22.5,noVIPV,SPRING
158,work,1.0,2.5,noVIPV,SPRING
158,public,0.0,0.0,noVIPV,SPRING
159,home,43.0,107.5,noVIPV,SPRING
159,work,2.0,5.0,noVIPV,SPRING
159,public,39.0,97.5,noVIPV,SPRING
160,home,37.0,92.5,noVIPV,SPRING
160,work,14.0,35.0,noVIPV,SPRING
160,public,45.0,112.5,noVIPV,SPRING
161,home,25.0,62.5,noVIPV,SPRING
161,work,3.0,7.5,noVIPV,SPRING
161,public,26.0,65.0,noVIPV,SPRING
162,home,22.0,55.0,noVIPV,SPRING
162,work,1.0,2.5,noVIPV,SPRING
162,public,14.0,35.0,noVIPV,SPRING
163,home,1.0,2.5,noVIPV,SPRING
163,work,0.0,0.0,noVIPV,SPRING
163,public,0.0,0.0,noVIPV,SPRING
164,home,22.0,55.0,noVIPV,SPRING
164,work,2.0,5.0,noVIPV,SPRING
164,public,18.0,45.0,noVIPV,SPRING
165,home,35.0,87.5,noVIPV,SPRING
165,work,5.0,12.5,noVIPV,SPRING
165,public,5.0,12.5,noVIPV,SPRING
166,home,5.0,12.5,noVIPV,SPRING
166,work,3.0,7.5,noVIPV,SPRING
166,public,5.0,12.5,noVIPV,SPRING
167,home,0.0,0.0,noVIPV,SPRING
167,work,1.0,2.5,noVIPV,SPRING
167,public,0.0,0.0,noVIPV,SPRING
168,home,2.0,5.0,noVIPV,SPRING
168,work,0.0,0.0,noVIPV,SPRING
168,public,0.0,0.0,noVIPV,SPRING
169,home,8.0,20.0,noVIPV,SPRING
169,work,0.0,0.0,noVIPV,SPRING
169,public,1.0,2.5,noVIPV,SPRING
170,home,25.0,62.5,noVIPV,SPRING
170,work,1.0,2.5,noVIPV,SPRING
170,public,8.0,20.0,noVIPV,SPRING
171,home,19.0,47.5,noVIPV,SPRING
171,work,8.0,20.0,noVIPV,SPRING
171,public,18.0,45.0,noVIPV,SPRING
172,home,13.0,32.5,noVIPV,SPRING
172,work,0.0,0.0,noVIPV,SPRING
172,public,16.0,40.0,noVIPV,SPRING
173,home,33.0,82.5,noVIPV,SPRING
173,work,0.0,0.0,noVIPV,SPRING
173,public,5.0,12.5,noVIPV,SPRING
174,home,36.0,90.0,noVIPV,SPRING
174,work,2.0,5.0,noVIPV,SPRING
174,public,18.0,45.0,noVIPV,SPRING
175,home,42.0,105.0,noVIPV,SPRING
175,work,3.0,7.5,noVIPV,SPRING
175,public,41.0,102.5,noVIPV,SPRING
176,home,11.0,27.5,noVIPV,SPRING
176,work,0.0,0.0,noVIPV,SPRING
176,public,2.0,5.0,noVIPV,SPRING
177,home,17.0,42.5,noVIPV,SPRING
177,work,3.0,7.5,noVIPV,SPRING
177,public,7.0,17.5,noVIPV,SPRING
178,home,14.0,35.0,noVIPV,SPRING
178,work,12.0,30.0,noVIPV,SPRING
178,public,33.0,82.5,noVIPV,SPRING
179,home,0.0,0.0,noVIPV,SPRING
179,work,12.0,30.0,noVIPV,SPRING
179,public,15.0,37.5,noVIPV,SPRING
180,home,2.0,5.0,noVIPV,SPRING
180,work,0.0,0.0,noVIPV,SPRING
180,public,1.0,2.5,noVIPV,SPRING
181,home,0.0,0.0,noVIPV,SPRING
181,work,0.0,0.0,noVIPV,SPRING
181,public,0.0,0.0,noVIPV,SPRING
182,home,0.0,0.0,noVIPV,SPRING
182,work,1.0,2.5,noVIPV,SPRING
182,public,5.0,12.5,noVIPV,SPRING
183,home,0.0,0.0,noVIPV,SPRING
183,work,8.0,20.0,noVIPV,SPRING
183,public,3.0,7.5,noVIPV,SPRING
184,home,0.0,0.0,noVIPV,SPRING
184,work,2.0,5.0,noVIPV,SPRING
184,public,4.0,10.0,noVIPV,SPRING
185,home,1.0,2.5,noVIPV,SPRING
185,work,0.0,0.0,noVIPV,SPRING
185,public,0.0,0.0,noVIPV,SPRING
186,home,0.0,0.0,noVIPV,SPRING
186,work,0.0,0.0,noVIPV,SPRING
186,public,0.0,0.0,noVIPV,SPRING
187,home,9.0,22.5,noVIPV,SPRING
187,work,6.0,15.0,noVIPV,SPRING
187,public,7.0,17.5,noVIPV,SPRING
188,home,18.0,45.0,noVIPV,SPRING
188,work,3.0,7.5,noVIPV,SPRING
188,public,8.0,20.0,noVIPV,SPRING
189,home,43.0,107.5,noVIPV,SPRING
189,work,0.0,0.0,noVIPV,SPRING
189,public,8.0,20.0,noVIPV,SPRING
190,home,60.0,150.0,noVIPV,SPRING
190,work,1.0,2.5,noVIPV,SPRING
190,public,10.0,25.0,noVIPV,SPRING
191,home,53.0,132.5,noVIPV,SPRING
191,work,1.0,2.5,noVIPV,SPRING
191,public,39.0,97.5,noVIPV,SPRING
192,home,25.0,62.5,noVIPV,SPRING
192,work,0.0,0.0,noVIPV,SPRING
192,public,34.0,85.0,noVIPV,SPRING
193,home,11.0,27.5,noVIPV,SPRING
193,work,3.0,7.5,noVIPV,SPRING
193,public,21.0,52.5,noVIPV,SPRING
194,home,8.0,20.0,noVIPV,SPRING
194,work,2.0,5.0,noVIPV,SPRING
194,public,0.0,0.0,noVIPV,SPRING
195,home,9.0,22.5,noVIPV,SPRING
195,work,1.0,2.5,noVIPV,SPRING
195,public,5.0,12.5,noVIPV,SPRING
196,home,31.0,77.5,noVIPV,SPRING
196,work,0.0,0.0,noVIPV,SPRING
196,public,21.0,52.5,noVIPV,SPRING
197,home,41.0,102.5,noVIPV,SPRING
197,work,13.0,32.5,noVIPV,SPRING
197,public,24.0,60.0,noVIPV,SPRING
198,home,14.0,35.0,noVIPV,SPRING
198,work,19.0,47.5,noVIPV,SPRING
198,public,5.0,12.5,noVIPV,SPRING
199,home,0.0,0.0,noVIPV,SPRING
199,work,2.0,5.0,noVIPV,SPRING
199,public,3.0,7.5,noVIPV,SPRING
200,home,0.0,0.0,noVIPV,SPRING
200,work,5.0,12.5,noVIPV,SPRING
200,public,4.0,10.0,noVIPV,SPRING
201,home,6.0,15.0,noVIPV,SPRING
201,work,4.0,10.0,noVIPV,SPRING
201,public,2.0,5.0,noVIPV,SPRING
202,home,0.0,0.0,noVIPV,SPRING
202,work,0.0,0.0,noVIPV,SPRING
202,public,0.0,0.0,noVIPV,SPRING
203,home,0.0,0.0,noVIPV,SPRING
203,work,0.0,0.0,noVIPV,SPRING
203,public,0.0,0.0,noVIPV,SPRING
204,home,1.0,2.5,noVIPV,SPRING
204,work,0.0,0.0,noVIPV,SPRING
204,public,5.0,12.5,noVIPV,SPRING
205,home,14.0,35.0,noVIPV,SPRING
205,work,0.0,0.0,noVIPV,SPRING
205,public,11.0,27.5,noVIPV,SPRING
206,home,13.0,32.5,noVIPV,SPRING
206,work,4.0,10.0,noVIPV,SPRING
206,public,12.0,30.0,noVIPV,SPRING
207,home,19.0,47.5,noVIPV,SPRING
207,work,1.0,2.5,noVIPV,SPRING
207,public,2.0,5.0,noVIPV,SPRING
208,home,11.0,27.5,noVIPV,SPRING
208,work,0.0,0.0,noVIPV,SPRING
208,public,19.0,47.5,noVIPV,SPRING
209,home,41.0,102.5,noVIPV,SPRING
209,work,0.0,0.0,noVIPV,SPRING
209,public,34.0,85.0,noVIPV,SPRING
210,home,0.0,0.0,noVIPV,SPRING
210,work,0.0,0.0,noVIPV,SPRING
210,public,10.0,25.0,noVIPV,SPRING
211,home,13.0,32.5,noVIPV,SPRING
211,work,36.0,90.0,noVIPV,SPRING
211,public,50.0,125.0,noVIPV,SPRING
212,home,26.0,65.0,noVIPV,SPRING
212,work,6.0,15.0,noVIPV,SPRING
212,public,31.0,77.5,noVIPV,SPRING
213,home,27.0,67.5,noVIPV,SPRING
213,work,4.0,10.0,noVIPV,SPRING
213,public,57.0,142.5,noVIPV,SPRING
214,home,31.0,77.5,noVIPV,SPRING
214,work,14.0,35.0,noVIPV,SPRING
214,public,16.0,40.0,noVIPV,SPRING
215,home,12.0,30.0,noVIPV,SPRING
215,work,1.0,2.5,noVIPV,SPRING
215,public,31.0,77.5,noVIPV,SPRING
216,home,0.0,0.0,noVIPV,SPRING
216,work,0.0,0.0,noVIPV,SPRING
216,public,2.0,5.0,noVIPV,SPRING
217,home,1.0,2.5,noVIPV,SPRING
217,work,0.0,0.0,noVIPV,SPRING
217,public,0.0,0.0,noVIPV,SPRING
218,home,13.0,32.5,noVIPV,SPRING
218,work,0.0,0.0,noVIPV,SPRING
218,public,2.0,5.0,noVIPV,SPRING
219,home,11.0,27.5,noVIPV,SPRING
219,work,0.0,0.0,noVIPV,SPRING
219,public,0.0,0.0,noVIPV,SPRING
220,home,0.0,0.0,noVIPV,SPRING
220,work,2.0,5.0,noVIPV,SPRING
220,public,0.0,0.0,noVIPV,SPRING
221,home,0.0,0.0,noVIPV,SPRING
221,work,0.0,0.0,noVIPV,SPRING
221,public,0.0,0.0,noVIPV,SPRING
222,home,0.0,0.0,noVIPV,SPRING
222,work,0.0,0.0,noVIPV,SPRING
222,public,0.0,0.0,noVIPV,SPRING
223,home,0.0,0.0,noVIPV,SPRING
223,work,2.0,5.0,noVIPV,SPRING
223,public,0.0,0.0,noVIPV,SPRING
224,home,20.0,50.0,noVIPV,SPRING
224,work,6.0,15.0,noVIPV,SPRING
224,public,8.0,20.0,noVIPV,SPRING
225,home,65.0,162.5,noVIPV,SPRING
225,work,4.0,10.0,noVIPV,SPRING
225,public,80.0,200.0,noVIPV,SPRING
226,home,14.0,35.0,noVIPV,SPRING
226,work,0.0,0.0,noVIPV,SPRING
226,public,27.0,67.5,noVIPV,SPRING
227,home,32.0,80.0,noVIPV,SPRING
227,work,10.0,25.0,noVIPV,SPRING
227,public,99.0,247.5,noVIPV,SPRING
228,home,33.0,82.5,noVIPV,SPRING
228,work,10.0,25.0,noVIPV,SPRING
228,public,35.0,87.5,noVIPV,SPRING
229,home,33.0,82.5,noVIPV,SPRING
229,work,16.0,40.0,noVIPV,SPRING
229,public,31.0,77.5,noVIPV,SPRING
230,home,31.0,77.5,noVIPV,SPRING
230,work,8.0,20.0,noVIPV,SPRING
230,public,48.0,120.0,noVIPV,SPRING
231,home,16.0,40.0,noVIPV,SPRING
231,work,0.0,0.0,noVIPV,SPRING
231,public,26.0,65.0,noVIPV,SPRING
232,home,8.0,20.0,noVIPV,SPRING
232,work,0.0,0.0,noVIPV,SPRING
232,public,1.0,2.5,noVIPV,SPRING
233,home,22.0,55.0,noVIPV,SPRING
233,work,0.0,0.0,noVIPV,SPRING
233,public,16.0,40.0,noVIPV,SPRING
234,home,8.0,20.0,noVIPV,SPRING
234,work,0.0,0.0,noVIPV,SPRING
234,public,10.0,25.0,noVIPV,SPRING
235,home,9.0,22.5,noVIPV,SPRING
235,work,0.0,0.0,noVIPV,SPRING
235,public,3.0,7.5,noVIPV,SPRING
236,home,7.0,17.5,noVIPV,SPRING
236,work,0.0,0.0,noVIPV,SPRING
236,public,3.0,7.5,noVIPV,SPRING
237,home,2.0,5.0,noVIPV,SPRING
237,work,0.0,0.0,noVIPV,SPRING
237,public,0.0,0.0,noVIPV,SPRING
238,home,0.0,0.0,noVIPV,SPRING
238,work,9.0,22.5,noVIPV,SPRING
238,public,4.0,10.0,noVIPV,SPRING
239,home,0.0,0.0,noVIPV,SPRING
239,work,4.0,10.0,noVIPV,SPRING
239,public,1.0,2.5,noVIPV,SPRING
240,home,0.0,0.0,noVIPV,SPRING
240,work,0.0,0.0,noVIPV,SPRING
240,public,0.0,0.0,noVIPV,SPRING
241,home,0.0,0.0,noVIPV,SPRING
241,work,7.0,17.5,noVIPV,SPRING
241,public,3.0,7.5,noVIPV,SPRING
242,home,0.0,0.0,noVIPV,SPRING
242,work,4.0,10.0,noVIPV,SPRING
242,public,1.0,2.5,noVIPV,SPRING
243,home,22.0,55.0,noVIPV,SPRING
243,work,0.0,0.0,noVIPV,SPRING
243,public,3.0,7.5,noVIPV,SPRING
244,home,33.0,82.5,noVIPV,SPRING
244,work,6.0,15.0,noVIPV,SPRING
244,public,10.0,25.0,noVIPV,SPRING
245,home,60.0,150.0,noVIPV,SPRING
245,work,18.0,45.0,noVIPV,SPRING
245,public,47.0,117.5,noVIPV,SPRING
246,home,74.0,185.0,noVIPV,SPRING
246,work,19.0,47.5,noVIPV,SPRING
246,public,122.0,305.0,noVIPV,SPRING
247,home,54.0,135.0,noVIPV,SPRING
247,work,30.0,75.0,noVIPV,SPRING
247,public,46.0,115.0,noVIPV,SPRING
248,home,65.0,162.5,noVIPV,SPRING
248,work,33.0,82.5,noVIPV,SPRING
248,public,113.0,282.5,noVIPV,SPRING
249,home,25.0,62.5,noVIPV,SPRING
249,work,20.0,50.0,noVIPV,SPRING
249,public,34.0,85.0,noVIPV,SPRING
250,home,14.0,35.0,noVIPV,SPRING
250,work,2.0,5.0,noVIPV,SPRING
250,public,19.0,47.5,noVIPV,SPRING
251,home,13.0,32.5,noVIPV,SPRING
251,work,0.0,0.0,noVIPV,SPRING
251,public,4.0,10.0,noVIPV,SPRING
252,home,0.0,0.0,noVIPV,SPRING
252,work,1.0,2.5,noVIPV,SPRING
252,public,1.0,2.5,noVIPV,SPRING
253,home,8.0,20.0,noVIPV,SPRING
253,work,1.0,2.5,noVIPV,SPRING
253,public,6.0,15.0,noVIPV,SPRING
254,home,33.0,82.5,noVIPV,SPRING
254,work,0.0,0.0,noVIPV,SPRING
254,public,22.0,55.0,noVIPV,SPRING
255,home,7.0,17.5,noVIPV,SPRING
255,work,4.0,10.0,noVIPV,SPRING
255,public,2.0,5.0,noVIPV,SPRING
256,home,9.0,22.5,noVIPV,SPRING
256,work,0.0,0.0,noVIPV,SPRING
256,public,4.0,10.0,noVIPV,SPRING
257,home,5.0,12.5,noVIPV,SPRING
257,work,0.0,0.0,noVIPV,SPRING
257,public,5.0,12.5,noVIPV,SPRING
258,home,20.0,50.0,noVIPV,SPRING
258,work,0.0,0.0,noVIPV,SPRING
258,public,1.0,2.5,noVIPV,SPRING
259,home,0.0,0.0,noVIPV,SPRING
259,work,0.0,0.0,noVIPV,SPRING
259,public,0.0,0.0,noVIPV,SPRING
260,home,0.0,0.0,noVIPV,SPRING
260,work,12.0,30.0,noVIPV,SPRING
260,public,3.0,7.5,noVIPV,SPRING
261,home,0.0,0.0,noVIPV,SPRING
261,work,26.0,65.0,noVIPV,SPRING
261,public,2.0,5.0,noVIPV,SPRING
262,home,0.0,0.0,noVIPV,SPRING
262,work,1.0,2.5,noVIPV,SPRING
262,public,0.0,0.0,noVIPV,SPRING
263,home,0.0,0.0,noVIPV,SPRING
263,work,5.0,12.5,noVIPV,SPRING
263,public,0.0,0.0,noVIPV,SPRING
264,home,0.0,0.0,noVIPV,SPRING
264,work,0.0,0.0,noVIPV,SPRING
264,public,0.0,0.0,noVIPV,SPRING
265,home,0.0,0.0,noVIPV,SPRING
265,work,2.0,5.0,noVIPV,SPRING
265,public,0.0,0.0,noVIPV,SPRING
266,home,42.0,105.0,noVIPV,SPRING
266,work,0.0,0.0,noVIPV,SPRING
266,public,10.0,25.0,noVIPV,SPRING
267,home,45.0,112.5,noVIPV,SPRING
267,work,4.0,10.0,noVIPV,SPRING
267,public,53.0,132.5,noVIPV,SPRING
268,home,70.0,175.0,noVIPV,SPRING
268,work,4.0,10.0,noVIPV,SPRING
268,public,37.0,92.5,noVIPV,SPRING
269,home,11.0,27.5,noVIPV,SPRING
269,work,22.0,55.0,noVIPV,SPRING
269,public,13.0,32.5,noVIPV,SPRING
270,home,28.0,70.0,noVIPV,SPRING
270,work,24.0,60.0,noVIPV,SPRING
270,public,6.0,15.0,noVIPV,SPRING
271,home,2.0,5.0,noVIPV,SPRING
271,work,56.0,140.0,noVIPV,SPRING
271,public,183.0,457.5,noVIPV,SPRING
272,home,28.0,70.0,noVIPV,SPRING
272,work,31.0,77.5,noVIPV,SPRING
272,public,77.0,192.5,noVIPV,SPRING
273,home,17.0,42.5,noVIPV,SPRING
273,work,16.0,40.0,noVIPV,SPRING
273,public,27.0,67.5,noVIPV,SPRING
274,home,33.0,82.5,noVIPV,SPRING
274,work,4.0,10.0,noVIPV,SPRING
274,public,37.0,92.5,noVIPV,SPRING
275,home,25.0,62.5,noVIPV,SPRING
275,work,1.0,2.5,noVIPV,SPRING
275,public,15.0,37.5,noVIPV,SPRING
276,home,0.0,0.0,noVIPV,SPRING
276,work,0.0,0.0,noVIPV,SPRING
276,public,2.0,5.0,noVIPV,SPRING
277,home,7.0,17.5,noVIPV,SPRING
277,work,0.0,0.0,noVIPV,SPRING
277,public,1.0,2.5,noVIPV,SPRING
278,home,47.0,117.5,noVIPV,SPRING
278,work,1.0,2.5,noVIPV,SPRING
278,public,7.0,17.5,noVIPV,SPRING
279,home,20.0,50.0,noVIPV,SPRING
279,work,0.0,0.0,noVIPV,SPRING
279,public,7.0,17.5,noVIPV,SPRING
280,home,13.0,32.5,noVIPV,SPRING
280,work,2.0,5.0,noVIPV,SPRING
280,public,15.0,37.5,noVIPV,SPRING
281,home,0.0,0.0,noVIPV,SPRING
281,work,4.0,10.0,noVIPV,SPRING
281,public,5.0,12.5,noVIPV,SPRING
282,home,0.0,0.0,noVIPV,SPRING
282,work,3.0,7.5,noVIPV,SPRING
282,public,0.0,0.0,noVIPV,SPRING
283,home,0.0,0.0,noVIPV,SPRING
283,work,6.0,15.0,noVIPV,SPRING
283,public,0.0,0.0,noVIPV,SPRING
284,home,0.0,0.0,noVIPV,SPRING
284,work,4.0,10.0,noVIPV,SPRING
284,public,0.0,0.0,noVIPV,SPRING
285,home,0.0,0.0,noVIPV,SPRING
285,work,0.0,0.0,noVIPV,SPRING
285,public,1.0,2.5,noVIPV,SPRING
286,home,15.0,37.5,noVIPV,SPRING
286,work,9.0,22.5,noVIPV,SPRING
286,public,16.0,40.0,noVIPV,SPRING
287,home,30.0,75.0,noVIPV,SPRING
287,work,0.0,0.0,noVIPV,SPRING
287,public,37.0,92.5,noVIPV,SPRING
288,home,20.0,50.0,noVIPV,SPRING
288,work,1.0,2.5,noVIPV,SPRING
288,public,26.0,65.0,noVIPV,SPRING
289,home,29.0,72.5,noVIPV,SPRING
289,work,8.0,20.0,noVIPV,SPRING
289,public,16.0,40.0,noVIPV,SPRING
290,home,0.0,0.0,noVIPV,SPRING
290,work,17.0,42.5,noVIPV,SPRING
290,public,7.0,17.5,noVIPV,SPRING
291,home,0.0,0.0,noVIPV,SPRING
291,work,9.0,22.5,noVIPV,SPRING
291,public,50.0,125.0,noVIPV,SPRING
292,home,5.0,12.5,noVIPV,SPRING
292,work,60.0,150.0,noVIPV,SPRING
292,public,63.0,157.5,noVIPV,SPRING
293,home,26.0,65.0,noVIPV,SPRING
293,work,19.0,47.5,noVIPV,SPRING
293,public,36.0,90.0,noVIPV,SPRING
294,home,57.0,142.5,noVIPV,SPRING
294,work,21.0,52.5,noVIPV,SPRING
294,public,58.0,145.0,noVIPV,SPRING
295,home,41.0,102.5,noVIPV,SPRING
295,work,1.0,2.5,noVIPV,SPRING
295,public,16.0,40.0,noVIPV,SPRING
296,home,47.0,117.5,noVIPV,SPRING
296,work,2.0,5.0,noVIPV,SPRING
296,public,15.0,37.5,noVIPV,SPRING
297,home,25.0,62.5,noVIPV,SPRING
297,work,2.0,5.0,noVIPV,SPRING
297,public,21.0,52.5,noVIPV,SPRING
298,home,29.0,72.5,noVIPV,SPRING
298,work,0.0,0.0,noVIPV,SPRING
298,public,4.0,10.0,noVIPV,SPRING
299,home,12.0,30.0,noVIPV,SPRING
299,work,0.0,0.0,noVIPV,SPRING
299,public,35.0,87.5,noVIPV,SPRING
300,home,5.0,12.5,noVIPV,SPRING
300,work,0.0,0.0,noVIPV,SPRING
300,public,11.0,27.5,noVIPV,SPRING
301,home,4.0,10.0,noVIPV,SPRING
301,work,0.0,0.0,noVIPV,SPRING
301,public,0.0,0.0,noVIPV,SPRING
302,home,0.0,0.0,noVIPV,SPRING
302,work,0.0,0.0,noVIPV,SPRING
302,public,3.0,7.5,noVIPV,SPRING
303,home,12.0,30.0,noVIPV,SPRING
303,work,0.0,0.0,noVIPV,SPRING
303,public,3.0,7.5,noVIPV,SPRING
304,home,1.0,2.5,noVIPV,SPRING
304,work,0.0,0.0,noVIPV,SPRING
304,public,1.0,2.5,noVIPV,SPRING
305,home,53.0,132.5,noVIPV,SPRING
305,work,1.0,2.5,noVIPV,SPRING
305,public,3.0,7.5,noVIPV,SPRING
306,home,25.0,62.5,noVIPV,SPRING
306,work,6.0,15.0,noVIPV,SPRING
306,public,9.0,22.5,noVIPV,SPRING
307,home,0.0,0.0,noVIPV,SPRING
307,work,6.0,15.0,noVIPV,SPRING
307,public,5.0,12.5,noVIPV,SPRING
308,home,0.0,0.0,noVIPV,SPRING
308,work,0.0,0.0,noVIPV,SPRING
308,public,2.0,5.0,noVIPV,SPRING
309,home,0.0,0.0,noVIPV,SPRING
309,work,0.0,0.0,noVIPV,SPRING
309,public,1.0,2.5,noVIPV,SPRING
310,home,0.0,0.0,noVIPV,SPRING
310,work,0.0,0.0,noVIPV,SPRING
310,public,0.0,0.0,noVIPV,SPRING
311,home,0.0,0.0,noVIPV,SPRING
311,work,0.0,0.0,noVIPV,SPRING
311,public,1.0,2.5,noVIPV,SPRING
312,home,46.0,115.0,noVIPV,SPRING
312,work,3.0,7.5,noVIPV,SPRING
312,public,27.0,67.5,noVIPV,SPRING
313,home,18.0,45.0,noVIPV,SPRING
313,work,0.0,0.0,noVIPV,SPRING
313,public,14.0,35.0,noVIPV,SPRING
314,home,16.0,40.0,noVIPV,SPRING
314,work,18.0,45.0,noVIPV,SPRING
314,public,17.0,42.5,noVIPV,SPRING
315,home,14.0,35.0,noVIPV,SPRING
315,work,8.0,20.0,noVIPV,SPRING
315,public,55.0,137.5,noVIPV,SPRING
316,home,40.0,100.0,noVIPV,SPRING
316,work,8.0,20.0,noVIPV,SPRING
316,public,24.0,60.0,noVIPV,SPRING
317,home,0.0,0.0,noVIPV,SPRING
317,work,8.0,20.0,noVIPV,SPRING
317,public,1.0,2.5,noVIPV,SPRING
318,home,6.0,15.0,noVIPV,SPRING
318,work,19.0,47.5,noVIPV,SPRING
318,public,8.0,20.0,noVIPV,SPRING
319,home,6.0,15.0,noVIPV,SPRING
319,work,17.0,42.5,noVIPV,SPRING
319,public,13.0,32.5,noVIPV,SPRING
320,home,42.0,105.0,noVIPV,SPRING
320,work,0.0,0.0,noVIPV,SPRING
320,public,32.0,80.0,noVIPV,SPRING
321,home,43.0,107.5,noVIPV,SPRING
321,work,10.0,25.0,noVIPV,SPRING
321,public,56.0,140.0,noVIPV,SPRING
322,home,45.0,112.5,noVIPV,SPRING
322,work,3.0,7.5,noVIPV,SPRING
322,public,32.0,80.0,noVIPV,SPRING
323,home,22.0,55.0,noVIPV,SPRING
323,work,17.0,42.5,noVIPV,SPRING
323,public,18.0,45.0,noVIPV,SPRING
324,home,61.0,152.5,noVIPV,SPRING
324,work,4.0,10.0,noVIPV,SPRING
324,public,43.0,107.5,noVIPV,SPRING
325,home,53.0,132.5,noVIPV,SPRING
325,work,3.0,7.5,noVIPV,SPRING
325,public,4.0,10.0,noVIPV,SPRING
326,home,13.0,32.5,noVIPV,SPRING
326,work,0.0,0.0,noVIPV,SPRING
326,public,0.0,0.0,noVIPV,SPRING
327,home,1.0,2.5,noVIPV,SPRING
327,work,0.0,0.0,noVIPV,SPRING
327,public,6.0,15.0,noVIPV,SPRING
328,home,17.0,42.5,noVIPV,SPRING
328,work,2.0,5.0,noVIPV,SPRING
328,public,8.0,20.0,noVIPV,SPRING
329,home,2.0,5.0,noVIPV,SPRING
329,work,0.0,0.0,noVIPV,SPRING
329,public,1.0,2.5,noVIPV,SPRING
330,home,17.0,42.5,noVIPV,SPRING
330,work,0.0,0.0,noVIPV,SPRING
330,public,0.0,0.0,noVIPV,SPRING
331,home,18.0,45.0,noVIPV,SPRING
331,work,7.0,17.5,noVIPV,SPRING
331,public,15.0,37.5,noVIPV,SPRING
332,home,5.0,12.5,noVIPV,SPRING
332,work,1.0,2.5,noVIPV,SPRING
332,public,0.0,0.0,noVIPV,SPRING
333,home,0.0,0.0,noVIPV,SPRING
333,work,0.0,0.0,noVIPV,SPRING
333,public,1.0,2.5,noVIPV,SPRING
334,home,0.0,0.0,noVIPV,SPRING
334,work,2.0,5.0,noVIPV,SPRING
334,public,0.0,0.0,noVIPV,SPRING
335,home,0.0,0.0,noVIPV,SPRING
335,work,0.0,0.0,noVIPV,SPRING
335,public,1.0,2.5,noVIPV,SPRING
336,home,0.0,0.0,noVIPV,SPRING
336,work,6.0,15.0,noVIPV,SPRING
336,public,3.0,7.5,noVIPV,SPRING
337,home,54.0,135.0,noVIPV,SPRING
337,work,1.0,2.5,noVIPV,SPRING
337,public,11.0,27.5,noVIPV,SPRING
338,home,26.0,65.0,noVIPV,SPRING
338,work,0.0,0.0,noVIPV,SPRING
338,public,24.0,60.0,noVIPV,SPRING
339,home,29.0,72.5,noVIPV,SPRING
339,work,0.0,0.0,noVIPV,SPRING
339,public,8.0,20.0,noVIPV,SPRING
340,home,42.0,105.0,noVIPV,SPRING
340,work,9.0,22.5,noVIPV,SPRING
340,public,36.0,90.0,noVIPV,SPRING
341,home,0.0,0.0,noVIPV,SPRING
341,work,4.0,10.0,noVIPV,SPRING
341,public,10.0,25.0,noVIPV,SPRING
342,home,0.0,0.0,noVIPV,SPRING
342,work,8.0,20.0,noVIPV,SPRING
342,public,15.0,37.5,noVIPV,SPRING
343,home,0.0,0.0,noVIPV,SPRING
343,work,3.0,7.5,noVIPV,SPRING
343,public,2.0,5.0,noVIPV,SPRING
344,home,0.0,0.0,noVIPV,SPRING
344,work,11.0,27.5,noVIPV,SPRING
344,public,0.0,0.0,noVIPV,SPRING
345,home,21.0,52.5,noVIPV,SPRING
345,work,25.0,62.5,noVIPV,SPRING
345,public,18.0,45.0,noVIPV,SPRING
346,home,6.0,15.0,noVIPV,SPRING
346,work,1.0,2.5,noVIPV,SPRING
346,public,10.0,25.0,noVIPV,SPRING
347,home,15.0,37.5,noVIPV,SPRING
347,work,15.0,37.5,noVIPV,SPRING
347,public,27.0,67.5,noVIPV,SPRING
348,home,46.0,115.0,noVIPV,SPRING
348,work,2.0,5.0,noVIPV,SPRING
348,public,13.0,32.5,noVIPV,SPRING
349,home,42.0,105.0,noVIPV,SPRING
349,work,1.0,2.5,noVIPV,SPRING
349,public,43.0,107.5,noVIPV,SPRING
350,home,27.0,67.5,noVIPV,SPRING
350,work,0.0,0.0,noVIPV,SPRING
350,public,8.0,20.0,noVIPV,SPRING
351,home,19.0,47.5,noVIPV,SPRING
351,work,0.0,0.0,noVIPV,SPRING
351,public,14.0,35.0,noVIPV,SPRING
352,home,26.0,65.0,noVIPV,SPRING
352,work,0.0,0.0,noVIPV,SPRING
352,public,37.0,92.5,noVIPV,SPRING
353,home,48.0,120.0,noVIPV,SPRING
353,work,4.0,10.0,noVIPV,SPRING
353,public,15.0,37.5,noVIPV,SPRING
354,home,16.0,40.0,noVIPV,SPRING
354,work,0.0,0.0,noVIPV,SPRING
354,public,2.0,5.0,noVIPV,SPRING
355,home,23.0,57.5,noVIPV,SPRING
355,work,0.0,0.0,noVIPV,SPRING
355,public,14.0,35.0,noVIPV,SPRING
356,home,36.0,90.0,noVIPV,SPRING
356,work,0.0,0.0,noVIPV,SPRING
356,public,14.0,35.0,noVIPV,SPRING
357,home,8.0,20.0,noVIPV,SPRING
357,work,0.0,0.0,noVIPV,SPRING
357,public,4.0,10.0,noVIPV,SPRING
358,home,1.0,2.5,noVIPV,SPRING
358,work,0.0,0.0,noVIPV,SPRING
358,public,3.0,7.5,noVIPV,SPRING
359,home,0.0,0.0,noVIPV,SPRING
359,work,1.0,2.5,noVIPV,SPRING
359,public,0.0,0.0,noVIPV,SPRING
360,home,0.0,0.0,noVIPV,SPRING
360,work,27.0,67.5,noVIPV,SPRING
360,public,1.0,2.5,noVIPV,SPRING
361,home,0.0,0.0,noVIPV,SPRING
361,work,99.0,247.5,noVIPV,SPRING
361,public,10.0,25.0,noVIPV,SPRING
362,home,58.0,145.0,noVIPV,SPRING
362,work,1.0,2.5,noVIPV,SPRING
362,public,37.0,92.5,noVIPV,SPRING
363,home,25.0,62.5,noVIPV,SPRING
363,work,0.0,0.0,noVIPV,SPRING
363,public,7.0,17.5,noVIPV,SPRING
364,home,49.0,122.5,noVIPV,SPRING
364,work,2.0,5.0,noVIPV,SPRING
364,public,14.0,35.0,noVIPV,SPRING
365,home,27.0,67.5,noVIPV,SPRING
365,work,1.0,2.5,noVIPV,SPRING
365,public,28.0,70.0,noVIPV,SPRING
366,home,8.0,20.0,noVIPV,SPRING
366,work,17.0,42.5,noVIPV,SPRING
366,public,5.0,12.5,noVIPV,SPRING
367,home,19.0,47.5,noVIPV,SPRING
367,work,1.0,2.5,noVIPV,SPRING
367,public,23.0,57.5,noVIPV,SPRING
368,home,20.0,50.0,noVIPV,SPRING
368,work,0.0,0.0,noVIPV,SPRING
368,public,0.0,0.0,noVIPV,SPRING
369,home,0.0,0.0,noVIPV,SPRING
369,work,9.0,22.5,noVIPV,SPRING
369,public,12.0,30.0,noVIPV,SPRING
370,home,17.0,42.5,noVIPV,SPRING
370,work,6.0,15.0,noVIPV,SPRING
370,public,26.0,65.0,noVIPV,SPRING
371,home,13.0,32.5,noVIPV,SPRING
371,work,9.0,22.5,noVIPV,SPRING
371,public,16.0,40.0,noVIPV,SPRING
372,home,1.0,2.5,noVIPV,SPRING
372,work,2.0,5.0,noVIPV,SPRING
372,public,3.0,7.5,noVIPV,SPRING
373,home,19.0,47.5,noVIPV,SPRING
373,work,5.0,12.5,noVIPV,SPRING
373,public,7.0,17.5,noVIPV,SPRING
374,home,13.0,32.5,noVIPV,SPRING
374,work,4.0,10.0,noVIPV,SPRING
374,public,9.0,22.5,noVIPV,SPRING
375,home,12.0,30.0,noVIPV,SPRING
375,work,1.0,2.5,noVIPV,SPRING
375,public,18.0,45.0,noVIPV,SPRING
376,home,4.0,10.0,noVIPV,SPRING
376,work,0.0,0.0,noVIPV,SPRING
376,public,7.0,17.5,noVIPV,SPRING
377,home,52.0,130.0,noVIPV,SPRING
377,work,5.0,12.5,noVIPV,SPRING
377,public,23.0,57.5,noVIPV,SPRING
378,home,35.0,87.5,noVIPV,SPRING
378,work,1.0,2.5,noVIPV,SPRING
378,public,28.0,70.0,noVIPV,SPRING
379,home,1.0,2.5,noVIPV,SPRING
379,work,2.0,5.0,noVIPV,SPRING
379,public,9.0,22.5,noVIPV,SPRING
380,home,12.0,30.0,noVIPV,SPRING
380,work,6.0,15.0,noVIPV,SPRING
380,public,4.0,10.0,noVIPV,SPRING
381,home,26.0,65.0,noVIPV,SPRING
381,work,3.0,7.5,noVIPV,SPRING
381,public,21.0,52.5,noVIPV,SPRING
382,home,35.0,87.5,noVIPV,SPRING
382,work,2.0,5.0,noVIPV,SPRING
382,public,8.0,20.0,noVIPV,SPRING
383,home,17.0,42.5,noVIPV,SPRING
383,work,0.0,0.0,noVIPV,SPRING
383,public,0.0,0.0,noVIPV,SPRING
384,home,0.0,0.0,noVIPV,SPRING
384,work,0.0,0.0,noVIPV,SPRING
384,public,2.0,5.0,noVIPV,SPRING
385,home,3.0,7.5,noVIPV,SPRING
385,work,2.0,5.0,noVIPV,SPRING
385,public,3.0,7.5,noVIPV,SPRING
386,home,0.0,0.0,noVIPV,SPRING
386,work,31.0,77.5,noVIPV,SPRING
386,public,16.0,40.0,noVIPV,SPRING
387,home,0.0,0.0,noVIPV,SPRING
387,work,9.0,22.5,noVIPV,SPRING
387,public,0.0,0.0,noVIPV,SPRING
388,home,50.0,125.0,noVIPV,SPRING
388,work,4.0,10.0,noVIPV,SPRING
388,public,21.0,52.5,noVIPV,SPRING
389,home,20.0,50.0,noVIPV,SPRING
389,work,0.0,0.0,noVIPV,SPRING
389,public,14.0,35.0,noVIPV,SPRING
390,home,0.0,0.0,noVIPV,SPRING
390,work,0.0,0.0,noVIPV,SPRING
390,public,4.0,10.0,noVIPV,SPRING
391,home,6.0,15.0,noVIPV,SPRING
391,work,6.0,15.0,noVIPV,SPRING
391,public,2.0,5.0,noVIPV,SPRING
392,home,18.0,45.0,noVIPV,SPRING
392,work,3.0,7.5,noVIPV,SPRING
392,public,14.0,35.0,noVIPV,SPRING
393,home,28.0,70.0,noVIPV,SPRING
393,work,0.0,0.0,noVIPV,SPRING
393,public,0.0,0.0,noVIPV,SPRING
394,home,18.0,45.0,noVIPV,SPRING
394,work,5.0,12.5,noVIPV,SPRING
394,public,14.0,35.0,noVIPV,SPRING
395,home,0.0,0.0,noVIPV,SPRING
395,work,14.0,35.0,noVIPV,SPRING
395,public,3.0,7.5,noVIPV,SPRING
396,home,0.0,0.0,noVIPV,SPRING
396,work,0.0,0.0,noVIPV,SPRING
396,public,0.0,0.0,noVIPV,SPRING
397,home,13.0,32.5,noVIPV,SPRING
397,work,1.0,2.5,noVIPV,SPRING
397,public,14.0,35.0,noVIPV,SPRING
398,home,8.0,20.0,noVIPV,SPRING
398,work,0.0,0.0,noVIPV,SPRING
398,public,6.0,15.0,noVIPV,SPRING
399,home,59.0,147.5,noVIPV,SPRING
399,work,5.0,12.5,noVIPV,SPRING
399,public,18.0,45.0,noVIPV,SPRING
400,home,16.0,40.0,noVIPV,SPRING
400,work,3.0,7.5,noVIPV,SPRING
400,public,7.0,17.5,noVIPV,SPRING
401,home,29.0,72.5,noVIPV,SPRING
401,work,1.0,2.5,noVIPV,SPRING
401,public,19.0,47.5,noVIPV,SPRING
402,home,14.0,35.0,noVIPV,SPRING
402,work,5.0,12.5,noVIPV,SPRING
402,public,28.0,70.0,noVIPV,SPRING
403,home,39.0,97.5,noVIPV,SPRING
403,work,17.0,42.5,noVIPV,SPRING
403,public,13.0,32.5,noVIPV,SPRING
404,home,4.0,10.0,noVIPV,SPRING
404,work,6.0,15.0,noVIPV,SPRING
404,public,3.0,7.5,noVIPV,SPRING
405,home,15.0,37.5,noVIPV,SPRING
405,work,1.0,2.5,noVIPV,SPRING
405,public,5.0,12.5,noVIPV,SPRING
406,home,6.0,15.0,noVIPV,SPRING
406,work,0.0,0.0,noVIPV,SPRING
406,public,1.0,2.5,noVIPV,SPRING
407,home,0.0,0.0,noVIPV,SPRING
407,work,0.0,0.0,noVIPV,SPRING
407,public,1.0,2.5,noVIPV,SPRING
408,home,25.0,62.5,noVIPV,SPRING
408,work,0.0,0.0,noVIPV,SPRING
408,public,12.0,30.0,noVIPV,SPRING
409,home,18.0,45.0,noVIPV,SPRING
409,work,0.0,0.0,noVIPV,SPRING
409,public,9.0,22.5,noVIPV,SPRING
410,home,2.0,5.0,noVIPV,SPRING
410,work,0.0,0.0,noVIPV,SPRING
410,public,2.0,5.0,noVIPV,SPRING
411,home,9.0,22.5,noVIPV,SPRING
411,work,0.0,0.0,noVIPV,SPRING
411,public,8.0,20.0,noVIPV,SPRING
412,home,9.0,22.5,noVIPV,SPRING
412,work,0.0,0.0,noVIPV,SPRING
412,public,6.0,15.0,noVIPV,SPRING
413,home,0.0,0.0,noVIPV,SPRING
413,work,0.0,0.0,noVIPV,SPRING
413,public,0.0,0.0,noVIPV,SPRING
414,home,7.0,17.5,noVIPV,SPRING
414,work,0.0,0.0,noVIPV,SPRING
414,public,6.0,15.0,noVIPV,SPRING
415,home,18.0,45.0,noVIPV,SPRING
415,work,0.0,0.0,noVIPV,SPRING
415,public,8.0,20.0,noVIPV,SPRING
416,home,25.0,62.5,noVIPV,SPRING
416,work,0.0,0.0,noVIPV,SPRING
416,public,9.0,22.5,noVIPV,SPRING
417,home,14.0,35.0,noVIPV,SPRING
417,work,0.0,0.0,noVIPV,SPRING
417,public,7.0,17.5,noVIPV,SPRING
418,home,0.0,0.0,noVIPV,SPRING
418,work,1.0,2.5,noVIPV,SPRING
418,public,3.0,7.5,noVIPV,SPRING
419,home,28.0,70.0,noVIPV,SPRING
419,work,1.0,2.5,noVIPV,SPRING
419,public,34.0,85.0,noVIPV,SPRING
420,home,47.0,117.5,noVIPV,SPRING
420,work,7.0,17.5,noVIPV,SPRING
420,public,9.0,22.5,noVIPV,SPRING
421,home,15.0,37.5,noVIPV,SPRING
421,work,14.0,35.0,noVIPV,SPRING
421,public,28.0,70.0,noVIPV,SPRING
422,home,0.0,0.0,noVIPV,SPRING
422,work,1.0,2.5,noVIPV,SPRING
422,public,0.0,0.0,noVIPV,SPRING
423,home,18.0,45.0,noVIPV,SPRING
423,work,0.0,0.0,noVIPV,SPRING
423,public,23.0,57.5,noVIPV,SPRING
424,home,30.0,75.0,noVIPV,SPRING
424,work,2.0,5.0,noVIPV,SPRING
424,public,28.0,70.0,noVIPV,SPRING
425,home,21.0,52.5,noVIPV,SPRING
425,work,0.0,0.0,noVIPV,SPRING
425,public,5.0,12.5,noVIPV,SPRING
426,home,5.0,12.5,noVIPV,SPRING
426,work,2.0,5.0,noVIPV,SPRING
426,public,16.0,40.0,noVIPV,SPRING
427,home,7.0,17.5,noVIPV,SPRING
427,work,2.0,5.0,noVIPV,SPRING
427,public,0.0,0.0,noVIPV,SPRING
428,home,13.0,32.5,noVIPV,SPRING
428,work,3.0,7.5,noVIPV,SPRING
428,public,4.0,10.0,noVIPV,SPRING
429,home,6.0,15.0,noVIPV,SPRING
429,work,1.0,2.5,noVIPV,SPRING
429,public,0.0,0.0,noVIPV,SPRING
430,home,11.0,27.5,noVIPV,SPRING
430,work,0.0,0.0,noVIPV,SPRING
430,public,12.0,30.0,noVIPV,SPRING
431,home,0.0,0.0,noVIPV,SPRING
431,work,1.0,2.5,noVIPV,SPRING
431,public,1.0,2.5,noVIPV,SPRING
432,home,16.0,40.0,noVIPV,SPRING
432,work,0.0,0.0,noVIPV,SPRING
432,public,4.0,10.0,noVIPV,SPRING
433,home,0.0,0.0,noVIPV,SPRING
433,work,0.0,0.0,noVIPV,SPRING
433,public,0.0,0.0,noVIPV,SPRING
434,home,5.0,12.5,noVIPV,SPRING
434,work,1.0,2.5,noVIPV,SPRING
434,public,6.0,15.0,noVIPV,SPRING
435,home,1.0,2.5,noVIPV,SPRING
435,work,0.0,0.0,noVIPV,SPRING
435,public,0.0,0.0,noVIPV,SPRING
436,home,7.0,17.5,noVIPV,SPRING
436,work,2.0,5.0,noVIPV,SPRING
436,public,0.0,0.0,noVIPV,SPRING
437,home,4.0,10.0,noVIPV,SPRING
437,work,0.0,0.0,noVIPV,SPRING
437,public,0.0,0.0,noVIPV,SPRING
438,home,6.0,15.0,noVIPV,SPRING
438,work,0.0,0.0,noVIPV,SPRING
438,public,1.0,2.5,noVIPV,SPRING
439,home,0.0,0.0,noVIPV,SPRING
439,work,0.0,0.0,noVIPV,SPRING
439,public,0.0,0.0,noVIPV,SPRING
440,home,9.0,22.5,noVIPV,SPRING
440,work,0.0,0.0,noVIPV,SPRING
440,public,4.0,10.0,noVIPV,SPRING
441,home,45.0,112.5,noVIPV,SPRING
441,work,5.0,12.5,noVIPV,SPRING
441,public,18.0,45.0,noVIPV,SPRING
442,home,8.0,20.0,noVIPV,SPRING
442,work,1.0,2.5,noVIPV,SPRING
442,public,4.0,10.0,noVIPV,SPRING
443,home,23.0,57.5,noVIPV,SPRING
443,work,1.0,2.5,noVIPV,SPRING
443,public,7.0,17.5,noVIPV,SPRING
444,home,26.0,65.0,noVIPV,SPRING
444,work,0.0,0.0,noVIPV,SPRING
444,public,6.0,15.0,noVIPV,SPRING
445,home,57.0,142.5,noVIPV,SPRING
445,work,6.0,15.0,noVIPV,SPRING
445,public,41.0,102.5,noVIPV,SPRING
446,home,0.0,0.0,noVIPV,SPRING
446,work,14.0,35.0,noVIPV,SPRING
446,public,1.0,2.5,noVIPV,SPRING
447,home,0.0,0.0,noVIPV,SPRING
447,work,0.0,0.0,noVIPV,SPRING
447,public,3.0,7.5,noVIPV,SPRING
448,home,38.0,95.0,noVIPV,SPRING
448,work,4.0,10.0,noVIPV,SPRING
448,public,15.0,37.5,noVIPV,SPRING
449,home,35.0,87.5,noVIPV,SPRING
449,work,0.0,0.0,noVIPV,SPRING
449,public,6.0,15.0,noVIPV,SPRING
450,home,37.0,92.5,noVIPV,SPRING
450,work,2.0,5.0,noVIPV,SPRING
450,public,20.0,50.0,noVIPV,SPRING
451,home,36.0,90.0,noVIPV,SPRING
451,work,3.0,7.5,noVIPV,SPRING
451,public,17.0,42.5,noVIPV,SPRING
452,home,8.0,20.0,noVIPV,SPRING
452,work,0.0,0.0,noVIPV,SPRING
452,public,1.0,2.5,noVIPV,SPRING
453,home,2.0,5.0,noVIPV,SPRING
453,work,0.0,0.0,noVIPV,SPRING
453,public,0.0,0.0,noVIPV,SPRING
454,home,18.0,45.0,noVIPV,SPRING
454,work,0.0,0.0,noVIPV,SPRING
454,public,1.0,2.5,noVIPV,SPRING
455,home,1.0,2.5,noVIPV,SPRING
455,work,0.0,0.0,noVIPV,SPRING
455,public,0.0,0.0,noVIPV,SPRING
456,home,3.0,7.5,noVIPV,SPRING
456,work,0.0,0.0,noVIPV,SPRING
456,public,1.0,2.5,noVIPV,SPRING
457,home,0.0,0.0,noVIPV,SPRING
457,work,0.0,0.0,noVIPV,SPRING
457,public,2.0,5.0,noVIPV,SPRING
458,home,0.0,0.0,noVIPV,SPRING
458,work,27.0,67.5,noVIPV,SPRING
458,public,2.0,5.0,noVIPV,SPRING
459,home,0.0,0.0,noVIPV,SPRING
459,work,0.0,0.0,noVIPV,SPRING
459,public,1.0,2.5,noVIPV,SPRING
460,home,26.0,65.0,noVIPV,SPRING
460,work,1.0,2.5,noVIPV,SPRING
460,public,23.0,57.5,noVIPV,SPRING
461,home,30.0,75.0,noVIPV,SPRING
461,work,2.0,5.0,noVIPV,SPRING
461,public,22.0,55.0,noVIPV,SPRING
462,home,15.0,37.5,noVIPV,SPRING
462,work,5.0,12.5,noVIPV,SPRING
462,public,6.0,15.0,noVIPV,SPRING
463,home,37.0,92.5,noVIPV,SPRING
463,work,0.0,0.0,noVIPV,SPRING
463,public,7.0,17.5,noVIPV,SPRING
464,home,13.0,32.5,noVIPV,SPRING
464,work,1.0,2.5,noVIPV,SPRING
464,public,4.0,10.0,noVIPV,SPRING
465,home,7.0,17.5,noVIPV,SPRING
465,work,1.0,2.5,noVIPV,SPRING
465,public,1.0,2.5,noVIPV,SPRING
466,home,0.0,0.0,noVIPV,SPRING
466,work,3.0,7.5,noVIPV,SPRING
466,public,1.0,2.5,noVIPV,SPRING
467,home,3.0,7.5,noVIPV,SPRING
467,work,0.0,0.0,noVIPV,SPRING
467,public,0.0,0.0,noVIPV,SPRING
468,home,50.0,125.0,noVIPV,SPRING
468,work,1.0,2.5,noVIPV,SPRING
468,public,48.0,120.0,noVIPV,SPRING
469,home,35.0,87.5,noVIPV,SPRING
469,work,4.0,10.0,noVIPV,SPRING
469,public,16.0,40.0,noVIPV,SPRING
470,home,52.0,130.0,noVIPV,SPRING
470,work,1.0,2.5,noVIPV,SPRING
470,public,49.0,122.5,noVIPV,SPRING
471,home,1.0,2.5,noVIPV,SPRING
471,work,6.0,15.0,noVIPV,SPRING
471,public,0.0,0.0,noVIPV,SPRING
472,home,1.0,2.5,noVIPV,SPRING
472,work,0.0,0.0,noVIPV,SPRING
472,public,0.0,0.0,noVIPV,SPRING
473,home,0.0,0.0,noVIPV,SPRING
473,work,0.0,0.0,noVIPV,SPRING
473,public,3.0,7.5,noVIPV,SPRING
474,home,8.0,20.0,noVIPV,SPRING
474,work,1.0,2.5,noVIPV,SPRING
474,public,1.0,2.5,noVIPV,SPRING
475,home,13.0,32.5,noVIPV,SPRING
475,work,0.0,0.0,noVIPV,SPRING
475,public,6.0,15.0,noVIPV,SPRING
476,home,15.0,37.5,noVIPV,SPRING
476,work,1.0,2.5,noVIPV,SPRING
476,public,1.0,2.5,noVIPV,SPRING
477,home,1.0,2.5,noVIPV,SPRING
477,work,0.0,0.0,noVIPV,SPRING
477,public,0.0,0.0,noVIPV,SPRING
478,home,3.0,7.5,noVIPV,SPRING
478,work,0.0,0.0,noVIPV,SPRING
478,public,0.0,0.0,noVIPV,SPRING
479,home,16.0,40.0,noVIPV,SPRING
479,work,1.0,2.5,noVIPV,SPRING
479,public,2.0,5.0,noVIPV,SPRING
480,home,8.0,20.0,noVIPV,SPRING
480,work,2.0,5.0,noVIPV,SPRING
480,public,13.0,32.5,noVIPV,SPRING
481,home,4.0,10.0,noVIPV,SPRING
481,work,1.0,2.5,noVIPV,SPRING
481,public,1.0,2.5,noVIPV,SPRING
482,home,5.0,12.5,noVIPV,SPRING
482,work,1.0,2.5,noVIPV,SPRING
482,public,2.0,5.0,noVIPV,SPRING
483,home,0.0,0.0,noVIPV,SPRING
483,work,10.0,25.0,noVIPV,SPRING
483,public,5.0,12.5,noVIPV,SPRING
484,home,31.0,77.5,noVIPV,SPRING
484,work,0.0,0.0,noVIPV,SPRING
484,public,5.0,12.5,noVIPV,SPRING
485,home,16.0,40.0,noVIPV,SPRING
485,work,0.0,0.0,noVIPV,SPRING
485,public,4.0,10.0,noVIPV,SPRING
486,home,24.0,60.0,noVIPV,SPRING
486,work,0.0,0.0,noVIPV,SPRING
486,public,24.0,60.0,noVIPV,SPRING
487,home,3.0,7.5,noVIPV,SPRING
487,work,0.0,0.0,noVIPV,SPRING
487,public,0.0,0.0,noVIPV,SPRING
488,home,0.0,0.0,noVIPV,SPRING
488,work,0.0,0.0,noVIPV,SPRING
488,public,0.0,0.0,noVIPV,SPRING
489,home,0.0,0.0,noVIPV,SPRING
489,work,0.0,0.0,noVIPV,SPRING
489,public,1.0,2.5,noVIPV,SPRING
490,home,4.0,10.0,noVIPV,SPRING
490,work,2.0,5.0,noVIPV,SPRING
490,public,0.0,0.0,noVIPV,SPRING
491,home,8.0,20.0,noVIPV,SPRING
491,work,0.0,0.0,noVIPV,SPRING
491,public,0.0,0.0,noVIPV,SPRING
492,home,4.0,10.0,noVIPV,SPRING
492,work,0.0,0.0,noVIPV,SPRING
492,public,0.0,0.0,noVIPV,SPRING
493,home,3.0,7.5,noVIPV,SPRING
493,work,0.0,0.0,noVIPV,SPRING
493,public,2.0,5.0,noVIPV,SPRING
494,home,0.0,0.0,noVIPV,SPRING
494,work,1.0,2.5,noVIPV,SPRING
494,public,0.0,0.0,noVIPV,SPRING
495,home,0.0,0.0,noVIPV,SPRING
495,work,0.0,0.0,noVIPV,SPRING
495,public,0.0,0.0,noVIPV,SPRING
496,home,0.0,0.0,noVIPV,SPRING
496,work,0.0,0.0,noVIPV,SPRING
496,public,0.0,0.0,noVIPV,SPRING
497,home,0.0,0.0,noVIPV,SPRING
497,work,2.0,5.0,noVIPV,SPRING
497,public,1.0,2.5,noVIPV,SPRING
498,home,0.0,0.0,noVIPV,SPRING
498,work,9.0,22.5,noVIPV,SPRING
498,public,14.0,35.0,noVIPV,SPRING
499,home,28.0,70.0,noVIPV,SPRING
499,work,3.0,7.5,noVIPV,SPRING
499,public,27.0,67.5,noVIPV,SPRING
500,home,29.0,72.5,noVIPV,SPRING
500,work,5.0,12.5,noVIPV,SPRING
500,public,30.0,75.0,noVIPV,SPRING
501,home,6.0,15.0,noVIPV,SPRING
501,work,3.0,7.5,noVIPV,SPRING
501,public,14.0,35.0,noVIPV,SPRING
502,home,0.0,0.0,noVIPV,SPRING
502,work,1.0,2.5,noVIPV,SPRING
502,public,2.0,5.0,noVIPV,SPRING
503,home,0.0,0.0,noVIPV,SPRING
503,work,0.0,0.0,noVIPV,SPRING
503,public,0.0,0.0,noVIPV,SPRING
504,home,3.0,7.5,noVIPV,SPRING
504,work,0.0,0.0,noVIPV,SPRING
504,public,0.0,0.0,noVIPV,SPRING
505,home,10.0,25.0,noVIPV,SPRING
505,work,0.0,0.0,noVIPV,SPRING
505,public,5.0,12.5,noVIPV,SPRING
506,home,5.0,12.5,noVIPV,SPRING
506,work,1.0,2.5,noVIPV,SPRING
506,public,7.0,17.5,noVIPV,SPRING
507,home,0.0,0.0,noVIPV,SPRING
507,work,0.0,0.0,noVIPV,SPRING
507,public,0.0,0.0,noVIPV,SPRING
508,home,0.0,0.0,noVIPV,SPRING
508,work,0.0,0.0,noVIPV,SPRING
508,public,0.0,0.0,noVIPV,SPRING
509,home,1.0,2.5,noVIPV,SPRING
509,work,0.0,0.0,noVIPV,SPRING
509,public,0.0,0.0,noVIPV,SPRING
510,home,0.0,0.0,noVIPV,SPRING
510,work,0.0,0.0,noVIPV,SPRING
510,public,0.0,0.0,noVIPV,SPRING
511,home,7.0,17.5,noVIPV,SPRING
511,work,0.0,0.0,noVIPV,SPRING
511,public,0.0,0.0,noVIPV,SPRING
512,home,0.0,0.0,noVIPV,SPRING
512,work,5.0,12.5,noVIPV,SPRING
512,public,9.0,22.5,noVIPV,SPRING
513,home,0.0,0.0,noVIPV,SPRING
513,work,0.0,0.0,noVIPV,SPRING
513,public,0.0,0.0,noVIPV,SPRING
514,home,29.0,72.5,noVIPV,SPRING
514,work,2.0,5.0,noVIPV,SPRING
514,public,0.0,0.0,noVIPV,SPRING
515,home,58.0,145.0,noVIPV,SPRING
515,work,10.0,25.0,noVIPV,SPRING
515,public,27.0,67.5,noVIPV,SPRING
516,home,5.0,12.5,noVIPV,SPRING
516,work,0.0,0.0,noVIPV,SPRING
516,public,9.0,22.5,noVIPV,SPRING
517,home,6.0,15.0,noVIPV,SPRING
517,work,0.0,0.0,noVIPV,SPRING
517,public,0.0,0.0,noVIPV,SPRING
518,home,1.0,2.5,noVIPV,SPRING
518,work,1.0,2.5,noVIPV,SPRING
518,public,0.0,0.0,noVIPV,SPRING
519,home,2.0,5.0,noVIPV,SPRING
519,work,0.0,0.0,noVIPV,SPRING
519,public,3.0,7.5,noVIPV,SPRING
520,home,1.0,2.5,noVIPV,SPRING
520,work,0.0,0.0,noVIPV,SPRING
520,public,3.0,7.5,noVIPV,SPRING
521,home,5.0,12.5,noVIPV,SPRING
521,work,0.0,0.0,noVIPV,SPRING
521,public,0.0,0.0,noVIPV,SPRING
522,home,7.0,17.5,noVIPV,SPRING
522,work,0.0,0.0,noVIPV,SPRING
522,public,2.0,5.0,noVIPV,SPRING
523,home,5.0,12.5,noVIPV,SPRING
523,work,0.0,0.0,noVIPV,SPRING
523,public,0.0,0.0,noVIPV,SPRING
524,home,1.0,2.5,noVIPV,SPRING
524,work,1.0,2.5,noVIPV,SPRING
524,public,0.0,0.0,noVIPV,SPRING
525,home,1.0,2.5,noVIPV,SPRING
525,work,0.0,0.0,noVIPV,SPRING
525,public,0.0,0.0,noVIPV,SPRING
526,home,0.0,0.0,noVIPV,SPRING
526,work,1.0,2.5,noVIPV,SPRING
526,public,0.0,0.0,noVIPV,SPRING
527,home,1.0,2.5,noVIPV,SPRING
527,work,0.0,0.0,noVIPV,SPRING
527,public,0.0,0.0,noVIPV,SPRING
528,home,0.0,0.0,noVIPV,SPRING
528,work,0.0,0.0,noVIPV,SPRING
528,public,2.0,5.0,noVIPV,SPRING
529,home,0.0,0.0,noVIPV,SPRING
529,work,0.0,0.0,noVIPV,SPRING
529,public,0.0,0.0,noVIPV,SPRING
530,home,2.0,5.0,noVIPV,SPRING
530,work,3.0,7.5,noVIPV,SPRING
530,public,3.0,7.5,noVIPV,SPRING
531,home,0.0,0.0,noVIPV,SPRING
531,work,5.0,12.5,noVIPV,SPRING
531,public,0.0,0.0,noVIPV,SPRING
532,home,3.0,7.5,noVIPV,SPRING
532,work,1.0,2.5,noVIPV,SPRING
532,public,0.0,0.0,noVIPV,SPRING
533,home,22.0,55.0,noVIPV,SPRING
533,work,0.0,0.0,noVIPV,SPRING
533,public,9.0,22.5,noVIPV,SPRING
534,home,10.0,25.0,noVIPV,SPRING
534,work,0.0,0.0,noVIPV,SPRING
534,public,2.0,5.0,noVIPV,SPRING
535,home,0.0,0.0,noVIPV,SPRING
535,work,0.0,0.0,noVIPV,SPRING
535,public,2.0,5.0,noVIPV,SPRING
536,home,1.0,2.5,noVIPV,SPRING
536,work,0.0,0.0,noVIPV,SPRING
536,public,4.0,10.0,noVIPV,SPRING
537,home,9.0,22.5,noVIPV,SPRING
537,work,0.0,0.0,noVIPV,SPRING
537,public,5.0,12.5,noVIPV,SPRING
538,home,10.0,25.0,noVIPV,SPRING
538,work,0.0,0.0,noVIPV,SPRING
538,public,0.0,0.0,noVIPV,SPRING
539,home,18.0,45.0,noVIPV,SPRING
539,work,1.0,2.5,noVIPV,SPRING
539,public,4.0,10.0,noVIPV,SPRING
540,home,17.0,42.5,noVIPV,SPRING
540,work,0.0,0.0,noVIPV,SPRING
540,public,5.0,12.5,noVIPV,SPRING
541,home,1.0,2.5,noVIPV,SPRING
541,work,0.0,0.0,noVIPV,SPRING
541,public,4.0,10.0,noVIPV,SPRING
542,home,0.0,0.0,noVIPV,SPRING
542,work,1.0,2.5,noVIPV,SPRING
542,public,1.0,2.5,noVIPV,SPRING
543,home,2.0,5.0,noVIPV,SPRING
543,work,0.0,0.0,noVIPV,SPRING
543,public,3.0,7.5,noVIPV,SPRING
544,home,1.0,2.5,noVIPV,SPRING
544,work,0.0,0.0,noVIPV,SPRING
544,public,0.0,0.0,noVIPV,SPRING
545,home,0.0,0.0,noVIPV,SPRING
545,work,0.0,0.0,noVIPV,SPRING
545,public,1.0,2.5,noVIPV,SPRING
546,home,0.0,0.0,noVIPV,SPRING
546,work,0.0,0.0,noVIPV,SPRING
546,public,2.0,5.0,noVIPV,SPRING
547,home,0.0,0.0,noVIPV,SPRING
547,work,0.0,0.0,noVIPV,SPRING
547,public,0.0,0.0,noVIPV,SPRING
548,home,20.0,50.0,noVIPV,SPRING
548,work,0.0,0.0,noVIPV,SPRING
548,public,18.0,45.0,noVIPV,SPRING
549,home,77.0,192.5,noVIPV,SPRING
549,work,7.0,17.5,noVIPV,SPRING
549,public,29.0,72.5,noVIPV,SPRING
550,home,3.0,7.5,noVIPV,SPRING
550,work,1.0,2.5,noVIPV,SPRING
550,public,2.0,5.0,noVIPV,SPRING
551,home,3.0,7.5,noVIPV,SPRING
551,work,0.0,0.0,noVIPV,SPRING
551,public,3.0,7.5,noVIPV,SPRING
552,home,0.0,0.0,noVIPV,SPRING
552,work,1.0,2.5,noVIPV,SPRING
552,public,6.0,15.0,noVIPV,SPRING
553,home,8.0,20.0,noVIPV,SPRING
553,work,11.0,27.5,noVIPV,SPRING
553,public,5.0,12.5,noVIPV,SPRING
554,home,0.0,0.0,noVIPV,SPRING
554,work,0.0,0.0,noVIPV,SPRING
554,public,1.0,2.5,noVIPV,SPRING
555,home,1.0,2.5,noVIPV,SPRING
555,work,0.0,0.0,noVIPV,SPRING
555,public,3.0,7.5,noVIPV,SPRING
556,home,2.0,5.0,noVIPV,SPRING
556,work,0.0,0.0,noVIPV,SPRING
556,public,0.0,0.0,noVIPV,SPRING
557,home,14.0,35.0,noVIPV,SPRING
557,work,0.0,0.0,noVIPV,SPRING
557,public,6.0,15.0,noVIPV,SPRING
558,home,27.0,67.5,noVIPV,SPRING
558,work,3.0,7.5,noVIPV,SPRING
558,public,0.0,0.0,noVIPV,SPRING
559,home,0.0,0.0,noVIPV,SPRING
559,work,0.0,0.0,noVIPV,SPRING
559,public,1.0,2.5,noVIPV,SPRING
560,home,0.0,0.0,noVIPV,SPRING
560,work,0.0,0.0,noVIPV,SPRING
560,public,1.0,2.5,noVIPV,SPRING
561,home,1.0,2.5,noVIPV,SPRING
561,work,0.0,0.0,noVIPV,SPRING
561,public,0.0,0.0,noVIPV,SPRING
562,home,0.0,0.0,noVIPV,SPRING
562,work,0.0,0.0,noVIPV,SPRING
562,public,0.0,0.0,noVIPV,SPRING
563,home,34.0,85.0,noVIPV,SPRING
563,work,2.0,5.0,noVIPV,SPRING
563,public,4.0,10.0,noVIPV,SPRING
564,home,3.0,7.5,noVIPV,SPRING
564,work,0.0,0.0,noVIPV,SPRING
564,public,0.0,0.0,noVIPV,SPRING
565,home,6.0,15.0,noVIPV,SPRING
565,work,0.0,0.0,noVIPV,SPRING
565,public,3.0,7.5,noVIPV,SPRING
566,home,25.0,62.5,noVIPV,SPRING
566,work,5.0,12.5,noVIPV,SPRING
566,public,15.0,37.5,noVIPV,SPRING
567,home,8.0,20.0,noVIPV,SPRING
567,work,0.0,0.0,noVIPV,SPRING
567,public,18.0,45.0,noVIPV,SPRING
568,home,20.0,50.0,noVIPV,SPRING
568,work,1.0,2.5,noVIPV,SPRING
568,public,13.0,32.5,noVIPV,SPRING
569,home,72.0,180.0,noVIPV,SPRING
569,work,4.0,10.0,noVIPV,SPRING
569,public,10.0,25.0,noVIPV,SPRING
570,home,33.0,82.5,noVIPV,SPRING
570,work,0.0,0.0,noVIPV,SPRING
570,public,7.0,17.5,noVIPV,SPRING
571,home,22.0,55.0,noVIPV,SPRING
571,work,2.0,5.0,noVIPV,SPRING
571,public,6.0,15.0,noVIPV,SPRING
572,home,8.0,20.0,noVIPV,SPRING
572,work,0.0,0.0,noVIPV,SPRING
572,public,0.0,0.0,noVIPV,SPRING
573,home,0.0,0.0,noVIPV,SPRING
573,work,0.0,0.0,noVIPV,SPRING
573,public,0.0,0.0,noVIPV,SPRING
574,home,49.0,122.5,noVIPV,SPRING
574,work,0.0,0.0,noVIPV,SPRING
574,public,10.0,25.0,noVIPV,SPRING
575,home,25.0,62.5,noVIPV,SPRING
575,work,0.0,0.0,noVIPV,SPRING
575,public,3.0,7.5,noVIPV,SPRING
576,home,1.0,2.5,noVIPV,SPRING
576,work,0.0,0.0,noVIPV,SPRING
576,public,0.0,0.0,noVIPV,SPRING
577,home,63.0,157.5,noVIPV,SPRING
577,work,3.0,7.5,noVIPV,SPRING
577,public,39.0,97.5,noVIPV,SPRING
578,home,26.0,65.0,noVIPV,SPRING
578,work,4.0,10.0,noVIPV,SPRING
578,public,15.0,37.5,noVIPV,SPRING
579,home,8.0,20.0,noVIPV,SPRING
579,work,1.0,2.5,noVIPV,SPRING
579,public,21.0,52.5,noVIPV,SPRING
580,home,32.0,80.0,noVIPV,SPRING
580,work,2.0,5.0,noVIPV,SPRING
580,public,7.0,17.5,noVIPV,SPRING
581,home,1.0,2.5,noVIPV,SPRING
581,work,0.0,0.0,noVIPV,SPRING
581,public,0.0,0.0,noVIPV,SPRING
582,home,0.0,0.0,noVIPV,SPRING
582,work,0.0,0.0,noVIPV,SPRING
582,public,1.0,2.5,noVIPV,SPRING
583,home,15.0,37.5,noVIPV,SPRING
583,work,0.0,0.0,noVIPV,SPRING
583,public,1.0,2.5,noVIPV,SPRING
584,home,29.0,72.5,noVIPV,SPRING
584,work,0.0,0.0,noVIPV,SPRING
584,public,13.0,32.5,noVIPV,SPRING
585,home,27.0,67.5,noVIPV,SPRING
585,work,0.0,0.0,noVIPV,SPRING
585,public,0.0,0.0,noVIPV,SPRING
586,home,43.0,107.5,noVIPV,SPRING
586,work,1.0,2.5,noVIPV,SPRING
586,public,33.0,82.5,noVIPV,SPRING
0,home,25.0,62.5,noVIPV,SUMMER
0,work,0.0,0.0,noVIPV,SUMMER
0,public,0.0,0.0,noVIPV,SUMMER
1,home,41.0,102.5,noVIPV,SUMMER
1,work,4.0,10.0,noVIPV,SUMMER
1,public,0.0,0.0,noVIPV,SUMMER
2,home,11.0,27.5,noVIPV,SUMMER
2,work,1.0,2.5,noVIPV,SUMMER
2,public,0.0,0.0,noVIPV,SUMMER
3,home,10.0,25.0,noVIPV,SUMMER
3,work,4.0,10.0,noVIPV,SUMMER
3,public,0.0,0.0,noVIPV,SUMMER
4,home,0.0,0.0,noVIPV,SUMMER
4,work,0.0,0.0,noVIPV,SUMMER
4,public,0.0,0.0,noVIPV,SUMMER
5,home,10.0,25.0,noVIPV,SUMMER
5,work,2.0,5.0,noVIPV,SUMMER
5,public,0.0,0.0,noVIPV,SUMMER
6,home,13.0,32.5,noVIPV,SUMMER
6,work,2.0,5.0,noVIPV,SUMMER
6,public,0.0,0.0,noVIPV,SUMMER
7,home,20.0,50.0,noVIPV,SUMMER
7,work,0.0,0.0,noVIPV,SUMMER
7,public,0.0,0.0,noVIPV,SUMMER
8,home,1.0,2.5,noVIPV,SUMMER
8,work,0.0,0.0,noVIPV,SUMMER
8,public,0.0,0.0,noVIPV,SUMMER
9,home,5.0,12.5,noVIPV,SUMMER
9,work,0.0,0.0,noVIPV,SUMMER
9,public,0.0,0.0,noVIPV,SUMMER
10,home,26.0,65.0,noVIPV,SUMMER
10,work,2.0,5.0,noVIPV,SUMMER
10,public,0.0,0.0,noVIPV,SUMMER
11,home,21.0,52.5,noVIPV,SUMMER
11,work,2.0,5.0,noVIPV,SUMMER
11,public,0.0,0.0,noVIPV,SUMMER
12,home,14.0,35.0,noVIPV,SUMMER
12,work,3.0,7.5,noVIPV,SUMMER
12,public,0.0,0.0,noVIPV,SUMMER
13,home,3.0,7.5,noVIPV,SUMMER
13,work,1.0,2.5,noVIPV,SUMMER
13,public,0.0,0.0,noVIPV,SUMMER
14,home,2.0,5.0,noVIPV,SUMMER
14,work,0.0,0.0,noVIPV,SUMMER
14,public,0.0,0.0,noVIPV,SUMMER
15,home,1.0,2.5,noVIPV,SUMMER
15,work,2.0,5.0,noVIPV,SUMMER
15,public,0.0,0.0,noVIPV,SUMMER
16,home,2.0,5.0,noVIPV,SUMMER
16,work,1.0,2.5,noVIPV,SUMMER
16,public,0.0,0.0,noVIPV,SUMMER
17,home,20.0,50.0,noVIPV,SUMMER
17,work,0.0,0.0,noVIPV,SUMMER
17,public,0.0,0.0,noVIPV,SUMMER
18,home,14.0,35.0,noVIPV,SUMMER
18,work,1.0,2.5,noVIPV,SUMMER
18,public,0.0,0.0,noVIPV,SUMMER
19,home,10.0,25.0,noVIPV,SUMMER
19,work,2.0,5.0,noVIPV,SUMMER
19,public,0.0,0.0,noVIPV,SUMMER
20,home,24.0,60.0,noVIPV,SUMMER
20,work,6.0,15.0,noVIPV,SUMMER
20,public,0.0,0.0,noVIPV,SUMMER
21,home,4.0,10.0,noVIPV,SUMMER
21,work,1.0,2.5,noVIPV,SUMMER
21,public,0.0,0.0,noVIPV,SUMMER
22,home,9.0,22.5,noVIPV,SUMMER
22,work,0.0,0.0,noVIPV,SUMMER
22,public,0.0,0.0,noVIPV,SUMMER
23,home,3.0,7.5,noVIPV,SUMMER
23,work,0.0,0.0,noVIPV,SUMMER
23,public,3.0,7.5,noVIPV,SUMMER
24,home,6.0,15.0,noVIPV,SUMMER
24,work,0.0,0.0,noVIPV,SUMMER
24,public,0.0,0.0,noVIPV,SUMMER
25,home,3.0,7.5,noVIPV,SUMMER
25,work,0.0,0.0,noVIPV,SUMMER
25,public,3.0,7.5,noVIPV,SUMMER
26,home,2.0,5.0,noVIPV,SUMMER
26,work,0.0,0.0,noVIPV,SUMMER
26,public,3.0,7.5,noVIPV,SUMMER
27,home,3.0,7.5,noVIPV,SUMMER
27,work,0.0,0.0,noVIPV,SUMMER
27,public,1.0,2.5,noVIPV,SUMMER
28,home,41.0,102.5,noVIPV,SUMMER
28,work,0.0,0.0,noVIPV,SUMMER
28,public,7.0,17.5,noVIPV,SUMMER
29,home,0.0,0.0,noVIPV,SUMMER
29,work,0.0,0.0,noVIPV,SUMMER
29,public,0.0,0.0,noVIPV,SUMMER
30,home,7.0,17.5,noVIPV,SUMMER
30,work,0.0,0.0,noVIPV,SUMMER
30,public,2.0,5.0,noVIPV,SUMMER
31,home,4.0,10.0,noVIPV,SUMMER
31,work,3.0,7.5,noVIPV,SUMMER
31,public,0.0,0.0,noVIPV,SUMMER
32,home,2.0,5.0,noVIPV,SUMMER
32,work,0.0,0.0,noVIPV,SUMMER
32,public,0.0,0.0,noVIPV,SUMMER
33,home,6.0,15.0,noVIPV,SUMMER
33,work,0.0,0.0,noVIPV,SUMMER
33,public,0.0,0.0,noVIPV,SUMMER
34,home,0.0,0.0,noVIPV,SUMMER
34,work,0.0,0.0,noVIPV,SUMMER
34,public,3.0,7.5,noVIPV,SUMMER
35,home,6.0,15.0,noVIPV,SUMMER
35,work,0.0,0.0,noVIPV,SUMMER
35,public,0.0,0.0,noVIPV,SUMMER
36,home,9.0,22.5,noVIPV,SUMMER
36,work,0.0,0.0,noVIPV,SUMMER
36,public,5.0,12.5,noVIPV,SUMMER
37,home,1.0,2.5,noVIPV,SUMMER
37,work,0.0,0.0,noVIPV,SUMMER
37,public,1.0,2.5,noVIPV,SUMMER
38,home,0.0,0.0,noVIPV,SUMMER
38,work,0.0,0.0,noVIPV,SUMMER
38,public,6.0,15.0,noVIPV,SUMMER
39,home,27.0,67.5,noVIPV,SUMMER
39,work,1.0,2.5,noVIPV,SUMMER
39,public,8.0,20.0,noVIPV,SUMMER
40,home,22.0,55.0,noVIPV,SUMMER
40,work,0.0,0.0,noVIPV,SUMMER
40,public,3.0,7.5,noVIPV,SUMMER
41,home,4.0,10.0,noVIPV,SUMMER
41,work,0.0,0.0,noVIPV,SUMMER
41,public,0.0,0.0,noVIPV,SUMMER
42,home,10.0,25.0,noVIPV,SUMMER
42,work,0.0,0.0,noVIPV,SUMMER
42,public,2.0,5.0,noVIPV,SUMMER
43,home,25.0,62.5,noVIPV,SUMMER
43,work,4.0,10.0,noVIPV,SUMMER
43,public,12.0,30.0,noVIPV,SUMMER
44,home,7.0,17.5,noVIPV,SUMMER
44,work,0.0,0.0,noVIPV,SUMMER
44,public,0.0,0.0,noVIPV,SUMMER
45,home,12.0,30.0,noVIPV,SUMMER
45,work,0.0,0.0,noVIPV,SUMMER
45,public,6.0,15.0,noVIPV,SUMMER
46,home,2.0,5.0,noVIPV,SUMMER
46,work,2.0,5.0,noVIPV,SUMMER
46,public,11.0,27.5,noVIPV,SUMMER
47,home,8.0,20.0,noVIPV,SUMMER
47,work,0.0,0.0,noVIPV,SUMMER
47,public,0.0,0.0,noVIPV,SUMMER
48,home,1.0,2.5,noVIPV,SUMMER
48,work,0.0,0.0,noVIPV,SUMMER
48,public,0.0,0.0,noVIPV,SUMMER
49,home,0.0,0.0,noVIPV,SUMMER
49,work,0.0,0.0,noVIPV,SUMMER
49,public,0.0,0.0,noVIPV,SUMMER
50,home,3.0,7.5,noVIPV,SUMMER
50,work,0.0,0.0,noVIPV,SUMMER
50,public,0.0,0.0,noVIPV,SUMMER
51,home,0.0,0.0,noVIPV,SUMMER
51,work,0.0,0.0,noVIPV,SUMMER
51,public,0.0,0.0,noVIPV,SUMMER
52,home,3.0,7.5,noVIPV,SUMMER
52,work,0.0,0.0,noVIPV,SUMMER
52,public,1.0,2.5,noVIPV,SUMMER
53,home,80.0,200.0,noVIPV,SUMMER
53,work,1.0,2.5,noVIPV,SUMMER
53,public,13.0,32.5,noVIPV,SUMMER
54,home,2.0,5.0,noVIPV,SUMMER
54,work,0.0,0.0,noVIPV,SUMMER
54,public,4.0,10.0,noVIPV,SUMMER
55,home,1.0,2.5,noVIPV,SUMMER
55,work,0.0,0.0,noVIPV,SUMMER
55,public,0.0,0.0,noVIPV,SUMMER
56,home,42.0,105.0,noVIPV,SUMMER
56,work,5.0,12.5,noVIPV,SUMMER
56,public,15.0,37.5,noVIPV,SUMMER
57,home,45.0,112.5,noVIPV,SUMMER
57,work,1.0,2.5,noVIPV,SUMMER
57,public,14.0,35.0,noVIPV,SUMMER
58,home,12.0,30.0,noVIPV,SUMMER
58,work,0.0,0.0,noVIPV,SUMMER
58,public,3.0,7.5,noVIPV,SUMMER
59,home,8.0,20.0,noVIPV,SUMMER
59,work,0.0,0.0,noVIPV,SUMMER
59,public,4.0,10.0,noVIPV,SUMMER
60,home,31.0,77.5,noVIPV,SUMMER
60,work,2.0,5.0,noVIPV,SUMMER
60,public,0.0,0.0,noVIPV,SUMMER
61,home,1.0,2.5,noVIPV,SUMMER
61,work,0.0,0.0,noVIPV,SUMMER
61,public,1.0,2.5,noVIPV,SUMMER
62,home,7.0,17.5,noVIPV,SUMMER
62,work,0.0,0.0,noVIPV,SUMMER
62,public,2.0,5.0,noVIPV,SUMMER
63,home,1.0,2.5,noVIPV,SUMMER
63,work,0.0,0.0,noVIPV,SUMMER
63,public,0.0,0.0,noVIPV,SUMMER
64,home,0.0,0.0,noVIPV,SUMMER
64,work,0.0,0.0,noVIPV,SUMMER
64,public,2.0,5.0,noVIPV,SUMMER
65,home,5.0,12.5,noVIPV,SUMMER
65,work,0.0,0.0,noVIPV,SUMMER
65,public,0.0,0.0,noVIPV,SUMMER
66,home,0.0,0.0,noVIPV,SUMMER
66,work,0.0,0.0,noVIPV,SUMMER
66,public,0.0,0.0,noVIPV,SUMMER
67,home,10.0,25.0,noVIPV,SUMMER
67,work,2.0,5.0,noVIPV,SUMMER
67,public,3.0,7.5,noVIPV,SUMMER
68,home,16.0,40.0,noVIPV,SUMMER
68,work,0.0,0.0,noVIPV,SUMMER
68,public,18.0,45.0,noVIPV,SUMMER
69,home,10.0,25.0,noVIPV,SUMMER
69,work,2.0,5.0,noVIPV,SUMMER
69,public,6.0,15.0,noVIPV,SUMMER
70,home,47.0,117.5,noVIPV,SUMMER
70,work,1.0,2.5,noVIPV,SUMMER
70,public,14.0,35.0,noVIPV,SUMMER
71,home,23.0,57.5,noVIPV,SUMMER
71,work,2.0,5.0,noVIPV,SUMMER
71,public,4.0,10.0,noVIPV,SUMMER
72,home,9.0,22.5,noVIPV,SUMMER
72,work,15.0,37.5,noVIPV,SUMMER
72,public,9.0,22.5,noVIPV,SUMMER
73,home,0.0,0.0,noVIPV,SUMMER
73,work,0.0,0.0,noVIPV,SUMMER
73,public,0.0,0.0,noVIPV,SUMMER
74,home,0.0,0.0,noVIPV,SUMMER
74,work,13.0,32.5,noVIPV,SUMMER
74,public,6.0,15.0,noVIPV,SUMMER
75,home,0.0,0.0,noVIPV,SUMMER
75,work,32.0,80.0,noVIPV,SUMMER
75,public,7.0,17.5,noVIPV,SUMMER
76,home,16.0,40.0,noVIPV,SUMMER
76,work,14.0,35.0,noVIPV,SUMMER
76,public,20.0,50.0,noVIPV,SUMMER
77,home,4.0,10.0,noVIPV,SUMMER
77,work,0.0,0.0,noVIPV,SUMMER
77,public,4.0,10.0,noVIPV,SUMMER
78,home,3.0,7.5,noVIPV,SUMMER
78,work,0.0,0.0,noVIPV,SUMMER
78,public,2.0,5.0,noVIPV,SUMMER
79,home,0.0,0.0,noVIPV,SUMMER
79,work,0.0,0.0,noVIPV,SUMMER
79,public,1.0,2.5,noVIPV,SUMMER
80,home,1.0,2.5,noVIPV,SUMMER
80,work,1.0,2.5,noVIPV,SUMMER
80,public,5.0,12.5,noVIPV,SUMMER
81,home,11.0,27.5,noVIPV,SUMMER
81,work,0.0,0.0,noVIPV,SUMMER
81,public,0.0,0.0,noVIPV,SUMMER
82,home,0.0,0.0,noVIPV,SUMMER
82,work,0.0,0.0,noVIPV,SUMMER
82,public,1.0,2.5,noVIPV,SUMMER
83,home,0.0,0.0,noVIPV,SUMMER
83,work,0.0,0.0,noVIPV,SUMMER
83,public,2.0,5.0,noVIPV,SUMMER
84,home,41.0,102.5,noVIPV,SUMMER
84,work,4.0,10.0,noVIPV,SUMMER
84,public,7.0,17.5,noVIPV,SUMMER
85,home,43.0,107.5,noVIPV,SUMMER
85,work,3.0,7.5,noVIPV,SUMMER
85,public,18.0,45.0,noVIPV,SUMMER
86,home,64.0,160.0,noVIPV,SUMMER
86,work,0.0,0.0,noVIPV,SUMMER
86,public,28.0,70.0,noVIPV,SUMMER
87,home,14.0,35.0,noVIPV,SUMMER
87,work,1.0,2.5,noVIPV,SUMMER
87,public,5.0,12.5,noVIPV,SUMMER
88,home,16.0,40.0,noVIPV,SUMMER
88,work,5.0,12.5,noVIPV,SUMMER
88,public,17.0,42.5,noVIPV,SUMMER
89,home,0.0,0.0,noVIPV,SUMMER
89,work,23.0,57.5,noVIPV,SUMMER
89,public,14.0,35.0,noVIPV,SUMMER
90,home,0.0,0.0,noVIPV,SUMMER
90,work,3.0,7.5,noVIPV,SUMMER
90,public,8.0,20.0,noVIPV,SUMMER
91,home,0.0,0.0,noVIPV,SUMMER
91,work,10.0,25.0,noVIPV,SUMMER
91,public,9.0,22.5,noVIPV,SUMMER
92,home,0.0,0.0,noVIPV,SUMMER
92,work,16.0,40.0,noVIPV,SUMMER
92,public,5.0,12.5,noVIPV,SUMMER
93,home,34.0,85.0,noVIPV,SUMMER
93,work,9.0,22.5,noVIPV,SUMMER
93,public,14.0,35.0,noVIPV,SUMMER
94,home,3.0,7.5,noVIPV,SUMMER
94,work,21.0,52.5,noVIPV,SUMMER
94,public,10.0,25.0,noVIPV,SUMMER
95,home,24.0,60.0,noVIPV,SUMMER
95,work,0.0,0.0,noVIPV,SUMMER
95,public,16.0,40.0,noVIPV,SUMMER
96,home,13.0,32.5,noVIPV,SUMMER
96,work,0.0,0.0,noVIPV,SUMMER
96,public,9.0,22.5,noVIPV,SUMMER
97,home,15.0,37.5,noVIPV,SUMMER
97,work,0.0,0.0,noVIPV,SUMMER
97,public,3.0,7.5,noVIPV,SUMMER
98,home,4.0,10.0,noVIPV,SUMMER
98,work,0.0,0.0,noVIPV,SUMMER
98,public,4.0,10.0,noVIPV,SUMMER
99,home,32.0,80.0,noVIPV,SUMMER
99,work,3.0,7.5,noVIPV,SUMMER
99,public,3.0,7.5,noVIPV,SUMMER
100,home,31.0,77.5,noVIPV,SUMMER
100,work,0.0,0.0,noVIPV,SUMMER
100,public,30.0,75.0,noVIPV,SUMMER
101,home,23.0,57.5,noVIPV,SUMMER
101,work,1.0,2.5,noVIPV,SUMMER
101,public,0.0,0.0,noVIPV,SUMMER
102,home,7.0,17.5,noVIPV,SUMMER
102,work,0.0,0.0,noVIPV,SUMMER
102,public,0.0,0.0,noVIPV,SUMMER
103,home,8.0,20.0,noVIPV,SUMMER
103,work,0.0,0.0,noVIPV,SUMMER
103,public,0.0,0.0,noVIPV,SUMMER
104,home,6.0,15.0,noVIPV,SUMMER
104,work,0.0,0.0,noVIPV,SUMMER
104,public,0.0,0.0,noVIPV,SUMMER
105,home,7.0,17.5,noVIPV,SUMMER
105,work,0.0,0.0,noVIPV,SUMMER
105,public,3.0,7.5,noVIPV,SUMMER
106,home,3.0,7.5,noVIPV,SUMMER
106,work,0.0,0.0,noVIPV,SUMMER
106,public,3.0,7.5,noVIPV,SUMMER
107,home,21.0,52.5,noVIPV,SUMMER
107,work,3.0,7.5,noVIPV,SUMMER
107,public,15.0,37.5,noVIPV,SUMMER
108,home,23.0,57.5,noVIPV,SUMMER
108,work,1.0,2.5,noVIPV,SUMMER
108,public,13.0,32.5,noVIPV,SUMMER
109,home,23.0,57.5,noVIPV,SUMMER
109,work,0.0,0.0,noVIPV,SUMMER
109,public,3.0,7.5,noVIPV,SUMMER
110,home,49.0,122.5,noVIPV,SUMMER
110,work,2.0,5.0,noVIPV,SUMMER
110,public,36.0,90.0,noVIPV,SUMMER
111,home,17.0,42.5,noVIPV,SUMMER
111,work,9.0,22.5,noVIPV,SUMMER
111,public,33.0,82.5,noVIPV,SUMMER
112,home,38.0,95.0,noVIPV,SUMMER
112,work,5.0,12.5,noVIPV,SUMMER
112,public,21.0,52.5,noVIPV,SUMMER
113,home,0.0,0.0,noVIPV,SUMMER
113,work,17.0,42.5,noVIPV,SUMMER
113,public,12.0,30.0,noVIPV,SUMMER
114,home,6.0,15.0,noVIPV,SUMMER
114,work,19.0,47.5,noVIPV,SUMMER
114,public,9.0,22.5,noVIPV,SUMMER
115,home,30.0,75.0,noVIPV,SUMMER
115,work,4.0,10.0,noVIPV,SUMMER
115,public,15.0,37.5,noVIPV,SUMMER
116,home,1.0,2.5,noVIPV,SUMMER
116,work,4.0,10.0,noVIPV,SUMMER
116,public,1.0,2.5,noVIPV,SUMMER
117,home,20.0,50.0,noVIPV,SUMMER
117,work,2.0,5.0,noVIPV,SUMMER
117,public,17.0,42.5,noVIPV,SUMMER
118,home,24.0,60.0,noVIPV,SUMMER
118,work,4.0,10.0,noVIPV,SUMMER
118,public,47.0,117.5,noVIPV,SUMMER
119,home,28.0,70.0,noVIPV,SUMMER
119,work,5.0,12.5,noVIPV,SUMMER
119,public,11.0,27.5,noVIPV,SUMMER
120,home,30.0,75.0,noVIPV,SUMMER
120,work,1.0,2.5,noVIPV,SUMMER
120,public,9.0,22.5,noVIPV,SUMMER
121,home,4.0,10.0,noVIPV,SUMMER
121,work,0.0,0.0,noVIPV,SUMMER
121,public,0.0,0.0,noVIPV,SUMMER
122,home,5.0,12.5,noVIPV,SUMMER
122,work,0.0,0.0,noVIPV,SUMMER
122,public,0.0,0.0,noVIPV,SUMMER
123,home,23.0,57.5,noVIPV,SUMMER
123,work,0.0,0.0,noVIPV,SUMMER
123,public,14.0,35.0,noVIPV,SUMMER
124,home,32.0,80.0,noVIPV,SUMMER
124,work,0.0,0.0,noVIPV,SUMMER
124,public,9.0,22.5,noVIPV,SUMMER
125,home,20.0,50.0,noVIPV,SUMMER
125,work,2.0,5.0,noVIPV,SUMMER
125,public,20.0,50.0,noVIPV,SUMMER
126,home,44.0,110.0,noVIPV,SUMMER
126,work,0.0,0.0,noVIPV,SUMMER
126,public,23.0,57.5,noVIPV,SUMMER
127,home,43.0,107.5,noVIPV,SUMMER
127,work,0.0,0.0,noVIPV,SUMMER
127,public,12.0,30.0,noVIPV,SUMMER
128,home,12.0,30.0,noVIPV,SUMMER
128,work,0.0,0.0,noVIPV,SUMMER
128,public,0.0,0.0,noVIPV,SUMMER
129,home,3.0,7.5,noVIPV,SUMMER
129,work,0.0,0.0,noVIPV,SUMMER
129,public,3.0,7.5,noVIPV,SUMMER
130,home,1.0,2.5,noVIPV,SUMMER
130,work,0.0,0.0,noVIPV,SUMMER
130,public,1.0,2.5,noVIPV,SUMMER
131,home,0.0,0.0,noVIPV,SUMMER
131,work,0.0,0.0,noVIPV,SUMMER
131,public,5.0,12.5,noVIPV,SUMMER
132,home,16.0,40.0,noVIPV,SUMMER
132,work,1.0,2.5,noVIPV,SUMMER
132,public,0.0,0.0,noVIPV,SUMMER
133,home,28.0,70.0,noVIPV,SUMMER
133,work,1.0,2.5,noVIPV,SUMMER
133,public,16.0,40.0,noVIPV,SUMMER
134,home,70.0,175.0,noVIPV,SUMMER
134,work,7.0,17.5,noVIPV,SUMMER
134,public,33.0,82.5,noVIPV,SUMMER
135,home,30.0,75.0,noVIPV,SUMMER
135,work,12.0,30.0,noVIPV,SUMMER
135,public,32.0,80.0,noVIPV,SUMMER
136,home,30.0,75.0,noVIPV,SUMMER
136,work,2.0,5.0,noVIPV,SUMMER
136,public,13.0,32.5,noVIPV,SUMMER
137,home,19.0,47.5,noVIPV,SUMMER
137,work,4.0,10.0,noVIPV,SUMMER
137,public,7.0,17.5,noVIPV,SUMMER
138,home,0.0,0.0,noVIPV,SUMMER
138,work,8.0,20.0,noVIPV,SUMMER
138,public,16.0,40.0,noVIPV,SUMMER
139,home,25.0,62.5,noVIPV,SUMMER
139,work,5.0,12.5,noVIPV,SUMMER
139,public,20.0,50.0,noVIPV,SUMMER
140,home,4.0,10.0,noVIPV,SUMMER
140,work,0.0,0.0,noVIPV,SUMMER
140,public,4.0,10.0,noVIPV,SUMMER
141,home,56.0,140.0,noVIPV,SUMMER
141,work,2.0,5.0,noVIPV,SUMMER
141,public,13.0,32.5,noVIPV,SUMMER
142,home,22.0,55.0,noVIPV,SUMMER
142,work,23.0,57.5,noVIPV,SUMMER
142,public,47.0,117.5,noVIPV,SUMMER
143,home,23.0,57.5,noVIPV,SUMMER
143,work,13.0,32.5,noVIPV,SUMMER
143,public,26.0,65.0,noVIPV,SUMMER
144,home,34.0,85.0,noVIPV,SUMMER
144,work,0.0,0.0,noVIPV,SUMMER
144,public,8.0,20.0,noVIPV,SUMMER
145,home,0.0,0.0,noVIPV,SUMMER
145,work,0.0,0.0,noVIPV,SUMMER
145,public,0.0,0.0,noVIPV,SUMMER
146,home,0.0,0.0,noVIPV,SUMMER
146,work,0.0,0.0,noVIPV,SUMMER
146,public,1.0,2.5,noVIPV,SUMMER
147,home,8.0,20.0,noVIPV,SUMMER
147,work,0.0,0.0,noVIPV,SUMMER
147,public,0.0,0.0,noVIPV,SUMMER
148,home,14.0,35.0,noVIPV,SUMMER
148,work,6.0,15.0,noVIPV,SUMMER
148,public,15.0,37.5,noVIPV,SUMMER
149,home,30.0,75.0,noVIPV,SUMMER
149,work,0.0,0.0,noVIPV,SUMMER
149,public,16.0,40.0,noVIPV,SUMMER
150,home,27.0,67.5,noVIPV,SUMMER
150,work,1.0,2.5,noVIPV,SUMMER
150,public,6.0,15.0,noVIPV,SUMMER
151,home,0.0,0.0,noVIPV,SUMMER
151,work,0.0,0.0,noVIPV,SUMMER
151,public,8.0,20.0,noVIPV,SUMMER
152,home,41.0,102.5,noVIPV,SUMMER
152,work,0.0,0.0,noVIPV,SUMMER
152,public,16.0,40.0,noVIPV,SUMMER
153,home,38.0,95.0,noVIPV,SUMMER
153,work,3.0,7.5,noVIPV,SUMMER
153,public,8.0,20.0,noVIPV,SUMMER
154,home,10.0,25.0,noVIPV,SUMMER
154,work,18.0,45.0,noVIPV,SUMMER
154,public,6.0,15.0,noVIPV,SUMMER
155,home,13.0,32.5,noVIPV,SUMMER
155,work,1.0,2.5,noVIPV,SUMMER
155,public,8.0,20.0,noVIPV,SUMMER
156,home,35.0,87.5,noVIPV,SUMMER
156,work,1.0,2.5,noVIPV,SUMMER
156,public,76.0,190.0,noVIPV,SUMMER
157,home,6.0,15.0,noVIPV,SUMMER
157,work,22.0,55.0,noVIPV,SUMMER
157,public,0.0,0.0,noVIPV,SUMMER
158,home,14.0,35.0,noVIPV,SUMMER
158,work,2.0,5.0,noVIPV,SUMMER
158,public,0.0,0.0,noVIPV,SUMMER
159,home,46.0,115.0,noVIPV,SUMMER
159,work,0.0,0.0,noVIPV,SUMMER
159,public,42.0,105.0,noVIPV,SUMMER
160,home,39.0,97.5,noVIPV,SUMMER
160,work,10.0,25.0,noVIPV,SUMMER
160,public,44.0,110.0,noVIPV,SUMMER
161,home,25.0,62.5,noVIPV,SUMMER
161,work,3.0,7.5,noVIPV,SUMMER
161,public,27.0,67.5,noVIPV,SUMMER
162,home,20.0,50.0,noVIPV,SUMMER
162,work,2.0,5.0,noVIPV,SUMMER
162,public,11.0,27.5,noVIPV,SUMMER
163,home,1.0,2.5,noVIPV,SUMMER
163,work,0.0,0.0,noVIPV,SUMMER
163,public,0.0,0.0,noVIPV,SUMMER
164,home,25.0,62.5,noVIPV,SUMMER
164,work,1.0,2.5,noVIPV,SUMMER
164,public,22.0,55.0,noVIPV,SUMMER
165,home,27.0,67.5,noVIPV,SUMMER
165,work,4.0,10.0,noVIPV,SUMMER
165,public,5.0,12.5,noVIPV,SUMMER
166,home,2.0,5.0,noVIPV,SUMMER
166,work,2.0,5.0,noVIPV,SUMMER
166,public,4.0,10.0,noVIPV,SUMMER
167,home,0.0,0.0,noVIPV,SUMMER
167,work,0.0,0.0,noVIPV,SUMMER
167,public,0.0,0.0,noVIPV,SUMMER
168,home,2.0,5.0,noVIPV,SUMMER
168,work,0.0,0.0,noVIPV,SUMMER
168,public,0.0,0.0,noVIPV,SUMMER
169,home,9.0,22.5,noVIPV,SUMMER
169,work,0.0,0.0,noVIPV,SUMMER
169,public,3.0,7.5,noVIPV,SUMMER
170,home,27.0,67.5,noVIPV,SUMMER
170,work,2.0,5.0,noVIPV,SUMMER
170,public,5.0,12.5,noVIPV,SUMMER
171,home,25.0,62.5,noVIPV,SUMMER
171,work,7.0,17.5,noVIPV,SUMMER
171,public,16.0,40.0,noVIPV,SUMMER
172,home,20.0,50.0,noVIPV,SUMMER
172,work,0.0,0.0,noVIPV,SUMMER
172,public,14.0,35.0,noVIPV,SUMMER
173,home,29.0,72.5,noVIPV,SUMMER
173,work,0.0,0.0,noVIPV,SUMMER
173,public,4.0,10.0,noVIPV,SUMMER
174,home,37.0,92.5,noVIPV,SUMMER
174,work,2.0,5.0,noVIPV,SUMMER
174,public,14.0,35.0,noVIPV,SUMMER
175,home,42.0,105.0,noVIPV,SUMMER
175,work,0.0,0.0,noVIPV,SUMMER
175,public,33.0,82.5,noVIPV,SUMMER
176,home,13.0,32.5,noVIPV,SUMMER
176,work,0.0,0.0,noVIPV,SUMMER
176,public,11.0,27.5,noVIPV,SUMMER
177,home,17.0,42.5,noVIPV,SUMMER
177,work,3.0,7.5,noVIPV,SUMMER
177,public,4.0,10.0,noVIPV,SUMMER
178,home,16.0,40.0,noVIPV,SUMMER
178,work,9.0,22.5,noVIPV,SUMMER
178,public,40.0,100.0,noVIPV,SUMMER
179,home,0.0,0.0,noVIPV,SUMMER
179,work,9.0,22.5,noVIPV,SUMMER
179,public,13.0,32.5,noVIPV,SUMMER
180,home,2.0,5.0,noVIPV,SUMMER
180,work,0.0,0.0,noVIPV,SUMMER
180,public,0.0,0.0,noVIPV,SUMMER
181,home,0.0,0.0,noVIPV,SUMMER
181,work,0.0,0.0,noVIPV,SUMMER
181,public,0.0,0.0,noVIPV,SUMMER
182,home,0.0,0.0,noVIPV,SUMMER
182,work,1.0,2.5,noVIPV,SUMMER
182,public,1.0,2.5,noVIPV,SUMMER
183,home,0.0,0.0,noVIPV,SUMMER
183,work,10.0,25.0,noVIPV,SUMMER
183,public,0.0,0.0,noVIPV,SUMMER
184,home,0.0,0.0,noVIPV,SUMMER
184,work,4.0,10.0,noVIPV,SUMMER
184,public,4.0,10.0,noVIPV,SUMMER
185,home,2.0,5.0,noVIPV,SUMMER
185,work,0.0,0.0,noVIPV,SUMMER
185,public,0.0,0.0,noVIPV,SUMMER
186,home,2.0,5.0,noVIPV,SUMMER
186,work,0.0,0.0,noVIPV,SUMMER
186,public,0.0,0.0,noVIPV,SUMMER
187,home,11.0,27.5,noVIPV,SUMMER
187,work,6.0,15.0,noVIPV,SUMMER
187,public,10.0,25.0,noVIPV,SUMMER
188,home,22.0,55.0,noVIPV,SUMMER
188,work,4.0,10.0,noVIPV,SUMMER
188,public,9.0,22.5,noVIPV,SUMMER
189,home,41.0,102.5,noVIPV,SUMMER
189,work,0.0,0.0,noVIPV,SUMMER
189,public,12.0,30.0,noVIPV,SUMMER
190,home,55.0,137.5,noVIPV,SUMMER
190,work,1.0,2.5,noVIPV,SUMMER
190,public,7.0,17.5,noVIPV,SUMMER
191,home,64.0,160.0,noVIPV,SUMMER
191,work,0.0,0.0,noVIPV,SUMMER
191,public,26.0,65.0,noVIPV,SUMMER
192,home,18.0,45.0,noVIPV,SUMMER
192,work,1.0,2.5,noVIPV,SUMMER
192,public,31.0,77.5,noVIPV,SUMMER
193,home,8.0,20.0,noVIPV,SUMMER
193,work,9.0,22.5,noVIPV,SUMMER
193,public,22.0,55.0,noVIPV,SUMMER
194,home,6.0,15.0,noVIPV,SUMMER
194,work,0.0,0.0,noVIPV,SUMMER
194,public,0.0,0.0,noVIPV,SUMMER
195,home,14.0,35.0,noVIPV,SUMMER
195,work,2.0,5.0,noVIPV,SUMMER
195,public,11.0,27.5,noVIPV,SUMMER
196,home,39.0,97.5,noVIPV,SUMMER
196,work,1.0,2.5,noVIPV,SUMMER
196,public,24.0,60.0,noVIPV,SUMMER
197,home,51.0,127.5,noVIPV,SUMMER
197,work,18.0,45.0,noVIPV,SUMMER
197,public,27.0,67.5,noVIPV,SUMMER
198,home,15.0,37.5,noVIPV,SUMMER
198,work,13.0,32.5,noVIPV,SUMMER
198,public,6.0,15.0,noVIPV,SUMMER
199,home,0.0,0.0,noVIPV,SUMMER
199,work,4.0,10.0,noVIPV,SUMMER
199,public,3.0,7.5,noVIPV,SUMMER
200,home,0.0,0.0,noVIPV,SUMMER
200,work,7.0,17.5,noVIPV,SUMMER
200,public,1.0,2.5,noVIPV,SUMMER
201,home,5.0,12.5,noVIPV,SUMMER
201,work,3.0,7.5,noVIPV,SUMMER
201,public,0.0,0.0,noVIPV,SUMMER
202,home,0.0,0.0,noVIPV,SUMMER
202,work,1.0,2.5,noVIPV,SUMMER
202,public,0.0,0.0,noVIPV,SUMMER
203,home,0.0,0.0,noVIPV,SUMMER
203,work,0.0,0.0,noVIPV,SUMMER
203,public,0.0,0.0,noVIPV,SUMMER
204,home,2.0,5.0,noVIPV,SUMMER
204,work,0.0,0.0,noVIPV,SUMMER
204,public,3.0,7.5,noVIPV,SUMMER
205,home,12.0,30.0,noVIPV,SUMMER
205,work,1.0,2.5,noVIPV,SUMMER
205,public,12.0,30.0,noVIPV,SUMMER
206,home,14.0,35.0,noVIPV,SUMMER
206,work,3.0,7.5,noVIPV,SUMMER
206,public,15.0,37.5,noVIPV,SUMMER
207,home,21.0,52.5,noVIPV,SUMMER
207,work,0.0,0.0,noVIPV,SUMMER
207,public,6.0,15.0,noVIPV,SUMMER
208,home,13.0,32.5,noVIPV,SUMMER
208,work,0.0,0.0,noVIPV,SUMMER
208,public,18.0,45.0,noVIPV,SUMMER
209,home,32.0,80.0,noVIPV,SUMMER
209,work,0.0,0.0,noVIPV,SUMMER
209,public,28.0,70.0,noVIPV,SUMMER
210,home,1.0,2.5,noVIPV,SUMMER
210,work,2.0,5.0,noVIPV,SUMMER
210,public,11.0,27.5,noVIPV,SUMMER
211,home,12.0,30.0,noVIPV,SUMMER
211,work,20.0,50.0,noVIPV,SUMMER
211,public,48.0,120.0,noVIPV,SUMMER
212,home,39.0,97.5,noVIPV,SUMMER
212,work,2.0,5.0,noVIPV,SUMMER
212,public,35.0,87.5,noVIPV,SUMMER
213,home,28.0,70.0,noVIPV,SUMMER
213,work,7.0,17.5,noVIPV,SUMMER
213,public,56.0,140.0,noVIPV,SUMMER
214,home,29.0,72.5,noVIPV,SUMMER
214,work,16.0,40.0,noVIPV,SUMMER
214,public,26.0,65.0,noVIPV,SUMMER
215,home,12.0,30.0,noVIPV,SUMMER
215,work,1.0,2.5,noVIPV,SUMMER
215,public,44.0,110.0,noVIPV,SUMMER
216,home,0.0,0.0,noVIPV,SUMMER
216,work,0.0,0.0,noVIPV,SUMMER
216,public,1.0,2.5,noVIPV,SUMMER
217,home,2.0,5.0,noVIPV,SUMMER
217,work,0.0,0.0,noVIPV,SUMMER
217,public,0.0,0.0,noVIPV,SUMMER
218,home,15.0,37.5,noVIPV,SUMMER
218,work,0.0,0.0,noVIPV,SUMMER
218,public,4.0,10.0,noVIPV,SUMMER
219,home,11.0,27.5,noVIPV,SUMMER
219,work,0.0,0.0,noVIPV,SUMMER
219,public,0.0,0.0,noVIPV,SUMMER
220,home,0.0,0.0,noVIPV,SUMMER
220,work,0.0,0.0,noVIPV,SUMMER
220,public,0.0,0.0,noVIPV,SUMMER
221,home,0.0,0.0,noVIPV,SUMMER
221,work,0.0,0.0,noVIPV,SUMMER
221,public,0.0,0.0,noVIPV,SUMMER
222,home,0.0,0.0,noVIPV,SUMMER
222,work,0.0,0.0,noVIPV,SUMMER
222,public,0.0,0.0,noVIPV,SUMMER
223,home,0.0,0.0,noVIPV,SUMMER
223,work,5.0,12.5,noVIPV,SUMMER
223,public,0.0,0.0,noVIPV,SUMMER
224,home,21.0,52.5,noVIPV,SUMMER
224,work,9.0,22.5,noVIPV,SUMMER
224,public,13.0,32.5,noVIPV,SUMMER
225,home,56.0,140.0,noVIPV,SUMMER
225,work,5.0,12.5,noVIPV,SUMMER
225,public,99.0,247.5,noVIPV,SUMMER
226,home,18.0,45.0,noVIPV,SUMMER
226,work,0.0,0.0,noVIPV,SUMMER
226,public,30.0,75.0,noVIPV,SUMMER
227,home,48.0,120.0,noVIPV,SUMMER
227,work,26.0,65.0,noVIPV,SUMMER
227,public,98.0,245.0,noVIPV,SUMMER
228,home,28.0,70.0,noVIPV,SUMMER
228,work,9.0,22.5,noVIPV,SUMMER
228,public,36.0,90.0,noVIPV,SUMMER
229,home,39.0,97.5,noVIPV,SUMMER
229,work,12.0,30.0,noVIPV,SUMMER
229,public,27.0,67.5,noVIPV,SUMMER
230,home,44.0,110.0,noVIPV,SUMMER
230,work,11.0,27.5,noVIPV,SUMMER
230,public,66.0,165.0,noVIPV,SUMMER
231,home,13.0,32.5,noVIPV,SUMMER
231,work,2.0,5.0,noVIPV,SUMMER
231,public,14.0,35.0,noVIPV,SUMMER
232,home,4.0,10.0,noVIPV,SUMMER
232,work,0.0,0.0,noVIPV,SUMMER
232,public,1.0,2.5,noVIPV,SUMMER
233,home,21.0,52.5,noVIPV,SUMMER
233,work,0.0,0.0,noVIPV,SUMMER
233,public,20.0,50.0,noVIPV,SUMMER
234,home,12.0,30.0,noVIPV,SUMMER
234,work,0.0,0.0,noVIPV,SUMMER
234,public,11.0,27.5,noVIPV,SUMMER
235,home,10.0,25.0,noVIPV,SUMMER
235,work,0.0,0.0,noVIPV,SUMMER
235,public,2.0,5.0,noVIPV,SUMMER
236,home,9.0,22.5,noVIPV,SUMMER
236,work,0.0,0.0,noVIPV,SUMMER
236,public,2.0,5.0,noVIPV,SUMMER
237,home,1.0,2.5,noVIPV,SUMMER
237,work,0.0,0.0,noVIPV,SUMMER
237,public,0.0,0.0,noVIPV,SUMMER
238,home,0.0,0.0,noVIPV,SUMMER
238,work,9.0,22.5,noVIPV,SUMMER
238,public,0.0,0.0,noVIPV,SUMMER
239,home,0.0,0.0,noVIPV,SUMMER
239,work,2.0,5.0,noVIPV,SUMMER
239,public,1.0,2.5,noVIPV,SUMMER
240,home,0.0,0.0,noVIPV,SUMMER
240,work,0.0,0.0,noVIPV,SUMMER
240,public,1.0,2.5,noVIPV,SUMMER
241,home,0.0,0.0,noVIPV,SUMMER
241,work,6.0,15.0,noVIPV,SUMMER
241,public,1.0,2.5,noVIPV,SUMMER
242,home,0.0,0.0,noVIPV,SUMMER
242,work,2.0,5.0,noVIPV,SUMMER
242,public,0.0,0.0,noVIPV,SUMMER
243,home,25.0,62.5,noVIPV,SUMMER
243,work,4.0,10.0,noVIPV,SUMMER
243,public,0.0,0.0,noVIPV,SUMMER
244,home,37.0,92.5,noVIPV,SUMMER
244,work,8.0,20.0,noVIPV,SUMMER
244,public,6.0,15.0,noVIPV,SUMMER
245,home,63.0,157.5,noVIPV,SUMMER
245,work,21.0,52.5,noVIPV,SUMMER
245,public,57.0,142.5,noVIPV,SUMMER
246,home,63.0,157.5,noVIPV,SUMMER
246,work,16.0,40.0,noVIPV,SUMMER
246,public,127.0,317.5,noVIPV,SUMMER
247,home,57.0,142.5,noVIPV,SUMMER
247,work,21.0,52.5,noVIPV,SUMMER
247,public,50.0,125.0,noVIPV,SUMMER
248,home,60.0,150.0,noVIPV,SUMMER
248,work,34.0,85.0,noVIPV,SUMMER
248,public,110.0,275.0,noVIPV,SUMMER
249,home,24.0,60.0,noVIPV,SUMMER
249,work,13.0,32.5,noVIPV,SUMMER
249,public,27.0,67.5,noVIPV,SUMMER
250,home,25.0,62.5,noVIPV,SUMMER
250,work,4.0,10.0,noVIPV,SUMMER
250,public,18.0,45.0,noVIPV,SUMMER
251,home,16.0,40.0,noVIPV,SUMMER
251,work,1.0,2.5,noVIPV,SUMMER
251,public,0.0,0.0,noVIPV,SUMMER
252,home,0.0,0.0,noVIPV,SUMMER
252,work,1.0,2.5,noVIPV,SUMMER
252,public,9.0,22.5,noVIPV,SUMMER
253,home,10.0,25.0,noVIPV,SUMMER
253,work,1.0,2.5,noVIPV,SUMMER
253,public,14.0,35.0,noVIPV,SUMMER
254,home,37.0,92.5,noVIPV,SUMMER
254,work,0.0,0.0,noVIPV,SUMMER
254,public,21.0,52.5,noVIPV,SUMMER
255,home,11.0,27.5,noVIPV,SUMMER
255,work,2.0,5.0,noVIPV,SUMMER
255,public,1.0,2.5,noVIPV,SUMMER
256,home,9.0,22.5,noVIPV,SUMMER
256,work,0.0,0.0,noVIPV,SUMMER
256,public,0.0,0.0,noVIPV,SUMMER
257,home,4.0,10.0,noVIPV,SUMMER
257,work,0.0,0.0,noVIPV,SUMMER
257,public,4.0,10.0,noVIPV,SUMMER
258,home,24.0,60.0,noVIPV,SUMMER
258,work,0.0,0.0,noVIPV,SUMMER
258,public,3.0,7.5,noVIPV,SUMMER
259,home,2.0,5.0,noVIPV,SUMMER
259,work,0.0,0.0,noVIPV,SUMMER
259,public,1.0,2.5,noVIPV,SUMMER
260,home,0.0,0.0,noVIPV,SUMMER
260,work,6.0,15.0,noVIPV,SUMMER
260,public,4.0,10.0,noVIPV,SUMMER
261,home,0.0,0.0,noVIPV,SUMMER
261,work,23.0,57.5,noVIPV,SUMMER
261,public,0.0,0.0,noVIPV,SUMMER
262,home,0.0,0.0,noVIPV,SUMMER
262,work,0.0,0.0,noVIPV,SUMMER
262,public,0.0,0.0,noVIPV,SUMMER
263,home,0.0,0.0,noVIPV,SUMMER
263,work,0.0,0.0,noVIPV,SUMMER
263,public,0.0,0.0,noVIPV,SUMMER
264,home,0.0,0.0,noVIPV,SUMMER
264,work,0.0,0.0,noVIPV,SUMMER
264,public,0.0,0.0,noVIPV,SUMMER
265,home,0.0,0.0,noVIPV,SUMMER
265,work,2.0,5.0,noVIPV,SUMMER
265,public,0.0,0.0,noVIPV,SUMMER
266,home,32.0,80.0,noVIPV,SUMMER
266,work,0.0,0.0,noVIPV,SUMMER
266,public,9.0,22.5,noVIPV,SUMMER
267,home,47.0,117.5,noVIPV,SUMMER
267,work,6.0,15.0,noVIPV,SUMMER
267,public,52.0,130.0,noVIPV,SUMMER
268,home,70.0,175.0,noVIPV,SUMMER
268,work,2.0,5.0,noVIPV,SUMMER
268,public,30.0,75.0,noVIPV,SUMMER
269,home,9.0,22.5,noVIPV,SUMMER
269,work,19.0,47.5,noVIPV,SUMMER
269,public,11.0,27.5,noVIPV,SUMMER
270,home,19.0,47.5,noVIPV,SUMMER
270,work,18.0,45.0,noVIPV,SUMMER
270,public,4.0,10.0,noVIPV,SUMMER
271,home,5.0,12.5,noVIPV,SUMMER
271,work,63.0,157.5,noVIPV,SUMMER
271,public,167.0,417.5,noVIPV,SUMMER
272,home,33.0,82.5,noVIPV,SUMMER
272,work,36.0,90.0,noVIPV,SUMMER
272,public,89.0,222.5,noVIPV,SUMMER
273,home,12.0,30.0,noVIPV,SUMMER
273,work,22.0,55.0,noVIPV,SUMMER
273,public,34.0,85.0,noVIPV,SUMMER
274,home,36.0,90.0,noVIPV,SUMMER
274,work,2.0,5.0,noVIPV,SUMMER
274,public,35.0,87.5,noVIPV,SUMMER
275,home,27.0,67.5,noVIPV,SUMMER
275,work,3.0,7.5,noVIPV,SUMMER
275,public,19.0,47.5,noVIPV,SUMMER
276,home,0.0,0.0,noVIPV,SUMMER
276,work,0.0,0.0,noVIPV,SUMMER
276,public,5.0,12.5,noVIPV,SUMMER
277,home,11.0,27.5,noVIPV,SUMMER
277,work,2.0,5.0,noVIPV,SUMMER
277,public,3.0,7.5,noVIPV,SUMMER
278,home,41.0,102.5,noVIPV,SUMMER
278,work,1.0,2.5,noVIPV,SUMMER
278,public,11.0,27.5,noVIPV,SUMMER
279,home,20.0,50.0,noVIPV,SUMMER
279,work,0.0,0.0,noVIPV,SUMMER
279,public,10.0,25.0,noVIPV,SUMMER
280,home,19.0,47.5,noVIPV,SUMMER
280,work,2.0,5.0,noVIPV,SUMMER
280,public,16.0,40.0,noVIPV,SUMMER
281,home,0.0,0.0,noVIPV,SUMMER
281,work,4.0,10.0,noVIPV,SUMMER
281,public,9.0,22.5,noVIPV,SUMMER
282,home,0.0,0.0,noVIPV,SUMMER
282,work,3.0,7.5,noVIPV,SUMMER
282,public,0.0,0.0,noVIPV,SUMMER
283,home,0.0,0.0,noVIPV,SUMMER
283,work,9.0,22.5,noVIPV,SUMMER
283,public,1.0,2.5,noVIPV,SUMMER
284,home,0.0,0.0,noVIPV,SUMMER
284,work,3.0,7.5,noVIPV,SUMMER
284,public,0.0,0.0,noVIPV,SUMMER
285,home,0.0,0.0,noVIPV,SUMMER
285,work,0.0,0.0,noVIPV,SUMMER
285,public,0.0,0.0,noVIPV,SUMMER
286,home,12.0,30.0,noVIPV,SUMMER
286,work,5.0,12.5,noVIPV,SUMMER
286,public,15.0,37.5,noVIPV,SUMMER
287,home,31.0,77.5,noVIPV,SUMMER
287,work,1.0,2.5,noVIPV,SUMMER
287,public,34.0,85.0,noVIPV,SUMMER
288,home,28.0,70.0,noVIPV,SUMMER
288,work,2.0,5.0,noVIPV,SUMMER
288,public,33.0,82.5,noVIPV,SUMMER
289,home,38.0,95.0,noVIPV,SUMMER
289,work,8.0,20.0,noVIPV,SUMMER
289,public,23.0,57.5,noVIPV,SUMMER
290,home,2.0,5.0,noVIPV,SUMMER
290,work,25.0,62.5,noVIPV,SUMMER
290,public,9.0,22.5,noVIPV,SUMMER
291,home,1.0,2.5,noVIPV,SUMMER
291,work,8.0,20.0,noVIPV,SUMMER
291,public,61.0,152.5,noVIPV,SUMMER
292,home,4.0,10.0,noVIPV,SUMMER
292,work,53.0,132.5,noVIPV,SUMMER
292,public,53.0,132.5,noVIPV,SUMMER
293,home,22.0,55.0,noVIPV,SUMMER
293,work,19.0,47.5,noVIPV,SUMMER
293,public,39.0,97.5,noVIPV,SUMMER
294,home,61.0,152.5,noVIPV,SUMMER
294,work,16.0,40.0,noVIPV,SUMMER
294,public,56.0,140.0,noVIPV,SUMMER
295,home,46.0,115.0,noVIPV,SUMMER
295,work,6.0,15.0,noVIPV,SUMMER
295,public,17.0,42.5,noVIPV,SUMMER
296,home,42.0,105.0,noVIPV,SUMMER
296,work,4.0,10.0,noVIPV,SUMMER
296,public,17.0,42.5,noVIPV,SUMMER
297,home,37.0,92.5,noVIPV,SUMMER
297,work,1.0,2.5,noVIPV,SUMMER
297,public,20.0,50.0,noVIPV,SUMMER
298,home,29.0,72.5,noVIPV,SUMMER
298,work,0.0,0.0,noVIPV,SUMMER
298,public,8.0,20.0,noVIPV,SUMMER
299,home,11.0,27.5,noVIPV,SUMMER
299,work,0.0,0.0,noVIPV,SUMMER
299,public,32.0,80.0,noVIPV,SUMMER
300,home,4.0,10.0,noVIPV,SUMMER
300,work,0.0,0.0,noVIPV,SUMMER
300,public,18.0,45.0,noVIPV,SUMMER
301,home,5.0,12.5,noVIPV,SUMMER
301,work,0.0,0.0,noVIPV,SUMMER
301,public,0.0,0.0,noVIPV,SUMMER
302,home,0.0,0.0,noVIPV,SUMMER
302,work,0.0,0.0,noVIPV,SUMMER
302,public,2.0,5.0,noVIPV,SUMMER
303,home,13.0,32.5,noVIPV,SUMMER
303,work,0.0,0.0,noVIPV,SUMMER
303,public,3.0,7.5,noVIPV,SUMMER
304,home,2.0,5.0,noVIPV,SUMMER
304,work,0.0,0.0,noVIPV,SUMMER
304,public,2.0,5.0,noVIPV,SUMMER
305,home,45.0,112.5,noVIPV,SUMMER
305,work,1.0,2.5,noVIPV,SUMMER
305,public,3.0,7.5,noVIPV,SUMMER
306,home,31.0,77.5,noVIPV,SUMMER
306,work,8.0,20.0,noVIPV,SUMMER
306,public,5.0,12.5,noVIPV,SUMMER
307,home,0.0,0.0,noVIPV,SUMMER
307,work,7.0,17.5,noVIPV,SUMMER
307,public,5.0,12.5,noVIPV,SUMMER
308,home,0.0,0.0,noVIPV,SUMMER
308,work,0.0,0.0,noVIPV,SUMMER
308,public,2.0,5.0,noVIPV,SUMMER
309,home,0.0,0.0,noVIPV,SUMMER
309,work,0.0,0.0,noVIPV,SUMMER
309,public,1.0,2.5,noVIPV,SUMMER
310,home,0.0,0.0,noVIPV,SUMMER
310,work,4.0,10.0,noVIPV,SUMMER
310,public,0.0,0.0,noVIPV,SUMMER
311,home,0.0,0.0,noVIPV,SUMMER
311,work,0.0,0.0,noVIPV,SUMMER
311,public,0.0,0.0,noVIPV,SUMMER
312,home,58.0,145.0,noVIPV,SUMMER
312,work,2.0,5.0,noVIPV,SUMMER
312,public,32.0,80.0,noVIPV,SUMMER
313,home,22.0,55.0,noVIPV,SUMMER
313,work,4.0,10.0,noVIPV,SUMMER
313,public,20.0,50.0,noVIPV,SUMMER
314,home,24.0,60.0,noVIPV,SUMMER
314,work,12.0,30.0,noVIPV,SUMMER
314,public,15.0,37.5,noVIPV,SUMMER
315,home,14.0,35.0,noVIPV,SUMMER
315,work,7.0,17.5,noVIPV,SUMMER
315,public,58.0,145.0,noVIPV,SUMMER
316,home,36.0,90.0,noVIPV,SUMMER
316,work,9.0,22.5,noVIPV,SUMMER
316,public,28.0,70.0,noVIPV,SUMMER
317,home,0.0,0.0,noVIPV,SUMMER
317,work,6.0,15.0,noVIPV,SUMMER
317,public,1.0,2.5,noVIPV,SUMMER
318,home,5.0,12.5,noVIPV,SUMMER
318,work,20.0,50.0,noVIPV,SUMMER
318,public,5.0,12.5,noVIPV,SUMMER
319,home,4.0,10.0,noVIPV,SUMMER
319,work,11.0,27.5,noVIPV,SUMMER
319,public,14.0,35.0,noVIPV,SUMMER
320,home,35.0,87.5,noVIPV,SUMMER
320,work,3.0,7.5,noVIPV,SUMMER
320,public,32.0,80.0,noVIPV,SUMMER
321,home,38.0,95.0,noVIPV,SUMMER
321,work,9.0,22.5,noVIPV,SUMMER
321,public,64.0,160.0,noVIPV,SUMMER
322,home,47.0,117.5,noVIPV,SUMMER
322,work,2.0,5.0,noVIPV,SUMMER
322,public,33.0,82.5,noVIPV,SUMMER
323,home,28.0,70.0,noVIPV,SUMMER
323,work,16.0,40.0,noVIPV,SUMMER
323,public,12.0,30.0,noVIPV,SUMMER
324,home,72.0,180.0,noVIPV,SUMMER
324,work,3.0,7.5,noVIPV,SUMMER
324,public,33.0,82.5,noVIPV,SUMMER
325,home,55.0,137.5,noVIPV,SUMMER
325,work,0.0,0.0,noVIPV,SUMMER
325,public,2.0,5.0,noVIPV,SUMMER
326,home,13.0,32.5,noVIPV,SUMMER
326,work,0.0,0.0,noVIPV,SUMMER
326,public,0.0,0.0,noVIPV,SUMMER
327,home,2.0,5.0,noVIPV,SUMMER
327,work,0.0,0.0,noVIPV,SUMMER
327,public,6.0,15.0,noVIPV,SUMMER
328,home,14.0,35.0,noVIPV,SUMMER
328,work,1.0,2.5,noVIPV,SUMMER
328,public,8.0,20.0,noVIPV,SUMMER
329,home,2.0,5.0,noVIPV,SUMMER
329,work,0.0,0.0,noVIPV,SUMMER
329,public,1.0,2.5,noVIPV,SUMMER
330,home,19.0,47.5,noVIPV,SUMMER
330,work,0.0,0.0,noVIPV,SUMMER
330,public,0.0,0.0,noVIPV,SUMMER
331,home,18.0,45.0,noVIPV,SUMMER
331,work,5.0,12.5,noVIPV,SUMMER
331,public,15.0,37.5,noVIPV,SUMMER
332,home,8.0,20.0,noVIPV,SUMMER
332,work,0.0,0.0,noVIPV,SUMMER
332,public,0.0,0.0,noVIPV,SUMMER
333,home,0.0,0.0,noVIPV,SUMMER
333,work,0.0,0.0,noVIPV,SUMMER
333,public,0.0,0.0,noVIPV,SUMMER
334,home,0.0,0.0,noVIPV,SUMMER
334,work,2.0,5.0,noVIPV,SUMMER
334,public,0.0,0.0,noVIPV,SUMMER
335,home,0.0,0.0,noVIPV,SUMMER
335,work,2.0,5.0,noVIPV,SUMMER
335,public,3.0,7.5,noVIPV,SUMMER
336,home,0.0,0.0,noVIPV,SUMMER
336,work,6.0,15.0,noVIPV,SUMMER
336,public,5.0,12.5,noVIPV,SUMMER
337,home,61.0,152.5,noVIPV,SUMMER
337,work,7.0,17.5,noVIPV,SUMMER
337,public,12.0,30.0,noVIPV,SUMMER
338,home,35.0,87.5,noVIPV,SUMMER
338,work,0.0,0.0,noVIPV,SUMMER
338,public,18.0,45.0,noVIPV,SUMMER
339,home,36.0,90.0,noVIPV,SUMMER
339,work,0.0,0.0,noVIPV,SUMMER
339,public,3.0,7.5,noVIPV,SUMMER
340,home,38.0,95.0,noVIPV,SUMMER
340,work,4.0,10.0,noVIPV,SUMMER
340,public,31.0,77.5,noVIPV,SUMMER
341,home,0.0,0.0,noVIPV,SUMMER
341,work,9.0,22.5,noVIPV,SUMMER
341,public,13.0,32.5,noVIPV,SUMMER
342,home,0.0,0.0,noVIPV,SUMMER
342,work,5.0,12.5,noVIPV,SUMMER
342,public,13.0,32.5,noVIPV,SUMMER
343,home,0.0,0.0,noVIPV,SUMMER
343,work,1.0,2.5,noVIPV,SUMMER
343,public,1.0,2.5,noVIPV,SUMMER
344,home,0.0,0.0,noVIPV,SUMMER
344,work,17.0,42.5,noVIPV,SUMMER
344,public,0.0,0.0,noVIPV,SUMMER
345,home,17.0,42.5,noVIPV,SUMMER
345,work,19.0,47.5,noVIPV,SUMMER
345,public,11.0,27.5,noVIPV,SUMMER
346,home,7.0,17.5,noVIPV,SUMMER
346,work,2.0,5.0,noVIPV,SUMMER
346,public,7.0,17.5,noVIPV,SUMMER
347,home,15.0,37.5,noVIPV,SUMMER
347,work,11.0,27.5,noVIPV,SUMMER
347,public,33.0,82.5,noVIPV,SUMMER
348,home,48.0,120.0,noVIPV,SUMMER
348,work,2.0,5.0,noVIPV,SUMMER
348,public,13.0,32.5,noVIPV,SUMMER
349,home,44.0,110.0,noVIPV,SUMMER
349,work,0.0,0.0,noVIPV,SUMMER
349,public,37.0,92.5,noVIPV,SUMMER
350,home,34.0,85.0,noVIPV,SUMMER
350,work,0.0,0.0,noVIPV,SUMMER
350,public,10.0,25.0,noVIPV,SUMMER
351,home,20.0,50.0,noVIPV,SUMMER
351,work,0.0,0.0,noVIPV,SUMMER
351,public,11.0,27.5,noVIPV,SUMMER
352,home,20.0,50.0,noVIPV,SUMMER
352,work,0.0,0.0,noVIPV,SUMMER
352,public,45.0,112.5,noVIPV,SUMMER
353,home,39.0,97.5,noVIPV,SUMMER
353,work,1.0,2.5,noVIPV,SUMMER
353,public,13.0,32.5,noVIPV,SUMMER
354,home,19.0,47.5,noVIPV,SUMMER
354,work,0.0,0.0,noVIPV,SUMMER
354,public,2.0,5.0,noVIPV,SUMMER
355,home,35.0,87.5,noVIPV,SUMMER
355,work,0.0,0.0,noVIPV,SUMMER
355,public,19.0,47.5,noVIPV,SUMMER
356,home,38.0,95.0,noVIPV,SUMMER
356,work,2.0,5.0,noVIPV,SUMMER
356,public,9.0,22.5,noVIPV,SUMMER
357,home,4.0,10.0,noVIPV,SUMMER
357,work,0.0,0.0,noVIPV,SUMMER
357,public,7.0,17.5,noVIPV,SUMMER
358,home,3.0,7.5,noVIPV,SUMMER
358,work,0.0,0.0,noVIPV,SUMMER
358,public,2.0,5.0,noVIPV,SUMMER
359,home,0.0,0.0,noVIPV,SUMMER
359,work,0.0,0.0,noVIPV,SUMMER
359,public,0.0,0.0,noVIPV,SUMMER
360,home,0.0,0.0,noVIPV,SUMMER
360,work,14.0,35.0,noVIPV,SUMMER
360,public,3.0,7.5,noVIPV,SUMMER
361,home,0.0,0.0,noVIPV,SUMMER
361,work,93.0,232.5,noVIPV,SUMMER
361,public,12.0,30.0,noVIPV,SUMMER
362,home,74.0,185.0,noVIPV,SUMMER
362,work,0.0,0.0,noVIPV,SUMMER
362,public,43.0,107.5,noVIPV,SUMMER
363,home,27.0,67.5,noVIPV,SUMMER
363,work,1.0,2.5,noVIPV,SUMMER
363,public,5.0,12.5,noVIPV,SUMMER
364,home,37.0,92.5,noVIPV,SUMMER
364,work,2.0,5.0,noVIPV,SUMMER
364,public,13.0,32.5,noVIPV,SUMMER
365,home,24.0,60.0,noVIPV,SUMMER
365,work,3.0,7.5,noVIPV,SUMMER
365,public,36.0,90.0,noVIPV,SUMMER
366,home,11.0,27.5,noVIPV,SUMMER
366,work,16.0,40.0,noVIPV,SUMMER
366,public,4.0,10.0,noVIPV,SUMMER
367,home,18.0,45.0,noVIPV,SUMMER
367,work,0.0,0.0,noVIPV,SUMMER
367,public,29.0,72.5,noVIPV,SUMMER
368,home,23.0,57.5,noVIPV,SUMMER
368,work,0.0,0.0,noVIPV,SUMMER
368,public,0.0,0.0,noVIPV,SUMMER
369,home,0.0,0.0,noVIPV,SUMMER
369,work,3.0,7.5,noVIPV,SUMMER
369,public,10.0,25.0,noVIPV,SUMMER
370,home,21.0,52.5,noVIPV,SUMMER
370,work,3.0,7.5,noVIPV,SUMMER
370,public,25.0,62.5,noVIPV,SUMMER
371,home,11.0,27.5,noVIPV,SUMMER
371,work,8.0,20.0,noVIPV,SUMMER
371,public,20.0,50.0,noVIPV,SUMMER
372,home,2.0,5.0,noVIPV,SUMMER
372,work,2.0,5.0,noVIPV,SUMMER
372,public,2.0,5.0,noVIPV,SUMMER
373,home,21.0,52.5,noVIPV,SUMMER
373,work,4.0,10.0,noVIPV,SUMMER
373,public,6.0,15.0,noVIPV,SUMMER
374,home,10.0,25.0,noVIPV,SUMMER
374,work,6.0,15.0,noVIPV,SUMMER
374,public,12.0,30.0,noVIPV,SUMMER
375,home,13.0,32.5,noVIPV,SUMMER
375,work,2.0,5.0,noVIPV,SUMMER
375,public,17.0,42.5,noVIPV,SUMMER
376,home,3.0,7.5,noVIPV,SUMMER
376,work,0.0,0.0,noVIPV,SUMMER
376,public,5.0,12.5,noVIPV,SUMMER
377,home,58.0,145.0,noVIPV,SUMMER
377,work,3.0,7.5,noVIPV,SUMMER
377,public,24.0,60.0,noVIPV,SUMMER
378,home,53.0,132.5,noVIPV,SUMMER
378,work,0.0,0.0,noVIPV,SUMMER
378,public,20.0,50.0,noVIPV,SUMMER
379,home,3.0,7.5,noVIPV,SUMMER
379,work,0.0,0.0,noVIPV,SUMMER
379,public,12.0,30.0,noVIPV,SUMMER
380,home,13.0,32.5,noVIPV,SUMMER
380,work,4.0,10.0,noVIPV,SUMMER
380,public,8.0,20.0,noVIPV,SUMMER
381,home,25.0,62.5,noVIPV,SUMMER
381,work,3.0,7.5,noVIPV,SUMMER
381,public,21.0,52.5,noVIPV,SUMMER
382,home,36.0,90.0,noVIPV,SUMMER
382,work,1.0,2.5,noVIPV,SUMMER
382,public,7.0,17.5,noVIPV,SUMMER
383,home,21.0,52.5,noVIPV,SUMMER
383,work,0.0,0.0,noVIPV,SUMMER
383,public,0.0,0.0,noVIPV,SUMMER
384,home,0.0,0.0,noVIPV,SUMMER
384,work,0.0,0.0,noVIPV,SUMMER
384,public,1.0,2.5,noVIPV,SUMMER
385,home,4.0,10.0,noVIPV,SUMMER
385,work,3.0,7.5,noVIPV,SUMMER
385,public,0.0,0.0,noVIPV,SUMMER
386,home,0.0,0.0,noVIPV,SUMMER
386,work,30.0,75.0,noVIPV,SUMMER
386,public,15.0,37.5,noVIPV,SUMMER
387,home,0.0,0.0,noVIPV,SUMMER
387,work,11.0,27.5,noVIPV,SUMMER
387,public,0.0,0.0,noVIPV,SUMMER
388,home,42.0,105.0,noVIPV,SUMMER
388,work,3.0,7.5,noVIPV,SUMMER
388,public,33.0,82.5,noVIPV,SUMMER
389,home,26.0,65.0,noVIPV,SUMMER
389,work,0.0,0.0,noVIPV,SUMMER
389,public,8.0,20.0,noVIPV,SUMMER
390,home,0.0,0.0,noVIPV,SUMMER
390,work,0.0,0.0,noVIPV,SUMMER
390,public,1.0,2.5,noVIPV,SUMMER
391,home,4.0,10.0,noVIPV,SUMMER
391,work,7.0,17.5,noVIPV,SUMMER
391,public,0.0,0.0,noVIPV,SUMMER
392,home,16.0,40.0,noVIPV,SUMMER
392,work,3.0,7.5,noVIPV,SUMMER
392,public,10.0,25.0,noVIPV,SUMMER
393,home,28.0,70.0,noVIPV,SUMMER
393,work,0.0,0.0,noVIPV,SUMMER
393,public,0.0,0.0,noVIPV,SUMMER
394,home,27.0,67.5,noVIPV,SUMMER
394,work,2.0,5.0,noVIPV,SUMMER
394,public,19.0,47.5,noVIPV,SUMMER
395,home,0.0,0.0,noVIPV,SUMMER
395,work,20.0,50.0,noVIPV,SUMMER
395,public,1.0,2.5,noVIPV,SUMMER
396,home,0.0,0.0,noVIPV,SUMMER
396,work,0.0,0.0,noVIPV,SUMMER
396,public,0.0,0.0,noVIPV,SUMMER
397,home,13.0,32.5,noVIPV,SUMMER
397,work,2.0,5.0,noVIPV,SUMMER
397,public,15.0,37.5,noVIPV,SUMMER
398,home,8.0,20.0,noVIPV,SUMMER
398,work,1.0,2.5,noVIPV,SUMMER
398,public,5.0,12.5,noVIPV,SUMMER
399,home,64.0,160.0,noVIPV,SUMMER
399,work,4.0,10.0,noVIPV,SUMMER
399,public,18.0,45.0,noVIPV,SUMMER
400,home,23.0,57.5,noVIPV,SUMMER
400,work,2.0,5.0,noVIPV,SUMMER
400,public,4.0,10.0,noVIPV,SUMMER
401,home,36.0,90.0,noVIPV,SUMMER
401,work,2.0,5.0,noVIPV,SUMMER
401,public,17.0,42.5,noVIPV,SUMMER
402,home,11.0,27.5,noVIPV,SUMMER
402,work,2.0,5.0,noVIPV,SUMMER
402,public,17.0,42.5,noVIPV,SUMMER
403,home,48.0,120.0,noVIPV,SUMMER
403,work,15.0,37.5,noVIPV,SUMMER
403,public,11.0,27.5,noVIPV,SUMMER
404,home,7.0,17.5,noVIPV,SUMMER
404,work,3.0,7.5,noVIPV,SUMMER
404,public,5.0,12.5,noVIPV,SUMMER
405,home,14.0,35.0,noVIPV,SUMMER
405,work,0.0,0.0,noVIPV,SUMMER
405,public,7.0,17.5,noVIPV,SUMMER
406,home,9.0,22.5,noVIPV,SUMMER
406,work,0.0,0.0,noVIPV,SUMMER
406,public,4.0,10.0,noVIPV,SUMMER
407,home,0.0,0.0,noVIPV,SUMMER
407,work,0.0,0.0,noVIPV,SUMMER
407,public,1.0,2.5,noVIPV,SUMMER
408,home,26.0,65.0,noVIPV,SUMMER
408,work,1.0,2.5,noVIPV,SUMMER
408,public,11.0,27.5,noVIPV,SUMMER
409,home,22.0,55.0,noVIPV,SUMMER
409,work,0.0,0.0,noVIPV,SUMMER
409,public,8.0,20.0,noVIPV,SUMMER
410,home,1.0,2.5,noVIPV,SUMMER
410,work,0.0,0.0,noVIPV,SUMMER
410,public,0.0,0.0,noVIPV,SUMMER
411,home,8.0,20.0,noVIPV,SUMMER
411,work,0.0,0.0,noVIPV,SUMMER
411,public,4.0,10.0,noVIPV,SUMMER
412,home,10.0,25.0,noVIPV,SUMMER
412,work,0.0,0.0,noVIPV,SUMMER
412,public,3.0,7.5,noVIPV,SUMMER
413,home,0.0,0.0,noVIPV,SUMMER
413,work,0.0,0.0,noVIPV,SUMMER
413,public,1.0,2.5,noVIPV,SUMMER
414,home,8.0,20.0,noVIPV,SUMMER
414,work,0.0,0.0,noVIPV,SUMMER
414,public,7.0,17.5,noVIPV,SUMMER
415,home,16.0,40.0,noVIPV,SUMMER
415,work,0.0,0.0,noVIPV,SUMMER
415,public,9.0,22.5,noVIPV,SUMMER
416,home,25.0,62.5,noVIPV,SUMMER
416,work,0.0,0.0,noVIPV,SUMMER
416,public,4.0,10.0,noVIPV,SUMMER
417,home,12.0,30.0,noVIPV,SUMMER
417,work,0.0,0.0,noVIPV,SUMMER
417,public,6.0,15.0,noVIPV,SUMMER
418,home,0.0,0.0,noVIPV,SUMMER
418,work,0.0,0.0,noVIPV,SUMMER
418,public,5.0,12.5,noVIPV,SUMMER
419,home,31.0,77.5,noVIPV,SUMMER
419,work,3.0,7.5,noVIPV,SUMMER
419,public,30.0,75.0,noVIPV,SUMMER
420,home,55.0,137.5,noVIPV,SUMMER
420,work,4.0,10.0,noVIPV,SUMMER
420,public,16.0,40.0,noVIPV,SUMMER
421,home,18.0,45.0,noVIPV,SUMMER
421,work,19.0,47.5,noVIPV,SUMMER
421,public,14.0,35.0,noVIPV,SUMMER
422,home,1.0,2.5,noVIPV,SUMMER
422,work,2.0,5.0,noVIPV,SUMMER
422,public,1.0,2.5,noVIPV,SUMMER
423,home,20.0,50.0,noVIPV,SUMMER
423,work,0.0,0.0,noVIPV,SUMMER
423,public,17.0,42.5,noVIPV,SUMMER
424,home,27.0,67.5,noVIPV,SUMMER
424,work,0.0,0.0,noVIPV,SUMMER
424,public,21.0,52.5,noVIPV,SUMMER
425,home,20.0,50.0,noVIPV,SUMMER
425,work,0.0,0.0,noVIPV,SUMMER
425,public,5.0,12.5,noVIPV,SUMMER
426,home,6.0,15.0,noVIPV,SUMMER
426,work,1.0,2.5,noVIPV,SUMMER
426,public,12.0,30.0,noVIPV,SUMMER
427,home,8.0,20.0,noVIPV,SUMMER
427,work,1.0,2.5,noVIPV,SUMMER
427,public,0.0,0.0,noVIPV,SUMMER
428,home,8.0,20.0,noVIPV,SUMMER
428,work,0.0,0.0,noVIPV,SUMMER
428,public,4.0,10.0,noVIPV,SUMMER
429,home,12.0,30.0,noVIPV,SUMMER
429,work,1.0,2.5,noVIPV,SUMMER
429,public,0.0,0.0,noVIPV,SUMMER
430,home,10.0,25.0,noVIPV,SUMMER
430,work,0.0,0.0,noVIPV,SUMMER
430,public,15.0,37.5,noVIPV,SUMMER
431,home,0.0,0.0,noVIPV,SUMMER
431,work,0.0,0.0,noVIPV,SUMMER
431,public,2.0,5.0,noVIPV,SUMMER
432,home,14.0,35.0,noVIPV,SUMMER
432,work,0.0,0.0,noVIPV,SUMMER
432,public,8.0,20.0,noVIPV,SUMMER
433,home,0.0,0.0,noVIPV,SUMMER
433,work,0.0,0.0,noVIPV,SUMMER
433,public,0.0,0.0,noVIPV,SUMMER
434,home,2.0,5.0,noVIPV,SUMMER
434,work,1.0,2.5,noVIPV,SUMMER
434,public,6.0,15.0,noVIPV,SUMMER
435,home,3.0,7.5,noVIPV,SUMMER
435,work,0.0,0.0,noVIPV,SUMMER
435,public,0.0,0.0,noVIPV,SUMMER
436,home,11.0,27.5,noVIPV,SUMMER
436,work,2.0,5.0,noVIPV,SUMMER
436,public,2.0,5.0,noVIPV,SUMMER
437,home,4.0,10.0,noVIPV,SUMMER
437,work,0.0,0.0,noVIPV,SUMMER
437,public,1.0,2.5,noVIPV,SUMMER
438,home,3.0,7.5,noVIPV,SUMMER
438,work,1.0,2.5,noVIPV,SUMMER
438,public,1.0,2.5,noVIPV,SUMMER
439,home,0.0,0.0,noVIPV,SUMMER
439,work,0.0,0.0,noVIPV,SUMMER
439,public,0.0,0.0,noVIPV,SUMMER
440,home,7.0,17.5,noVIPV,SUMMER
440,work,0.0,0.0,noVIPV,SUMMER
440,public,10.0,25.0,noVIPV,SUMMER
441,home,46.0,115.0,noVIPV,SUMMER
441,work,2.0,5.0,noVIPV,SUMMER
441,public,16.0,40.0,noVIPV,SUMMER
442,home,10.0,25.0,noVIPV,SUMMER
442,work,1.0,2.5,noVIPV,SUMMER
442,public,4.0,10.0,noVIPV,SUMMER
443,home,23.0,57.5,noVIPV,SUMMER
443,work,0.0,0.0,noVIPV,SUMMER
443,public,9.0,22.5,noVIPV,SUMMER
444,home,33.0,82.5,noVIPV,SUMMER
444,work,1.0,2.5,noVIPV,SUMMER
444,public,11.0,27.5,noVIPV,SUMMER
445,home,67.0,167.5,noVIPV,SUMMER
445,work,12.0,30.0,noVIPV,SUMMER
445,public,50.0,125.0,noVIPV,SUMMER
446,home,0.0,0.0,noVIPV,SUMMER
446,work,14.0,35.0,noVIPV,SUMMER
446,public,0.0,0.0,noVIPV,SUMMER
447,home,0.0,0.0,noVIPV,SUMMER
447,work,3.0,7.5,noVIPV,SUMMER
447,public,1.0,2.5,noVIPV,SUMMER
448,home,31.0,77.5,noVIPV,SUMMER
448,work,4.0,10.0,noVIPV,SUMMER
448,public,16.0,40.0,noVIPV,SUMMER
449,home,30.0,75.0,noVIPV,SUMMER
449,work,0.0,0.0,noVIPV,SUMMER
449,public,16.0,40.0,noVIPV,SUMMER
450,home,51.0,127.5,noVIPV,SUMMER
450,work,1.0,2.5,noVIPV,SUMMER
450,public,31.0,77.5,noVIPV,SUMMER
451,home,28.0,70.0,noVIPV,SUMMER
451,work,1.0,2.5,noVIPV,SUMMER
451,public,9.0,22.5,noVIPV,SUMMER
452,home,7.0,17.5,noVIPV,SUMMER
452,work,0.0,0.0,noVIPV,SUMMER
452,public,1.0,2.5,noVIPV,SUMMER
453,home,1.0,2.5,noVIPV,SUMMER
453,work,0.0,0.0,noVIPV,SUMMER
453,public,0.0,0.0,noVIPV,SUMMER
454,home,19.0,47.5,noVIPV,SUMMER
454,work,0.0,0.0,noVIPV,SUMMER
454,public,1.0,2.5,noVIPV,SUMMER
455,home,1.0,2.5,noVIPV,SUMMER
455,work,0.0,0.0,noVIPV,SUMMER
455,public,0.0,0.0,noVIPV,SUMMER
456,home,4.0,10.0,noVIPV,SUMMER
456,work,0.0,0.0,noVIPV,SUMMER
456,public,3.0,7.5,noVIPV,SUMMER
457,home,0.0,0.0,noVIPV,SUMMER
457,work,0.0,0.0,noVIPV,SUMMER
457,public,2.0,5.0,noVIPV,SUMMER
458,home,0.0,0.0,noVIPV,SUMMER
458,work,26.0,65.0,noVIPV,SUMMER
458,public,5.0,12.5,noVIPV,SUMMER
459,home,0.0,0.0,noVIPV,SUMMER
459,work,0.0,0.0,noVIPV,SUMMER
459,public,0.0,0.0,noVIPV,SUMMER
460,home,35.0,87.5,noVIPV,SUMMER
460,work,0.0,0.0,noVIPV,SUMMER
460,public,21.0,52.5,noVIPV,SUMMER
461,home,31.0,77.5,noVIPV,SUMMER
461,work,1.0,2.5,noVIPV,SUMMER
461,public,9.0,22.5,noVIPV,SUMMER
462,home,20.0,50.0,noVIPV,SUMMER
462,work,5.0,12.5,noVIPV,SUMMER
462,public,11.0,27.5,noVIPV,SUMMER
463,home,46.0,115.0,noVIPV,SUMMER
463,work,1.0,2.5,noVIPV,SUMMER
463,public,10.0,25.0,noVIPV,SUMMER
464,home,18.0,45.0,noVIPV,SUMMER
464,work,0.0,0.0,noVIPV,SUMMER
464,public,3.0,7.5,noVIPV,SUMMER
465,home,4.0,10.0,noVIPV,SUMMER
465,work,0.0,0.0,noVIPV,SUMMER
465,public,1.0,2.5,noVIPV,SUMMER
466,home,0.0,0.0,noVIPV,SUMMER
466,work,0.0,0.0,noVIPV,SUMMER
466,public,2.0,5.0,noVIPV,SUMMER
467,home,3.0,7.5,noVIPV,SUMMER
467,work,0.0,0.0,noVIPV,SUMMER
467,public,0.0,0.0,noVIPV,SUMMER
468,home,52.0,130.0,noVIPV,SUMMER
468,work,1.0,2.5,noVIPV,SUMMER
468,public,41.0,102.5,noVIPV,SUMMER
469,home,42.0,105.0,noVIPV,SUMMER
469,work,10.0,25.0,noVIPV,SUMMER
469,public,14.0,35.0,noVIPV,SUMMER
470,home,45.0,112.5,noVIPV,SUMMER
470,work,3.0,7.5,noVIPV,SUMMER
470,public,50.0,125.0,noVIPV,SUMMER
471,home,2.0,5.0,noVIPV,SUMMER
471,work,4.0,10.0,noVIPV,SUMMER
471,public,0.0,0.0,noVIPV,SUMMER
472,home,4.0,10.0,noVIPV,SUMMER
472,work,0.0,0.0,noVIPV,SUMMER
472,public,0.0,0.0,noVIPV,SUMMER
473,home,0.0,0.0,noVIPV,SUMMER
473,work,0.0,0.0,noVIPV,SUMMER
473,public,5.0,12.5,noVIPV,SUMMER
474,home,10.0,25.0,noVIPV,SUMMER
474,work,1.0,2.5,noVIPV,SUMMER
474,public,1.0,2.5,noVIPV,SUMMER
475,home,9.0,22.5,noVIPV,SUMMER
475,work,0.0,0.0,noVIPV,SUMMER
475,public,10.0,25.0,noVIPV,SUMMER
476,home,17.0,42.5,noVIPV,SUMMER
476,work,0.0,0.0,noVIPV,SUMMER
476,public,1.0,2.5,noVIPV,SUMMER
477,home,3.0,7.5,noVIPV,SUMMER
477,work,0.0,0.0,noVIPV,SUMMER
477,public,0.0,0.0,noVIPV,SUMMER
478,home,2.0,5.0,noVIPV,SUMMER
478,work,0.0,0.0,noVIPV,SUMMER
478,public,0.0,0.0,noVIPV,SUMMER
479,home,11.0,27.5,noVIPV,SUMMER
479,work,1.0,2.5,noVIPV,SUMMER
479,public,3.0,7.5,noVIPV,SUMMER
480,home,7.0,17.5,noVIPV,SUMMER
480,work,2.0,5.0,noVIPV,SUMMER
480,public,9.0,22.5,noVIPV,SUMMER
481,home,6.0,15.0,noVIPV,SUMMER
481,work,1.0,2.5,noVIPV,SUMMER
481,public,0.0,0.0,noVIPV,SUMMER
482,home,8.0,20.0,noVIPV,SUMMER
482,work,1.0,2.5,noVIPV,SUMMER
482,public,3.0,7.5,noVIPV,SUMMER
483,home,0.0,0.0,noVIPV,SUMMER
483,work,10.0,25.0,noVIPV,SUMMER
483,public,2.0,5.0,noVIPV,SUMMER
484,home,28.0,70.0,noVIPV,SUMMER
484,work,0.0,0.0,noVIPV,SUMMER
484,public,12.0,30.0,noVIPV,SUMMER
485,home,19.0,47.5,noVIPV,SUMMER
485,work,0.0,0.0,noVIPV,SUMMER
485,public,2.0,5.0,noVIPV,SUMMER
486,home,23.0,57.5,noVIPV,SUMMER
486,work,0.0,0.0,noVIPV,SUMMER
486,public,20.0,50.0,noVIPV,SUMMER
487,home,2.0,5.0,noVIPV,SUMMER
487,work,0.0,0.0,noVIPV,SUMMER
487,public,0.0,0.0,noVIPV,SUMMER
488,home,0.0,0.0,noVIPV,SUMMER
488,work,0.0,0.0,noVIPV,SUMMER
488,public,0.0,0.0,noVIPV,SUMMER
489,home,0.0,0.0,noVIPV,SUMMER
489,work,0.0,0.0,noVIPV,SUMMER
489,public,0.0,0.0,noVIPV,SUMMER
490,home,3.0,7.5,noVIPV,SUMMER
490,work,3.0,7.5,noVIPV,SUMMER
490,public,0.0,0.0,noVIPV,SUMMER
491,home,3.0,7.5,noVIPV,SUMMER
491,work,0.0,0.0,noVIPV,SUMMER
491,public,0.0,0.0,noVIPV,SUMMER
492,home,9.0,22.5,noVIPV,SUMMER
492,work,0.0,0.0,noVIPV,SUMMER
492,public,3.0,7.5,noVIPV,SUMMER
493,home,3.0,7.5,noVIPV,SUMMER
493,work,1.0,2.5,noVIPV,SUMMER
493,public,2.0,5.0,noVIPV,SUMMER
494,home,0.0,0.0,noVIPV,SUMMER
494,work,0.0,0.0,noVIPV,SUMMER
494,public,0.0,0.0,noVIPV,SUMMER
495,home,0.0,0.0,noVIPV,SUMMER
495,work,0.0,0.0,noVIPV,SUMMER
495,public,0.0,0.0,noVIPV,SUMMER
496,home,0.0,0.0,noVIPV,SUMMER
496,work,0.0,0.0,noVIPV,SUMMER
496,public,0.0,0.0,noVIPV,SUMMER
497,home,0.0,0.0,noVIPV,SUMMER
497,work,4.0,10.0,noVIPV,SUMMER
497,public,0.0,0.0,noVIPV,SUMMER
498,home,0.0,0.0,noVIPV,SUMMER
498,work,5.0,12.5,noVIPV,SUMMER
498,public,9.0,22.5,noVIPV,SUMMER
499,home,31.0,77.5,noVIPV,SUMMER
499,work,2.0,5.0,noVIPV,SUMMER
499,public,27.0,67.5,noVIPV,SUMMER
500,home,35.0,87.5,noVIPV,SUMMER
500,work,3.0,7.5,noVIPV,SUMMER
500,public,30.0,75.0,noVIPV,SUMMER
501,home,10.0,25.0,noVIPV,SUMMER
501,work,3.0,7.5,noVIPV,SUMMER
501,public,9.0,22.5,noVIPV,SUMMER
502,home,0.0,0.0,noVIPV,SUMMER
502,work,0.0,0.0,noVIPV,SUMMER
502,public,1.0,2.5,noVIPV,SUMMER
503,home,0.0,0.0,noVIPV,SUMMER
503,work,0.0,0.0,noVIPV,SUMMER
503,public,0.0,0.0,noVIPV,SUMMER
504,home,1.0,2.5,noVIPV,SUMMER
504,work,0.0,0.0,noVIPV,SUMMER
504,public,0.0,0.0,noVIPV,SUMMER
505,home,8.0,20.0,noVIPV,SUMMER
505,work,0.0,0.0,noVIPV,SUMMER
505,public,9.0,22.5,noVIPV,SUMMER
506,home,4.0,10.0,noVIPV,SUMMER
506,work,1.0,2.5,noVIPV,SUMMER
506,public,7.0,17.5,noVIPV,SUMMER
507,home,0.0,0.0,noVIPV,SUMMER
507,work,0.0,0.0,noVIPV,SUMMER
507,public,2.0,5.0,noVIPV,SUMMER
508,home,0.0,0.0,noVIPV,SUMMER
508,work,1.0,2.5,noVIPV,SUMMER
508,public,0.0,0.0,noVIPV,SUMMER
509,home,2.0,5.0,noVIPV,SUMMER
509,work,0.0,0.0,noVIPV,SUMMER
509,public,4.0,10.0,noVIPV,SUMMER
510,home,0.0,0.0,noVIPV,SUMMER
510,work,0.0,0.0,noVIPV,SUMMER
510,public,0.0,0.0,noVIPV,SUMMER
511,home,5.0,12.5,noVIPV,SUMMER
511,work,0.0,0.0,noVIPV,SUMMER
511,public,0.0,0.0,noVIPV,SUMMER
512,home,0.0,0.0,noVIPV,SUMMER
512,work,3.0,7.5,noVIPV,SUMMER
512,public,6.0,15.0,noVIPV,SUMMER
513,home,0.0,0.0,noVIPV,SUMMER
513,work,0.0,0.0,noVIPV,SUMMER
513,public,1.0,2.5,noVIPV,SUMMER
514,home,26.0,65.0,noVIPV,SUMMER
514,work,2.0,5.0,noVIPV,SUMMER
514,public,0.0,0.0,noVIPV,SUMMER
515,home,60.0,150.0,noVIPV,SUMMER
515,work,6.0,15.0,noVIPV,SUMMER
515,public,18.0,45.0,noVIPV,SUMMER
516,home,4.0,10.0,noVIPV,SUMMER
516,work,0.0,0.0,noVIPV,SUMMER
516,public,5.0,12.5,noVIPV,SUMMER
517,home,8.0,20.0,noVIPV,SUMMER
517,work,0.0,0.0,noVIPV,SUMMER
517,public,0.0,0.0,noVIPV,SUMMER
518,home,1.0,2.5,noVIPV,SUMMER
518,work,2.0,5.0,noVIPV,SUMMER
518,public,1.0,2.5,noVIPV,SUMMER
519,home,4.0,10.0,noVIPV,SUMMER
519,work,0.0,0.0,noVIPV,SUMMER
519,public,2.0,5.0,noVIPV,SUMMER
520,home,1.0,2.5,noVIPV,SUMMER
520,work,0.0,0.0,noVIPV,SUMMER
520,public,0.0,0.0,noVIPV,SUMMER
521,home,9.0,22.5,noVIPV,SUMMER
521,work,0.0,0.0,noVIPV,SUMMER
521,public,0.0,0.0,noVIPV,SUMMER
522,home,9.0,22.5,noVIPV,SUMMER
522,work,0.0,0.0,noVIPV,SUMMER
522,public,6.0,15.0,noVIPV,SUMMER
523,home,6.0,15.0,noVIPV,SUMMER
523,work,0.0,0.0,noVIPV,SUMMER
523,public,0.0,0.0,noVIPV,SUMMER
524,home,1.0,2.5,noVIPV,SUMMER
524,work,3.0,7.5,noVIPV,SUMMER
524,public,0.0,0.0,noVIPV,SUMMER
525,home,1.0,2.5,noVIPV,SUMMER
525,work,0.0,0.0,noVIPV,SUMMER
525,public,0.0,0.0,noVIPV,SUMMER
526,home,0.0,0.0,noVIPV,SUMMER
526,work,0.0,0.0,noVIPV,SUMMER
526,public,0.0,0.0,noVIPV,SUMMER
527,home,1.0,2.5,noVIPV,SUMMER
527,work,0.0,0.0,noVIPV,SUMMER
527,public,0.0,0.0,noVIPV,SUMMER
528,home,0.0,0.0,noVIPV,SUMMER
528,work,0.0,0.0,noVIPV,SUMMER
528,public,3.0,7.5,noVIPV,SUMMER
529,home,1.0,2.5,noVIPV,SUMMER
529,work,0.0,0.0,noVIPV,SUMMER
529,public,0.0,0.0,noVIPV,SUMMER
530,home,7.0,17.5,noVIPV,SUMMER
530,work,1.0,2.5,noVIPV,SUMMER
530,public,3.0,7.5,noVIPV,SUMMER
531,home,0.0,0.0,noVIPV,SUMMER
531,work,2.0,5.0,noVIPV,SUMMER
531,public,0.0,0.0,noVIPV,SUMMER
532,home,1.0,2.5,noVIPV,SUMMER
532,work,0.0,0.0,noVIPV,SUMMER
532,public,0.0,0.0,noVIPV,SUMMER
533,home,12.0,30.0,noVIPV,SUMMER
533,work,0.0,0.0,noVIPV,SUMMER
533,public,4.0,10.0,noVIPV,SUMMER
534,home,16.0,40.0,noVIPV,SUMMER
534,work,0.0,0.0,noVIPV,SUMMER
534,public,1.0,2.5,noVIPV,SUMMER
535,home,0.0,0.0,noVIPV,SUMMER
535,work,0.0,0.0,noVIPV,SUMMER
535,public,1.0,2.5,noVIPV,SUMMER
536,home,5.0,12.5,noVIPV,SUMMER
536,work,0.0,0.0,noVIPV,SUMMER
536,public,4.0,10.0,noVIPV,SUMMER
537,home,10.0,25.0,noVIPV,SUMMER
537,work,2.0,5.0,noVIPV,SUMMER
537,public,3.0,7.5,noVIPV,SUMMER
538,home,12.0,30.0,noVIPV,SUMMER
538,work,0.0,0.0,noVIPV,SUMMER
538,public,0.0,0.0,noVIPV,SUMMER
539,home,20.0,50.0,noVIPV,SUMMER
539,work,1.0,2.5,noVIPV,SUMMER
539,public,3.0,7.5,noVIPV,SUMMER
540,home,18.0,45.0,noVIPV,SUMMER
540,work,0.0,0.0,noVIPV,SUMMER
540,public,4.0,10.0,noVIPV,SUMMER
541,home,1.0,2.5,noVIPV,SUMMER
541,work,0.0,0.0,noVIPV,SUMMER
541,public,3.0,7.5,noVIPV,SUMMER
542,home,0.0,0.0,noVIPV,SUMMER
542,work,2.0,5.0,noVIPV,SUMMER
542,public,2.0,5.0,noVIPV,SUMMER
543,home,2.0,5.0,noVIPV,SUMMER
543,work,0.0,0.0,noVIPV,SUMMER
543,public,1.0,2.5,noVIPV,SUMMER
544,home,1.0,2.5,noVIPV,SUMMER
544,work,0.0,0.0,noVIPV,SUMMER
544,public,0.0,0.0,noVIPV,SUMMER
545,home,0.0,0.0,noVIPV,SUMMER
545,work,0.0,0.0,noVIPV,SUMMER
545,public,1.0,2.5,noVIPV,SUMMER
546,home,0.0,0.0,noVIPV,SUMMER
546,work,0.0,0.0,noVIPV,SUMMER
546,public,1.0,2.5,noVIPV,SUMMER
547,home,0.0,0.0,noVIPV,SUMMER
547,work,0.0,0.0,noVIPV,SUMMER
547,public,0.0,0.0,noVIPV,SUMMER
548,home,22.0,55.0,noVIPV,SUMMER
548,work,0.0,0.0,noVIPV,SUMMER
548,public,19.0,47.5,noVIPV,SUMMER
549,home,72.0,180.0,noVIPV,SUMMER
549,work,6.0,15.0,noVIPV,SUMMER
549,public,33.0,82.5,noVIPV,SUMMER
550,home,2.0,5.0,noVIPV,SUMMER
550,work,1.0,2.5,noVIPV,SUMMER
550,public,4.0,10.0,noVIPV,SUMMER
551,home,2.0,5.0,noVIPV,SUMMER
551,work,0.0,0.0,noVIPV,SUMMER
551,public,0.0,0.0,noVIPV,SUMMER
552,home,0.0,0.0,noVIPV,SUMMER
552,work,2.0,5.0,noVIPV,SUMMER
552,public,6.0,15.0,noVIPV,SUMMER
553,home,10.0,25.0,noVIPV,SUMMER
553,work,5.0,12.5,noVIPV,SUMMER
553,public,4.0,10.0,noVIPV,SUMMER
554,home,0.0,0.0,noVIPV,SUMMER
554,work,0.0,0.0,noVIPV,SUMMER
554,public,0.0,0.0,noVIPV,SUMMER
555,home,2.0,5.0,noVIPV,SUMMER
555,work,0.0,0.0,noVIPV,SUMMER
555,public,2.0,5.0,noVIPV,SUMMER
556,home,3.0,7.5,noVIPV,SUMMER
556,work,0.0,0.0,noVIPV,SUMMER
556,public,1.0,2.5,noVIPV,SUMMER
557,home,12.0,30.0,noVIPV,SUMMER
557,work,0.0,0.0,noVIPV,SUMMER
557,public,7.0,17.5,noVIPV,SUMMER
558,home,27.0,67.5,noVIPV,SUMMER
558,work,1.0,2.5,noVIPV,SUMMER
558,public,2.0,5.0,noVIPV,SUMMER
559,home,0.0,0.0,noVIPV,SUMMER
559,work,0.0,0.0,noVIPV,SUMMER
559,public,0.0,0.0,noVIPV,SUMMER
560,home,0.0,0.0,noVIPV,SUMMER
560,work,0.0,0.0,noVIPV,SUMMER
560,public,2.0,5.0,noVIPV,SUMMER
561,home,0.0,0.0,noVIPV,SUMMER
561,work,0.0,0.0,noVIPV,SUMMER
561,public,0.0,0.0,noVIPV,SUMMER
562,home,3.0,7.5,noVIPV,SUMMER
562,work,0.0,0.0,noVIPV,SUMMER
562,public,0.0,0.0,noVIPV,SUMMER
563,home,39.0,97.5,noVIPV,SUMMER
563,work,2.0,5.0,noVIPV,SUMMER
563,public,1.0,2.5,noVIPV,SUMMER
564,home,3.0,7.5,noVIPV,SUMMER
564,work,0.0,0.0,noVIPV,SUMMER
564,public,0.0,0.0,noVIPV,SUMMER
565,home,5.0,12.5,noVIPV,SUMMER
565,work,0.0,0.0,noVIPV,SUMMER
565,public,2.0,5.0,noVIPV,SUMMER
566,home,21.0,52.5,noVIPV,SUMMER
566,work,5.0,12.5,noVIPV,SUMMER
566,public,15.0,37.5,noVIPV,SUMMER
567,home,15.0,37.5,noVIPV,SUMMER
567,work,0.0,0.0,noVIPV,SUMMER
567,public,14.0,35.0,noVIPV,SUMMER
568,home,21.0,52.5,noVIPV,SUMMER
568,work,1.0,2.5,noVIPV,SUMMER
568,public,19.0,47.5,noVIPV,SUMMER
569,home,75.0,187.5,noVIPV,SUMMER
569,work,4.0,10.0,noVIPV,SUMMER
569,public,10.0,25.0,noVIPV,SUMMER
570,home,33.0,82.5,noVIPV,SUMMER
570,work,0.0,0.0,noVIPV,SUMMER
570,public,6.0,15.0,noVIPV,SUMMER
571,home,18.0,45.0,noVIPV,SUMMER
571,work,2.0,5.0,noVIPV,SUMMER
571,public,5.0,12.5,noVIPV,SUMMER
572,home,6.0,15.0,noVIPV,SUMMER
572,work,0.0,0.0,noVIPV,SUMMER
572,public,0.0,0.0,noVIPV,SUMMER
573,home,0.0,0.0,noVIPV,SUMMER
573,work,0.0,0.0,noVIPV,SUMMER
573,public,0.0,0.0,noVIPV,SUMMER
574,home,46.0,115.0,noVIPV,SUMMER
574,work,0.0,0.0,noVIPV,SUMMER
574,public,10.0,25.0,noVIPV,SUMMER
575,home,27.0,67.5,noVIPV,SUMMER
575,work,0.0,0.0,noVIPV,SUMMER
575,public,1.0,2.5,noVIPV,SUMMER
576,home,1.0,2.5,noVIPV,SUMMER
576,work,1.0,2.5,noVIPV,SUMMER
576,public,0.0,0.0,noVIPV,SUMMER
577,home,55.0,137.5,noVIPV,SUMMER
577,work,2.0,5.0,noVIPV,SUMMER
577,public,40.0,100.0,noVIPV,SUMMER
578,home,26.0,65.0,noVIPV,SUMMER
578,work,3.0,7.5,noVIPV,SUMMER
578,public,21.0,52.5,noVIPV,SUMMER
579,home,10.0,25.0,noVIPV,SUMMER
579,work,0.0,0.0,noVIPV,SUMMER
579,public,15.0,37.5,noVIPV,SUMMER
580,home,33.0,82.5,noVIPV,SUMMER
580,work,1.0,2.5,noVIPV,SUMMER
580,public,8.0,20.0,noVIPV,SUMMER
581,home,1.0,2.5,noVIPV,SUMMER
581,work,0.0,0.0,noVIPV,SUMMER
581,public,0.0,0.0,noVIPV,SUMMER
582,home,0.0,0.0,noVIPV,SUMMER
582,work,0.0,0.0,noVIPV,SUMMER
582,public,1.0,2.5,noVIPV,SUMMER
583,home,17.0,42.5,noVIPV,SUMMER
583,work,0.0,0.0,noVIPV,SUMMER
583,public,0.0,0.0,noVIPV,SUMMER
584,home,30.0,75.0,noVIPV,SUMMER
584,work,0.0,0.0,noVIPV,SUMMER
584,public,13.0,32.5,noVIPV,SUMMER
585,home,32.0,80.0,noVIPV,SUMMER
585,work,1.0,2.5,noVIPV,SUMMER
585,public,0.0,0.0,noVIPV,SUMMER
586,home,48.0,120.0,noVIPV,SUMMER
586,work,1.0,2.5,noVIPV,SUMMER
586,public,28.0,70.0,noVIPV,SUMMER
0,home,22.0,55.0,noVIPV,AUTUMN
0,work,0.0,0.0,noVIPV,AUTUMN
0,public,0.0,0.0,noVIPV,AUTUMN
1,home,38.0,95.0,noVIPV,AUTUMN
1,work,4.0,10.0,noVIPV,AUTUMN
1,public,0.0,0.0,noVIPV,AUTUMN
2,home,9.0,22.5,noVIPV,AUTUMN
2,work,0.0,0.0,noVIPV,AUTUMN
2,public,0.0,0.0,noVIPV,AUTUMN
3,home,11.0,27.5,noVIPV,AUTUMN
3,work,4.0,10.0,noVIPV,AUTUMN
3,public,0.0,0.0,noVIPV,AUTUMN
4,home,0.0,0.0,noVIPV,AUTUMN
4,work,0.0,0.0,noVIPV,AUTUMN
4,public,0.0,0.0,noVIPV,AUTUMN
5,home,20.0,50.0,noVIPV,AUTUMN
5,work,3.0,7.5,noVIPV,AUTUMN
5,public,0.0,0.0,noVIPV,AUTUMN
6,home,15.0,37.5,noVIPV,AUTUMN
6,work,0.0,0.0,noVIPV,AUTUMN
6,public,0.0,0.0,noVIPV,AUTUMN
7,home,20.0,50.0,noVIPV,AUTUMN
7,work,0.0,0.0,noVIPV,AUTUMN
7,public,0.0,0.0,noVIPV,AUTUMN
8,home,3.0,7.5,noVIPV,AUTUMN
8,work,0.0,0.0,noVIPV,AUTUMN
8,public,0.0,0.0,noVIPV,AUTUMN
9,home,3.0,7.5,noVIPV,AUTUMN
9,work,0.0,0.0,noVIPV,AUTUMN
9,public,0.0,0.0,noVIPV,AUTUMN
10,home,37.0,92.5,noVIPV,AUTUMN
10,work,0.0,0.0,noVIPV,AUTUMN
10,public,0.0,0.0,noVIPV,AUTUMN
11,home,21.0,52.5,noVIPV,AUTUMN
11,work,2.0,5.0,noVIPV,AUTUMN
11,public,0.0,0.0,noVIPV,AUTUMN
12,home,12.0,30.0,noVIPV,AUTUMN
12,work,6.0,15.0,noVIPV,AUTUMN
12,public,0.0,0.0,noVIPV,AUTUMN
13,home,3.0,7.5,noVIPV,AUTUMN
13,work,1.0,2.5,noVIPV,AUTUMN
13,public,0.0,0.0,noVIPV,AUTUMN
14,home,2.0,5.0,noVIPV,AUTUMN
14,work,0.0,0.0,noVIPV,AUTUMN
14,public,0.0,0.0,noVIPV,AUTUMN
15,home,1.0,2.5,noVIPV,AUTUMN
15,work,2.0,5.0,noVIPV,AUTUMN
15,public,0.0,0.0,noVIPV,AUTUMN
16,home,3.0,7.5,noVIPV,AUTUMN
16,work,2.0,5.0,noVIPV,AUTUMN
16,public,0.0,0.0,noVIPV,AUTUMN
17,home,18.0,45.0,noVIPV,AUTUMN
17,work,0.0,0.0,noVIPV,AUTUMN
17,public,0.0,0.0,noVIPV,AUTUMN
18,home,12.0,30.0,noVIPV,AUTUMN
18,work,0.0,0.0,noVIPV,AUTUMN
18,public,0.0,0.0,noVIPV,AUTUMN
19,home,8.0,20.0,noVIPV,AUTUMN
19,work,1.0,2.5,noVIPV,AUTUMN
19,public,0.0,0.0,noVIPV,AUTUMN
20,home,31.0,77.5,noVIPV,AUTUMN
20,work,4.0,10.0,noVIPV,AUTUMN
20,public,0.0,0.0,noVIPV,AUTUMN
21,home,5.0,12.5,noVIPV,AUTUMN
21,work,2.0,5.0,noVIPV,AUTUMN
21,public,0.0,0.0,noVIPV,AUTUMN
22,home,6.0,15.0,noVIPV,AUTUMN
22,work,0.0,0.0,noVIPV,AUTUMN
22,public,0.0,0.0,noVIPV,AUTUMN
23,home,4.0,10.0,noVIPV,AUTUMN
23,work,0.0,0.0,noVIPV,AUTUMN
23,public,2.0,5.0,noVIPV,AUTUMN
24,home,9.0,22.5,noVIPV,AUTUMN
24,work,0.0,0.0,noVIPV,AUTUMN
24,public,0.0,0.0,noVIPV,AUTUMN
25,home,4.0,10.0,noVIPV,AUTUMN
25,work,0.0,0.0,noVIPV,AUTUMN
25,public,1.0,2.5,noVIPV,AUTUMN
26,home,3.0,7.5,noVIPV,AUTUMN
26,work,0.0,0.0,noVIPV,AUTUMN
26,public,4.0,10.0,noVIPV,AUTUMN
27,home,2.0,5.0,noVIPV,AUTUMN
27,work,0.0,0.0,noVIPV,AUTUMN
27,public,3.0,7.5,noVIPV,AUTUMN
28,home,35.0,87.5,noVIPV,AUTUMN
28,work,0.0,0.0,noVIPV,AUTUMN
28,public,10.0,25.0,noVIPV,AUTUMN
29,home,0.0,0.0,noVIPV,AUTUMN
29,work,0.0,0.0,noVIPV,AUTUMN
29,public,0.0,0.0,noVIPV,AUTUMN
30,home,9.0,22.5,noVIPV,AUTUMN
30,work,0.0,0.0,noVIPV,AUTUMN
30,public,1.0,2.5,noVIPV,AUTUMN
31,home,5.0,12.5,noVIPV,AUTUMN
31,work,2.0,5.0,noVIPV,AUTUMN
31,public,1.0,2.5,noVIPV,AUTUMN
32,home,1.0,2.5,noVIPV,AUTUMN
32,work,0.0,0.0,noVIPV,AUTUMN
32,public,0.0,0.0,noVIPV,AUTUMN
33,home,9.0,22.5,noVIPV,AUTUMN
33,work,0.0,0.0,noVIPV,AUTUMN
33,public,0.0,0.0,noVIPV,AUTUMN
34,home,0.0,0.0,noVIPV,AUTUMN
34,work,0.0,0.0,noVIPV,AUTUMN
34,public,0.0,0.0,noVIPV,AUTUMN
35,home,3.0,7.5,noVIPV,AUTUMN
35,work,0.0,0.0,noVIPV,AUTUMN
35,public,0.0,0.0,noVIPV,AUTUMN
36,home,9.0,22.5,noVIPV,AUTUMN
36,work,2.0,5.0,noVIPV,AUTUMN
36,public,5.0,12.5,noVIPV,AUTUMN
37,home,2.0,5.0,noVIPV,AUTUMN
37,work,0.0,0.0,noVIPV,AUTUMN
37,public,1.0,2.5,noVIPV,AUTUMN
38,home,0.0,0.0,noVIPV,AUTUMN
38,work,0.0,0.0,noVIPV,AUTUMN
38,public,8.0,20.0,noVIPV,AUTUMN
39,home,26.0,65.0,noVIPV,AUTUMN
39,work,1.0,2.5,noVIPV,AUTUMN
39,public,5.0,12.5,noVIPV,AUTUMN
40,home,13.0,32.5,noVIPV,AUTUMN
40,work,0.0,0.0,noVIPV,AUTUMN
40,public,2.0,5.0,noVIPV,AUTUMN
41,home,4.0,10.0,noVIPV,AUTUMN
41,work,0.0,0.0,noVIPV,AUTUMN
41,public,0.0,0.0,noVIPV,AUTUMN
42,home,6.0,15.0,noVIPV,AUTUMN
42,work,0.0,0.0,noVIPV,AUTUMN
42,public,5.0,12.5,noVIPV,AUTUMN
43,home,22.0,55.0,noVIPV,AUTUMN
43,work,4.0,10.0,noVIPV,AUTUMN
43,public,19.0,47.5,noVIPV,AUTUMN
44,home,5.0,12.5,noVIPV,AUTUMN
44,work,0.0,0.0,noVIPV,AUTUMN
44,public,0.0,0.0,noVIPV,AUTUMN
45,home,11.0,27.5,noVIPV,AUTUMN
45,work,0.0,0.0,noVIPV,AUTUMN
45,public,5.0,12.5,noVIPV,AUTUMN
46,home,2.0,5.0,noVIPV,AUTUMN
46,work,5.0,12.5,noVIPV,AUTUMN
46,public,8.0,20.0,noVIPV,AUTUMN
47,home,7.0,17.5,noVIPV,AUTUMN
47,work,0.0,0.0,noVIPV,AUTUMN
47,public,0.0,0.0,noVIPV,AUTUMN
48,home,2.0,5.0,noVIPV,AUTUMN
48,work,0.0,0.0,noVIPV,AUTUMN
48,public,0.0,0.0,noVIPV,AUTUMN
49,home,0.0,0.0,noVIPV,AUTUMN
49,work,0.0,0.0,noVIPV,AUTUMN
49,public,0.0,0.0,noVIPV,AUTUMN
50,home,2.0,5.0,noVIPV,AUTUMN
50,work,0.0,0.0,noVIPV,AUTUMN
50,public,0.0,0.0,noVIPV,AUTUMN
51,home,0.0,0.0,noVIPV,AUTUMN
51,work,0.0,0.0,noVIPV,AUTUMN
51,public,0.0,0.0,noVIPV,AUTUMN
52,home,3.0,7.5,noVIPV,AUTUMN
52,work,0.0,0.0,noVIPV,AUTUMN
52,public,2.0,5.0,noVIPV,AUTUMN
53,home,79.0,197.5,noVIPV,AUTUMN
53,work,1.0,2.5,noVIPV,AUTUMN
53,public,18.0,45.0,noVIPV,AUTUMN
54,home,4.0,10.0,noVIPV,AUTUMN
54,work,0.0,0.0,noVIPV,AUTUMN
54,public,4.0,10.0,noVIPV,AUTUMN
55,home,2.0,5.0,noVIPV,AUTUMN
55,work,0.0,0.0,noVIPV,AUTUMN
55,public,1.0,2.5,noVIPV,AUTUMN
56,home,34.0,85.0,noVIPV,AUTUMN
56,work,3.0,7.5,noVIPV,AUTUMN
56,public,18.0,45.0,noVIPV,AUTUMN
57,home,44.0,110.0,noVIPV,AUTUMN
57,work,0.0,0.0,noVIPV,AUTUMN
57,public,16.0,40.0,noVIPV,AUTUMN
58,home,13.0,32.5,noVIPV,AUTUMN
58,work,0.0,0.0,noVIPV,AUTUMN
58,public,2.0,5.0,noVIPV,AUTUMN
59,home,12.0,30.0,noVIPV,AUTUMN
59,work,0.0,0.0,noVIPV,AUTUMN
59,public,6.0,15.0,noVIPV,AUTUMN
60,home,28.0,70.0,noVIPV,AUTUMN
60,work,3.0,7.5,noVIPV,AUTUMN
60,public,0.0,0.0,noVIPV,AUTUMN
61,home,2.0,5.0,noVIPV,AUTUMN
61,work,0.0,0.0,noVIPV,AUTUMN
61,public,1.0,2.5,noVIPV,AUTUMN
62,home,7.0,17.5,noVIPV,AUTUMN
62,work,0.0,0.0,noVIPV,AUTUMN
62,public,2.0,5.0,noVIPV,AUTUMN
63,home,2.0,5.0,noVIPV,AUTUMN
63,work,0.0,0.0,noVIPV,AUTUMN
63,public,0.0,0.0,noVIPV,AUTUMN
64,home,0.0,0.0,noVIPV,AUTUMN
64,work,0.0,0.0,noVIPV,AUTUMN
64,public,2.0,5.0,noVIPV,AUTUMN
65,home,6.0,15.0,noVIPV,AUTUMN
65,work,0.0,0.0,noVIPV,AUTUMN
65,public,0.0,0.0,noVIPV,AUTUMN
66,home,0.0,0.0,noVIPV,AUTUMN
66,work,0.0,0.0,noVIPV,AUTUMN
66,public,0.0,0.0,noVIPV,AUTUMN
67,home,7.0,17.5,noVIPV,AUTUMN
67,work,2.0,5.0,noVIPV,AUTUMN
67,public,0.0,0.0,noVIPV,AUTUMN
68,home,14.0,35.0,noVIPV,AUTUMN
68,work,0.0,0.0,noVIPV,AUTUMN
68,public,12.0,30.0,noVIPV,AUTUMN
69,home,7.0,17.5,noVIPV,AUTUMN
69,work,5.0,12.5,noVIPV,AUTUMN
69,public,6.0,15.0,noVIPV,AUTUMN
70,home,38.0,95.0,noVIPV,AUTUMN
70,work,0.0,0.0,noVIPV,AUTUMN
70,public,14.0,35.0,noVIPV,AUTUMN
71,home,26.0,65.0,noVIPV,AUTUMN
71,work,2.0,5.0,noVIPV,AUTUMN
71,public,9.0,22.5,noVIPV,AUTUMN
72,home,9.0,22.5,noVIPV,AUTUMN
72,work,11.0,27.5,noVIPV,AUTUMN
72,public,11.0,27.5,noVIPV,AUTUMN
73,home,0.0,0.0,noVIPV,AUTUMN
73,work,0.0,0.0,noVIPV,AUTUMN
73,public,0.0,0.0,noVIPV,AUTUMN
74,home,0.0,0.0,noVIPV,AUTUMN
74,work,14.0,35.0,noVIPV,AUTUMN
74,public,2.0,5.0,noVIPV,AUTUMN
75,home,0.0,0.0,noVIPV,AUTUMN
75,work,21.0,52.5,noVIPV,AUTUMN
75,public,4.0,10.0,noVIPV,AUTUMN
76,home,19.0,47.5,noVIPV,AUTUMN
76,work,16.0,40.0,noVIPV,AUTUMN
76,public,7.0,17.5,noVIPV,AUTUMN
77,home,8.0,20.0,noVIPV,AUTUMN
77,work,0.0,0.0,noVIPV,AUTUMN
77,public,4.0,10.0,noVIPV,AUTUMN
78,home,2.0,5.0,noVIPV,AUTUMN
78,work,0.0,0.0,noVIPV,AUTUMN
78,public,5.0,12.5,noVIPV,AUTUMN
79,home,0.0,0.0,noVIPV,AUTUMN
79,work,0.0,0.0,noVIPV,AUTUMN
79,public,0.0,0.0,noVIPV,AUTUMN
80,home,0.0,0.0,noVIPV,AUTUMN
80,work,4.0,10.0,noVIPV,AUTUMN
80,public,6.0,15.0,noVIPV,AUTUMN
81,home,5.0,12.5,noVIPV,AUTUMN
81,work,0.0,0.0,noVIPV,AUTUMN
81,public,0.0,0.0,noVIPV,AUTUMN
82,home,1.0,2.5,noVIPV,AUTUMN
82,work,0.0,0.0,noVIPV,AUTUMN
82,public,2.0,5.0,noVIPV,AUTUMN
83,home,0.0,0.0,noVIPV,AUTUMN
83,work,0.0,0.0,noVIPV,AUTUMN
83,public,1.0,2.5,noVIPV,AUTUMN
84,home,40.0,100.0,noVIPV,AUTUMN
84,work,2.0,5.0,noVIPV,AUTUMN
84,public,6.0,15.0,noVIPV,AUTUMN
85,home,42.0,105.0,noVIPV,AUTUMN
85,work,4.0,10.0,noVIPV,AUTUMN
85,public,22.0,55.0,noVIPV,AUTUMN
86,home,52.0,130.0,noVIPV,AUTUMN
86,work,0.0,0.0,noVIPV,AUTUMN
86,public,30.0,75.0,noVIPV,AUTUMN
87,home,21.0,52.5,noVIPV,AUTUMN
87,work,0.0,0.0,noVIPV,AUTUMN
87,public,6.0,15.0,noVIPV,AUTUMN
88,home,17.0,42.5,noVIPV,AUTUMN
88,work,4.0,10.0,noVIPV,AUTUMN
88,public,11.0,27.5,noVIPV,AUTUMN
89,home,0.0,0.0,noVIPV,AUTUMN
89,work,18.0,45.0,noVIPV,AUTUMN
89,public,10.0,25.0,noVIPV,AUTUMN
90,home,0.0,0.0,noVIPV,AUTUMN
90,work,0.0,0.0,noVIPV,AUTUMN
90,public,13.0,32.5,noVIPV,AUTUMN
91,home,0.0,0.0,noVIPV,AUTUMN
91,work,9.0,22.5,noVIPV,AUTUMN
91,public,13.0,32.5,noVIPV,AUTUMN
92,home,0.0,0.0,noVIPV,AUTUMN
92,work,11.0,27.5,noVIPV,AUTUMN
92,public,2.0,5.0,noVIPV,AUTUMN
93,home,41.0,102.5,noVIPV,AUTUMN
93,work,9.0,22.5,noVIPV,AUTUMN
93,public,25.0,62.5,noVIPV,AUTUMN
94,home,2.0,5.0,noVIPV,AUTUMN
94,work,20.0,50.0,noVIPV,AUTUMN
94,public,11.0,27.5,noVIPV,AUTUMN
95,home,20.0,50.0,noVIPV,AUTUMN
95,work,3.0,7.5,noVIPV,AUTUMN
95,public,14.0,35.0,noVIPV,AUTUMN
96,home,14.0,35.0,noVIPV,AUTUMN
96,work,0.0,0.0,noVIPV,AUTUMN
96,public,9.0,22.5,noVIPV,AUTUMN
97,home,20.0,50.0,noVIPV,AUTUMN
97,work,2.0,5.0,noVIPV,AUTUMN
97,public,1.0,2.5,noVIPV,AUTUMN
98,home,2.0,5.0,noVIPV,AUTUMN
98,work,0.0,0.0,noVIPV,AUTUMN
98,public,6.0,15.0,noVIPV,AUTUMN
99,home,27.0,67.5,noVIPV,AUTUMN
99,work,2.0,5.0,noVIPV,AUTUMN
99,public,3.0,7.5,noVIPV,AUTUMN
100,home,34.0,85.0,noVIPV,AUTUMN
100,work,0.0,0.0,noVIPV,AUTUMN
100,public,16.0,40.0,noVIPV,AUTUMN
101,home,27.0,67.5,noVIPV,AUTUMN
101,work,1.0,2.5,noVIPV,AUTUMN
101,public,0.0,0.0,noVIPV,AUTUMN
102,home,8.0,20.0,noVIPV,AUTUMN
102,work,0.0,0.0,noVIPV,AUTUMN
102,public,0.0,0.0,noVIPV,AUTUMN
103,home,7.0,17.5,noVIPV,AUTUMN
103,work,0.0,0.0,noVIPV,AUTUMN
103,public,1.0,2.5,noVIPV,AUTUMN
104,home,3.0,7.5,noVIPV,AUTUMN
104,work,0.0,0.0,noVIPV,AUTUMN
104,public,0.0,0.0,noVIPV,AUTUMN
105,home,8.0,20.0,noVIPV,AUTUMN
105,work,0.0,0.0,noVIPV,AUTUMN
105,public,2.0,5.0,noVIPV,AUTUMN
106,home,1.0,2.5,noVIPV,AUTUMN
106,work,0.0,0.0,noVIPV,AUTUMN
106,public,1.0,2.5,noVIPV,AUTUMN
107,home,14.0,35.0,noVIPV,AUTUMN
107,work,5.0,12.5,noVIPV,AUTUMN
107,public,11.0,27.5,noVIPV,AUTUMN
108,home,23.0,57.5,noVIPV,AUTUMN
108,work,1.0,2.5,noVIPV,AUTUMN
108,public,16.0,40.0,noVIPV,AUTUMN
109,home,23.0,57.5,noVIPV,AUTUMN
109,work,0.0,0.0,noVIPV,AUTUMN
109,public,11.0,27.5,noVIPV,AUTUMN
110,home,50.0,125.0,noVIPV,AUTUMN
110,work,5.0,12.5,noVIPV,AUTUMN
110,public,32.0,80.0,noVIPV,AUTUMN
111,home,17.0,42.5,noVIPV,AUTUMN
111,work,9.0,22.5,noVIPV,AUTUMN
111,public,38.0,95.0,noVIPV,AUTUMN
112,home,27.0,67.5,noVIPV,AUTUMN
112,work,3.0,7.5,noVIPV,AUTUMN
112,public,19.0,47.5,noVIPV,AUTUMN
113,home,0.0,0.0,noVIPV,AUTUMN
113,work,17.0,42.5,noVIPV,AUTUMN
113,public,13.0,32.5,noVIPV,AUTUMN
114,home,3.0,7.5,noVIPV,AUTUMN
114,work,25.0,62.5,noVIPV,AUTUMN
114,public,8.0,20.0,noVIPV,AUTUMN
115,home,27.0,67.5,noVIPV,AUTUMN
115,work,6.0,15.0,noVIPV,AUTUMN
115,public,18.0,45.0,noVIPV,AUTUMN
116,home,1.0,2.5,noVIPV,AUTUMN
116,work,4.0,10.0,noVIPV,AUTUMN
116,public,0.0,0.0,noVIPV,AUTUMN
117,home,20.0,50.0,noVIPV,AUTUMN
117,work,5.0,12.5,noVIPV,AUTUMN
117,public,19.0,47.5,noVIPV,AUTUMN
118,home,30.0,75.0,noVIPV,AUTUMN
118,work,3.0,7.5,noVIPV,AUTUMN
118,public,43.0,107.5,noVIPV,AUTUMN
119,home,22.0,55.0,noVIPV,AUTUMN
119,work,5.0,12.5,noVIPV,AUTUMN
119,public,8.0,20.0,noVIPV,AUTUMN
120,home,35.0,87.5,noVIPV,AUTUMN
120,work,2.0,5.0,noVIPV,AUTUMN
120,public,6.0,15.0,noVIPV,AUTUMN
121,home,8.0,20.0,noVIPV,AUTUMN
121,work,0.0,0.0,noVIPV,AUTUMN
121,public,0.0,0.0,noVIPV,AUTUMN
122,home,4.0,10.0,noVIPV,AUTUMN
122,work,0.0,0.0,noVIPV,AUTUMN
122,public,0.0,0.0,noVIPV,AUTUMN
123,home,22.0,55.0,noVIPV,AUTUMN
123,work,4.0,10.0,noVIPV,AUTUMN
123,public,12.0,30.0,noVIPV,AUTUMN
124,home,31.0,77.5,noVIPV,AUTUMN
124,work,0.0,0.0,noVIPV,AUTUMN
124,public,6.0,15.0,noVIPV,AUTUMN
125,home,30.0,75.0,noVIPV,AUTUMN
125,work,1.0,2.5,noVIPV,AUTUMN
125,public,17.0,42.5,noVIPV,AUTUMN
126,home,48.0,120.0,noVIPV,AUTUMN
126,work,0.0,0.0,noVIPV,AUTUMN
126,public,16.0,40.0,noVIPV,AUTUMN
127,home,34.0,85.0,noVIPV,AUTUMN
127,work,0.0,0.0,noVIPV,AUTUMN
127,public,13.0,32.5,noVIPV,AUTUMN
128,home,14.0,35.0,noVIPV,AUTUMN
128,work,1.0,2.5,noVIPV,AUTUMN
128,public,0.0,0.0,noVIPV,AUTUMN
129,home,2.0,5.0,noVIPV,AUTUMN
129,work,0.0,0.0,noVIPV,AUTUMN
129,public,3.0,7.5,noVIPV,AUTUMN
130,home,1.0,2.5,noVIPV,AUTUMN
130,work,0.0,0.0,noVIPV,AUTUMN
130,public,0.0,0.0,noVIPV,AUTUMN
131,home,0.0,0.0,noVIPV,AUTUMN
131,work,0.0,0.0,noVIPV,AUTUMN
131,public,5.0,12.5,noVIPV,AUTUMN
132,home,12.0,30.0,noVIPV,AUTUMN
132,work,0.0,0.0,noVIPV,AUTUMN
132,public,0.0,0.0,noVIPV,AUTUMN
133,home,33.0,82.5,noVIPV,AUTUMN
133,work,0.0,0.0,noVIPV,AUTUMN
133,public,18.0,45.0,noVIPV,AUTUMN
134,home,66.0,165.0,noVIPV,AUTUMN
134,work,8.0,20.0,noVIPV,AUTUMN
134,public,25.0,62.5,noVIPV,AUTUMN
135,home,30.0,75.0,noVIPV,AUTUMN
135,work,11.0,27.5,noVIPV,AUTUMN
135,public,31.0,77.5,noVIPV,AUTUMN
136,home,32.0,80.0,noVIPV,AUTUMN
136,work,4.0,10.0,noVIPV,AUTUMN
136,public,5.0,12.5,noVIPV,AUTUMN
137,home,18.0,45.0,noVIPV,AUTUMN
137,work,5.0,12.5,noVIPV,AUTUMN
137,public,9.0,22.5,noVIPV,AUTUMN
138,home,0.0,0.0,noVIPV,AUTUMN
138,work,5.0,12.5,noVIPV,AUTUMN
138,public,19.0,47.5,noVIPV,AUTUMN
139,home,21.0,52.5,noVIPV,AUTUMN
139,work,3.0,7.5,noVIPV,AUTUMN
139,public,20.0,50.0,noVIPV,AUTUMN
140,home,3.0,7.5,noVIPV,AUTUMN
140,work,0.0,0.0,noVIPV,AUTUMN
140,public,6.0,15.0,noVIPV,AUTUMN
141,home,61.0,152.5,noVIPV,AUTUMN
141,work,3.0,7.5,noVIPV,AUTUMN
141,public,13.0,32.5,noVIPV,AUTUMN
142,home,30.0,75.0,noVIPV,AUTUMN
142,work,18.0,45.0,noVIPV,AUTUMN
142,public,50.0,125.0,noVIPV,AUTUMN
143,home,17.0,42.5,noVIPV,AUTUMN
143,work,9.0,22.5,noVIPV,AUTUMN
143,public,14.0,35.0,noVIPV,AUTUMN
144,home,22.0,55.0,noVIPV,AUTUMN
144,work,0.0,0.0,noVIPV,AUTUMN
144,public,9.0,22.5,noVIPV,AUTUMN
145,home,0.0,0.0,noVIPV,AUTUMN
145,work,0.0,0.0,noVIPV,AUTUMN
145,public,0.0,0.0,noVIPV,AUTUMN
146,home,0.0,0.0,noVIPV,AUTUMN
146,work,0.0,0.0,noVIPV,AUTUMN
146,public,2.0,5.0,noVIPV,AUTUMN
147,home,10.0,25.0,noVIPV,AUTUMN
147,work,0.0,0.0,noVIPV,AUTUMN
147,public,0.0,0.0,noVIPV,AUTUMN
148,home,18.0,45.0,noVIPV,AUTUMN
148,work,4.0,10.0,noVIPV,AUTUMN
148,public,15.0,37.5,noVIPV,AUTUMN
149,home,25.0,62.5,noVIPV,AUTUMN
149,work,0.0,0.0,noVIPV,AUTUMN
149,public,24.0,60.0,noVIPV,AUTUMN
150,home,18.0,45.0,noVIPV,AUTUMN
150,work,1.0,2.5,noVIPV,AUTUMN
150,public,3.0,7.5,noVIPV,AUTUMN
151,home,0.0,0.0,noVIPV,AUTUMN
151,work,0.0,0.0,noVIPV,AUTUMN
151,public,4.0,10.0,noVIPV,AUTUMN
152,home,41.0,102.5,noVIPV,AUTUMN
152,work,0.0,0.0,noVIPV,AUTUMN
152,public,14.0,35.0,noVIPV,AUTUMN
153,home,43.0,107.5,noVIPV,AUTUMN
153,work,2.0,5.0,noVIPV,AUTUMN
153,public,9.0,22.5,noVIPV,AUTUMN
154,home,6.0,15.0,noVIPV,AUTUMN
154,work,12.0,30.0,noVIPV,AUTUMN
154,public,5.0,12.5,noVIPV,AUTUMN
155,home,17.0,42.5,noVIPV,AUTUMN
155,work,1.0,2.5,noVIPV,AUTUMN
155,public,9.0,22.5,noVIPV,AUTUMN
156,home,44.0,110.0,noVIPV,AUTUMN
156,work,4.0,10.0,noVIPV,AUTUMN
156,public,74.0,185.0,noVIPV,AUTUMN
157,home,2.0,5.0,noVIPV,AUTUMN
157,work,17.0,42.5,noVIPV,AUTUMN
157,public,0.0,0.0,noVIPV,AUTUMN
158,home,15.0,37.5,noVIPV,AUTUMN
158,work,0.0,0.0,noVIPV,AUTUMN
158,public,0.0,0.0,noVIPV,AUTUMN
159,home,46.0,115.0,noVIPV,AUTUMN
159,work,1.0,2.5,noVIPV,AUTUMN
159,public,38.0,95.0,noVIPV,AUTUMN
160,home,41.0,102.5,noVIPV,AUTUMN
160,work,17.0,42.5,noVIPV,AUTUMN
160,public,47.0,117.5,noVIPV,AUTUMN
161,home,20.0,50.0,noVIPV,AUTUMN
161,work,1.0,2.5,noVIPV,AUTUMN
161,public,28.0,70.0,noVIPV,AUTUMN
162,home,15.0,37.5,noVIPV,AUTUMN
162,work,2.0,5.0,noVIPV,AUTUMN
162,public,12.0,30.0,noVIPV,AUTUMN
163,home,0.0,0.0,noVIPV,AUTUMN
163,work,0.0,0.0,noVIPV,AUTUMN
163,public,0.0,0.0,noVIPV,AUTUMN
164,home,29.0,72.5,noVIPV,AUTUMN
164,work,2.0,5.0,noVIPV,AUTUMN
164,public,23.0,57.5,noVIPV,AUTUMN
165,home,36.0,90.0,noVIPV,AUTUMN
165,work,5.0,12.5,noVIPV,AUTUMN
165,public,2.0,5.0,noVIPV,AUTUMN
166,home,2.0,5.0,noVIPV,AUTUMN
166,work,2.0,5.0,noVIPV,AUTUMN
166,public,4.0,10.0,noVIPV,AUTUMN
167,home,0.0,0.0,noVIPV,AUTUMN
167,work,0.0,0.0,noVIPV,AUTUMN
167,public,0.0,0.0,noVIPV,AUTUMN
168,home,2.0,5.0,noVIPV,AUTUMN
168,work,0.0,0.0,noVIPV,AUTUMN
168,public,0.0,0.0,noVIPV,AUTUMN
169,home,9.0,22.5,noVIPV,AUTUMN
169,work,0.0,0.0,noVIPV,AUTUMN
169,public,1.0,2.5,noVIPV,AUTUMN
170,home,29.0,72.5,noVIPV,AUTUMN
170,work,0.0,0.0,noVIPV,AUTUMN
170,public,3.0,7.5,noVIPV,AUTUMN
171,home,23.0,57.5,noVIPV,AUTUMN
171,work,8.0,20.0,noVIPV,AUTUMN
171,public,23.0,57.5,noVIPV,AUTUMN
172,home,15.0,37.5,noVIPV,AUTUMN
172,work,0.0,0.0,noVIPV,AUTUMN
172,public,16.0,40.0,noVIPV,AUTUMN
173,home,32.0,80.0,noVIPV,AUTUMN
173,work,0.0,0.0,noVIPV,AUTUMN
173,public,3.0,7.5,noVIPV,AUTUMN
174,home,48.0,120.0,noVIPV,AUTUMN
174,work,0.0,0.0,noVIPV,AUTUMN
174,public,15.0,37.5,noVIPV,AUTUMN
175,home,36.0,90.0,noVIPV,AUTUMN
175,work,2.0,5.0,noVIPV,AUTUMN
175,public,34.0,85.0,noVIPV,AUTUMN
176,home,10.0,25.0,noVIPV,AUTUMN
176,work,0.0,0.0,noVIPV,AUTUMN
176,public,8.0,20.0,noVIPV,AUTUMN
177,home,20.0,50.0,noVIPV,AUTUMN
177,work,0.0,0.0,noVIPV,AUTUMN
177,public,7.0,17.5,noVIPV,AUTUMN
178,home,14.0,35.0,noVIPV,AUTUMN
178,work,15.0,37.5,noVIPV,AUTUMN
178,public,31.0,77.5,noVIPV,AUTUMN
179,home,0.0,0.0,noVIPV,AUTUMN
179,work,5.0,12.5,noVIPV,AUTUMN
179,public,15.0,37.5,noVIPV,AUTUMN
180,home,1.0,2.5,noVIPV,AUTUMN
180,work,0.0,0.0,noVIPV,AUTUMN
180,public,1.0,2.5,noVIPV,AUTUMN
181,home,0.0,0.0,noVIPV,AUTUMN
181,work,0.0,0.0,noVIPV,AUTUMN
181,public,0.0,0.0,noVIPV,AUTUMN
182,home,0.0,0.0,noVIPV,AUTUMN
182,work,1.0,2.5,noVIPV,AUTUMN
182,public,3.0,7.5,noVIPV,AUTUMN
183,home,0.0,0.0,noVIPV,AUTUMN
183,work,6.0,15.0,noVIPV,AUTUMN
183,public,5.0,12.5,noVIPV,AUTUMN
184,home,0.0,0.0,noVIPV,AUTUMN
184,work,3.0,7.5,noVIPV,AUTUMN
184,public,3.0,7.5,noVIPV,AUTUMN
185,home,2.0,5.0,noVIPV,AUTUMN
185,work,0.0,0.0,noVIPV,AUTUMN
185,public,0.0,0.0,noVIPV,AUTUMN
186,home,1.0,2.5,noVIPV,AUTUMN
186,work,0.0,0.0,noVIPV,AUTUMN
186,public,0.0,0.0,noVIPV,AUTUMN
187,home,7.0,17.5,noVIPV,AUTUMN
187,work,5.0,12.5,noVIPV,AUTUMN
187,public,8.0,20.0,noVIPV,AUTUMN
188,home,17.0,42.5,noVIPV,AUTUMN
188,work,2.0,5.0,noVIPV,AUTUMN
188,public,6.0,15.0,noVIPV,AUTUMN
189,home,53.0,132.5,noVIPV,AUTUMN
189,work,2.0,5.0,noVIPV,AUTUMN
189,public,6.0,15.0,noVIPV,AUTUMN
190,home,57.0,142.5,noVIPV,AUTUMN
190,work,1.0,2.5,noVIPV,AUTUMN
190,public,11.0,27.5,noVIPV,AUTUMN
191,home,56.0,140.0,noVIPV,AUTUMN
191,work,1.0,2.5,noVIPV,AUTUMN
191,public,42.0,105.0,noVIPV,AUTUMN
192,home,22.0,55.0,noVIPV,AUTUMN
192,work,1.0,2.5,noVIPV,AUTUMN
192,public,41.0,102.5,noVIPV,AUTUMN
193,home,8.0,20.0,noVIPV,AUTUMN
193,work,6.0,15.0,noVIPV,AUTUMN
193,public,15.0,37.5,noVIPV,AUTUMN
194,home,8.0,20.0,noVIPV,AUTUMN
194,work,0.0,0.0,noVIPV,AUTUMN
194,public,0.0,0.0,noVIPV,AUTUMN
195,home,13.0,32.5,noVIPV,AUTUMN
195,work,1.0,2.5,noVIPV,AUTUMN
195,public,8.0,20.0,noVIPV,AUTUMN
196,home,30.0,75.0,noVIPV,AUTUMN
196,work,1.0,2.5,noVIPV,AUTUMN
196,public,24.0,60.0,noVIPV,AUTUMN
197,home,44.0,110.0,noVIPV,AUTUMN
197,work,16.0,40.0,noVIPV,AUTUMN
197,public,21.0,52.5,noVIPV,AUTUMN
198,home,10.0,25.0,noVIPV,AUTUMN
198,work,15.0,37.5,noVIPV,AUTUMN
198,public,6.0,15.0,noVIPV,AUTUMN
199,home,0.0,0.0,noVIPV,AUTUMN
199,work,3.0,7.5,noVIPV,AUTUMN
199,public,1.0,2.5,noVIPV,AUTUMN
200,home,0.0,0.0,noVIPV,AUTUMN
200,work,7.0,17.5,noVIPV,AUTUMN
200,public,0.0,0.0,noVIPV,AUTUMN
201,home,3.0,7.5,noVIPV,AUTUMN
201,work,3.0,7.5,noVIPV,AUTUMN
201,public,0.0,0.0,noVIPV,AUTUMN
202,home,0.0,0.0,noVIPV,AUTUMN
202,work,1.0,2.5,noVIPV,AUTUMN
202,public,0.0,0.0,noVIPV,AUTUMN
203,home,0.0,0.0,noVIPV,AUTUMN
203,work,0.0,0.0,noVIPV,AUTUMN
203,public,1.0,2.5,noVIPV,AUTUMN
204,home,1.0,2.5,noVIPV,AUTUMN
204,work,0.0,0.0,noVIPV,AUTUMN
204,public,3.0,7.5,noVIPV,AUTUMN
205,home,13.0,32.5,noVIPV,AUTUMN
205,work,2.0,5.0,noVIPV,AUTUMN
205,public,13.0,32.5,noVIPV,AUTUMN
206,home,17.0,42.5,noVIPV,AUTUMN
206,work,6.0,15.0,noVIPV,AUTUMN
206,public,11.0,27.5,noVIPV,AUTUMN
207,home,25.0,62.5,noVIPV,AUTUMN
207,work,2.0,5.0,noVIPV,AUTUMN
207,public,8.0,20.0,noVIPV,AUTUMN
208,home,14.0,35.0,noVIPV,AUTUMN
208,work,0.0,0.0,noVIPV,AUTUMN
208,public,15.0,37.5,noVIPV,AUTUMN
209,home,26.0,65.0,noVIPV,AUTUMN
209,work,1.0,2.5,noVIPV,AUTUMN
209,public,28.0,70.0,noVIPV,AUTUMN
210,home,1.0,2.5,noVIPV,AUTUMN
210,work,1.0,2.5,noVIPV,AUTUMN
210,public,8.0,20.0,noVIPV,AUTUMN
211,home,9.0,22.5,noVIPV,AUTUMN
211,work,31.0,77.5,noVIPV,AUTUMN
211,public,44.0,110.0,noVIPV,AUTUMN
212,home,33.0,82.5,noVIPV,AUTUMN
212,work,8.0,20.0,noVIPV,AUTUMN
212,public,28.0,70.0,noVIPV,AUTUMN
213,home,25.0,62.5,noVIPV,AUTUMN
213,work,3.0,7.5,noVIPV,AUTUMN
213,public,51.0,127.5,noVIPV,AUTUMN
214,home,29.0,72.5,noVIPV,AUTUMN
214,work,16.0,40.0,noVIPV,AUTUMN
214,public,14.0,35.0,noVIPV,AUTUMN
215,home,8.0,20.0,noVIPV,AUTUMN
215,work,1.0,2.5,noVIPV,AUTUMN
215,public,33.0,82.5,noVIPV,AUTUMN
216,home,0.0,0.0,noVIPV,AUTUMN
216,work,0.0,0.0,noVIPV,AUTUMN
216,public,0.0,0.0,noVIPV,AUTUMN
217,home,1.0,2.5,noVIPV,AUTUMN
217,work,0.0,0.0,noVIPV,AUTUMN
217,public,0.0,0.0,noVIPV,AUTUMN
218,home,14.0,35.0,noVIPV,AUTUMN
218,work,0.0,0.0,noVIPV,AUTUMN
218,public,4.0,10.0,noVIPV,AUTUMN
219,home,10.0,25.0,noVIPV,AUTUMN
219,work,0.0,0.0,noVIPV,AUTUMN
219,public,0.0,0.0,noVIPV,AUTUMN
220,home,0.0,0.0,noVIPV,AUTUMN
220,work,1.0,2.5,noVIPV,AUTUMN
220,public,0.0,0.0,noVIPV,AUTUMN
221,home,0.0,0.0,noVIPV,AUTUMN
221,work,0.0,0.0,noVIPV,AUTUMN
221,public,0.0,0.0,noVIPV,AUTUMN
222,home,0.0,0.0,noVIPV,AUTUMN
222,work,0.0,0.0,noVIPV,AUTUMN
222,public,2.0,5.0,noVIPV,AUTUMN
223,home,0.0,0.0,noVIPV,AUTUMN
223,work,2.0,5.0,noVIPV,AUTUMN
223,public,0.0,0.0,noVIPV,AUTUMN
224,home,18.0,45.0,noVIPV,AUTUMN
224,work,10.0,25.0,noVIPV,AUTUMN
224,public,9.0,22.5,noVIPV,AUTUMN
225,home,55.0,137.5,noVIPV,AUTUMN
225,work,6.0,15.0,noVIPV,AUTUMN
225,public,75.0,187.5,noVIPV,AUTUMN
226,home,16.0,40.0,noVIPV,AUTUMN
226,work,0.0,0.0,noVIPV,AUTUMN
226,public,34.0,85.0,noVIPV,AUTUMN
227,home,40.0,100.0,noVIPV,AUTUMN
227,work,22.0,55.0,noVIPV,AUTUMN
227,public,100.0,250.0,noVIPV,AUTUMN
228,home,28.0,70.0,noVIPV,AUTUMN
228,work,9.0,22.5,noVIPV,AUTUMN
228,public,39.0,97.5,noVIPV,AUTUMN
229,home,37.0,92.5,noVIPV,AUTUMN
229,work,17.0,42.5,noVIPV,AUTUMN
229,public,26.0,65.0,noVIPV,AUTUMN
230,home,29.0,72.5,noVIPV,AUTUMN
230,work,3.0,7.5,noVIPV,AUTUMN
230,public,55.0,137.5,noVIPV,AUTUMN
231,home,17.0,42.5,noVIPV,AUTUMN
231,work,3.0,7.5,noVIPV,AUTUMN
231,public,17.0,42.5,noVIPV,AUTUMN
232,home,6.0,15.0,noVIPV,AUTUMN
232,work,0.0,0.0,noVIPV,AUTUMN
232,public,0.0,0.0,noVIPV,AUTUMN
233,home,20.0,50.0,noVIPV,AUTUMN
233,work,0.0,0.0,noVIPV,AUTUMN
233,public,13.0,32.5,noVIPV,AUTUMN
234,home,8.0,20.0,noVIPV,AUTUMN
234,work,0.0,0.0,noVIPV,AUTUMN
234,public,12.0,30.0,noVIPV,AUTUMN
235,home,9.0,22.5,noVIPV,AUTUMN
235,work,1.0,2.5,noVIPV,AUTUMN
235,public,1.0,2.5,noVIPV,AUTUMN
236,home,15.0,37.5,noVIPV,AUTUMN
236,work,0.0,0.0,noVIPV,AUTUMN
236,public,2.0,5.0,noVIPV,AUTUMN
237,home,2.0,5.0,noVIPV,AUTUMN
237,work,0.0,0.0,noVIPV,AUTUMN
237,public,0.0,0.0,noVIPV,AUTUMN
238,home,0.0,0.0,noVIPV,AUTUMN
238,work,10.0,25.0,noVIPV,AUTUMN
238,public,1.0,2.5,noVIPV,AUTUMN
239,home,0.0,0.0,noVIPV,AUTUMN
239,work,1.0,2.5,noVIPV,AUTUMN
239,public,1.0,2.5,noVIPV,AUTUMN
240,home,0.0,0.0,noVIPV,AUTUMN
240,work,0.0,0.0,noVIPV,AUTUMN
240,public,0.0,0.0,noVIPV,AUTUMN
241,home,0.0,0.0,noVIPV,AUTUMN
241,work,7.0,17.5,noVIPV,AUTUMN
241,public,0.0,0.0,noVIPV,AUTUMN
242,home,0.0,0.0,noVIPV,AUTUMN
242,work,2.0,5.0,noVIPV,AUTUMN
242,public,1.0,2.5,noVIPV,AUTUMN
243,home,24.0,60.0,noVIPV,AUTUMN
243,work,1.0,2.5,noVIPV,AUTUMN
243,public,1.0,2.5,noVIPV,AUTUMN
244,home,36.0,90.0,noVIPV,AUTUMN
244,work,6.0,15.0,noVIPV,AUTUMN
244,public,9.0,22.5,noVIPV,AUTUMN
245,home,64.0,160.0,noVIPV,AUTUMN
245,work,16.0,40.0,noVIPV,AUTUMN
245,public,58.0,145.0,noVIPV,AUTUMN
246,home,53.0,132.5,noVIPV,AUTUMN
246,work,22.0,55.0,noVIPV,AUTUMN
246,public,131.0,327.5,noVIPV,AUTUMN
247,home,54.0,135.0,noVIPV,AUTUMN
247,work,11.0,27.5,noVIPV,AUTUMN
247,public,46.0,115.0,noVIPV,AUTUMN
248,home,65.0,162.5,noVIPV,AUTUMN
248,work,37.0,92.5,noVIPV,AUTUMN
248,public,101.0,252.5,noVIPV,AUTUMN
249,home,28.0,70.0,noVIPV,AUTUMN
249,work,13.0,32.5,noVIPV,AUTUMN
249,public,34.0,85.0,noVIPV,AUTUMN
250,home,29.0,72.5,noVIPV,AUTUMN
250,work,4.0,10.0,noVIPV,AUTUMN
250,public,18.0,45.0,noVIPV,AUTUMN
251,home,14.0,35.0,noVIPV,AUTUMN
251,work,0.0,0.0,noVIPV,AUTUMN
251,public,4.0,10.0,noVIPV,AUTUMN
252,home,0.0,0.0,noVIPV,AUTUMN
252,work,3.0,7.5,noVIPV,AUTUMN
252,public,5.0,12.5,noVIPV,AUTUMN
253,home,9.0,22.5,noVIPV,AUTUMN
253,work,0.0,0.0,noVIPV,AUTUMN
253,public,11.0,27.5,noVIPV,AUTUMN
254,home,30.0,75.0,noVIPV,AUTUMN
254,work,0.0,0.0,noVIPV,AUTUMN
254,public,26.0,65.0,noVIPV,AUTUMN
255,home,9.0,22.5,noVIPV,AUTUMN
255,work,3.0,7.5,noVIPV,AUTUMN
255,public,1.0,2.5,noVIPV,AUTUMN
256,home,9.0,22.5,noVIPV,AUTUMN
256,work,0.0,0.0,noVIPV,AUTUMN
256,public,3.0,7.5,noVIPV,AUTUMN
257,home,4.0,10.0,noVIPV,AUTUMN
257,work,0.0,0.0,noVIPV,AUTUMN
257,public,5.0,12.5,noVIPV,AUTUMN
258,home,18.0,45.0,noVIPV,AUTUMN
258,work,0.0,0.0,noVIPV,AUTUMN
258,public,2.0,5.0,noVIPV,AUTUMN
259,home,1.0,2.5,noVIPV,AUTUMN
259,work,0.0,0.0,noVIPV,AUTUMN
259,public,0.0,0.0,noVIPV,AUTUMN
260,home,0.0,0.0,noVIPV,AUTUMN
260,work,11.0,27.5,noVIPV,AUTUMN
260,public,2.0,5.0,noVIPV,AUTUMN
261,home,0.0,0.0,noVIPV,AUTUMN
261,work,34.0,85.0,noVIPV,AUTUMN
261,public,4.0,10.0,noVIPV,AUTUMN
262,home,0.0,0.0,noVIPV,AUTUMN
262,work,2.0,5.0,noVIPV,AUTUMN
262,public,0.0,0.0,noVIPV,AUTUMN
263,home,0.0,0.0,noVIPV,AUTUMN
263,work,0.0,0.0,noVIPV,AUTUMN
263,public,0.0,0.0,noVIPV,AUTUMN
264,home,0.0,0.0,noVIPV,AUTUMN
264,work,0.0,0.0,noVIPV,AUTUMN
264,public,0.0,0.0,noVIPV,AUTUMN
265,home,0.0,0.0,noVIPV,AUTUMN
265,work,1.0,2.5,noVIPV,AUTUMN
265,public,0.0,0.0,noVIPV,AUTUMN
266,home,31.0,77.5,noVIPV,AUTUMN
266,work,1.0,2.5,noVIPV,AUTUMN
266,public,6.0,15.0,noVIPV,AUTUMN
267,home,48.0,120.0,noVIPV,AUTUMN
267,work,8.0,20.0,noVIPV,AUTUMN
267,public,53.0,132.5,noVIPV,AUTUMN
268,home,78.0,195.0,noVIPV,AUTUMN
268,work,2.0,5.0,noVIPV,AUTUMN
268,public,40.0,100.0,noVIPV,AUTUMN
269,home,13.0,32.5,noVIPV,AUTUMN
269,work,22.0,55.0,noVIPV,AUTUMN
269,public,16.0,40.0,noVIPV,AUTUMN
270,home,19.0,47.5,noVIPV,AUTUMN
270,work,24.0,60.0,noVIPV,AUTUMN
270,public,8.0,20.0,noVIPV,AUTUMN
271,home,5.0,12.5,noVIPV,AUTUMN
271,work,39.0,97.5,noVIPV,AUTUMN
271,public,179.0,447.5,noVIPV,AUTUMN
272,home,20.0,50.0,noVIPV,AUTUMN
272,work,29.0,72.5,noVIPV,AUTUMN
272,public,92.0,230.0,noVIPV,AUTUMN
273,home,9.0,22.5,noVIPV,AUTUMN
273,work,24.0,60.0,noVIPV,AUTUMN
273,public,37.0,92.5,noVIPV,AUTUMN
274,home,34.0,85.0,noVIPV,AUTUMN
274,work,1.0,2.5,noVIPV,AUTUMN
274,public,27.0,67.5,noVIPV,AUTUMN
275,home,28.0,70.0,noVIPV,AUTUMN
275,work,3.0,7.5,noVIPV,AUTUMN
275,public,11.0,27.5,noVIPV,AUTUMN
276,home,0.0,0.0,noVIPV,AUTUMN
276,work,0.0,0.0,noVIPV,AUTUMN
276,public,3.0,7.5,noVIPV,AUTUMN
277,home,9.0,22.5,noVIPV,AUTUMN
277,work,0.0,0.0,noVIPV,AUTUMN
277,public,1.0,2.5,noVIPV,AUTUMN
278,home,36.0,90.0,noVIPV,AUTUMN
278,work,2.0,5.0,noVIPV,AUTUMN
278,public,13.0,32.5,noVIPV,AUTUMN
279,home,22.0,55.0,noVIPV,AUTUMN
279,work,0.0,0.0,noVIPV,AUTUMN
279,public,10.0,25.0,noVIPV,AUTUMN
280,home,13.0,32.5,noVIPV,AUTUMN
280,work,2.0,5.0,noVIPV,AUTUMN
280,public,16.0,40.0,noVIPV,AUTUMN
281,home,0.0,0.0,noVIPV,AUTUMN
281,work,6.0,15.0,noVIPV,AUTUMN
281,public,6.0,15.0,noVIPV,AUTUMN
282,home,0.0,0.0,noVIPV,AUTUMN
282,work,4.0,10.0,noVIPV,AUTUMN
282,public,0.0,0.0,noVIPV,AUTUMN
283,home,0.0,0.0,noVIPV,AUTUMN
283,work,5.0,12.5,noVIPV,AUTUMN
283,public,4.0,10.0,noVIPV,AUTUMN
284,home,0.0,0.0,noVIPV,AUTUMN
284,work,4.0,10.0,noVIPV,AUTUMN
284,public,0.0,0.0,noVIPV,AUTUMN
285,home,0.0,0.0,noVIPV,AUTUMN
285,work,0.0,0.0,noVIPV,AUTUMN
285,public,1.0,2.5,noVIPV,AUTUMN
286,home,12.0,30.0,noVIPV,AUTUMN
286,work,5.0,12.5,noVIPV,AUTUMN
286,public,20.0,50.0,noVIPV,AUTUMN
287,home,36.0,90.0,noVIPV,AUTUMN
287,work,1.0,2.5,noVIPV,AUTUMN
287,public,39.0,97.5,noVIPV,AUTUMN
288,home,23.0,57.5,noVIPV,AUTUMN
288,work,1.0,2.5,noVIPV,AUTUMN
288,public,28.0,70.0,noVIPV,AUTUMN
289,home,41.0,102.5,noVIPV,AUTUMN
289,work,9.0,22.5,noVIPV,AUTUMN
289,public,12.0,30.0,noVIPV,AUTUMN
290,home,0.0,0.0,noVIPV,AUTUMN
290,work,14.0,35.0,noVIPV,AUTUMN
290,public,4.0,10.0,noVIPV,AUTUMN
291,home,3.0,7.5,noVIPV,AUTUMN
291,work,5.0,12.5,noVIPV,AUTUMN
291,public,61.0,152.5,noVIPV,AUTUMN
292,home,6.0,15.0,noVIPV,AUTUMN
292,work,40.0,100.0,noVIPV,AUTUMN
292,public,50.0,125.0,noVIPV,AUTUMN
293,home,30.0,75.0,noVIPV,AUTUMN
293,work,21.0,52.5,noVIPV,AUTUMN
293,public,42.0,105.0,noVIPV,AUTUMN
294,home,60.0,150.0,noVIPV,AUTUMN
294,work,14.0,35.0,noVIPV,AUTUMN
294,public,71.0,177.5,noVIPV,AUTUMN
295,home,47.0,117.5,noVIPV,AUTUMN
295,work,4.0,10.0,noVIPV,AUTUMN
295,public,19.0,47.5,noVIPV,AUTUMN
296,home,43.0,107.5,noVIPV,AUTUMN
296,work,4.0,10.0,noVIPV,AUTUMN
296,public,10.0,25.0,noVIPV,AUTUMN
297,home,28.0,70.0,noVIPV,AUTUMN
297,work,1.0,2.5,noVIPV,AUTUMN
297,public,22.0,55.0,noVIPV,AUTUMN
298,home,36.0,90.0,noVIPV,AUTUMN
298,work,1.0,2.5,noVIPV,AUTUMN
298,public,7.0,17.5,noVIPV,AUTUMN
299,home,10.0,25.0,noVIPV,AUTUMN
299,work,0.0,0.0,noVIPV,AUTUMN
299,public,23.0,57.5,noVIPV,AUTUMN
300,home,7.0,17.5,noVIPV,AUTUMN
300,work,0.0,0.0,noVIPV,AUTUMN
300,public,11.0,27.5,noVIPV,AUTUMN
301,home,4.0,10.0,noVIPV,AUTUMN
301,work,0.0,0.0,noVIPV,AUTUMN
301,public,0.0,0.0,noVIPV,AUTUMN
302,home,0.0,0.0,noVIPV,AUTUMN
302,work,0.0,0.0,noVIPV,AUTUMN
302,public,0.0,0.0,noVIPV,AUTUMN
303,home,10.0,25.0,noVIPV,AUTUMN
303,work,0.0,0.0,noVIPV,AUTUMN
303,public,2.0,5.0,noVIPV,AUTUMN
304,home,1.0,2.5,noVIPV,AUTUMN
304,work,0.0,0.0,noVIPV,AUTUMN
304,public,3.0,7.5,noVIPV,AUTUMN
305,home,40.0,100.0,noVIPV,AUTUMN
305,work,2.0,5.0,noVIPV,AUTUMN
305,public,2.0,5.0,noVIPV,AUTUMN
306,home,31.0,77.5,noVIPV,AUTUMN
306,work,6.0,15.0,noVIPV,AUTUMN
306,public,3.0,7.5,noVIPV,AUTUMN
307,home,0.0,0.0,noVIPV,AUTUMN
307,work,4.0,10.0,noVIPV,AUTUMN
307,public,4.0,10.0,noVIPV,AUTUMN
308,home,0.0,0.0,noVIPV,AUTUMN
308,work,0.0,0.0,noVIPV,AUTUMN
308,public,0.0,0.0,noVIPV,AUTUMN
309,home,0.0,0.0,noVIPV,AUTUMN
309,work,0.0,0.0,noVIPV,AUTUMN
309,public,3.0,7.5,noVIPV,AUTUMN
310,home,0.0,0.0,noVIPV,AUTUMN
310,work,3.0,7.5,noVIPV,AUTUMN
310,public,0.0,0.0,noVIPV,AUTUMN
311,home,0.0,0.0,noVIPV,AUTUMN
311,work,0.0,0.0,noVIPV,AUTUMN
311,public,0.0,0.0,noVIPV,AUTUMN
312,home,52.0,130.0,noVIPV,AUTUMN
312,work,4.0,10.0,noVIPV,AUTUMN
312,public,28.0,70.0,noVIPV,AUTUMN
313,home,14.0,35.0,noVIPV,AUTUMN
313,work,1.0,2.5,noVIPV,AUTUMN
313,public,18.0,45.0,noVIPV,AUTUMN
314,home,17.0,42.5,noVIPV,AUTUMN
314,work,13.0,32.5,noVIPV,AUTUMN
314,public,12.0,30.0,noVIPV,AUTUMN
315,home,14.0,35.0,noVIPV,AUTUMN
315,work,7.0,17.5,noVIPV,AUTUMN
315,public,61.0,152.5,noVIPV,AUTUMN
316,home,31.0,77.5,noVIPV,AUTUMN
316,work,10.0,25.0,noVIPV,AUTUMN
316,public,30.0,75.0,noVIPV,AUTUMN
317,home,0.0,0.0,noVIPV,AUTUMN
317,work,11.0,27.5,noVIPV,AUTUMN
317,public,1.0,2.5,noVIPV,AUTUMN
318,home,6.0,15.0,noVIPV,AUTUMN
318,work,13.0,32.5,noVIPV,AUTUMN
318,public,6.0,15.0,noVIPV,AUTUMN
319,home,4.0,10.0,noVIPV,AUTUMN
319,work,9.0,22.5,noVIPV,AUTUMN
319,public,9.0,22.5,noVIPV,AUTUMN
320,home,39.0,97.5,noVIPV,AUTUMN
320,work,2.0,5.0,noVIPV,AUTUMN
320,public,32.0,80.0,noVIPV,AUTUMN
321,home,30.0,75.0,noVIPV,AUTUMN
321,work,10.0,25.0,noVIPV,AUTUMN
321,public,57.0,142.5,noVIPV,AUTUMN
322,home,38.0,95.0,noVIPV,AUTUMN
322,work,3.0,7.5,noVIPV,AUTUMN
322,public,32.0,80.0,noVIPV,AUTUMN
323,home,25.0,62.5,noVIPV,AUTUMN
323,work,11.0,27.5,noVIPV,AUTUMN
323,public,11.0,27.5,noVIPV,AUTUMN
324,home,59.0,147.5,noVIPV,AUTUMN
324,work,3.0,7.5,noVIPV,AUTUMN
324,public,39.0,97.5,noVIPV,AUTUMN
325,home,54.0,135.0,noVIPV,AUTUMN
325,work,0.0,0.0,noVIPV,AUTUMN
325,public,1.0,2.5,noVIPV,AUTUMN
326,home,10.0,25.0,noVIPV,AUTUMN
326,work,0.0,0.0,noVIPV,AUTUMN
326,public,0.0,0.0,noVIPV,AUTUMN
327,home,3.0,7.5,noVIPV,AUTUMN
327,work,0.0,0.0,noVIPV,AUTUMN
327,public,3.0,7.5,noVIPV,AUTUMN
328,home,17.0,42.5,noVIPV,AUTUMN
328,work,3.0,7.5,noVIPV,AUTUMN
328,public,8.0,20.0,noVIPV,AUTUMN
329,home,1.0,2.5,noVIPV,AUTUMN
329,work,0.0,0.0,noVIPV,AUTUMN
329,public,0.0,0.0,noVIPV,AUTUMN
330,home,21.0,52.5,noVIPV,AUTUMN
330,work,0.0,0.0,noVIPV,AUTUMN
330,public,0.0,0.0,noVIPV,AUTUMN
331,home,22.0,55.0,noVIPV,AUTUMN
331,work,3.0,7.5,noVIPV,AUTUMN
331,public,13.0,32.5,noVIPV,AUTUMN
332,home,7.0,17.5,noVIPV,AUTUMN
332,work,1.0,2.5,noVIPV,AUTUMN
332,public,0.0,0.0,noVIPV,AUTUMN
333,home,0.0,0.0,noVIPV,AUTUMN
333,work,0.0,0.0,noVIPV,AUTUMN
333,public,0.0,0.0,noVIPV,AUTUMN
334,home,0.0,0.0,noVIPV,AUTUMN
334,work,2.0,5.0,noVIPV,AUTUMN
334,public,0.0,0.0,noVIPV,AUTUMN
335,home,0.0,0.0,noVIPV,AUTUMN
335,work,0.0,0.0,noVIPV,AUTUMN
335,public,1.0,2.5,noVIPV,AUTUMN
336,home,0.0,0.0,noVIPV,AUTUMN
336,work,2.0,5.0,noVIPV,AUTUMN
336,public,7.0,17.5,noVIPV,AUTUMN
337,home,54.0,135.0,noVIPV,AUTUMN
337,work,3.0,7.5,noVIPV,AUTUMN
337,public,15.0,37.5,noVIPV,AUTUMN
338,home,32.0,80.0,noVIPV,AUTUMN
338,work,0.0,0.0,noVIPV,AUTUMN
338,public,17.0,42.5,noVIPV,AUTUMN
339,home,32.0,80.0,noVIPV,AUTUMN
339,work,2.0,5.0,noVIPV,AUTUMN
339,public,4.0,10.0,noVIPV,AUTUMN
340,home,34.0,85.0,noVIPV,AUTUMN
340,work,5.0,12.5,noVIPV,AUTUMN
340,public,37.0,92.5,noVIPV,AUTUMN
341,home,0.0,0.0,noVIPV,AUTUMN
341,work,6.0,15.0,noVIPV,AUTUMN
341,public,19.0,47.5,noVIPV,AUTUMN
342,home,0.0,0.0,noVIPV,AUTUMN
342,work,7.0,17.5,noVIPV,AUTUMN
342,public,11.0,27.5,noVIPV,AUTUMN
343,home,0.0,0.0,noVIPV,AUTUMN
343,work,2.0,5.0,noVIPV,AUTUMN
343,public,3.0,7.5,noVIPV,AUTUMN
344,home,1.0,2.5,noVIPV,AUTUMN
344,work,12.0,30.0,noVIPV,AUTUMN
344,public,0.0,0.0,noVIPV,AUTUMN
345,home,19.0,47.5,noVIPV,AUTUMN
345,work,14.0,35.0,noVIPV,AUTUMN
345,public,11.0,27.5,noVIPV,AUTUMN
346,home,6.0,15.0,noVIPV,AUTUMN
346,work,1.0,2.5,noVIPV,AUTUMN
346,public,8.0,20.0,noVIPV,AUTUMN
347,home,13.0,32.5,noVIPV,AUTUMN
347,work,7.0,17.5,noVIPV,AUTUMN
347,public,29.0,72.5,noVIPV,AUTUMN
348,home,35.0,87.5,noVIPV,AUTUMN
348,work,4.0,10.0,noVIPV,AUTUMN
348,public,11.0,27.5,noVIPV,AUTUMN
349,home,46.0,115.0,noVIPV,AUTUMN
349,work,3.0,7.5,noVIPV,AUTUMN
349,public,36.0,90.0,noVIPV,AUTUMN
350,home,28.0,70.0,noVIPV,AUTUMN
350,work,0.0,0.0,noVIPV,AUTUMN
350,public,13.0,32.5,noVIPV,AUTUMN
351,home,22.0,55.0,noVIPV,AUTUMN
351,work,0.0,0.0,noVIPV,AUTUMN
351,public,9.0,22.5,noVIPV,AUTUMN
352,home,17.0,42.5,noVIPV,AUTUMN
352,work,0.0,0.0,noVIPV,AUTUMN
352,public,35.0,87.5,noVIPV,AUTUMN
353,home,40.0,100.0,noVIPV,AUTUMN
353,work,4.0,10.0,noVIPV,AUTUMN
353,public,16.0,40.0,noVIPV,AUTUMN
354,home,12.0,30.0,noVIPV,AUTUMN
354,work,0.0,0.0,noVIPV,AUTUMN
354,public,4.0,10.0,noVIPV,AUTUMN
355,home,30.0,75.0,noVIPV,AUTUMN
355,work,0.0,0.0,noVIPV,AUTUMN
355,public,12.0,30.0,noVIPV,AUTUMN
356,home,33.0,82.5,noVIPV,AUTUMN
356,work,3.0,7.5,noVIPV,AUTUMN
356,public,12.0,30.0,noVIPV,AUTUMN
357,home,5.0,12.5,noVIPV,AUTUMN
357,work,0.0,0.0,noVIPV,AUTUMN
357,public,9.0,22.5,noVIPV,AUTUMN
358,home,3.0,7.5,noVIPV,AUTUMN
358,work,0.0,0.0,noVIPV,AUTUMN
358,public,3.0,7.5,noVIPV,AUTUMN
359,home,0.0,0.0,noVIPV,AUTUMN
359,work,0.0,0.0,noVIPV,AUTUMN
359,public,0.0,0.0,noVIPV,AUTUMN
360,home,0.0,0.0,noVIPV,AUTUMN
360,work,23.0,57.5,noVIPV,AUTUMN
360,public,2.0,5.0,noVIPV,AUTUMN
361,home,0.0,0.0,noVIPV,AUTUMN
361,work,95.0,237.5,noVIPV,AUTUMN
361,public,12.0,30.0,noVIPV,AUTUMN
362,home,65.0,162.5,noVIPV,AUTUMN
362,work,2.0,5.0,noVIPV,AUTUMN
362,public,27.0,67.5,noVIPV,AUTUMN
363,home,21.0,52.5,noVIPV,AUTUMN
363,work,0.0,0.0,noVIPV,AUTUMN
363,public,7.0,17.5,noVIPV,AUTUMN
364,home,47.0,117.5,noVIPV,AUTUMN
364,work,2.0,5.0,noVIPV,AUTUMN
364,public,14.0,35.0,noVIPV,AUTUMN
365,home,32.0,80.0,noVIPV,AUTUMN
365,work,0.0,0.0,noVIPV,AUTUMN
365,public,27.0,67.5,noVIPV,AUTUMN
366,home,9.0,22.5,noVIPV,AUTUMN
366,work,11.0,27.5,noVIPV,AUTUMN
366,public,4.0,10.0,noVIPV,AUTUMN
367,home,21.0,52.5,noVIPV,AUTUMN
367,work,1.0,2.5,noVIPV,AUTUMN
367,public,32.0,80.0,noVIPV,AUTUMN
368,home,25.0,62.5,noVIPV,AUTUMN
368,work,1.0,2.5,noVIPV,AUTUMN
368,public,0.0,0.0,noVIPV,AUTUMN
369,home,0.0,0.0,noVIPV,AUTUMN
369,work,7.0,17.5,noVIPV,AUTUMN
369,public,10.0,25.0,noVIPV,AUTUMN
370,home,18.0,45.0,noVIPV,AUTUMN
370,work,6.0,15.0,noVIPV,AUTUMN
370,public,25.0,62.5,noVIPV,AUTUMN
371,home,15.0,37.5,noVIPV,AUTUMN
371,work,7.0,17.5,noVIPV,AUTUMN
371,public,15.0,37.5,noVIPV,AUTUMN
372,home,1.0,2.5,noVIPV,AUTUMN
372,work,2.0,5.0,noVIPV,AUTUMN
372,public,5.0,12.5,noVIPV,AUTUMN
373,home,20.0,50.0,noVIPV,AUTUMN
373,work,6.0,15.0,noVIPV,AUTUMN
373,public,6.0,15.0,noVIPV,AUTUMN
374,home,5.0,12.5,noVIPV,AUTUMN
374,work,3.0,7.5,noVIPV,AUTUMN
374,public,9.0,22.5,noVIPV,AUTUMN
375,home,10.0,25.0,noVIPV,AUTUMN
375,work,4.0,10.0,noVIPV,AUTUMN
375,public,20.0,50.0,noVIPV,AUTUMN
376,home,3.0,7.5,noVIPV,AUTUMN
376,work,0.0,0.0,noVIPV,AUTUMN
376,public,8.0,20.0,noVIPV,AUTUMN
377,home,52.0,130.0,noVIPV,AUTUMN
377,work,4.0,10.0,noVIPV,AUTUMN
377,public,25.0,62.5,noVIPV,AUTUMN
378,home,41.0,102.5,noVIPV,AUTUMN
378,work,1.0,2.5,noVIPV,AUTUMN
378,public,21.0,52.5,noVIPV,AUTUMN
379,home,1.0,2.5,noVIPV,AUTUMN
379,work,0.0,0.0,noVIPV,AUTUMN
379,public,15.0,37.5,noVIPV,AUTUMN
380,home,12.0,30.0,noVIPV,AUTUMN
380,work,4.0,10.0,noVIPV,AUTUMN
380,public,4.0,10.0,noVIPV,AUTUMN
381,home,32.0,80.0,noVIPV,AUTUMN
381,work,1.0,2.5,noVIPV,AUTUMN
381,public,17.0,42.5,noVIPV,AUTUMN
382,home,29.0,72.5,noVIPV,AUTUMN
382,work,0.0,0.0,noVIPV,AUTUMN
382,public,5.0,12.5,noVIPV,AUTUMN
383,home,16.0,40.0,noVIPV,AUTUMN
383,work,0.0,0.0,noVIPV,AUTUMN
383,public,0.0,0.0,noVIPV,AUTUMN
384,home,0.0,0.0,noVIPV,AUTUMN
384,work,0.0,0.0,noVIPV,AUTUMN
384,public,1.0,2.5,noVIPV,AUTUMN
385,home,6.0,15.0,noVIPV,AUTUMN
385,work,3.0,7.5,noVIPV,AUTUMN
385,public,0.0,0.0,noVIPV,AUTUMN
386,home,0.0,0.0,noVIPV,AUTUMN
386,work,28.0,70.0,noVIPV,AUTUMN
386,public,13.0,32.5,noVIPV,AUTUMN
387,home,0.0,0.0,noVIPV,AUTUMN
387,work,9.0,22.5,noVIPV,AUTUMN
387,public,0.0,0.0,noVIPV,AUTUMN
388,home,35.0,87.5,noVIPV,AUTUMN
388,work,2.0,5.0,noVIPV,AUTUMN
388,public,23.0,57.5,noVIPV,AUTUMN
389,home,28.0,70.0,noVIPV,AUTUMN
389,work,0.0,0.0,noVIPV,AUTUMN
389,public,12.0,30.0,noVIPV,AUTUMN
390,home,0.0,0.0,noVIPV,AUTUMN
390,work,0.0,0.0,noVIPV,AUTUMN
390,public,0.0,0.0,noVIPV,AUTUMN
391,home,5.0,12.5,noVIPV,AUTUMN
391,work,7.0,17.5,noVIPV,AUTUMN
391,public,1.0,2.5,noVIPV,AUTUMN
392,home,15.0,37.5,noVIPV,AUTUMN
392,work,4.0,10.0,noVIPV,AUTUMN
392,public,13.0,32.5,noVIPV,AUTUMN
393,home,36.0,90.0,noVIPV,AUTUMN
393,work,1.0,2.5,noVIPV,AUTUMN
393,public,0.0,0.0,noVIPV,AUTUMN
394,home,20.0,50.0,noVIPV,AUTUMN
394,work,2.0,5.0,noVIPV,AUTUMN
394,public,23.0,57.5,noVIPV,AUTUMN
395,home,0.0,0.0,noVIPV,AUTUMN
395,work,14.0,35.0,noVIPV,AUTUMN
395,public,7.0,17.5,noVIPV,AUTUMN
396,home,0.0,0.0,noVIPV,AUTUMN
396,work,0.0,0.0,noVIPV,AUTUMN
396,public,0.0,0.0,noVIPV,AUTUMN
397,home,11.0,27.5,noVIPV,AUTUMN
397,work,3.0,7.5,noVIPV,AUTUMN
397,public,8.0,20.0,noVIPV,AUTUMN
398,home,7.0,17.5,noVIPV,AUTUMN
398,work,0.0,0.0,noVIPV,AUTUMN
398,public,5.0,12.5,noVIPV,AUTUMN
399,home,68.0,170.0,noVIPV,AUTUMN
399,work,7.0,17.5,noVIPV,AUTUMN
399,public,12.0,30.0,noVIPV,AUTUMN
400,home,20.0,50.0,noVIPV,AUTUMN
400,work,1.0,2.5,noVIPV,AUTUMN
400,public,4.0,10.0,noVIPV,AUTUMN
401,home,43.0,107.5,noVIPV,AUTUMN
401,work,3.0,7.5,noVIPV,AUTUMN
401,public,18.0,45.0,noVIPV,AUTUMN
402,home,10.0,25.0,noVIPV,AUTUMN
402,work,5.0,12.5,noVIPV,AUTUMN
402,public,25.0,62.5,noVIPV,AUTUMN
403,home,41.0,102.5,noVIPV,AUTUMN
403,work,16.0,40.0,noVIPV,AUTUMN
403,public,14.0,35.0,noVIPV,AUTUMN
404,home,10.0,25.0,noVIPV,AUTUMN
404,work,8.0,20.0,noVIPV,AUTUMN
404,public,5.0,12.5,noVIPV,AUTUMN
405,home,12.0,30.0,noVIPV,AUTUMN
405,work,1.0,2.5,noVIPV,AUTUMN
405,public,10.0,25.0,noVIPV,AUTUMN
406,home,7.0,17.5,noVIPV,AUTUMN
406,work,0.0,0.0,noVIPV,AUTUMN
406,public,2.0,5.0,noVIPV,AUTUMN
407,home,0.0,0.0,noVIPV,AUTUMN
407,work,0.0,0.0,noVIPV,AUTUMN
407,public,1.0,2.5,noVIPV,AUTUMN
408,home,24.0,60.0,noVIPV,AUTUMN
408,work,1.0,2.5,noVIPV,AUTUMN
408,public,4.0,10.0,noVIPV,AUTUMN
409,home,20.0,50.0,noVIPV,AUTUMN
409,work,0.0,0.0,noVIPV,AUTUMN
409,public,4.0,10.0,noVIPV,AUTUMN
410,home,2.0,5.0,noVIPV,AUTUMN
410,work,0.0,0.0,noVIPV,AUTUMN
410,public,4.0,10.0,noVIPV,AUTUMN
411,home,9.0,22.5,noVIPV,AUTUMN
411,work,0.0,0.0,noVIPV,AUTUMN
411,public,3.0,7.5,noVIPV,AUTUMN
412,home,7.0,17.5,noVIPV,AUTUMN
412,work,0.0,0.0,noVIPV,AUTUMN
412,public,6.0,15.0,noVIPV,AUTUMN
413,home,0.0,0.0,noVIPV,AUTUMN
413,work,0.0,0.0,noVIPV,AUTUMN
413,public,0.0,0.0,noVIPV,AUTUMN
414,home,10.0,25.0,noVIPV,AUTUMN
414,work,0.0,0.0,noVIPV,AUTUMN
414,public,7.0,17.5,noVIPV,AUTUMN
415,home,16.0,40.0,noVIPV,AUTUMN
415,work,0.0,0.0,noVIPV,AUTUMN
415,public,7.0,17.5,noVIPV,AUTUMN
416,home,13.0,32.5,noVIPV,AUTUMN
416,work,0.0,0.0,noVIPV,AUTUMN
416,public,2.0,5.0,noVIPV,AUTUMN
417,home,13.0,32.5,noVIPV,AUTUMN
417,work,0.0,0.0,noVIPV,AUTUMN
417,public,8.0,20.0,noVIPV,AUTUMN
418,home,0.0,0.0,noVIPV,AUTUMN
418,work,2.0,5.0,noVIPV,AUTUMN
418,public,1.0,2.5,noVIPV,AUTUMN
419,home,23.0,57.5,noVIPV,AUTUMN
419,work,4.0,10.0,noVIPV,AUTUMN
419,public,36.0,90.0,noVIPV,AUTUMN
420,home,50.0,125.0,noVIPV,AUTUMN
420,work,7.0,17.5,noVIPV,AUTUMN
420,public,13.0,32.5,noVIPV,AUTUMN
421,home,13.0,32.5,noVIPV,AUTUMN
421,work,13.0,32.5,noVIPV,AUTUMN
421,public,22.0,55.0,noVIPV,AUTUMN
422,home,1.0,2.5,noVIPV,AUTUMN
422,work,0.0,0.0,noVIPV,AUTUMN
422,public,2.0,5.0,noVIPV,AUTUMN
423,home,20.0,50.0,noVIPV,AUTUMN
423,work,0.0,0.0,noVIPV,AUTUMN
423,public,17.0,42.5,noVIPV,AUTUMN
424,home,24.0,60.0,noVIPV,AUTUMN
424,work,0.0,0.0,noVIPV,AUTUMN
424,public,28.0,70.0,noVIPV,AUTUMN
425,home,20.0,50.0,noVIPV,AUTUMN
425,work,0.0,0.0,noVIPV,AUTUMN
425,public,12.0,30.0,noVIPV,AUTUMN
426,home,5.0,12.5,noVIPV,AUTUMN
426,work,2.0,5.0,noVIPV,AUTUMN
426,public,13.0,32.5,noVIPV,AUTUMN
427,home,11.0,27.5,noVIPV,AUTUMN
427,work,1.0,2.5,noVIPV,AUTUMN
427,public,1.0,2.5,noVIPV,AUTUMN
428,home,9.0,22.5,noVIPV,AUTUMN
428,work,1.0,2.5,noVIPV,AUTUMN
428,public,9.0,22.5,noVIPV,AUTUMN
429,home,9.0,22.5,noVIPV,AUTUMN
429,work,0.0,0.0,noVIPV,AUTUMN
429,public,0.0,0.0,noVIPV,AUTUMN
430,home,14.0,35.0,noVIPV,AUTUMN
430,work,0.0,0.0,noVIPV,AUTUMN
430,public,15.0,37.5,noVIPV,AUTUMN
431,home,0.0,0.0,noVIPV,AUTUMN
431,work,0.0,0.0,noVIPV,AUTUMN
431,public,2.0,5.0,noVIPV,AUTUMN
432,home,12.0,30.0,noVIPV,AUTUMN
432,work,0.0,0.0,noVIPV,AUTUMN
432,public,7.0,17.5,noVIPV,AUTUMN
433,home,0.0,0.0,noVIPV,AUTUMN
433,work,0.0,0.0,noVIPV,AUTUMN
433,public,0.0,0.0,noVIPV,AUTUMN
434,home,2.0,5.0,noVIPV,AUTUMN
434,work,1.0,2.5,noVIPV,AUTUMN
434,public,4.0,10.0,noVIPV,AUTUMN
435,home,2.0,5.0,noVIPV,AUTUMN
435,work,0.0,0.0,noVIPV,AUTUMN
435,public,0.0,0.0,noVIPV,AUTUMN
436,home,11.0,27.5,noVIPV,AUTUMN
436,work,2.0,5.0,noVIPV,AUTUMN
436,public,1.0,2.5,noVIPV,AUTUMN
437,home,3.0,7.5,noVIPV,AUTUMN
437,work,0.0,0.0,noVIPV,AUTUMN
437,public,1.0,2.5,noVIPV,AUTUMN
438,home,5.0,12.5,noVIPV,AUTUMN
438,work,0.0,0.0,noVIPV,AUTUMN
438,public,0.0,0.0,noVIPV,AUTUMN
439,home,0.0,0.0,noVIPV,AUTUMN
439,work,0.0,0.0,noVIPV,AUTUMN
439,public,0.0,0.0,noVIPV,AUTUMN
440,home,9.0,22.5,noVIPV,AUTUMN
440,work,0.0,0.0,noVIPV,AUTUMN
440,public,6.0,15.0,noVIPV,AUTUMN
441,home,53.0,132.5,noVIPV,AUTUMN
441,work,2.0,5.0,noVIPV,AUTUMN
441,public,13.0,32.5,noVIPV,AUTUMN
442,home,9.0,22.5,noVIPV,AUTUMN
442,work,0.0,0.0,noVIPV,AUTUMN
442,public,6.0,15.0,noVIPV,AUTUMN
443,home,25.0,62.5,noVIPV,AUTUMN
443,work,1.0,2.5,noVIPV,AUTUMN
443,public,14.0,35.0,noVIPV,AUTUMN
444,home,35.0,87.5,noVIPV,AUTUMN
444,work,0.0,0.0,noVIPV,AUTUMN
444,public,14.0,35.0,noVIPV,AUTUMN
445,home,51.0,127.5,noVIPV,AUTUMN
445,work,7.0,17.5,noVIPV,AUTUMN
445,public,51.0,127.5,noVIPV,AUTUMN
446,home,0.0,0.0,noVIPV,AUTUMN
446,work,11.0,27.5,noVIPV,AUTUMN
446,public,1.0,2.5,noVIPV,AUTUMN
447,home,0.0,0.0,noVIPV,AUTUMN
447,work,1.0,2.5,noVIPV,AUTUMN
447,public,3.0,7.5,noVIPV,AUTUMN
448,home,32.0,80.0,noVIPV,AUTUMN
448,work,5.0,12.5,noVIPV,AUTUMN
448,public,9.0,22.5,noVIPV,AUTUMN
449,home,32.0,80.0,noVIPV,AUTUMN
449,work,0.0,0.0,noVIPV,AUTUMN
449,public,7.0,17.5,noVIPV,AUTUMN
450,home,47.0,117.5,noVIPV,AUTUMN
450,work,1.0,2.5,noVIPV,AUTUMN
450,public,17.0,42.5,noVIPV,AUTUMN
451,home,34.0,85.0,noVIPV,AUTUMN
451,work,2.0,5.0,noVIPV,AUTUMN
451,public,15.0,37.5,noVIPV,AUTUMN
452,home,15.0,37.5,noVIPV,AUTUMN
452,work,0.0,0.0,noVIPV,AUTUMN
452,public,3.0,7.5,noVIPV,AUTUMN
453,home,2.0,5.0,noVIPV,AUTUMN
453,work,0.0,0.0,noVIPV,AUTUMN
453,public,0.0,0.0,noVIPV,AUTUMN
454,home,20.0,50.0,noVIPV,AUTUMN
454,work,0.0,0.0,noVIPV,AUTUMN
454,public,1.0,2.5,noVIPV,AUTUMN
455,home,1.0,2.5,noVIPV,AUTUMN
455,work,0.0,0.0,noVIPV,AUTUMN
455,public,1.0,2.5,noVIPV,AUTUMN
456,home,3.0,7.5,noVIPV,AUTUMN
456,work,0.0,0.0,noVIPV,AUTUMN
456,public,4.0,10.0,noVIPV,AUTUMN
457,home,0.0,0.0,noVIPV,AUTUMN
457,work,0.0,0.0,noVIPV,AUTUMN
457,public,1.0,2.5,noVIPV,AUTUMN
458,home,0.0,0.0,noVIPV,AUTUMN
458,work,17.0,42.5,noVIPV,AUTUMN
458,public,4.0,10.0,noVIPV,AUTUMN
459,home,0.0,0.0,noVIPV,AUTUMN
459,work,0.0,0.0,noVIPV,AUTUMN
459,public,1.0,2.5,noVIPV,AUTUMN
460,home,36.0,90.0,noVIPV,AUTUMN
460,work,0.0,0.0,noVIPV,AUTUMN
460,public,27.0,67.5,noVIPV,AUTUMN
461,home,28.0,70.0,noVIPV,AUTUMN
461,work,2.0,5.0,noVIPV,AUTUMN
461,public,19.0,47.5,noVIPV,AUTUMN
462,home,22.0,55.0,noVIPV,AUTUMN
462,work,3.0,7.5,noVIPV,AUTUMN
462,public,12.0,30.0,noVIPV,AUTUMN
463,home,41.0,102.5,noVIPV,AUTUMN
463,work,0.0,0.0,noVIPV,AUTUMN
463,public,10.0,25.0,noVIPV,AUTUMN
464,home,15.0,37.5,noVIPV,AUTUMN
464,work,1.0,2.5,noVIPV,AUTUMN
464,public,4.0,10.0,noVIPV,AUTUMN
465,home,3.0,7.5,noVIPV,AUTUMN
465,work,1.0,2.5,noVIPV,AUTUMN
465,public,0.0,0.0,noVIPV,AUTUMN
466,home,0.0,0.0,noVIPV,AUTUMN
466,work,1.0,2.5,noVIPV,AUTUMN
466,public,4.0,10.0,noVIPV,AUTUMN
467,home,5.0,12.5,noVIPV,AUTUMN
467,work,1.0,2.5,noVIPV,AUTUMN
467,public,0.0,0.0,noVIPV,AUTUMN
468,home,57.0,142.5,noVIPV,AUTUMN
468,work,0.0,0.0,noVIPV,AUTUMN
468,public,37.0,92.5,noVIPV,AUTUMN
469,home,45.0,112.5,noVIPV,AUTUMN
469,work,5.0,12.5,noVIPV,AUTUMN
469,public,18.0,45.0,noVIPV,AUTUMN
470,home,51.0,127.5,noVIPV,AUTUMN
470,work,2.0,5.0,noVIPV,AUTUMN
470,public,66.0,165.0,noVIPV,AUTUMN
471,home,4.0,10.0,noVIPV,AUTUMN
471,work,1.0,2.5,noVIPV,AUTUMN
471,public,0.0,0.0,noVIPV,AUTUMN
472,home,3.0,7.5,noVIPV,AUTUMN
472,work,0.0,0.0,noVIPV,AUTUMN
472,public,0.0,0.0,noVIPV,AUTUMN
473,home,0.0,0.0,noVIPV,AUTUMN
473,work,0.0,0.0,noVIPV,AUTUMN
473,public,3.0,7.5,noVIPV,AUTUMN
474,home,9.0,22.5,noVIPV,AUTUMN
474,work,0.0,0.0,noVIPV,AUTUMN
474,public,1.0,2.5,noVIPV,AUTUMN
475,home,13.0,32.5,noVIPV,AUTUMN
475,work,0.0,0.0,noVIPV,AUTUMN
475,public,7.0,17.5,noVIPV,AUTUMN
476,home,21.0,52.5,noVIPV,AUTUMN
476,work,1.0,2.5,noVIPV,AUTUMN
476,public,2.0,5.0,noVIPV,AUTUMN
477,home,2.0,5.0,noVIPV,AUTUMN
477,work,0.0,0.0,noVIPV,AUTUMN
477,public,0.0,0.0,noVIPV,AUTUMN
478,home,2.0,5.0,noVIPV,AUTUMN
478,work,0.0,0.0,noVIPV,AUTUMN
478,public,0.0,0.0,noVIPV,AUTUMN
479,home,9.0,22.5,noVIPV,AUTUMN
479,work,0.0,0.0,noVIPV,AUTUMN
479,public,3.0,7.5,noVIPV,AUTUMN
480,home,7.0,17.5,noVIPV,AUTUMN
480,work,2.0,5.0,noVIPV,AUTUMN
480,public,7.0,17.5,noVIPV,AUTUMN
481,home,6.0,15.0,noVIPV,AUTUMN
481,work,1.0,2.5,noVIPV,AUTUMN
481,public,1.0,2.5,noVIPV,AUTUMN
482,home,8.0,20.0,noVIPV,AUTUMN
482,work,1.0,2.5,noVIPV,AUTUMN
482,public,0.0,0.0,noVIPV,AUTUMN
483,home,0.0,0.0,noVIPV,AUTUMN
483,work,6.0,15.0,noVIPV,AUTUMN
483,public,3.0,7.5,noVIPV,AUTUMN
484,home,27.0,67.5,noVIPV,AUTUMN
484,work,0.0,0.0,noVIPV,AUTUMN
484,public,10.0,25.0,noVIPV,AUTUMN
485,home,16.0,40.0,noVIPV,AUTUMN
485,work,2.0,5.0,noVIPV,AUTUMN
485,public,4.0,10.0,noVIPV,AUTUMN
486,home,23.0,57.5,noVIPV,AUTUMN
486,work,0.0,0.0,noVIPV,AUTUMN
486,public,26.0,65.0,noVIPV,AUTUMN
487,home,2.0,5.0,noVIPV,AUTUMN
487,work,0.0,0.0,noVIPV,AUTUMN
487,public,0.0,0.0,noVIPV,AUTUMN
488,home,0.0,0.0,noVIPV,AUTUMN
488,work,0.0,0.0,noVIPV,AUTUMN
488,public,0.0,0.0,noVIPV,AUTUMN
489,home,0.0,0.0,noVIPV,AUTUMN
489,work,0.0,0.0,noVIPV,AUTUMN
489,public,2.0,5.0,noVIPV,AUTUMN
490,home,2.0,5.0,noVIPV,AUTUMN
490,work,0.0,0.0,noVIPV,AUTUMN
490,public,0.0,0.0,noVIPV,AUTUMN
491,home,4.0,10.0,noVIPV,AUTUMN
491,work,0.0,0.0,noVIPV,AUTUMN
491,public,0.0,0.0,noVIPV,AUTUMN
492,home,8.0,20.0,noVIPV,AUTUMN
492,work,0.0,0.0,noVIPV,AUTUMN
492,public,1.0,2.5,noVIPV,AUTUMN
493,home,4.0,10.0,noVIPV,AUTUMN
493,work,1.0,2.5,noVIPV,AUTUMN
493,public,3.0,7.5,noVIPV,AUTUMN
494,home,0.0,0.0,noVIPV,AUTUMN
494,work,0.0,0.0,noVIPV,AUTUMN
494,public,0.0,0.0,noVIPV,AUTUMN
495,home,0.0,0.0,noVIPV,AUTUMN
495,work,0.0,0.0,noVIPV,AUTUMN
495,public,0.0,0.0,noVIPV,AUTUMN
496,home,0.0,0.0,noVIPV,AUTUMN
496,work,0.0,0.0,noVIPV,AUTUMN
496,public,0.0,0.0,noVIPV,AUTUMN
497,home,0.0,0.0,noVIPV,AUTUMN
497,work,2.0,5.0,noVIPV,AUTUMN
497,public,1.0,2.5,noVIPV,AUTUMN
498,home,0.0,0.0,noVIPV,AUTUMN
498,work,2.0,5.0,noVIPV,AUTUMN
498,public,10.0,25.0,noVIPV,AUTUMN
499,home,23.0,57.5,noVIPV,AUTUMN
499,work,0.0,0.0,noVIPV,AUTUMN
499,public,21.0,52.5,noVIPV,AUTUMN
500,home,35.0,87.5,noVIPV,AUTUMN
500,work,2.0,5.0,noVIPV,AUTUMN
500,public,27.0,67.5,noVIPV,AUTUMN
501,home,8.0,20.0,noVIPV,AUTUMN
501,work,4.0,10.0,noVIPV,AUTUMN
501,public,15.0,37.5,noVIPV,AUTUMN
502,home,0.0,0.0,noVIPV,AUTUMN
502,work,1.0,2.5,noVIPV,AUTUMN
502,public,0.0,0.0,noVIPV,AUTUMN
503,home,0.0,0.0,noVIPV,AUTUMN
503,work,0.0,0.0,noVIPV,AUTUMN
503,public,2.0,5.0,noVIPV,AUTUMN
504,home,1.0,2.5,noVIPV,AUTUMN
504,work,0.0,0.0,noVIPV,AUTUMN
504,public,0.0,0.0,noVIPV,AUTUMN
505,home,10.0,25.0,noVIPV,AUTUMN
505,work,0.0,0.0,noVIPV,AUTUMN
505,public,7.0,17.5,noVIPV,AUTUMN
506,home,6.0,15.0,noVIPV,AUTUMN
506,work,0.0,0.0,noVIPV,AUTUMN
506,public,6.0,15.0,noVIPV,AUTUMN
507,home,0.0,0.0,noVIPV,AUTUMN
507,work,0.0,0.0,noVIPV,AUTUMN
507,public,3.0,7.5,noVIPV,AUTUMN
508,home,0.0,0.0,noVIPV,AUTUMN
508,work,0.0,0.0,noVIPV,AUTUMN
508,public,0.0,0.0,noVIPV,AUTUMN
509,home,2.0,5.0,noVIPV,AUTUMN
509,work,0.0,0.0,noVIPV,AUTUMN
509,public,1.0,2.5,noVIPV,AUTUMN
510,home,0.0,0.0,noVIPV,AUTUMN
510,work,0.0,0.0,noVIPV,AUTUMN
510,public,0.0,0.0,noVIPV,AUTUMN
511,home,11.0,27.5,noVIPV,AUTUMN
511,work,0.0,0.0,noVIPV,AUTUMN
511,public,0.0,0.0,noVIPV,AUTUMN
512,home,0.0,0.0,noVIPV,AUTUMN
512,work,5.0,12.5,noVIPV,AUTUMN
512,public,5.0,12.5,noVIPV,AUTUMN
513,home,0.0,0.0,noVIPV,AUTUMN
513,work,0.0,0.0,noVIPV,AUTUMN
513,public,1.0,2.5,noVIPV,AUTUMN
514,home,25.0,62.5,noVIPV,AUTUMN
514,work,0.0,0.0,noVIPV,AUTUMN
514,public,0.0,0.0,noVIPV,AUTUMN
515,home,51.0,127.5,noVIPV,AUTUMN
515,work,3.0,7.5,noVIPV,AUTUMN
515,public,26.0,65.0,noVIPV,AUTUMN
516,home,2.0,5.0,noVIPV,AUTUMN
516,work,0.0,0.0,noVIPV,AUTUMN
516,public,6.0,15.0,noVIPV,AUTUMN
517,home,1.0,2.5,noVIPV,AUTUMN
517,work,0.0,0.0,noVIPV,AUTUMN
517,public,0.0,0.0,noVIPV,AUTUMN
518,home,3.0,7.5,noVIPV,AUTUMN
518,work,1.0,2.5,noVIPV,AUTUMN
518,public,1.0,2.5,noVIPV,AUTUMN
519,home,4.0,10.0,noVIPV,AUTUMN
519,work,0.0,0.0,noVIPV,AUTUMN
519,public,6.0,15.0,noVIPV,AUTUMN
520,home,2.0,5.0,noVIPV,AUTUMN
520,work,0.0,0.0,noVIPV,AUTUMN
520,public,1.0,2.5,noVIPV,AUTUMN
521,home,8.0,20.0,noVIPV,AUTUMN
521,work,0.0,0.0,noVIPV,AUTUMN
521,public,0.0,0.0,noVIPV,AUTUMN
522,home,11.0,27.5,noVIPV,AUTUMN
522,work,0.0,0.0,noVIPV,AUTUMN
522,public,4.0,10.0,noVIPV,AUTUMN
523,home,3.0,7.5,noVIPV,AUTUMN
523,work,0.0,0.0,noVIPV,AUTUMN
523,public,0.0,0.0,noVIPV,AUTUMN
524,home,1.0,2.5,noVIPV,AUTUMN
524,work,3.0,7.5,noVIPV,AUTUMN
524,public,0.0,0.0,noVIPV,AUTUMN
525,home,1.0,2.5,noVIPV,AUTUMN
525,work,0.0,0.0,noVIPV,AUTUMN
525,public,0.0,0.0,noVIPV,AUTUMN
526,home,0.0,0.0,noVIPV,AUTUMN
526,work,1.0,2.5,noVIPV,AUTUMN
526,public,0.0,0.0,noVIPV,AUTUMN
527,home,1.0,2.5,noVIPV,AUTUMN
527,work,0.0,0.0,noVIPV,AUTUMN
527,public,3.0,7.5,noVIPV,AUTUMN
528,home,0.0,0.0,noVIPV,AUTUMN
528,work,0.0,0.0,noVIPV,AUTUMN
528,public,3.0,7.5,noVIPV,AUTUMN
529,home,1.0,2.5,noVIPV,AUTUMN
529,work,0.0,0.0,noVIPV,AUTUMN
529,public,0.0,0.0,noVIPV,AUTUMN
530,home,4.0,10.0,noVIPV,AUTUMN
530,work,3.0,7.5,noVIPV,AUTUMN
530,public,2.0,5.0,noVIPV,AUTUMN
531,home,0.0,0.0,noVIPV,AUTUMN
531,work,2.0,5.0,noVIPV,AUTUMN
531,public,0.0,0.0,noVIPV,AUTUMN
532,home,3.0,7.5,noVIPV,AUTUMN
532,work,0.0,0.0,noVIPV,AUTUMN
532,public,0.0,0.0,noVIPV,AUTUMN
533,home,16.0,40.0,noVIPV,AUTUMN
533,work,0.0,0.0,noVIPV,AUTUMN
533,public,4.0,10.0,noVIPV,AUTUMN
534,home,8.0,20.0,noVIPV,AUTUMN
534,work,0.0,0.0,noVIPV,AUTUMN
534,public,0.0,0.0,noVIPV,AUTUMN
535,home,0.0,0.0,noVIPV,AUTUMN
535,work,0.0,0.0,noVIPV,AUTUMN
535,public,0.0,0.0,noVIPV,AUTUMN
536,home,4.0,10.0,noVIPV,AUTUMN
536,work,0.0,0.0,noVIPV,AUTUMN
536,public,4.0,10.0,noVIPV,AUTUMN
537,home,14.0,35.0,noVIPV,AUTUMN
537,work,1.0,2.5,noVIPV,AUTUMN
537,public,1.0,2.5,noVIPV,AUTUMN
538,home,11.0,27.5,noVIPV,AUTUMN
538,work,0.0,0.0,noVIPV,AUTUMN
538,public,0.0,0.0,noVIPV,AUTUMN
539,home,22.0,55.0,noVIPV,AUTUMN
539,work,0.0,0.0,noVIPV,AUTUMN
539,public,2.0,5.0,noVIPV,AUTUMN
540,home,19.0,47.5,noVIPV,AUTUMN
540,work,0.0,0.0,noVIPV,AUTUMN
540,public,5.0,12.5,noVIPV,AUTUMN
541,home,1.0,2.5,noVIPV,AUTUMN
541,work,0.0,0.0,noVIPV,AUTUMN
541,public,3.0,7.5,noVIPV,AUTUMN
542,home,0.0,0.0,noVIPV,AUTUMN
542,work,1.0,2.5,noVIPV,AUTUMN
542,public,2.0,5.0,noVIPV,AUTUMN
543,home,2.0,5.0,noVIPV,AUTUMN
543,work,0.0,0.0,noVIPV,AUTUMN
543,public,1.0,2.5,noVIPV,AUTUMN
544,home,2.0,5.0,noVIPV,AUTUMN
544,work,0.0,0.0,noVIPV,AUTUMN
544,public,0.0,0.0,noVIPV,AUTUMN
545,home,0.0,0.0,noVIPV,AUTUMN
545,work,0.0,0.0,noVIPV,AUTUMN
545,public,1.0,2.5,noVIPV,AUTUMN
546,home,0.0,0.0,noVIPV,AUTUMN
546,work,0.0,0.0,noVIPV,AUTUMN
546,public,2.0,5.0,noVIPV,AUTUMN
547,home,0.0,0.0,noVIPV,AUTUMN
547,work,1.0,2.5,noVIPV,AUTUMN
547,public,0.0,0.0,noVIPV,AUTUMN
548,home,21.0,52.5,noVIPV,AUTUMN
548,work,0.0,0.0,noVIPV,AUTUMN
548,public,20.0,50.0,noVIPV,AUTUMN
549,home,67.0,167.5,noVIPV,AUTUMN
549,work,10.0,25.0,noVIPV,AUTUMN
549,public,28.0,70.0,noVIPV,AUTUMN
550,home,3.0,7.5,noVIPV,AUTUMN
550,work,4.0,10.0,noVIPV,AUTUMN
550,public,4.0,10.0,noVIPV,AUTUMN
551,home,3.0,7.5,noVIPV,AUTUMN
551,work,0.0,0.0,noVIPV,AUTUMN
551,public,2.0,5.0,noVIPV,AUTUMN
552,home,0.0,0.0,noVIPV,AUTUMN
552,work,5.0,12.5,noVIPV,AUTUMN
552,public,6.0,15.0,noVIPV,AUTUMN
553,home,10.0,25.0,noVIPV,AUTUMN
553,work,9.0,22.5,noVIPV,AUTUMN
553,public,3.0,7.5,noVIPV,AUTUMN
554,home,0.0,0.0,noVIPV,AUTUMN
554,work,0.0,0.0,noVIPV,AUTUMN
554,public,1.0,2.5,noVIPV,AUTUMN
555,home,4.0,10.0,noVIPV,AUTUMN
555,work,0.0,0.0,noVIPV,AUTUMN
555,public,5.0,12.5,noVIPV,AUTUMN
556,home,2.0,5.0,noVIPV,AUTUMN
556,work,0.0,0.0,noVIPV,AUTUMN
556,public,2.0,5.0,noVIPV,AUTUMN
557,home,11.0,27.5,noVIPV,AUTUMN
557,work,0.0,0.0,noVIPV,AUTUMN
557,public,4.0,10.0,noVIPV,AUTUMN
558,home,22.0,55.0,noVIPV,AUTUMN
558,work,5.0,12.5,noVIPV,AUTUMN
558,public,1.0,2.5,noVIPV,AUTUMN
559,home,0.0,0.0,noVIPV,AUTUMN
559,work,0.0,0.0,noVIPV,AUTUMN
559,public,0.0,0.0,noVIPV,AUTUMN
560,home,0.0,0.0,noVIPV,AUTUMN
560,work,0.0,0.0,noVIPV,AUTUMN
560,public,2.0,5.0,noVIPV,AUTUMN
561,home,0.0,0.0,noVIPV,AUTUMN
561,work,0.0,0.0,noVIPV,AUTUMN
561,public,0.0,0.0,noVIPV,AUTUMN
562,home,4.0,10.0,noVIPV,AUTUMN
562,work,0.0,0.0,noVIPV,AUTUMN
562,public,0.0,0.0,noVIPV,AUTUMN
563,home,32.0,80.0,noVIPV,AUTUMN
563,work,2.0,5.0,noVIPV,AUTUMN
563,public,1.0,2.5,noVIPV,AUTUMN
564,home,2.0,5.0,noVIPV,AUTUMN
564,work,0.0,0.0,noVIPV,AUTUMN
564,public,0.0,0.0,noVIPV,AUTUMN
565,home,5.0,12.5,noVIPV,AUTUMN
565,work,0.0,0.0,noVIPV,AUTUMN
565,public,5.0,12.5,noVIPV,AUTUMN
566,home,24.0,60.0,noVIPV,AUTUMN
566,work,3.0,7.5,noVIPV,AUTUMN
566,public,10.0,25.0,noVIPV,AUTUMN
567,home,12.0,30.0,noVIPV,AUTUMN
567,work,0.0,0.0,noVIPV,AUTUMN
567,public,13.0,32.5,noVIPV,AUTUMN
568,home,22.0,55.0,noVIPV,AUTUMN
568,work,2.0,5.0,noVIPV,AUTUMN
568,public,12.0,30.0,noVIPV,AUTUMN
569,home,71.0,177.5,noVIPV,AUTUMN
569,work,4.0,10.0,noVIPV,AUTUMN
569,public,15.0,37.5,noVIPV,AUTUMN
570,home,34.0,85.0,noVIPV,AUTUMN
570,work,0.0,0.0,noVIPV,AUTUMN
570,public,3.0,7.5,noVIPV,AUTUMN
571,home,23.0,57.5,noVIPV,AUTUMN
571,work,0.0,0.0,noVIPV,AUTUMN
571,public,4.0,10.0,noVIPV,AUTUMN
572,home,10.0,25.0,noVIPV,AUTUMN
572,work,0.0,0.0,noVIPV,AUTUMN
572,public,0.0,0.0,noVIPV,AUTUMN
573,home,0.0,0.0,noVIPV,AUTUMN
573,work,0.0,0.0,noVIPV,AUTUMN
573,public,0.0,0.0,noVIPV,AUTUMN
574,home,49.0,122.5,noVIPV,AUTUMN
574,work,0.0,0.0,noVIPV,AUTUMN
574,public,12.0,30.0,noVIPV,AUTUMN
575,home,25.0,62.5,noVIPV,AUTUMN
575,work,0.0,0.0,noVIPV,AUTUMN
575,public,1.0,2.5,noVIPV,AUTUMN
576,home,2.0,5.0,noVIPV,AUTUMN
576,work,0.0,0.0,noVIPV,AUTUMN
576,public,0.0,0.0,noVIPV,AUTUMN
577,home,52.0,130.0,noVIPV,AUTUMN
577,work,4.0,10.0,noVIPV,AUTUMN
577,public,35.0,87.5,noVIPV,AUTUMN
578,home,24.0,60.0,noVIPV,AUTUMN
578,work,3.0,7.5,noVIPV,AUTUMN
578,public,15.0,37.5,noVIPV,AUTUMN
579,home,11.0,27.5,noVIPV,AUTUMN
579,work,1.0,2.5,noVIPV,AUTUMN
579,public,19.0,47.5,noVIPV,AUTUMN
580,home,25.0,62.5,noVIPV,AUTUMN
580,work,1.0,2.5,noVIPV,AUTUMN
580,public,7.0,17.5,noVIPV,AUTUMN
581,home,1.0,2.5,noVIPV,AUTUMN
581,work,0.0,0.0,noVIPV,AUTUMN
581,public,0.0,0.0,noVIPV,AUTUMN
582,home,0.0,0.0,noVIPV,AUTUMN
582,work,0.0,0.0,noVIPV,AUTUMN
582,public,1.0,2.5,noVIPV,AUTUMN
583,home,18.0,45.0,noVIPV,AUTUMN
583,work,0.0,0.0,noVIPV,AUTUMN
583,public,0.0,0.0,noVIPV,AUTUMN
584,home,24.0,60.0,noVIPV,AUTUMN
584,work,0.0,0.0,noVIPV,AUTUMN
584,public,9.0,22.5,noVIPV,AUTUMN
585,home,33.0,82.5,noVIPV,AUTUMN
585,work,1.0,2.5,noVIPV,AUTUMN
585,public,0.0,0.0,noVIPV,AUTUMN
586,home,46.0,115.0,noVIPV,AUTUMN
586,work,1.0,2.5,noVIPV,AUTUMN
586,public,26.0,65.0,noVIPV,AUTUMN
0,home,17.0,42.5,noVIPV,WINTER
0,work,0.0,0.0,noVIPV,WINTER
0,public,0.0,0.0,noVIPV,WINTER
1,home,31.0,77.5,noVIPV,WINTER
1,work,3.0,7.5,noVIPV,WINTER
1,public,0.0,0.0,noVIPV,WINTER
2,home,12.0,30.0,noVIPV,WINTER
2,work,0.0,0.0,noVIPV,WINTER
2,public,0.0,0.0,noVIPV,WINTER
3,home,10.0,25.0,noVIPV,WINTER
3,work,3.0,7.5,noVIPV,WINTER
3,public,0.0,0.0,noVIPV,WINTER
4,home,0.0,0.0,noVIPV,WINTER
4,work,0.0,0.0,noVIPV,WINTER
4,public,0.0,0.0,noVIPV,WINTER
5,home,18.0,45.0,noVIPV,WINTER
5,work,0.0,0.0,noVIPV,WINTER
5,public,0.0,0.0,noVIPV,WINTER
6,home,14.0,35.0,noVIPV,WINTER
6,work,3.0,7.5,noVIPV,WINTER
6,public,0.0,0.0,noVIPV,WINTER
7,home,21.0,52.5,noVIPV,WINTER
7,work,0.0,0.0,noVIPV,WINTER
7,public,0.0,0.0,noVIPV,WINTER
8,home,0.0,0.0,noVIPV,WINTER
8,work,0.0,0.0,noVIPV,WINTER
8,public,0.0,0.0,noVIPV,WINTER
9,home,5.0,12.5,noVIPV,WINTER
9,work,0.0,0.0,noVIPV,WINTER
9,public,0.0,0.0,noVIPV,WINTER
10,home,33.0,82.5,noVIPV,WINTER
10,work,1.0,2.5,noVIPV,WINTER
10,public,0.0,0.0,noVIPV,WINTER
11,home,25.0,62.5,noVIPV,WINTER
11,work,5.0,12.5,noVIPV,WINTER
11,public,0.0,0.0,noVIPV,WINTER
12,home,9.0,22.5,noVIPV,WINTER
12,work,5.0,12.5,noVIPV,WINTER
12,public,0.0,0.0,noVIPV,WINTER
13,home,2.0,5.0,noVIPV,WINTER
13,work,1.0,2.5,noVIPV,WINTER
13,public,0.0,0.0,noVIPV,WINTER
14,home,3.0,7.5,noVIPV,WINTER
14,work,0.0,0.0,noVIPV,WINTER
14,public,0.0,0.0,noVIPV,WINTER
15,home,0.0,0.0,noVIPV,WINTER
15,work,1.0,2.5,noVIPV,WINTER
15,public,0.0,0.0,noVIPV,WINTER
16,home,3.0,7.5,noVIPV,WINTER
16,work,1.0,2.5,noVIPV,WINTER
16,public,0.0,0.0,noVIPV,WINTER
17,home,17.0,42.5,noVIPV,WINTER
17,work,0.0,0.0,noVIPV,WINTER
17,public,0.0,0.0,noVIPV,WINTER
18,home,15.0,37.5,noVIPV,WINTER
18,work,0.0,0.0,noVIPV,WINTER
18,public,0.0,0.0,noVIPV,WINTER
19,home,11.0,27.5,noVIPV,WINTER
19,work,2.0,5.0,noVIPV,WINTER
19,public,0.0,0.0,noVIPV,WINTER
20,home,28.0,70.0,noVIPV,WINTER
20,work,4.0,10.0,noVIPV,WINTER
20,public,0.0,0.0,noVIPV,WINTER
21,home,4.0,10.0,noVIPV,WINTER
21,work,1.0,2.5,noVIPV,WINTER
21,public,0.0,0.0,noVIPV,WINTER
22,home,5.0,12.5,noVIPV,WINTER
22,work,0.0,0.0,noVIPV,WINTER
22,public,0.0,0.0,noVIPV,WINTER
23,home,4.0,10.0,noVIPV,WINTER
23,work,0.0,0.0,noVIPV,WINTER
23,public,1.0,2.5,noVIPV,WINTER
24,home,6.0,15.0,noVIPV,WINTER
24,work,0.0,0.0,noVIPV,WINTER
24,public,0.0,0.0,noVIPV,WINTER
25,home,3.0,7.5,noVIPV,WINTER
25,work,0.0,0.0,noVIPV,WINTER
25,public,4.0,10.0,noVIPV,WINTER
26,home,7.0,17.5,noVIPV,WINTER
26,work,0.0,0.0,noVIPV,WINTER
26,public,3.0,7.5,noVIPV,WINTER
27,home,3.0,7.5,noVIPV,WINTER
27,work,0.0,0.0,noVIPV,WINTER
27,public,3.0,7.5,noVIPV,WINTER
28,home,30.0,75.0,noVIPV,WINTER
28,work,0.0,0.0,noVIPV,WINTER
28,public,6.0,15.0,noVIPV,WINTER
29,home,0.0,0.0,noVIPV,WINTER
29,work,0.0,0.0,noVIPV,WINTER
29,public,1.0,2.5,noVIPV,WINTER
30,home,9.0,22.5,noVIPV,WINTER
30,work,0.0,0.0,noVIPV,WINTER
30,public,2.0,5.0,noVIPV,WINTER
31,home,3.0,7.5,noVIPV,WINTER
31,work,1.0,2.5,noVIPV,WINTER
31,public,1.0,2.5,noVIPV,WINTER
32,home,1.0,2.5,noVIPV,WINTER
32,work,0.0,0.0,noVIPV,WINTER
32,public,0.0,0.0,noVIPV,WINTER
33,home,6.0,15.0,noVIPV,WINTER
33,work,0.0,0.0,noVIPV,WINTER
33,public,0.0,0.0,noVIPV,WINTER
34,home,0.0,0.0,noVIPV,WINTER
34,work,0.0,0.0,noVIPV,WINTER
34,public,0.0,0.0,noVIPV,WINTER
35,home,2.0,5.0,noVIPV,WINTER
35,work,0.0,0.0,noVIPV,WINTER
35,public,0.0,0.0,noVIPV,WINTER
36,home,11.0,27.5,noVIPV,WINTER
36,work,0.0,0.0,noVIPV,WINTER
36,public,5.0,12.5,noVIPV,WINTER
37,home,1.0,2.5,noVIPV,WINTER
37,work,0.0,0.0,noVIPV,WINTER
37,public,1.0,2.5,noVIPV,WINTER
38,home,0.0,0.0,noVIPV,WINTER
38,work,0.0,0.0,noVIPV,WINTER
38,public,6.0,15.0,noVIPV,WINTER
39,home,20.0,50.0,noVIPV,WINTER
39,work,2.0,5.0,noVIPV,WINTER
39,public,4.0,10.0,noVIPV,WINTER
40,home,16.0,40.0,noVIPV,WINTER
40,work,0.0,0.0,noVIPV,WINTER
40,public,2.0,5.0,noVIPV,WINTER
41,home,6.0,15.0,noVIPV,WINTER
41,work,0.0,0.0,noVIPV,WINTER
41,public,0.0,0.0,noVIPV,WINTER
42,home,6.0,15.0,noVIPV,WINTER
42,work,0.0,0.0,noVIPV,WINTER
42,public,5.0,12.5,noVIPV,WINTER
43,home,23.0,57.5,noVIPV,WINTER
43,work,3.0,7.5,noVIPV,WINTER
43,public,9.0,22.5,noVIPV,WINTER
44,home,6.0,15.0,noVIPV,WINTER
44,work,0.0,0.0,noVIPV,WINTER
44,public,0.0,0.0,noVIPV,WINTER
45,home,9.0,22.5,noVIPV,WINTER
45,work,1.0,2.5,noVIPV,WINTER
45,public,3.0,7.5,noVIPV,WINTER
46,home,3.0,7.5,noVIPV,WINTER
46,work,4.0,10.0,noVIPV,WINTER
46,public,9.0,22.5,noVIPV,WINTER
47,home,8.0,20.0,noVIPV,WINTER
47,work,0.0,0.0,noVIPV,WINTER
47,public,0.0,0.0,noVIPV,WINTER
48,home,2.0,5.0,noVIPV,WINTER
48,work,0.0,0.0,noVIPV,WINTER
48,public,0.0,0.0,noVIPV,WINTER
49,home,0.0,0.0,noVIPV,WINTER
49,work,0.0,0.0,noVIPV,WINTER
49,public,0.0,0.0,noVIPV,WINTER
50,home,1.0,2.5,noVIPV,WINTER
50,work,0.0,0.0,noVIPV,WINTER
50,public,0.0,0.0,noVIPV,WINTER
51,home,0.0,0.0,noVIPV,WINTER
51,work,0.0,0.0,noVIPV,WINTER
51,public,1.0,2.5,noVIPV,WINTER
52,home,4.0,10.0,noVIPV,WINTER
52,work,0.0,0.0,noVIPV,WINTER
52,public,1.0,2.5,noVIPV,WINTER
53,home,94.0,235.0,noVIPV,WINTER
53,work,2.0,5.0,noVIPV,WINTER
53,public,10.0,25.0,noVIPV,WINTER
54,home,5.0,12.5,noVIPV,WINTER
54,work,0.0,0.0,noVIPV,WINTER
54,public,5.0,12.5,noVIPV,WINTER
55,home,0.0,0.0,noVIPV,WINTER
55,work,0.0,0.0,noVIPV,WINTER
55,public,0.0,0.0,noVIPV,WINTER
56,home,36.0,90.0,noVIPV,WINTER
56,work,2.0,5.0,noVIPV,WINTER
56,public,17.0,42.5,noVIPV,WINTER
57,home,44.0,110.0,noVIPV,WINTER
57,work,0.0,0.0,noVIPV,WINTER
57,public,14.0,35.0,noVIPV,WINTER
58,home,13.0,32.5,noVIPV,WINTER
58,work,0.0,0.0,noVIPV,WINTER
58,public,3.0,7.5,noVIPV,WINTER
59,home,11.0,27.5,noVIPV,WINTER
59,work,0.0,0.0,noVIPV,WINTER
59,public,1.0,2.5,noVIPV,WINTER
60,home,22.0,55.0,noVIPV,WINTER
60,work,0.0,0.0,noVIPV,WINTER
60,public,0.0,0.0,noVIPV,WINTER
61,home,2.0,5.0,noVIPV,WINTER
61,work,0.0,0.0,noVIPV,WINTER
61,public,2.0,5.0,noVIPV,WINTER
62,home,6.0,15.0,noVIPV,WINTER
62,work,0.0,0.0,noVIPV,WINTER
62,public,1.0,2.5,noVIPV,WINTER
63,home,3.0,7.5,noVIPV,WINTER
63,work,0.0,0.0,noVIPV,WINTER
63,public,0.0,0.0,noVIPV,WINTER
64,home,0.0,0.0,noVIPV,WINTER
64,work,0.0,0.0,noVIPV,WINTER
64,public,1.0,2.5,noVIPV,WINTER
65,home,5.0,12.5,noVIPV,WINTER
65,work,0.0,0.0,noVIPV,WINTER
65,public,0.0,0.0,noVIPV,WINTER
66,home,0.0,0.0,noVIPV,WINTER
66,work,0.0,0.0,noVIPV,WINTER
66,public,0.0,0.0,noVIPV,WINTER
67,home,7.0,17.5,noVIPV,WINTER
67,work,0.0,0.0,noVIPV,WINTER
67,public,1.0,2.5,noVIPV,WINTER
68,home,17.0,42.5,noVIPV,WINTER
68,work,0.0,0.0,noVIPV,WINTER
68,public,10.0,25.0,noVIPV,WINTER
69,home,10.0,25.0,noVIPV,WINTER
69,work,4.0,10.0,noVIPV,WINTER
69,public,4.0,10.0,noVIPV,WINTER
70,home,36.0,90.0,noVIPV,WINTER
70,work,2.0,5.0,noVIPV,WINTER
70,public,9.0,22.5,noVIPV,WINTER
71,home,22.0,55.0,noVIPV,WINTER
71,work,5.0,12.5,noVIPV,WINTER
71,public,7.0,17.5,noVIPV,WINTER
72,home,12.0,30.0,noVIPV,WINTER
72,work,16.0,40.0,noVIPV,WINTER
72,public,11.0,27.5,noVIPV,WINTER
73,home,0.0,0.0,noVIPV,WINTER
73,work,0.0,0.0,noVIPV,WINTER
73,public,0.0,0.0,noVIPV,WINTER
74,home,0.0,0.0,noVIPV,WINTER
74,work,10.0,25.0,noVIPV,WINTER
74,public,5.0,12.5,noVIPV,WINTER
75,home,0.0,0.0,noVIPV,WINTER
75,work,39.0,97.5,noVIPV,WINTER
75,public,5.0,12.5,noVIPV,WINTER
76,home,12.0,30.0,noVIPV,WINTER
76,work,22.0,55.0,noVIPV,WINTER
76,public,15.0,37.5,noVIPV,WINTER
77,home,5.0,12.5,noVIPV,WINTER
77,work,0.0,0.0,noVIPV,WINTER
77,public,3.0,7.5,noVIPV,WINTER
78,home,4.0,10.0,noVIPV,WINTER
78,work,0.0,0.0,noVIPV,WINTER
78,public,2.0,5.0,noVIPV,WINTER
79,home,0.0,0.0,noVIPV,WINTER
79,work,0.0,0.0,noVIPV,WINTER
79,public,0.0,0.0,noVIPV,WINTER
80,home,0.0,0.0,noVIPV,WINTER
80,work,1.0,2.5,noVIPV,WINTER
80,public,4.0,10.0,noVIPV,WINTER
81,home,5.0,12.5,noVIPV,WINTER
81,work,0.0,0.0,noVIPV,WINTER
81,public,0.0,0.0,noVIPV,WINTER
82,home,0.0,0.0,noVIPV,WINTER
82,work,0.0,0.0,noVIPV,WINTER
82,public,5.0,12.5,noVIPV,WINTER
83,home,0.0,0.0,noVIPV,WINTER
83,work,0.0,0.0,noVIPV,WINTER
83,public,0.0,0.0,noVIPV,WINTER
84,home,34.0,85.0,noVIPV,WINTER
84,work,2.0,5.0,noVIPV,WINTER
84,public,9.0,22.5,noVIPV,WINTER
85,home,49.0,122.5,noVIPV,WINTER
85,work,1.0,2.5,noVIPV,WINTER
85,public,24.0,60.0,noVIPV,WINTER
86,home,61.0,152.5,noVIPV,WINTER
86,work,1.0,2.5,noVIPV,WINTER
86,public,35.0,87.5,noVIPV,WINTER
87,home,17.0,42.5,noVIPV,WINTER
87,work,4.0,10.0,noVIPV,WINTER
87,public,5.0,12.5,noVIPV,WINTER
88,home,23.0,57.5,noVIPV,WINTER
88,work,2.0,5.0,noVIPV,WINTER
88,public,21.0,52.5,noVIPV,WINTER
89,home,0.0,0.0,noVIPV,WINTER
89,work,22.0,55.0,noVIPV,WINTER
89,public,18.0,45.0,noVIPV,WINTER
90,home,0.0,0.0,noVIPV,WINTER
90,work,2.0,5.0,noVIPV,WINTER
90,public,12.0,30.0,noVIPV,WINTER
91,home,0.0,0.0,noVIPV,WINTER
91,work,4.0,10.0,noVIPV,WINTER
91,public,10.0,25.0,noVIPV,WINTER
92,home,0.0,0.0,noVIPV,WINTER
92,work,10.0,25.0,noVIPV,WINTER
92,public,5.0,12.5,noVIPV,WINTER
93,home,38.0,95.0,noVIPV,WINTER
93,work,12.0,30.0,noVIPV,WINTER
93,public,29.0,72.5,noVIPV,WINTER
94,home,4.0,10.0,noVIPV,WINTER
94,work,28.0,70.0,noVIPV,WINTER
94,public,11.0,27.5,noVIPV,WINTER
95,home,29.0,72.5,noVIPV,WINTER
95,work,1.0,2.5,noVIPV,WINTER
95,public,7.0,17.5,noVIPV,WINTER
96,home,16.0,40.0,noVIPV,WINTER
96,work,0.0,0.0,noVIPV,WINTER
96,public,8.0,20.0,noVIPV,WINTER
97,home,18.0,45.0,noVIPV,WINTER
97,work,2.0,5.0,noVIPV,WINTER
97,public,3.0,7.5,noVIPV,WINTER
98,home,2.0,5.0,noVIPV,WINTER
98,work,0.0,0.0,noVIPV,WINTER
98,public,5.0,12.5,noVIPV,WINTER
99,home,30.0,75.0,noVIPV,WINTER
99,work,3.0,7.5,noVIPV,WINTER
99,public,3.0,7.5,noVIPV,WINTER
100,home,40.0,100.0,noVIPV,WINTER
100,work,0.0,0.0,noVIPV,WINTER
100,public,34.0,85.0,noVIPV,WINTER
101,home,27.0,67.5,noVIPV,WINTER
101,work,0.0,0.0,noVIPV,WINTER
101,public,0.0,0.0,noVIPV,WINTER
102,home,7.0,17.5,noVIPV,WINTER
102,work,0.0,0.0,noVIPV,WINTER
102,public,0.0,0.0,noVIPV,WINTER
103,home,4.0,10.0,noVIPV,WINTER
103,work,0.0,0.0,noVIPV,WINTER
103,public,1.0,2.5,noVIPV,WINTER
104,home,3.0,7.5,noVIPV,WINTER
104,work,0.0,0.0,noVIPV,WINTER
104,public,0.0,0.0,noVIPV,WINTER
105,home,9.0,22.5,noVIPV,WINTER
105,work,0.0,0.0,noVIPV,WINTER
105,public,2.0,5.0,noVIPV,WINTER
106,home,2.0,5.0,noVIPV,WINTER
106,work,0.0,0.0,noVIPV,WINTER
106,public,0.0,0.0,noVIPV,WINTER
107,home,18.0,45.0,noVIPV,WINTER
107,work,6.0,15.0,noVIPV,WINTER
107,public,10.0,25.0,noVIPV,WINTER
108,home,27.0,67.5,noVIPV,WINTER
108,work,0.0,0.0,noVIPV,WINTER
108,public,12.0,30.0,noVIPV,WINTER
109,home,20.0,50.0,noVIPV,WINTER
109,work,0.0,0.0,noVIPV,WINTER
109,public,8.0,20.0,noVIPV,WINTER
110,home,49.0,122.5,noVIPV,WINTER
110,work,3.0,7.5,noVIPV,WINTER
110,public,31.0,77.5,noVIPV,WINTER
111,home,15.0,37.5,noVIPV,WINTER
111,work,9.0,22.5,noVIPV,WINTER
111,public,51.0,127.5,noVIPV,WINTER
112,home,29.0,72.5,noVIPV,WINTER
112,work,3.0,7.5,noVIPV,WINTER
112,public,12.0,30.0,noVIPV,WINTER
113,home,0.0,0.0,noVIPV,WINTER
113,work,12.0,30.0,noVIPV,WINTER
113,public,18.0,45.0,noVIPV,WINTER
114,home,5.0,12.5,noVIPV,WINTER
114,work,20.0,50.0,noVIPV,WINTER
114,public,10.0,25.0,noVIPV,WINTER
115,home,27.0,67.5,noVIPV,WINTER
115,work,3.0,7.5,noVIPV,WINTER
115,public,19.0,47.5,noVIPV,WINTER
116,home,1.0,2.5,noVIPV,WINTER
116,work,2.0,5.0,noVIPV,WINTER
116,public,0.0,0.0,noVIPV,WINTER
117,home,21.0,52.5,noVIPV,WINTER
117,work,4.0,10.0,noVIPV,WINTER
117,public,21.0,52.5,noVIPV,WINTER
118,home,23.0,57.5,noVIPV,WINTER
118,work,7.0,17.5,noVIPV,WINTER
118,public,37.0,92.5,noVIPV,WINTER
119,home,22.0,55.0,noVIPV,WINTER
119,work,6.0,15.0,noVIPV,WINTER
119,public,8.0,20.0,noVIPV,WINTER
120,home,26.0,65.0,noVIPV,WINTER
120,work,2.0,5.0,noVIPV,WINTER
120,public,7.0,17.5,noVIPV,WINTER
121,home,4.0,10.0,noVIPV,WINTER
121,work,0.0,0.0,noVIPV,WINTER
121,public,0.0,0.0,noVIPV,WINTER
122,home,3.0,7.5,noVIPV,WINTER
122,work,0.0,0.0,noVIPV,WINTER
122,public,0.0,0.0,noVIPV,WINTER
123,home,19.0,47.5,noVIPV,WINTER
123,work,2.0,5.0,noVIPV,WINTER
123,public,15.0,37.5,noVIPV,WINTER
124,home,33.0,82.5,noVIPV,WINTER
124,work,0.0,0.0,noVIPV,WINTER
124,public,6.0,15.0,noVIPV,WINTER
125,home,29.0,72.5,noVIPV,WINTER
125,work,2.0,5.0,noVIPV,WINTER
125,public,21.0,52.5,noVIPV,WINTER
126,home,41.0,102.5,noVIPV,WINTER
126,work,0.0,0.0,noVIPV,WINTER
126,public,22.0,55.0,noVIPV,WINTER
127,home,41.0,102.5,noVIPV,WINTER
127,work,0.0,0.0,noVIPV,WINTER
127,public,13.0,32.5,noVIPV,WINTER
128,home,11.0,27.5,noVIPV,WINTER
128,work,1.0,2.5,noVIPV,WINTER
128,public,0.0,0.0,noVIPV,WINTER
129,home,4.0,10.0,noVIPV,WINTER
129,work,0.0,0.0,noVIPV,WINTER
129,public,3.0,7.5,noVIPV,WINTER
130,home,2.0,5.0,noVIPV,WINTER
130,work,0.0,0.0,noVIPV,WINTER
130,public,2.0,5.0,noVIPV,WINTER
131,home,0.0,0.0,noVIPV,WINTER
131,work,0.0,0.0,noVIPV,WINTER
131,public,2.0,5.0,noVIPV,WINTER
132,home,14.0,35.0,noVIPV,WINTER
132,work,2.0,5.0,noVIPV,WINTER
132,public,0.0,0.0,noVIPV,WINTER
133,home,32.0,80.0,noVIPV,WINTER
133,work,1.0,2.5,noVIPV,WINTER
133,public,19.0,47.5,noVIPV,WINTER
134,home,75.0,187.5,noVIPV,WINTER
134,work,10.0,25.0,noVIPV,WINTER
134,public,18.0,45.0,noVIPV,WINTER
135,home,28.0,70.0,noVIPV,WINTER
135,work,12.0,30.0,noVIPV,WINTER
135,public,34.0,85.0,noVIPV,WINTER
136,home,28.0,70.0,noVIPV,WINTER
136,work,4.0,10.0,noVIPV,WINTER
136,public,8.0,20.0,noVIPV,WINTER
137,home,21.0,52.5,noVIPV,WINTER
137,work,5.0,12.5,noVIPV,WINTER
137,public,7.0,17.5,noVIPV,WINTER
138,home,0.0,0.0,noVIPV,WINTER
138,work,4.0,10.0,noVIPV,WINTER
138,public,27.0,67.5,noVIPV,WINTER
139,home,22.0,55.0,noVIPV,WINTER
139,work,6.0,15.0,noVIPV,WINTER
139,public,13.0,32.5,noVIPV,WINTER
140,home,4.0,10.0,noVIPV,WINTER
140,work,0.0,0.0,noVIPV,WINTER
140,public,7.0,17.5,noVIPV,WINTER
141,home,59.0,147.5,noVIPV,WINTER
141,work,4.0,10.0,noVIPV,WINTER
141,public,19.0,47.5,noVIPV,WINTER
142,home,31.0,77.5,noVIPV,WINTER
142,work,23.0,57.5,noVIPV,WINTER
142,public,42.0,105.0,noVIPV,WINTER
143,home,20.0,50.0,noVIPV,WINTER
143,work,12.0,30.0,noVIPV,WINTER
143,public,18.0,45.0,noVIPV,WINTER
144,home,29.0,72.5,noVIPV,WINTER
144,work,1.0,2.5,noVIPV,WINTER
144,public,9.0,22.5,noVIPV,WINTER
145,home,0.0,0.0,noVIPV,WINTER
145,work,0.0,0.0,noVIPV,WINTER
145,public,0.0,0.0,noVIPV,WINTER
146,home,0.0,0.0,noVIPV,WINTER
146,work,0.0,0.0,noVIPV,WINTER
146,public,1.0,2.5,noVIPV,WINTER
147,home,9.0,22.5,noVIPV,WINTER
147,work,0.0,0.0,noVIPV,WINTER
147,public,0.0,0.0,noVIPV,WINTER
148,home,22.0,55.0,noVIPV,WINTER
148,work,4.0,10.0,noVIPV,WINTER
148,public,17.0,42.5,noVIPV,WINTER
149,home,31.0,77.5,noVIPV,WINTER
149,work,1.0,2.5,noVIPV,WINTER
149,public,21.0,52.5,noVIPV,WINTER
150,home,16.0,40.0,noVIPV,WINTER
150,work,2.0,5.0,noVIPV,WINTER
150,public,2.0,5.0,noVIPV,WINTER
151,home,0.0,0.0,noVIPV,WINTER
151,work,0.0,0.0,noVIPV,WINTER
151,public,5.0,12.5,noVIPV,WINTER
152,home,43.0,107.5,noVIPV,WINTER
152,work,0.0,0.0,noVIPV,WINTER
152,public,16.0,40.0,noVIPV,WINTER
153,home,32.0,80.0,noVIPV,WINTER
153,work,0.0,0.0,noVIPV,WINTER
153,public,10.0,25.0,noVIPV,WINTER
154,home,7.0,17.5,noVIPV,WINTER
154,work,11.0,27.5,noVIPV,WINTER
154,public,7.0,17.5,noVIPV,WINTER
155,home,13.0,32.5,noVIPV,WINTER
155,work,0.0,0.0,noVIPV,WINTER
155,public,7.0,17.5,noVIPV,WINTER
156,home,41.0,102.5,noVIPV,WINTER
156,work,1.0,2.5,noVIPV,WINTER
156,public,77.0,192.5,noVIPV,WINTER
157,home,5.0,12.5,noVIPV,WINTER
157,work,23.0,57.5,noVIPV,WINTER
157,public,0.0,0.0,noVIPV,WINTER
158,home,14.0,35.0,noVIPV,WINTER
158,work,3.0,7.5,noVIPV,WINTER
158,public,0.0,0.0,noVIPV,WINTER
159,home,51.0,127.5,noVIPV,WINTER
159,work,0.0,0.0,noVIPV,WINTER
159,public,37.0,92.5,noVIPV,WINTER
160,home,40.0,100.0,noVIPV,WINTER
160,work,16.0,40.0,noVIPV,WINTER
160,public,47.0,117.5,noVIPV,WINTER
161,home,17.0,42.5,noVIPV,WINTER
161,work,2.0,5.0,noVIPV,WINTER
161,public,28.0,70.0,noVIPV,WINTER
162,home,20.0,50.0,noVIPV,WINTER
162,work,2.0,5.0,noVIPV,WINTER
162,public,15.0,37.5,noVIPV,WINTER
163,home,0.0,0.0,noVIPV,WINTER
163,work,0.0,0.0,noVIPV,WINTER
163,public,0.0,0.0,noVIPV,WINTER
164,home,27.0,67.5,noVIPV,WINTER
164,work,0.0,0.0,noVIPV,WINTER
164,public,18.0,45.0,noVIPV,WINTER
165,home,32.0,80.0,noVIPV,WINTER
165,work,4.0,10.0,noVIPV,WINTER
165,public,3.0,7.5,noVIPV,WINTER
166,home,3.0,7.5,noVIPV,WINTER
166,work,2.0,5.0,noVIPV,WINTER
166,public,5.0,12.5,noVIPV,WINTER
167,home,0.0,0.0,noVIPV,WINTER
167,work,0.0,0.0,noVIPV,WINTER
167,public,0.0,0.0,noVIPV,WINTER
168,home,2.0,5.0,noVIPV,WINTER
168,work,0.0,0.0,noVIPV,WINTER
168,public,0.0,0.0,noVIPV,WINTER
169,home,6.0,15.0,noVIPV,WINTER
169,work,0.0,0.0,noVIPV,WINTER
169,public,0.0,0.0,noVIPV,WINTER
170,home,19.0,47.5,noVIPV,WINTER
170,work,1.0,2.5,noVIPV,WINTER
170,public,5.0,12.5,noVIPV,WINTER
171,home,24.0,60.0,noVIPV,WINTER
171,work,10.0,25.0,noVIPV,WINTER
171,public,26.0,65.0,noVIPV,WINTER
172,home,13.0,32.5,noVIPV,WINTER
172,work,0.0,0.0,noVIPV,WINTER
172,public,14.0,35.0,noVIPV,WINTER
173,home,35.0,87.5,noVIPV,WINTER
173,work,0.0,0.0,noVIPV,WINTER
173,public,3.0,7.5,noVIPV,WINTER
174,home,31.0,77.5,noVIPV,WINTER
174,work,1.0,2.5,noVIPV,WINTER
174,public,14.0,35.0,noVIPV,WINTER
175,home,30.0,75.0,noVIPV,WINTER
175,work,0.0,0.0,noVIPV,WINTER
175,public,26.0,65.0,noVIPV,WINTER
176,home,13.0,32.5,noVIPV,WINTER
176,work,0.0,0.0,noVIPV,WINTER
176,public,6.0,15.0,noVIPV,WINTER
177,home,16.0,40.0,noVIPV,WINTER
177,work,0.0,0.0,noVIPV,WINTER
177,public,8.0,20.0,noVIPV,WINTER
178,home,18.0,45.0,noVIPV,WINTER
178,work,13.0,32.5,noVIPV,WINTER
178,public,29.0,72.5,noVIPV,WINTER
179,home,0.0,0.0,noVIPV,WINTER
179,work,8.0,20.0,noVIPV,WINTER
179,public,8.0,20.0,noVIPV,WINTER
180,home,1.0,2.5,noVIPV,WINTER
180,work,0.0,0.0,noVIPV,WINTER
180,public,1.0,2.5,noVIPV,WINTER
181,home,0.0,0.0,noVIPV,WINTER
181,work,0.0,0.0,noVIPV,WINTER
181,public,1.0,2.5,noVIPV,WINTER
182,home,0.0,0.0,noVIPV,WINTER
182,work,1.0,2.5,noVIPV,WINTER
182,public,3.0,7.5,noVIPV,WINTER
183,home,0.0,0.0,noVIPV,WINTER
183,work,9.0,22.5,noVIPV,WINTER
183,public,0.0,0.0,noVIPV,WINTER
184,home,0.0,0.0,noVIPV,WINTER
184,work,1.0,2.5,noVIPV,WINTER
184,public,3.0,7.5,noVIPV,WINTER
185,home,4.0,10.0,noVIPV,WINTER
185,work,0.0,0.0,noVIPV,WINTER
185,public,0.0,0.0,noVIPV,WINTER
186,home,0.0,0.0,noVIPV,WINTER
186,work,0.0,0.0,noVIPV,WINTER
186,public,0.0,0.0,noVIPV,WINTER
187,home,10.0,25.0,noVIPV,WINTER
187,work,3.0,7.5,noVIPV,WINTER
187,public,8.0,20.0,noVIPV,WINTER
188,home,18.0,45.0,noVIPV,WINTER
188,work,2.0,5.0,noVIPV,WINTER
188,public,4.0,10.0,noVIPV,WINTER
189,home,47.0,117.5,noVIPV,WINTER
189,work,3.0,7.5,noVIPV,WINTER
189,public,9.0,22.5,noVIPV,WINTER
190,home,52.0,130.0,noVIPV,WINTER
190,work,0.0,0.0,noVIPV,WINTER
190,public,8.0,20.0,noVIPV,WINTER
191,home,54.0,135.0,noVIPV,WINTER
191,work,1.0,2.5,noVIPV,WINTER
191,public,32.0,80.0,noVIPV,WINTER
192,home,23.0,57.5,noVIPV,WINTER
192,work,0.0,0.0,noVIPV,WINTER
192,public,24.0,60.0,noVIPV,WINTER
193,home,6.0,15.0,noVIPV,WINTER
193,work,5.0,12.5,noVIPV,WINTER
193,public,22.0,55.0,noVIPV,WINTER
194,home,9.0,22.5,noVIPV,WINTER
194,work,0.0,0.0,noVIPV,WINTER
194,public,0.0,0.0,noVIPV,WINTER
195,home,9.0,22.5,noVIPV,WINTER
195,work,1.0,2.5,noVIPV,WINTER
195,public,9.0,22.5,noVIPV,WINTER
196,home,37.0,92.5,noVIPV,WINTER
196,work,1.0,2.5,noVIPV,WINTER
196,public,15.0,37.5,noVIPV,WINTER
197,home,42.0,105.0,noVIPV,WINTER
197,work,18.0,45.0,noVIPV,WINTER
197,public,20.0,50.0,noVIPV,WINTER
198,home,11.0,27.5,noVIPV,WINTER
198,work,13.0,32.5,noVIPV,WINTER
198,public,2.0,5.0,noVIPV,WINTER
199,home,0.0,0.0,noVIPV,WINTER
199,work,1.0,2.5,noVIPV,WINTER
199,public,1.0,2.5,noVIPV,WINTER
200,home,0.0,0.0,noVIPV,WINTER
200,work,9.0,22.5,noVIPV,WINTER
200,public,4.0,10.0,noVIPV,WINTER
201,home,6.0,15.0,noVIPV,WINTER
201,work,3.0,7.5,noVIPV,WINTER
201,public,1.0,2.5,noVIPV,WINTER
202,home,0.0,0.0,noVIPV,WINTER
202,work,2.0,5.0,noVIPV,WINTER
202,public,0.0,0.0,noVIPV,WINTER
203,home,0.0,0.0,noVIPV,WINTER
203,work,0.0,0.0,noVIPV,WINTER
203,public,0.0,0.0,noVIPV,WINTER
204,home,1.0,2.5,noVIPV,WINTER
204,work,0.0,0.0,noVIPV,WINTER
204,public,2.0,5.0,noVIPV,WINTER
205,home,14.0,35.0,noVIPV,WINTER
205,work,0.0,0.0,noVIPV,WINTER
205,public,8.0,20.0,noVIPV,WINTER
206,home,19.0,47.5,noVIPV,WINTER
206,work,9.0,22.5,noVIPV,WINTER
206,public,11.0,27.5,noVIPV,WINTER
207,home,15.0,37.5,noVIPV,WINTER
207,work,0.0,0.0,noVIPV,WINTER
207,public,7.0,17.5,noVIPV,WINTER
208,home,14.0,35.0,noVIPV,WINTER
208,work,2.0,5.0,noVIPV,WINTER
208,public,17.0,42.5,noVIPV,WINTER
209,home,34.0,85.0,noVIPV,WINTER
209,work,1.0,2.5,noVIPV,WINTER
209,public,22.0,55.0,noVIPV,WINTER
210,home,2.0,5.0,noVIPV,WINTER
210,work,1.0,2.5,noVIPV,WINTER
210,public,6.0,15.0,noVIPV,WINTER
211,home,15.0,37.5,noVIPV,WINTER
211,work,29.0,72.5,noVIPV,WINTER
211,public,47.0,117.5,noVIPV,WINTER
212,home,30.0,75.0,noVIPV,WINTER
212,work,5.0,12.5,noVIPV,WINTER
212,public,37.0,92.5,noVIPV,WINTER
213,home,34.0,85.0,noVIPV,WINTER
213,work,3.0,7.5,noVIPV,WINTER
213,public,59.0,147.5,noVIPV,WINTER
214,home,30.0,75.0,noVIPV,WINTER
214,work,11.0,27.5,noVIPV,WINTER
214,public,23.0,57.5,noVIPV,WINTER
215,home,10.0,25.0,noVIPV,WINTER
215,work,0.0,0.0,noVIPV,WINTER
215,public,34.0,85.0,noVIPV,WINTER
216,home,0.0,0.0,noVIPV,WINTER
216,work,0.0,0.0,noVIPV,WINTER
216,public,0.0,0.0,noVIPV,WINTER
217,home,1.0,2.5,noVIPV,WINTER
217,work,0.0,0.0,noVIPV,WINTER
217,public,0.0,0.0,noVIPV,WINTER
218,home,14.0,35.0,noVIPV,WINTER
218,work,0.0,0.0,noVIPV,WINTER
218,public,2.0,5.0,noVIPV,WINTER
219,home,9.0,22.5,noVIPV,WINTER
219,work,0.0,0.0,noVIPV,WINTER
219,public,0.0,0.0,noVIPV,WINTER
220,home,0.0,0.0,noVIPV,WINTER
220,work,0.0,0.0,noVIPV,WINTER
220,public,0.0,0.0,noVIPV,WINTER
221,home,0.0,0.0,noVIPV,WINTER
221,work,0.0,0.0,noVIPV,WINTER
221,public,0.0,0.0,noVIPV,WINTER
222,home,0.0,0.0,noVIPV,WINTER
222,work,0.0,0.0,noVIPV,WINTER
222,public,1.0,2.5,noVIPV,WINTER
223,home,0.0,0.0,noVIPV,WINTER
223,work,3.0,7.5,noVIPV,WINTER
223,public,0.0,0.0,noVIPV,WINTER
224,home,20.0,50.0,noVIPV,WINTER
224,work,4.0,10.0,noVIPV,WINTER
224,public,10.0,25.0,noVIPV,WINTER
225,home,57.0,142.5,noVIPV,WINTER
225,work,7.0,17.5,noVIPV,WINTER
225,public,74.0,185.0,noVIPV,WINTER
226,home,19.0,47.5,noVIPV,WINTER
226,work,0.0,0.0,noVIPV,WINTER
226,public,32.0,80.0,noVIPV,WINTER
227,home,39.0,97.5,noVIPV,WINTER
227,work,16.0,40.0,noVIPV,WINTER
227,public,96.0,240.0,noVIPV,WINTER
228,home,27.0,67.5,noVIPV,WINTER
228,work,6.0,15.0,noVIPV,WINTER
228,public,36.0,90.0,noVIPV,WINTER
229,home,32.0,80.0,noVIPV,WINTER
229,work,11.0,27.5,noVIPV,WINTER
229,public,26.0,65.0,noVIPV,WINTER
230,home,30.0,75.0,noVIPV,WINTER
230,work,7.0,17.5,noVIPV,WINTER
230,public,56.0,140.0,noVIPV,WINTER
231,home,20.0,50.0,noVIPV,WINTER
231,work,4.0,10.0,noVIPV,WINTER
231,public,16.0,40.0,noVIPV,WINTER
232,home,7.0,17.5,noVIPV,WINTER
232,work,0.0,0.0,noVIPV,WINTER
232,public,0.0,0.0,noVIPV,WINTER
233,home,21.0,52.5,noVIPV,WINTER
233,work,0.0,0.0,noVIPV,WINTER
233,public,18.0,45.0,noVIPV,WINTER
234,home,10.0,25.0,noVIPV,WINTER
234,work,0.0,0.0,noVIPV,WINTER
234,public,10.0,25.0,noVIPV,WINTER
235,home,9.0,22.5,noVIPV,WINTER
235,work,3.0,7.5,noVIPV,WINTER
235,public,2.0,5.0,noVIPV,WINTER
236,home,9.0,22.5,noVIPV,WINTER
236,work,0.0,0.0,noVIPV,WINTER
236,public,2.0,5.0,noVIPV,WINTER
237,home,1.0,2.5,noVIPV,WINTER
237,work,0.0,0.0,noVIPV,WINTER
237,public,0.0,0.0,noVIPV,WINTER
238,home,0.0,0.0,noVIPV,WINTER
238,work,7.0,17.5,noVIPV,WINTER
238,public,3.0,7.5,noVIPV,WINTER
239,home,0.0,0.0,noVIPV,WINTER
239,work,3.0,7.5,noVIPV,WINTER
239,public,2.0,5.0,noVIPV,WINTER
240,home,0.0,0.0,noVIPV,WINTER
240,work,0.0,0.0,noVIPV,WINTER
240,public,1.0,2.5,noVIPV,WINTER
241,home,0.0,0.0,noVIPV,WINTER
241,work,5.0,12.5,noVIPV,WINTER
241,public,0.0,0.0,noVIPV,WINTER
242,home,0.0,0.0,noVIPV,WINTER
242,work,1.0,2.5,noVIPV,WINTER
242,public,1.0,2.5,noVIPV,WINTER
243,home,17.0,42.5,noVIPV,WINTER
243,work,1.0,2.5,noVIPV,WINTER
243,public,4.0,10.0,noVIPV,WINTER
244,home,30.0,75.0,noVIPV,WINTER
244,work,8.0,20.0,noVIPV,WINTER
244,public,13.0,32.5,noVIPV,WINTER
245,home,61.0,152.5,noVIPV,WINTER
245,work,19.0,47.5,noVIPV,WINTER
245,public,62.0,155.0,noVIPV,WINTER
246,home,64.0,160.0,noVIPV,WINTER
246,work,17.0,42.5,noVIPV,WINTER
246,public,140.0,350.0,noVIPV,WINTER
247,home,47.0,117.5,noVIPV,WINTER
247,work,24.0,60.0,noVIPV,WINTER
247,public,49.0,122.5,noVIPV,WINTER
248,home,66.0,165.0,noVIPV,WINTER
248,work,47.0,117.5,noVIPV,WINTER
248,public,114.0,285.0,noVIPV,WINTER
249,home,31.0,77.5,noVIPV,WINTER
249,work,15.0,37.5,noVIPV,WINTER
249,public,45.0,112.5,noVIPV,WINTER
250,home,22.0,55.0,noVIPV,WINTER
250,work,4.0,10.0,noVIPV,WINTER
250,public,14.0,35.0,noVIPV,WINTER
251,home,15.0,37.5,noVIPV,WINTER
251,work,1.0,2.5,noVIPV,WINTER
251,public,4.0,10.0,noVIPV,WINTER
252,home,0.0,0.0,noVIPV,WINTER
252,work,1.0,2.5,noVIPV,WINTER
252,public,6.0,15.0,noVIPV,WINTER
253,home,8.0,20.0,noVIPV,WINTER
253,work,1.0,2.5,noVIPV,WINTER
253,public,9.0,22.5,noVIPV,WINTER
254,home,34.0,85.0,noVIPV,WINTER
254,work,1.0,2.5,noVIPV,WINTER
254,public,19.0,47.5,noVIPV,WINTER
255,home,9.0,22.5,noVIPV,WINTER
255,work,2.0,5.0,noVIPV,WINTER
255,public,1.0,2.5,noVIPV,WINTER
256,home,13.0,32.5,noVIPV,WINTER
256,work,0.0,0.0,noVIPV,WINTER
256,public,3.0,7.5,noVIPV,WINTER
257,home,5.0,12.5,noVIPV,WINTER
257,work,0.0,0.0,noVIPV,WINTER
257,public,6.0,15.0,noVIPV,WINTER
258,home,20.0,50.0,noVIPV,WINTER
258,work,1.0,2.5,noVIPV,WINTER
258,public,3.0,7.5,noVIPV,WINTER
259,home,1.0,2.5,noVIPV,WINTER
259,work,0.0,0.0,noVIPV,WINTER
259,public,2.0,5.0,noVIPV,WINTER
260,home,0.0,0.0,noVIPV,WINTER
260,work,13.0,32.5,noVIPV,WINTER
260,public,2.0,5.0,noVIPV,WINTER
261,home,0.0,0.0,noVIPV,WINTER
261,work,25.0,62.5,noVIPV,WINTER
261,public,3.0,7.5,noVIPV,WINTER
262,home,0.0,0.0,noVIPV,WINTER
262,work,0.0,0.0,noVIPV,WINTER
262,public,0.0,0.0,noVIPV,WINTER
263,home,0.0,0.0,noVIPV,WINTER
263,work,0.0,0.0,noVIPV,WINTER
263,public,0.0,0.0,noVIPV,WINTER
264,home,0.0,0.0,noVIPV,WINTER
264,work,0.0,0.0,noVIPV,WINTER
264,public,0.0,0.0,noVIPV,WINTER
265,home,0.0,0.0,noVIPV,WINTER
265,work,2.0,5.0,noVIPV,WINTER
265,public,0.0,0.0,noVIPV,WINTER
266,home,36.0,90.0,noVIPV,WINTER
266,work,0.0,0.0,noVIPV,WINTER
266,public,5.0,12.5,noVIPV,WINTER
267,home,45.0,112.5,noVIPV,WINTER
267,work,3.0,7.5,noVIPV,WINTER
267,public,50.0,125.0,noVIPV,WINTER
268,home,67.0,167.5,noVIPV,WINTER
268,work,3.0,7.5,noVIPV,WINTER
268,public,39.0,97.5,noVIPV,WINTER
269,home,9.0,22.5,noVIPV,WINTER
269,work,16.0,40.0,noVIPV,WINTER
269,public,14.0,35.0,noVIPV,WINTER
270,home,20.0,50.0,noVIPV,WINTER
270,work,25.0,62.5,noVIPV,WINTER
270,public,5.0,12.5,noVIPV,WINTER
271,home,4.0,10.0,noVIPV,WINTER
271,work,58.0,145.0,noVIPV,WINTER
271,public,182.0,455.0,noVIPV,WINTER
272,home,29.0,72.5,noVIPV,WINTER
272,work,32.0,80.0,noVIPV,WINTER
272,public,82.0,205.0,noVIPV,WINTER
273,home,8.0,20.0,noVIPV,WINTER
273,work,18.0,45.0,noVIPV,WINTER
273,public,28.0,70.0,noVIPV,WINTER
274,home,36.0,90.0,noVIPV,WINTER
274,work,4.0,10.0,noVIPV,WINTER
274,public,43.0,107.5,noVIPV,WINTER
275,home,33.0,82.5,noVIPV,WINTER
275,work,4.0,10.0,noVIPV,WINTER
275,public,8.0,20.0,noVIPV,WINTER
276,home,0.0,0.0,noVIPV,WINTER
276,work,0.0,0.0,noVIPV,WINTER
276,public,4.0,10.0,noVIPV,WINTER
277,home,7.0,17.5,noVIPV,WINTER
277,work,0.0,0.0,noVIPV,WINTER
277,public,3.0,7.5,noVIPV,WINTER
278,home,39.0,97.5,noVIPV,WINTER
278,work,1.0,2.5,noVIPV,WINTER
278,public,9.0,22.5,noVIPV,WINTER
279,home,16.0,40.0,noVIPV,WINTER
279,work,0.0,0.0,noVIPV,WINTER
279,public,10.0,25.0,noVIPV,WINTER
280,home,14.0,35.0,noVIPV,WINTER
280,work,4.0,10.0,noVIPV,WINTER
280,public,16.0,40.0,noVIPV,WINTER
281,home,0.0,0.0,noVIPV,WINTER
281,work,4.0,10.0,noVIPV,WINTER
281,public,7.0,17.5,noVIPV,WINTER
282,home,0.0,0.0,noVIPV,WINTER
282,work,1.0,2.5,noVIPV,WINTER
282,public,0.0,0.0,noVIPV,WINTER
283,home,0.0,0.0,noVIPV,WINTER
283,work,2.0,5.0,noVIPV,WINTER
283,public,4.0,10.0,noVIPV,WINTER
284,home,0.0,0.0,noVIPV,WINTER
284,work,3.0,7.5,noVIPV,WINTER
284,public,1.0,2.5,noVIPV,WINTER
285,home,0.0,0.0,noVIPV,WINTER
285,work,0.0,0.0,noVIPV,WINTER
285,public,1.0,2.5,noVIPV,WINTER
286,home,16.0,40.0,noVIPV,WINTER
286,work,7.0,17.5,noVIPV,WINTER
286,public,18.0,45.0,noVIPV,WINTER
287,home,30.0,75.0,noVIPV,WINTER
287,work,0.0,0.0,noVIPV,WINTER
287,public,33.0,82.5,noVIPV,WINTER
288,home,22.0,55.0,noVIPV,WINTER
288,work,0.0,0.0,noVIPV,WINTER
288,public,28.0,70.0,noVIPV,WINTER
289,home,39.0,97.5,noVIPV,WINTER
289,work,12.0,30.0,noVIPV,WINTER
289,public,24.0,60.0,noVIPV,WINTER
290,home,1.0,2.5,noVIPV,WINTER
290,work,16.0,40.0,noVIPV,WINTER
290,public,12.0,30.0,noVIPV,WINTER
291,home,0.0,0.0,noVIPV,WINTER
291,work,15.0,37.5,noVIPV,WINTER
291,public,64.0,160.0,noVIPV,WINTER
292,home,6.0,15.0,noVIPV,WINTER
292,work,43.0,107.5,noVIPV,WINTER
292,public,61.0,152.5,noVIPV,WINTER
293,home,30.0,75.0,noVIPV,WINTER
293,work,22.0,55.0,noVIPV,WINTER
293,public,41.0,102.5,noVIPV,WINTER
294,home,57.0,142.5,noVIPV,WINTER
294,work,18.0,45.0,noVIPV,WINTER
294,public,61.0,152.5,noVIPV,WINTER
295,home,56.0,140.0,noVIPV,WINTER
295,work,4.0,10.0,noVIPV,WINTER
295,public,15.0,37.5,noVIPV,WINTER
296,home,41.0,102.5,noVIPV,WINTER
296,work,4.0,10.0,noVIPV,WINTER
296,public,12.0,30.0,noVIPV,WINTER
297,home,29.0,72.5,noVIPV,WINTER
297,work,1.0,2.5,noVIPV,WINTER
297,public,21.0,52.5,noVIPV,WINTER
298,home,27.0,67.5,noVIPV,WINTER
298,work,0.0,0.0,noVIPV,WINTER
298,public,6.0,15.0,noVIPV,WINTER
299,home,12.0,30.0,noVIPV,WINTER
299,work,0.0,0.0,noVIPV,WINTER
299,public,30.0,75.0,noVIPV,WINTER
300,home,5.0,12.5,noVIPV,WINTER
300,work,0.0,0.0,noVIPV,WINTER
300,public,12.0,30.0,noVIPV,WINTER
301,home,5.0,12.5,noVIPV,WINTER
301,work,0.0,0.0,noVIPV,WINTER
301,public,0.0,0.0,noVIPV,WINTER
302,home,0.0,0.0,noVIPV,WINTER
302,work,0.0,0.0,noVIPV,WINTER
302,public,0.0,0.0,noVIPV,WINTER
303,home,9.0,22.5,noVIPV,WINTER
303,work,0.0,0.0,noVIPV,WINTER
303,public,3.0,7.5,noVIPV,WINTER
304,home,2.0,5.0,noVIPV,WINTER
304,work,0.0,0.0,noVIPV,WINTER
304,public,2.0,5.0,noVIPV,WINTER
305,home,45.0,112.5,noVIPV,WINTER
305,work,2.0,5.0,noVIPV,WINTER
305,public,4.0,10.0,noVIPV,WINTER
306,home,36.0,90.0,noVIPV,WINTER
306,work,6.0,15.0,noVIPV,WINTER
306,public,5.0,12.5,noVIPV,WINTER
307,home,0.0,0.0,noVIPV,WINTER
307,work,8.0,20.0,noVIPV,WINTER
307,public,6.0,15.0,noVIPV,WINTER
308,home,0.0,0.0,noVIPV,WINTER
308,work,0.0,0.0,noVIPV,WINTER
308,public,1.0,2.5,noVIPV,WINTER
309,home,0.0,0.0,noVIPV,WINTER
309,work,0.0,0.0,noVIPV,WINTER
309,public,0.0,0.0,noVIPV,WINTER
310,home,0.0,0.0,noVIPV,WINTER
310,work,2.0,5.0,noVIPV,WINTER
310,public,0.0,0.0,noVIPV,WINTER
311,home,0.0,0.0,noVIPV,WINTER
311,work,0.0,0.0,noVIPV,WINTER
311,public,1.0,2.5,noVIPV,WINTER
312,home,46.0,115.0,noVIPV,WINTER
312,work,5.0,12.5,noVIPV,WINTER
312,public,27.0,67.5,noVIPV,WINTER
313,home,24.0,60.0,noVIPV,WINTER
313,work,3.0,7.5,noVIPV,WINTER
313,public,11.0,27.5,noVIPV,WINTER
314,home,11.0,27.5,noVIPV,WINTER
314,work,17.0,42.5,noVIPV,WINTER
314,public,19.0,47.5,noVIPV,WINTER
315,home,12.0,30.0,noVIPV,WINTER
315,work,2.0,5.0,noVIPV,WINTER
315,public,55.0,137.5,noVIPV,WINTER
316,home,35.0,87.5,noVIPV,WINTER
316,work,8.0,20.0,noVIPV,WINTER
316,public,34.0,85.0,noVIPV,WINTER
317,home,0.0,0.0,noVIPV,WINTER
317,work,9.0,22.5,noVIPV,WINTER
317,public,5.0,12.5,noVIPV,WINTER
318,home,7.0,17.5,noVIPV,WINTER
318,work,30.0,75.0,noVIPV,WINTER
318,public,11.0,27.5,noVIPV,WINTER
319,home,6.0,15.0,noVIPV,WINTER
319,work,7.0,17.5,noVIPV,WINTER
319,public,8.0,20.0,noVIPV,WINTER
320,home,42.0,105.0,noVIPV,WINTER
320,work,1.0,2.5,noVIPV,WINTER
320,public,30.0,75.0,noVIPV,WINTER
321,home,44.0,110.0,noVIPV,WINTER
321,work,9.0,22.5,noVIPV,WINTER
321,public,60.0,150.0,noVIPV,WINTER
322,home,37.0,92.5,noVIPV,WINTER
322,work,2.0,5.0,noVIPV,WINTER
322,public,38.0,95.0,noVIPV,WINTER
323,home,30.0,75.0,noVIPV,WINTER
323,work,12.0,30.0,noVIPV,WINTER
323,public,8.0,20.0,noVIPV,WINTER
324,home,77.0,192.5,noVIPV,WINTER
324,work,3.0,7.5,noVIPV,WINTER
324,public,25.0,62.5,noVIPV,WINTER
325,home,50.0,125.0,noVIPV,WINTER
325,work,0.0,0.0,noVIPV,WINTER
325,public,3.0,7.5,noVIPV,WINTER
326,home,10.0,25.0,noVIPV,WINTER
326,work,0.0,0.0,noVIPV,WINTER
326,public,0.0,0.0,noVIPV,WINTER
327,home,2.0,5.0,noVIPV,WINTER
327,work,0.0,0.0,noVIPV,WINTER
327,public,7.0,17.5,noVIPV,WINTER
328,home,18.0,45.0,noVIPV,WINTER
328,work,3.0,7.5,noVIPV,WINTER
328,public,8.0,20.0,noVIPV,WINTER
329,home,2.0,5.0,noVIPV,WINTER
329,work,0.0,0.0,noVIPV,WINTER
329,public,0.0,0.0,noVIPV,WINTER
330,home,20.0,50.0,noVIPV,WINTER
330,work,0.0,0.0,noVIPV,WINTER
330,public,0.0,0.0,noVIPV,WINTER
331,home,23.0,57.5,noVIPV,WINTER
331,work,6.0,15.0,noVIPV,WINTER
331,public,12.0,30.0,noVIPV,WINTER
332,home,4.0,10.0,noVIPV,WINTER
332,work,1.0,2.5,noVIPV,WINTER
332,public,0.0,0.0,noVIPV,WINTER
333,home,0.0,0.0,noVIPV,WINTER
333,work,0.0,0.0,noVIPV,WINTER
333,public,0.0,0.0,noVIPV,WINTER
334,home,0.0,0.0,noVIPV,WINTER
334,work,2.0,5.0,noVIPV,WINTER
334,public,0.0,0.0,noVIPV,WINTER
335,home,0.0,0.0,noVIPV,WINTER
335,work,0.0,0.0,noVIPV,WINTER
335,public,2.0,5.0,noVIPV,WINTER
336,home,0.0,0.0,noVIPV,WINTER
336,work,2.0,5.0,noVIPV,WINTER
336,public,8.0,20.0,noVIPV,WINTER
337,home,57.0,142.5,noVIPV,WINTER
337,work,1.0,2.5,noVIPV,WINTER
337,public,10.0,25.0,noVIPV,WINTER
338,home,29.0,72.5,noVIPV,WINTER
338,work,0.0,0.0,noVIPV,WINTER
338,public,20.0,50.0,noVIPV,WINTER
339,home,47.0,117.5,noVIPV,WINTER
339,work,1.0,2.5,noVIPV,WINTER
339,public,9.0,22.5,noVIPV,WINTER
340,home,35.0,87.5,noVIPV,WINTER
340,work,8.0,20.0,noVIPV,WINTER
340,public,34.0,85.0,noVIPV,WINTER
341,home,0.0,0.0,noVIPV,WINTER
341,work,8.0,20.0,noVIPV,WINTER
341,public,14.0,35.0,noVIPV,WINTER
342,home,0.0,0.0,noVIPV,WINTER
342,work,7.0,17.5,noVIPV,WINTER
342,public,17.0,42.5,noVIPV,WINTER
343,home,0.0,0.0,noVIPV,WINTER
343,work,2.0,5.0,noVIPV,WINTER
343,public,4.0,10.0,noVIPV,WINTER
344,home,0.0,0.0,noVIPV,WINTER
344,work,17.0,42.5,noVIPV,WINTER
344,public,0.0,0.0,noVIPV,WINTER
345,home,16.0,40.0,noVIPV,WINTER
345,work,18.0,45.0,noVIPV,WINTER
345,public,17.0,42.5,noVIPV,WINTER
346,home,8.0,20.0,noVIPV,WINTER
346,work,1.0,2.5,noVIPV,WINTER
346,public,14.0,35.0,noVIPV,WINTER
347,home,14.0,35.0,noVIPV,WINTER
347,work,9.0,22.5,noVIPV,WINTER
347,public,29.0,72.5,noVIPV,WINTER
348,home,47.0,117.5,noVIPV,WINTER
348,work,6.0,15.0,noVIPV,WINTER
348,public,7.0,17.5,noVIPV,WINTER
349,home,51.0,127.5,noVIPV,WINTER
349,work,0.0,0.0,noVIPV,WINTER
349,public,38.0,95.0,noVIPV,WINTER
350,home,24.0,60.0,noVIPV,WINTER
350,work,0.0,0.0,noVIPV,WINTER
350,public,12.0,30.0,noVIPV,WINTER
351,home,16.0,40.0,noVIPV,WINTER
351,work,0.0,0.0,noVIPV,WINTER
351,public,12.0,30.0,noVIPV,WINTER
352,home,21.0,52.5,noVIPV,WINTER
352,work,0.0,0.0,noVIPV,WINTER
352,public,41.0,102.5,noVIPV,WINTER
353,home,41.0,102.5,noVIPV,WINTER
353,work,5.0,12.5,noVIPV,WINTER
353,public,13.0,32.5,noVIPV,WINTER
354,home,15.0,37.5,noVIPV,WINTER
354,work,0.0,0.0,noVIPV,WINTER
354,public,1.0,2.5,noVIPV,WINTER
355,home,34.0,85.0,noVIPV,WINTER
355,work,0.0,0.0,noVIPV,WINTER
355,public,20.0,50.0,noVIPV,WINTER
356,home,32.0,80.0,noVIPV,WINTER
356,work,1.0,2.5,noVIPV,WINTER
356,public,20.0,50.0,noVIPV,WINTER
357,home,7.0,17.5,noVIPV,WINTER
357,work,0.0,0.0,noVIPV,WINTER
357,public,6.0,15.0,noVIPV,WINTER
358,home,2.0,5.0,noVIPV,WINTER
358,work,0.0,0.0,noVIPV,WINTER
358,public,3.0,7.5,noVIPV,WINTER
359,home,0.0,0.0,noVIPV,WINTER
359,work,0.0,0.0,noVIPV,WINTER
359,public,0.0,0.0,noVIPV,WINTER
360,home,0.0,0.0,noVIPV,WINTER
360,work,18.0,45.0,noVIPV,WINTER
360,public,1.0,2.5,noVIPV,WINTER
361,home,0.0,0.0,noVIPV,WINTER
361,work,91.0,227.5,noVIPV,WINTER
361,public,11.0,27.5,noVIPV,WINTER
362,home,68.0,170.0,noVIPV,WINTER
362,work,2.0,5.0,noVIPV,WINTER
362,public,51.0,127.5,noVIPV,WINTER
363,home,23.0,57.5,noVIPV,WINTER
363,work,0.0,0.0,noVIPV,WINTER
363,public,6.0,15.0,noVIPV,WINTER
364,home,46.0,115.0,noVIPV,WINTER
364,work,1.0,2.5,noVIPV,WINTER
364,public,12.0,30.0,noVIPV,WINTER
365,home,23.0,57.5,noVIPV,WINTER
365,work,1.0,2.5,noVIPV,WINTER
365,public,34.0,85.0,noVIPV,WINTER
366,home,11.0,27.5,noVIPV,WINTER
366,work,14.0,35.0,noVIPV,WINTER
366,public,7.0,17.5,noVIPV,WINTER
367,home,19.0,47.5,noVIPV,WINTER
367,work,1.0,2.5,noVIPV,WINTER
367,public,24.0,60.0,noVIPV,WINTER
368,home,24.0,60.0,noVIPV,WINTER
368,work,0.0,0.0,noVIPV,WINTER
368,public,0.0,0.0,noVIPV,WINTER
369,home,0.0,0.0,noVIPV,WINTER
369,work,9.0,22.5,noVIPV,WINTER
369,public,8.0,20.0,noVIPV,WINTER
370,home,22.0,55.0,noVIPV,WINTER
370,work,3.0,7.5,noVIPV,WINTER
370,public,24.0,60.0,noVIPV,WINTER
371,home,11.0,27.5,noVIPV,WINTER
371,work,8.0,20.0,noVIPV,WINTER
371,public,15.0,37.5,noVIPV,WINTER
372,home,2.0,5.0,noVIPV,WINTER
372,work,2.0,5.0,noVIPV,WINTER
372,public,2.0,5.0,noVIPV,WINTER
373,home,18.0,45.0,noVIPV,WINTER
373,work,8.0,20.0,noVIPV,WINTER
373,public,4.0,10.0,noVIPV,WINTER
374,home,10.0,25.0,noVIPV,WINTER
374,work,4.0,10.0,noVIPV,WINTER
374,public,13.0,32.5,noVIPV,WINTER
375,home,12.0,30.0,noVIPV,WINTER
375,work,1.0,2.5,noVIPV,WINTER
375,public,22.0,55.0,noVIPV,WINTER
376,home,4.0,10.0,noVIPV,WINTER
376,work,0.0,0.0,noVIPV,WINTER
376,public,1.0,2.5,noVIPV,WINTER
377,home,44.0,110.0,noVIPV,WINTER
377,work,5.0,12.5,noVIPV,WINTER
377,public,23.0,57.5,noVIPV,WINTER
378,home,42.0,105.0,noVIPV,WINTER
378,work,0.0,0.0,noVIPV,WINTER
378,public,26.0,65.0,noVIPV,WINTER
379,home,1.0,2.5,noVIPV,WINTER
379,work,1.0,2.5,noVIPV,WINTER
379,public,11.0,27.5,noVIPV,WINTER
380,home,16.0,40.0,noVIPV,WINTER
380,work,2.0,5.0,noVIPV,WINTER
380,public,5.0,12.5,noVIPV,WINTER
381,home,28.0,70.0,noVIPV,WINTER
381,work,0.0,0.0,noVIPV,WINTER
381,public,24.0,60.0,noVIPV,WINTER
382,home,32.0,80.0,noVIPV,WINTER
382,work,2.0,5.0,noVIPV,WINTER
382,public,3.0,7.5,noVIPV,WINTER
383,home,19.0,47.5,noVIPV,WINTER
383,work,0.0,0.0,noVIPV,WINTER
383,public,0.0,0.0,noVIPV,WINTER
384,home,0.0,0.0,noVIPV,WINTER
384,work,0.0,0.0,noVIPV,WINTER
384,public,1.0,2.5,noVIPV,WINTER
385,home,7.0,17.5,noVIPV,WINTER
385,work,1.0,2.5,noVIPV,WINTER
385,public,0.0,0.0,noVIPV,WINTER
386,home,0.0,0.0,noVIPV,WINTER
386,work,20.0,50.0,noVIPV,WINTER
386,public,12.0,30.0,noVIPV,WINTER
387,home,0.0,0.0,noVIPV,WINTER
387,work,9.0,22.5,noVIPV,WINTER
387,public,0.0,0.0,noVIPV,WINTER
388,home,33.0,82.5,noVIPV,WINTER
388,work,0.0,0.0,noVIPV,WINTER
388,public,28.0,70.0,noVIPV,WINTER
389,home,30.0,75.0,noVIPV,WINTER
389,work,0.0,0.0,noVIPV,WINTER
389,public,10.0,25.0,noVIPV,WINTER
390,home,0.0,0.0,noVIPV,WINTER
390,work,0.0,0.0,noVIPV,WINTER
390,public,4.0,10.0,noVIPV,WINTER
391,home,5.0,12.5,noVIPV,WINTER
391,work,8.0,20.0,noVIPV,WINTER
391,public,2.0,5.0,noVIPV,WINTER
392,home,14.0,35.0,noVIPV,WINTER
392,work,4.0,10.0,noVIPV,WINTER
392,public,11.0,27.5,noVIPV,WINTER
393,home,28.0,70.0,noVIPV,WINTER
393,work,0.0,0.0,noVIPV,WINTER
393,public,0.0,0.0,noVIPV,WINTER
394,home,23.0,57.5,noVIPV,WINTER
394,work,1.0,2.5,noVIPV,WINTER
394,public,14.0,35.0,noVIPV,WINTER
395,home,0.0,0.0,noVIPV,WINTER
395,work,10.0,25.0,noVIPV,WINTER
395,public,4.0,10.0,noVIPV,WINTER
396,home,0.0,0.0,noVIPV,WINTER
396,work,0.0,0.0,noVIPV,WINTER
396,public,0.0,0.0,noVIPV,WINTER
397,home,15.0,37.5,noVIPV,WINTER
397,work,0.0,0.0,noVIPV,WINTER
397,public,13.0,32.5,noVIPV,WINTER
398,home,7.0,17.5,noVIPV,WINTER
398,work,1.0,2.5,noVIPV,WINTER
398,public,4.0,10.0,noVIPV,WINTER
399,home,68.0,170.0,noVIPV,WINTER
399,work,5.0,12.5,noVIPV,WINTER
399,public,17.0,42.5,noVIPV,WINTER
400,home,13.0,32.5,noVIPV,WINTER
400,work,3.0,7.5,noVIPV,WINTER
400,public,4.0,10.0,noVIPV,WINTER
401,home,42.0,105.0,noVIPV,WINTER
401,work,3.0,7.5,noVIPV,WINTER
401,public,16.0,40.0,noVIPV,WINTER
402,home,16.0,40.0,noVIPV,WINTER
402,work,5.0,12.5,noVIPV,WINTER
402,public,25.0,62.5,noVIPV,WINTER
403,home,36.0,90.0,noVIPV,WINTER
403,work,15.0,37.5,noVIPV,WINTER
403,public,12.0,30.0,noVIPV,WINTER
404,home,8.0,20.0,noVIPV,WINTER
404,work,4.0,10.0,noVIPV,WINTER
404,public,9.0,22.5,noVIPV,WINTER
405,home,14.0,35.0,noVIPV,WINTER
405,work,0.0,0.0,noVIPV,WINTER
405,public,4.0,10.0,noVIPV,WINTER
406,home,5.0,12.5,noVIPV,WINTER
406,work,0.0,0.0,noVIPV,WINTER
406,public,1.0,2.5,noVIPV,WINTER
407,home,0.0,0.0,noVIPV,WINTER
407,work,0.0,0.0,noVIPV,WINTER
407,public,0.0,0.0,noVIPV,WINTER
408,home,27.0,67.5,noVIPV,WINTER
408,work,2.0,5.0,noVIPV,WINTER
408,public,8.0,20.0,noVIPV,WINTER
409,home,24.0,60.0,noVIPV,WINTER
409,work,0.0,0.0,noVIPV,WINTER
409,public,8.0,20.0,noVIPV,WINTER
410,home,1.0,2.5,noVIPV,WINTER
410,work,0.0,0.0,noVIPV,WINTER
410,public,1.0,2.5,noVIPV,WINTER
411,home,8.0,20.0,noVIPV,WINTER
411,work,0.0,0.0,noVIPV,WINTER
411,public,7.0,17.5,noVIPV,WINTER
412,home,7.0,17.5,noVIPV,WINTER
412,work,0.0,0.0,noVIPV,WINTER
412,public,4.0,10.0,noVIPV,WINTER
413,home,0.0,0.0,noVIPV,WINTER
413,work,0.0,0.0,noVIPV,WINTER
413,public,1.0,2.5,noVIPV,WINTER
414,home,5.0,12.5,noVIPV,WINTER
414,work,0.0,0.0,noVIPV,WINTER
414,public,8.0,20.0,noVIPV,WINTER
415,home,18.0,45.0,noVIPV,WINTER
415,work,0.0,0.0,noVIPV,WINTER
415,public,13.0,32.5,noVIPV,WINTER
416,home,21.0,52.5,noVIPV,WINTER
416,work,0.0,0.0,noVIPV,WINTER
416,public,4.0,10.0,noVIPV,WINTER
417,home,7.0,17.5,noVIPV,WINTER
417,work,0.0,0.0,noVIPV,WINTER
417,public,9.0,22.5,noVIPV,WINTER
418,home,0.0,0.0,noVIPV,WINTER
418,work,1.0,2.5,noVIPV,WINTER
418,public,3.0,7.5,noVIPV,WINTER
419,home,29.0,72.5,noVIPV,WINTER
419,work,2.0,5.0,noVIPV,WINTER
419,public,33.0,82.5,noVIPV,WINTER
420,home,48.0,120.0,noVIPV,WINTER
420,work,4.0,10.0,noVIPV,WINTER
420,public,17.0,42.5,noVIPV,WINTER
421,home,17.0,42.5,noVIPV,WINTER
421,work,7.0,17.5,noVIPV,WINTER
421,public,15.0,37.5,noVIPV,WINTER
422,home,1.0,2.5,noVIPV,WINTER
422,work,0.0,0.0,noVIPV,WINTER
422,public,2.0,5.0,noVIPV,WINTER
423,home,17.0,42.5,noVIPV,WINTER
423,work,0.0,0.0,noVIPV,WINTER
423,public,22.0,55.0,noVIPV,WINTER
424,home,23.0,57.5,noVIPV,WINTER
424,work,1.0,2.5,noVIPV,WINTER
424,public,28.0,70.0,noVIPV,WINTER
425,home,21.0,52.5,noVIPV,WINTER
425,work,0.0,0.0,noVIPV,WINTER
425,public,9.0,22.5,noVIPV,WINTER
426,home,2.0,5.0,noVIPV,WINTER
426,work,1.0,2.5,noVIPV,WINTER
426,public,9.0,22.5,noVIPV,WINTER
427,home,6.0,15.0,noVIPV,WINTER
427,work,0.0,0.0,noVIPV,WINTER
427,public,1.0,2.5,noVIPV,WINTER
428,home,10.0,25.0,noVIPV,WINTER
428,work,0.0,0.0,noVIPV,WINTER
428,public,6.0,15.0,noVIPV,WINTER
429,home,9.0,22.5,noVIPV,WINTER
429,work,0.0,0.0,noVIPV,WINTER
429,public,0.0,0.0,noVIPV,WINTER
430,home,13.0,32.5,noVIPV,WINTER
430,work,0.0,0.0,noVIPV,WINTER
430,public,14.0,35.0,noVIPV,WINTER
431,home,0.0,0.0,noVIPV,WINTER
431,work,0.0,0.0,noVIPV,WINTER
431,public,3.0,7.5,noVIPV,WINTER
432,home,13.0,32.5,noVIPV,WINTER
432,work,0.0,0.0,noVIPV,WINTER
432,public,3.0,7.5,noVIPV,WINTER
433,home,0.0,0.0,noVIPV,WINTER
433,work,1.0,2.5,noVIPV,WINTER
433,public,0.0,0.0,noVIPV,WINTER
434,home,2.0,5.0,noVIPV,WINTER
434,work,0.0,0.0,noVIPV,WINTER
434,public,5.0,12.5,noVIPV,WINTER
435,home,1.0,2.5,noVIPV,WINTER
435,work,0.0,0.0,noVIPV,WINTER
435,public,0.0,0.0,noVIPV,WINTER
436,home,10.0,25.0,noVIPV,WINTER
436,work,1.0,2.5,noVIPV,WINTER
436,public,0.0,0.0,noVIPV,WINTER
437,home,6.0,15.0,noVIPV,WINTER
437,work,0.0,0.0,noVIPV,WINTER
437,public,1.0,2.5,noVIPV,WINTER
438,home,4.0,10.0,noVIPV,WINTER
438,work,1.0,2.5,noVIPV,WINTER
438,public,1.0,2.5,noVIPV,WINTER
439,home,0.0,0.0,noVIPV,WINTER
439,work,0.0,0.0,noVIPV,WINTER
439,public,1.0,2.5,noVIPV,WINTER
440,home,8.0,20.0,noVIPV,WINTER
440,work,0.0,0.0,noVIPV,WINTER
440,public,7.0,17.5,noVIPV,WINTER
441,home,44.0,110.0,noVIPV,WINTER
441,work,3.0,7.5,noVIPV,WINTER
441,public,18.0,45.0,noVIPV,WINTER
442,home,12.0,30.0,noVIPV,WINTER
442,work,1.0,2.5,noVIPV,WINTER
442,public,4.0,10.0,noVIPV,WINTER
443,home,23.0,57.5,noVIPV,WINTER
443,work,0.0,0.0,noVIPV,WINTER
443,public,15.0,37.5,noVIPV,WINTER
444,home,32.0,80.0,noVIPV,WINTER
444,work,0.0,0.0,noVIPV,WINTER
444,public,6.0,15.0,noVIPV,WINTER
445,home,51.0,127.5,noVIPV,WINTER
445,work,8.0,20.0,noVIPV,WINTER
445,public,47.0,117.5,noVIPV,WINTER
446,home,0.0,0.0,noVIPV,WINTER
446,work,10.0,25.0,noVIPV,WINTER
446,public,0.0,0.0,noVIPV,WINTER
447,home,0.0,0.0,noVIPV,WINTER
447,work,0.0,0.0,noVIPV,WINTER
447,public,2.0,5.0,noVIPV,WINTER
448,home,29.0,72.5,noVIPV,WINTER
448,work,2.0,5.0,noVIPV,WINTER
448,public,10.0,25.0,noVIPV,WINTER
449,home,32.0,80.0,noVIPV,WINTER
449,work,0.0,0.0,noVIPV,WINTER
449,public,8.0,20.0,noVIPV,WINTER
450,home,47.0,117.5,noVIPV,WINTER
450,work,1.0,2.5,noVIPV,WINTER
450,public,27.0,67.5,noVIPV,WINTER
451,home,33.0,82.5,noVIPV,WINTER
451,work,4.0,10.0,noVIPV,WINTER
451,public,19.0,47.5,noVIPV,WINTER
452,home,11.0,27.5,noVIPV,WINTER
452,work,0.0,0.0,noVIPV,WINTER
452,public,0.0,0.0,noVIPV,WINTER
453,home,2.0,5.0,noVIPV,WINTER
453,work,0.0,0.0,noVIPV,WINTER
453,public,0.0,0.0,noVIPV,WINTER
454,home,14.0,35.0,noVIPV,WINTER
454,work,0.0,0.0,noVIPV,WINTER
454,public,3.0,7.5,noVIPV,WINTER
455,home,1.0,2.5,noVIPV,WINTER
455,work,0.0,0.0,noVIPV,WINTER
455,public,1.0,2.5,noVIPV,WINTER
456,home,3.0,7.5,noVIPV,WINTER
456,work,0.0,0.0,noVIPV,WINTER
456,public,4.0,10.0,noVIPV,WINTER
457,home,0.0,0.0,noVIPV,WINTER
457,work,0.0,0.0,noVIPV,WINTER
457,public,1.0,2.5,noVIPV,WINTER
458,home,0.0,0.0,noVIPV,WINTER
458,work,27.0,67.5,noVIPV,WINTER
458,public,4.0,10.0,noVIPV,WINTER
459,home,0.0,0.0,noVIPV,WINTER
459,work,0.0,0.0,noVIPV,WINTER
459,public,1.0,2.5,noVIPV,WINTER
460,home,30.0,75.0,noVIPV,WINTER
460,work,0.0,0.0,noVIPV,WINTER
460,public,18.0,45.0,noVIPV,WINTER
461,home,31.0,77.5,noVIPV,WINTER
461,work,0.0,0.0,noVIPV,WINTER
461,public,17.0,42.5,noVIPV,WINTER
462,home,18.0,45.0,noVIPV,WINTER
462,work,5.0,12.5,noVIPV,WINTER
462,public,12.0,30.0,noVIPV,WINTER
463,home,44.0,110.0,noVIPV,WINTER
463,work,1.0,2.5,noVIPV,WINTER
463,public,10.0,25.0,noVIPV,WINTER
464,home,6.0,15.0,noVIPV,WINTER
464,work,0.0,0.0,noVIPV,WINTER
464,public,7.0,17.5,noVIPV,WINTER
465,home,4.0,10.0,noVIPV,WINTER
465,work,0.0,0.0,noVIPV,WINTER
465,public,0.0,0.0,noVIPV,WINTER
466,home,0.0,0.0,noVIPV,WINTER
466,work,1.0,2.5,noVIPV,WINTER
466,public,2.0,5.0,noVIPV,WINTER
467,home,4.0,10.0,noVIPV,WINTER
467,work,0.0,0.0,noVIPV,WINTER
467,public,0.0,0.0,noVIPV,WINTER
468,home,45.0,112.5,noVIPV,WINTER
468,work,0.0,0.0,noVIPV,WINTER
468,public,51.0,127.5,noVIPV,WINTER
469,home,40.0,100.0,noVIPV,WINTER
469,work,4.0,10.0,noVIPV,WINTER
469,public,16.0,40.0,noVIPV,WINTER
470,home,52.0,130.0,noVIPV,WINTER
470,work,3.0,7.5,noVIPV,WINTER
470,public,54.0,135.0,noVIPV,WINTER
471,home,0.0,0.0,noVIPV,WINTER
471,work,3.0,7.5,noVIPV,WINTER
471,public,0.0,0.0,noVIPV,WINTER
472,home,4.0,10.0,noVIPV,WINTER
472,work,0.0,0.0,noVIPV,WINTER
472,public,0.0,0.0,noVIPV,WINTER
473,home,0.0,0.0,noVIPV,WINTER
473,work,0.0,0.0,noVIPV,WINTER
473,public,2.0,5.0,noVIPV,WINTER
474,home,11.0,27.5,noVIPV,WINTER
474,work,0.0,0.0,noVIPV,WINTER
474,public,1.0,2.5,noVIPV,WINTER
475,home,12.0,30.0,noVIPV,WINTER
475,work,0.0,0.0,noVIPV,WINTER
475,public,9.0,22.5,noVIPV,WINTER
476,home,14.0,35.0,noVIPV,WINTER
476,work,0.0,0.0,noVIPV,WINTER
476,public,1.0,2.5,noVIPV,WINTER
477,home,1.0,2.5,noVIPV,WINTER
477,work,0.0,0.0,noVIPV,WINTER
477,public,0.0,0.0,noVIPV,WINTER
478,home,1.0,2.5,noVIPV,WINTER
478,work,0.0,0.0,noVIPV,WINTER
478,public,0.0,0.0,noVIPV,WINTER
479,home,10.0,25.0,noVIPV,WINTER
479,work,1.0,2.5,noVIPV,WINTER
479,public,6.0,15.0,noVIPV,WINTER
480,home,5.0,12.5,noVIPV,WINTER
480,work,4.0,10.0,noVIPV,WINTER
480,public,9.0,22.5,noVIPV,WINTER
481,home,7.0,17.5,noVIPV,WINTER
481,work,3.0,7.5,noVIPV,WINTER
481,public,0.0,0.0,noVIPV,WINTER
482,home,7.0,17.5,noVIPV,WINTER
482,work,1.0,2.5,noVIPV,WINTER
482,public,3.0,7.5,noVIPV,WINTER
483,home,0.0,0.0,noVIPV,WINTER
483,work,5.0,12.5,noVIPV,WINTER
483,public,3.0,7.5,noVIPV,WINTER
484,home,24.0,60.0,noVIPV,WINTER
484,work,0.0,0.0,noVIPV,WINTER
484,public,11.0,27.5,noVIPV,WINTER
485,home,17.0,42.5,noVIPV,WINTER
485,work,1.0,2.5,noVIPV,WINTER
485,public,4.0,10.0,noVIPV,WINTER
486,home,23.0,57.5,noVIPV,WINTER
486,work,0.0,0.0,noVIPV,WINTER
486,public,31.0,77.5,noVIPV,WINTER
487,home,3.0,7.5,noVIPV,WINTER
487,work,0.0,0.0,noVIPV,WINTER
487,public,0.0,0.0,noVIPV,WINTER
488,home,0.0,0.0,noVIPV,WINTER
488,work,0.0,0.0,noVIPV,WINTER
488,public,0.0,0.0,noVIPV,WINTER
489,home,0.0,0.0,noVIPV,WINTER
489,work,0.0,0.0,noVIPV,WINTER
489,public,1.0,2.5,noVIPV,WINTER
490,home,2.0,5.0,noVIPV,WINTER
490,work,1.0,2.5,noVIPV,WINTER
490,public,0.0,0.0,noVIPV,WINTER
491,home,5.0,12.5,noVIPV,WINTER
491,work,0.0,0.0,noVIPV,WINTER
491,public,0.0,0.0,noVIPV,WINTER
492,home,9.0,22.5,noVIPV,WINTER
492,work,0.0,0.0,noVIPV,WINTER
492,public,2.0,5.0,noVIPV,WINTER
493,home,2.0,5.0,noVIPV,WINTER
493,work,0.0,0.0,noVIPV,WINTER
493,public,3.0,7.5,noVIPV,WINTER
494,home,0.0,0.0,noVIPV,WINTER
494,work,2.0,5.0,noVIPV,WINTER
494,public,0.0,0.0,noVIPV,WINTER
495,home,0.0,0.0,noVIPV,WINTER
495,work,0.0,0.0,noVIPV,WINTER
495,public,1.0,2.5,noVIPV,WINTER
496,home,0.0,0.0,noVIPV,WINTER
496,work,0.0,0.0,noVIPV,WINTER
496,public,0.0,0.0,noVIPV,WINTER
497,home,0.0,0.0,noVIPV,WINTER
497,work,4.0,10.0,noVIPV,WINTER
497,public,1.0,2.5,noVIPV,WINTER
498,home,0.0,0.0,noVIPV,WINTER
498,work,3.0,7.5,noVIPV,WINTER
498,public,13.0,32.5,noVIPV,WINTER
499,home,21.0,52.5,noVIPV,WINTER
499,work,3.0,7.5,noVIPV,WINTER
499,public,26.0,65.0,noVIPV,WINTER
500,home,37.0,92.5,noVIPV,WINTER
500,work,4.0,10.0,noVIPV,WINTER
500,public,21.0,52.5,noVIPV,WINTER
501,home,6.0,15.0,noVIPV,WINTER
501,work,2.0,5.0,noVIPV,WINTER
501,public,9.0,22.5,noVIPV,WINTER
502,home,0.0,0.0,noVIPV,WINTER
502,work,2.0,5.0,noVIPV,WINTER
502,public,1.0,2.5,noVIPV,WINTER
503,home,0.0,0.0,noVIPV,WINTER
503,work,0.0,0.0,noVIPV,WINTER
503,public,1.0,2.5,noVIPV,WINTER
504,home,1.0,2.5,noVIPV,WINTER
504,work,0.0,0.0,noVIPV,WINTER
504,public,0.0,0.0,noVIPV,WINTER
505,home,12.0,30.0,noVIPV,WINTER
505,work,0.0,0.0,noVIPV,WINTER
505,public,7.0,17.5,noVIPV,WINTER
506,home,6.0,15.0,noVIPV,WINTER
506,work,1.0,2.5,noVIPV,WINTER
506,public,9.0,22.5,noVIPV,WINTER
507,home,0.0,0.0,noVIPV,WINTER
507,work,0.0,0.0,noVIPV,WINTER
507,public,3.0,7.5,noVIPV,WINTER
508,home,0.0,0.0,noVIPV,WINTER
508,work,0.0,0.0,noVIPV,WINTER
508,public,0.0,0.0,noVIPV,WINTER
509,home,1.0,2.5,noVIPV,WINTER
509,work,0.0,0.0,noVIPV,WINTER
509,public,1.0,2.5,noVIPV,WINTER
510,home,0.0,0.0,noVIPV,WINTER
510,work,0.0,0.0,noVIPV,WINTER
510,public,0.0,0.0,noVIPV,WINTER
511,home,8.0,20.0,noVIPV,WINTER
511,work,0.0,0.0,noVIPV,WINTER
511,public,0.0,0.0,noVIPV,WINTER
512,home,0.0,0.0,noVIPV,WINTER
512,work,5.0,12.5,noVIPV,WINTER
512,public,4.0,10.0,noVIPV,WINTER
513,home,0.0,0.0,noVIPV,WINTER
513,work,0.0,0.0,noVIPV,WINTER
513,public,0.0,0.0,noVIPV,WINTER
514,home,25.0,62.5,noVIPV,WINTER
514,work,1.0,2.5,noVIPV,WINTER
514,public,0.0,0.0,noVIPV,WINTER
515,home,46.0,115.0,noVIPV,WINTER
515,work,6.0,15.0,noVIPV,WINTER
515,public,24.0,60.0,noVIPV,WINTER
516,home,3.0,7.5,noVIPV,WINTER
516,work,0.0,0.0,noVIPV,WINTER
516,public,6.0,15.0,noVIPV,WINTER
517,home,2.0,5.0,noVIPV,WINTER
517,work,0.0,0.0,noVIPV,WINTER
517,public,0.0,0.0,noVIPV,WINTER
518,home,1.0,2.5,noVIPV,WINTER
518,work,1.0,2.5,noVIPV,WINTER
518,public,0.0,0.0,noVIPV,WINTER
519,home,5.0,12.5,noVIPV,WINTER
519,work,0.0,0.0,noVIPV,WINTER
519,public,4.0,10.0,noVIPV,WINTER
520,home,0.0,0.0,noVIPV,WINTER
520,work,0.0,0.0,noVIPV,WINTER
520,public,0.0,0.0,noVIPV,WINTER
521,home,9.0,22.5,noVIPV,WINTER
521,work,0.0,0.0,noVIPV,WINTER
521,public,0.0,0.0,noVIPV,WINTER
522,home,9.0,22.5,noVIPV,WINTER
522,work,0.0,0.0,noVIPV,WINTER
522,public,5.0,12.5,noVIPV,WINTER
523,home,3.0,7.5,noVIPV,WINTER
523,work,0.0,0.0,noVIPV,WINTER
523,public,0.0,0.0,noVIPV,WINTER
524,home,1.0,2.5,noVIPV,WINTER
524,work,4.0,10.0,noVIPV,WINTER
524,public,0.0,0.0,noVIPV,WINTER
525,home,3.0,7.5,noVIPV,WINTER
525,work,0.0,0.0,noVIPV,WINTER
525,public,0.0,0.0,noVIPV,WINTER
526,home,0.0,0.0,noVIPV,WINTER
526,work,0.0,0.0,noVIPV,WINTER
526,public,0.0,0.0,noVIPV,WINTER
527,home,2.0,5.0,noVIPV,WINTER
527,work,0.0,0.0,noVIPV,WINTER
527,public,0.0,0.0,noVIPV,WINTER
528,home,0.0,0.0,noVIPV,WINTER
528,work,0.0,0.0,noVIPV,WINTER
528,public,2.0,5.0,noVIPV,WINTER
529,home,3.0,7.5,noVIPV,WINTER
529,work,0.0,0.0,noVIPV,WINTER
529,public,0.0,0.0,noVIPV,WINTER
530,home,8.0,20.0,noVIPV,WINTER
530,work,3.0,7.5,noVIPV,WINTER
530,public,3.0,7.5,noVIPV,WINTER
531,home,0.0,0.0,noVIPV,WINTER
531,work,3.0,7.5,noVIPV,WINTER
531,public,0.0,0.0,noVIPV,WINTER
532,home,1.0,2.5,noVIPV,WINTER
532,work,0.0,0.0,noVIPV,WINTER
532,public,0.0,0.0,noVIPV,WINTER
533,home,21.0,52.5,noVIPV,WINTER
533,work,0.0,0.0,noVIPV,WINTER
533,public,9.0,22.5,noVIPV,WINTER
534,home,9.0,22.5,noVIPV,WINTER
534,work,1.0,2.5,noVIPV,WINTER
534,public,0.0,0.0,noVIPV,WINTER
535,home,0.0,0.0,noVIPV,WINTER
535,work,0.0,0.0,noVIPV,WINTER
535,public,0.0,0.0,noVIPV,WINTER
536,home,3.0,7.5,noVIPV,WINTER
536,work,0.0,0.0,noVIPV,WINTER
536,public,3.0,7.5,noVIPV,WINTER
537,home,12.0,30.0,noVIPV,WINTER
537,work,3.0,7.5,noVIPV,WINTER
537,public,2.0,5.0,noVIPV,WINTER
538,home,11.0,27.5,noVIPV,WINTER
538,work,0.0,0.0,noVIPV,WINTER
538,public,0.0,0.0,noVIPV,WINTER
539,home,19.0,47.5,noVIPV,WINTER
539,work,2.0,5.0,noVIPV,WINTER
539,public,4.0,10.0,noVIPV,WINTER
540,home,18.0,45.0,noVIPV,WINTER
540,work,0.0,0.0,noVIPV,WINTER
540,public,5.0,12.5,noVIPV,WINTER
541,home,1.0,2.5,noVIPV,WINTER
541,work,0.0,0.0,noVIPV,WINTER
541,public,3.0,7.5,noVIPV,WINTER
542,home,0.0,0.0,noVIPV,WINTER
542,work,1.0,2.5,noVIPV,WINTER
542,public,1.0,2.5,noVIPV,WINTER
543,home,2.0,5.0,noVIPV,WINTER
543,work,0.0,0.0,noVIPV,WINTER
543,public,1.0,2.5,noVIPV,WINTER
544,home,1.0,2.5,noVIPV,WINTER
544,work,0.0,0.0,noVIPV,WINTER
544,public,0.0,0.0,noVIPV,WINTER
545,home,0.0,0.0,noVIPV,WINTER
545,work,0.0,0.0,noVIPV,WINTER
545,public,0.0,0.0,noVIPV,WINTER
546,home,0.0,0.0,noVIPV,WINTER
546,work,0.0,0.0,noVIPV,WINTER
546,public,1.0,2.5,noVIPV,WINTER
547,home,0.0,0.0,noVIPV,WINTER
547,work,0.0,0.0,noVIPV,WINTER
547,public,0.0,0.0,noVIPV,WINTER
548,home,19.0,47.5,noVIPV,WINTER
548,work,0.0,0.0,noVIPV,WINTER
548,public,14.0,35.0,noVIPV,WINTER
549,home,70.0,175.0,noVIPV,WINTER
549,work,8.0,20.0,noVIPV,WINTER
549,public,31.0,77.5,noVIPV,WINTER
550,home,1.0,2.5,noVIPV,WINTER
550,work,1.0,2.5,noVIPV,WINTER
550,public,7.0,17.5,noVIPV,WINTER
551,home,6.0,15.0,noVIPV,WINTER
551,work,0.0,0.0,noVIPV,WINTER
551,public,2.0,5.0,noVIPV,WINTER
552,home,0.0,0.0,noVIPV,WINTER
552,work,1.0,2.5,noVIPV,WINTER
552,public,5.0,12.5,noVIPV,WINTER
553,home,11.0,27.5,noVIPV,WINTER
553,work,6.0,15.0,noVIPV,WINTER
553,public,5.0,12.5,noVIPV,WINTER
554,home,0.0,0.0,noVIPV,WINTER
554,work,0.0,0.0,noVIPV,WINTER
554,public,0.0,0.0,noVIPV,WINTER
555,home,3.0,7.5,noVIPV,WINTER
555,work,0.0,0.0,noVIPV,WINTER
555,public,4.0,10.0,noVIPV,WINTER
556,home,1.0,2.5,noVIPV,WINTER
556,work,0.0,0.0,noVIPV,WINTER
556,public,1.0,2.5,noVIPV,WINTER
557,home,15.0,37.5,noVIPV,WINTER
557,work,0.0,0.0,noVIPV,WINTER
557,public,5.0,12.5,noVIPV,WINTER
558,home,29.0,72.5,noVIPV,WINTER
558,work,3.0,7.5,noVIPV,WINTER
558,public,1.0,2.5,noVIPV,WINTER
559,home,0.0,0.0,noVIPV,WINTER
559,work,0.0,0.0,noVIPV,WINTER
559,public,0.0,0.0,noVIPV,WINTER
560,home,0.0,0.0,noVIPV,WINTER
560,work,0.0,0.0,noVIPV,WINTER
560,public,1.0,2.5,noVIPV,WINTER
561,home,1.0,2.5,noVIPV,WINTER
561,work,0.0,0.0,noVIPV,WINTER
561,public,0.0,0.0,noVIPV,WINTER
562,home,4.0,10.0,noVIPV,WINTER
562,work,0.0,0.0,noVIPV,WINTER
562,public,0.0,0.0,noVIPV,WINTER
563,home,31.0,77.5,noVIPV,WINTER
563,work,2.0,5.0,noVIPV,WINTER
563,public,2.0,5.0,noVIPV,WINTER
564,home,3.0,7.5,noVIPV,WINTER
564,work,0.0,0.0,noVIPV,WINTER
564,public,0.0,0.0,noVIPV,WINTER
565,home,6.0,15.0,noVIPV,WINTER
565,work,0.0,0.0,noVIPV,WINTER
565,public,3.0,7.5,noVIPV,WINTER
566,home,23.0,57.5,noVIPV,WINTER
566,work,2.0,5.0,noVIPV,WINTER
566,public,7.0,17.5,noVIPV,WINTER
567,home,11.0,27.5,noVIPV,WINTER
567,work,0.0,0.0,noVIPV,WINTER
567,public,21.0,52.5,noVIPV,WINTER
568,home,26.0,65.0,noVIPV,WINTER
568,work,1.0,2.5,noVIPV,WINTER
568,public,15.0,37.5,noVIPV,WINTER
569,home,63.0,157.5,noVIPV,WINTER
569,work,3.0,7.5,noVIPV,WINTER
569,public,14.0,35.0,noVIPV,WINTER
570,home,25.0,62.5,noVIPV,WINTER
570,work,0.0,0.0,noVIPV,WINTER
570,public,5.0,12.5,noVIPV,WINTER
571,home,16.0,40.0,noVIPV,WINTER
571,work,0.0,0.0,noVIPV,WINTER
571,public,8.0,20.0,noVIPV,WINTER
572,home,6.0,15.0,noVIPV,WINTER
572,work,0.0,0.0,noVIPV,WINTER
572,public,2.0,5.0,noVIPV,WINTER
573,home,0.0,0.0,noVIPV,WINTER
573,work,0.0,0.0,noVIPV,WINTER
573,public,1.0,2.5,noVIPV,WINTER
574,home,41.0,102.5,noVIPV,WINTER
574,work,0.0,0.0,noVIPV,WINTER
574,public,12.0,30.0,noVIPV,WINTER
575,home,33.0,82.5,noVIPV,WINTER
575,work,0.0,0.0,noVIPV,WINTER
575,public,2.0,5.0,noVIPV,WINTER
576,home,2.0,5.0,noVIPV,WINTER
576,work,0.0,0.0,noVIPV,WINTER
576,public,0.0,0.0,noVIPV,WINTER
577,home,60.0,150.0,noVIPV,WINTER
577,work,3.0,7.5,noVIPV,WINTER
577,public,37.0,92.5,noVIPV,WINTER
578,home,21.0,52.5,noVIPV,WINTER
578,work,2.0,5.0,noVIPV,WINTER
578,public,14.0,35.0,noVIPV,WINTER
579,home,8.0,20.0,noVIPV,WINTER
579,work,1.0,2.5,noVIPV,WINTER
579,public,21.0,52.5,noVIPV,WINTER
580,home,34.0,85.0,noVIPV,WINTER
580,work,0.0,0.0,noVIPV,WINTER
580,public,5.0,12.5,noVIPV,WINTER
581,home,1.0,2.5,noVIPV,WINTER
581,work,0.0,0.0,noVIPV,WINTER
581,public,0.0,0.0,noVIPV,WINTER
582,home,0.0,0.0,noVIPV,WINTER
582,work,0.0,0.0,noVIPV,WINTER
582,public,0.0,0.0,noVIPV,WINTER
583,home,16.0,40.0,noVIPV,WINTER
583,work,0.0,0.0,noVIPV,WINTER
583,public,0.0,0.0,noVIPV,WINTER
584,home,26.0,65.0,noVIPV,WINTER
584,work,1.0,2.5,noVIPV,WINTER
584,public,12.0,30.0,noVIPV,WINTER
585,home,29.0,72.5,noVIPV,WINTER
585,work,0.0,0.0,noVIPV,WINTER
585,public,0.0,0.0,noVIPV,WINTER
586,home,49.0,122.5,noVIPV,WINTER
586,work,1.0,2.5,noVIPV,WINTER
586,public,28.0,70.0,noVIPV,WINTER
0,home,13.0,32.5,VIPV50_Wp700,SPRING
0,work,0.0,0.0,VIPV50_Wp700,SPRING
0,public,0.0,0.0,VIPV50_Wp700,SPRING
1,home,36.0,90.0,VIPV50_Wp700,SPRING
1,work,4.0,10.0,VIPV50_Wp700,SPRING
1,public,0.0,0.0,VIPV50_Wp700,SPRING
2,home,11.0,27.5,VIPV50_Wp700,SPRING
2,work,2.0,5.0,VIPV50_Wp700,SPRING
2,public,0.0,0.0,VIPV50_Wp700,SPRING
3,home,12.0,30.0,VIPV50_Wp700,SPRING
3,work,2.0,5.0,VIPV50_Wp700,SPRING
3,public,0.0,0.0,VIPV50_Wp700,SPRING
4,home,0.0,0.0,VIPV50_Wp700,SPRING
4,work,0.0,0.0,VIPV50_Wp700,SPRING
4,public,0.0,0.0,VIPV50_Wp700,SPRING
5,home,15.0,37.5,VIPV50_Wp700,SPRING
5,work,1.0,2.5,VIPV50_Wp700,SPRING
5,public,0.0,0.0,VIPV50_Wp700,SPRING
6,home,14.0,35.0,VIPV50_Wp700,SPRING
6,work,0.0,0.0,VIPV50_Wp700,SPRING
6,public,0.0,0.0,VIPV50_Wp700,SPRING
7,home,19.0,47.5,VIPV50_Wp700,SPRING
7,work,0.0,0.0,VIPV50_Wp700,SPRING
7,public,0.0,0.0,VIPV50_Wp700,SPRING
8,home,1.0,2.5,VIPV50_Wp700,SPRING
8,work,0.0,0.0,VIPV50_Wp700,SPRING
8,public,0.0,0.0,VIPV50_Wp700,SPRING
9,home,2.0,5.0,VIPV50_Wp700,SPRING
9,work,0.0,0.0,VIPV50_Wp700,SPRING
9,public,0.0,0.0,VIPV50_Wp700,SPRING
10,home,32.0,80.0,VIPV50_Wp700,SPRING
10,work,1.0,2.5,VIPV50_Wp700,SPRING
10,public,0.0,0.0,VIPV50_Wp700,SPRING
11,home,26.0,65.0,VIPV50_Wp700,SPRING
11,work,2.0,5.0,VIPV50_Wp700,SPRING
11,public,0.0,0.0,VIPV50_Wp700,SPRING
12,home,15.0,37.5,VIPV50_Wp700,SPRING
12,work,4.0,10.0,VIPV50_Wp700,SPRING
12,public,0.0,0.0,VIPV50_Wp700,SPRING
13,home,5.0,12.5,VIPV50_Wp700,SPRING
13,work,2.0,5.0,VIPV50_Wp700,SPRING
13,public,0.0,0.0,VIPV50_Wp700,SPRING
14,home,2.0,5.0,VIPV50_Wp700,SPRING
14,work,0.0,0.0,VIPV50_Wp700,SPRING
14,public,0.0,0.0,VIPV50_Wp700,SPRING
15,home,2.0,5.0,VIPV50_Wp700,SPRING
15,work,1.0,2.5,VIPV50_Wp700,SPRING
15,public,0.0,0.0,VIPV50_Wp700,SPRING
16,home,3.0,7.5,VIPV50_Wp700,SPRING
16,work,2.0,5.0,VIPV50_Wp700,SPRING
16,public,0.0,0.0,VIPV50_Wp700,SPRING
17,home,13.0,32.5,VIPV50_Wp700,SPRING
17,work,0.0,0.0,VIPV50_Wp700,SPRING
17,public,0.0,0.0,VIPV50_Wp700,SPRING
18,home,11.0,27.5,VIPV50_Wp700,SPRING
18,work,0.0,0.0,VIPV50_Wp700,SPRING
18,public,0.0,0.0,VIPV50_Wp700,SPRING
19,home,7.0,17.5,VIPV50_Wp700,SPRING
19,work,2.0,5.0,VIPV50_Wp700,SPRING
19,public,0.0,0.0,VIPV50_Wp700,SPRING
20,home,18.0,45.0,VIPV50_Wp700,SPRING
20,work,3.0,7.5,VIPV50_Wp700,SPRING
20,public,0.0,0.0,VIPV50_Wp700,SPRING
21,home,6.0,15.0,VIPV50_Wp700,SPRING
21,work,0.0,0.0,VIPV50_Wp700,SPRING
21,public,0.0,0.0,VIPV50_Wp700,SPRING
22,home,8.0,20.0,VIPV50_Wp700,SPRING
22,work,0.0,0.0,VIPV50_Wp700,SPRING
22,public,0.0,0.0,VIPV50_Wp700,SPRING
23,home,3.0,7.5,VIPV50_Wp700,SPRING
23,work,0.0,0.0,VIPV50_Wp700,SPRING
23,public,2.0,5.0,VIPV50_Wp700,SPRING
24,home,9.0,22.5,VIPV50_Wp700,SPRING
24,work,0.0,0.0,VIPV50_Wp700,SPRING
24,public,0.0,0.0,VIPV50_Wp700,SPRING
25,home,4.0,10.0,VIPV50_Wp700,SPRING
25,work,0.0,0.0,VIPV50_Wp700,SPRING
25,public,5.0,12.5,VIPV50_Wp700,SPRING
26,home,6.0,15.0,VIPV50_Wp700,SPRING
26,work,0.0,0.0,VIPV50_Wp700,SPRING
26,public,6.0,15.0,VIPV50_Wp700,SPRING
27,home,3.0,7.5,VIPV50_Wp700,SPRING
27,work,0.0,0.0,VIPV50_Wp700,SPRING
27,public,3.0,7.5,VIPV50_Wp700,SPRING
28,home,35.0,87.5,VIPV50_Wp700,SPRING
28,work,0.0,0.0,VIPV50_Wp700,SPRING
28,public,3.0,7.5,VIPV50_Wp700,SPRING
29,home,0.0,0.0,VIPV50_Wp700,SPRING
29,work,0.0,0.0,VIPV50_Wp700,SPRING
29,public,0.0,0.0,VIPV50_Wp700,SPRING
30,home,8.0,20.0,VIPV50_Wp700,SPRING
30,work,0.0,0.0,VIPV50_Wp700,SPRING
30,public,1.0,2.5,VIPV50_Wp700,SPRING
31,home,4.0,10.0,VIPV50_Wp700,SPRING
31,work,2.0,5.0,VIPV50_Wp700,SPRING
31,public,1.0,2.5,VIPV50_Wp700,SPRING
32,home,1.0,2.5,VIPV50_Wp700,SPRING
32,work,0.0,0.0,VIPV50_Wp700,SPRING
32,public,0.0,0.0,VIPV50_Wp700,SPRING
33,home,5.0,12.5,VIPV50_Wp700,SPRING
33,work,0.0,0.0,VIPV50_Wp700,SPRING
33,public,0.0,0.0,VIPV50_Wp700,SPRING
34,home,0.0,0.0,VIPV50_Wp700,SPRING
34,work,0.0,0.0,VIPV50_Wp700,SPRING
34,public,1.0,2.5,VIPV50_Wp700,SPRING
35,home,4.0,10.0,VIPV50_Wp700,SPRING
35,work,0.0,0.0,VIPV50_Wp700,SPRING
35,public,0.0,0.0,VIPV50_Wp700,SPRING
36,home,8.0,20.0,VIPV50_Wp700,SPRING
36,work,0.0,0.0,VIPV50_Wp700,SPRING
36,public,1.0,2.5,VIPV50_Wp700,SPRING
37,home,1.0,2.5,VIPV50_Wp700,SPRING
37,work,0.0,0.0,VIPV50_Wp700,SPRING
37,public,1.0,2.5,VIPV50_Wp700,SPRING
38,home,0.0,0.0,VIPV50_Wp700,SPRING
38,work,0.0,0.0,VIPV50_Wp700,SPRING
38,public,6.0,15.0,VIPV50_Wp700,SPRING
39,home,20.0,50.0,VIPV50_Wp700,SPRING
39,work,3.0,7.5,VIPV50_Wp700,SPRING
39,public,5.0,12.5,VIPV50_Wp700,SPRING
40,home,17.0,42.5,VIPV50_Wp700,SPRING
40,work,0.0,0.0,VIPV50_Wp700,SPRING
40,public,4.0,10.0,VIPV50_Wp700,SPRING
41,home,5.0,12.5,VIPV50_Wp700,SPRING
41,work,0.0,0.0,VIPV50_Wp700,SPRING
41,public,0.0,0.0,VIPV50_Wp700,SPRING
42,home,3.0,7.5,VIPV50_Wp700,SPRING
42,work,0.0,0.0,VIPV50_Wp700,SPRING
42,public,6.0,15.0,VIPV50_Wp700,SPRING
43,home,19.0,47.5,VIPV50_Wp700,SPRING
43,work,2.0,5.0,VIPV50_Wp700,SPRING
43,public,9.0,22.5,VIPV50_Wp700,SPRING
44,home,6.0,15.0,VIPV50_Wp700,SPRING
44,work,0.0,0.0,VIPV50_Wp700,SPRING
44,public,0.0,0.0,VIPV50_Wp700,SPRING
45,home,8.0,20.0,VIPV50_Wp700,SPRING
45,work,0.0,0.0,VIPV50_Wp700,SPRING
45,public,4.0,10.0,VIPV50_Wp700,SPRING
46,home,2.0,5.0,VIPV50_Wp700,SPRING
46,work,3.0,7.5,VIPV50_Wp700,SPRING
46,public,8.0,20.0,VIPV50_Wp700,SPRING
47,home,5.0,12.5,VIPV50_Wp700,SPRING
47,work,0.0,0.0,VIPV50_Wp700,SPRING
47,public,0.0,0.0,VIPV50_Wp700,SPRING
48,home,2.0,5.0,VIPV50_Wp700,SPRING
48,work,0.0,0.0,VIPV50_Wp700,SPRING
48,public,0.0,0.0,VIPV50_Wp700,SPRING
49,home,0.0,0.0,VIPV50_Wp700,SPRING
49,work,0.0,0.0,VIPV50_Wp700,SPRING
49,public,0.0,0.0,VIPV50_Wp700,SPRING
50,home,1.0,2.5,VIPV50_Wp700,SPRING
50,work,0.0,0.0,VIPV50_Wp700,SPRING
50,public,0.0,0.0,VIPV50_Wp700,SPRING
51,home,0.0,0.0,VIPV50_Wp700,SPRING
51,work,0.0,0.0,VIPV50_Wp700,SPRING
51,public,0.0,0.0,VIPV50_Wp700,SPRING
52,home,5.0,12.5,VIPV50_Wp700,SPRING
52,work,0.0,0.0,VIPV50_Wp700,SPRING
52,public,0.0,0.0,VIPV50_Wp700,SPRING
53,home,78.0,195.0,VIPV50_Wp700,SPRING
53,work,1.0,2.5,VIPV50_Wp700,SPRING
53,public,12.0,30.0,VIPV50_Wp700,SPRING
54,home,4.0,10.0,VIPV50_Wp700,SPRING
54,work,0.0,0.0,VIPV50_Wp700,SPRING
54,public,4.0,10.0,VIPV50_Wp700,SPRING
55,home,3.0,7.5,VIPV50_Wp700,SPRING
55,work,0.0,0.0,VIPV50_Wp700,SPRING
55,public,0.0,0.0,VIPV50_Wp700,SPRING
56,home,38.0,95.0,VIPV50_Wp700,SPRING
56,work,3.0,7.5,VIPV50_Wp700,SPRING
56,public,14.0,35.0,VIPV50_Wp700,SPRING
57,home,40.0,100.0,VIPV50_Wp700,SPRING
57,work,0.0,0.0,VIPV50_Wp700,SPRING
57,public,5.0,12.5,VIPV50_Wp700,SPRING
58,home,12.0,30.0,VIPV50_Wp700,SPRING
58,work,0.0,0.0,VIPV50_Wp700,SPRING
58,public,2.0,5.0,VIPV50_Wp700,SPRING
59,home,11.0,27.5,VIPV50_Wp700,SPRING
59,work,0.0,0.0,VIPV50_Wp700,SPRING
59,public,9.0,22.5,VIPV50_Wp700,SPRING
60,home,27.0,67.5,VIPV50_Wp700,SPRING
60,work,0.0,0.0,VIPV50_Wp700,SPRING
60,public,0.0,0.0,VIPV50_Wp700,SPRING
61,home,0.0,0.0,VIPV50_Wp700,SPRING
61,work,0.0,0.0,VIPV50_Wp700,SPRING
61,public,0.0,0.0,VIPV50_Wp700,SPRING
62,home,10.0,25.0,VIPV50_Wp700,SPRING
62,work,0.0,0.0,VIPV50_Wp700,SPRING
62,public,1.0,2.5,VIPV50_Wp700,SPRING
63,home,2.0,5.0,VIPV50_Wp700,SPRING
63,work,0.0,0.0,VIPV50_Wp700,SPRING
63,public,0.0,0.0,VIPV50_Wp700,SPRING
64,home,0.0,0.0,VIPV50_Wp700,SPRING
64,work,0.0,0.0,VIPV50_Wp700,SPRING
64,public,2.0,5.0,VIPV50_Wp700,SPRING
65,home,2.0,5.0,VIPV50_Wp700,SPRING
65,work,0.0,0.0,VIPV50_Wp700,SPRING
65,public,0.0,0.0,VIPV50_Wp700,SPRING
66,home,0.0,0.0,VIPV50_Wp700,SPRING
66,work,0.0,0.0,VIPV50_Wp700,SPRING
66,public,0.0,0.0,VIPV50_Wp700,SPRING
67,home,6.0,15.0,VIPV50_Wp700,SPRING
67,work,2.0,5.0,VIPV50_Wp700,SPRING
67,public,2.0,5.0,VIPV50_Wp700,SPRING
68,home,14.0,35.0,VIPV50_Wp700,SPRING
68,work,0.0,0.0,VIPV50_Wp700,SPRING
68,public,12.0,30.0,VIPV50_Wp700,SPRING
69,home,11.0,27.5,VIPV50_Wp700,SPRING
69,work,5.0,12.5,VIPV50_Wp700,SPRING
69,public,1.0,2.5,VIPV50_Wp700,SPRING
70,home,36.0,90.0,VIPV50_Wp700,SPRING
70,work,1.0,2.5,VIPV50_Wp700,SPRING
70,public,3.0,7.5,VIPV50_Wp700,SPRING
71,home,18.0,45.0,VIPV50_Wp700,SPRING
71,work,2.0,5.0,VIPV50_Wp700,SPRING
71,public,7.0,17.5,VIPV50_Wp700,SPRING
72,home,6.0,15.0,VIPV50_Wp700,SPRING
72,work,13.0,32.5,VIPV50_Wp700,SPRING
72,public,5.0,12.5,VIPV50_Wp700,SPRING
73,home,0.0,0.0,VIPV50_Wp700,SPRING
73,work,0.0,0.0,VIPV50_Wp700,SPRING
73,public,0.0,0.0,VIPV50_Wp700,SPRING
74,home,0.0,0.0,VIPV50_Wp700,SPRING
74,work,12.0,30.0,VIPV50_Wp700,SPRING
74,public,7.0,17.5,VIPV50_Wp700,SPRING
75,home,0.0,0.0,VIPV50_Wp700,SPRING
75,work,28.0,70.0,VIPV50_Wp700,SPRING
75,public,5.0,12.5,VIPV50_Wp700,SPRING
76,home,11.0,27.5,VIPV50_Wp700,SPRING
76,work,22.0,55.0,VIPV50_Wp700,SPRING
76,public,9.0,22.5,VIPV50_Wp700,SPRING
77,home,9.0,22.5,VIPV50_Wp700,SPRING
77,work,0.0,0.0,VIPV50_Wp700,SPRING
77,public,4.0,10.0,VIPV50_Wp700,SPRING
78,home,2.0,5.0,VIPV50_Wp700,SPRING
78,work,0.0,0.0,VIPV50_Wp700,SPRING
78,public,2.0,5.0,VIPV50_Wp700,SPRING
79,home,0.0,0.0,VIPV50_Wp700,SPRING
79,work,0.0,0.0,VIPV50_Wp700,SPRING
79,public,0.0,0.0,VIPV50_Wp700,SPRING
80,home,0.0,0.0,VIPV50_Wp700,SPRING
80,work,1.0,2.5,VIPV50_Wp700,SPRING
80,public,4.0,10.0,VIPV50_Wp700,SPRING
81,home,5.0,12.5,VIPV50_Wp700,SPRING
81,work,0.0,0.0,VIPV50_Wp700,SPRING
81,public,0.0,0.0,VIPV50_Wp700,SPRING
82,home,1.0,2.5,VIPV50_Wp700,SPRING
82,work,0.0,0.0,VIPV50_Wp700,SPRING
82,public,4.0,10.0,VIPV50_Wp700,SPRING
83,home,0.0,0.0,VIPV50_Wp700,SPRING
83,work,0.0,0.0,VIPV50_Wp700,SPRING
83,public,1.0,2.5,VIPV50_Wp700,SPRING
84,home,33.0,82.5,VIPV50_Wp700,SPRING
84,work,3.0,7.5,VIPV50_Wp700,SPRING
84,public,12.0,30.0,VIPV50_Wp700,SPRING
85,home,45.0,112.5,VIPV50_Wp700,SPRING
85,work,3.0,7.5,VIPV50_Wp700,SPRING
85,public,11.0,27.5,VIPV50_Wp700,SPRING
86,home,44.0,110.0,VIPV50_Wp700,SPRING
86,work,1.0,2.5,VIPV50_Wp700,SPRING
86,public,26.0,65.0,VIPV50_Wp700,SPRING
87,home,9.0,22.5,VIPV50_Wp700,SPRING
87,work,3.0,7.5,VIPV50_Wp700,SPRING
87,public,5.0,12.5,VIPV50_Wp700,SPRING
88,home,14.0,35.0,VIPV50_Wp700,SPRING
88,work,5.0,12.5,VIPV50_Wp700,SPRING
88,public,17.0,42.5,VIPV50_Wp700,SPRING
89,home,0.0,0.0,VIPV50_Wp700,SPRING
89,work,22.0,55.0,VIPV50_Wp700,SPRING
89,public,10.0,25.0,VIPV50_Wp700,SPRING
90,home,0.0,0.0,VIPV50_Wp700,SPRING
90,work,1.0,2.5,VIPV50_Wp700,SPRING
90,public,10.0,25.0,VIPV50_Wp700,SPRING
91,home,0.0,0.0,VIPV50_Wp700,SPRING
91,work,5.0,12.5,VIPV50_Wp700,SPRING
91,public,11.0,27.5,VIPV50_Wp700,SPRING
92,home,0.0,0.0,VIPV50_Wp700,SPRING
92,work,5.0,12.5,VIPV50_Wp700,SPRING
92,public,8.0,20.0,VIPV50_Wp700,SPRING
93,home,32.0,80.0,VIPV50_Wp700,SPRING
93,work,7.0,17.5,VIPV50_Wp700,SPRING
93,public,16.0,40.0,VIPV50_Wp700,SPRING
94,home,4.0,10.0,VIPV50_Wp700,SPRING
94,work,19.0,47.5,VIPV50_Wp700,SPRING
94,public,6.0,15.0,VIPV50_Wp700,SPRING
95,home,16.0,40.0,VIPV50_Wp700,SPRING
95,work,2.0,5.0,VIPV50_Wp700,SPRING
95,public,14.0,35.0,VIPV50_Wp700,SPRING
96,home,11.0,27.5,VIPV50_Wp700,SPRING
96,work,0.0,0.0,VIPV50_Wp700,SPRING
96,public,13.0,32.5,VIPV50_Wp700,SPRING
97,home,17.0,42.5,VIPV50_Wp700,SPRING
97,work,3.0,7.5,VIPV50_Wp700,SPRING
97,public,1.0,2.5,VIPV50_Wp700,SPRING
98,home,4.0,10.0,VIPV50_Wp700,SPRING
98,work,0.0,0.0,VIPV50_Wp700,SPRING
98,public,3.0,7.5,VIPV50_Wp700,SPRING
99,home,24.0,60.0,VIPV50_Wp700,SPRING
99,work,0.0,0.0,VIPV50_Wp700,SPRING
99,public,2.0,5.0,VIPV50_Wp700,SPRING
100,home,27.0,67.5,VIPV50_Wp700,SPRING
100,work,0.0,0.0,VIPV50_Wp700,SPRING
100,public,23.0,57.5,VIPV50_Wp700,SPRING
101,home,25.0,62.5,VIPV50_Wp700,SPRING
101,work,0.0,0.0,VIPV50_Wp700,SPRING
101,public,0.0,0.0,VIPV50_Wp700,SPRING
102,home,8.0,20.0,VIPV50_Wp700,SPRING
102,work,0.0,0.0,VIPV50_Wp700,SPRING
102,public,0.0,0.0,VIPV50_Wp700,SPRING
103,home,5.0,12.5,VIPV50_Wp700,SPRING
103,work,0.0,0.0,VIPV50_Wp700,SPRING
103,public,2.0,5.0,VIPV50_Wp700,SPRING
104,home,1.0,2.5,VIPV50_Wp700,SPRING
104,work,0.0,0.0,VIPV50_Wp700,SPRING
104,public,0.0,0.0,VIPV50_Wp700,SPRING
105,home,9.0,22.5,VIPV50_Wp700,SPRING
105,work,0.0,0.0,VIPV50_Wp700,SPRING
105,public,4.0,10.0,VIPV50_Wp700,SPRING
106,home,2.0,5.0,VIPV50_Wp700,SPRING
106,work,0.0,0.0,VIPV50_Wp700,SPRING
106,public,1.0,2.5,VIPV50_Wp700,SPRING
107,home,12.0,30.0,VIPV50_Wp700,SPRING
107,work,5.0,12.5,VIPV50_Wp700,SPRING
107,public,12.0,30.0,VIPV50_Wp700,SPRING
108,home,18.0,45.0,VIPV50_Wp700,SPRING
108,work,0.0,0.0,VIPV50_Wp700,SPRING
108,public,13.0,32.5,VIPV50_Wp700,SPRING
109,home,15.0,37.5,VIPV50_Wp700,SPRING
109,work,0.0,0.0,VIPV50_Wp700,SPRING
109,public,11.0,27.5,VIPV50_Wp700,SPRING
110,home,45.0,112.5,VIPV50_Wp700,SPRING
110,work,3.0,7.5,VIPV50_Wp700,SPRING
110,public,31.0,77.5,VIPV50_Wp700,SPRING
111,home,11.0,27.5,VIPV50_Wp700,SPRING
111,work,6.0,15.0,VIPV50_Wp700,SPRING
111,public,34.0,85.0,VIPV50_Wp700,SPRING
112,home,28.0,70.0,VIPV50_Wp700,SPRING
112,work,4.0,10.0,VIPV50_Wp700,SPRING
112,public,10.0,25.0,VIPV50_Wp700,SPRING
113,home,0.0,0.0,VIPV50_Wp700,SPRING
113,work,14.0,35.0,VIPV50_Wp700,SPRING
113,public,17.0,42.5,VIPV50_Wp700,SPRING
114,home,6.0,15.0,VIPV50_Wp700,SPRING
114,work,12.0,30.0,VIPV50_Wp700,SPRING
114,public,15.0,37.5,VIPV50_Wp700,SPRING
115,home,26.0,65.0,VIPV50_Wp700,SPRING
115,work,4.0,10.0,VIPV50_Wp700,SPRING
115,public,18.0,45.0,VIPV50_Wp700,SPRING
116,home,1.0,2.5,VIPV50_Wp700,SPRING
116,work,3.0,7.5,VIPV50_Wp700,SPRING
116,public,0.0,0.0,VIPV50_Wp700,SPRING
117,home,22.0,55.0,VIPV50_Wp700,SPRING
117,work,2.0,5.0,VIPV50_Wp700,SPRING
117,public,16.0,40.0,VIPV50_Wp700,SPRING
118,home,34.0,85.0,VIPV50_Wp700,SPRING
118,work,6.0,15.0,VIPV50_Wp700,SPRING
118,public,53.0,132.5,VIPV50_Wp700,SPRING
119,home,25.0,62.5,VIPV50_Wp700,SPRING
119,work,7.0,17.5,VIPV50_Wp700,SPRING
119,public,7.0,17.5,VIPV50_Wp700,SPRING
120,home,22.0,55.0,VIPV50_Wp700,SPRING
120,work,4.0,10.0,VIPV50_Wp700,SPRING
120,public,8.0,20.0,VIPV50_Wp700,SPRING
121,home,6.0,15.0,VIPV50_Wp700,SPRING
121,work,0.0,0.0,VIPV50_Wp700,SPRING
121,public,0.0,0.0,VIPV50_Wp700,SPRING
122,home,3.0,7.5,VIPV50_Wp700,SPRING
122,work,0.0,0.0,VIPV50_Wp700,SPRING
122,public,0.0,0.0,VIPV50_Wp700,SPRING
123,home,13.0,32.5,VIPV50_Wp700,SPRING
123,work,2.0,5.0,VIPV50_Wp700,SPRING
123,public,15.0,37.5,VIPV50_Wp700,SPRING
124,home,27.0,67.5,VIPV50_Wp700,SPRING
124,work,0.0,0.0,VIPV50_Wp700,SPRING
124,public,8.0,20.0,VIPV50_Wp700,SPRING
125,home,28.0,70.0,VIPV50_Wp700,SPRING
125,work,1.0,2.5,VIPV50_Wp700,SPRING
125,public,23.0,57.5,VIPV50_Wp700,SPRING
126,home,45.0,112.5,VIPV50_Wp700,SPRING
126,work,0.0,0.0,VIPV50_Wp700,SPRING
126,public,13.0,32.5,VIPV50_Wp700,SPRING
127,home,39.0,97.5,VIPV50_Wp700,SPRING
127,work,0.0,0.0,VIPV50_Wp700,SPRING
127,public,11.0,27.5,VIPV50_Wp700,SPRING
128,home,8.0,20.0,VIPV50_Wp700,SPRING
128,work,1.0,2.5,VIPV50_Wp700,SPRING
128,public,0.0,0.0,VIPV50_Wp700,SPRING
129,home,2.0,5.0,VIPV50_Wp700,SPRING
129,work,0.0,0.0,VIPV50_Wp700,SPRING
129,public,4.0,10.0,VIPV50_Wp700,SPRING
130,home,0.0,0.0,VIPV50_Wp700,SPRING
130,work,0.0,0.0,VIPV50_Wp700,SPRING
130,public,1.0,2.5,VIPV50_Wp700,SPRING
131,home,0.0,0.0,VIPV50_Wp700,SPRING
131,work,0.0,0.0,VIPV50_Wp700,SPRING
131,public,5.0,12.5,VIPV50_Wp700,SPRING
132,home,10.0,25.0,VIPV50_Wp700,SPRING
132,work,1.0,2.5,VIPV50_Wp700,SPRING
132,public,0.0,0.0,VIPV50_Wp700,SPRING
133,home,28.0,70.0,VIPV50_Wp700,SPRING
133,work,3.0,7.5,VIPV50_Wp700,SPRING
133,public,17.0,42.5,VIPV50_Wp700,SPRING
134,home,57.0,142.5,VIPV50_Wp700,SPRING
134,work,6.0,15.0,VIPV50_Wp700,SPRING
134,public,17.0,42.5,VIPV50_Wp700,SPRING
135,home,22.0,55.0,VIPV50_Wp700,SPRING
135,work,12.0,30.0,VIPV50_Wp700,SPRING
135,public,32.0,80.0,VIPV50_Wp700,SPRING
136,home,37.0,92.5,VIPV50_Wp700,SPRING
136,work,5.0,12.5,VIPV50_Wp700,SPRING
136,public,9.0,22.5,VIPV50_Wp700,SPRING
137,home,19.0,47.5,VIPV50_Wp700,SPRING
137,work,5.0,12.5,VIPV50_Wp700,SPRING
137,public,6.0,15.0,VIPV50_Wp700,SPRING
138,home,0.0,0.0,VIPV50_Wp700,SPRING
138,work,4.0,10.0,VIPV50_Wp700,SPRING
138,public,19.0,47.5,VIPV50_Wp700,SPRING
139,home,22.0,55.0,VIPV50_Wp700,SPRING
139,work,6.0,15.0,VIPV50_Wp700,SPRING
139,public,16.0,40.0,VIPV50_Wp700,SPRING
140,home,2.0,5.0,VIPV50_Wp700,SPRING
140,work,0.0,0.0,VIPV50_Wp700,SPRING
140,public,2.0,5.0,VIPV50_Wp700,SPRING
141,home,50.0,125.0,VIPV50_Wp700,SPRING
141,work,4.0,10.0,VIPV50_Wp700,SPRING
141,public,14.0,35.0,VIPV50_Wp700,SPRING
142,home,25.0,62.5,VIPV50_Wp700,SPRING
142,work,18.0,45.0,VIPV50_Wp700,SPRING
142,public,44.0,110.0,VIPV50_Wp700,SPRING
143,home,16.0,40.0,VIPV50_Wp700,SPRING
143,work,6.0,15.0,VIPV50_Wp700,SPRING
143,public,12.0,30.0,VIPV50_Wp700,SPRING
144,home,33.0,82.5,VIPV50_Wp700,SPRING
144,work,0.0,0.0,VIPV50_Wp700,SPRING
144,public,7.0,17.5,VIPV50_Wp700,SPRING
145,home,0.0,0.0,VIPV50_Wp700,SPRING
145,work,0.0,0.0,VIPV50_Wp700,SPRING
145,public,1.0,2.5,VIPV50_Wp700,SPRING
146,home,0.0,0.0,VIPV50_Wp700,SPRING
146,work,0.0,0.0,VIPV50_Wp700,SPRING
146,public,0.0,0.0,VIPV50_Wp700,SPRING
147,home,11.0,27.5,VIPV50_Wp700,SPRING
147,work,0.0,0.0,VIPV50_Wp700,SPRING
147,public,0.0,0.0,VIPV50_Wp700,SPRING
148,home,18.0,45.0,VIPV50_Wp700,SPRING
148,work,2.0,5.0,VIPV50_Wp700,SPRING
148,public,19.0,47.5,VIPV50_Wp700,SPRING
149,home,23.0,57.5,VIPV50_Wp700,SPRING
149,work,3.0,7.5,VIPV50_Wp700,SPRING
149,public,17.0,42.5,VIPV50_Wp700,SPRING
150,home,20.0,50.0,VIPV50_Wp700,SPRING
150,work,2.0,5.0,VIPV50_Wp700,SPRING
150,public,4.0,10.0,VIPV50_Wp700,SPRING
151,home,0.0,0.0,VIPV50_Wp700,SPRING
151,work,0.0,0.0,VIPV50_Wp700,SPRING
151,public,5.0,12.5,VIPV50_Wp700,SPRING
152,home,32.0,80.0,VIPV50_Wp700,SPRING
152,work,0.0,0.0,VIPV50_Wp700,SPRING
152,public,16.0,40.0,VIPV50_Wp700,SPRING
153,home,30.0,75.0,VIPV50_Wp700,SPRING
153,work,4.0,10.0,VIPV50_Wp700,SPRING
153,public,6.0,15.0,VIPV50_Wp700,SPRING
154,home,5.0,12.5,VIPV50_Wp700,SPRING
154,work,8.0,20.0,VIPV50_Wp700,SPRING
154,public,4.0,10.0,VIPV50_Wp700,SPRING
155,home,16.0,40.0,VIPV50_Wp700,SPRING
155,work,1.0,2.5,VIPV50_Wp700,SPRING
155,public,8.0,20.0,VIPV50_Wp700,SPRING
156,home,35.0,87.5,VIPV50_Wp700,SPRING
156,work,1.0,2.5,VIPV50_Wp700,SPRING
156,public,82.0,205.0,VIPV50_Wp700,SPRING
157,home,3.0,7.5,VIPV50_Wp700,SPRING
157,work,15.0,37.5,VIPV50_Wp700,SPRING
157,public,0.0,0.0,VIPV50_Wp700,SPRING
158,home,11.0,27.5,VIPV50_Wp700,SPRING
158,work,1.0,2.5,VIPV50_Wp700,SPRING
158,public,0.0,0.0,VIPV50_Wp700,SPRING
159,home,35.0,87.5,VIPV50_Wp700,SPRING
159,work,0.0,0.0,VIPV50_Wp700,SPRING
159,public,38.0,95.0,VIPV50_Wp700,SPRING
160,home,31.0,77.5,VIPV50_Wp700,SPRING
160,work,15.0,37.5,VIPV50_Wp700,SPRING
160,public,47.0,117.5,VIPV50_Wp700,SPRING
161,home,15.0,37.5,VIPV50_Wp700,SPRING
161,work,3.0,7.5,VIPV50_Wp700,SPRING
161,public,26.0,65.0,VIPV50_Wp700,SPRING
162,home,19.0,47.5,VIPV50_Wp700,SPRING
162,work,0.0,0.0,VIPV50_Wp700,SPRING
162,public,11.0,27.5,VIPV50_Wp700,SPRING
163,home,1.0,2.5,VIPV50_Wp700,SPRING
163,work,0.0,0.0,VIPV50_Wp700,SPRING
163,public,0.0,0.0,VIPV50_Wp700,SPRING
164,home,22.0,55.0,VIPV50_Wp700,SPRING
164,work,2.0,5.0,VIPV50_Wp700,SPRING
164,public,16.0,40.0,VIPV50_Wp700,SPRING
165,home,26.0,65.0,VIPV50_Wp700,SPRING
165,work,5.0,12.5,VIPV50_Wp700,SPRING
165,public,4.0,10.0,VIPV50_Wp700,SPRING
166,home,1.0,2.5,VIPV50_Wp700,SPRING
166,work,1.0,2.5,VIPV50_Wp700,SPRING
166,public,1.0,2.5,VIPV50_Wp700,SPRING
167,home,0.0,0.0,VIPV50_Wp700,SPRING
167,work,0.0,0.0,VIPV50_Wp700,SPRING
167,public,0.0,0.0,VIPV50_Wp700,SPRING
168,home,2.0,5.0,VIPV50_Wp700,SPRING
168,work,0.0,0.0,VIPV50_Wp700,SPRING
168,public,0.0,0.0,VIPV50_Wp700,SPRING
169,home,8.0,20.0,VIPV50_Wp700,SPRING
169,work,0.0,0.0,VIPV50_Wp700,SPRING
169,public,2.0,5.0,VIPV50_Wp700,SPRING
170,home,24.0,60.0,VIPV50_Wp700,SPRING
170,work,2.0,5.0,VIPV50_Wp700,SPRING
170,public,2.0,5.0,VIPV50_Wp700,SPRING
171,home,24.0,60.0,VIPV50_Wp700,SPRING
171,work,9.0,22.5,VIPV50_Wp700,SPRING
171,public,16.0,40.0,VIPV50_Wp700,SPRING
172,home,14.0,35.0,VIPV50_Wp700,SPRING
172,work,0.0,0.0,VIPV50_Wp700,SPRING
172,public,12.0,30.0,VIPV50_Wp700,SPRING
173,home,29.0,72.5,VIPV50_Wp700,SPRING
173,work,0.0,0.0,VIPV50_Wp700,SPRING
173,public,5.0,12.5,VIPV50_Wp700,SPRING
174,home,38.0,95.0,VIPV50_Wp700,SPRING
174,work,3.0,7.5,VIPV50_Wp700,SPRING
174,public,9.0,22.5,VIPV50_Wp700,SPRING
175,home,28.0,70.0,VIPV50_Wp700,SPRING
175,work,1.0,2.5,VIPV50_Wp700,SPRING
175,public,32.0,80.0,VIPV50_Wp700,SPRING
176,home,12.0,30.0,VIPV50_Wp700,SPRING
176,work,0.0,0.0,VIPV50_Wp700,SPRING
176,public,5.0,12.5,VIPV50_Wp700,SPRING
177,home,19.0,47.5,VIPV50_Wp700,SPRING
177,work,2.0,5.0,VIPV50_Wp700,SPRING
177,public,10.0,25.0,VIPV50_Wp700,SPRING
178,home,14.0,35.0,VIPV50_Wp700,SPRING
178,work,5.0,12.5,VIPV50_Wp700,SPRING
178,public,20.0,50.0,VIPV50_Wp700,SPRING
179,home,0.0,0.0,VIPV50_Wp700,SPRING
179,work,12.0,30.0,VIPV50_Wp700,SPRING
179,public,13.0,32.5,VIPV50_Wp700,SPRING
180,home,1.0,2.5,VIPV50_Wp700,SPRING
180,work,0.0,0.0,VIPV50_Wp700,SPRING
180,public,0.0,0.0,VIPV50_Wp700,SPRING
181,home,0.0,0.0,VIPV50_Wp700,SPRING
181,work,0.0,0.0,VIPV50_Wp700,SPRING
181,public,1.0,2.5,VIPV50_Wp700,SPRING
182,home,0.0,0.0,VIPV50_Wp700,SPRING
182,work,1.0,2.5,VIPV50_Wp700,SPRING
182,public,3.0,7.5,VIPV50_Wp700,SPRING
183,home,0.0,0.0,VIPV50_Wp700,SPRING
183,work,7.0,17.5,VIPV50_Wp700,SPRING
183,public,1.0,2.5,VIPV50_Wp700,SPRING
184,home,0.0,0.0,VIPV50_Wp700,SPRING
184,work,1.0,2.5,VIPV50_Wp700,SPRING
184,public,3.0,7.5,VIPV50_Wp700,SPRING
185,home,2.0,5.0,VIPV50_Wp700,SPRING
185,work,0.0,0.0,VIPV50_Wp700,SPRING
185,public,0.0,0.0,VIPV50_Wp700,SPRING
186,home,1.0,2.5,VIPV50_Wp700,SPRING
186,work,0.0,0.0,VIPV50_Wp700,SPRING
186,public,0.0,0.0,VIPV50_Wp700,SPRING
187,home,9.0,22.5,VIPV50_Wp700,SPRING
187,work,5.0,12.5,VIPV50_Wp700,SPRING
187,public,6.0,15.0,VIPV50_Wp700,SPRING
188,home,20.0,50.0,VIPV50_Wp700,SPRING
188,work,2.0,5.0,VIPV50_Wp700,SPRING
188,public,7.0,17.5,VIPV50_Wp700,SPRING
189,home,35.0,87.5,VIPV50_Wp700,SPRING
189,work,1.0,2.5,VIPV50_Wp700,SPRING
189,public,9.0,22.5,VIPV50_Wp700,SPRING
190,home,42.0,105.0,VIPV50_Wp700,SPRING
190,work,0.0,0.0,VIPV50_Wp700,SPRING
190,public,8.0,20.0,VIPV50_Wp700,SPRING
191,home,40.0,100.0,VIPV50_Wp700,SPRING
191,work,1.0,2.5,VIPV50_Wp700,SPRING
191,public,22.0,55.0,VIPV50_Wp700,SPRING
192,home,19.0,47.5,VIPV50_Wp700,SPRING
192,work,0.0,0.0,VIPV50_Wp700,SPRING
192,public,22.0,55.0,VIPV50_Wp700,SPRING
193,home,7.0,17.5,VIPV50_Wp700,SPRING
193,work,6.0,15.0,VIPV50_Wp700,SPRING
193,public,14.0,35.0,VIPV50_Wp700,SPRING
194,home,12.0,30.0,VIPV50_Wp700,SPRING
194,work,1.0,2.5,VIPV50_Wp700,SPRING
194,public,0.0,0.0,VIPV50_Wp700,SPRING
195,home,14.0,35.0,VIPV50_Wp700,SPRING
195,work,1.0,2.5,VIPV50_Wp700,SPRING
195,public,9.0,22.5,VIPV50_Wp700,SPRING
196,home,33.0,82.5,VIPV50_Wp700,SPRING
196,work,0.0,0.0,VIPV50_Wp700,SPRING
196,public,23.0,57.5,VIPV50_Wp700,SPRING
197,home,32.0,80.0,VIPV50_Wp700,SPRING
197,work,11.0,27.5,VIPV50_Wp700,SPRING
197,public,18.0,45.0,VIPV50_Wp700,SPRING
198,home,9.0,22.5,VIPV50_Wp700,SPRING
198,work,13.0,32.5,VIPV50_Wp700,SPRING
198,public,6.0,15.0,VIPV50_Wp700,SPRING
199,home,0.0,0.0,VIPV50_Wp700,SPRING
199,work,0.0,0.0,VIPV50_Wp700,SPRING
199,public,1.0,2.5,VIPV50_Wp700,SPRING
200,home,0.0,0.0,VIPV50_Wp700,SPRING
200,work,9.0,22.5,VIPV50_Wp700,SPRING
200,public,1.0,2.5,VIPV50_Wp700,SPRING
201,home,4.0,10.0,VIPV50_Wp700,SPRING
201,work,3.0,7.5,VIPV50_Wp700,SPRING
201,public,1.0,2.5,VIPV50_Wp700,SPRING
202,home,0.0,0.0,VIPV50_Wp700,SPRING
202,work,1.0,2.5,VIPV50_Wp700,SPRING
202,public,0.0,0.0,VIPV50_Wp700,SPRING
203,home,0.0,0.0,VIPV50_Wp700,SPRING
203,work,0.0,0.0,VIPV50_Wp700,SPRING
203,public,0.0,0.0,VIPV50_Wp700,SPRING
204,home,1.0,2.5,VIPV50_Wp700,SPRING
204,work,0.0,0.0,VIPV50_Wp700,SPRING
204,public,2.0,5.0,VIPV50_Wp700,SPRING
205,home,13.0,32.5,VIPV50_Wp700,SPRING
205,work,1.0,2.5,VIPV50_Wp700,SPRING
205,public,13.0,32.5,VIPV50_Wp700,SPRING
206,home,16.0,40.0,VIPV50_Wp700,SPRING
206,work,4.0,10.0,VIPV50_Wp700,SPRING
206,public,7.0,17.5,VIPV50_Wp700,SPRING
207,home,15.0,37.5,VIPV50_Wp700,SPRING
207,work,0.0,0.0,VIPV50_Wp700,SPRING
207,public,5.0,12.5,VIPV50_Wp700,SPRING
208,home,13.0,32.5,VIPV50_Wp700,SPRING
208,work,1.0,2.5,VIPV50_Wp700,SPRING
208,public,15.0,37.5,VIPV50_Wp700,SPRING
209,home,25.0,62.5,VIPV50_Wp700,SPRING
209,work,0.0,0.0,VIPV50_Wp700,SPRING
209,public,22.0,55.0,VIPV50_Wp700,SPRING
210,home,1.0,2.5,VIPV50_Wp700,SPRING
210,work,1.0,2.5,VIPV50_Wp700,SPRING
210,public,8.0,20.0,VIPV50_Wp700,SPRING
211,home,7.0,17.5,VIPV50_Wp700,SPRING
211,work,37.0,92.5,VIPV50_Wp700,SPRING
211,public,42.0,105.0,VIPV50_Wp700,SPRING
212,home,32.0,80.0,VIPV50_Wp700,SPRING
212,work,6.0,15.0,VIPV50_Wp700,SPRING
212,public,28.0,70.0,VIPV50_Wp700,SPRING
213,home,23.0,57.5,VIPV50_Wp700,SPRING
213,work,3.0,7.5,VIPV50_Wp700,SPRING
213,public,47.0,117.5,VIPV50_Wp700,SPRING
214,home,20.0,50.0,VIPV50_Wp700,SPRING
214,work,13.0,32.5,VIPV50_Wp700,SPRING
214,public,14.0,35.0,VIPV50_Wp700,SPRING
215,home,11.0,27.5,VIPV50_Wp700,SPRING
215,work,2.0,5.0,VIPV50_Wp700,SPRING
215,public,30.0,75.0,VIPV50_Wp700,SPRING
216,home,0.0,0.0,VIPV50_Wp700,SPRING
216,work,0.0,0.0,VIPV50_Wp700,SPRING
216,public,2.0,5.0,VIPV50_Wp700,SPRING
217,home,1.0,2.5,VIPV50_Wp700,SPRING
217,work,0.0,0.0,VIPV50_Wp700,SPRING
217,public,0.0,0.0,VIPV50_Wp700,SPRING
218,home,10.0,25.0,VIPV50_Wp700,SPRING
218,work,0.0,0.0,VIPV50_Wp700,SPRING
218,public,2.0,5.0,VIPV50_Wp700,SPRING
219,home,9.0,22.5,VIPV50_Wp700,SPRING
219,work,0.0,0.0,VIPV50_Wp700,SPRING
219,public,0.0,0.0,VIPV50_Wp700,SPRING
220,home,0.0,0.0,VIPV50_Wp700,SPRING
220,work,1.0,2.5,VIPV50_Wp700,SPRING
220,public,0.0,0.0,VIPV50_Wp700,SPRING
221,home,0.0,0.0,VIPV50_Wp700,SPRING
221,work,0.0,0.0,VIPV50_Wp700,SPRING
221,public,0.0,0.0,VIPV50_Wp700,SPRING
222,home,0.0,0.0,VIPV50_Wp700,SPRING
222,work,0.0,0.0,VIPV50_Wp700,SPRING
222,public,0.0,0.0,VIPV50_Wp700,SPRING
223,home,0.0,0.0,VIPV50_Wp700,SPRING
223,work,2.0,5.0,VIPV50_Wp700,SPRING
223,public,0.0,0.0,VIPV50_Wp700,SPRING
224,home,18.0,45.0,VIPV50_Wp700,SPRING
224,work,3.0,7.5,VIPV50_Wp700,SPRING
224,public,8.0,20.0,VIPV50_Wp700,SPRING
225,home,51.0,127.5,VIPV50_Wp700,SPRING
225,work,4.0,10.0,VIPV50_Wp700,SPRING
225,public,76.0,190.0,VIPV50_Wp700,SPRING
226,home,14.0,35.0,VIPV50_Wp700,SPRING
226,work,0.0,0.0,VIPV50_Wp700,SPRING
226,public,26.0,65.0,VIPV50_Wp700,SPRING
227,home,33.0,82.5,VIPV50_Wp700,SPRING
227,work,20.0,50.0,VIPV50_Wp700,SPRING
227,public,81.0,202.5,VIPV50_Wp700,SPRING
228,home,28.0,70.0,VIPV50_Wp700,SPRING
228,work,9.0,22.5,VIPV50_Wp700,SPRING
228,public,29.0,72.5,VIPV50_Wp700,SPRING
229,home,29.0,72.5,VIPV50_Wp700,SPRING
229,work,13.0,32.5,VIPV50_Wp700,SPRING
229,public,26.0,65.0,VIPV50_Wp700,SPRING
230,home,34.0,85.0,VIPV50_Wp700,SPRING
230,work,7.0,17.5,VIPV50_Wp700,SPRING
230,public,51.0,127.5,VIPV50_Wp700,SPRING
231,home,10.0,25.0,VIPV50_Wp700,SPRING
231,work,0.0,0.0,VIPV50_Wp700,SPRING
231,public,17.0,42.5,VIPV50_Wp700,SPRING
232,home,6.0,15.0,VIPV50_Wp700,SPRING
232,work,0.0,0.0,VIPV50_Wp700,SPRING
232,public,1.0,2.5,VIPV50_Wp700,SPRING
233,home,16.0,40.0,VIPV50_Wp700,SPRING
233,work,0.0,0.0,VIPV50_Wp700,SPRING
233,public,14.0,35.0,VIPV50_Wp700,SPRING
234,home,7.0,17.5,VIPV50_Wp700,SPRING
234,work,0.0,0.0,VIPV50_Wp700,SPRING
234,public,9.0,22.5,VIPV50_Wp700,SPRING
235,home,7.0,17.5,VIPV50_Wp700,SPRING
235,work,0.0,0.0,VIPV50_Wp700,SPRING
235,public,2.0,5.0,VIPV50_Wp700,SPRING
236,home,9.0,22.5,VIPV50_Wp700,SPRING
236,work,0.0,0.0,VIPV50_Wp700,SPRING
236,public,2.0,5.0,VIPV50_Wp700,SPRING
237,home,2.0,5.0,VIPV50_Wp700,SPRING
237,work,0.0,0.0,VIPV50_Wp700,SPRING
237,public,0.0,0.0,VIPV50_Wp700,SPRING
238,home,0.0,0.0,VIPV50_Wp700,SPRING
238,work,8.0,20.0,VIPV50_Wp700,SPRING
238,public,1.0,2.5,VIPV50_Wp700,SPRING
239,home,0.0,0.0,VIPV50_Wp700,SPRING
239,work,3.0,7.5,VIPV50_Wp700,SPRING
239,public,3.0,7.5,VIPV50_Wp700,SPRING
240,home,0.0,0.0,VIPV50_Wp700,SPRING
240,work,0.0,0.0,VIPV50_Wp700,SPRING
240,public,1.0,2.5,VIPV50_Wp700,SPRING
241,home,0.0,0.0,VIPV50_Wp700,SPRING
241,work,12.0,30.0,VIPV50_Wp700,SPRING
241,public,2.0,5.0,VIPV50_Wp700,SPRING
242,home,0.0,0.0,VIPV50_Wp700,SPRING
242,work,1.0,2.5,VIPV50_Wp700,SPRING
242,public,1.0,2.5,VIPV50_Wp700,SPRING
243,home,16.0,40.0,VIPV50_Wp700,SPRING
243,work,2.0,5.0,VIPV50_Wp700,SPRING
243,public,2.0,5.0,VIPV50_Wp700,SPRING
244,home,25.0,62.5,VIPV50_Wp700,SPRING
244,work,7.0,17.5,VIPV50_Wp700,SPRING
244,public,11.0,27.5,VIPV50_Wp700,SPRING
245,home,46.0,115.0,VIPV50_Wp700,SPRING
245,work,18.0,45.0,VIPV50_Wp700,SPRING
245,public,51.0,127.5,VIPV50_Wp700,SPRING
246,home,54.0,135.0,VIPV50_Wp700,SPRING
246,work,21.0,52.5,VIPV50_Wp700,SPRING
246,public,128.0,320.0,VIPV50_Wp700,SPRING
247,home,45.0,112.5,VIPV50_Wp700,SPRING
247,work,20.0,50.0,VIPV50_Wp700,SPRING
247,public,47.0,117.5,VIPV50_Wp700,SPRING
248,home,51.0,127.5,VIPV50_Wp700,SPRING
248,work,24.0,60.0,VIPV50_Wp700,SPRING
248,public,90.0,225.0,VIPV50_Wp700,SPRING
249,home,19.0,47.5,VIPV50_Wp700,SPRING
249,work,13.0,32.5,VIPV50_Wp700,SPRING
249,public,33.0,82.5,VIPV50_Wp700,SPRING
250,home,16.0,40.0,VIPV50_Wp700,SPRING
250,work,4.0,10.0,VIPV50_Wp700,SPRING
250,public,11.0,27.5,VIPV50_Wp700,SPRING
251,home,8.0,20.0,VIPV50_Wp700,SPRING
251,work,0.0,0.0,VIPV50_Wp700,SPRING
251,public,1.0,2.5,VIPV50_Wp700,SPRING
252,home,0.0,0.0,VIPV50_Wp700,SPRING
252,work,3.0,7.5,VIPV50_Wp700,SPRING
252,public,2.0,5.0,VIPV50_Wp700,SPRING
253,home,10.0,25.0,VIPV50_Wp700,SPRING
253,work,0.0,0.0,VIPV50_Wp700,SPRING
253,public,14.0,35.0,VIPV50_Wp700,SPRING
254,home,38.0,95.0,VIPV50_Wp700,SPRING
254,work,0.0,0.0,VIPV50_Wp700,SPRING
254,public,17.0,42.5,VIPV50_Wp700,SPRING
255,home,9.0,22.5,VIPV50_Wp700,SPRING
255,work,4.0,10.0,VIPV50_Wp700,SPRING
255,public,1.0,2.5,VIPV50_Wp700,SPRING
256,home,14.0,35.0,VIPV50_Wp700,SPRING
256,work,0.0,0.0,VIPV50_Wp700,SPRING
256,public,3.0,7.5,VIPV50_Wp700,SPRING
257,home,6.0,15.0,VIPV50_Wp700,SPRING
257,work,0.0,0.0,VIPV50_Wp700,SPRING
257,public,3.0,7.5,VIPV50_Wp700,SPRING
258,home,17.0,42.5,VIPV50_Wp700,SPRING
258,work,0.0,0.0,VIPV50_Wp700,SPRING
258,public,1.0,2.5,VIPV50_Wp700,SPRING
259,home,1.0,2.5,VIPV50_Wp700,SPRING
259,work,0.0,0.0,VIPV50_Wp700,SPRING
259,public,1.0,2.5,VIPV50_Wp700,SPRING
260,home,0.0,0.0,VIPV50_Wp700,SPRING
260,work,9.0,22.5,VIPV50_Wp700,SPRING
260,public,1.0,2.5,VIPV50_Wp700,SPRING
261,home,0.0,0.0,VIPV50_Wp700,SPRING
261,work,27.0,67.5,VIPV50_Wp700,SPRING
261,public,2.0,5.0,VIPV50_Wp700,SPRING
262,home,0.0,0.0,VIPV50_Wp700,SPRING
262,work,1.0,2.5,VIPV50_Wp700,SPRING
262,public,0.0,0.0,VIPV50_Wp700,SPRING
263,home,0.0,0.0,VIPV50_Wp700,SPRING
263,work,0.0,0.0,VIPV50_Wp700,SPRING
263,public,0.0,0.0,VIPV50_Wp700,SPRING
264,home,0.0,0.0,VIPV50_Wp700,SPRING
264,work,0.0,0.0,VIPV50_Wp700,SPRING
264,public,0.0,0.0,VIPV50_Wp700,SPRING
265,home,0.0,0.0,VIPV50_Wp700,SPRING
265,work,1.0,2.5,VIPV50_Wp700,SPRING
265,public,0.0,0.0,VIPV50_Wp700,SPRING
266,home,30.0,75.0,VIPV50_Wp700,SPRING
266,work,0.0,0.0,VIPV50_Wp700,SPRING
266,public,9.0,22.5,VIPV50_Wp700,SPRING
267,home,40.0,100.0,VIPV50_Wp700,SPRING
267,work,9.0,22.5,VIPV50_Wp700,SPRING
267,public,50.0,125.0,VIPV50_Wp700,SPRING
268,home,59.0,147.5,VIPV50_Wp700,SPRING
268,work,1.0,2.5,VIPV50_Wp700,SPRING
268,public,33.0,82.5,VIPV50_Wp700,SPRING
269,home,8.0,20.0,VIPV50_Wp700,SPRING
269,work,14.0,35.0,VIPV50_Wp700,SPRING
269,public,13.0,32.5,VIPV50_Wp700,SPRING
270,home,18.0,45.0,VIPV50_Wp700,SPRING
270,work,12.0,30.0,VIPV50_Wp700,SPRING
270,public,4.0,10.0,VIPV50_Wp700,SPRING
271,home,1.0,2.5,VIPV50_Wp700,SPRING
271,work,61.0,152.5,VIPV50_Wp700,SPRING
271,public,129.0,322.5,VIPV50_Wp700,SPRING
272,home,27.0,67.5,VIPV50_Wp700,SPRING
272,work,22.0,55.0,VIPV50_Wp700,SPRING
272,public,87.0,217.5,VIPV50_Wp700,SPRING
273,home,13.0,32.5,VIPV50_Wp700,SPRING
273,work,15.0,37.5,VIPV50_Wp700,SPRING
273,public,27.0,67.5,VIPV50_Wp700,SPRING
274,home,20.0,50.0,VIPV50_Wp700,SPRING
274,work,0.0,0.0,VIPV50_Wp700,SPRING
274,public,26.0,65.0,VIPV50_Wp700,SPRING
275,home,26.0,65.0,VIPV50_Wp700,SPRING
275,work,3.0,7.5,VIPV50_Wp700,SPRING
275,public,11.0,27.5,VIPV50_Wp700,SPRING
276,home,0.0,0.0,VIPV50_Wp700,SPRING
276,work,0.0,0.0,VIPV50_Wp700,SPRING
276,public,3.0,7.5,VIPV50_Wp700,SPRING
277,home,5.0,12.5,VIPV50_Wp700,SPRING
277,work,0.0,0.0,VIPV50_Wp700,SPRING
277,public,4.0,10.0,VIPV50_Wp700,SPRING
278,home,38.0,95.0,VIPV50_Wp700,SPRING
278,work,2.0,5.0,VIPV50_Wp700,SPRING
278,public,8.0,20.0,VIPV50_Wp700,SPRING
279,home,15.0,37.5,VIPV50_Wp700,SPRING
279,work,0.0,0.0,VIPV50_Wp700,SPRING
279,public,6.0,15.0,VIPV50_Wp700,SPRING
280,home,12.0,30.0,VIPV50_Wp700,SPRING
280,work,1.0,2.5,VIPV50_Wp700,SPRING
280,public,11.0,27.5,VIPV50_Wp700,SPRING
281,home,0.0,0.0,VIPV50_Wp700,SPRING
281,work,4.0,10.0,VIPV50_Wp700,SPRING
281,public,9.0,22.5,VIPV50_Wp700,SPRING
282,home,0.0,0.0,VIPV50_Wp700,SPRING
282,work,2.0,5.0,VIPV50_Wp700,SPRING
282,public,0.0,0.0,VIPV50_Wp700,SPRING
283,home,0.0,0.0,VIPV50_Wp700,SPRING
283,work,4.0,10.0,VIPV50_Wp700,SPRING
283,public,3.0,7.5,VIPV50_Wp700,SPRING
284,home,0.0,0.0,VIPV50_Wp700,SPRING
284,work,4.0,10.0,VIPV50_Wp700,SPRING
284,public,0.0,0.0,VIPV50_Wp700,SPRING
285,home,0.0,0.0,VIPV50_Wp700,SPRING
285,work,0.0,0.0,VIPV50_Wp700,SPRING
285,public,1.0,2.5,VIPV50_Wp700,SPRING
286,home,8.0,20.0,VIPV50_Wp700,SPRING
286,work,10.0,25.0,VIPV50_Wp700,SPRING
286,public,18.0,45.0,VIPV50_Wp700,SPRING
287,home,35.0,87.5,VIPV50_Wp700,SPRING
287,work,1.0,2.5,VIPV50_Wp700,SPRING
287,public,29.0,72.5,VIPV50_Wp700,SPRING
288,home,22.0,55.0,VIPV50_Wp700,SPRING
288,work,1.0,2.5,VIPV50_Wp700,SPRING
288,public,26.0,65.0,VIPV50_Wp700,SPRING
289,home,30.0,75.0,VIPV50_Wp700,SPRING
289,work,10.0,25.0,VIPV50_Wp700,SPRING
289,public,18.0,45.0,VIPV50_Wp700,SPRING
290,home,1.0,2.5,VIPV50_Wp700,SPRING
290,work,19.0,47.5,VIPV50_Wp700,SPRING
290,public,11.0,27.5,VIPV50_Wp700,SPRING
291,home,1.0,2.5,VIPV50_Wp700,SPRING
291,work,4.0,10.0,VIPV50_Wp700,SPRING
291,public,40.0,100.0,VIPV50_Wp700,SPRING
292,home,4.0,10.0,VIPV50_Wp700,SPRING
292,work,44.0,110.0,VIPV50_Wp700,SPRING
292,public,55.0,137.5,VIPV50_Wp700,SPRING
293,home,22.0,55.0,VIPV50_Wp700,SPRING
293,work,21.0,52.5,VIPV50_Wp700,SPRING
293,public,25.0,62.5,VIPV50_Wp700,SPRING
294,home,53.0,132.5,VIPV50_Wp700,SPRING
294,work,16.0,40.0,VIPV50_Wp700,SPRING
294,public,48.0,120.0,VIPV50_Wp700,SPRING
295,home,48.0,120.0,VIPV50_Wp700,SPRING
295,work,6.0,15.0,VIPV50_Wp700,SPRING
295,public,15.0,37.5,VIPV50_Wp700,SPRING
296,home,30.0,75.0,VIPV50_Wp700,SPRING
296,work,2.0,5.0,VIPV50_Wp700,SPRING
296,public,10.0,25.0,VIPV50_Wp700,SPRING
297,home,24.0,60.0,VIPV50_Wp700,SPRING
297,work,1.0,2.5,VIPV50_Wp700,SPRING
297,public,20.0,50.0,VIPV50_Wp700,SPRING
298,home,34.0,85.0,VIPV50_Wp700,SPRING
298,work,1.0,2.5,VIPV50_Wp700,SPRING
298,public,10.0,25.0,VIPV50_Wp700,SPRING
299,home,11.0,27.5,VIPV50_Wp700,SPRING
299,work,0.0,0.0,VIPV50_Wp700,SPRING
299,public,31.0,77.5,VIPV50_Wp700,SPRING
300,home,6.0,15.0,VIPV50_Wp700,SPRING
300,work,0.0,0.0,VIPV50_Wp700,SPRING
300,public,11.0,27.5,VIPV50_Wp700,SPRING
301,home,5.0,12.5,VIPV50_Wp700,SPRING
301,work,0.0,0.0,VIPV50_Wp700,SPRING
301,public,0.0,0.0,VIPV50_Wp700,SPRING
302,home,0.0,0.0,VIPV50_Wp700,SPRING
302,work,0.0,0.0,VIPV50_Wp700,SPRING
302,public,0.0,0.0,VIPV50_Wp700,SPRING
303,home,11.0,27.5,VIPV50_Wp700,SPRING
303,work,0.0,0.0,VIPV50_Wp700,SPRING
303,public,2.0,5.0,VIPV50_Wp700,SPRING
304,home,2.0,5.0,VIPV50_Wp700,SPRING
304,work,0.0,0.0,VIPV50_Wp700,SPRING
304,public,2.0,5.0,VIPV50_Wp700,SPRING
305,home,33.0,82.5,VIPV50_Wp700,SPRING
305,work,2.0,5.0,VIPV50_Wp700,SPRING
305,public,3.0,7.5,VIPV50_Wp700,SPRING
306,home,28.0,70.0,VIPV50_Wp700,SPRING
306,work,6.0,15.0,VIPV50_Wp700,SPRING
306,public,4.0,10.0,VIPV50_Wp700,SPRING
307,home,0.0,0.0,VIPV50_Wp700,SPRING
307,work,4.0,10.0,VIPV50_Wp700,SPRING
307,public,2.0,5.0,VIPV50_Wp700,SPRING
308,home,0.0,0.0,VIPV50_Wp700,SPRING
308,work,0.0,0.0,VIPV50_Wp700,SPRING
308,public,3.0,7.5,VIPV50_Wp700,SPRING
309,home,0.0,0.0,VIPV50_Wp700,SPRING
309,work,0.0,0.0,VIPV50_Wp700,SPRING
309,public,1.0,2.5,VIPV50_Wp700,SPRING
310,home,0.0,0.0,VIPV50_Wp700,SPRING
310,work,3.0,7.5,VIPV50_Wp700,SPRING
310,public,0.0,0.0,VIPV50_Wp700,SPRING
311,home,0.0,0.0,VIPV50_Wp700,SPRING
311,work,0.0,0.0,VIPV50_Wp700,SPRING
311,public,1.0,2.5,VIPV50_Wp700,SPRING
312,home,45.0,112.5,VIPV50_Wp700,SPRING
312,work,2.0,5.0,VIPV50_Wp700,SPRING
312,public,32.0,80.0,VIPV50_Wp700,SPRING
313,home,15.0,37.5,VIPV50_Wp700,SPRING
313,work,1.0,2.5,VIPV50_Wp700,SPRING
313,public,4.0,10.0,VIPV50_Wp700,SPRING
314,home,22.0,55.0,VIPV50_Wp700,SPRING
314,work,21.0,52.5,VIPV50_Wp700,SPRING
314,public,7.0,17.5,VIPV50_Wp700,SPRING
315,home,11.0,27.5,VIPV50_Wp700,SPRING
315,work,2.0,5.0,VIPV50_Wp700,SPRING
315,public,53.0,132.5,VIPV50_Wp700,SPRING
316,home,32.0,80.0,VIPV50_Wp700,SPRING
316,work,7.0,17.5,VIPV50_Wp700,SPRING
316,public,35.0,87.5,VIPV50_Wp700,SPRING
317,home,0.0,0.0,VIPV50_Wp700,SPRING
317,work,8.0,20.0,VIPV50_Wp700,SPRING
317,public,1.0,2.5,VIPV50_Wp700,SPRING
318,home,5.0,12.5,VIPV50_Wp700,SPRING
318,work,13.0,32.5,VIPV50_Wp700,SPRING
318,public,6.0,15.0,VIPV50_Wp700,SPRING
319,home,3.0,7.5,VIPV50_Wp700,SPRING
319,work,7.0,17.5,VIPV50_Wp700,SPRING
319,public,12.0,30.0,VIPV50_Wp700,SPRING
320,home,32.0,80.0,VIPV50_Wp700,SPRING
320,work,0.0,0.0,VIPV50_Wp700,SPRING
320,public,20.0,50.0,VIPV50_Wp700,SPRING
321,home,28.0,70.0,VIPV50_Wp700,SPRING
321,work,5.0,12.5,VIPV50_Wp700,SPRING
321,public,45.0,112.5,VIPV50_Wp700,SPRING
322,home,36.0,90.0,VIPV50_Wp700,SPRING
322,work,3.0,7.5,VIPV50_Wp700,SPRING
322,public,26.0,65.0,VIPV50_Wp700,SPRING
323,home,24.0,60.0,VIPV50_Wp700,SPRING
323,work,12.0,30.0,VIPV50_Wp700,SPRING
323,public,12.0,30.0,VIPV50_Wp700,SPRING
324,home,58.0,145.0,VIPV50_Wp700,SPRING
324,work,4.0,10.0,VIPV50_Wp700,SPRING
324,public,26.0,65.0,VIPV50_Wp700,SPRING
325,home,45.0,112.5,VIPV50_Wp700,SPRING
325,work,2.0,5.0,VIPV50_Wp700,SPRING
325,public,2.0,5.0,VIPV50_Wp700,SPRING
326,home,4.0,10.0,VIPV50_Wp700,SPRING
326,work,0.0,0.0,VIPV50_Wp700,SPRING
326,public,0.0,0.0,VIPV50_Wp700,SPRING
327,home,0.0,0.0,VIPV50_Wp700,SPRING
327,work,0.0,0.0,VIPV50_Wp700,SPRING
327,public,3.0,7.5,VIPV50_Wp700,SPRING
328,home,18.0,45.0,VIPV50_Wp700,SPRING
328,work,2.0,5.0,VIPV50_Wp700,SPRING
328,public,3.0,7.5,VIPV50_Wp700,SPRING
329,home,1.0,2.5,VIPV50_Wp700,SPRING
329,work,0.0,0.0,VIPV50_Wp700,SPRING
329,public,0.0,0.0,VIPV50_Wp700,SPRING
330,home,16.0,40.0,VIPV50_Wp700,SPRING
330,work,0.0,0.0,VIPV50_Wp700,SPRING
330,public,0.0,0.0,VIPV50_Wp700,SPRING
331,home,25.0,62.5,VIPV50_Wp700,SPRING
331,work,4.0,10.0,VIPV50_Wp700,SPRING
331,public,13.0,32.5,VIPV50_Wp700,SPRING
332,home,6.0,15.0,VIPV50_Wp700,SPRING
332,work,2.0,5.0,VIPV50_Wp700,SPRING
332,public,0.0,0.0,VIPV50_Wp700,SPRING
333,home,0.0,0.0,VIPV50_Wp700,SPRING
333,work,0.0,0.0,VIPV50_Wp700,SPRING
333,public,0.0,0.0,VIPV50_Wp700,SPRING
334,home,0.0,0.0,VIPV50_Wp700,SPRING
334,work,0.0,0.0,VIPV50_Wp700,SPRING
334,public,0.0,0.0,VIPV50_Wp700,SPRING
335,home,0.0,0.0,VIPV50_Wp700,SPRING
335,work,0.0,0.0,VIPV50_Wp700,SPRING
335,public,1.0,2.5,VIPV50_Wp700,SPRING
336,home,0.0,0.0,VIPV50_Wp700,SPRING
336,work,2.0,5.0,VIPV50_Wp700,SPRING
336,public,8.0,20.0,VIPV50_Wp700,SPRING
337,home,48.0,120.0,VIPV50_Wp700,SPRING
337,work,2.0,5.0,VIPV50_Wp700,SPRING
337,public,14.0,35.0,VIPV50_Wp700,SPRING
338,home,31.0,77.5,VIPV50_Wp700,SPRING
338,work,0.0,0.0,VIPV50_Wp700,SPRING
338,public,16.0,40.0,VIPV50_Wp700,SPRING
339,home,31.0,77.5,VIPV50_Wp700,SPRING
339,work,2.0,5.0,VIPV50_Wp700,SPRING
339,public,4.0,10.0,VIPV50_Wp700,SPRING
340,home,28.0,70.0,VIPV50_Wp700,SPRING
340,work,4.0,10.0,VIPV50_Wp700,SPRING
340,public,30.0,75.0,VIPV50_Wp700,SPRING
341,home,0.0,0.0,VIPV50_Wp700,SPRING
341,work,12.0,30.0,VIPV50_Wp700,SPRING
341,public,11.0,27.5,VIPV50_Wp700,SPRING
342,home,0.0,0.0,VIPV50_Wp700,SPRING
342,work,10.0,25.0,VIPV50_Wp700,SPRING
342,public,15.0,37.5,VIPV50_Wp700,SPRING
343,home,0.0,0.0,VIPV50_Wp700,SPRING
343,work,3.0,7.5,VIPV50_Wp700,SPRING
343,public,1.0,2.5,VIPV50_Wp700,SPRING
344,home,0.0,0.0,VIPV50_Wp700,SPRING
344,work,7.0,17.5,VIPV50_Wp700,SPRING
344,public,0.0,0.0,VIPV50_Wp700,SPRING
345,home,11.0,27.5,VIPV50_Wp700,SPRING
345,work,11.0,27.5,VIPV50_Wp700,SPRING
345,public,20.0,50.0,VIPV50_Wp700,SPRING
346,home,7.0,17.5,VIPV50_Wp700,SPRING
346,work,5.0,12.5,VIPV50_Wp700,SPRING
346,public,9.0,22.5,VIPV50_Wp700,SPRING
347,home,10.0,25.0,VIPV50_Wp700,SPRING
347,work,8.0,20.0,VIPV50_Wp700,SPRING
347,public,31.0,77.5,VIPV50_Wp700,SPRING
348,home,44.0,110.0,VIPV50_Wp700,SPRING
348,work,2.0,5.0,VIPV50_Wp700,SPRING
348,public,7.0,17.5,VIPV50_Wp700,SPRING
349,home,41.0,102.5,VIPV50_Wp700,SPRING
349,work,0.0,0.0,VIPV50_Wp700,SPRING
349,public,29.0,72.5,VIPV50_Wp700,SPRING
350,home,18.0,45.0,VIPV50_Wp700,SPRING
350,work,0.0,0.0,VIPV50_Wp700,SPRING
350,public,13.0,32.5,VIPV50_Wp700,SPRING
351,home,19.0,47.5,VIPV50_Wp700,SPRING
351,work,0.0,0.0,VIPV50_Wp700,SPRING
351,public,6.0,15.0,VIPV50_Wp700,SPRING
352,home,19.0,47.5,VIPV50_Wp700,SPRING
352,work,0.0,0.0,VIPV50_Wp700,SPRING
352,public,32.0,80.0,VIPV50_Wp700,SPRING
353,home,42.0,105.0,VIPV50_Wp700,SPRING
353,work,4.0,10.0,VIPV50_Wp700,SPRING
353,public,15.0,37.5,VIPV50_Wp700,SPRING
354,home,11.0,27.5,VIPV50_Wp700,SPRING
354,work,0.0,0.0,VIPV50_Wp700,SPRING
354,public,1.0,2.5,VIPV50_Wp700,SPRING
355,home,26.0,65.0,VIPV50_Wp700,SPRING
355,work,0.0,0.0,VIPV50_Wp700,SPRING
355,public,17.0,42.5,VIPV50_Wp700,SPRING
356,home,31.0,77.5,VIPV50_Wp700,SPRING
356,work,0.0,0.0,VIPV50_Wp700,SPRING
356,public,14.0,35.0,VIPV50_Wp700,SPRING
357,home,7.0,17.5,VIPV50_Wp700,SPRING
357,work,0.0,0.0,VIPV50_Wp700,SPRING
357,public,6.0,15.0,VIPV50_Wp700,SPRING
358,home,5.0,12.5,VIPV50_Wp700,SPRING
358,work,0.0,0.0,VIPV50_Wp700,SPRING
358,public,2.0,5.0,VIPV50_Wp700,SPRING
359,home,0.0,0.0,VIPV50_Wp700,SPRING
359,work,0.0,0.0,VIPV50_Wp700,SPRING
359,public,0.0,0.0,VIPV50_Wp700,SPRING
360,home,0.0,0.0,VIPV50_Wp700,SPRING
360,work,18.0,45.0,VIPV50_Wp700,SPRING
360,public,4.0,10.0,VIPV50_Wp700,SPRING
361,home,0.0,0.0,VIPV50_Wp700,SPRING
361,work,66.0,165.0,VIPV50_Wp700,SPRING
361,public,10.0,25.0,VIPV50_Wp700,SPRING
362,home,50.0,125.0,VIPV50_Wp700,SPRING
362,work,1.0,2.5,VIPV50_Wp700,SPRING
362,public,40.0,100.0,VIPV50_Wp700,SPRING
363,home,15.0,37.5,VIPV50_Wp700,SPRING
363,work,0.0,0.0,VIPV50_Wp700,SPRING
363,public,6.0,15.0,VIPV50_Wp700,SPRING
364,home,36.0,90.0,VIPV50_Wp700,SPRING
364,work,0.0,0.0,VIPV50_Wp700,SPRING
364,public,9.0,22.5,VIPV50_Wp700,SPRING
365,home,22.0,55.0,VIPV50_Wp700,SPRING
365,work,0.0,0.0,VIPV50_Wp700,SPRING
365,public,22.0,55.0,VIPV50_Wp700,SPRING
366,home,3.0,7.5,VIPV50_Wp700,SPRING
366,work,9.0,22.5,VIPV50_Wp700,SPRING
366,public,3.0,7.5,VIPV50_Wp700,SPRING
367,home,10.0,25.0,VIPV50_Wp700,SPRING
367,work,1.0,2.5,VIPV50_Wp700,SPRING
367,public,27.0,67.5,VIPV50_Wp700,SPRING
368,home,24.0,60.0,VIPV50_Wp700,SPRING
368,work,0.0,0.0,VIPV50_Wp700,SPRING
368,public,0.0,0.0,VIPV50_Wp700,SPRING
369,home,0.0,0.0,VIPV50_Wp700,SPRING
369,work,10.0,25.0,VIPV50_Wp700,SPRING
369,public,6.0,15.0,VIPV50_Wp700,SPRING
370,home,25.0,62.5,VIPV50_Wp700,SPRING
370,work,6.0,15.0,VIPV50_Wp700,SPRING
370,public,26.0,65.0,VIPV50_Wp700,SPRING
371,home,9.0,22.5,VIPV50_Wp700,SPRING
371,work,5.0,12.5,VIPV50_Wp700,SPRING
371,public,13.0,32.5,VIPV50_Wp700,SPRING
372,home,1.0,2.5,VIPV50_Wp700,SPRING
372,work,1.0,2.5,VIPV50_Wp700,SPRING
372,public,1.0,2.5,VIPV50_Wp700,SPRING
373,home,11.0,27.5,VIPV50_Wp700,SPRING
373,work,4.0,10.0,VIPV50_Wp700,SPRING
373,public,4.0,10.0,VIPV50_Wp700,SPRING
374,home,8.0,20.0,VIPV50_Wp700,SPRING
374,work,6.0,15.0,VIPV50_Wp700,SPRING
374,public,10.0,25.0,VIPV50_Wp700,SPRING
375,home,13.0,32.5,VIPV50_Wp700,SPRING
375,work,1.0,2.5,VIPV50_Wp700,SPRING
375,public,19.0,47.5,VIPV50_Wp700,SPRING
376,home,3.0,7.5,VIPV50_Wp700,SPRING
376,work,0.0,0.0,VIPV50_Wp700,SPRING
376,public,3.0,7.5,VIPV50_Wp700,SPRING
377,home,41.0,102.5,VIPV50_Wp700,SPRING
377,work,5.0,12.5,VIPV50_Wp700,SPRING
377,public,22.0,55.0,VIPV50_Wp700,SPRING
378,home,41.0,102.5,VIPV50_Wp700,SPRING
378,work,2.0,5.0,VIPV50_Wp700,SPRING
378,public,28.0,70.0,VIPV50_Wp700,SPRING
379,home,1.0,2.5,VIPV50_Wp700,SPRING
379,work,0.0,0.0,VIPV50_Wp700,SPRING
379,public,5.0,12.5,VIPV50_Wp700,SPRING
380,home,13.0,32.5,VIPV50_Wp700,SPRING
380,work,4.0,10.0,VIPV50_Wp700,SPRING
380,public,7.0,17.5,VIPV50_Wp700,SPRING
381,home,30.0,75.0,VIPV50_Wp700,SPRING
381,work,0.0,0.0,VIPV50_Wp700,SPRING
381,public,19.0,47.5,VIPV50_Wp700,SPRING
382,home,25.0,62.5,VIPV50_Wp700,SPRING
382,work,3.0,7.5,VIPV50_Wp700,SPRING
382,public,3.0,7.5,VIPV50_Wp700,SPRING
383,home,15.0,37.5,VIPV50_Wp700,SPRING
383,work,0.0,0.0,VIPV50_Wp700,SPRING
383,public,0.0,0.0,VIPV50_Wp700,SPRING
384,home,0.0,0.0,VIPV50_Wp700,SPRING
384,work,0.0,0.0,VIPV50_Wp700,SPRING
384,public,1.0,2.5,VIPV50_Wp700,SPRING
385,home,2.0,5.0,VIPV50_Wp700,SPRING
385,work,3.0,7.5,VIPV50_Wp700,SPRING
385,public,0.0,0.0,VIPV50_Wp700,SPRING
386,home,0.0,0.0,VIPV50_Wp700,SPRING
386,work,27.0,67.5,VIPV50_Wp700,SPRING
386,public,12.0,30.0,VIPV50_Wp700,SPRING
387,home,0.0,0.0,VIPV50_Wp700,SPRING
387,work,10.0,25.0,VIPV50_Wp700,SPRING
387,public,0.0,0.0,VIPV50_Wp700,SPRING
388,home,32.0,80.0,VIPV50_Wp700,SPRING
388,work,0.0,0.0,VIPV50_Wp700,SPRING
388,public,33.0,82.5,VIPV50_Wp700,SPRING
389,home,22.0,55.0,VIPV50_Wp700,SPRING
389,work,0.0,0.0,VIPV50_Wp700,SPRING
389,public,10.0,25.0,VIPV50_Wp700,SPRING
390,home,0.0,0.0,VIPV50_Wp700,SPRING
390,work,0.0,0.0,VIPV50_Wp700,SPRING
390,public,5.0,12.5,VIPV50_Wp700,SPRING
391,home,4.0,10.0,VIPV50_Wp700,SPRING
391,work,4.0,10.0,VIPV50_Wp700,SPRING
391,public,1.0,2.5,VIPV50_Wp700,SPRING
392,home,14.0,35.0,VIPV50_Wp700,SPRING
392,work,0.0,0.0,VIPV50_Wp700,SPRING
392,public,17.0,42.5,VIPV50_Wp700,SPRING
393,home,22.0,55.0,VIPV50_Wp700,SPRING
393,work,0.0,0.0,VIPV50_Wp700,SPRING
393,public,0.0,0.0,VIPV50_Wp700,SPRING
394,home,18.0,45.0,VIPV50_Wp700,SPRING
394,work,7.0,17.5,VIPV50_Wp700,SPRING
394,public,10.0,25.0,VIPV50_Wp700,SPRING
395,home,0.0,0.0,VIPV50_Wp700,SPRING
395,work,12.0,30.0,VIPV50_Wp700,SPRING
395,public,4.0,10.0,VIPV50_Wp700,SPRING
396,home,0.0,0.0,VIPV50_Wp700,SPRING
396,work,0.0,0.0,VIPV50_Wp700,SPRING
396,public,0.0,0.0,VIPV50_Wp700,SPRING
397,home,12.0,30.0,VIPV50_Wp700,SPRING
397,work,3.0,7.5,VIPV50_Wp700,SPRING
397,public,11.0,27.5,VIPV50_Wp700,SPRING
398,home,6.0,15.0,VIPV50_Wp700,SPRING
398,work,2.0,5.0,VIPV50_Wp700,SPRING
398,public,5.0,12.5,VIPV50_Wp700,SPRING
399,home,55.0,137.5,VIPV50_Wp700,SPRING
399,work,5.0,12.5,VIPV50_Wp700,SPRING
399,public,18.0,45.0,VIPV50_Wp700,SPRING
400,home,16.0,40.0,VIPV50_Wp700,SPRING
400,work,0.0,0.0,VIPV50_Wp700,SPRING
400,public,3.0,7.5,VIPV50_Wp700,SPRING
401,home,37.0,92.5,VIPV50_Wp700,SPRING
401,work,5.0,12.5,VIPV50_Wp700,SPRING
401,public,14.0,35.0,VIPV50_Wp700,SPRING
402,home,5.0,12.5,VIPV50_Wp700,SPRING
402,work,5.0,12.5,VIPV50_Wp700,SPRING
402,public,27.0,67.5,VIPV50_Wp700,SPRING
403,home,35.0,87.5,VIPV50_Wp700,SPRING
403,work,11.0,27.5,VIPV50_Wp700,SPRING
403,public,10.0,25.0,VIPV50_Wp700,SPRING
404,home,5.0,12.5,VIPV50_Wp700,SPRING
404,work,6.0,15.0,VIPV50_Wp700,SPRING
404,public,0.0,0.0,VIPV50_Wp700,SPRING
405,home,8.0,20.0,VIPV50_Wp700,SPRING
405,work,1.0,2.5,VIPV50_Wp700,SPRING
405,public,4.0,10.0,VIPV50_Wp700,SPRING
406,home,7.0,17.5,VIPV50_Wp700,SPRING
406,work,0.0,0.0,VIPV50_Wp700,SPRING
406,public,2.0,5.0,VIPV50_Wp700,SPRING
407,home,0.0,0.0,VIPV50_Wp700,SPRING
407,work,0.0,0.0,VIPV50_Wp700,SPRING
407,public,1.0,2.5,VIPV50_Wp700,SPRING
408,home,25.0,62.5,VIPV50_Wp700,SPRING
408,work,0.0,0.0,VIPV50_Wp700,SPRING
408,public,7.0,17.5,VIPV50_Wp700,SPRING
409,home,18.0,45.0,VIPV50_Wp700,SPRING
409,work,0.0,0.0,VIPV50_Wp700,SPRING
409,public,4.0,10.0,VIPV50_Wp700,SPRING
410,home,1.0,2.5,VIPV50_Wp700,SPRING
410,work,0.0,0.0,VIPV50_Wp700,SPRING
410,public,1.0,2.5,VIPV50_Wp700,SPRING
411,home,4.0,10.0,VIPV50_Wp700,SPRING
411,work,0.0,0.0,VIPV50_Wp700,SPRING
411,public,3.0,7.5,VIPV50_Wp700,SPRING
412,home,7.0,17.5,VIPV50_Wp700,SPRING
412,work,0.0,0.0,VIPV50_Wp700,SPRING
412,public,3.0,7.5,VIPV50_Wp700,SPRING
413,home,0.0,0.0,VIPV50_Wp700,SPRING
413,work,0.0,0.0,VIPV50_Wp700,SPRING
413,public,0.0,0.0,VIPV50_Wp700,SPRING
414,home,4.0,10.0,VIPV50_Wp700,SPRING
414,work,0.0,0.0,VIPV50_Wp700,SPRING
414,public,4.0,10.0,VIPV50_Wp700,SPRING
415,home,15.0,37.5,VIPV50_Wp700,SPRING
415,work,0.0,0.0,VIPV50_Wp700,SPRING
415,public,4.0,10.0,VIPV50_Wp700,SPRING
416,home,16.0,40.0,VIPV50_Wp700,SPRING
416,work,0.0,0.0,VIPV50_Wp700,SPRING
416,public,2.0,5.0,VIPV50_Wp700,SPRING
417,home,11.0,27.5,VIPV50_Wp700,SPRING
417,work,0.0,0.0,VIPV50_Wp700,SPRING
417,public,5.0,12.5,VIPV50_Wp700,SPRING
418,home,0.0,0.0,VIPV50_Wp700,SPRING
418,work,0.0,0.0,VIPV50_Wp700,SPRING
418,public,3.0,7.5,VIPV50_Wp700,SPRING
419,home,20.0,50.0,VIPV50_Wp700,SPRING
419,work,0.0,0.0,VIPV50_Wp700,SPRING
419,public,21.0,52.5,VIPV50_Wp700,SPRING
420,home,43.0,107.5,VIPV50_Wp700,SPRING
420,work,7.0,17.5,VIPV50_Wp700,SPRING
420,public,10.0,25.0,VIPV50_Wp700,SPRING
421,home,14.0,35.0,VIPV50_Wp700,SPRING
421,work,7.0,17.5,VIPV50_Wp700,SPRING
421,public,20.0,50.0,VIPV50_Wp700,SPRING
422,home,2.0,5.0,VIPV50_Wp700,SPRING
422,work,0.0,0.0,VIPV50_Wp700,SPRING
422,public,3.0,7.5,VIPV50_Wp700,SPRING
423,home,17.0,42.5,VIPV50_Wp700,SPRING
423,work,0.0,0.0,VIPV50_Wp700,SPRING
423,public,12.0,30.0,VIPV50_Wp700,SPRING
424,home,22.0,55.0,VIPV50_Wp700,SPRING
424,work,1.0,2.5,VIPV50_Wp700,SPRING
424,public,25.0,62.5,VIPV50_Wp700,SPRING
425,home,23.0,57.5,VIPV50_Wp700,SPRING
425,work,0.0,0.0,VIPV50_Wp700,SPRING
425,public,5.0,12.5,VIPV50_Wp700,SPRING
426,home,3.0,7.5,VIPV50_Wp700,SPRING
426,work,0.0,0.0,VIPV50_Wp700,SPRING
426,public,8.0,20.0,VIPV50_Wp700,SPRING
427,home,10.0,25.0,VIPV50_Wp700,SPRING
427,work,1.0,2.5,VIPV50_Wp700,SPRING
427,public,0.0,0.0,VIPV50_Wp700,SPRING
428,home,7.0,17.5,VIPV50_Wp700,SPRING
428,work,2.0,5.0,VIPV50_Wp700,SPRING
428,public,5.0,12.5,VIPV50_Wp700,SPRING
429,home,9.0,22.5,VIPV50_Wp700,SPRING
429,work,1.0,2.5,VIPV50_Wp700,SPRING
429,public,0.0,0.0,VIPV50_Wp700,SPRING
430,home,14.0,35.0,VIPV50_Wp700,SPRING
430,work,0.0,0.0,VIPV50_Wp700,SPRING
430,public,10.0,25.0,VIPV50_Wp700,SPRING
431,home,0.0,0.0,VIPV50_Wp700,SPRING
431,work,0.0,0.0,VIPV50_Wp700,SPRING
431,public,1.0,2.5,VIPV50_Wp700,SPRING
432,home,13.0,32.5,VIPV50_Wp700,SPRING
432,work,0.0,0.0,VIPV50_Wp700,SPRING
432,public,5.0,12.5,VIPV50_Wp700,SPRING
433,home,0.0,0.0,VIPV50_Wp700,SPRING
433,work,0.0,0.0,VIPV50_Wp700,SPRING
433,public,0.0,0.0,VIPV50_Wp700,SPRING
434,home,2.0,5.0,VIPV50_Wp700,SPRING
434,work,0.0,0.0,VIPV50_Wp700,SPRING
434,public,2.0,5.0,VIPV50_Wp700,SPRING
435,home,2.0,5.0,VIPV50_Wp700,SPRING
435,work,0.0,0.0,VIPV50_Wp700,SPRING
435,public,0.0,0.0,VIPV50_Wp700,SPRING
436,home,9.0,22.5,VIPV50_Wp700,SPRING
436,work,2.0,5.0,VIPV50_Wp700,SPRING
436,public,1.0,2.5,VIPV50_Wp700,SPRING
437,home,3.0,7.5,VIPV50_Wp700,SPRING
437,work,0.0,0.0,VIPV50_Wp700,SPRING
437,public,0.0,0.0,VIPV50_Wp700,SPRING
438,home,2.0,5.0,VIPV50_Wp700,SPRING
438,work,1.0,2.5,VIPV50_Wp700,SPRING
438,public,1.0,2.5,VIPV50_Wp700,SPRING
439,home,0.0,0.0,VIPV50_Wp700,SPRING
439,work,0.0,0.0,VIPV50_Wp700,SPRING
439,public,1.0,2.5,VIPV50_Wp700,SPRING
440,home,4.0,10.0,VIPV50_Wp700,SPRING
440,work,0.0,0.0,VIPV50_Wp700,SPRING
440,public,8.0,20.0,VIPV50_Wp700,SPRING
441,home,44.0,110.0,VIPV50_Wp700,SPRING
441,work,4.0,10.0,VIPV50_Wp700,SPRING
441,public,18.0,45.0,VIPV50_Wp700,SPRING
442,home,13.0,32.5,VIPV50_Wp700,SPRING
442,work,1.0,2.5,VIPV50_Wp700,SPRING
442,public,5.0,12.5,VIPV50_Wp700,SPRING
443,home,24.0,60.0,VIPV50_Wp700,SPRING
443,work,1.0,2.5,VIPV50_Wp700,SPRING
443,public,10.0,25.0,VIPV50_Wp700,SPRING
444,home,26.0,65.0,VIPV50_Wp700,SPRING
444,work,0.0,0.0,VIPV50_Wp700,SPRING
444,public,9.0,22.5,VIPV50_Wp700,SPRING
445,home,47.0,117.5,VIPV50_Wp700,SPRING
445,work,7.0,17.5,VIPV50_Wp700,SPRING
445,public,44.0,110.0,VIPV50_Wp700,SPRING
446,home,0.0,0.0,VIPV50_Wp700,SPRING
446,work,11.0,27.5,VIPV50_Wp700,SPRING
446,public,1.0,2.5,VIPV50_Wp700,SPRING
447,home,0.0,0.0,VIPV50_Wp700,SPRING
447,work,1.0,2.5,VIPV50_Wp700,SPRING
447,public,5.0,12.5,VIPV50_Wp700,SPRING
448,home,26.0,65.0,VIPV50_Wp700,SPRING
448,work,5.0,12.5,VIPV50_Wp700,SPRING
448,public,10.0,25.0,VIPV50_Wp700,SPRING
449,home,32.0,80.0,VIPV50_Wp700,SPRING
449,work,0.0,0.0,VIPV50_Wp700,SPRING
449,public,11.0,27.5,VIPV50_Wp700,SPRING
450,home,28.0,70.0,VIPV50_Wp700,SPRING
450,work,1.0,2.5,VIPV50_Wp700,SPRING
450,public,17.0,42.5,VIPV50_Wp700,SPRING
451,home,23.0,57.5,VIPV50_Wp700,SPRING
451,work,3.0,7.5,VIPV50_Wp700,SPRING
451,public,14.0,35.0,VIPV50_Wp700,SPRING
452,home,6.0,15.0,VIPV50_Wp700,SPRING
452,work,0.0,0.0,VIPV50_Wp700,SPRING
452,public,1.0,2.5,VIPV50_Wp700,SPRING
453,home,1.0,2.5,VIPV50_Wp700,SPRING
453,work,0.0,0.0,VIPV50_Wp700,SPRING
453,public,0.0,0.0,VIPV50_Wp700,SPRING
454,home,17.0,42.5,VIPV50_Wp700,SPRING
454,work,0.0,0.0,VIPV50_Wp700,SPRING
454,public,2.0,5.0,VIPV50_Wp700,SPRING
455,home,1.0,2.5,VIPV50_Wp700,SPRING
455,work,0.0,0.0,VIPV50_Wp700,SPRING
455,public,0.0,0.0,VIPV50_Wp700,SPRING
456,home,4.0,10.0,VIPV50_Wp700,SPRING
456,work,0.0,0.0,VIPV50_Wp700,SPRING
456,public,2.0,5.0,VIPV50_Wp700,SPRING
457,home,0.0,0.0,VIPV50_Wp700,SPRING
457,work,0.0,0.0,VIPV50_Wp700,SPRING
457,public,1.0,2.5,VIPV50_Wp700,SPRING
458,home,0.0,0.0,VIPV50_Wp700,SPRING
458,work,20.0,50.0,VIPV50_Wp700,SPRING
458,public,2.0,5.0,VIPV50_Wp700,SPRING
459,home,0.0,0.0,VIPV50_Wp700,SPRING
459,work,0.0,0.0,VIPV50_Wp700,SPRING
459,public,1.0,2.5,VIPV50_Wp700,SPRING
460,home,30.0,75.0,VIPV50_Wp700,SPRING
460,work,0.0,0.0,VIPV50_Wp700,SPRING
460,public,23.0,57.5,VIPV50_Wp700,SPRING
461,home,26.0,65.0,VIPV50_Wp700,SPRING
461,work,2.0,5.0,VIPV50_Wp700,SPRING
461,public,17.0,42.5,VIPV50_Wp700,SPRING
462,home,12.0,30.0,VIPV50_Wp700,SPRING
462,work,3.0,7.5,VIPV50_Wp700,SPRING
462,public,10.0,25.0,VIPV50_Wp700,SPRING
463,home,41.0,102.5,VIPV50_Wp700,SPRING
463,work,0.0,0.0,VIPV50_Wp700,SPRING
463,public,8.0,20.0,VIPV50_Wp700,SPRING
464,home,13.0,32.5,VIPV50_Wp700,SPRING
464,work,1.0,2.5,VIPV50_Wp700,SPRING
464,public,3.0,7.5,VIPV50_Wp700,SPRING
465,home,6.0,15.0,VIPV50_Wp700,SPRING
465,work,0.0,0.0,VIPV50_Wp700,SPRING
465,public,0.0,0.0,VIPV50_Wp700,SPRING
466,home,0.0,0.0,VIPV50_Wp700,SPRING
466,work,3.0,7.5,VIPV50_Wp700,SPRING
466,public,1.0,2.5,VIPV50_Wp700,SPRING
467,home,2.0,5.0,VIPV50_Wp700,SPRING
467,work,2.0,5.0,VIPV50_Wp700,SPRING
467,public,0.0,0.0,VIPV50_Wp700,SPRING
468,home,53.0,132.5,VIPV50_Wp700,SPRING
468,work,3.0,7.5,VIPV50_Wp700,SPRING
468,public,49.0,122.5,VIPV50_Wp700,SPRING
469,home,42.0,105.0,VIPV50_Wp700,SPRING
469,work,5.0,12.5,VIPV50_Wp700,SPRING
469,public,21.0,52.5,VIPV50_Wp700,SPRING
470,home,43.0,107.5,VIPV50_Wp700,SPRING
470,work,0.0,0.0,VIPV50_Wp700,SPRING
470,public,63.0,157.5,VIPV50_Wp700,SPRING
471,home,1.0,2.5,VIPV50_Wp700,SPRING
471,work,2.0,5.0,VIPV50_Wp700,SPRING
471,public,0.0,0.0,VIPV50_Wp700,SPRING
472,home,2.0,5.0,VIPV50_Wp700,SPRING
472,work,0.0,0.0,VIPV50_Wp700,SPRING
472,public,0.0,0.0,VIPV50_Wp700,SPRING
473,home,0.0,0.0,VIPV50_Wp700,SPRING
473,work,0.0,0.0,VIPV50_Wp700,SPRING
473,public,3.0,7.5,VIPV50_Wp700,SPRING
474,home,8.0,20.0,VIPV50_Wp700,SPRING
474,work,0.0,0.0,VIPV50_Wp700,SPRING
474,public,2.0,5.0,VIPV50_Wp700,SPRING
475,home,11.0,27.5,VIPV50_Wp700,SPRING
475,work,0.0,0.0,VIPV50_Wp700,SPRING
475,public,5.0,12.5,VIPV50_Wp700,SPRING
476,home,14.0,35.0,VIPV50_Wp700,SPRING
476,work,2.0,5.0,VIPV50_Wp700,SPRING
476,public,1.0,2.5,VIPV50_Wp700,SPRING
477,home,1.0,2.5,VIPV50_Wp700,SPRING
477,work,0.0,0.0,VIPV50_Wp700,SPRING
477,public,0.0,0.0,VIPV50_Wp700,SPRING
478,home,2.0,5.0,VIPV50_Wp700,SPRING
478,work,0.0,0.0,VIPV50_Wp700,SPRING
478,public,0.0,0.0,VIPV50_Wp700,SPRING
479,home,11.0,27.5,VIPV50_Wp700,SPRING
479,work,0.0,0.0,VIPV50_Wp700,SPRING
479,public,1.0,2.5,VIPV50_Wp700,SPRING
480,home,8.0,20.0,VIPV50_Wp700,SPRING
480,work,1.0,2.5,VIPV50_Wp700,SPRING
480,public,7.0,17.5,VIPV50_Wp700,SPRING
481,home,7.0,17.5,VIPV50_Wp700,SPRING
481,work,1.0,2.5,VIPV50_Wp700,SPRING
481,public,1.0,2.5,VIPV50_Wp700,SPRING
482,home,6.0,15.0,VIPV50_Wp700,SPRING
482,work,0.0,0.0,VIPV50_Wp700,SPRING
482,public,1.0,2.5,VIPV50_Wp700,SPRING
483,home,0.0,0.0,VIPV50_Wp700,SPRING
483,work,6.0,15.0,VIPV50_Wp700,SPRING
483,public,6.0,15.0,VIPV50_Wp700,SPRING
484,home,23.0,57.5,VIPV50_Wp700,SPRING
484,work,0.0,0.0,VIPV50_Wp700,SPRING
484,public,7.0,17.5,VIPV50_Wp700,SPRING
485,home,13.0,32.5,VIPV50_Wp700,SPRING
485,work,0.0,0.0,VIPV50_Wp700,SPRING
485,public,5.0,12.5,VIPV50_Wp700,SPRING
486,home,23.0,57.5,VIPV50_Wp700,SPRING
486,work,0.0,0.0,VIPV50_Wp700,SPRING
486,public,25.0,62.5,VIPV50_Wp700,SPRING
487,home,2.0,5.0,VIPV50_Wp700,SPRING
487,work,0.0,0.0,VIPV50_Wp700,SPRING
487,public,0.0,0.0,VIPV50_Wp700,SPRING
488,home,0.0,0.0,VIPV50_Wp700,SPRING
488,work,0.0,0.0,VIPV50_Wp700,SPRING
488,public,0.0,0.0,VIPV50_Wp700,SPRING
489,home,0.0,0.0,VIPV50_Wp700,SPRING
489,work,0.0,0.0,VIPV50_Wp700,SPRING
489,public,0.0,0.0,VIPV50_Wp700,SPRING
490,home,2.0,5.0,VIPV50_Wp700,SPRING
490,work,0.0,0.0,VIPV50_Wp700,SPRING
490,public,0.0,0.0,VIPV50_Wp700,SPRING
491,home,4.0,10.0,VIPV50_Wp700,SPRING
491,work,0.0,0.0,VIPV50_Wp700,SPRING
491,public,0.0,0.0,VIPV50_Wp700,SPRING
492,home,7.0,17.5,VIPV50_Wp700,SPRING
492,work,0.0,0.0,VIPV50_Wp700,SPRING
492,public,0.0,0.0,VIPV50_Wp700,SPRING
493,home,2.0,5.0,VIPV50_Wp700,SPRING
493,work,0.0,0.0,VIPV50_Wp700,SPRING
493,public,1.0,2.5,VIPV50_Wp700,SPRING
494,home,0.0,0.0,VIPV50_Wp700,SPRING
494,work,0.0,0.0,VIPV50_Wp700,SPRING
494,public,0.0,0.0,VIPV50_Wp700,SPRING
495,home,0.0,0.0,VIPV50_Wp700,SPRING
495,work,0.0,0.0,VIPV50_Wp700,SPRING
495,public,0.0,0.0,VIPV50_Wp700,SPRING
496,home,0.0,0.0,VIPV50_Wp700,SPRING
496,work,0.0,0.0,VIPV50_Wp700,SPRING
496,public,0.0,0.0,VIPV50_Wp700,SPRING
497,home,0.0,0.0,VIPV50_Wp700,SPRING
497,work,3.0,7.5,VIPV50_Wp700,SPRING
497,public,1.0,2.5,VIPV50_Wp700,SPRING
498,home,0.0,0.0,VIPV50_Wp700,SPRING
498,work,4.0,10.0,VIPV50_Wp700,SPRING
498,public,9.0,22.5,VIPV50_Wp700,SPRING
499,home,20.0,50.0,VIPV50_Wp700,SPRING
499,work,2.0,5.0,VIPV50_Wp700,SPRING
499,public,19.0,47.5,VIPV50_Wp700,SPRING
500,home,27.0,67.5,VIPV50_Wp700,SPRING
500,work,4.0,10.0,VIPV50_Wp700,SPRING
500,public,28.0,70.0,VIPV50_Wp700,SPRING
501,home,6.0,15.0,VIPV50_Wp700,SPRING
501,work,0.0,0.0,VIPV50_Wp700,SPRING
501,public,16.0,40.0,VIPV50_Wp700,SPRING
502,home,0.0,0.0,VIPV50_Wp700,SPRING
502,work,0.0,0.0,VIPV50_Wp700,SPRING
502,public,0.0,0.0,VIPV50_Wp700,SPRING
503,home,0.0,0.0,VIPV50_Wp700,SPRING
503,work,0.0,0.0,VIPV50_Wp700,SPRING
503,public,1.0,2.5,VIPV50_Wp700,SPRING
504,home,1.0,2.5,VIPV50_Wp700,SPRING
504,work,0.0,0.0,VIPV50_Wp700,SPRING
504,public,0.0,0.0,VIPV50_Wp700,SPRING
505,home,9.0,22.5,VIPV50_Wp700,SPRING
505,work,0.0,0.0,VIPV50_Wp700,SPRING
505,public,6.0,15.0,VIPV50_Wp700,SPRING
506,home,6.0,15.0,VIPV50_Wp700,SPRING
506,work,0.0,0.0,VIPV50_Wp700,SPRING
506,public,6.0,15.0,VIPV50_Wp700,SPRING
507,home,0.0,0.0,VIPV50_Wp700,SPRING
507,work,0.0,0.0,VIPV50_Wp700,SPRING
507,public,1.0,2.5,VIPV50_Wp700,SPRING
508,home,0.0,0.0,VIPV50_Wp700,SPRING
508,work,0.0,0.0,VIPV50_Wp700,SPRING
508,public,0.0,0.0,VIPV50_Wp700,SPRING
509,home,1.0,2.5,VIPV50_Wp700,SPRING
509,work,0.0,0.0,VIPV50_Wp700,SPRING
509,public,4.0,10.0,VIPV50_Wp700,SPRING
510,home,0.0,0.0,VIPV50_Wp700,SPRING
510,work,0.0,0.0,VIPV50_Wp700,SPRING
510,public,0.0,0.0,VIPV50_Wp700,SPRING
511,home,6.0,15.0,VIPV50_Wp700,SPRING
511,work,0.0,0.0,VIPV50_Wp700,SPRING
511,public,0.0,0.0,VIPV50_Wp700,SPRING
512,home,0.0,0.0,VIPV50_Wp700,SPRING
512,work,5.0,12.5,VIPV50_Wp700,SPRING
512,public,3.0,7.5,VIPV50_Wp700,SPRING
513,home,0.0,0.0,VIPV50_Wp700,SPRING
513,work,0.0,0.0,VIPV50_Wp700,SPRING
513,public,0.0,0.0,VIPV50_Wp700,SPRING
514,home,24.0,60.0,VIPV50_Wp700,SPRING
514,work,2.0,5.0,VIPV50_Wp700,SPRING
514,public,0.0,0.0,VIPV50_Wp700,SPRING
515,home,44.0,110.0,VIPV50_Wp700,SPRING
515,work,4.0,10.0,VIPV50_Wp700,SPRING
515,public,19.0,47.5,VIPV50_Wp700,SPRING
516,home,3.0,7.5,VIPV50_Wp700,SPRING
516,work,0.0,0.0,VIPV50_Wp700,SPRING
516,public,4.0,10.0,VIPV50_Wp700,SPRING
517,home,4.0,10.0,VIPV50_Wp700,SPRING
517,work,0.0,0.0,VIPV50_Wp700,SPRING
517,public,0.0,0.0,VIPV50_Wp700,SPRING
518,home,2.0,5.0,VIPV50_Wp700,SPRING
518,work,1.0,2.5,VIPV50_Wp700,SPRING
518,public,1.0,2.5,VIPV50_Wp700,SPRING
519,home,4.0,10.0,VIPV50_Wp700,SPRING
519,work,1.0,2.5,VIPV50_Wp700,SPRING
519,public,3.0,7.5,VIPV50_Wp700,SPRING
520,home,0.0,0.0,VIPV50_Wp700,SPRING
520,work,0.0,0.0,VIPV50_Wp700,SPRING
520,public,1.0,2.5,VIPV50_Wp700,SPRING
521,home,5.0,12.5,VIPV50_Wp700,SPRING
521,work,0.0,0.0,VIPV50_Wp700,SPRING
521,public,0.0,0.0,VIPV50_Wp700,SPRING
522,home,10.0,25.0,VIPV50_Wp700,SPRING
522,work,0.0,0.0,VIPV50_Wp700,SPRING
522,public,5.0,12.5,VIPV50_Wp700,SPRING
523,home,5.0,12.5,VIPV50_Wp700,SPRING
523,work,0.0,0.0,VIPV50_Wp700,SPRING
523,public,0.0,0.0,VIPV50_Wp700,SPRING
524,home,0.0,0.0,VIPV50_Wp700,SPRING
524,work,5.0,12.5,VIPV50_Wp700,SPRING
524,public,0.0,0.0,VIPV50_Wp700,SPRING
525,home,1.0,2.5,VIPV50_Wp700,SPRING
525,work,0.0,0.0,VIPV50_Wp700,SPRING
525,public,0.0,0.0,VIPV50_Wp700,SPRING
526,home,0.0,0.0,VIPV50_Wp700,SPRING
526,work,0.0,0.0,VIPV50_Wp700,SPRING
526,public,0.0,0.0,VIPV50_Wp700,SPRING
527,home,1.0,2.5,VIPV50_Wp700,SPRING
527,work,0.0,0.0,VIPV50_Wp700,SPRING
527,public,0.0,0.0,VIPV50_Wp700,SPRING
528,home,0.0,0.0,VIPV50_Wp700,SPRING
528,work,0.0,0.0,VIPV50_Wp700,SPRING
528,public,2.0,5.0,VIPV50_Wp700,SPRING
529,home,0.0,0.0,VIPV50_Wp700,SPRING
529,work,0.0,0.0,VIPV50_Wp700,SPRING
529,public,0.0,0.0,VIPV50_Wp700,SPRING
530,home,5.0,12.5,VIPV50_Wp700,SPRING
530,work,2.0,5.0,VIPV50_Wp700,SPRING
530,public,2.0,5.0,VIPV50_Wp700,SPRING
531,home,0.0,0.0,VIPV50_Wp700,SPRING
531,work,3.0,7.5,VIPV50_Wp700,SPRING
531,public,0.0,0.0,VIPV50_Wp700,SPRING
532,home,1.0,2.5,VIPV50_Wp700,SPRING
532,work,0.0,0.0,VIPV50_Wp700,SPRING
532,public,0.0,0.0,VIPV50_Wp700,SPRING
533,home,21.0,52.5,VIPV50_Wp700,SPRING
533,work,0.0,0.0,VIPV50_Wp700,SPRING
533,public,0.0,0.0,VIPV50_Wp700,SPRING
534,home,12.0,30.0,VIPV50_Wp700,SPRING
534,work,0.0,0.0,VIPV50_Wp700,SPRING
534,public,1.0,2.5,VIPV50_Wp700,SPRING
535,home,0.0,0.0,VIPV50_Wp700,SPRING
535,work,0.0,0.0,VIPV50_Wp700,SPRING
535,public,1.0,2.5,VIPV50_Wp700,SPRING
536,home,2.0,5.0,VIPV50_Wp700,SPRING
536,work,0.0,0.0,VIPV50_Wp700,SPRING
536,public,4.0,10.0,VIPV50_Wp700,SPRING
537,home,8.0,20.0,VIPV50_Wp700,SPRING
537,work,0.0,0.0,VIPV50_Wp700,SPRING
537,public,1.0,2.5,VIPV50_Wp700,SPRING
538,home,11.0,27.5,VIPV50_Wp700,SPRING
538,work,0.0,0.0,VIPV50_Wp700,SPRING
538,public,0.0,0.0,VIPV50_Wp700,SPRING
539,home,17.0,42.5,VIPV50_Wp700,SPRING
539,work,0.0,0.0,VIPV50_Wp700,SPRING
539,public,3.0,7.5,VIPV50_Wp700,SPRING
540,home,14.0,35.0,VIPV50_Wp700,SPRING
540,work,0.0,0.0,VIPV50_Wp700,SPRING
540,public,7.0,17.5,VIPV50_Wp700,SPRING
541,home,1.0,2.5,VIPV50_Wp700,SPRING
541,work,0.0,0.0,VIPV50_Wp700,SPRING
541,public,1.0,2.5,VIPV50_Wp700,SPRING
542,home,0.0,0.0,VIPV50_Wp700,SPRING
542,work,2.0,5.0,VIPV50_Wp700,SPRING
542,public,1.0,2.5,VIPV50_Wp700,SPRING
543,home,2.0,5.0,VIPV50_Wp700,SPRING
543,work,0.0,0.0,VIPV50_Wp700,SPRING
543,public,1.0,2.5,VIPV50_Wp700,SPRING
544,home,2.0,5.0,VIPV50_Wp700,SPRING
544,work,0.0,0.0,VIPV50_Wp700,SPRING
544,public,0.0,0.0,VIPV50_Wp700,SPRING
545,home,0.0,0.0,VIPV50_Wp700,SPRING
545,work,0.0,0.0,VIPV50_Wp700,SPRING
545,public,0.0,0.0,VIPV50_Wp700,SPRING
546,home,0.0,0.0,VIPV50_Wp700,SPRING
546,work,0.0,0.0,VIPV50_Wp700,SPRING
546,public,1.0,2.5,VIPV50_Wp700,SPRING
547,home,0.0,0.0,VIPV50_Wp700,SPRING
547,work,0.0,0.0,VIPV50_Wp700,SPRING
547,public,0.0,0.0,VIPV50_Wp700,SPRING
548,home,12.0,30.0,VIPV50_Wp700,SPRING
548,work,0.0,0.0,VIPV50_Wp700,SPRING
548,public,15.0,37.5,VIPV50_Wp700,SPRING
549,home,60.0,150.0,VIPV50_Wp700,SPRING
549,work,3.0,7.5,VIPV50_Wp700,SPRING
549,public,29.0,72.5,VIPV50_Wp700,SPRING
550,home,4.0,10.0,VIPV50_Wp700,SPRING
550,work,3.0,7.5,VIPV50_Wp700,SPRING
550,public,2.0,5.0,VIPV50_Wp700,SPRING
551,home,5.0,12.5,VIPV50_Wp700,SPRING
551,work,0.0,0.0,VIPV50_Wp700,SPRING
551,public,2.0,5.0,VIPV50_Wp700,SPRING
552,home,0.0,0.0,VIPV50_Wp700,SPRING
552,work,0.0,0.0,VIPV50_Wp700,SPRING
552,public,1.0,2.5,VIPV50_Wp700,SPRING
553,home,6.0,15.0,VIPV50_Wp700,SPRING
553,work,6.0,15.0,VIPV50_Wp700,SPRING
553,public,4.0,10.0,VIPV50_Wp700,SPRING
554,home,0.0,0.0,VIPV50_Wp700,SPRING
554,work,0.0,0.0,VIPV50_Wp700,SPRING
554,public,0.0,0.0,VIPV50_Wp700,SPRING
555,home,3.0,7.5,VIPV50_Wp700,SPRING
555,work,0.0,0.0,VIPV50_Wp700,SPRING
555,public,3.0,7.5,VIPV50_Wp700,SPRING
556,home,4.0,10.0,VIPV50_Wp700,SPRING
556,work,0.0,0.0,VIPV50_Wp700,SPRING
556,public,0.0,0.0,VIPV50_Wp700,SPRING
557,home,15.0,37.5,VIPV50_Wp700,SPRING
557,work,0.0,0.0,VIPV50_Wp700,SPRING
557,public,2.0,5.0,VIPV50_Wp700,SPRING
558,home,24.0,60.0,VIPV50_Wp700,SPRING
558,work,4.0,10.0,VIPV50_Wp700,SPRING
558,public,0.0,0.0,VIPV50_Wp700,SPRING
559,home,0.0,0.0,VIPV50_Wp700,SPRING
559,work,0.0,0.0,VIPV50_Wp700,SPRING
559,public,1.0,2.5,VIPV50_Wp700,SPRING
560,home,0.0,0.0,VIPV50_Wp700,SPRING
560,work,0.0,0.0,VIPV50_Wp700,SPRING
560,public,0.0,0.0,VIPV50_Wp700,SPRING
561,home,2.0,5.0,VIPV50_Wp700,SPRING
561,work,0.0,0.0,VIPV50_Wp700,SPRING
561,public,0.0,0.0,VIPV50_Wp700,SPRING
562,home,1.0,2.5,VIPV50_Wp700,SPRING
562,work,0.0,0.0,VIPV50_Wp700,SPRING
562,public,0.0,0.0,VIPV50_Wp700,SPRING
563,home,43.0,107.5,VIPV50_Wp700,SPRING
563,work,1.0,2.5,VIPV50_Wp700,SPRING
563,public,0.0,0.0,VIPV50_Wp700,SPRING
564,home,2.0,5.0,VIPV50_Wp700,SPRING
564,work,0.0,0.0,VIPV50_Wp700,SPRING
564,public,0.0,0.0,VIPV50_Wp700,SPRING
565,home,5.0,12.5,VIPV50_Wp700,SPRING
565,work,0.0,0.0,VIPV50_Wp700,SPRING
565,public,3.0,7.5,VIPV50_Wp700,SPRING
566,home,22.0,55.0,VIPV50_Wp700,SPRING
566,work,3.0,7.5,VIPV50_Wp700,SPRING
566,public,8.0,20.0,VIPV50_Wp700,SPRING
567,home,8.0,20.0,VIPV50_Wp700,SPRING
567,work,0.0,0.0,VIPV50_Wp700,SPRING
567,public,14.0,35.0,VIPV50_Wp700,SPRING
568,home,20.0,50.0,VIPV50_Wp700,SPRING
568,work,1.0,2.5,VIPV50_Wp700,SPRING
568,public,11.0,27.5,VIPV50_Wp700,SPRING
569,home,71.0,177.5,VIPV50_Wp700,SPRING
569,work,4.0,10.0,VIPV50_Wp700,SPRING
569,public,13.0,32.5,VIPV50_Wp700,SPRING
570,home,26.0,65.0,VIPV50_Wp700,SPRING
570,work,0.0,0.0,VIPV50_Wp700,SPRING
570,public,4.0,10.0,VIPV50_Wp700,SPRING
571,home,18.0,45.0,VIPV50_Wp700,SPRING
571,work,1.0,2.5,VIPV50_Wp700,SPRING
571,public,7.0,17.5,VIPV50_Wp700,SPRING
572,home,4.0,10.0,VIPV50_Wp700,SPRING
572,work,0.0,0.0,VIPV50_Wp700,SPRING
572,public,0.0,0.0,VIPV50_Wp700,SPRING
573,home,0.0,0.0,VIPV50_Wp700,SPRING
573,work,0.0,0.0,VIPV50_Wp700,SPRING
573,public,1.0,2.5,VIPV50_Wp700,SPRING
574,home,46.0,115.0,VIPV50_Wp700,SPRING
574,work,0.0,0.0,VIPV50_Wp700,SPRING
574,public,8.0,20.0,VIPV50_Wp700,SPRING
575,home,28.0,70.0,VIPV50_Wp700,SPRING
575,work,0.0,0.0,VIPV50_Wp700,SPRING
575,public,2.0,5.0,VIPV50_Wp700,SPRING
576,home,2.0,5.0,VIPV50_Wp700,SPRING
576,work,0.0,0.0,VIPV50_Wp700,SPRING
576,public,0.0,0.0,VIPV50_Wp700,SPRING
577,home,63.0,157.5,VIPV50_Wp700,SPRING
577,work,3.0,7.5,VIPV50_Wp700,SPRING
577,public,44.0,110.0,VIPV50_Wp700,SPRING
578,home,19.0,47.5,VIPV50_Wp700,SPRING
578,work,5.0,12.5,VIPV50_Wp700,SPRING
578,public,16.0,40.0,VIPV50_Wp700,SPRING
579,home,8.0,20.0,VIPV50_Wp700,SPRING
579,work,0.0,0.0,VIPV50_Wp700,SPRING
579,public,17.0,42.5,VIPV50_Wp700,SPRING
580,home,24.0,60.0,VIPV50_Wp700,SPRING
580,work,1.0,2.5,VIPV50_Wp700,SPRING
580,public,9.0,22.5,VIPV50_Wp700,SPRING
581,home,1.0,2.5,VIPV50_Wp700,SPRING
581,work,0.0,0.0,VIPV50_Wp700,SPRING
581,public,0.0,0.0,VIPV50_Wp700,SPRING
582,home,0.0,0.0,VIPV50_Wp700,SPRING
582,work,0.0,0.0,VIPV50_Wp700,SPRING
582,public,1.0,2.5,VIPV50_Wp700,SPRING
583,home,13.0,32.5,VIPV50_Wp700,SPRING
583,work,0.0,0.0,VIPV50_Wp700,SPRING
583,public,3.0,7.5,VIPV50_Wp700,SPRING
584,home,27.0,67.5,VIPV50_Wp700,SPRING
584,work,0.0,0.0,VIPV50_Wp700,SPRING
584,public,10.0,25.0,VIPV50_Wp700,SPRING
585,home,30.0,75.0,VIPV50_Wp700,SPRING
585,work,0.0,0.0,VIPV50_Wp700,SPRING
585,public,0.0,0.0,VIPV50_Wp700,SPRING
586,home,43.0,107.5,VIPV50_Wp700,SPRING
586,work,0.0,0.0,VIPV50_Wp700,SPRING
586,public,24.0,60.0,VIPV50_Wp700,SPRING
0,home,15.0,37.5,VIPV50_Wp700,SUMMER
0,work,0.0,0.0,VIPV50_Wp700,SUMMER
0,public,0.0,0.0,VIPV50_Wp700,SUMMER
1,home,34.0,85.0,VIPV50_Wp700,SUMMER
1,work,8.0,20.0,VIPV50_Wp700,SUMMER
1,public,0.0,0.0,VIPV50_Wp700,SUMMER
2,home,10.0,25.0,VIPV50_Wp700,SUMMER
2,work,1.0,2.5,VIPV50_Wp700,SUMMER
2,public,0.0,0.0,VIPV50_Wp700,SUMMER
3,home,9.0,22.5,VIPV50_Wp700,SUMMER
3,work,2.0,5.0,VIPV50_Wp700,SUMMER
3,public,0.0,0.0,VIPV50_Wp700,SUMMER
4,home,0.0,0.0,VIPV50_Wp700,SUMMER
4,work,0.0,0.0,VIPV50_Wp700,SUMMER
4,public,0.0,0.0,VIPV50_Wp700,SUMMER
5,home,15.0,37.5,VIPV50_Wp700,SUMMER
5,work,1.0,2.5,VIPV50_Wp700,SUMMER
5,public,0.0,0.0,VIPV50_Wp700,SUMMER
6,home,11.0,27.5,VIPV50_Wp700,SUMMER
6,work,0.0,0.0,VIPV50_Wp700,SUMMER
6,public,0.0,0.0,VIPV50_Wp700,SUMMER
7,home,16.0,40.0,VIPV50_Wp700,SUMMER
7,work,0.0,0.0,VIPV50_Wp700,SUMMER
7,public,0.0,0.0,VIPV50_Wp700,SUMMER
8,home,4.0,10.0,VIPV50_Wp700,SUMMER
8,work,0.0,0.0,VIPV50_Wp700,SUMMER
8,public,0.0,0.0,VIPV50_Wp700,SUMMER
9,home,2.0,5.0,VIPV50_Wp700,SUMMER
9,work,0.0,0.0,VIPV50_Wp700,SUMMER
9,public,0.0,0.0,VIPV50_Wp700,SUMMER
10,home,27.0,67.5,VIPV50_Wp700,SUMMER
10,work,0.0,0.0,VIPV50_Wp700,SUMMER
10,public,0.0,0.0,VIPV50_Wp700,SUMMER
11,home,19.0,47.5,VIPV50_Wp700,SUMMER
11,work,2.0,5.0,VIPV50_Wp700,SUMMER
11,public,0.0,0.0,VIPV50_Wp700,SUMMER
12,home,11.0,27.5,VIPV50_Wp700,SUMMER
12,work,3.0,7.5,VIPV50_Wp700,SUMMER
12,public,0.0,0.0,VIPV50_Wp700,SUMMER
13,home,4.0,10.0,VIPV50_Wp700,SUMMER
13,work,3.0,7.5,VIPV50_Wp700,SUMMER
13,public,0.0,0.0,VIPV50_Wp700,SUMMER
14,home,2.0,5.0,VIPV50_Wp700,SUMMER
14,work,0.0,0.0,VIPV50_Wp700,SUMMER
14,public,0.0,0.0,VIPV50_Wp700,SUMMER
15,home,1.0,2.5,VIPV50_Wp700,SUMMER
15,work,1.0,2.5,VIPV50_Wp700,SUMMER
15,public,0.0,0.0,VIPV50_Wp700,SUMMER
16,home,5.0,12.5,VIPV50_Wp700,SUMMER
16,work,0.0,0.0,VIPV50_Wp700,SUMMER
16,public,0.0,0.0,VIPV50_Wp700,SUMMER
17,home,13.0,32.5,VIPV50_Wp700,SUMMER
17,work,0.0,0.0,VIPV50_Wp700,SUMMER
17,public,0.0,0.0,VIPV50_Wp700,SUMMER
18,home,16.0,40.0,VIPV50_Wp700,SUMMER
18,work,1.0,2.5,VIPV50_Wp700,SUMMER
18,public,0.0,0.0,VIPV50_Wp700,SUMMER
19,home,9.0,22.5,VIPV50_Wp700,SUMMER
19,work,1.0,2.5,VIPV50_Wp700,SUMMER
19,public,0.0,0.0,VIPV50_Wp700,SUMMER
20,home,24.0,60.0,VIPV50_Wp700,SUMMER
20,work,4.0,10.0,VIPV50_Wp700,SUMMER
20,public,0.0,0.0,VIPV50_Wp700,SUMMER
21,home,2.0,5.0,VIPV50_Wp700,SUMMER
21,work,0.0,0.0,VIPV50_Wp700,SUMMER
21,public,0.0,0.0,VIPV50_Wp700,SUMMER
22,home,7.0,17.5,VIPV50_Wp700,SUMMER
22,work,0.0,0.0,VIPV50_Wp700,SUMMER
22,public,0.0,0.0,VIPV50_Wp700,SUMMER
23,home,2.0,5.0,VIPV50_Wp700,SUMMER
23,work,0.0,0.0,VIPV50_Wp700,SUMMER
23,public,3.0,7.5,VIPV50_Wp700,SUMMER
24,home,7.0,17.5,VIPV50_Wp700,SUMMER
24,work,0.0,0.0,VIPV50_Wp700,SUMMER
24,public,0.0,0.0,VIPV50_Wp700,SUMMER
25,home,3.0,7.5,VIPV50_Wp700,SUMMER
25,work,0.0,0.0,VIPV50_Wp700,SUMMER
25,public,5.0,12.5,VIPV50_Wp700,SUMMER
26,home,2.0,5.0,VIPV50_Wp700,SUMMER
26,work,0.0,0.0,VIPV50_Wp700,SUMMER
26,public,3.0,7.5,VIPV50_Wp700,SUMMER
27,home,4.0,10.0,VIPV50_Wp700,SUMMER
27,work,0.0,0.0,VIPV50_Wp700,SUMMER
27,public,4.0,10.0,VIPV50_Wp700,SUMMER
28,home,37.0,92.5,VIPV50_Wp700,SUMMER
28,work,0.0,0.0,VIPV50_Wp700,SUMMER
28,public,5.0,12.5,VIPV50_Wp700,SUMMER
29,home,0.0,0.0,VIPV50_Wp700,SUMMER
29,work,0.0,0.0,VIPV50_Wp700,SUMMER
29,public,1.0,2.5,VIPV50_Wp700,SUMMER
30,home,7.0,17.5,VIPV50_Wp700,SUMMER
30,work,0.0,0.0,VIPV50_Wp700,SUMMER
30,public,2.0,5.0,VIPV50_Wp700,SUMMER
31,home,4.0,10.0,VIPV50_Wp700,SUMMER
31,work,2.0,5.0,VIPV50_Wp700,SUMMER
31,public,1.0,2.5,VIPV50_Wp700,SUMMER
32,home,2.0,5.0,VIPV50_Wp700,SUMMER
32,work,0.0,0.0,VIPV50_Wp700,SUMMER
32,public,0.0,0.0,VIPV50_Wp700,SUMMER
33,home,7.0,17.5,VIPV50_Wp700,SUMMER
33,work,0.0,0.0,VIPV50_Wp700,SUMMER
33,public,0.0,0.0,VIPV50_Wp700,SUMMER
34,home,0.0,0.0,VIPV50_Wp700,SUMMER
34,work,0.0,0.0,VIPV50_Wp700,SUMMER
34,public,2.0,5.0,VIPV50_Wp700,SUMMER
35,home,6.0,15.0,VIPV50_Wp700,SUMMER
35,work,0.0,0.0,VIPV50_Wp700,SUMMER
35,public,0.0,0.0,VIPV50_Wp700,SUMMER
36,home,4.0,10.0,VIPV50_Wp700,SUMMER
36,work,0.0,0.0,VIPV50_Wp700,SUMMER
36,public,5.0,12.5,VIPV50_Wp700,SUMMER
37,home,1.0,2.5,VIPV50_Wp700,SUMMER
37,work,0.0,0.0,VIPV50_Wp700,SUMMER
37,public,2.0,5.0,VIPV50_Wp700,SUMMER
38,home,0.0,0.0,VIPV50_Wp700,SUMMER
38,work,0.0,0.0,VIPV50_Wp700,SUMMER
38,public,7.0,17.5,VIPV50_Wp700,SUMMER
39,home,23.0,57.5,VIPV50_Wp700,SUMMER
39,work,3.0,7.5,VIPV50_Wp700,SUMMER
39,public,3.0,7.5,VIPV50_Wp700,SUMMER
40,home,18.0,45.0,VIPV50_Wp700,SUMMER
40,work,0.0,0.0,VIPV50_Wp700,SUMMER
40,public,3.0,7.5,VIPV50_Wp700,SUMMER
41,home,4.0,10.0,VIPV50_Wp700,SUMMER
41,work,0.0,0.0,VIPV50_Wp700,SUMMER
41,public,0.0,0.0,VIPV50_Wp700,SUMMER
42,home,5.0,12.5,VIPV50_Wp700,SUMMER
42,work,0.0,0.0,VIPV50_Wp700,SUMMER
42,public,6.0,15.0,VIPV50_Wp700,SUMMER
43,home,24.0,60.0,VIPV50_Wp700,SUMMER
43,work,4.0,10.0,VIPV50_Wp700,SUMMER
43,public,14.0,35.0,VIPV50_Wp700,SUMMER
44,home,7.0,17.5,VIPV50_Wp700,SUMMER
44,work,0.0,0.0,VIPV50_Wp700,SUMMER
44,public,0.0,0.0,VIPV50_Wp700,SUMMER
45,home,11.0,27.5,VIPV50_Wp700,SUMMER
45,work,0.0,0.0,VIPV50_Wp700,SUMMER
45,public,6.0,15.0,VIPV50_Wp700,SUMMER
46,home,2.0,5.0,VIPV50_Wp700,SUMMER
46,work,4.0,10.0,VIPV50_Wp700,SUMMER
46,public,9.0,22.5,VIPV50_Wp700,SUMMER
47,home,7.0,17.5,VIPV50_Wp700,SUMMER
47,work,0.0,0.0,VIPV50_Wp700,SUMMER
47,public,0.0,0.0,VIPV50_Wp700,SUMMER
48,home,2.0,5.0,VIPV50_Wp700,SUMMER
48,work,0.0,0.0,VIPV50_Wp700,SUMMER
48,public,0.0,0.0,VIPV50_Wp700,SUMMER
49,home,0.0,0.0,VIPV50_Wp700,SUMMER
49,work,0.0,0.0,VIPV50_Wp700,SUMMER
49,public,0.0,0.0,VIPV50_Wp700,SUMMER
50,home,1.0,2.5,VIPV50_Wp700,SUMMER
50,work,0.0,0.0,VIPV50_Wp700,SUMMER
50,public,0.0,0.0,VIPV50_Wp700,SUMMER
51,home,0.0,0.0,VIPV50_Wp700,SUMMER
51,work,0.0,0.0,VIPV50_Wp700,SUMMER
51,public,0.0,0.0,VIPV50_Wp700,SUMMER
52,home,5.0,12.5,VIPV50_Wp700,SUMMER
52,work,0.0,0.0,VIPV50_Wp700,SUMMER
52,public,3.0,7.5,VIPV50_Wp700,SUMMER
53,home,84.0,210.0,VIPV50_Wp700,SUMMER
53,work,1.0,2.5,VIPV50_Wp700,SUMMER
53,public,10.0,25.0,VIPV50_Wp700,SUMMER
54,home,3.0,7.5,VIPV50_Wp700,SUMMER
54,work,0.0,0.0,VIPV50_Wp700,SUMMER
54,public,6.0,15.0,VIPV50_Wp700,SUMMER
55,home,1.0,2.5,VIPV50_Wp700,SUMMER
55,work,0.0,0.0,VIPV50_Wp700,SUMMER
55,public,0.0,0.0,VIPV50_Wp700,SUMMER
56,home,35.0,87.5,VIPV50_Wp700,SUMMER
56,work,6.0,15.0,VIPV50_Wp700,SUMMER
56,public,20.0,50.0,VIPV50_Wp700,SUMMER
57,home,46.0,115.0,VIPV50_Wp700,SUMMER
57,work,0.0,0.0,VIPV50_Wp700,SUMMER
57,public,14.0,35.0,VIPV50_Wp700,SUMMER
58,home,7.0,17.5,VIPV50_Wp700,SUMMER
58,work,0.0,0.0,VIPV50_Wp700,SUMMER
58,public,4.0,10.0,VIPV50_Wp700,SUMMER
59,home,8.0,20.0,VIPV50_Wp700,SUMMER
59,work,0.0,0.0,VIPV50_Wp700,SUMMER
59,public,5.0,12.5,VIPV50_Wp700,SUMMER
60,home,25.0,62.5,VIPV50_Wp700,SUMMER
60,work,0.0,0.0,VIPV50_Wp700,SUMMER
60,public,0.0,0.0,VIPV50_Wp700,SUMMER
61,home,1.0,2.5,VIPV50_Wp700,SUMMER
61,work,0.0,0.0,VIPV50_Wp700,SUMMER
61,public,1.0,2.5,VIPV50_Wp700,SUMMER
62,home,8.0,20.0,VIPV50_Wp700,SUMMER
62,work,0.0,0.0,VIPV50_Wp700,SUMMER
62,public,1.0,2.5,VIPV50_Wp700,SUMMER
63,home,1.0,2.5,VIPV50_Wp700,SUMMER
63,work,0.0,0.0,VIPV50_Wp700,SUMMER
63,public,0.0,0.0,VIPV50_Wp700,SUMMER
64,home,0.0,0.0,VIPV50_Wp700,SUMMER
64,work,0.0,0.0,VIPV50_Wp700,SUMMER
64,public,2.0,5.0,VIPV50_Wp700,SUMMER
65,home,6.0,15.0,VIPV50_Wp700,SUMMER
65,work,0.0,0.0,VIPV50_Wp700,SUMMER
65,public,0.0,0.0,VIPV50_Wp700,SUMMER
66,home,0.0,0.0,VIPV50_Wp700,SUMMER
66,work,0.0,0.0,VIPV50_Wp700,SUMMER
66,public,0.0,0.0,VIPV50_Wp700,SUMMER
67,home,5.0,12.5,VIPV50_Wp700,SUMMER
67,work,1.0,2.5,VIPV50_Wp700,SUMMER
67,public,3.0,7.5,VIPV50_Wp700,SUMMER
68,home,9.0,22.5,VIPV50_Wp700,SUMMER
68,work,0.0,0.0,VIPV50_Wp700,SUMMER
68,public,14.0,35.0,VIPV50_Wp700,SUMMER
69,home,10.0,25.0,VIPV50_Wp700,SUMMER
69,work,2.0,5.0,VIPV50_Wp700,SUMMER
69,public,7.0,17.5,VIPV50_Wp700,SUMMER
70,home,36.0,90.0,VIPV50_Wp700,SUMMER
70,work,1.0,2.5,VIPV50_Wp700,SUMMER
70,public,10.0,25.0,VIPV50_Wp700,SUMMER
71,home,19.0,47.5,VIPV50_Wp700,SUMMER
71,work,2.0,5.0,VIPV50_Wp700,SUMMER
71,public,7.0,17.5,VIPV50_Wp700,SUMMER
72,home,13.0,32.5,VIPV50_Wp700,SUMMER
72,work,12.0,30.0,VIPV50_Wp700,SUMMER
72,public,5.0,12.5,VIPV50_Wp700,SUMMER
73,home,0.0,0.0,VIPV50_Wp700,SUMMER
73,work,0.0,0.0,VIPV50_Wp700,SUMMER
73,public,0.0,0.0,VIPV50_Wp700,SUMMER
74,home,0.0,0.0,VIPV50_Wp700,SUMMER
74,work,5.0,12.5,VIPV50_Wp700,SUMMER
74,public,4.0,10.0,VIPV50_Wp700,SUMMER
75,home,0.0,0.0,VIPV50_Wp700,SUMMER
75,work,18.0,45.0,VIPV50_Wp700,SUMMER
75,public,5.0,12.5,VIPV50_Wp700,SUMMER
76,home,13.0,32.5,VIPV50_Wp700,SUMMER
76,work,18.0,45.0,VIPV50_Wp700,SUMMER
76,public,11.0,27.5,VIPV50_Wp700,SUMMER
77,home,8.0,20.0,VIPV50_Wp700,SUMMER
77,work,0.0,0.0,VIPV50_Wp700,SUMMER
77,public,4.0,10.0,VIPV50_Wp700,SUMMER
78,home,2.0,5.0,VIPV50_Wp700,SUMMER
78,work,0.0,0.0,VIPV50_Wp700,SUMMER
78,public,2.0,5.0,VIPV50_Wp700,SUMMER
79,home,0.0,0.0,VIPV50_Wp700,SUMMER
79,work,0.0,0.0,VIPV50_Wp700,SUMMER
79,public,0.0,0.0,VIPV50_Wp700,SUMMER
80,home,1.0,2.5,VIPV50_Wp700,SUMMER
80,work,2.0,5.0,VIPV50_Wp700,SUMMER
80,public,5.0,12.5,VIPV50_Wp700,SUMMER
81,home,6.0,15.0,VIPV50_Wp700,SUMMER
81,work,0.0,0.0,VIPV50_Wp700,SUMMER
81,public,0.0,0.0,VIPV50_Wp700,SUMMER
82,home,0.0,0.0,VIPV50_Wp700,SUMMER
82,work,0.0,0.0,VIPV50_Wp700,SUMMER
82,public,2.0,5.0,VIPV50_Wp700,SUMMER
83,home,0.0,0.0,VIPV50_Wp700,SUMMER
83,work,2.0,5.0,VIPV50_Wp700,SUMMER
83,public,4.0,10.0,VIPV50_Wp700,SUMMER
84,home,27.0,67.5,VIPV50_Wp700,SUMMER
84,work,2.0,5.0,VIPV50_Wp700,SUMMER
84,public,5.0,12.5,VIPV50_Wp700,SUMMER
85,home,38.0,95.0,VIPV50_Wp700,SUMMER
85,work,5.0,12.5,VIPV50_Wp700,SUMMER
85,public,13.0,32.5,VIPV50_Wp700,SUMMER
86,home,45.0,112.5,VIPV50_Wp700,SUMMER
86,work,0.0,0.0,VIPV50_Wp700,SUMMER
86,public,31.0,77.5,VIPV50_Wp700,SUMMER
87,home,13.0,32.5,VIPV50_Wp700,SUMMER
87,work,0.0,0.0,VIPV50_Wp700,SUMMER
87,public,4.0,10.0,VIPV50_Wp700,SUMMER
88,home,18.0,45.0,VIPV50_Wp700,SUMMER
88,work,2.0,5.0,VIPV50_Wp700,SUMMER
88,public,19.0,47.5,VIPV50_Wp700,SUMMER
89,home,0.0,0.0,VIPV50_Wp700,SUMMER
89,work,20.0,50.0,VIPV50_Wp700,SUMMER
89,public,12.0,30.0,VIPV50_Wp700,SUMMER
90,home,0.0,0.0,VIPV50_Wp700,SUMMER
90,work,2.0,5.0,VIPV50_Wp700,SUMMER
90,public,7.0,17.5,VIPV50_Wp700,SUMMER
91,home,0.0,0.0,VIPV50_Wp700,SUMMER
91,work,6.0,15.0,VIPV50_Wp700,SUMMER
91,public,8.0,20.0,VIPV50_Wp700,SUMMER
92,home,0.0,0.0,VIPV50_Wp700,SUMMER
92,work,7.0,17.5,VIPV50_Wp700,SUMMER
92,public,6.0,15.0,VIPV50_Wp700,SUMMER
93,home,32.0,80.0,VIPV50_Wp700,SUMMER
93,work,7.0,17.5,VIPV50_Wp700,SUMMER
93,public,24.0,60.0,VIPV50_Wp700,SUMMER
94,home,3.0,7.5,VIPV50_Wp700,SUMMER
94,work,17.0,42.5,VIPV50_Wp700,SUMMER
94,public,16.0,40.0,VIPV50_Wp700,SUMMER
95,home,14.0,35.0,VIPV50_Wp700,SUMMER
95,work,2.0,5.0,VIPV50_Wp700,SUMMER
95,public,13.0,32.5,VIPV50_Wp700,SUMMER
96,home,4.0,10.0,VIPV50_Wp700,SUMMER
96,work,0.0,0.0,VIPV50_Wp700,SUMMER
96,public,11.0,27.5,VIPV50_Wp700,SUMMER
97,home,16.0,40.0,VIPV50_Wp700,SUMMER
97,work,2.0,5.0,VIPV50_Wp700,SUMMER
97,public,0.0,0.0,VIPV50_Wp700,SUMMER
98,home,8.0,20.0,VIPV50_Wp700,SUMMER
98,work,0.0,0.0,VIPV50_Wp700,SUMMER
98,public,5.0,12.5,VIPV50_Wp700,SUMMER
99,home,22.0,55.0,VIPV50_Wp700,SUMMER
99,work,3.0,7.5,VIPV50_Wp700,SUMMER
99,public,2.0,5.0,VIPV50_Wp700,SUMMER
100,home,36.0,90.0,VIPV50_Wp700,SUMMER
100,work,0.0,0.0,VIPV50_Wp700,SUMMER
100,public,24.0,60.0,VIPV50_Wp700,SUMMER
101,home,25.0,62.5,VIPV50_Wp700,SUMMER
101,work,0.0,0.0,VIPV50_Wp700,SUMMER
101,public,0.0,0.0,VIPV50_Wp700,SUMMER
102,home,13.0,32.5,VIPV50_Wp700,SUMMER
102,work,0.0,0.0,VIPV50_Wp700,SUMMER
102,public,0.0,0.0,VIPV50_Wp700,SUMMER
103,home,9.0,22.5,VIPV50_Wp700,SUMMER
103,work,0.0,0.0,VIPV50_Wp700,SUMMER
103,public,2.0,5.0,VIPV50_Wp700,SUMMER
104,home,3.0,7.5,VIPV50_Wp700,SUMMER
104,work,0.0,0.0,VIPV50_Wp700,SUMMER
104,public,0.0,0.0,VIPV50_Wp700,SUMMER
105,home,8.0,20.0,VIPV50_Wp700,SUMMER
105,work,0.0,0.0,VIPV50_Wp700,SUMMER
105,public,4.0,10.0,VIPV50_Wp700,SUMMER
106,home,2.0,5.0,VIPV50_Wp700,SUMMER
106,work,0.0,0.0,VIPV50_Wp700,SUMMER
106,public,0.0,0.0,VIPV50_Wp700,SUMMER
107,home,13.0,32.5,VIPV50_Wp700,SUMMER
107,work,4.0,10.0,VIPV50_Wp700,SUMMER
107,public,11.0,27.5,VIPV50_Wp700,SUMMER
108,home,29.0,72.5,VIPV50_Wp700,SUMMER
108,work,1.0,2.5,VIPV50_Wp700,SUMMER
108,public,12.0,30.0,VIPV50_Wp700,SUMMER
109,home,19.0,47.5,VIPV50_Wp700,SUMMER
109,work,0.0,0.0,VIPV50_Wp700,SUMMER
109,public,11.0,27.5,VIPV50_Wp700,SUMMER
110,home,43.0,107.5,VIPV50_Wp700,SUMMER
110,work,6.0,15.0,VIPV50_Wp700,SUMMER
110,public,32.0,80.0,VIPV50_Wp700,SUMMER
111,home,13.0,32.5,VIPV50_Wp700,SUMMER
111,work,1.0,2.5,VIPV50_Wp700,SUMMER
111,public,42.0,105.0,VIPV50_Wp700,SUMMER
112,home,24.0,60.0,VIPV50_Wp700,SUMMER
112,work,3.0,7.5,VIPV50_Wp700,SUMMER
112,public,17.0,42.5,VIPV50_Wp700,SUMMER
113,home,0.0,0.0,VIPV50_Wp700,SUMMER
113,work,10.0,25.0,VIPV50_Wp700,SUMMER
113,public,17.0,42.5,VIPV50_Wp700,SUMMER
114,home,7.0,17.5,VIPV50_Wp700,SUMMER
114,work,17.0,42.5,VIPV50_Wp700,SUMMER
114,public,9.0,22.5,VIPV50_Wp700,SUMMER
115,home,27.0,67.5,VIPV50_Wp700,SUMMER
115,work,5.0,12.5,VIPV50_Wp700,SUMMER
115,public,16.0,40.0,VIPV50_Wp700,SUMMER
116,home,1.0,2.5,VIPV50_Wp700,SUMMER
116,work,5.0,12.5,VIPV50_Wp700,SUMMER
116,public,0.0,0.0,VIPV50_Wp700,SUMMER
117,home,17.0,42.5,VIPV50_Wp700,SUMMER
117,work,1.0,2.5,VIPV50_Wp700,SUMMER
117,public,19.0,47.5,VIPV50_Wp700,SUMMER
118,home,28.0,70.0,VIPV50_Wp700,SUMMER
118,work,4.0,10.0,VIPV50_Wp700,SUMMER
118,public,43.0,107.5,VIPV50_Wp700,SUMMER
119,home,22.0,55.0,VIPV50_Wp700,SUMMER
119,work,5.0,12.5,VIPV50_Wp700,SUMMER
119,public,9.0,22.5,VIPV50_Wp700,SUMMER
120,home,24.0,60.0,VIPV50_Wp700,SUMMER
120,work,2.0,5.0,VIPV50_Wp700,SUMMER
120,public,7.0,17.5,VIPV50_Wp700,SUMMER
121,home,4.0,10.0,VIPV50_Wp700,SUMMER
121,work,0.0,0.0,VIPV50_Wp700,SUMMER
121,public,0.0,0.0,VIPV50_Wp700,SUMMER
122,home,2.0,5.0,VIPV50_Wp700,SUMMER
122,work,0.0,0.0,VIPV50_Wp700,SUMMER
122,public,0.0,0.0,VIPV50_Wp700,SUMMER
123,home,19.0,47.5,VIPV50_Wp700,SUMMER
123,work,0.0,0.0,VIPV50_Wp700,SUMMER
123,public,13.0,32.5,VIPV50_Wp700,SUMMER
124,home,29.0,72.5,VIPV50_Wp700,SUMMER
124,work,0.0,0.0,VIPV50_Wp700,SUMMER
124,public,6.0,15.0,VIPV50_Wp700,SUMMER
125,home,30.0,75.0,VIPV50_Wp700,SUMMER
125,work,1.0,2.5,VIPV50_Wp700,SUMMER
125,public,27.0,67.5,VIPV50_Wp700,SUMMER
126,home,42.0,105.0,VIPV50_Wp700,SUMMER
126,work,0.0,0.0,VIPV50_Wp700,SUMMER
126,public,12.0,30.0,VIPV50_Wp700,SUMMER
127,home,40.0,100.0,VIPV50_Wp700,SUMMER
127,work,0.0,0.0,VIPV50_Wp700,SUMMER
127,public,11.0,27.5,VIPV50_Wp700,SUMMER
128,home,14.0,35.0,VIPV50_Wp700,SUMMER
128,work,1.0,2.5,VIPV50_Wp700,SUMMER
128,public,0.0,0.0,VIPV50_Wp700,SUMMER
129,home,3.0,7.5,VIPV50_Wp700,SUMMER
129,work,0.0,0.0,VIPV50_Wp700,SUMMER
129,public,3.0,7.5,VIPV50_Wp700,SUMMER
130,home,0.0,0.0,VIPV50_Wp700,SUMMER
130,work,0.0,0.0,VIPV50_Wp700,SUMMER
130,public,0.0,0.0,VIPV50_Wp700,SUMMER
131,home,0.0,0.0,VIPV50_Wp700,SUMMER
131,work,0.0,0.0,VIPV50_Wp700,SUMMER
131,public,4.0,10.0,VIPV50_Wp700,SUMMER
132,home,14.0,35.0,VIPV50_Wp700,SUMMER
132,work,3.0,7.5,VIPV50_Wp700,SUMMER
132,public,0.0,0.0,VIPV50_Wp700,SUMMER
133,home,22.0,55.0,VIPV50_Wp700,SUMMER
133,work,0.0,0.0,VIPV50_Wp700,SUMMER
133,public,17.0,42.5,VIPV50_Wp700,SUMMER
134,home,58.0,145.0,VIPV50_Wp700,SUMMER
134,work,5.0,12.5,VIPV50_Wp700,SUMMER
134,public,22.0,55.0,VIPV50_Wp700,SUMMER
135,home,27.0,67.5,VIPV50_Wp700,SUMMER
135,work,11.0,27.5,VIPV50_Wp700,SUMMER
135,public,33.0,82.5,VIPV50_Wp700,SUMMER
136,home,32.0,80.0,VIPV50_Wp700,SUMMER
136,work,2.0,5.0,VIPV50_Wp700,SUMMER
136,public,7.0,17.5,VIPV50_Wp700,SUMMER
137,home,18.0,45.0,VIPV50_Wp700,SUMMER
137,work,1.0,2.5,VIPV50_Wp700,SUMMER
137,public,5.0,12.5,VIPV50_Wp700,SUMMER
138,home,0.0,0.0,VIPV50_Wp700,SUMMER
138,work,5.0,12.5,VIPV50_Wp700,SUMMER
138,public,20.0,50.0,VIPV50_Wp700,SUMMER
139,home,21.0,52.5,VIPV50_Wp700,SUMMER
139,work,2.0,5.0,VIPV50_Wp700,SUMMER
139,public,18.0,45.0,VIPV50_Wp700,SUMMER
140,home,2.0,5.0,VIPV50_Wp700,SUMMER
140,work,0.0,0.0,VIPV50_Wp700,SUMMER
140,public,5.0,12.5,VIPV50_Wp700,SUMMER
141,home,53.0,132.5,VIPV50_Wp700,SUMMER
141,work,3.0,7.5,VIPV50_Wp700,SUMMER
141,public,12.0,30.0,VIPV50_Wp700,SUMMER
142,home,23.0,57.5,VIPV50_Wp700,SUMMER
142,work,25.0,62.5,VIPV50_Wp700,SUMMER
142,public,36.0,90.0,VIPV50_Wp700,SUMMER
143,home,19.0,47.5,VIPV50_Wp700,SUMMER
143,work,12.0,30.0,VIPV50_Wp700,SUMMER
143,public,11.0,27.5,VIPV50_Wp700,SUMMER
144,home,22.0,55.0,VIPV50_Wp700,SUMMER
144,work,3.0,7.5,VIPV50_Wp700,SUMMER
144,public,5.0,12.5,VIPV50_Wp700,SUMMER
145,home,0.0,0.0,VIPV50_Wp700,SUMMER
145,work,0.0,0.0,VIPV50_Wp700,SUMMER
145,public,0.0,0.0,VIPV50_Wp700,SUMMER
146,home,0.0,0.0,VIPV50_Wp700,SUMMER
146,work,0.0,0.0,VIPV50_Wp700,SUMMER
146,public,2.0,5.0,VIPV50_Wp700,SUMMER
147,home,7.0,17.5,VIPV50_Wp700,SUMMER
147,work,0.0,0.0,VIPV50_Wp700,SUMMER
147,public,0.0,0.0,VIPV50_Wp700,SUMMER
148,home,26.0,65.0,VIPV50_Wp700,SUMMER
148,work,5.0,12.5,VIPV50_Wp700,SUMMER
148,public,16.0,40.0,VIPV50_Wp700,SUMMER
149,home,28.0,70.0,VIPV50_Wp700,SUMMER
149,work,0.0,0.0,VIPV50_Wp700,SUMMER
149,public,20.0,50.0,VIPV50_Wp700,SUMMER
150,home,14.0,35.0,VIPV50_Wp700,SUMMER
150,work,2.0,5.0,VIPV50_Wp700,SUMMER
150,public,3.0,7.5,VIPV50_Wp700,SUMMER
151,home,0.0,0.0,VIPV50_Wp700,SUMMER
151,work,0.0,0.0,VIPV50_Wp700,SUMMER
151,public,4.0,10.0,VIPV50_Wp700,SUMMER
152,home,35.0,87.5,VIPV50_Wp700,SUMMER
152,work,0.0,0.0,VIPV50_Wp700,SUMMER
152,public,10.0,25.0,VIPV50_Wp700,SUMMER
153,home,33.0,82.5,VIPV50_Wp700,SUMMER
153,work,1.0,2.5,VIPV50_Wp700,SUMMER
153,public,8.0,20.0,VIPV50_Wp700,SUMMER
154,home,4.0,10.0,VIPV50_Wp700,SUMMER
154,work,11.0,27.5,VIPV50_Wp700,SUMMER
154,public,8.0,20.0,VIPV50_Wp700,SUMMER
155,home,12.0,30.0,VIPV50_Wp700,SUMMER
155,work,0.0,0.0,VIPV50_Wp700,SUMMER
155,public,9.0,22.5,VIPV50_Wp700,SUMMER
156,home,27.0,67.5,VIPV50_Wp700,SUMMER
156,work,0.0,0.0,VIPV50_Wp700,SUMMER
156,public,73.0,182.5,VIPV50_Wp700,SUMMER
157,home,5.0,12.5,VIPV50_Wp700,SUMMER
157,work,14.0,35.0,VIPV50_Wp700,SUMMER
157,public,0.0,0.0,VIPV50_Wp700,SUMMER
158,home,17.0,42.5,VIPV50_Wp700,SUMMER
158,work,2.0,5.0,VIPV50_Wp700,SUMMER
158,public,0.0,0.0,VIPV50_Wp700,SUMMER
159,home,34.0,85.0,VIPV50_Wp700,SUMMER
159,work,1.0,2.5,VIPV50_Wp700,SUMMER
159,public,41.0,102.5,VIPV50_Wp700,SUMMER
160,home,41.0,102.5,VIPV50_Wp700,SUMMER
160,work,9.0,22.5,VIPV50_Wp700,SUMMER
160,public,57.0,142.5,VIPV50_Wp700,SUMMER
161,home,21.0,52.5,VIPV50_Wp700,SUMMER
161,work,4.0,10.0,VIPV50_Wp700,SUMMER
161,public,32.0,80.0,VIPV50_Wp700,SUMMER
162,home,17.0,42.5,VIPV50_Wp700,SUMMER
162,work,0.0,0.0,VIPV50_Wp700,SUMMER
162,public,14.0,35.0,VIPV50_Wp700,SUMMER
163,home,0.0,0.0,VIPV50_Wp700,SUMMER
163,work,0.0,0.0,VIPV50_Wp700,SUMMER
163,public,0.0,0.0,VIPV50_Wp700,SUMMER
164,home,22.0,55.0,VIPV50_Wp700,SUMMER
164,work,2.0,5.0,VIPV50_Wp700,SUMMER
164,public,15.0,37.5,VIPV50_Wp700,SUMMER
165,home,28.0,70.0,VIPV50_Wp700,SUMMER
165,work,9.0,22.5,VIPV50_Wp700,SUMMER
165,public,3.0,7.5,VIPV50_Wp700,SUMMER
166,home,0.0,0.0,VIPV50_Wp700,SUMMER
166,work,1.0,2.5,VIPV50_Wp700,SUMMER
166,public,3.0,7.5,VIPV50_Wp700,SUMMER
167,home,0.0,0.0,VIPV50_Wp700,SUMMER
167,work,0.0,0.0,VIPV50_Wp700,SUMMER
167,public,0.0,0.0,VIPV50_Wp700,SUMMER
168,home,2.0,5.0,VIPV50_Wp700,SUMMER
168,work,0.0,0.0,VIPV50_Wp700,SUMMER
168,public,0.0,0.0,VIPV50_Wp700,SUMMER
169,home,7.0,17.5,VIPV50_Wp700,SUMMER
169,work,1.0,2.5,VIPV50_Wp700,SUMMER
169,public,0.0,0.0,VIPV50_Wp700,SUMMER
170,home,17.0,42.5,VIPV50_Wp700,SUMMER
170,work,2.0,5.0,VIPV50_Wp700,SUMMER
170,public,6.0,15.0,VIPV50_Wp700,SUMMER
171,home,22.0,55.0,VIPV50_Wp700,SUMMER
171,work,5.0,12.5,VIPV50_Wp700,SUMMER
171,public,19.0,47.5,VIPV50_Wp700,SUMMER
172,home,8.0,20.0,VIPV50_Wp700,SUMMER
172,work,0.0,0.0,VIPV50_Wp700,SUMMER
172,public,12.0,30.0,VIPV50_Wp700,SUMMER
173,home,28.0,70.0,VIPV50_Wp700,SUMMER
173,work,0.0,0.0,VIPV50_Wp700,SUMMER
173,public,1.0,2.5,VIPV50_Wp700,SUMMER
174,home,46.0,115.0,VIPV50_Wp700,SUMMER
174,work,6.0,15.0,VIPV50_Wp700,SUMMER
174,public,15.0,37.5,VIPV50_Wp700,SUMMER
175,home,32.0,80.0,VIPV50_Wp700,SUMMER
175,work,0.0,0.0,VIPV50_Wp700,SUMMER
175,public,34.0,85.0,VIPV50_Wp700,SUMMER
176,home,13.0,32.5,VIPV50_Wp700,SUMMER
176,work,0.0,0.0,VIPV50_Wp700,SUMMER
176,public,4.0,10.0,VIPV50_Wp700,SUMMER
177,home,13.0,32.5,VIPV50_Wp700,SUMMER
177,work,1.0,2.5,VIPV50_Wp700,SUMMER
177,public,4.0,10.0,VIPV50_Wp700,SUMMER
178,home,17.0,42.5,VIPV50_Wp700,SUMMER
178,work,7.0,17.5,VIPV50_Wp700,SUMMER
178,public,34.0,85.0,VIPV50_Wp700,SUMMER
179,home,0.0,0.0,VIPV50_Wp700,SUMMER
179,work,10.0,25.0,VIPV50_Wp700,SUMMER
179,public,12.0,30.0,VIPV50_Wp700,SUMMER
180,home,2.0,5.0,VIPV50_Wp700,SUMMER
180,work,0.0,0.0,VIPV50_Wp700,SUMMER
180,public,0.0,0.0,VIPV50_Wp700,SUMMER
181,home,0.0,0.0,VIPV50_Wp700,SUMMER
181,work,0.0,0.0,VIPV50_Wp700,SUMMER
181,public,1.0,2.5,VIPV50_Wp700,SUMMER
182,home,0.0,0.0,VIPV50_Wp700,SUMMER
182,work,1.0,2.5,VIPV50_Wp700,SUMMER
182,public,4.0,10.0,VIPV50_Wp700,SUMMER
183,home,0.0,0.0,VIPV50_Wp700,SUMMER
183,work,3.0,7.5,VIPV50_Wp700,SUMMER
183,public,3.0,7.5,VIPV50_Wp700,SUMMER
184,home,0.0,0.0,VIPV50_Wp700,SUMMER
184,work,3.0,7.5,VIPV50_Wp700,SUMMER
184,public,1.0,2.5,VIPV50_Wp700,SUMMER
185,home,3.0,7.5,VIPV50_Wp700,SUMMER
185,work,0.0,0.0,VIPV50_Wp700,SUMMER
185,public,0.0,0.0,VIPV50_Wp700,SUMMER
186,home,1.0,2.5,VIPV50_Wp700,SUMMER
186,work,0.0,0.0,VIPV50_Wp700,SUMMER
186,public,0.0,0.0,VIPV50_Wp700,SUMMER
187,home,11.0,27.5,VIPV50_Wp700,SUMMER
187,work,4.0,10.0,VIPV50_Wp700,SUMMER
187,public,7.0,17.5,VIPV50_Wp700,SUMMER
188,home,24.0,60.0,VIPV50_Wp700,SUMMER
188,work,4.0,10.0,VIPV50_Wp700,SUMMER
188,public,7.0,17.5,VIPV50_Wp700,SUMMER
189,home,36.0,90.0,VIPV50_Wp700,SUMMER
189,work,2.0,5.0,VIPV50_Wp700,SUMMER
189,public,10.0,25.0,VIPV50_Wp700,SUMMER
190,home,40.0,100.0,VIPV50_Wp700,SUMMER
190,work,1.0,2.5,VIPV50_Wp700,SUMMER
190,public,10.0,25.0,VIPV50_Wp700,SUMMER
191,home,44.0,110.0,VIPV50_Wp700,SUMMER
191,work,1.0,2.5,VIPV50_Wp700,SUMMER
191,public,25.0,62.5,VIPV50_Wp700,SUMMER
192,home,17.0,42.5,VIPV50_Wp700,SUMMER
192,work,0.0,0.0,VIPV50_Wp700,SUMMER
192,public,39.0,97.5,VIPV50_Wp700,SUMMER
193,home,7.0,17.5,VIPV50_Wp700,SUMMER
193,work,7.0,17.5,VIPV50_Wp700,SUMMER
193,public,19.0,47.5,VIPV50_Wp700,SUMMER
194,home,4.0,10.0,VIPV50_Wp700,SUMMER
194,work,2.0,5.0,VIPV50_Wp700,SUMMER
194,public,0.0,0.0,VIPV50_Wp700,SUMMER
195,home,14.0,35.0,VIPV50_Wp700,SUMMER
195,work,0.0,0.0,VIPV50_Wp700,SUMMER
195,public,8.0,20.0,VIPV50_Wp700,SUMMER
196,home,33.0,82.5,VIPV50_Wp700,SUMMER
196,work,0.0,0.0,VIPV50_Wp700,SUMMER
196,public,18.0,45.0,VIPV50_Wp700,SUMMER
197,home,41.0,102.5,VIPV50_Wp700,SUMMER
197,work,7.0,17.5,VIPV50_Wp700,SUMMER
197,public,22.0,55.0,VIPV50_Wp700,SUMMER
198,home,9.0,22.5,VIPV50_Wp700,SUMMER
198,work,9.0,22.5,VIPV50_Wp700,SUMMER
198,public,2.0,5.0,VIPV50_Wp700,SUMMER
199,home,0.0,0.0,VIPV50_Wp700,SUMMER
199,work,2.0,5.0,VIPV50_Wp700,SUMMER
199,public,1.0,2.5,VIPV50_Wp700,SUMMER
200,home,0.0,0.0,VIPV50_Wp700,SUMMER
200,work,13.0,32.5,VIPV50_Wp700,SUMMER
200,public,1.0,2.5,VIPV50_Wp700,SUMMER
201,home,4.0,10.0,VIPV50_Wp700,SUMMER
201,work,3.0,7.5,VIPV50_Wp700,SUMMER
201,public,0.0,0.0,VIPV50_Wp700,SUMMER
202,home,0.0,0.0,VIPV50_Wp700,SUMMER
202,work,0.0,0.0,VIPV50_Wp700,SUMMER
202,public,0.0,0.0,VIPV50_Wp700,SUMMER
203,home,0.0,0.0,VIPV50_Wp700,SUMMER
203,work,0.0,0.0,VIPV50_Wp700,SUMMER
203,public,0.0,0.0,VIPV50_Wp700,SUMMER
204,home,2.0,5.0,VIPV50_Wp700,SUMMER
204,work,0.0,0.0,VIPV50_Wp700,SUMMER
204,public,2.0,5.0,VIPV50_Wp700,SUMMER
205,home,17.0,42.5,VIPV50_Wp700,SUMMER
205,work,1.0,2.5,VIPV50_Wp700,SUMMER
205,public,10.0,25.0,VIPV50_Wp700,SUMMER
206,home,21.0,52.5,VIPV50_Wp700,SUMMER
206,work,4.0,10.0,VIPV50_Wp700,SUMMER
206,public,3.0,7.5,VIPV50_Wp700,SUMMER
207,home,12.0,30.0,VIPV50_Wp700,SUMMER
207,work,0.0,0.0,VIPV50_Wp700,SUMMER
207,public,6.0,15.0,VIPV50_Wp700,SUMMER
208,home,11.0,27.5,VIPV50_Wp700,SUMMER
208,work,2.0,5.0,VIPV50_Wp700,SUMMER
208,public,17.0,42.5,VIPV50_Wp700,SUMMER
209,home,24.0,60.0,VIPV50_Wp700,SUMMER
209,work,1.0,2.5,VIPV50_Wp700,SUMMER
209,public,24.0,60.0,VIPV50_Wp700,SUMMER
210,home,2.0,5.0,VIPV50_Wp700,SUMMER
210,work,1.0,2.5,VIPV50_Wp700,SUMMER
210,public,11.0,27.5,VIPV50_Wp700,SUMMER
211,home,7.0,17.5,VIPV50_Wp700,SUMMER
211,work,23.0,57.5,VIPV50_Wp700,SUMMER
211,public,40.0,100.0,VIPV50_Wp700,SUMMER
212,home,24.0,60.0,VIPV50_Wp700,SUMMER
212,work,4.0,10.0,VIPV50_Wp700,SUMMER
212,public,29.0,72.5,VIPV50_Wp700,SUMMER
213,home,25.0,62.5,VIPV50_Wp700,SUMMER
213,work,4.0,10.0,VIPV50_Wp700,SUMMER
213,public,45.0,112.5,VIPV50_Wp700,SUMMER
214,home,15.0,37.5,VIPV50_Wp700,SUMMER
214,work,12.0,30.0,VIPV50_Wp700,SUMMER
214,public,19.0,47.5,VIPV50_Wp700,SUMMER
215,home,14.0,35.0,VIPV50_Wp700,SUMMER
215,work,1.0,2.5,VIPV50_Wp700,SUMMER
215,public,31.0,77.5,VIPV50_Wp700,SUMMER
216,home,0.0,0.0,VIPV50_Wp700,SUMMER
216,work,1.0,2.5,VIPV50_Wp700,SUMMER
216,public,0.0,0.0,VIPV50_Wp700,SUMMER
217,home,1.0,2.5,VIPV50_Wp700,SUMMER
217,work,0.0,0.0,VIPV50_Wp700,SUMMER
217,public,0.0,0.0,VIPV50_Wp700,SUMMER
218,home,15.0,37.5,VIPV50_Wp700,SUMMER
218,work,0.0,0.0,VIPV50_Wp700,SUMMER
218,public,4.0,10.0,VIPV50_Wp700,SUMMER
219,home,12.0,30.0,VIPV50_Wp700,SUMMER
219,work,0.0,0.0,VIPV50_Wp700,SUMMER
219,public,0.0,0.0,VIPV50_Wp700,SUMMER
220,home,0.0,0.0,VIPV50_Wp700,SUMMER
220,work,0.0,0.0,VIPV50_Wp700,SUMMER
220,public,0.0,0.0,VIPV50_Wp700,SUMMER
221,home,0.0,0.0,VIPV50_Wp700,SUMMER
221,work,0.0,0.0,VIPV50_Wp700,SUMMER
221,public,0.0,0.0,VIPV50_Wp700,SUMMER
222,home,0.0,0.0,VIPV50_Wp700,SUMMER
222,work,0.0,0.0,VIPV50_Wp700,SUMMER
222,public,1.0,2.5,VIPV50_Wp700,SUMMER
223,home,0.0,0.0,VIPV50_Wp700,SUMMER
223,work,2.0,5.0,VIPV50_Wp700,SUMMER
223,public,0.0,0.0,VIPV50_Wp700,SUMMER
224,home,17.0,42.5,VIPV50_Wp700,SUMMER
224,work,6.0,15.0,VIPV50_Wp700,SUMMER
224,public,9.0,22.5,VIPV50_Wp700,SUMMER
225,home,57.0,142.5,VIPV50_Wp700,SUMMER
225,work,7.0,17.5,VIPV50_Wp700,SUMMER
225,public,83.0,207.5,VIPV50_Wp700,SUMMER
226,home,14.0,35.0,VIPV50_Wp700,SUMMER
226,work,0.0,0.0,VIPV50_Wp700,SUMMER
226,public,23.0,57.5,VIPV50_Wp700,SUMMER
227,home,36.0,90.0,VIPV50_Wp700,SUMMER
227,work,14.0,35.0,VIPV50_Wp700,SUMMER
227,public,76.0,190.0,VIPV50_Wp700,SUMMER
228,home,20.0,50.0,VIPV50_Wp700,SUMMER
228,work,13.0,32.5,VIPV50_Wp700,SUMMER
228,public,31.0,77.5,VIPV50_Wp700,SUMMER
229,home,33.0,82.5,VIPV50_Wp700,SUMMER
229,work,7.0,17.5,VIPV50_Wp700,SUMMER
229,public,20.0,50.0,VIPV50_Wp700,SUMMER
230,home,27.0,67.5,VIPV50_Wp700,SUMMER
230,work,8.0,20.0,VIPV50_Wp700,SUMMER
230,public,53.0,132.5,VIPV50_Wp700,SUMMER
231,home,15.0,37.5,VIPV50_Wp700,SUMMER
231,work,3.0,7.5,VIPV50_Wp700,SUMMER
231,public,12.0,30.0,VIPV50_Wp700,SUMMER
232,home,8.0,20.0,VIPV50_Wp700,SUMMER
232,work,0.0,0.0,VIPV50_Wp700,SUMMER
232,public,2.0,5.0,VIPV50_Wp700,SUMMER
233,home,21.0,52.5,VIPV50_Wp700,SUMMER
233,work,0.0,0.0,VIPV50_Wp700,SUMMER
233,public,24.0,60.0,VIPV50_Wp700,SUMMER
234,home,9.0,22.5,VIPV50_Wp700,SUMMER
234,work,0.0,0.0,VIPV50_Wp700,SUMMER
234,public,7.0,17.5,VIPV50_Wp700,SUMMER
235,home,5.0,12.5,VIPV50_Wp700,SUMMER
235,work,2.0,5.0,VIPV50_Wp700,SUMMER
235,public,1.0,2.5,VIPV50_Wp700,SUMMER
236,home,12.0,30.0,VIPV50_Wp700,SUMMER
236,work,0.0,0.0,VIPV50_Wp700,SUMMER
236,public,3.0,7.5,VIPV50_Wp700,SUMMER
237,home,1.0,2.5,VIPV50_Wp700,SUMMER
237,work,0.0,0.0,VIPV50_Wp700,SUMMER
237,public,0.0,0.0,VIPV50_Wp700,SUMMER
238,home,0.0,0.0,VIPV50_Wp700,SUMMER
238,work,7.0,17.5,VIPV50_Wp700,SUMMER
238,public,1.0,2.5,VIPV50_Wp700,SUMMER
239,home,0.0,0.0,VIPV50_Wp700,SUMMER
239,work,2.0,5.0,VIPV50_Wp700,SUMMER
239,public,0.0,0.0,VIPV50_Wp700,SUMMER
240,home,0.0,0.0,VIPV50_Wp700,SUMMER
240,work,0.0,0.0,VIPV50_Wp700,SUMMER
240,public,1.0,2.5,VIPV50_Wp700,SUMMER
241,home,0.0,0.0,VIPV50_Wp700,SUMMER
241,work,9.0,22.5,VIPV50_Wp700,SUMMER
241,public,2.0,5.0,VIPV50_Wp700,SUMMER
242,home,0.0,0.0,VIPV50_Wp700,SUMMER
242,work,2.0,5.0,VIPV50_Wp700,SUMMER
242,public,0.0,0.0,VIPV50_Wp700,SUMMER
243,home,20.0,50.0,VIPV50_Wp700,SUMMER
243,work,0.0,0.0,VIPV50_Wp700,SUMMER
243,public,1.0,2.5,VIPV50_Wp700,SUMMER
244,home,25.0,62.5,VIPV50_Wp700,SUMMER
244,work,7.0,17.5,VIPV50_Wp700,SUMMER
244,public,11.0,27.5,VIPV50_Wp700,SUMMER
245,home,63.0,157.5,VIPV50_Wp700,SUMMER
245,work,13.0,32.5,VIPV50_Wp700,SUMMER
245,public,42.0,105.0,VIPV50_Wp700,SUMMER
246,home,56.0,140.0,VIPV50_Wp700,SUMMER
246,work,42.0,105.0,VIPV50_Wp700,SUMMER
246,public,115.0,287.5,VIPV50_Wp700,SUMMER
247,home,40.0,100.0,VIPV50_Wp700,SUMMER
247,work,15.0,37.5,VIPV50_Wp700,SUMMER
247,public,42.0,105.0,VIPV50_Wp700,SUMMER
248,home,61.0,152.5,VIPV50_Wp700,SUMMER
248,work,25.0,62.5,VIPV50_Wp700,SUMMER
248,public,103.0,257.5,VIPV50_Wp700,SUMMER
249,home,16.0,40.0,VIPV50_Wp700,SUMMER
249,work,14.0,35.0,VIPV50_Wp700,SUMMER
249,public,32.0,80.0,VIPV50_Wp700,SUMMER
250,home,20.0,50.0,VIPV50_Wp700,SUMMER
250,work,3.0,7.5,VIPV50_Wp700,SUMMER
250,public,21.0,52.5,VIPV50_Wp700,SUMMER
251,home,11.0,27.5,VIPV50_Wp700,SUMMER
251,work,0.0,0.0,VIPV50_Wp700,SUMMER
251,public,2.0,5.0,VIPV50_Wp700,SUMMER
252,home,0.0,0.0,VIPV50_Wp700,SUMMER
252,work,1.0,2.5,VIPV50_Wp700,SUMMER
252,public,5.0,12.5,VIPV50_Wp700,SUMMER
253,home,8.0,20.0,VIPV50_Wp700,SUMMER
253,work,0.0,0.0,VIPV50_Wp700,SUMMER
253,public,11.0,27.5,VIPV50_Wp700,SUMMER
254,home,34.0,85.0,VIPV50_Wp700,SUMMER
254,work,0.0,0.0,VIPV50_Wp700,SUMMER
254,public,14.0,35.0,VIPV50_Wp700,SUMMER
255,home,7.0,17.5,VIPV50_Wp700,SUMMER
255,work,2.0,5.0,VIPV50_Wp700,SUMMER
255,public,0.0,0.0,VIPV50_Wp700,SUMMER
256,home,10.0,25.0,VIPV50_Wp700,SUMMER
256,work,0.0,0.0,VIPV50_Wp700,SUMMER
256,public,3.0,7.5,VIPV50_Wp700,SUMMER
257,home,7.0,17.5,VIPV50_Wp700,SUMMER
257,work,0.0,0.0,VIPV50_Wp700,SUMMER
257,public,6.0,15.0,VIPV50_Wp700,SUMMER
258,home,20.0,50.0,VIPV50_Wp700,SUMMER
258,work,0.0,0.0,VIPV50_Wp700,SUMMER
258,public,1.0,2.5,VIPV50_Wp700,SUMMER
259,home,0.0,0.0,VIPV50_Wp700,SUMMER
259,work,0.0,0.0,VIPV50_Wp700,SUMMER
259,public,1.0,2.5,VIPV50_Wp700,SUMMER
260,home,0.0,0.0,VIPV50_Wp700,SUMMER
260,work,12.0,30.0,VIPV50_Wp700,SUMMER
260,public,1.0,2.5,VIPV50_Wp700,SUMMER
261,home,0.0,0.0,VIPV50_Wp700,SUMMER
261,work,22.0,55.0,VIPV50_Wp700,SUMMER
261,public,3.0,7.5,VIPV50_Wp700,SUMMER
262,home,0.0,0.0,VIPV50_Wp700,SUMMER
262,work,0.0,0.0,VIPV50_Wp700,SUMMER
262,public,0.0,0.0,VIPV50_Wp700,SUMMER
263,home,0.0,0.0,VIPV50_Wp700,SUMMER
263,work,1.0,2.5,VIPV50_Wp700,SUMMER
263,public,0.0,0.0,VIPV50_Wp700,SUMMER
264,home,0.0,0.0,VIPV50_Wp700,SUMMER
264,work,0.0,0.0,VIPV50_Wp700,SUMMER
264,public,0.0,0.0,VIPV50_Wp700,SUMMER
265,home,0.0,0.0,VIPV50_Wp700,SUMMER
265,work,1.0,2.5,VIPV50_Wp700,SUMMER
265,public,0.0,0.0,VIPV50_Wp700,SUMMER
266,home,32.0,80.0,VIPV50_Wp700,SUMMER
266,work,0.0,0.0,VIPV50_Wp700,SUMMER
266,public,7.0,17.5,VIPV50_Wp700,SUMMER
267,home,32.0,80.0,VIPV50_Wp700,SUMMER
267,work,8.0,20.0,VIPV50_Wp700,SUMMER
267,public,47.0,117.5,VIPV50_Wp700,SUMMER
268,home,60.0,150.0,VIPV50_Wp700,SUMMER
268,work,1.0,2.5,VIPV50_Wp700,SUMMER
268,public,26.0,65.0,VIPV50_Wp700,SUMMER
269,home,12.0,30.0,VIPV50_Wp700,SUMMER
269,work,19.0,47.5,VIPV50_Wp700,SUMMER
269,public,12.0,30.0,VIPV50_Wp700,SUMMER
270,home,17.0,42.5,VIPV50_Wp700,SUMMER
270,work,15.0,37.5,VIPV50_Wp700,SUMMER
270,public,8.0,20.0,VIPV50_Wp700,SUMMER
271,home,2.0,5.0,VIPV50_Wp700,SUMMER
271,work,57.0,142.5,VIPV50_Wp700,SUMMER
271,public,151.0,377.5,VIPV50_Wp700,SUMMER
272,home,25.0,62.5,VIPV50_Wp700,SUMMER
272,work,21.0,52.5,VIPV50_Wp700,SUMMER
272,public,77.0,192.5,VIPV50_Wp700,SUMMER
273,home,12.0,30.0,VIPV50_Wp700,SUMMER
273,work,16.0,40.0,VIPV50_Wp700,SUMMER
273,public,33.0,82.5,VIPV50_Wp700,SUMMER
274,home,31.0,77.5,VIPV50_Wp700,SUMMER
274,work,1.0,2.5,VIPV50_Wp700,SUMMER
274,public,33.0,82.5,VIPV50_Wp700,SUMMER
275,home,22.0,55.0,VIPV50_Wp700,SUMMER
275,work,4.0,10.0,VIPV50_Wp700,SUMMER
275,public,9.0,22.5,VIPV50_Wp700,SUMMER
276,home,0.0,0.0,VIPV50_Wp700,SUMMER
276,work,0.0,0.0,VIPV50_Wp700,SUMMER
276,public,2.0,5.0,VIPV50_Wp700,SUMMER
277,home,6.0,15.0,VIPV50_Wp700,SUMMER
277,work,0.0,0.0,VIPV50_Wp700,SUMMER
277,public,0.0,0.0,VIPV50_Wp700,SUMMER
278,home,38.0,95.0,VIPV50_Wp700,SUMMER
278,work,0.0,0.0,VIPV50_Wp700,SUMMER
278,public,10.0,25.0,VIPV50_Wp700,SUMMER
279,home,18.0,45.0,VIPV50_Wp700,SUMMER
279,work,0.0,0.0,VIPV50_Wp700,SUMMER
279,public,9.0,22.5,VIPV50_Wp700,SUMMER
280,home,13.0,32.5,VIPV50_Wp700,SUMMER
280,work,3.0,7.5,VIPV50_Wp700,SUMMER
280,public,10.0,25.0,VIPV50_Wp700,SUMMER
281,home,0.0,0.0,VIPV50_Wp700,SUMMER
281,work,5.0,12.5,VIPV50_Wp700,SUMMER
281,public,7.0,17.5,VIPV50_Wp700,SUMMER
282,home,0.0,0.0,VIPV50_Wp700,SUMMER
282,work,3.0,7.5,VIPV50_Wp700,SUMMER
282,public,0.0,0.0,VIPV50_Wp700,SUMMER
283,home,0.0,0.0,VIPV50_Wp700,SUMMER
283,work,6.0,15.0,VIPV50_Wp700,SUMMER
283,public,0.0,0.0,VIPV50_Wp700,SUMMER
284,home,0.0,0.0,VIPV50_Wp700,SUMMER
284,work,2.0,5.0,VIPV50_Wp700,SUMMER
284,public,0.0,0.0,VIPV50_Wp700,SUMMER
285,home,0.0,0.0,VIPV50_Wp700,SUMMER
285,work,0.0,0.0,VIPV50_Wp700,SUMMER
285,public,1.0,2.5,VIPV50_Wp700,SUMMER
286,home,14.0,35.0,VIPV50_Wp700,SUMMER
286,work,5.0,12.5,VIPV50_Wp700,SUMMER
286,public,19.0,47.5,VIPV50_Wp700,SUMMER
287,home,22.0,55.0,VIPV50_Wp700,SUMMER
287,work,1.0,2.5,VIPV50_Wp700,SUMMER
287,public,30.0,75.0,VIPV50_Wp700,SUMMER
288,home,16.0,40.0,VIPV50_Wp700,SUMMER
288,work,1.0,2.5,VIPV50_Wp700,SUMMER
288,public,27.0,67.5,VIPV50_Wp700,SUMMER
289,home,23.0,57.5,VIPV50_Wp700,SUMMER
289,work,13.0,32.5,VIPV50_Wp700,SUMMER
289,public,20.0,50.0,VIPV50_Wp700,SUMMER
290,home,1.0,2.5,VIPV50_Wp700,SUMMER
290,work,10.0,25.0,VIPV50_Wp700,SUMMER
290,public,11.0,27.5,VIPV50_Wp700,SUMMER
291,home,0.0,0.0,VIPV50_Wp700,SUMMER
291,work,9.0,22.5,VIPV50_Wp700,SUMMER
291,public,50.0,125.0,VIPV50_Wp700,SUMMER
292,home,5.0,12.5,VIPV50_Wp700,SUMMER
292,work,32.0,80.0,VIPV50_Wp700,SUMMER
292,public,52.0,130.0,VIPV50_Wp700,SUMMER
293,home,24.0,60.0,VIPV50_Wp700,SUMMER
293,work,12.0,30.0,VIPV50_Wp700,SUMMER
293,public,33.0,82.5,VIPV50_Wp700,SUMMER
294,home,63.0,157.5,VIPV50_Wp700,SUMMER
294,work,14.0,35.0,VIPV50_Wp700,SUMMER
294,public,56.0,140.0,VIPV50_Wp700,SUMMER
295,home,56.0,140.0,VIPV50_Wp700,SUMMER
295,work,2.0,5.0,VIPV50_Wp700,SUMMER
295,public,12.0,30.0,VIPV50_Wp700,SUMMER
296,home,41.0,102.5,VIPV50_Wp700,SUMMER
296,work,5.0,12.5,VIPV50_Wp700,SUMMER
296,public,4.0,10.0,VIPV50_Wp700,SUMMER
297,home,28.0,70.0,VIPV50_Wp700,SUMMER
297,work,3.0,7.5,VIPV50_Wp700,SUMMER
297,public,11.0,27.5,VIPV50_Wp700,SUMMER
298,home,27.0,67.5,VIPV50_Wp700,SUMMER
298,work,0.0,0.0,VIPV50_Wp700,SUMMER
298,public,8.0,20.0,VIPV50_Wp700,SUMMER
299,home,10.0,25.0,VIPV50_Wp700,SUMMER
299,work,0.0,0.0,VIPV50_Wp700,SUMMER
299,public,27.0,67.5,VIPV50_Wp700,SUMMER
300,home,4.0,10.0,VIPV50_Wp700,SUMMER
300,work,0.0,0.0,VIPV50_Wp700,SUMMER
300,public,10.0,25.0,VIPV50_Wp700,SUMMER
301,home,5.0,12.5,VIPV50_Wp700,SUMMER
301,work,0.0,0.0,VIPV50_Wp700,SUMMER
301,public,0.0,0.0,VIPV50_Wp700,SUMMER
302,home,0.0,0.0,VIPV50_Wp700,SUMMER
302,work,0.0,0.0,VIPV50_Wp700,SUMMER
302,public,0.0,0.0,VIPV50_Wp700,SUMMER
303,home,13.0,32.5,VIPV50_Wp700,SUMMER
303,work,0.0,0.0,VIPV50_Wp700,SUMMER
303,public,1.0,2.5,VIPV50_Wp700,SUMMER
304,home,3.0,7.5,VIPV50_Wp700,SUMMER
304,work,0.0,0.0,VIPV50_Wp700,SUMMER
304,public,3.0,7.5,VIPV50_Wp700,SUMMER
305,home,40.0,100.0,VIPV50_Wp700,SUMMER
305,work,2.0,5.0,VIPV50_Wp700,SUMMER
305,public,4.0,10.0,VIPV50_Wp700,SUMMER
306,home,28.0,70.0,VIPV50_Wp700,SUMMER
306,work,4.0,10.0,VIPV50_Wp700,SUMMER
306,public,5.0,12.5,VIPV50_Wp700,SUMMER
307,home,0.0,0.0,VIPV50_Wp700,SUMMER
307,work,4.0,10.0,VIPV50_Wp700,SUMMER
307,public,3.0,7.5,VIPV50_Wp700,SUMMER
308,home,0.0,0.0,VIPV50_Wp700,SUMMER
308,work,0.0,0.0,VIPV50_Wp700,SUMMER
308,public,0.0,0.0,VIPV50_Wp700,SUMMER
309,home,0.0,0.0,VIPV50_Wp700,SUMMER
309,work,0.0,0.0,VIPV50_Wp700,SUMMER
309,public,2.0,5.0,VIPV50_Wp700,SUMMER
310,home,0.0,0.0,VIPV50_Wp700,SUMMER
310,work,5.0,12.5,VIPV50_Wp700,SUMMER
310,public,0.0,0.0,VIPV50_Wp700,SUMMER
311,home,0.0,0.0,VIPV50_Wp700,SUMMER
311,work,0.0,0.0,VIPV50_Wp700,SUMMER
311,public,1.0,2.5,VIPV50_Wp700,SUMMER
312,home,44.0,110.0,VIPV50_Wp700,SUMMER
312,work,5.0,12.5,VIPV50_Wp700,SUMMER
312,public,22.0,55.0,VIPV50_Wp700,SUMMER
313,home,21.0,52.5,VIPV50_Wp700,SUMMER
313,work,2.0,5.0,VIPV50_Wp700,SUMMER
313,public,13.0,32.5,VIPV50_Wp700,SUMMER
314,home,19.0,47.5,VIPV50_Wp700,SUMMER
314,work,17.0,42.5,VIPV50_Wp700,SUMMER
314,public,18.0,45.0,VIPV50_Wp700,SUMMER
315,home,11.0,27.5,VIPV50_Wp700,SUMMER
315,work,4.0,10.0,VIPV50_Wp700,SUMMER
315,public,52.0,130.0,VIPV50_Wp700,SUMMER
316,home,32.0,80.0,VIPV50_Wp700,SUMMER
316,work,8.0,20.0,VIPV50_Wp700,SUMMER
316,public,27.0,67.5,VIPV50_Wp700,SUMMER
317,home,0.0,0.0,VIPV50_Wp700,SUMMER
317,work,9.0,22.5,VIPV50_Wp700,SUMMER
317,public,0.0,0.0,VIPV50_Wp700,SUMMER
318,home,3.0,7.5,VIPV50_Wp700,SUMMER
318,work,16.0,40.0,VIPV50_Wp700,SUMMER
318,public,10.0,25.0,VIPV50_Wp700,SUMMER
319,home,0.0,0.0,VIPV50_Wp700,SUMMER
319,work,6.0,15.0,VIPV50_Wp700,SUMMER
319,public,8.0,20.0,VIPV50_Wp700,SUMMER
320,home,39.0,97.5,VIPV50_Wp700,SUMMER
320,work,3.0,7.5,VIPV50_Wp700,SUMMER
320,public,28.0,70.0,VIPV50_Wp700,SUMMER
321,home,30.0,75.0,VIPV50_Wp700,SUMMER
321,work,8.0,20.0,VIPV50_Wp700,SUMMER
321,public,52.0,130.0,VIPV50_Wp700,SUMMER
322,home,35.0,87.5,VIPV50_Wp700,SUMMER
322,work,4.0,10.0,VIPV50_Wp700,SUMMER
322,public,27.0,67.5,VIPV50_Wp700,SUMMER
323,home,27.0,67.5,VIPV50_Wp700,SUMMER
323,work,13.0,32.5,VIPV50_Wp700,SUMMER
323,public,10.0,25.0,VIPV50_Wp700,SUMMER
324,home,57.0,142.5,VIPV50_Wp700,SUMMER
324,work,2.0,5.0,VIPV50_Wp700,SUMMER
324,public,31.0,77.5,VIPV50_Wp700,SUMMER
325,home,43.0,107.5,VIPV50_Wp700,SUMMER
325,work,0.0,0.0,VIPV50_Wp700,SUMMER
325,public,5.0,12.5,VIPV50_Wp700,SUMMER
326,home,9.0,22.5,VIPV50_Wp700,SUMMER
326,work,0.0,0.0,VIPV50_Wp700,SUMMER
326,public,0.0,0.0,VIPV50_Wp700,SUMMER
327,home,2.0,5.0,VIPV50_Wp700,SUMMER
327,work,0.0,0.0,VIPV50_Wp700,SUMMER
327,public,4.0,10.0,VIPV50_Wp700,SUMMER
328,home,11.0,27.5,VIPV50_Wp700,SUMMER
328,work,2.0,5.0,VIPV50_Wp700,SUMMER
328,public,3.0,7.5,VIPV50_Wp700,SUMMER
329,home,2.0,5.0,VIPV50_Wp700,SUMMER
329,work,0.0,0.0,VIPV50_Wp700,SUMMER
329,public,0.0,0.0,VIPV50_Wp700,SUMMER
330,home,20.0,50.0,VIPV50_Wp700,SUMMER
330,work,0.0,0.0,VIPV50_Wp700,SUMMER
330,public,0.0,0.0,VIPV50_Wp700,SUMMER
331,home,27.0,67.5,VIPV50_Wp700,SUMMER
331,work,5.0,12.5,VIPV50_Wp700,SUMMER
331,public,11.0,27.5,VIPV50_Wp700,SUMMER
332,home,6.0,15.0,VIPV50_Wp700,SUMMER
332,work,1.0,2.5,VIPV50_Wp700,SUMMER
332,public,0.0,0.0,VIPV50_Wp700,SUMMER
333,home,0.0,0.0,VIPV50_Wp700,SUMMER
333,work,0.0,0.0,VIPV50_Wp700,SUMMER
333,public,1.0,2.5,VIPV50_Wp700,SUMMER
334,home,0.0,0.0,VIPV50_Wp700,SUMMER
334,work,0.0,0.0,VIPV50_Wp700,SUMMER
334,public,0.0,0.0,VIPV50_Wp700,SUMMER
335,home,0.0,0.0,VIPV50_Wp700,SUMMER
335,work,0.0,0.0,VIPV50_Wp700,SUMMER
335,public,0.0,0.0,VIPV50_Wp700,SUMMER
336,home,0.0,0.0,VIPV50_Wp700,SUMMER
336,work,5.0,12.5,VIPV50_Wp700,SUMMER
336,public,4.0,10.0,VIPV50_Wp700,SUMMER
337,home,50.0,125.0,VIPV50_Wp700,SUMMER
337,work,0.0,0.0,VIPV50_Wp700,SUMMER
337,public,11.0,27.5,VIPV50_Wp700,SUMMER
338,home,27.0,67.5,VIPV50_Wp700,SUMMER
338,work,0.0,0.0,VIPV50_Wp700,SUMMER
338,public,18.0,45.0,VIPV50_Wp700,SUMMER
339,home,22.0,55.0,VIPV50_Wp700,SUMMER
339,work,5.0,12.5,VIPV50_Wp700,SUMMER
339,public,8.0,20.0,VIPV50_Wp700,SUMMER
340,home,31.0,77.5,VIPV50_Wp700,SUMMER
340,work,4.0,10.0,VIPV50_Wp700,SUMMER
340,public,29.0,72.5,VIPV50_Wp700,SUMMER
341,home,0.0,0.0,VIPV50_Wp700,SUMMER
341,work,13.0,32.5,VIPV50_Wp700,SUMMER
341,public,11.0,27.5,VIPV50_Wp700,SUMMER
342,home,0.0,0.0,VIPV50_Wp700,SUMMER
342,work,7.0,17.5,VIPV50_Wp700,SUMMER
342,public,10.0,25.0,VIPV50_Wp700,SUMMER
343,home,0.0,0.0,VIPV50_Wp700,SUMMER
343,work,2.0,5.0,VIPV50_Wp700,SUMMER
343,public,2.0,5.0,VIPV50_Wp700,SUMMER
344,home,1.0,2.5,VIPV50_Wp700,SUMMER
344,work,14.0,35.0,VIPV50_Wp700,SUMMER
344,public,0.0,0.0,VIPV50_Wp700,SUMMER
345,home,14.0,35.0,VIPV50_Wp700,SUMMER
345,work,15.0,37.5,VIPV50_Wp700,SUMMER
345,public,15.0,37.5,VIPV50_Wp700,SUMMER
346,home,9.0,22.5,VIPV50_Wp700,SUMMER
346,work,0.0,0.0,VIPV50_Wp700,SUMMER
346,public,11.0,27.5,VIPV50_Wp700,SUMMER
347,home,14.0,35.0,VIPV50_Wp700,SUMMER
347,work,5.0,12.5,VIPV50_Wp700,SUMMER
347,public,24.0,60.0,VIPV50_Wp700,SUMMER
348,home,29.0,72.5,VIPV50_Wp700,SUMMER
348,work,2.0,5.0,VIPV50_Wp700,SUMMER
348,public,11.0,27.5,VIPV50_Wp700,SUMMER
349,home,44.0,110.0,VIPV50_Wp700,SUMMER
349,work,0.0,0.0,VIPV50_Wp700,SUMMER
349,public,31.0,77.5,VIPV50_Wp700,SUMMER
350,home,29.0,72.5,VIPV50_Wp700,SUMMER
350,work,0.0,0.0,VIPV50_Wp700,SUMMER
350,public,11.0,27.5,VIPV50_Wp700,SUMMER
351,home,21.0,52.5,VIPV50_Wp700,SUMMER
351,work,0.0,0.0,VIPV50_Wp700,SUMMER
351,public,8.0,20.0,VIPV50_Wp700,SUMMER
352,home,24.0,60.0,VIPV50_Wp700,SUMMER
352,work,0.0,0.0,VIPV50_Wp700,SUMMER
352,public,32.0,80.0,VIPV50_Wp700,SUMMER
353,home,36.0,90.0,VIPV50_Wp700,SUMMER
353,work,6.0,15.0,VIPV50_Wp700,SUMMER
353,public,9.0,22.5,VIPV50_Wp700,SUMMER
354,home,16.0,40.0,VIPV50_Wp700,SUMMER
354,work,0.0,0.0,VIPV50_Wp700,SUMMER
354,public,3.0,7.5,VIPV50_Wp700,SUMMER
355,home,40.0,100.0,VIPV50_Wp700,SUMMER
355,work,0.0,0.0,VIPV50_Wp700,SUMMER
355,public,16.0,40.0,VIPV50_Wp700,SUMMER
356,home,34.0,85.0,VIPV50_Wp700,SUMMER
356,work,3.0,7.5,VIPV50_Wp700,SUMMER
356,public,9.0,22.5,VIPV50_Wp700,SUMMER
357,home,5.0,12.5,VIPV50_Wp700,SUMMER
357,work,0.0,0.0,VIPV50_Wp700,SUMMER
357,public,5.0,12.5,VIPV50_Wp700,SUMMER
358,home,4.0,10.0,VIPV50_Wp700,SUMMER
358,work,0.0,0.0,VIPV50_Wp700,SUMMER
358,public,1.0,2.5,VIPV50_Wp700,SUMMER
359,home,0.0,0.0,VIPV50_Wp700,SUMMER
359,work,1.0,2.5,VIPV50_Wp700,SUMMER
359,public,0.0,0.0,VIPV50_Wp700,SUMMER
360,home,0.0,0.0,VIPV50_Wp700,SUMMER
360,work,21.0,52.5,VIPV50_Wp700,SUMMER
360,public,2.0,5.0,VIPV50_Wp700,SUMMER
361,home,0.0,0.0,VIPV50_Wp700,SUMMER
361,work,84.0,210.0,VIPV50_Wp700,SUMMER
361,public,9.0,22.5,VIPV50_Wp700,SUMMER
362,home,72.0,180.0,VIPV50_Wp700,SUMMER
362,work,0.0,0.0,VIPV50_Wp700,SUMMER
362,public,50.0,125.0,VIPV50_Wp700,SUMMER
363,home,20.0,50.0,VIPV50_Wp700,SUMMER
363,work,0.0,0.0,VIPV50_Wp700,SUMMER
363,public,10.0,25.0,VIPV50_Wp700,SUMMER
364,home,42.0,105.0,VIPV50_Wp700,SUMMER
364,work,1.0,2.5,VIPV50_Wp700,SUMMER
364,public,11.0,27.5,VIPV50_Wp700,SUMMER
365,home,24.0,60.0,VIPV50_Wp700,SUMMER
365,work,1.0,2.5,VIPV50_Wp700,SUMMER
365,public,24.0,60.0,VIPV50_Wp700,SUMMER
366,home,11.0,27.5,VIPV50_Wp700,SUMMER
366,work,19.0,47.5,VIPV50_Wp700,SUMMER
366,public,7.0,17.5,VIPV50_Wp700,SUMMER
367,home,13.0,32.5,VIPV50_Wp700,SUMMER
367,work,1.0,2.5,VIPV50_Wp700,SUMMER
367,public,25.0,62.5,VIPV50_Wp700,SUMMER
368,home,25.0,62.5,VIPV50_Wp700,SUMMER
368,work,0.0,0.0,VIPV50_Wp700,SUMMER
368,public,0.0,0.0,VIPV50_Wp700,SUMMER
369,home,0.0,0.0,VIPV50_Wp700,SUMMER
369,work,6.0,15.0,VIPV50_Wp700,SUMMER
369,public,12.0,30.0,VIPV50_Wp700,SUMMER
370,home,22.0,55.0,VIPV50_Wp700,SUMMER
370,work,4.0,10.0,VIPV50_Wp700,SUMMER
370,public,24.0,60.0,VIPV50_Wp700,SUMMER
371,home,14.0,35.0,VIPV50_Wp700,SUMMER
371,work,7.0,17.5,VIPV50_Wp700,SUMMER
371,public,18.0,45.0,VIPV50_Wp700,SUMMER
372,home,2.0,5.0,VIPV50_Wp700,SUMMER
372,work,0.0,0.0,VIPV50_Wp700,SUMMER
372,public,4.0,10.0,VIPV50_Wp700,SUMMER
373,home,18.0,45.0,VIPV50_Wp700,SUMMER
373,work,5.0,12.5,VIPV50_Wp700,SUMMER
373,public,6.0,15.0,VIPV50_Wp700,SUMMER
374,home,8.0,20.0,VIPV50_Wp700,SUMMER
374,work,4.0,10.0,VIPV50_Wp700,SUMMER
374,public,11.0,27.5,VIPV50_Wp700,SUMMER
375,home,11.0,27.5,VIPV50_Wp700,SUMMER
375,work,2.0,5.0,VIPV50_Wp700,SUMMER
375,public,15.0,37.5,VIPV50_Wp700,SUMMER
376,home,2.0,5.0,VIPV50_Wp700,SUMMER
376,work,0.0,0.0,VIPV50_Wp700,SUMMER
376,public,4.0,10.0,VIPV50_Wp700,SUMMER
377,home,51.0,127.5,VIPV50_Wp700,SUMMER
377,work,6.0,15.0,VIPV50_Wp700,SUMMER
377,public,16.0,40.0,VIPV50_Wp700,SUMMER
378,home,43.0,107.5,VIPV50_Wp700,SUMMER
378,work,2.0,5.0,VIPV50_Wp700,SUMMER
378,public,25.0,62.5,VIPV50_Wp700,SUMMER
379,home,0.0,0.0,VIPV50_Wp700,SUMMER
379,work,0.0,0.0,VIPV50_Wp700,SUMMER
379,public,9.0,22.5,VIPV50_Wp700,SUMMER
380,home,15.0,37.5,VIPV50_Wp700,SUMMER
380,work,1.0,2.5,VIPV50_Wp700,SUMMER
380,public,6.0,15.0,VIPV50_Wp700,SUMMER
381,home,26.0,65.0,VIPV50_Wp700,SUMMER
381,work,0.0,0.0,VIPV50_Wp700,SUMMER
381,public,26.0,65.0,VIPV50_Wp700,SUMMER
382,home,30.0,75.0,VIPV50_Wp700,SUMMER
382,work,0.0,0.0,VIPV50_Wp700,SUMMER
382,public,3.0,7.5,VIPV50_Wp700,SUMMER
383,home,21.0,52.5,VIPV50_Wp700,SUMMER
383,work,0.0,0.0,VIPV50_Wp700,SUMMER
383,public,0.0,0.0,VIPV50_Wp700,SUMMER
384,home,0.0,0.0,VIPV50_Wp700,SUMMER
384,work,0.0,0.0,VIPV50_Wp700,SUMMER
384,public,0.0,0.0,VIPV50_Wp700,SUMMER
385,home,2.0,5.0,VIPV50_Wp700,SUMMER
385,work,3.0,7.5,VIPV50_Wp700,SUMMER
385,public,0.0,0.0,VIPV50_Wp700,SUMMER
386,home,0.0,0.0,VIPV50_Wp700,SUMMER
386,work,20.0,50.0,VIPV50_Wp700,SUMMER
386,public,11.0,27.5,VIPV50_Wp700,SUMMER
387,home,0.0,0.0,VIPV50_Wp700,SUMMER
387,work,5.0,12.5,VIPV50_Wp700,SUMMER
387,public,0.0,0.0,VIPV50_Wp700,SUMMER
388,home,33.0,82.5,VIPV50_Wp700,SUMMER
388,work,0.0,0.0,VIPV50_Wp700,SUMMER
388,public,26.0,65.0,VIPV50_Wp700,SUMMER
389,home,24.0,60.0,VIPV50_Wp700,SUMMER
389,work,0.0,0.0,VIPV50_Wp700,SUMMER
389,public,9.0,22.5,VIPV50_Wp700,SUMMER
390,home,1.0,2.5,VIPV50_Wp700,SUMMER
390,work,0.0,0.0,VIPV50_Wp700,SUMMER
390,public,3.0,7.5,VIPV50_Wp700,SUMMER
391,home,5.0,12.5,VIPV50_Wp700,SUMMER
391,work,4.0,10.0,VIPV50_Wp700,SUMMER
391,public,1.0,2.5,VIPV50_Wp700,SUMMER
392,home,12.0,30.0,VIPV50_Wp700,SUMMER
392,work,2.0,5.0,VIPV50_Wp700,SUMMER
392,public,8.0,20.0,VIPV50_Wp700,SUMMER
393,home,31.0,77.5,VIPV50_Wp700,SUMMER
393,work,0.0,0.0,VIPV50_Wp700,SUMMER
393,public,0.0,0.0,VIPV50_Wp700,SUMMER
394,home,18.0,45.0,VIPV50_Wp700,SUMMER
394,work,3.0,7.5,VIPV50_Wp700,SUMMER
394,public,15.0,37.5,VIPV50_Wp700,SUMMER
395,home,0.0,0.0,VIPV50_Wp700,SUMMER
395,work,14.0,35.0,VIPV50_Wp700,SUMMER
395,public,3.0,7.5,VIPV50_Wp700,SUMMER
396,home,0.0,0.0,VIPV50_Wp700,SUMMER
396,work,1.0,2.5,VIPV50_Wp700,SUMMER
396,public,0.0,0.0,VIPV50_Wp700,SUMMER
397,home,15.0,37.5,VIPV50_Wp700,SUMMER
397,work,2.0,5.0,VIPV50_Wp700,SUMMER
397,public,15.0,37.5,VIPV50_Wp700,SUMMER
398,home,7.0,17.5,VIPV50_Wp700,SUMMER
398,work,0.0,0.0,VIPV50_Wp700,SUMMER
398,public,3.0,7.5,VIPV50_Wp700,SUMMER
399,home,57.0,142.5,VIPV50_Wp700,SUMMER
399,work,6.0,15.0,VIPV50_Wp700,SUMMER
399,public,16.0,40.0,VIPV50_Wp700,SUMMER
400,home,18.0,45.0,VIPV50_Wp700,SUMMER
400,work,1.0,2.5,VIPV50_Wp700,SUMMER
400,public,3.0,7.5,VIPV50_Wp700,SUMMER
401,home,30.0,75.0,VIPV50_Wp700,SUMMER
401,work,5.0,12.5,VIPV50_Wp700,SUMMER
401,public,17.0,42.5,VIPV50_Wp700,SUMMER
402,home,10.0,25.0,VIPV50_Wp700,SUMMER
402,work,2.0,5.0,VIPV50_Wp700,SUMMER
402,public,21.0,52.5,VIPV50_Wp700,SUMMER
403,home,39.0,97.5,VIPV50_Wp700,SUMMER
403,work,14.0,35.0,VIPV50_Wp700,SUMMER
403,public,13.0,32.5,VIPV50_Wp700,SUMMER
404,home,7.0,17.5,VIPV50_Wp700,SUMMER
404,work,3.0,7.5,VIPV50_Wp700,SUMMER
404,public,3.0,7.5,VIPV50_Wp700,SUMMER
405,home,15.0,37.5,VIPV50_Wp700,SUMMER
405,work,0.0,0.0,VIPV50_Wp700,SUMMER
405,public,4.0,10.0,VIPV50_Wp700,SUMMER
406,home,11.0,27.5,VIPV50_Wp700,SUMMER
406,work,0.0,0.0,VIPV50_Wp700,SUMMER
406,public,1.0,2.5,VIPV50_Wp700,SUMMER
407,home,0.0,0.0,VIPV50_Wp700,SUMMER
407,work,0.0,0.0,VIPV50_Wp700,SUMMER
407,public,2.0,5.0,VIPV50_Wp700,SUMMER
408,home,22.0,55.0,VIPV50_Wp700,SUMMER
408,work,1.0,2.5,VIPV50_Wp700,SUMMER
408,public,8.0,20.0,VIPV50_Wp700,SUMMER
409,home,15.0,37.5,VIPV50_Wp700,SUMMER
409,work,0.0,0.0,VIPV50_Wp700,SUMMER
409,public,12.0,30.0,VIPV50_Wp700,SUMMER
410,home,2.0,5.0,VIPV50_Wp700,SUMMER
410,work,0.0,0.0,VIPV50_Wp700,SUMMER
410,public,1.0,2.5,VIPV50_Wp700,SUMMER
411,home,5.0,12.5,VIPV50_Wp700,SUMMER
411,work,0.0,0.0,VIPV50_Wp700,SUMMER
411,public,6.0,15.0,VIPV50_Wp700,SUMMER
412,home,6.0,15.0,VIPV50_Wp700,SUMMER
412,work,0.0,0.0,VIPV50_Wp700,SUMMER
412,public,4.0,10.0,VIPV50_Wp700,SUMMER
413,home,0.0,0.0,VIPV50_Wp700,SUMMER
413,work,0.0,0.0,VIPV50_Wp700,SUMMER
413,public,0.0,0.0,VIPV50_Wp700,SUMMER
414,home,9.0,22.5,VIPV50_Wp700,SUMMER
414,work,0.0,0.0,VIPV50_Wp700,SUMMER
414,public,4.0,10.0,VIPV50_Wp700,SUMMER
415,home,24.0,60.0,VIPV50_Wp700,SUMMER
415,work,0.0,0.0,VIPV50_Wp700,SUMMER
415,public,9.0,22.5,VIPV50_Wp700,SUMMER
416,home,21.0,52.5,VIPV50_Wp700,SUMMER
416,work,0.0,0.0,VIPV50_Wp700,SUMMER
416,public,2.0,5.0,VIPV50_Wp700,SUMMER
417,home,11.0,27.5,VIPV50_Wp700,SUMMER
417,work,0.0,0.0,VIPV50_Wp700,SUMMER
417,public,10.0,25.0,VIPV50_Wp700,SUMMER
418,home,0.0,0.0,VIPV50_Wp700,SUMMER
418,work,1.0,2.5,VIPV50_Wp700,SUMMER
418,public,3.0,7.5,VIPV50_Wp700,SUMMER
419,home,22.0,55.0,VIPV50_Wp700,SUMMER
419,work,1.0,2.5,VIPV50_Wp700,SUMMER
419,public,33.0,82.5,VIPV50_Wp700,SUMMER
420,home,49.0,122.5,VIPV50_Wp700,SUMMER
420,work,6.0,15.0,VIPV50_Wp700,SUMMER
420,public,14.0,35.0,VIPV50_Wp700,SUMMER
421,home,18.0,45.0,VIPV50_Wp700,SUMMER
421,work,8.0,20.0,VIPV50_Wp700,SUMMER
421,public,21.0,52.5,VIPV50_Wp700,SUMMER
422,home,2.0,5.0,VIPV50_Wp700,SUMMER
422,work,1.0,2.5,VIPV50_Wp700,SUMMER
422,public,1.0,2.5,VIPV50_Wp700,SUMMER
423,home,16.0,40.0,VIPV50_Wp700,SUMMER
423,work,0.0,0.0,VIPV50_Wp700,SUMMER
423,public,29.0,72.5,VIPV50_Wp700,SUMMER
424,home,21.0,52.5,VIPV50_Wp700,SUMMER
424,work,0.0,0.0,VIPV50_Wp700,SUMMER
424,public,23.0,57.5,VIPV50_Wp700,SUMMER
425,home,25.0,62.5,VIPV50_Wp700,SUMMER
425,work,0.0,0.0,VIPV50_Wp700,SUMMER
425,public,7.0,17.5,VIPV50_Wp700,SUMMER
426,home,6.0,15.0,VIPV50_Wp700,SUMMER
426,work,0.0,0.0,VIPV50_Wp700,SUMMER
426,public,7.0,17.5,VIPV50_Wp700,SUMMER
427,home,5.0,12.5,VIPV50_Wp700,SUMMER
427,work,4.0,10.0,VIPV50_Wp700,SUMMER
427,public,0.0,0.0,VIPV50_Wp700,SUMMER
428,home,8.0,20.0,VIPV50_Wp700,SUMMER
428,work,1.0,2.5,VIPV50_Wp700,SUMMER
428,public,3.0,7.5,VIPV50_Wp700,SUMMER
429,home,4.0,10.0,VIPV50_Wp700,SUMMER
429,work,0.0,0.0,VIPV50_Wp700,SUMMER
429,public,0.0,0.0,VIPV50_Wp700,SUMMER
430,home,10.0,25.0,VIPV50_Wp700,SUMMER
430,work,0.0,0.0,VIPV50_Wp700,SUMMER
430,public,15.0,37.5,VIPV50_Wp700,SUMMER
431,home,0.0,0.0,VIPV50_Wp700,SUMMER
431,work,0.0,0.0,VIPV50_Wp700,SUMMER
431,public,2.0,5.0,VIPV50_Wp700,SUMMER
432,home,15.0,37.5,VIPV50_Wp700,SUMMER
432,work,0.0,0.0,VIPV50_Wp700,SUMMER
432,public,4.0,10.0,VIPV50_Wp700,SUMMER
433,home,0.0,0.0,VIPV50_Wp700,SUMMER
433,work,1.0,2.5,VIPV50_Wp700,SUMMER
433,public,0.0,0.0,VIPV50_Wp700,SUMMER
434,home,5.0,12.5,VIPV50_Wp700,SUMMER
434,work,0.0,0.0,VIPV50_Wp700,SUMMER
434,public,3.0,7.5,VIPV50_Wp700,SUMMER
435,home,3.0,7.5,VIPV50_Wp700,SUMMER
435,work,0.0,0.0,VIPV50_Wp700,SUMMER
435,public,0.0,0.0,VIPV50_Wp700,SUMMER
436,home,11.0,27.5,VIPV50_Wp700,SUMMER
436,work,0.0,0.0,VIPV50_Wp700,SUMMER
436,public,2.0,5.0,VIPV50_Wp700,SUMMER
437,home,5.0,12.5,VIPV50_Wp700,SUMMER
437,work,0.0,0.0,VIPV50_Wp700,SUMMER
437,public,0.0,0.0,VIPV50_Wp700,SUMMER
438,home,4.0,10.0,VIPV50_Wp700,SUMMER
438,work,2.0,5.0,VIPV50_Wp700,SUMMER
438,public,1.0,2.5,VIPV50_Wp700,SUMMER
439,home,0.0,0.0,VIPV50_Wp700,SUMMER
439,work,0.0,0.0,VIPV50_Wp700,SUMMER
439,public,0.0,0.0,VIPV50_Wp700,SUMMER
440,home,7.0,17.5,VIPV50_Wp700,SUMMER
440,work,1.0,2.5,VIPV50_Wp700,SUMMER
440,public,6.0,15.0,VIPV50_Wp700,SUMMER
441,home,40.0,100.0,VIPV50_Wp700,SUMMER
441,work,2.0,5.0,VIPV50_Wp700,SUMMER
441,public,14.0,35.0,VIPV50_Wp700,SUMMER
442,home,8.0,20.0,VIPV50_Wp700,SUMMER
442,work,2.0,5.0,VIPV50_Wp700,SUMMER
442,public,6.0,15.0,VIPV50_Wp700,SUMMER
443,home,24.0,60.0,VIPV50_Wp700,SUMMER
443,work,2.0,5.0,VIPV50_Wp700,SUMMER
443,public,7.0,17.5,VIPV50_Wp700,SUMMER
444,home,21.0,52.5,VIPV50_Wp700,SUMMER
444,work,1.0,2.5,VIPV50_Wp700,SUMMER
444,public,6.0,15.0,VIPV50_Wp700,SUMMER
445,home,50.0,125.0,VIPV50_Wp700,SUMMER
445,work,8.0,20.0,VIPV50_Wp700,SUMMER
445,public,45.0,112.5,VIPV50_Wp700,SUMMER
446,home,0.0,0.0,VIPV50_Wp700,SUMMER
446,work,15.0,37.5,VIPV50_Wp700,SUMMER
446,public,0.0,0.0,VIPV50_Wp700,SUMMER
447,home,0.0,0.0,VIPV50_Wp700,SUMMER
447,work,0.0,0.0,VIPV50_Wp700,SUMMER
447,public,1.0,2.5,VIPV50_Wp700,SUMMER
448,home,24.0,60.0,VIPV50_Wp700,SUMMER
448,work,4.0,10.0,VIPV50_Wp700,SUMMER
448,public,14.0,35.0,VIPV50_Wp700,SUMMER
449,home,26.0,65.0,VIPV50_Wp700,SUMMER
449,work,0.0,0.0,VIPV50_Wp700,SUMMER
449,public,9.0,22.5,VIPV50_Wp700,SUMMER
450,home,27.0,67.5,VIPV50_Wp700,SUMMER
450,work,1.0,2.5,VIPV50_Wp700,SUMMER
450,public,23.0,57.5,VIPV50_Wp700,SUMMER
451,home,27.0,67.5,VIPV50_Wp700,SUMMER
451,work,1.0,2.5,VIPV50_Wp700,SUMMER
451,public,15.0,37.5,VIPV50_Wp700,SUMMER
452,home,4.0,10.0,VIPV50_Wp700,SUMMER
452,work,0.0,0.0,VIPV50_Wp700,SUMMER
452,public,1.0,2.5,VIPV50_Wp700,SUMMER
453,home,1.0,2.5,VIPV50_Wp700,SUMMER
453,work,0.0,0.0,VIPV50_Wp700,SUMMER
453,public,0.0,0.0,VIPV50_Wp700,SUMMER
454,home,12.0,30.0,VIPV50_Wp700,SUMMER
454,work,0.0,0.0,VIPV50_Wp700,SUMMER
454,public,0.0,0.0,VIPV50_Wp700,SUMMER
455,home,1.0,2.5,VIPV50_Wp700,SUMMER
455,work,0.0,0.0,VIPV50_Wp700,SUMMER
455,public,3.0,7.5,VIPV50_Wp700,SUMMER
456,home,3.0,7.5,VIPV50_Wp700,SUMMER
456,work,0.0,0.0,VIPV50_Wp700,SUMMER
456,public,1.0,2.5,VIPV50_Wp700,SUMMER
457,home,0.0,0.0,VIPV50_Wp700,SUMMER
457,work,0.0,0.0,VIPV50_Wp700,SUMMER
457,public,0.0,0.0,VIPV50_Wp700,SUMMER
458,home,0.0,0.0,VIPV50_Wp700,SUMMER
458,work,15.0,37.5,VIPV50_Wp700,SUMMER
458,public,4.0,10.0,VIPV50_Wp700,SUMMER
459,home,0.0,0.0,VIPV50_Wp700,SUMMER
459,work,0.0,0.0,VIPV50_Wp700,SUMMER
459,public,2.0,5.0,VIPV50_Wp700,SUMMER
460,home,30.0,75.0,VIPV50_Wp700,SUMMER
460,work,1.0,2.5,VIPV50_Wp700,SUMMER
460,public,22.0,55.0,VIPV50_Wp700,SUMMER
461,home,33.0,82.5,VIPV50_Wp700,SUMMER
461,work,1.0,2.5,VIPV50_Wp700,SUMMER
461,public,12.0,30.0,VIPV50_Wp700,SUMMER
462,home,20.0,50.0,VIPV50_Wp700,SUMMER
462,work,5.0,12.5,VIPV50_Wp700,SUMMER
462,public,7.0,17.5,VIPV50_Wp700,SUMMER
463,home,41.0,102.5,VIPV50_Wp700,SUMMER
463,work,0.0,0.0,VIPV50_Wp700,SUMMER
463,public,10.0,25.0,VIPV50_Wp700,SUMMER
464,home,11.0,27.5,VIPV50_Wp700,SUMMER
464,work,0.0,0.0,VIPV50_Wp700,SUMMER
464,public,4.0,10.0,VIPV50_Wp700,SUMMER
465,home,6.0,15.0,VIPV50_Wp700,SUMMER
465,work,2.0,5.0,VIPV50_Wp700,SUMMER
465,public,0.0,0.0,VIPV50_Wp700,SUMMER
466,home,0.0,0.0,VIPV50_Wp700,SUMMER
466,work,3.0,7.5,VIPV50_Wp700,SUMMER
466,public,3.0,7.5,VIPV50_Wp700,SUMMER
467,home,0.0,0.0,VIPV50_Wp700,SUMMER
467,work,2.0,5.0,VIPV50_Wp700,SUMMER
467,public,0.0,0.0,VIPV50_Wp700,SUMMER
468,home,39.0,97.5,VIPV50_Wp700,SUMMER
468,work,0.0,0.0,VIPV50_Wp700,SUMMER
468,public,39.0,97.5,VIPV50_Wp700,SUMMER
469,home,44.0,110.0,VIPV50_Wp700,SUMMER
469,work,3.0,7.5,VIPV50_Wp700,SUMMER
469,public,15.0,37.5,VIPV50_Wp700,SUMMER
470,home,53.0,132.5,VIPV50_Wp700,SUMMER
470,work,3.0,7.5,VIPV50_Wp700,SUMMER
470,public,50.0,125.0,VIPV50_Wp700,SUMMER
471,home,2.0,5.0,VIPV50_Wp700,SUMMER
471,work,3.0,7.5,VIPV50_Wp700,SUMMER
471,public,0.0,0.0,VIPV50_Wp700,SUMMER
472,home,3.0,7.5,VIPV50_Wp700,SUMMER
472,work,0.0,0.0,VIPV50_Wp700,SUMMER
472,public,0.0,0.0,VIPV50_Wp700,SUMMER
473,home,0.0,0.0,VIPV50_Wp700,SUMMER
473,work,0.0,0.0,VIPV50_Wp700,SUMMER
473,public,2.0,5.0,VIPV50_Wp700,SUMMER
474,home,5.0,12.5,VIPV50_Wp700,SUMMER
474,work,0.0,0.0,VIPV50_Wp700,SUMMER
474,public,1.0,2.5,VIPV50_Wp700,SUMMER
475,home,11.0,27.5,VIPV50_Wp700,SUMMER
475,work,0.0,0.0,VIPV50_Wp700,SUMMER
475,public,10.0,25.0,VIPV50_Wp700,SUMMER
476,home,13.0,32.5,VIPV50_Wp700,SUMMER
476,work,1.0,2.5,VIPV50_Wp700,SUMMER
476,public,0.0,0.0,VIPV50_Wp700,SUMMER
477,home,2.0,5.0,VIPV50_Wp700,SUMMER
477,work,0.0,0.0,VIPV50_Wp700,SUMMER
477,public,0.0,0.0,VIPV50_Wp700,SUMMER
478,home,1.0,2.5,VIPV50_Wp700,SUMMER
478,work,0.0,0.0,VIPV50_Wp700,SUMMER
478,public,0.0,0.0,VIPV50_Wp700,SUMMER
479,home,17.0,42.5,VIPV50_Wp700,SUMMER
479,work,0.0,0.0,VIPV50_Wp700,SUMMER
479,public,2.0,5.0,VIPV50_Wp700,SUMMER
480,home,7.0,17.5,VIPV50_Wp700,SUMMER
480,work,1.0,2.5,VIPV50_Wp700,SUMMER
480,public,7.0,17.5,VIPV50_Wp700,SUMMER
481,home,7.0,17.5,VIPV50_Wp700,SUMMER
481,work,1.0,2.5,VIPV50_Wp700,SUMMER
481,public,0.0,0.0,VIPV50_Wp700,SUMMER
482,home,6.0,15.0,VIPV50_Wp700,SUMMER
482,work,1.0,2.5,VIPV50_Wp700,SUMMER
482,public,3.0,7.5,VIPV50_Wp700,SUMMER
483,home,0.0,0.0,VIPV50_Wp700,SUMMER
483,work,6.0,15.0,VIPV50_Wp700,SUMMER
483,public,4.0,10.0,VIPV50_Wp700,SUMMER
484,home,31.0,77.5,VIPV50_Wp700,SUMMER
484,work,0.0,0.0,VIPV50_Wp700,SUMMER
484,public,6.0,15.0,VIPV50_Wp700,SUMMER
485,home,12.0,30.0,VIPV50_Wp700,SUMMER
485,work,0.0,0.0,VIPV50_Wp700,SUMMER
485,public,3.0,7.5,VIPV50_Wp700,SUMMER
486,home,17.0,42.5,VIPV50_Wp700,SUMMER
486,work,0.0,0.0,VIPV50_Wp700,SUMMER
486,public,18.0,45.0,VIPV50_Wp700,SUMMER
487,home,3.0,7.5,VIPV50_Wp700,SUMMER
487,work,0.0,0.0,VIPV50_Wp700,SUMMER
487,public,0.0,0.0,VIPV50_Wp700,SUMMER
488,home,0.0,0.0,VIPV50_Wp700,SUMMER
488,work,0.0,0.0,VIPV50_Wp700,SUMMER
488,public,0.0,0.0,VIPV50_Wp700,SUMMER
489,home,0.0,0.0,VIPV50_Wp700,SUMMER
489,work,0.0,0.0,VIPV50_Wp700,SUMMER
489,public,1.0,2.5,VIPV50_Wp700,SUMMER
490,home,3.0,7.5,VIPV50_Wp700,SUMMER
490,work,0.0,0.0,VIPV50_Wp700,SUMMER
490,public,0.0,0.0,VIPV50_Wp700,SUMMER
491,home,4.0,10.0,VIPV50_Wp700,SUMMER
491,work,0.0,0.0,VIPV50_Wp700,SUMMER
491,public,0.0,0.0,VIPV50_Wp700,SUMMER
492,home,6.0,15.0,VIPV50_Wp700,SUMMER
492,work,0.0,0.0,VIPV50_Wp700,SUMMER
492,public,1.0,2.5,VIPV50_Wp700,SUMMER
493,home,2.0,5.0,VIPV50_Wp700,SUMMER
493,work,0.0,0.0,VIPV50_Wp700,SUMMER
493,public,1.0,2.5,VIPV50_Wp700,SUMMER
494,home,0.0,0.0,VIPV50_Wp700,SUMMER
494,work,0.0,0.0,VIPV50_Wp700,SUMMER
494,public,0.0,0.0,VIPV50_Wp700,SUMMER
495,home,0.0,0.0,VIPV50_Wp700,SUMMER
495,work,0.0,0.0,VIPV50_Wp700,SUMMER
495,public,1.0,2.5,VIPV50_Wp700,SUMMER
496,home,0.0,0.0,VIPV50_Wp700,SUMMER
496,work,0.0,0.0,VIPV50_Wp700,SUMMER
496,public,0.0,0.0,VIPV50_Wp700,SUMMER
497,home,0.0,0.0,VIPV50_Wp700,SUMMER
497,work,2.0,5.0,VIPV50_Wp700,SUMMER
497,public,0.0,0.0,VIPV50_Wp700,SUMMER
498,home,0.0,0.0,VIPV50_Wp700,SUMMER
498,work,4.0,10.0,VIPV50_Wp700,SUMMER
498,public,8.0,20.0,VIPV50_Wp700,SUMMER
499,home,24.0,60.0,VIPV50_Wp700,SUMMER
499,work,5.0,12.5,VIPV50_Wp700,SUMMER
499,public,22.0,55.0,VIPV50_Wp700,SUMMER
500,home,33.0,82.5,VIPV50_Wp700,SUMMER
500,work,4.0,10.0,VIPV50_Wp700,SUMMER
500,public,18.0,45.0,VIPV50_Wp700,SUMMER
501,home,5.0,12.5,VIPV50_Wp700,SUMMER
501,work,0.0,0.0,VIPV50_Wp700,SUMMER
501,public,3.0,7.5,VIPV50_Wp700,SUMMER
502,home,0.0,0.0,VIPV50_Wp700,SUMMER
502,work,1.0,2.5,VIPV50_Wp700,SUMMER
502,public,1.0,2.5,VIPV50_Wp700,SUMMER
503,home,0.0,0.0,VIPV50_Wp700,SUMMER
503,work,0.0,0.0,VIPV50_Wp700,SUMMER
503,public,1.0,2.5,VIPV50_Wp700,SUMMER
504,home,2.0,5.0,VIPV50_Wp700,SUMMER
504,work,0.0,0.0,VIPV50_Wp700,SUMMER
504,public,0.0,0.0,VIPV50_Wp700,SUMMER
505,home,6.0,15.0,VIPV50_Wp700,SUMMER
505,work,0.0,0.0,VIPV50_Wp700,SUMMER
505,public,7.0,17.5,VIPV50_Wp700,SUMMER
506,home,6.0,15.0,VIPV50_Wp700,SUMMER
506,work,1.0,2.5,VIPV50_Wp700,SUMMER
506,public,5.0,12.5,VIPV50_Wp700,SUMMER
507,home,0.0,0.0,VIPV50_Wp700,SUMMER
507,work,0.0,0.0,VIPV50_Wp700,SUMMER
507,public,2.0,5.0,VIPV50_Wp700,SUMMER
508,home,0.0,0.0,VIPV50_Wp700,SUMMER
508,work,0.0,0.0,VIPV50_Wp700,SUMMER
508,public,0.0,0.0,VIPV50_Wp700,SUMMER
509,home,2.0,5.0,VIPV50_Wp700,SUMMER
509,work,0.0,0.0,VIPV50_Wp700,SUMMER
509,public,3.0,7.5,VIPV50_Wp700,SUMMER
510,home,0.0,0.0,VIPV50_Wp700,SUMMER
510,work,0.0,0.0,VIPV50_Wp700,SUMMER
510,public,0.0,0.0,VIPV50_Wp700,SUMMER
511,home,6.0,15.0,VIPV50_Wp700,SUMMER
511,work,0.0,0.0,VIPV50_Wp700,SUMMER
511,public,0.0,0.0,VIPV50_Wp700,SUMMER
512,home,0.0,0.0,VIPV50_Wp700,SUMMER
512,work,5.0,12.5,VIPV50_Wp700,SUMMER
512,public,6.0,15.0,VIPV50_Wp700,SUMMER
513,home,0.0,0.0,VIPV50_Wp700,SUMMER
513,work,0.0,0.0,VIPV50_Wp700,SUMMER
513,public,1.0,2.5,VIPV50_Wp700,SUMMER
514,home,25.0,62.5,VIPV50_Wp700,SUMMER
514,work,3.0,7.5,VIPV50_Wp700,SUMMER
514,public,0.0,0.0,VIPV50_Wp700,SUMMER
515,home,61.0,152.5,VIPV50_Wp700,SUMMER
515,work,5.0,12.5,VIPV50_Wp700,SUMMER
515,public,21.0,52.5,VIPV50_Wp700,SUMMER
516,home,4.0,10.0,VIPV50_Wp700,SUMMER
516,work,0.0,0.0,VIPV50_Wp700,SUMMER
516,public,8.0,20.0,VIPV50_Wp700,SUMMER
517,home,5.0,12.5,VIPV50_Wp700,SUMMER
517,work,0.0,0.0,VIPV50_Wp700,SUMMER
517,public,0.0,0.0,VIPV50_Wp700,SUMMER
518,home,2.0,5.0,VIPV50_Wp700,SUMMER
518,work,1.0,2.5,VIPV50_Wp700,SUMMER
518,public,1.0,2.5,VIPV50_Wp700,SUMMER
519,home,5.0,12.5,VIPV50_Wp700,SUMMER
519,work,0.0,0.0,VIPV50_Wp700,SUMMER
519,public,4.0,10.0,VIPV50_Wp700,SUMMER
520,home,1.0,2.5,VIPV50_Wp700,SUMMER
520,work,0.0,0.0,VIPV50_Wp700,SUMMER
520,public,0.0,0.0,VIPV50_Wp700,SUMMER
521,home,7.0,17.5,VIPV50_Wp700,SUMMER
521,work,0.0,0.0,VIPV50_Wp700,SUMMER
521,public,0.0,0.0,VIPV50_Wp700,SUMMER
522,home,5.0,12.5,VIPV50_Wp700,SUMMER
522,work,0.0,0.0,VIPV50_Wp700,SUMMER
522,public,4.0,10.0,VIPV50_Wp700,SUMMER
523,home,2.0,5.0,VIPV50_Wp700,SUMMER
523,work,0.0,0.0,VIPV50_Wp700,SUMMER
523,public,0.0,0.0,VIPV50_Wp700,SUMMER
524,home,0.0,0.0,VIPV50_Wp700,SUMMER
524,work,2.0,5.0,VIPV50_Wp700,SUMMER
524,public,0.0,0.0,VIPV50_Wp700,SUMMER
525,home,1.0,2.5,VIPV50_Wp700,SUMMER
525,work,0.0,0.0,VIPV50_Wp700,SUMMER
525,public,0.0,0.0,VIPV50_Wp700,SUMMER
526,home,0.0,0.0,VIPV50_Wp700,SUMMER
526,work,0.0,0.0,VIPV50_Wp700,SUMMER
526,public,0.0,0.0,VIPV50_Wp700,SUMMER
527,home,2.0,5.0,VIPV50_Wp700,SUMMER
527,work,0.0,0.0,VIPV50_Wp700,SUMMER
527,public,3.0,7.5,VIPV50_Wp700,SUMMER
528,home,0.0,0.0,VIPV50_Wp700,SUMMER
528,work,0.0,0.0,VIPV50_Wp700,SUMMER
528,public,3.0,7.5,VIPV50_Wp700,SUMMER
529,home,2.0,5.0,VIPV50_Wp700,SUMMER
529,work,0.0,0.0,VIPV50_Wp700,SUMMER
529,public,0.0,0.0,VIPV50_Wp700,SUMMER
530,home,6.0,15.0,VIPV50_Wp700,SUMMER
530,work,4.0,10.0,VIPV50_Wp700,SUMMER
530,public,3.0,7.5,VIPV50_Wp700,SUMMER
531,home,0.0,0.0,VIPV50_Wp700,SUMMER
531,work,0.0,0.0,VIPV50_Wp700,SUMMER
531,public,0.0,0.0,VIPV50_Wp700,SUMMER
532,home,2.0,5.0,VIPV50_Wp700,SUMMER
532,work,0.0,0.0,VIPV50_Wp700,SUMMER
532,public,0.0,0.0,VIPV50_Wp700,SUMMER
533,home,15.0,37.5,VIPV50_Wp700,SUMMER
533,work,0.0,0.0,VIPV50_Wp700,SUMMER
533,public,6.0,15.0,VIPV50_Wp700,SUMMER
534,home,9.0,22.5,VIPV50_Wp700,SUMMER
534,work,0.0,0.0,VIPV50_Wp700,SUMMER
534,public,1.0,2.5,VIPV50_Wp700,SUMMER
535,home,0.0,0.0,VIPV50_Wp700,SUMMER
535,work,0.0,0.0,VIPV50_Wp700,SUMMER
535,public,2.0,5.0,VIPV50_Wp700,SUMMER
536,home,3.0,7.5,VIPV50_Wp700,SUMMER
536,work,0.0,0.0,VIPV50_Wp700,SUMMER
536,public,3.0,7.5,VIPV50_Wp700,SUMMER
537,home,10.0,25.0,VIPV50_Wp700,SUMMER
537,work,0.0,0.0,VIPV50_Wp700,SUMMER
537,public,2.0,5.0,VIPV50_Wp700,SUMMER
538,home,7.0,17.5,VIPV50_Wp700,SUMMER
538,work,0.0,0.0,VIPV50_Wp700,SUMMER
538,public,0.0,0.0,VIPV50_Wp700,SUMMER
539,home,17.0,42.5,VIPV50_Wp700,SUMMER
539,work,1.0,2.5,VIPV50_Wp700,SUMMER
539,public,1.0,2.5,VIPV50_Wp700,SUMMER
540,home,11.0,27.5,VIPV50_Wp700,SUMMER
540,work,0.0,0.0,VIPV50_Wp700,SUMMER
540,public,7.0,17.5,VIPV50_Wp700,SUMMER
541,home,1.0,2.5,VIPV50_Wp700,SUMMER
541,work,0.0,0.0,VIPV50_Wp700,SUMMER
541,public,3.0,7.5,VIPV50_Wp700,SUMMER
542,home,0.0,0.0,VIPV50_Wp700,SUMMER
542,work,2.0,5.0,VIPV50_Wp700,SUMMER
542,public,1.0,2.5,VIPV50_Wp700,SUMMER
543,home,2.0,5.0,VIPV50_Wp700,SUMMER
543,work,0.0,0.0,VIPV50_Wp700,SUMMER
543,public,1.0,2.5,VIPV50_Wp700,SUMMER
544,home,2.0,5.0,VIPV50_Wp700,SUMMER
544,work,0.0,0.0,VIPV50_Wp700,SUMMER
544,public,0.0,0.0,VIPV50_Wp700,SUMMER
545,home,0.0,0.0,VIPV50_Wp700,SUMMER
545,work,0.0,0.0,VIPV50_Wp700,SUMMER
545,public,0.0,0.0,VIPV50_Wp700,SUMMER
546,home,0.0,0.0,VIPV50_Wp700,SUMMER
546,work,0.0,0.0,VIPV50_Wp700,SUMMER
546,public,2.0,5.0,VIPV50_Wp700,SUMMER
547,home,0.0,0.0,VIPV50_Wp700,SUMMER
547,work,0.0,0.0,VIPV50_Wp700,SUMMER
547,public,0.0,0.0,VIPV50_Wp700,SUMMER
548,home,13.0,32.5,VIPV50_Wp700,SUMMER
548,work,0.0,0.0,VIPV50_Wp700,SUMMER
548,public,16.0,40.0,VIPV50_Wp700,SUMMER
549,home,79.0,197.5,VIPV50_Wp700,SUMMER
549,work,5.0,12.5,VIPV50_Wp700,SUMMER
549,public,28.0,70.0,VIPV50_Wp700,SUMMER
550,home,1.0,2.5,VIPV50_Wp700,SUMMER
550,work,2.0,5.0,VIPV50_Wp700,SUMMER
550,public,5.0,12.5,VIPV50_Wp700,SUMMER
551,home,5.0,12.5,VIPV50_Wp700,SUMMER
551,work,0.0,0.0,VIPV50_Wp700,SUMMER
551,public,1.0,2.5,VIPV50_Wp700,SUMMER
552,home,0.0,0.0,VIPV50_Wp700,SUMMER
552,work,1.0,2.5,VIPV50_Wp700,SUMMER
552,public,7.0,17.5,VIPV50_Wp700,SUMMER
553,home,7.0,17.5,VIPV50_Wp700,SUMMER
553,work,7.0,17.5,VIPV50_Wp700,SUMMER
553,public,7.0,17.5,VIPV50_Wp700,SUMMER
554,home,0.0,0.0,VIPV50_Wp700,SUMMER
554,work,0.0,0.0,VIPV50_Wp700,SUMMER
554,public,0.0,0.0,VIPV50_Wp700,SUMMER
555,home,4.0,10.0,VIPV50_Wp700,SUMMER
555,work,0.0,0.0,VIPV50_Wp700,SUMMER
555,public,7.0,17.5,VIPV50_Wp700,SUMMER
556,home,2.0,5.0,VIPV50_Wp700,SUMMER
556,work,0.0,0.0,VIPV50_Wp700,SUMMER
556,public,1.0,2.5,VIPV50_Wp700,SUMMER
557,home,16.0,40.0,VIPV50_Wp700,SUMMER
557,work,0.0,0.0,VIPV50_Wp700,SUMMER
557,public,5.0,12.5,VIPV50_Wp700,SUMMER
558,home,29.0,72.5,VIPV50_Wp700,SUMMER
558,work,3.0,7.5,VIPV50_Wp700,SUMMER
558,public,2.0,5.0,VIPV50_Wp700,SUMMER
559,home,0.0,0.0,VIPV50_Wp700,SUMMER
559,work,0.0,0.0,VIPV50_Wp700,SUMMER
559,public,0.0,0.0,VIPV50_Wp700,SUMMER
560,home,0.0,0.0,VIPV50_Wp700,SUMMER
560,work,0.0,0.0,VIPV50_Wp700,SUMMER
560,public,2.0,5.0,VIPV50_Wp700,SUMMER
561,home,2.0,5.0,VIPV50_Wp700,SUMMER
561,work,0.0,0.0,VIPV50_Wp700,SUMMER
561,public,0.0,0.0,VIPV50_Wp700,SUMMER
562,home,3.0,7.5,VIPV50_Wp700,SUMMER
562,work,0.0,0.0,VIPV50_Wp700,SUMMER
562,public,0.0,0.0,VIPV50_Wp700,SUMMER
563,home,35.0,87.5,VIPV50_Wp700,SUMMER
563,work,2.0,5.0,VIPV50_Wp700,SUMMER
563,public,0.0,0.0,VIPV50_Wp700,SUMMER
564,home,6.0,15.0,VIPV50_Wp700,SUMMER
564,work,0.0,0.0,VIPV50_Wp700,SUMMER
564,public,0.0,0.0,VIPV50_Wp700,SUMMER
565,home,8.0,20.0,VIPV50_Wp700,SUMMER
565,work,0.0,0.0,VIPV50_Wp700,SUMMER
565,public,2.0,5.0,VIPV50_Wp700,SUMMER
566,home,22.0,55.0,VIPV50_Wp700,SUMMER
566,work,1.0,2.5,VIPV50_Wp700,SUMMER
566,public,9.0,22.5,VIPV50_Wp700,SUMMER
567,home,9.0,22.5,VIPV50_Wp700,SUMMER
567,work,0.0,0.0,VIPV50_Wp700,SUMMER
567,public,18.0,45.0,VIPV50_Wp700,SUMMER
568,home,18.0,45.0,VIPV50_Wp700,SUMMER
568,work,2.0,5.0,VIPV50_Wp700,SUMMER
568,public,13.0,32.5,VIPV50_Wp700,SUMMER
569,home,70.0,175.0,VIPV50_Wp700,SUMMER
569,work,1.0,2.5,VIPV50_Wp700,SUMMER
569,public,12.0,30.0,VIPV50_Wp700,SUMMER
570,home,31.0,77.5,VIPV50_Wp700,SUMMER
570,work,0.0,0.0,VIPV50_Wp700,SUMMER
570,public,7.0,17.5,VIPV50_Wp700,SUMMER
571,home,15.0,37.5,VIPV50_Wp700,SUMMER
571,work,1.0,2.5,VIPV50_Wp700,SUMMER
571,public,9.0,22.5,VIPV50_Wp700,SUMMER
572,home,6.0,15.0,VIPV50_Wp700,SUMMER
572,work,0.0,0.0,VIPV50_Wp700,SUMMER
572,public,0.0,0.0,VIPV50_Wp700,SUMMER
573,home,0.0,0.0,VIPV50_Wp700,SUMMER
573,work,0.0,0.0,VIPV50_Wp700,SUMMER
573,public,0.0,0.0,VIPV50_Wp700,SUMMER
574,home,43.0,107.5,VIPV50_Wp700,SUMMER
574,work,0.0,0.0,VIPV50_Wp700,SUMMER
574,public,9.0,22.5,VIPV50_Wp700,SUMMER
575,home,34.0,85.0,VIPV50_Wp700,SUMMER
575,work,0.0,0.0,VIPV50_Wp700,SUMMER
575,public,2.0,5.0,VIPV50_Wp700,SUMMER
576,home,3.0,7.5,VIPV50_Wp700,SUMMER
576,work,0.0,0.0,VIPV50_Wp700,SUMMER
576,public,0.0,0.0,VIPV50_Wp700,SUMMER
577,home,59.0,147.5,VIPV50_Wp700,SUMMER
577,work,3.0,7.5,VIPV50_Wp700,SUMMER
577,public,33.0,82.5,VIPV50_Wp700,SUMMER
578,home,31.0,77.5,VIPV50_Wp700,SUMMER
578,work,4.0,10.0,VIPV50_Wp700,SUMMER
578,public,14.0,35.0,VIPV50_Wp700,SUMMER
579,home,10.0,25.0,VIPV50_Wp700,SUMMER
579,work,0.0,0.0,VIPV50_Wp700,SUMMER
579,public,19.0,47.5,VIPV50_Wp700,SUMMER
580,home,35.0,87.5,VIPV50_Wp700,SUMMER
580,work,0.0,0.0,VIPV50_Wp700,SUMMER
580,public,3.0,7.5,VIPV50_Wp700,SUMMER
581,home,1.0,2.5,VIPV50_Wp700,SUMMER
581,work,0.0,0.0,VIPV50_Wp700,SUMMER
581,public,0.0,0.0,VIPV50_Wp700,SUMMER
582,home,0.0,0.0,VIPV50_Wp700,SUMMER
582,work,0.0,0.0,VIPV50_Wp700,SUMMER
582,public,0.0,0.0,VIPV50_Wp700,SUMMER
583,home,20.0,50.0,VIPV50_Wp700,SUMMER
583,work,0.0,0.0,VIPV50_Wp700,SUMMER
583,public,0.0,0.0,VIPV50_Wp700,SUMMER
584,home,24.0,60.0,VIPV50_Wp700,SUMMER
584,work,1.0,2.5,VIPV50_Wp700,SUMMER
584,public,11.0,27.5,VIPV50_Wp700,SUMMER
585,home,22.0,55.0,VIPV50_Wp700,SUMMER
585,work,0.0,0.0,VIPV50_Wp700,SUMMER
585,public,0.0,0.0,VIPV50_Wp700,SUMMER
586,home,52.0,130.0,VIPV50_Wp700,SUMMER
586,work,1.0,2.5,VIPV50_Wp700,SUMMER
586,public,34.0,85.0,VIPV50_Wp700,SUMMER
0,home,20.0,50.0,VIPV50_Wp700,AUTUMN
0,work,0.0,0.0,VIPV50_Wp700,AUTUMN
0,public,0.0,0.0,VIPV50_Wp700,AUTUMN
1,home,36.0,90.0,VIPV50_Wp700,AUTUMN
1,work,3.0,7.5,VIPV50_Wp700,AUTUMN
1,public,0.0,0.0,VIPV50_Wp700,AUTUMN
2,home,11.0,27.5,VIPV50_Wp700,AUTUMN
2,work,0.0,0.0,VIPV50_Wp700,AUTUMN
2,public,0.0,0.0,VIPV50_Wp700,AUTUMN
3,home,10.0,25.0,VIPV50_Wp700,AUTUMN
3,work,3.0,7.5,VIPV50_Wp700,AUTUMN
3,public,0.0,0.0,VIPV50_Wp700,AUTUMN
4,home,0.0,0.0,VIPV50_Wp700,AUTUMN
4,work,0.0,0.0,VIPV50_Wp700,AUTUMN
4,public,0.0,0.0,VIPV50_Wp700,AUTUMN
5,home,17.0,42.5,VIPV50_Wp700,AUTUMN
5,work,2.0,5.0,VIPV50_Wp700,AUTUMN
5,public,0.0,0.0,VIPV50_Wp700,AUTUMN
6,home,18.0,45.0,VIPV50_Wp700,AUTUMN
6,work,1.0,2.5,VIPV50_Wp700,AUTUMN
6,public,0.0,0.0,VIPV50_Wp700,AUTUMN
7,home,19.0,47.5,VIPV50_Wp700,AUTUMN
7,work,0.0,0.0,VIPV50_Wp700,AUTUMN
7,public,0.0,0.0,VIPV50_Wp700,AUTUMN
8,home,2.0,5.0,VIPV50_Wp700,AUTUMN
8,work,0.0,0.0,VIPV50_Wp700,AUTUMN
8,public,0.0,0.0,VIPV50_Wp700,AUTUMN
9,home,2.0,5.0,VIPV50_Wp700,AUTUMN
9,work,0.0,0.0,VIPV50_Wp700,AUTUMN
9,public,0.0,0.0,VIPV50_Wp700,AUTUMN
10,home,32.0,80.0,VIPV50_Wp700,AUTUMN
10,work,0.0,0.0,VIPV50_Wp700,AUTUMN
10,public,0.0,0.0,VIPV50_Wp700,AUTUMN
11,home,24.0,60.0,VIPV50_Wp700,AUTUMN
11,work,1.0,2.5,VIPV50_Wp700,AUTUMN
11,public,0.0,0.0,VIPV50_Wp700,AUTUMN
12,home,15.0,37.5,VIPV50_Wp700,AUTUMN
12,work,3.0,7.5,VIPV50_Wp700,AUTUMN
12,public,0.0,0.0,VIPV50_Wp700,AUTUMN
13,home,1.0,2.5,VIPV50_Wp700,AUTUMN
13,work,2.0,5.0,VIPV50_Wp700,AUTUMN
13,public,0.0,0.0,VIPV50_Wp700,AUTUMN
14,home,2.0,5.0,VIPV50_Wp700,AUTUMN
14,work,0.0,0.0,VIPV50_Wp700,AUTUMN
14,public,0.0,0.0,VIPV50_Wp700,AUTUMN
15,home,2.0,5.0,VIPV50_Wp700,AUTUMN
15,work,2.0,5.0,VIPV50_Wp700,AUTUMN
15,public,0.0,0.0,VIPV50_Wp700,AUTUMN
16,home,1.0,2.5,VIPV50_Wp700,AUTUMN
16,work,0.0,0.0,VIPV50_Wp700,AUTUMN
16,public,0.0,0.0,VIPV50_Wp700,AUTUMN
17,home,14.0,35.0,VIPV50_Wp700,AUTUMN
17,work,0.0,0.0,VIPV50_Wp700,AUTUMN
17,public,0.0,0.0,VIPV50_Wp700,AUTUMN
18,home,15.0,37.5,VIPV50_Wp700,AUTUMN
18,work,1.0,2.5,VIPV50_Wp700,AUTUMN
18,public,0.0,0.0,VIPV50_Wp700,AUTUMN
19,home,7.0,17.5,VIPV50_Wp700,AUTUMN
19,work,3.0,7.5,VIPV50_Wp700,AUTUMN
19,public,0.0,0.0,VIPV50_Wp700,AUTUMN
20,home,26.0,65.0,VIPV50_Wp700,AUTUMN
20,work,5.0,12.5,VIPV50_Wp700,AUTUMN
20,public,0.0,0.0,VIPV50_Wp700,AUTUMN
21,home,6.0,15.0,VIPV50_Wp700,AUTUMN
21,work,1.0,2.5,VIPV50_Wp700,AUTUMN
21,public,0.0,0.0,VIPV50_Wp700,AUTUMN
22,home,6.0,15.0,VIPV50_Wp700,AUTUMN
22,work,0.0,0.0,VIPV50_Wp700,AUTUMN
22,public,0.0,0.0,VIPV50_Wp700,AUTUMN
23,home,4.0,10.0,VIPV50_Wp700,AUTUMN
23,work,0.0,0.0,VIPV50_Wp700,AUTUMN
23,public,5.0,12.5,VIPV50_Wp700,AUTUMN
24,home,8.0,20.0,VIPV50_Wp700,AUTUMN
24,work,0.0,0.0,VIPV50_Wp700,AUTUMN
24,public,0.0,0.0,VIPV50_Wp700,AUTUMN
25,home,7.0,17.5,VIPV50_Wp700,AUTUMN
25,work,0.0,0.0,VIPV50_Wp700,AUTUMN
25,public,3.0,7.5,VIPV50_Wp700,AUTUMN
26,home,7.0,17.5,VIPV50_Wp700,AUTUMN
26,work,0.0,0.0,VIPV50_Wp700,AUTUMN
26,public,4.0,10.0,VIPV50_Wp700,AUTUMN
27,home,2.0,5.0,VIPV50_Wp700,AUTUMN
27,work,0.0,0.0,VIPV50_Wp700,AUTUMN
27,public,4.0,10.0,VIPV50_Wp700,AUTUMN
28,home,33.0,82.5,VIPV50_Wp700,AUTUMN
28,work,0.0,0.0,VIPV50_Wp700,AUTUMN
28,public,6.0,15.0,VIPV50_Wp700,AUTUMN
29,home,0.0,0.0,VIPV50_Wp700,AUTUMN
29,work,0.0,0.0,VIPV50_Wp700,AUTUMN
29,public,1.0,2.5,VIPV50_Wp700,AUTUMN
30,home,9.0,22.5,VIPV50_Wp700,AUTUMN
30,work,0.0,0.0,VIPV50_Wp700,AUTUMN
30,public,4.0,10.0,VIPV50_Wp700,AUTUMN
31,home,3.0,7.5,VIPV50_Wp700,AUTUMN
31,work,2.0,5.0,VIPV50_Wp700,AUTUMN
31,public,0.0,0.0,VIPV50_Wp700,AUTUMN
32,home,3.0,7.5,VIPV50_Wp700,AUTUMN
32,work,0.0,0.0,VIPV50_Wp700,AUTUMN
32,public,0.0,0.0,VIPV50_Wp700,AUTUMN
33,home,8.0,20.0,VIPV50_Wp700,AUTUMN
33,work,0.0,0.0,VIPV50_Wp700,AUTUMN
33,public,0.0,0.0,VIPV50_Wp700,AUTUMN
34,home,0.0,0.0,VIPV50_Wp700,AUTUMN
34,work,0.0,0.0,VIPV50_Wp700,AUTUMN
34,public,1.0,2.5,VIPV50_Wp700,AUTUMN
35,home,3.0,7.5,VIPV50_Wp700,AUTUMN
35,work,0.0,0.0,VIPV50_Wp700,AUTUMN
35,public,0.0,0.0,VIPV50_Wp700,AUTUMN
36,home,10.0,25.0,VIPV50_Wp700,AUTUMN
36,work,1.0,2.5,VIPV50_Wp700,AUTUMN
36,public,6.0,15.0,VIPV50_Wp700,AUTUMN
37,home,2.0,5.0,VIPV50_Wp700,AUTUMN
37,work,0.0,0.0,VIPV50_Wp700,AUTUMN
37,public,1.0,2.5,VIPV50_Wp700,AUTUMN
38,home,0.0,0.0,VIPV50_Wp700,AUTUMN
38,work,0.0,0.0,VIPV50_Wp700,AUTUMN
38,public,10.0,25.0,VIPV50_Wp700,AUTUMN
39,home,28.0,70.0,VIPV50_Wp700,AUTUMN
39,work,2.0,5.0,VIPV50_Wp700,AUTUMN
39,public,7.0,17.5,VIPV50_Wp700,AUTUMN
40,home,23.0,57.5,VIPV50_Wp700,AUTUMN
40,work,0.0,0.0,VIPV50_Wp700,AUTUMN
40,public,3.0,7.5,VIPV50_Wp700,AUTUMN
41,home,4.0,10.0,VIPV50_Wp700,AUTUMN
41,work,0.0,0.0,VIPV50_Wp700,AUTUMN
41,public,0.0,0.0,VIPV50_Wp700,AUTUMN
42,home,5.0,12.5,VIPV50_Wp700,AUTUMN
42,work,1.0,2.5,VIPV50_Wp700,AUTUMN
42,public,5.0,12.5,VIPV50_Wp700,AUTUMN
43,home,24.0,60.0,VIPV50_Wp700,AUTUMN
43,work,2.0,5.0,VIPV50_Wp700,AUTUMN
43,public,15.0,37.5,VIPV50_Wp700,AUTUMN
44,home,4.0,10.0,VIPV50_Wp700,AUTUMN
44,work,0.0,0.0,VIPV50_Wp700,AUTUMN
44,public,0.0,0.0,VIPV50_Wp700,AUTUMN
45,home,11.0,27.5,VIPV50_Wp700,AUTUMN
45,work,0.0,0.0,VIPV50_Wp700,AUTUMN
45,public,4.0,10.0,VIPV50_Wp700,AUTUMN
46,home,4.0,10.0,VIPV50_Wp700,AUTUMN
46,work,1.0,2.5,VIPV50_Wp700,AUTUMN
46,public,10.0,25.0,VIPV50_Wp700,AUTUMN
47,home,3.0,7.5,VIPV50_Wp700,AUTUMN
47,work,0.0,0.0,VIPV50_Wp700,AUTUMN
47,public,0.0,0.0,VIPV50_Wp700,AUTUMN
48,home,1.0,2.5,VIPV50_Wp700,AUTUMN
48,work,0.0,0.0,VIPV50_Wp700,AUTUMN
48,public,0.0,0.0,VIPV50_Wp700,AUTUMN
49,home,0.0,0.0,VIPV50_Wp700,AUTUMN
49,work,0.0,0.0,VIPV50_Wp700,AUTUMN
49,public,0.0,0.0,VIPV50_Wp700,AUTUMN
50,home,2.0,5.0,VIPV50_Wp700,AUTUMN
50,work,0.0,0.0,VIPV50_Wp700,AUTUMN
50,public,0.0,0.0,VIPV50_Wp700,AUTUMN
51,home,0.0,0.0,VIPV50_Wp700,AUTUMN
51,work,0.0,0.0,VIPV50_Wp700,AUTUMN
51,public,0.0,0.0,VIPV50_Wp700,AUTUMN
52,home,6.0,15.0,VIPV50_Wp700,AUTUMN
52,work,0.0,0.0,VIPV50_Wp700,AUTUMN
52,public,1.0,2.5,VIPV50_Wp700,AUTUMN
53,home,84.0,210.0,VIPV50_Wp700,AUTUMN
53,work,0.0,0.0,VIPV50_Wp700,AUTUMN
53,public,13.0,32.5,VIPV50_Wp700,AUTUMN
54,home,3.0,7.5,VIPV50_Wp700,AUTUMN
54,work,0.0,0.0,VIPV50_Wp700,AUTUMN
54,public,5.0,12.5,VIPV50_Wp700,AUTUMN
55,home,1.0,2.5,VIPV50_Wp700,AUTUMN
55,work,0.0,0.0,VIPV50_Wp700,AUTUMN
55,public,0.0,0.0,VIPV50_Wp700,AUTUMN
56,home,38.0,95.0,VIPV50_Wp700,AUTUMN
56,work,2.0,5.0,VIPV50_Wp700,AUTUMN
56,public,12.0,30.0,VIPV50_Wp700,AUTUMN
57,home,38.0,95.0,VIPV50_Wp700,AUTUMN
57,work,0.0,0.0,VIPV50_Wp700,AUTUMN
57,public,9.0,22.5,VIPV50_Wp700,AUTUMN
58,home,13.0,32.5,VIPV50_Wp700,AUTUMN
58,work,0.0,0.0,VIPV50_Wp700,AUTUMN
58,public,2.0,5.0,VIPV50_Wp700,AUTUMN
59,home,7.0,17.5,VIPV50_Wp700,AUTUMN
59,work,0.0,0.0,VIPV50_Wp700,AUTUMN
59,public,6.0,15.0,VIPV50_Wp700,AUTUMN
60,home,23.0,57.5,VIPV50_Wp700,AUTUMN
60,work,0.0,0.0,VIPV50_Wp700,AUTUMN
60,public,0.0,0.0,VIPV50_Wp700,AUTUMN
61,home,2.0,5.0,VIPV50_Wp700,AUTUMN
61,work,0.0,0.0,VIPV50_Wp700,AUTUMN
61,public,3.0,7.5,VIPV50_Wp700,AUTUMN
62,home,7.0,17.5,VIPV50_Wp700,AUTUMN
62,work,0.0,0.0,VIPV50_Wp700,AUTUMN
62,public,0.0,0.0,VIPV50_Wp700,AUTUMN
63,home,2.0,5.0,VIPV50_Wp700,AUTUMN
63,work,0.0,0.0,VIPV50_Wp700,AUTUMN
63,public,0.0,0.0,VIPV50_Wp700,AUTUMN
64,home,0.0,0.0,VIPV50_Wp700,AUTUMN
64,work,0.0,0.0,VIPV50_Wp700,AUTUMN
64,public,5.0,12.5,VIPV50_Wp700,AUTUMN
65,home,5.0,12.5,VIPV50_Wp700,AUTUMN
65,work,0.0,0.0,VIPV50_Wp700,AUTUMN
65,public,0.0,0.0,VIPV50_Wp700,AUTUMN
66,home,0.0,0.0,VIPV50_Wp700,AUTUMN
66,work,0.0,0.0,VIPV50_Wp700,AUTUMN
66,public,0.0,0.0,VIPV50_Wp700,AUTUMN
67,home,9.0,22.5,VIPV50_Wp700,AUTUMN
67,work,1.0,2.5,VIPV50_Wp700,AUTUMN
67,public,1.0,2.5,VIPV50_Wp700,AUTUMN
68,home,17.0,42.5,VIPV50_Wp700,AUTUMN
68,work,0.0,0.0,VIPV50_Wp700,AUTUMN
68,public,13.0,32.5,VIPV50_Wp700,AUTUMN
69,home,10.0,25.0,VIPV50_Wp700,AUTUMN
69,work,3.0,7.5,VIPV50_Wp700,AUTUMN
69,public,5.0,12.5,VIPV50_Wp700,AUTUMN
70,home,30.0,75.0,VIPV50_Wp700,AUTUMN
70,work,2.0,5.0,VIPV50_Wp700,AUTUMN
70,public,15.0,37.5,VIPV50_Wp700,AUTUMN
71,home,21.0,52.5,VIPV50_Wp700,AUTUMN
71,work,4.0,10.0,VIPV50_Wp700,AUTUMN
71,public,4.0,10.0,VIPV50_Wp700,AUTUMN
72,home,8.0,20.0,VIPV50_Wp700,AUTUMN
72,work,17.0,42.5,VIPV50_Wp700,AUTUMN
72,public,3.0,7.5,VIPV50_Wp700,AUTUMN
73,home,0.0,0.0,VIPV50_Wp700,AUTUMN
73,work,1.0,2.5,VIPV50_Wp700,AUTUMN
73,public,0.0,0.0,VIPV50_Wp700,AUTUMN
74,home,0.0,0.0,VIPV50_Wp700,AUTUMN
74,work,13.0,32.5,VIPV50_Wp700,AUTUMN
74,public,5.0,12.5,VIPV50_Wp700,AUTUMN
75,home,0.0,0.0,VIPV50_Wp700,AUTUMN
75,work,21.0,52.5,VIPV50_Wp700,AUTUMN
75,public,2.0,5.0,VIPV50_Wp700,AUTUMN
76,home,16.0,40.0,VIPV50_Wp700,AUTUMN
76,work,12.0,30.0,VIPV50_Wp700,AUTUMN
76,public,6.0,15.0,VIPV50_Wp700,AUTUMN
77,home,8.0,20.0,VIPV50_Wp700,AUTUMN
77,work,0.0,0.0,VIPV50_Wp700,AUTUMN
77,public,0.0,0.0,VIPV50_Wp700,AUTUMN
78,home,3.0,7.5,VIPV50_Wp700,AUTUMN
78,work,0.0,0.0,VIPV50_Wp700,AUTUMN
78,public,6.0,15.0,VIPV50_Wp700,AUTUMN
79,home,0.0,0.0,VIPV50_Wp700,AUTUMN
79,work,0.0,0.0,VIPV50_Wp700,AUTUMN
79,public,1.0,2.5,VIPV50_Wp700,AUTUMN
80,home,2.0,5.0,VIPV50_Wp700,AUTUMN
80,work,3.0,7.5,VIPV50_Wp700,AUTUMN
80,public,5.0,12.5,VIPV50_Wp700,AUTUMN
81,home,5.0,12.5,VIPV50_Wp700,AUTUMN
81,work,0.0,0.0,VIPV50_Wp700,AUTUMN
81,public,0.0,0.0,VIPV50_Wp700,AUTUMN
82,home,1.0,2.5,VIPV50_Wp700,AUTUMN
82,work,0.0,0.0,VIPV50_Wp700,AUTUMN
82,public,2.0,5.0,VIPV50_Wp700,AUTUMN
83,home,0.0,0.0,VIPV50_Wp700,AUTUMN
83,work,1.0,2.5,VIPV50_Wp700,AUTUMN
83,public,1.0,2.5,VIPV50_Wp700,AUTUMN
84,home,40.0,100.0,VIPV50_Wp700,AUTUMN
84,work,2.0,5.0,VIPV50_Wp700,AUTUMN
84,public,7.0,17.5,VIPV50_Wp700,AUTUMN
85,home,43.0,107.5,VIPV50_Wp700,AUTUMN
85,work,3.0,7.5,VIPV50_Wp700,AUTUMN
85,public,23.0,57.5,VIPV50_Wp700,AUTUMN
86,home,51.0,127.5,VIPV50_Wp700,AUTUMN
86,work,0.0,0.0,VIPV50_Wp700,AUTUMN
86,public,29.0,72.5,VIPV50_Wp700,AUTUMN
87,home,17.0,42.5,VIPV50_Wp700,AUTUMN
87,work,0.0,0.0,VIPV50_Wp700,AUTUMN
87,public,6.0,15.0,VIPV50_Wp700,AUTUMN
88,home,17.0,42.5,VIPV50_Wp700,AUTUMN
88,work,1.0,2.5,VIPV50_Wp700,AUTUMN
88,public,16.0,40.0,VIPV50_Wp700,AUTUMN
89,home,0.0,0.0,VIPV50_Wp700,AUTUMN
89,work,21.0,52.5,VIPV50_Wp700,AUTUMN
89,public,14.0,35.0,VIPV50_Wp700,AUTUMN
90,home,0.0,0.0,VIPV50_Wp700,AUTUMN
90,work,0.0,0.0,VIPV50_Wp700,AUTUMN
90,public,6.0,15.0,VIPV50_Wp700,AUTUMN
91,home,0.0,0.0,VIPV50_Wp700,AUTUMN
91,work,4.0,10.0,VIPV50_Wp700,AUTUMN
91,public,7.0,17.5,VIPV50_Wp700,AUTUMN
92,home,0.0,0.0,VIPV50_Wp700,AUTUMN
92,work,9.0,22.5,VIPV50_Wp700,AUTUMN
92,public,6.0,15.0,VIPV50_Wp700,AUTUMN
93,home,28.0,70.0,VIPV50_Wp700,AUTUMN
93,work,4.0,10.0,VIPV50_Wp700,AUTUMN
93,public,23.0,57.5,VIPV50_Wp700,AUTUMN
94,home,2.0,5.0,VIPV50_Wp700,AUTUMN
94,work,14.0,35.0,VIPV50_Wp700,AUTUMN
94,public,12.0,30.0,VIPV50_Wp700,AUTUMN
95,home,16.0,40.0,VIPV50_Wp700,AUTUMN
95,work,2.0,5.0,VIPV50_Wp700,AUTUMN
95,public,16.0,40.0,VIPV50_Wp700,AUTUMN
96,home,12.0,30.0,VIPV50_Wp700,AUTUMN
96,work,0.0,0.0,VIPV50_Wp700,AUTUMN
96,public,8.0,20.0,VIPV50_Wp700,AUTUMN
97,home,23.0,57.5,VIPV50_Wp700,AUTUMN
97,work,2.0,5.0,VIPV50_Wp700,AUTUMN
97,public,4.0,10.0,VIPV50_Wp700,AUTUMN
98,home,6.0,15.0,VIPV50_Wp700,AUTUMN
98,work,0.0,0.0,VIPV50_Wp700,AUTUMN
98,public,4.0,10.0,VIPV50_Wp700,AUTUMN
99,home,26.0,65.0,VIPV50_Wp700,AUTUMN
99,work,2.0,5.0,VIPV50_Wp700,AUTUMN
99,public,3.0,7.5,VIPV50_Wp700,AUTUMN
100,home,35.0,87.5,VIPV50_Wp700,AUTUMN
100,work,0.0,0.0,VIPV50_Wp700,AUTUMN
100,public,25.0,62.5,VIPV50_Wp700,AUTUMN
101,home,18.0,45.0,VIPV50_Wp700,AUTUMN
101,work,1.0,2.5,VIPV50_Wp700,AUTUMN
101,public,0.0,0.0,VIPV50_Wp700,AUTUMN
102,home,11.0,27.5,VIPV50_Wp700,AUTUMN
102,work,0.0,0.0,VIPV50_Wp700,AUTUMN
102,public,0.0,0.0,VIPV50_Wp700,AUTUMN
103,home,6.0,15.0,VIPV50_Wp700,AUTUMN
103,work,0.0,0.0,VIPV50_Wp700,AUTUMN
103,public,1.0,2.5,VIPV50_Wp700,AUTUMN
104,home,3.0,7.5,VIPV50_Wp700,AUTUMN
104,work,0.0,0.0,VIPV50_Wp700,AUTUMN
104,public,0.0,0.0,VIPV50_Wp700,AUTUMN
105,home,8.0,20.0,VIPV50_Wp700,AUTUMN
105,work,0.0,0.0,VIPV50_Wp700,AUTUMN
105,public,2.0,5.0,VIPV50_Wp700,AUTUMN
106,home,3.0,7.5,VIPV50_Wp700,AUTUMN
106,work,0.0,0.0,VIPV50_Wp700,AUTUMN
106,public,0.0,0.0,VIPV50_Wp700,AUTUMN
107,home,20.0,50.0,VIPV50_Wp700,AUTUMN
107,work,4.0,10.0,VIPV50_Wp700,AUTUMN
107,public,13.0,32.5,VIPV50_Wp700,AUTUMN
108,home,24.0,60.0,VIPV50_Wp700,AUTUMN
108,work,1.0,2.5,VIPV50_Wp700,AUTUMN
108,public,11.0,27.5,VIPV50_Wp700,AUTUMN
109,home,16.0,40.0,VIPV50_Wp700,AUTUMN
109,work,0.0,0.0,VIPV50_Wp700,AUTUMN
109,public,8.0,20.0,VIPV50_Wp700,AUTUMN
110,home,46.0,115.0,VIPV50_Wp700,AUTUMN
110,work,6.0,15.0,VIPV50_Wp700,AUTUMN
110,public,36.0,90.0,VIPV50_Wp700,AUTUMN
111,home,12.0,30.0,VIPV50_Wp700,AUTUMN
111,work,7.0,17.5,VIPV50_Wp700,AUTUMN
111,public,37.0,92.5,VIPV50_Wp700,AUTUMN
112,home,34.0,85.0,VIPV50_Wp700,AUTUMN
112,work,4.0,10.0,VIPV50_Wp700,AUTUMN
112,public,13.0,32.5,VIPV50_Wp700,AUTUMN
113,home,0.0,0.0,VIPV50_Wp700,AUTUMN
113,work,17.0,42.5,VIPV50_Wp700,AUTUMN
113,public,18.0,45.0,VIPV50_Wp700,AUTUMN
114,home,4.0,10.0,VIPV50_Wp700,AUTUMN
114,work,21.0,52.5,VIPV50_Wp700,AUTUMN
114,public,8.0,20.0,VIPV50_Wp700,AUTUMN
115,home,34.0,85.0,VIPV50_Wp700,AUTUMN
115,work,3.0,7.5,VIPV50_Wp700,AUTUMN
115,public,21.0,52.5,VIPV50_Wp700,AUTUMN
116,home,0.0,0.0,VIPV50_Wp700,AUTUMN
116,work,5.0,12.5,VIPV50_Wp700,AUTUMN
116,public,1.0,2.5,VIPV50_Wp700,AUTUMN
117,home,20.0,50.0,VIPV50_Wp700,AUTUMN
117,work,4.0,10.0,VIPV50_Wp700,AUTUMN
117,public,13.0,32.5,VIPV50_Wp700,AUTUMN
118,home,23.0,57.5,VIPV50_Wp700,AUTUMN
118,work,5.0,12.5,VIPV50_Wp700,AUTUMN
118,public,44.0,110.0,VIPV50_Wp700,AUTUMN
119,home,22.0,55.0,VIPV50_Wp700,AUTUMN
119,work,6.0,15.0,VIPV50_Wp700,AUTUMN
119,public,9.0,22.5,VIPV50_Wp700,AUTUMN
120,home,24.0,60.0,VIPV50_Wp700,AUTUMN
120,work,1.0,2.5,VIPV50_Wp700,AUTUMN
120,public,5.0,12.5,VIPV50_Wp700,AUTUMN
121,home,7.0,17.5,VIPV50_Wp700,AUTUMN
121,work,0.0,0.0,VIPV50_Wp700,AUTUMN
121,public,0.0,0.0,VIPV50_Wp700,AUTUMN
122,home,3.0,7.5,VIPV50_Wp700,AUTUMN
122,work,0.0,0.0,VIPV50_Wp700,AUTUMN
122,public,0.0,0.0,VIPV50_Wp700,AUTUMN
123,home,20.0,50.0,VIPV50_Wp700,AUTUMN
123,work,1.0,2.5,VIPV50_Wp700,AUTUMN
123,public,8.0,20.0,VIPV50_Wp700,AUTUMN
124,home,27.0,67.5,VIPV50_Wp700,AUTUMN
124,work,0.0,0.0,VIPV50_Wp700,AUTUMN
124,public,9.0,22.5,VIPV50_Wp700,AUTUMN
125,home,29.0,72.5,VIPV50_Wp700,AUTUMN
125,work,1.0,2.5,VIPV50_Wp700,AUTUMN
125,public,20.0,50.0,VIPV50_Wp700,AUTUMN
126,home,43.0,107.5,VIPV50_Wp700,AUTUMN
126,work,0.0,0.0,VIPV50_Wp700,AUTUMN
126,public,22.0,55.0,VIPV50_Wp700,AUTUMN
127,home,41.0,102.5,VIPV50_Wp700,AUTUMN
127,work,0.0,0.0,VIPV50_Wp700,AUTUMN
127,public,17.0,42.5,VIPV50_Wp700,AUTUMN
128,home,12.0,30.0,VIPV50_Wp700,AUTUMN
128,work,1.0,2.5,VIPV50_Wp700,AUTUMN
128,public,0.0,0.0,VIPV50_Wp700,AUTUMN
129,home,2.0,5.0,VIPV50_Wp700,AUTUMN
129,work,0.0,0.0,VIPV50_Wp700,AUTUMN
129,public,1.0,2.5,VIPV50_Wp700,AUTUMN
130,home,0.0,0.0,VIPV50_Wp700,AUTUMN
130,work,0.0,0.0,VIPV50_Wp700,AUTUMN
130,public,0.0,0.0,VIPV50_Wp700,AUTUMN
131,home,0.0,0.0,VIPV50_Wp700,AUTUMN
131,work,0.0,0.0,VIPV50_Wp700,AUTUMN
131,public,3.0,7.5,VIPV50_Wp700,AUTUMN
132,home,15.0,37.5,VIPV50_Wp700,AUTUMN
132,work,1.0,2.5,VIPV50_Wp700,AUTUMN
132,public,0.0,0.0,VIPV50_Wp700,AUTUMN
133,home,29.0,72.5,VIPV50_Wp700,AUTUMN
133,work,0.0,0.0,VIPV50_Wp700,AUTUMN
133,public,17.0,42.5,VIPV50_Wp700,AUTUMN
134,home,72.0,180.0,VIPV50_Wp700,AUTUMN
134,work,5.0,12.5,VIPV50_Wp700,AUTUMN
134,public,20.0,50.0,VIPV50_Wp700,AUTUMN
135,home,24.0,60.0,VIPV50_Wp700,AUTUMN
135,work,14.0,35.0,VIPV50_Wp700,AUTUMN
135,public,29.0,72.5,VIPV50_Wp700,AUTUMN
136,home,27.0,67.5,VIPV50_Wp700,AUTUMN
136,work,5.0,12.5,VIPV50_Wp700,AUTUMN
136,public,10.0,25.0,VIPV50_Wp700,AUTUMN
137,home,18.0,45.0,VIPV50_Wp700,AUTUMN
137,work,2.0,5.0,VIPV50_Wp700,AUTUMN
137,public,5.0,12.5,VIPV50_Wp700,AUTUMN
138,home,0.0,0.0,VIPV50_Wp700,AUTUMN
138,work,6.0,15.0,VIPV50_Wp700,AUTUMN
138,public,23.0,57.5,VIPV50_Wp700,AUTUMN
139,home,23.0,57.5,VIPV50_Wp700,AUTUMN
139,work,4.0,10.0,VIPV50_Wp700,AUTUMN
139,public,20.0,50.0,VIPV50_Wp700,AUTUMN
140,home,6.0,15.0,VIPV50_Wp700,AUTUMN
140,work,0.0,0.0,VIPV50_Wp700,AUTUMN
140,public,4.0,10.0,VIPV50_Wp700,AUTUMN
141,home,61.0,152.5,VIPV50_Wp700,AUTUMN
141,work,8.0,20.0,VIPV50_Wp700,AUTUMN
141,public,12.0,30.0,VIPV50_Wp700,AUTUMN
142,home,24.0,60.0,VIPV50_Wp700,AUTUMN
142,work,18.0,45.0,VIPV50_Wp700,AUTUMN
142,public,35.0,87.5,VIPV50_Wp700,AUTUMN
143,home,18.0,45.0,VIPV50_Wp700,AUTUMN
143,work,3.0,7.5,VIPV50_Wp700,AUTUMN
143,public,16.0,40.0,VIPV50_Wp700,AUTUMN
144,home,31.0,77.5,VIPV50_Wp700,AUTUMN
144,work,2.0,5.0,VIPV50_Wp700,AUTUMN
144,public,14.0,35.0,VIPV50_Wp700,AUTUMN
145,home,0.0,0.0,VIPV50_Wp700,AUTUMN
145,work,0.0,0.0,VIPV50_Wp700,AUTUMN
145,public,0.0,0.0,VIPV50_Wp700,AUTUMN
146,home,0.0,0.0,VIPV50_Wp700,AUTUMN
146,work,0.0,0.0,VIPV50_Wp700,AUTUMN
146,public,0.0,0.0,VIPV50_Wp700,AUTUMN
147,home,10.0,25.0,VIPV50_Wp700,AUTUMN
147,work,0.0,0.0,VIPV50_Wp700,AUTUMN
147,public,0.0,0.0,VIPV50_Wp700,AUTUMN
148,home,17.0,42.5,VIPV50_Wp700,AUTUMN
148,work,3.0,7.5,VIPV50_Wp700,AUTUMN
148,public,13.0,32.5,VIPV50_Wp700,AUTUMN
149,home,30.0,75.0,VIPV50_Wp700,AUTUMN
149,work,2.0,5.0,VIPV50_Wp700,AUTUMN
149,public,13.0,32.5,VIPV50_Wp700,AUTUMN
150,home,18.0,45.0,VIPV50_Wp700,AUTUMN
150,work,2.0,5.0,VIPV50_Wp700,AUTUMN
150,public,2.0,5.0,VIPV50_Wp700,AUTUMN
151,home,0.0,0.0,VIPV50_Wp700,AUTUMN
151,work,0.0,0.0,VIPV50_Wp700,AUTUMN
151,public,7.0,17.5,VIPV50_Wp700,AUTUMN
152,home,45.0,112.5,VIPV50_Wp700,AUTUMN
152,work,0.0,0.0,VIPV50_Wp700,AUTUMN
152,public,16.0,40.0,VIPV50_Wp700,AUTUMN
153,home,34.0,85.0,VIPV50_Wp700,AUTUMN
153,work,2.0,5.0,VIPV50_Wp700,AUTUMN
153,public,9.0,22.5,VIPV50_Wp700,AUTUMN
154,home,5.0,12.5,VIPV50_Wp700,AUTUMN
154,work,9.0,22.5,VIPV50_Wp700,AUTUMN
154,public,2.0,5.0,VIPV50_Wp700,AUTUMN
155,home,17.0,42.5,VIPV50_Wp700,AUTUMN
155,work,0.0,0.0,VIPV50_Wp700,AUTUMN
155,public,10.0,25.0,VIPV50_Wp700,AUTUMN
156,home,33.0,82.5,VIPV50_Wp700,AUTUMN
156,work,1.0,2.5,VIPV50_Wp700,AUTUMN
156,public,75.0,187.5,VIPV50_Wp700,AUTUMN
157,home,3.0,7.5,VIPV50_Wp700,AUTUMN
157,work,17.0,42.5,VIPV50_Wp700,AUTUMN
157,public,0.0,0.0,VIPV50_Wp700,AUTUMN
158,home,10.0,25.0,VIPV50_Wp700,AUTUMN
158,work,1.0,2.5,VIPV50_Wp700,AUTUMN
158,public,0.0,0.0,VIPV50_Wp700,AUTUMN
159,home,53.0,132.5,VIPV50_Wp700,AUTUMN
159,work,0.0,0.0,VIPV50_Wp700,AUTUMN
159,public,45.0,112.5,VIPV50_Wp700,AUTUMN
160,home,32.0,80.0,VIPV50_Wp700,AUTUMN
160,work,11.0,27.5,VIPV50_Wp700,AUTUMN
160,public,60.0,150.0,VIPV50_Wp700,AUTUMN
161,home,23.0,57.5,VIPV50_Wp700,AUTUMN
161,work,5.0,12.5,VIPV50_Wp700,AUTUMN
161,public,31.0,77.5,VIPV50_Wp700,AUTUMN
162,home,15.0,37.5,VIPV50_Wp700,AUTUMN
162,work,0.0,0.0,VIPV50_Wp700,AUTUMN
162,public,10.0,25.0,VIPV50_Wp700,AUTUMN
163,home,1.0,2.5,VIPV50_Wp700,AUTUMN
163,work,0.0,0.0,VIPV50_Wp700,AUTUMN
163,public,0.0,0.0,VIPV50_Wp700,AUTUMN
164,home,22.0,55.0,VIPV50_Wp700,AUTUMN
164,work,1.0,2.5,VIPV50_Wp700,AUTUMN
164,public,16.0,40.0,VIPV50_Wp700,AUTUMN
165,home,37.0,92.5,VIPV50_Wp700,AUTUMN
165,work,6.0,15.0,VIPV50_Wp700,AUTUMN
165,public,3.0,7.5,VIPV50_Wp700,AUTUMN
166,home,1.0,2.5,VIPV50_Wp700,AUTUMN
166,work,3.0,7.5,VIPV50_Wp700,AUTUMN
166,public,2.0,5.0,VIPV50_Wp700,AUTUMN
167,home,0.0,0.0,VIPV50_Wp700,AUTUMN
167,work,0.0,0.0,VIPV50_Wp700,AUTUMN
167,public,0.0,0.0,VIPV50_Wp700,AUTUMN
168,home,2.0,5.0,VIPV50_Wp700,AUTUMN
168,work,0.0,0.0,VIPV50_Wp700,AUTUMN
168,public,0.0,0.0,VIPV50_Wp700,AUTUMN
169,home,7.0,17.5,VIPV50_Wp700,AUTUMN
169,work,0.0,0.0,VIPV50_Wp700,AUTUMN
169,public,0.0,0.0,VIPV50_Wp700,AUTUMN
170,home,21.0,52.5,VIPV50_Wp700,AUTUMN
170,work,0.0,0.0,VIPV50_Wp700,AUTUMN
170,public,5.0,12.5,VIPV50_Wp700,AUTUMN
171,home,29.0,72.5,VIPV50_Wp700,AUTUMN
171,work,9.0,22.5,VIPV50_Wp700,AUTUMN
171,public,19.0,47.5,VIPV50_Wp700,AUTUMN
172,home,12.0,30.0,VIPV50_Wp700,AUTUMN
172,work,0.0,0.0,VIPV50_Wp700,AUTUMN
172,public,13.0,32.5,VIPV50_Wp700,AUTUMN
173,home,31.0,77.5,VIPV50_Wp700,AUTUMN
173,work,0.0,0.0,VIPV50_Wp700,AUTUMN
173,public,3.0,7.5,VIPV50_Wp700,AUTUMN
174,home,36.0,90.0,VIPV50_Wp700,AUTUMN
174,work,2.0,5.0,VIPV50_Wp700,AUTUMN
174,public,12.0,30.0,VIPV50_Wp700,AUTUMN
175,home,23.0,57.5,VIPV50_Wp700,AUTUMN
175,work,1.0,2.5,VIPV50_Wp700,AUTUMN
175,public,32.0,80.0,VIPV50_Wp700,AUTUMN
176,home,16.0,40.0,VIPV50_Wp700,AUTUMN
176,work,0.0,0.0,VIPV50_Wp700,AUTUMN
176,public,5.0,12.5,VIPV50_Wp700,AUTUMN
177,home,21.0,52.5,VIPV50_Wp700,AUTUMN
177,work,0.0,0.0,VIPV50_Wp700,AUTUMN
177,public,8.0,20.0,VIPV50_Wp700,AUTUMN
178,home,11.0,27.5,VIPV50_Wp700,AUTUMN
178,work,9.0,22.5,VIPV50_Wp700,AUTUMN
178,public,33.0,82.5,VIPV50_Wp700,AUTUMN
179,home,0.0,0.0,VIPV50_Wp700,AUTUMN
179,work,4.0,10.0,VIPV50_Wp700,AUTUMN
179,public,8.0,20.0,VIPV50_Wp700,AUTUMN
180,home,1.0,2.5,VIPV50_Wp700,AUTUMN
180,work,0.0,0.0,VIPV50_Wp700,AUTUMN
180,public,0.0,0.0,VIPV50_Wp700,AUTUMN
181,home,0.0,0.0,VIPV50_Wp700,AUTUMN
181,work,0.0,0.0,VIPV50_Wp700,AUTUMN
181,public,1.0,2.5,VIPV50_Wp700,AUTUMN
182,home,0.0,0.0,VIPV50_Wp700,AUTUMN
182,work,1.0,2.5,VIPV50_Wp700,AUTUMN
182,public,1.0,2.5,VIPV50_Wp700,AUTUMN
183,home,0.0,0.0,VIPV50_Wp700,AUTUMN
183,work,8.0,20.0,VIPV50_Wp700,AUTUMN
183,public,2.0,5.0,VIPV50_Wp700,AUTUMN
184,home,0.0,0.0,VIPV50_Wp700,AUTUMN
184,work,3.0,7.5,VIPV50_Wp700,AUTUMN
184,public,4.0,10.0,VIPV50_Wp700,AUTUMN
185,home,2.0,5.0,VIPV50_Wp700,AUTUMN
185,work,0.0,0.0,VIPV50_Wp700,AUTUMN
185,public,0.0,0.0,VIPV50_Wp700,AUTUMN
186,home,1.0,2.5,VIPV50_Wp700,AUTUMN
186,work,0.0,0.0,VIPV50_Wp700,AUTUMN
186,public,0.0,0.0,VIPV50_Wp700,AUTUMN
187,home,6.0,15.0,VIPV50_Wp700,AUTUMN
187,work,3.0,7.5,VIPV50_Wp700,AUTUMN
187,public,7.0,17.5,VIPV50_Wp700,AUTUMN
188,home,21.0,52.5,VIPV50_Wp700,AUTUMN
188,work,3.0,7.5,VIPV50_Wp700,AUTUMN
188,public,8.0,20.0,VIPV50_Wp700,AUTUMN
189,home,45.0,112.5,VIPV50_Wp700,AUTUMN
189,work,2.0,5.0,VIPV50_Wp700,AUTUMN
189,public,16.0,40.0,VIPV50_Wp700,AUTUMN
190,home,47.0,117.5,VIPV50_Wp700,AUTUMN
190,work,0.0,0.0,VIPV50_Wp700,AUTUMN
190,public,10.0,25.0,VIPV50_Wp700,AUTUMN
191,home,52.0,130.0,VIPV50_Wp700,AUTUMN
191,work,2.0,5.0,VIPV50_Wp700,AUTUMN
191,public,27.0,67.5,VIPV50_Wp700,AUTUMN
192,home,17.0,42.5,VIPV50_Wp700,AUTUMN
192,work,0.0,0.0,VIPV50_Wp700,AUTUMN
192,public,23.0,57.5,VIPV50_Wp700,AUTUMN
193,home,10.0,25.0,VIPV50_Wp700,AUTUMN
193,work,9.0,22.5,VIPV50_Wp700,AUTUMN
193,public,18.0,45.0,VIPV50_Wp700,AUTUMN
194,home,3.0,7.5,VIPV50_Wp700,AUTUMN
194,work,1.0,2.5,VIPV50_Wp700,AUTUMN
194,public,0.0,0.0,VIPV50_Wp700,AUTUMN
195,home,11.0,27.5,VIPV50_Wp700,AUTUMN
195,work,1.0,2.5,VIPV50_Wp700,AUTUMN
195,public,9.0,22.5,VIPV50_Wp700,AUTUMN
196,home,32.0,80.0,VIPV50_Wp700,AUTUMN
196,work,2.0,5.0,VIPV50_Wp700,AUTUMN
196,public,20.0,50.0,VIPV50_Wp700,AUTUMN
197,home,46.0,115.0,VIPV50_Wp700,AUTUMN
197,work,8.0,20.0,VIPV50_Wp700,AUTUMN
197,public,28.0,70.0,VIPV50_Wp700,AUTUMN
198,home,11.0,27.5,VIPV50_Wp700,AUTUMN
198,work,13.0,32.5,VIPV50_Wp700,AUTUMN
198,public,2.0,5.0,VIPV50_Wp700,AUTUMN
199,home,0.0,0.0,VIPV50_Wp700,AUTUMN
199,work,1.0,2.5,VIPV50_Wp700,AUTUMN
199,public,2.0,5.0,VIPV50_Wp700,AUTUMN
200,home,0.0,0.0,VIPV50_Wp700,AUTUMN
200,work,5.0,12.5,VIPV50_Wp700,AUTUMN
200,public,4.0,10.0,VIPV50_Wp700,AUTUMN
201,home,6.0,15.0,VIPV50_Wp700,AUTUMN
201,work,4.0,10.0,VIPV50_Wp700,AUTUMN
201,public,0.0,0.0,VIPV50_Wp700,AUTUMN
202,home,0.0,0.0,VIPV50_Wp700,AUTUMN
202,work,0.0,0.0,VIPV50_Wp700,AUTUMN
202,public,0.0,0.0,VIPV50_Wp700,AUTUMN
203,home,0.0,0.0,VIPV50_Wp700,AUTUMN
203,work,0.0,0.0,VIPV50_Wp700,AUTUMN
203,public,0.0,0.0,VIPV50_Wp700,AUTUMN
204,home,1.0,2.5,VIPV50_Wp700,AUTUMN
204,work,0.0,0.0,VIPV50_Wp700,AUTUMN
204,public,1.0,2.5,VIPV50_Wp700,AUTUMN
205,home,9.0,22.5,VIPV50_Wp700,AUTUMN
205,work,2.0,5.0,VIPV50_Wp700,AUTUMN
205,public,11.0,27.5,VIPV50_Wp700,AUTUMN
206,home,26.0,65.0,VIPV50_Wp700,AUTUMN
206,work,5.0,12.5,VIPV50_Wp700,AUTUMN
206,public,9.0,22.5,VIPV50_Wp700,AUTUMN
207,home,25.0,62.5,VIPV50_Wp700,AUTUMN
207,work,0.0,0.0,VIPV50_Wp700,AUTUMN
207,public,6.0,15.0,VIPV50_Wp700,AUTUMN
208,home,12.0,30.0,VIPV50_Wp700,AUTUMN
208,work,0.0,0.0,VIPV50_Wp700,AUTUMN
208,public,17.0,42.5,VIPV50_Wp700,AUTUMN
209,home,24.0,60.0,VIPV50_Wp700,AUTUMN
209,work,1.0,2.5,VIPV50_Wp700,AUTUMN
209,public,22.0,55.0,VIPV50_Wp700,AUTUMN
210,home,1.0,2.5,VIPV50_Wp700,AUTUMN
210,work,0.0,0.0,VIPV50_Wp700,AUTUMN
210,public,7.0,17.5,VIPV50_Wp700,AUTUMN
211,home,9.0,22.5,VIPV50_Wp700,AUTUMN
211,work,22.0,55.0,VIPV50_Wp700,AUTUMN
211,public,36.0,90.0,VIPV50_Wp700,AUTUMN
212,home,40.0,100.0,VIPV50_Wp700,AUTUMN
212,work,1.0,2.5,VIPV50_Wp700,AUTUMN
212,public,29.0,72.5,VIPV50_Wp700,AUTUMN
213,home,31.0,77.5,VIPV50_Wp700,AUTUMN
213,work,0.0,0.0,VIPV50_Wp700,AUTUMN
213,public,53.0,132.5,VIPV50_Wp700,AUTUMN
214,home,24.0,60.0,VIPV50_Wp700,AUTUMN
214,work,15.0,37.5,VIPV50_Wp700,AUTUMN
214,public,19.0,47.5,VIPV50_Wp700,AUTUMN
215,home,9.0,22.5,VIPV50_Wp700,AUTUMN
215,work,1.0,2.5,VIPV50_Wp700,AUTUMN
215,public,31.0,77.5,VIPV50_Wp700,AUTUMN
216,home,0.0,0.0,VIPV50_Wp700,AUTUMN
216,work,1.0,2.5,VIPV50_Wp700,AUTUMN
216,public,0.0,0.0,VIPV50_Wp700,AUTUMN
217,home,1.0,2.5,VIPV50_Wp700,AUTUMN
217,work,0.0,0.0,VIPV50_Wp700,AUTUMN
217,public,0.0,0.0,VIPV50_Wp700,AUTUMN
218,home,16.0,40.0,VIPV50_Wp700,AUTUMN
218,work,0.0,0.0,VIPV50_Wp700,AUTUMN
218,public,5.0,12.5,VIPV50_Wp700,AUTUMN
219,home,15.0,37.5,VIPV50_Wp700,AUTUMN
219,work,0.0,0.0,VIPV50_Wp700,AUTUMN
219,public,0.0,0.0,VIPV50_Wp700,AUTUMN
220,home,0.0,0.0,VIPV50_Wp700,AUTUMN
220,work,0.0,0.0,VIPV50_Wp700,AUTUMN
220,public,0.0,0.0,VIPV50_Wp700,AUTUMN
221,home,0.0,0.0,VIPV50_Wp700,AUTUMN
221,work,0.0,0.0,VIPV50_Wp700,AUTUMN
221,public,0.0,0.0,VIPV50_Wp700,AUTUMN
222,home,0.0,0.0,VIPV50_Wp700,AUTUMN
222,work,0.0,0.0,VIPV50_Wp700,AUTUMN
222,public,0.0,0.0,VIPV50_Wp700,AUTUMN
223,home,0.0,0.0,VIPV50_Wp700,AUTUMN
223,work,2.0,5.0,VIPV50_Wp700,AUTUMN
223,public,0.0,0.0,VIPV50_Wp700,AUTUMN
224,home,21.0,52.5,VIPV50_Wp700,AUTUMN
224,work,6.0,15.0,VIPV50_Wp700,AUTUMN
224,public,7.0,17.5,VIPV50_Wp700,AUTUMN
225,home,69.0,172.5,VIPV50_Wp700,AUTUMN
225,work,5.0,12.5,VIPV50_Wp700,AUTUMN
225,public,69.0,172.5,VIPV50_Wp700,AUTUMN
226,home,13.0,32.5,VIPV50_Wp700,AUTUMN
226,work,0.0,0.0,VIPV50_Wp700,AUTUMN
226,public,24.0,60.0,VIPV50_Wp700,AUTUMN
227,home,43.0,107.5,VIPV50_Wp700,AUTUMN
227,work,14.0,35.0,VIPV50_Wp700,AUTUMN
227,public,96.0,240.0,VIPV50_Wp700,AUTUMN
228,home,19.0,47.5,VIPV50_Wp700,AUTUMN
228,work,8.0,20.0,VIPV50_Wp700,AUTUMN
228,public,34.0,85.0,VIPV50_Wp700,AUTUMN
229,home,37.0,92.5,VIPV50_Wp700,AUTUMN
229,work,14.0,35.0,VIPV50_Wp700,AUTUMN
229,public,25.0,62.5,VIPV50_Wp700,AUTUMN
230,home,38.0,95.0,VIPV50_Wp700,AUTUMN
230,work,9.0,22.5,VIPV50_Wp700,AUTUMN
230,public,65.0,162.5,VIPV50_Wp700,AUTUMN
231,home,19.0,47.5,VIPV50_Wp700,AUTUMN
231,work,1.0,2.5,VIPV50_Wp700,AUTUMN
231,public,14.0,35.0,VIPV50_Wp700,AUTUMN
232,home,4.0,10.0,VIPV50_Wp700,AUTUMN
232,work,0.0,0.0,VIPV50_Wp700,AUTUMN
232,public,0.0,0.0,VIPV50_Wp700,AUTUMN
233,home,18.0,45.0,VIPV50_Wp700,AUTUMN
233,work,0.0,0.0,VIPV50_Wp700,AUTUMN
233,public,16.0,40.0,VIPV50_Wp700,AUTUMN
234,home,12.0,30.0,VIPV50_Wp700,AUTUMN
234,work,0.0,0.0,VIPV50_Wp700,AUTUMN
234,public,14.0,35.0,VIPV50_Wp700,AUTUMN
235,home,7.0,17.5,VIPV50_Wp700,AUTUMN
235,work,0.0,0.0,VIPV50_Wp700,AUTUMN
235,public,1.0,2.5,VIPV50_Wp700,AUTUMN
236,home,8.0,20.0,VIPV50_Wp700,AUTUMN
236,work,0.0,0.0,VIPV50_Wp700,AUTUMN
236,public,3.0,7.5,VIPV50_Wp700,AUTUMN
237,home,2.0,5.0,VIPV50_Wp700,AUTUMN
237,work,0.0,0.0,VIPV50_Wp700,AUTUMN
237,public,0.0,0.0,VIPV50_Wp700,AUTUMN
238,home,0.0,0.0,VIPV50_Wp700,AUTUMN
238,work,11.0,27.5,VIPV50_Wp700,AUTUMN
238,public,1.0,2.5,VIPV50_Wp700,AUTUMN
239,home,0.0,0.0,VIPV50_Wp700,AUTUMN
239,work,1.0,2.5,VIPV50_Wp700,AUTUMN
239,public,1.0,2.5,VIPV50_Wp700,AUTUMN
240,home,0.0,0.0,VIPV50_Wp700,AUTUMN
240,work,0.0,0.0,VIPV50_Wp700,AUTUMN
240,public,0.0,0.0,VIPV50_Wp700,AUTUMN
241,home,0.0,0.0,VIPV50_Wp700,AUTUMN
241,work,6.0,15.0,VIPV50_Wp700,AUTUMN
241,public,2.0,5.0,VIPV50_Wp700,AUTUMN
242,home,0.0,0.0,VIPV50_Wp700,AUTUMN
242,work,3.0,7.5,VIPV50_Wp700,AUTUMN
242,public,1.0,2.5,VIPV50_Wp700,AUTUMN
243,home,22.0,55.0,VIPV50_Wp700,AUTUMN
243,work,1.0,2.5,VIPV50_Wp700,AUTUMN
243,public,3.0,7.5,VIPV50_Wp700,AUTUMN
244,home,31.0,77.5,VIPV50_Wp700,AUTUMN
244,work,7.0,17.5,VIPV50_Wp700,AUTUMN
244,public,10.0,25.0,VIPV50_Wp700,AUTUMN
245,home,67.0,167.5,VIPV50_Wp700,AUTUMN
245,work,20.0,50.0,VIPV50_Wp700,AUTUMN
245,public,54.0,135.0,VIPV50_Wp700,AUTUMN
246,home,56.0,140.0,VIPV50_Wp700,AUTUMN
246,work,24.0,60.0,VIPV50_Wp700,AUTUMN
246,public,131.0,327.5,VIPV50_Wp700,AUTUMN
247,home,55.0,137.5,VIPV50_Wp700,AUTUMN
247,work,10.0,25.0,VIPV50_Wp700,AUTUMN
247,public,40.0,100.0,VIPV50_Wp700,AUTUMN
248,home,52.0,130.0,VIPV50_Wp700,AUTUMN
248,work,25.0,62.5,VIPV50_Wp700,AUTUMN
248,public,108.0,270.0,VIPV50_Wp700,AUTUMN
249,home,19.0,47.5,VIPV50_Wp700,AUTUMN
249,work,14.0,35.0,VIPV50_Wp700,AUTUMN
249,public,37.0,92.5,VIPV50_Wp700,AUTUMN
250,home,21.0,52.5,VIPV50_Wp700,AUTUMN
250,work,4.0,10.0,VIPV50_Wp700,AUTUMN
250,public,21.0,52.5,VIPV50_Wp700,AUTUMN
251,home,13.0,32.5,VIPV50_Wp700,AUTUMN
251,work,0.0,0.0,VIPV50_Wp700,AUTUMN
251,public,1.0,2.5,VIPV50_Wp700,AUTUMN
252,home,0.0,0.0,VIPV50_Wp700,AUTUMN
252,work,4.0,10.0,VIPV50_Wp700,AUTUMN
252,public,5.0,12.5,VIPV50_Wp700,AUTUMN
253,home,10.0,25.0,VIPV50_Wp700,AUTUMN
253,work,0.0,0.0,VIPV50_Wp700,AUTUMN
253,public,12.0,30.0,VIPV50_Wp700,AUTUMN
254,home,28.0,70.0,VIPV50_Wp700,AUTUMN
254,work,1.0,2.5,VIPV50_Wp700,AUTUMN
254,public,24.0,60.0,VIPV50_Wp700,AUTUMN
255,home,11.0,27.5,VIPV50_Wp700,AUTUMN
255,work,4.0,10.0,VIPV50_Wp700,AUTUMN
255,public,0.0,0.0,VIPV50_Wp700,AUTUMN
256,home,14.0,35.0,VIPV50_Wp700,AUTUMN
256,work,0.0,0.0,VIPV50_Wp700,AUTUMN
256,public,4.0,10.0,VIPV50_Wp700,AUTUMN
257,home,5.0,12.5,VIPV50_Wp700,AUTUMN
257,work,0.0,0.0,VIPV50_Wp700,AUTUMN
257,public,8.0,20.0,VIPV50_Wp700,AUTUMN
258,home,18.0,45.0,VIPV50_Wp700,AUTUMN
258,work,0.0,0.0,VIPV50_Wp700,AUTUMN
258,public,2.0,5.0,VIPV50_Wp700,AUTUMN
259,home,2.0,5.0,VIPV50_Wp700,AUTUMN
259,work,0.0,0.0,VIPV50_Wp700,AUTUMN
259,public,0.0,0.0,VIPV50_Wp700,AUTUMN
260,home,0.0,0.0,VIPV50_Wp700,AUTUMN
260,work,12.0,30.0,VIPV50_Wp700,AUTUMN
260,public,3.0,7.5,VIPV50_Wp700,AUTUMN
261,home,0.0,0.0,VIPV50_Wp700,AUTUMN
261,work,22.0,55.0,VIPV50_Wp700,AUTUMN
261,public,5.0,12.5,VIPV50_Wp700,AUTUMN
262,home,0.0,0.0,VIPV50_Wp700,AUTUMN
262,work,0.0,0.0,VIPV50_Wp700,AUTUMN
262,public,0.0,0.0,VIPV50_Wp700,AUTUMN
263,home,0.0,0.0,VIPV50_Wp700,AUTUMN
263,work,1.0,2.5,VIPV50_Wp700,AUTUMN
263,public,0.0,0.0,VIPV50_Wp700,AUTUMN
264,home,0.0,0.0,VIPV50_Wp700,AUTUMN
264,work,0.0,0.0,VIPV50_Wp700,AUTUMN
264,public,0.0,0.0,VIPV50_Wp700,AUTUMN
265,home,0.0,0.0,VIPV50_Wp700,AUTUMN
265,work,1.0,2.5,VIPV50_Wp700,AUTUMN
265,public,0.0,0.0,VIPV50_Wp700,AUTUMN
266,home,26.0,65.0,VIPV50_Wp700,AUTUMN
266,work,2.0,5.0,VIPV50_Wp700,AUTUMN
266,public,8.0,20.0,VIPV50_Wp700,AUTUMN
267,home,50.0,125.0,VIPV50_Wp700,AUTUMN
267,work,5.0,12.5,VIPV50_Wp700,AUTUMN
267,public,45.0,112.5,VIPV50_Wp700,AUTUMN
268,home,59.0,147.5,VIPV50_Wp700,AUTUMN
268,work,2.0,5.0,VIPV50_Wp700,AUTUMN
268,public,29.0,72.5,VIPV50_Wp700,AUTUMN
269,home,9.0,22.5,VIPV50_Wp700,AUTUMN
269,work,17.0,42.5,VIPV50_Wp700,AUTUMN
269,public,14.0,35.0,VIPV50_Wp700,AUTUMN
270,home,21.0,52.5,VIPV50_Wp700,AUTUMN
270,work,16.0,40.0,VIPV50_Wp700,AUTUMN
270,public,4.0,10.0,VIPV50_Wp700,AUTUMN
271,home,5.0,12.5,VIPV50_Wp700,AUTUMN
271,work,48.0,120.0,VIPV50_Wp700,AUTUMN
271,public,149.0,372.5,VIPV50_Wp700,AUTUMN
272,home,29.0,72.5,VIPV50_Wp700,AUTUMN
272,work,23.0,57.5,VIPV50_Wp700,AUTUMN
272,public,84.0,210.0,VIPV50_Wp700,AUTUMN
273,home,8.0,20.0,VIPV50_Wp700,AUTUMN
273,work,22.0,55.0,VIPV50_Wp700,AUTUMN
273,public,25.0,62.5,VIPV50_Wp700,AUTUMN
274,home,32.0,80.0,VIPV50_Wp700,AUTUMN
274,work,3.0,7.5,VIPV50_Wp700,AUTUMN
274,public,36.0,90.0,VIPV50_Wp700,AUTUMN
275,home,37.0,92.5,VIPV50_Wp700,AUTUMN
275,work,2.0,5.0,VIPV50_Wp700,AUTUMN
275,public,8.0,20.0,VIPV50_Wp700,AUTUMN
276,home,0.0,0.0,VIPV50_Wp700,AUTUMN
276,work,0.0,0.0,VIPV50_Wp700,AUTUMN
276,public,3.0,7.5,VIPV50_Wp700,AUTUMN
277,home,8.0,20.0,VIPV50_Wp700,AUTUMN
277,work,0.0,0.0,VIPV50_Wp700,AUTUMN
277,public,3.0,7.5,VIPV50_Wp700,AUTUMN
278,home,41.0,102.5,VIPV50_Wp700,AUTUMN
278,work,3.0,7.5,VIPV50_Wp700,AUTUMN
278,public,9.0,22.5,VIPV50_Wp700,AUTUMN
279,home,20.0,50.0,VIPV50_Wp700,AUTUMN
279,work,0.0,0.0,VIPV50_Wp700,AUTUMN
279,public,9.0,22.5,VIPV50_Wp700,AUTUMN
280,home,13.0,32.5,VIPV50_Wp700,AUTUMN
280,work,5.0,12.5,VIPV50_Wp700,AUTUMN
280,public,17.0,42.5,VIPV50_Wp700,AUTUMN
281,home,0.0,0.0,VIPV50_Wp700,AUTUMN
281,work,3.0,7.5,VIPV50_Wp700,AUTUMN
281,public,3.0,7.5,VIPV50_Wp700,AUTUMN
282,home,0.0,0.0,VIPV50_Wp700,AUTUMN
282,work,2.0,5.0,VIPV50_Wp700,AUTUMN
282,public,0.0,0.0,VIPV50_Wp700,AUTUMN
283,home,0.0,0.0,VIPV50_Wp700,AUTUMN
283,work,7.0,17.5,VIPV50_Wp700,AUTUMN
283,public,2.0,5.0,VIPV50_Wp700,AUTUMN
284,home,0.0,0.0,VIPV50_Wp700,AUTUMN
284,work,4.0,10.0,VIPV50_Wp700,AUTUMN
284,public,0.0,0.0,VIPV50_Wp700,AUTUMN
285,home,0.0,0.0,VIPV50_Wp700,AUTUMN
285,work,0.0,0.0,VIPV50_Wp700,AUTUMN
285,public,0.0,0.0,VIPV50_Wp700,AUTUMN
286,home,13.0,32.5,VIPV50_Wp700,AUTUMN
286,work,3.0,7.5,VIPV50_Wp700,AUTUMN
286,public,14.0,35.0,VIPV50_Wp700,AUTUMN
287,home,24.0,60.0,VIPV50_Wp700,AUTUMN
287,work,1.0,2.5,VIPV50_Wp700,AUTUMN
287,public,26.0,65.0,VIPV50_Wp700,AUTUMN
288,home,22.0,55.0,VIPV50_Wp700,AUTUMN
288,work,2.0,5.0,VIPV50_Wp700,AUTUMN
288,public,29.0,72.5,VIPV50_Wp700,AUTUMN
289,home,39.0,97.5,VIPV50_Wp700,AUTUMN
289,work,3.0,7.5,VIPV50_Wp700,AUTUMN
289,public,23.0,57.5,VIPV50_Wp700,AUTUMN
290,home,1.0,2.5,VIPV50_Wp700,AUTUMN
290,work,14.0,35.0,VIPV50_Wp700,AUTUMN
290,public,8.0,20.0,VIPV50_Wp700,AUTUMN
291,home,0.0,0.0,VIPV50_Wp700,AUTUMN
291,work,6.0,15.0,VIPV50_Wp700,AUTUMN
291,public,45.0,112.5,VIPV50_Wp700,AUTUMN
292,home,4.0,10.0,VIPV50_Wp700,AUTUMN
292,work,36.0,90.0,VIPV50_Wp700,AUTUMN
292,public,50.0,125.0,VIPV50_Wp700,AUTUMN
293,home,26.0,65.0,VIPV50_Wp700,AUTUMN
293,work,18.0,45.0,VIPV50_Wp700,AUTUMN
293,public,28.0,70.0,VIPV50_Wp700,AUTUMN
294,home,43.0,107.5,VIPV50_Wp700,AUTUMN
294,work,18.0,45.0,VIPV50_Wp700,AUTUMN
294,public,61.0,152.5,VIPV50_Wp700,AUTUMN
295,home,51.0,127.5,VIPV50_Wp700,AUTUMN
295,work,1.0,2.5,VIPV50_Wp700,AUTUMN
295,public,12.0,30.0,VIPV50_Wp700,AUTUMN
296,home,38.0,95.0,VIPV50_Wp700,AUTUMN
296,work,2.0,5.0,VIPV50_Wp700,AUTUMN
296,public,11.0,27.5,VIPV50_Wp700,AUTUMN
297,home,27.0,67.5,VIPV50_Wp700,AUTUMN
297,work,3.0,7.5,VIPV50_Wp700,AUTUMN
297,public,22.0,55.0,VIPV50_Wp700,AUTUMN
298,home,26.0,65.0,VIPV50_Wp700,AUTUMN
298,work,2.0,5.0,VIPV50_Wp700,AUTUMN
298,public,7.0,17.5,VIPV50_Wp700,AUTUMN
299,home,13.0,32.5,VIPV50_Wp700,AUTUMN
299,work,0.0,0.0,VIPV50_Wp700,AUTUMN
299,public,30.0,75.0,VIPV50_Wp700,AUTUMN
300,home,5.0,12.5,VIPV50_Wp700,AUTUMN
300,work,0.0,0.0,VIPV50_Wp700,AUTUMN
300,public,10.0,25.0,VIPV50_Wp700,AUTUMN
301,home,5.0,12.5,VIPV50_Wp700,AUTUMN
301,work,0.0,0.0,VIPV50_Wp700,AUTUMN
301,public,0.0,0.0,VIPV50_Wp700,AUTUMN
302,home,0.0,0.0,VIPV50_Wp700,AUTUMN
302,work,0.0,0.0,VIPV50_Wp700,AUTUMN
302,public,0.0,0.0,VIPV50_Wp700,AUTUMN
303,home,12.0,30.0,VIPV50_Wp700,AUTUMN
303,work,0.0,0.0,VIPV50_Wp700,AUTUMN
303,public,2.0,5.0,VIPV50_Wp700,AUTUMN
304,home,2.0,5.0,VIPV50_Wp700,AUTUMN
304,work,0.0,0.0,VIPV50_Wp700,AUTUMN
304,public,3.0,7.5,VIPV50_Wp700,AUTUMN
305,home,42.0,105.0,VIPV50_Wp700,AUTUMN
305,work,1.0,2.5,VIPV50_Wp700,AUTUMN
305,public,2.0,5.0,VIPV50_Wp700,AUTUMN
306,home,25.0,62.5,VIPV50_Wp700,AUTUMN
306,work,6.0,15.0,VIPV50_Wp700,AUTUMN
306,public,4.0,10.0,VIPV50_Wp700,AUTUMN
307,home,0.0,0.0,VIPV50_Wp700,AUTUMN
307,work,6.0,15.0,VIPV50_Wp700,AUTUMN
307,public,2.0,5.0,VIPV50_Wp700,AUTUMN
308,home,0.0,0.0,VIPV50_Wp700,AUTUMN
308,work,0.0,0.0,VIPV50_Wp700,AUTUMN
308,public,0.0,0.0,VIPV50_Wp700,AUTUMN
309,home,0.0,0.0,VIPV50_Wp700,AUTUMN
309,work,0.0,0.0,VIPV50_Wp700,AUTUMN
309,public,1.0,2.5,VIPV50_Wp700,AUTUMN
310,home,0.0,0.0,VIPV50_Wp700,AUTUMN
310,work,4.0,10.0,VIPV50_Wp700,AUTUMN
310,public,0.0,0.0,VIPV50_Wp700,AUTUMN
311,home,0.0,0.0,VIPV50_Wp700,AUTUMN
311,work,0.0,0.0,VIPV50_Wp700,AUTUMN
311,public,0.0,0.0,VIPV50_Wp700,AUTUMN
312,home,55.0,137.5,VIPV50_Wp700,AUTUMN
312,work,8.0,20.0,VIPV50_Wp700,AUTUMN
312,public,32.0,80.0,VIPV50_Wp700,AUTUMN
313,home,16.0,40.0,VIPV50_Wp700,AUTUMN
313,work,1.0,2.5,VIPV50_Wp700,AUTUMN
313,public,15.0,37.5,VIPV50_Wp700,AUTUMN
314,home,15.0,37.5,VIPV50_Wp700,AUTUMN
314,work,24.0,60.0,VIPV50_Wp700,AUTUMN
314,public,13.0,32.5,VIPV50_Wp700,AUTUMN
315,home,14.0,35.0,VIPV50_Wp700,AUTUMN
315,work,4.0,10.0,VIPV50_Wp700,AUTUMN
315,public,53.0,132.5,VIPV50_Wp700,AUTUMN
316,home,32.0,80.0,VIPV50_Wp700,AUTUMN
316,work,8.0,20.0,VIPV50_Wp700,AUTUMN
316,public,36.0,90.0,VIPV50_Wp700,AUTUMN
317,home,0.0,0.0,VIPV50_Wp700,AUTUMN
317,work,4.0,10.0,VIPV50_Wp700,AUTUMN
317,public,1.0,2.5,VIPV50_Wp700,AUTUMN
318,home,7.0,17.5,VIPV50_Wp700,AUTUMN
318,work,19.0,47.5,VIPV50_Wp700,AUTUMN
318,public,10.0,25.0,VIPV50_Wp700,AUTUMN
319,home,3.0,7.5,VIPV50_Wp700,AUTUMN
319,work,9.0,22.5,VIPV50_Wp700,AUTUMN
319,public,11.0,27.5,VIPV50_Wp700,AUTUMN
320,home,34.0,85.0,VIPV50_Wp700,AUTUMN
320,work,2.0,5.0,VIPV50_Wp700,AUTUMN
320,public,38.0,95.0,VIPV50_Wp700,AUTUMN
321,home,39.0,97.5,VIPV50_Wp700,AUTUMN
321,work,5.0,12.5,VIPV50_Wp700,AUTUMN
321,public,55.0,137.5,VIPV50_Wp700,AUTUMN
322,home,45.0,112.5,VIPV50_Wp700,AUTUMN
322,work,5.0,12.5,VIPV50_Wp700,AUTUMN
322,public,36.0,90.0,VIPV50_Wp700,AUTUMN
323,home,23.0,57.5,VIPV50_Wp700,AUTUMN
323,work,9.0,22.5,VIPV50_Wp700,AUTUMN
323,public,6.0,15.0,VIPV50_Wp700,AUTUMN
324,home,64.0,160.0,VIPV50_Wp700,AUTUMN
324,work,2.0,5.0,VIPV50_Wp700,AUTUMN
324,public,27.0,67.5,VIPV50_Wp700,AUTUMN
325,home,50.0,125.0,VIPV50_Wp700,AUTUMN
325,work,0.0,0.0,VIPV50_Wp700,AUTUMN
325,public,8.0,20.0,VIPV50_Wp700,AUTUMN
326,home,6.0,15.0,VIPV50_Wp700,AUTUMN
326,work,0.0,0.0,VIPV50_Wp700,AUTUMN
326,public,0.0,0.0,VIPV50_Wp700,AUTUMN
327,home,1.0,2.5,VIPV50_Wp700,AUTUMN
327,work,0.0,0.0,VIPV50_Wp700,AUTUMN
327,public,5.0,12.5,VIPV50_Wp700,AUTUMN
328,home,20.0,50.0,VIPV50_Wp700,AUTUMN
328,work,0.0,0.0,VIPV50_Wp700,AUTUMN
328,public,4.0,10.0,VIPV50_Wp700,AUTUMN
329,home,1.0,2.5,VIPV50_Wp700,AUTUMN
329,work,0.0,0.0,VIPV50_Wp700,AUTUMN
329,public,0.0,0.0,VIPV50_Wp700,AUTUMN
330,home,16.0,40.0,VIPV50_Wp700,AUTUMN
330,work,0.0,0.0,VIPV50_Wp700,AUTUMN
330,public,0.0,0.0,VIPV50_Wp700,AUTUMN
331,home,17.0,42.5,VIPV50_Wp700,AUTUMN
331,work,4.0,10.0,VIPV50_Wp700,AUTUMN
331,public,13.0,32.5,VIPV50_Wp700,AUTUMN
332,home,4.0,10.0,VIPV50_Wp700,AUTUMN
332,work,1.0,2.5,VIPV50_Wp700,AUTUMN
332,public,0.0,0.0,VIPV50_Wp700,AUTUMN
333,home,0.0,0.0,VIPV50_Wp700,AUTUMN
333,work,0.0,0.0,VIPV50_Wp700,AUTUMN
333,public,0.0,0.0,VIPV50_Wp700,AUTUMN
334,home,0.0,0.0,VIPV50_Wp700,AUTUMN
334,work,2.0,5.0,VIPV50_Wp700,AUTUMN
334,public,0.0,0.0,VIPV50_Wp700,AUTUMN
335,home,0.0,0.0,VIPV50_Wp700,AUTUMN
335,work,0.0,0.0,VIPV50_Wp700,AUTUMN
335,public,0.0,0.0,VIPV50_Wp700,AUTUMN
336,home,0.0,0.0,VIPV50_Wp700,AUTUMN
336,work,2.0,5.0,VIPV50_Wp700,AUTUMN
336,public,8.0,20.0,VIPV50_Wp700,AUTUMN
337,home,48.0,120.0,VIPV50_Wp700,AUTUMN
337,work,4.0,10.0,VIPV50_Wp700,AUTUMN
337,public,15.0,37.5,VIPV50_Wp700,AUTUMN
338,home,27.0,67.5,VIPV50_Wp700,AUTUMN
338,work,0.0,0.0,VIPV50_Wp700,AUTUMN
338,public,21.0,52.5,VIPV50_Wp700,AUTUMN
339,home,35.0,87.5,VIPV50_Wp700,AUTUMN
339,work,2.0,5.0,VIPV50_Wp700,AUTUMN
339,public,9.0,22.5,VIPV50_Wp700,AUTUMN
340,home,40.0,100.0,VIPV50_Wp700,AUTUMN
340,work,2.0,5.0,VIPV50_Wp700,AUTUMN
340,public,36.0,90.0,VIPV50_Wp700,AUTUMN
341,home,0.0,0.0,VIPV50_Wp700,AUTUMN
341,work,6.0,15.0,VIPV50_Wp700,AUTUMN
341,public,15.0,37.5,VIPV50_Wp700,AUTUMN
342,home,0.0,0.0,VIPV50_Wp700,AUTUMN
342,work,5.0,12.5,VIPV50_Wp700,AUTUMN
342,public,16.0,40.0,VIPV50_Wp700,AUTUMN
343,home,0.0,0.0,VIPV50_Wp700,AUTUMN
343,work,3.0,7.5,VIPV50_Wp700,AUTUMN
343,public,4.0,10.0,VIPV50_Wp700,AUTUMN
344,home,1.0,2.5,VIPV50_Wp700,AUTUMN
344,work,13.0,32.5,VIPV50_Wp700,AUTUMN
344,public,0.0,0.0,VIPV50_Wp700,AUTUMN
345,home,15.0,37.5,VIPV50_Wp700,AUTUMN
345,work,15.0,37.5,VIPV50_Wp700,AUTUMN
345,public,16.0,40.0,VIPV50_Wp700,AUTUMN
346,home,7.0,17.5,VIPV50_Wp700,AUTUMN
346,work,3.0,7.5,VIPV50_Wp700,AUTUMN
346,public,11.0,27.5,VIPV50_Wp700,AUTUMN
347,home,15.0,37.5,VIPV50_Wp700,AUTUMN
347,work,13.0,32.5,VIPV50_Wp700,AUTUMN
347,public,23.0,57.5,VIPV50_Wp700,AUTUMN
348,home,39.0,97.5,VIPV50_Wp700,AUTUMN
348,work,1.0,2.5,VIPV50_Wp700,AUTUMN
348,public,13.0,32.5,VIPV50_Wp700,AUTUMN
349,home,39.0,97.5,VIPV50_Wp700,AUTUMN
349,work,0.0,0.0,VIPV50_Wp700,AUTUMN
349,public,28.0,70.0,VIPV50_Wp700,AUTUMN
350,home,29.0,72.5,VIPV50_Wp700,AUTUMN
350,work,0.0,0.0,VIPV50_Wp700,AUTUMN
350,public,11.0,27.5,VIPV50_Wp700,AUTUMN
351,home,16.0,40.0,VIPV50_Wp700,AUTUMN
351,work,0.0,0.0,VIPV50_Wp700,AUTUMN
351,public,8.0,20.0,VIPV50_Wp700,AUTUMN
352,home,18.0,45.0,VIPV50_Wp700,AUTUMN
352,work,0.0,0.0,VIPV50_Wp700,AUTUMN
352,public,37.0,92.5,VIPV50_Wp700,AUTUMN
353,home,39.0,97.5,VIPV50_Wp700,AUTUMN
353,work,3.0,7.5,VIPV50_Wp700,AUTUMN
353,public,17.0,42.5,VIPV50_Wp700,AUTUMN
354,home,13.0,32.5,VIPV50_Wp700,AUTUMN
354,work,0.0,0.0,VIPV50_Wp700,AUTUMN
354,public,2.0,5.0,VIPV50_Wp700,AUTUMN
355,home,29.0,72.5,VIPV50_Wp700,AUTUMN
355,work,0.0,0.0,VIPV50_Wp700,AUTUMN
355,public,18.0,45.0,VIPV50_Wp700,AUTUMN
356,home,44.0,110.0,VIPV50_Wp700,AUTUMN
356,work,0.0,0.0,VIPV50_Wp700,AUTUMN
356,public,16.0,40.0,VIPV50_Wp700,AUTUMN
357,home,10.0,25.0,VIPV50_Wp700,AUTUMN
357,work,0.0,0.0,VIPV50_Wp700,AUTUMN
357,public,6.0,15.0,VIPV50_Wp700,AUTUMN
358,home,2.0,5.0,VIPV50_Wp700,AUTUMN
358,work,0.0,0.0,VIPV50_Wp700,AUTUMN
358,public,4.0,10.0,VIPV50_Wp700,AUTUMN
359,home,0.0,0.0,VIPV50_Wp700,AUTUMN
359,work,1.0,2.5,VIPV50_Wp700,AUTUMN
359,public,0.0,0.0,VIPV50_Wp700,AUTUMN
360,home,0.0,0.0,VIPV50_Wp700,AUTUMN
360,work,23.0,57.5,VIPV50_Wp700,AUTUMN
360,public,1.0,2.5,VIPV50_Wp700,AUTUMN
361,home,0.0,0.0,VIPV50_Wp700,AUTUMN
361,work,77.0,192.5,VIPV50_Wp700,AUTUMN
361,public,11.0,27.5,VIPV50_Wp700,AUTUMN
362,home,62.0,155.0,VIPV50_Wp700,AUTUMN
362,work,0.0,0.0,VIPV50_Wp700,AUTUMN
362,public,48.0,120.0,VIPV50_Wp700,AUTUMN
363,home,21.0,52.5,VIPV50_Wp700,AUTUMN
363,work,0.0,0.0,VIPV50_Wp700,AUTUMN
363,public,13.0,32.5,VIPV50_Wp700,AUTUMN
364,home,42.0,105.0,VIPV50_Wp700,AUTUMN
364,work,2.0,5.0,VIPV50_Wp700,AUTUMN
364,public,12.0,30.0,VIPV50_Wp700,AUTUMN
365,home,25.0,62.5,VIPV50_Wp700,AUTUMN
365,work,0.0,0.0,VIPV50_Wp700,AUTUMN
365,public,28.0,70.0,VIPV50_Wp700,AUTUMN
366,home,8.0,20.0,VIPV50_Wp700,AUTUMN
366,work,11.0,27.5,VIPV50_Wp700,AUTUMN
366,public,6.0,15.0,VIPV50_Wp700,AUTUMN
367,home,20.0,50.0,VIPV50_Wp700,AUTUMN
367,work,0.0,0.0,VIPV50_Wp700,AUTUMN
367,public,25.0,62.5,VIPV50_Wp700,AUTUMN
368,home,23.0,57.5,VIPV50_Wp700,AUTUMN
368,work,1.0,2.5,VIPV50_Wp700,AUTUMN
368,public,0.0,0.0,VIPV50_Wp700,AUTUMN
369,home,0.0,0.0,VIPV50_Wp700,AUTUMN
369,work,4.0,10.0,VIPV50_Wp700,AUTUMN
369,public,9.0,22.5,VIPV50_Wp700,AUTUMN
370,home,22.0,55.0,VIPV50_Wp700,AUTUMN
370,work,4.0,10.0,VIPV50_Wp700,AUTUMN
370,public,26.0,65.0,VIPV50_Wp700,AUTUMN
371,home,16.0,40.0,VIPV50_Wp700,AUTUMN
371,work,6.0,15.0,VIPV50_Wp700,AUTUMN
371,public,11.0,27.5,VIPV50_Wp700,AUTUMN
372,home,1.0,2.5,VIPV50_Wp700,AUTUMN
372,work,1.0,2.5,VIPV50_Wp700,AUTUMN
372,public,4.0,10.0,VIPV50_Wp700,AUTUMN
373,home,18.0,45.0,VIPV50_Wp700,AUTUMN
373,work,7.0,17.5,VIPV50_Wp700,AUTUMN
373,public,7.0,17.5,VIPV50_Wp700,AUTUMN
374,home,14.0,35.0,VIPV50_Wp700,AUTUMN
374,work,1.0,2.5,VIPV50_Wp700,AUTUMN
374,public,8.0,20.0,VIPV50_Wp700,AUTUMN
375,home,14.0,35.0,VIPV50_Wp700,AUTUMN
375,work,2.0,5.0,VIPV50_Wp700,AUTUMN
375,public,16.0,40.0,VIPV50_Wp700,AUTUMN
376,home,2.0,5.0,VIPV50_Wp700,AUTUMN
376,work,0.0,0.0,VIPV50_Wp700,AUTUMN
376,public,3.0,7.5,VIPV50_Wp700,AUTUMN
377,home,47.0,117.5,VIPV50_Wp700,AUTUMN
377,work,6.0,15.0,VIPV50_Wp700,AUTUMN
377,public,23.0,57.5,VIPV50_Wp700,AUTUMN
378,home,42.0,105.0,VIPV50_Wp700,AUTUMN
378,work,1.0,2.5,VIPV50_Wp700,AUTUMN
378,public,22.0,55.0,VIPV50_Wp700,AUTUMN
379,home,2.0,5.0,VIPV50_Wp700,AUTUMN
379,work,1.0,2.5,VIPV50_Wp700,AUTUMN
379,public,9.0,22.5,VIPV50_Wp700,AUTUMN
380,home,8.0,20.0,VIPV50_Wp700,AUTUMN
380,work,2.0,5.0,VIPV50_Wp700,AUTUMN
380,public,8.0,20.0,VIPV50_Wp700,AUTUMN
381,home,25.0,62.5,VIPV50_Wp700,AUTUMN
381,work,1.0,2.5,VIPV50_Wp700,AUTUMN
381,public,17.0,42.5,VIPV50_Wp700,AUTUMN
382,home,26.0,65.0,VIPV50_Wp700,AUTUMN
382,work,0.0,0.0,VIPV50_Wp700,AUTUMN
382,public,6.0,15.0,VIPV50_Wp700,AUTUMN
383,home,21.0,52.5,VIPV50_Wp700,AUTUMN
383,work,0.0,0.0,VIPV50_Wp700,AUTUMN
383,public,0.0,0.0,VIPV50_Wp700,AUTUMN
384,home,0.0,0.0,VIPV50_Wp700,AUTUMN
384,work,0.0,0.0,VIPV50_Wp700,AUTUMN
384,public,0.0,0.0,VIPV50_Wp700,AUTUMN
385,home,4.0,10.0,VIPV50_Wp700,AUTUMN
385,work,4.0,10.0,VIPV50_Wp700,AUTUMN
385,public,0.0,0.0,VIPV50_Wp700,AUTUMN
386,home,0.0,0.0,VIPV50_Wp700,AUTUMN
386,work,25.0,62.5,VIPV50_Wp700,AUTUMN
386,public,7.0,17.5,VIPV50_Wp700,AUTUMN
387,home,0.0,0.0,VIPV50_Wp700,AUTUMN
387,work,7.0,17.5,VIPV50_Wp700,AUTUMN
387,public,0.0,0.0,VIPV50_Wp700,AUTUMN
388,home,43.0,107.5,VIPV50_Wp700,AUTUMN
388,work,0.0,0.0,VIPV50_Wp700,AUTUMN
388,public,30.0,75.0,VIPV50_Wp700,AUTUMN
389,home,27.0,67.5,VIPV50_Wp700,AUTUMN
389,work,0.0,0.0,VIPV50_Wp700,AUTUMN
389,public,9.0,22.5,VIPV50_Wp700,AUTUMN
390,home,0.0,0.0,VIPV50_Wp700,AUTUMN
390,work,0.0,0.0,VIPV50_Wp700,AUTUMN
390,public,3.0,7.5,VIPV50_Wp700,AUTUMN
391,home,6.0,15.0,VIPV50_Wp700,AUTUMN
391,work,4.0,10.0,VIPV50_Wp700,AUTUMN
391,public,2.0,5.0,VIPV50_Wp700,AUTUMN
392,home,15.0,37.5,VIPV50_Wp700,AUTUMN
392,work,2.0,5.0,VIPV50_Wp700,AUTUMN
392,public,11.0,27.5,VIPV50_Wp700,AUTUMN
393,home,25.0,62.5,VIPV50_Wp700,AUTUMN
393,work,0.0,0.0,VIPV50_Wp700,AUTUMN
393,public,0.0,0.0,VIPV50_Wp700,AUTUMN
394,home,25.0,62.5,VIPV50_Wp700,AUTUMN
394,work,6.0,15.0,VIPV50_Wp700,AUTUMN
394,public,23.0,57.5,VIPV50_Wp700,AUTUMN
395,home,0.0,0.0,VIPV50_Wp700,AUTUMN
395,work,15.0,37.5,VIPV50_Wp700,AUTUMN
395,public,6.0,15.0,VIPV50_Wp700,AUTUMN
396,home,0.0,0.0,VIPV50_Wp700,AUTUMN
396,work,1.0,2.5,VIPV50_Wp700,AUTUMN
396,public,0.0,0.0,VIPV50_Wp700,AUTUMN
397,home,16.0,40.0,VIPV50_Wp700,AUTUMN
397,work,2.0,5.0,VIPV50_Wp700,AUTUMN
397,public,11.0,27.5,VIPV50_Wp700,AUTUMN
398,home,9.0,22.5,VIPV50_Wp700,AUTUMN
398,work,0.0,0.0,VIPV50_Wp700,AUTUMN
398,public,4.0,10.0,VIPV50_Wp700,AUTUMN
399,home,60.0,150.0,VIPV50_Wp700,AUTUMN
399,work,4.0,10.0,VIPV50_Wp700,AUTUMN
399,public,21.0,52.5,VIPV50_Wp700,AUTUMN
400,home,15.0,37.5,VIPV50_Wp700,AUTUMN
400,work,0.0,0.0,VIPV50_Wp700,AUTUMN
400,public,5.0,12.5,VIPV50_Wp700,AUTUMN
401,home,29.0,72.5,VIPV50_Wp700,AUTUMN
401,work,3.0,7.5,VIPV50_Wp700,AUTUMN
401,public,20.0,50.0,VIPV50_Wp700,AUTUMN
402,home,7.0,17.5,VIPV50_Wp700,AUTUMN
402,work,8.0,20.0,VIPV50_Wp700,AUTUMN
402,public,23.0,57.5,VIPV50_Wp700,AUTUMN
403,home,39.0,97.5,VIPV50_Wp700,AUTUMN
403,work,8.0,20.0,VIPV50_Wp700,AUTUMN
403,public,9.0,22.5,VIPV50_Wp700,AUTUMN
404,home,4.0,10.0,VIPV50_Wp700,AUTUMN
404,work,2.0,5.0,VIPV50_Wp700,AUTUMN
404,public,4.0,10.0,VIPV50_Wp700,AUTUMN
405,home,10.0,25.0,VIPV50_Wp700,AUTUMN
405,work,1.0,2.5,VIPV50_Wp700,AUTUMN
405,public,8.0,20.0,VIPV50_Wp700,AUTUMN
406,home,10.0,25.0,VIPV50_Wp700,AUTUMN
406,work,0.0,0.0,VIPV50_Wp700,AUTUMN
406,public,4.0,10.0,VIPV50_Wp700,AUTUMN
407,home,0.0,0.0,VIPV50_Wp700,AUTUMN
407,work,0.0,0.0,VIPV50_Wp700,AUTUMN
407,public,0.0,0.0,VIPV50_Wp700,AUTUMN
408,home,21.0,52.5,VIPV50_Wp700,AUTUMN
408,work,0.0,0.0,VIPV50_Wp700,AUTUMN
408,public,10.0,25.0,VIPV50_Wp700,AUTUMN
409,home,22.0,55.0,VIPV50_Wp700,AUTUMN
409,work,0.0,0.0,VIPV50_Wp700,AUTUMN
409,public,10.0,25.0,VIPV50_Wp700,AUTUMN
410,home,1.0,2.5,VIPV50_Wp700,AUTUMN
410,work,0.0,0.0,VIPV50_Wp700,AUTUMN
410,public,2.0,5.0,VIPV50_Wp700,AUTUMN
411,home,11.0,27.5,VIPV50_Wp700,AUTUMN
411,work,0.0,0.0,VIPV50_Wp700,AUTUMN
411,public,8.0,20.0,VIPV50_Wp700,AUTUMN
412,home,4.0,10.0,VIPV50_Wp700,AUTUMN
412,work,0.0,0.0,VIPV50_Wp700,AUTUMN
412,public,6.0,15.0,VIPV50_Wp700,AUTUMN
413,home,0.0,0.0,VIPV50_Wp700,AUTUMN
413,work,0.0,0.0,VIPV50_Wp700,AUTUMN
413,public,0.0,0.0,VIPV50_Wp700,AUTUMN
414,home,7.0,17.5,VIPV50_Wp700,AUTUMN
414,work,0.0,0.0,VIPV50_Wp700,AUTUMN
414,public,4.0,10.0,VIPV50_Wp700,AUTUMN
415,home,16.0,40.0,VIPV50_Wp700,AUTUMN
415,work,0.0,0.0,VIPV50_Wp700,AUTUMN
415,public,9.0,22.5,VIPV50_Wp700,AUTUMN
416,home,21.0,52.5,VIPV50_Wp700,AUTUMN
416,work,0.0,0.0,VIPV50_Wp700,AUTUMN
416,public,2.0,5.0,VIPV50_Wp700,AUTUMN
417,home,12.0,30.0,VIPV50_Wp700,AUTUMN
417,work,1.0,2.5,VIPV50_Wp700,AUTUMN
417,public,7.0,17.5,VIPV50_Wp700,AUTUMN
418,home,0.0,0.0,VIPV50_Wp700,AUTUMN
418,work,1.0,2.5,VIPV50_Wp700,AUTUMN
418,public,1.0,2.5,VIPV50_Wp700,AUTUMN
419,home,22.0,55.0,VIPV50_Wp700,AUTUMN
419,work,2.0,5.0,VIPV50_Wp700,AUTUMN
419,public,39.0,97.5,VIPV50_Wp700,AUTUMN
420,home,46.0,115.0,VIPV50_Wp700,AUTUMN
420,work,5.0,12.5,VIPV50_Wp700,AUTUMN
420,public,8.0,20.0,VIPV50_Wp700,AUTUMN
421,home,12.0,30.0,VIPV50_Wp700,AUTUMN
421,work,12.0,30.0,VIPV50_Wp700,AUTUMN
421,public,15.0,37.5,VIPV50_Wp700,AUTUMN
422,home,1.0,2.5,VIPV50_Wp700,AUTUMN
422,work,1.0,2.5,VIPV50_Wp700,AUTUMN
422,public,1.0,2.5,VIPV50_Wp700,AUTUMN
423,home,12.0,30.0,VIPV50_Wp700,AUTUMN
423,work,0.0,0.0,VIPV50_Wp700,AUTUMN
423,public,16.0,40.0,VIPV50_Wp700,AUTUMN
424,home,26.0,65.0,VIPV50_Wp700,AUTUMN
424,work,1.0,2.5,VIPV50_Wp700,AUTUMN
424,public,28.0,70.0,VIPV50_Wp700,AUTUMN
425,home,16.0,40.0,VIPV50_Wp700,AUTUMN
425,work,0.0,0.0,VIPV50_Wp700,AUTUMN
425,public,7.0,17.5,VIPV50_Wp700,AUTUMN
426,home,7.0,17.5,VIPV50_Wp700,AUTUMN
426,work,1.0,2.5,VIPV50_Wp700,AUTUMN
426,public,10.0,25.0,VIPV50_Wp700,AUTUMN
427,home,8.0,20.0,VIPV50_Wp700,AUTUMN
427,work,2.0,5.0,VIPV50_Wp700,AUTUMN
427,public,1.0,2.5,VIPV50_Wp700,AUTUMN
428,home,6.0,15.0,VIPV50_Wp700,AUTUMN
428,work,3.0,7.5,VIPV50_Wp700,AUTUMN
428,public,5.0,12.5,VIPV50_Wp700,AUTUMN
429,home,7.0,17.5,VIPV50_Wp700,AUTUMN
429,work,0.0,0.0,VIPV50_Wp700,AUTUMN
429,public,0.0,0.0,VIPV50_Wp700,AUTUMN
430,home,7.0,17.5,VIPV50_Wp700,AUTUMN
430,work,0.0,0.0,VIPV50_Wp700,AUTUMN
430,public,13.0,32.5,VIPV50_Wp700,AUTUMN
431,home,0.0,0.0,VIPV50_Wp700,AUTUMN
431,work,0.0,0.0,VIPV50_Wp700,AUTUMN
431,public,0.0,0.0,VIPV50_Wp700,AUTUMN
432,home,12.0,30.0,VIPV50_Wp700,AUTUMN
432,work,0.0,0.0,VIPV50_Wp700,AUTUMN
432,public,6.0,15.0,VIPV50_Wp700,AUTUMN
433,home,0.0,0.0,VIPV50_Wp700,AUTUMN
433,work,0.0,0.0,VIPV50_Wp700,AUTUMN
433,public,0.0,0.0,VIPV50_Wp700,AUTUMN
434,home,2.0,5.0,VIPV50_Wp700,AUTUMN
434,work,0.0,0.0,VIPV50_Wp700,AUTUMN
434,public,7.0,17.5,VIPV50_Wp700,AUTUMN
435,home,2.0,5.0,VIPV50_Wp700,AUTUMN
435,work,0.0,0.0,VIPV50_Wp700,AUTUMN
435,public,0.0,0.0,VIPV50_Wp700,AUTUMN
436,home,13.0,32.5,VIPV50_Wp700,AUTUMN
436,work,1.0,2.5,VIPV50_Wp700,AUTUMN
436,public,1.0,2.5,VIPV50_Wp700,AUTUMN
437,home,4.0,10.0,VIPV50_Wp700,AUTUMN
437,work,0.0,0.0,VIPV50_Wp700,AUTUMN
437,public,1.0,2.5,VIPV50_Wp700,AUTUMN
438,home,5.0,12.5,VIPV50_Wp700,AUTUMN
438,work,0.0,0.0,VIPV50_Wp700,AUTUMN
438,public,0.0,0.0,VIPV50_Wp700,AUTUMN
439,home,0.0,0.0,VIPV50_Wp700,AUTUMN
439,work,0.0,0.0,VIPV50_Wp700,AUTUMN
439,public,0.0,0.0,VIPV50_Wp700,AUTUMN
440,home,6.0,15.0,VIPV50_Wp700,AUTUMN
440,work,0.0,0.0,VIPV50_Wp700,AUTUMN
440,public,2.0,5.0,VIPV50_Wp700,AUTUMN
441,home,46.0,115.0,VIPV50_Wp700,AUTUMN
441,work,2.0,5.0,VIPV50_Wp700,AUTUMN
441,public,19.0,47.5,VIPV50_Wp700,AUTUMN
442,home,13.0,32.5,VIPV50_Wp700,AUTUMN
442,work,1.0,2.5,VIPV50_Wp700,AUTUMN
442,public,9.0,22.5,VIPV50_Wp700,AUTUMN
443,home,21.0,52.5,VIPV50_Wp700,AUTUMN
443,work,0.0,0.0,VIPV50_Wp700,AUTUMN
443,public,8.0,20.0,VIPV50_Wp700,AUTUMN
444,home,29.0,72.5,VIPV50_Wp700,AUTUMN
444,work,0.0,0.0,VIPV50_Wp700,AUTUMN
444,public,8.0,20.0,VIPV50_Wp700,AUTUMN
445,home,46.0,115.0,VIPV50_Wp700,AUTUMN
445,work,5.0,12.5,VIPV50_Wp700,AUTUMN
445,public,51.0,127.5,VIPV50_Wp700,AUTUMN
446,home,0.0,0.0,VIPV50_Wp700,AUTUMN
446,work,15.0,37.5,VIPV50_Wp700,AUTUMN
446,public,0.0,0.0,VIPV50_Wp700,AUTUMN
447,home,0.0,0.0,VIPV50_Wp700,AUTUMN
447,work,3.0,7.5,VIPV50_Wp700,AUTUMN
447,public,2.0,5.0,VIPV50_Wp700,AUTUMN
448,home,27.0,67.5,VIPV50_Wp700,AUTUMN
448,work,4.0,10.0,VIPV50_Wp700,AUTUMN
448,public,17.0,42.5,VIPV50_Wp700,AUTUMN
449,home,23.0,57.5,VIPV50_Wp700,AUTUMN
449,work,0.0,0.0,VIPV50_Wp700,AUTUMN
449,public,8.0,20.0,VIPV50_Wp700,AUTUMN
450,home,36.0,90.0,VIPV50_Wp700,AUTUMN
450,work,1.0,2.5,VIPV50_Wp700,AUTUMN
450,public,19.0,47.5,VIPV50_Wp700,AUTUMN
451,home,28.0,70.0,VIPV50_Wp700,AUTUMN
451,work,1.0,2.5,VIPV50_Wp700,AUTUMN
451,public,13.0,32.5,VIPV50_Wp700,AUTUMN
452,home,5.0,12.5,VIPV50_Wp700,AUTUMN
452,work,0.0,0.0,VIPV50_Wp700,AUTUMN
452,public,2.0,5.0,VIPV50_Wp700,AUTUMN
453,home,2.0,5.0,VIPV50_Wp700,AUTUMN
453,work,0.0,0.0,VIPV50_Wp700,AUTUMN
453,public,0.0,0.0,VIPV50_Wp700,AUTUMN
454,home,24.0,60.0,VIPV50_Wp700,AUTUMN
454,work,0.0,0.0,VIPV50_Wp700,AUTUMN
454,public,1.0,2.5,VIPV50_Wp700,AUTUMN
455,home,2.0,5.0,VIPV50_Wp700,AUTUMN
455,work,0.0,0.0,VIPV50_Wp700,AUTUMN
455,public,5.0,12.5,VIPV50_Wp700,AUTUMN
456,home,1.0,2.5,VIPV50_Wp700,AUTUMN
456,work,0.0,0.0,VIPV50_Wp700,AUTUMN
456,public,2.0,5.0,VIPV50_Wp700,AUTUMN
457,home,0.0,0.0,VIPV50_Wp700,AUTUMN
457,work,0.0,0.0,VIPV50_Wp700,AUTUMN
457,public,0.0,0.0,VIPV50_Wp700,AUTUMN
458,home,0.0,0.0,VIPV50_Wp700,AUTUMN
458,work,13.0,32.5,VIPV50_Wp700,AUTUMN
458,public,2.0,5.0,VIPV50_Wp700,AUTUMN
459,home,0.0,0.0,VIPV50_Wp700,AUTUMN
459,work,0.0,0.0,VIPV50_Wp700,AUTUMN
459,public,0.0,0.0,VIPV50_Wp700,AUTUMN
460,home,23.0,57.5,VIPV50_Wp700,AUTUMN
460,work,2.0,5.0,VIPV50_Wp700,AUTUMN
460,public,25.0,62.5,VIPV50_Wp700,AUTUMN
461,home,31.0,77.5,VIPV50_Wp700,AUTUMN
461,work,3.0,7.5,VIPV50_Wp700,AUTUMN
461,public,18.0,45.0,VIPV50_Wp700,AUTUMN
462,home,18.0,45.0,VIPV50_Wp700,AUTUMN
462,work,3.0,7.5,VIPV50_Wp700,AUTUMN
462,public,9.0,22.5,VIPV50_Wp700,AUTUMN
463,home,40.0,100.0,VIPV50_Wp700,AUTUMN
463,work,0.0,0.0,VIPV50_Wp700,AUTUMN
463,public,7.0,17.5,VIPV50_Wp700,AUTUMN
464,home,12.0,30.0,VIPV50_Wp700,AUTUMN
464,work,1.0,2.5,VIPV50_Wp700,AUTUMN
464,public,4.0,10.0,VIPV50_Wp700,AUTUMN
465,home,4.0,10.0,VIPV50_Wp700,AUTUMN
465,work,2.0,5.0,VIPV50_Wp700,AUTUMN
465,public,0.0,0.0,VIPV50_Wp700,AUTUMN
466,home,0.0,0.0,VIPV50_Wp700,AUTUMN
466,work,2.0,5.0,VIPV50_Wp700,AUTUMN
466,public,4.0,10.0,VIPV50_Wp700,AUTUMN
467,home,3.0,7.5,VIPV50_Wp700,AUTUMN
467,work,2.0,5.0,VIPV50_Wp700,AUTUMN
467,public,0.0,0.0,VIPV50_Wp700,AUTUMN
468,home,52.0,130.0,VIPV50_Wp700,AUTUMN
468,work,2.0,5.0,VIPV50_Wp700,AUTUMN
468,public,49.0,122.5,VIPV50_Wp700,AUTUMN
469,home,40.0,100.0,VIPV50_Wp700,AUTUMN
469,work,5.0,12.5,VIPV50_Wp700,AUTUMN
469,public,15.0,37.5,VIPV50_Wp700,AUTUMN
470,home,51.0,127.5,VIPV50_Wp700,AUTUMN
470,work,0.0,0.0,VIPV50_Wp700,AUTUMN
470,public,60.0,150.0,VIPV50_Wp700,AUTUMN
471,home,3.0,7.5,VIPV50_Wp700,AUTUMN
471,work,4.0,10.0,VIPV50_Wp700,AUTUMN
471,public,0.0,0.0,VIPV50_Wp700,AUTUMN
472,home,4.0,10.0,VIPV50_Wp700,AUTUMN
472,work,0.0,0.0,VIPV50_Wp700,AUTUMN
472,public,0.0,0.0,VIPV50_Wp700,AUTUMN
473,home,0.0,0.0,VIPV50_Wp700,AUTUMN
473,work,0.0,0.0,VIPV50_Wp700,AUTUMN
473,public,3.0,7.5,VIPV50_Wp700,AUTUMN
474,home,8.0,20.0,VIPV50_Wp700,AUTUMN
474,work,1.0,2.5,VIPV50_Wp700,AUTUMN
474,public,1.0,2.5,VIPV50_Wp700,AUTUMN
475,home,8.0,20.0,VIPV50_Wp700,AUTUMN
475,work,0.0,0.0,VIPV50_Wp700,AUTUMN
475,public,14.0,35.0,VIPV50_Wp700,AUTUMN
476,home,17.0,42.5,VIPV50_Wp700,AUTUMN
476,work,1.0,2.5,VIPV50_Wp700,AUTUMN
476,public,1.0,2.5,VIPV50_Wp700,AUTUMN
477,home,2.0,5.0,VIPV50_Wp700,AUTUMN
477,work,0.0,0.0,VIPV50_Wp700,AUTUMN
477,public,0.0,0.0,VIPV50_Wp700,AUTUMN
478,home,2.0,5.0,VIPV50_Wp700,AUTUMN
478,work,0.0,0.0,VIPV50_Wp700,AUTUMN
478,public,0.0,0.0,VIPV50_Wp700,AUTUMN
479,home,15.0,37.5,VIPV50_Wp700,AUTUMN
479,work,0.0,0.0,VIPV50_Wp700,AUTUMN
479,public,3.0,7.5,VIPV50_Wp700,AUTUMN
480,home,6.0,15.0,VIPV50_Wp700,AUTUMN
480,work,0.0,0.0,VIPV50_Wp700,AUTUMN
480,public,10.0,25.0,VIPV50_Wp700,AUTUMN
481,home,4.0,10.0,VIPV50_Wp700,AUTUMN
481,work,3.0,7.5,VIPV50_Wp700,AUTUMN
481,public,0.0,0.0,VIPV50_Wp700,AUTUMN
482,home,7.0,17.5,VIPV50_Wp700,AUTUMN
482,work,0.0,0.0,VIPV50_Wp700,AUTUMN
482,public,1.0,2.5,VIPV50_Wp700,AUTUMN
483,home,0.0,0.0,VIPV50_Wp700,AUTUMN
483,work,10.0,25.0,VIPV50_Wp700,AUTUMN
483,public,5.0,12.5,VIPV50_Wp700,AUTUMN
484,home,27.0,67.5,VIPV50_Wp700,AUTUMN
484,work,0.0,0.0,VIPV50_Wp700,AUTUMN
484,public,11.0,27.5,VIPV50_Wp700,AUTUMN
485,home,12.0,30.0,VIPV50_Wp700,AUTUMN
485,work,1.0,2.5,VIPV50_Wp700,AUTUMN
485,public,4.0,10.0,VIPV50_Wp700,AUTUMN
486,home,21.0,52.5,VIPV50_Wp700,AUTUMN
486,work,0.0,0.0,VIPV50_Wp700,AUTUMN
486,public,17.0,42.5,VIPV50_Wp700,AUTUMN
487,home,3.0,7.5,VIPV50_Wp700,AUTUMN
487,work,0.0,0.0,VIPV50_Wp700,AUTUMN
487,public,0.0,0.0,VIPV50_Wp700,AUTUMN
488,home,0.0,0.0,VIPV50_Wp700,AUTUMN
488,work,0.0,0.0,VIPV50_Wp700,AUTUMN
488,public,0.0,0.0,VIPV50_Wp700,AUTUMN
489,home,0.0,0.0,VIPV50_Wp700,AUTUMN
489,work,0.0,0.0,VIPV50_Wp700,AUTUMN
489,public,0.0,0.0,VIPV50_Wp700,AUTUMN
490,home,1.0,2.5,VIPV50_Wp700,AUTUMN
490,work,0.0,0.0,VIPV50_Wp700,AUTUMN
490,public,0.0,0.0,VIPV50_Wp700,AUTUMN
491,home,6.0,15.0,VIPV50_Wp700,AUTUMN
491,work,0.0,0.0,VIPV50_Wp700,AUTUMN
491,public,0.0,0.0,VIPV50_Wp700,AUTUMN
492,home,6.0,15.0,VIPV50_Wp700,AUTUMN
492,work,0.0,0.0,VIPV50_Wp700,AUTUMN
492,public,4.0,10.0,VIPV50_Wp700,AUTUMN
493,home,2.0,5.0,VIPV50_Wp700,AUTUMN
493,work,0.0,0.0,VIPV50_Wp700,AUTUMN
493,public,3.0,7.5,VIPV50_Wp700,AUTUMN
494,home,0.0,0.0,VIPV50_Wp700,AUTUMN
494,work,2.0,5.0,VIPV50_Wp700,AUTUMN
494,public,0.0,0.0,VIPV50_Wp700,AUTUMN
495,home,0.0,0.0,VIPV50_Wp700,AUTUMN
495,work,0.0,0.0,VIPV50_Wp700,AUTUMN
495,public,1.0,2.5,VIPV50_Wp700,AUTUMN
496,home,0.0,0.0,VIPV50_Wp700,AUTUMN
496,work,0.0,0.0,VIPV50_Wp700,AUTUMN
496,public,1.0,2.5,VIPV50_Wp700,AUTUMN
497,home,0.0,0.0,VIPV50_Wp700,AUTUMN
497,work,1.0,2.5,VIPV50_Wp700,AUTUMN
497,public,1.0,2.5,VIPV50_Wp700,AUTUMN
498,home,0.0,0.0,VIPV50_Wp700,AUTUMN
498,work,7.0,17.5,VIPV50_Wp700,AUTUMN
498,public,8.0,20.0,VIPV50_Wp700,AUTUMN
499,home,27.0,67.5,VIPV50_Wp700,AUTUMN
499,work,2.0,5.0,VIPV50_Wp700,AUTUMN
499,public,35.0,87.5,VIPV50_Wp700,AUTUMN
500,home,40.0,100.0,VIPV50_Wp700,AUTUMN
500,work,3.0,7.5,VIPV50_Wp700,AUTUMN
500,public,21.0,52.5,VIPV50_Wp700,AUTUMN
501,home,9.0,22.5,VIPV50_Wp700,AUTUMN
501,work,0.0,0.0,VIPV50_Wp700,AUTUMN
501,public,11.0,27.5,VIPV50_Wp700,AUTUMN
502,home,0.0,0.0,VIPV50_Wp700,AUTUMN
502,work,1.0,2.5,VIPV50_Wp700,AUTUMN
502,public,2.0,5.0,VIPV50_Wp700,AUTUMN
503,home,0.0,0.0,VIPV50_Wp700,AUTUMN
503,work,0.0,0.0,VIPV50_Wp700,AUTUMN
503,public,1.0,2.5,VIPV50_Wp700,AUTUMN
504,home,1.0,2.5,VIPV50_Wp700,AUTUMN
504,work,0.0,0.0,VIPV50_Wp700,AUTUMN
504,public,0.0,0.0,VIPV50_Wp700,AUTUMN
505,home,7.0,17.5,VIPV50_Wp700,AUTUMN
505,work,0.0,0.0,VIPV50_Wp700,AUTUMN
505,public,6.0,15.0,VIPV50_Wp700,AUTUMN
506,home,6.0,15.0,VIPV50_Wp700,AUTUMN
506,work,1.0,2.5,VIPV50_Wp700,AUTUMN
506,public,11.0,27.5,VIPV50_Wp700,AUTUMN
507,home,0.0,0.0,VIPV50_Wp700,AUTUMN
507,work,0.0,0.0,VIPV50_Wp700,AUTUMN
507,public,2.0,5.0,VIPV50_Wp700,AUTUMN
508,home,0.0,0.0,VIPV50_Wp700,AUTUMN
508,work,0.0,0.0,VIPV50_Wp700,AUTUMN
508,public,0.0,0.0,VIPV50_Wp700,AUTUMN
509,home,1.0,2.5,VIPV50_Wp700,AUTUMN
509,work,0.0,0.0,VIPV50_Wp700,AUTUMN
509,public,0.0,0.0,VIPV50_Wp700,AUTUMN
510,home,0.0,0.0,VIPV50_Wp700,AUTUMN
510,work,0.0,0.0,VIPV50_Wp700,AUTUMN
510,public,0.0,0.0,VIPV50_Wp700,AUTUMN
511,home,7.0,17.5,VIPV50_Wp700,AUTUMN
511,work,0.0,0.0,VIPV50_Wp700,AUTUMN
511,public,0.0,0.0,VIPV50_Wp700,AUTUMN
512,home,0.0,0.0,VIPV50_Wp700,AUTUMN
512,work,7.0,17.5,VIPV50_Wp700,AUTUMN
512,public,3.0,7.5,VIPV50_Wp700,AUTUMN
513,home,0.0,0.0,VIPV50_Wp700,AUTUMN
513,work,0.0,0.0,VIPV50_Wp700,AUTUMN
513,public,1.0,2.5,VIPV50_Wp700,AUTUMN
514,home,24.0,60.0,VIPV50_Wp700,AUTUMN
514,work,2.0,5.0,VIPV50_Wp700,AUTUMN
514,public,0.0,0.0,VIPV50_Wp700,AUTUMN
515,home,50.0,125.0,VIPV50_Wp700,AUTUMN
515,work,5.0,12.5,VIPV50_Wp700,AUTUMN
515,public,16.0,40.0,VIPV50_Wp700,AUTUMN
516,home,4.0,10.0,VIPV50_Wp700,AUTUMN
516,work,0.0,0.0,VIPV50_Wp700,AUTUMN
516,public,12.0,30.0,VIPV50_Wp700,AUTUMN
517,home,9.0,22.5,VIPV50_Wp700,AUTUMN
517,work,0.0,0.0,VIPV50_Wp700,AUTUMN
517,public,0.0,0.0,VIPV50_Wp700,AUTUMN
518,home,2.0,5.0,VIPV50_Wp700,AUTUMN
518,work,1.0,2.5,VIPV50_Wp700,AUTUMN
518,public,1.0,2.5,VIPV50_Wp700,AUTUMN
519,home,4.0,10.0,VIPV50_Wp700,AUTUMN
519,work,0.0,0.0,VIPV50_Wp700,AUTUMN
519,public,4.0,10.0,VIPV50_Wp700,AUTUMN
520,home,1.0,2.5,VIPV50_Wp700,AUTUMN
520,work,0.0,0.0,VIPV50_Wp700,AUTUMN
520,public,0.0,0.0,VIPV50_Wp700,AUTUMN
521,home,8.0,20.0,VIPV50_Wp700,AUTUMN
521,work,0.0,0.0,VIPV50_Wp700,AUTUMN
521,public,0.0,0.0,VIPV50_Wp700,AUTUMN
522,home,13.0,32.5,VIPV50_Wp700,AUTUMN
522,work,0.0,0.0,VIPV50_Wp700,AUTUMN
522,public,1.0,2.5,VIPV50_Wp700,AUTUMN
523,home,2.0,5.0,VIPV50_Wp700,AUTUMN
523,work,0.0,0.0,VIPV50_Wp700,AUTUMN
523,public,0.0,0.0,VIPV50_Wp700,AUTUMN
524,home,1.0,2.5,VIPV50_Wp700,AUTUMN
524,work,3.0,7.5,VIPV50_Wp700,AUTUMN
524,public,0.0,0.0,VIPV50_Wp700,AUTUMN
525,home,2.0,5.0,VIPV50_Wp700,AUTUMN
525,work,0.0,0.0,VIPV50_Wp700,AUTUMN
525,public,0.0,0.0,VIPV50_Wp700,AUTUMN
526,home,0.0,0.0,VIPV50_Wp700,AUTUMN
526,work,0.0,0.0,VIPV50_Wp700,AUTUMN
526,public,0.0,0.0,VIPV50_Wp700,AUTUMN
527,home,2.0,5.0,VIPV50_Wp700,AUTUMN
527,work,0.0,0.0,VIPV50_Wp700,AUTUMN
527,public,4.0,10.0,VIPV50_Wp700,AUTUMN
528,home,0.0,0.0,VIPV50_Wp700,AUTUMN
528,work,0.0,0.0,VIPV50_Wp700,AUTUMN
528,public,2.0,5.0,VIPV50_Wp700,AUTUMN
529,home,1.0,2.5,VIPV50_Wp700,AUTUMN
529,work,0.0,0.0,VIPV50_Wp700,AUTUMN
529,public,0.0,0.0,VIPV50_Wp700,AUTUMN
530,home,4.0,10.0,VIPV50_Wp700,AUTUMN
530,work,3.0,7.5,VIPV50_Wp700,AUTUMN
530,public,2.0,5.0,VIPV50_Wp700,AUTUMN
531,home,0.0,0.0,VIPV50_Wp700,AUTUMN
531,work,1.0,2.5,VIPV50_Wp700,AUTUMN
531,public,0.0,0.0,VIPV50_Wp700,AUTUMN
532,home,3.0,7.5,VIPV50_Wp700,AUTUMN
532,work,0.0,0.0,VIPV50_Wp700,AUTUMN
532,public,0.0,0.0,VIPV50_Wp700,AUTUMN
533,home,14.0,35.0,VIPV50_Wp700,AUTUMN
533,work,0.0,0.0,VIPV50_Wp700,AUTUMN
533,public,7.0,17.5,VIPV50_Wp700,AUTUMN
534,home,7.0,17.5,VIPV50_Wp700,AUTUMN
534,work,0.0,0.0,VIPV50_Wp700,AUTUMN
534,public,1.0,2.5,VIPV50_Wp700,AUTUMN
535,home,0.0,0.0,VIPV50_Wp700,AUTUMN
535,work,0.0,0.0,VIPV50_Wp700,AUTUMN
535,public,1.0,2.5,VIPV50_Wp700,AUTUMN
536,home,4.0,10.0,VIPV50_Wp700,AUTUMN
536,work,0.0,0.0,VIPV50_Wp700,AUTUMN
536,public,4.0,10.0,VIPV50_Wp700,AUTUMN
537,home,12.0,30.0,VIPV50_Wp700,AUTUMN
537,work,1.0,2.5,VIPV50_Wp700,AUTUMN
537,public,0.0,0.0,VIPV50_Wp700,AUTUMN
538,home,10.0,25.0,VIPV50_Wp700,AUTUMN
538,work,0.0,0.0,VIPV50_Wp700,AUTUMN
538,public,0.0,0.0,VIPV50_Wp700,AUTUMN
539,home,20.0,50.0,VIPV50_Wp700,AUTUMN
539,work,0.0,0.0,VIPV50_Wp700,AUTUMN
539,public,3.0,7.5,VIPV50_Wp700,AUTUMN
540,home,18.0,45.0,VIPV50_Wp700,AUTUMN
540,work,0.0,0.0,VIPV50_Wp700,AUTUMN
540,public,5.0,12.5,VIPV50_Wp700,AUTUMN
541,home,1.0,2.5,VIPV50_Wp700,AUTUMN
541,work,0.0,0.0,VIPV50_Wp700,AUTUMN
541,public,3.0,7.5,VIPV50_Wp700,AUTUMN
542,home,0.0,0.0,VIPV50_Wp700,AUTUMN
542,work,2.0,5.0,VIPV50_Wp700,AUTUMN
542,public,1.0,2.5,VIPV50_Wp700,AUTUMN
543,home,2.0,5.0,VIPV50_Wp700,AUTUMN
543,work,0.0,0.0,VIPV50_Wp700,AUTUMN
543,public,2.0,5.0,VIPV50_Wp700,AUTUMN
544,home,2.0,5.0,VIPV50_Wp700,AUTUMN
544,work,0.0,0.0,VIPV50_Wp700,AUTUMN
544,public,0.0,0.0,VIPV50_Wp700,AUTUMN
545,home,0.0,0.0,VIPV50_Wp700,AUTUMN
545,work,0.0,0.0,VIPV50_Wp700,AUTUMN
545,public,0.0,0.0,VIPV50_Wp700,AUTUMN
546,home,0.0,0.0,VIPV50_Wp700,AUTUMN
546,work,0.0,0.0,VIPV50_Wp700,AUTUMN
546,public,2.0,5.0,VIPV50_Wp700,AUTUMN
547,home,0.0,0.0,VIPV50_Wp700,AUTUMN
547,work,0.0,0.0,VIPV50_Wp700,AUTUMN
547,public,0.0,0.0,VIPV50_Wp700,AUTUMN
548,home,13.0,32.5,VIPV50_Wp700,AUTUMN
548,work,0.0,0.0,VIPV50_Wp700,AUTUMN
548,public,13.0,32.5,VIPV50_Wp700,AUTUMN
549,home,71.0,177.5,VIPV50_Wp700,AUTUMN
549,work,5.0,12.5,VIPV50_Wp700,AUTUMN
549,public,26.0,65.0,VIPV50_Wp700,AUTUMN
550,home,2.0,5.0,VIPV50_Wp700,AUTUMN
550,work,0.0,0.0,VIPV50_Wp700,AUTUMN
550,public,8.0,20.0,VIPV50_Wp700,AUTUMN
551,home,2.0,5.0,VIPV50_Wp700,AUTUMN
551,work,0.0,0.0,VIPV50_Wp700,AUTUMN
551,public,1.0,2.5,VIPV50_Wp700,AUTUMN
552,home,0.0,0.0,VIPV50_Wp700,AUTUMN
552,work,1.0,2.5,VIPV50_Wp700,AUTUMN
552,public,5.0,12.5,VIPV50_Wp700,AUTUMN
553,home,7.0,17.5,VIPV50_Wp700,AUTUMN
553,work,5.0,12.5,VIPV50_Wp700,AUTUMN
553,public,4.0,10.0,VIPV50_Wp700,AUTUMN
554,home,0.0,0.0,VIPV50_Wp700,AUTUMN
554,work,0.0,0.0,VIPV50_Wp700,AUTUMN
554,public,1.0,2.5,VIPV50_Wp700,AUTUMN
555,home,2.0,5.0,VIPV50_Wp700,AUTUMN
555,work,0.0,0.0,VIPV50_Wp700,AUTUMN
555,public,6.0,15.0,VIPV50_Wp700,AUTUMN
556,home,3.0,7.5,VIPV50_Wp700,AUTUMN
556,work,0.0,0.0,VIPV50_Wp700,AUTUMN
556,public,2.0,5.0,VIPV50_Wp700,AUTUMN
557,home,16.0,40.0,VIPV50_Wp700,AUTUMN
557,work,0.0,0.0,VIPV50_Wp700,AUTUMN
557,public,5.0,12.5,VIPV50_Wp700,AUTUMN
558,home,33.0,82.5,VIPV50_Wp700,AUTUMN
558,work,1.0,2.5,VIPV50_Wp700,AUTUMN
558,public,1.0,2.5,VIPV50_Wp700,AUTUMN
559,home,0.0,0.0,VIPV50_Wp700,AUTUMN
559,work,0.0,0.0,VIPV50_Wp700,AUTUMN
559,public,0.0,0.0,VIPV50_Wp700,AUTUMN
560,home,0.0,0.0,VIPV50_Wp700,AUTUMN
560,work,0.0,0.0,VIPV50_Wp700,AUTUMN
560,public,2.0,5.0,VIPV50_Wp700,AUTUMN
561,home,1.0,2.5,VIPV50_Wp700,AUTUMN
561,work,0.0,0.0,VIPV50_Wp700,AUTUMN
561,public,0.0,0.0,VIPV50_Wp700,AUTUMN
562,home,1.0,2.5,VIPV50_Wp700,AUTUMN
562,work,0.0,0.0,VIPV50_Wp700,AUTUMN
562,public,0.0,0.0,VIPV50_Wp700,AUTUMN
563,home,35.0,87.5,VIPV50_Wp700,AUTUMN
563,work,0.0,0.0,VIPV50_Wp700,AUTUMN
563,public,3.0,7.5,VIPV50_Wp700,AUTUMN
564,home,4.0,10.0,VIPV50_Wp700,AUTUMN
564,work,0.0,0.0,VIPV50_Wp700,AUTUMN
564,public,0.0,0.0,VIPV50_Wp700,AUTUMN
565,home,4.0,10.0,VIPV50_Wp700,AUTUMN
565,work,0.0,0.0,VIPV50_Wp700,AUTUMN
565,public,3.0,7.5,VIPV50_Wp700,AUTUMN
566,home,24.0,60.0,VIPV50_Wp700,AUTUMN
566,work,8.0,20.0,VIPV50_Wp700,AUTUMN
566,public,8.0,20.0,VIPV50_Wp700,AUTUMN
567,home,16.0,40.0,VIPV50_Wp700,AUTUMN
567,work,0.0,0.0,VIPV50_Wp700,AUTUMN
567,public,14.0,35.0,VIPV50_Wp700,AUTUMN
568,home,21.0,52.5,VIPV50_Wp700,AUTUMN
568,work,3.0,7.5,VIPV50_Wp700,AUTUMN
568,public,22.0,55.0,VIPV50_Wp700,AUTUMN
569,home,68.0,170.0,VIPV50_Wp700,AUTUMN
569,work,4.0,10.0,VIPV50_Wp700,AUTUMN
569,public,11.0,27.5,VIPV50_Wp700,AUTUMN
570,home,26.0,65.0,VIPV50_Wp700,AUTUMN
570,work,0.0,0.0,VIPV50_Wp700,AUTUMN
570,public,9.0,22.5,VIPV50_Wp700,AUTUMN
571,home,16.0,40.0,VIPV50_Wp700,AUTUMN
571,work,0.0,0.0,VIPV50_Wp700,AUTUMN
571,public,4.0,10.0,VIPV50_Wp700,AUTUMN
572,home,8.0,20.0,VIPV50_Wp700,AUTUMN
572,work,0.0,0.0,VIPV50_Wp700,AUTUMN
572,public,0.0,0.0,VIPV50_Wp700,AUTUMN
573,home,0.0,0.0,VIPV50_Wp700,AUTUMN
573,work,0.0,0.0,VIPV50_Wp700,AUTUMN
573,public,2.0,5.0,VIPV50_Wp700,AUTUMN
574,home,49.0,122.5,VIPV50_Wp700,AUTUMN
574,work,0.0,0.0,VIPV50_Wp700,AUTUMN
574,public,13.0,32.5,VIPV50_Wp700,AUTUMN
575,home,26.0,65.0,VIPV50_Wp700,AUTUMN
575,work,0.0,0.0,VIPV50_Wp700,AUTUMN
575,public,3.0,7.5,VIPV50_Wp700,AUTUMN
576,home,2.0,5.0,VIPV50_Wp700,AUTUMN
576,work,0.0,0.0,VIPV50_Wp700,AUTUMN
576,public,0.0,0.0,VIPV50_Wp700,AUTUMN
577,home,69.0,172.5,VIPV50_Wp700,AUTUMN
577,work,2.0,5.0,VIPV50_Wp700,AUTUMN
577,public,39.0,97.5,VIPV50_Wp700,AUTUMN
578,home,22.0,55.0,VIPV50_Wp700,AUTUMN
578,work,2.0,5.0,VIPV50_Wp700,AUTUMN
578,public,17.0,42.5,VIPV50_Wp700,AUTUMN
579,home,10.0,25.0,VIPV50_Wp700,AUTUMN
579,work,1.0,2.5,VIPV50_Wp700,AUTUMN
579,public,11.0,27.5,VIPV50_Wp700,AUTUMN
580,home,28.0,70.0,VIPV50_Wp700,AUTUMN
580,work,1.0,2.5,VIPV50_Wp700,AUTUMN
580,public,7.0,17.5,VIPV50_Wp700,AUTUMN
581,home,1.0,2.5,VIPV50_Wp700,AUTUMN
581,work,0.0,0.0,VIPV50_Wp700,AUTUMN
581,public,0.0,0.0,VIPV50_Wp700,AUTUMN
582,home,0.0,0.0,VIPV50_Wp700,AUTUMN
582,work,0.0,0.0,VIPV50_Wp700,AUTUMN
582,public,1.0,2.5,VIPV50_Wp700,AUTUMN
583,home,13.0,32.5,VIPV50_Wp700,AUTUMN
583,work,0.0,0.0,VIPV50_Wp700,AUTUMN
583,public,1.0,2.5,VIPV50_Wp700,AUTUMN
584,home,25.0,62.5,VIPV50_Wp700,AUTUMN
584,work,0.0,0.0,VIPV50_Wp700,AUTUMN
584,public,9.0,22.5,VIPV50_Wp700,AUTUMN
585,home,29.0,72.5,VIPV50_Wp700,AUTUMN
585,work,1.0,2.5,VIPV50_Wp700,AUTUMN
585,public,0.0,0.0,VIPV50_Wp700,AUTUMN
586,home,36.0,90.0,VIPV50_Wp700,AUTUMN
586,work,1.0,2.5,VIPV50_Wp700,AUTUMN
586,public,30.0,75.0,VIPV50_Wp700,AUTUMN
0,home,21.0,52.5,VIPV50_Wp700,WINTER
0,work,0.0,0.0,VIPV50_Wp700,WINTER
0,public,0.0,0.0,VIPV50_Wp700,WINTER
1,home,41.0,102.5,VIPV50_Wp700,WINTER
1,work,6.0,15.0,VIPV50_Wp700,WINTER
1,public,0.0,0.0,VIPV50_Wp700,WINTER
2,home,9.0,22.5,VIPV50_Wp700,WINTER
2,work,1.0,2.5,VIPV50_Wp700,WINTER
2,public,0.0,0.0,VIPV50_Wp700,WINTER
3,home,11.0,27.5,VIPV50_Wp700,WINTER
3,work,2.0,5.0,VIPV50_Wp700,WINTER
3,public,0.0,0.0,VIPV50_Wp700,WINTER
4,home,0.0,0.0,VIPV50_Wp700,WINTER
4,work,0.0,0.0,VIPV50_Wp700,WINTER
4,public,0.0,0.0,VIPV50_Wp700,WINTER
5,home,17.0,42.5,VIPV50_Wp700,WINTER
5,work,3.0,7.5,VIPV50_Wp700,WINTER
5,public,0.0,0.0,VIPV50_Wp700,WINTER
6,home,17.0,42.5,VIPV50_Wp700,WINTER
6,work,1.0,2.5,VIPV50_Wp700,WINTER
6,public,0.0,0.0,VIPV50_Wp700,WINTER
7,home,14.0,35.0,VIPV50_Wp700,WINTER
7,work,0.0,0.0,VIPV50_Wp700,WINTER
7,public,0.0,0.0,VIPV50_Wp700,WINTER
8,home,4.0,10.0,VIPV50_Wp700,WINTER
8,work,0.0,0.0,VIPV50_Wp700,WINTER
8,public,0.0,0.0,VIPV50_Wp700,WINTER
9,home,4.0,10.0,VIPV50_Wp700,WINTER
9,work,0.0,0.0,VIPV50_Wp700,WINTER
9,public,0.0,0.0,VIPV50_Wp700,WINTER
10,home,27.0,67.5,VIPV50_Wp700,WINTER
10,work,1.0,2.5,VIPV50_Wp700,WINTER
10,public,0.0,0.0,VIPV50_Wp700,WINTER
11,home,25.0,62.5,VIPV50_Wp700,WINTER
11,work,4.0,10.0,VIPV50_Wp700,WINTER
11,public,0.0,0.0,VIPV50_Wp700,WINTER
12,home,15.0,37.5,VIPV50_Wp700,WINTER
12,work,5.0,12.5,VIPV50_Wp700,WINTER
12,public,0.0,0.0,VIPV50_Wp700,WINTER
13,home,7.0,17.5,VIPV50_Wp700,WINTER
13,work,4.0,10.0,VIPV50_Wp700,WINTER
13,public,0.0,0.0,VIPV50_Wp700,WINTER
14,home,5.0,12.5,VIPV50_Wp700,WINTER
14,work,0.0,0.0,VIPV50_Wp700,WINTER
14,public,0.0,0.0,VIPV50_Wp700,WINTER
15,home,2.0,5.0,VIPV50_Wp700,WINTER
15,work,3.0,7.5,VIPV50_Wp700,WINTER
15,public,0.0,0.0,VIPV50_Wp700,WINTER
16,home,3.0,7.5,VIPV50_Wp700,WINTER
16,work,1.0,2.5,VIPV50_Wp700,WINTER
16,public,0.0,0.0,VIPV50_Wp700,WINTER
17,home,14.0,35.0,VIPV50_Wp700,WINTER
17,work,0.0,0.0,VIPV50_Wp700,WINTER
17,public,0.0,0.0,VIPV50_Wp700,WINTER
18,home,11.0,27.5,VIPV50_Wp700,WINTER
18,work,0.0,0.0,VIPV50_Wp700,WINTER
18,public,0.0,0.0,VIPV50_Wp700,WINTER
19,home,8.0,20.0,VIPV50_Wp700,WINTER
19,work,2.0,5.0,VIPV50_Wp700,WINTER
19,public,0.0,0.0,VIPV50_Wp700,WINTER
20,home,22.0,55.0,VIPV50_Wp700,WINTER
20,work,2.0,5.0,VIPV50_Wp700,WINTER
20,public,0.0,0.0,VIPV50_Wp700,WINTER
21,home,3.0,7.5,VIPV50_Wp700,WINTER
21,work,5.0,12.5,VIPV50_Wp700,WINTER
21,public,0.0,0.0,VIPV50_Wp700,WINTER
22,home,5.0,12.5,VIPV50_Wp700,WINTER
22,work,0.0,0.0,VIPV50_Wp700,WINTER
22,public,0.0,0.0,VIPV50_Wp700,WINTER
23,home,3.0,7.5,VIPV50_Wp700,WINTER
23,work,0.0,0.0,VIPV50_Wp700,WINTER
23,public,2.0,5.0,VIPV50_Wp700,WINTER
24,home,10.0,25.0,VIPV50_Wp700,WINTER
24,work,0.0,0.0,VIPV50_Wp700,WINTER
24,public,0.0,0.0,VIPV50_Wp700,WINTER
25,home,3.0,7.5,VIPV50_Wp700,WINTER
25,work,0.0,0.0,VIPV50_Wp700,WINTER
25,public,3.0,7.5,VIPV50_Wp700,WINTER
26,home,6.0,15.0,VIPV50_Wp700,WINTER
26,work,0.0,0.0,VIPV50_Wp700,WINTER
26,public,4.0,10.0,VIPV50_Wp700,WINTER
27,home,2.0,5.0,VIPV50_Wp700,WINTER
27,work,0.0,0.0,VIPV50_Wp700,WINTER
27,public,6.0,15.0,VIPV50_Wp700,WINTER
28,home,42.0,105.0,VIPV50_Wp700,WINTER
28,work,0.0,0.0,VIPV50_Wp700,WINTER
28,public,7.0,17.5,VIPV50_Wp700,WINTER
29,home,0.0,0.0,VIPV50_Wp700,WINTER
29,work,0.0,0.0,VIPV50_Wp700,WINTER
29,public,0.0,0.0,VIPV50_Wp700,WINTER
30,home,7.0,17.5,VIPV50_Wp700,WINTER
30,work,0.0,0.0,VIPV50_Wp700,WINTER
30,public,1.0,2.5,VIPV50_Wp700,WINTER
31,home,3.0,7.5,VIPV50_Wp700,WINTER
31,work,2.0,5.0,VIPV50_Wp700,WINTER
31,public,1.0,2.5,VIPV50_Wp700,WINTER
32,home,4.0,10.0,VIPV50_Wp700,WINTER
32,work,0.0,0.0,VIPV50_Wp700,WINTER
32,public,0.0,0.0,VIPV50_Wp700,WINTER
33,home,6.0,15.0,VIPV50_Wp700,WINTER
33,work,0.0,0.0,VIPV50_Wp700,WINTER
33,public,0.0,0.0,VIPV50_Wp700,WINTER
34,home,0.0,0.0,VIPV50_Wp700,WINTER
34,work,0.0,0.0,VIPV50_Wp700,WINTER
34,public,2.0,5.0,VIPV50_Wp700,WINTER
35,home,2.0,5.0,VIPV50_Wp700,WINTER
35,work,0.0,0.0,VIPV50_Wp700,WINTER
35,public,0.0,0.0,VIPV50_Wp700,WINTER
36,home,9.0,22.5,VIPV50_Wp700,WINTER
36,work,1.0,2.5,VIPV50_Wp700,WINTER
36,public,3.0,7.5,VIPV50_Wp700,WINTER
37,home,1.0,2.5,VIPV50_Wp700,WINTER
37,work,0.0,0.0,VIPV50_Wp700,WINTER
37,public,2.0,5.0,VIPV50_Wp700,WINTER
38,home,0.0,0.0,VIPV50_Wp700,WINTER
38,work,0.0,0.0,VIPV50_Wp700,WINTER
38,public,5.0,12.5,VIPV50_Wp700,WINTER
39,home,25.0,62.5,VIPV50_Wp700,WINTER
39,work,2.0,5.0,VIPV50_Wp700,WINTER
39,public,5.0,12.5,VIPV50_Wp700,WINTER
40,home,13.0,32.5,VIPV50_Wp700,WINTER
40,work,0.0,0.0,VIPV50_Wp700,WINTER
40,public,4.0,10.0,VIPV50_Wp700,WINTER
41,home,6.0,15.0,VIPV50_Wp700,WINTER
41,work,0.0,0.0,VIPV50_Wp700,WINTER
41,public,0.0,0.0,VIPV50_Wp700,WINTER
42,home,8.0,20.0,VIPV50_Wp700,WINTER
42,work,2.0,5.0,VIPV50_Wp700,WINTER
42,public,5.0,12.5,VIPV50_Wp700,WINTER
43,home,25.0,62.5,VIPV50_Wp700,WINTER
43,work,1.0,2.5,VIPV50_Wp700,WINTER
43,public,12.0,30.0,VIPV50_Wp700,WINTER
44,home,4.0,10.0,VIPV50_Wp700,WINTER
44,work,0.0,0.0,VIPV50_Wp700,WINTER
44,public,0.0,0.0,VIPV50_Wp700,WINTER
45,home,11.0,27.5,VIPV50_Wp700,WINTER
45,work,1.0,2.5,VIPV50_Wp700,WINTER
45,public,8.0,20.0,VIPV50_Wp700,WINTER
46,home,3.0,7.5,VIPV50_Wp700,WINTER
46,work,2.0,5.0,VIPV50_Wp700,WINTER
46,public,13.0,32.5,VIPV50_Wp700,WINTER
47,home,4.0,10.0,VIPV50_Wp700,WINTER
47,work,0.0,0.0,VIPV50_Wp700,WINTER
47,public,0.0,0.0,VIPV50_Wp700,WINTER
48,home,2.0,5.0,VIPV50_Wp700,WINTER
48,work,0.0,0.0,VIPV50_Wp700,WINTER
48,public,0.0,0.0,VIPV50_Wp700,WINTER
49,home,0.0,0.0,VIPV50_Wp700,WINTER
49,work,0.0,0.0,VIPV50_Wp700,WINTER
49,public,0.0,0.0,VIPV50_Wp700,WINTER
50,home,3.0,7.5,VIPV50_Wp700,WINTER
50,work,0.0,0.0,VIPV50_Wp700,WINTER
50,public,0.0,0.0,VIPV50_Wp700,WINTER
51,home,0.0,0.0,VIPV50_Wp700,WINTER
51,work,0.0,0.0,VIPV50_Wp700,WINTER
51,public,0.0,0.0,VIPV50_Wp700,WINTER
52,home,4.0,10.0,VIPV50_Wp700,WINTER
52,work,0.0,0.0,VIPV50_Wp700,WINTER
52,public,4.0,10.0,VIPV50_Wp700,WINTER
53,home,86.0,215.0,VIPV50_Wp700,WINTER
53,work,4.0,10.0,VIPV50_Wp700,WINTER
53,public,12.0,30.0,VIPV50_Wp700,WINTER
54,home,2.0,5.0,VIPV50_Wp700,WINTER
54,work,0.0,0.0,VIPV50_Wp700,WINTER
54,public,4.0,10.0,VIPV50_Wp700,WINTER
55,home,1.0,2.5,VIPV50_Wp700,WINTER
55,work,0.0,0.0,VIPV50_Wp700,WINTER
55,public,0.0,0.0,VIPV50_Wp700,WINTER
56,home,38.0,95.0,VIPV50_Wp700,WINTER
56,work,4.0,10.0,VIPV50_Wp700,WINTER
56,public,17.0,42.5,VIPV50_Wp700,WINTER
57,home,46.0,115.0,VIPV50_Wp700,WINTER
57,work,0.0,0.0,VIPV50_Wp700,WINTER
57,public,13.0,32.5,VIPV50_Wp700,WINTER
58,home,11.0,27.5,VIPV50_Wp700,WINTER
58,work,0.0,0.0,VIPV50_Wp700,WINTER
58,public,4.0,10.0,VIPV50_Wp700,WINTER
59,home,9.0,22.5,VIPV50_Wp700,WINTER
59,work,0.0,0.0,VIPV50_Wp700,WINTER
59,public,3.0,7.5,VIPV50_Wp700,WINTER
60,home,22.0,55.0,VIPV50_Wp700,WINTER
60,work,2.0,5.0,VIPV50_Wp700,WINTER
60,public,0.0,0.0,VIPV50_Wp700,WINTER
61,home,1.0,2.5,VIPV50_Wp700,WINTER
61,work,0.0,0.0,VIPV50_Wp700,WINTER
61,public,0.0,0.0,VIPV50_Wp700,WINTER
62,home,11.0,27.5,VIPV50_Wp700,WINTER
62,work,0.0,0.0,VIPV50_Wp700,WINTER
62,public,2.0,5.0,VIPV50_Wp700,WINTER
63,home,4.0,10.0,VIPV50_Wp700,WINTER
63,work,0.0,0.0,VIPV50_Wp700,WINTER
63,public,0.0,0.0,VIPV50_Wp700,WINTER
64,home,0.0,0.0,VIPV50_Wp700,WINTER
64,work,0.0,0.0,VIPV50_Wp700,WINTER
64,public,1.0,2.5,VIPV50_Wp700,WINTER
65,home,5.0,12.5,VIPV50_Wp700,WINTER
65,work,0.0,0.0,VIPV50_Wp700,WINTER
65,public,0.0,0.0,VIPV50_Wp700,WINTER
66,home,0.0,0.0,VIPV50_Wp700,WINTER
66,work,0.0,0.0,VIPV50_Wp700,WINTER
66,public,0.0,0.0,VIPV50_Wp700,WINTER
67,home,5.0,12.5,VIPV50_Wp700,WINTER
67,work,1.0,2.5,VIPV50_Wp700,WINTER
67,public,2.0,5.0,VIPV50_Wp700,WINTER
68,home,10.0,25.0,VIPV50_Wp700,WINTER
68,work,0.0,0.0,VIPV50_Wp700,WINTER
68,public,16.0,40.0,VIPV50_Wp700,WINTER
69,home,7.0,17.5,VIPV50_Wp700,WINTER
69,work,2.0,5.0,VIPV50_Wp700,WINTER
69,public,4.0,10.0,VIPV50_Wp700,WINTER
70,home,34.0,85.0,VIPV50_Wp700,WINTER
70,work,3.0,7.5,VIPV50_Wp700,WINTER
70,public,11.0,27.5,VIPV50_Wp700,WINTER
71,home,19.0,47.5,VIPV50_Wp700,WINTER
71,work,3.0,7.5,VIPV50_Wp700,WINTER
71,public,9.0,22.5,VIPV50_Wp700,WINTER
72,home,13.0,32.5,VIPV50_Wp700,WINTER
72,work,13.0,32.5,VIPV50_Wp700,WINTER
72,public,12.0,30.0,VIPV50_Wp700,WINTER
73,home,0.0,0.0,VIPV50_Wp700,WINTER
73,work,0.0,0.0,VIPV50_Wp700,WINTER
73,public,1.0,2.5,VIPV50_Wp700,WINTER
74,home,0.0,0.0,VIPV50_Wp700,WINTER
74,work,10.0,25.0,VIPV50_Wp700,WINTER
74,public,5.0,12.5,VIPV50_Wp700,WINTER
75,home,0.0,0.0,VIPV50_Wp700,WINTER
75,work,25.0,62.5,VIPV50_Wp700,WINTER
75,public,5.0,12.5,VIPV50_Wp700,WINTER
76,home,10.0,25.0,VIPV50_Wp700,WINTER
76,work,16.0,40.0,VIPV50_Wp700,WINTER
76,public,14.0,35.0,VIPV50_Wp700,WINTER
77,home,7.0,17.5,VIPV50_Wp700,WINTER
77,work,0.0,0.0,VIPV50_Wp700,WINTER
77,public,4.0,10.0,VIPV50_Wp700,WINTER
78,home,2.0,5.0,VIPV50_Wp700,WINTER
78,work,0.0,0.0,VIPV50_Wp700,WINTER
78,public,3.0,7.5,VIPV50_Wp700,WINTER
79,home,0.0,0.0,VIPV50_Wp700,WINTER
79,work,0.0,0.0,VIPV50_Wp700,WINTER
79,public,1.0,2.5,VIPV50_Wp700,WINTER
80,home,1.0,2.5,VIPV50_Wp700,WINTER
80,work,1.0,2.5,VIPV50_Wp700,WINTER
80,public,6.0,15.0,VIPV50_Wp700,WINTER
81,home,4.0,10.0,VIPV50_Wp700,WINTER
81,work,0.0,0.0,VIPV50_Wp700,WINTER
81,public,0.0,0.0,VIPV50_Wp700,WINTER
82,home,0.0,0.0,VIPV50_Wp700,WINTER
82,work,0.0,0.0,VIPV50_Wp700,WINTER
82,public,3.0,7.5,VIPV50_Wp700,WINTER
83,home,0.0,0.0,VIPV50_Wp700,WINTER
83,work,0.0,0.0,VIPV50_Wp700,WINTER
83,public,2.0,5.0,VIPV50_Wp700,WINTER
84,home,33.0,82.5,VIPV50_Wp700,WINTER
84,work,2.0,5.0,VIPV50_Wp700,WINTER
84,public,9.0,22.5,VIPV50_Wp700,WINTER
85,home,44.0,110.0,VIPV50_Wp700,WINTER
85,work,2.0,5.0,VIPV50_Wp700,WINTER
85,public,19.0,47.5,VIPV50_Wp700,WINTER
86,home,51.0,127.5,VIPV50_Wp700,WINTER
86,work,0.0,0.0,VIPV50_Wp700,WINTER
86,public,25.0,62.5,VIPV50_Wp700,WINTER
87,home,19.0,47.5,VIPV50_Wp700,WINTER
87,work,2.0,5.0,VIPV50_Wp700,WINTER
87,public,5.0,12.5,VIPV50_Wp700,WINTER
88,home,13.0,32.5,VIPV50_Wp700,WINTER
88,work,3.0,7.5,VIPV50_Wp700,WINTER
88,public,28.0,70.0,VIPV50_Wp700,WINTER
89,home,0.0,0.0,VIPV50_Wp700,WINTER
89,work,16.0,40.0,VIPV50_Wp700,WINTER
89,public,13.0,32.5,VIPV50_Wp700,WINTER
90,home,0.0,0.0,VIPV50_Wp700,WINTER
90,work,2.0,5.0,VIPV50_Wp700,WINTER
90,public,11.0,27.5,VIPV50_Wp700,WINTER
91,home,0.0,0.0,VIPV50_Wp700,WINTER
91,work,5.0,12.5,VIPV50_Wp700,WINTER
91,public,9.0,22.5,VIPV50_Wp700,WINTER
92,home,0.0,0.0,VIPV50_Wp700,WINTER
92,work,11.0,27.5,VIPV50_Wp700,WINTER
92,public,11.0,27.5,VIPV50_Wp700,WINTER
93,home,36.0,90.0,VIPV50_Wp700,WINTER
93,work,7.0,17.5,VIPV50_Wp700,WINTER
93,public,28.0,70.0,VIPV50_Wp700,WINTER
94,home,3.0,7.5,VIPV50_Wp700,WINTER
94,work,21.0,52.5,VIPV50_Wp700,WINTER
94,public,6.0,15.0,VIPV50_Wp700,WINTER
95,home,19.0,47.5,VIPV50_Wp700,WINTER
95,work,2.0,5.0,VIPV50_Wp700,WINTER
95,public,11.0,27.5,VIPV50_Wp700,WINTER
96,home,19.0,47.5,VIPV50_Wp700,WINTER
96,work,0.0,0.0,VIPV50_Wp700,WINTER
96,public,11.0,27.5,VIPV50_Wp700,WINTER
97,home,18.0,45.0,VIPV50_Wp700,WINTER
97,work,1.0,2.5,VIPV50_Wp700,WINTER
97,public,3.0,7.5,VIPV50_Wp700,WINTER
98,home,5.0,12.5,VIPV50_Wp700,WINTER
98,work,0.0,0.0,VIPV50_Wp700,WINTER
98,public,3.0,7.5,VIPV50_Wp700,WINTER
99,home,31.0,77.5,VIPV50_Wp700,WINTER
99,work,3.0,7.5,VIPV50_Wp700,WINTER
99,public,2.0,5.0,VIPV50_Wp700,WINTER
100,home,37.0,92.5,VIPV50_Wp700,WINTER
100,work,0.0,0.0,VIPV50_Wp700,WINTER
100,public,25.0,62.5,VIPV50_Wp700,WINTER
101,home,28.0,70.0,VIPV50_Wp700,WINTER
101,work,0.0,0.0,VIPV50_Wp700,WINTER
101,public,0.0,0.0,VIPV50_Wp700,WINTER
102,home,9.0,22.5,VIPV50_Wp700,WINTER
102,work,0.0,0.0,VIPV50_Wp700,WINTER
102,public,0.0,0.0,VIPV50_Wp700,WINTER
103,home,7.0,17.5,VIPV50_Wp700,WINTER
103,work,0.0,0.0,VIPV50_Wp700,WINTER
103,public,3.0,7.5,VIPV50_Wp700,WINTER
104,home,2.0,5.0,VIPV50_Wp700,WINTER
104,work,0.0,0.0,VIPV50_Wp700,WINTER
104,public,0.0,0.0,VIPV50_Wp700,WINTER
105,home,6.0,15.0,VIPV50_Wp700,WINTER
105,work,0.0,0.0,VIPV50_Wp700,WINTER
105,public,2.0,5.0,VIPV50_Wp700,WINTER
106,home,4.0,10.0,VIPV50_Wp700,WINTER
106,work,0.0,0.0,VIPV50_Wp700,WINTER
106,public,2.0,5.0,VIPV50_Wp700,WINTER
107,home,15.0,37.5,VIPV50_Wp700,WINTER
107,work,3.0,7.5,VIPV50_Wp700,WINTER
107,public,10.0,25.0,VIPV50_Wp700,WINTER
108,home,28.0,70.0,VIPV50_Wp700,WINTER
108,work,2.0,5.0,VIPV50_Wp700,WINTER
108,public,15.0,37.5,VIPV50_Wp700,WINTER
109,home,18.0,45.0,VIPV50_Wp700,WINTER
109,work,0.0,0.0,VIPV50_Wp700,WINTER
109,public,6.0,15.0,VIPV50_Wp700,WINTER
110,home,52.0,130.0,VIPV50_Wp700,WINTER
110,work,5.0,12.5,VIPV50_Wp700,WINTER
110,public,30.0,75.0,VIPV50_Wp700,WINTER
111,home,14.0,35.0,VIPV50_Wp700,WINTER
111,work,9.0,22.5,VIPV50_Wp700,WINTER
111,public,41.0,102.5,VIPV50_Wp700,WINTER
112,home,31.0,77.5,VIPV50_Wp700,WINTER
112,work,1.0,2.5,VIPV50_Wp700,WINTER
112,public,15.0,37.5,VIPV50_Wp700,WINTER
113,home,0.0,0.0,VIPV50_Wp700,WINTER
113,work,23.0,57.5,VIPV50_Wp700,WINTER
113,public,14.0,35.0,VIPV50_Wp700,WINTER
114,home,5.0,12.5,VIPV50_Wp700,WINTER
114,work,19.0,47.5,VIPV50_Wp700,WINTER
114,public,6.0,15.0,VIPV50_Wp700,WINTER
115,home,30.0,75.0,VIPV50_Wp700,WINTER
115,work,6.0,15.0,VIPV50_Wp700,WINTER
115,public,14.0,35.0,VIPV50_Wp700,WINTER
116,home,3.0,7.5,VIPV50_Wp700,WINTER
116,work,2.0,5.0,VIPV50_Wp700,WINTER
116,public,1.0,2.5,VIPV50_Wp700,WINTER
117,home,19.0,47.5,VIPV50_Wp700,WINTER
117,work,2.0,5.0,VIPV50_Wp700,WINTER
117,public,15.0,37.5,VIPV50_Wp700,WINTER
118,home,21.0,52.5,VIPV50_Wp700,WINTER
118,work,6.0,15.0,VIPV50_Wp700,WINTER
118,public,43.0,107.5,VIPV50_Wp700,WINTER
119,home,22.0,55.0,VIPV50_Wp700,WINTER
119,work,7.0,17.5,VIPV50_Wp700,WINTER
119,public,8.0,20.0,VIPV50_Wp700,WINTER
120,home,36.0,90.0,VIPV50_Wp700,WINTER
120,work,2.0,5.0,VIPV50_Wp700,WINTER
120,public,15.0,37.5,VIPV50_Wp700,WINTER
121,home,7.0,17.5,VIPV50_Wp700,WINTER
121,work,0.0,0.0,VIPV50_Wp700,WINTER
121,public,0.0,0.0,VIPV50_Wp700,WINTER
122,home,3.0,7.5,VIPV50_Wp700,WINTER
122,work,0.0,0.0,VIPV50_Wp700,WINTER
122,public,0.0,0.0,VIPV50_Wp700,WINTER
123,home,24.0,60.0,VIPV50_Wp700,WINTER
123,work,1.0,2.5,VIPV50_Wp700,WINTER
123,public,7.0,17.5,VIPV50_Wp700,WINTER
124,home,27.0,67.5,VIPV50_Wp700,WINTER
124,work,0.0,0.0,VIPV50_Wp700,WINTER
124,public,8.0,20.0,VIPV50_Wp700,WINTER
125,home,35.0,87.5,VIPV50_Wp700,WINTER
125,work,3.0,7.5,VIPV50_Wp700,WINTER
125,public,21.0,52.5,VIPV50_Wp700,WINTER
126,home,48.0,120.0,VIPV50_Wp700,WINTER
126,work,0.0,0.0,VIPV50_Wp700,WINTER
126,public,17.0,42.5,VIPV50_Wp700,WINTER
127,home,45.0,112.5,VIPV50_Wp700,WINTER
127,work,0.0,0.0,VIPV50_Wp700,WINTER
127,public,12.0,30.0,VIPV50_Wp700,WINTER
128,home,16.0,40.0,VIPV50_Wp700,WINTER
128,work,1.0,2.5,VIPV50_Wp700,WINTER
128,public,0.0,0.0,VIPV50_Wp700,WINTER
129,home,4.0,10.0,VIPV50_Wp700,WINTER
129,work,0.0,0.0,VIPV50_Wp700,WINTER
129,public,7.0,17.5,VIPV50_Wp700,WINTER
130,home,1.0,2.5,VIPV50_Wp700,WINTER
130,work,0.0,0.0,VIPV50_Wp700,WINTER
130,public,1.0,2.5,VIPV50_Wp700,WINTER
131,home,0.0,0.0,VIPV50_Wp700,WINTER
131,work,0.0,0.0,VIPV50_Wp700,WINTER
131,public,4.0,10.0,VIPV50_Wp700,WINTER
132,home,15.0,37.5,VIPV50_Wp700,WINTER
132,work,2.0,5.0,VIPV50_Wp700,WINTER
132,public,0.0,0.0,VIPV50_Wp700,WINTER
133,home,36.0,90.0,VIPV50_Wp700,WINTER
133,work,0.0,0.0,VIPV50_Wp700,WINTER
133,public,13.0,32.5,VIPV50_Wp700,WINTER
134,home,73.0,182.5,VIPV50_Wp700,WINTER
134,work,7.0,17.5,VIPV50_Wp700,WINTER
134,public,22.0,55.0,VIPV50_Wp700,WINTER
135,home,32.0,80.0,VIPV50_Wp700,WINTER
135,work,15.0,37.5,VIPV50_Wp700,WINTER
135,public,34.0,85.0,VIPV50_Wp700,WINTER
136,home,26.0,65.0,VIPV50_Wp700,WINTER
136,work,1.0,2.5,VIPV50_Wp700,WINTER
136,public,7.0,17.5,VIPV50_Wp700,WINTER
137,home,21.0,52.5,VIPV50_Wp700,WINTER
137,work,1.0,2.5,VIPV50_Wp700,WINTER
137,public,6.0,15.0,VIPV50_Wp700,WINTER
138,home,0.0,0.0,VIPV50_Wp700,WINTER
138,work,7.0,17.5,VIPV50_Wp700,WINTER
138,public,19.0,47.5,VIPV50_Wp700,WINTER
139,home,20.0,50.0,VIPV50_Wp700,WINTER
139,work,7.0,17.5,VIPV50_Wp700,WINTER
139,public,19.0,47.5,VIPV50_Wp700,WINTER
140,home,3.0,7.5,VIPV50_Wp700,WINTER
140,work,0.0,0.0,VIPV50_Wp700,WINTER
140,public,5.0,12.5,VIPV50_Wp700,WINTER
141,home,61.0,152.5,VIPV50_Wp700,WINTER
141,work,5.0,12.5,VIPV50_Wp700,WINTER
141,public,12.0,30.0,VIPV50_Wp700,WINTER
142,home,28.0,70.0,VIPV50_Wp700,WINTER
142,work,24.0,60.0,VIPV50_Wp700,WINTER
142,public,41.0,102.5,VIPV50_Wp700,WINTER
143,home,15.0,37.5,VIPV50_Wp700,WINTER
143,work,12.0,30.0,VIPV50_Wp700,WINTER
143,public,13.0,32.5,VIPV50_Wp700,WINTER
144,home,34.0,85.0,VIPV50_Wp700,WINTER
144,work,0.0,0.0,VIPV50_Wp700,WINTER
144,public,11.0,27.5,VIPV50_Wp700,WINTER
145,home,0.0,0.0,VIPV50_Wp700,WINTER
145,work,0.0,0.0,VIPV50_Wp700,WINTER
145,public,0.0,0.0,VIPV50_Wp700,WINTER
146,home,0.0,0.0,VIPV50_Wp700,WINTER
146,work,0.0,0.0,VIPV50_Wp700,WINTER
146,public,2.0,5.0,VIPV50_Wp700,WINTER
147,home,10.0,25.0,VIPV50_Wp700,WINTER
147,work,0.0,0.0,VIPV50_Wp700,WINTER
147,public,0.0,0.0,VIPV50_Wp700,WINTER
148,home,23.0,57.5,VIPV50_Wp700,WINTER
148,work,6.0,15.0,VIPV50_Wp700,WINTER
148,public,12.0,30.0,VIPV50_Wp700,WINTER
149,home,32.0,80.0,VIPV50_Wp700,WINTER
149,work,1.0,2.5,VIPV50_Wp700,WINTER
149,public,18.0,45.0,VIPV50_Wp700,WINTER
150,home,22.0,55.0,VIPV50_Wp700,WINTER
150,work,3.0,7.5,VIPV50_Wp700,WINTER
150,public,0.0,0.0,VIPV50_Wp700,WINTER
151,home,0.0,0.0,VIPV50_Wp700,WINTER
151,work,0.0,0.0,VIPV50_Wp700,WINTER
151,public,6.0,15.0,VIPV50_Wp700,WINTER
152,home,44.0,110.0,VIPV50_Wp700,WINTER
152,work,0.0,0.0,VIPV50_Wp700,WINTER
152,public,18.0,45.0,VIPV50_Wp700,WINTER
153,home,29.0,72.5,VIPV50_Wp700,WINTER
153,work,1.0,2.5,VIPV50_Wp700,WINTER
153,public,10.0,25.0,VIPV50_Wp700,WINTER
154,home,4.0,10.0,VIPV50_Wp700,WINTER
154,work,8.0,20.0,VIPV50_Wp700,WINTER
154,public,8.0,20.0,VIPV50_Wp700,WINTER
155,home,17.0,42.5,VIPV50_Wp700,WINTER
155,work,0.0,0.0,VIPV50_Wp700,WINTER
155,public,8.0,20.0,VIPV50_Wp700,WINTER
156,home,38.0,95.0,VIPV50_Wp700,WINTER
156,work,2.0,5.0,VIPV50_Wp700,WINTER
156,public,82.0,205.0,VIPV50_Wp700,WINTER
157,home,5.0,12.5,VIPV50_Wp700,WINTER
157,work,13.0,32.5,VIPV50_Wp700,WINTER
157,public,0.0,0.0,VIPV50_Wp700,WINTER
158,home,13.0,32.5,VIPV50_Wp700,WINTER
158,work,4.0,10.0,VIPV50_Wp700,WINTER
158,public,0.0,0.0,VIPV50_Wp700,WINTER
159,home,51.0,127.5,VIPV50_Wp700,WINTER
159,work,2.0,5.0,VIPV50_Wp700,WINTER
159,public,43.0,107.5,VIPV50_Wp700,WINTER
160,home,41.0,102.5,VIPV50_Wp700,WINTER
160,work,11.0,27.5,VIPV50_Wp700,WINTER
160,public,39.0,97.5,VIPV50_Wp700,WINTER
161,home,16.0,40.0,VIPV50_Wp700,WINTER
161,work,6.0,15.0,VIPV50_Wp700,WINTER
161,public,30.0,75.0,VIPV50_Wp700,WINTER
162,home,18.0,45.0,VIPV50_Wp700,WINTER
162,work,3.0,7.5,VIPV50_Wp700,WINTER
162,public,13.0,32.5,VIPV50_Wp700,WINTER
163,home,0.0,0.0,VIPV50_Wp700,WINTER
163,work,0.0,0.0,VIPV50_Wp700,WINTER
163,public,0.0,0.0,VIPV50_Wp700,WINTER
164,home,17.0,42.5,VIPV50_Wp700,WINTER
164,work,1.0,2.5,VIPV50_Wp700,WINTER
164,public,27.0,67.5,VIPV50_Wp700,WINTER
165,home,35.0,87.5,VIPV50_Wp700,WINTER
165,work,8.0,20.0,VIPV50_Wp700,WINTER
165,public,8.0,20.0,VIPV50_Wp700,WINTER
166,home,5.0,12.5,VIPV50_Wp700,WINTER
166,work,0.0,0.0,VIPV50_Wp700,WINTER
166,public,2.0,5.0,VIPV50_Wp700,WINTER
167,home,0.0,0.0,VIPV50_Wp700,WINTER
167,work,0.0,0.0,VIPV50_Wp700,WINTER
167,public,0.0,0.0,VIPV50_Wp700,WINTER
168,home,2.0,5.0,VIPV50_Wp700,WINTER
168,work,0.0,0.0,VIPV50_Wp700,WINTER
168,public,0.0,0.0,VIPV50_Wp700,WINTER
169,home,11.0,27.5,VIPV50_Wp700,WINTER
169,work,2.0,5.0,VIPV50_Wp700,WINTER
169,public,1.0,2.5,VIPV50_Wp700,WINTER
170,home,22.0,55.0,VIPV50_Wp700,WINTER
170,work,1.0,2.5,VIPV50_Wp700,WINTER
170,public,4.0,10.0,VIPV50_Wp700,WINTER
171,home,17.0,42.5,VIPV50_Wp700,WINTER
171,work,8.0,20.0,VIPV50_Wp700,WINTER
171,public,19.0,47.5,VIPV50_Wp700,WINTER
172,home,13.0,32.5,VIPV50_Wp700,WINTER
172,work,0.0,0.0,VIPV50_Wp700,WINTER
172,public,11.0,27.5,VIPV50_Wp700,WINTER
173,home,36.0,90.0,VIPV50_Wp700,WINTER
173,work,0.0,0.0,VIPV50_Wp700,WINTER
173,public,3.0,7.5,VIPV50_Wp700,WINTER
174,home,40.0,100.0,VIPV50_Wp700,WINTER
174,work,3.0,7.5,VIPV50_Wp700,WINTER
174,public,20.0,50.0,VIPV50_Wp700,WINTER
175,home,30.0,75.0,VIPV50_Wp700,WINTER
175,work,1.0,2.5,VIPV50_Wp700,WINTER
175,public,32.0,80.0,VIPV50_Wp700,WINTER
176,home,9.0,22.5,VIPV50_Wp700,WINTER
176,work,0.0,0.0,VIPV50_Wp700,WINTER
176,public,3.0,7.5,VIPV50_Wp700,WINTER
177,home,23.0,57.5,VIPV50_Wp700,WINTER
177,work,0.0,0.0,VIPV50_Wp700,WINTER
177,public,10.0,25.0,VIPV50_Wp700,WINTER
178,home,18.0,45.0,VIPV50_Wp700,WINTER
178,work,9.0,22.5,VIPV50_Wp700,WINTER
178,public,31.0,77.5,VIPV50_Wp700,WINTER
179,home,0.0,0.0,VIPV50_Wp700,WINTER
179,work,8.0,20.0,VIPV50_Wp700,WINTER
179,public,7.0,17.5,VIPV50_Wp700,WINTER
180,home,1.0,2.5,VIPV50_Wp700,WINTER
180,work,0.0,0.0,VIPV50_Wp700,WINTER
180,public,0.0,0.0,VIPV50_Wp700,WINTER
181,home,0.0,0.0,VIPV50_Wp700,WINTER
181,work,0.0,0.0,VIPV50_Wp700,WINTER
181,public,0.0,0.0,VIPV50_Wp700,WINTER
182,home,0.0,0.0,VIPV50_Wp700,WINTER
182,work,1.0,2.5,VIPV50_Wp700,WINTER
182,public,2.0,5.0,VIPV50_Wp700,WINTER
183,home,0.0,0.0,VIPV50_Wp700,WINTER
183,work,5.0,12.5,VIPV50_Wp700,WINTER
183,public,5.0,12.5,VIPV50_Wp700,WINTER
184,home,0.0,0.0,VIPV50_Wp700,WINTER
184,work,4.0,10.0,VIPV50_Wp700,WINTER
184,public,3.0,7.5,VIPV50_Wp700,WINTER
185,home,1.0,2.5,VIPV50_Wp700,WINTER
185,work,0.0,0.0,VIPV50_Wp700,WINTER
185,public,0.0,0.0,VIPV50_Wp700,WINTER
186,home,2.0,5.0,VIPV50_Wp700,WINTER
186,work,0.0,0.0,VIPV50_Wp700,WINTER
186,public,0.0,0.0,VIPV50_Wp700,WINTER
187,home,9.0,22.5,VIPV50_Wp700,WINTER
187,work,4.0,10.0,VIPV50_Wp700,WINTER
187,public,6.0,15.0,VIPV50_Wp700,WINTER
188,home,19.0,47.5,VIPV50_Wp700,WINTER
188,work,3.0,7.5,VIPV50_Wp700,WINTER
188,public,4.0,10.0,VIPV50_Wp700,WINTER
189,home,42.0,105.0,VIPV50_Wp700,WINTER
189,work,1.0,2.5,VIPV50_Wp700,WINTER
189,public,12.0,30.0,VIPV50_Wp700,WINTER
190,home,52.0,130.0,VIPV50_Wp700,WINTER
190,work,0.0,0.0,VIPV50_Wp700,WINTER
190,public,13.0,32.5,VIPV50_Wp700,WINTER
191,home,65.0,162.5,VIPV50_Wp700,WINTER
191,work,1.0,2.5,VIPV50_Wp700,WINTER
191,public,25.0,62.5,VIPV50_Wp700,WINTER
192,home,22.0,55.0,VIPV50_Wp700,WINTER
192,work,0.0,0.0,VIPV50_Wp700,WINTER
192,public,34.0,85.0,VIPV50_Wp700,WINTER
193,home,9.0,22.5,VIPV50_Wp700,WINTER
193,work,3.0,7.5,VIPV50_Wp700,WINTER
193,public,17.0,42.5,VIPV50_Wp700,WINTER
194,home,6.0,15.0,VIPV50_Wp700,WINTER
194,work,2.0,5.0,VIPV50_Wp700,WINTER
194,public,0.0,0.0,VIPV50_Wp700,WINTER
195,home,10.0,25.0,VIPV50_Wp700,WINTER
195,work,2.0,5.0,VIPV50_Wp700,WINTER
195,public,6.0,15.0,VIPV50_Wp700,WINTER
196,home,29.0,72.5,VIPV50_Wp700,WINTER
196,work,0.0,0.0,VIPV50_Wp700,WINTER
196,public,24.0,60.0,VIPV50_Wp700,WINTER
197,home,43.0,107.5,VIPV50_Wp700,WINTER
197,work,12.0,30.0,VIPV50_Wp700,WINTER
197,public,18.0,45.0,VIPV50_Wp700,WINTER
198,home,10.0,25.0,VIPV50_Wp700,WINTER
198,work,11.0,27.5,VIPV50_Wp700,WINTER
198,public,4.0,10.0,VIPV50_Wp700,WINTER
199,home,0.0,0.0,VIPV50_Wp700,WINTER
199,work,1.0,2.5,VIPV50_Wp700,WINTER
199,public,1.0,2.5,VIPV50_Wp700,WINTER
200,home,0.0,0.0,VIPV50_Wp700,WINTER
200,work,9.0,22.5,VIPV50_Wp700,WINTER
200,public,5.0,12.5,VIPV50_Wp700,WINTER
201,home,5.0,12.5,VIPV50_Wp700,WINTER
201,work,3.0,7.5,VIPV50_Wp700,WINTER
201,public,2.0,5.0,VIPV50_Wp700,WINTER
202,home,0.0,0.0,VIPV50_Wp700,WINTER
202,work,0.0,0.0,VIPV50_Wp700,WINTER
202,public,0.0,0.0,VIPV50_Wp700,WINTER
203,home,0.0,0.0,VIPV50_Wp700,WINTER
203,work,0.0,0.0,VIPV50_Wp700,WINTER
203,public,0.0,0.0,VIPV50_Wp700,WINTER
204,home,0.0,0.0,VIPV50_Wp700,WINTER
204,work,0.0,0.0,VIPV50_Wp700,WINTER
204,public,2.0,5.0,VIPV50_Wp700,WINTER
205,home,18.0,45.0,VIPV50_Wp700,WINTER
205,work,1.0,2.5,VIPV50_Wp700,WINTER
205,public,14.0,35.0,VIPV50_Wp700,WINTER
206,home,19.0,47.5,VIPV50_Wp700,WINTER
206,work,3.0,7.5,VIPV50_Wp700,WINTER
206,public,13.0,32.5,VIPV50_Wp700,WINTER
207,home,20.0,50.0,VIPV50_Wp700,WINTER
207,work,1.0,2.5,VIPV50_Wp700,WINTER
207,public,5.0,12.5,VIPV50_Wp700,WINTER
208,home,9.0,22.5,VIPV50_Wp700,WINTER
208,work,1.0,2.5,VIPV50_Wp700,WINTER
208,public,19.0,47.5,VIPV50_Wp700,WINTER
209,home,35.0,87.5,VIPV50_Wp700,WINTER
209,work,0.0,0.0,VIPV50_Wp700,WINTER
209,public,32.0,80.0,VIPV50_Wp700,WINTER
210,home,1.0,2.5,VIPV50_Wp700,WINTER
210,work,1.0,2.5,VIPV50_Wp700,WINTER
210,public,13.0,32.5,VIPV50_Wp700,WINTER
211,home,9.0,22.5,VIPV50_Wp700,WINTER
211,work,22.0,55.0,VIPV50_Wp700,WINTER
211,public,37.0,92.5,VIPV50_Wp700,WINTER
212,home,25.0,62.5,VIPV50_Wp700,WINTER
212,work,4.0,10.0,VIPV50_Wp700,WINTER
212,public,29.0,72.5,VIPV50_Wp700,WINTER
213,home,23.0,57.5,VIPV50_Wp700,WINTER
213,work,5.0,12.5,VIPV50_Wp700,WINTER
213,public,66.0,165.0,VIPV50_Wp700,WINTER
214,home,26.0,65.0,VIPV50_Wp700,WINTER
214,work,14.0,35.0,VIPV50_Wp700,WINTER
214,public,26.0,65.0,VIPV50_Wp700,WINTER
215,home,9.0,22.5,VIPV50_Wp700,WINTER
215,work,1.0,2.5,VIPV50_Wp700,WINTER
215,public,30.0,75.0,VIPV50_Wp700,WINTER
216,home,0.0,0.0,VIPV50_Wp700,WINTER
216,work,0.0,0.0,VIPV50_Wp700,WINTER
216,public,0.0,0.0,VIPV50_Wp700,WINTER
217,home,1.0,2.5,VIPV50_Wp700,WINTER
217,work,0.0,0.0,VIPV50_Wp700,WINTER
217,public,0.0,0.0,VIPV50_Wp700,WINTER
218,home,17.0,42.5,VIPV50_Wp700,WINTER
218,work,0.0,0.0,VIPV50_Wp700,WINTER
218,public,3.0,7.5,VIPV50_Wp700,WINTER
219,home,14.0,35.0,VIPV50_Wp700,WINTER
219,work,0.0,0.0,VIPV50_Wp700,WINTER
219,public,0.0,0.0,VIPV50_Wp700,WINTER
220,home,0.0,0.0,VIPV50_Wp700,WINTER
220,work,0.0,0.0,VIPV50_Wp700,WINTER
220,public,0.0,0.0,VIPV50_Wp700,WINTER
221,home,1.0,2.5,VIPV50_Wp700,WINTER
221,work,0.0,0.0,VIPV50_Wp700,WINTER
221,public,0.0,0.0,VIPV50_Wp700,WINTER
222,home,0.0,0.0,VIPV50_Wp700,WINTER
222,work,0.0,0.0,VIPV50_Wp700,WINTER
222,public,1.0,2.5,VIPV50_Wp700,WINTER
223,home,0.0,0.0,VIPV50_Wp700,WINTER
223,work,1.0,2.5,VIPV50_Wp700,WINTER
223,public,0.0,0.0,VIPV50_Wp700,WINTER
224,home,26.0,65.0,VIPV50_Wp700,WINTER
224,work,9.0,22.5,VIPV50_Wp700,WINTER
224,public,11.0,27.5,VIPV50_Wp700,WINTER
225,home,64.0,160.0,VIPV50_Wp700,WINTER
225,work,5.0,12.5,VIPV50_Wp700,WINTER
225,public,83.0,207.5,VIPV50_Wp700,WINTER
226,home,18.0,45.0,VIPV50_Wp700,WINTER
226,work,0.0,0.0,VIPV50_Wp700,WINTER
226,public,28.0,70.0,VIPV50_Wp700,WINTER
227,home,48.0,120.0,VIPV50_Wp700,WINTER
227,work,18.0,45.0,VIPV50_Wp700,WINTER
227,public,101.0,252.5,VIPV50_Wp700,WINTER
228,home,33.0,82.5,VIPV50_Wp700,WINTER
228,work,13.0,32.5,VIPV50_Wp700,WINTER
228,public,34.0,85.0,VIPV50_Wp700,WINTER
229,home,35.0,87.5,VIPV50_Wp700,WINTER
229,work,18.0,45.0,VIPV50_Wp700,WINTER
229,public,29.0,72.5,VIPV50_Wp700,WINTER
230,home,34.0,85.0,VIPV50_Wp700,WINTER
230,work,5.0,12.5,VIPV50_Wp700,WINTER
230,public,51.0,127.5,VIPV50_Wp700,WINTER
231,home,16.0,40.0,VIPV50_Wp700,WINTER
231,work,2.0,5.0,VIPV50_Wp700,WINTER
231,public,21.0,52.5,VIPV50_Wp700,WINTER
232,home,6.0,15.0,VIPV50_Wp700,WINTER
232,work,0.0,0.0,VIPV50_Wp700,WINTER
232,public,1.0,2.5,VIPV50_Wp700,WINTER
233,home,26.0,65.0,VIPV50_Wp700,WINTER
233,work,0.0,0.0,VIPV50_Wp700,WINTER
233,public,18.0,45.0,VIPV50_Wp700,WINTER
234,home,11.0,27.5,VIPV50_Wp700,WINTER
234,work,0.0,0.0,VIPV50_Wp700,WINTER
234,public,13.0,32.5,VIPV50_Wp700,WINTER
235,home,7.0,17.5,VIPV50_Wp700,WINTER
235,work,1.0,2.5,VIPV50_Wp700,WINTER
235,public,1.0,2.5,VIPV50_Wp700,WINTER
236,home,11.0,27.5,VIPV50_Wp700,WINTER
236,work,0.0,0.0,VIPV50_Wp700,WINTER
236,public,3.0,7.5,VIPV50_Wp700,WINTER
237,home,2.0,5.0,VIPV50_Wp700,WINTER
237,work,0.0,0.0,VIPV50_Wp700,WINTER
237,public,0.0,0.0,VIPV50_Wp700,WINTER
238,home,0.0,0.0,VIPV50_Wp700,WINTER
238,work,9.0,22.5,VIPV50_Wp700,WINTER
238,public,3.0,7.5,VIPV50_Wp700,WINTER
239,home,0.0,0.0,VIPV50_Wp700,WINTER
239,work,3.0,7.5,VIPV50_Wp700,WINTER
239,public,2.0,5.0,VIPV50_Wp700,WINTER
240,home,0.0,0.0,VIPV50_Wp700,WINTER
240,work,0.0,0.0,VIPV50_Wp700,WINTER
240,public,0.0,0.0,VIPV50_Wp700,WINTER
241,home,0.0,0.0,VIPV50_Wp700,WINTER
241,work,10.0,25.0,VIPV50_Wp700,WINTER
241,public,1.0,2.5,VIPV50_Wp700,WINTER
242,home,0.0,0.0,VIPV50_Wp700,WINTER
242,work,2.0,5.0,VIPV50_Wp700,WINTER
242,public,2.0,5.0,VIPV50_Wp700,WINTER
243,home,18.0,45.0,VIPV50_Wp700,WINTER
243,work,0.0,0.0,VIPV50_Wp700,WINTER
243,public,0.0,0.0,VIPV50_Wp700,WINTER
244,home,29.0,72.5,VIPV50_Wp700,WINTER
244,work,5.0,12.5,VIPV50_Wp700,WINTER
244,public,10.0,25.0,VIPV50_Wp700,WINTER
245,home,68.0,170.0,VIPV50_Wp700,WINTER
245,work,13.0,32.5,VIPV50_Wp700,WINTER
245,public,51.0,127.5,VIPV50_Wp700,WINTER
246,home,53.0,132.5,VIPV50_Wp700,WINTER
246,work,23.0,57.5,VIPV50_Wp700,WINTER
246,public,115.0,287.5,VIPV50_Wp700,WINTER
247,home,63.0,157.5,VIPV50_Wp700,WINTER
247,work,15.0,37.5,VIPV50_Wp700,WINTER
247,public,45.0,112.5,VIPV50_Wp700,WINTER
248,home,59.0,147.5,VIPV50_Wp700,WINTER
248,work,32.0,80.0,VIPV50_Wp700,WINTER
248,public,108.0,270.0,VIPV50_Wp700,WINTER
249,home,17.0,42.5,VIPV50_Wp700,WINTER
249,work,16.0,40.0,VIPV50_Wp700,WINTER
249,public,43.0,107.5,VIPV50_Wp700,WINTER
250,home,25.0,62.5,VIPV50_Wp700,WINTER
250,work,4.0,10.0,VIPV50_Wp700,WINTER
250,public,18.0,45.0,VIPV50_Wp700,WINTER
251,home,13.0,32.5,VIPV50_Wp700,WINTER
251,work,0.0,0.0,VIPV50_Wp700,WINTER
251,public,1.0,2.5,VIPV50_Wp700,WINTER
252,home,0.0,0.0,VIPV50_Wp700,WINTER
252,work,2.0,5.0,VIPV50_Wp700,WINTER
252,public,2.0,5.0,VIPV50_Wp700,WINTER
253,home,8.0,20.0,VIPV50_Wp700,WINTER
253,work,0.0,0.0,VIPV50_Wp700,WINTER
253,public,11.0,27.5,VIPV50_Wp700,WINTER
254,home,40.0,100.0,VIPV50_Wp700,WINTER
254,work,0.0,0.0,VIPV50_Wp700,WINTER
254,public,20.0,50.0,VIPV50_Wp700,WINTER
255,home,7.0,17.5,VIPV50_Wp700,WINTER
255,work,4.0,10.0,VIPV50_Wp700,WINTER
255,public,1.0,2.5,VIPV50_Wp700,WINTER
256,home,11.0,27.5,VIPV50_Wp700,WINTER
256,work,0.0,0.0,VIPV50_Wp700,WINTER
256,public,1.0,2.5,VIPV50_Wp700,WINTER
257,home,6.0,15.0,VIPV50_Wp700,WINTER
257,work,0.0,0.0,VIPV50_Wp700,WINTER
257,public,6.0,15.0,VIPV50_Wp700,WINTER
258,home,15.0,37.5,VIPV50_Wp700,WINTER
258,work,0.0,0.0,VIPV50_Wp700,WINTER
258,public,5.0,12.5,VIPV50_Wp700,WINTER
259,home,1.0,2.5,VIPV50_Wp700,WINTER
259,work,0.0,0.0,VIPV50_Wp700,WINTER
259,public,2.0,5.0,VIPV50_Wp700,WINTER
260,home,0.0,0.0,VIPV50_Wp700,WINTER
260,work,16.0,40.0,VIPV50_Wp700,WINTER
260,public,3.0,7.5,VIPV50_Wp700,WINTER
261,home,0.0,0.0,VIPV50_Wp700,WINTER
261,work,26.0,65.0,VIPV50_Wp700,WINTER
261,public,1.0,2.5,VIPV50_Wp700,WINTER
262,home,0.0,0.0,VIPV50_Wp700,WINTER
262,work,0.0,0.0,VIPV50_Wp700,WINTER
262,public,0.0,0.0,VIPV50_Wp700,WINTER
263,home,0.0,0.0,VIPV50_Wp700,WINTER
263,work,0.0,0.0,VIPV50_Wp700,WINTER
263,public,0.0,0.0,VIPV50_Wp700,WINTER
264,home,0.0,0.0,VIPV50_Wp700,WINTER
264,work,0.0,0.0,VIPV50_Wp700,WINTER
264,public,0.0,0.0,VIPV50_Wp700,WINTER
265,home,0.0,0.0,VIPV50_Wp700,WINTER
265,work,1.0,2.5,VIPV50_Wp700,WINTER
265,public,0.0,0.0,VIPV50_Wp700,WINTER
266,home,30.0,75.0,VIPV50_Wp700,WINTER
266,work,2.0,5.0,VIPV50_Wp700,WINTER
266,public,8.0,20.0,VIPV50_Wp700,WINTER
267,home,41.0,102.5,VIPV50_Wp700,WINTER
267,work,6.0,15.0,VIPV50_Wp700,WINTER
267,public,57.0,142.5,VIPV50_Wp700,WINTER
268,home,65.0,162.5,VIPV50_Wp700,WINTER
268,work,3.0,7.5,VIPV50_Wp700,WINTER
268,public,41.0,102.5,VIPV50_Wp700,WINTER
269,home,11.0,27.5,VIPV50_Wp700,WINTER
269,work,24.0,60.0,VIPV50_Wp700,WINTER
269,public,12.0,30.0,VIPV50_Wp700,WINTER
270,home,13.0,32.5,VIPV50_Wp700,WINTER
270,work,23.0,57.5,VIPV50_Wp700,WINTER
270,public,7.0,17.5,VIPV50_Wp700,WINTER
271,home,3.0,7.5,VIPV50_Wp700,WINTER
271,work,46.0,115.0,VIPV50_Wp700,WINTER
271,public,155.0,387.5,VIPV50_Wp700,WINTER
272,home,25.0,62.5,VIPV50_Wp700,WINTER
272,work,33.0,82.5,VIPV50_Wp700,WINTER
272,public,78.0,195.0,VIPV50_Wp700,WINTER
273,home,10.0,25.0,VIPV50_Wp700,WINTER
273,work,18.0,45.0,VIPV50_Wp700,WINTER
273,public,36.0,90.0,VIPV50_Wp700,WINTER
274,home,36.0,90.0,VIPV50_Wp700,WINTER
274,work,4.0,10.0,VIPV50_Wp700,WINTER
274,public,36.0,90.0,VIPV50_Wp700,WINTER
275,home,34.0,85.0,VIPV50_Wp700,WINTER
275,work,2.0,5.0,VIPV50_Wp700,WINTER
275,public,11.0,27.5,VIPV50_Wp700,WINTER
276,home,0.0,0.0,VIPV50_Wp700,WINTER
276,work,0.0,0.0,VIPV50_Wp700,WINTER
276,public,6.0,15.0,VIPV50_Wp700,WINTER
277,home,7.0,17.5,VIPV50_Wp700,WINTER
277,work,0.0,0.0,VIPV50_Wp700,WINTER
277,public,4.0,10.0,VIPV50_Wp700,WINTER
278,home,48.0,120.0,VIPV50_Wp700,WINTER
278,work,1.0,2.5,VIPV50_Wp700,WINTER
278,public,8.0,20.0,VIPV50_Wp700,WINTER
279,home,20.0,50.0,VIPV50_Wp700,WINTER
279,work,0.0,0.0,VIPV50_Wp700,WINTER
279,public,11.0,27.5,VIPV50_Wp700,WINTER
280,home,11.0,27.5,VIPV50_Wp700,WINTER
280,work,1.0,2.5,VIPV50_Wp700,WINTER
280,public,15.0,37.5,VIPV50_Wp700,WINTER
281,home,0.0,0.0,VIPV50_Wp700,WINTER
281,work,4.0,10.0,VIPV50_Wp700,WINTER
281,public,6.0,15.0,VIPV50_Wp700,WINTER
282,home,0.0,0.0,VIPV50_Wp700,WINTER
282,work,3.0,7.5,VIPV50_Wp700,WINTER
282,public,0.0,0.0,VIPV50_Wp700,WINTER
283,home,0.0,0.0,VIPV50_Wp700,WINTER
283,work,1.0,2.5,VIPV50_Wp700,WINTER
283,public,4.0,10.0,VIPV50_Wp700,WINTER
284,home,0.0,0.0,VIPV50_Wp700,WINTER
284,work,3.0,7.5,VIPV50_Wp700,WINTER
284,public,0.0,0.0,VIPV50_Wp700,WINTER
285,home,0.0,0.0,VIPV50_Wp700,WINTER
285,work,0.0,0.0,VIPV50_Wp700,WINTER
285,public,2.0,5.0,VIPV50_Wp700,WINTER
286,home,12.0,30.0,VIPV50_Wp700,WINTER
286,work,8.0,20.0,VIPV50_Wp700,WINTER
286,public,20.0,50.0,VIPV50_Wp700,WINTER
287,home,31.0,77.5,VIPV50_Wp700,WINTER
287,work,1.0,2.5,VIPV50_Wp700,WINTER
287,public,28.0,70.0,VIPV50_Wp700,WINTER
288,home,21.0,52.5,VIPV50_Wp700,WINTER
288,work,4.0,10.0,VIPV50_Wp700,WINTER
288,public,26.0,65.0,VIPV50_Wp700,WINTER
289,home,35.0,87.5,VIPV50_Wp700,WINTER
289,work,5.0,12.5,VIPV50_Wp700,WINTER
289,public,16.0,40.0,VIPV50_Wp700,WINTER
290,home,2.0,5.0,VIPV50_Wp700,WINTER
290,work,22.0,55.0,VIPV50_Wp700,WINTER
290,public,10.0,25.0,VIPV50_Wp700,WINTER
291,home,1.0,2.5,VIPV50_Wp700,WINTER
291,work,10.0,25.0,VIPV50_Wp700,WINTER
291,public,70.0,175.0,VIPV50_Wp700,WINTER
292,home,4.0,10.0,VIPV50_Wp700,WINTER
292,work,52.0,130.0,VIPV50_Wp700,WINTER
292,public,44.0,110.0,VIPV50_Wp700,WINTER
293,home,27.0,67.5,VIPV50_Wp700,WINTER
293,work,12.0,30.0,VIPV50_Wp700,WINTER
293,public,36.0,90.0,VIPV50_Wp700,WINTER
294,home,63.0,157.5,VIPV50_Wp700,WINTER
294,work,16.0,40.0,VIPV50_Wp700,WINTER
294,public,67.0,167.5,VIPV50_Wp700,WINTER
295,home,47.0,117.5,VIPV50_Wp700,WINTER
295,work,2.0,5.0,VIPV50_Wp700,WINTER
295,public,15.0,37.5,VIPV50_Wp700,WINTER
296,home,32.0,80.0,VIPV50_Wp700,WINTER
296,work,2.0,5.0,VIPV50_Wp700,WINTER
296,public,13.0,32.5,VIPV50_Wp700,WINTER
297,home,30.0,75.0,VIPV50_Wp700,WINTER
297,work,1.0,2.5,VIPV50_Wp700,WINTER
297,public,13.0,32.5,VIPV50_Wp700,WINTER
298,home,36.0,90.0,VIPV50_Wp700,WINTER
298,work,0.0,0.0,VIPV50_Wp700,WINTER
298,public,6.0,15.0,VIPV50_Wp700,WINTER
299,home,13.0,32.5,VIPV50_Wp700,WINTER
299,work,0.0,0.0,VIPV50_Wp700,WINTER
299,public,33.0,82.5,VIPV50_Wp700,WINTER
300,home,4.0,10.0,VIPV50_Wp700,WINTER
300,work,0.0,0.0,VIPV50_Wp700,WINTER
300,public,9.0,22.5,VIPV50_Wp700,WINTER
301,home,5.0,12.5,VIPV50_Wp700,WINTER
301,work,0.0,0.0,VIPV50_Wp700,WINTER
301,public,0.0,0.0,VIPV50_Wp700,WINTER
302,home,0.0,0.0,VIPV50_Wp700,WINTER
302,work,0.0,0.0,VIPV50_Wp700,WINTER
302,public,2.0,5.0,VIPV50_Wp700,WINTER
303,home,16.0,40.0,VIPV50_Wp700,WINTER
303,work,0.0,0.0,VIPV50_Wp700,WINTER
303,public,0.0,0.0,VIPV50_Wp700,WINTER
304,home,1.0,2.5,VIPV50_Wp700,WINTER
304,work,0.0,0.0,VIPV50_Wp700,WINTER
304,public,3.0,7.5,VIPV50_Wp700,WINTER
305,home,42.0,105.0,VIPV50_Wp700,WINTER
305,work,2.0,5.0,VIPV50_Wp700,WINTER
305,public,3.0,7.5,VIPV50_Wp700,WINTER
306,home,33.0,82.5,VIPV50_Wp700,WINTER
306,work,4.0,10.0,VIPV50_Wp700,WINTER
306,public,7.0,17.5,VIPV50_Wp700,WINTER
307,home,0.0,0.0,VIPV50_Wp700,WINTER
307,work,6.0,15.0,VIPV50_Wp700,WINTER
307,public,5.0,12.5,VIPV50_Wp700,WINTER
308,home,0.0,0.0,VIPV50_Wp700,WINTER
308,work,0.0,0.0,VIPV50_Wp700,WINTER
308,public,1.0,2.5,VIPV50_Wp700,WINTER
309,home,0.0,0.0,VIPV50_Wp700,WINTER
309,work,0.0,0.0,VIPV50_Wp700,WINTER
309,public,0.0,0.0,VIPV50_Wp700,WINTER
310,home,0.0,0.0,VIPV50_Wp700,WINTER
310,work,1.0,2.5,VIPV50_Wp700,WINTER
310,public,0.0,0.0,VIPV50_Wp700,WINTER
311,home,0.0,0.0,VIPV50_Wp700,WINTER
311,work,0.0,0.0,VIPV50_Wp700,WINTER
311,public,0.0,0.0,VIPV50_Wp700,WINTER
312,home,50.0,125.0,VIPV50_Wp700,WINTER
312,work,2.0,5.0,VIPV50_Wp700,WINTER
312,public,32.0,80.0,VIPV50_Wp700,WINTER
313,home,24.0,60.0,VIPV50_Wp700,WINTER
313,work,0.0,0.0,VIPV50_Wp700,WINTER
313,public,20.0,50.0,VIPV50_Wp700,WINTER
314,home,18.0,45.0,VIPV50_Wp700,WINTER
314,work,19.0,47.5,VIPV50_Wp700,WINTER
314,public,14.0,35.0,VIPV50_Wp700,WINTER
315,home,12.0,30.0,VIPV50_Wp700,WINTER
315,work,3.0,7.5,VIPV50_Wp700,WINTER
315,public,55.0,137.5,VIPV50_Wp700,WINTER
316,home,35.0,87.5,VIPV50_Wp700,WINTER
316,work,4.0,10.0,VIPV50_Wp700,WINTER
316,public,33.0,82.5,VIPV50_Wp700,WINTER
317,home,0.0,0.0,VIPV50_Wp700,WINTER
317,work,10.0,25.0,VIPV50_Wp700,WINTER
317,public,4.0,10.0,VIPV50_Wp700,WINTER
318,home,7.0,17.5,VIPV50_Wp700,WINTER
318,work,18.0,45.0,VIPV50_Wp700,WINTER
318,public,8.0,20.0,VIPV50_Wp700,WINTER
319,home,3.0,7.5,VIPV50_Wp700,WINTER
319,work,8.0,20.0,VIPV50_Wp700,WINTER
319,public,9.0,22.5,VIPV50_Wp700,WINTER
320,home,39.0,97.5,VIPV50_Wp700,WINTER
320,work,0.0,0.0,VIPV50_Wp700,WINTER
320,public,36.0,90.0,VIPV50_Wp700,WINTER
321,home,38.0,95.0,VIPV50_Wp700,WINTER
321,work,4.0,10.0,VIPV50_Wp700,WINTER
321,public,46.0,115.0,VIPV50_Wp700,WINTER
322,home,48.0,120.0,VIPV50_Wp700,WINTER
322,work,2.0,5.0,VIPV50_Wp700,WINTER
322,public,40.0,100.0,VIPV50_Wp700,WINTER
323,home,21.0,52.5,VIPV50_Wp700,WINTER
323,work,16.0,40.0,VIPV50_Wp700,WINTER
323,public,7.0,17.5,VIPV50_Wp700,WINTER
324,home,61.0,152.5,VIPV50_Wp700,WINTER
324,work,2.0,5.0,VIPV50_Wp700,WINTER
324,public,27.0,67.5,VIPV50_Wp700,WINTER
325,home,62.0,155.0,VIPV50_Wp700,WINTER
325,work,1.0,2.5,VIPV50_Wp700,WINTER
325,public,5.0,12.5,VIPV50_Wp700,WINTER
326,home,10.0,25.0,VIPV50_Wp700,WINTER
326,work,0.0,0.0,VIPV50_Wp700,WINTER
326,public,0.0,0.0,VIPV50_Wp700,WINTER
327,home,2.0,5.0,VIPV50_Wp700,WINTER
327,work,0.0,0.0,VIPV50_Wp700,WINTER
327,public,4.0,10.0,VIPV50_Wp700,WINTER
328,home,12.0,30.0,VIPV50_Wp700,WINTER
328,work,1.0,2.5,VIPV50_Wp700,WINTER
328,public,6.0,15.0,VIPV50_Wp700,WINTER
329,home,2.0,5.0,VIPV50_Wp700,WINTER
329,work,0.0,0.0,VIPV50_Wp700,WINTER
329,public,0.0,0.0,VIPV50_Wp700,WINTER
330,home,20.0,50.0,VIPV50_Wp700,WINTER
330,work,0.0,0.0,VIPV50_Wp700,WINTER
330,public,0.0,0.0,VIPV50_Wp700,WINTER
331,home,22.0,55.0,VIPV50_Wp700,WINTER
331,work,6.0,15.0,VIPV50_Wp700,WINTER
331,public,16.0,40.0,VIPV50_Wp700,WINTER
332,home,6.0,15.0,VIPV50_Wp700,WINTER
332,work,1.0,2.5,VIPV50_Wp700,WINTER
332,public,0.0,0.0,VIPV50_Wp700,WINTER
333,home,0.0,0.0,VIPV50_Wp700,WINTER
333,work,0.0,0.0,VIPV50_Wp700,WINTER
333,public,0.0,0.0,VIPV50_Wp700,WINTER
334,home,0.0,0.0,VIPV50_Wp700,WINTER
334,work,1.0,2.5,VIPV50_Wp700,WINTER
334,public,0.0,0.0,VIPV50_Wp700,WINTER
335,home,0.0,0.0,VIPV50_Wp700,WINTER
335,work,0.0,0.0,VIPV50_Wp700,WINTER
335,public,1.0,2.5,VIPV50_Wp700,WINTER
336,home,0.0,0.0,VIPV50_Wp700,WINTER
336,work,5.0,12.5,VIPV50_Wp700,WINTER
336,public,3.0,7.5,VIPV50_Wp700,WINTER
337,home,51.0,127.5,VIPV50_Wp700,WINTER
337,work,2.0,5.0,VIPV50_Wp700,WINTER
337,public,14.0,35.0,VIPV50_Wp700,WINTER
338,home,27.0,67.5,VIPV50_Wp700,WINTER
338,work,0.0,0.0,VIPV50_Wp700,WINTER
338,public,21.0,52.5,VIPV50_Wp700,WINTER
339,home,27.0,67.5,VIPV50_Wp700,WINTER
339,work,0.0,0.0,VIPV50_Wp700,WINTER
339,public,9.0,22.5,VIPV50_Wp700,WINTER
340,home,34.0,85.0,VIPV50_Wp700,WINTER
340,work,7.0,17.5,VIPV50_Wp700,WINTER
340,public,36.0,90.0,VIPV50_Wp700,WINTER
341,home,0.0,0.0,VIPV50_Wp700,WINTER
341,work,6.0,15.0,VIPV50_Wp700,WINTER
341,public,17.0,42.5,VIPV50_Wp700,WINTER
342,home,0.0,0.0,VIPV50_Wp700,WINTER
342,work,5.0,12.5,VIPV50_Wp700,WINTER
342,public,15.0,37.5,VIPV50_Wp700,WINTER
343,home,0.0,0.0,VIPV50_Wp700,WINTER
343,work,4.0,10.0,VIPV50_Wp700,WINTER
343,public,1.0,2.5,VIPV50_Wp700,WINTER
344,home,0.0,0.0,VIPV50_Wp700,WINTER
344,work,13.0,32.5,VIPV50_Wp700,WINTER
344,public,0.0,0.0,VIPV50_Wp700,WINTER
345,home,15.0,37.5,VIPV50_Wp700,WINTER
345,work,13.0,32.5,VIPV50_Wp700,WINTER
345,public,14.0,35.0,VIPV50_Wp700,WINTER
346,home,6.0,15.0,VIPV50_Wp700,WINTER
346,work,0.0,0.0,VIPV50_Wp700,WINTER
346,public,8.0,20.0,VIPV50_Wp700,WINTER
347,home,17.0,42.5,VIPV50_Wp700,WINTER
347,work,9.0,22.5,VIPV50_Wp700,WINTER
347,public,31.0,77.5,VIPV50_Wp700,WINTER
348,home,37.0,92.5,VIPV50_Wp700,WINTER
348,work,2.0,5.0,VIPV50_Wp700,WINTER
348,public,14.0,35.0,VIPV50_Wp700,WINTER
349,home,44.0,110.0,VIPV50_Wp700,WINTER
349,work,1.0,2.5,VIPV50_Wp700,WINTER
349,public,36.0,90.0,VIPV50_Wp700,WINTER
350,home,32.0,80.0,VIPV50_Wp700,WINTER
350,work,0.0,0.0,VIPV50_Wp700,WINTER
350,public,14.0,35.0,VIPV50_Wp700,WINTER
351,home,24.0,60.0,VIPV50_Wp700,WINTER
351,work,0.0,0.0,VIPV50_Wp700,WINTER
351,public,10.0,25.0,VIPV50_Wp700,WINTER
352,home,21.0,52.5,VIPV50_Wp700,WINTER
352,work,0.0,0.0,VIPV50_Wp700,WINTER
352,public,38.0,95.0,VIPV50_Wp700,WINTER
353,home,39.0,97.5,VIPV50_Wp700,WINTER
353,work,0.0,0.0,VIPV50_Wp700,WINTER
353,public,14.0,35.0,VIPV50_Wp700,WINTER
354,home,16.0,40.0,VIPV50_Wp700,WINTER
354,work,0.0,0.0,VIPV50_Wp700,WINTER
354,public,5.0,12.5,VIPV50_Wp700,WINTER
355,home,26.0,65.0,VIPV50_Wp700,WINTER
355,work,0.0,0.0,VIPV50_Wp700,WINTER
355,public,18.0,45.0,VIPV50_Wp700,WINTER
356,home,31.0,77.5,VIPV50_Wp700,WINTER
356,work,1.0,2.5,VIPV50_Wp700,WINTER
356,public,12.0,30.0,VIPV50_Wp700,WINTER
357,home,6.0,15.0,VIPV50_Wp700,WINTER
357,work,0.0,0.0,VIPV50_Wp700,WINTER
357,public,5.0,12.5,VIPV50_Wp700,WINTER
358,home,3.0,7.5,VIPV50_Wp700,WINTER
358,work,0.0,0.0,VIPV50_Wp700,WINTER
358,public,0.0,0.0,VIPV50_Wp700,WINTER
359,home,0.0,0.0,VIPV50_Wp700,WINTER
359,work,0.0,0.0,VIPV50_Wp700,WINTER
359,public,0.0,0.0,VIPV50_Wp700,WINTER
360,home,0.0,0.0,VIPV50_Wp700,WINTER
360,work,20.0,50.0,VIPV50_Wp700,WINTER
360,public,5.0,12.5,VIPV50_Wp700,WINTER
361,home,0.0,0.0,VIPV50_Wp700,WINTER
361,work,92.0,230.0,VIPV50_Wp700,WINTER
361,public,12.0,30.0,VIPV50_Wp700,WINTER
362,home,60.0,150.0,VIPV50_Wp700,WINTER
362,work,1.0,2.5,VIPV50_Wp700,WINTER
362,public,36.0,90.0,VIPV50_Wp700,WINTER
363,home,20.0,50.0,VIPV50_Wp700,WINTER
363,work,0.0,0.0,VIPV50_Wp700,WINTER
363,public,6.0,15.0,VIPV50_Wp700,WINTER
364,home,44.0,110.0,VIPV50_Wp700,WINTER
364,work,0.0,0.0,VIPV50_Wp700,WINTER
364,public,14.0,35.0,VIPV50_Wp700,WINTER
365,home,27.0,67.5,VIPV50_Wp700,WINTER
365,work,0.0,0.0,VIPV50_Wp700,WINTER
365,public,23.0,57.5,VIPV50_Wp700,WINTER
366,home,10.0,25.0,VIPV50_Wp700,WINTER
366,work,11.0,27.5,VIPV50_Wp700,WINTER
366,public,6.0,15.0,VIPV50_Wp700,WINTER
367,home,14.0,35.0,VIPV50_Wp700,WINTER
367,work,1.0,2.5,VIPV50_Wp700,WINTER
367,public,29.0,72.5,VIPV50_Wp700,WINTER
368,home,23.0,57.5,VIPV50_Wp700,WINTER
368,work,0.0,0.0,VIPV50_Wp700,WINTER
368,public,0.0,0.0,VIPV50_Wp700,WINTER
369,home,0.0,0.0,VIPV50_Wp700,WINTER
369,work,10.0,25.0,VIPV50_Wp700,WINTER
369,public,10.0,25.0,VIPV50_Wp700,WINTER
370,home,24.0,60.0,VIPV50_Wp700,WINTER
370,work,6.0,15.0,VIPV50_Wp700,WINTER
370,public,33.0,82.5,VIPV50_Wp700,WINTER
371,home,13.0,32.5,VIPV50_Wp700,WINTER
371,work,6.0,15.0,VIPV50_Wp700,WINTER
371,public,13.0,32.5,VIPV50_Wp700,WINTER
372,home,1.0,2.5,VIPV50_Wp700,WINTER
372,work,0.0,0.0,VIPV50_Wp700,WINTER
372,public,1.0,2.5,VIPV50_Wp700,WINTER
373,home,11.0,27.5,VIPV50_Wp700,WINTER
373,work,4.0,10.0,VIPV50_Wp700,WINTER
373,public,9.0,22.5,VIPV50_Wp700,WINTER
374,home,8.0,20.0,VIPV50_Wp700,WINTER
374,work,3.0,7.5,VIPV50_Wp700,WINTER
374,public,10.0,25.0,VIPV50_Wp700,WINTER
375,home,12.0,30.0,VIPV50_Wp700,WINTER
375,work,0.0,0.0,VIPV50_Wp700,WINTER
375,public,11.0,27.5,VIPV50_Wp700,WINTER
376,home,1.0,2.5,VIPV50_Wp700,WINTER
376,work,0.0,0.0,VIPV50_Wp700,WINTER
376,public,6.0,15.0,VIPV50_Wp700,WINTER
377,home,47.0,117.5,VIPV50_Wp700,WINTER
377,work,4.0,10.0,VIPV50_Wp700,WINTER
377,public,20.0,50.0,VIPV50_Wp700,WINTER
378,home,45.0,112.5,VIPV50_Wp700,WINTER
378,work,1.0,2.5,VIPV50_Wp700,WINTER
378,public,14.0,35.0,VIPV50_Wp700,WINTER
379,home,1.0,2.5,VIPV50_Wp700,WINTER
379,work,1.0,2.5,VIPV50_Wp700,WINTER
379,public,9.0,22.5,VIPV50_Wp700,WINTER
380,home,10.0,25.0,VIPV50_Wp700,WINTER
380,work,3.0,7.5,VIPV50_Wp700,WINTER
380,public,5.0,12.5,VIPV50_Wp700,WINTER
381,home,25.0,62.5,VIPV50_Wp700,WINTER
381,work,2.0,5.0,VIPV50_Wp700,WINTER
381,public,23.0,57.5,VIPV50_Wp700,WINTER
382,home,33.0,82.5,VIPV50_Wp700,WINTER
382,work,1.0,2.5,VIPV50_Wp700,WINTER
382,public,10.0,25.0,VIPV50_Wp700,WINTER
383,home,18.0,45.0,VIPV50_Wp700,WINTER
383,work,0.0,0.0,VIPV50_Wp700,WINTER
383,public,0.0,0.0,VIPV50_Wp700,WINTER
384,home,0.0,0.0,VIPV50_Wp700,WINTER
384,work,0.0,0.0,VIPV50_Wp700,WINTER
384,public,0.0,0.0,VIPV50_Wp700,WINTER
385,home,3.0,7.5,VIPV50_Wp700,WINTER
385,work,2.0,5.0,VIPV50_Wp700,WINTER
385,public,0.0,0.0,VIPV50_Wp700,WINTER
386,home,0.0,0.0,VIPV50_Wp700,WINTER
386,work,24.0,60.0,VIPV50_Wp700,WINTER
386,public,11.0,27.5,VIPV50_Wp700,WINTER
387,home,0.0,0.0,VIPV50_Wp700,WINTER
387,work,5.0,12.5,VIPV50_Wp700,WINTER
387,public,0.0,0.0,VIPV50_Wp700,WINTER
388,home,40.0,100.0,VIPV50_Wp700,WINTER
388,work,0.0,0.0,VIPV50_Wp700,WINTER
388,public,25.0,62.5,VIPV50_Wp700,WINTER
389,home,29.0,72.5,VIPV50_Wp700,WINTER
389,work,0.0,0.0,VIPV50_Wp700,WINTER
389,public,13.0,32.5,VIPV50_Wp700,WINTER
390,home,0.0,0.0,VIPV50_Wp700,WINTER
390,work,0.0,0.0,VIPV50_Wp700,WINTER
390,public,4.0,10.0,VIPV50_Wp700,WINTER
391,home,5.0,12.5,VIPV50_Wp700,WINTER
391,work,8.0,20.0,VIPV50_Wp700,WINTER
391,public,3.0,7.5,VIPV50_Wp700,WINTER
392,home,17.0,42.5,VIPV50_Wp700,WINTER
392,work,3.0,7.5,VIPV50_Wp700,WINTER
392,public,11.0,27.5,VIPV50_Wp700,WINTER
393,home,31.0,77.5,VIPV50_Wp700,WINTER
393,work,0.0,0.0,VIPV50_Wp700,WINTER
393,public,0.0,0.0,VIPV50_Wp700,WINTER
394,home,23.0,57.5,VIPV50_Wp700,WINTER
394,work,6.0,15.0,VIPV50_Wp700,WINTER
394,public,16.0,40.0,VIPV50_Wp700,WINTER
395,home,0.0,0.0,VIPV50_Wp700,WINTER
395,work,14.0,35.0,VIPV50_Wp700,WINTER
395,public,2.0,5.0,VIPV50_Wp700,WINTER
396,home,0.0,0.0,VIPV50_Wp700,WINTER
396,work,0.0,0.0,VIPV50_Wp700,WINTER
396,public,0.0,0.0,VIPV50_Wp700,WINTER
397,home,10.0,25.0,VIPV50_Wp700,WINTER
397,work,1.0,2.5,VIPV50_Wp700,WINTER
397,public,11.0,27.5,VIPV50_Wp700,WINTER
398,home,11.0,27.5,VIPV50_Wp700,WINTER
398,work,0.0,0.0,VIPV50_Wp700,WINTER
398,public,6.0,15.0,VIPV50_Wp700,WINTER
399,home,51.0,127.5,VIPV50_Wp700,WINTER
399,work,5.0,12.5,VIPV50_Wp700,WINTER
399,public,17.0,42.5,VIPV50_Wp700,WINTER
400,home,19.0,47.5,VIPV50_Wp700,WINTER
400,work,1.0,2.5,VIPV50_Wp700,WINTER
400,public,5.0,12.5,VIPV50_Wp700,WINTER
401,home,31.0,77.5,VIPV50_Wp700,WINTER
401,work,6.0,15.0,VIPV50_Wp700,WINTER
401,public,19.0,47.5,VIPV50_Wp700,WINTER
402,home,12.0,30.0,VIPV50_Wp700,WINTER
402,work,3.0,7.5,VIPV50_Wp700,WINTER
402,public,21.0,52.5,VIPV50_Wp700,WINTER
403,home,35.0,87.5,VIPV50_Wp700,WINTER
403,work,13.0,32.5,VIPV50_Wp700,WINTER
403,public,20.0,50.0,VIPV50_Wp700,WINTER
404,home,8.0,20.0,VIPV50_Wp700,WINTER
404,work,4.0,10.0,VIPV50_Wp700,WINTER
404,public,5.0,12.5,VIPV50_Wp700,WINTER
405,home,14.0,35.0,VIPV50_Wp700,WINTER
405,work,2.0,5.0,VIPV50_Wp700,WINTER
405,public,5.0,12.5,VIPV50_Wp700,WINTER
406,home,7.0,17.5,VIPV50_Wp700,WINTER
406,work,0.0,0.0,VIPV50_Wp700,WINTER
406,public,1.0,2.5,VIPV50_Wp700,WINTER
407,home,0.0,0.0,VIPV50_Wp700,WINTER
407,work,0.0,0.0,VIPV50_Wp700,WINTER
407,public,0.0,0.0,VIPV50_Wp700,WINTER
408,home,23.0,57.5,VIPV50_Wp700,WINTER
408,work,2.0,5.0,VIPV50_Wp700,WINTER
408,public,13.0,32.5,VIPV50_Wp700,WINTER
409,home,18.0,45.0,VIPV50_Wp700,WINTER
409,work,0.0,0.0,VIPV50_Wp700,WINTER
409,public,5.0,12.5,VIPV50_Wp700,WINTER
410,home,2.0,5.0,VIPV50_Wp700,WINTER
410,work,0.0,0.0,VIPV50_Wp700,WINTER
410,public,1.0,2.5,VIPV50_Wp700,WINTER
411,home,7.0,17.5,VIPV50_Wp700,WINTER
411,work,0.0,0.0,VIPV50_Wp700,WINTER
411,public,6.0,15.0,VIPV50_Wp700,WINTER
412,home,8.0,20.0,VIPV50_Wp700,WINTER
412,work,0.0,0.0,VIPV50_Wp700,WINTER
412,public,4.0,10.0,VIPV50_Wp700,WINTER
413,home,0.0,0.0,VIPV50_Wp700,WINTER
413,work,0.0,0.0,VIPV50_Wp700,WINTER
413,public,0.0,0.0,VIPV50_Wp700,WINTER
414,home,5.0,12.5,VIPV50_Wp700,WINTER
414,work,0.0,0.0,VIPV50_Wp700,WINTER
414,public,12.0,30.0,VIPV50_Wp700,WINTER
415,home,20.0,50.0,VIPV50_Wp700,WINTER
415,work,0.0,0.0,VIPV50_Wp700,WINTER
415,public,8.0,20.0,VIPV50_Wp700,WINTER
416,home,17.0,42.5,VIPV50_Wp700,WINTER
416,work,0.0,0.0,VIPV50_Wp700,WINTER
416,public,4.0,10.0,VIPV50_Wp700,WINTER
417,home,9.0,22.5,VIPV50_Wp700,WINTER
417,work,0.0,0.0,VIPV50_Wp700,WINTER
417,public,8.0,20.0,VIPV50_Wp700,WINTER
418,home,0.0,0.0,VIPV50_Wp700,WINTER
418,work,0.0,0.0,VIPV50_Wp700,WINTER
418,public,4.0,10.0,VIPV50_Wp700,WINTER
419,home,24.0,60.0,VIPV50_Wp700,WINTER
419,work,2.0,5.0,VIPV50_Wp700,WINTER
419,public,31.0,77.5,VIPV50_Wp700,WINTER
420,home,46.0,115.0,VIPV50_Wp700,WINTER
420,work,9.0,22.5,VIPV50_Wp700,WINTER
420,public,9.0,22.5,VIPV50_Wp700,WINTER
421,home,13.0,32.5,VIPV50_Wp700,WINTER
421,work,12.0,30.0,VIPV50_Wp700,WINTER
421,public,13.0,32.5,VIPV50_Wp700,WINTER
422,home,2.0,5.0,VIPV50_Wp700,WINTER
422,work,4.0,10.0,VIPV50_Wp700,WINTER
422,public,2.0,5.0,VIPV50_Wp700,WINTER
423,home,23.0,57.5,VIPV50_Wp700,WINTER
423,work,0.0,0.0,VIPV50_Wp700,WINTER
423,public,22.0,55.0,VIPV50_Wp700,WINTER
424,home,27.0,67.5,VIPV50_Wp700,WINTER
424,work,1.0,2.5,VIPV50_Wp700,WINTER
424,public,22.0,55.0,VIPV50_Wp700,WINTER
425,home,14.0,35.0,VIPV50_Wp700,WINTER
425,work,0.0,0.0,VIPV50_Wp700,WINTER
425,public,7.0,17.5,VIPV50_Wp700,WINTER
426,home,3.0,7.5,VIPV50_Wp700,WINTER
426,work,0.0,0.0,VIPV50_Wp700,WINTER
426,public,11.0,27.5,VIPV50_Wp700,WINTER
427,home,9.0,22.5,VIPV50_Wp700,WINTER
427,work,0.0,0.0,VIPV50_Wp700,WINTER
427,public,0.0,0.0,VIPV50_Wp700,WINTER
428,home,12.0,30.0,VIPV50_Wp700,WINTER
428,work,1.0,2.5,VIPV50_Wp700,WINTER
428,public,5.0,12.5,VIPV50_Wp700,WINTER
429,home,8.0,20.0,VIPV50_Wp700,WINTER
429,work,0.0,0.0,VIPV50_Wp700,WINTER
429,public,0.0,0.0,VIPV50_Wp700,WINTER
430,home,10.0,25.0,VIPV50_Wp700,WINTER
430,work,0.0,0.0,VIPV50_Wp700,WINTER
430,public,12.0,30.0,VIPV50_Wp700,WINTER
431,home,0.0,0.0,VIPV50_Wp700,WINTER
431,work,0.0,0.0,VIPV50_Wp700,WINTER
431,public,2.0,5.0,VIPV50_Wp700,WINTER
432,home,15.0,37.5,VIPV50_Wp700,WINTER
432,work,0.0,0.0,VIPV50_Wp700,WINTER
432,public,5.0,12.5,VIPV50_Wp700,WINTER
433,home,0.0,0.0,VIPV50_Wp700,WINTER
433,work,2.0,5.0,VIPV50_Wp700,WINTER
433,public,0.0,0.0,VIPV50_Wp700,WINTER
434,home,6.0,15.0,VIPV50_Wp700,WINTER
434,work,1.0,2.5,VIPV50_Wp700,WINTER
434,public,2.0,5.0,VIPV50_Wp700,WINTER
435,home,3.0,7.5,VIPV50_Wp700,WINTER
435,work,0.0,0.0,VIPV50_Wp700,WINTER
435,public,0.0,0.0,VIPV50_Wp700,WINTER
436,home,16.0,40.0,VIPV50_Wp700,WINTER
436,work,1.0,2.5,VIPV50_Wp700,WINTER
436,public,3.0,7.5,VIPV50_Wp700,WINTER
437,home,6.0,15.0,VIPV50_Wp700,WINTER
437,work,0.0,0.0,VIPV50_Wp700,WINTER
437,public,0.0,0.0,VIPV50_Wp700,WINTER
438,home,4.0,10.0,VIPV50_Wp700,WINTER
438,work,1.0,2.5,VIPV50_Wp700,WINTER
438,public,0.0,0.0,VIPV50_Wp700,WINTER
439,home,0.0,0.0,VIPV50_Wp700,WINTER
439,work,0.0,0.0,VIPV50_Wp700,WINTER
439,public,0.0,0.0,VIPV50_Wp700,WINTER
440,home,9.0,22.5,VIPV50_Wp700,WINTER
440,work,0.0,0.0,VIPV50_Wp700,WINTER
440,public,6.0,15.0,VIPV50_Wp700,WINTER
441,home,47.0,117.5,VIPV50_Wp700,WINTER
441,work,4.0,10.0,VIPV50_Wp700,WINTER
441,public,16.0,40.0,VIPV50_Wp700,WINTER
442,home,10.0,25.0,VIPV50_Wp700,WINTER
442,work,1.0,2.5,VIPV50_Wp700,WINTER
442,public,5.0,12.5,VIPV50_Wp700,WINTER
443,home,25.0,62.5,VIPV50_Wp700,WINTER
443,work,0.0,0.0,VIPV50_Wp700,WINTER
443,public,12.0,30.0,VIPV50_Wp700,WINTER
444,home,31.0,77.5,VIPV50_Wp700,WINTER
444,work,0.0,0.0,VIPV50_Wp700,WINTER
444,public,6.0,15.0,VIPV50_Wp700,WINTER
445,home,53.0,132.5,VIPV50_Wp700,WINTER
445,work,7.0,17.5,VIPV50_Wp700,WINTER
445,public,44.0,110.0,VIPV50_Wp700,WINTER
446,home,0.0,0.0,VIPV50_Wp700,WINTER
446,work,15.0,37.5,VIPV50_Wp700,WINTER
446,public,0.0,0.0,VIPV50_Wp700,WINTER
447,home,0.0,0.0,VIPV50_Wp700,WINTER
447,work,2.0,5.0,VIPV50_Wp700,WINTER
447,public,3.0,7.5,VIPV50_Wp700,WINTER
448,home,30.0,75.0,VIPV50_Wp700,WINTER
448,work,5.0,12.5,VIPV50_Wp700,WINTER
448,public,14.0,35.0,VIPV50_Wp700,WINTER
449,home,40.0,100.0,VIPV50_Wp700,WINTER
449,work,0.0,0.0,VIPV50_Wp700,WINTER
449,public,14.0,35.0,VIPV50_Wp700,WINTER
450,home,36.0,90.0,VIPV50_Wp700,WINTER
450,work,2.0,5.0,VIPV50_Wp700,WINTER
450,public,20.0,50.0,VIPV50_Wp700,WINTER
451,home,28.0,70.0,VIPV50_Wp700,WINTER
451,work,3.0,7.5,VIPV50_Wp700,WINTER
451,public,17.0,42.5,VIPV50_Wp700,WINTER
452,home,8.0,20.0,VIPV50_Wp700,WINTER
452,work,0.0,0.0,VIPV50_Wp700,WINTER
452,public,0.0,0.0,VIPV50_Wp700,WINTER
453,home,3.0,7.5,VIPV50_Wp700,WINTER
453,work,0.0,0.0,VIPV50_Wp700,WINTER
453,public,0.0,0.0,VIPV50_Wp700,WINTER
454,home,22.0,55.0,VIPV50_Wp700,WINTER
454,work,0.0,0.0,VIPV50_Wp700,WINTER
454,public,1.0,2.5,VIPV50_Wp700,WINTER
455,home,1.0,2.5,VIPV50_Wp700,WINTER
455,work,0.0,0.0,VIPV50_Wp700,WINTER
455,public,0.0,0.0,VIPV50_Wp700,WINTER
456,home,7.0,17.5,VIPV50_Wp700,WINTER
456,work,0.0,0.0,VIPV50_Wp700,WINTER
456,public,6.0,15.0,VIPV50_Wp700,WINTER
457,home,0.0,0.0,VIPV50_Wp700,WINTER
457,work,0.0,0.0,VIPV50_Wp700,WINTER
457,public,2.0,5.0,VIPV50_Wp700,WINTER
458,home,0.0,0.0,VIPV50_Wp700,WINTER
458,work,26.0,65.0,VIPV50_Wp700,WINTER
458,public,6.0,15.0,VIPV50_Wp700,WINTER
459,home,0.0,0.0,VIPV50_Wp700,WINTER
459,work,0.0,0.0,VIPV50_Wp700,WINTER
459,public,1.0,2.5,VIPV50_Wp700,WINTER
460,home,35.0,87.5,VIPV50_Wp700,WINTER
460,work,0.0,0.0,VIPV50_Wp700,WINTER
460,public,22.0,55.0,VIPV50_Wp700,WINTER
461,home,32.0,80.0,VIPV50_Wp700,WINTER
461,work,1.0,2.5,VIPV50_Wp700,WINTER
461,public,11.0,27.5,VIPV50_Wp700,WINTER
462,home,17.0,42.5,VIPV50_Wp700,WINTER
462,work,5.0,12.5,VIPV50_Wp700,WINTER
462,public,10.0,25.0,VIPV50_Wp700,WINTER
463,home,43.0,107.5,VIPV50_Wp700,WINTER
463,work,1.0,2.5,VIPV50_Wp700,WINTER
463,public,9.0,22.5,VIPV50_Wp700,WINTER
464,home,13.0,32.5,VIPV50_Wp700,WINTER
464,work,1.0,2.5,VIPV50_Wp700,WINTER
464,public,3.0,7.5,VIPV50_Wp700,WINTER
465,home,4.0,10.0,VIPV50_Wp700,WINTER
465,work,2.0,5.0,VIPV50_Wp700,WINTER
465,public,0.0,0.0,VIPV50_Wp700,WINTER
466,home,0.0,0.0,VIPV50_Wp700,WINTER
466,work,3.0,7.5,VIPV50_Wp700,WINTER
466,public,2.0,5.0,VIPV50_Wp700,WINTER
467,home,3.0,7.5,VIPV50_Wp700,WINTER
467,work,2.0,5.0,VIPV50_Wp700,WINTER
467,public,0.0,0.0,VIPV50_Wp700,WINTER
468,home,54.0,135.0,VIPV50_Wp700,WINTER
468,work,1.0,2.5,VIPV50_Wp700,WINTER
468,public,43.0,107.5,VIPV50_Wp700,WINTER
469,home,46.0,115.0,VIPV50_Wp700,WINTER
469,work,10.0,25.0,VIPV50_Wp700,WINTER
469,public,17.0,42.5,VIPV50_Wp700,WINTER
470,home,47.0,117.5,VIPV50_Wp700,WINTER
470,work,1.0,2.5,VIPV50_Wp700,WINTER
470,public,46.0,115.0,VIPV50_Wp700,WINTER
471,home,3.0,7.5,VIPV50_Wp700,WINTER
471,work,5.0,12.5,VIPV50_Wp700,WINTER
471,public,0.0,0.0,VIPV50_Wp700,WINTER
472,home,6.0,15.0,VIPV50_Wp700,WINTER
472,work,0.0,0.0,VIPV50_Wp700,WINTER
472,public,0.0,0.0,VIPV50_Wp700,WINTER
473,home,0.0,0.0,VIPV50_Wp700,WINTER
473,work,0.0,0.0,VIPV50_Wp700,WINTER
473,public,2.0,5.0,VIPV50_Wp700,WINTER
474,home,13.0,32.5,VIPV50_Wp700,WINTER
474,work,0.0,0.0,VIPV50_Wp700,WINTER
474,public,1.0,2.5,VIPV50_Wp700,WINTER
475,home,10.0,25.0,VIPV50_Wp700,WINTER
475,work,0.0,0.0,VIPV50_Wp700,WINTER
475,public,9.0,22.5,VIPV50_Wp700,WINTER
476,home,16.0,40.0,VIPV50_Wp700,WINTER
476,work,0.0,0.0,VIPV50_Wp700,WINTER
476,public,1.0,2.5,VIPV50_Wp700,WINTER
477,home,3.0,7.5,VIPV50_Wp700,WINTER
477,work,0.0,0.0,VIPV50_Wp700,WINTER
477,public,0.0,0.0,VIPV50_Wp700,WINTER
478,home,1.0,2.5,VIPV50_Wp700,WINTER
478,work,0.0,0.0,VIPV50_Wp700,WINTER
478,public,0.0,0.0,VIPV50_Wp700,WINTER
479,home,16.0,40.0,VIPV50_Wp700,WINTER
479,work,0.0,0.0,VIPV50_Wp700,WINTER
479,public,2.0,5.0,VIPV50_Wp700,WINTER
480,home,8.0,20.0,VIPV50_Wp700,WINTER
480,work,2.0,5.0,VIPV50_Wp700,WINTER
480,public,13.0,32.5,VIPV50_Wp700,WINTER
481,home,8.0,20.0,VIPV50_Wp700,WINTER
481,work,2.0,5.0,VIPV50_Wp700,WINTER
481,public,3.0,7.5,VIPV50_Wp700,WINTER
482,home,7.0,17.5,VIPV50_Wp700,WINTER
482,work,1.0,2.5,VIPV50_Wp700,WINTER
482,public,4.0,10.0,VIPV50_Wp700,WINTER
483,home,0.0,0.0,VIPV50_Wp700,WINTER
483,work,6.0,15.0,VIPV50_Wp700,WINTER
483,public,3.0,7.5,VIPV50_Wp700,WINTER
484,home,34.0,85.0,VIPV50_Wp700,WINTER
484,work,0.0,0.0,VIPV50_Wp700,WINTER
484,public,12.0,30.0,VIPV50_Wp700,WINTER
485,home,12.0,30.0,VIPV50_Wp700,WINTER
485,work,1.0,2.5,VIPV50_Wp700,WINTER
485,public,3.0,7.5,VIPV50_Wp700,WINTER
486,home,19.0,47.5,VIPV50_Wp700,WINTER
486,work,0.0,0.0,VIPV50_Wp700,WINTER
486,public,22.0,55.0,VIPV50_Wp700,WINTER
487,home,4.0,10.0,VIPV50_Wp700,WINTER
487,work,0.0,0.0,VIPV50_Wp700,WINTER
487,public,0.0,0.0,VIPV50_Wp700,WINTER
488,home,0.0,0.0,VIPV50_Wp700,WINTER
488,work,0.0,0.0,VIPV50_Wp700,WINTER
488,public,0.0,0.0,VIPV50_Wp700,WINTER
489,home,0.0,0.0,VIPV50_Wp700,WINTER
489,work,0.0,0.0,VIPV50_Wp700,WINTER
489,public,3.0,7.5,VIPV50_Wp700,WINTER
490,home,3.0,7.5,VIPV50_Wp700,WINTER
490,work,0.0,0.0,VIPV50_Wp700,WINTER
490,public,1.0,2.5,VIPV50_Wp700,WINTER
491,home,4.0,10.0,VIPV50_Wp700,WINTER
491,work,0.0,0.0,VIPV50_Wp700,WINTER
491,public,0.0,0.0,VIPV50_Wp700,WINTER
492,home,6.0,15.0,VIPV50_Wp700,WINTER
492,work,0.0,0.0,VIPV50_Wp700,WINTER
492,public,0.0,0.0,VIPV50_Wp700,WINTER
493,home,2.0,5.0,VIPV50_Wp700,WINTER
493,work,0.0,0.0,VIPV50_Wp700,WINTER
493,public,3.0,7.5,VIPV50_Wp700,WINTER
494,home,0.0,0.0,VIPV50_Wp700,WINTER
494,work,1.0,2.5,VIPV50_Wp700,WINTER
494,public,0.0,0.0,VIPV50_Wp700,WINTER
495,home,0.0,0.0,VIPV50_Wp700,WINTER
495,work,0.0,0.0,VIPV50_Wp700,WINTER
495,public,0.0,0.0,VIPV50_Wp700,WINTER
496,home,0.0,0.0,VIPV50_Wp700,WINTER
496,work,0.0,0.0,VIPV50_Wp700,WINTER
496,public,0.0,0.0,VIPV50_Wp700,WINTER
497,home,0.0,0.0,VIPV50_Wp700,WINTER
497,work,3.0,7.5,VIPV50_Wp700,WINTER
497,public,0.0,0.0,VIPV50_Wp700,WINTER
498,home,0.0,0.0,VIPV50_Wp700,WINTER
498,work,7.0,17.5,VIPV50_Wp700,WINTER
498,public,14.0,35.0,VIPV50_Wp700,WINTER
499,home,26.0,65.0,VIPV50_Wp700,WINTER
499,work,3.0,7.5,VIPV50_Wp700,WINTER
499,public,23.0,57.5,VIPV50_Wp700,WINTER
500,home,29.0,72.5,VIPV50_Wp700,WINTER
500,work,6.0,15.0,VIPV50_Wp700,WINTER
500,public,25.0,62.5,VIPV50_Wp700,WINTER
501,home,7.0,17.5,VIPV50_Wp700,WINTER
501,work,2.0,5.0,VIPV50_Wp700,WINTER
501,public,12.0,30.0,VIPV50_Wp700,WINTER
502,home,0.0,0.0,VIPV50_Wp700,WINTER
502,work,1.0,2.5,VIPV50_Wp700,WINTER
502,public,0.0,0.0,VIPV50_Wp700,WINTER
503,home,0.0,0.0,VIPV50_Wp700,WINTER
503,work,0.0,0.0,VIPV50_Wp700,WINTER
503,public,0.0,0.0,VIPV50_Wp700,WINTER
504,home,1.0,2.5,VIPV50_Wp700,WINTER
504,work,0.0,0.0,VIPV50_Wp700,WINTER
504,public,0.0,0.0,VIPV50_Wp700,WINTER
505,home,6.0,15.0,VIPV50_Wp700,WINTER
505,work,0.0,0.0,VIPV50_Wp700,WINTER
505,public,6.0,15.0,VIPV50_Wp700,WINTER
506,home,5.0,12.5,VIPV50_Wp700,WINTER
506,work,1.0,2.5,VIPV50_Wp700,WINTER
506,public,11.0,27.5,VIPV50_Wp700,WINTER
507,home,0.0,0.0,VIPV50_Wp700,WINTER
507,work,0.0,0.0,VIPV50_Wp700,WINTER
507,public,2.0,5.0,VIPV50_Wp700,WINTER
508,home,0.0,0.0,VIPV50_Wp700,WINTER
508,work,0.0,0.0,VIPV50_Wp700,WINTER
508,public,0.0,0.0,VIPV50_Wp700,WINTER
509,home,1.0,2.5,VIPV50_Wp700,WINTER
509,work,0.0,0.0,VIPV50_Wp700,WINTER
509,public,2.0,5.0,VIPV50_Wp700,WINTER
510,home,0.0,0.0,VIPV50_Wp700,WINTER
510,work,0.0,0.0,VIPV50_Wp700,WINTER
510,public,0.0,0.0,VIPV50_Wp700,WINTER
511,home,5.0,12.5,VIPV50_Wp700,WINTER
511,work,0.0,0.0,VIPV50_Wp700,WINTER
511,public,0.0,0.0,VIPV50_Wp700,WINTER
512,home,0.0,0.0,VIPV50_Wp700,WINTER
512,work,5.0,12.5,VIPV50_Wp700,WINTER
512,public,4.0,10.0,VIPV50_Wp700,WINTER
513,home,0.0,0.0,VIPV50_Wp700,WINTER
513,work,0.0,0.0,VIPV50_Wp700,WINTER
513,public,0.0,0.0,VIPV50_Wp700,WINTER
514,home,28.0,70.0,VIPV50_Wp700,WINTER
514,work,2.0,5.0,VIPV50_Wp700,WINTER
514,public,0.0,0.0,VIPV50_Wp700,WINTER
515,home,61.0,152.5,VIPV50_Wp700,WINTER
515,work,1.0,2.5,VIPV50_Wp700,WINTER
515,public,10.0,25.0,VIPV50_Wp700,WINTER
516,home,3.0,7.5,VIPV50_Wp700,WINTER
516,work,0.0,0.0,VIPV50_Wp700,WINTER
516,public,5.0,12.5,VIPV50_Wp700,WINTER
517,home,6.0,15.0,VIPV50_Wp700,WINTER
517,work,0.0,0.0,VIPV50_Wp700,WINTER
517,public,0.0,0.0,VIPV50_Wp700,WINTER
518,home,1.0,2.5,VIPV50_Wp700,WINTER
518,work,0.0,0.0,VIPV50_Wp700,WINTER
518,public,2.0,5.0,VIPV50_Wp700,WINTER
519,home,5.0,12.5,VIPV50_Wp700,WINTER
519,work,0.0,0.0,VIPV50_Wp700,WINTER
519,public,2.0,5.0,VIPV50_Wp700,WINTER
520,home,1.0,2.5,VIPV50_Wp700,WINTER
520,work,0.0,0.0,VIPV50_Wp700,WINTER
520,public,1.0,2.5,VIPV50_Wp700,WINTER
521,home,7.0,17.5,VIPV50_Wp700,WINTER
521,work,0.0,0.0,VIPV50_Wp700,WINTER
521,public,0.0,0.0,VIPV50_Wp700,WINTER
522,home,9.0,22.5,VIPV50_Wp700,WINTER
522,work,0.0,0.0,VIPV50_Wp700,WINTER
522,public,4.0,10.0,VIPV50_Wp700,WINTER
523,home,4.0,10.0,VIPV50_Wp700,WINTER
523,work,0.0,0.0,VIPV50_Wp700,WINTER
523,public,0.0,0.0,VIPV50_Wp700,WINTER
524,home,1.0,2.5,VIPV50_Wp700,WINTER
524,work,3.0,7.5,VIPV50_Wp700,WINTER
524,public,0.0,0.0,VIPV50_Wp700,WINTER
525,home,1.0,2.5,VIPV50_Wp700,WINTER
525,work,0.0,0.0,VIPV50_Wp700,WINTER
525,public,0.0,0.0,VIPV50_Wp700,WINTER
526,home,0.0,0.0,VIPV50_Wp700,WINTER
526,work,0.0,0.0,VIPV50_Wp700,WINTER
526,public,0.0,0.0,VIPV50_Wp700,WINTER
527,home,2.0,5.0,VIPV50_Wp700,WINTER
527,work,0.0,0.0,VIPV50_Wp700,WINTER
527,public,3.0,7.5,VIPV50_Wp700,WINTER
528,home,0.0,0.0,VIPV50_Wp700,WINTER
528,work,0.0,0.0,VIPV50_Wp700,WINTER
528,public,3.0,7.5,VIPV50_Wp700,WINTER
529,home,1.0,2.5,VIPV50_Wp700,WINTER
529,work,0.0,0.0,VIPV50_Wp700,WINTER
529,public,0.0,0.0,VIPV50_Wp700,WINTER
530,home,7.0,17.5,VIPV50_Wp700,WINTER
530,work,3.0,7.5,VIPV50_Wp700,WINTER
530,public,2.0,5.0,VIPV50_Wp700,WINTER
531,home,0.0,0.0,VIPV50_Wp700,WINTER
531,work,2.0,5.0,VIPV50_Wp700,WINTER
531,public,0.0,0.0,VIPV50_Wp700,WINTER
532,home,2.0,5.0,VIPV50_Wp700,WINTER
532,work,0.0,0.0,VIPV50_Wp700,WINTER
532,public,0.0,0.0,VIPV50_Wp700,WINTER
533,home,15.0,37.5,VIPV50_Wp700,WINTER
533,work,0.0,0.0,VIPV50_Wp700,WINTER
533,public,6.0,15.0,VIPV50_Wp700,WINTER
534,home,9.0,22.5,VIPV50_Wp700,WINTER
534,work,0.0,0.0,VIPV50_Wp700,WINTER
534,public,1.0,2.5,VIPV50_Wp700,WINTER
535,home,0.0,0.0,VIPV50_Wp700,WINTER
535,work,0.0,0.0,VIPV50_Wp700,WINTER
535,public,1.0,2.5,VIPV50_Wp700,WINTER
536,home,3.0,7.5,VIPV50_Wp700,WINTER
536,work,0.0,0.0,VIPV50_Wp700,WINTER
536,public,3.0,7.5,VIPV50_Wp700,WINTER
537,home,11.0,27.5,VIPV50_Wp700,WINTER
537,work,1.0,2.5,VIPV50_Wp700,WINTER
537,public,1.0,2.5,VIPV50_Wp700,WINTER
538,home,8.0,20.0,VIPV50_Wp700,WINTER
538,work,0.0,0.0,VIPV50_Wp700,WINTER
538,public,0.0,0.0,VIPV50_Wp700,WINTER
539,home,20.0,50.0,VIPV50_Wp700,WINTER
539,work,1.0,2.5,VIPV50_Wp700,WINTER
539,public,4.0,10.0,VIPV50_Wp700,WINTER
540,home,13.0,32.5,VIPV50_Wp700,WINTER
540,work,0.0,0.0,VIPV50_Wp700,WINTER
540,public,5.0,12.5,VIPV50_Wp700,WINTER
541,home,1.0,2.5,VIPV50_Wp700,WINTER
541,work,0.0,0.0,VIPV50_Wp700,WINTER
541,public,2.0,5.0,VIPV50_Wp700,WINTER
542,home,0.0,0.0,VIPV50_Wp700,WINTER
542,work,0.0,0.0,VIPV50_Wp700,WINTER
542,public,3.0,7.5,VIPV50_Wp700,WINTER
543,home,1.0,2.5,VIPV50_Wp700,WINTER
543,work,0.0,0.0,VIPV50_Wp700,WINTER
543,public,1.0,2.5,VIPV50_Wp700,WINTER
544,home,1.0,2.5,VIPV50_Wp700,WINTER
544,work,0.0,0.0,VIPV50_Wp700,WINTER
544,public,0.0,0.0,VIPV50_Wp700,WINTER
545,home,0.0,0.0,VIPV50_Wp700,WINTER
545,work,0.0,0.0,VIPV50_Wp700,WINTER
545,public,0.0,0.0,VIPV50_Wp700,WINTER
546,home,0.0,0.0,VIPV50_Wp700,WINTER
546,work,0.0,0.0,VIPV50_Wp700,WINTER
546,public,2.0,5.0,VIPV50_Wp700,WINTER
547,home,0.0,0.0,VIPV50_Wp700,WINTER
547,work,0.0,0.0,VIPV50_Wp700,WINTER
547,public,0.0,0.0,VIPV50_Wp700,WINTER
548,home,18.0,45.0,VIPV50_Wp700,WINTER
548,work,0.0,0.0,VIPV50_Wp700,WINTER
548,public,13.0,32.5,VIPV50_Wp700,WINTER
549,home,73.0,182.5,VIPV50_Wp700,WINTER
549,work,6.0,15.0,VIPV50_Wp700,WINTER
549,public,27.0,67.5,VIPV50_Wp700,WINTER
550,home,2.0,5.0,VIPV50_Wp700,WINTER
550,work,1.0,2.5,VIPV50_Wp700,WINTER
550,public,6.0,15.0,VIPV50_Wp700,WINTER
551,home,5.0,12.5,VIPV50_Wp700,WINTER
551,work,0.0,0.0,VIPV50_Wp700,WINTER
551,public,1.0,2.5,VIPV50_Wp700,WINTER
552,home,0.0,0.0,VIPV50_Wp700,WINTER
552,work,2.0,5.0,VIPV50_Wp700,WINTER
552,public,8.0,20.0,VIPV50_Wp700,WINTER
553,home,5.0,12.5,VIPV50_Wp700,WINTER
553,work,6.0,15.0,VIPV50_Wp700,WINTER
553,public,7.0,17.5,VIPV50_Wp700,WINTER
554,home,0.0,0.0,VIPV50_Wp700,WINTER
554,work,0.0,0.0,VIPV50_Wp700,WINTER
554,public,1.0,2.5,VIPV50_Wp700,WINTER
555,home,3.0,7.5,VIPV50_Wp700,WINTER
555,work,0.0,0.0,VIPV50_Wp700,WINTER
555,public,5.0,12.5,VIPV50_Wp700,WINTER
556,home,4.0,10.0,VIPV50_Wp700,WINTER
556,work,0.0,0.0,VIPV50_Wp700,WINTER
556,public,1.0,2.5,VIPV50_Wp700,WINTER
557,home,14.0,35.0,VIPV50_Wp700,WINTER
557,work,0.0,0.0,VIPV50_Wp700,WINTER
557,public,6.0,15.0,VIPV50_Wp700,WINTER
558,home,28.0,70.0,VIPV50_Wp700,WINTER
558,work,2.0,5.0,VIPV50_Wp700,WINTER
558,public,0.0,0.0,VIPV50_Wp700,WINTER
559,home,0.0,0.0,VIPV50_Wp700,WINTER
559,work,0.0,0.0,VIPV50_Wp700,WINTER
559,public,0.0,0.0,VIPV50_Wp700,WINTER
560,home,0.0,0.0,VIPV50_Wp700,WINTER
560,work,0.0,0.0,VIPV50_Wp700,WINTER
560,public,3.0,7.5,VIPV50_Wp700,WINTER
561,home,2.0,5.0,VIPV50_Wp700,WINTER
561,work,0.0,0.0,VIPV50_Wp700,WINTER
561,public,0.0,0.0,VIPV50_Wp700,WINTER
562,home,1.0,2.5,VIPV50_Wp700,WINTER
562,work,0.0,0.0,VIPV50_Wp700,WINTER
562,public,0.0,0.0,VIPV50_Wp700,WINTER
563,home,35.0,87.5,VIPV50_Wp700,WINTER
563,work,2.0,5.0,VIPV50_Wp700,WINTER
563,public,0.0,0.0,VIPV50_Wp700,WINTER
564,home,1.0,2.5,VIPV50_Wp700,WINTER
564,work,0.0,0.0,VIPV50_Wp700,WINTER
564,public,0.0,0.0,VIPV50_Wp700,WINTER
565,home,2.0,5.0,VIPV50_Wp700,WINTER
565,work,0.0,0.0,VIPV50_Wp700,WINTER
565,public,2.0,5.0,VIPV50_Wp700,WINTER
566,home,19.0,47.5,VIPV50_Wp700,WINTER
566,work,4.0,10.0,VIPV50_Wp700,WINTER
566,public,8.0,20.0,VIPV50_Wp700,WINTER
567,home,13.0,32.5,VIPV50_Wp700,WINTER
567,work,0.0,0.0,VIPV50_Wp700,WINTER
567,public,14.0,35.0,VIPV50_Wp700,WINTER
568,home,24.0,60.0,VIPV50_Wp700,WINTER
568,work,2.0,5.0,VIPV50_Wp700,WINTER
568,public,19.0,47.5,VIPV50_Wp700,WINTER
569,home,76.0,190.0,VIPV50_Wp700,WINTER
569,work,4.0,10.0,VIPV50_Wp700,WINTER
569,public,16.0,40.0,VIPV50_Wp700,WINTER
570,home,26.0,65.0,VIPV50_Wp700,WINTER
570,work,0.0,0.0,VIPV50_Wp700,WINTER
570,public,8.0,20.0,VIPV50_Wp700,WINTER
571,home,15.0,37.5,VIPV50_Wp700,WINTER
571,work,0.0,0.0,VIPV50_Wp700,WINTER
571,public,9.0,22.5,VIPV50_Wp700,WINTER
572,home,9.0,22.5,VIPV50_Wp700,WINTER
572,work,0.0,0.0,VIPV50_Wp700,WINTER
572,public,0.0,0.0,VIPV50_Wp700,WINTER
573,home,0.0,0.0,VIPV50_Wp700,WINTER
573,work,0.0,0.0,VIPV50_Wp700,WINTER
573,public,2.0,5.0,VIPV50_Wp700,WINTER
574,home,40.0,100.0,VIPV50_Wp700,WINTER
574,work,0.0,0.0,VIPV50_Wp700,WINTER
574,public,11.0,27.5,VIPV50_Wp700,WINTER
575,home,19.0,47.5,VIPV50_Wp700,WINTER
575,work,0.0,0.0,VIPV50_Wp700,WINTER
575,public,1.0,2.5,VIPV50_Wp700,WINTER
576,home,2.0,5.0,VIPV50_Wp700,WINTER
576,work,0.0,0.0,VIPV50_Wp700,WINTER
576,public,0.0,0.0,VIPV50_Wp700,WINTER
577,home,63.0,157.5,VIPV50_Wp700,WINTER
577,work,2.0,5.0,VIPV50_Wp700,WINTER
577,public,39.0,97.5,VIPV50_Wp700,WINTER
578,home,23.0,57.5,VIPV50_Wp700,WINTER
578,work,4.0,10.0,VIPV50_Wp700,WINTER
578,public,21.0,52.5,VIPV50_Wp700,WINTER
579,home,6.0,15.0,VIPV50_Wp700,WINTER
579,work,0.0,0.0,VIPV50_Wp700,WINTER
579,public,14.0,35.0,VIPV50_Wp700,WINTER
580,home,25.0,62.5,VIPV50_Wp700,WINTER
580,work,0.0,0.0,VIPV50_Wp700,WINTER
580,public,6.0,15.0,VIPV50_Wp700,WINTER
581,home,0.0,0.0,VIPV50_Wp700,WINTER
581,work,0.0,0.0,VIPV50_Wp700,WINTER
581,public,0.0,0.0,VIPV50_Wp700,WINTER
582,home,0.0,0.0,VIPV50_Wp700,WINTER
582,work,0.0,0.0,VIPV50_Wp700,WINTER
582,public,1.0,2.5,VIPV50_Wp700,WINTER
583,home,13.0,32.5,VIPV50_Wp700,WINTER
583,work,0.0,0.0,VIPV50_Wp700,WINTER
583,public,0.0,0.0,VIPV50_Wp700,WINTER
584,home,33.0,82.5,VIPV50_Wp700,WINTER
584,work,1.0,2.5,VIPV50_Wp700,WINTER
584,public,17.0,42.5,VIPV50_Wp700,WINTER
585,home,27.0,67.5,VIPV50_Wp700,WINTER
585,work,0.0,0.0,VIPV50_Wp700,WINTER
585,public,0.0,0.0,VIPV50_Wp700,WINTER
586,home,49.0,122.5,VIPV50_Wp700,WINTER
586,work,1.0,2.5,VIPV50_Wp700,WINTER
586,public,21.0,52.5,VIPV50_Wp700,WINTER
