chargerId;xCoord;yCoord;vehicleId;startTime_matsim;startTime_24h;startTime;startDay;endTime_matsim;endTime_24h;endTime;endDay;chargingDuration;unplugTime_matsim;unplugTime_24h;unplugTime;unplugDay;pluggedDuration;chargingRatio;startSoc;startSoc_kWh;endSoc;endSoc_kWh;transmittedEnergy_kWh;walkingDistance
public_1476401873;320936.36149999965;6400335.489499999;4663510;06:24:42;06:24:42;23082.0;1;06:41:49;06:41:49;24109.0;1;1027.0;06:41:49;06:41:49;24109.0;1;1027.0;1.0;0.558;19.0;0.743;25.0;6.0;0.0
public_1476224224;321379.73319999967;6396355.6888999995;4663510;06:47:46;06:47:46;24466.0;1;07:07:36;07:07:36;25656.0;1;1190.0;07:07:36;07:07:36;25656.0;1;1190.0;1.0;0.716;24.0;0.919;31.0;7.0;0.0
public_1476270180;320702.6497999998;6395375.963199999;10006014;07:29:55;07:29:55;26995.0;1;07:40:05;07:40:05;27605.0;1;610.0;07:40:05;07:40:05;27605.0;1;610.0;1.0;0.541;23.0;0.63;26.0;4.0;0.0
public_1476008265;316858.7589999996;6397194.955700001;1882314;07:20:01;07:20:01;26401.0;1;08:01:21;08:01:21;28881.0;1;2480.0;08:01:21;08:01:21;28881.0;1;2480.0;1.0;0.574;43.0;0.776;58.0;15.0;0.0
10004860_home;323923.82969999965;6411780.592;10004860;07:19:12;07:19:12;26352.0;1;08:03:22;08:03:22;29002.0;1;2650.0;08:03:22;08:03:22;29002.0;1;2650.0;1.0;0.487;17.0;0.638;22.0;5.0;0.0
public_1476265451;316483.0460999999;6395069.236199999;7411363;07:31:03;07:31:03;27063.0;1;08:03:59;08:03:59;29039.0;1;1976.0;08:03:59;08:03:59;29039.0;1;1976.0;1.0;0.568;19.0;0.914;31.0;12.0;0.0
public_1476257276;316743.8037999999;6399103.082599999;7310458;08:18:05;08:18:05;29885.0;1;08:23:59;08:23:59;30239.0;1;354.0;08:23:59;08:23:59;30239.0;1;354.0;1.0;0.557;19.0;0.62;21.0;2.0;0.0
public_1476238549;325496.1283;6402430.0934999995;2109124;07:33:03;07:33:03;27183.0;1;08:36:49;08:36:49;31009.0;1;3826.0;08:47:55;08:47:55;31675.0;1;4492.0;0.852;0.724;25.0;1.0;34.0;9.0;0.0
public_1476263557;320993.6995000001;6394917.979800001;1857800;08:47:34;08:47:34;31654.0;1;09:04:49;09:04:49;32689.0;1;1035.0;09:04:49;09:04:49;32689.0;1;1035.0;1.0;0.599;36.0;0.704;42.0;6.0;0.0
public_1476320783;317490.9028000003;6398776.622199999;1855465;08:55:11;08:55:11;32111.0;1;09:37:24;09:37:24;34644.0;1;2533.0;09:37:24;09:37:24;34644.0;1;2533.0;1.0;0.702;30.0;0.982;41.0;12.0;0.0
4765734_work;319639.81099999975;6400881.962200001;4765734;07:20:07;07:20:07;26407.0;1;09:20:29;09:20:29;33629.0;1;7222.0;10:17:45;10:17:45;37065.0;1;10658.0;0.678;0.729;44.0;1.0;60.0;16.0;0.0
public_1475973264;316780.99509999994;6397747.8003;4609799;09:52:57;09:52:57;35577.0;1;10:19:39;10:19:39;37179.0;1;1602.0;10:19:39;10:19:39;37179.0;1;1602.0;1.0;0.624;47.0;0.754;57.0;10.0;0.0
public_1475989714;320197.0164999999;6405049.835999999;1944127;09:06:05;09:06:05;32765.0;1;10:25:39;10:25:39;37539.0;1;4774.0;10:31:27;10:31:27;37887.0;1;5122.0;0.932;0.618;26.0;1.0;42.0;16.0;0.0
public_1476249189;324481.80599999987;6401260.8715;1968395;09:28:30;09:28:30;34110.0;1;10:39:40;10:39:40;38380.0;1;4270.0;10:39:40;10:39:40;38380.0;1;4270.0;1.0;0.713;43.0;0.994;60.0;17.0;0.0
public_1476165477;320306.7750000004;6400028.7322;10004086;08:03:38;08:03:38;29018.0;1;09:26:54;09:26:54;34014.0;1;4996.0;10:55:49;10:55:49;39349.0;1;10331.0;0.484;0.585;25.0;1.0;42.0;17.0;0.0
public_1476017451;315555.0086000003;6400076.2311;2319425;09:46:20;09:46:20;35180.0;1;10:58:30;10:58:30;39510.0;1;4330.0;10:58:30;10:58:30;39510.0;1;4330.0;1.0;0.585;25.0;0.997;42.0;17.0;0.0
public_1476070893;323047.5887000002;6393311.756999999;7326174;10:05:35;10:05:35;36335.0;1;11:00:34;11:00:34;39634.0;1;3299.0;11:00:34;11:00:34;39634.0;1;3299.0;1.0;0.54;41.0;0.809;61.0;20.0;0.0
1875719_home;314189.2355000004;6392818.4287;1875719;09:28:51;09:28:51;34131.0;1;11:05:25;11:05:25;39925.0;1;5794.0;11:05:25;11:05:25;39925.0;1;5794.0;1.0;0.54;18.0;0.872;30.0;11.0;0.0
public_1475960699;316739.6021999996;6401083.712200001;7316844;10:56:28;10:56:28;39388.0;1;11:15:01;11:15:01;40501.0;1;1113.0;11:15:01;11:15:01;40501.0;1;1113.0;1.0;0.612;21.0;0.812;28.0;7.0;0.0
4923864_home;304522.91920000035;6400766.567399999;4923864;00:33:21;00:33:21;2001.0;1;03:43:29;03:43:29;13409.0;1;11408.0;11:18:47;11:18:47;40727.0;1;38726.0;0.295;0.729;55.0;1.0;75.0;20.0;0.0
1884883_work;319980.7977999998;6401058.6425;1884883;08:37:08;08:37:08;31028.0;1;10:28:54;10:28:54;37734.0;1;6706.0;11:22:17;11:22:17;40937.0;1;9909.0;0.677;0.56;19.0;1.0;34.0;15.0;0.0
public_1476033780;311047.1867000004;6398755.349400001;4705288;08:36:46;08:36:46;31006.0;1;10:08:34;10:08:34;36514.0;1;5508.0;11:27:02;11:27:02;41222.0;1;10216.0;0.539;0.693;52.0;1.0;75.0;23.0;0.0
7419900_home;317045.8831000002;6404888.144099999;7419900;10:11:26;10:11:26;36686.0;1;11:27:15;11:27:15;41235.0;1;4549.0;11:27:15;11:27:15;41235.0;1;4549.0;1.0;0.703;30.0;0.914;38.0;9.0;0.0
9457475_home;314757.30730000045;6391774.8133000005;9457475;09:56:55;09:56:55;35815.0;1;11:56:20;11:56:20;42980.0;1;7165.0;11:56:20;11:56:20;42980.0;1;7165.0;1.0;0.729;55.0;0.915;69.0;14.0;0.0
public_1476109719;319587.52699999977;6398360.055;1968395;10:49:52;10:49:52;38992.0;1;11:29:59;11:29:59;41399.0;1;2407.0;12:00:17;12:00:17;43217.0;1;4225.0;0.57;0.97;58.0;1.0;60.0;2.0;0.0
public_1476109719;319587.52699999977;6398360.055;5914140;11:02:00;11:02:00;39720.0;1;12:04:27;12:04:27;43467.0;1;3747.0;12:04:27;12:04:27;43467.0;1;3747.0;1.0;0.716;24.0;1.0;34.0;10.0;0.0
public_1475983074;312334.73900000006;6398983.3225;2334915;11:03:10;11:03:10;39790.0;1;12:07:16;12:07:16;43636.0;1;3846.0;12:07:16;12:07:16;43636.0;1;3846.0;1.0;0.722;54.0;0.99;74.0;20.0;0.0
7369383_home;321289.96669999976;6410212.843;7369383;10:26:31;10:26:31;37591.0;1;12:11:06;12:11:06;43866.0;1;6275.0;12:11:06;12:11:06;43866.0;1;6275.0;1.0;0.64;48.0;0.803;60.0;12.0;0.0
public_1476274925;316816.94010000024;6396205.7497000005;7442665;11:36:38;11:36:38;41798.0;1;12:12:05;12:12:05;43925.0;1;2127.0;12:12:05;12:12:05;43925.0;1;2127.0;1.0;0.422;18.0;0.732;31.0;13.0;0.0
7620113_home;317162.52639999986;6406631.7083;7620113;11:59:41;11:59:41;43181.0;1;12:17:23;12:17:23;44243.0;1;1062.0;12:17:23;12:17:23;44243.0;1;1062.0;1.0;0.619;37.0;0.654;39.0;2.0;0.0
public_1476262184;313472.9447999997;6397165.270099999;5880022;11:00:22;11:00:22;39622.0;1;12:11:39;12:11:39;43899.0;1;4277.0;12:25:23;12:25:23;44723.0;1;5101.0;0.838;0.644;22.0;1.0;34.0;12.0;0.0
public_1476344213;315720.00600000005;6399377.18;4703597;12:08:42;12:08:42;43722.0;1;12:29:09;12:29:09;44949.0;1;1227.0;12:29:09;12:29:09;44949.0;1;1227.0;1.0;0.48;16.0;0.7;24.0;7.0;0.0
public_1476272518;323407.45330000017;6411357.800899999;2947304;11:28:53;11:28:53;41333.0;1;12:30:10;12:30:10;45010.0;1;3677.0;12:30:10;12:30:10;45010.0;1;3677.0;1.0;0.625;38.0;0.966;58.0;20.0;0.0
public_1476094993;319738.0734000001;6399436.431700001;7412772;11:55:09;11:55:09;42909.0;1;12:35:42;12:35:42;45342.0;1;2433.0;12:35:42;12:35:42;45342.0;1;2433.0;1.0;0.71;30.0;0.981;41.0;11.0;0.0
2059158_home;329769.2329000002;6394000.3078000005;2059158;11:44:43;11:44:43;42283.0;1;12:36:37;12:36:37;45397.0;1;3114.0;12:36:37;12:36:37;45397.0;1;3114.0;1.0;0.518;27.0;0.635;33.0;6.0;0.0
public_1476228868;319340.6509999996;6396495.0823;9403888;11:50:44;11:50:44;42644.0;1;12:39:29;12:39:29;45569.0;1;2925.0;12:39:29;12:39:29;45569.0;1;2925.0;1.0;0.603;25.0;0.972;41.0;16.0;0.0
public_1475993063;317768.7401999999;6392208.569599999;4680502;12:30:41;12:30:41;45041.0;1;12:44:54;12:44:54;45894.0;1;853.0;12:44:54;12:44:54;45894.0;1;853.0;1.0;0.518;27.0;0.618;32.0;5.0;0.0
1968103_home;326779.6174999997;6397245.079700001;1968103;12:04:31;12:04:31;43471.0;1;12:47:14;12:47:14;46034.0;1;2563.0;12:47:14;12:47:14;46034.0;1;2563.0;1.0;0.634;33.0;0.73;38.0;5.0;0.0
public_1476067117;320436.34800000023;6400718.8138;4594067;08:16:03;08:16:03;29763.0;1;10:00:59;10:00:59;36059.0;1;6296.0;12:50:16;12:50:16;46216.0;1;16453.0;0.383;0.616;37.0;1.0;60.0;23.0;0.0
1941613_work;313186.7923999997;6402890.6165;1941613;08:34:54;08:34:54;30894.0;1;10:33:39;10:33:39;38019.0;1;7125.0;12:58:14;12:58:14;46694.0;1;15800.0;0.451;0.7;36.0;1.0;52.0;16.0;0.0
public_1475983670;318252.84130000044;6401341.805400001;5933459;12:08:38;12:08:38;43718.0;1;12:59:23;12:59:23;46763.0;1;3045.0;12:59:23;12:59:23;46763.0;1;3045.0;1.0;0.54;40.0;0.788;59.0;19.0;0.0
public_1476376345;310241.3289999999;6399370.728;4604173;11:41:27;11:41:27;42087.0;1;13:03:59;13:03:59;47039.0;1;4952.0;13:03:59;13:03:59;47039.0;1;4952.0;1.0;0.465;20.0;0.995;42.0;22.0;0.0
5908289_home;322608.2189999996;6401163.177100001;5908289;11:33:03;11:33:03;41583.0;1;13:04:48;13:04:48;47088.0;1;5505.0;13:04:48;13:04:48;47088.0;1;5505.0;1.0;0.698;36.0;0.903;47.0;11.0;0.0
public_1476100550;329470.2221999997;6399777.2316;1884883;11:39:43;11:39:43;41983.0;1;12:24:29;12:24:29;44669.0;1;2686.0;13:12:25;13:12:25;47545.0;1;5562.0;0.483;0.918;31.0;1.0;34.0;3.0;0.0
public_1476046462;315927.9773000004;6401422.25;7508758;12:20:19;12:20:19;44419.0;1;13:12:33;13:12:33;47553.0;1;3134.0;13:12:33;13:12:33;47553.0;1;3134.0;1.0;0.522;18.0;0.977;33.0;15.0;0.0
9396074_home;328259.99619999994;6403013.2424;9396074;11:46:25;11:46:25;42385.0;1;13:13:32;13:13:32;47612.0;1;5227.0;13:13:32;13:13:32;47612.0;1;5227.0;1.0;0.637;38.0;0.806;48.0;10.0;0.0
9542392_home;315910.61539999954;6390983.782;9542392;11:45:36;11:45:36;42336.0;1;13:17:56;13:17:56;47876.0;1;5540.0;13:17:56;13:17:56;47876.0;1;5540.0;1.0;0.526;18.0;0.843;29.0;11.0;0.0
9491221_home;314495.6807000004;6394265.006899999;9491221;11:57:49;11:57:49;43069.0;1;13:21:11;13:21:11;48071.0;1;5002.0;13:21:11;13:21:11;48071.0;1;5002.0;1.0;0.539;23.0;0.77;32.0;10.0;0.0
public_1476235678;321830.892;6393880.7425;1923602;10:10:17;10:10:17;36617.0;1;11:35:54;11:35:54;41754.0;1;5137.0;13:21:18;13:21:18;48078.0;1;11461.0;0.448;0.71;37.0;1.0;52.0;15.0;0.0
public_1476128733;327381.8986999998;6395239.193299999;4923723;11:46:38;11:46:38;42398.0;1;13:06:39;13:06:39;47199.0;1;4801.0;13:27:26;13:27:26;48446.0;1;6048.0;0.794;0.549;19.0;1.0;34.0;15.0;0.0
public_1476123838;327332.58469999954;6392511.0307;4803742;12:17:05;12:17:05;44225.0;1;13:28:33;13:28:33;48513.0;1;4288.0;13:28:33;13:28:33;48513.0;1;4288.0;1.0;0.399;14.0;0.989;34.0;20.0;0.0
public_1476336585;314904.8547;6404755.1919;7618090;11:22:18;11:22:18;40938.0;1;13:13:24;13:13:24;47604.0;1;6666.0;13:34:20;13:34:20;48860.0;1;7922.0;0.841;0.598;45.0;1.0;75.0;30.0;0.0
5904517_home;317834.3541000001;6391485.3137;5904517;12:11:12;12:11:12;43872.0;1;13:46:00;13:46:00;49560.0;1;5688.0;13:46:00;13:46:00;49560.0;1;5688.0;1.0;0.542;28.0;0.755;39.0;11.0;0.0
public_1476250731;323904.5070000002;6408370.640000001;5464436;10:32:31;10:32:31;37951.0;1;11:48:54;11:48:54;42534.0;1;4583.0;13:48:45;13:48:45;49725.0;1;11774.0;0.389;0.791;47.0;1.0;60.0;13.0;0.0
5589188_home;311827.64829999954;6404222.2346;5589188;13:18:30;13:18:30;47910.0;1;13:54:00;13:54:00;50040.0;1;2130.0;13:54:00;13:54:00;50040.0;1;2130.0;1.0;0.554;29.0;0.634;33.0;4.0;0.0
public_1476067117;320436.34800000023;6400718.8138;7316665;12:53:42;12:53:42;46422.0;1;13:54:07;13:54:07;50047.0;1;3625.0;13:54:07;13:54:07;50047.0;1;3625.0;1.0;0.658;34.0;0.982;51.0;17.0;0.0
4744050_home;321702.1827999996;6394149.396199999;4744050;12:27:12;12:27:12;44832.0;1;13:56:20;13:56:20;50180.0;1;5348.0;13:56:20;13:56:20;50180.0;1;5348.0;1.0;0.59;25.0;0.838;35.0;10.0;0.0
4680502_home;328173.13570000045;6395105.735300001;4680502;13:25:52;13:25:52;48352.0;1;13:56:40;13:56:40;50200.0;1;1848.0;13:56:40;13:56:40;50200.0;1;1848.0;1.0;0.547;28.0;0.616;32.0;4.0;0.0
public_1476313116;322942.01300000027;6403672.881999999;9523870;12:41:22;12:41:22;45682.0;1;13:55:24;13:55:24;50124.0;1;4442.0;14:14:09;14:14:09;51249.0;1;5567.0;0.798;0.614;21.0;1.0;34.0;13.0;0.0
4657456_work;317765.7346999999;6395407.9089;4657456;05:17:37;05:17:37;19057.0;1;07:18:19;07:18:19;26299.0;1;7242.0;14:16:50;14:16:50;51410.0;1;32353.0;0.224;0.594;25.0;1.0;42.0;17.0;0.0
1941272_home;305892.9891999997;6400340.3089000005;1941272;14:03:36;14:03:36;50616.0;1;14:25:30;14:25:30;51930.0;1;1314.0;14:25:30;14:25:30;51930.0;1;1314.0;1.0;0.643;27.0;0.704;30.0;3.0;0.0
public_1476127968;327534.4642000003;6394689.7399;1968155;14:07:17;14:07:17;50837.0;1;14:26:34;14:26:34;51994.0;1;1157.0;14:26:34;14:26:34;51994.0;1;1157.0;1.0;0.694;24.0;0.898;31.0;7.0;0.0
7320517_home;316621.05790000036;6395551.0984000005;7320517;12:57:34;12:57:34;46654.0;1;14:28:08;14:28:08;52088.0;1;5434.0;14:28:08;14:28:08;52088.0;1;5434.0;1.0;0.598;20.0;0.909;31.0;11.0;0.0
7286338_home;326002.2441999996;6400996.9465;7286338;14:22:18;14:22:18;51738.0;1;14:35:18;14:35:18;52518.0;1;780.0;14:35:18;14:35:18;52518.0;1;780.0;1.0;0.613;26.0;0.649;27.0;2.0;0.0
7514729_home;325939.4258000003;6401915.476299999;7514729;13:29:58;13:29:58;48598.0;1;14:36:05;14:36:05;52565.0;1;3967.0;14:36:05;14:36:05;52565.0;1;3967.0;1.0;0.622;47.0;0.725;54.0;8.0;0.0
9452178_work;324282.7597000003;6403427.349099999;9452178;07:31:08;07:31:08;27068.0;1;09:23:49;09:23:49;33829.0;1;6761.0;14:36:52;14:36:52;52612.0;1;25544.0;0.265;0.721;38.0;1.0;52.0;14.0;0.0
public_1476094993;319738.0734000001;6399436.431700001;1968103;13:53:24;13:53:24;50004.0;1;14:38:01;14:38:01;52681.0;1;2677.0;14:38:01;14:38:01;52681.0;1;2677.0;1.0;0.655;34.0;0.947;49.0;15.0;0.0
public_1476313116;322942.01300000027;6403672.881999999;7358855;12:42:33;12:42:33;45753.0;1;13:58:34;13:58:34;50314.0;1;4561.0;14:42:50;14:42:50;52970.0;1;7217.0;0.632;0.648;27.0;1.0;42.0;15.0;0.0
public_1476180250;308170.30140000023;6390756.763;5898192;11:36:21;11:36:21;41781.0;1;13:01:29;13:01:29;46889.0;1;5108.0;14:43:11;14:43:11;52991.0;1;11210.0;0.456;0.738;44.0;1.0;60.0;16.0;0.0
public_1476285041;325208.2101999996;6403536.8158;3039696;12:05:00;12:05:00;43500.0;1;13:32:49;13:32:49;48769.0;1;5269.0;14:49:13;14:49:13;53353.0;1;9853.0;0.535;0.694;36.0;1.0;52.0;16.0;0.0
public_1476014117;321627.6791000003;6401407.725400001;5589188;14:11:51;14:11:51;51111.0;1;14:49:29;14:49:29;53369.0;1;2258.0;14:49:29;14:49:29;53369.0;1;2258.0;1.0;0.575;30.0;0.84;44.0;14.0;0.0
1931084_work;320467.79449999984;6403289.2849;1931084;06:22:15;06:22:15;22935.0;1;07:46:44;07:46:44;28004.0;1;5069.0;14:49:31;14:49:31;53371.0;1;30436.0;0.167;0.752;32.0;1.0;42.0;10.0;0.0
4642323_work;318762.6496000001;6402395.2181;4642323;06:52:23;06:52:23;24743.0;1;08:56:54;08:56:54;32214.0;1;7471.0;14:51:55;14:51:55;53515.0;1;28772.0;0.26;0.747;56.0;1.0;75.0;19.0;0.0
4760278_work;321831.66420000046;6392414.367900001;4760278;05:58:21;05:58:21;21501.0;1;07:38:04;07:38:04;27484.0;1;5983.0;14:56:35;14:56:35;53795.0;1;32294.0;0.185;0.685;29.0;1.0;42.0;13.0;0.0
public_1476111932;319016.21279999986;6393654.116900001;1945320;14:19:59;14:19:59;51599.0;1;15:01:51;15:01:51;54111.0;1;2512.0;15:01:51;15:01:51;54111.0;1;2512.0;1.0;0.583;44.0;0.788;59.0;15.0;0.0
2015215_home;328895.4770999998;6394841.232799999;2015215;13:57:31;13:57:31;50251.0;1;15:03:33;15:03:33;54213.0;1;3962.0;15:03:33;15:03:33;54213.0;1;3962.0;1.0;0.645;48.0;0.748;56.0;8.0;0.0
public_1475954464;320820.48500000034;6398909.105699999;2324411;11:15:52;11:15:52;40552.0;1;13:01:09;13:01:09;46869.0;1;6317.0;15:08:04;15:08:04;54484.0;1;13932.0;0.453;0.614;37.0;1.0;60.0;23.0;0.0
public_1476110935;324373.1716;6400637.6021;1922491;13:15:53;13:15:53;47753.0;1;14:58:54;14:58:54;53934.0;1;6181.0;15:11:36;15:11:36;54696.0;1;6943.0;0.89;0.628;38.0;1.0;60.0;22.0;0.0
public_1476339058;315557.1556000002;6400697.361099999;5933594;13:21:36;13:21:36;48096.0;1;14:49:04;14:49:04;53344.0;1;5248.0;15:11:42;15:11:42;54702.0;1;6606.0;0.794;0.549;23.0;1.0;42.0;19.0;0.0
1897768_work;318003.6858999999;6399315.9549;1897768;05:55:24;05:55:24;21324.0;1;07:22:49;07:22:49;26569.0;1;5245.0;15:12:48;15:12:48;54768.0;1;33444.0;0.157;0.739;31.0;1.0;42.0;11.0;0.0
public_1476257276;316743.8037999999;6399103.082599999;1875719;14:14:47;14:14:47;51287.0;1;15:16:31;15:16:31;54991.0;1;3704.0;15:16:31;15:16:31;54991.0;1;3704.0;1.0;0.714;24.0;0.999;34.0;10.0;0.0
5914140_work;318699.6512000002;6397888.082800001;5914140;12:06:23;12:06:23;43583.0;1;12:25:54;12:25:54;44754.0;1;1171.0;15:21:31;15:21:31;55291.0;1;11708.0;0.1;0.992;34.0;1.0;34.0;0.0;0.0
2000357_home;314646.4241000004;6400637.843;2000357;08:47:13;08:47:13;31633.0;1;12:40:09;12:40:09;45609.0;1;13976.0;15:25:41;15:25:41;55541.0;1;23908.0;0.585;0.538;28.0;1.0;52.0;24.0;0.0
9669919_work;312789.56819999963;6402809.819;9669919;11:09:39;11:09:39;40179.0;1;13:24:04;13:24:04;48244.0;1;8065.0;15:26:35;15:26:35;55595.0;1;15416.0;0.523;0.534;22.0;1.0;42.0;20.0;0.0
7358660_home;318772.68200000003;6399748.147600001;7358660;14:17:26;14:17:26;51446.0;1;15:26:54;15:26:54;55614.0;1;4168.0;15:26:54;15:26:54;55614.0;1;4168.0;1.0;0.565;24.0;0.758;32.0;8.0;0.0
1966722_work;312618.284;6403021.7851;1966722;07:33:49;07:33:49;27229.0;1;10:13:29;10:13:29;36809.0;1;9580.0;15:29:16;15:29:16;55756.0;1;28527.0;0.336;0.608;36.0;1.0;60.0;24.0;0.0
3255260_work;310843.84250000026;6400665.561000001;3255260;11:33:02;11:33:02;41582.0;1;13:13:29;13:13:29;47609.0;1;6027.0;15:35:45;15:35:45;56145.0;1;14563.0;0.414;0.62;21.0;1.0;34.0;13.0;0.0
9409024_home;321418.5667000003;6400570.933599999;9409024;15:22:32;15:22:32;55352.0;1;15:38:10;15:38:10;56290.0;1;938.0;15:38:10;15:38:10;56290.0;1;938.0;1.0;0.654;34.0;0.689;36.0;2.0;0.0
9457475_home;314757.30730000045;6391774.8133000005;9457475;14:57:58;14:57:58;53878.0;1;15:41:04;15:41:04;56464.0;1;2586.0;15:41:04;15:41:04;56464.0;1;2586.0;1.0;0.915;69.0;0.982;74.0;5.0;0.0
1863491_work;326447.2240000004;6404263.2655;1863491;11:17:08;11:17:08;40628.0;1;12:49:59;12:49:59;46199.0;1;5571.0;15:42:12;15:42:12;56532.0;1;15904.0;0.35;0.715;30.0;1.0;42.0;12.0;0.0
public_1476019114;320727.63320000004;6405340.1182;5879289;14:14:11;14:14:11;51251.0;1;15:16:34;15:16:34;54994.0;1;3743.0;15:45:37;15:45:37;56737.0;1;5486.0;0.682;0.74;25.0;1.0;34.0;9.0;0.0
public_1476259231;320144.1810999997;6403360.9087000005;2334915;14:41:22;14:41:22;52882.0;1;15:31:24;15:31:24;55884.0;1;3002.0;15:48:34;15:48:34;56914.0;1;4032.0;0.745;0.897;67.0;1.0;75.0;8.0;0.0
1897561_work;317957.74010000005;6399221.6548999995;1897561;06:57:11;06:57:11;25031.0;1;09:15:59;09:15:59;33359.0;1;8328.0;15:48:34;15:48:34;56914.0;1;31883.0;0.261;0.672;40.0;1.0;60.0;20.0;0.0
4638279_work;317910.9294999996;6399263.0791;4638279;07:28:16;07:28:16;26896.0;1;09:00:34;09:00:34;32434.0;1;5538.0;15:53:32;15:53:32;57212.0;1;30316.0;0.183;0.718;30.0;1.0;42.0;12.0;0.0
public_1476056498;316250.28330000024;6391748.006200001;2077613;15:45:10;15:45:10;56710.0;1;15:56:33;15:56:33;57393.0;1;683.0;15:56:33;15:56:33;57393.0;1;683.0;1.0;0.652;27.0;0.751;32.0;4.0;0.0
9668329_work;307504.2846999997;6402515.4409;9668329;07:50:11;07:50:11;28211.0;1;09:52:49;09:52:49;35569.0;1;7358.0;16:04:18;16:04:18;57858.0;1;29647.0;0.248;0.501;17.0;1.0;34.0;17.0;0.0
public_1476236966;315043.6824000003;6400880.5418;2325330;07:45:56;07:45:56;27956.0;1;08:58:34;08:58:34;32314.0;1;4358.0;16:09:09;16:09:09;58149.0;1;30193.0;0.144;0.629;21.0;1.0;34.0;13.0;0.0
public_1476127440;325701.6523000002;6405574.623299999;1943660;07:11:30;07:11:30;25890.0;1;09:01:49;09:01:49;32509.0;1;6619.0;16:10:21;16:10:21;58221.0;1;32331.0;0.205;0.536;28.0;1.0;52.0;24.0;0.0
2325568_home;308398.7355000004;6405001.045;2325568;15:57:47;15:57:47;57467.0;1;16:11:00;16:11:00;58260.0;1;793.0;16:11:00;16:11:00;58260.0;1;793.0;1.0;0.602;45.0;0.622;47.0;2.0;0.0
7298193_work;317225.59520000033;6398402.370100001;7298193;07:35:22;07:35:22;27322.0;1;09:36:54;09:36:54;34614.0;1;7292.0;16:27:57;16:27:57;59277.0;1;31955.0;0.228;0.69;36.0;1.0;52.0;16.0;0.0
7457316_home;323172.5630000001;6401065.446799999;7457316;16:02:01;16:02:01;57721.0;1;16:28:13;16:28:13;59293.0;1;1572.0;16:28:13;16:28:13;59293.0;1;1572.0;1.0;0.574;20.0;0.664;23.0;3.0;0.0
public_1476019114;320727.63320000004;6405340.1182;2331122;14:19:38;14:19:38;51578.0;1;16:15:39;16:15:39;58539.0;1;6961.0;16:28:45;16:28:45;59325.0;1;7747.0;0.899;0.549;33.0;1.0;60.0;27.0;0.0
2017999_home;324970.7039999999;6401520.6151;2017999;10:05:00;10:05:00;36300.0;1;12:28:54;12:28:54;44934.0;1;8634.0;16:29:19;16:29:19;59359.0;1;23059.0;0.374;0.663;28.0;1.0;42.0;14.0;0.0
4785637_work;309753.4685000004;6399800.0425;4785637;07:10:14;07:10:14;25814.0;1;08:28:19;08:28:19;30499.0;1;4685.0;16:38:00;16:38:00;59880.0;1;34066.0;0.138;0.741;25.0;1.0;34.0;9.0;0.0
public_1476094993;319738.0734000001;6399436.431700001;1941613;14:11:33;14:11:33;51093.0;1;15:10:24;15:10:24;54624.0;1;3531.0;16:38:48;16:38:48;59928.0;1;8835.0;0.4;0.898;47.0;1.0;52.0;5.0;0.0
2209674_home;322963.81379999965;6392997.7839;2209674;15:11:39;15:11:39;54699.0;1;16:40:42;16:40:42;60042.0;1;5343.0;16:40:42;16:40:42;60042.0;1;5343.0;1.0;0.523;39.0;0.662;50.0;10.0;0.0
public_1476345848;322376.5630999999;6400563.159399999;1996282;16:26:00;16:26:00;59160.0;1;16:43:37;16:43:37;60217.0;1;1057.0;16:43:37;16:43:37;60217.0;1;1057.0;1.0;0.592;31.0;0.716;37.0;6.0;0.0
4702543_work;313168.60589999985;6403576.838500001;4702543;07:44:03;07:44:03;27843.0;1;09:36:44;09:36:44;34604.0;1;6761.0;16:46:44;16:46:44;60404.0;1;32561.0;0.208;0.554;19.0;1.0;34.0;15.0;0.0
public_1476277497;328220.1365;6393236.517999999;4804925;16:37:34;16:37:34;59854.0;1;16:48:11;16:48:11;60491.0;1;637.0;16:48:11;16:48:11;60491.0;1;637.0;1.0;0.594;36.0;0.659;40.0;4.0;0.0
9518143_home;314904.36259999964;6396247.635500001;9518143;16:06:42;16:06:42;58002.0;1;16:54:49;16:54:49;60889.0;1;2887.0;16:54:49;16:54:49;60889.0;1;2887.0;1.0;0.706;42.0;0.8;48.0;6.0;0.0
4926680_work;318546.21729999967;6397432.812999999;4926680;06:56:44;06:56:44;25004.0;1;08:15:29;08:15:29;29729.0;1;4725.0;16:56:22;16:56:22;60982.0;1;35978.0;0.131;0.737;25.0;1.0;34.0;9.0;0.0
7506596_home;315718.89269999973;6395192.287599999;7506596;15:11:38;15:11:38;54698.0;1;16:57:49;16:57:49;61069.0;1;6371.0;16:57:49;16:57:49;61069.0;1;6371.0;1.0;0.675;41.0;0.882;53.0;12.0;0.0
7482745_home;320820.63999999966;6397726.085899999;7482745;16:24:23;16:24:23;59063.0;1;17:08:53;17:08:53;61733.0;1;2670.0;17:08:53;17:08:53;61733.0;1;2670.0;1.0;0.601;20.0;0.754;26.0;5.0;0.0
9403888_home;317359.98610000033;6398625.0287;9403888;12:45:44;12:45:44;45944.0;1;13:27:09;13:27:09;48429.0;1;2485.0;17:15:14;17:15:14;62114.0;1;16170.0;0.154;0.947;40.0;1.0;42.0;2.0;0.0
10004860_work;319749.017;6401027.649499999;10004860;08:28:50;08:28:50;30530.0;1;10:06:04;10:06:04;36364.0;1;5834.0;17:19:04;17:19:04;62344.0;1;31814.0;0.183;0.638;22.0;1.0;34.0;12.0;0.0
2313708_work;319848.8702999996;6401758.5788;2313708;07:31:50;07:31:50;27110.0;1;09:15:24;09:15:24;33324.0;1;6214.0;17:19:46;17:19:46;62386.0;1;35276.0;0.176;0.604;21.0;1.0;34.0;13.0;0.0
public_1476236966;315043.6824000003;6400880.5418;9430738;17:20:57;17:20:57;62457.0;1;17:24:57;17:24:57;62697.0;1;240.0;17:24:57;17:24:57;62697.0;1;240.0;1.0;0.507;30.0;0.532;32.0;1.0;0.0
7358660_home;318772.68200000003;6399748.147600001;7358660;16:22:39;16:22:39;58959.0;1;17:34:26;17:34:26;63266.0;1;4307.0;17:34:26;17:34:26;63266.0;1;4307.0;1.0;0.636;27.0;0.836;35.0;8.0;0.0
7416223_home;324493.25299999956;6400745.598300001;7416223;16:03:25;16:03:25;57805.0;1;17:36:24;17:36:24;63384.0;1;5579.0;17:36:24;17:36:24;63384.0;1;5579.0;1.0;0.516;22.0;0.774;33.0;11.0;0.0
public_1476314225;315914.6584999999;6397675.3825;4926489;17:33:21;17:33:21;63201.0;1;17:40:15;17:40:15;63615.0;1;414.0;17:40:15;17:40:15;63615.0;1;414.0;1.0;0.656;39.0;0.698;42.0;3.0;0.0
public_1476234892;316311.18570000026;6395550.6993;7495572;14:57:48;14:57:48;53868.0;1;16:18:44;16:18:44;58724.0;1;4856.0;17:42:23;17:42:23;63743.0;1;9875.0;0.492;0.606;25.0;1.0;42.0;17.0;0.0
2335473_home;315924.0122999996;6403872.4673999995;2335473;17:15:05;17:15:05;62105.0;1;17:47:14;17:47:14;64034.0;1;1929.0;17:47:14;17:47:14;64034.0;1;1929.0;1.0;0.701;29.0;0.79;33.0;4.0;0.0
2316319_home;313911.6635999996;6390732.7203;2316319;17:44:48;17:44:48;63888.0;1;17:49:28;17:49:28;64168.0;1;280.0;17:49:28;17:49:28;64168.0;1;280.0;1.0;0.552;29.0;0.563;29.0;1.0;0.0
public_1475997659;320853.3044999996;6399715.852;9557721;07:39:54;07:39:54;27594.0;1;08:46:39;08:46:39;31599.0;1;4005.0;17:50:23;17:50:23;64223.0;1;36629.0;0.109;0.729;31.0;1.0;42.0;11.0;0.0
public_1475967198;320568.9325000001;6398391.546499999;4803807;09:02:45;09:02:45;32565.0;1;10:22:09;10:22:09;37329.0;1;4764.0;17:53:08;17:53:08;64388.0;1;31823.0;0.15;0.619;26.0;1.0;42.0;16.0;0.0
public_1476077143;312722.4956;6402428.275699999;9416099;15:10:21;15:10:21;54621.0;1;17:08:24;17:08:24;61704.0;1;7083.0;17:55:58;17:55:58;64558.0;1;9937.0;0.713;0.281;12.0;1.0;42.0;30.0;0.0
public_1476304420;318816.81149999984;6399642.367000001;4803676;14:59:13;14:59:13;53953.0;1;16:56:34;16:56:34;60994.0;1;7041.0;17:57:17;17:57:17;64637.0;1;10684.0;0.659;0.541;32.0;1.0;60.0;28.0;0.0
public_1476422991;317496.63740000036;6390523.8169;4782568;17:22:04;17:22:04;62524.0;1;17:58:11;17:58:11;64691.0;1;2167.0;17:58:11;17:58:11;64691.0;1;2167.0;1.0;0.637;48.0;0.814;61.0;13.0;0.0
7363045_home;323731.90020000003;6401066.988299999;7363045;17:19:54;17:19:54;62394.0;1;18:00:23;18:00:23;64823.0;1;2429.0;18:00:23;18:00:23;64823.0;1;2429.0;1.0;0.705;42.0;0.784;47.0;5.0;0.0
2017922_home;324970.7039999999;6401520.6151;2017922;16:22:13;16:22:13;58933.0;1;18:01:02;18:01:02;64862.0;1;5929.0;18:01:02;18:01:02;64862.0;1;5929.0;1.0;0.537;23.0;0.812;34.0;12.0;0.0
4623910_work;319790.90419999976;6398068.3685;4623910;08:58:55;08:58:55;32335.0;1;10:36:59;10:36:59;38219.0;1;5884.0;18:08:01;18:08:01;65281.0;1;32946.0;0.179;0.693;29.0;1.0;42.0;13.0;0.0
public_1476265451;316483.0460999999;6395069.236199999;4655013;17:55:28;17:55:28;64528.0;1;18:09:36;18:09:36;65376.0;1;848.0;18:09:36;18:09:36;65376.0;1;848.0;1.0;0.61;46.0;0.679;51.0;5.0;0.0
1997792_work;313158.9193000002;6403572.5571;1997792;08:45:14;08:45:14;31514.0;1;10:38:09;10:38:09;38289.0;1;6775.0;18:15:42;18:15:42;65742.0;1;34228.0;0.198;0.628;26.0;1.0;42.0;16.0;0.0
2324135_home;304522.91920000035;6400766.567399999;2324135;18:00:55;18:00:55;64855.0;1;18:19:32;18:19:32;65972.0;1;1117.0;18:19:32;18:19:32;65972.0;1;1117.0;1.0;0.462;16.0;0.526;18.0;2.0;0.0
public_1476263557;320993.6995000001;6394917.979800001;9452178;16:40:49;16:40:49;60049.0;1;17:30:44;17:30:44;63044.0;1;2995.0;18:32:56;18:32:56;66776.0;1;6727.0;0.445;0.943;49.0;1.0;52.0;3.0;0.0
public_1476401873;320936.36149999965;6400335.489499999;4638257;17:30:06;17:30:06;63006.0;1;18:35:11;18:35:11;66911.0;1;3905.0;18:35:11;18:35:11;66911.0;1;3905.0;1.0;0.52;22.0;0.985;41.0;20.0;0.0
4610082_home;316946.9177000001;6390610.2643;4610082;17:26:35;17:26:35;62795.0;1;18:36:22;18:36:22;66982.0;1;4187.0;18:36:22;18:36:22;66982.0;1;4187.0;1.0;0.521;18.0;0.761;26.0;8.0;0.0
public_1476424204;318784.03220000025;6398588.606000001;4652092;18:29:04;18:29:04;66544.0;1;18:51:53;18:51:53;67913.0;1;1369.0;18:51:53;18:51:53;67913.0;1;1369.0;1.0;0.542;28.0;0.703;37.0;8.0;0.0
public_1476320783;317490.9028000003;6398776.622199999;9554247;17:39:59;17:39:59;63599.0;1;18:49:24;18:49:24;67764.0;1;4165.0;18:53:15;18:53:15;67995.0;1;4396.0;0.947;0.663;23.0;1.0;34.0;11.0;0.0
public_1475967198;320568.9325000001;6398391.546499999;3043275;18:19:57;18:19:57;65997.0;1;18:57:36;18:57:36;68256.0;1;2259.0;18:57:36;18:57:36;68256.0;1;2259.0;1.0;0.402;14.0;0.809;27.0;14.0;0.0
public_1476204834;325429.3375000004;6410138.488500001;4642323;17:13:04;17:13:04;61984.0;1;17:51:44;17:51:44;64304.0;1;2320.0;19:02:39;19:02:39;68559.0;1;6575.0;0.353;0.952;71.0;1.0;75.0;4.0;0.0
public_1476393047;314816.28529999964;6401746.3893;9523368;18:10:21;18:10:21;65421.0;1;19:17:31;19:17:31;69451.0;1;4030.0;19:17:31;19:17:31;69451.0;1;4030.0;1.0;0.562;24.0;0.992;42.0;18.0;0.0
4605109_home;317286.32459999993;6401465.9474;4605109;15:58:37;15:58:37;57517.0;1;19:28:28;19:28:28;70108.0;1;12591.0;19:28:28;19:28:28;70108.0;1;12591.0;1.0;0.599;36.0;0.993;60.0;24.0;0.0
public_1476129795;317934.95749999955;6393020.070599999;9492099;15:33:58;15:33:58;56038.0;1;16:47:59;16:47:59;60479.0;1;4441.0;19:35:30;19:35:30;70530.0;1;14492.0;0.306;0.614;21.0;1.0;34.0;13.0;0.0
public_1476257257;307868.59949999955;6402107.998500001;5589188;19:09:39;19:09:39;68979.0;1;19:44:03;19:44:03;71043.0;1;2064.0;19:44:03;19:44:03;71043.0;1;2064.0;1.0;0.709;37.0;0.937;49.0;12.0;0.0
7454011_work;322877.71389999986;6398912.844900001;7454011;07:52:51;07:52:51;28371.0;1;09:33:49;09:33:49;34429.0;1;6058.0;19:47:26;19:47:26;71246.0;1;42875.0;0.141;0.618;21.0;1.0;34.0;13.0;0.0
public_1476270657;328341.16860000044;6398107.388499999;1924025;10:26:19;10:26:19;37579.0;1;11:43:44;11:43:44;42224.0;1;4645.0;20:02:19;20:02:19;72139.0;1;34560.0;0.134;0.577;20.0;1.0;34.0;14.0;0.0
7420298_home;316843.5410000002;6405798.7195999995;7420298;17:57:01;17:57:01;64621.0;1;20:03:21;20:03:21;72201.0;1;7580.0;20:03:21;20:03:21;72201.0;1;7580.0;1.0;0.397;17.0;0.748;31.0;15.0;0.0
public_1475958124;320472.8499999996;6397799.482000001;4610082;19:32:49;19:32:49;70369.0;1;20:16:58;20:16:58;73018.0;1;2649.0;20:16:58;20:16:58;73018.0;1;2649.0;1.0;0.679;23.0;0.987;34.0;10.0;0.0
public_1476257012;317984.39520000014;6400620.455499999;9474516;12:23:38;12:23:38;44618.0;1;13:38:39;13:38:39;49119.0;1;4501.0;20:21:21;20:21:21;73281.0;1;28663.0;0.157;0.657;28.0;1.0;42.0;14.0;0.0
public_1476360415;328203.10390000045;6403042.1083;1968155;20:27:55;20:27:55;73675.0;1;20:39:27;20:39:27;74367.0;1;692.0;20:39:27;20:39:27;74367.0;1;692.0;1.0;0.809;28.0;0.921;31.0;4.0;0.0
public_1476123728;307134.4006000003;6402243.534399999;3262427;17:30:17;17:30:17;63017.0;1;19:15:54;19:15:54;69354.0;1;6337.0;20:40:58;20:40:58;74458.0;1;11441.0;0.554;0.39;16.0;1.0;42.0;26.0;0.0
public_1476165477;320306.7750000004;6400028.7322;4803807;19:47:54;19:47:54;71274.0;1;20:39:54;20:39:54;74394.0;1;3120.0;20:56:00;20:56:00;75360.0;1;4086.0;0.764;0.858;36.0;1.0;42.0;6.0;0.0
public_1475986653;314437.4013;6397296.207699999;2325706;20:47:10;20:47:10;74830.0;1;20:56:10;20:56:10;75370.0;1;540.0;20:56:10;20:56:10;75370.0;1;540.0;1.0;0.462;19.0;0.54;23.0;3.0;0.0
public_1475954464;320820.48500000034;6398909.105699999;2324411;17:25:32;17:25:32;62732.0;1;18:30:34;18:30:34;66634.0;1;3902.0;20:57:20;20:57:20;75440.0;1;12708.0;0.307;0.86;52.0;1.0;60.0;8.0;0.0
public_1476263401;325629.39520000014;6404445.5997;10055296;22:37:17;22:37:17;81437.0;1;23:07:53;23:07:53;83273.0;1;1836.0;23:07:53;23:07:53;83273.0;1;1836.0;1.0;0.579;20.0;0.905;31.0;11.0;0.0
public_1476265451;316483.0460999999;6395069.236199999;9523368;19:27:21;19:27:21;70041.0;1;20:07:49;20:07:49;72469.0;1;2428.0;23:46:39;23:46:39;85599.0;1;15558.0;0.156;0.944;40.0;1.0;42.0;2.0;0.0
4730932_home;319089.36849999987;6398077.2782000005;4730932;20:52:47;20:52:47;75167.0;1;24:10:14;00:10:14;87014.0;2;11847.0;28:04:55;04:04:55;101095.0;2;25928.0;0.457;0.617;32.0;1.0;52.0;20.0;0.0
1938243_home;314158.58440000005;6392110.022399999;1938243;14:33:50;14:33:50;52430.0;1;18:05:24;18:05:24;65124.0;1;12694.0;28:26:43;04:26:43;102403.0;2;49973.0;0.254;0.696;52.0;1.0;75.0;23.0;0.0
9416099_home;314325.8287000004;6395412.431;9416099;18:06:27;18:06:27;65187.0;1;18:49:04;18:49:04;67744.0;1;2557.0;29:11:29;05:11:29;105089.0;2;39902.0;0.064;0.944;40.0;1.0;42.0;2.0;0.0
4657456_home;316281.4620000003;6395708.600099999;4657456;26:35:00;02:35:00;95700.0;2;28:01:59;04:01:59;100919.0;2;5219.0;29:14:27;05:14:27;105267.0;2;9567.0;0.546;0.821;34.0;1.0;42.0;8.0;0.0
10164431_home;316368.40249999985;6407017.024900001;10164431;26:35:00;02:35:00;95700.0;2;29:01:39;05:01:39;104499.0;2;8799.0;29:30:10;05:30:10;106210.0;2;10510.0;0.837;0.582;20.0;1.0;34.0;14.0;0.0
9669904_home;308156.70720000006;6403901.6326;9669904;16:35:24;16:35:24;59724.0;1;19:05:54;19:05:54;68754.0;1;9030.0;29:35:46;05:35:46;106546.0;2;46822.0;0.193;0.569;19.0;1.0;34.0;15.0;0.0
4760278_home;318252.32799999975;6398606.377900001;4760278;15:08:18;15:08:18;54498.0;1;15:48:34;15:48:34;56914.0;1;2416.0;29:46:58;05:46:58;107218.0;2;52720.0;0.046;0.95;40.0;1.0;42.0;2.0;0.0
4623097_home;328672.36000000034;6404050.9935;4623097;14:57:40;14:57:40;53860.0;1;17:14:04;17:14:04;62044.0;1;8184.0;29:57:20;05:57:20;107840.0;2;53980.0;0.152;0.617;21.0;1.0;34.0;13.0;0.0
5883581_home;328332.4935999997;6402363.8849;5883581;16:18:57;16:18:57;58737.0;1;19:28:59;19:28:59;70139.0;1;11402.0;29:59:38;05:59:38;107978.0;2;49241.0;0.232;0.535;22.0;1.0;42.0;20.0;0.0
public_1476025365;317685.7949999999;6399247.267000001;9487200;29:39:45;05:39:45;106785.0;2;29:59:53;05:59:53;107993.0;2;1208.0;29:59:53;05:59:53;107993.0;2;1208.0;1.0;0.438;26.0;0.561;34.0;7.0;0.0
2335003_home;316589.86089999974;6405562.8543;2335003;25:15:00;01:15:00;90900.0;2;29:24:24;05:24:24;105864.0;2;14964.0;30:04:04;06:04:04;108244.0;2;17344.0;0.863;0.501;26.0;1.0;52.0;26.0;0.0
1931224_home;315805.61230000015;6400721.7006;1931224;16:57:55;16:57:55;61075.0;1;20:03:54;20:03:54;72234.0;1;11159.0;30:04:07;06:04:07;108247.0;2;47172.0;0.237;0.546;23.0;1.0;42.0;19.0;0.0
public_1475967296;328279.0519000003;6402263.460999999;4777949;25:50:00;01:50:00;93000.0;2;28:00:34;04:00:34;100834.0;2;7834.0;30:04:31;06:04:31;108271.0;2;15271.0;0.513;0.503;38.0;1.0;75.0;37.0;0.0
2327157_home;311162.21499999985;6406476.887800001;2327157;18:37:14;18:37:14;67034.0;1;24:30:34;00:30:34;88234.0;2;21200.0;30:06:26;06:06:26;108386.0;2;41352.0;0.513;0.081;3.0;1.0;42.0;39.0;0.0
4741659_home;315317.31549999956;6392597.9969999995;4741659;16:23:55;16:23:55;59035.0;1;20:11:34;20:11:34;72694.0;1;13659.0;30:07:58;06:07:58;108478.0;2;49443.0;0.276;0.549;29.0;1.0;52.0;23.0;0.0
1990178_home;319868.9238999998;6404401.7063;1990178;27:20:00;03:20:00;98400.0;2;29:55:09;05:55:09;107709.0;2;9309.0;30:08:35;06:08:35;108515.0;2;10115.0;0.92;0.632;27.0;1.0;42.0;15.0;0.0
2315592_home;314197.7220999999;6390817.0002999995;2315592;15:41:34;15:41:34;56494.0;1;18:05:59;18:05:59;65159.0;1;8665.0;30:09:15;06:09:15;108555.0;2;52061.0;0.166;0.59;20.0;1.0;34.0;14.0;0.0
2129836_home;328467.1074000001;6393418.2809999995;2129836;16:57:08;16:57:08;61028.0;1;20:09:09;20:09:09;72549.0;1;11521.0;30:10:51;06:10:51;108651.0;2;47623.0;0.242;0.629;33.0;1.0;52.0;19.0;0.0
2000357_home;314646.4241000004;6400637.843;2000357;16:41:17;16:41:17;60077.0;1;17:17:44;17:17:44;62264.0;1;2187.0;30:12:10;06:12:10;108730.0;2;48653.0;0.045;0.977;51.0;1.0;52.0;1.0;0.0
public_1476212394;326209.48929999955;6403792.665100001;1967295;27:35:00;03:35:00;99300.0;2;29:00:29;05:00:29;104429.0;2;5129.0;30:14:00;06:14:00;108840.0;2;9540.0;0.538;0.491;17.0;1.0;34.0;17.0;0.0
2326800_home;311112.9902999997;6406515.050799999;2326800;18:30:50;18:30:50;66650.0;1;21:33:39;21:33:39;77619.0;1;10969.0;30:15:06;06:15:06;108906.0;2;42256.0;0.26;0.555;23.0;1.0;42.0;19.0;0.0
1996195_home;315554.59729999956;6394257.203;1996195;17:02:30;17:02:30;61350.0;1;19:47:59;19:47:59;71279.0;1;9929.0;30:15:48;06:15:48;108948.0;2;47598.0;0.209;0.603;25.0;1.0;42.0;17.0;0.0
7416337_home;324771.25150000025;6400753.5078;7416337;19:52:22;19:52:22;71542.0;1;22:42:24;22:42:24;81744.0;1;10202.0;30:19:33;06:19:33;109173.0;2;37631.0;0.271;0.502;17.0;1.0;34.0;17.0;0.0
3255260_home;309923.2385;6403891.039899999;3255260;16:30:09;16:30:09;59409.0;1;17:49:04;17:49:04;64144.0;1;4735.0;30:20:43;06:20:43;109243.0;2;49834.0;0.095;0.814;28.0;1.0;34.0;6.0;0.0
1895729_home;328438.38960000034;6404160.908299999;1895729;15:45:54;15:45:54;56754.0;1;20:00:44;20:00:44;72044.0;1;15290.0;30:22:34;06:22:34;109354.0;2;52600.0;0.291;0.488;25.0;1.0;52.0;27.0;0.0
public_1476362439;323556.1021999996;6406309.4278;1985696;16:53:55;16:53:55;60835.0;1;18:11:59;18:11:59;65519.0;1;4684.0;30:24:09;06:24:09;109449.0;2;48614.0;0.096;0.571;19.0;1.0;34.0;15.0;0.0
public_1476348425;316060.0471000001;6396218.7128;4704389;16:49:20;16:49:20;60560.0;1;18:30:09;18:30:09;66609.0;1;6049.0;30:25:55;06:25:55;109555.0;2;48995.0;0.123;0.649;49.0;1.0;75.0;26.0;0.0
8169511_home;323559.93120000046;6407681.0622000005;8169511;24:25:00;00:25:00;87900.0;2;29:05:14;05:05:14;104714.0;2;16814.0;30:26:02;06:26:02;109562.0;2;21662.0;0.776;0.589;44.0;1.0;75.0;31.0;0.0
2091156_home;328441.8322999999;6402316.1272;2091156;16:20:36;16:20:36;58836.0;1;20:44:19;20:44:19;74659.0;1;15823.0;30:27:18;06:27:18;109638.0;2;50802.0;0.311;0.615;46.0;1.0;75.0;29.0;0.0
5874869_home;329060.02329999954;6393991.206800001;5874869;28:00:00;04:00:00;100800.0;2;30:05:29;06:05:29;108329.0;2;7529.0;30:28:25;06:28:25;109705.0;2;8905.0;0.845;0.779;40.0;1.0;52.0;12.0;0.0
9664484_home;314380.07550000027;6390999.892000001;9664484;18:25:23;18:25:23;66323.0;1;21:34:49;21:34:49;77689.0;1;11366.0;30:31:38;06:31:38;109898.0;2;43575.0;0.261;0.435;15.0;1.0;34.0;19.0;0.0
4661453_home;315327.26680000033;6403839.7917;4661453;12:52:42;12:52:42;46362.0;1;16:59:39;16:59:39;61179.0;1;14817.0;30:32:47;06:32:47;109967.0;2;63605.0;0.233;0.568;34.0;1.0;60.0;26.0;0.0
4577001_home;326016.0493999999;6402720.992000001;4577001;27:35:00;03:35:00;99300.0;2;30:04:34;06:04:34;108274.0;2;8974.0;30:36:07;06:36:07;110167.0;2;10867.0;0.826;0.647;27.0;1.0;42.0;15.0;0.0
3040376_home;326846.4417000003;6408840.146;3040376;16:51:28;16:51:28;60688.0;1;20:25:29;20:25:29;73529.0;1;12841.0;30:37:13;06:37:13;110233.0;2;49545.0;0.259;0.692;52.0;1.0;75.0;23.0;0.0
1865752_home;321480.08949999977;6409595.385600001;1865752;24:50:00;00:50:00;89400.0;2;29:34:14;05:34:14;106454.0;2;17054.0;30:37:22;06:37:22;110242.0;2;20842.0;0.818;0.423;22.0;1.0;52.0;30.0;0.0
2071692_home;324365.43649999984;6405154.825300001;2071692;19:19:39;19:19:39;69579.0;1;22:00:49;22:00:49;79249.0;1;9670.0;30:38:00;06:38:00;110280.0;2;40701.0;0.238;0.532;18.0;1.0;34.0;16.0;0.0
9540846_home;317173.43599999975;6400116.2535;9540846;26:35:00;02:35:00;95700.0;2;29:31:49;05:31:49;106309.0;2;10609.0;30:39:11;06:39:11;110351.0;2;14651.0;0.724;0.479;16.0;1.0;34.0;18.0;0.0
public_1476294484;321345.2296000002;6399822.771;2069504;15:50:46;15:50:46;57046.0;1;17:32:19;17:32:19;63139.0;1;6093.0;30:40:20;06:40:20;110420.0;2;53374.0;0.114;0.637;38.0;1.0;60.0;22.0;0.0
public_1476108201;317989.1286000004;6398849.0778;1916724;13:58:00;13:58:00;50280.0;1;15:41:09;15:41:09;56469.0;1;6189.0;30:41:58;06:41:58;110518.0;2;60238.0;0.103;0.586;30.0;1.0;52.0;22.0;0.0
4926680_home;317379.80989999976;6406048.930199999;4926680;17:10:04;17:10:04;61804.0;1;17:52:34;17:52:34;64354.0;1;2550.0;30:42:05;06:42:05;110525.0;2;48721.0;0.052;0.939;32.0;1.0;34.0;2.0;0.0
4642323_home;319152.22250000015;6398618.830499999;4642323;26:10:00;02:10:00;94200.0;2;26:54:54;02:54:54;96894.0;2;2694.0;30:44:04;06:44:04;110644.0;2;16444.0;0.164;0.955;72.0;1.0;75.0;3.0;0.0
public_1476023513;321586.2309999997;6398464.912900001;2068881;27:35:00;03:35:00;99300.0;2;29:06:19;05:06:19;104779.0;2;5479.0;30:44:04;06:44:04;110644.0;2;11344.0;0.483;0.515;22.0;1.0;42.0;20.0;0.0
public_1476019146;314432.47200000007;6390677.217;2316095;26:00:00;02:00:00;93600.0;2;27:41:04;03:41:04;99664.0;2;6064.0;30:44:10;06:44:10;110650.0;2;17050.0;0.356;0.64;38.0;1.0;60.0;22.0;0.0
1926043_home;324798.80480000004;6403462.5175;1926043;15:17:11;15:17:11;55031.0;1;18:05:59;18:05:59;65159.0;1;10128.0;30:47:03;06:47:03;110823.0;2;55792.0;0.182;0.594;25.0;1.0;42.0;17.0;0.0
public_1476434113;314469.3048999999;6391226.7118999995;2322569;16:58:36;16:58:36;61116.0;1;18:43:29;18:43:29;67409.0;1;6293.0;30:48:34;06:48:34;110914.0;2;49798.0;0.126;0.574;30.0;1.0;52.0;22.0;0.0
4922102_home;312494.0672000004;6396388.6391;4922102;16:45:35;16:45:35;60335.0;1;19:56:04;19:56:04;71764.0;1;11429.0;30:48:45;06:48:45;110925.0;2;50590.0;0.226;0.533;22.0;1.0;42.0;20.0;0.0
public_1476151080;316591.76549999975;6405543.7607;4652995;19:58:29;19:58:29;71909.0;1;21:43:04;21:43:04;78184.0;1;6275.0;30:49:33;06:49:33;110973.0;2;39064.0;0.161;0.399;17.0;1.0;42.0;25.0;0.0
2045441_home;321521.1325000003;6396551.181299999;2045441;17:31:17;17:31:17;63077.0;1;19:49:39;19:49:39;71379.0;1;8302.0;30:50:14;06:50:14;111014.0;2;47937.0;0.173;0.61;21.0;1.0;34.0;13.0;0.0
4732865_home;321293.42090000026;6400950.841399999;4732865;24:55:00;00:55:00;89700.0;2;29:41:59;05:41:59;106919.0;2;17219.0;30:58:56;06:58:56;111536.0;2;21836.0;0.789;0.49;29.0;1.0;60.0;31.0;0.0
4795845_home;322335.9589999998;6394700.119999999;4795845;15:23:42;15:23:42;55422.0;1;19:23:49;19:23:49;69829.0;1;14407.0;30:59:06;06:59:06;111546.0;2;56124.0;0.257;0.651;49.0;1.0;75.0;26.0;0.0
1996902_home;317554.43620000035;6392132.7509;1996902;17:12:58;17:12:58;61978.0;1;20:15:44;20:15:44;72944.0;1;10966.0;31:00:36;07:00:36;111636.0;2;49658.0;0.221;0.555;23.0;1.0;42.0;19.0;0.0
4575456_home;329490.0011999998;6393422.0393;4575456;18:53:00;18:53:00;67980.0;1;24:57:59;00:57:59;89879.0;2;21899.0;31:01:20;07:01:20;111680.0;2;43700.0;0.501;0.338;20.0;1.0;60.0;40.0;0.0
2335840_home;317020.7982000001;6406264.500499999;2335840;26:35:00;02:35:00;95700.0;2;29:20:24;05:20:24;105624.0;2;9924.0;31:02:00;07:02:00;111720.0;2;16020.0;0.619;0.603;25.0;1.0;42.0;17.0;0.0
public_1476229729;324390.2446999997;6404229.569;1926380;19:37:18;19:37:18;70638.0;1;21:04:14;21:04:14;75854.0;1;5216.0;31:02:03;07:02:03;111723.0;2;41085.0;0.127;0.475;16.0;1.0;34.0;18.0;0.0
7320517_home;316621.05790000036;6395551.0984000005;7320517;16:44:08;16:44:08;60248.0;1;18:05:49;18:05:49;65149.0;1;4901.0;31:02:31;07:02:31;111751.0;2;51503.0;0.095;0.805;27.0;1.0;34.0;7.0;0.0
2072947_home;317466.2427000003;6405203.1493999995;2072947;17:31:03;17:31:03;63063.0;1;20:17:49;20:17:49;73069.0;1;10006.0;31:03:38;07:03:38;111818.0;2;48755.0;0.205;0.599;25.0;1.0;42.0;17.0;0.0
2040830_home;318588.2505000001;6391753.476299999;2040830;25:35:00;01:35:00;92100.0;2;29:16:59;05:16:59;105419.0;2;13319.0;31:03:53;07:03:53;111833.0;2;19733.0;0.675;0.446;19.0;1.0;42.0;23.0;0.0
1932964_home;312840.11369999964;6395132.805299999;1932964;17:12:44;17:12:44;61964.0;1;20:43:49;20:43:49;74629.0;1;12665.0;31:04:14;07:04:14;111854.0;2;49890.0;0.254;0.697;52.0;1.0;75.0;23.0;0.0
public_1476105302;316472.1551000001;6404766.7414;3255260;30:55:00;06:55:00;111300.0;2;31:04:20;07:04:20;111860.0;2;560.0;31:04:20;07:04:20;111860.0;2;560.0;1.0;0.944;32.0;0.975;33.0;1.0;0.0
7372567_home;316592.4709000001;6399894.456499999;7372567;13:55:05;13:55:05;50105.0;1;18:02:19;18:02:19;64939.0;1;14834.0;31:05:34;07:05:34;111934.0;2;61829.0;0.24;0.567;34.0;1.0;60.0;26.0;0.0
public_1476408369;308242.3487;6400926.8608;8273513;17:07:07;17:07:07;61627.0;1;18:51:09;18:51:09;67869.0;1;6242.0;31:06:01;07:06:01;111961.0;2;50334.0;0.124;0.58;30.0;1.0;52.0;22.0;0.0
public_1476044137;312573.27190000005;6394153.5075;4922457;15:27:47;15:27:47;55667.0;1;16:52:19;16:52:19;60739.0;1;5072.0;31:06:27;07:06:27;111987.0;2;56320.0;0.09;0.574;24.0;1.0;42.0;18.0;0.0
2330722_home;321507.3794;6410712.554199999;2330722;21:15:51;21:15:51;76551.0;1;26:12:09;02:12:09;94329.0;2;17778.0;31:07:39;07:07:39;112059.0;2;35508.0;0.501;0.564;42.0;1.0;75.0;33.0;0.0
7298191_home;317752.87650000025;6399155.0825;7298191;16:32:12;16:32:12;59532.0;1;19:26:19;19:26:19;69979.0;1;10447.0;31:08:12;07:08:12;112092.0;2;52560.0;0.199;0.579;24.0;1.0;42.0;18.0;0.0
2041052_home;318209.41110000014;6391713.7826000005;2041052;17:56:44;17:56:44;64604.0;1;20:17:39;20:17:39;73059.0;1;8455.0;31:08:20;07:08:20;112100.0;2;47496.0;0.178;0.671;28.0;1.0;42.0;14.0;0.0
2096488_home;325159.2340000002;6400665.3972;2096488;08:46:19;08:46:19;31579.0;1;12:01:04;12:01:04;43264.0;1;11685.0;31:08:59;07:08:59;112139.0;2;80560.0;0.145;0.521;22.0;1.0;42.0;20.0;0.0
1943706_home;311288.9951999998;6405624.982999999;1943706;12:15:01;12:15:01;44101.0;1;14:49:24;14:49:24;53364.0;1;9263.0;31:09:45;07:09:45;112185.0;2;68084.0;0.136;0.556;19.0;1.0;34.0;15.0;0.0
2208172_home;323694.8113000002;6393310.5436;2208172;16:55:41;16:55:41;60941.0;1;20:01:24;20:01:24;72084.0;1;11143.0;31:10:21;07:10:21;112221.0;2;51280.0;0.217;0.644;33.0;1.0;52.0;19.0;0.0
1862586_home;325680.79509999976;6403570.9407;1862586;16:10:46;16:10:46;58246.0;1;18:54:04;18:54:04;68044.0;1;9798.0;31:11:04;07:11:04;112264.0;2;54018.0;0.181;0.609;26.0;1.0;42.0;16.0;0.0
9444177_home;318788.9790000003;6399804.5374;9444177;24:50:00;00:50:00;89400.0;2;29:12:39;05:12:39;105159.0;2;15759.0;31:11:22;07:11:22;112282.0;2;22882.0;0.689;0.616;46.0;1.0;75.0;29.0;0.0
1966722_home;328575.2407999998;6402743.3171999995;1966722;15:49:57;15:49:57;56997.0;1;16:45:19;16:45:19;60319.0;1;3322.0;31:11:40;07:11:40;112300.0;2;55303.0;0.06;0.94;56.0;1.0;60.0;4.0;0.0
4785109_home;325314.3842000002;6410331.5118;4785109;18:36:52;18:36:52;67012.0;1;22:27:29;22:27:29;80849.0;1;13837.0;31:11:46;07:11:46;112306.0;2;45294.0;0.305;0.6;36.0;1.0;60.0;24.0;0.0
4770792_home;315394.1842;6402929.1032;4770792;09:01:20;09:01:20;32480.0;1;12:18:14;12:18:14;44294.0;1;11814.0;31:12:24;07:12:24;112344.0;2;79864.0;0.148;0.515;22.0;1.0;42.0;20.0;0.0
1994057_home;314400.6409;6394212.232799999;1994057;26:50:00;02:50:00;96600.0;2;29:22:19;05:22:19;105739.0;2;9139.0;31:12:51;07:12:51;112371.0;2;15771.0;0.579;0.639;27.0;1.0;42.0;15.0;0.0
3127907_home;314610.2796;6402112.749500001;3127907;16:54:19;16:54:19;60859.0;1;21:09:14;21:09:14;76154.0;1;15295.0;31:13:45;07:13:45;112425.0;2;51566.0;0.297;0.488;25.0;1.0;52.0;27.0;0.0
7410489_home;320715.10890000034;6397072.91;7410489;16:12:45;16:12:45;58365.0;1;20:14:14;20:14:14;72854.0;1;14489.0;31:14:09;07:14:09;112449.0;2;54084.0;0.268;0.579;35.0;1.0;60.0;25.0;0.0
4704065_home;316654.39240000024;6395182.139599999;4704065;27:10:00;03:10:00;97800.0;2;29:43:59;05:43:59;107039.0;2;9239.0;31:15:18;07:15:18;112518.0;2;14718.0;0.628;0.557;19.0;1.0;34.0;15.0;0.0
1927836_home;317649.1649000002;6402208.445900001;1927836;17:22:54;17:22:54;62574.0;1;19:41:39;19:41:39;70899.0;1;8325.0;31:15:26;07:15:26;112526.0;2;49952.0;0.167;0.677;28.0;1.0;42.0;14.0;0.0
1871098_home;313935.1564999996;6395667.003900001;1871098;16:16:56;16:16:56;58616.0;1;19:53:59;19:53:59;71639.0;1;13023.0;31:15:27;07:15:27;112527.0;2;53911.0;0.242;0.46;19.0;1.0;42.0;23.0;0.0
1881045_home;307718.29619999975;6403655.348099999;1881045;19:05:13;19:05:13;68713.0;1;24:27:24;00:27:24;88044.0;2;19331.0;31:17:22;07:17:22;112642.0;2;43929.0;0.44;0.422;25.0;1.0;60.0;35.0;0.0
1936362_home;316528.88069999963;6393818.8575;1936362;26:05:00;02:05:00;93900.0;2;28:35:34;04:35:34;102934.0;2;9034.0;31:20:08;07:20:08;112808.0;2;18908.0;0.478;0.569;19.0;1.0;34.0;15.0;0.0
public_1475956613;316984.48330000043;6395061.7819;1874742;15:53:35;15:53:35;57215.0;1;17:09:14;17:09:14;61754.0;1;4539.0;31:20:10;07:20:10;112810.0;2;55595.0;0.082;0.597;20.0;1.0;34.0;14.0;0.0
7411363_home;318839.2874999996;6399569.3467;7411363;17:44:31;17:44:31;63871.0;1;18:59:19;18:59:19;68359.0;1;4488.0;31:20:18;07:20:18;112818.0;2;48947.0;0.092;0.829;28.0;1.0;34.0;6.0;0.0
7326174_home;320733.01400000043;6394516.990900001;7326174;17:25:07;17:25:07;62707.0;1;21:16:04;21:16:04;76564.0;1;13857.0;31:20:56;07:20:56;112856.0;2;50149.0;0.276;0.666;50.0;1.0;75.0;25.0;0.0
2033250_home;315988.1229999997;6402771.079;2033250;26:55:00;02:55:00;96900.0;2;29:45:09;05:45:09;107109.0;2;10209.0;31:21:07;07:21:07;112867.0;2;15967.0;0.639;0.502;17.0;1.0;34.0;17.0;0.0
4644491_home;320223.4051000001;6399509.029999999;4644491;26:35:00;02:35:00;95700.0;2;29:54:49;05:54:49;107689.0;2;11989.0;31:21:44;07:21:44;112904.0;2;17204.0;0.697;0.507;21.0;1.0;42.0;21.0;0.0
4600925_home;325005.5080000004;6406214.4837;4600925;15:35:38;15:35:38;56138.0;1;19:02:54;19:02:54;68574.0;1;12436.0;31:22:10;07:22:10;112930.0;2;56792.0;0.219;0.487;20.0;1.0;42.0;22.0;0.0
2040745_home;317672.99120000005;6391419.2917;2040745;26:40:00;02:40:00;96000.0;2;29:35:44;05:35:44;106544.0;2;10544.0;31:22:39;07:22:39;112959.0;2;16959.0;0.622;0.482;16.0;1.0;34.0;18.0;0.0
2316319_home;313911.6635999996;6390732.7203;2316319;18:46:56;18:46:56;67616.0;1;23:04:49;23:04:49;83089.0;1;15473.0;31:23:36;07:23:36;113016.0;2;45400.0;0.341;0.482;25.0;1.0;52.0;27.0;0.0
5563006_home;321917.1059999997;6397369.3343;5563006;08:45:55;08:45:55;31555.0;1;12:42:14;12:42:14;45734.0;1;14179.0;31:24:51;07:24:51;113091.0;2;81536.0;0.174;0.53;28.0;1.0;52.0;24.0;0.0
4704257_home;315954.0259999996;6396476.8686;4704257;17:56:44;17:56:44;64604.0;1;20:15:14;20:15:14;72914.0;1;8310.0;31:25:20;07:25:20;113120.0;2;48516.0;0.171;0.61;21.0;1.0;34.0;13.0;0.0
1996657_home;315186.0741999997;6392759.5867;1996657;21:10:44;21:10:44;76244.0;1;24:13:04;00:13:04;87184.0;2;10940.0;31:27:18;07:27:18;113238.0;2;36994.0;0.296;0.46;16.0;1.0;34.0;18.0;0.0
public_1476300935;327816.4369999999;6395517.0660999995;5589721;19:33:00;19:33:00;70380.0;1;21:20:34;21:20:34;76834.0;1;6454.0;31:28:37;07:28:37;113317.0;2;42937.0;0.15;0.601;36.0;1.0;60.0;24.0;0.0
public_1476205505;324664.0750000002;6403791.789999999;2068881;30:54:41;06:54:41;111281.0;2;31:29:11;07:29:11;113351.0;2;2070.0;31:29:11;07:29:11;113351.0;2;2070.0;1.0;0.95;40.0;0.999;42.0;2.0;0.0
2082244_home;323421.98709999956;6395201.5699000005;2082244;18:05:00;18:05:00;65100.0;1;21:22:19;21:22:19;76939.0;1;11839.0;31:29:47;07:29:47;113387.0;2;48287.0;0.245;0.408;14.0;1.0;34.0;20.0;0.0
7359352_home;320385.3054999998;6399032.320900001;7359352;14:45:05;14:45:05;53105.0;1;17:41:34;17:41:34;63694.0;1;10589.0;31:29:48;07:29:48;113388.0;2;60283.0;0.176;0.48;16.0;1.0;34.0;18.0;0.0
7503683_home;319484.6431999998;6398130.4701000005;7503683;17:27:28;17:27:28;62848.0;1;19:52:29;19:52:29;71549.0;1;8701.0;31:29:56;07:29:56;113396.0;2;50548.0;0.172;0.735;38.0;1.0;52.0;14.0;0.0
2325330_home;309053.4104000004;6404043.125399999;2325330;27:50:00;03:50:00;100200.0;2;28:57:49;04:57:49;104269.0;2;4069.0;31:32:17;07:32:17;113537.0;2;13337.0;0.305;0.853;29.0;1.0;34.0;5.0;0.0
9671992_home;314780.55119999964;6403424.835100001;9671992;17:35:03;17:35:03;63303.0;1;21:29:59;21:29:59;77399.0;1;14096.0;31:34:44;07:34:44;113684.0;2;50381.0;0.28;0.66;49.0;1.0;75.0;26.0;0.0
3043275_home;323221.37930000015;6407573.3287;3043275;19:10:39;19:10:39;69039.0;1;20:51:19;20:51:19;75079.0;1;6040.0;31:35:22;07:35:22;113722.0;2;44683.0;0.135;0.74;25.0;1.0;34.0;9.0;0.0
1996777_home;315262.63850000035;6392859.198000001;1996777;25:10:00;01:10:00;90600.0;2;29:39:39;05:39:39;106779.0;2;16179.0;31:35:42;07:35:42;113742.0;2;23142.0;0.699;0.455;24.0;1.0;52.0;28.0;0.0
2945180_home;324984.16980000027;6411420.9482;2945180;23:35:00;23:35:00;84900.0;1;28:26:59;04:26:59;102419.0;2;17519.0;31:36:09;07:36:09;113769.0;2;28869.0;0.607;0.571;43.0;1.0;75.0;32.0;0.0
2016161_home;329121.0730999997;6401807.5572999995;2016161;18:46:13;18:46:13;67573.0;1;21:33:49;21:33:49;77629.0;1;10056.0;31:38:17;07:38:17;113897.0;2;46324.0;0.217;0.51;17.0;1.0;34.0;17.0;0.0
3256128_home;312042.0067999996;6404010.6996;3256128;17:44:58;17:44:58;63898.0;1;21:36:14;21:36:14;77774.0;1;13876.0;31:39:19;07:39:19;113959.0;2;50061.0;0.277;0.598;36.0;1.0;60.0;24.0;0.0
5934086_home;314901.0267000003;6403576.2807;5934086;20:00:14;20:00:14;72014.0;1;25:13:34;01:13:34;90814.0;2;18800.0;31:39:52;07:39:52;113992.0;2;41978.0;0.448;0.537;40.0;1.0;75.0;35.0;0.0
7412772_home;321236.1860999996;6401115.3747000005;7412772;17:43:50;17:43:50;63830.0;1;18:55:34;18:55:34;68134.0;1;4304.0;31:39:57;07:39:57;113997.0;2;50167.0;0.086;0.863;36.0;1.0;42.0;6.0;0.0
2210280_home;323359.7982000001;6391683.8485;2210280;17:54:40;17:54:40;64480.0;1;22:21:19;22:21:19;80479.0;1;15999.0;31:40:31;07:40:31;114031.0;2;49551.0;0.323;0.53;32.0;1.0;60.0;28.0;0.0
2059158_home;329769.2329000002;6394000.3078000005;2059158;16:34:15;16:34:15;59655.0;1;20:33:14;20:33:14;73994.0;1;14339.0;31:40:46;07:40:46;114046.0;2;54391.0;0.264;0.524;27.0;1.0;52.0;25.0;0.0
1937617_home;314846.68379999977;6391569.770400001;1937617;14:43:19;14:43:19;52999.0;1;19:17:54;19:17:54;69474.0;1;16475.0;31:42:17;07:42:17;114137.0;2;61138.0;0.269;0.444;23.0;1.0;52.0;29.0;0.0
public_1476296138;319418.83029999956;6405293.0362;4766519;27:45:00;03:45:00;99900.0;2;29:05:44;05:05:44;104744.0;2;4844.0;31:42:48;07:42:48;114168.0;2;14268.0;0.34;0.608;26.0;1.0;42.0;16.0;0.0
public_1476020078;329414.4375;6406326.385;4622766;26:35:00;02:35:00;95700.0;2;28:22:54;04:22:54;102174.0;2;6474.0;31:43:51;07:43:51;114231.0;2;18531.0;0.349;0.599;36.0;1.0;60.0;24.0;0.0
2323347_home;307126.88910000026;6402526.6186;2323347;18:42:24;18:42:24;67344.0;1;22:42:29;22:42:29;81749.0;1;14405.0;31:44:23;07:44:23;114263.0;2;46919.0;0.307;0.522;27.0;1.0;52.0;25.0;0.0
9512435_home;323378.77329999954;6401473.876499999;9512435;14:44:02;14:44:02;53042.0;1;18:50:19;18:50:19;67819.0;1;14777.0;31:44:26;07:44:26;114266.0;2;61224.0;0.241;0.378;16.0;1.0;42.0;26.0;0.0
2073998_home;320027.09389999975;6403456.4856;2073998;16:42:44;16:42:44;60164.0;1;19:25:39;19:25:39;69939.0;1;9775.0;31:44:32;07:44:32;114272.0;2;54108.0;0.181;0.526;18.0;1.0;34.0;16.0;0.0
4721522_home;329811.85919999983;6398749.1461;4721522;19:55:03;19:55:03;71703.0;1;23:45:19;23:45:19;85519.0;1;13816.0;31:45:07;07:45:07;114307.0;2;42604.0;0.324;0.423;18.0;1.0;42.0;24.0;0.0
2321911_home;313484.2681;6392696.2773;2321911;26:10:00;02:10:00;94200.0;2;28:51:49;04:51:49;103909.0;2;9709.0;31:45:15;07:45:15;114315.0;2;20115.0;0.483;0.53;18.0;1.0;34.0;16.0;0.0
4743032_home;314749.88150000013;6403190.496200001;4743032;14:00:10;14:00:10;50410.0;1;17:00:39;17:00:39;61239.0;1;10829.0;31:45:46;07:45:46;114346.0;2;63936.0;0.169;0.561;24.0;1.0;42.0;18.0;0.0
4653799_home;318889.6397000002;6403563.940400001;4653799;15:30:25;15:30:25;55825.0;1;19:42:24;19:42:24;70944.0;1;15119.0;31:46:33;07:46:33;114393.0;2;58568.0;0.258;0.633;47.0;1.0;75.0;28.0;0.0
1881178_home;308685.8351999996;6403612.2498;1881178;21:27:22;21:27:22;77242.0;1;24:46:54;00:46:54;89214.0;2;11972.0;31:47:15;07:47:15;114435.0;2;37193.0;0.322;0.401;14.0;1.0;34.0;20.0;0.0
public_1476221442;314025.3596999999;6396976.9001;4607018;20:12:16;20:12:16;72736.0;1;21:36:04;21:36:04;77764.0;1;5028.0;31:47:32;07:47:32;114452.0;2;41716.0;0.121;0.581;24.0;1.0;42.0;18.0;0.0
1934774_home;316411.0253999997;6395686.508300001;1934774;25:55:00;01:55:00;93300.0;2;28:57:39;04:57:39;104259.0;2;10959.0;31:47:38;07:47:38;114458.0;2;21158.0;0.518;0.555;23.0;1.0;42.0;19.0;0.0
9505250_home;325378.6662999997;6401830.6;9505250;26:05:00;02:05:00;93900.0;2;29:08:49;05:08:49;104929.0;2;11029.0;31:47:50;07:47:50;114470.0;2;20570.0;0.536;0.648;34.0;1.0;52.0;18.0;0.0
2017219_home;329930.56539999973;6399367.3825;2017219;21:14:56;21:14:56;76496.0;1;24:38:09;00:38:09;88689.0;2;12193.0;31:48:06;07:48:06;114486.0;2;37990.0;0.321;0.498;21.0;1.0;42.0;21.0;0.0
5591811_home;316549.09920000006;6411207.351199999;5591811;17:37:47;17:37:47;63467.0;1;21:09:49;21:09:49;76189.0;1;12722.0;31:48:29;07:48:29;114509.0;2;51042.0;0.249;0.584;30.0;1.0;52.0;22.0;0.0
10006521_home;323241.1639999999;6411391.374299999;10006521;18:08:08;18:08:08;65288.0;1;21:47:19;21:47:19;78439.0;1;13151.0;31:49:22;07:49:22;114562.0;2;49274.0;0.267;0.453;19.0;1.0;42.0;23.0;0.0
1930342_home;320591.74909999967;6404037.073799999;1930342;09:46:26;09:46:26;35186.0;1;12:36:34;12:36:34;45394.0;1;10208.0;31:51:27;07:51:27;114687.0;2;79501.0;0.128;0.59;25.0;1.0;42.0;17.0;0.0
1946683_home;319405.61120000016;6393921.2378;1946683;19:54:37;19:54:37;71677.0;1;22:04:34;22:04:34;79474.0;1;7797.0;31:51:49;07:51:49;114709.0;2;43032.0;0.181;0.639;22.0;1.0;34.0;12.0;0.0
1969187_home;328118.46050000004;6398402.4350000005;1969187;17:37:35;17:37:35;63455.0;1;21:26:49;21:26:49;77209.0;1;13754.0;31:52:24;07:52:24;114744.0;2;51289.0;0.268;0.669;50.0;1.0;75.0;25.0;0.0
1994103_home;314169.09049999993;6394474.7925;1994103;26:15:00;02:15:00;94500.0;2;29:48:44;05:48:44;107324.0;2;12824.0;31:54:30;07:54:30;114870.0;2;20370.0;0.63;0.633;38.0;1.0;60.0;22.0;0.0
4769859_home;323672.8679999998;6411205.032500001;4769859;18:08:34;18:08:34;65314.0;1;21:41:04;21:41:04;78064.0;1;12750.0;31:55:30;07:55:30;114930.0;2;49616.0;0.257;0.583;30.0;1.0;52.0;22.0;0.0
2017200_home;329987.05480000004;6399596.5744;2017200;19:54:10;19:54:10;71650.0;1;23:01:49;23:01:49;82909.0;1;11259.0;31:56:26;07:56:26;114986.0;2;43336.0;0.26;0.442;15.0;1.0;34.0;19.0;0.0
1896793_home;329267.9921000004;6401901.366900001;1896793;26:20:00;02:20:00;94800.0;2;29:39:44;05:39:44;106784.0;2;11984.0;31:57:38;07:57:38;115058.0;2;20258.0;0.592;0.508;21.0;1.0;42.0;21.0;0.0
1988537_home;316159.2081000004;6403156.2117;1988537;19:18:13;19:18:13;69493.0;1;22:10:04;22:10:04;79804.0;1;10311.0;31:58:11;07:58:11;115091.0;2;45598.0;0.226;0.714;43.0;1.0;60.0;17.0;0.0
7368354_home;317464.6520999996;6402994.2212000005;7368354;22:00:58;22:00:58;79258.0;1;27:34:34;03:34:34;99274.0;2;20016.0;31:59:04;07:59:04;115144.0;2;35886.0;0.558;0.506;38.0;1.0;75.0;37.0;0.0
9672036_home;314728.2675000001;6403322.735200001;9672036;19:31:46;19:31:46;70306.0;1;25:31:54;01:31:54;91914.0;2;21608.0;31:59:12;07:59:12;115152.0;2;44846.0;0.482;0.465;35.0;1.0;75.0;40.0;0.0
9545323_home;321272.8841000004;6396437.3254;9545323;12:47:59;12:47:59;46079.0;1;15:37:19;15:37:19;56239.0;1;10160.0;32:01:17;08:01:17;115277.0;2;69198.0;0.147;0.504;17.0;1.0;34.0;17.0;0.0
2045651_home;318755.0349000003;6394548.306;2045651;10:53:19;10:53:19;39199.0;1;13:42:59;13:42:59;49379.0;1;10180.0;32:04:17;08:04:17;115457.0;2;76258.0;0.133;0.503;17.0;1.0;34.0;17.0;0.0
7297455_home;317271.1238000002;6398662.148399999;7297455;24:50:00;00:50:00;89400.0;2;29:16:29;05:16:29;105389.0;2;15989.0;32:04:20;08:04:20;115460.0;2;26060.0;0.614;0.322;14.0;1.0;42.0;28.0;0.0
public_1476376836;323636.4302000003;6400977.224300001;9447277;28:35:00;04:35:00;102900.0;2;29:47:39;05:47:39;107259.0;2;4359.0;32:06:59;08:06:59;115619.0;2;12719.0;0.343;0.63;21.0;1.0;34.0;13.0;0.0
2069951_home;322549.9741000002;6400998.543400001;2069951;14:12:07;14:12:07;51127.0;1;16:33:19;16:33:19;59599.0;1;8472.0;32:08:18;08:08:18;115698.0;2;64571.0;0.131;0.601;20.0;1.0;34.0;14.0;0.0
1920973_home;320313.3021999998;6399077.480699999;1920973;25:00:00;01:00:00;90000.0;2;29:38:29;05:38:29;106709.0;2;16709.0;32:11:51;08:11:51;115911.0;2;25911.0;0.645;0.436;23.0;1.0;52.0;29.0;0.0
4602304_home;321479.96750000026;6409172.7293;4602304;19:02:48;19:02:48;68568.0;1;22:37:04;22:37:04;81424.0;1;12856.0;32:12:36;08:12:36;115956.0;2;47388.0;0.271;0.579;30.0;1.0;52.0;22.0;0.0
3042474_home;323498.7457999997;6407917.1406;3042474;26:20:00;02:20:00;94800.0;2;29:45:09;05:45:09;107109.0;2;12309.0;32:15:58;08:15:58;116158.0;2;21358.0;0.576;0.649;39.0;1.0;60.0;21.0;0.0
4740567_home;316763.6473000003;6393973.485300001;4740567;18:46:36;18:46:36;67596.0;1;21:44:24;21:44:24;78264.0;1;10668.0;32:18:06;08:18:06;116286.0;2;48690.0;0.219;0.569;24.0;1.0;42.0;18.0;0.0
7361686_home;321637.20050000027;6400707.91;7361686;19:01:43;19:01:43;68503.0;1;21:31:59;21:31:59;77519.0;1;9016.0;32:19:13;08:19:13;116353.0;2;47850.0;0.188;0.57;19.0;1.0;34.0;15.0;0.0
public_1476381951;321234.46520000044;6409352.0425;9412406;26:40:00;02:40:00;96000.0;2;28:11:24;04:11:24;101484.0;2;5484.0;32:21:12;08:21:12;116472.0;2;20472.0;0.268;0.514;22.0;1.0;42.0;20.0;0.0
2027259_home;319985.08550000004;6397151.247300001;2027259;16:08:19;16:08:19;58099.0;1;19:55:09;19:55:09;71709.0;1;13610.0;32:22:46;08:22:46;116566.0;2;58467.0;0.233;0.551;29.0;1.0;52.0;23.0;0.0
2325706_home;309005.8250000002;6404601.293500001;2325706;21:13:50;21:13:50;76430.0;1;24:54:09;00:54:09;89649.0;2;13219.0;32:22:50;08:22:50;116570.0;2;40140.0;0.329;0.451;19.0;1.0;42.0;23.0;0.0
9542392_home;315910.61539999954;6390983.782;9542392;16:42:38;16:42:38;60158.0;1;18:32:24;18:32:24;66744.0;1;6586.0;32:23:52;08:23:52;116632.0;2;56474.0;0.117;0.709;24.0;1.0;34.0;10.0;0.0
4705288_home;315038.6076999996;6393427.9344999995;4705288;18:28:07;18:28:07;66487.0;1;19:23:24;19:23:24;69804.0;1;3317.0;32:24:41;08:24:41;116681.0;2;50194.0;0.066;0.939;70.0;1.0;75.0;5.0;0.0
1941613_home;305892.9891999997;6400340.3089000005;1941613;16:57:39;16:57:39;61059.0;1;17:55:34;17:55:34;64534.0;1;3475.0;32:25:01;08:25:01;116701.0;2;55642.0;0.062;0.93;48.0;1.0;52.0;4.0;0.0
1942554_home;307973.2185000004;6403040.1833999995;1942554;14:44:29;14:44:29;53069.0;1;17:20:19;17:20:19;62419.0;1;9350.0;32:27:07;08:27:07;116827.0;2;63758.0;0.147;0.63;26.0;1.0;42.0;16.0;0.0
1943722_home;311147.5275999997;6405781.551000001;1943722;26:40:00;02:40:00;96000.0;2;29:26:39;05:26:39;105999.0;2;9999.0;32:27:13;08:27:13;116833.0;2;20833.0;0.48;0.514;17.0;1.0;34.0;17.0;0.0
4803676_home;330460.1924999999;6393214.366599999;4803676;18:14:59;18:14:59;65699.0;1;19:04:34;19:04:34;68674.0;1;2975.0;32:28:56;08:28:56;116936.0;2;51237.0;0.058;0.952;57.0;1.0;60.0;3.0;0.0
public_1476363725;317107.39499999955;6402608.874299999;1864949;27:50:00;03:50:00;100200.0;2;29:12:34;05:12:34;105154.0;2;4954.0;32:32:15;08:32:15;117135.0;2;16935.0;0.293;0.591;25.0;1.0;42.0;17.0;0.0
2324135_home;304522.91920000035;6400766.567399999;2324135;25:35:00;01:35:00;92100.0;2;29:22:44;05:22:44;105764.0;2;13664.0;32:35:03;08:35:03;117303.0;2;25203.0;0.542;0.304;10.0;1.0;34.0;24.0;0.0
public_1476160164;316329.15589999966;6398059.6876;9460773;31:27:01;07:27:01;113221.0;2;32:38:23;08:38:23;117503.0;2;4282.0;32:38:23;08:38:23;117503.0;2;4282.0;1.0;0.268;9.0;0.966;33.0;24.0;0.0
9670429_home;311243.43649999984;6406079.6285;9670429;10:56:46;10:56:46;39406.0;1;15:21:49;15:21:49;55309.0;1;15903.0;32:41:12;08:41:12;117672.0;2;78266.0;0.203;0.533;32.0;1.0;60.0;28.0;0.0
2037906_home;316529.02190000005;6396017.7491999995;2037906;18:25:17;18:25:17;66317.0;1;22:01:04;22:01:04;79264.0;1;12947.0;32:41:23;08:41:23;117683.0;2;51366.0;0.252;0.576;30.0;1.0;52.0;22.0;0.0
9491221_home;314495.6807000004;6394265.006899999;9491221;16:43:17;16:43:17;60197.0;1;18:28:29;18:28:29;66509.0;1;6312.0;32:44:13;08:44:13;117853.0;2;57656.0;0.109;0.77;32.0;1.0;42.0;10.0;0.0
2026750_home;320762.1919999998;6398206.3179;2026750;26:15:00;02:15:00;94500.0;2;29:10:04;05:10:04;105004.0;2;10504.0;32:45:58;08:45:58;117958.0;2;23458.0;0.448;0.576;24.0;1.0;42.0;18.0;0.0
7411640_home;318798.33550000004;6399576.0943;7411640;20:35:21;20:35:21;74121.0;1;23:18:19;23:18:19;83899.0;1;9778.0;32:48:22;08:48:22;118102.0;2;43981.0;0.222;0.61;26.0;1.0;42.0;16.0;0.0
public_1475949557;317031.70529999956;6390150.6654;1877251;13:26:08;13:26:08;48368.0;1;14:43:34;14:43:34;53014.0;1;4646.0;32:52:18;08:52:18;118338.0;2;69970.0;0.066;0.577;20.0;1.0;34.0;14.0;0.0
4660143_home;317009.2022000002;6391651.8156;4660143;13:41:48;13:41:48;49308.0;1;18:03:29;18:03:29;65009.0;1;15701.0;32:53:52;08:53:52;118432.0;2;69124.0;0.227;0.473;25.0;1.0;52.0;27.0;0.0
7375400_home;317265.0795999998;6396092.425000001;7375400;15:58:07;15:58:07;57487.0;1;19:56:44;19:56:44;71804.0;1;14317.0;32:54:06;08:54:06;118446.0;2;60959.0;0.235;0.584;35.0;1.0;60.0;25.0;0.0
1877372_home;316784.06099999975;6391043.250600001;1877372;18:44:38;18:44:38;67478.0;1;20:55:29;20:55:29;75329.0;1;7851.0;32:54:36;08:54:36;118476.0;2;50998.0;0.154;0.636;22.0;1.0;34.0;12.0;0.0
5933366_home;313848.84140000027;6392636.217599999;5933366;16:45:00;16:45:00;60300.0;1;21:09:14;21:09:14;76154.0;1;15854.0;33:07:04;09:07:04;119224.0;2;58924.0;0.269;0.534;32.0;1.0;60.0;28.0;0.0
public_1476245895;319092.1699000001;6399086.5339;7373836;31:28:54;07:28:54;113334.0;2;32:57:04;08:57:04;118624.0;2;5290.0;33:07:24;09:07:24;119244.0;2;5910.0;0.895;0.461;16.0;1.0;34.0;18.0;0.0
7376589_home;314826.64350000024;6393101.805;7376589;26:45:00;02:45:00;96300.0;2;29:55:49;05:55:49;107749.0;2;11449.0;33:07:45;09:07:45;119265.0;2;22965.0;0.499;0.532;22.0;1.0;42.0;20.0;0.0
4653888_home;319123.5664999997;6403533.671;4653888;25:40:00;01:40:00;92400.0;2;28:14:34;04:14:34;101674.0;2;9274.0;33:07:52;09:07:52;119272.0;2;26872.0;0.345;0.633;27.0;1.0;42.0;15.0;0.0
public_1476065604;317287.3872999996;6400280.969699999;1943706;31:22:38;07:22:38;112958.0;2;32:05:39;08:05:39;115539.0;2;2581.0;33:09:57;09:09:57;119397.0;2;6439.0;0.401;0.93;32.0;1.0;34.0;2.0;0.0
public_1476272518;323407.45330000017;6411357.800899999;2327157;30:24:10;06:24:10;109450.0;2;31:10:34;07:10:34;112234.0;2;2784.0;33:10:18;09:10:18;119418.0;2;9968.0;0.279;0.907;38.0;1.0;42.0;4.0;0.0
2080900_home;322199.28450000007;6390802.2118;2080900;19:09:20;19:09:20;68960.0;1;22:19:29;22:19:29;80369.0;1;11409.0;33:11:00;09:11:00;119460.0;2;50500.0;0.226;0.534;22.0;1.0;42.0;20.0;0.0
4785915_home;316257.8339999998;6402058.8179;4785915;12:22:04;12:22:04;44524.0;1;16:17:04;16:17:04;58624.0;1;14100.0;33:18:29;09:18:29;119909.0;2;75385.0;0.187;0.41;17.0;1.0;42.0;25.0;0.0
1877813_home;316867.73139999993;6390405.528999999;1877813;17:39:38;17:39:38;63578.0;1;22:42:24;22:42:24;81744.0;1;18166.0;33:20:10;09:20:10;120010.0;2;56432.0;0.322;0.554;42.0;1.0;75.0;33.0;0.0
public_1476051721;326286.09049999993;6404635.502;1967726;17:44:52;17:44:52;63892.0;1;20:07:39;20:07:39;72459.0;1;8567.0;33:21:07;09:21:07;120067.0;2;56175.0;0.153;0.066;3.0;1.0;42.0;39.0;0.0
5883454_home;328427.38879999984;6403939.1269000005;5883454;21:52:53;21:52:53;78773.0;1;24:48:44;00:48:44;89324.0;2;10551.0;33:21:46;09:21:46;120106.0;2;41333.0;0.255;0.574;24.0;1.0;42.0;18.0;0.0
public_1475967709;328655.4902999997;6402748.832900001;7326174;32:42:46;08:42:46;117766.0;2;33:23:13;09:23:13;120193.0;2;2427.0;33:23:13;09:23:13;120193.0;2;2427.0;1.0;0.928;70.0;0.999;75.0;5.0;0.0
2017659_home;330238.81799999997;6398997.278000001;2017659;19:17:53;19:17:53;69473.0;1;23:32:14;23:32:14;84734.0;1;15261.0;33:27:19;09:27:19;120439.0;2;50966.0;0.299;0.554;33.0;1.0;60.0;27.0;0.0
public_1476204089;312496.6704000002;6408352.203299999;2327190;27:00:00;03:00:00;97200.0;2;28:34:09;04:34:09;102849.0;2;5649.0;33:28:12;09:28:12;120492.0;2;23292.0;0.243;0.397;14.0;1.0;34.0;20.0;0.0
public_1476005260;324642.5215999996;6404837.954399999;2071723;15:20:09;15:20:09;55209.0;1;17:08:29;17:08:29;61709.0;1;6500.0;33:31:54;09:31:54;120714.0;2;65505.0;0.099;0.596;36.0;1.0;60.0;24.0;0.0
public_1475954259;315561.4790000003;6398226.348099999;4660143;33:03:47;09:03:47;119027.0;2;33:33:13;09:33:13;120793.0;2;1766.0;33:33:13;09:33:13;120793.0;2;1766.0;1.0;0.969;50.0;0.997;52.0;1.0;0.0
1942173_home;308007.142;6403093.046700001;1942173;18:57:23;18:57:23;68243.0;1;21:54:34;21:54:34;78874.0;1;10631.0;33:37:29;09:37:29;121049.0;2;52806.0;0.201;0.477;16.0;1.0;34.0;18.0;0.0
5905004_home;314937.7084999997;6401657.1055;5905004;26:20:00;02:20:00;94800.0;2;29:45:34;05:45:34;107134.0;2;12334.0;33:39:53;09:39:53;121193.0;2;26393.0;0.467;0.492;21.0;1.0;42.0;21.0;0.0
public_1475992444;314824.6895000003;6402583.526799999;2319425;32:36:36;08:36:36;117396.0;2;33:40:12;09:40:12;121212.0;2;3816.0;33:40:12;09:40:12;121212.0;2;3816.0;1.0;0.727;31.0;0.999;42.0;11.0;0.0
public_1476259231;320144.1810999997;6403360.9087000005;9451902;16:17:08;16:17:08;58628.0;1;18:05:09;18:05:09;65109.0;1;6481.0;33:40:34;09:40:34;121234.0;2;62606.0;0.104;0.551;29.0;1.0;52.0;23.0;0.0
4646269_home;321602.7679000003;6398656.4021000005;4646269;17:12:04;17:12:04;61924.0;1;22:04:39;22:04:39;79479.0;1;17555.0;33:41:14;09:41:14;121274.0;2;59350.0;0.296;0.479;29.0;1.0;60.0;31.0;0.0
1981057_home;320480.0455;6397468.602399999;1981057;17:22:13;17:22:13;62533.0;1;19:25:24;19:25:24;69924.0;1;7391.0;33:45:46;09:45:46;121546.0;2;59013.0;0.125;0.663;23.0;1.0;34.0;11.0;0.0
2323688_home;307179.1662999997;6402470.8100000005;2323688;17:36:32;17:36:32;63392.0;1;21:09:49;21:09:49;76189.0;1;12797.0;33:48:34;09:48:34;121714.0;2;58322.0;0.219;0.47;20.0;1.0;42.0;22.0;0.0
7298464_home;318083.9840000002;6398522.062000001;7298464;26:20:00;02:20:00;94800.0;2;28:37:39;04:37:39;103059.0;2;8259.0;33:49:17;09:49:17;121757.0;2;26957.0;0.306;0.613;21.0;1.0;34.0;13.0;0.0
2098908_home;324347.65380000044;6409811.0843;2098908;11:44:20;11:44:20;42260.0;1;14:57:04;14:57:04;53824.0;1;11564.0;33:51:50;09:51:50;121910.0;2;79650.0;0.145;0.424;14.0;1.0;34.0;20.0;0.0
public_1476187491;321710.3996000001;6400785.069;1895682;32:26:22;08:26:22;116782.0;2;33:54:14;09:54:14;122054.0;2;5272.0;33:55:15;09:55:15;122115.0;2;5333.0;0.989;0.465;16.0;1.0;34.0;18.0;0.0
2329574_home;320844.1629999997;6409471.2443;2329574;20:32:22;20:32:22;73942.0;1;24:22:24;00:22:24;87744.0;2;13802.0;33:55:27;09:55:27;122127.0;2;48185.0;0.286;0.601;36.0;1.0;60.0;24.0;0.0
public_1475967709;328655.4902999997;6402748.832900001;2015782;11:49:38;11:49:38;42578.0;1;13:55:04;13:55:04;50104.0;1;7526.0;33:57:36;09:57:36;122256.0;2;79678.0;0.094;0.491;29.0;1.0;60.0;31.0;0.0
1983393_home;321350.85720000044;6400523.200999999;1983393;10:51:40;10:51:40;39100.0;1;13:43:34;13:43:34;49414.0;1;10314.0;33:58:56;09:58:56;122336.0;2;83236.0;0.124;0.714;43.0;1.0;60.0;17.0;0.0
7370049_home;320591.74909999967;6404037.073799999;7370049;16:19:17;16:19:17;58757.0;1;19:31:14;19:31:14;70274.0;1;11517.0;34:05:38;10:05:38;122738.0;2;63981.0;0.18;0.63;33.0;1.0;52.0;19.0;0.0
1968589_home;328237.07349999994;6398036.405300001;1968589;25:30:00;01:30:00;91800.0;2;29:43:34;05:43:34;107014.0;2;15214.0;34:06:24;10:06:24;122784.0;2;30984.0;0.491;0.491;26.0;1.0;52.0;26.0;0.0
1866168_home;321053.58660000004;6409468.7268;1866168;24:40:00;00:40:00;88800.0;2;28:53:14;04:53:14;103994.0;2;15194.0;34:12:02;10:12:02;123122.0;2;34322.0;0.443;0.631;47.0;1.0;75.0;28.0;0.0
9420484_home;316659.4715;6390423.122099999;9420484;15:35:29;15:35:29;56129.0;1;19:24:29;19:24:29;69869.0;1;13740.0;34:17:31;10:17:31;123451.0;2;67322.0;0.204;0.546;28.0;1.0;52.0;24.0;0.0
public_1476165477;320306.7750000004;6400028.7322;4781190;33:58:05;09:58:05;122285.0;2;34:18:35;10:18:35;123515.0;2;1230.0;34:18:35;10:18:35;123515.0;2;1230.0;1.0;0.611;37.0;0.736;44.0;8.0;0.0
public_1476072704;319365.0099999998;6399863.1022;4785915;33:30:40;09:30:40;120640.0;2;34:09:09;10:09:09;122949.0;2;2309.0;34:27:42;10:27:42;124062.0;2;3422.0;0.675;0.953;40.0;1.0;42.0;2.0;0.0
7358855_home;320239.8976999996;6399686.457;7358855;28:05:00;04:05:00;101100.0;2;29:19:29;05:19:29;105569.0;2;4469.0;34:30:52;10:30:52;124252.0;2;23152.0;0.193;0.856;36.0;1.0;42.0;6.0;0.0
public_1476421083;319453.5351;6400858.7137;7525984;33:24:41;09:24:41;120281.0;2;34:31:17;10:31:17;124277.0;2;3996.0;34:31:17;10:31:17;124277.0;2;3996.0;1.0;0.231;14.0;0.638;38.0;24.0;0.0
9542950_home;323804.05319999997;6411163.5701;9542950;26:10:00;02:10:00;94200.0;2;29:26:39;05:26:39;105999.0;2;11799.0;34:31:41;10:31:41;124301.0;2;30101.0;0.392;0.516;22.0;1.0;42.0;20.0;0.0
9403888_work;316820.0664999997;6395721.466499999;9403888;33:29:15;09:29:15;120555.0;2;34:03:49;10:03:49;122629.0;2;2074.0;34:33:04;10:33:04;124384.0;2;3829.0;0.542;0.966;41.0;1.0;42.0;1.0;0.0
public_1476069191;319027.9762000004;6403038.7402;7415743;34:03:26;10:03:26;122606.0;2;34:36:37;10:36:37;124597.0;2;1991.0;34:36:37;10:36:37;124597.0;2;1991.0;1.0;0.488;29.0;0.691;41.0;12.0;0.0
public_1476367203;317475.3247999996;6401812.807399999;4743032;31:53:09;07:53:09;114789.0;2;32:25:44;08:25:44;116744.0;2;1955.0;34:41:08;10:41:08;124868.0;2;10079.0;0.194;0.972;41.0;1.0;42.0;1.0;0.0
9670429_work;319870.5259999996;6401041.612199999;9670429;32:56:41;08:56:41;118601.0;2;33:39:49;09:39:49;121189.0;2;2588.0;34:41:44;10:41:44;124904.0;2;6303.0;0.411;0.963;58.0;1.0;60.0;2.0;0.0
7286338_home;326002.2441999996;6400996.9465;7286338;16:30:29;16:30:29;59429.0;1;19:35:04;19:35:04;70504.0;1;11075.0;34:44:40;10:44:40;125080.0;2;65651.0;0.169;0.55;23.0;1.0;42.0;19.0;0.0
7458801_home;323412.45660000015;6404817.2793000005;7458801;21:36:28;21:36:28;77788.0;1;25:11:29;01:11:29;90689.0;2;12901.0;34:44:54;10:44:54;125094.0;2;47306.0;0.273;0.63;38.0;1.0;60.0;22.0;0.0
public_1476137267;328729.4315999998;6401953.777799999;7442665;32:50:14;08:50:14;118214.0;2;34:23:54;10:23:54;123834.0;2;5620.0;34:46:13;10:46:13;125173.0;2;6959.0;0.808;0.494;21.0;1.0;42.0;21.0;0.0
public_1476218260;323345.7089999998;6394566.0623;1967726;33:39:28;09:39:28;121168.0;2;34:26:09;10:26:09;123969.0;2;2801.0;34:46:57;10:46:57;125217.0;2;4049.0;0.692;0.904;38.0;1.0;42.0;4.0;0.0
4923754_home;305047.8191999998;6401839.6226;4923754;12:59:42;12:59:42;46782.0;1;16:13:54;16:13:54;58434.0;1;11652.0;34:48:04;10:48:04;125284.0;2;78502.0;0.148;0.419;14.0;1.0;34.0;20.0;0.0
public_1475954259;315561.4790000003;6398226.348099999;7359352;33:52:26;09:52:26;121946.0;2;34:40:49;10:40:49;124849.0;2;2903.0;34:49:51;10:49:51;125391.0;2;3445.0;0.843;0.889;30.0;1.0;34.0;4.0;0.0
public_1476153637;329538.66920000035;6403059.0262;1896799;34:11:05;10:11:05;123065.0;2;34:50:19;10:50:19;125419.0;2;2354.0;34:50:19;10:50:19;125419.0;2;2354.0;1.0;0.547;23.0;0.889;37.0;14.0;0.0
public_1476178133;320960.76659999974;6398034.9494;4644951;33:53:53;09:53:53;122033.0;2;34:54:16;10:54:16;125656.0;2;3623.0;34:54:16;10:54:16;125656.0;2;3623.0;1.0;0.528;40.0;0.823;62.0;22.0;0.0
public_1476200118;318391.83079999965;6393642.9618999995;1839970;31:41:56;07:41:56;114116.0;2;34:10:44;10:10:44;123044.0;2;8928.0;34:59:24;10:59:24;125964.0;2;11848.0;0.754;0.414;31.0;1.0;75.0;44.0;0.0
5914140_work;318699.6512000002;6397888.082800001;5914140;31:51:47;07:51:47;114707.0;2;32:48:14;08:48:14;118094.0;2;3387.0;34:59:37;10:59:37;125977.0;2;11270.0;0.301;0.858;29.0;1.0;34.0;5.0;0.0
9541379_home;315121.17250000034;6394266.221100001;9541379;33:49:32;09:49:32;121772.0;2;35:01:58;11:01:58;126118.0;2;4346.0;35:01:58;11:01:58;126118.0;2;4346.0;1.0;0.581;44.0;0.694;52.0;8.0;0.0
public_1476421452;322454.14740000013;6401312.4966;7413614;34:26:40;10:26:40;124000.0;2;35:02:26;11:02:26;126146.0;2;2146.0;35:02:26;11:02:26;126146.0;2;2146.0;1.0;0.555;33.0;0.773;46.0;13.0;0.0
public_1476273837;308864.66139999963;6393841.6162;9458789;33:24:48;09:24:48;120288.0;2;35:02:59;11:02:59;126179.0;2;5891.0;35:02:59;11:02:59;126179.0;2;5891.0;1.0;0.295;10.0;0.999;34.0;24.0;0.0
4680502_home;328173.13570000045;6395105.735300001;4680502;34:30:19;10:30:19;124219.0;2;35:04:07;11:04:07;126247.0;2;2028.0;35:04:07;11:04:07;126247.0;2;2028.0;1.0;0.616;32.0;0.692;36.0;4.0;0.0
2129836_work;322302.7390999999;6396735.0561999995;2129836;30:20:03;06:20:03;109203.0;2;31:01:54;07:01:54;111714.0;2;2511.0;35:06:20;11:06:20;126380.0;2;17177.0;0.146;0.966;50.0;1.0;52.0;2.0;0.0
5464740_home;323010.78949999996;6406918.259;5464740;16:32:04;16:32:04;59524.0;1;22:13:39;22:13:39;80019.0;1;20495.0;35:06:55;11:06:55;126415.0;2;66891.0;0.306;0.294;15.0;1.0;52.0;37.0;0.0
1922491_home;322613.4698000001;6400465.0023;1922491;17:27:00;17:27:00;62820.0;1;18:40:34;18:40:34;67234.0;1;4414.0;35:11:58;11:11:58;126718.0;2;63898.0;0.069;0.905;54.0;1.0;60.0;6.0;0.0
5933594_home;304251.7675999999;6400954.083000001;5933594;17:31:47;17:31:47;63107.0;1;18:56:54;18:56:54;68214.0;1;5107.0;35:15:28;11:15:28;126928.0;2;63821.0;0.08;0.826;35.0;1.0;42.0;7.0;0.0
7415743_home;323822.33910000045;6401542.724300001;7415743;34:44:21;10:44:21;125061.0;2;35:16:39;11:16:39;126999.0;2;1938.0;35:16:39;11:16:39;126999.0;2;1938.0;1.0;0.671;40.0;0.734;44.0;4.0;0.0
4923864_home;304522.91920000035;6400766.567399999;4923864;24:33:21;00:33:21;88401.0;2;26:43:24;02:43:24;96204.0;2;7803.0;35:18:47;11:18:47;127127.0;2;38726.0;0.201;0.823;62.0;1.0;75.0;13.0;0.0
public_1475956613;316984.48330000043;6395061.7819;4923754;35:07:21;11:07:21;126441.0;2;35:22:27;11:22:27;127347.0;2;906.0;35:22:27;11:22:27;127347.0;2;906.0;1.0;0.896;30.0;0.972;33.0;3.0;0.0
4700861_home;315911.6316999998;6403350.726600001;4700861;13:04:31;13:04:31;47071.0;1;16:06:39;16:06:39;57999.0;1;10928.0;35:22:32;11:22:32;127352.0;2;80281.0;0.136;0.742;56.0;1.0;75.0;19.0;0.0
1869969_home;315989.48419999983;6399634.9048999995;1869969;22:00:36;22:00:36;79236.0;1;24:58:04;00:58:04;89884.0;2;10648.0;35:25:40;11:25:40;127540.0;2;48304.0;0.22;0.57;24.0;1.0;42.0;18.0;0.0
9674519_home;317340.4495000001;6406487.554;9674519;17:00:11;17:00:11;61211.0;1;20:47:49;20:47:49;74869.0;1;13658.0;35:25:49;11:25:49;127549.0;2;66338.0;0.206;0.304;10.0;1.0;34.0;24.0;0.0
4703597_home;313593.0926999999;6394284.1149;4703597;26:45:00;02:45:00;96300.0;2;29:36:04;05:36:04;106564.0;2;10264.0;35:26:05;11:26:05;127565.0;2;31265.0;0.328;0.498;17.0;1.0;34.0;17.0;0.0
7419900_home;317045.8831000002;6404888.144099999;7419900;34:11:26;10:11:26;123086.0;2;35:27:15;11:27:15;127635.0;2;4549.0;35:27:15;11:27:15;127635.0;2;4549.0;1.0;0.713;30.0;0.924;39.0;9.0;0.0
public_1476129700;315136.35780000035;6403347.9793;9460311;34:49:22;10:49:22;125362.0;2;35:27:16;11:27:16;127636.0;2;2274.0;35:27:16;11:27:16;127636.0;2;2274.0;1.0;0.573;43.0;0.758;57.0;14.0;0.0
2323174_home;307248.3920999998;6402380.353599999;2323174;35:19:09;11:19:09;127149.0;2;35:31:08;11:31:08;127868.0;2;719.0;35:31:08;11:31:08;127868.0;2;719.0;1.0;0.572;43.0;0.591;44.0;1.0;0.0
2017337_home;329971.77359999996;6398967.0319;2017337;26:40:00;02:40:00;96000.0;2;29:32:44;05:32:44;106364.0;2;10364.0;35:31:41;11:31:41;127901.0;2;31901.0;0.325;0.493;17.0;1.0;34.0;17.0;0.0
7461163_home;320723.6867000004;6405055.3873;7461163;26:10:00;02:10:00;94200.0;2;28:23:09;04:23:09;102189.0;2;7989.0;35:34:01;11:34:01;128041.0;2;33841.0;0.236;0.629;21.0;1.0;34.0;13.0;0.0
public_1476008265;316858.7589999996;6397194.955700001;3262427;32:37:58;08:37:58;117478.0;2;33:35:19;09:35:19;120919.0;2;3441.0;35:45:49;11:45:49;128749.0;2;11271.0;0.305;0.811;34.0;1.0;42.0;8.0;0.0
1860690_home;322183.60199999996;6399501.3675999995;1860690;35:45:35;11:45:35;128735.0;2;35:47:25;11:47:25;128845.0;2;110.0;35:47:25;11:47:25;128845.0;2;110.0;1.0;0.732;55.0;0.735;55.0;0.0;0.0
public_1476203079;321534.5303999996;6394544.737;7326427;34:29:32;10:29:32;124172.0;2;35:48:58;11:48:58;128938.0;2;4766.0;35:48:58;11:48:58;128938.0;2;4766.0;1.0;0.574;24.0;0.999;42.0;18.0;0.0
public_1476300220;327756.2171;6403439.268200001;7518323;32:49:39;08:49:39;118179.0;2;35:08:39;11:08:39;126519.0;2;8340.0;35:50:59;11:50:59;129059.0;2;10880.0;0.767;0.462;35.0;1.0;75.0;40.0;0.0
7495572_home;324270.76180000044;6395263.6877;7495572;35:41:14;11:41:14;128474.0;2;35:51:35;11:51:35;129095.0;2;621.0;35:51:35;11:51:35;129095.0;2;621.0;1.0;0.862;36.0;0.891;37.0;1.0;0.0
public_1475967198;320568.9325000001;6398391.546499999;9407968;33:59:26;09:59:26;122366.0;2;35:44:39;11:44:39;128679.0;2;6313.0;35:54:09;11:54:09;129249.0;2;6883.0;0.917;0.572;30.0;1.0;52.0;22.0;0.0
2331122_home;320444.3711000001;6411240.955800001;2331122;34:23:32;10:23:32;123812.0;2;35:40:19;11:40:19;128419.0;2;4607.0;35:57:05;11:57:05;129425.0;2;5613.0;0.821;0.899;54.0;1.0;60.0;6.0;0.0
public_1476025321;313561.93879999965;6395976.5504;5933459;35:11:34;11:11:34;126694.0;2;35:57:34;11:57:34;129454.0;2;2760.0;35:57:34;11:57:34;129454.0;2;2760.0;1.0;0.638;48.0;0.863;65.0;17.0;0.0
public_1476355162;320332.9748999998;6404429.1285999995;4703597;35:44:09;11:44:09;128649.0;2;35:57:37;11:57:37;129457.0;2;808.0;35:57:37;11:57:37;129457.0;2;808.0;1.0;0.903;31.0;0.97;33.0;2.0;0.0
4660405_home;317117.0884999996;6393018.649900001;4660405;24:40:00;00:40:00;88800.0;2;29:24:04;05:24:04;105844.0;2;17044.0;35:58:32;11:58:32;129512.0;2;40712.0;0.419;0.496;30.0;1.0;60.0;30.0;0.0
1989025_home;316629.5700000003;6405039.8144000005;1989025;35:49:14;11:49:14;128954.0;2;35:59:38;11:59:38;129578.0;2;624.0;35:59:38;11:59:38;129578.0;2;624.0;1.0;0.463;24.0;0.486;25.0;1.0;0.0
4769145_work;314827.75349999964;6395116.7149;4769145;32:01:26;08:01:26;115286.0;2;34:50:09;10:50:09;125409.0;2;10123.0;35:59:59;11:59:59;129599.0;2;14313.0;0.707;0.524;27.0;1.0;52.0;25.0;0.0
public_1476108201;317989.1286000004;6398849.0778;1855744;13:34:22;13:34:22;48862.0;1;15:28:39;15:28:39;55719.0;1;6857.0;36:01:54;12:01:54;129714.0;2;80852.0;0.085;0.559;34.0;1.0;60.0;26.0;0.0
public_1476235678;321830.892;6393880.7425;4656277;32:55:58;08:55:58;118558.0;2;34:26:44;10:26:44;124004.0;2;5446.0;36:02:24;12:02:24;129744.0;2;11186.0;0.487;0.433;15.0;1.0;34.0;19.0;0.0
public_1476265451;316483.0460999999;6395069.236199999;7508758;32:47:37;08:47:37;118057.0;2;33:51:44;09:51:44;121904.0;2;3847.0;36:09:33;12:09:33;130173.0;2;12116.0;0.318;0.721;25.0;1.0;34.0;9.0;0.0
public_1476127570;318225.9935999997;6399292.052100001;9512435;34:07:30;10:07:30;122850.0;2;34:54:29;10:54:29;125669.0;2;2819.0;36:14:21;12:14:21;130461.0;2;7611.0;0.37;0.902;38.0;1.0;42.0;4.0;0.0
7353753_home;318594.1213999996;6399190.265000001;7353753;24:30:00;00:30:00;88200.0;2;29:28:29;05:28:29;106109.0;2;17909.0;36:18:24;12:18:24;130704.0;2;42504.0;0.421;0.561;42.0;1.0;75.0;33.0;0.0
2067447_home;320676.8701999998;6397834.6316;2067447;20:23:17;20:23:17;73397.0;1;24:56:49;00:56:49;89809.0;2;16412.0;36:22:23;12:22:23;130943.0;2;57546.0;0.285;0.516;31.0;1.0;60.0;29.0;0.0
7359352_home;320385.3054999998;6399032.320900001;7359352;34:57:08;10:57:08;125828.0;2;35:31:24;11:31:24;127884.0;2;2056.0;36:26:44;12:26:44;131204.0;2;5376.0;0.382;0.967;33.0;1.0;34.0;1.0;0.0
4924686_home;320713.6864;6409908.0079;4924686;13:37:14;13:37:14;49034.0;1;17:08:49;17:08:49;61729.0;1;12695.0;36:30:25;12:30:25;131425.0;2;82391.0;0.154;0.475;20.0;1.0;42.0;22.0;0.0
9563502_home;323582.5217000004;6405490.327500001;9563502;18:44:04;18:44:04;67444.0;1;21:01:14;21:01:14;75674.0;1;8230.0;36:34:28;12:34:28;131668.0;2;64224.0;0.128;0.681;29.0;1.0;42.0;13.0;0.0
1937617_home;314846.68379999977;6391569.770400001;1937617;35:55:18;11:55:18;129318.0;2;36:38:33;12:38:33;131913.0;2;2595.0;36:38:33;12:38:33;131913.0;2;2595.0;1.0;0.86;45.0;0.957;50.0;5.0;0.0
public_1476345848;322376.5630999999;6400563.159399999;9545323;35:53:58;11:53:58;129238.0;2;36:40:17;12:40:17;132017.0;2;2779.0;36:40:17;12:40:17;132017.0;2;2779.0;1.0;0.901;31.0;1.0;34.0;3.0;0.0
public_1475967198;320568.9325000001;6398391.546499999;5411667;34:48:21;10:48:21;125301.0;2;36:42:14;12:42:14;132134.0;2;6833.0;36:42:26;12:42:26;132146.0;2;6845.0;0.998;0.51;27.0;1.0;52.0;25.0;0.0
7486555_home;323371.0820000004;6401782.122300001;7486555;35:04:47;11:04:47;126287.0;2;36:43:54;12:43:54;132234.0;2;5947.0;36:43:54;12:43:54;132234.0;2;5947.0;1.0;0.653;27.0;0.928;39.0;12.0;0.0
1996902_home;317554.43620000035;6392132.7509;1996902;35:27:24;11:27:24;127644.0;2;36:26:49;12:26:49;131209.0;2;3565.0;36:46:11;12:46:11;132371.0;2;4727.0;0.754;0.897;38.0;1.0;42.0;4.0;0.0
public_1476224224;321379.73319999967;6396355.6888999995;2207532;36:44:56;12:44:56;132296.0;2;36:49:49;12:49:49;132589.0;2;293.0;36:49:49;12:49:49;132589.0;2;293.0;1.0;0.469;16.0;0.521;18.0;2.0;0.0
public_1476115366;321323.40270000044;6397432.778100001;8253805;14:54:25;14:54:25;53665.0;1;16:06:44;16:06:44;58004.0;1;4339.0;36:50:20;12:50:20;132620.0;2;78955.0;0.055;0.633;22.0;1.0;34.0;12.0;0.0
9431588_home;325670.26719999965;6401949.025599999;9431588;25:06:55;01:06:55;90415.0;2;27:59:59;03:59:59;100799.0;2;10384.0;36:52:53;12:52:53;132773.0;2;42358.0;0.245;0.492;17.0;1.0;34.0;17.0;0.0
4765107_home;325828.5499999998;6405235.989600001;4765107;16:34:22;16:34:22;59662.0;1;20:08:14;20:08:14;72494.0;1;12832.0;36:58:12;12:58:12;133092.0;2;73430.0;0.175;0.468;20.0;1.0;42.0;22.0;0.0
7358660_home;318772.68200000003;6399748.147600001;7358660;27:20:00;03:20:00;98400.0;2;28:47:09;04:47:09;103629.0;2;5229.0;36:58:18;12:58:18;133098.0;2;34698.0;0.151;0.821;34.0;1.0;42.0;8.0;0.0
1981224_home;320282.4653000003;6397524.552999999;1981224;35:41:31;11:41:31;128491.0;2;37:02:20;13:02:20;133340.0;2;4849.0;37:02:20;13:02:20;133340.0;2;4849.0;1.0;0.351;15.0;0.576;24.0;9.0;0.0
public_1476424204;318784.03220000025;6398588.606000001;1873713;36:19:46;12:19:46;130786.0;2;37:05:16;13:05:16;133516.0;2;2730.0;37:05:16;13:05:16;133516.0;2;2730.0;1.0;0.246;15.0;0.524;31.0;17.0;0.0
public_1476029197;305961.2951999996;6400363.7905;1941915;14:03:16;14:03:16;50596.0;1;15:16:09;15:16:09;54969.0;1;4373.0;37:06:02;13:06:02;133562.0;2;82966.0;0.053;0.627;21.0;1.0;34.0;13.0;0.0
5589449_home;308092.21970000025;6400999.085899999;5589449;18:11:58;18:11:58;65518.0;1;22:30:29;22:30:29;81029.0;1;15511.0;37:06:13;13:06:13;133573.0;2;68055.0;0.228;0.344;14.0;1.0;42.0;28.0;0.0
public_1476094993;319738.0734000001;6399436.431700001;9456468;33:16:51;09:16:51;119811.0;2;34:43:24;10:43:24;125004.0;2;5193.0;37:06:27;13:06:27;133587.0;2;13776.0;0.377;0.479;16.0;1.0;34.0;18.0;0.0
1943639_home;311122.67229999974;6405847.920499999;1943639;35:43:46;11:43:46;128626.0;2;37:09:01;13:09:01;133741.0;2;5115.0;37:09:01;13:09:01;133741.0;2;5115.0;1.0;0.314;11.0;0.607;21.0;10.0;0.0
public_1476096263;323314.0538999997;6401972.4893;1922491;35:14:29;11:14:29;126869.0;2;35:33:34;11:33:34;128014.0;2;1145.0;37:11:47;13:11:47;133907.0;2;7038.0;0.163;0.994;60.0;1.0;60.0;0.0;0.0
public_1476279943;315219.34360000025;6392604.5737;9556173;35:45:19;11:45:19;128719.0;2;37:12:24;13:12:24;133944.0;2;5225.0;37:12:24;13:12:24;133944.0;2;5225.0;1.0;0.54;23.0;1.0;42.0;19.0;0.0
public_1476046462;315927.9773000004;6401422.25;7508758;36:20:19;12:20:19;130819.0;2;36:59:39;12:59:39;133179.0;2;2360.0;37:12:33;13:12:33;133953.0;2;3134.0;0.753;0.949;32.0;1.0;34.0;2.0;0.0
public_1476313852;316616.84300000034;6398594.777000001;1877251;33:04:18;09:04:18;119058.0;2;33:44:59;09:44:59;121499.0;2;2441.0;37:14:29;13:14:29;134069.0;2;15011.0;0.163;0.943;32.0;1.0;34.0;2.0;0.0
1942999_home;307812.6655000001;6402682.075999999;1942999;14:33:31;14:33:31;52411.0;1;17:43:44;17:43:44;63824.0;1;11413.0;37:15:17;13:15:17;134117.0;2;81706.0;0.14;0.534;22.0;1.0;42.0;20.0;0.0
public_1476322695;321855.84339999966;6395459.395;4709255;36:51:53;12:51:53;132713.0;2;37:16:51;13:16:51;134211.0;2;1498.0;37:16:51;13:16:51;134211.0;2;1498.0;1.0;0.623;37.0;0.776;47.0;9.0;0.0
9542392_home;315910.61539999954;6390983.782;9542392;35:45:36;11:45:36;128736.0;2;36:45:44;12:45:44;132344.0;2;3608.0;37:17:56;13:17:56;134276.0;2;5540.0;0.651;0.879;30.0;1.0;34.0;4.0;0.0
7414392_home;321474.0954999998;6400433.963500001;7414392;25:11:27;01:11:27;90687.0;2;30:05:54;06:05:54;108354.0;2;17667.0;37:19:57;13:19:57;134397.0;2;43710.0;0.404;0.567;43.0;1.0;75.0;32.0;0.0
7325836_home;320910.7960000001;6394717.090399999;7325836;34:44:01;10:44:01;125041.0;2;37:20:15;13:20:15;134415.0;2;9374.0;37:20:15;13:20:15;134415.0;2;9374.0;1.0;0.535;28.0;0.885;46.0;18.0;0.0
2313613_home;307220.9364;6391085.6295;2313613;15:55:57;15:55:57;57357.0;1;20:41:34;20:41:34;74494.0;1;17137.0;37:25:02;13:25:02;134702.0;2;77345.0;0.222;0.493;30.0;1.0;60.0;30.0;0.0
public_1476128733;327381.8986999998;6395239.193299999;4923723;35:46:38;11:46:38;128798.0;2;36:58:54;12:58:54;133134.0;2;4336.0;37:27:26;13:27:26;134846.0;2;6048.0;0.717;0.633;22.0;1.0;34.0;12.0;0.0
2125107_home;331711.7012;6391773.2223000005;2125107;36:37:39;12:37:39;131859.0;2;37:29:38;13:29:38;134978.0;2;3119.0;37:29:38;13:29:38;134978.0;2;3119.0;1.0;0.431;32.0;0.512;38.0;6.0;0.0
4575466_home;329144.2980000004;6393966.4366;4575466;17:51:00;17:51:00;64260.0;1;20:51:34;20:51:34;75094.0;1;10834.0;37:31:06;13:31:06;135066.0;2;70806.0;0.153;0.561;24.0;1.0;42.0;18.0;0.0
5933673_home;309216.96630000044;6404497.919399999;5933673;25:25:00;01:25:00;91500.0;2;28:10:19;04:10:19;101419.0;2;9919.0;37:36:29;13:36:29;135389.0;2;43889.0;0.226;0.603;25.0;1.0;42.0;17.0;0.0
public_1476346089;321078.09389999975;6406623.764900001;4769859;37:00:22;13:00:22;133222.0;2;37:37:02;13:37:02;135422.0;2;2200.0;37:37:02;13:37:02;135422.0;2;2200.0;1.0;0.886;46.0;0.991;52.0;5.0;0.0
7619940_home;316318.6638000002;6403878.813100001;7619940;14:41:33;14:41:33;52893.0;1;19:06:34;19:06:34;68794.0;1;15901.0;37:39:18;13:39:18;135558.0;2;82665.0;0.192;0.533;32.0;1.0;60.0;28.0;0.0
9409993_home;325055.5535000004;6403640.1895;9409993;35:49:06;11:49:06;128946.0;2;37:41:12;13:41:12;135672.0;2;6726.0;37:41:12;13:41:12;135672.0;2;6726.0;1.0;0.56;19.0;0.945;32.0;13.0;0.0
2032960_home;315745.83970000036;6402794.945800001;2032960;14:38:10;14:38:10;52690.0;1;17:07:24;17:07:24;61644.0;1;8954.0;37:43:30;13:43:30;135810.0;2;83120.0;0.108;0.648;27.0;1.0;42.0;15.0;0.0
public_1476136828;320705.9709999999;6392611.3399;1916724;30:54:29;06:54:29;111269.0;2;31:40:29;07:40:29;114029.0;2;2760.0;37:46:33;13:46:33;135993.0;2;24724.0;0.112;0.956;50.0;1.0;52.0;2.0;0.0
public_1476132271;323629.3710000003;6410272.4969999995;9554247;36:37:56;12:37:56;131876.0;2;37:23:29;13:23:29;134609.0;2;2733.0;37:49:17;13:49:17;136157.0;2;4281.0;0.638;0.913;31.0;1.0;34.0;3.0;0.0
public_1476103257;328237.3701999998;6394044.647500001;2125107;37:37:07;13:37:07;135427.0;2;37:49:36;13:49:36;136176.0;2;749.0;37:49:36;13:49:36;136176.0;2;749.0;1.0;0.495;37.0;0.556;42.0;5.0;0.0
1941613_home;305892.9891999997;6400340.3089000005;1941613;37:07:57;13:07:57;133677.0;2;37:53:31;13:53:31;136411.0;2;2734.0;37:53:31;13:53:31;136411.0;2;2734.0;1.0;0.93;48.0;0.997;52.0;3.0;0.0
9414251_home;315261.97449999955;6399955.591;9414251;18:50:45;18:50:45;67845.0;1;22:19:19;22:19:19;80359.0;1;12514.0;37:55:53;13:55:53;136553.0;2;68708.0;0.182;0.483;20.0;1.0;42.0;22.0;0.0
3127907_home;314610.2796;6402112.749500001;3127907;37:02:39;13:02:39;133359.0;2;37:56:20;13:56:20;136580.0;2;3221.0;37:56:20;13:56:20;136580.0;2;3221.0;1.0;0.892;46.0;0.993;52.0;5.0;0.0
2207532_home;320557.2982999999;6395328.108899999;2207532;36:53:06;12:53:06;132786.0;2;37:56:22;13:56:22;136582.0;2;3796.0;37:56:22;13:56:22;136582.0;2;3796.0;1.0;0.507;17.0;0.724;25.0;7.0;0.0
public_1476108201;317989.1286000004;6398849.0778;7525839;35:35:15;11:35:15;128115.0;2;37:06:04;13:06:04;133564.0;2;5449.0;37:57:00;13:57:00;136620.0;2;8505.0;0.641;0.434;15.0;1.0;34.0;19.0;0.0
public_1476155615;328598.68039999995;6394930.6306;7358660;37:57:21;13:57:21;136641.0;2;38:01:34;14:01:34;136894.0;2;253.0;38:01:34;14:01:34;136894.0;2;253.0;1.0;0.892;37.0;0.924;39.0;1.0;0.0
public_1476014117;321627.6791000003;6401407.725400001;2017219;32:10:41;08:10:41;115841.0;2;32:10:44;08:10:44;115844.0;2;3.0;38:02:05;14:02:05;136925.0;2;21084.0;0.0;1.0;42.0;1.0;42.0;0.0;326.606
4781029_home;318277.86280000024;6399388.548900001;4781029;35:15:02;11:15:02;126902.0;2;38:01:19;14:01:19;136879.0;2;9977.0;38:02:25;14:02:25;136945.0;2;10043.0;0.993;0.6;25.0;1.0;42.0;17.0;0.0
1968155_work;326860.3532999996;6395579.339400001;1968155;32:40:10;08:40:10;117610.0;2;34:14:29;10:14:29;123269.0;2;5659.0;38:04:06;14:04:06;137046.0;2;19436.0;0.291;0.654;22.0;1.0;34.0;12.0;0.0
2327190_work;310590.63329999987;6400646.991699999;2327190;33:42:31;09:42:31;121351.0;2;34:25:39;10:25:39;123939.0;2;2588.0;38:06:45;14:06:45;137205.0;2;15854.0;0.163;0.93;32.0;1.0;34.0;2.0;0.0
1993118_home;314882.09609999973;6397305.072000001;1993118;36:47:34;12:47:34;132454.0;2;38:07:33;14:07:33;137253.0;2;4799.0;38:07:33;14:07:33;137253.0;2;4799.0;1.0;0.53;32.0;0.686;41.0;9.0;0.0
5879289_home;320974.0508000003;6409157.9091;5879289;28:40:00;04:40:00;103200.0;2;29:48:29;05:48:29;107309.0;2;4109.0;38:09:00;14:09:00;137340.0;2;34140.0;0.12;0.85;29.0;1.0;34.0;5.0;0.0
public_1476298289;319003.1489000004;6400265.2392;1942999;37:32:55;13:32:55;135175.0;2;38:15:56;14:15:56;137756.0;2;2581.0;38:15:56;14:15:56;137756.0;2;2581.0;1.0;0.911;38.0;0.999;42.0;4.0;0.0
public_1475997659;320853.3044999996;6399715.852;4575466;37:43:48;13:43:48;135828.0;2;38:17:23;14:17:23;137843.0;2;2015.0;38:17:23;14:17:23;137843.0;2;2015.0;1.0;0.928;39.0;0.997;42.0;3.0;0.0
public_1476421452;322454.14740000013;6401312.4966;7413614;37:40:32;13:40:32;135632.0;2;38:17:33;14:17:33;137853.0;2;2221.0;38:17:33;14:17:33;137853.0;2;2221.0;1.0;0.773;46.0;0.965;58.0;12.0;0.0
public_1476304420;318816.81149999984;6399642.367000001;4577001;30:47:23;06:47:23;110843.0;2;31:27:09;07:27:09;113229.0;2;2386.0;38:19:29;14:19:29;137969.0;2;27126.0;0.088;0.947;40.0;1.0;42.0;2.0;0.0
public_1476127968;327534.4642000003;6394689.7399;1968155;38:07:17;14:07:17;137237.0;2;38:26:34;14:26:34;138394.0;2;1157.0;38:26:34;14:26:34;138394.0;2;1157.0;1.0;0.984;33.0;0.998;34.0;0.0;0.0
public_1476204089;312496.6704000002;6408352.203299999;1942554;32:37:54;08:37:54;117474.0;2;33:17:09;09:17:09;119829.0;2;2355.0;38:33:43;14:33:43;138823.0;2;21349.0;0.11;0.949;40.0;1.0;42.0;2.0;0.0
7286338_home;326002.2441999996;6400996.9465;7286338;38:22:18;14:22:18;138138.0;2;38:35:18;14:35:18;138918.0;2;780.0;38:35:18;14:35:18;138918.0;2;780.0;1.0;0.886;37.0;0.923;39.0;2.0;0.0
9452178_work;324282.7597000003;6403427.349099999;9452178;31:31:08;07:31:08;113468.0;2;32:35:19;08:35:19;117319.0;2;3851.0;38:36:52;14:36:52;139012.0;2;25544.0;0.151;0.892;46.0;1.0;52.0;6.0;0.0
public_1476008265;316858.7589999996;6397194.955700001;4623097;30:14:45;06:14:45;108885.0;2;31:00:19;07:00:19;111619.0;2;2734.0;38:40:06;14:40:06;139206.0;2;30321.0;0.09;0.913;31.0;1.0;34.0;3.0;0.0
9539278_home;319934.9610000001;6403425.364800001;9539278;27:55:00;03:55:00;100500.0;2;30:05:34;06:05:34;108334.0;2;7834.0;38:42:35;14:42:35;139355.0;2;38855.0;0.202;0.637;22.0;1.0;34.0;12.0;0.0
public_1476204089;312496.6704000002;6408352.203299999;2327190;38:21:11;14:21:11;138071.0;2;38:46:34;14:46:34;139594.0;2;1523.0;38:46:34;14:46:34;139594.0;2;1523.0;1.0;0.929;32.0;0.993;34.0;2.0;0.0
public_1476303550;324720.95999999996;6409309.9145;5464740;38:13:17;14:13:17;137597.0;2;38:51:08;14:51:08;139868.0;2;2271.0;38:51:08;14:51:08;139868.0;2;2271.0;1.0;0.734;38.0;0.96;50.0;12.0;0.0
public_1476043036;329112.0906999996;6393583.8453;2059253;16:01:45;16:01:45;57705.0;1;17:47:29;17:47:29;64049.0;1;6344.0;38:55:10;14:55:10;140110.0;2;82405.0;0.077;0.568;30.0;1.0;52.0;22.0;0.0
public_1475989714;320197.0164999999;6405049.835999999;5589449;37:23:05;13:23:05;134585.0;2;38:09:44;14:09:44;137384.0;2;2799.0;38:56:39;14:56:39;140199.0;2;5614.0;0.499;0.904;38.0;1.0;42.0;4.0;0.0
9491183_home;314538.44299999997;6394346.082599999;9491183;37:14:21;13:14:21;134061.0;2;39:01:09;15:01:09;140469.0;2;6408.0;39:01:09;15:01:09;140469.0;2;6408.0;1.0;0.54;23.0;0.836;35.0;12.0;0.0
public_1476421083;319453.5351;6400858.7137;10004086;36:22:02;12:22:02;130922.0;2;37:27:14;13:27:14;134834.0;2;3912.0;39:01:18;15:01:18;140478.0;2;9556.0;0.409;0.743;31.0;1.0;42.0;11.0;0.0
2015215_home;328895.4770999998;6394841.232799999;2015215;37:57:31;13:57:31;136651.0;2;39:03:33;15:03:33;140613.0;2;3962.0;39:03:33;15:03:33;140613.0;2;3962.0;1.0;0.645;48.0;0.748;56.0;8.0;0.0
public_1476328953;328965.8503999999;6394062.455600001;4680502;38:57:21;14:57:21;140241.0;2;39:03:52;15:03:52;140632.0;2;391.0;39:03:52;15:03:52;140632.0;2;391.0;1.0;0.424;22.0;0.47;24.0;2.0;0.0
public_1476320783;317490.9028000003;6398776.622199999;2071723;38:48:31;14:48:31;139711.0;2;39:04:58;15:04:58;140698.0;2;987.0;39:04:58;15:04:58;140698.0;2;987.0;1.0;0.921;55.0;0.973;58.0;3.0;0.0
5464371_home;324114.14690000005;6408070.1841;5464371;37:53:34;13:53:34;136414.0;2;39:07:25;15:07:25;140845.0;2;4431.0;39:07:25;15:07:25;140845.0;2;4431.0;1.0;0.595;36.0;0.739;44.0;9.0;0.0
public_1476044137;312573.27190000005;6394153.5075;1873713;38:33:00;14:33:00;138780.0;2;39:18:22;15:18:22;141502.0;2;2722.0;39:18:22;15:18:22;141502.0;2;2722.0;1.0;0.487;29.0;0.764;46.0;17.0;0.0
4586987_work;316333.25;6396379.9375;4586987;31:57:58;07:57:58;115078.0;2;34:42:44;10:42:44;124964.0;2;9886.0;39:25:12;15:25:12;141912.0;2;26834.0;0.368;0.538;28.0;1.0;52.0;24.0;0.0
1966722_work;312618.284;6403021.7851;1966722;31:33:49;07:33:49;113629.0;2;32:25:29;08:25:29;116729.0;2;3100.0;39:29:16;15:29:16;142156.0;2;28527.0;0.109;0.938;56.0;1.0;60.0;4.0;0.0
2330931_work;321167.5527999997;6404756.128699999;2330931;30:23:02;06:23:02;109382.0;2;32:45:44;08:45:44;117944.0;2;8562.0;39:29:39;15:29:39;142179.0;2;32797.0;0.261;0.393;13.0;1.0;34.0;21.0;0.0
public_1476298289;319003.1489000004;6400265.2392;7320517;38:36:34;14:36:34;138994.0;2;39:30:46;15:30:46;142246.0;2;3252.0;39:30:46;15:30:46;142246.0;2;3252.0;1.0;0.804;27.0;1.0;34.0;7.0;0.0
1968103_home;326779.6174999997;6397245.079700001;1968103;38:49:39;14:49:39;139779.0;2;39:32:52;15:32:52;142372.0;2;2593.0;39:32:52;15:32:52;142372.0;2;2593.0;1.0;0.636;33.0;0.733;38.0;5.0;0.0
public_1476011485;315390.7784000002;6401826.260199999;1981224;38:30:29;14:30:29;138629.0;2;39:33:16;15:33:16;142396.0;2;3767.0;39:33:16;15:33:16;142396.0;2;3767.0;1.0;0.516;22.0;0.981;41.0;20.0;0.0
public_1475958124;320472.8499999996;6397799.482000001;4657456;38:25:05;14:25:05;138305.0;2;39:03:59;15:03:59;140639.0;2;2334.0;39:38:06;15:38:06;142686.0;2;4381.0;0.533;0.951;40.0;1.0;42.0;2.0;0.0
2077613_work;318013.9057;6392029.283;2077613;31:22:41;07:22:41;112961.0;2;33:39:29;09:39:29;121169.0;2;8208.0;39:39:01;15:39:01;142741.0;2;29780.0;0.276;0.524;22.0;1.0;42.0;20.0;0.0
public_1476443864;314654.2105999999;6397797.559800001;2029210;31:51:55;07:51:55;114715.0;2;33:43:34;09:43:34;121414.0;2;6699.0;39:48:46;15:48:46;143326.0;2;28611.0;0.234;0.526;27.0;1.0;52.0;25.0;0.0
public_1475997659;320853.3044999996;6399715.852;4607273;36:49:22;12:49:22;132562.0;2;38:11:34;14:11:34;137494.0;2;4932.0;39:49:49;15:49:49;143389.0;2;10827.0;0.456;0.526;18.0;1.0;34.0;16.0;0.0
2321695_work;317975.8532999996;6392658.9681;2321695;32:04:49;08:04:49;115489.0;2;34:23:34;10:23:34;123814.0;2;8325.0;39:52:35;15:52:35;143555.0;2;28066.0;0.297;0.629;33.0;1.0;52.0;19.0;0.0
5893753_home;327642.3808000004;6402900.701400001;5893753;38:52:20;14:52:20;139940.0;2;39:53:13;15:53:13;143593.0;2;3653.0;39:53:13;15:53:13;143593.0;2;3653.0;1.0;0.667;50.0;0.762;57.0;7.0;0.0
4638279_work;317910.9294999996;6399263.0791;4638279;31:28:16;07:28:16;113296.0;2;32:13:59;08:13:59;116039.0;2;2743.0;39:53:32;15:53:32;143612.0;2;30316.0;0.09;0.921;39.0;1.0;42.0;3.0;0.0
7358855_home;320239.8976999996;6399686.457;7358855;38:51:29;14:51:29;139889.0;2;39:55:29;15:55:29;143729.0;2;3840.0;39:55:52;15:55:52;143752.0;2;3863.0;0.994;0.885;37.0;1.0;42.0;5.0;0.0
5589449_home;308092.21970000025;6400999.085899999;5589449;39:13:49;15:13:49;141229.0;2;40:03:50;16:03:50;144230.0;2;3001.0;40:03:50;16:03:50;144230.0;2;3001.0;1.0;0.902;38.0;0.998;42.0;4.0;0.0
5411211_home;324758.08579999954;6405365.0977;5411211;17:17:11;17:17:11;62231.0;1;20:04:19;20:04:19;72259.0;1;10028.0;40:04:14;16:04:14;144254.0;2;82023.0;0.122;0.512;17.0;1.0;34.0;17.0;0.0
1838887_work;317791.0996000003;6400025.4091;1838887;31:16:01;07:16:01;112561.0;2;33:58:09;09:58:09;122289.0;2;9728.0;40:06:33;16:06:33;144393.0;2;31832.0;0.306;0.413;17.0;1.0;42.0;25.0;0.0
2040830_work;321910.02940000035;6395402.776799999;2040830;31:15:42;07:15:42;112542.0;2;31:59:34;07:59:34;115174.0;2;2632.0;40:07:05;16:07:05;144425.0;2;31883.0;0.083;0.929;39.0;1.0;42.0;3.0;0.0
public_1475992444;314824.6895000003;6402583.526799999;7358660;40:00:53;16:00:53;144053.0;2;40:09:05;16:09:05;144545.0;2;492.0;40:09:05;16:09:05;144545.0;2;492.0;1.0;0.779;33.0;0.851;36.0;3.0;0.0
public_1476242676;317178.8826000001;6399359.473099999;7370049;37:15:34;13:15:34;134134.0;2;38:03:09;14:03:09;136989.0;2;2855.0;40:10:26;16:10:26;144626.0;2;10492.0;0.272;0.951;49.0;1.0;52.0;3.0;0.0
public_1476051721;326286.09049999993;6404635.502;1967726;39:46:01;15:46:01;143161.0;2;40:12:56;16:12:56;144776.0;2;1615.0;40:12:56;16:12:56;144776.0;2;1615.0;1.0;0.523;22.0;0.758;32.0;10.0;0.0
2335003_home;316589.86089999974;6405562.8543;2335003;39:47:14;15:47:14;143234.0;2;40:14:41;16:14:41;144881.0;2;1647.0;40:14:41;16:14:41;144881.0;2;1647.0;1.0;0.809;42.0;0.871;45.0;3.0;0.0
public_1476414886;322834.4625000004;6399995.1559999995;2059158;36:51:53;12:51:53;132713.0;2;38:05:29;14:05:29;137129.0;2;4416.0;40:19:32;16:19:32;145172.0;2;12459.0;0.354;0.794;41.0;1.0;52.0;11.0;0.0
4785109_work;317002.12090000045;6404672.1592;4785109;31:27:53;07:27:53;113273.0;2;32:14:44;08:14:44;116084.0;2;2811.0;40:21:12;16:21:12;145272.0;2;31999.0;0.088;0.953;57.0;1.0;60.0;3.0;0.0
4610082_home;316946.9177000001;6390610.2643;4610082;20:31:23;20:31:23;73883.0;1;21:24:24;21:24:24;77064.0;1;3181.0;40:25:41;16:25:41;145541.0;2;71658.0;0.044;0.903;31.0;1.0;34.0;3.0;0.0
2068881_work;320460.00490000006;6405203.4964000005;2068881;31:40:46;07:40:46;114046.0;2;32:20:14;08:20:14;116414.0;2;2368.0;40:29:06;16:29:06;145746.0;2;31700.0;0.075;0.949;40.0;1.0;42.0;2.0;0.0
2073998_work;311150.17810000014;6401044.5414;2073998;31:58:07;07:58:07;115087.0;2;32:41:34;08:41:34;117694.0;2;2607.0;40:30:56;16:30:56;145856.0;2;30769.0;0.085;0.928;32.0;1.0;34.0;2.0;0.0
3040376_work;321229.2577999998;6394824.93;3040376;30:57:23;06:57:23;111443.0;2;31:40:19;07:40:19;114019.0;2;2576.0;40:31:12;16:31:12;145872.0;2;34429.0;0.075;0.947;71.0;1.0;75.0;4.0;0.0
public_1476104029;316423.3071999997;6396608.2852;7491719;28:00:00;04:00:00;100800.0;2;29:22:19;05:22:19;105739.0;2;4939.0;40:34:03;16:34:03;146043.0;2;45243.0;0.109;0.594;25.0;1.0;42.0;17.0;0.0
2076082_home;314456.5769999996;6394118.773;2076082;40:26:24;16:26:24;145584.0;2;40:34:58;16:34:58;146098.0;2;514.0;40:34:58;16:34:58;146098.0;2;514.0;1.0;0.763;46.0;0.78;47.0;1.0;0.0
public_1476134020;319865.0999999996;6400330.5699000005;9541379;37:57:33;13:57:33;136653.0;2;39:36:09;15:36:09;142569.0;2;5916.0;40:37:05;16:37:05;146225.0;2;9572.0;0.618;0.659;49.0;1.0;75.0;26.0;0.0
public_1476177973;329737.65699999966;6398541.218;1923602;37:39:40;13:39:40;135580.0;2;38:49:34;14:49:34;139774.0;2;4194.0;40:38:02;16:38:02;146282.0;2;10702.0;0.392;0.821;43.0;1.0;52.0;9.0;0.0
10006014_work;321972.1693000002;6403845.829;10006014;31:53:23;07:53:23;114803.0;2;35:22:04;11:22:04;127324.0;2;12521.0;40:39:18;16:39:18;146358.0;2;31555.0;0.397;0.21;9.0;1.0;42.0;33.0;0.0
public_1476369035;319248.1955000004;6406051.2818;3127907;38:07:38;14:07:38;137258.0;2;38:52:04;14:52:04;139924.0;2;2666.0;40:42:33;16:42:33;146553.0;2;9295.0;0.287;0.96;50.0;1.0;52.0;2.0;0.0
public_1476281439;304697.7496999996;6401916.253699999;4660405;36:20:56;12:20:56;130856.0;2;37:12:39;13:12:39;133959.0;2;3103.0;40:44:40;16:44:40;146680.0;2;15824.0;0.196;0.935;56.0;1.0;60.0;4.0;0.0
4610795_work;319423.15359999985;6400390.196;4610795;31:50:53;07:50:53;114653.0;2;33:58:09;09:58:09;122289.0;2;7636.0;40:46:32;16:46:32;146792.0;2;32139.0;0.238;0.476;16.0;1.0;34.0;18.0;0.0
4702543_work;313168.60589999985;6403576.838500001;4702543;31:44:03;07:44:03;114243.0;2;32:48:59;08:48:59;118139.0;2;3896.0;40:46:44;16:46:44;146804.0;2;32561.0;0.12;0.812;28.0;1.0;34.0;6.0;0.0
4575466_home;329144.2980000004;6393966.4366;4575466;39:16:46;15:16:46;141406.0;2;40:13:44;16:13:44;144824.0;2;3418.0;40:48:04;16:48:04;146884.0;2;5478.0;0.624;0.904;38.0;1.0;42.0;4.0;0.0
public_1475958761;316521.9101;6399959.2237;7467082;40:22:16;16:22:16;145336.0;2;40:48:21;16:48:21;146901.0;2;1565.0;40:48:21;16:48:21;146901.0;2;1565.0;1.0;0.601;25.0;0.829;35.0;10.0;0.0
9490619_home;314207.43989999965;6397448.4559;9490619;38:40:16;14:40:16;139216.0;2;40:50:16;16:50:16;147016.0;2;7800.0;40:50:16;16:50:16;147016.0;2;7800.0;1.0;0.601;31.0;0.892;46.0;15.0;0.0
public_1476361959;312768.0022999998;6395155.409399999;1932498;39:28:52;15:28:52;142132.0;2;40:57:52;16:57:52;147472.0;2;5340.0;40:57:52;16:57:52;147472.0;2;5340.0;1.0;0.366;12.0;0.998;34.0;21.0;0.0
public_1476229729;324390.2446999997;6404229.569;4657456;39:50:21;15:50:21;143421.0;2;40:30:39;16:30:39;145839.0;2;2418.0;40:59:21;16:59:21;147561.0;2;4140.0;0.584;0.945;40.0;1.0;42.0;2.0;0.0
public_1476341106;308091.9696000004;6404985.7029;7297455;39:33:34;15:33:34;142414.0;2;40:36:04;16:36:04;146164.0;2;3750.0;41:00:54;17:00:54;147654.0;2;5240.0;0.716;0.766;32.0;1.0;42.0;10.0;0.0
2335473_work;320993.62569999974;6402516.6723;2335473;32:04:34;08:04:34;115474.0;2;33:52:39;09:52:39;121959.0;2;6485.0;41:07:17;17:07:17;148037.0;2;32563.0;0.199;0.649;27.0;1.0;42.0;15.0;0.0
7494733_home;320931.8605000004;6395287.4657000005;7494733;40:44:15;16:44:15;146655.0;2;41:09:38;17:09:38;148178.0;2;1523.0;41:09:38;17:09:38;148178.0;2;1523.0;1.0;0.516;31.0;0.566;34.0;3.0;0.0
1927836_work;318744.15020000003;6397854.8806;1927836;31:31:02;07:31:02;113462.0;2;32:10:09;08:10:09;115809.0;2;2347.0;41:11:02;17:11:02;148262.0;2;34800.0;0.067;0.95;40.0;1.0;42.0;2.0;0.0
2059878_home;328949.2142000003;6393318.241699999;2059878;40:56:57;16:56:57;147417.0;2;41:11:13;17:11:13;148273.0;2;856.0;41:11:13;17:11:13;148273.0;2;856.0;1.0;0.427;26.0;0.455;27.0;2.0;0.0
7462778_home;316269.35250000004;6399755.043299999;7462778;40:32:58;16:32:58;145978.0;2;41:17:53;17:17:53;148673.0;2;2695.0;41:17:53;17:17:53;148673.0;2;2695.0;1.0;0.495;21.0;0.62;26.0;5.0;0.0
1943722_home;311147.5275999997;6405781.551000001;1943722;40:59:14;16:59:14;147554.0;2;41:19:05;17:19:05;148745.0;2;1191.0;41:19:05;17:19:05;148745.0;2;1191.0;1.0;0.845;29.0;0.914;31.0;2.0;0.0
public_1476019114;320727.63320000004;6405340.1182;5879289;39:47:40;15:47:40;143260.0;2;40:23:59;16:23:59;145439.0;2;2179.0;41:22:13;17:22:13;148933.0;2;5673.0;0.384;0.961;33.0;1.0;34.0;1.0;0.0
7451976_work;318841.21609999985;6397293.1721;7451976;31:53:10;07:53:10;114790.0;2;34:00:29;10:00:29;122429.0;2;7639.0;41:24:55;17:24:55;149095.0;2;34305.0;0.223;0.476;16.0;1.0;34.0;18.0;0.0
7358660_home;318772.68200000003;6399748.147600001;7358660;40:22:39;16:22:39;145359.0;2;41:34:26;17:34:26;149666.0;2;4307.0;41:34:26;17:34:26;149666.0;2;4307.0;1.0;0.798;33.0;0.988;41.0;8.0;0.0
public_1476293421;325170.0937999999;6404885.257200001;9542950;38:16:32;14:16:32;137792.0;2;39:08:59;15:08:59;140939.0;2;3147.0;41:34:38;17:34:38;149678.0;2;11886.0;0.265;0.854;36.0;1.0;42.0;6.0;0.0
public_1476074915;323534.5480000004;6402518.4332;1967726;40:20:16;16:20:16;145216.0;2;41:27:09;17:27:09;149229.0;2;4013.0;41:38:47;17:38:47;149927.0;2;4711.0;0.852;0.728;31.0;1.0;42.0;11.0;0.0
4785109_home;325314.3842000002;6410331.5118;4785109;40:37:47;16:37:47;146267.0;2;41:26:59;17:26:59;149219.0;2;2952.0;41:39:34;17:39:34;149974.0;2;3707.0;0.796;0.952;57.0;1.0;60.0;3.0;0.0
public_1476046462;315927.9773000004;6401422.25;7508758;40:55:34;16:55:34;147334.0;2;41:43:24;17:43:24;150204.0;2;2870.0;41:47:55;17:47:55;150475.0;2;3141.0;0.914;0.894;30.0;1.0;34.0;4.0;0.0
5589188_home;311827.64829999954;6404222.2346;5589188;41:00:13;17:00:13;147613.0;2;41:53:06;17:53:06;150786.0;2;3173.0;41:53:06;17:53:06;150786.0;2;3173.0;1.0;0.641;33.0;0.76;40.0;6.0;0.0
public_1476250731;323904.5070000002;6408370.640000001;9664484;30:56:56;06:56:56;111416.0;2;31:47:24;07:47:24;114444.0;2;3028.0;42:00:15;18:00:15;151215.0;2;39799.0;0.076;0.869;30.0;1.0;34.0;4.0;0.0
7363045_home;323731.90020000003;6401066.988299999;7363045;41:19:54;17:19:54;148794.0;2;42:00:23;18:00:23;151223.0;2;2429.0;42:00:23;18:00:23;151223.0;2;2429.0;1.0;0.687;41.0;0.766;46.0;5.0;0.0
4769859_work;321343.9773000004;6408282.772;4769859;37:38:02;13:38:02;135482.0;2;38:06:44;14:06:44;137204.0;2;1722.0;42:01:45;18:01:45;151305.0;2;15823.0;0.109;0.987;51.0;1.0;52.0;1.0;0.0
public_1476138293;314325.9112;6394969.8541;7358855;40:06:29;16:06:29;144389.0;2;40:46:19;16:46:19;146779.0;2;2390.0;42:01:51;18:01:51;151311.0;2;6922.0;0.345;0.946;40.0;1.0;42.0;2.0;0.0
9474183_home;327153.4247000003;6403318.6236000005;9474183;19:57:44;19:57:44;71864.0;1;22:50:44;22:50:44;82244.0;1;10380.0;42:12:43;18:12:43;151963.0;2;80099.0;0.13;0.672;35.0;1.0;52.0;17.0;0.0
public_1475956613;316984.48330000043;6395061.7819;1884883;40:39:40;16:39:40;146380.0;2;42:11:34;18:11:34;151894.0;2;5514.0;42:17:35;18:17:35;152255.0;2;5875.0;0.939;0.422;14.0;1.0;34.0;20.0;0.0
2016161_work;317084.233;6392879.1438;2016161;32:00:58;08:00:58;115258.0;2;32:54:49;08:54:49;118489.0;2;3231.0;42:24:54;18:24:54;152694.0;2;37436.0;0.086;0.872;30.0;1.0;34.0;4.0;0.0
public_1476269839;312302.6397000002;6403568.8597;2319425;36:36:28;12:36:28;131788.0;2;37:30:34;13:30:34;135034.0;2;3246.0;42:31:48;18:31:48;153108.0;2;21320.0;0.152;0.84;35.0;1.0;42.0;7.0;0.0
2321911_work;328256.8060999997;6393837.243899999;2321911;32:08:06;08:08:06;115686.0;2;33:02:44;09:02:44;118964.0;2;3278.0;42:32:08;18:32:08;153128.0;2;37442.0;0.088;0.868;30.0;1.0;34.0;4.0;0.0
public_1475954259;315561.4790000003;6398226.348099999;2316319;42:01:52;18:01:52;151312.0;2;42:33:01;18:33:01;153181.0;2;1869.0;42:33:01;18:33:01;153181.0;2;1869.0;1.0;0.793;41.0;0.965;50.0;9.0;0.0
public_1476162075;315698.9042999996;6392867.8893;7507349;40:44:37;16:44:37;146677.0;2;42:38:33;18:38:33;153513.0;2;6836.0;42:38:33;18:38:33;153513.0;2;6836.0;1.0;0.244;10.0;0.998;42.0;32.0;0.0
2329272_home;320684.4760999996;6410192.153100001;2329272;42:06:13;18:06:13;151573.0;2;42:38:53;18:38:53;153533.0;2;1960.0;42:38:53;18:38:53;153533.0;2;1960.0;1.0;0.0;0.0;0.091;4.0;4.0;0.0
public_1476025321;313561.93879999965;6395976.5504;2067447;42:07:07;18:07:07;151627.0;2;42:40:58;18:40:58;153658.0;2;2031.0;42:40:58;18:40:58;153658.0;2;2031.0;1.0;0.805;48.0;0.97;58.0;10.0;0.0
public_1476096807;322532.3998999996;6398982.919299999;1881045;41:47:04;17:47:04;150424.0;2;42:41:31;18:41:31;153691.0;2;3267.0;42:41:31;18:41:31;153691.0;2;3267.0;1.0;0.864;52.0;0.998;60.0;8.0;0.0
5589721_work;321249.71190000046;6400621.8564;5589721;31:39:25;07:39:25;113965.0;2;32:20:49;08:20:49;116449.0;2;2484.0;42:45:09;18:45:09;153909.0;2;39944.0;0.062;0.967;58.0;1.0;60.0;2.0;0.0
public_1476020078;329414.4375;6406326.385;1895844;20:45:08;20:45:08;74708.0;1;22:48:14;22:48:14;82094.0;1;7386.0;42:47:05;18:47:05;154025.0;2;79317.0;0.093;0.505;30.0;1.0;60.0;30.0;0.0
4602304_work;328093.32380000036;6403458.726399999;4602304;32:28:05;08:28:05;116885.0;2;33:18:49;09:18:49;119929.0;2;3044.0;42:47:20;18:47:20;154040.0;2;37155.0;0.082;0.94;49.0;1.0;52.0;3.0;0.0
4744050_work;319821.01740000024;6398390.026699999;4744050;38:05:00;14:05:00;137100.0;2;39:50:04;15:50:04;143404.0;2;6304.0;42:47:36;18:47:36;154056.0;2;16956.0;0.372;0.662;28.0;1.0;42.0;14.0;0.0
public_1476234892;316311.18570000026;6395550.6993;4701806;41:37:25;17:37:25;149845.0;2;42:59:08;18:59:08;154748.0;2;4903.0;42:59:08;18:59:08;154748.0;2;4903.0;1.0;0.287;15.0;0.863;45.0;30.0;0.0
public_1476377635;313830.15249999985;6395484.3914;5903381;42:25:00;18:25:00;152700.0;2;42:59:41;18:59:41;154781.0;2;2081.0;42:59:41;18:59:41;154781.0;2;2081.0;1.0;0.47;24.0;0.715;37.0;13.0;0.0
4781190_work;320005.2775999997;6401862.023800001;4781190;38:55:35;14:55:35;140135.0;2;40:59:29;16:59:29;147569.0;2;7434.0;43:05:03;19:05:03;155103.0;2;14968.0;0.497;0.718;43.0;1.0;60.0;17.0;0.0
4598830_home;321517.8962000003;6400663.3961;4598830;42:01:05;18:01:05;151265.0;2;43:05:54;19:05:54;155154.0;2;3889.0;43:05:54;19:05:54;155154.0;2;3889.0;1.0;0.353;18.0;0.499;26.0;8.0;0.0
1896793_home;329267.9921000004;6401901.366900001;1896793;42:09:09;18:09:09;151749.0;2;43:14:53;19:14:53;155693.0;2;3944.0;43:14:53;19:14:53;155693.0;2;3944.0;1.0;0.839;35.0;0.995;42.0;7.0;0.0
4782568_home;321683.6560000004;6399949.578;4782568;42:12:32;18:12:32;151952.0;2;43:16:40;19:16:40;155800.0;2;3848.0;43:16:40;19:16:40;155800.0;2;3848.0;1.0;0.657;49.0;0.757;57.0;7.0;0.0
public_1476231226;306379.34580000024;6400787.7962;9672036;42:53:01;18:53:01;154381.0;2;43:17:08;19:17:08;155828.0;2;1447.0;43:17:08;19:17:08;155828.0;2;1447.0;1.0;0.896;67.0;0.984;74.0;7.0;0.0
public_1475954464;320820.48500000034;6398909.105699999;2067447;42:54:17;18:54:17;154457.0;2;43:28:48;19:28:48;156528.0;2;2071.0;43:28:48;19:28:48;156528.0;2;2071.0;1.0;0.939;56.0;0.995;60.0;3.0;0.0
4803807_home;328420.23819999956;6392998.5952;4803807;42:06:48;18:06:48;151608.0;2;43:34:27;19:34:27;156867.0;2;5259.0;43:34:27;19:34:27;156867.0;2;5259.0;1.0;0.778;33.0;0.995;42.0;9.0;0.0
public_1475967296;328279.0519000003;6402263.460999999;1896793;43:20:26;19:20:26;156026.0;2;43:35:14;19:35:14;156914.0;2;888.0;43:37:34;19:37:34;157054.0;2;1028.0;0.864;0.995;42.0;1.0;42.0;0.0;0.0
5934086_work;321763.4715;6396931.913000001;5934086;31:56:50;07:56:50;115010.0;2;32:32:54;08:32:54;117174.0;2;2164.0;43:42:36;19:42:36;157356.0;2;42346.0;0.051;0.963;72.0;1.0;75.0;3.0;0.0
5883454_home;328427.38879999984;6403939.1269000005;5883454;42:36:36;18:36:36;153396.0;2;43:24:49;19:24:49;156289.0;2;2893.0;43:59:31;19:59:31;158371.0;2;4975.0;0.582;0.928;39.0;1.0;42.0;3.0;0.0
public_1476025365;317685.7949999999;6399247.267000001;2067447;43:34:18;19:34:18;156858.0;2;44:05:34;20:05:34;158734.0;2;1876.0;44:16:38;20:16:38;159398.0;2;2540.0;0.739;0.984;59.0;1.0;60.0;1.0;0.0
2333631_home;331154.87789999973;6409943.0865;2333631;21:19:17;21:19:17;76757.0;1;25:48:29;01:48:29;92909.0;2;16152.0;44:19:07;20:19:07;159547.0;2;82790.0;0.195;0.606;45.0;1.0;75.0;30.0;0.0
4771636_home;320947.8849999998;6395105.4706999995;4771636;44:00:16;20:00:16;158416.0;2;44:20:53;20:20:53;159653.0;2;1237.0;44:20:53;20:20:53;159653.0;2;1237.0;1.0;0.702;42.0;0.742;45.0;2.0;0.0
public_1476165477;320306.7750000004;6400028.7322;4803807;43:47:54;19:47:54;157674.0;2;44:32:04;20:32:04;160324.0;2;2650.0;44:56:00;20:56:00;161760.0;2;4086.0;0.649;0.923;39.0;1.0;42.0;3.0;0.0
public_1476274925;316816.94010000024;6396205.7497000005;9540846;40:41:53;16:41:53;146513.0;2;41:39:44;17:39:44;149984.0;2;3471.0;45:13:30;21:13:30;162810.0;2;16297.0;0.213;0.788;27.0;1.0;34.0;7.0;0.0
public_1476160164;316329.15589999966;6398059.6876;5915678;40:33:35;16:33:35;146015.0;2;42:34:24;18:34:24;153264.0;2;7249.0;46:17:57;22:17:57;166677.0;2;20662.0;0.351;0.258;11.0;1.0;42.0;31.0;0.0
9509807_home;318016.74849999975;6398930.236400001;9509807;41:23:04;17:23:04;148984.0;2;45:44:19;21:44:19;164659.0;2;15675.0;52:12:35;04:12:35;187955.0;3;38971.0;0.402;0.337;14.0;1.0;42.0;28.0;0.0
1931047_home;315928.92399999965;6400170.713500001;1931047;47:45:00;23:45:00;171900.0;2;50:38:59;02:38:59;182339.0;3;10439.0;52:19:09;04:19:09;188349.0;3;16449.0;0.635;0.579;24.0;1.0;42.0;18.0;0.0
4661436_home;314956.0870000003;6403678.3912;4661436;40:23:57;16:23:57;145437.0;2;45:29:44;21:29:44;163784.0;2;18347.0;52:35:18;04:35:18;189318.0;3;43881.0;0.418;0.454;27.0;1.0;60.0;33.0;0.0
9416099_home;314325.8287000004;6395412.431;9416099;42:06:27;18:06:27;151587.0;2;44:50:39;20:50:39;161439.0;2;9852.0;53:11:29;05:11:29;191489.0;3;39902.0;0.247;0.606;25.0;1.0;42.0;17.0;0.0
9545089_home;320568.8360000001;6395238.0294;9545089;44:32:48;20:32:48;160368.0;2;47:27:59;23:27:59;170879.0;2;10511.0;53:28:57;05:28:57;192537.0;3;32169.0;0.327;0.484;16.0;1.0;34.0;18.0;0.0
7351598_home;316436.9155000001;6397959.491699999;7351598;39:56:25;15:56:25;143785.0;2;44:40:44;20:40:44;160844.0;2;17059.0;53:48:45;05:48:45;193725.0;3;49940.0;0.342;0.495;30.0;1.0;60.0;30.0;0.0
4623097_home;328672.36000000034;6404050.9935;4623097;38:57:40;14:57:40;140260.0;2;39:48:39;15:48:39;143319.0;2;3059.0;53:57:20;05:57:20;194240.0;3;53980.0;0.057;0.91;31.0;1.0;34.0;3.0;0.0
5883581_home;328332.4935999997;6402363.8849;5883581;40:18:57;16:18:57;145137.0;2;41:36:39;17:36:39;149799.0;2;4662.0;53:59:38;05:59:38;194378.0;3;49241.0;0.095;0.847;36.0;1.0;42.0;6.0;0.0
9557968_home;315840.84190000035;6402373.8396000005;9557968;40:18:43;16:18:43;145123.0;2;44:06:09;20:06:09;158769.0;2;13646.0;54:00:18;06:00:18;194418.0;3;49295.0;0.277;0.431;18.0;1.0;42.0;24.0;0.0
1897561_home;324838.2419999996;6402366.351199999;1897561;39:57:30;15:57:30;143850.0;2;41:35:54;17:35:54;149754.0;2;5904.0;54:01:06;06:01:06;194466.0;3;50616.0;0.117;0.857;51.0;1.0;60.0;9.0;0.0
1931224_home;315805.61230000015;6400721.7006;1931224;40:57:55;16:57:55;147475.0;2;42:26:09;18:26:09;152769.0;2;5294.0;54:04:07;06:04:07;194647.0;3;47172.0;0.112;0.817;34.0;1.0;42.0;8.0;0.0
2327157_home;311162.21499999985;6406476.887800001;2327157;42:37:14;18:37:14;153434.0;2;45:47:44;21:47:44;164864.0;2;11430.0;54:06:26;06:06:26;194786.0;3;41352.0;0.276;0.533;22.0;1.0;42.0;20.0;0.0
1928999_home;319028.62799999956;6403672.5469;1928999;40:51:38;16:51:38;147098.0;2;43:40:44;19:40:44;157244.0;2;10146.0;54:07:08;06:07:08;194828.0;3;47730.0;0.213;0.505;17.0;1.0;34.0;17.0;0.0
4784608_home;315495.04899999965;6393005.9285;4784608;49:30:00;01:30:00;178200.0;3;53:34:29;05:34:29;192869.0;3;14669.0;54:07:42;06:07:42;194862.0;3;16662.0;0.88;0.573;34.0;1.0;60.0;26.0;0.0
1990178_home;319868.9238999998;6404401.7063;1990178;51:40:00;03:40:00;186000.0;3;52:54:34;04:54:34;190474.0;3;4474.0;54:08:35;06:08:35;194915.0;3;8915.0;0.502;0.855;36.0;1.0;42.0;6.0;0.0
public_1476383373;312054.31790000014;6407238.7916;9669919;43:29:49;19:29:49;156589.0;2;45:01:04;21:01:04;162064.0;2;5475.0;54:13:32;06:13:32;195212.0;3;38623.0;0.142;0.515;22.0;1.0;42.0;20.0;0.0
public_1476129700;315136.35780000035;6403347.9793;9672392;40:39:18;16:39:18;146358.0;2;42:31:49;18:31:49;153109.0;2;6751.0;54:13:38;06:13:38;195218.0;3;48860.0;0.138;0.52;27.0;1.0;52.0;25.0;0.0
2321646_home;313358.7719999999;6393679.8517;2321646;40:48:22;16:48:22;146902.0;2;44:37:54;20:37:54;160674.0;2;13772.0;54:13:44;06:13:44;195224.0;3;48322.0;0.285;0.298;10.0;1.0;34.0;24.0;0.0
public_1476212394;326209.48929999955;6403792.665100001;1967295;52:40:00;04:40:00;189600.0;3;53:34:24;05:34:24;192864.0;3;3264.0;54:14:00;06:14:00;195240.0;3;5640.0;0.579;0.826;28.0;1.0;34.0;6.0;0.0
9521447_home;322938.11209999956;6410908.1974;9521447;41:12:14;17:12:14;148334.0;2;45:38:09;21:38:09;164289.0;2;15955.0;54:14:05;06:14:05;195245.0;3;46911.0;0.34;0.464;24.0;1.0;52.0;28.0;0.0
2330931_home;320166.88939999975;6411095.9070999995;2330931;41:17:21;17:17:21;148641.0;2;42:28:59;18:28:59;152939.0;2;4298.0;54:15:00;06:15:00;195300.0;3;46659.0;0.092;0.839;29.0;1.0;34.0;5.0;0.0
2326800_home;311112.9902999997;6406515.050799999;2326800;42:30:55;18:30:55;153055.0;2;43:57:44;19:57:44;158264.0;2;5209.0;54:15:06;06:15:06;195306.0;3;42251.0;0.123;0.821;34.0;1.0;42.0;8.0;0.0
1996195_home;315554.59729999956;6394257.203;1996195;41:02:30;17:02:30;147750.0;2;42:19:39;18:19:39;152379.0;2;4629.0;54:15:48;06:15:48;195348.0;3;47598.0;0.097;0.848;36.0;1.0;42.0;6.0;0.0
public_1476229729;324390.2446999997;6404229.569;1925924;38:27:59;14:27:59;138479.0;2;40:28:39;16:28:39;145719.0;2;7240.0;54:17:28;06:17:28;195448.0;3;56969.0;0.127;0.462;24.0;1.0;52.0;28.0;0.0
9413535_home;319780.2898000004;6402841.213099999;9413535;39:43:50;15:43:50;143030.0;2;43:19:29;19:19:29;155969.0;2;12939.0;54:17:51;06:17:51;195471.0;3;52441.0;0.247;0.464;19.0;1.0;42.0;23.0;0.0
7416337_home;324771.25150000025;6400753.5078;7416337;43:52:22;19:52:22;157942.0;2;45:08:59;21:08:59;162539.0;2;4597.0;54:19:33;06:19:33;195573.0;3;37631.0;0.122;0.823;28.0;1.0;34.0;6.0;0.0
1895729_home;328438.38960000034;6404160.908299999;1895729;39:45:54;15:45:54;143154.0;2;41:15:19;17:15:19;148519.0;2;5365.0;54:22:34;06:22:34;195754.0;3;52600.0;0.102;0.86;45.0;1.0;52.0;7.0;0.0
public_1476338248;327490.32990000024;6393829.741599999;4804925;40:50:42;16:50:42;147042.0;2;42:46:39;18:46:39;153999.0;2;6957.0;54:27:52;06:27:52;196072.0;3;49030.0;0.142;0.549;33.0;1.0;60.0;27.0;0.0
4795145_home;315282.95100000035;6394802.822899999;4795145;49:35:00;01:35:00;178500.0;3;52:36:29;04:36:29;189389.0;3;10889.0;54:28:13;06:28:13;196093.0;3;17593.0;0.619;0.558;23.0;1.0;42.0;19.0;0.0
2126857_home;327285.14159999974;6392540.0978;2126857;43:28:25;19:28:25;156505.0;2;49:28:59;01:28:59;178139.0;3;21634.0;54:29:58;06:29:58;196198.0;3;39693.0;0.545;0.347;21.0;1.0;60.0;39.0;0.0
8253956_home;321798.40660000034;6397594.6765;8253956;40:18:37;16:18:37;145117.0;2;44:54:39;20:54:39;161679.0;2;16562.0;54:31:07;06:31:07;196267.0;3;51150.0;0.324;0.296;12.0;1.0;42.0;30.0;0.0
7457316_home;323172.5630000001;6401065.446799999;7457316;49:35:00;01:35:00;178500.0;3;52:53:49;04:53:49;190429.0;3;11929.0;54:32:26;06:32:26;196346.0;3;17846.0;0.668;0.403;14.0;1.0;34.0;20.0;0.0
7478971_home;327915.05009999964;6403405.9361000005;7478971;41:15:06;17:15:06;148506.0;2;45:01:59;21:01:59;162119.0;2;13613.0;54:32:31;06:32:31;196351.0;3;47845.0;0.285;0.307;10.0;1.0;34.0;24.0;0.0
1839223_home;326011.2145999996;6402131.692500001;1839223;39:48:44;15:48:44;143324.0;2;42:08:29;18:08:29;151709.0;2;8385.0;54:33:17;06:33:17;196397.0;3;53073.0;0.158;0.606;21.0;1.0;34.0;13.0;0.0
4577001_home;326016.0493999999;6402720.992000001;4577001;51:25:00;03:25:00;185100.0;3;52:20:54;04:20:54;188454.0;3;3354.0;54:36:07;06:36:07;196567.0;3;11467.0;0.292;0.907;38.0;1.0;42.0;4.0;0.0
3040376_home;326846.4417000003;6408840.146;3040376;40:51:28;16:51:28;147088.0;2;41:41:39;17:41:39;150099.0;2;3011.0;54:37:13;06:37:13;196633.0;3;49545.0;0.061;0.947;71.0;1.0;75.0;4.0;0.0
9664574_home;314103.0192;6390609.5557;9664574;34:03:06;10:03:06;122586.0;2;38:08:59;14:08:59;137339.0;2;14753.0;54:40:26;06:40:26;196826.0;3;74240.0;0.199;0.242;8.0;1.0;34.0;26.0;0.0
4926680_home;317379.80989999976;6406048.930199999;4926680;41:10:04;17:10:04;148204.0;2;42:10:49;18:10:49;151849.0;2;3645.0;54:42:05;06:42:05;196925.0;3;48721.0;0.075;0.877;30.0;1.0;34.0;4.0;0.0
4765809_home;318898.94299999997;6404206.2292;4765809;37:02:32;13:02:32;133352.0;2;42:20:09;18:20:09;152409.0;2;19057.0;54:44:26;06:44:26;197066.0;3;63714.0;0.299;0.531;40.0;1.0;75.0;35.0;0.0
1926043_home;324798.80480000004;6403462.5175;1926043;39:17:11;15:17:11;141431.0;2;40:37:39;16:37:39;146259.0;2;4828.0;54:47:03;06:47:03;197223.0;3;55792.0;0.087;0.839;35.0;1.0;42.0;7.0;0.0
7365027_home;324551.1047;6403807.834100001;7365027;40:32:27;16:32:27;145947.0;2;43:06:44;19:06:44;155204.0;2;9257.0;54:49:23;06:49:23;197363.0;3;51416.0;0.18;0.556;19.0;1.0;34.0;15.0;0.0
4732865_home;321293.42090000026;6400950.841399999;4732865;51:00:00;03:00:00;183600.0;3;52:28:09;04:28:09;188889.0;3;5289.0;54:58:56;06:58:56;197936.0;3;14336.0;0.369;0.877;53.0;1.0;60.0;7.0;0.0
1996902_home;317554.43620000035;6392132.7509;1996902;41:12:58;17:12:58;148378.0;2;42:12:09;18:12:09;151929.0;2;3551.0;55:00:36;07:00:36;198036.0;3;49658.0;0.072;0.898;38.0;1.0;42.0;4.0;0.0
9396643_home;326757.8195000002;6402383.2644;9396643;42:38:29;18:38:29;153509.0;2;47:08:39;23:08:39;169719.0;2;16210.0;55:00:45;07:00:45;198045.0;3;44536.0;0.364;0.454;24.0;1.0;52.0;28.0;0.0
1838887_home;326557.8392000003;6402430.541300001;1838887;49:10:00;01:10:00;177000.0;3;49:55:04;01:55:04;179704.0;3;2704.0;55:03:21;07:03:21;198201.0;3;21201.0;0.128;0.937;39.0;1.0;42.0;3.0;0.0
2040830_home;318588.2505000001;6391753.476299999;2040830;52:35:00;04:35:00;189300.0;3;53:54:04;05:54:04;194044.0;3;4744.0;55:03:53;07:03:53;198233.0;3;8933.0;0.531;0.843;35.0;1.0;42.0;7.0;0.0
7448877_home;315666.65579999983;6397677.7524;7448877;40:43:12;16:43:12;146592.0;2;43:53:49;19:53:49;158029.0;2;11437.0;55:05:12;07:05:12;198312.0;3;51720.0;0.221;0.533;22.0;1.0;42.0;20.0;0.0
4920357_home;308426.4475999996;6390683.909600001;4920357;38:46:47;14:46:47;139607.0;2;42:48:09;18:48:09;154089.0;2;14482.0;55:05:52;07:05:52;198352.0;3;58745.0;0.247;0.257;9.0;1.0;34.0;25.0;0.0
4680943_home;329416.16339999996;6403172.245200001;4680943;40:44:14;16:44:14;146654.0;2;47:10:39;23:10:39;169839.0;2;23185.0;55:06:53;07:06:53;198413.0;3;51759.0;0.448;0.297;18.0;1.0;60.0;42.0;0.0
public_1475967296;328279.0519000003;6402263.460999999;4623233;39:48:33;15:48:33;143313.0;2;42:07:04;18:07:04;151624.0;2;8311.0;55:07:04;07:07:04;198424.0;3;55111.0;0.151;0.464;35.0;1.0;75.0;40.0;0.0
public_1476197696;324990.6042999998;6405608.475199999;2071824;34:52:48;10:52:48;125568.0;2;36:21:34;12:21:34;130894.0;2;5326.0;55:07:24;07:07:24;198444.0;3;72876.0;0.073;0.455;15.0;1.0;34.0;19.0;0.0
1942967_home;308843.39460000023;6403259.199899999;1942967;43:19:28;19:19:28;155968.0;2;48:38:24;00:38:24;175104.0;3;19136.0;55:08:52;07:08:52;198532.0;3;42564.0;0.45;0.428;26.0;1.0;60.0;34.0;0.0
2209754_home;323480.29559999984;6390555.0019000005;2209754;40:17:46;16:17:46;145066.0;2;46:06:34;22:06:34;165994.0;2;20928.0;55:09:22;07:09:22;198562.0;3;53496.0;0.391;0.482;36.0;1.0;75.0;39.0;0.0
1943706_home;311288.9951999998;6405624.982999999;1943706;36:15:01;12:15:01;130501.0;2;37:00:39;13:00:39;133239.0;2;2738.0;55:09:45;07:09:45;198585.0;3;68084.0;0.04;0.929;32.0;1.0;34.0;2.0;0.0
2033206_home;315985.8635;6402502.9836;2033206;48:55:00;00:55:00;176100.0;3;53:30:24;05:30:24;192624.0;3;16524.0;55:10:32;07:10:32;198632.0;3;22532.0;0.733;0.298;12.0;1.0;42.0;30.0;0.0
4639812_home;318384.8224999998;6399015.367000001;4639812;41:41:03;17:41:03;150063.0;2;44:38:09;20:38:09;160689.0;2;10626.0;55:11:15;07:11:15;198675.0;3;48612.0;0.219;0.57;24.0;1.0;42.0;18.0;0.0
9460773_home;305174.8901000004;6400432.123299999;9460773;37:07:43;13:07:43;133663.0;2;39:18:59;15:18:59;141539.0;2;7876.0;55:11:27;07:11:27;198687.0;3;65024.0;0.121;0.635;22.0;1.0;34.0;12.0;0.0
4770792_home;315394.1842;6402929.1032;4770792;33:01:20;09:01:20;118880.0;2;33:59:24;09:59:24;122364.0;2;3484.0;55:12:24;07:12:24;198744.0;3;79864.0;0.044;0.901;38.0;1.0;42.0;4.0;0.0
2044589_home;321725.1540000001;6393964.6006000005;2044589;41:51:13;17:51:13;150673.0;2;47:39:09;23:39:09;171549.0;2;20876.0;55:12:38;07:12:38;198758.0;3;48085.0;0.434;0.484;36.0;1.0;75.0;39.0;0.0
1994057_home;314400.6409;6394212.232799999;1994057;51:15:00;03:15:00;184500.0;3;52:14:44;04:14:44;188084.0;3;3584.0;55:12:51;07:12:51;198771.0;3;14271.0;0.251;0.897;38.0;1.0;42.0;4.0;0.0
2324411_home;304089.5016000001;6402685.125700001;2324411;50:15:00;02:15:00;180900.0;3;53:44:14;05:44:14;193454.0;3;12554.0;55:13:49;07:13:49;198829.0;3;17929.0;0.7;0.641;38.0;1.0;60.0;22.0;0.0
1881745_home;315321.6506000003;6401958.957699999;1881745;48:55:00;00:55:00;176100.0;3;52:05:49;04:05:49;187549.0;3;11449.0;55:13:59;07:13:59;198839.0;3;22739.0;0.503;0.431;15.0;1.0;34.0;19.0;0.0
2313708_home;309300.14800000004;6391469.8179;2313708;51:40:00;03:40:00;186000.0;3;53:14:34;05:14:34;191674.0;3;5674.0;55:15:44;07:15:44;198944.0;3;12944.0;0.438;0.761;26.0;1.0;34.0;8.0;0.0
1992661_home;313591.01960000023;6395925.585200001;1992661;40:11:10;16:11:10;144670.0;2;43:15:29;19:15:29;155729.0;2;11059.0;55:16:14;07:16:14;198974.0;3;54304.0;0.204;0.453;15.0;1.0;34.0;19.0;0.0
7314224_home;317933.2176999999;6401778.4026999995;7314224;48:50:00;00:50:00;175800.0;3;52:40:24;04:40:24;189624.0;3;13824.0;55:17:51;07:17:51;199071.0;3;23271.0;0.594;0.422;18.0;1.0;42.0;24.0;0.0
1936362_home;316528.88069999963;6393818.8575;1936362;53:15:00;05:15:00;191700.0;3;54:11:19;06:11:19;195079.0;3;3379.0;55:20:08;07:20:08;199208.0;3;7508.0;0.45;0.892;30.0;1.0;34.0;4.0;0.0
4644491_home;320223.4051000001;6399509.029999999;4644491;51:20:00;03:20:00;184800.0;3;52:21:49;04:21:49;188509.0;3;3709.0;55:21:44;07:21:44;199304.0;3;14504.0;0.256;0.891;37.0;1.0;42.0;5.0;0.0
4600925_home;325005.5080000004;6406214.4837;4600925;39:35:38;15:35:38;142538.0;2;41:23:29;17:23:29;149009.0;2;6471.0;55:22:10;07:22:10;199330.0;3;56792.0;0.114;0.763;32.0;1.0;42.0;10.0;0.0
public_1476105302;316472.1551000001;6404766.7414;9487200;54:11:41;06:11:41;195101.0;3;55:22:58;07:22:58;199378.0;3;4277.0;55:22:58;07:22:58;199378.0;3;4277.0;1.0;0.381;23.0;0.816;49.0;26.0;0.0
public_1476309135;324114.25009999983;6411712.375700001;5412441;32:41:03;08:41:03;117663.0;2;34:20:29;10:20:29;123629.0;2;5966.0;55:23:21;07:23:21;199401.0;3;81738.0;0.073;0.34;12.0;1.0;34.0;22.0;0.0
9430697_home;328455.58609999996;6404066.8046;9430697;43:44:07;19:44:07;157447.0;2;49:07:59;01:07:59;176879.0;3;19432.0;55:24:01;07:24:01;199441.0;3;41994.0;0.463;0.418;25.0;1.0;60.0;35.0;0.0
7359830_home;321209.2385;6400618.294399999;7359830;41:39:20;17:39:20;149960.0;2;44:41:19;20:41:19;160879.0;2;10919.0;55:24:11;07:24:11;199451.0;3;49491.0;0.221;0.461;16.0;1.0;34.0;18.0;0.0
1989140_home;316899.7248999998;6404699.5494;1989140;41:53:39;17:53:39;150819.0;2;47:27:54;23:27:54;170874.0;2;20055.0;55:25:26;07:25:26;199526.0;3;48707.0;0.412;0.505;38.0;1.0;75.0;37.0;0.0
7311720_home;323099.43620000035;6404774.0407;7311720;42:19:46;18:19:46;152386.0;2;45:18:29;21:18:29;163109.0;2;10723.0;55:28:04;07:28:04;199684.0;3;47298.0;0.227;0.472;16.0;1.0;34.0;18.0;0.0
public_1476205505;324664.0750000002;6403791.789999999;2068881;54:54:41;06:54:41;197681.0;3;55:29:11;07:29:11;199751.0;3;2070.0;55:29:11;07:29:11;199751.0;3;2070.0;1.0;0.902;38.0;0.996;42.0;4.0;0.0
1994334_home;313791.6235999996;6394032.231699999;1994334;40:04:40;16:04:40;144280.0;2;44:40:29;20:40:29;160829.0;2;16549.0;55:29:46;07:29:46;199786.0;3;55506.0;0.298;0.441;23.0;1.0;52.0;29.0;0.0
public_1476111932;319016.21279999986;6393654.116900001;1945320;50:50:00;02:50:00;183000.0;3;52:40:09;04:40:09;189609.0;3;6609.0;55:31:24;07:31:24;199884.0;3;16884.0;0.391;0.603;45.0;1.0;75.0;30.0;0.0
2080733_home;321976.9151999997;6390245.376499999;2080733;40:29:21;16:29:21;145761.0;2;43:58:24;19:58:24;158304.0;2;12543.0;55:31:27;07:31:27;199887.0;3;54126.0;0.232;0.368;13.0;1.0;34.0;21.0;0.0
2325330_home;309053.4104000004;6404043.125399999;2325330;51:25:00;03:25:00;185100.0;3;52:52:34;04:52:34;190354.0;3;5254.0;55:32:17;07:32:17;199937.0;3;14837.0;0.354;0.785;27.0;1.0;34.0;7.0;0.0
public_1476250731;323904.5070000002;6408370.640000001;4661211;51:20:00;03:20:00;184800.0;3;52:53:44;04:53:44;190424.0;3;5624.0;55:32:56;07:32:56;199976.0;3;15176.0;0.371;0.494;21.0;1.0;42.0;21.0;0.0
3043275_home;323221.37930000015;6407573.3287;3043275;43:10:39;19:10:39;155439.0;2;44:54:49;20:54:49;161689.0;2;6250.0;55:35:22;07:35:22;200122.0;3;44683.0;0.14;0.728;25.0;1.0;34.0;9.0;0.0
public_1476311373;309598.2909000004;6403763.364800001;3255172;40:18:57;16:18:57;145137.0;2;42:04:19;18:04:19;151459.0;2;6322.0;55:35:26;07:35:26;200126.0;3;54989.0;0.115;0.276;9.0;1.0;34.0;25.0;0.0
1996777_home;315262.63850000035;6392859.198000001;1996777;51:45:00;03:45:00;186300.0;3;53:19:49;05:19:49;191989.0;3;5689.0;55:35:42;07:35:42;200142.0;3;13842.0;0.411;0.848;44.0;1.0;52.0;8.0;0.0
1993456_home;314259.17370000016;6397495.127599999;1993456;38:27:36;14:27:36;138456.0;2;41:06:19;17:06:19;147979.0;2;9523.0;55:36:08;07:36:08;200168.0;3;61712.0;0.154;0.541;18.0;1.0;34.0;16.0;0.0
4598777_home;321474.26910000015;6400655.366699999;4598777;44:16:46;20:16:46;159406.0;2;47:57:49;23:57:49;172669.0;2;13263.0;55:36:46;07:36:46;200206.0;3;40800.0;0.325;0.448;19.0;1.0;42.0;23.0;0.0
public_1476177204;322554.0680999998;6393450.283600001;1949534;40:34:40;16:34:40;146080.0;2;42:42:09;18:42:09;153729.0;2;7649.0;55:37:01;07:37:01;200221.0;3;54141.0;0.141;0.415;22.0;1.0;52.0;30.0;0.0
2016161_home;329121.0730999997;6401807.5572999995;2016161;42:46:13;18:46:13;153973.0;2;43:47:04;19:47:04;157624.0;2;3651.0;55:38:17;07:38:17;200297.0;3;46324.0;0.079;0.876;30.0;1.0;34.0;4.0;0.0
1986675_home;325634.4177000001;6405947.6809;1986675;36:10:58;12:10:58;130258.0;2;39:59:09;15:59:09;143949.0;2;13691.0;55:39:12;07:39:12;200352.0;3;70094.0;0.195;0.548;29.0;1.0;52.0;23.0;0.0
2002326_home;319658.58770000003;6396392.6435;2002326;44:12:38;20:12:38;159158.0;2;48:58:49;00:58:49;176329.0;3;17171.0;55:39:25;07:39:25;200365.0;3;41207.0;0.417;0.267;11.0;1.0;42.0;31.0;0.0
7412772_home;321236.1860999996;6401115.3747000005;7412772;41:44:50;17:44:50;150290.0;2;42:57:19;18:57:19;154639.0;2;4349.0;55:39:57;07:39:57;200397.0;3;50107.0;0.087;0.861;36.0;1.0;42.0;6.0;0.0
4600956_home;325177.98039999977;6406049.2475000005;4600956;40:56:39;16:56:39;147399.0;2;44:56:44;20:56:44;161804.0;2;14405.0;55:40:58;07:40:58;200458.0;3;53059.0;0.271;0.395;17.0;1.0;42.0;25.0;0.0
public_1476160164;316329.15589999966;6398059.6876;2093943;49:50:00;01:50:00;179400.0;3;51:44:44;03:44:44;186284.0;3;6884.0;55:41:10;07:41:10;200470.0;3;21070.0;0.327;0.176;6.0;1.0;34.0;28.0;0.0
7310458_home;324172.4045000002;6401163.9405000005;7310458;32:36:06;08:36:06;117366.0;2;36:03:04;12:03:04;129784.0;2;12418.0;55:41:11;07:41:11;200471.0;3;83105.0;0.149;0.375;13.0;1.0;34.0;21.0;0.0
2075756_home;314782.0530000003;6394580.7534;2075756;46:50:00;22:50:00;168600.0;2;53:04:24;05:04:24;191064.0;3;22464.0;55:41:53;07:41:53;200513.0;3;31913.0;0.704;0.32;19.0;1.0;60.0;41.0;0.0
1937617_home;314846.68379999977;6391569.770400001;1937617;38:43:19;14:43:19;139399.0;2;39:50:04;15:50:04;143404.0;2;4005.0;55:42:17;07:42:17;200537.0;3;61138.0;0.066;0.91;47.0;1.0;52.0;5.0;0.0
public_1476360415;328203.10390000045;6403042.1083;9430738;42:08:21;18:08:21;151701.0;2;44:47:19;20:47:19;161239.0;2;9538.0;55:42:33;07:42:33;200553.0;3;48852.0;0.195;0.287;17.0;1.0;60.0;43.0;0.0
1942038_home;308618.1068000002;6403168.310799999;1942038;49:05:00;01:05:00;176700.0;3;53:19:54;05:19:54;191994.0;3;15294.0;55:43:26;07:43:26;200606.0;3;23906.0;0.64;0.354;15.0;1.0;42.0;27.0;0.0
7505328_home;325129.11089999974;6400781.401699999;7505328;50:00:00;02:00:00;180000.0;3;53:46:54;05:46:54;193614.0;3;13614.0;55:43:50;07:43:50;200630.0;3;20630.0;0.66;0.607;36.0;1.0;60.0;24.0;0.0
public_1476051721;326286.09049999993;6404635.502;9537952;40:40:29;16:40:29;146429.0;2;42:36:54;18:36:54;153414.0;2;6985.0;55:44:07;07:44:07;200647.0;3;54218.0;0.129;0.572;43.0;1.0;75.0;32.0;0.0
1979559_home;317378.4769000001;6399057.516100001;1979559;41:25:59;17:25:59;149159.0;2;44:03:59;20:03:59;158639.0;2;9480.0;55:44:43;07:44:43;200683.0;3;51524.0;0.184;0.543;18.0;1.0;34.0;16.0;0.0
1968160_home;328940.36450000014;6399057.632999999;1968160;47:55:00;23:55:00;172500.0;2;53:04:09;05:04:09;191049.0;3;18549.0;55:46:22;07:46:22;200782.0;3;28282.0;0.656;0.447;27.0;1.0;60.0;33.0;0.0
10004086_home;324725.4099000003;6411738.0989;10004086;39:30:36;15:30:36;142236.0;2;39:30:39;15:30:39;142239.0;2;3.0;55:47:03;07:47:03;200823.0;3;58587.0;0.0;1.0;42.0;1.0;42.0;0.0;0.0
public_1476221442;314025.3596999999;6396976.9001;4607018;44:12:16;20:12:16;159136.0;2;44:59:14;20:59:14;161954.0;2;2818.0;55:47:32;07:47:32;200852.0;3;41716.0;0.068;0.902;38.0;1.0;42.0;4.0;0.0
2017219_home;329930.56539999973;6399367.3825;2017219;45:14:56;21:14:56;162896.0;2;46:45:54;22:45:54;168354.0;2;5458.0;55:48:06;07:48:06;200886.0;3;37990.0;0.144;0.81;34.0;1.0;42.0;8.0;0.0
4638257_home;316767.84300000034;6399023.1887;4638257;52:25:00;04:25:00;188700.0;3;53:54:09;05:54:09;194049.0;3;5349.0;55:48:11;07:48:11;200891.0;3;12191.0;0.439;0.815;34.0;1.0;42.0;8.0;0.0
public_1476123838;327332.58469999954;6392511.0307;4803742;52:35:00;04:35:00;189300.0;3;53:33:49;05:33:49;192829.0;3;3529.0;55:48:20;07:48:20;200900.0;3;11600.0;0.304;0.779;26.0;1.0;34.0;8.0;0.0
10006521_home;323241.1639999999;6411391.374299999;10006521;42:08:08;18:08:08;151688.0;2;43:44:44;19:44:44;157484.0;2;5796.0;55:49:22;07:49:22;200962.0;3;49274.0;0.118;0.794;33.0;1.0;42.0;9.0;0.0
5923425_home;323590.5502000004;6393416.1888;5923425;48:45:00;00:45:00;175500.0;3;53:12:19;05:12:19;191539.0;3;16039.0;55:49:24;07:49:24;200964.0;3;25464.0;0.63;0.32;13.0;1.0;42.0;29.0;0.0
2320332_home;313007.7748999996;6396633.7173999995;2320332;49:20:00;01:20:00;177600.0;3;53:32:24;05:32:24;192744.0;3;15144.0;55:49:26;07:49:26;200966.0;3;23366.0;0.648;0.361;15.0;1.0;42.0;27.0;0.0
1930342_home;320591.74909999967;6404037.073799999;1930342;33:46:26;09:46:26;121586.0;2;35:08:14;11:08:14;126494.0;2;4908.0;55:51:27;07:51:27;201087.0;3;79501.0;0.062;0.835;35.0;1.0;42.0;7.0;0.0
1988145_home;316146.35730000027;6403528.7129;1988145;37:27:16;13:27:16;134836.0;2;41:05:49;17:05:49;147949.0;2;13113.0;55:53:00;07:53:00;201180.0;3;66344.0;0.198;0.455;19.0;1.0;42.0;23.0;0.0
public_1476104029;316423.3071999997;6396608.2852;7491449;50:50:00;02:50:00;183000.0;3;52:27:39;04:27:39;188859.0;3;5859.0;55:53:48;07:53:48;201228.0;3;18228.0;0.321;0.46;19.0;1.0;42.0;23.0;0.0
2068775_home;321433.2298999997;6398647.628900001;2068775;41:32:28;17:32:28;149548.0;2;47:44:04;23:44:04;171844.0;2;22296.0;55:54:27;07:54:27;201267.0;3;51719.0;0.431;0.447;34.0;1.0;75.0;41.0;0.0
7316759_home;320147.8047000002;6404331.7763;7316759;42:15:37;18:15:37;152137.0;2;47:01:44;23:01:44;169304.0;2;17167.0;55:55:22;07:55:22;201322.0;3;49185.0;0.349;0.418;22.0;1.0;52.0;30.0;0.0
2323108_home;306794.42200000025;6402833.237500001;2323108;44:44:53;20:44:53;161093.0;2;49:08:39;01:08:39;176919.0;3;15826.0;55:56:16;07:56:16;201376.0;3;40283.0;0.393;0.33;14.0;1.0;42.0;28.0;0.0
2017200_home;329987.05480000004;6399596.5744;2017200;43:54:10;19:54:10;158050.0;2;45:06:09;21:06:09;162369.0;2;4319.0;55:56:26;07:56:26;201386.0;3;43336.0;0.1;0.839;29.0;1.0;34.0;5.0;0.0
2003179_home;323411.57079999987;6394591.2248;2003179;43:29:04;19:29:04;156544.0;2;47:51:04;23:51:04;172264.0;2;15720.0;55:56:42;07:56:42;201402.0;3;44858.0;0.35;0.334;14.0;1.0;42.0;28.0;0.0
public_1476272518;323407.45330000017;6411357.800899999;2947304;40:19:04;16:19:04;145144.0;2;41:19:34;17:19:34;148774.0;2;3630.0;55:57:25;07:57:25;201445.0;3;56301.0;0.064;0.888;53.0;1.0;60.0;7.0;0.0
1896793_home;329267.9921000004;6401901.366900001;1896793;43:43:07;19:43:07;157387.0;2;43:43:09;19:43:09;157389.0;2;2.0;55:57:38;07:57:38;201458.0;3;44071.0;0.0;1.0;42.0;1.0;42.0;0.0;0.0
public_1475958761;316521.9101;6399959.2237;2082244;55:46:13;07:46:13;200773.0;3;55:57:40;07:57:40;201460.0;3;687.0;55:57:40;07:57:40;201460.0;3;687.0;1.0;0.546;19.0;0.67;23.0;4.0;0.0
2329272_home;320684.4760999996;6410192.153100001;2329272;43:08:18;19:08:18;155298.0;2;49:26:19;01:26:19;177979.0;3;22681.0;55:57:47;07:57:47;201467.0;3;46169.0;0.491;0.012;1.0;1.0;42.0;41.0;0.0
1988537_home;316159.2081000004;6403156.2117;1988537;43:18:13;19:18:13;155893.0;2;44:24:39;20:24:39;159879.0;2;3986.0;55:58:11;07:58:11;201491.0;3;45598.0;0.087;0.919;55.0;1.0;60.0;5.0;0.0
1968395_home;327823.40699999966;6397563.186899999;1968395;49:10:00;01:10:00;177000.0;3;53:27:29;05:27:29;192449.0;3;15449.0;55:58:25;07:58:25;201505.0;3;24505.0;0.63;0.547;33.0;1.0;60.0;27.0;0.0
7368354_home;317464.6520999996;6402994.2212000005;7368354;46:00:58;22:00:58;165658.0;2;47:19:09;23:19:09;170349.0;2;4691.0;55:59:04;07:59:04;201544.0;3;35886.0;0.131;0.903;68.0;1.0;75.0;7.0;0.0
7490377_home;315591.3705000002;6399008.9947;7490377;41:14:28;17:14:28;148468.0;2;45:17:44;21:17:44;163064.0;2;14596.0;55:59:38;07:59:38;201578.0;3;53110.0;0.275;0.387;16.0;1.0;42.0;26.0;0.0
8169177_home;323122.69379999954;6407096.6504;8169177;50:30:00;02:30:00;181800.0;3;53:54:14;05:54:14;194054.0;3;12254.0;56:02:33;08:02:33;201753.0;3;19953.0;0.614;0.495;21.0;1.0;42.0;21.0;0.0
9479617_home;316374.84700000007;6398705.5844;9479617;48:20:00;00:20:00;174000.0;3;52:54:29;04:54:29;190469.0;3;16469.0;56:03:43;08:03:43;201823.0;3;27823.0;0.592;0.598;45.0;1.0;75.0;30.0;0.0
7525984_home;327587.0580000002;6394607.9243;7525984;40:35:20;16:35:20;146120.0;2;46:24:59;22:24:59;167099.0;2;20979.0;56:03:48;08:03:48;201828.0;3;55708.0;0.377;0.368;22.0;1.0;60.0;38.0;0.0
2045651_home;318755.0349000003;6394548.306;2045651;34:53:19;10:53:19;125599.0;2;36:07:49;12:07:49;130069.0;2;4470.0;56:04:17;08:04:17;201857.0;3;76258.0;0.059;0.829;28.0;1.0;34.0;6.0;0.0
2069951_home;322549.9741000002;6400998.543400001;2069951;38:12:07;14:12:07;137527.0;2;38:59:04;14:59:04;140344.0;2;2817.0;56:08:18;08:08:18;202098.0;3;64571.0;0.044;0.924;31.0;1.0;34.0;3.0;0.0
public_1476306682;322197.8075000001;6390279.7795;2080804;41:44:04;17:44:04;150244.0;2;43:22:39;19:22:39;156159.0;2;5915.0;56:09:57;08:09:57;202197.0;3;51953.0;0.114;0.451;19.0;1.0;42.0;23.0;0.0
9457475_home;314757.30730000045;6391774.8133000005;9457475;41:26:07;17:26:07;149167.0;2;44:00:44;20:00:44;158444.0;2;9277.0;56:11:36;08:11:36;202296.0;3;53129.0;0.175;0.785;59.0;1.0;75.0;16.0;0.0
public_1476023513;321586.2309999997;6398464.912900001;1989140;55:37:51;07:37:51;200271.0;3;56:10:54;08:10:54;202254.0;3;1983.0;56:11:46;08:11:46;202306.0;3;2035.0;0.974;0.971;73.0;1.0;75.0;2.0;0.0
3042474_home;323498.7457999997;6407917.1406;3042474;51:25:00;03:25:00;185100.0;3;52:51:49;04:51:49;190309.0;3;5209.0;56:15:58;08:15:58;202558.0;3;17458.0;0.298;0.879;53.0;1.0;60.0;7.0;0.0
5893756_home;327256.14719999954;6403705.906400001;5893756;49:10:00;01:10:00;177000.0;3;53:29:14;05:29:14;192554.0;3;15554.0;56:17:10;08:17:10;202630.0;3;25630.0;0.607;0.196;7.0;1.0;34.0;27.0;0.0
1895682_home;328217.8147999998;6403733.010299999;1895682;39:23:02;15:23:02;141782.0;2;40:44:14;16:44:14;146654.0;2;4872.0;56:17:21;08:17:21;202641.0;3;60859.0;0.08;0.807;27.0;1.0;34.0;7.0;0.0
3262427_home;318453.77990000043;6409916.0055;3262427;50:45:00;02:45:00;182700.0;3;53:19:04;05:19:04;191944.0;3;9244.0;56:17:26;08:17:26;202646.0;3;19946.0;0.463;0.635;27.0;1.0;42.0;15.0;0.0
public_1476162075;315698.9042999996;6392867.8893;2098360;51:25:00;03:25:00;185100.0;3;53:14:04;05:14:04;191644.0;3;6544.0;56:18:18;08:18:18;202698.0;3;17598.0;0.372;0.544;28.0;1.0;52.0;24.0;0.0
7361686_home;321637.20050000027;6400707.91;7361686;43:01:43;19:01:43;154903.0;2;44:31:59;20:31:59;160319.0;2;5416.0;56:19:13;08:19:13;202753.0;3;47850.0;0.113;0.776;26.0;1.0;34.0;8.0;0.0
1877014_home;317413.94299999997;6392233.5264;1877014;49:50:00;01:50:00;179400.0;3;53:42:09;05:42:09;193329.0;3;13929.0;56:20:06;08:20:06;202806.0;3;23406.0;0.595;0.597;36.0;1.0;60.0;24.0;0.0
9521384_home;322979.31909999996;6410636.6581;9521384;38:36:26;14:36:26;138986.0;2;42:09:29;18:09:29;151769.0;2;12783.0;56:20:37;08:20:37;202837.0;3;63851.0;0.2;0.354;12.0;1.0;34.0;22.0;0.0
public_1476381951;321234.46520000044;6409352.0425;9412406;52:00:00;04:00:00;187200.0;3;52:53:14;04:53:14;190394.0;3;3194.0;56:21:12;08:21:12;202872.0;3;15672.0;0.204;0.848;36.0;1.0;42.0;6.0;0.0
2319425_home;305639.7845999999;6399902.185900001;2319425;50:30:00;02:30:00;181800.0;3;51:13:04;03:13:04;184384.0;3;2584.0;56:21:55;08:21:55;202915.0;3;21115.0;0.122;0.943;40.0;1.0;42.0;2.0;0.0
public_1476108201;317989.1286000004;6398849.0778;2067123;43:05:46;19:05:46;155146.0;2;44:40:44;20:40:44;160844.0;2;5698.0;56:22:50;08:22:50;202970.0;3;47824.0;0.119;0.483;20.0;1.0;42.0;22.0;0.0
4655013_home;315857.2737999996;6400935.929300001;4655013;42:53:40;18:53:40;154420.0;2;48:57:39;00:57:39;176259.0;3;21839.0;56:23:52;08:23:52;203032.0;3;48612.0;0.449;0.459;34.0;1.0;75.0;41.0;0.0
public_1476261142;323685.1218999997;6393767.3682;1884883;42:30:12;18:30:12;153012.0;2;43:11:29;19:11:29;155489.0;2;2477.0;56:24:35;08:24:35;203075.0;3;50063.0;0.049;0.94;32.0;1.0;34.0;2.0;0.0
5465429_home;323859.9732999997;6407687.305199999;5465429;38:36:11;14:36:11;138971.0;2;43:42:59;19:42:59;157379.0;2;18408.0;56:28:38;08:28:38;203318.0;3;64347.0;0.286;0.452;27.0;1.0;60.0;33.0;0.0
public_1476297853;312718.07349999994;6411185.363;4665978;38:00:09;14:00:09;136809.0;2;40:44:39;16:44:39;146679.0;2;9870.0;56:33:55;08:33:55;203635.0;3;66826.0;0.148;0.153;8.0;1.0;52.0;44.0;0.0
2324135_home;304522.91920000035;6400766.567399999;2324135;51:15:00;03:15:00;184500.0;3;53:40:59;05:40:59;193259.0;3;8759.0;56:35:03;08:35:03;203703.0;3;19203.0;0.456;0.584;20.0;1.0;34.0;14.0;0.0
public_1476134020;319865.0999999996;6400330.5699000005;7442665;56:07:41;08:07:41;202061.0;3;56:36:36;08:36:36;203796.0;3;1735.0;56:36:36;08:36:36;203796.0;3;1735.0;1.0;0.719;30.0;0.95;40.0;10.0;0.0
public_1476315340;319565.24789999984;6398907.1744;1857800;49:15:00;01:15:00;177300.0;3;51:43:14;03:43:14;186194.0;3;8894.0;56:39:50;08:39:50;203990.0;3;26690.0;0.333;0.352;21.0;1.0;60.0;39.0;0.0
1933694_home;314494.6793999998;6397148.757200001;1933694;42:46:08;18:46:08;153968.0;2;48:07:34;00:07:34;173254.0;3;19286.0;56:43:15;08:43:15;204195.0;3;50227.0;0.384;0.423;25.0;1.0;60.0;35.0;0.0
5464758_home;323539.07299999986;6407164.673;5464758;48:45:00;00:45:00;175500.0;3;53:13:54;05:13:54;191634.0;3;16134.0;56:43:48;08:43:48;204228.0;3;28728.0;0.562;0.163;6.0;1.0;34.0;28.0;0.0
2082236_home;323101.70189999975;6395588.5078;2082236;48:35:00;00:35:00;174900.0;3;53:29:54;05:29:54;192594.0;3;17694.0;56:44:20;08:44:20;204260.0;3;29360.0;0.603;0.475;28.0;1.0;60.0;32.0;0.0
1941262_home;305892.9891999997;6400340.3089000005;1941262;42:45:46;18:45:46;153946.0;2;46:14:19;22:14:19;166459.0;2;12513.0;56:47:50;08:47:50;204470.0;3;50524.0;0.248;0.37;13.0;1.0;34.0;21.0;0.0
5411667_home;324674.0069000004;6411638.7226;5411667;38:57:16;14:57:16;140236.0;2;39:59:19;15:59:19;143959.0;2;3723.0;56:49:11;08:49:11;204551.0;3;64315.0;0.058;0.921;48.0;1.0;52.0;4.0;0.0
9405284_home;320930.6341000004;6397702.7116;9405284;34:52:13;10:52:13;125533.0;2;40:15:29;16:15:29;144929.0;2;19396.0;56:50:09;08:50:09;204609.0;3;79076.0;0.245;0.522;39.0;1.0;75.0;36.0;0.0
public_1476073893;308763.25430000015;6403616.123500001;1943722;56:32:53;08:32:53;203573.0;3;56:50:44;08:50:44;204644.0;3;1071.0;56:50:44;08:50:44;204644.0;3;1071.0;1.0;0.834;28.0;0.962;33.0;4.0;0.0
4743371_home;315062.9389000004;6401433.3029;4743371;43:42:15;19:42:15;157335.0;2;47:41:59;23:41:59;171719.0;2;14384.0;56:54:05;08:54:05;204845.0;3;47510.0;0.303;0.652;49.0;1.0;75.0;26.0;0.0
public_1476421452;322454.14740000013;6401312.4966;1840473;54:54:13;06:54:13;197653.0;3;56:54:38;08:54:38;204878.0;3;7225.0;56:54:38;08:54:38;204878.0;3;7225.0;1.0;0.409;21.0;0.998;52.0;31.0;0.0
9523870_home;321505.4491999997;6393672.2676;9523870;51:50:00;03:50:00;186600.0;3;53:39:49;05:39:49;193189.0;3;6589.0;56:58:17;08:58:17;205097.0;3;18497.0;0.356;0.709;24.0;1.0;34.0;10.0;0.0
1932457_home;313090.03419999965;6394490.5755;1932457;43:09:15;19:09:15;155355.0;2;48:03:59;00:03:59;173039.0;3;17684.0;56:58:35;08:58:35;205115.0;3;49760.0;0.355;0.475;29.0;1.0;60.0;31.0;0.0
1981224_home;320282.4653000003;6397524.552999999;1981224;51:20:00;03:20:00;184800.0;3;52:29:09;04:29:09;188949.0;3;4149.0;57:03:22;09:03:22;205402.0;3;20602.0;0.201;0.87;37.0;1.0;42.0;5.0;0.0
1873713_home;316479.98599999957;6395461.661900001;1873713;40:14:57;16:14:57;144897.0;2;42:57:54;18:57:54;154674.0;2;9777.0;57:07:37;09:07:37;205657.0;3;60760.0;0.161;0.731;44.0;1.0;60.0;16.0;0.0
public_1475953896;317952.19570000004;6397239.963099999;7320517;56:11:18;08:11:18;202278.0;3;57:01:34;09:01:34;205294.0;3;3016.0;57:07:47;09:07:47;205667.0;3;3389.0;0.89;0.87;30.0;1.0;34.0;4.0;0.0
public_1476149896;315402.4561999999;6396558.679;9456468;53:15:31;05:15:31;191731.0;3;54:09:09;06:09:09;194949.0;3;3218.0;57:07:58;09:07:58;205678.0;3;13947.0;0.231;0.834;28.0;1.0;34.0;6.0;0.0
1895035_home;327338.48500000034;6404220.3728;1895035;45:51:02;21:51:02;165062.0;2;49:58:49;01:58:49;179929.0;3;14867.0;57:17:03;09:17:03;206223.0;3;41161.0;0.361;0.566;34.0;1.0;60.0;26.0;0.0
1877813_home;316867.73139999993;6390405.528999999;1877813;41:39:38;17:39:38;149978.0;2;43:24:24;19:24:24;156264.0;2;6286.0;57:20:10;09:20:10;206410.0;3;56432.0;0.111;0.862;65.0;1.0;75.0;10.0;0.0
5883454_home;328427.38879999984;6403939.1269000005;5883454;45:52:53;21:52:53;165173.0;2;46:49:34;22:49:34;168574.0;2;3401.0;57:21:46;09:21:46;206506.0;3;41333.0;0.082;0.905;38.0;1.0;42.0;4.0;0.0
public_1476187491;321710.3996000001;6400785.069;2082236;56:53:06;08:53:06;204786.0;3;57:26:53;09:26:53;206813.0;3;2027.0;57:26:53;09:26:53;206813.0;3;2027.0;1.0;0.978;59.0;1.0;60.0;1.0;0.0
4607273_home;315470.85819999967;6396510.363399999;4607273;43:00:48;19:00:48;154848.0;2;43:40:44;19:40:44;157244.0;2;2396.0;57:30:48;09:30:48;207048.0;3;52200.0;0.046;0.948;32.0;1.0;34.0;2.0;0.0
9417336_home;315470.85819999967;6396510.363399999;9417336;36:18:41;12:18:41;130721.0;2;39:58:44;15:58:44;143924.0;2;13203.0;57:34:41;09:34:41;207281.0;3;76560.0;0.172;0.567;29.0;1.0;52.0;23.0;0.0
9664574_work;323483.4165000003;6403776.2129;9664574;55:04:44;07:04:44;198284.0;3;55:56:14;07:56:14;201374.0;3;3090.0;57:38:18;09:38:18;207498.0;3;9214.0;0.335;0.884;30.0;1.0;34.0;4.0;0.0
7365302_home;323558.9929999998;6405651.786;7365302;54:49:06;06:49:06;197346.0;3;57:39:28;09:39:28;207568.0;3;10222.0;57:39:28;09:39:28;207568.0;3;10222.0;1.0;0.329;20.0;0.66;40.0;20.0;0.0
public_1476374593;322402.1481999997;6406517.1359;7361686;56:27:24;08:27:24;203244.0;3;57:04:34;09:04:34;205474.0;3;2230.0;57:44:00;09:44:00;207840.0;3;4596.0;0.485;0.957;33.0;1.0;34.0;1.0;0.0
7298464_home;318083.9840000002;6398522.062000001;7298464;51:40:00;03:40:00;186000.0;3;52:38:49;04:38:49;189529.0;3;3529.0;57:49:17;09:49:17;208157.0;3;22157.0;0.159;0.884;30.0;1.0;34.0;4.0;0.0
7425822_home;317851.2757000001;6391935.5877;7425822;49:00:00;01:00:00;176400.0;3;53:20:04;05:20:04;192004.0;3;15604.0;57:49:24;09:49:24;208164.0;3;31764.0;0.491;0.477;25.0;1.0;52.0;27.0;0.0
4604173_home;316159.1687000003;6401411.4671;4604173;45:33:08;21:33:08;163988.0;2;50:25:14;02:25:14;181514.0;3;17526.0;57:49:58;09:49:58;208198.0;3;44210.0;0.396;0.251;11.0;1.0;42.0;31.0;0.0
4680502_home;328173.13570000045;6395105.735300001;4680502;39:28:22;15:28:22;142102.0;2;43:51:24;19:51:24;157884.0;2;15782.0;57:52:21;09:52:21;208341.0;3;66239.0;0.238;0.47;24.0;1.0;52.0;28.0;0.0
2329574_home;320844.1629999997;6409471.2443;2329574;44:32:22;20:32:22;160342.0;2;45:46:24;21:46:24;164784.0;2;4442.0;57:55:27;09:55:27;208527.0;3;48185.0;0.092;0.904;54.0;1.0;60.0;6.0;0.0
9504313_home;329280.01439999975;6394520.080800001;9504313;48:05:00;00:05:00;173100.0;3;53:07:09;05:07:09;191229.0;3;18129.0;57:55:35;09:55:35;208535.0;3;35435.0;0.512;0.382;20.0;1.0;52.0;32.0;0.0
4598830_home;321517.8962000003;6400663.3961;4598830;44:16:11;20:16:11;159371.0;2;48:38:14;00:38:14;175094.0;3;15723.0;57:56:26;09:56:26;208586.0;3;49215.0;0.319;0.472;25.0;1.0;52.0;27.0;0.0
public_1476094993;319738.0734000001;6399436.431700001;9407968;56:04:20;08:04:20;201860.0;3;56:54:39;08:54:39;204879.0;3;3019.0;57:56:45;09:56:45;208605.0;3;6745.0;0.448;0.941;49.0;1.0;52.0;3.0;0.0
public_1476193693;315389.53479999956;6401325.5693;9512435;55:55:45;07:55:45;201345.0;3;56:52:14;08:52:14;204734.0;3;3389.0;57:59:23;09:59:23;208763.0;3;7418.0;0.457;0.819;34.0;1.0;42.0;8.0;0.0
public_1476072830;321589.72470000014;6409896.659399999;7369432;49:40:00;01:40:00;178800.0;3;51:05:04;03:05:04;183904.0;3;5104.0;58:00:22;10:00:22;208822.0;3;30022.0;0.17;0.495;17.0;1.0;34.0;17.0;0.0
public_1476009174;316894.4979999997;6395616.101;2093943;57:01:17;09:01:17;205277.0;3;57:45:24;09:45:24;207924.0;3;2647.0;58:02:36;10:02:36;208956.0;3;3679.0;0.719;0.923;31.0;1.0;34.0;3.0;0.0
public_1476178133;320960.76659999974;6398034.9494;1923602;54:55:17;06:55:17;197717.0;3;55:47:54;07:47:54;200874.0;3;3157.0;58:04:34;10:04:34;209074.0;3;11357.0;0.278;0.932;48.0;1.0;52.0;4.0;0.0
1968589_home;328237.07349999994;6398036.405300001;1968589;51:35:00;03:35:00;185700.0;3;52:51:09;04:51:09;190269.0;3;4569.0;58:06:24;10:06:24;209184.0;3;23484.0;0.195;0.89;46.0;1.0;52.0;6.0;0.0
public_1476148332;317749.0373999998;6402921.2676;2331122;56:06:31;08:06:31;201991.0;3;57:07:09;09:07:09;205629.0;3;3638.0;58:08:50;10:08:50;209330.0;3;7339.0;0.496;0.887;53.0;1.0;60.0;7.0;0.0
7373836_home;316281.4620000003;6395708.600099999;7373836;57:30:31;09:30:31;207031.0;3;58:19:54;10:19:54;209994.0;3;2963.0;58:19:54;10:19:54;209994.0;3;2963.0;1.0;0.823;28.0;0.983;33.0;5.0;0.0
7508921_home;316080.45749999955;6401983.1983;7508921;49:40:00;01:40:00;178800.0;3;53:32:24;05:32:24;192744.0;3;13944.0;58:22:05;10:22:05;210125.0;3;31325.0;0.445;0.417;18.0;1.0;42.0;24.0;0.0
7360814_home;322312.5175000001;6400506.4120000005;7360814;38:46:10;14:46:10;139570.0;2;41:50:19;17:50:19;150619.0;2;11049.0;58:23:28;10:23:28;210208.0;3;70638.0;0.156;0.454;15.0;1.0;34.0;19.0;0.0
public_1476094993;319738.0734000001;6399436.431700001;1936067;57:28:57;09:28:57;206937.0;3;58:25:05;10:25:05;210305.0;3;3368.0;58:25:05;10:25:05;210305.0;3;3368.0;1.0;0.397;17.0;0.887;37.0;21.0;0.0
public_1476005260;324642.5215999996;6404837.954399999;4764447;46:32:12;22:32:12;167532.0;2;49:08:04;01:08:04;176884.0;3;9352.0;58:27:40;10:27:40;210460.0;3;42928.0;0.218;0.305;18.0;1.0;60.0;42.0;0.0
public_1476244295;322026.1160000004;6397853.0732;2015782;58:12:41;10:12:41;209561.0;3;58:30:57;10:30:57;210657.0;3;1096.0;58:30:57;10:30:57;210657.0;3;1096.0;1.0;0.803;48.0;0.914;55.0;7.0;0.0
4703580_home;313593.0926999999;6394284.1149;4703580;46:25:20;22:25:20;167120.0;2;51:49:39;03:49:39;186579.0;3;19459.0;58:32:04;10:32:04;210724.0;3;43604.0;0.446;0.162;7.0;1.0;42.0;35.0;0.0
4643709_home;319372.3191999998;6399092.421700001;4643709;45:50:55;21:50:55;165055.0;2;48:56:29;00:56:29;176189.0;3;11134.0;58:32:34;10:32:34;210754.0;3;45699.0;0.244;0.449;15.0;1.0;34.0;19.0;0.0
public_1476363725;317107.39499999955;6402608.874299999;2335003;56:21:45;08:21:45;202905.0;3;57:31:54;09:31:54;207114.0;3;4209.0;58:33:47;10:33:47;210827.0;3;7922.0;0.531;0.819;43.0;1.0;52.0;9.0;0.0
public_1475983670;318252.84130000044;6401341.805400001;2045651;57:56:06;09:56:06;208566.0;3;58:38:40;10:38:40;211120.0;3;2554.0;58:38:40;10:38:40;211120.0;3;2554.0;1.0;0.895;30.0;0.999;34.0;4.0;0.0
8273608_home;307335.97140000015;6401270.5229;8273608;45:12:10;21:12:10;162730.0;2;49:27:59;01:27:59;178079.0;3;15349.0;58:39:15;10:39:15;211155.0;3;48425.0;0.317;0.352;15.0;1.0;42.0;27.0;0.0
7620113_home;317162.52639999986;6406631.7083;7620113;39:14:03;15:14:03;141243.0;2;44:54:04;20:54:04;161644.0;2;20401.0;58:40:57;10:40:57;211257.0;3;70014.0;0.291;0.387;23.0;1.0;60.0;37.0;0.0
public_1476367203;317475.3247999996;6401812.807399999;4743032;55:53:09;07:53:09;201189.0;3;56:51:34;08:51:34;204694.0;3;3505.0;58:41:08;10:41:08;211268.0;3;10079.0;0.348;0.802;34.0;1.0;42.0;8.0;0.0
public_1476094081;317139.9598000003;6394338.497099999;9523870;57:05:42;09:05:42;205542.0;3;57:41:19;09:41:19;207679.0;3;2137.0;58:43:34;10:43:34;211414.0;3;5872.0;0.364;0.963;33.0;1.0;34.0;1.0;0.0
7458801_home;323412.45660000015;6404817.2793000005;7458801;45:36:28;21:36:28;164188.0;2;46:53:29;22:53:29;168809.0;2;4621.0;58:44:54;10:44:54;211494.0;3;47306.0;0.098;0.898;54.0;1.0;60.0;6.0;0.0
public_1476049678;320271.5329;6399452.081;5411667;57:06:51;09:06:51;205611.0;3;57:57:54;09:57:54;208674.0;3;3063.0;58:45:49;10:45:49;211549.0;3;5938.0;0.516;0.938;49.0;1.0;52.0;3.0;0.0
4923754_home;305047.8191999998;6401839.6226;4923754;36:59:42;12:59:42;133182.0;2;38:49:14;14:49:14;139754.0;2;6572.0;58:48:04;10:48:04;211684.0;3;78502.0;0.084;0.71;24.0;1.0;34.0;10.0;0.0
6047703_home;326654.9534;6395023.913699999;6047703;43:44:40;19:44:40;157480.0;2;49:59:19;01:59:19;179959.0;3;22479.0;58:48:14;10:48:14;211694.0;3;54214.0;0.415;0.32;19.0;1.0;60.0;41.0;0.0
5589188_home;311827.64829999954;6404222.2346;5589188;57:50:13;09:50:13;208213.0;3;58:50:24;10:50:24;211824.0;3;3611.0;58:50:24;10:50:24;211824.0;3;3611.0;1.0;0.655;34.0;0.79;41.0;7.0;0.0
public_1476129700;315136.35780000035;6403347.9793;1940658;39:37:25;15:37:25;142645.0;2;41:18:29;17:18:29;148709.0;2;6064.0;58:50:31;10:50:31;211831.0;3;69186.0;0.088;0.323;11.0;1.0;34.0;23.0;0.0
4656378_home;313293.7494999999;6395338.1929;4656378;41:37:56;17:37:56;149876.0;2;48:09:44;00:09:44;173384.0;3;23508.0;58:51:41;10:51:41;211901.0;3;62025.0;0.379;0.286;17.0;1.0;60.0;43.0;0.0
7316844_home;315295.5588999996;6400621.794600001;7316844;38:22:40;14:22:40;138160.0;2;40:37:09;16:37:09;146229.0;2;8069.0;58:52:13;10:52:13;211933.0;3;73773.0;0.109;0.624;21.0;1.0;34.0;13.0;0.0
9545323_home;321272.8841000004;6396437.3254;9545323;57:00:04;09:00:04;205204.0;3;57:48:39;09:48:39;208119.0;3;2915.0;58:54:17;10:54:17;212057.0;3;6853.0;0.425;0.918;31.0;1.0;34.0;3.0;0.0
public_1476017451;315555.0086000003;6400076.2311;2319425;57:46:20;09:46:20;207980.0;3;58:33:39;10:33:39;210819.0;3;2839.0;58:58:30;10:58:30;212310.0;3;4330.0;0.656;0.899;38.0;1.0;42.0;4.0;0.0
4785915_home;316257.8339999998;6402058.8179;4785915;58:38:30;10:38:30;211110.0;3;59:02:03;11:02:03;212523.0;3;1413.0;59:02:03;11:02:03;212523.0;3;1413.0;1.0;0.761;32.0;0.827;35.0;3.0;0.0
public_1476421452;322454.14740000013;6401312.4966;7413614;58:26:40;10:26:40;210400.0;3;59:02:26;11:02:26;212546.0;3;2146.0;59:02:26;11:02:26;212546.0;3;2146.0;1.0;0.88;53.0;0.989;59.0;7.0;0.0
7427894_home;321531.75650000013;6393339.871200001;7427894;35:46:44;11:46:44;128804.0;2;39:50:09;15:50:09;143409.0;2;14605.0;59:03:07;11:03:07;212587.0;3;83783.0;0.174;0.386;16.0;1.0;42.0;26.0;0.0
public_1476363725;317107.39499999955;6402608.874299999;7313493;37:57:21;13:57:21;136641.0;2;39:31:14;15:31:14;142274.0;2;5633.0;59:03:52;11:03:52;212632.0;3;75991.0;0.074;0.493;21.0;1.0;42.0;21.0;0.0
public_1476135410;329207.1747000003;6402593.460999999;2015782;58:44:55;10:44:55;211495.0;3;59:04:18;11:04:18;212658.0;3;1163.0;59:04:18;11:04:18;212658.0;3;1163.0;1.0;0.872;52.0;0.962;58.0;5.0;0.0
public_1476245895;319092.1699000001;6399086.5339;1931224;54:13:57;06:13:57;195237.0;3;54:51:29;06:51:29;197489.0;3;2252.0;59:11:01;11:11:01;213061.0;3;17824.0;0.126;0.956;40.0;1.0;42.0;2.0;0.0
public_1476129795;317934.95749999955;6393020.070599999;5905004;57:52:02;09:52:02;208322.0;3;58:50:29;10:50:29;211829.0;3;3507.0;59:11:06;11:11:06;213066.0;3;4744.0;0.739;0.802;34.0;1.0;42.0;8.0;0.0
5933594_home;304251.7675999999;6400954.083000001;5933594;41:31:47;17:31:47;149507.0;2;43:43:34;19:43:34;157414.0;2;7907.0;59:15:28;11:15:28;213328.0;3;63821.0;0.124;0.696;29.0;1.0;42.0;13.0;0.0
7420298_home;316843.5410000002;6405798.7195999995;7420298;44:05:56;20:05:56;158756.0;2;47:16:19;23:16:19;170179.0;2;11423.0;59:17:19;11:17:19;213439.0;3;54683.0;0.209;0.534;22.0;1.0;42.0;20.0;0.0
4923864_home;304522.91920000035;6400766.567399999;4923864;48:33:21;00:33:21;174801.0;3;50:43:24;02:43:24;182604.0;3;7803.0;59:18:47;11:18:47;213527.0;3;38726.0;0.201;0.823;62.0;1.0;75.0;13.0;0.0
5934181_home;330570.8409000002;6409123.7501;5934181;46:10:15;22:10:15;166215.0;2;53:45:34;05:45:34;193534.0;3;27319.0;59:18:59;11:18:59;213539.0;3;47324.0;0.577;0.163;10.0;1.0;60.0;50.0;0.0
2323062_home;307313.4354999997;6402406.363500001;2323062;36:59:28;12:59:28;133168.0;2;43:09:59;19:09:59;155399.0;2;22231.0;59:19:46;11:19:46;213586.0;3;80418.0;0.276;0.328;20.0;1.0;60.0;40.0;0.0
public_1476160164;316329.15589999966;6398059.6876;7405587;41:29:43;17:29:43;149383.0;2;42:53:34;18:53:34;154414.0;2;5031.0;59:20:24;11:20:24;213624.0;3;64241.0;0.078;0.508;17.0;1.0;34.0;17.0;0.0
5886291_home;318666.41729999986;6399050.7751;5886291;50:50:00;02:50:00;183000.0;3;53:44:19;05:44:19;193459.0;3;10459.0;59:20:44;11:20:44;213644.0;3;30644.0;0.341;0.578;24.0;1.0;42.0;18.0;0.0
public_1476358775;324768.1902999999;6410076.8511;2099138;42:06:57;18:06:57;151617.0;2;44:13:29;20:13:29;159209.0;2;7592.0;59:21:05;11:21:05;213665.0;3;62048.0;0.122;0.523;39.0;1.0;75.0;36.0;0.0
8169511_home;323559.93120000046;6407681.0622000005;8169511;59:03:31;11:03:31;212611.0;3;59:22:03;11:22:03;213723.0;3;1112.0;59:22:03;11:22:03;213723.0;3;1112.0;1.0;0.857;64.0;0.886;66.0;2.0;0.0
public_1475956613;316984.48330000043;6395061.7819;4923754;59:07:21;11:07:21;212841.0;3;59:22:27;11:22:27;213747.0;3;906.0;59:22:27;11:22:27;213747.0;3;906.0;1.0;0.896;30.0;0.972;33.0;3.0;0.0
7419900_home;317045.8831000002;6404888.144099999;7419900;58:11:26;10:11:26;209486.0;3;59:27:15;11:27:15;214035.0;3;4549.0;59:27:15;11:27:15;214035.0;3;4549.0;1.0;0.724;30.0;0.935;39.0;9.0;0.0
public_1476129700;315136.35780000035;6403347.9793;2098908;58:54:10;10:54:10;212050.0;3;59:27:37;11:27:37;214057.0;3;2007.0;59:27:37;11:27:37;214057.0;3;2007.0;1.0;0.609;21.0;0.941;32.0;11.0;0.0
8169177_home;323122.69379999954;6407096.6504;8169177;59:14:55;11:14:55;213295.0;3;59:28:09;11:28:09;214089.0;3;794.0;59:28:09;11:28:09;214089.0;3;794.0;1.0;0.882;37.0;0.919;39.0;2.0;0.0
public_1476374593;322402.1481999997;6406517.1359;2321646;54:32:40;06:32:40;196360.0;3;55:19:54;07:19:54;199194.0;3;2834.0;59:29:33;11:29:33;214173.0;3;17813.0;0.159;0.9;31.0;1.0;34.0;3.0;0.0
7379543_home;309084.5641000001;6403583.2574000005;7379543;38:56:22;14:56:22;140182.0;2;42:33:29;18:33:29;153209.0;2;13027.0;59:30:48;11:30:48;214248.0;3;74066.0;0.176;0.34;12.0;1.0;34.0;22.0;0.0
2017337_home;329971.77359999996;6398967.0319;2017337;50:15:00;02:15:00;180900.0;3;51:32:39;03:32:39;185559.0;3;4659.0;59:31:41;11:31:41;214301.0;3;33401.0;0.139;0.819;28.0;1.0;34.0;6.0;0.0
5904517_home;317834.3541000001;6391485.3137;5904517;38:54:26;14:54:26;140066.0;2;42:58:14;18:58:14;154694.0;2;14628.0;59:31:51;11:31:51;214311.0;3;74245.0;0.197;0.513;27.0;1.0;52.0;25.0;0.0
public_1476032169;321508.3576999996;6395093.2190000005;9542392;56:36:32;08:36:32;203792.0;3;57:32:44;09:32:44;207164.0;3;3372.0;59:32:40;11:32:40;214360.0;3;10568.0;0.319;0.806;27.0;1.0;34.0;7.0;0.0
2125107_home;331711.7012;6391773.2223000005;2125107;47:00:00;23:00:00;169200.0;2;53:17:14;05:17:14;191834.0;3;22634.0;59:36:54;11:36:54;214614.0;3;45414.0;0.498;0.438;33.0;1.0;75.0;42.0;0.0
public_1476436229;323521.76400000043;6404457.782500001;4680502;59:20:56;11:20:56;213656.0;3;59:37:43;11:37:43;214663.0;3;1007.0;59:37:43;11:37:43;214663.0;3;1007.0;1.0;0.938;49.0;0.98;51.0;2.0;0.0
1931224_home;315805.61230000015;6400721.7006;1931224;59:20:56;11:20:56;213656.0;3;59:40:49;11:40:49;214849.0;3;1193.0;59:40:49;11:40:49;214849.0;3;1193.0;1.0;0.952;40.0;0.992;42.0;2.0;0.0
7506596_home;315718.89269999973;6395192.287599999;7506596;44:24:33;20:24:33;159873.0;2;47:10:29;23:10:29;169829.0;2;9956.0;59:46:22;11:46:22;215182.0;3;55309.0;0.18;0.725;44.0;1.0;60.0;16.0;0.0
4744657_home;320649.78330000024;6393687.734099999;4744657;58:59:11;10:59:11;212351.0;3;59:46:51;11:46:51;215211.0;3;2860.0;59:46:51;11:46:51;215211.0;3;2860.0;1.0;0.521;31.0;0.613;37.0;6.0;0.0
2322703_home;314141.6863000002;6391223.501800001;2322703;49:40:00;01:40:00;178800.0;3;53:43:24;05:43:24;193404.0;3;14604.0;59:48:01;11:48:01;215281.0;3;36481.0;0.4;0.514;27.0;1.0;52.0;25.0;0.0
9457475_home;314757.30730000045;6391774.8133000005;9457475;57:56:55;09:56:55;208615.0;3;58:55:19;10:55:19;212119.0;3;3504.0;59:56:20;11:56:20;215780.0;3;7165.0;0.489;0.934;70.0;1.0;75.0;5.0;0.0
public_1476355162;320332.9748999998;6404429.1285999995;4703597;59:44:09;11:44:09;215049.0;3;59:57:37;11:57:37;215857.0;3;808.0;59:57:37;11:57:37;215857.0;3;808.0;1.0;0.625;21.0;0.77;26.0;5.0;0.0
public_1475954259;315561.4790000003;6398226.348099999;5904517;59:42:22;11:42:22;214942.0;3;60:01:12;12:01:12;216072.0;3;1130.0;60:01:12;12:01:12;216072.0;3;1130.0;1.0;0.962;50.0;0.99;51.0;1.0;0.0
2128223_home;327060.7882000003;6393736.3018;2128223;48:35:00;00:35:00;174900.0;3;52:56:49;04:56:49;190609.0;3;15709.0;60:03:23;12:03:23;216203.0;3;41303.0;0.38;0.539;32.0;1.0;60.0;28.0;0.0
9407968_home;321824.78050000034;6397438.062999999;9407968;59:57:53;11:57:53;215873.0;3;60:04:48;12:04:48;216288.0;3;415.0;60:04:48;12:04:48;216288.0;3;415.0;1.0;0.982;51.0;0.989;51.0;0.0;0.0
9462562_home;314625.3212000001;6400910.066;9462562;59:42:00;11:42:00;214920.0;3;60:06:01;12:06:01;216361.0;3;1441.0;60:06:01;12:06:01;216361.0;3;1441.0;1.0;0.588;31.0;0.642;33.0;3.0;0.0
public_1475983074;312334.73900000006;6398983.3225;2334915;59:03:10;11:03:10;212590.0;3;60:07:16;12:07:16;216436.0;3;3846.0;60:07:16;12:07:16;216436.0;3;3846.0;1.0;0.626;47.0;0.939;70.0;23.0;0.0
public_1476265451;316483.0460999999;6395069.236199999;7508758;56:47:37;08:47:37;204457.0;3;57:39:44;09:39:44;207584.0;3;3127.0;60:09:33;12:09:33;216573.0;3;12116.0;0.258;0.85;29.0;1.0;34.0;5.0;0.0
public_1476072704;319365.0099999998;6399863.1022;4785915;59:14:01;11:14:01;213241.0;3;60:11:16;12:11:16;216676.0;3;3435.0;60:11:16;12:11:16;216676.0;3;3435.0;1.0;0.78;33.0;0.999;42.0;9.0;0.0
public_1476127570;318225.9935999997;6399292.052100001;9512435;58:07:30;10:07:30;209250.0;3;58:44:54;10:44:54;211494.0;3;2244.0;60:14:21;12:14:21;216861.0;3;7611.0;0.295;0.957;40.0;1.0;42.0;2.0;0.0
public_1476302412;319944.1727999998;6402379.837099999;7368354;57:05:07;09:05:07;205507.0;3;57:05:09;09:05:09;205509.0;3;2.0;60:15:30;12:15:30;216930.0;3;11423.0;0.0;1.0;75.0;1.0;75.0;0.0;13.607
9504313_work;314953.22559999954;6401251.1413;9504313;58:17:01;10:17:01;209821.0;3;59:13:14;11:13:14;213194.0;3;3373.0;60:15:32;12:15:32;216932.0;3;7111.0;0.474;0.921;48.0;1.0;52.0;4.0;0.0
7620113_home;317162.52639999986;6406631.7083;7620113;59:59:41;11:59:41;215981.0;3;60:17:23;12:17:23;217043.0;3;1062.0;60:17:23;12:17:23;217043.0;3;1062.0;1.0;0.953;57.0;0.984;59.0;2.0;0.0
2319425_home;305639.7845999999;6399902.185900001;2319425;59:15:00;11:15:00;213300.0;3;60:03:29;12:03:29;216209.0;3;2909.0;60:24:18;12:24:18;217458.0;3;4158.0;0.7;0.928;39.0;1.0;42.0;3.0;0.0
public_1476157766;316385.1347000003;6403603.957699999;4926489;43:46:31;19:46:31;157591.0;2;45:45:54;21:45:54;164754.0;2;7163.0;60:26:41;12:26:41;217601.0;3;60010.0;0.119;0.528;32.0;1.0;60.0;28.0;0.0
public_1476272518;323407.45330000017;6411357.800899999;2947304;59:28:53;11:28:53;214133.0;3;60:23:29;12:23:29;217409.0;3;3276.0;60:30:10;12:30:10;217810.0;3;3677.0;0.891;0.922;55.0;1.0;60.0;5.0;0.0
4924686_home;320713.6864;6409908.0079;4924686;37:37:14;13:37:14;135434.0;2;38:49:59;14:49:59;139799.0;2;4365.0;60:30:25;12:30:25;217825.0;3;82391.0;0.053;0.86;36.0;1.0;42.0;6.0;0.0
public_1476135410;329207.1747000003;6402593.460999999;4923754;60:11:10;12:11:10;216670.0;3;60:31:13;12:31:13;217873.0;3;1203.0;60:31:13;12:31:13;217873.0;3;1203.0;1.0;0.867;29.0;0.976;33.0;4.0;0.0
public_1476167569;308271.392;6402820.342599999;1942967;59:47:25;11:47:25;215245.0;3;60:31:59;12:31:59;217919.0;3;2674.0;60:31:59;12:31:59;217919.0;3;2674.0;1.0;0.951;57.0;0.999;60.0;3.0;0.0
public_1475983670;318252.84130000044;6401341.805400001;1940658;58:58:42;10:58:42;212322.0;3;59:33:39;11:33:39;214419.0;3;2097.0;60:32:08;12:32:08;217928.0;3;5606.0;0.374;0.965;33.0;1.0;34.0;1.0;0.0
public_1476023513;321586.2309999997;6398464.912900001;1872483;60:28:30;12:28:30;217710.0;3;60:33:05;12:33:05;217985.0;3;275.0;60:33:05;12:33:05;217985.0;3;275.0;1.0;0.587;35.0;0.615;37.0;2.0;0.0
public_1476282853;324272.06989999954;6409568.8585;5464740;60:03:49;12:03:49;216229.0;3;60:33:48;12:33:48;218028.0;3;1799.0;60:33:48;12:33:48;218028.0;3;1799.0;1.0;0.809;42.0;0.967;50.0;8.0;0.0
9554976_home;325264.1062000003;6405110.642000001;9554976;48:35:00;00:35:00;174900.0;3;53:38:59;05:38:59;193139.0;3;18239.0;60:36:35;12:36:35;218195.0;3;43295.0;0.421;0.378;20.0;1.0;52.0;32.0;0.0
1937617_home;314846.68379999977;6391569.770400001;1937617;59:55:18;11:55:18;215718.0;3;60:38:33;12:38:33;218313.0;3;2595.0;60:38:33;12:38:33;218313.0;3;2595.0;1.0;0.86;45.0;0.957;50.0;5.0;0.0
public_1476160164;316329.15589999966;6398059.6876;4607273;57:34:36;09:34:36;207276.0;3;58:00:29;10:00:29;208829.0;3;1553.0;60:40:18;12:40:18;218418.0;3;11142.0;0.139;0.985;33.0;1.0;34.0;1.0;0.0
public_1476008692;319792.52139999997;6397675.052300001;7494705;60:12:56;12:12:56;216776.0;3;60:40:52;12:40:52;218452.0;3;1676.0;60:40:52;12:40:52;218452.0;3;1676.0;1.0;0.363;19.0;0.559;29.0;10.0;0.0
public_1476214093;320153.98500000034;6393950.8147;9420484;58:28:18;10:28:18;210498.0;3;59:37:29;11:37:29;214649.0;3;4151.0;60:42:28;12:42:28;218548.0;3;8050.0;0.516;0.825;43.0;1.0;52.0;9.0;0.0
2030079_home;323329.4506999999;6401026.615599999;2030079;60:33:01;12:33:01;217981.0;3;60:42:43;12:42:43;218563.0;3;582.0;60:42:43;12:42:43;218563.0;3;582.0;1.0;0.453;27.0;0.472;28.0;1.0;0.0
public_1475993063;317768.7401999999;6392208.569599999;1876762;46:27:27;22:27:27;167247.0;2;48:03:34;00:03:34;173014.0;3;5767.0;60:44:54;12:44:54;218694.0;3;51447.0;0.112;0.473;20.0;1.0;42.0;22.0;0.0
public_1476024897;322635.16220000014;6404776.882099999;3127907;58:10:07;10:10:07;209407.0;3;59:07:04;11:07:04;212824.0;3;3417.0;60:46:11;12:46:11;218771.0;3;9364.0;0.365;0.91;47.0;1.0;52.0;5.0;0.0
1996902_home;317554.43620000035;6392132.7509;1996902;59:27:24;11:27:24;214044.0;3;60:26:49;12:26:49;217609.0;3;3565.0;60:46:11;12:46:11;218771.0;3;4727.0;0.754;0.897;38.0;1.0;42.0;4.0;0.0
2098770_work;315102.68379999977;6392811.027799999;2098770;55:50:47;07:50:47;201047.0;3;57:43:04;09:43:04;207784.0;3;6737.0;60:46:34;12:46:34;218794.0;3;17747.0;0.38;0.557;19.0;1.0;34.0;15.0;0.0
9431588_home;325670.26719999965;6401949.025599999;9431588;49:06:55;01:06:55;176815.0;3;49:55:39;01:55:39;179739.0;3;2924.0;60:52:53;12:52:53;219173.0;3;42358.0;0.069;0.918;31.0;1.0;34.0;3.0;0.0
7380571_home;314611.62200000044;6400867.307;7380571;45:08:11;21:08:11;162491.0;2;47:29:04;23:29:04;170944.0;2;8453.0;60:56:16;12:56:16;219376.0;3;56885.0;0.149;0.602;20.0;1.0;34.0;14.0;0.0
9543495_home;322642.1906000003;6406953.554199999;9543495;47:45:31;23:45:31;171931.0;2;52:46:04;04:46:04;189964.0;3;18033.0;60:56:42;12:56:42;219402.0;3;47471.0;0.38;0.386;20.0;1.0;52.0;32.0;0.0
1941613_work;313186.7923999997;6402890.6165;1941613;56:34:54;08:34:54;203694.0;3;57:58:04;09:58:04;208684.0;3;4990.0;60:58:14;12:58:14;219494.0;3;15800.0;0.316;0.825;43.0;1.0;52.0;9.0;0.0
4769859_work;321343.9773000004;6408282.772;4769859;56:47:03;08:47:03;204423.0;3;57:58:14;09:58:14;208694.0;3;4271.0;60:58:38;12:58:38;219518.0;3;15095.0;0.283;0.868;45.0;1.0;52.0;7.0;0.0
1981224_home;320282.4653000003;6397524.552999999;1981224;59:41:31;11:41:31;214891.0;3;60:25:04;12:25:04;217504.0;3;2613.0;61:02:20;13:02:20;219740.0;3;4849.0;0.539;0.942;40.0;1.0;42.0;2.0;0.0
7461163_home;320723.6867000004;6405055.3873;7461163;59:55:00;11:55:00;215700.0;3;61:01:29;13:01:29;219689.0;3;3989.0;61:03:57;13:03:57;219837.0;3;4137.0;0.964;0.857;29.0;1.0;34.0;5.0;0.0
4857149_home;330254.95600000024;6390511.383199999;4857149;49:05:00;01:05:00;176700.0;3;53:31:04;05:31:04;192664.0;3;15964.0;61:17:34;13:17:34;220654.0;3;43954.0;0.363;0.463;24.0;1.0;52.0;28.0;0.0
5933366_home;313848.84140000027;6392636.217599999;5933366;60:35:35;12:35:35;218135.0;3;61:18:54;13:18:54;220734.0;3;2599.0;61:18:54;13:18:54;220734.0;3;2599.0;1.0;0.739;44.0;0.823;49.0;5.0;0.0
public_1476151648;322521.88850000035;6394546.750499999;2209674;56:43:12;08:43:12;204192.0;3;58:57:14;10:57:14;212234.0;3;8042.0;61:26:20;13:26:20;221180.0;3;16988.0;0.473;0.486;36.0;1.0;75.0;39.0;0.0
public_1476304420;318816.81149999984;6399642.367000001;7413614;59:14:36;11:14:36;213276.0;3;59:40:44;11:40:44;214844.0;3;1568.0;61:27:59;13:27:59;221279.0;3;8003.0;0.196;0.989;59.0;1.0;60.0;1.0;0.0
4604548_home;316375.74349999987;6400654.8961;4604548;41:45:23;17:45:23;150323.0;2;45:34:39;21:34:39;164079.0;2;13756.0;61:28:32;13:28:32;221312.0;3;70989.0;0.194;0.546;28.0;1.0;52.0;24.0;0.0
public_1476025365;317685.7949999999;6399247.267000001;4665978;57:04:54;09:04:54;205494.0;3;58:07:24;10:07:24;209244.0;3;3750.0;61:28:41;13:28:41;221321.0;3;15827.0;0.237;0.873;45.0;1.0;52.0;7.0;0.0
2017664_home;329970.9634999996;6400196.2904;2017664;39:12:59;15:12:59;141179.0;2;45:16:09;21:16:09;162969.0;2;21790.0;61:29:30;13:29:30;221370.0;3;80191.0;0.272;0.342;21.0;1.0;60.0;39.0;0.0
2125107_home;331711.7012;6391773.2223000005;2125107;60:37:39;12:37:39;218259.0;3;61:29:38;13:29:38;221378.0;3;3119.0;61:29:38;13:29:38;221378.0;3;3119.0;1.0;0.895;67.0;0.976;73.0;6.0;0.0
9420023_home;314367.7292999998;6393564.285800001;9420023;46:26:51;22:26:51;167211.0;2;50:47:24;02:47:24;182844.0;3;15633.0;61:48:24;13:48:24;222504.0;3;55293.0;0.283;0.339;14.0;1.0;42.0;28.0;0.0
public_1476112735;321146.03199999966;6400907.6788;7308741;61:48:01;13:48:01;222481.0;3;61:49:02;13:49:02;222542.0;3;61.0;61:49:02;13:49:02;222542.0;3;61.0;1.0;0.736;38.0;0.743;39.0;0.0;0.0
public_1476132271;323629.3710000003;6410272.4969999995;9554247;60:37:56;12:37:56;218276.0;3;61:29:34;13:29:34;221374.0;3;3098.0;61:49:17;13:49:17;222557.0;3;4281.0;0.724;0.856;29.0;1.0;34.0;5.0;0.0
public_1476281045;311420.38100000005;6404779.255000001;4702344;61:24:11;13:24:11;221051.0;3;61:49:33;13:49:33;222573.0;3;1522.0;61:49:33;13:49:33;222573.0;3;1522.0;1.0;0.513;38.0;0.637;48.0;9.0;0.0
9542522_home;316795.9687000001;6392612.4684999995;9542522;57:37:13;09:37:13;207433.0;3;61:51:31;13:51:31;222691.0;3;15258.0;61:51:31;13:51:31;222691.0;3;15258.0;1.0;0.359;19.0;0.93;48.0;30.0;0.0
public_1476320783;317490.9028000003;6398776.622199999;4772272;60:24:49;12:24:49;217489.0;3;61:56:09;13:56:09;222969.0;3;5480.0;61:56:09;13:56:09;222969.0;3;5480.0;1.0;0.221;17.0;0.668;50.0;33.0;0.0
5903559_home;319594.8167000003;6404095.080800001;5903559;61:32:39;13:32:39;221559.0;3;61:58:58;13:58:58;223138.0;3;1579.0;61:58:58;13:58:58;223138.0;3;1579.0;1.0;0.537;32.0;0.588;35.0;3.0;0.0
public_1476137984;316395.3372999998;6410870.0965;5591830;41:01:20;17:01:20;147680.0;2;42:45:29;18:45:29;153929.0;2;6249.0;61:59:15;13:59:15;223155.0;3;75475.0;0.083;0.289;10.0;1.0;34.0;24.0;0.0
7360814_home;322312.5175000001;6400506.4120000005;7360814;61:34:43;13:34:43;221683.0;3;62:00:46;14:00:46;223246.0;3;1563.0;62:00:46;14:00:46;223246.0;3;1563.0;1.0;0.879;30.0;0.967;33.0;3.0;0.0
5888321_home;319228.80869999994;6402470.039100001;5888321;61:45:31;13:45:31;222331.0;3;62:00:57;14:00:57;223257.0;3;926.0;62:00:57;14:00:57;223257.0;3;926.0;1.0;0.456;15.0;0.509;17.0;2.0;0.0
public_1476014117;321627.6791000003;6401407.725400001;2017219;56:10:41;08:10:41;202241.0;3;56:10:44;08:10:44;202244.0;3;3.0;62:02:05;14:02:05;223325.0;3;21084.0;0.0;1.0;42.0;1.0;42.0;0.0;326.606
public_1476014117;321627.6791000003;6401407.725400001;6047703;58:59:13;10:59:13;212353.0;3;59:41:49;11:41:49;214909.0;3;2556.0;62:02:11;14:02:11;223331.0;3;10978.0;0.233;0.965;58.0;1.0;60.0;2.0;0.0
1875719_home;314189.2355000004;6392818.4287;1875719;60:29:56;12:29:56;217796.0;3;62:04:46;14:04:46;223486.0;3;5690.0;62:04:46;14:04:46;223486.0;3;5690.0;1.0;0.422;14.0;0.747;25.0;11.0;0.0
2327190_work;310590.63329999987;6400646.991699999;2327190;57:42:31;09:42:31;207751.0;3;58:53:04;10:53:04;211984.0;3;4233.0;62:06:45;14:06:45;223605.0;3;15854.0;0.267;0.782;27.0;1.0;34.0;7.0;0.0
7360295_home;321979.80599999987;6401196.406099999;7360295;50:30:00;02:30:00;181800.0;3;53:18:04;05:18:04;191884.0;3;10084.0;62:07:06;14:07:06;223626.0;3;41826.0;0.241;0.509;17.0;1.0;34.0;17.0;0.0
9673010_home;331229.1032999996;6409657.1351;9673010;40:02:58;16:02:58;144178.0;2;44:11:54;20:11:54;159114.0;2;14936.0;62:12:34;14:12:34;223954.0;3;79776.0;0.187;0.231;8.0;1.0;34.0;26.0;0.0
9509807_work;318201.4951999998;6399123.8522;9509807;52:13:42;04:13:42;188022.0;3;52:28:04;04:28:04;188884.0;3;862.0;62:15:48;14:15:48;224148.0;3;36126.0;0.024;0.995;42.0;1.0;42.0;0.0;0.0
public_1475954259;315561.4790000003;6398226.348099999;1996282;61:57:46;13:57:46;223066.0;3;62:18:45;14:18:45;224325.0;3;1259.0;62:18:45;14:18:45;224325.0;3;1259.0;1.0;0.528;27.0;0.676;35.0;8.0;0.0
7325876_home;320954.32320000045;6394831.3171999995;7325876;41:24:45;17:24:45;149085.0;2;45:13:59;21:13:59;162839.0;2;13754.0;62:22:46;14:22:46;224566.0;3;75481.0;0.182;0.668;50.0;1.0;75.0;25.0;0.0
5923425_home;323590.5502000004;6393416.1888;5923425;61:24:42;13:24:42;221082.0;3;62:24:13;14:24:13;224653.0;3;3571.0;62:24:13;14:24:13;224653.0;3;3571.0;1.0;0.842;35.0;0.992;42.0;6.0;0.0
2016078_home;328944.87990000006;6401834.310699999;2016078;40:26:37;16:26:37;145597.0;2;46:55:39;22:55:39;168939.0;2;23342.0;62:34:33;14:34:33;225273.0;3;79676.0;0.293;0.42;31.0;1.0;75.0;44.0;0.0
7286338_home;326002.2441999996;6400996.9465;7286338;62:22:18;14:22:18;224538.0;3;62:35:18;14:35:18;225318.0;3;780.0;62:35:18;14:35:18;225318.0;3;780.0;1.0;0.71;30.0;0.746;31.0;2.0;0.0
7514729_home;325939.4258000003;6401915.476299999;7514729;61:29:58;13:29:58;221398.0;3;62:36:05;14:36:05;225365.0;3;3967.0;62:36:05;14:36:05;225365.0;3;3967.0;1.0;0.543;41.0;0.645;48.0;8.0;0.0
2071723_work;326155.15299999993;6402798.233999999;2071723;58:08:21;10:08:21;209301.0;3;59:15:44;11:15:44;213344.0;3;4043.0;62:36:10;14:36:10;225370.0;3;16069.0;0.252;0.89;53.0;1.0;60.0;7.0;0.0
public_1476019114;320727.63320000004;6405340.1182;4604173;61:19:30;13:19:30;220770.0;3;62:21:09;14:21:09;224469.0;3;3699.0;62:41:00;14:41:00;225660.0;3;4890.0;0.756;0.774;33.0;1.0;42.0;9.0;0.0
7320021_home;315287.5071999999;6396553.0359000005;7320021;49:35:00;01:35:00;178500.0;3;52:32:59;04:32:59;189179.0;3;10679.0;62:44:06;14:44:06;225846.0;3;47346.0;0.226;0.475;16.0;1.0;34.0;18.0;0.0
public_1476360415;328203.10390000045;6403042.1083;2067447;62:13:20;14:13:20;224000.0;3;62:45:53;14:45:53;225953.0;3;1953.0;62:45:53;14:45:53;225953.0;3;1953.0;1.0;0.898;54.0;0.989;59.0;5.0;0.0
4588354_home;317240.99450000003;6398878.168;4588354;62:37:16;14:37:16;225436.0;3;62:47:22;14:47:22;226042.0;3;606.0;62:47:22;14:47:22;226042.0;3;606.0;1.0;0.733;25.0;0.767;26.0;1.0;0.0
public_1476025321;313561.93879999965;6395976.5504;2017664;61:52:19;13:52:19;222739.0;3;62:44:24;14:44:24;225864.0;3;3125.0;62:49:32;14:49:32;226172.0;3;3433.0;0.91;0.934;56.0;1.0;60.0;4.0;0.0
public_1476144174;316845.91050000023;6401765.2707;4604548;61:31:21;13:31:21;221481.0;3;61:52:14;13:52:14;222734.0;3;1253.0;62:50:46;14:50:46;226246.0;3;4765.0;0.263;0.993;52.0;1.0;52.0;0.0;0.0
public_1475953896;317952.19570000004;6397239.963099999;2209674;61:38:24;13:38:24;221904.0;3;62:08:44;14:08:44;223724.0;3;1820.0;62:59:30;14:59:30;226770.0;3;4866.0;0.374;0.977;73.0;1.0;75.0;2.0;0.0
7376042_home;316525.6785000004;6393796.764900001;7376042;41:54:38;17:54:38;150878.0;2;45:42:29;21:42:29;164549.0;2;13671.0;63:00:51;15:00:51;226851.0;3;75973.0;0.18;0.429;18.0;1.0;42.0;24.0;0.0
public_1475997659;320853.3044999996;6399715.852;9396643;55:17:01;07:17:01;199021.0;3;55:17:04;07:17:04;199024.0;3;3.0;63:15:29;15:15:29;227729.0;3;28708.0;0.0;1.0;52.0;1.0;52.0;0.0;114.895
public_1476272518;323407.45330000017;6411357.800899999;7314224;55:34:44;07:34:44;200084.0;3;56:20:34;08:20:34;202834.0;3;2750.0;63:18:41;15:18:41;227921.0;3;27837.0;0.099;0.911;38.0;1.0;42.0;4.0;0.0
4922801_work;320081.01769999973;6392687.3935;4922801;54:37:02;06:37:02;196622.0;3;57:26:49;09:26:49;206809.0;3;10187.0;63:19:19;15:19:19;227959.0;3;31337.0;0.325;0.38;16.0;1.0;42.0;26.0;0.0
public_1476300220;327756.2171;6403439.268200001;1895682;61:45:43;13:45:43;222343.0;3;62:45:04;14:45:04;225904.0;3;3561.0;63:19:33;15:19:33;227973.0;3;5630.0;0.633;0.772;26.0;1.0;34.0;8.0;0.0
public_1476003122;314452.12040000036;6400937.1417;9674519;62:02:30;14:02:30;223350.0;3;63:19:40;15:19:40;227980.0;3;4630.0;63:19:40;15:19:40;227980.0;3;4630.0;1.0;0.509;17.0;0.999;34.0;17.0;0.0
2315592_work;313020.21839999966;6402866.1982;2315592;54:27:44;06:27:44;196064.0;3;55:46:34;07:46:34;200794.0;3;4730.0;63:22:49;15:22:49;228169.0;3;32105.0;0.147;0.737;25.0;1.0;34.0;9.0;0.0
public_1476134020;319865.0999999996;6400330.5699000005;4646269;61:55:20;13:55:20;222920.0;3;63:08:24;15:08:24;227304.0;3;4384.0;63:23:26;15:23:26;228206.0;3;5286.0;0.829;0.811;49.0;1.0;60.0;11.0;0.0
public_1476263557;320993.6995000001;6394917.979800001;1945320;63:08:03;15:08:03;227283.0;3;63:23:41;15:23:41;228221.0;3;938.0;63:23:41;15:23:41;228221.0;3;938.0;1.0;0.849;64.0;0.926;69.0;6.0;0.0
1865752_work;323219.4363000002;6411245.012;1865752;55:12:42;07:12:42;198762.0;3;57:09:24;09:09:24;205764.0;3;7002.0;63:24:43;15:24:43;228283.0;3;29521.0;0.237;0.707;37.0;1.0;52.0;15.0;0.0
public_1476011485;315390.7784000002;6401826.260199999;1981224;62:30:29;14:30:29;225029.0;3;63:11:34;15:11:34;227494.0;3;2465.0;63:33:16;15:33:16;228796.0;3;3767.0;0.654;0.941;40.0;1.0;42.0;2.0;0.0
1926380_work;320780.89630000014;6400694.2432;1926380;55:18:04;07:18:04;199084.0;3;56:16:14;08:16:14;202574.0;3;3490.0;63:34:10;15:34:10;228850.0;3;29766.0;0.117;0.848;29.0;1.0;34.0;5.0;0.0
4623233_work;317941.1673999997;6400106.685900001;4623233;55:21:32;07:21:32;199292.0;3;55:57:54;07:57:54;201474.0;3;2182.0;63:34:46;15:34:46;228886.0;3;29594.0;0.074;0.962;72.0;1.0;75.0;3.0;0.0
public_1476300220;327756.2171;6403439.268200001;7518323;60:34:37;12:34:37;218077.0;3;61:56:34;13:56:34;222994.0;3;4917.0;63:35:34;15:35:34;228934.0;3;10857.0;0.453;0.741;56.0;1.0;75.0;19.0;0.0
2077456_home;316245.5480000004;6392664.638;2077456;49:55:00;01:55:00;179700.0;3;53:18:09;05:18:09;191889.0;3;12189.0;63:36:30;15:36:30;228990.0;3;49290.0;0.247;0.498;21.0;1.0;42.0;21.0;0.0
2077613_work;318013.9057;6392029.283;2077613;55:22:41;07:22:41;199361.0;3;56:48:29;08:48:29;204509.0;3;5148.0;63:39:01;15:39:01;229141.0;3;29780.0;0.173;0.746;31.0;1.0;42.0;11.0;0.0
public_1475993063;317768.7401999999;6392208.569599999;2322184;63:07:54;15:07:54;227274.0;3;63:41:46;15:41:46;229306.0;3;2032.0;63:41:46;15:41:46;229306.0;3;2032.0;1.0;0.362;19.0;0.601;31.0;12.0;0.0
2017922_work;324282.7597000003;6403427.349099999;2017922;55:00:15;07:00:15;198015.0;3;57:54:04;09:54:04;208444.0;3;10429.0;63:43:25;15:43:25;229405.0;3;31390.0;0.332;0.362;15.0;1.0;42.0;27.0;0.0
public_1476330882;328035.4467000002;6403894.6305;1865752;63:42:21;15:42:21;229341.0;3;63:46:53;15:46:53;229613.0;3;272.0;63:46:53;15:46:53;229613.0;3;272.0;1.0;0.947;49.0;0.961;50.0;1.0;0.0
public_1476418067;321267.5246000001;6399237.5671;7305559;63:42:04;15:42:04;229324.0;3;63:48:29;15:48:29;229709.0;3;385.0;63:48:29;15:48:29;229709.0;3;385.0;1.0;0.313;11.0;0.382;13.0;2.0;0.0
public_1476108201;317989.1286000004;6398849.0778;9418222;61:06:05;13:06:05;219965.0;3;63:17:19;15:17:19;227839.0;3;7874.0;63:50:56;15:50:56;229856.0;3;9891.0;0.796;0.388;20.0;1.0;52.0;32.0;0.0
7457316_work;321674.37770000007;6405104.304300001;7457316;54:42:03;06:42:03;196923.0;3;55:17:39;07:17:39;199059.0;3;2136.0;63:54:37;15:54:37;230077.0;3;33154.0;0.064;0.963;33.0;1.0;34.0;1.0;0.0
2127986_work;321865.6288999999;6393283.843800001;2127986;55:48:34;07:48:34;200914.0;3;60:15:39;12:15:39;216939.0;3;16025.0;63:59:21;15:59:21;230361.0;3;29447.0;0.544;0.28;17.0;1.0;60.0;43.0;0.0
9668329_work;307504.2846999997;6402515.4409;9668329;55:50:11;07:50:11;201011.0;3;57:38:19;09:38:19;207499.0;3;6488.0;64:04:18;16:04:18;230658.0;3;29647.0;0.219;0.579;20.0;1.0;34.0;14.0;0.0
4601394_work;324631.1010999996;6409657.447000001;4601394;55:04:04;07:04:04;198244.0;3;57:51:29;09:51:29;208289.0;3;10045.0;64:05:25;16:05:25;230725.0;3;32481.0;0.309;0.39;16.0;1.0;42.0;26.0;0.0
9487200_work;317433.2411000002;6400459.9869;9487200;55:31:32;07:31:32;199892.0;3;57:09:49;09:09:49;205789.0;3;5897.0;64:08:32;16:08:32;230912.0;3;31020.0;0.19;0.796;48.0;1.0;60.0;12.0;0.0
4741659_work;317117.47200000007;6400392.8127;4741659;54:20:59;06:20:59;195659.0;3;55:33:19;07:33:19;199999.0;3;4340.0;64:09:47;16:09:47;230987.0;3;35328.0;0.123;0.864;45.0;1.0;52.0;7.0;0.0
public_1476229729;324390.2446999997;6404229.569;1926380;63:50:02;15:50:02;229802.0;3;63:50:04;15:50:04;229804.0;3;2.0;64:14:12;16:14:12;231252.0;3;1450.0;0.001;1.0;34.0;1.0;34.0;0.0;106.282
public_1476039012;314093.59279999975;6393056.6031;2059878;58:02:27;10:02:27;208947.0;3;60:44:14;12:44:14;218654.0;3;9707.0;64:15:22;16:15:22;231322.0;3;22375.0;0.434;0.269;16.0;1.0;60.0;44.0;0.0
public_1476236966;315043.6824000003;6400880.5418;1877014;63:49:29;15:49:29;229769.0;3;64:15:54;16:15:54;231354.0;3;1585.0;64:15:54;16:15:54;231354.0;3;1585.0;1.0;0.934;56.0;0.989;59.0;3.0;0.0
public_1476346899;315002.49629999977;6391290.3354;2080733;55:45:47;07:45:47;200747.0;3;56:30:14;08:30:14;203414.0;3;2667.0;64:15:57;16:15:57;231357.0;3;30610.0;0.087;0.921;31.0;1.0;34.0;3.0;0.0
public_1475949126;314605.56850000005;6392899.059699999;2077456;63:39:50;15:39:50;229190.0;3;64:04:24;16:04:24;230664.0;3;1474.0;64:23:19;16:23:19;231799.0;3;2609.0;0.565;0.987;41.0;1.0;42.0;1.0;0.0
4610082_home;316946.9177000001;6390610.2643;4610082;44:31:23;20:31:23;160283.0;2;46:19:19;22:19:19;166759.0;2;6476.0;64:25:41;16:25:41;231941.0;3;71658.0;0.09;0.715;24.0;1.0;34.0;10.0;0.0
public_1476114301;330508.3435000004;6404318.9845;4765107;63:28:52;15:28:52;228532.0;3;64:25:52;16:25:52;231952.0;3;3420.0;64:25:52;16:25:52;231952.0;3;3420.0;1.0;0.616;26.0;0.989;42.0;16.0;0.0
2068881_work;320460.00490000006;6405203.4964000005;2068881;55:40:46;07:40:46;200446.0;3;56:20:49;08:20:49;202849.0;3;2403.0;64:29:06;16:29:06;232146.0;3;31700.0;0.076;0.946;40.0;1.0;42.0;2.0;0.0
4656378_home;313293.7494999999;6395338.1929;4656378;64:02:00;16:02:00;230520.0;3;64:29:07;16:29:07;232147.0;3;1627.0;64:29:07;16:29:07;232147.0;3;1627.0;1.0;0.84;50.0;0.893;54.0;3.0;0.0
public_1476235678;321830.892;6393880.7425;4656277;61:22:14;13:22:14;220934.0;3;62:35:14;14:35:14;225314.0;3;4380.0;64:29:08;16:29:08;232148.0;3;11214.0;0.391;0.624;21.0;1.0;34.0;13.0;0.0
3040376_work;321229.2577999998;6394824.93;3040376;54:57:23;06:57:23;197843.0;3;55:40:19;07:40:19;200419.0;3;2576.0;64:31:12;16:31:12;232272.0;3;34429.0;0.075;0.947;71.0;1.0;75.0;4.0;0.0
public_1476149317;312917.0022;6395771.183599999;9487200;64:19:09;16:19:09;231549.0;3;64:40:04;16:40:04;232804.0;3;1255.0;64:40:04;16:40:04;232804.0;3;1255.0;1.0;0.971;58.0;0.994;60.0;1.0;0.0
public_1475956613;316984.48330000043;6395061.7819;7508758;61:22:44;13:22:44;220964.0;3;62:10:19;14:10:19;223819.0;3;2855.0;64:44:55;16:44:55;233095.0;3;12131.0;0.235;0.897;30.0;1.0;34.0;4.0;0.0
public_1476180962;329784.2571999999;6409418.3795;9460181;63:01:57;15:01:57;226917.0;3;64:47:17;16:47:17;233237.0;3;6320.0;64:47:17;16:47:17;233237.0;3;6320.0;1.0;0.485;36.0;0.98;73.0;37.0;0.0
public_1476003122;314452.12040000036;6400937.1417;1943722;64:32:59;16:32:59;232379.0;3;64:48:46;16:48:46;233326.0;3;947.0;64:48:46;16:48:46;233326.0;3;947.0;1.0;0.888;30.0;0.971;33.0;3.0;0.0
8273513_work;319119.51499999966;6399154.318;8273513;55:20:39;07:20:39;199239.0;3;56:41:54;08:41:54;204114.0;3;4875.0;64:51:11;16:51:11;233471.0;3;34232.0;0.142;0.832;43.0;1.0;52.0;9.0;0.0
5903381_work;318429.2324000001;6403242.054199999;5903381;56:38:34;08:38:34;203914.0;3;58:47:14;10:47:14;211634.0;3;7720.0;64:52:54;16:52:54;233574.0;3;29660.0;0.26;0.665;35.0;1.0;52.0;17.0;0.0
2082244_work;321759.9375;6395775.261700001;2082244;56:11:42;08:11:42;202302.0;3;57:55:34;09:55:34;208534.0;3;6232.0;64:53:33;16:53:33;233613.0;3;31311.0;0.199;0.602;20.0;1.0;34.0;14.0;0.0
4740650_home;316448.00519999955;6394950.763599999;4740650;63:55:30;15:55:30;230130.0;3;64:54:08;16:54:08;233648.0;3;3518.0;64:54:08;16:54:08;233648.0;3;3518.0;1.0;0.551;41.0;0.642;48.0;7.0;0.0
9518143_home;314904.36259999964;6396247.635500001;9518143;64:06:42;16:06:42;230802.0;3;64:54:49;16:54:49;233689.0;3;2887.0;64:54:49;16:54:49;233689.0;3;2887.0;1.0;0.604;36.0;0.697;42.0;6.0;0.0
4575456_home;329490.0011999998;6393422.0393;4575456;64:37:29;16:37:29;232649.0;3;64:59:03;16:59:03;233943.0;3;1294.0;64:59:03;16:59:03;233943.0;3;1294.0;1.0;0.477;29.0;0.519;31.0;3.0;0.0
public_1476341106;308091.9696000004;6404985.7029;7297455;63:33:34;15:33:34;228814.0;3;64:48:29;16:48:29;233309.0;3;4495.0;65:00:54;17:00:54;234054.0;3;5240.0;0.858;0.658;28.0;1.0;42.0;14.0;0.0
1981224_home;320282.4653000003;6397524.552999999;1981224;63:47:13;15:47:13;229633.0;3;64:31:19;16:31:19;232279.0;3;2646.0;65:01:18;17:01:18;234078.0;3;4445.0;0.595;0.94;39.0;1.0;42.0;3.0;0.0
7406774_home;316306.53089999966;6398759.7874;7406774;64:44:28;16:44:28;233068.0;3;65:02:32;17:02:32;234152.0;3;1084.0;65:02:32;17:02:32;234152.0;3;1084.0;1.0;0.602;45.0;0.63;47.0;2.0;0.0
public_1476143837;319329.89969999995;6404713.8981;9456468;61:17:41;13:17:41;220661.0;3;62:03:29;14:03:29;223409.0;3;2748.0;65:04:57;17:04:57;234297.0;3;13636.0;0.202;0.911;31.0;1.0;34.0;3.0;0.0
public_1476257276;316743.8037999999;6399103.082599999;2316095;54:57:23;06:57:23;197843.0;3;55:59:39;07:59:39;201579.0;3;3736.0;65:05:17;17:05:17;234317.0;3;36474.0;0.102;0.877;53.0;1.0;60.0;7.0;0.0
1942038_work;318738.59979999997;6397507.174799999;1942038;56:03:00;08:03:00;201780.0;3;56:52:34;08:52:34;204754.0;3;2974.0;65:08:03;17:08:03;234483.0;3;32703.0;0.091;0.904;38.0;1.0;42.0;4.0;0.0
7494733_home;320931.8605000004;6395287.4657000005;7494733;64:44:15;16:44:15;233055.0;3;65:09:38;17:09:38;234578.0;3;1523.0;65:09:38;17:09:38;234578.0;3;1523.0;1.0;0.5;30.0;0.549;33.0;3.0;0.0
public_1476304420;318816.81149999984;6399642.367000001;9457475;63:56:03;15:56:03;230163.0;3;64:30:19;16:30:19;232219.0;3;2056.0;65:10:40;17:10:40;234640.0;3;4477.0;0.459;0.967;73.0;1.0;75.0;2.0;0.0
1927836_work;318744.15020000003;6397854.8806;1927836;55:31:02;07:31:02;199862.0;3;56:20:49;08:20:49;202849.0;3;2987.0;65:11:02;17:11:02;234662.0;3;34800.0;0.086;0.903;38.0;1.0;42.0;4.0;0.0
public_1476005260;324642.5215999996;6404837.954399999;4764447;63:44:57;15:44:57;229497.0;3;64:45:44;16:45:44;233144.0;3;3647.0;65:17:08;17:17:08;235028.0;3;5531.0;0.659;0.886;53.0;1.0;60.0;7.0;0.0
4638257_work;318553.84049999993;6394254.804300001;4638257;55:57:45;07:57:45;201465.0;3;56:34:49;08:34:49;203689.0;3;2224.0;65:18:00;17:18:00;235080.0;3;33615.0;0.066;0.958;40.0;1.0;42.0;2.0;0.0
public_1476276241;318072.1688000001;6398328.3006;2072947;64:13:08;16:13:08;231188.0;3;65:19:21;17:19:21;235161.0;3;3973.0;65:19:21;17:19:21;235161.0;3;3973.0;1.0;0.679;29.0;0.999;42.0;13.0;0.0
2313708_work;319848.8702999996;6401758.5788;2313708;55:31:50;07:31:50;199910.0;3;56:16:34;08:16:34;202594.0;3;2684.0;65:19:46;17:19:46;235186.0;3;35276.0;0.076;0.921;31.0;1.0;34.0;3.0;0.0
public_1476197380;321710.2089999998;6400207.8992;5464758;65:05:07;17:05:07;234307.0;3;65:29:32;17:29:32;235772.0;3;1465.0;65:29:32;17:29:32;235772.0;3;1465.0;1.0;0.809;28.0;0.974;33.0;6.0;0.0
7358660_home;318772.68200000003;6399748.147600001;7358660;64:22:39;16:22:39;231759.0;3;65:34:26;17:34:26;236066.0;3;4307.0;65:34:26;17:34:26;236066.0;3;4307.0;1.0;0.666;28.0;0.866;36.0;8.0;0.0
3256128_work;314566.75930000003;6406042.2543;3256128;62:58:15;14:58:15;226695.0;3;64:32:39;16:32:39;232359.0;3;5664.0;65:37:57;17:37:57;236277.0;3;9582.0;0.591;0.808;48.0;1.0;60.0;12.0;0.0
2096149_home;324174.9210999999;6400567.152000001;2096149;65:35:55;17:35:55;236155.0;3;65:39:36;17:39:36;236376.0;3;221.0;65:39:36;17:39:36;236376.0;3;221.0;1.0;0.71;24.0;0.723;25.0;0.0;0.0
public_1476421083;319453.5351;6400858.7137;9396643;65:16:14;17:16:14;234974.0;3;65:45:12;17:45:12;236712.0;3;1738.0;65:45:12;17:45:12;236712.0;3;1738.0;1.0;0.968;50.0;0.997;52.0;2.0;0.0
4704257_work;315991.8487999998;6404363.5067;4704257;55:36:34;07:36:34;200194.0;3;56:36:34;08:36:34;203794.0;3;3600.0;65:45:26;17:45:26;236726.0;3;36532.0;0.099;0.839;29.0;1.0;34.0;5.0;0.0
2045831_work;312183.26549999975;6403581.783500001;2045831;56:44:00;08:44:00;204240.0;3;59:50:14;11:50:14;215414.0;3;11174.0;65:48:17;17:48:17;236897.0;3;32657.0;0.342;0.462;24.0;1.0;52.0;28.0;0.0
public_1476374493;322870.0351999998;6396982.024;10006521;64:57:39;16:57:39;233859.0;3;65:45:49;17:45:49;236749.0;3;2890.0;65:49:22;17:49:22;236962.0;3;3103.0;0.931;0.891;37.0;1.0;42.0;5.0;0.0
public_1476072704;319365.0099999998;6399863.1022;7458801;62:27:46;14:27:46;224866.0;3;63:11:39;15:11:39;227499.0;3;2633.0;65:51:29;17:51:29;237089.0;3;12223.0;0.215;0.962;58.0;1.0;60.0;2.0;0.0
public_1475967198;320568.9325000001;6398391.546499999;4803807;57:02:45;09:02:45;205365.0;3;57:55:54;09:55:54;208554.0;3;3189.0;65:53:08;17:53:08;237188.0;3;31823.0;0.1;0.848;36.0;1.0;42.0;6.0;0.0
public_1476257276;316743.8037999999;6399103.082599999;1941262;57:02:07;09:02:07;205327.0;3;57:46:34;09:46:34;207994.0;3;2667.0;65:54:12;17:54:12;237252.0;3;31925.0;0.084;0.921;31.0;1.0;34.0;3.0;0.0
7316759_work;307677.8507000003;6403576.386399999;7316759;56:16:26;08:16:26;202586.0;3;57:11:14;09:11:14;205874.0;3;3288.0;65:54:48;17:54:48;237288.0;3;34702.0;0.095;0.926;48.0;1.0;52.0;4.0;0.0
public_1476077143;312722.4956;6402428.275699999;9416099;63:10:21;15:10:21;227421.0;3;64:24:49;16:24:49;231889.0;3;4468.0;65:55:58;17:55:58;237358.0;3;9937.0;0.45;0.662;28.0;1.0;42.0;14.0;0.0
2033206_work;329046.79279999994;6395900.8002;2033206;55:31:51;07:31:51;199911.0;3;56:23:34;08:23:34;203014.0;3;3103.0;65:56:05;17:56:05;237365.0;3;37454.0;0.083;0.895;38.0;1.0;42.0;4.0;0.0
1855936_home;318085.06819999963;6398651.4745000005;1855936;64:59:20;16:59:20;233960.0;3;66:01:40;18:01:40;237700.0;3;3740.0;66:01:40;18:01:40;237700.0;3;3740.0;1.0;0.529;40.0;0.626;47.0;7.0;0.0
public_1476109719;319587.52699999977;6398360.055;1857800;57:50:06;09:50:06;208206.0;3;58:54:49;10:54:49;212089.0;3;3883.0;66:02:05;18:02:05;237725.0;3;29519.0;0.132;0.863;52.0;1.0;60.0;8.0;0.0
1942967_home;308843.39460000023;6403259.199899999;1942967;65:10:49;17:10:49;234649.0;3;65:57:59;17:57:59;237479.0;3;2830.0;66:08:02;18:08:02;238082.0;3;3433.0;0.824;0.956;57.0;1.0;60.0;3.0;0.0
public_1476420042;316959.1730000004;6391667.6219999995;1876907;43:00:35;19:00:35;154835.0;2;44:24:49;20:24:49;159889.0;2;5054.0;66:17:25;18:17:25;238645.0;3;83810.0;0.06;0.577;24.0;1.0;42.0;18.0;0.0
4598777_work;319754.7854000004;6399196.7316;4598777;55:45:28;07:45:28;200728.0;3;55:45:29;07:45:29;200729.0;3;1.0;66:18:03;18:18:03;238683.0;3;37955.0;0.0;1.0;42.0;1.0;42.0;0.0;0.0
public_1476008692;319792.52139999997;6397675.052300001;4781029;62:08:59;14:08:59;223739.0;3;62:56:39;14:56:39;226599.0;3;2860.0;66:27:51;18:27:51;239271.0;3;15532.0;0.184;0.895;38.0;1.0;42.0;4.0;0.0
public_1476162075;315698.9042999996;6392867.8893;7507349;64:44:37;16:44:37;233077.0;3;65:49:44;17:49:44;236984.0;3;3907.0;66:38:33;18:38:33;239913.0;3;6836.0;0.572;0.744;31.0;1.0;42.0;11.0;0.0
4598777_home;321474.26910000015;6400655.366699999;4598777;66:25:32;18:25:32;239132.0;3;66:25:34;18:25:34;239134.0;3;2.0;66:44:42;18:44:42;240282.0;3;1150.0;0.002;1.0;42.0;1.0;42.0;0.0;0.0
4744050_work;319821.01740000024;6398390.026699999;4744050;62:05:00;14:05:00;223500.0;3;63:05:24;15:05:24;227124.0;3;3624.0;66:47:36;18:47:36;240456.0;3;16956.0;0.214;0.857;36.0;1.0;42.0;6.0;0.0
5412001_home;324228.24990000017;6411547.4033;5412001;44:27:51;20:27:51;160071.0;2;49:27:49;01:27:49;178069.0;3;17998.0;66:49:09;18:49:09;240549.0;3;80478.0;0.224;0.387;20.0;1.0;52.0;32.0;0.0
public_1476109719;319587.52699999977;6398360.055;1876907;66:27:49;18:27:49;239269.0;3;66:50:01;18:50:01;240601.0;3;1332.0;66:50:01;18:50:01;240601.0;3;1332.0;1.0;0.949;40.0;0.994;42.0;2.0;0.0
7491449_work;317742.09619999956;6400014.5427;7491449;56:03:19;08:03:19;201799.0;3;56:42:19;08:42:19;204139.0;3;2340.0;67:07:17;19:07:17;241637.0;3;39838.0;0.059;0.95;40.0;1.0;42.0;2.0;0.0
public_1476296138;319418.83029999956;6405293.0362;2003179;66:28:44;18:28:44;239324.0;3;67:13:47;19:13:47;242027.0;3;2703.0;67:13:47;19:13:47;242027.0;3;2703.0;1.0;0.914;38.0;1.0;42.0;4.0;0.0
4782568_home;321683.6560000004;6399949.578;4782568;66:12:32;18:12:32;238352.0;3;67:16:40;19:16:40;242200.0;3;3848.0;67:16:40;19:16:40;242200.0;3;3848.0;1.0;0.639;48.0;0.738;55.0;7.0;0.0
2327190_work;310590.63329999987;6400646.991699999;2327190;63:00:53;15:00:53;226853.0;3;63:57:04;15:57:04;230224.0;3;3371.0;67:25:07;19:25:07;242707.0;3;15854.0;0.213;0.859;29.0;1.0;34.0;5.0;0.0
public_1476108201;317989.1286000004;6398849.0778;5412001;67:05:01;19:05:01;241501.0;3;67:29:50;19:29:50;242990.0;3;1489.0;67:29:50;19:29:50;242990.0;3;1489.0;1.0;0.939;49.0;0.989;51.0;3.0;0.0
public_1475953896;317952.19570000004;6397239.963099999;1981224;66:21:04;18:21:04;238864.0;3;66:53:44;18:53:44;240824.0;3;1960.0;67:32:14;19:32:14;243134.0;3;4270.0;0.459;0.971;41.0;1.0;42.0;1.0;0.0
4803807_home;328420.23819999956;6392998.5952;4803807;66:06:48;18:06:48;238008.0;3;66:54:24;18:54:24;240864.0;3;2856.0;67:34:27;19:34:27;243267.0;3;5259.0;0.543;0.93;39.0;1.0;42.0;3.0;0.0
public_1476043042;316101.3679999998;6399008.103399999;1881745;67:12:48;19:12:48;241968.0;3;67:36:33;19:36:33;243393.0;3;1425.0;67:36:33;19:36:33;243393.0;3;1425.0;1.0;0.907;31.0;0.989;34.0;3.0;0.0
1881178_home;308685.8351999996;6403612.2498;1881178;65:02:58;17:02:58;234178.0;3;67:13:09;19:13:09;241989.0;3;7811.0;67:46:31;19:46:31;243991.0;3;9813.0;0.796;0.639;22.0;1.0;34.0;12.0;0.0
1968155_work;326860.3532999996;6395579.339400001;1968155;62:29:34;14:29:34;224974.0;3;64:11:39;16:11:39;231099.0;3;6125.0;67:56:30;19:56:30;244590.0;3;19616.0;0.312;0.611;21.0;1.0;34.0;13.0;0.0
2333631_home;331154.87789999973;6409943.0865;2333631;45:19:17;21:19:17;163157.0;2;46:43:24;22:43:24;168204.0;2;5047.0;68:19:07;20:19:07;245947.0;3;82790.0;0.061;0.894;67.0;1.0;75.0;8.0;0.0
2322703_work;320268.7115000002;6400021.0875;2322703;60:04:37;12:04:37;216277.0;3;60:52:29;12:52:29;219149.0;3;2872.0;68:29:21;20:29:21;246561.0;3;30284.0;0.095;0.95;49.0;1.0;52.0;3.0;0.0
public_1476065604;317287.3872999996;6400280.969699999;9452178;66:46:51;18:46:51;240411.0;3;68:10:04;20:10:04;245404.0;3;4993.0;68:30:58;20:30:58;246658.0;3;6247.0;0.799;0.727;38.0;1.0;52.0;14.0;0.0
5466186_home;322789.1266999999;6406953.917400001;5466186;67:59:58;19:59:58;244798.0;3;68:37:25;20:37:25;247045.0;3;2247.0;68:37:25;20:37:25;247045.0;3;2247.0;1.0;0.554;23.0;0.659;28.0;4.0;0.0
public_1476428745;319498.6796000004;6401884.5024;4732865;68:12:35;20:12:35;245555.0;3;68:46:55;20:46:55;247615.0;3;2060.0;68:46:55;20:46:55;247615.0;3;2060.0;1.0;0.891;53.0;0.989;59.0;6.0;0.0
public_1476165477;320306.7750000004;6400028.7322;4803807;67:47:54;19:47:54;244074.0;3;68:31:19;20:31:19;246679.0;3;2605.0;68:56:00;20:56:00;248160.0;3;4086.0;0.638;0.927;39.0;1.0;42.0;3.0;0.0
public_1475986653;314437.4013;6397296.207699999;2325706;68:47:10;20:47:10;247630.0;3;68:56:10;20:56:10;248170.0;3;540.0;68:56:10;20:56:10;248170.0;3;540.0;1.0;0.495;21.0;0.574;24.0;3.0;0.0
4588932_home;317695.8197999997;6399263.199100001;4588932;69:05:43;21:05:43;248743.0;3;69:17:12;21:17:12;249432.0;3;689.0;69:17:12;21:17:12;249432.0;3;689.0;1.0;0.593;36.0;0.615;37.0;1.0;0.0
public_1476355494;315193.9452999998;6394972.5787;7508758;65:58:11;17:58:11;237491.0;3;66:46:09;18:46:09;240369.0;3;2878.0;69:20:17;21:20:17;249617.0;3;12126.0;0.237;0.893;30.0;1.0;34.0;4.0;0.0
public_1476149896;315402.4561999999;6396558.679;4764447;65:36:08;17:36:08;236168.0;3;66:24:04;18:24:04;239044.0;3;2876.0;70:14:21;22:14:21;252861.0;3;16693.0;0.172;0.95;57.0;1.0;60.0;3.0;0.0
1876762_work;320901.7082000002;6399955.9649;1876762;60:58:19;12:58:19;219499.0;3;61:40:04;13:40:04;222004.0;3;2505.0;70:14:22;22:14:22;252862.0;3;33363.0;0.075;0.938;39.0;1.0;42.0;3.0;0.0
public_1476187491;321710.3996000001;6400785.069;4703597;70:28:53;22:28:53;253733.0;3;70:53:14;22:53:14;255194.0;3;1461.0;70:53:14;22:53:14;255194.0;3;1461.0;1.0;0.653;22.0;0.909;31.0;9.0;0.0
2030913_home;324950.07710000034;6403226.425100001;2030913;57:44:37;09:44:37;207877.0;3;61:06:09;13:06:09;219969.0;3;12092.0;76:46:23;04:46:23;276383.0;4;68506.0;0.177;0.394;13.0;1.0;34.0;21.0;0.0
9669904_home;308156.70720000006;6403901.6326;9669904;64:35:24;16:35:24;232524.0;3;66:57:49;18:57:49;241069.0;3;8545.0;77:35:46;05:35:46;279346.0;4;46822.0;0.182;0.596;20.0;1.0;34.0;14.0;0.0
10004860_home;323923.82969999965;6411780.592;10004860;74:25:00;02:25:00;267900.0;4;76:28:29;04:28:29;275309.0;4;7409.0;77:38:05;05:38:05;279485.0;4;11585.0;0.64;0.662;23.0;1.0;34.0;11.0;0.0
5464371_home;324114.14690000005;6408070.1841;5464371;66:35:13;18:35:13;239713.0;3;71:13:44;23:13:44;256424.0;3;16711.0;77:44:32;05:44:32;279872.0;4;40159.0;0.416;0.506;30.0;1.0;60.0;30.0;0.0
9542522_home;316795.9687000001;6392612.4684999995;9542522;65:38:25;17:38:25;236305.0;3;67:07:44;19:07:44;241664.0;3;5359.0;77:50:48;05:50:48;280248.0;4;43943.0;0.122;0.86;45.0;1.0;52.0;7.0;0.0
public_1476332404;307119.9084999999;6401599.6778;2319409;73:30:00;01:30:00;264600.0;4;76:02:09;04:02:09;273729.0;4;9129.0;77:54:52;05:54:52;280492.0;4;15892.0;0.574;0.328;20.0;1.0;60.0;40.0;0.0
1949229_home;323019.3764000004;6393576.3303;1949229;72:50:00;00:50:00;262200.0;4;77:33:54;05:33:54;279234.0;4;17034.0;78:02:44;06:02:44;280964.0;4;18764.0;0.908;0.423;22.0;1.0;52.0;30.0;0.0
1966715_home;329035.59250000026;6403203.294;1966715;63:53:34;15:53:34;230014.0;3;68:50:39;20:50:39;247839.0;3;17825.0;78:03:06;06:03:06;280986.0;4;50972.0;0.35;0.237;10.0;1.0;42.0;32.0;0.0
1931224_home;315805.61230000015;6400721.7006;1931224;64:57:55;16:57:55;233875.0;3;65:56:19;17:56:19;237379.0;3;3504.0;78:04:07;06:04:07;281047.0;4;47172.0;0.074;0.9;38.0;1.0;42.0;4.0;0.0
2326344_home;308791.47479999997;6404167.352600001;2326344;73:00:00;01:00:00;262800.0;4;77:38:04;05:38:04;279484.0;4;16684.0;78:07:27;06:07:27;281247.0;4;18447.0;0.904;0.131;4.0;1.0;34.0;30.0;0.0
4784608_home;315495.04899999965;6393005.9285;4784608;75:40:00;03:40:00;272400.0;4;76:40:54;04:40:54;276054.0;4;3654.0;78:07:42;06:07:42;281262.0;4;8862.0;0.412;0.93;56.0;1.0;60.0;4.0;0.0
2315592_home;314197.7220999999;6390817.0002999995;2315592;63:41:34;15:41:34;229294.0;3;64:31:44;16:31:44;232304.0;3;3010.0;78:09:15;06:09:15;281355.0;4;52061.0;0.058;0.913;31.0;1.0;34.0;3.0;0.0
public_1476374868;326164.59970000014;6410462.483899999;1879340;74:05:00;02:05:00;266700.0;4;76:22:39;04:22:39;274959.0;4;8259.0;78:10:13;06:10:13;281413.0;4;14713.0;0.561;0.417;25.0;1.0;60.0;35.0;0.0
public_1476212394;326209.48929999955;6403792.665100001;1967295;74:25:00;02:25:00;267900.0;4;75:19:24;03:19:24;271164.0;4;3264.0;78:14:00;06:14:00;281640.0;4;13740.0;0.238;0.826;28.0;1.0;34.0;6.0;0.0
2330931_home;320166.88939999975;6411095.9070999995;2330931;65:17:21;17:17:21;235041.0;3;66:41:49;18:41:49;240109.0;3;5068.0;78:15:00;06:15:00;281700.0;4;46659.0;0.109;0.795;27.0;1.0;34.0;7.0;0.0
1996195_home;315554.59729999956;6394257.203;1996195;65:02:30;17:02:30;234150.0;3;66:19:39;18:19:39;238779.0;3;4629.0;78:15:48;06:15:48;281748.0;4;47598.0;0.097;0.848;36.0;1.0;42.0;6.0;0.0
3255260_home;309923.2385;6403891.039899999;3255260;64:30:09;16:30:09;232209.0;3;67:54:44;19:54:44;244484.0;3;12275.0;78:20:43;06:20:43;282043.0;4;49834.0;0.246;0.383;13.0;1.0;34.0;21.0;0.0
1895729_home;328438.38960000034;6404160.908299999;1895729;63:45:54;15:45:54;229554.0;3;65:15:19;17:15:19;234919.0;3;5365.0;78:22:34;06:22:34;282154.0;4;52600.0;0.102;0.86;45.0;1.0;52.0;7.0;0.0
8169511_home;323559.93120000046;6407681.0622000005;8169511;74:20:00;02:20:00;267600.0;4;77:21:14;05:21:14;278474.0;4;10874.0;78:26:02;06:26:02;282362.0;4;14762.0;0.737;0.743;56.0;1.0;75.0;19.0;0.0
public_1476338248;327490.32990000024;6393829.741599999;4804925;64:50:42;16:50:42;233442.0;3;65:49:59;17:49:59;236999.0;3;3557.0;78:27:52;06:27:52;282472.0;4;49030.0;0.073;0.895;54.0;1.0;60.0;6.0;0.0
4707188_home;315076.6445000004;6401854.6182;4707188;62:31:46;14:31:46;225106.0;3;67:49:39;19:49:39;244179.0;3;19073.0;78:30:16;06:30:16;282616.0;4;57510.0;0.332;0.43;26.0;1.0;60.0;34.0;0.0
1996417_home;315088.1275000004;6392900.0217;1996417;71:55:00;23:55:00;258900.0;3;77:18:59;05:18:59;278339.0;4;19439.0;78:30:25;06:30:25;282625.0;4;23725.0;0.819;0.333;17.0;1.0;52.0;35.0;0.0
8253956_home;321798.40660000034;6397594.6765;8253956;64:18:37;16:18:37;231517.0;3;65:44:49;17:44:49;236689.0;3;5172.0;78:31:07;06:31:07;282667.0;4;51150.0;0.101;0.823;35.0;1.0;42.0;7.0;0.0
9664484_home;314380.07550000027;6390999.892000001;9664484;66:25:23;18:25:23;239123.0;3;68:44:34;20:44:34;247474.0;3;8351.0;78:31:38;06:31:38;282698.0;4;43575.0;0.192;0.608;21.0;1.0;34.0;13.0;0.0
7457316_home;323172.5630000001;6401065.446799999;7457316;75:40:00;03:40:00;272400.0;4;76:41:54;04:41:54;276114.0;4;3714.0;78:32:26;06:32:26;282746.0;4;10346.0;0.359;0.873;30.0;1.0;34.0;4.0;0.0
2073959_home;319947.909;6402641.823100001;2073959;64:24:52;16:24:52;231892.0;3;67:12:04;19:12:04;241924.0;3;10032.0;78:37:38;06:37:38;283058.0;4;51166.0;0.196;0.512;17.0;1.0;34.0;17.0;0.0
9664574_home;314103.0192;6390609.5557;9664574;58:03:06;10:03:06;208986.0;3;59:02:49;11:02:49;212569.0;3;3583.0;78:40:26;06:40:26;283226.0;4;74240.0;0.048;0.881;30.0;1.0;34.0;4.0;0.0
3040240_home;326658.70320000034;6408655.014799999;3040240;62:20:29;14:20:29;224429.0;3;70:25:09;22:25:09;253509.0;3;29080.0;78:41:46;06:41:46;283306.0;4;58877.0;0.494;0.271;20.0;1.0;75.0;55.0;0.0
public_1476108201;317989.1286000004;6398849.0778;1916724;61:58:00;13:58:00;223080.0;3;63:00:14;15:00:14;226814.0;3;3734.0;78:41:58;06:41:58;283318.0;4;60238.0;0.062;0.875;45.0;1.0;52.0;7.0;0.0
1923602_home;322767.22449999955;6400578.9848;1923602;64:53:04;16:53:04;233584.0;3;66:10:59;18:10:59;238259.0;3;4675.0;78:47:50;06:47:50;283670.0;4;50086.0;0.093;0.885;46.0;1.0;52.0;6.0;0.0
public_1476434113;314469.3048999999;6391226.7118999995;2322569;64:58:36;16:58:36;233916.0;3;66:13:24;18:13:24;238404.0;3;4488.0;78:48:34;06:48:34;283714.0;4;49798.0;0.09;0.786;41.0;1.0;52.0;11.0;0.0
4922102_home;312494.0672000004;6396388.6391;4922102;64:45:35;16:45:35;233135.0;3;67:57:44;19:57:44;244664.0;3;11529.0;78:48:45;06:48:45;283725.0;4;50590.0;0.228;0.529;22.0;1.0;42.0;20.0;0.0
public_1476276241;318072.1688000001;6398328.3006;4691412;74:20:00;02:20:00;267600.0;4;76:36:24;04:36:24;275784.0;4;8184.0;78:48:49;06:48:49;283729.0;4;16129.0;0.507;0.352;18.0;1.0;52.0;34.0;0.0
7365027_home;324551.1047;6403807.834100001;7365027;64:32:27;16:32:27;232347.0;3;65:31:59;17:31:59;235919.0;3;3572.0;78:49:23;06:49:23;283763.0;4;51416.0;0.069;0.881;30.0;1.0;34.0;4.0;0.0
public_1476151080;316591.76549999975;6405543.7607;4652995;67:58:29;19:58:29;244709.0;3;69:22:59;21:22:59;249779.0;3;5070.0;78:49:33;06:49:33;283773.0;4;39064.0;0.13;0.574;24.0;1.0;42.0;18.0;0.0
7295917_home;316585.1517000003;6397969.591;7295917;68:51:29;20:51:29;247889.0;3;72:30:54;00:30:54;261054.0;4;13165.0;78:52:06;06:52:06;283926.0;4;36037.0;0.365;0.453;19.0;1.0;42.0;23.0;0.0
10006014_home;323523.2363999998;6411247.2147;10006014;74:15:00;02:15:00;267300.0;4;77:41:04;05:41:04;279664.0;4;12364.0;78:52:20;06:52:20;283940.0;4;16640.0;0.743;0.49;21.0;1.0;42.0;21.0;0.0
2032126_home;317788.7125000004;6402955.927100001;2032126;67:11:42;19:11:42;241902.0;3;72:36:39;00:36:39;261399.0;4;19497.0;78:52:47;06:52:47;283967.0;4;42065.0;0.463;0.416;25.0;1.0;60.0;35.0;0.0
4795845_home;322335.9589999998;6394700.119999999;4795845;63:23:42;15:23:42;228222.0;3;65:23:19;17:23:19;235399.0;3;7177.0;78:59:06;06:59:06;284346.0;4;56124.0;0.128;0.839;63.0;1.0;75.0;12.0;0.0
1996902_home;317554.43620000035;6392132.7509;1996902;65:12:58;17:12:58;234778.0;3;66:12:09;18:12:09;238329.0;3;3551.0;79:00:36;07:00:36;284436.0;4;49658.0;0.072;0.898;38.0;1.0;42.0;4.0;0.0
1873067_home;315460.40050000045;6397244.619200001;1873067;64:53:09;16:53:09;233589.0;3;70:36:04;22:36:04;254164.0;3;20575.0;79:02:11;07:02:11;284531.0;4;50942.0;0.404;0.491;37.0;1.0;75.0;38.0;0.0
4598048_home;322654.2934999997;6399796.4296;4598048;67:34:40;19:34:40;243280.0;3;70:43:54;22:43:54;254634.0;3;11354.0;79:02:31;07:02:31;284551.0;4;41271.0;0.275;0.436;15.0;1.0;34.0;19.0;0.0
4607727_home;317058.2664999999;6396129.8982;4607727;64:06:46;16:06:46;230806.0;3;68:51:39;20:51:39;247899.0;3;17093.0;79:04:56;07:04:56;284696.0;4;53890.0;0.317;0.421;22.0;1.0;52.0;30.0;0.0
9542839_home;323672.8679999998;6411205.032500001;9542839;66:16:14;18:16:14;238574.0;3;70:37:19;22:37:19;254239.0;3;15665.0;79:05:13;07:05:13;284713.0;4;46139.0;0.34;0.189;6.0;1.0;34.0;28.0;0.0
7373836_home;316281.4620000003;6395708.600099999;7373836;64:14:04;16:14:04;231244.0;3;65:35:44;17:35:44;236144.0;3;4900.0;79:05:47;07:05:47;284747.0;4;53503.0;0.092;0.805;27.0;1.0;34.0;7.0;0.0
4920357_home;308426.4475999996;6390683.909600001;4920357;62:46:47;14:46:47;226007.0;3;64:19:39;16:19:39;231579.0;3;5572.0;79:05:52;07:05:52;284752.0;4;58745.0;0.095;0.767;26.0;1.0;34.0;8.0;0.0
7298191_home;317752.87650000025;6399155.0825;7298191;64:32:12;16:32:12;232332.0;3;66:27:04;18:27:04;239224.0;3;6892.0;79:08:12;07:08:12;284892.0;4;52560.0;0.131;0.743;31.0;1.0;42.0;11.0;0.0
1967249_home;326381.0148;6403922.1515999995;1967249;64:10:51;16:10:51;231051.0;3;68:53:44;20:53:44;248024.0;3;16973.0;79:09:57;07:09:57;284997.0;4;53946.0;0.315;0.277;12.0;1.0;42.0;30.0;0.0
9460773_home;305174.8901000004;6400432.123299999;9460773;61:07:43;13:07:43;220063.0;3;63:33:14;15:33:14;228794.0;3;8731.0;79:11:27;07:11:27;285087.0;4;65024.0;0.134;0.586;20.0;1.0;34.0;14.0;0.0
4785109_home;325314.3842000002;6410331.5118;4785109;66:36:52;18:36:52;239812.0;3;69:27:04;21:27:04;250024.0;3;10212.0;79:11:46;07:11:46;285106.0;4;45294.0;0.225;0.717;43.0;1.0;60.0;17.0;0.0
1989025_home;316629.5700000003;6405039.8144000005;1989025;64:36:55;16:36:55;232615.0;3;70:24:14;22:24:14;253454.0;3;20839.0;79:12:13;07:12:13;285133.0;4;52518.0;0.397;0.281;15.0;1.0;52.0;37.0;0.0
public_1476313852;316616.84300000034;6398594.777000001;4780137;73:00:00;01:00:00;262800.0;4;75:28:14;03:28:14;271694.0;4;8894.0;79:12:32;07:12:32;285152.0;4;22352.0;0.398;0.352;21.0;1.0;60.0;39.0;0.0
4696156_home;322768.23419999983;6400165.2358;4696156;66:17:51;18:17:51;238671.0;3;72:36:44;00:36:44;261404.0;4;22733.0;79:13:17;07:13:17;285197.0;4;46526.0;0.489;0.311;19.0;1.0;60.0;41.0;0.0
2324411_home;304089.5016000001;6402685.125700001;2324411;74:50:00;02:50:00;269400.0;4;77:43:44;05:43:44;279824.0;4;10424.0;79:13:49;07:13:49;285229.0;4;15829.0;0.659;0.71;43.0;1.0;60.0;17.0;0.0
1986131_home;325358.5070000002;6405541.2228;1986131;65:43:00;17:43:00;236580.0;3;70:42:39;22:42:39;254559.0;3;17979.0;79:14:44;07:14:44;285284.0;4;48704.0;0.369;0.388;20.0;1.0;52.0;32.0;0.0
public_1476166354;314854.7056999998;6394602.3763999995;4768346;66:15:20;18:15:20;238520.0;3;68:07:44;20:07:44;245264.0;3;6744.0;79:15:12;07:15:12;285312.0;4;46792.0;0.144;0.201;7.0;1.0;34.0;27.0;0.0
4704065_home;316654.39240000024;6395182.139599999;4704065;75:20:00;03:20:00;271200.0;4;77:42:34;05:42:34;279754.0;4;8554.0;79:15:18;07:15:18;285318.0;4;14118.0;0.606;0.596;20.0;1.0;34.0;14.0;0.0
1992661_home;313591.01960000023;6395925.585200001;1992661;64:11:10;16:11:10;231070.0;3;64:58:19;16:58:19;233899.0;3;2829.0;79:16:14;07:16:14;285374.0;4;54304.0;0.052;0.924;31.0;1.0;34.0;3.0;0.0
7314224_home;317933.2176999999;6401778.4026999995;7314224;75:55:00;03:55:00;273300.0;4;76:48:14;04:48:14;276494.0;4;3194.0;79:17:51;07:17:51;285471.0;4;12171.0;0.262;0.915;38.0;1.0;42.0;4.0;0.0
2017265_home;329939.13379999995;6399812.3024;2017265;67:52:37;19:52:37;244357.0;3;75:27:04;03:27:04;271624.0;4;27267.0;79:19:02;07:19:02;285542.0;4;41185.0;0.662;0.318;24.0;1.0;75.0;51.0;0.0
9666429_home;312550.0806;6396646.038000001;9666429;70:32:00;22:32:00;253920.0;3;78:04:09;06:04:09;281049.0;4;27129.0;79:22:20;07:22:20;285740.0;4;31820.0;0.853;0.322;24.0;1.0;75.0;51.0;0.0
7416223_home;324493.25299999956;6400745.598300001;7416223;66:22:49;18:22:49;238969.0;3;70:41:14;22:41:14;254474.0;3;15505.0;79:22:21;07:22:21;285741.0;4;46772.0;0.332;0.344;14.0;1.0;42.0;28.0;0.0
2001171_home;320507.45770000014;6394613.757300001;2001171;66:14:39;18:14:39;238479.0;3;72:39:19;00:39:19;261559.0;4;23080.0;79:22:32;07:22:32;285752.0;4;47273.0;0.488;0.427;32.0;1.0;75.0;43.0;0.0
2040745_home;317672.99120000005;6391419.2917;2040745;75:10:00;03:10:00;270600.0;4;76:45:09;04:45:09;276309.0;4;5709.0;79:22:39;07:22:39;285759.0;4;15159.0;0.377;0.759;26.0;1.0;34.0;8.0;0.0
1918308_home;320396.9230000004;6397049.709799999;1918308;66:50:07;18:50:07;240607.0;3;73:18:44;01:18:44;263924.0;4;23317.0;79:24:34;07:24:34;285874.0;4;45267.0;0.515;0.421;32.0;1.0;75.0;43.0;0.0
2026654_home;320609.6179999998;6398121.9013;2026654;65:14:22;17:14:22;234862.0;3;68:13:24;20:13:24;245604.0;3;10742.0;79:24:43;07:24:43;285883.0;4;51021.0;0.211;0.471;16.0;1.0;34.0;18.0;0.0
2125293_home;331233.50600000005;6392181.7831;2125293;60:14:45;12:14:45;216885.0;3;65:40:34;17:40:34;236434.0;3;19549.0;79:25:16;07:25:16;285916.0;4;69031.0;0.283;0.415;25.0;1.0;60.0;35.0;0.0
1838625_home;327948.6612999998;6403011.553200001;1838625;66:40:49;18:40:49;240049.0;3;73:09:44;01:09:44;263384.0;4;23335.0;79:25:41;07:25:41;285941.0;4;45892.0;0.508;0.292;18.0;1.0;60.0;42.0;0.0
1996657_home;315186.0741999997;6392759.5867;1996657;69:10:44;21:10:44;249044.0;3;72:36:49;00:36:49;261409.0;4;12365.0;79:27:18;07:27:18;286038.0;4;36994.0;0.334;0.378;13.0;1.0;34.0;21.0;0.0
public_1476205505;324664.0750000002;6403791.789999999;2068881;78:54:41;06:54:41;284081.0;4;79:29:11;07:29:11;286151.0;4;2070.0;79:29:11;07:29:11;286151.0;4;2070.0;1.0;0.902;38.0;0.996;42.0;4.0;0.0
2082244_home;323421.98709999956;6395201.5699000005;2082244;66:05:00;18:05:00;237900.0;3;67:35:49;19:35:49;243349.0;3;5449.0;79:29:47;07:29:47;286187.0;4;48287.0;0.113;0.774;26.0;1.0;34.0;8.0;0.0
7359352_home;320385.3054999998;6399032.320900001;7359352;62:45:05;14:45:05;225905.0;3;63:51:49;15:51:49;229909.0;3;4004.0;79:29:48;07:29:48;286188.0;4;60283.0;0.066;0.856;29.0;1.0;34.0;5.0;0.0
public_1475954259;315561.4790000003;6398226.348099999;9402684;65:47:46;17:47:46;236866.0;3;67:55:09;19:55:09;244509.0;3;7643.0;79:30:09;07:30:09;286209.0;4;49343.0;0.155;0.479;29.0;1.0;60.0;31.0;0.0
7411921_home;318798.33550000004;6399576.0943;7411921;72:40:00;00:40:00;261600.0;4;77:35:14;05:35:14;279314.0;4;17714.0;79:33:00;07:33:00;286380.0;4;24780.0;0.715;0.474;28.0;1.0;60.0;32.0;0.0
7298193_home;317584.4939000001;6399003.723999999;7298193;65:49:35;17:49:35;236975.0;3;69:10:29;21:10:29;249029.0;3;12054.0;79:33:49;07:33:49;286429.0;4;49454.0;0.244;0.609;32.0;1.0;52.0;20.0;0.0
9480048_home;317385.8404000001;6399008.2039;9480048;75:35:00;03:35:00;272100.0;4;77:47:24;05:47:24;280044.0;4;7944.0;79:33:55;07:33:55;286435.0;4;14335.0;0.554;0.631;21.0;1.0;34.0;13.0;0.0
4702543_home;315828.16889999993;6400310.1654;4702543;66:22:37;18:22:37;238957.0;3;68:23:44;20:23:44;246224.0;3;7267.0;79:33:59;07:33:59;286439.0;4;47482.0;0.153;0.67;23.0;1.0;34.0;11.0;0.0
3043275_home;323221.37930000015;6407573.3287;3043275;67:10:39;19:10:39;241839.0;3;68:54:49;20:54:49;248089.0;3;6250.0;79:35:22;07:35:22;286522.0;4;44683.0;0.14;0.728;25.0;1.0;34.0;9.0;0.0
3256128_home;312042.0067999996;6404010.6996;3256128;65:44:58;17:44:58;236698.0;3;66:17:29;18:17:29;238649.0;3;1951.0;79:39:19;07:39:19;286759.0;4;50061.0;0.039;0.982;59.0;1.0;60.0;1.0;0.0
2327191_home;312442.53830000013;6408027.4498;2327191;66:39:10;18:39:10;239950.0;3;72:10:59;00:10:59;259859.0;4;19909.0;79:40:09;07:40:09;286809.0;4;46859.0;0.425;0.509;38.0;1.0;75.0;37.0;0.0
public_1476160164;316329.15589999966;6398059.6876;2093943;75:50:00;03:50:00;273000.0;4;76:41:14;04:41:14;276074.0;4;3074.0;79:41:10;07:41:10;286870.0;4;13870.0;0.222;0.86;29.0;1.0;34.0;5.0;0.0
2075756_home;314782.0530000003;6394580.7534;2075756;75:20:00;03:20:00;271200.0;4;77:02:19;05:02:19;277339.0;4;6139.0;79:41:53;07:41:53;286913.0;4;15713.0;0.391;0.849;51.0;1.0;60.0;9.0;0.0
4765466_home;317260.3038999997;6405501.721100001;4765466;65:52:35;17:52:35;237155.0;3;70:44:24;22:44:24;254664.0;3;17509.0;79:42:07;07:42:07;286927.0;4;49772.0;0.352;0.406;21.0;1.0;52.0;31.0;0.0
public_1476104029;316423.3071999997;6396608.2852;4609799;79:15:14;07:15:14;285314.0;4;79:42:27;07:42:27;286947.0;4;1633.0;79:42:27;07:42:27;286947.0;4;1633.0;1.0;0.456;34.0;0.589;44.0;10.0;0.0
2323347_home;307126.88910000026;6402526.6186;2323347;66:42:24;18:42:24;240144.0;3;69:15:44;21:15:44;249344.0;3;9200.0;79:44:23;07:44:23;287063.0;4;46919.0;0.196;0.716;37.0;1.0;52.0;15.0;0.0
1979559_home;317378.4769000001;6399057.516100001;1979559;65:25:59;17:25:59;235559.0;3;66:20:09;18:20:09;238809.0;3;3250.0;79:44:43;07:44:43;287083.0;4;51524.0;0.063;0.899;31.0;1.0;34.0;3.0;0.0
4926634_home;317166.55790000036;6406348.022399999;4926634;70:25:00;22:25:00;253500.0;3;77:14:54;05:14:54;278094.0;4;24594.0;79:45:15;07:45:15;287115.0;4;33615.0;0.732;0.251;15.0;1.0;60.0;45.0;0.0
2321911_home;313484.2681;6392696.2773;2321911;75:30:00;03:30:00;271800.0;4;77:38:14;05:38:14;279494.0;4;7694.0;79:45:15;07:45:15;287115.0;4;15315.0;0.502;0.645;22.0;1.0;34.0;12.0;0.0
4743032_home;314749.88150000013;6403190.496200001;4743032;62:00:10;14:00:10;223210.0;3;63:23:54;15:23:54;228234.0;3;5024.0;79:45:46;07:45:46;287146.0;4;63936.0;0.079;0.83;35.0;1.0;42.0;7.0;0.0
2079661_home;320529.1183000002;6395261.707800001;2079661;58:16:59;10:16:59;209819.0;3;61:42:09;13:42:09;222129.0;3;12310.0;79:46:33;07:46:33;287193.0;4;77374.0;0.159;0.381;13.0;1.0;34.0;21.0;0.0
10004086_home;324725.4099000003;6411738.0989;10004086;63:30:36;15:30:36;228636.0;3;64:54:59;16:54:59;233699.0;3;5063.0;79:47:03;07:47:03;287223.0;4;58587.0;0.086;0.828;35.0;1.0;42.0;7.0;0.0
4638257_home;316767.84300000034;6399023.1887;4638257;74:50:00;02:50:00;269400.0;4;75:47:39;03:47:39;272859.0;4;3459.0;79:48:11;07:48:11;287291.0;4;17891.0;0.193;0.902;38.0;1.0;42.0;4.0;0.0
10006521_home;323241.1639999999;6411391.374299999;10006521;66:08:08;18:08:08;238088.0;3;67:05:39;19:05:39;241539.0;3;3451.0;79:49:22;07:49:22;287362.0;4;49274.0;0.07;0.903;38.0;1.0;42.0;4.0;0.0
public_1476129700;315136.35780000035;6403347.9793;4661792;73:25:00;01:25:00;264300.0;4;75:17:54;03:17:54;271074.0;4;6774.0;79:50:58;07:50:58;287458.0;4;23158.0;0.293;0.327;14.0;1.0;42.0;28.0;0.0
public_1476270657;328341.16860000044;6398107.388499999;7400203;73:45:00;01:45:00;265500.0;4;75:52:29;03:52:29;273149.0;4;7649.0;79:51:02;07:51:02;287462.0;4;21962.0;0.348;0.414;22.0;1.0;52.0;30.0;0.0
1930342_home;320591.74909999967;6404037.073799999;1930342;57:46:26;09:46:26;207986.0;3;59:08:14;11:08:14;212894.0;3;4908.0;79:51:27;07:51:27;287487.0;4;79501.0;0.062;0.835;35.0;1.0;42.0;7.0;0.0
3039696_home;323044.76240000036;6407034.955700001;3039696;68:11:09;20:11:09;245469.0;3;72:19:29;00:19:29;260369.0;4;14900.0;79:52:55;07:52:55;287575.0;4;42106.0;0.354;0.503;26.0;1.0;52.0;26.0;0.0
1994103_home;314169.09049999993;6394474.7925;1994103;74:40:00;02:40:00;268800.0;4;76:39:49;04:39:49;275989.0;4;7189.0;79:54:30;07:54:30;287670.0;4;18870.0;0.381;0.815;49.0;1.0;60.0;11.0;0.0
2017200_home;329987.05480000004;6399596.5744;2017200;67:54:10;19:54:10;244450.0;3;69:06:09;21:06:09;248769.0;3;4319.0;79:56:26;07:56:26;287786.0;4;43336.0;0.1;0.839;29.0;1.0;34.0;5.0;0.0
public_1476429391;325900.2153000003;6400851.2162;7286409;63:15:40;15:15:40;227740.0;3;65:28:49;17:28:49;235729.0;3;7989.0;79:57:22;07:57:22;287842.0;4;60102.0;0.133;0.491;37.0;1.0;75.0;38.0;0.0
1896793_home;329267.9921000004;6401901.366900001;1896793;74:25:00;02:25:00;267900.0;4;75:45:34;03:45:34;272734.0;4;4834.0;79:57:38;07:57:38;287858.0;4;19958.0;0.242;0.839;35.0;1.0;42.0;7.0;0.0
2329272_home;320684.4760999996;6410192.153100001;2329272;67:08:18;19:08:18;241698.0;3;69:44:14;21:44:14;251054.0;3;9356.0;79:57:47;07:57:47;287867.0;4;46169.0;0.203;0.629;26.0;1.0;42.0;16.0;0.0
7462409_home;318447.7485999996;6401495.7853;7462409;74:05:00;02:05:00;266700.0;4;77:45:59;05:45:59;279959.0;4;13259.0;79:58:23;07:58:23;287903.0;4;21203.0;0.625;0.327;11.0;1.0;34.0;23.0;0.0
4611990_home;315461.02410000004;6402186.3398;4611990;73:25:00;01:25:00;264300.0;4;77:33:14;05:33:14;279194.0;4;14894.0;79:59:06;07:59:06;287946.0;4;23646.0;0.63;0.234;8.0;1.0;34.0;26.0;0.0
9407968_home;321824.78050000034;6397438.062999999;9407968;62:07:29;14:07:29;223649.0;3;62:54:34;14:54:34;226474.0;3;2825.0;79:59:21;07:59:21;287961.0;4;64312.0;0.044;0.954;50.0;1.0;52.0;2.0;0.0
7490377_home;315591.3705000002;6399008.9947;7490377;65:14:28;17:14:28;234868.0;3;66:31:34;18:31:34;239494.0;3;4626.0;79:59:38;07:59:38;287978.0;4;53110.0;0.087;0.848;36.0;1.0;42.0;6.0;0.0
9545323_home;321272.8841000004;6396437.3254;9545323;60:47:59;12:47:59;218879.0;3;61:36:39;13:36:39;221799.0;3;2920.0;80:01:17;08:01:17;288077.0;4;69198.0;0.042;0.918;31.0;1.0;34.0;3.0;0.0
7525984_home;327587.0580000002;6394607.9243;7525984;64:35:20;16:35:20;232520.0;3;67:55:29;19:55:29;244529.0;3;12009.0;80:03:48;08:03:48;288228.0;4;55708.0;0.216;0.659;40.0;1.0;60.0;20.0;0.0
4922431_home;312813.48450000025;6393865.3771;4922431;68:23:25;20:23:25;246205.0;3;73:40:09;01:40:09;265209.0;4;19004.0;80:07:13;08:07:13;288433.0;4;42228.0;0.45;0.35;18.0;1.0;52.0;34.0;0.0
7380534_home;314994.2132000001;6400792.838500001;7380534;73:00:00;01:00:00;262800.0;4;77:29:24;05:29:24;278964.0;4;16164.0;80:07:43;08:07:43;288463.0;4;25663.0;0.63;0.314;13.0;1.0;42.0;29.0;0.0
public_1476306682;322197.8075000001;6390279.7795;2080804;65:44:04;17:44:04;236644.0;3;66:34:59;18:34:59;239699.0;3;3055.0;80:09:57;08:09:57;288597.0;4;51953.0;0.059;0.867;36.0;1.0;42.0;6.0;0.0
9673358_home;331292.68010000046;6409734.7765;9673358;65:09:21;17:09:21;234561.0;3;73:43:09;01:43:09;265389.0;4;30828.0;80:10:37;08:10:37;288637.0;4;54076.0;0.57;0.226;17.0;1.0;75.0;58.0;0.0
1920973_home;320313.3021999998;6399077.480699999;1920973;73:20:00;01:20:00;264000.0;4;77:16:59;05:16:59;278219.0;4;14219.0;80:11:51;08:11:51;288711.0;4;24711.0;0.575;0.529;27.0;1.0;52.0;25.0;0.0
3042474_home;323498.7457999997;6407917.1406;3042474;73:20:00;01:20:00;264000.0;4;74:46:49;02:46:49;269209.0;4;5209.0;80:15:58;08:15:58;288958.0;4;24958.0;0.209;0.879;53.0;1.0;60.0;7.0;0.0
3262427_home;318453.77990000043;6409916.0055;3262427;74:35:00;02:35:00;268500.0;4;77:42:54;05:42:54;279774.0;4;11274.0;80:17:26;08:17:26;289046.0;4;20546.0;0.549;0.54;23.0;1.0;42.0;19.0;0.0
9521384_home;322979.31909999996;6410636.6581;9521384;62:36:26;14:36:26;225386.0;3;63:48:39;15:48:39;229719.0;3;4333.0;80:20:37;08:20:37;289237.0;4;63851.0;0.068;0.838;28.0;1.0;34.0;6.0;0.0
public_1476381951;321234.46520000044;6409352.0425;9412406;75:20:00;03:20:00;271200.0;4;76:13:14;04:13:14;274394.0;4;3194.0;80:21:12;08:21:12;289272.0;4;18072.0;0.177;0.848;36.0;1.0;42.0;6.0;0.0
2027259_home;319985.08550000004;6397151.247300001;2027259;64:08:19;16:08:19;230899.0;3;65:56:19;17:56:19;237379.0;3;6480.0;80:22:46;08:22:46;289366.0;4;58467.0;0.111;0.818;43.0;1.0;52.0;9.0;0.0
9542392_home;315910.61539999954;6390983.782;9542392;64:42:38;16:42:38;232958.0;3;66:04:24;18:04:24;237864.0;3;4906.0;80:23:52;08:23:52;289432.0;4;56474.0;0.087;0.805;27.0;1.0;34.0;7.0;0.0
public_1476040989;317098.9919999996;6396645.422700001;4575456;80:01:08;08:01:08;288068.0;4;80:28:49;08:28:49;289729.0;4;1661.0;80:28:49;08:28:49;289729.0;4;1661.0;1.0;0.402;24.0;0.571;34.0;10.0;0.0
public_1476346624;321946.39070000034;6397325.2446;3212352;68:17:36;20:17:36;245856.0;3;70:22:19;22:22:19;253339.0;3;7483.0;80:31:43;08:31:43;289903.0;4;44047.0;0.17;0.496;30.0;1.0;60.0;30.0;0.0
public_1476320783;317490.9028000003;6398776.622199999;1855465;64:06:20;16:06:20;230780.0;3;65:18:29;17:18:29;235109.0;3;4329.0;80:32:42;08:32:42;289962.0;4;59182.0;0.073;0.683;29.0;1.0;42.0;13.0;0.0
public_1476134020;319865.0999999996;6400330.5699000005;7442665;80:07:41;08:07:41;288461.0;4;80:36:36;08:36:36;290196.0;4;1735.0;80:36:36;08:36:36;290196.0;4;1735.0;1.0;0.604;25.0;0.856;36.0;11.0;0.0
7495572_home;324270.76180000044;6395263.6877;7495572;65:58:32;17:58:32;237512.0;3;69:11:59;21:11:59;249119.0;3;11607.0;80:37:54;08:37:54;290274.0;4;52762.0;0.22;0.525;22.0;1.0;42.0;20.0;0.0
9494196_home;317911.32710000034;6390302.2149;9494196;65:55:28;17:55:28;237328.0;3;70:23:09;22:23:09;253389.0;3;16061.0;80:39:06;08:39:06;290346.0;4;53018.0;0.303;0.167;6.0;1.0;34.0;28.0;0.0
5464758_home;323539.07299999986;6407164.673;5464758;76:05:00;04:05:00;273900.0;4;76:52:24;04:52:24;276744.0;4;2844.0;80:43:48;08:43:48;290628.0;4;16728.0;0.17;0.923;31.0;1.0;34.0;3.0;0.0
9491221_home;314495.6807000004;6394265.006899999;9491221;64:43:17;16:43:17;232997.0;3;66:20:49;18:20:49;238849.0;3;5852.0;80:44:13;08:44:13;290653.0;4;57656.0;0.101;0.791;33.0;1.0;42.0;9.0;0.0
2026750_home;320762.1919999998;6398206.3179;2026750;76:55:00;04:55:00;276900.0;4;78:03:44;06:03:44;281024.0;4;4124.0;80:45:58;08:45:58;290758.0;4;13858.0;0.298;0.872;37.0;1.0;42.0;5.0;0.0
4623910_home;324965.46549999993;6402561.554;4623910;67:10:17;19:10:17;241817.0;3;69:53:24;21:53:24;251604.0;3;9787.0;80:46:32;08:46:32;290792.0;4;48975.0;0.2;0.609;26.0;1.0;42.0;16.0;0.0
5908289_home;322608.2189999996;6401163.177100001;5908289;63:54:12;15:54:12;230052.0;3;68:45:14;20:45:14;247514.0;3;17462.0;80:46:42;08:46:42;290802.0;4;60750.0;0.287;0.407;21.0;1.0;52.0;31.0;0.0
1941262_home;305892.9891999997;6400340.3089000005;1941262;66:45:46;18:45:46;240346.0;3;67:36:59;19:36:59;243419.0;3;3073.0;80:47:50;08:47:50;290870.0;4;50524.0;0.061;0.91;31.0;1.0;34.0;3.0;0.0
4765230_home;317691.17899999954;6404765.9595;4765230;66:38:07;18:38:07;239887.0;3;71:08:29;23:08:29;256109.0;3;16222.0;80:51:17;08:51:17;291077.0;4;51190.0;0.317;0.311;13.0;1.0;42.0;29.0;0.0
4660143_home;317009.2022000002;6391651.8156;4660143;61:41:48;13:41:48;222108.0;3;64:14:44;16:14:44;231284.0;3;9176.0;80:53:52;08:53:52;291232.0;4;69124.0;0.133;0.717;37.0;1.0;52.0;15.0;0.0
7525839_home;327656.03450000007;6395260.4025;7525839;64:43:45;16:43:45;233025.0;3;67:00:14;19:00:14;241214.0;3;8189.0;80:54:58;08:54:58;291298.0;4;58273.0;0.141;0.617;21.0;1.0;34.0;13.0;0.0
1993118_home;314882.09609999973;6397305.072000001;1993118;72:45:00;00:45:00;261900.0;4;77:39:09;05:39:09;279549.0;4;17649.0;80:56:24;08:56:24;291384.0;4;29484.0;0.599;0.476;29.0;1.0;60.0;31.0;0.0
9458789_home;325758.80680000037;6410415.2524999995;9458789;59:30:09;11:30:09;214209.0;3;62:01:29;14:01:29;223289.0;3;9080.0;80:58:06;08:58:06;291486.0;4;77277.0;0.117;0.566;19.0;1.0;34.0;15.0;0.0
4653888_home;319123.5664999997;6403533.671;4653888;74:10:00;02:10:00;267000.0;4;75:56:39;03:56:39;273399.0;4;6399.0;81:07:52;09:07:52;292072.0;4;25072.0;0.255;0.766;32.0;1.0;42.0;10.0;0.0
public_1476065604;317287.3872999996;6400280.969699999;1943706;79:22:38;07:22:38;285758.0;4;80:20:29;08:20:29;289229.0;4;3471.0;81:09:57;09:09:57;292197.0;4;6439.0;0.539;0.788;27.0;1.0;34.0;7.0;0.0
8170504_home;322797.1429000003;6407058.3939;8170504;59:25:04;11:25:04;213904.0;3;64:28:04;16:28:04;232084.0;3;18180.0;81:11:36;09:11:36;292296.0;4;78392.0;0.232;0.046;2.0;1.0;34.0;32.0;0.0
7313329_home;325145.2673000004;6405769.8518;7313329;69:45:52;21:45:52;251152.0;3;75:57:09;03:57:09;273429.0;4;22277.0;81:13:58;09:13:58;292438.0;4;41286.0;0.54;0.227;12.0;1.0;52.0;40.0;0.0
7370761_home;315232.4107999997;6399781.165999999;7370761;61:33:02;13:33:02;221582.0;3;67:07:14;19:07:14;241634.0;3;20052.0;81:18:30;09:18:30;292710.0;4;71128.0;0.282;0.505;38.0;1.0;75.0;37.0;0.0
public_1476115366;321323.40270000044;6397432.778100001;1968395;80:07:05;08:07:05;288425.0;4;81:19:03;09:19:03;292743.0;4;4318.0;81:19:03;09:19:03;292743.0;4;4318.0;1.0;0.709;43.0;0.994;60.0;17.0;0.0
2074029_home;319682.91050000023;6403198.719900001;2074029;61:37:53;13:37:53;221873.0;3;67:14:54;19:14:54;242094.0;3;20221.0;81:19:57;09:19:57;292797.0;4;70924.0;0.285;0.501;38.0;1.0;75.0;37.0;0.0
2059878_home;328949.2142000003;6393318.241699999;2059878;75:55:00;03:55:00;273300.0;4;77:55:24;05:55:24;280524.0;4;7224.0;81:20:29;09:20:29;292829.0;4;19529.0;0.37;0.814;49.0;1.0;60.0;11.0;0.0
public_1476109719;319587.52699999977;6398360.055;2030913;76:59:58;04:59:58;277198.0;4;77:39:49;05:39:49;279589.0;4;2391.0;81:32:42;09:32:42;293562.0;4;16364.0;0.146;0.947;32.0;1.0;34.0;2.0;0.0
1942173_home;308007.142;6403093.046700001;1942173;66:57:23;18:57:23;241043.0;3;69:20:09;21:20:09;249609.0;3;8566.0;81:37:29;09:37:29;293849.0;4;52806.0;0.162;0.596;20.0;1.0;34.0;14.0;0.0
public_1476043042;316101.3679999998;6399008.103399999;5589188;80:46:52;08:46:52;290812.0;4;81:37:46;09:37:46;293866.0;4;3054.0;81:37:46;09:37:46;293866.0;4;3054.0;1.0;0.536;28.0;0.895;47.0;19.0;0.0
9664574_work;323483.4165000003;6403776.2129;9664574;79:04:44;07:04:44;284684.0;4;79:56:14;07:56:14;287774.0;4;3090.0;81:38:18;09:38:18;293898.0;4;9214.0;0.335;0.884;30.0;1.0;34.0;4.0;0.0
public_1475958124;320472.8499999996;6397799.482000001;2045651;81:05:15;09:05:15;291915.0;4;81:47:12;09:47:12;294432.0;4;2517.0;81:47:12;09:47:12;294432.0;4;2517.0;1.0;0.872;30.0;0.998;34.0;4.0;0.0
7514729_home;325939.4258000003;6401915.476299999;7514729;72:50:00;00:50:00;262200.0;4;77:19:39;05:19:39;278379.0;4;16179.0;81:49:21;09:49:21;294561.0;4;32361.0;0.5;0.606;45.0;1.0;75.0;30.0;0.0
2098908_home;324347.65380000044;6409811.0843;2098908;59:44:20;11:44:20;215060.0;3;60:52:49;12:52:49;219169.0;3;4109.0;81:51:50;09:51:50;294710.0;4;79650.0;0.052;0.85;29.0;1.0;34.0;5.0;0.0
9556173_home;315372.21499999985;6393287.6687;9556173;64:19:12;16:19:12;231552.0;3;66:07:59;18:07:59;238079.0;3;6527.0;81:52:53;09:52:53;294773.0;4;63221.0;0.103;0.76;32.0;1.0;42.0;10.0;0.0
public_1475967709;328655.4902999997;6402748.832900001;2015782;59:49:38;11:49:38;215378.0;3;60:49:19;12:49:19;218959.0;3;3581.0;81:57:36;09:57:36;295056.0;4;79678.0;0.045;0.893;54.0;1.0;60.0;6.0;0.0
public_1476302412;319944.1727999998;6402379.837099999;3127907;79:23:27;07:23:27;285807.0;4;80:27:59;08:27:59;289679.0;4;3872.0;81:59:58;09:59:58;295198.0;4;9391.0;0.412;0.858;45.0;1.0;52.0;7.0;0.0
public_1476072830;321589.72470000014;6409896.659399999;7369432;77:05:00;05:05:00;277500.0;4;77:56:09;05:56:09;280569.0;4;3069.0;82:00:22;10:00:22;295222.0;4;17722.0;0.173;0.861;29.0;1.0;34.0;5.0;0.0
public_1476009174;316894.4979999997;6395616.101;2093943;81:01:17;09:01:17;291677.0;4;81:45:24;09:45:24;294324.0;4;2647.0;82:02:36;10:02:36;295356.0;4;3679.0;0.719;0.923;31.0;1.0;34.0;3.0;0.0
1924025_home;323731.90020000003;6401066.988299999;1924025;68:17:01;20:17:01;245821.0;3;70:32:04;22:32:04;253924.0;3;8103.0;82:11:05;10:11:05;295865.0;4;50044.0;0.162;0.622;21.0;1.0;34.0;13.0;0.0
public_1476193693;315389.53479999956;6401325.5693;2074029;81:27:32;09:27:32;293252.0;4;81:54:49;09:54:49;294889.0;4;1637.0;82:11:07;10:11:07;295867.0;4;2615.0;0.626;0.982;74.0;1.0;75.0;1.0;0.0
1866168_home;321053.58660000004;6409468.7268;1866168;76:00:00;04:00:00;273600.0;4;77:51:29;05:51:29;280289.0;4;6689.0;82:12:02;10:12:02;295922.0;4;22322.0;0.3;0.852;64.0;1.0;75.0;11.0;0.0
public_1475963355;319055.13999999966;6397269.9267;7365302;81:55:24;09:55:24;294924.0;4;82:12:43;10:12:43;295963.0;4;1039.0;82:12:43;10:12:43;295963.0;4;1039.0;1.0;0.48;29.0;0.586;35.0;6.0;0.0
public_1475958761;316521.9101;6399959.2237;7372583;72:45:00;00:45:00;261900.0;4;74:51:24;02:51:24;269484.0;4;7584.0;82:13:17;10:13:17;295997.0;4;34097.0;0.222;0.485;29.0;1.0;60.0;31.0;0.0
public_1476298289;319003.1489000004;6400265.2392;7369383;81:07:58;09:07:58;292078.0;4;82:14:11;10:14:11;296051.0;4;3973.0;82:14:11;10:14:11;296051.0;4;3973.0;1.0;0.195;15.0;0.519;39.0;24.0;0.0
2045115_home;321234.01800000016;6394038.889799999;2045115;60:09:19;12:09:19;216559.0;3;65:41:34;17:41:34;236494.0;3;19935.0;82:15:05;10:15:05;296105.0;4;79546.0;0.251;0.315;16.0;1.0;52.0;36.0;0.0
5915678_home;325568.4486999996;6393320.5677000005;5915678;70:35:30;22:35:30;254130.0;3;72:55:54;00:55:54;262554.0;4;8424.0;82:16:48;10:16:48;296208.0;4;42078.0;0.2;0.672;28.0;1.0;42.0;14.0;0.0
public_1476128549;316325.0499;6401807.4263;4701806;80:53:21;08:53:21;291201.0;4;82:19:45;10:19:45;296385.0;4;5184.0;82:19:45;10:19:45;296385.0;4;5184.0;1.0;0.546;28.0;0.992;52.0;23.0;0.0
public_1476005260;324642.5215999996;6404837.954399999;4764447;70:32:12;22:32:12;253932.0;3;71:19:09;23:19:09;256749.0;3;2817.0;82:27:40;10:27:40;296860.0;4;42928.0;0.066;0.953;57.0;1.0;60.0;3.0;0.0
3256128_work;314566.75930000003;6406042.2543;3256128;79:46:27;07:46:27;287187.0;4;80:19:14;08:19:14;289154.0;4;1967.0;82:30:45;10:30:45;297045.0;4;9858.0;0.2;0.982;59.0;1.0;60.0;1.0;0.0
9542950_home;323804.05319999997;6411163.5701;9542950;75:00:00;03:00:00;270000.0;4;77:01:04;05:01:04;277264.0;4;7264.0;82:31:41;10:31:41;297101.0;4;27101.0;0.268;0.726;31.0;1.0;42.0;11.0;0.0
4703580_home;313593.0926999999;6394284.1149;4703580;70:25:20;22:25:20;253520.0;3;72:40:34;00:40:34;261634.0;4;8114.0;82:32:04;10:32:04;297124.0;4;43604.0;0.186;0.687;29.0;1.0;42.0;13.0;0.0
9403888_work;316820.0664999997;6395721.466499999;9403888;81:29:15;09:29:15;293355.0;4;82:33:04;10:33:04;297184.0;4;3829.0;82:33:04;10:33:04;297184.0;4;3829.0;1.0;0.585;25.0;0.863;36.0;12.0;0.0
public_1476363725;317107.39499999955;6402608.874299999;2335003;80:21:45;08:21:45;289305.0;4;81:36:54;09:36:54;293814.0;4;4509.0;82:33:47;10:33:47;297227.0;4;7922.0;0.569;0.783;41.0;1.0;52.0;11.0;0.0
8273608_home;307335.97140000015;6401270.5229;8273608;69:12:10;21:12:10;249130.0;3;70:20:39;22:20:39;253239.0;3;4109.0;82:39:15;10:39:15;297555.0;4;48425.0;0.085;0.872;37.0;1.0;42.0;5.0;0.0
4772272_home;320635.26669999957;6396425.7161;4772272;68:35:59;20:35:59;246959.0;3;74:13:39;02:13:39;267219.0;4;20260.0;82:40:05;10:40:05;297605.0;4;50646.0;0.4;0.5;37.0;1.0;75.0;38.0;0.0
public_1476198808;320565.0893000001;6397119.848999999;7354504;68:49:43;20:49:43;247783.0;3;70:50:49;22:50:49;255049.0;3;7266.0;82:42:04;10:42:04;297724.0;4;49941.0;0.145;0.255;11.0;1.0;42.0;31.0;0.0
public_1476137267;328729.4315999998;6401953.777799999;7442665;80:50:14;08:50:14;291014.0;4;81:49:59;09:49:59;294599.0;4;3585.0;82:46:13;10:46:13;297973.0;4;6959.0;0.515;0.79;33.0;1.0;42.0;9.0;0.0
public_1476218260;323345.7089999998;6394566.0623;1967726;81:39:28;09:39:28;293968.0;4;82:46:57;10:46:57;298017.0;4;4049.0;82:46:57;10:46:57;298017.0;4;4049.0;1.0;0.253;11.0;0.842;35.0;25.0;0.0
4923754_home;305047.8191999998;6401839.6226;4923754;60:59:42;12:59:42;219582.0;3;62:17:24;14:17:24;224244.0;3;4662.0;82:48:04;10:48:04;298084.0;4;78502.0;0.059;0.819;28.0;1.0;34.0;6.0;0.0
2326399_home;310900.6763000004;6406542.789100001;2326399;62:40:24;14:40:24;225624.0;3;67:21:09;19:21:09;242469.0;3;16845.0;82:48:17;10:48:17;298097.0;4;72473.0;0.232;0.282;12.0;1.0;42.0;30.0;0.0
4656378_home;313293.7494999999;6395338.1929;4656378;65:37:56;17:37:56;236276.0;3;67:08:14;19:08:14;241694.0;3;5418.0;82:51:41;10:51:41;298301.0;4;62025.0;0.087;0.872;52.0;1.0;60.0;8.0;0.0
2325568_home;308398.7355000004;6405001.045;2325568;69:15:20;21:15:20;249320.0;3;76:07:24;04:07:24;274044.0;4;24724.0;82:53:27;10:53:27;298407.0;4;49087.0;0.504;0.384;29.0;1.0;75.0;46.0;0.0
5933459_home;306873.1310999999;6402910.4475;5933459;63:18:50;15:18:50;227930.0;3;68:25:24;20:25:24;246324.0;3;18394.0;82:55:45;10:55:45;298545.0;4;70615.0;0.26;0.548;41.0;1.0;75.0;34.0;0.0
1968103_home;326779.6174999997;6397245.079700001;1968103;64:42:43;16:42:43;232963.0;3;69:44:54;21:44:54;251094.0;3;18131.0;82:57:00;10:57:00;298620.0;4;65657.0;0.276;0.382;20.0;1.0;52.0;32.0;0.0
public_1476273837;308864.66139999963;6393841.6162;9458789;81:24:48;09:24:48;293088.0;4;82:16:19;10:16:19;296179.0;4;3091.0;83:02:59;11:02:59;298979.0;4;5891.0;0.525;0.857;29.0;1.0;34.0;5.0;0.0
7427894_home;321531.75650000013;6393339.871200001;7427894;59:46:44;11:46:44;215204.0;3;61:23:14;13:23:14;220994.0;3;5790.0;83:03:07;11:03:07;298987.0;4;83783.0;0.069;0.794;33.0;1.0;42.0;9.0;0.0
2031786_home;324238.9570000004;6406216.7477;2031786;73:25:00;01:25:00;264300.0;4;77:41:19;05:41:19;279679.0;4;15379.0;83:03:07;11:03:07;298987.0;4;34687.0;0.443;0.35;15.0;1.0;42.0;27.0;0.0
4680502_home;328173.13570000045;6395105.735300001;4680502;82:30:19;10:30:19;297019.0;4;83:04:07;11:04:07;299047.0;4;2028.0;83:04:07;11:04:07;299047.0;4;2028.0;1.0;0.774;40.0;0.85;44.0;4.0;0.0
public_1476245895;319092.1699000001;6399086.5339;1931224;78:13:57;06:13:57;281637.0;4;78:51:29;06:51:29;283889.0;4;2252.0;83:11:01;11:11:01;299461.0;4;17824.0;0.126;0.956;40.0;1.0;42.0;2.0;0.0
7618090_home;308919.39020000026;6404346.7477;7618090;72:25:00;00:25:00;260700.0;4;77:13:09;05:13:09;277989.0;4;17289.0;83:11:04;11:11:04;299464.0;4;38764.0;0.446;0.577;43.0;1.0;75.0;32.0;0.0
public_1475960699;316739.6021999996;6401083.712200001;7316844;82:56:28;10:56:28;298588.0;4;83:15:01;11:15:01;299701.0;4;1113.0;83:15:01;11:15:01;299701.0;4;1113.0;1.0;0.879;30.0;0.976;33.0;3.0;0.0
7372378_home;316505.6246999996;6399708.832699999;7372378;71:25:00;23:25:00;257100.0;3;75:55:44;03:55:44;273344.0;4;16244.0;83:18:14;11:18:14;299894.0;4;42794.0;0.38;0.453;24.0;1.0;52.0;28.0;0.0
2323062_home;307313.4354999997;6402406.363500001;2323062;60:59:28;12:59:28;219568.0;3;62:39:49;14:39:49;225589.0;3;6021.0;83:19:46;11:19:46;299986.0;4;80418.0;0.075;0.853;51.0;1.0;60.0;9.0;0.0
7494705_home;320964.8729999997;6395272.369100001;7494705;73:20:00;01:20:00;264000.0;4;77:41:49;05:41:49;279709.0;4;15709.0;83:21:26;11:21:26;300086.0;4;36086.0;0.435;0.473;25.0;1.0;52.0;27.0;0.0
4696156_work;319991.90490000043;6401989.4158;4696156;81:55:59;09:55:59;294959.0;4;82:29:49;10:29:49;296989.0;4;2030.0;83:21:26;11:21:26;300086.0;4;5127.0;0.396;0.981;59.0;1.0;60.0;1.0;0.0
public_1476407693;317414.23950000014;6391192.829500001;5898192;66:23:08;18:23:08;238988.0;3;68:13:59;20:13:59;245639.0;3;6651.0;83:26:31;11:26:31;300391.0;4;61403.0;0.108;0.581;35.0;1.0;60.0;25.0;0.0
public_1476209373;315661.1721000001;6394067.498199999;1943639;79:08:51;07:08:51;284931.0;4;80:48:24;08:48:24;290904.0;4;5973.0;83:27:59;11:27:59;300479.0;4;15548.0;0.384;0.339;12.0;1.0;34.0;22.0;0.0
7399493_home;328652.7845999999;6402806.7107;7399493;71:50:00;23:50:00;258600.0;3;77:14:14;05:14:14;278054.0;4;19454.0;83:30:07;11:30:07;300607.0;4;42007.0;0.463;0.333;17.0;1.0;52.0;35.0;0.0
5908847_home;317089.2821000004;6400884.718599999;5908847;73:45:00;01:45:00;265500.0;4;77:47:54;05:47:54;280074.0;4;14574.0;83:30:14;11:30:14;300614.0;4;35114.0;0.415;0.252;9.0;1.0;34.0;25.0;0.0
7379543_home;309084.5641000001;6403583.2574000005;7379543;62:56:22;14:56:22;226582.0;3;64:24:49;16:24:49;231889.0;3;5307.0;83:30:48;11:30:48;300648.0;4;74066.0;0.072;0.782;27.0;1.0;34.0;7.0;0.0
public_1476206727;312219.11870000046;6400292.0803;3255260;83:12:17;11:12:17;299537.0;4;83:30:57;11:30:57;300657.0;4;1120.0;83:30:57;11:30:57;300657.0;4;1120.0;1.0;0.871;30.0;0.974;33.0;4.0;0.0
public_1476436229;323521.76400000043;6404457.782500001;4680502;83:20:56;11:20:56;300056.0;4;83:37:43;11:37:43;301063.0;4;1007.0;83:37:43;11:37:43;301063.0;4;1007.0;1.0;0.788;41.0;0.905;47.0;6.0;0.0
1928782_home;321367.82210000046;6410083.285;1928782;72:25:00;00:25:00;260700.0;4;77:39:19;05:39:19;279559.0;4;18859.0;83:39:10;11:39:10;301150.0;4;40450.0;0.466;0.355;18.0;1.0;52.0;34.0;0.0
5465429_home;323859.9732999997;6407687.305199999;5465429;82:01:18;10:01:18;295278.0;4;83:43:36;11:43:36;301416.0;4;6138.0;83:43:36;11:43:36;301416.0;4;6138.0;1.0;0.81;49.0;0.993;60.0;11.0;0.0
public_1476008265;316858.7589999996;6397194.955700001;3262427;80:37:58;08:37:58;290278.0;4;81:24:24;09:24:24;293064.0;4;2786.0;83:45:49;11:45:49;301549.0;4;11271.0;0.247;0.906;38.0;1.0;42.0;4.0;0.0
public_1476072704;319365.0099999998;6399863.1022;2322569;79:04:57;07:04:57;284697.0;4;79:51:59;07:51:59;287519.0;4;2822.0;83:46:47;11:46:47;301607.0;4;16910.0;0.167;0.953;50.0;1.0;52.0;2.0;0.0
public_1476377635;313830.15249999985;6395484.3914;9490351;82:14:34;10:14:34;296074.0;4;83:51:26;11:51:26;301886.0;4;5812.0;83:51:26;11:51:26;301886.0;4;5812.0;1.0;0.253;13.0;0.928;48.0;35.0;0.0
7495572_home;324270.76180000044;6395263.6877;7495572;83:41:14;11:41:14;301274.0;4;83:51:35;11:51:35;301895.0;4;621.0;83:51:35;11:51:35;301895.0;4;621.0;1.0;0.94;39.0;0.969;41.0;1.0;0.0
9452791_home;315396.8718999997;6399724.880000001;9452791;83:23:43;11:23:43;300223.0;4;83:53:14;11:53:14;301994.0;4;1771.0;83:53:14;11:53:14;301994.0;4;1771.0;1.0;0.595;31.0;0.661;34.0;3.0;0.0
7462778_home;316269.35250000004;6399755.043299999;7462778;69:59:15;21:59:15;251955.0;3;74:07:39;02:07:39;266859.0;4;14904.0;83:54:45;11:54:45;302085.0;4;50130.0;0.297;0.372;16.0;1.0;42.0;26.0;0.0
9457475_home;314757.30730000045;6391774.8133000005;9457475;81:56:55;09:56:55;295015.0;4;83:16:24;11:16:24;299784.0;4;4769.0;83:56:20;11:56:20;302180.0;4;7165.0;0.666;0.901;68.0;1.0;75.0;7.0;0.0
public_1476025321;313561.93879999965;6395976.5504;5933459;83:11:34;11:11:34;299494.0;4;83:48:29;11:48:29;301709.0;4;2215.0;83:57:34;11:57:34;302254.0;4;2760.0;0.803;0.959;72.0;1.0;75.0;3.0;0.0
public_1476355162;320332.9748999998;6404429.1285999995;4703597;83:44:09;11:44:09;301449.0;4;83:57:37;11:57:37;302257.0;4;808.0;83:57:37;11:57:37;302257.0;4;808.0;1.0;0.681;23.0;0.827;28.0;5.0;0.0
public_1476335266;320993.7073999997;6394351.7543;4804303;83:43:06;11:43:06;301386.0;4;84:02:06;12:02:06;302526.0;4;1140.0;84:02:06;12:02:06;302526.0;4;1140.0;1.0;0.405;17.0;0.571;24.0;7.0;0.0
9474516_home;329390.50850000046;6398624.5691;9474516;68:41:49;20:41:49;247309.0;3;72:12:14;00:12:14;259934.0;4;12625.0;84:02:49;12:02:49;302569.0;4;55260.0;0.228;0.478;20.0;1.0;42.0;22.0;0.0
2128223_home;327060.7882000003;6393736.3018;2128223;76:05:00;04:05:00;273900.0;4;77:26:34;05:26:34;278794.0;4;4894.0;84:03:23;12:03:23;302603.0;4;28703.0;0.171;0.89;53.0;1.0;60.0;7.0;0.0
public_1476405782;319102.44689999986;6403667.3477;2326399;83:43:52;11:43:52;301432.0;4;84:04:23;12:04:23;302663.0;4;1231.0;84:04:23;12:04:23;302663.0;4;1231.0;1.0;0.918;39.0;0.987;41.0;3.0;0.0
9462562_home;314625.3212000001;6400910.066;9462562;83:42:00;11:42:00;301320.0;4;84:06:01;12:06:01;302761.0;4;1441.0;84:06:01;12:06:01;302761.0;4;1441.0;1.0;0.581;30.0;0.635;33.0;3.0;0.0
public_1476072704;319365.0099999998;6399863.1022;4785915;83:14:01;11:14:01;299641.0;4;84:11:16;12:11:16;303076.0;4;3435.0;84:11:16;12:11:16;303076.0;4;3435.0;1.0;0.809;34.0;1.0;42.0;8.0;0.0
7354267_home;318174.07320000045;6398492.917300001;7354267;64:09:43;16:09:43;230983.0;3;68:00:39;20:00:39;244839.0;3;13856.0;84:11:50;12:11:50;303110.0;4;72127.0;0.192;0.421;18.0;1.0;42.0;24.0;0.0
public_1476137267;328729.4315999998;6401953.777799999;1967726;83:03:49;11:03:49;299029.0;4;84:07:34;12:07:34;302854.0;4;3825.0;84:12:47;12:12:47;303167.0;4;4138.0;0.924;0.755;32.0;1.0;42.0;10.0;0.0
9504313_work;314953.22559999954;6401251.1413;9504313;82:17:01;10:17:01;296221.0;4;83:35:44;11:35:44;300944.0;4;4723.0;84:15:32;12:15:32;303332.0;4;7111.0;0.664;0.841;44.0;1.0;52.0;8.0;0.0
public_1476149896;315402.4561999999;6396558.679;4772272;82:52:17;10:52:17;298337.0;4;83:23:49;11:23:49;300229.0;4;1892.0;84:18:07;12:18:07;303487.0;4;5150.0;0.367;0.974;73.0;1.0;75.0;2.0;0.0
public_1476023513;321586.2309999997;6398464.912900001;5933366;81:22:33;09:22:33;292953.0;4;82:53:49;10:53:49;298429.0;4;5476.0;84:19:55;12:19:55;303595.0;4;10642.0;0.515;0.7;42.0;1.0;60.0;18.0;0.0
2067447_home;320676.8701999998;6397834.6316;2067447;68:23:17;20:23:17;246197.0;3;70:18:29;22:18:29;253109.0;3;6912.0;84:22:23;12:22:23;303743.0;4;57546.0;0.12;0.824;49.0;1.0;60.0;11.0;0.0
public_1476401873;320936.36149999965;6400335.489499999;9510885;82:23:16;10:23:16;296596.0;4;83:53:39;11:53:39;302019.0;4;5423.0;84:24:37;12:24:37;303877.0;4;7281.0;0.745;0.438;15.0;1.0;34.0;19.0;0.0
1996282_home;315916.801;6394378.386499999;1996282;64:58:24;16:58:24;233904.0;3;68:54:29;20:54:29;248069.0;3;14165.0;84:27:36;12:27:36;304056.0;4;70152.0;0.202;0.531;28.0;1.0;52.0;24.0;0.0
public_1476344213;315720.00600000005;6399377.18;4703597;84:08:42;12:08:42;302922.0;4;84:29:09;12:29:09;304149.0;4;1227.0;84:29:09;12:29:09;304149.0;4;1227.0;1.0;0.78;27.0;0.954;32.0;6.0;0.0
4924686_home;320713.6864;6409908.0079;4924686;61:37:14;13:37:14;221834.0;3;62:49:59;14:49:59;226199.0;3;4365.0;84:30:25;12:30:25;304225.0;4;82391.0;0.053;0.86;36.0;1.0;42.0;6.0;0.0
public_1476135410;329207.1747000003;6402593.460999999;4923754;84:11:10;12:11:10;303070.0;4;84:31:13;12:31:13;304273.0;4;1203.0;84:31:13;12:31:13;304273.0;4;1203.0;1.0;0.791;27.0;0.956;33.0;6.0;0.0
9554976_home;325264.1062000003;6405110.642000001;9554976;73:50:00;01:50:00;265800.0;4;75:17:54;03:17:54;271074.0;4;5274.0;84:36:35;12:36:35;304595.0;4;38795.0;0.136;0.863;45.0;1.0;52.0;7.0;0.0
public_1476197696;324990.6042999998;6405608.475199999;7358855;82:42:29;10:42:29;297749.0;4;83:55:44;11:55:44;302144.0;4;4395.0;84:36:51;12:36:51;304611.0;4;6862.0;0.64;0.672;28.0;1.0;42.0;14.0;0.0
public_1476097853;322858.94049999956;6401015.2793000005;4782906;84:36:47;12:36:47;304607.0;4;84:38:27;12:38:27;304707.0;4;100.0;84:38:27;12:38:27;304707.0;4;100.0;1.0;0.582;24.0;0.596;25.0;1.0;0.0
public_1476345848;322376.5630999999;6400563.159399999;9545323;83:53:58;11:53:58;302038.0;4;84:40:17;12:40:17;304817.0;4;2779.0;84:40:17;12:40:17;304817.0;4;2779.0;1.0;0.901;31.0;1.0;34.0;3.0;0.0
2030079_home;323329.4506999999;6401026.615599999;2030079;84:33:01;12:33:01;304381.0;4;84:42:43;12:42:43;304963.0;4;582.0;84:42:43;12:42:43;304963.0;4;582.0;1.0;0.407;24.0;0.426;26.0;1.0;0.0
public_1476218260;323345.7089999998;6394566.0623;4709255;84:10:56;12:10:56;303056.0;4;84:44:35;12:44:35;305075.0;4;2019.0;84:44:35;12:44:35;305075.0;4;2019.0;1.0;0.562;34.0;0.767;46.0;12.0;0.0
public_1475993063;317768.7401999999;6392208.569599999;1876762;70:27:27;22:27:27;253647.0;3;71:08:59;23:08:59;256139.0;3;2492.0;84:44:54;12:44:54;305094.0;4;51447.0;0.048;0.938;39.0;1.0;42.0;3.0;0.0
1996902_home;317554.43620000035;6392132.7509;1996902;83:27:24;11:27:24;300444.0;4;84:26:49;12:26:49;304009.0;4;3565.0;84:46:11;12:46:11;305171.0;4;4727.0;0.754;0.897;38.0;1.0;42.0;4.0;0.0
public_1475963355;319055.13999999966;6397269.9267;1928782;83:56:09;11:56:09;302169.0;4;84:46:29;12:46:29;305189.0;4;3020.0;84:47:13;12:47:13;305233.0;4;3064.0;0.986;0.941;49.0;1.0;52.0;3.0;0.0
7305559_home;320905.53830000013;6400550.3245;7305559;64:02:25;16:02:25;230545.0;3;67:34:39;19:34:39;243279.0;3;12734.0;84:49:46;12:49:46;305386.0;4;74841.0;0.17;0.357;12.0;1.0;34.0;22.0;0.0
public_1476115366;321323.40270000044;6397432.778100001;8253805;62:54:25;14:54:25;226465.0;3;64:02:09;16:02:09;230529.0;3;4064.0;84:50:20;12:50:20;305420.0;4;78955.0;0.051;0.683;23.0;1.0;34.0;11.0;0.0
1944127_home;311298.59080000035;6404614.8376;1944127;82:49:15;10:49:15;298155.0;4;84:50:37;12:50:37;305437.0;4;7282.0;84:50:37;12:50:37;305437.0;4;7282.0;1.0;0.214;9.0;0.551;23.0;14.0;0.0
4765107_home;325828.5499999998;6405235.989600001;4765107;64:34:22;16:34:22;232462.0;3;65:17:29;17:17:29;235049.0;3;2587.0;84:58:12;12:58:12;305892.0;4;73430.0;0.035;0.943;40.0;1.0;42.0;2.0;0.0
7358660_home;318772.68200000003;6399748.147600001;7358660;75:55:00;03:55:00;273300.0;4;77:11:19;05:11:19;277879.0;4;4579.0;84:58:18;12:58:18;305898.0;4;32598.0;0.14;0.85;36.0;1.0;42.0;6.0;0.0
public_1476376345;310241.3289999999;6399370.728;4604173;83:41:27;11:41:27;301287.0;4;84:57:59;12:57:59;305879.0;4;4592.0;85:03:59;13:03:59;306239.0;4;4952.0;0.927;0.644;27.0;1.0;42.0;15.0;0.0
5589449_home;308092.21970000025;6400999.085899999;5589449;66:11:58;18:11:58;238318.0;3;70:07:19;22:07:19;252439.0;3;14121.0;85:06:13;13:06:13;306373.0;4;68055.0;0.207;0.409;17.0;1.0;42.0;25.0;0.0
7321950_work;312284.5236999998;6398845.1779;7321950;79:43:50;07:43:50;287030.0;4;83:09:34;11:09:34;299374.0;4;12344.0;85:06:21;13:06:21;306381.0;4;19351.0;0.638;0.223;9.0;1.0;42.0;33.0;0.0
public_1476014856;313679.68769999966;6396501.9165;5933594;83:32:19;11:32:19;300739.0;4;84:53:29;12:53:29;305609.0;4;4870.0;85:13:35;13:13:35;306815.0;4;6076.0;0.802;0.603;25.0;1.0;42.0;17.0;0.0
4857149_home;330254.95600000024;6390511.383199999;4857149;75:15:00;03:15:00;270900.0;4;76:55:09;04:55:09;276909.0;4;6009.0;85:17:34;13:17:34;307054.0;4;36154.0;0.166;0.836;43.0;1.0;52.0;9.0;0.0
7373611_home;314508.6615000004;6394991.6456;7373611;83:54:08;11:54:08;302048.0;4;85:21:10;13:21:10;307270.0;4;5222.0;85:21:10;13:21:10;307270.0;4;5222.0;1.0;0.416;31.0;0.551;41.0;10.0;0.0
public_1476235678;321830.892;6393880.7425;1923602;82:10:17;10:10:17;295817.0;4;82:54:49;10:54:49;298489.0;4;2672.0;85:21:18;13:21:18;307278.0;4;11461.0;0.233;0.96;50.0;1.0;52.0;2.0;0.0
2313613_home;307220.9364;6391085.6295;2313613;63:55:57;15:55:57;230157.0;3;66:11:04;18:11:04;238264.0;3;8107.0;85:25:02;13:25:02;307502.0;4;77345.0;0.105;0.785;47.0;1.0;60.0;13.0;0.0
public_1476128733;327381.8986999998;6395239.193299999;4923723;83:46:38;11:46:38;301598.0;4;85:27:26;13:27:26;307646.0;4;6048.0;85:27:26;13:27:26;307646.0;4;6048.0;1.0;0.266;9.0;0.999;34.0;25.0;0.0
4604548_home;316375.74349999987;6400654.8961;4604548;65:45:23;17:45:23;236723.0;3;66:48:04;18:48:04;240484.0;3;3761.0;85:28:32;13:28:32;307712.0;4;70989.0;0.053;0.92;48.0;1.0;52.0;4.0;0.0
public_1476025365;317685.7949999999;6399247.267000001;4665978;81:04:54;09:04:54;291894.0;4;82:26:04;10:26:04;296764.0;4;4870.0;85:28:41;13:28:41;307721.0;4;15827.0;0.308;0.741;39.0;1.0;52.0;13.0;0.0
2125107_home;331711.7012;6391773.2223000005;2125107;84:37:39;12:37:39;304659.0;4;85:29:38;13:29:38;307778.0;4;3119.0;85:29:38;13:29:38;307778.0;4;3119.0;1.0;0.736;55.0;0.817;61.0;6.0;0.0
9490619_home;314207.43989999965;6397448.4559;9490619;83:19:47;11:19:47;299987.0;4;85:30:39;13:30:39;307839.0;4;7852.0;85:30:39;13:30:39;307839.0;4;7852.0;1.0;0.76;39.0;0.999;52.0;12.0;0.0
3040828_home;323785.9009999996;6407582.0647;3040828;83:46:25;11:46:25;301585.0;4;85:34:43;13:34:43;308083.0;4;6498.0;85:34:43;13:34:43;308083.0;4;6498.0;1.0;0.373;16.0;0.674;28.0;13.0;0.0
public_1476094993;319738.0734000001;6399436.431700001;4703580;82:44:42;10:44:42;297882.0;4;83:26:24;11:26:24;300384.0;4;2502.0;85:37:00;13:37:00;308220.0;4;10338.0;0.242;0.937;39.0;1.0;42.0;3.0;0.0
public_1476046129;329735.4332999997;6390688.6131;1967726;84:44:14;12:44:14;305054.0;4;85:37:19;13:37:19;308239.0;4;3185.0;85:38:37;13:38:37;308317.0;4;3263.0;0.976;0.848;36.0;1.0;42.0;6.0;0.0
public_1476247602;318725.14240000024;6402129.249500001;2327191;84:29:00;12:29:00;304140.0;4;85:06:24;13:06:24;306384.0;4;2244.0;85:39:15;13:39:15;308355.0;4;4215.0;0.532;0.957;72.0;1.0;75.0;3.0;0.0
1895682_home;328217.8147999998;6403733.010299999;1895682;85:22:52;13:22:52;307372.0;4;85:41:38;13:41:38;308498.0;4;1126.0;85:41:38;13:41:38;308498.0;4;1126.0;1.0;0.774;26.0;0.838;28.0;2.0;0.0
public_1475958124;320472.8499999996;6397799.482000001;2327157;83:01:21;11:01:21;298881.0;4;85:14:54;13:14:54;306894.0;4;8013.0;85:44:23;13:44:23;308663.0;4;9782.0;0.819;0.146;6.0;1.0;42.0;36.0;0.0
public_1476129700;315136.35780000035;6403347.9793;1940658;84:40:19;12:40:19;304819.0;4;85:35:59;13:35:59;308159.0;4;3340.0;85:46:30;13:46:30;308790.0;4;3971.0;0.841;0.812;28.0;1.0;34.0;6.0;0.0
9420023_home;314367.7292999998;6393564.285800001;9420023;70:26:51;22:26:51;253611.0;3;71:38:04;23:38:04;257884.0;3;4273.0;85:48:24;13:48:24;308904.0;4;55293.0;0.077;0.865;36.0;1.0;42.0;6.0;0.0
public_1476103257;328237.3701999998;6394044.647500001;2125107;85:37:07;13:37:07;308227.0;4;85:49:36;13:49:36;308976.0;4;749.0;85:49:36;13:49:36;308976.0;4;749.0;1.0;0.8;60.0;0.861;65.0;5.0;0.0
1941613_home;305892.9891999997;6400340.3089000005;1941613;85:07:57;13:07:57;306477.0;4;85:53:31;13:53:31;309211.0;4;2734.0;85:53:31;13:53:31;309211.0;4;2734.0;1.0;0.758;39.0;0.861;45.0;5.0;0.0
public_1476067117;320436.34800000023;6400718.8138;7316665;84:53:42;12:53:42;305622.0;4;85:54:07;13:54:07;309247.0;4;3625.0;85:54:07;13:54:07;309247.0;4;3625.0;1.0;0.539;28.0;0.944;49.0;21.0;0.0
public_1475958761;316521.9101;6399959.2237;7316844;85:35:41;13:35:41;308141.0;4;85:54:25;13:54:25;309265.0;4;1124.0;85:54:25;13:54:25;309265.0;4;1124.0;1.0;0.945;32.0;0.99;34.0;2.0;0.0
9414251_home;315261.97449999955;6399955.591;9414251;66:50:45;18:50:45;240645.0;3;68:40:49;20:40:49;247249.0;3;6604.0;85:55:53;13:55:53;309353.0;4;68708.0;0.096;0.757;32.0;1.0;42.0;10.0;0.0
public_1476226510;316601.18840000033;6392231.5222;3040240;79:06:11;07:06:11;284771.0;4;79:48:09;07:48:09;287289.0;4;2518.0;85:56:02;13:56:02;309362.0;4;24591.0;0.102;0.936;70.0;1.0;75.0;5.0;0.0
3127907_home;314610.2796;6402112.749500001;3127907;85:02:39;13:02:39;306159.0;4;85:56:20;13:56:20;309380.0;4;3221.0;85:56:20;13:56:20;309380.0;4;3221.0;1.0;0.918;48.0;0.998;52.0;4.0;0.0
5888321_home;319228.80869999994;6402470.039100001;5888321;85:45:31;13:45:31;308731.0;4;86:00:57;14:00:57;309657.0;4;926.0;86:00:57;14:00:57;309657.0;4;926.0;1.0;0.433;15.0;0.486;17.0;2.0;0.0
1968155_work;326860.3532999996;6395579.339400001;1968155;80:40:10;08:40:10;290410.0;4;82:13:29;10:13:29;296009.0;4;5599.0;86:04:06;14:04:06;309846.0;4;19436.0;0.288;0.659;22.0;1.0;34.0;12.0;0.0
5879289_home;320974.0508000003;6409157.9091;5879289;75:20:00;03:20:00;271200.0;4;77:18:24;05:18:24;278304.0;4;7104.0;86:09:00;14:09:00;310140.0;4;38940.0;0.182;0.679;23.0;1.0;34.0;11.0;0.0
9673010_home;331229.1032999996;6409657.1351;9673010;64:02:58;16:02:58;230578.0;3;65:31:29;17:31:29;235889.0;3;5311.0;86:12:34;14:12:34;310354.0;4;79776.0;0.067;0.782;27.0;1.0;34.0;7.0;0.0
4657456_work;317765.7346999999;6395407.9089;4657456;77:17:37;05:17:37;278257.0;4;78:52:39;06:52:39;283959.0;4;5702.0;86:16:50;14:16:50;310610.0;4;32353.0;0.176;0.706;30.0;1.0;42.0;12.0;0.0
public_1476421452;322454.14740000013;6401312.4966;7413614;85:40:32;13:40:32;308432.0;4;86:17:33;14:17:33;310653.0;4;2221.0;86:17:33;14:17:33;310653.0;4;2221.0;1.0;0.914;55.0;0.994;60.0;5.0;0.0
public_1476323984;320102.5647;6398763.4081;1981224;85:03:53;13:03:53;306233.0;4;85:49:19;13:49:19;308959.0;4;2726.0;86:17:48;14:17:48;310668.0;4;4435.0;0.615;0.913;38.0;1.0;42.0;4.0;0.0
7326427_home;321737.44739999995;6391597.546700001;7326427;86:01:00;14:01:00;309660.0;4;86:26:03;14:26:03;311163.0;4;1503.0;86:26:03;14:26:03;311163.0;4;1503.0;1.0;0.722;30.0;0.791;33.0;3.0;0.0
1920973_work;324494.09640000015;6401466.084799999;1920973;82:04:52;10:04:52;295492.0;4;83:02:54;11:02:54;298974.0;4;3482.0;86:32:43;14:32:43;311563.0;4;16071.0;0.217;0.914;48.0;1.0;52.0;4.0;0.0
public_1476201610;321894.2433000002;6402176.7787;9396074;85:21:43;13:21:43;307303.0;4;86:38:21;14:38:21;311901.0;4;4598.0;86:38:21;14:38:21;311901.0;4;4598.0;1.0;0.319;19.0;0.788;47.0;28.0;0.0
public_1476180250;308170.30140000023;6390756.763;5898192;83:36:21;11:36:21;300981.0;4;84:14:14;12:14:14;303254.0;4;2273.0;86:43:11;14:43:11;312191.0;4;11210.0;0.203;0.974;58.0;1.0;60.0;2.0;0.0
public_1476144174;316845.91050000023;6401765.2707;5591830;86:09:53;14:09:53;310193.0;4;86:55:01;14:55:01;312901.0;4;2708.0;86:55:01;14:55:01;312901.0;4;2708.0;1.0;0.757;26.0;0.995;34.0;8.0;0.0
public_1476043036;329112.0906999996;6393583.8453;2059253;64:01:45;16:01:45;230505.0;3;65:26:24;17:26:24;235584.0;3;5079.0;86:55:10;14:55:10;312910.0;4;82405.0;0.062;0.717;37.0;1.0;52.0;15.0;0.0
public_1476365075;331040.21169999987;6403313.397500001;7525984;86:02:58;14:02:58;309778.0;4;86:58:13;14:58:13;313093.0;4;3315.0;86:58:13;14:58:13;313093.0;4;3315.0;1.0;0.786;47.0;0.992;60.0;12.0;0.0
1995118_home;316622.90020000003;6395208.2983;1995118;86:45:01;14:45:01;312301.0;4;86:59:46;14:59:46;313186.0;4;885.0;86:59:46;14:59:46;313186.0;4;885.0;1.0;0.532;28.0;0.565;29.0;2.0;0.0
public_1476345848;322376.5630999999;6400563.159399999;1884883;85:27:51;13:27:51;307671.0;4;87:02:24;15:02:24;313344.0;4;5673.0;87:02:33;15:02:33;313353.0;4;5682.0;0.998;0.393;13.0;1.0;34.0;21.0;0.0
public_1476144174;316845.91050000023;6401765.2707;5933459;86:16:33;14:16:33;310593.0;4;87:04:40;15:04:40;313480.0;4;2887.0;87:04:40;15:04:40;313480.0;4;2887.0;1.0;0.899;67.0;1.0;75.0;8.0;0.0
7494705_home;320964.8729999997;6395272.369100001;7494705;85:30:00;13:30:00;307800.0;4;87:01:34;15:01:34;313294.0;4;5494.0;87:08:38;15:08:38;313718.0;4;5918.0;0.928;0.855;44.0;1.0;52.0;8.0;0.0
4795845_work;328056.4615000002;6403551.258099999;4795845;79:13:40;07:13:40;285220.0;4;79:50:59;07:50:59;287459.0;4;2239.0;87:09:42;15:09:42;313782.0;4;28562.0;0.078;0.96;72.0;1.0;75.0;3.0;0.0
4643709_work;318676.23610000033;6397899.3259;4643709;82:36:28;10:36:28;297388.0;4;83:26:49;11:26:49;300409.0;4;3021.0;87:13:12;15:13:12;313992.0;4;16604.0;0.182;0.891;30.0;1.0;34.0;4.0;0.0
1949229_work;318116.1425000001;6394061.190300001;1949229;78:11:53;06:11:53;281513.0;4;78:52:24;06:52:24;283944.0;4;2431.0;87:16:07;15:16:07;314167.0;4;32654.0;0.074;0.969;50.0;1.0;52.0;2.0;0.0
2067447_home;320676.8701999998;6397834.6316;2067447;86:57:47;14:57:47;313067.0;4;87:16:24;15:16:24;314184.0;4;1117.0;87:16:24;15:16:24;314184.0;4;1117.0;1.0;0.878;53.0;0.914;55.0;2.0;0.0
2207532_home;320557.2982999999;6395328.108899999;2207532;86:26:50;14:26:50;311210.0;4;87:19:50;15:19:50;314390.0;4;3180.0;87:19:50;15:19:50;314390.0;4;3180.0;1.0;0.302;10.0;0.484;16.0;6.0;0.0
public_1476265451;316483.0460999999;6395069.236199999;9420484;85:09:57;13:09:57;306597.0;4;86:23:29;14:23:29;311009.0;4;4412.0;87:27:07;15:27:07;314827.0;4;8230.0;0.536;0.795;41.0;1.0;52.0;11.0;0.0
4696156_work;319991.90490000043;6401989.4158;4696156;84:54:40;12:54:40;305680.0;4;85:38:39;13:38:39;308319.0;4;2639.0;87:29:36;15:29:36;314976.0;4;9296.0;0.284;0.961;58.0;1.0;60.0;2.0;0.0
2330931_work;321167.5527999997;6404756.128699999;2330931;78:23:02;06:23:02;282182.0;4;79:00:39;07:00:39;284439.0;4;2257.0;87:29:39;15:29:39;314979.0;4;32797.0;0.069;0.956;33.0;1.0;34.0;1.0;0.0
2335840_work;316694.30879999977;6401442.8862;2335840;79:10:32;07:10:32;285032.0;4;80:25:24;08:25:24;289524.0;4;4492.0;87:33:40;15:33:40;315220.0;4;30188.0;0.149;0.794;33.0;1.0;42.0;9.0;0.0
public_1476111628;312309.68149999995;6397160.9596;5908289;85:22:31;13:22:31;307351.0;4;86:27:39;14:27:39;311259.0;4;3908.0;87:38:15;15:38:15;315495.0;4;8144.0;0.48;0.854;44.0;1.0;52.0;8.0;0.0
4663510_work;322095.4411000004;6395630.6055;4663510;79:10:15;07:10:15;285015.0;4;81:58:24;09:58:24;295104.0;4;10089.0;87:38:36;15:38:36;315516.0;4;30501.0;0.331;0.256;9.0;1.0;34.0;25.0;0.0
7295917_work;318733.79679999966;6397929.2557;7295917;78:57:54;06:57:54;284274.0;4;79:28:19;07:28:19;286099.0;4;1825.0;87:39:32;15:39:32;315572.0;4;31298.0;0.058;0.977;41.0;1.0;42.0;1.0;0.0
public_1476245895;319092.1699000001;6399086.5339;9673010;86:33:10;14:33:10;311590.0;4;87:21:19;15:21:19;314479.0;4;2889.0;87:40:15;15:40:15;315615.0;4;4025.0;0.718;0.892;30.0;1.0;34.0;4.0;0.0
public_1476204834;325429.3375000004;6410138.488500001;2099138;85:38:58;13:38:58;308338.0;4;86:38:24;14:38:24;311904.0;4;3566.0;87:41:28;15:41:28;315688.0;4;7350.0;0.485;0.851;64.0;1.0;75.0;11.0;0.0
public_1476129290;318594.9331;6392018.2269;2059253;87:14:39;15:14:39;314079.0;4;87:41:42;15:41:42;315702.0;4;1623.0;87:41:42;15:41:42;315702.0;4;1623.0;1.0;0.937;49.0;0.991;52.0;3.0;0.0
public_1476299422;321892.02550000045;6391281.844799999;4598830;86:50:28;14:50:28;312628.0;4;87:44:10;15:44:10;315850.0;4;3222.0;87:44:10;15:44:10;315850.0;4;3222.0;1.0;0.809;42.0;0.995;52.0;10.0;0.0
7416337_home;324771.25150000025;6400753.5078;7416337;87:12:05;15:12:05;313925.0;4;87:53:32;15:53:32;316412.0;4;2487.0;87:53:32;15:53:32;316412.0;4;2487.0;1.0;0.754;26.0;0.896;30.0;5.0;0.0
7358855_home;320239.8976999996;6399686.457;7358855;86:51:29;14:51:29;312689.0;4;87:36:34;15:36:34;315394.0;4;2705.0;87:55:52;15:55:52;316552.0;4;3863.0;0.7;0.937;39.0;1.0;42.0;3.0;0.0
4703580_home;313593.0926999999;6394284.1149;4703580;85:49:52;13:49:52;308992.0;4;86:35:19;14:35:19;311719.0;4;2727.0;87:59:21;15:59:21;316761.0;4;7769.0;0.351;0.936;39.0;1.0;42.0;3.0;0.0
public_1476151080;316591.76549999975;6405543.7607;2335840;87:42:10;15:42:10;315730.0;4;88:00:27;16:00:27;316827.0;4;1097.0;88:00:27;16:00:27;316827.0;4;1097.0;1.0;0.962;40.0;0.993;42.0;1.0;0.0
1949229_home;323019.3764000004;6393576.3303;1949229;87:26:13;15:26:13;314773.0;4;88:01:08;16:01:08;316868.0;4;2095.0;88:01:08;16:01:08;316868.0;4;2095.0;1.0;0.972;51.0;0.999;52.0;1.0;0.0
5589449_home;308092.21970000025;6400999.085899999;5589449;87:13:49;15:13:49;314029.0;4;88:03:50;16:03:50;317030.0;4;3001.0;88:03:50;16:03:50;317030.0;4;3001.0;1.0;0.807;34.0;0.946;40.0;6.0;0.0
5883581_work;318215.85199999996;6398725.1537;5883581;78:14:01;06:14:01;281641.0;4;79:34:29;07:34:29;286469.0;4;4828.0;88:04:09;16:04:09;317049.0;4;35408.0;0.136;0.769;32.0;1.0;42.0;10.0;0.0
9668329_work;307504.2846999997;6402515.4409;9668329;79:50:11;07:50:11;287411.0;4;80:59:19;08:59:19;291559.0;4;4148.0;88:04:18;16:04:18;317058.0;4;29647.0;0.14;0.79;27.0;1.0;34.0;7.0;0.0
public_1476350714;324113.7265999997;6407220.601199999;4691412;85:44:56;13:44:56;308696.0;4;86:36:39;14:36:39;311799.0;4;3103.0;88:04:21;16:04:21;317061.0;4;8365.0;0.371;0.936;49.0;1.0;52.0;3.0;0.0
public_1476236966;315043.6824000003;6400880.5418;2325330;79:45:56;07:45:56;287156.0;4;80:50:24;08:50:24;291024.0;4;3868.0;88:09:09;16:09:09;317349.0;4;30193.0;0.128;0.718;24.0;1.0;34.0;10.0;0.0
5464758_work;318886.6012000004;6400009.1592999995;5464758;80:54:19;08:54:19;291259.0;4;81:34:04;09:34:04;293644.0;4;2385.0;88:09:58;16:09:58;317398.0;4;26139.0;0.091;0.947;32.0;1.0;34.0;2.0;0.0
1881045_home;307718.29619999975;6403655.348099999;1881045;86:52:53;14:52:53;312773.0;4;88:13:01;16:13:01;317581.0;4;4808.0;88:13:01;16:13:01;317581.0;4;4808.0;1.0;0.664;40.0;0.82;49.0;9.0;0.0
public_1476129700;315136.35780000035;6403347.9793;3255260;88:11:48;16:11:48;317508.0;4;88:19:22;16:19:22;317962.0;4;454.0;88:19:22;16:19:22;317962.0;4;454.0;1.0;0.827;28.0;0.904;31.0;3.0;0.0
7298191_work;310523.0115;6400265.5294;7298191;79:20:49;07:20:49;285649.0;4;80:02:29;08:02:29;288149.0;4;2500.0;88:19:50;16:19:50;317990.0;4;32341.0;0.077;0.938;39.0;1.0;42.0;3.0;0.0
public_1476418067;321267.5246000001;6399237.5671;7286338;86:46:32;14:46:32;312392.0;4;88:20:29;16:20:29;318029.0;4;5637.0;88:20:29;16:20:29;318029.0;4;5637.0;1.0;0.482;20.0;1.0;42.0;22.0;0.0
public_1476253627;323406.1270000003;6404946.8114;9513338;88:07:01;16:07:01;317221.0;4;88:23:47;16:23:47;318227.0;4;1006.0;88:23:47;16:23:47;318227.0;4;1006.0;1.0;0.484;25.0;0.602;31.0;6.0;0.0
public_1476411636;322906.96690000035;6404263.4789;5464740;87:49:00;15:49:00;316140.0;4;88:25:02;16:25:02;318302.0;4;2162.0;88:25:02;16:25:02;318302.0;4;2162.0;1.0;0.429;22.0;0.683;36.0;13.0;0.0
4784608_work;318708.69299999997;6398531.7129999995;4784608;78:41:17;06:41:17;283277.0;4;79:23:59;07:23:59;285839.0;4;2562.0;88:25:31;16:25:31;318331.0;4;35054.0;0.073;0.964;58.0;1.0;60.0;2.0;0.0
7298193_work;317225.59520000033;6398402.370100001;7298193;79:35:22;07:35:22;286522.0;4;79:50:14;07:50:14;287414.0;4;892.0;88:27:57;16:27:57;318477.0;4;31955.0;0.028;0.996;52.0;1.0;52.0;0.0;0.0
2017999_home;324970.7039999999;6401520.6151;2017999;82:00:00;10:00:00;295200.0;4;84:44:44;12:44:44;305084.0;4;9884.0;88:29:19;16:29:19;318559.0;4;23359.0;0.423;0.605;25.0;1.0;42.0;17.0;0.0
2073998_work;311150.17810000014;6401044.5414;2073998;79:58:07;07:58:07;287887.0;4;81:18:29;09:18:29;292709.0;4;4822.0;88:30:56;16:30:56;318656.0;4;30769.0;0.157;0.729;25.0;1.0;34.0;9.0;0.0
4604173_home;316159.1687000003;6401411.4671;4604173;86:51:19;14:51:19;312679.0;4;88:02:29;16:02:29;316949.0;4;4270.0;88:34:29;16:34:29;318869.0;4;6190.0;0.69;0.865;36.0;1.0;42.0;6.0;0.0
public_1476094993;319738.0734000001;6399436.431700001;1941613;86:11:33;14:11:33;310293.0;4;87:25:14;15:25:14;314714.0;4;4421.0;88:38:48;16:38:48;319128.0;4;8835.0;0.5;0.793;41.0;1.0;52.0;11.0;0.0
public_1476094993;319738.0734000001;6399436.431700001;1928999;78:16:10;06:16:10;281770.0;4;79:05:44;07:05:44;284744.0;4;2974.0;88:41:57;16:41:57;319317.0;4;37547.0;0.079;0.878;30.0;1.0;34.0;4.0;0.0
public_1476264978;312993.53920000046;6403296.6105;9673358;80:35:34;08:35:34;290134.0;4;81:17:44;09:17:44;292664.0;4;2530.0;88:43:34;16:43:34;319414.0;4;29280.0;0.086;0.935;70.0;1.0;75.0;5.0;0.0
9490619_home;314207.43989999965;6397448.4559;9490619;86:40:16;14:40:16;312016.0;4;87:19:49;15:19:49;314389.0;4;2373.0;88:50:16;16:50:16;319816.0;4;7800.0;0.304;0.971;51.0;1.0;52.0;1.0;0.0
1968160_work;318547.49010000005;6393066.2062;1968160;80:05:43;08:05:43;288343.0;4;81:35:24;09:35:24;293724.0;4;5381.0;88:52:14;16:52:14;319934.0;4;31591.0;0.17;0.822;49.0;1.0;60.0;11.0;0.0
public_1476251537;313413.2647000002;6402766.123400001;2324135;80:47:48;08:47:48;290868.0;4;82:10:39;10:10:39;295839.0;4;4971.0;88:52:36;16:52:36;319956.0;4;29088.0;0.171;0.519;18.0;1.0;34.0;16.0;0.0
public_1476203079;321534.5303999996;6394544.737;1936362;79:28:16;07:28:16;286096.0;4;80:19:44;08:19:44;289184.0;4;3088.0;88:52:51;16:52:51;319971.0;4;33875.0;0.091;0.857;29.0;1.0;34.0;5.0;0.0
7506596_home;315718.89269999973;6395192.287599999;7506596;87:11:38;15:11:38;313898.0;4;88:57:24;16:57:24;320244.0;4;6346.0;88:57:49;16:57:49;320269.0;4;6371.0;0.996;0.842;51.0;1.0;60.0;9.0;0.0
public_1476424204;318784.03220000025;6398588.606000001;4642351;88:07:24;16:07:24;317244.0;4;89:04:12;17:04:12;320652.0;4;3408.0;89:04:12;17:04:12;320652.0;4;3408.0;1.0;0.261;20.0;0.539;40.0;21.0;0.0
public_1476304420;318816.81149999984;6399642.367000001;5464436;86:01:53;14:01:53;309713.0;4;87:55:34;15:55:34;316534.0;4;6821.0;89:05:49;17:05:49;320749.0;4;11036.0;0.618;0.563;34.0;1.0;60.0;26.0;0.0
public_1476060259;313089.6040000003;6394238.339;3042474;80:36:24;08:36:24;290184.0;4;81:27:09;09:27:09;293229.0;4;3045.0;89:07:35;17:07:35;320855.0;4;30671.0;0.099;0.939;56.0;1.0;60.0;4.0;0.0
public_1476199362;321159.37820000015;6402470.642000001;4598048;79:07:49;07:07:49;284869.0;4;79:38:49;07:38:49;286729.0;4;1860.0;89:08:24;17:08:24;320904.0;4;36035.0;0.052;0.975;33.0;1.0;34.0;1.0;0.0
public_1476280827;324500.9771999996;6405829.903100001;2323688;86:56:25;14:56:25;312985.0;4;88:51:39;16:51:39;319899.0;4;6914.0;89:09:00;17:09:00;320940.0;4;7955.0;0.869;0.306;13.0;1.0;42.0;29.0;0.0
7494733_home;320931.8605000004;6395287.4657000005;7494733;88:44:15;16:44:15;319455.0;4;89:09:38;17:09:38;320978.0;4;1523.0;89:09:38;17:09:38;320978.0;4;1523.0;1.0;0.484;29.0;0.533;32.0;3.0;0.0
public_1476130412;327025.23950000014;6403069.138800001;4681405;88:24:57;16:24:57;318297.0;4;89:10:29;17:10:29;321029.0;4;2732.0;89:10:29;17:10:29;321029.0;4;2732.0;1.0;0.19;8.0;0.587;25.0;17.0;0.0
public_1476376345;310241.3289999999;6399370.728;4661792;80:02:49;08:02:49;288169.0;4;80:42:59;08:42:59;290579.0;4;2410.0;89:10:53;17:10:53;321053.0;4;32884.0;0.073;0.945;40.0;1.0;42.0;2.0;0.0
1979559_work;313993.0917999996;6394207.2454;1979559;79:55:05;07:55:05;287705.0;4;80:33:59;08:33:59;290039.0;4;2334.0;89:15:47;17:15:47;321347.0;4;33642.0;0.069;0.951;32.0;1.0;34.0;2.0;0.0
4638257_work;318553.84049999993;6394254.804300001;4638257;79:57:45;07:57:45;287865.0;4;80:34:49;08:34:49;290089.0;4;2224.0;89:18:00;17:18:00;321480.0;4;33615.0;0.066;0.958;40.0;1.0;42.0;2.0;0.0
public_1475983670;318252.84130000044;6401341.805400001;4769145;88:52:39;16:52:39;319959.0;4;89:18:13;17:18:13;321493.0;4;1534.0;89:18:13;17:18:13;321493.0;4;1534.0;1.0;0.631;33.0;0.811;42.0;9.0;0.0
public_1476201610;321894.2433000002;6402176.7787;1895035;81:25:42;09:25:42;293142.0;4;82:28:49;10:28:49;296929.0;4;3787.0;89:19:54;17:19:54;321594.0;4;28452.0;0.133;0.872;52.0;1.0;60.0;8.0;0.0
7359830_work;315799.35780000035;6394287.5962000005;7359830;79:36:35;07:36:35;286595.0;4;80:37:14;08:37:14;290234.0;4;3639.0;89:26:09;17:26:09;321969.0;4;35374.0;0.103;0.835;28.0;1.0;34.0;6.0;0.0
7411363_work;321282.87399999984;6395368.9757;7411363;80:14:38;08:14:38;288878.0;4;81:49:19;09:49:19;294559.0;4;5681.0;89:34:05;17:34:05;322445.0;4;33567.0;0.169;0.652;22.0;1.0;34.0;12.0;0.0
3256128_work;314566.75930000003;6406042.2543;3256128;86:58:15;14:58:15;313095.0;4;87:52:29;15:52:29;316349.0;4;3254.0;89:37:57;17:37:57;322677.0;4;9582.0;0.34;0.931;56.0;1.0;60.0;4.0;0.0
4704065_work;317742.09619999956;6400014.5427;4704065;79:28:07;07:28:07;286087.0;4;80:09:54;08:09:54;288594.0;4;2507.0;89:42:33;17:42:33;322953.0;4;36866.0;0.068;0.937;32.0;1.0;34.0;2.0;0.0
public_1476129700;315136.35780000035;6403347.9793;2324135;89:01:07;17:01:07;320467.0;4;89:37:14;17:37:14;322634.0;4;2167.0;89:43:20;17:43:20;323000.0;4;2533.0;0.856;0.961;33.0;1.0;34.0;1.0;0.0
public_1476421083;319453.5351;6400858.7137;9396643;89:16:14;17:16:14;321374.0;4;89:45:12;17:45:12;323112.0;4;1738.0;89:45:12;17:45:12;323112.0;4;1738.0;1.0;0.877;46.0;0.982;51.0;5.0;0.0
4704257_work;315991.8487999998;6404363.5067;4704257;79:36:34;07:36:34;286594.0;4;80:26:34;08:26:34;289594.0;4;3000.0;89:45:26;17:45:26;323126.0;4;36532.0;0.082;0.892;30.0;1.0;34.0;4.0;0.0
public_1476046462;315927.9773000004;6401422.25;7508758;88:55:34;16:55:34;320134.0;4;89:47:55;17:47:55;323275.0;4;3141.0;89:47:55;17:47:55;323275.0;4;3141.0;1.0;0.746;25.0;0.998;34.0;9.0;0.0
2045831_work;312183.26549999975;6403581.783500001;2045831;80:44:00;08:44:00;290640.0;4;81:51:04;09:51:04;294664.0;4;4024.0;89:48:17;17:48:17;323297.0;4;32657.0;0.123;0.882;46.0;1.0;52.0;6.0;0.0
public_1476429391;325900.2153000003;6400851.2162;7457545;89:17:41;17:17:41;321461.0;4;89:50:23;17:50:23;323423.0;4;1962.0;89:50:23;17:50:23;323423.0;4;1962.0;1.0;0.371;22.0;0.571;34.0;12.0;0.0
public_1476077143;312722.4956;6402428.275699999;9416099;87:10:21;15:10:21;313821.0;4;88:31:14;16:31:14;318674.0;4;4853.0;89:55:58;17:55:58;323758.0;4;9937.0;0.488;0.606;25.0;1.0;42.0;17.0;0.0
public_1476302412;319944.1727999998;6402379.837099999;1896793;89:45:28;17:45:28;323128.0;4;89:57:19;17:57:19;323839.0;4;711.0;89:57:19;17:57:19;323839.0;4;711.0;1.0;0.905;38.0;0.966;41.0;3.0;0.0
public_1475967296;328279.0519000003;6402263.460999999;9430738;89:50:08;17:50:08;323408.0;4;89:58:37;17:58:37;323917.0;4;509.0;89:58:37;17:58:37;323917.0;4;509.0;1.0;0.595;36.0;0.647;39.0;3.0;0.0
public_1476363725;317107.39499999955;6402608.874299999;4652092;88:50:55;16:50:55;319855.0;4;89:59:47;17:59:47;323987.0;4;4132.0;89:59:47;17:59:47;323987.0;4;4132.0;1.0;0.4;21.0;0.886;46.0;25.0;0.0
9542839_work;318952.87320000026;6399925.6861000005;9542839;79:20:45;07:20:45;285645.0;4;80:05:29;08:05:29;288329.0;4;2684.0;90:00:08;18:00:08;324008.0;4;38363.0;0.07;0.921;31.0;1.0;34.0;3.0;0.0
2126857_home;327285.14159999974;6392540.0978;2126857;89:11:29;17:11:29;321089.0;4;90:01:53;18:01:53;324113.0;4;3024.0;90:01:53;18:01:53;324113.0;4;3024.0;1.0;0.777;47.0;0.875;53.0;6.0;0.0
2093943_work;316693.6754999999;6397205.966;2093943;82:05:11;10:05:11;295511.0;4;82:27:44;10:27:44;296864.0;4;1353.0;90:07:50;18:07:50;324470.0;4;28959.0;0.047;0.989;34.0;1.0;34.0;0.0;0.0
2326800_work;320462.31209999975;6398789.2698;2326800;78:35:27;06:35:27;282927.0;4;80:04:04;08:04:04;288244.0;4;5317.0;90:11:42;18:11:42;324702.0;4;41775.0;0.127;0.734;31.0;1.0;42.0;11.0;0.0
public_1475956613;316984.48330000043;6395061.7819;1884883;88:39:40;16:39:40;319180.0;4;89:28:19;17:28:19;322099.0;4;2919.0;90:17:35;18:17:35;325055.0;4;5875.0;0.497;0.887;30.0;1.0;34.0;4.0;0.0
public_1476298289;319003.1489000004;6400265.2392;9403888;89:26:06;17:26:06;321966.0;4;90:18:27;18:18:27;325107.0;4;3141.0;90:18:27;18:18:27;325107.0;4;3141.0;1.0;0.689;29.0;0.992;42.0;13.0;0.0
2321911_work;328256.8060999997;6393837.243899999;2321911;80:08:06;08:08:06;288486.0;4;81:02:44;09:02:44;291764.0;4;3278.0;90:32:08;18:32:08;325928.0;4;37442.0;0.088;0.868;30.0;1.0;34.0;4.0;0.0
2329272_home;320684.4760999996;6410192.153100001;2329272;90:06:13;18:06:13;324373.0;4;90:38:53;18:38:53;326333.0;4;1960.0;90:38:53;18:38:53;326333.0;4;1960.0;1.0;0.707;30.0;0.798;34.0;4.0;0.0
public_1476187491;321710.3996000001;6400785.069;4772272;89:09:30;17:09:30;320970.0;4;89:57:29;17:57:29;323849.0;4;2879.0;90:40:01;18:40:01;326401.0;4;5431.0;0.53;0.907;68.0;1.0;75.0;7.0;0.0
4744050_work;319821.01740000024;6398390.026699999;4744050;86:05:00;14:05:00;309900.0;4;87:05:24;15:05:24;313524.0;4;3624.0;90:47:36;18:47:36;326856.0;4;16956.0;0.214;0.857;36.0;1.0;42.0;6.0;0.0
public_1475972656;318097.7993999999;6402261.8981;1857800;90:30:01;18:30:01;325801.0;4;90:52:03;18:52:03;327123.0;4;1322.0;90:52:03;18:52:03;327123.0;4;1322.0;1.0;0.787;47.0;0.92;55.0;8.0;0.0
public_1475992444;314824.6895000003;6402583.526799999;5879289;89:36:53;17:36:53;322613.0;4;90:23:44;18:23:44;325424.0;4;2811.0;90:58:50;18:58:50;327530.0;4;4917.0;0.572;0.903;31.0;1.0;34.0;3.0;0.0
public_1476094081;317139.9598000003;6394338.497099999;2324135;90:39:56;18:39:56;326396.0;4;91:10:17;19:10:17;328217.0;4;1821.0;91:10:17;19:10:17;328217.0;4;1821.0;1.0;0.8;27.0;0.984;33.0;6.0;0.0
public_1476044137;312573.27190000005;6394153.5075;4922508;88:47:33;16:47:33;319653.0;4;90:21:44;18:21:44;325304.0;4;5651.0;91:13:14;19:13:14;328394.0;4;8741.0;0.646;0.397;13.0;1.0;34.0;21.0;0.0
public_1476134020;319865.0999999996;6400330.5699000005;2017200;80:38:49;08:38:49;290329.0;4;81:24:04;09:24:04;293044.0;4;2715.0;91:38:07;19:38:07;329887.0;4;39558.0;0.069;0.915;31.0;1.0;34.0;3.0;0.0
1881178_home;308685.8351999996;6403612.2498;1881178;89:02:58;17:02:58;320578.0;4;90:50:49;18:50:49;327049.0;4;6471.0;91:46:31;19:46:31;330391.0;4;9813.0;0.659;0.715;24.0;1.0;34.0;10.0;0.0
public_1476224224;321379.73319999967;6396355.6888999995;9554247;91:03:34;19:03:34;327814.0;4;92:04:24;20:04:24;331464.0;4;3650.0;92:10:34;20:10:34;331834.0;4;4020.0;0.908;0.756;26.0;1.0;34.0;8.0;0.0
4922431_work;318270.3800999997;6392536.297599999;4922431;86:56:03;14:56:03;312963.0;4;87:52:04;15:52:04;316324.0;4;3361.0;92:14:50;20:14:50;332090.0;4;19127.0;0.176;0.921;48.0;1.0;52.0;4.0;0.0
1968155_home;328717.6030000001;6397984.832;1968155;92:02:24;20:02:24;331344.0;4;92:16:59;20:16:59;332219.0;4;875.0;92:16:59;20:16:59;332219.0;4;875.0;1.0;0.944;32.0;0.983;33.0;1.0;0.0
public_1476290239;313549.53419999965;6391000.616;4772272;91:00:35;19:00:35;327635.0;4;91:38:19;19:38:19;329899.0;4;2264.0;92:18:03;20:18:03;332283.0;4;4648.0;0.487;0.956;72.0;1.0;75.0;3.0;0.0
public_1476257012;317984.39520000014;6400620.455499999;9474516;84:23:38;12:23:38;303818.0;4;85:11:19;13:11:19;306679.0;4;2861.0;92:21:21;20:21:21;332481.0;4;28663.0;0.1;0.895;38.0;1.0;42.0;4.0;0.0
4640936_home;321243.12349999975;6397118.1767;4640936;91:31:33;19:31:33;329493.0;4;92:39:08;20:39:08;333548.0;4;4055.0;92:39:08;20:39:08;333548.0;4;4055.0;1.0;0.594;20.0;0.826;28.0;8.0;0.0
public_1476134020;319865.0999999996;6400330.5699000005;7451976;91:11:49;19:11:49;328309.0;4;92:18:14;20:18:14;332294.0;4;3985.0;93:01:20;21:01:20;334880.0;4;6571.0;0.606;0.696;24.0;1.0;34.0;10.0;0.0
public_1476127570;318225.9935999997;6399292.052100001;7320021;90:08:26;18:08:26;324506.0;4;91:03:49;19:03:49;327829.0;4;3323.0;93:21:18;21:21:18;336078.0;4;11572.0;0.287;0.815;28.0;1.0;34.0;6.0;0.0
4923864_home;304522.91920000035;6400766.567399999;4923864;92:40:29;20:40:29;333629.0;4;93:24:36;21:24:36;336276.0;4;2647.0;93:24:36;21:24:36;336276.0;4;2647.0;1.0;0.753;57.0;0.822;62.0;5.0;0.0
public_1476251537;313413.2647000002;6402766.123400001;9420023;86:00:56;14:00:56;309656.0;4;86:43:34;14:43:34;312214.0;4;2558.0;94:14:03;22:14:03;339243.0;4;29587.0;0.086;0.932;39.0;1.0;42.0;3.0;0.0
9543495_work;321014.1431;6409416.161599999;9543495;86:33:24;14:33:24;311604.0;4;88:54:34;16:54:34;320074.0;4;8470.0;95:35:38;23:35:38;344138.0;4;32534.0;0.26;0.621;32.0;1.0;52.0;20.0;0.0
4730932_home;319089.36849999987;6398077.2782000005;4730932;92:52:47;20:52:47;334367.0;4;95:20:34;23:20:34;343234.0;4;8867.0;100:04:55;04:04:55;360295.0;5;25928.0;0.342;0.729;38.0;1.0;52.0;14.0;0.0
9509807_home;318016.74849999975;6398930.236400001;9509807;89:23:04;17:23:04;321784.0;4;91:46:04;19:46:04;330364.0;4;8580.0;100:12:35;04:12:35;360755.0;5;38971.0;0.22;0.665;28.0;1.0;42.0;14.0;0.0
1931047_home;315928.92399999965;6400170.713500001;1931047;98:45:00;02:45:00;355500.0;5;100:12:24;04:12:24;360744.0;5;5244.0;100:19:09;04:19:09;361149.0;5;5649.0;0.928;0.82;34.0;1.0;42.0;8.0;0.0
4661436_home;314956.0870000003;6403678.3912;4661436;88:23:57;16:23:57;318237.0;4;90:42:34;18:42:34;326554.0;4;8317.0;100:35:18;04:35:18;362118.0;5;43881.0;0.19;0.779;47.0;1.0;60.0;13.0;0.0
2030913_home;324950.07710000034;6403226.425100001;2030913;81:44:37;09:44:37;294277.0;4;82:24:49;10:24:49;296689.0;4;2412.0;100:46:23;04:46:23;362783.0;5;68506.0;0.035;0.947;32.0;1.0;34.0;2.0;0.0
public_1476172874;316183.9508999996;6394367.510600001;9456468;89:24:25;17:24:25;321865.0;4;90:29:54;18:29:54;325794.0;4;3929.0;101:09:28;05:09:28;364168.0;5;42303.0;0.093;0.706;24.0;1.0;34.0;10.0;0.0
public_1475953896;317952.19570000004;6397239.963099999;7502501;86:15:22;14:15:22;310522.0;4;88:30:04;16:30:04;318604.0;4;8082.0;101:12:36;05:12:36;364356.0;5;53834.0;0.15;0.363;19.0;1.0;52.0;33.0;0.0
5464371_home;324114.14690000005;6408070.1841;5464371;90:35:13;18:35:13;326113.0;4;92:11:44;20:11:44;331904.0;4;5791.0;101:44:32;05:44:32;366272.0;5;40159.0;0.144;0.86;52.0;1.0;60.0;8.0;0.0
7368574_home;317227.35080000013;6402830.054;7368574;95:25:00;23:25:00;343500.0;4;101:09:44;05:09:44;364184.0;5;20684.0;101:51:17;05:51:17;366677.0;5;23177.0;0.892;0.287;15.0;1.0;52.0;37.0;0.0
5883581_home;328332.4935999997;6402363.8849;5883581;88:18:57;16:18:57;317937.0;4;89:08:54;17:08:54;320934.0;4;2997.0;101:59:38;05:59:38;367178.0;5;49241.0;0.061;0.924;39.0;1.0;42.0;3.0;0.0
9557968_home;315840.84190000035;6402373.8396000005;9557968;88:18:43;16:18:43;317923.0;4;89:53:19;17:53:19;323599.0;4;5676.0;102:00:18;06:00:18;367218.0;5;49295.0;0.115;0.8;34.0;1.0;42.0;8.0;0.0
7301082_home;320602.9144000001;6397477.2348;7301082;86:49:32;14:49:32;312572.0;4;90:15:34;18:15:34;324934.0;4;12362.0;102:00:59;06:00:59;367259.0;5;54687.0;0.226;0.378;13.0;1.0;34.0;21.0;0.0
7365302_home;323558.9929999998;6405651.786;7365302;82:28:29;10:28:29;296909.0;4;86:44:24;14:44:24;312264.0;4;15355.0;102:01:34;06:01:34;367294.0;5;70385.0;0.218;0.55;33.0;1.0;60.0;27.0;0.0
2327157_home;311162.21499999985;6406476.887800001;2327157;90:37:14;18:37:14;326234.0;4;92:35:19;20:35:19;333319.0;4;7085.0;102:06:26;06:06:26;367586.0;5;41352.0;0.171;0.734;31.0;1.0;42.0;11.0;0.0
2033641_home;321258.5219999999;6409703.8136;2033641;88:27:04;16:27:04;318424.0;4;90:47:09;18:47:09;326829.0;4;8405.0;102:07:07;06:07:07;367627.0;5;49203.0;0.171;0.604;21.0;1.0;34.0;13.0;0.0
2315592_home;314197.7220999999;6390817.0002999995;2315592;87:41:34;15:41:34;315694.0;4;88:57:24;16:57:24;320244.0;4;4550.0;102:09:15;06:09:15;367755.0;5;52061.0;0.087;0.825;28.0;1.0;34.0;6.0;0.0
public_1476383373;312054.31790000014;6407238.7916;9669919;91:29:49;19:29:49;329389.0;4;93:17:44;21:17:44;335864.0;4;6475.0;102:13:32;06:13:32;368012.0;5;38623.0;0.168;0.37;16.0;1.0;42.0;26.0;0.0
4663510_home;321884.70050000027;6393392.9725;4663510;88:42:06;16:42:06;319326.0;4;89:45:54;17:45:54;323154.0;4;3828.0;102:16:01;06:16:01;368161.0;5;48835.0;0.078;0.866;29.0;1.0;34.0;5.0;0.0
7416337_home;324771.25150000025;6400753.5078;7416337;91:52:22;19:52:22;330742.0;4;93:19:14;21:19:14;335954.0;4;5212.0;102:19:33;06:19:33;368373.0;5;37631.0;0.139;0.787;27.0;1.0;34.0;7.0;0.0
public_1476186294;318281.0625;6406767.736500001;1866997;86:11:05;14:11:05;310265.0;4;88:40:39;16:40:39;319239.0;4;8974.0;102:20:32;06:20:32;368432.0;5;58167.0;0.154;0.344;21.0;1.0;60.0;39.0;0.0
3255260_home;309923.2385;6403891.039899999;3255260;88:30:09;16:30:09;318609.0;4;89:36:54;17:36:54;322614.0;4;4005.0;102:20:43;06:20:43;368443.0;5;49834.0;0.08;0.856;29.0;1.0;34.0;5.0;0.0
1895729_home;328438.38960000034;6404160.908299999;1895729;87:45:54;15:45:54;315954.0;4;89:15:19;17:15:19;321319.0;4;5365.0;102:22:34;06:22:34;368554.0;5;52600.0;0.102;0.86;45.0;1.0;52.0;7.0;0.0
4707188_home;315076.6445000004;6401854.6182;4707188;86:31:46;14:31:46;311506.0;4;87:54:49;15:54:49;316489.0;4;4983.0;102:30:16;06:30:16;369016.0;5;57510.0;0.087;0.887;53.0;1.0;60.0;7.0;0.0
1996417_home;315088.1275000004;6392900.0217;1996417;98:30:00;02:30:00;354600.0;5;99:45:54;03:45:54;359154.0;5;4554.0;102:30:25;06:30:25;369025.0;5;14425.0;0.316;0.89;46.0;1.0;52.0;6.0;0.0
8253956_home;321798.40660000034;6397594.6765;8253956;88:18:37;16:18:37;317917.0;4;89:44:49;17:44:49;323089.0;4;5172.0;102:31:07;06:31:07;369067.0;5;51150.0;0.101;0.823;35.0;1.0;42.0;7.0;0.0
9664484_home;314380.07550000027;6390999.892000001;9664484;90:25:23;18:25:23;325523.0;4;92:06:34;20:06:34;331594.0;4;6071.0;102:31:38;06:31:38;369098.0;5;43575.0;0.139;0.738;25.0;1.0;34.0;9.0;0.0
1917509_home;318598.3596000001;6399207.9891;1917509;97:35:00;01:35:00;351300.0;5;100:55:14;04:55:14;363314.0;5;12014.0;102:36:49;06:36:49;369409.0;5;18109.0;0.663;0.611;32.0;1.0;52.0;20.0;0.0
2071692_home;324365.43649999984;6405154.825300001;2071692;91:19:39;19:19:39;328779.0;4;95:33:29;23:33:29;344009.0;4;15230.0;102:38:00;06:38:00;369480.0;5;40701.0;0.374;0.214;7.0;1.0;34.0;27.0;0.0
public_1476019146;314432.47200000007;6390677.217;2316095;98:55:00;02:55:00;356100.0;5;100:01:04;04:01:04;360064.0;5;3964.0;102:44:10;06:44:10;369850.0;5;13750.0;0.288;0.854;51.0;1.0;60.0;9.0;0.0
1943660_home;311100.1476999996;6404846.6785;1943660;88:35:30;16:35:30;318930.0;4;93:46:24;21:46:24;337584.0;4;18654.0;102:47:33;06:47:33;370053.0;5;51123.0;0.365;0.363;19.0;1.0;52.0;33.0;0.0
4922102_home;312494.0672000004;6396388.6391;4922102;88:45:35;16:45:35;319535.0;4;90:32:54;18:32:54;325974.0;4;6439.0;102:48:45;06:48:45;370125.0;5;50590.0;0.127;0.764;32.0;1.0;42.0;10.0;0.0
4575456_home;329490.0011999998;6393422.0393;4575456;90:53:00;18:53:00;327180.0;4;96:28:14;00:28:14;347294.0;5;20114.0;103:01:20;07:01:20;370880.0;5;43700.0;0.46;0.396;24.0;1.0;60.0;36.0;0.0
7320517_home;316621.05790000036;6395551.0984000005;7320517;88:44:08;16:44:08;319448.0;4;91:25:14;19:25:14;329114.0;4;9666.0;103:02:31;07:02:31;370951.0;5;51503.0;0.188;0.532;18.0;1.0;34.0;16.0;0.0
4598048_home;322654.2934999997;6399796.4296;4598048;91:34:40;19:34:40;329680.0;4;92:26:39;20:26:39;332799.0;4;3119.0;103:02:31;07:02:31;370951.0;5;41271.0;0.076;0.907;31.0;1.0;34.0;3.0;0.0
1838887_home;326557.8392000003;6402430.541300001;1838887;97:25:00;01:25:00;350700.0;5;99:18:19;03:18:19;357499.0;5;6799.0;103:03:21;07:03:21;371001.0;5;20301.0;0.335;0.748;31.0;1.0;42.0;11.0;0.0
2072947_home;317466.2427000003;6405203.1493999995;2072947;89:31:03;17:31:03;322263.0;4;91:20:09;19:20:09;328809.0;4;6546.0;103:03:38;07:03:38;371018.0;5;48755.0;0.134;0.759;32.0;1.0;42.0;10.0;0.0
2040830_home;318588.2505000001;6391753.476299999;2040830;98:15:00;02:15:00;353700.0;5;101:21:39;05:21:39;364899.0;5;11199.0;103:03:53;07:03:53;371033.0;5;17333.0;0.646;0.544;23.0;1.0;42.0;19.0;0.0
4607727_home;317058.2664999999;6396129.8982;4607727;88:06:46;16:06:46;317206.0;4;89:06:29;17:06:29;320789.0;4;3583.0;103:04:56;07:04:56;371096.0;5;53890.0;0.066;0.926;48.0;1.0;52.0;4.0;0.0
public_1476408369;308242.3487;6400926.8608;8273513;89:07:07;17:07:07;320827.0;4;90:15:39;18:15:39;324939.0;4;4112.0;103:06:01;07:06:01;371161.0;5;50334.0;0.082;0.83;43.0;1.0;52.0;9.0;0.0
public_1476224224;321379.73319999967;6396355.6888999995;4663510;102:47:46;06:47:46;370066.0;5;103:07:36;07:07:36;371256.0;5;1190.0;103:07:36;07:07:36;371256.0;5;1190.0;1.0;0.926;31.0;0.987;34.0;2.0;0.0
4609799_home;317069.5384999998;6391755.4275;4609799;95:15:00;23:15:00;342900.0;4;101:02:09;05:02:09;363729.0;5;20829.0;103:08:11;07:08:11;371291.0;5;28391.0;0.734;0.485;36.0;1.0;75.0;39.0;0.0
2041052_home;318209.41110000014;6391713.7826000005;2041052;89:56:44;17:56:44;323804.0;4;92:25:49;20:25:49;332749.0;4;8945.0;103:08:20;07:08:20;371300.0;5;47496.0;0.188;0.648;27.0;1.0;42.0;15.0;0.0
1943706_home;311288.9951999998;6405624.982999999;1943706;84:15:01;12:15:01;303301.0;4;85:00:39;13:00:39;306039.0;4;2738.0;103:09:45;07:09:45;371385.0;5;68084.0;0.04;0.929;32.0;1.0;34.0;2.0;0.0
1967249_home;326381.0148;6403922.1515999995;1967249;88:10:51;16:10:51;317451.0;4;89:28:59;17:28:59;322139.0;4;4688.0;103:09:57;07:09:57;371397.0;5;53946.0;0.087;0.845;36.0;1.0;42.0;6.0;0.0
2033206_home;315985.8635;6402502.9836;2033206;99:15:00;03:15:00;357300.0;5;101:32:19;05:32:19;365539.0;5;8239.0;103:10:32;07:10:32;371432.0;5;14132.0;0.583;0.681;29.0;1.0;42.0;13.0;0.0
9460773_home;305174.8901000004;6400432.123299999;9460773;85:07:43;13:07:43;306463.0;4;87:33:14;15:33:14;315194.0;4;8731.0;103:11:27;07:11:27;371487.0;5;65024.0;0.134;0.586;20.0;1.0;34.0;14.0;0.0
4785109_home;325314.3842000002;6410331.5118;4785109;90:36:52;18:36:52;326212.0;4;92:38:39;20:38:39;333519.0;4;7307.0;103:11:46;07:11:46;371506.0;5;45294.0;0.161;0.811;49.0;1.0;60.0;11.0;0.0
1989025_home;316629.5700000003;6405039.8144000005;1989025;88:36:55;16:36:55;319015.0;4;90:04:39;18:04:39;324279.0;4;5264.0;103:12:13;07:12:13;371533.0;5;52518.0;0.1;0.863;45.0;1.0;52.0;7.0;0.0
4770792_home;315394.1842;6402929.1032;4770792;81:01:20;09:01:20;291680.0;4;82:34:59;10:34:59;297299.0;4;5619.0;103:12:24;07:12:24;371544.0;5;79864.0;0.07;0.802;34.0;1.0;42.0;8.0;0.0
4772271_home;320887.6749999998;6396465.4361000005;4772271;88:04:54;16:04:54;317094.0;4;90:53:09;18:53:09;327189.0;4;10095.0;103:13:18;07:13:18;371598.0;5;54504.0;0.185;0.508;17.0;1.0;34.0;17.0;0.0
2324411_home;304089.5016000001;6402685.125700001;2324411;98:50:00;02:50:00;355800.0;5;101:43:44;05:43:44;366224.0;5;10424.0;103:13:49;07:13:49;371629.0;5;15829.0;0.659;0.71;43.0;1.0;60.0;17.0;0.0
1881745_home;315321.6506000003;6401958.957699999;1881745;99:40:00;03:40:00;358800.0;5;100:58:44;04:58:44;363524.0;5;4724.0;103:13:59;07:13:59;371639.0;5;12839.0;0.368;0.815;28.0;1.0;34.0;6.0;0.0
1871098_home;313935.1564999996;6395667.003900001;1871098;88:16:56;16:16:56;317816.0;4;92:33:24;20:33:24;333204.0;4;15388.0;103:15:27;07:15:27;371727.0;5;53911.0;0.285;0.35;15.0;1.0;42.0;27.0;0.0
9461755_home;311175.8629999999;6404478.168;9461755;88:36:51;16:36:51;319011.0;4;95:07:39;23:07:39;342459.0;4;23448.0;103:16:41;07:16:41;371801.0;5;52790.0;0.444;0.288;17.0;1.0;60.0;43.0;0.0
2017963_home;325345.7237999998;6400493.486400001;2017963;95:50:00;23:50:00;345000.0;4;101:20:54;05:20:54;364854.0;5;19854.0;103:16:55;07:16:55;371815.0;5;26815.0;0.74;0.318;17.0;1.0;52.0;35.0;0.0
1936362_home;316528.88069999963;6393818.8575;1936362;101:25:00;05:25:00;365100.0;5;102:11:09;06:11:09;367869.0;5;2769.0;103:20:08;07:20:08;372008.0;5;6908.0;0.401;0.927;32.0;1.0;34.0;2.0;0.0
7411363_home;318839.2874999996;6399569.3467;7411363;89:44:31;17:44:31;323071.0;4;90:21:04;18:21:04;325264.0;4;2193.0;103:20:18;07:20:18;372018.0;5;48947.0;0.045;0.96;33.0;1.0;34.0;1.0;0.0
2033250_home;315988.1229999997;6402771.079;2033250;99:00:00;03:00:00;356400.0;5;101:47:34;05:47:34;366454.0;5;10054.0;103:21:07;07:21:07;372067.0;5;15667.0;0.642;0.51;17.0;1.0;34.0;17.0;0.0
4600925_home;325005.5080000004;6406214.4837;4600925;87:35:38;15:35:38;315338.0;4;90:48:49;18:48:49;326929.0;4;11591.0;103:22:10;07:22:10;372130.0;5;56792.0;0.204;0.526;22.0;1.0;42.0;20.0;0.0
2001171_home;320507.45770000014;6394613.757300001;2001171;90:14:39;18:14:39;324879.0;4;91:26:44;19:26:44;329204.0;4;4325.0;103:22:32;07:22:32;372152.0;5;47273.0;0.091;0.913;68.0;1.0;75.0;7.0;0.0
2068351_home;319342.50629999954;6398895.1951;2068351;85:14:28;13:14:28;306868.0;4;88:48:24;16:48:24;319704.0;4;12836.0;103:23:23;07:23:23;372203.0;5;65335.0;0.196;0.468;20.0;1.0;42.0;22.0;0.0
5563006_home;321917.1059999997;6397369.3343;5563006;80:45:55;08:45:55;290755.0;4;83:27:24;11:27:24;300444.0;4;9689.0;103:24:51;07:24:51;372291.0;5;81536.0;0.119;0.698;36.0;1.0;52.0;16.0;0.0
4744050_home;321702.1827999996;6394149.396199999;4744050;90:55:32;18:55:32;327332.0;4;91:31:49;19:31:49;329509.0;4;2177.0;103:27:34;07:27:34;372454.0;5;45122.0;0.048;0.962;40.0;1.0;42.0;2.0;0.0
9483319_home;323566.1133000003;6401374.403100001;9483319;90:58:23;18:58:23;327503.0;4;100:10:14;04:10:14;360614.0;5;33111.0;103:27:53;07:27:53;372473.0;5;44970.0;0.736;0.166;12.0;1.0;75.0;63.0;0.0
public_1476266844;326483.2139999997;6401401.6152;2109124;83:39:41;11:39:41;301181.0;4;85:06:29;13:06:29;306389.0;4;5208.0;103:28:38;07:28:38;372518.0;5;71337.0;0.073;0.476;16.0;1.0;34.0;18.0;0.0
1994334_home;313791.6235999996;6394032.231699999;1994334;88:04:40;16:04:40;317080.0;4;90:00:14;18:00:14;324014.0;4;6934.0;103:29:46;07:29:46;372586.0;5;55506.0;0.125;0.801;42.0;1.0;52.0;10.0;0.0
2082244_home;323421.98709999956;6395201.5699000005;2082244;90:05:00;18:05:00;324300.0;4;92:18:54;20:18:54;332334.0;4;8034.0;103:29:47;07:29:47;372587.0;5;48287.0;0.166;0.626;21.0;1.0;34.0;13.0;0.0
public_1476010562;313882.98369999975;6391439.9713;9668329;88:25:23;16:25:23;318323.0;4;89:13:14;17:13:14;321194.0;4;2871.0;103:29:53;07:29:53;372593.0;5;54270.0;0.053;0.894;30.0;1.0;34.0;4.0;0.0
public_1476111932;319016.21279999986;6393654.116900001;1945320;99:00:00;03:00:00;356400.0;5;100:19:39;04:19:39;361179.0;5;4779.0;103:31:24;07:31:24;372684.0;5;16284.0;0.293;0.752;56.0;1.0;75.0;19.0;0.0
1988010_home;315805.23000000045;6403795.608999999;1988010;90:55:41;18:55:41;327341.0;4;93:35:59;21:35:59;336959.0;4;9618.0;103:32:34;07:32:34;372754.0;5;45413.0;0.212;0.736;44.0;1.0;60.0;16.0;0.0
public_1476363725;317107.39499999955;6402608.874299999;4652092;91:01:54;19:01:54;327714.0;4;92:12:04;20:12:04;331924.0;4;4210.0;103:33:09;07:33:09;372789.0;5;45075.0;0.093;0.818;43.0;1.0;52.0;9.0;0.0
public_1476182836;325587.5264999997;6411025.6581999995;4610795;90:05:19;18:05:19;324319.0;4;91:36:59;19:36:59;329819.0;4;5500.0;103:33:33;07:33:33;372813.0;5;48494.0;0.113;0.424;14.0;1.0;34.0;20.0;0.0
4702543_home;315828.16889999993;6400310.1654;4702543;90:22:37;18:22:37;325357.0;4;91:42:14;19:42:14;330134.0;4;4777.0;103:33:59;07:33:59;372839.0;5;47482.0;0.101;0.812;28.0;1.0;34.0;6.0;0.0
public_1476311373;309598.2909000004;6403763.364800001;3255172;88:18:57;16:18:57;317937.0;4;89:43:49;17:43:49;323029.0;4;5092.0;103:35:26;07:35:26;372926.0;5;54989.0;0.093;0.497;17.0;1.0;34.0;17.0;0.0
1993456_home;314259.17370000016;6397495.127599999;1993456;86:27:36;14:27:36;311256.0;4;87:50:54;15:50:54;316254.0;4;4998.0;103:36:08;07:36:08;372968.0;5;61712.0;0.081;0.8;27.0;1.0;34.0;7.0;0.0
4598777_home;321474.26910000015;6400655.366699999;4598777;92:16:46;20:16:46;332206.0;4;93:39:49;21:39:49;337189.0;4;4983.0;103:36:46;07:36:46;373006.0;5;40800.0;0.122;0.832;35.0;1.0;42.0;7.0;0.0
public_1476177204;322554.0680999998;6393450.283600001;1949534;88:34:40;16:34:40;318880.0;4;89:50:19;17:50:19;323419.0;4;4539.0;103:37:01;07:37:01;373021.0;5;54141.0;0.084;0.78;41.0;1.0;52.0;11.0;0.0
2016161_home;329121.0730999997;6401807.5572999995;2016161;90:46:13;18:46:13;326773.0;4;93:37:44;21:37:44;337064.0;4;10291.0;103:38:17;07:38:17;373097.0;5;46324.0;0.222;0.497;17.0;1.0;34.0;17.0;0.0
4769250_home;317148.7832000004;6395450.640699999;4769250;89:17:06;17:17:06;321426.0;4;92:40:54;20:40:54;333654.0;4;12228.0;103:38:40;07:38:40;373120.0;5;51694.0;0.237;0.386;13.0;1.0;34.0;21.0;0.0
2099774_home;315354.95380000025;6403326.9923;2099774;94:40:00;22:40:00;340800.0;4;101:17:54;05:17:54;364674.0;5;23874.0;103:38:46;07:38:46;373126.0;5;32326.0;0.739;0.274;16.0;1.0;60.0;44.0;0.0
2002326_home;319658.58770000003;6396392.6435;2002326;92:12:38;20:12:38;331958.0;4;94:57:04;22:57:04;341824.0;4;9866.0;103:39:25;07:39:25;373165.0;5;41207.0;0.239;0.605;25.0;1.0;42.0;17.0;0.0
7412772_home;321236.1860999996;6401115.3747000005;7412772;89:44:50;17:44:50;323090.0;4;91:47:19;19:47:19;330439.0;4;7349.0;103:39:57;07:39:57;373197.0;5;50107.0;0.147;0.722;30.0;1.0;42.0;12.0;0.0
1942038_home;308618.1068000002;6403168.310799999;1942038;98:50:00;02:50:00;355800.0;5;100:57:54;04:57:54;363474.0;5;7674.0;103:43:26;07:43:26;373406.0;5;17606.0;0.436;0.707;30.0;1.0;42.0;12.0;0.0
9512435_home;323378.77329999954;6401473.876499999;9512435;86:44:02;14:44:02;312242.0;4;89:12:29;17:12:29;321149.0;4;8907.0;103:44:26;07:44:26;373466.0;5;61224.0;0.145;0.65;27.0;1.0;42.0;15.0;0.0
1979559_home;317378.4769000001;6399057.516100001;1979559;89:25:59;17:25:59;321959.0;4;90:05:49;18:05:49;324349.0;4;2390.0;103:44:43;07:44:43;373483.0;5;51524.0;0.046;0.949;32.0;1.0;34.0;2.0;0.0
4926634_home;317166.55790000036;6406348.022399999;4926634;100:45:00;04:45:00;362700.0;5;102:09:54;06:09:54;367794.0;5;5094.0;103:45:15;07:45:15;373515.0;5;10815.0;0.471;0.883;53.0;1.0;60.0;7.0;0.0
2321911_home;313484.2681;6392696.2773;2321911;97:50:00;01:50:00;352200.0;5;98:47:19;02:47:19;355639.0;5;3439.0;103:45:15;07:45:15;373515.0;5;21315.0;0.161;0.889;30.0;1.0;34.0;4.0;0.0
2079661_home;320529.1183000002;6395261.707800001;2079661;82:16:59;10:16:59;296219.0;4;83:22:14;11:22:14;300134.0;4;3915.0;103:46:33;07:46:33;373593.0;5;77374.0;0.051;0.861;29.0;1.0;34.0;5.0;0.0
9505250_home;325378.6662999997;6401830.6;9505250;98:50:00;02:50:00;355800.0;5;101:17:54;05:17:54;364674.0;5;8874.0;103:47:50;07:47:50;373670.0;5;17870.0;0.497;0.728;38.0;1.0;52.0;14.0;0.0
7451976_home;320219.08079999965;6397885.807600001;7451976;101:25:00;05:25:00;365100.0;5;102:13:34;06:13:34;368014.0;5;2914.0;103:49:09;07:49:09;373749.0;5;8649.0;0.337;0.919;31.0;1.0;34.0;3.0;0.0
9454731_home;314323.2544;6397034.4201;9454731;98:40:00;02:40:00;355200.0;5;100:47:09;04:47:09;362829.0;5;7629.0;103:49:25;07:49:25;373765.0;5;18565.0;0.411;0.709;30.0;1.0;42.0;12.0;0.0
public_1476270657;328341.16860000044;6398107.388499999;7400203;100:00:00;04:00:00;360000.0;5;101:00:49;05:00:49;363649.0;5;3649.0;103:51:02;07:51:02;373862.0;5;13862.0;0.263;0.885;46.0;1.0;52.0;6.0;0.0
1871017_home;313514.5373999998;6395157.881200001;1871017;89:50:07;17:50:07;323407.0;4;94:24:14;22:24:14;339854.0;4;16447.0;103:52:10;07:52:10;373930.0;5;50523.0;0.326;0.301;13.0;1.0;42.0;29.0;0.0
4586987_home;316572.3021999998;6398029.792300001;4586987;91:27:54;19:27:54;329274.0;4;94:08:19;22:08:19;338899.0;4;9625.0;103:52:51;07:52:51;373971.0;5;44697.0;0.215;0.7;36.0;1.0;52.0;16.0;0.0
2331122_home;320444.3711000001;6411240.955800001;2331122;88:36:49;16:36:49;319009.0;4;91:17:49;19:17:49;328669.0;4;9660.0;103:53:00;07:53:00;373980.0;5;54971.0;0.176;0.735;44.0;1.0;60.0;16.0;0.0
1988145_home;316146.35730000027;6403528.7129;1988145;85:27:16;13:27:16;307636.0;4;87:47:49;15:47:49;316069.0;4;8433.0;103:53:00;07:53:00;373980.0;5;66344.0;0.127;0.672;28.0;1.0;42.0;14.0;0.0
2077950_home;323672.8679999998;6411205.032500001;2077950;88:28:18;16:28:18;318498.0;4;95:44:14;23:44:14;344654.0;4;26156.0;103:53:22;07:53:22;374002.0;5;55504.0;0.471;0.347;26.0;1.0;75.0;49.0;0.0
2335473_home;315924.0122999996;6403872.4673999995;2335473;90:36:23;18:36:23;326183.0;4;93:54:24;21:54:24;338064.0;4;11881.0;103:55:02;07:55:02;374102.0;5;47919.0;0.248;0.512;22.0;1.0;42.0;20.0;0.0
7316759_home;320147.8047000002;6404331.7763;7316759;90:15:37;18:15:37;324937.0;4;92:20:54;20:20:54;332454.0;4;7517.0;103:55:22;07:55:22;374122.0;5;49185.0;0.153;0.779;41.0;1.0;52.0;11.0;0.0
4769859_home;323672.8679999998;6411205.032500001;4769859;90:08:34;18:08:34;324514.0;4;91:55:44;19:55:44;330944.0;4;6430.0;103:55:30;07:55:30;374130.0;5;49616.0;0.13;0.82;43.0;1.0;52.0;9.0;0.0
2323108_home;306794.42200000025;6402833.237500001;2323108;92:44:53;20:44:53;333893.0;4;95:41:14;23:41:14;344474.0;4;10581.0;103:56:16;07:56:16;374176.0;5;40283.0;0.263;0.572;24.0;1.0;42.0;18.0;0.0
public_1476197380;321710.2089999998;6400207.8992;7361407;92:11:00;20:11:00;331860.0;4;94:09:44;22:09:44;338984.0;4;7124.0;103:57:24;07:57:24;374244.0;5;42384.0;0.168;0.476;25.0;1.0;52.0;27.0;0.0
2329272_home;320684.4760999996;6410192.153100001;2329272;91:08:18;19:08:18;328098.0;4;93:11:34;21:11:34;335494.0;4;7396.0;103:57:47;07:57:47;374267.0;5;46169.0;0.16;0.72;30.0;1.0;42.0;12.0;0.0
7297455_home;317271.1238000002;6398662.148399999;7297455;97:45:00;01:45:00;351900.0;5;100:49:44;04:49:44;362984.0;5;11084.0;104:04:20;08:04:20;374660.0;5;22760.0;0.487;0.549;23.0;1.0;42.0;19.0;0.0
public_1476376836;323636.4302000003;6400977.224300001;9447277;99:40:00;03:40:00;358800.0;5;100:48:29;04:48:29;362909.0;5;4109.0;104:06:59;08:06:59;374819.0;5;16019.0;0.257;0.674;23.0;1.0;34.0;11.0;0.0
public_1476262184;313472.9447999997;6397165.270099999;2316319;103:35:19;07:35:19;372919.0;5;104:07:09;08:07:09;374829.0;5;1910.0;104:07:09;08:07:09;374829.0;5;1910.0;1.0;0.392;20.0;0.617;32.0;12.0;0.0
2069951_home;322549.9741000002;6400998.543400001;2069951;86:12:07;14:12:07;310327.0;4;87:21:09;15:21:09;314469.0;4;4142.0;104:08:18;08:08:18;374898.0;5;64571.0;0.064;0.849;29.0;1.0;34.0;5.0;0.0
3042474_home;323498.7457999997;6407917.1406;3042474;99:25:00;03:25:00;357900.0;5;100:20:34;04:20:34;361234.0;5;3334.0;104:15:58;08:15:58;375358.0;5;17458.0;0.191;0.94;56.0;1.0;60.0;4.0;0.0
4740567_home;316763.6473000003;6393973.485300001;4740567;90:46:36;18:46:36;326796.0;4;92:47:24;20:47:24;334044.0;4;7248.0;104:18:06;08:18:06;375486.0;5;48690.0;0.149;0.727;31.0;1.0;42.0;11.0;0.0
7361686_home;321637.20050000027;6400707.91;7361686;91:01:43;19:01:43;327703.0;4;93:25:04;21:25:04;336304.0;4;8601.0;104:19:13;08:19:13;375553.0;5;47850.0;0.18;0.594;20.0;1.0;34.0;14.0;0.0
1877014_home;317413.94299999997;6392233.5264;1877014;98:50:00;02:50:00;355800.0;5;100:29:04;04:29:04;361744.0;5;5944.0;104:20:06;08:20:06;375606.0;5;19806.0;0.3;0.856;51.0;1.0;60.0;9.0;0.0
9521384_home;322979.31909999996;6410636.6581;9521384;86:36:26;14:36:26;311786.0;4;87:48:39;15:48:39;316119.0;4;4333.0;104:20:37;08:20:37;375637.0;5;63851.0;0.068;0.838;28.0;1.0;34.0;6.0;0.0
2325706_home;309005.8250000002;6404601.293500001;2325706;93:13:50;21:13:50;335630.0;4;98:28:54;02:28:54;354534.0;5;18904.0;104:22:50;08:22:50;375770.0;5;40140.0;0.471;0.187;8.0;1.0;42.0;34.0;0.0
4705288_home;315038.6076999996;6393427.9344999995;4705288;90:28:07;18:28:07;325687.0;4;93:41:49;21:41:49;337309.0;4;11622.0;104:24:41;08:24:41;375881.0;5;50194.0;0.232;0.724;54.0;1.0;75.0;21.0;0.0
1941613_home;305892.9891999997;6400340.3089000005;1941613;88:57:39;16:57:39;320259.0;4;89:55:34;17:55:34;323734.0;4;3475.0;104:25:01;08:25:01;375901.0;5;55642.0;0.062;0.93;48.0;1.0;52.0;4.0;0.0
4643748_home;319355.65550000034;6399150.761399999;4643748;81:30:22;09:30:22;293422.0;4;85:13:24;13:13:24;306804.0;4;13382.0;104:25:49;08:25:49;375949.0;5;82527.0;0.162;0.32;11.0;1.0;34.0;23.0;0.0
1997792_home;317186.5398000004;6390501.809599999;1997792;97:05:00;01:05:00;349500.0;5;101:38:24;05:38:24;365904.0;5;16404.0;104:26:24;08:26:24;375984.0;5;26484.0;0.619;0.303;13.0;1.0;42.0;29.0;0.0
4577107_home;326202.81060000043;6402340.4552;4577107;96:05:00;00:05:00;345900.0;5;101:37:54;05:37:54;365874.0;5;19974.0;104:26:39;08:26:39;375999.0;5;30099.0;0.664;0.314;16.0;1.0;52.0;36.0;0.0
public_1476320783;317490.9028000003;6398776.622199999;1855465;88:06:20;16:06:20;317180.0;4;88:54:44;16:54:44;320084.0;4;2904.0;104:32:42;08:32:42;376362.0;5;59182.0;0.049;0.89;37.0;1.0;42.0;5.0;0.0
public_1476162075;315698.9042999996;6392867.8893;4784917;87:13:33;15:13:33;314013.0;4;89:59:49;17:59:49;323989.0;4;9976.0;104:33:11;08:33:11;376391.0;5;62378.0;0.16;0.241;14.0;1.0;60.0;46.0;0.0
1968155_home;328717.6030000001;6397984.832;1968155;98:05:00;02:05:00;353100.0;5;99:59:04;03:59:04;359944.0;5;6844.0;104:34:10;08:34:10;376450.0;5;23350.0;0.293;0.694;24.0;1.0;34.0;10.0;0.0
public_1476291698;323650.4994999999;6395286.1875;7495556;98:55:00;02:55:00;356100.0;5;100:41:59;04:41:59;362519.0;5;6419.0;104:37:15;08:37:15;376635.0;5;20535.0;0.313;0.259;9.0;1.0;34.0;25.0;0.0
9494196_home;317911.32710000034;6390302.2149;9494196;89:55:28;17:55:28;323728.0;4;91:16:44;19:16:44;328604.0;4;4876.0;104:39:06;08:39:06;376746.0;5;53018.0;0.092;0.807;27.0;1.0;34.0;7.0;0.0
9491221_home;314495.6807000004;6394265.006899999;9491221;88:43:17;16:43:17;319397.0;4;89:43:19;17:43:19;322999.0;4;3602.0;104:44:13;08:44:13;377053.0;5;57656.0;0.062;0.896;38.0;1.0;42.0;4.0;0.0
public_1476298289;319003.1489000004;6400265.2392;9447277;104:17:52;08:17:52;375472.0;5;104:44:20;08:44:20;377060.0;5;1588.0;104:44:20;08:44:20;377060.0;5;1588.0;1.0;0.957;33.0;0.997;34.0;1.0;0.0
5908289_home;322608.2189999996;6401163.177100001;5908289;87:54:12;15:54:12;316452.0;4;88:43:34;16:43:34;319414.0;4;2962.0;104:46:42;08:46:42;377202.0;5;60750.0;0.049;0.949;49.0;1.0;52.0;3.0;0.0
1941262_home;305892.9891999997;6400340.3089000005;1941262;90:45:46;18:45:46;326746.0;4;92:00:04;20:00:04;331204.0;4;4458.0;104:47:50;08:47:50;377270.0;5;50524.0;0.088;0.83;28.0;1.0;34.0;6.0;0.0
public_1476238549;325496.1283;6402430.0934999995;2109124;103:33:03;07:33:03;372783.0;5;103:57:49;07:57:49;374269.0;5;1486.0;104:47:55;08:47:55;377275.0;5;4492.0;0.331;0.986;34.0;1.0;34.0;0.0;0.0
public_1475949557;317031.70529999956;6390150.6654;1877251;85:26:08;13:26:08;307568.0;4;86:32:29;14:32:29;311549.0;4;3981.0;104:52:18;08:52:18;377538.0;5;69970.0;0.057;0.697;24.0;1.0;34.0;10.0;0.0
4660143_home;317009.2022000002;6391651.8156;4660143;85:41:48;13:41:48;308508.0;4;87:18:04;15:18:04;314284.0;4;5776.0;104:53:52;08:53:52;377632.0;5;69124.0;0.084;0.844;44.0;1.0;52.0;8.0;0.0
9458789_home;325758.80680000037;6410415.2524999995;9458789;83:30:09;11:30:09;300609.0;4;84:37:09;12:37:09;304629.0;4;4020.0;104:58:06;08:58:06;377886.0;5;77277.0;0.052;0.855;29.0;1.0;34.0;5.0;0.0
9523870_home;321505.4491999997;6393672.2676;9523870;99:25:00;03:25:00;357900.0;5;101:46:09;05:46:09;366369.0;5;8469.0;104:58:17;08:58:17;377897.0;5;19997.0;0.424;0.601;20.0;1.0;34.0;14.0;0.0
public_1475953896;317952.19570000004;6397239.963099999;7320517;104:11:18;08:11:18;375078.0;5;104:52:49;08:52:49;377569.0;5;2491.0;105:07:47;09:07:47;378467.0;5;3389.0;0.735;0.938;32.0;1.0;34.0;2.0;0.0
2080900_home;322199.28450000007;6390802.2118;2080900;91:09:20;19:09:20;328160.0;4;93:44:34;21:44:34;337474.0;4;9314.0;105:11:00;09:11:00;378660.0;5;50500.0;0.184;0.631;27.0;1.0;42.0;15.0;0.0
7415743_home;323822.33910000045;6401542.724300001;7415743;95:25:00;23:25:00;343500.0;4;100:53:49;04:53:49;363229.0;5;19729.0;105:11:13;09:11:13;378673.0;5;35173.0;0.561;0.409;25.0;1.0;60.0;35.0;0.0
public_1476335266;320993.7073999997;6394351.7543;1875719;104:17:38;08:17:38;375458.0;5;105:17:49;09:17:49;379069.0;5;3611.0;105:17:49;09:17:49;379069.0;5;3611.0;1.0;0.284;10.0;0.921;31.0;22.0;0.0
1877813_home;316867.73139999993;6390405.528999999;1877813;89:39:38;17:39:38;322778.0;4;92:53:04;20:53:04;334384.0;4;11606.0;105:20:10;09:20:10;379210.0;5;56432.0;0.206;0.724;54.0;1.0;75.0;21.0;0.0
1942173_home;308007.142;6403093.046700001;1942173;90:57:23;18:57:23;327443.0;4;92:21:09;20:21:09;332469.0;4;5026.0;105:37:29;09:37:29;380249.0;5;52806.0;0.095;0.798;27.0;1.0;34.0;7.0;0.0
public_1476200118;318391.83079999965;6393642.9618999995;1937617;103:49:02;07:49:02;373742.0;5;105:15:34;09:15:34;378934.0;5;5192.0;105:38:29;09:38:29;380309.0;5;6567.0;0.791;0.703;37.0;1.0;52.0;15.0;0.0
public_1475992444;314824.6895000003;6402583.526799999;2319425;104:36:36;08:36:36;376596.0;5;105:40:12;09:40:12;380412.0;5;3816.0;105:40:12;09:40:12;380412.0;5;3816.0;1.0;0.508;21.0;0.98;41.0;20.0;0.0
public_1476145085;317329.0527999997;6405698.8784;1920973;104:24:56;08:24:56;375896.0;5;105:36:29;09:36:29;380189.0;5;4293.0;105:51:11;09:51:11;381071.0;5;5175.0;0.83;0.809;42.0;1.0;52.0;10.0;0.0
9460773_home;305174.8901000004;6400432.123299999;9460773;104:53:15;08:53:15;377595.0;5;105:53:06;09:53:06;381186.0;5;3591.0;105:53:06;09:53:06;381186.0;5;3591.0;1.0;0.836;28.0;0.996;34.0;5.0;0.0
9504313_home;329280.01439999975;6394520.080800001;9504313;98:40:00;02:40:00;355200.0;5;99:42:19;03:42:19;358939.0;5;3739.0;105:55:35;09:55:35;381335.0;5;26135.0;0.143;0.921;48.0;1.0;52.0;4.0;0.0
public_1476245895;319092.1699000001;6399086.5339;9505250;103:59:57;07:59:57;374397.0;5;104:42:59;08:42:59;376979.0;5;2582.0;106:01:44;10:01:44;381704.0;5;7307.0;0.353;0.963;50.0;1.0;52.0;2.0;0.0
7326427_home;321737.44739999995;6391597.546700001;7326427;97:15:00;01:15:00;350100.0;5;99:10:59;03:10:59;357059.0;5;6959.0;106:13:44;10:13:44;382424.0;5;32324.0;0.215;0.74;31.0;1.0;42.0;11.0;0.0
2045115_home;321234.01800000016;6394038.889799999;2045115;84:09:19;12:09:19;302959.0;4;85:42:09;13:42:09;308529.0;4;5570.0;106:15:05;10:15:05;382505.0;5;79546.0;0.07;0.852;44.0;1.0;52.0;8.0;0.0
5915678_home;325568.4486999996;6393320.5677000005;5915678;94:35:30;22:35:30;340530.0;4;96:29:49;00:29:49;347389.0;5;6859.0;106:16:48;10:16:48;382608.0;5;42078.0;0.163;0.745;31.0;1.0;42.0;11.0;0.0
public_1476227930;329095.6671000002;6395098.0901999995;4680502;105:56:43;09:56:43;381403.0;5;106:25:57;10:25:57;383157.0;5;1754.0;106:25:57;10:25:57;383157.0;5;1754.0;1.0;0.698;36.0;0.904;47.0;11.0;0.0
9542950_home;323804.05319999997;6411163.5701;9542950;98:40:00;02:40:00;355200.0;5;100:18:04;04:18:04;361084.0;5;5884.0;106:31:41;10:31:41;383501.0;5;28301.0;0.208;0.79;33.0;1.0;42.0;9.0;0.0
4703580_home;313593.0926999999;6394284.1149;4703580;94:25:20;22:25:20;339920.0;4;95:55:04;23:55:04;345304.0;4;5384.0;106:32:04;10:32:04;383524.0;5;43604.0;0.123;0.813;34.0;1.0;42.0;8.0;0.0
public_1476262184;313472.9447999997;6397165.270099999;5880022;85:12:49;13:12:49;306769.0;4;86:35:44;14:35:44;311744.0;4;4975.0;106:39:05;10:39:05;383945.0;5;77176.0;0.064;0.518;18.0;1.0;34.0;16.0;0.0
8273608_home;307335.97140000015;6401270.5229;8273608;93:12:10;21:12:10;335530.0;4;94:20:39;22:20:39;339639.0;4;4109.0;106:39:15;10:39:15;383955.0;5;48425.0;0.085;0.872;37.0;1.0;42.0;5.0;0.0
public_1476178133;320960.76659999974;6398034.9494;2098908;106:07:34;10:07:34;382054.0;5;106:39:44;10:39:44;383984.0;5;1930.0;106:39:44;10:39:44;383984.0;5;1930.0;1.0;0.676;23.0;0.961;33.0;10.0;0.0
4772272_home;320635.26669999957;6396425.7161;4772272;92:35:59;20:35:59;333359.0;4;93:19:54;21:19:54;335994.0;4;2635.0;106:40:05;10:40:05;384005.0;5;50646.0;0.052;0.957;72.0;1.0;75.0;3.0;0.0
public_1476094081;317139.9598000003;6394338.497099999;9523870;105:05:42;09:05:42;378342.0;5;105:41:19;09:41:19;380479.0;5;2137.0;106:43:34;10:43:34;384214.0;5;5872.0;0.364;0.963;33.0;1.0;34.0;1.0;0.0
7286338_home;326002.2441999996;6400996.9465;7286338;88:30:29;16:30:29;318629.0;4;89:10:14;17:10:14;321014.0;4;2385.0;106:44:40;10:44:40;384280.0;5;65651.0;0.036;0.952;40.0;1.0;42.0;2.0;0.0
4923754_home;305047.8191999998;6401839.6226;4923754;84:59:42;12:59:42;305982.0;4;86:23:19;14:23:19;310999.0;4;5017.0;106:48:04;10:48:04;384484.0;5;78502.0;0.064;0.798;27.0;1.0;34.0;7.0;0.0
6047703_home;326654.9534;6395023.913699999;6047703;91:44:40;19:44:40;330280.0;4;94:16:14;22:16:14;339374.0;4;9094.0;106:48:14;10:48:14;384494.0;5;54214.0;0.168;0.753;45.0;1.0;60.0;15.0;0.0
4656378_home;313293.7494999999;6395338.1929;4656378;89:37:56;17:37:56;322676.0;4;91:35:19;19:35:19;329719.0;4;7043.0;106:51:41;10:51:41;384701.0;5;62025.0;0.114;0.82;49.0;1.0;60.0;11.0;0.0
7337868_home;329283.3236999996;6401834.149599999;7337868;87:18:43;15:18:43;314323.0;4;92:31:29;20:31:29;333089.0;4;18766.0;106:53:13;10:53:13;384793.0;5;70470.0;0.266;0.194;8.0;1.0;42.0;34.0;0.0
2325568_home;308398.7355000004;6405001.045;2325568;93:15:20;21:15:20;335720.0;4;94:32:39;22:32:39;340359.0;4;4639.0;106:53:27;10:53:27;384807.0;5;49087.0;0.095;0.905;68.0;1.0;75.0;7.0;0.0
4785915_home;316257.8339999998;6402058.8179;4785915;106:38:30;10:38:30;383910.0;5;107:02:03;11:02:03;385323.0;5;1413.0;107:02:03;11:02:03;385323.0;5;1413.0;1.0;0.857;36.0;0.922;39.0;3.0;0.0
7427894_home;321531.75650000013;6393339.871200001;7427894;83:46:44;11:46:44;301604.0;4;85:23:14;13:23:14;307394.0;4;5790.0;107:03:07;11:03:07;385387.0;5;83783.0;0.069;0.794;33.0;1.0;42.0;9.0;0.0
5933594_home;304251.7675999999;6400954.083000001;5933594;89:31:47;17:31:47;322307.0;4;91:09:54;19:09:54;328194.0;4;5887.0;107:15:28;11:15:28;386128.0;5;63821.0;0.092;0.79;33.0;1.0;42.0;9.0;0.0
public_1476242676;317178.8826000001;6399359.473099999;7462846;107:17:11;11:17:11;386231.0;5;107:18:49;11:18:49;386329.0;5;98.0;107:18:49;11:18:49;386329.0;5;98.0;1.0;0.353;21.0;0.363;22.0;1.0;0.0
5934181_home;330570.8409000002;6409123.7501;5934181;96:00:00;00:00:00;345600.0;5;100:31:54;04:31:54;361914.0;5;16314.0;107:18:59;11:18:59;386339.0;5;40739.0;0.4;0.52;31.0;1.0;60.0;29.0;0.0
7494705_home;320964.8729999997;6395272.369100001;7494705;99:20:00;03:20:00;357600.0;5;99:56:19;03:56:19;359779.0;5;2179.0;107:21:26;11:21:26;386486.0;5;28886.0;0.075;0.977;51.0;1.0;52.0;1.0;0.0
public_1476300220;327756.2171;6403439.268200001;2059158;104:01:16;08:01:16;374476.0;5;106:17:19;10:17:19;382639.0;5;8163.0;107:23:41;11:23:41;386621.0;5;12145.0;0.672;0.354;18.0;1.0;52.0;34.0;0.0
public_1476033780;311047.1867000004;6398755.349400001;4705288;104:36:46;08:36:46;376606.0;5;105:10:29;09:10:29;378629.0;5;2023.0;107:27:02;11:27:02;386822.0;5;10216.0;0.198;0.969;73.0;1.0;75.0;2.0;0.0
public_1475965480;315236.7589999996;6399670.434;4923723;105:34:45;09:34:45;380085.0;5;106:37:49;10:37:49;383869.0;5;3784.0;107:27:26;11:27:26;386846.0;5;6761.0;0.56;0.732;25.0;1.0;34.0;9.0;0.0
8169177_home;323122.69379999954;6407096.6504;8169177;107:14:55;11:14:55;386095.0;5;107:28:09;11:28:09;386889.0;5;794.0;107:28:09;11:28:09;386889.0;5;794.0;1.0;0.683;29.0;0.719;30.0;2.0;0.0
public_1475989714;320197.0164999999;6405049.835999999;9540846;102:47:35;06:47:35;370055.0;5;104:21:54;08:21:54;375714.0;5;5659.0;107:30:37;11:30:37;387037.0;5;16982.0;0.333;0.396;13.0;1.0;34.0;21.0;0.0
2125107_home;331711.7012;6391773.2223000005;2125107;98:50:00;02:50:00;355800.0;5;101:51:14;05:51:14;366674.0;5;10874.0;107:36:54;11:36:54;387414.0;5;31614.0;0.344;0.743;56.0;1.0;75.0;19.0;0.0
1931224_home;315805.61230000015;6400721.7006;1931224;107:20:56;11:20:56;386456.0;5;107:40:49;11:40:49;387649.0;5;1193.0;107:40:49;11:40:49;387649.0;5;1193.0;1.0;0.77;32.0;0.825;35.0;2.0;0.0
10004086_home;324725.4099000003;6411738.0989;10004086;107:12:49;11:12:49;385969.0;5;107:52:32;11:52:32;388352.0;5;2383.0;107:52:32;11:52:32;388352.0;5;2383.0;1.0;0.656;28.0;0.767;32.0;5.0;0.0
7412772_work;319601.41750000045;6399305.051100001;7412772;103:45:01;07:45:01;373501.0;5;104:12:34;08:12:34;375154.0;5;1653.0;107:54:24;11:54:24;388464.0;5;14963.0;0.11;0.982;41.0;1.0;42.0;1.0;0.0
7462778_home;316269.35250000004;6399755.043299999;7462778;93:59:15;21:59:15;338355.0;4;95:16:19;23:16:19;342979.0;4;4624.0;107:54:45;11:54:45;388485.0;5;50130.0;0.092;0.848;36.0;1.0;42.0;6.0;0.0
public_1476245895;319092.1699000001;6399086.5339;4923754;107:28:41;11:28:41;386921.0;5;107:56:50;11:56:50;388610.0;5;1689.0;107:56:50;11:56:50;388610.0;5;1689.0;1.0;0.867;29.0;0.989;34.0;4.0;0.0
public_1476355162;320332.9748999998;6404429.1285999995;4703597;107:44:09;11:44:09;387849.0;5;107:57:37;11:57:37;388657.0;5;808.0;107:57:37;11:57:37;388657.0;5;808.0;1.0;0.655;22.0;0.801;27.0;5.0;0.0
3039696_work;323530.9539000001;6402665.185900001;3039696;104:03:10;08:03:10;374590.0;5;105:38:24;09:38:24;380304.0;5;5714.0;108:01:26;12:01:26;388886.0;5;14296.0;0.4;0.783;41.0;1.0;52.0;11.0;0.0
public_1476044137;312573.27190000005;6394153.5075;4922508;92:45:14;20:45:14;333914.0;4;93:29:04;21:29:04;336544.0;4;2630.0;108:08:56;12:08:56;389336.0;5;55422.0;0.047;0.924;31.0;1.0;34.0;3.0;0.0
4646269_home;321602.7679000003;6398656.4021000005;4646269;107:23:53;11:23:53;386633.0;5;108:10:24;12:10:24;389424.0;5;2791.0;108:10:24;12:10:24;389424.0;5;2791.0;1.0;0.798;48.0;0.889;53.0;5.0;0.0
7369383_home;321289.96669999976;6410212.843;7369383;106:26:31;10:26:31;383191.0;5;108:11:06;12:11:06;389466.0;5;6275.0;108:11:06;12:11:06;389466.0;5;6275.0;1.0;0.271;20.0;0.434;33.0;12.0;0.0
public_1476072704;319365.0099999998;6399863.1022;4785915;107:14:01;11:14:01;386041.0;5;108:04:09;12:04:09;389049.0;5;3008.0;108:11:16;12:11:16;389476.0;5;3435.0;0.876;0.875;37.0;1.0;42.0;5.0;0.0
public_1476137267;328729.4315999998;6401953.777799999;1967726;107:03:49;11:03:49;385429.0;5;108:12:47;12:12:47;389567.0;5;4138.0;108:12:47;12:12:47;389567.0;5;4138.0;1.0;0.525;22.0;0.99;42.0;20.0;0.0
4660143_home;317009.2022000002;6391651.8156;4660143;105:42:44;09:42:44;380564.0;5;106:38:59;10:38:59;383939.0;5;3375.0;108:14:16;12:14:16;389656.0;5;9092.0;0.371;0.934;49.0;1.0;52.0;3.0;0.0
7620113_home;317162.52639999986;6406631.7083;7620113;107:59:41;11:59:41;388781.0;5;108:17:23;12:17:23;389843.0;5;1062.0;108:17:23;12:17:23;389843.0;5;1062.0;1.0;0.669;40.0;0.704;42.0;2.0;0.0
public_1476135410;329207.1747000003;6402593.460999999;4923754;108:11:10;12:11:10;389470.0;5;108:31:13;12:31:13;390673.0;5;1203.0;108:31:13;12:31:13;390673.0;5;1203.0;1.0;0.914;31.0;0.985;34.0;2.0;0.0
public_1476282853;324272.06989999954;6409568.8585;5464740;108:03:49;12:03:49;389029.0;5;108:33:48;12:33:48;390828.0;5;1799.0;108:33:48;12:33:48;390828.0;5;1799.0;1.0;0.57;30.0;0.782;41.0;11.0;0.0
9554976_home;325264.1062000003;6405110.642000001;9554976;100:30:00;04:30:00;361800.0;5;101:57:54;05:57:54;367074.0;5;5274.0;108:36:35;12:36:35;390995.0;5;29195.0;0.181;0.863;45.0;1.0;52.0;7.0;0.0
1937617_home;314846.68379999977;6391569.770400001;1937617;107:55:18;11:55:18;388518.0;5;108:38:33;12:38:33;391113.0;5;2595.0;108:38:33;12:38:33;391113.0;5;2595.0;1.0;0.881;46.0;0.977;51.0;5.0;0.0
public_1475993063;317768.7401999999;6392208.569599999;4680502;108:30:41;12:30:41;390641.0;5;108:44:54;12:44:54;391494.0;5;853.0;108:44:54;12:44:54;391494.0;5;853.0;1.0;0.707;37.0;0.807;42.0;5.0;0.0
4694999_home;322591.1849999996;6401580.606799999;4694999;107:21:01;11:21:01;386461.0;5;108:47:10;12:47:10;391630.0;5;5169.0;108:47:10;12:47:10;391630.0;5;5169.0;1.0;0.362;15.0;0.601;25.0;10.0;0.0
2017265_home;329939.13379999995;6399812.3024;2017265;108:16:32;12:16:32;389792.0;5;108:48:43;12:48:43;391723.0;5;1931.0;108:48:43;12:48:43;391723.0;5;1931.0;1.0;0.835;63.0;0.885;66.0;4.0;0.0
1944127_home;311298.59080000035;6404614.8376;1944127;106:49:15;10:49:15;384555.0;5;108:50:37;12:50:37;391837.0;5;7282.0;108:50:37;12:50:37;391837.0;5;7282.0;1.0;0.316;13.0;0.653;27.0;14.0;0.0
public_1476177204;322554.0680999998;6393450.283600001;9430738;108:57:25;12:57:25;392245.0;5;108:57:42;12:57:42;392262.0;5;17.0;108:57:42;12:57:42;392262.0;5;17.0;1.0;0.572;34.0;0.573;34.0;0.0;0.0
4765107_home;325828.5499999998;6405235.989600001;4765107;88:34:22;16:34:22;318862.0;4;90:14:14;18:14:14;324854.0;4;5992.0;108:58:12;12:58:12;392292.0;5;73430.0;0.082;0.785;33.0;1.0;42.0;9.0;0.0
7321950_work;312284.5236999998;6398845.1779;7321950;103:43:50;07:43:50;373430.0;5;104:41:29;08:41:29;376889.0;5;3459.0;109:06:21;13:06:21;392781.0;5;19351.0;0.179;0.869;37.0;1.0;42.0;5.0;0.0
public_1476127440;325701.6523000002;6405574.623299999;1840473;107:10:37;11:10:37;385837.0;5;108:29:59;12:29:59;390599.0;5;4762.0;109:07:44;13:07:44;392864.0;5;7027.0;0.678;0.754;39.0;1.0;52.0;13.0;0.0
4705288_home;315038.6076999996;6393427.9344999995;4705288;107:39:46;11:39:46;387586.0;5;108:16:49;12:16:49;389809.0;5;2223.0;109:09:23;13:09:23;392963.0;5;5377.0;0.413;0.967;73.0;1.0;75.0;2.0;0.0
public_1476361959;312768.0022999998;6395155.409399999;4656277;108:14:23;12:14:23;389663.0;5;109:11:01;13:11:01;393061.0;5;3398.0;109:11:01;13:11:01;393061.0;5;3398.0;1.0;0.559;19.0;0.989;34.0;15.0;0.0
public_1476313852;316616.84300000034;6398594.777000001;1877251;105:04:18;09:04:18;378258.0;5;105:44:59;09:44:59;380699.0;5;2441.0;109:14:29;13:14:29;393269.0;5;15011.0;0.163;0.943;32.0;1.0;34.0;2.0;0.0
1939420_home;317255.6564999996;6393171.7325;1939420;98:00:00;02:00:00;352800.0;5;101:29:44;05:29:44;365384.0;5;12584.0;109:14:32;13:14:32;393272.0;5;40472.0;0.311;0.366;12.0;1.0;34.0;22.0;0.0
1942999_home;307812.6655000001;6402682.075999999;1942999;86:33:31;14:33:31;311611.0;4;89:41:19;17:41:19;322879.0;4;11268.0;109:15:17;13:15:17;393317.0;5;81706.0;0.138;0.541;23.0;1.0;42.0;19.0;0.0
public_1476240726;321785.03720000014;6399579.9055;9416099;106:41:27;10:41:27;384087.0;5;107:47:54;11:47:54;388074.0;5;3987.0;109:15:29;13:15:29;393329.0;5;9242.0;0.431;0.732;31.0;1.0;42.0;11.0;0.0
9542392_home;315910.61539999954;6390983.782;9542392;107:45:36;11:45:36;387936.0;5;109:17:56;13:17:56;393476.0;5;5540.0;109:17:56;13:17:56;393476.0;5;5540.0;1.0;0.624;21.0;0.941;32.0;11.0;0.0
4680502_home;328173.13570000045;6395105.735300001;4680502;109:02:24;13:02:24;392544.0;5;109:23:04;13:23:04;393784.0;5;1240.0;109:23:04;13:23:04;393784.0;5;1240.0;1.0;0.736;38.0;0.782;41.0;2.0;0.0
public_1476115366;321323.40270000044;6397432.778100001;2334915;108:23:53;12:23:53;390233.0;5;109:24:15;13:24:15;393855.0;5;3622.0;109:24:15;13:24:15;393855.0;5;3622.0;1.0;0.435;33.0;0.73;55.0;22.0;0.0
public_1476128733;327381.8986999998;6395239.193299999;4923723;107:46:38;11:46:38;387998.0;5;108:33:54;12:33:54;390834.0;5;2836.0;109:27:26;13:27:26;394046.0;5;6048.0;0.469;0.9;31.0;1.0;34.0;3.0;0.0
public_1476123838;327332.58469999954;6392511.0307;4803742;108:17:05;12:17:05;389825.0;5;109:28:33;13:28:33;394113.0;5;4288.0;109:28:33;13:28:33;394113.0;5;4288.0;1.0;0.369;13.0;0.985;34.0;21.0;0.0
2125107_home;331711.7012;6391773.2223000005;2125107;108:37:39;12:37:39;391059.0;5;109:29:38;13:29:38;394178.0;5;3119.0;109:29:38;13:29:38;394178.0;5;3119.0;1.0;0.895;67.0;0.976;73.0;6.0;0.0
9490619_home;314207.43989999965;6397448.4559;9490619;107:19:47;11:19:47;386387.0;5;108:09:54;12:09:54;389394.0;5;3007.0;109:30:39;13:30:39;394239.0;5;7852.0;0.383;0.948;49.0;1.0;52.0;3.0;0.0
public_1476393047;314816.28529999964;6401746.3893;9523368;95:56:38;23:56:38;345398.0;4;97:44:59;01:44:59;351899.0;5;6501.0;109:31:13;13:31:13;394273.0;5;48875.0;0.133;0.366;15.0;1.0;42.0;27.0;0.0
7316844_home;315295.5588999996;6400621.794600001;7316844;107:18:55;11:18:55;386335.0;5;108:12:29;12:12:29;389549.0;5;3214.0;109:31:37;13:31:37;394297.0;5;7962.0;0.404;0.902;31.0;1.0;34.0;3.0;0.0
public_1476439595;324078.82650000043;6401726.2773;1968395;108:28:27;12:28:27;390507.0;5;109:34:33;13:34:33;394473.0;5;3966.0;109:34:33;13:34:33;394473.0;5;3966.0;1.0;0.599;36.0;0.966;58.0;22.0;0.0
5933673_home;309216.96630000044;6404497.919399999;5933673;99:35:00;03:35:00;358500.0;5;101:49:49;05:49:49;366589.0;5;8089.0;109:36:29;13:36:29;394589.0;5;36089.0;0.224;0.688;29.0;1.0;42.0;13.0;0.0
public_1476046129;329735.4332999997;6390688.6131;1967726;108:44:14;12:44:14;391454.0;5;109:38:29;13:38:29;394709.0;5;3255.0;109:38:37;13:38:37;394717.0;5;3263.0;0.998;0.838;35.0;1.0;42.0;7.0;0.0
7619940_home;316318.6638000002;6403878.813100001;7619940;86:41:33;14:41:33;312093.0;4;91:06:14;19:06:14;327974.0;4;15881.0;109:39:18;13:39:18;394758.0;5;82665.0;0.192;0.533;32.0;1.0;60.0;28.0;0.0
public_1475958124;320472.8499999996;6397799.482000001;2327157;107:01:21;11:01:21;385281.0;5;108:10:49;12:10:49;389449.0;5;4168.0;109:44:23;13:44:23;395063.0;5;9782.0;0.426;0.706;30.0;1.0;42.0;12.0;0.0
public_1476421083;319453.5351;6400858.7137;5934181;107:35:57;11:35:57;387357.0;5;108:23:29;12:23:29;390209.0;5;2852.0;109:45:54;13:45:54;395154.0;5;7797.0;0.366;0.951;57.0;1.0;60.0;3.0;0.0
public_1476129700;315136.35780000035;6403347.9793;1940658;108:40:19;12:40:19;391219.0;5;109:32:44;13:32:44;394364.0;5;3145.0;109:46:30;13:46:30;395190.0;5;3971.0;0.792;0.847;29.0;1.0;34.0;5.0;0.0
public_1476108201;317989.1286000004;6398849.0778;7525839;107:35:15;11:35:15;387315.0;5;108:45:34;12:45:34;391534.0;5;4219.0;109:57:00;13:57:00;395820.0;5;8505.0;0.496;0.654;22.0;1.0;34.0;12.0;0.0
4652995_work;319463.5310000004;6400237.915999999;4652995;103:01:38;07:01:38;370898.0;5;104:30:54;08:30:54;376254.0;5;5356.0;109:58:17;13:58:17;395897.0;5;24999.0;0.214;0.731;31.0;1.0;42.0;11.0;0.0
5888321_home;319228.80869999994;6402470.039100001;5888321;109:45:31;13:45:31;395131.0;5;110:00:57;14:00:57;396057.0;5;926.0;110:00:57;14:00:57;396057.0;5;926.0;1.0;0.41;14.0;0.463;16.0;2.0;0.0
public_1476236966;315043.6824000003;6400880.5418;2125107;110:08:03;14:08:03;396483.0;5;110:09:33;14:09:33;396573.0;5;90.0;110:09:33;14:09:33;396573.0;5;90.0;1.0;0.907;68.0;0.914;69.0;1.0;0.0
4657456_work;317765.7346999999;6395407.9089;4657456;101:17:37;05:17:37;364657.0;5;102:29:24;06:29:24;368964.0;5;4307.0;110:16:50;14:16:50;397010.0;5;32353.0;0.133;0.807;34.0;1.0;42.0;8.0;0.0
public_1476148332;317749.0373999998;6402921.2676;1993456;103:47:03;07:47:03;373623.0;5;104:26:04;08:26:04;375964.0;5;2341.0;110:16:51;14:16:51;397011.0;5;23388.0;0.1;0.95;32.0;1.0;34.0;2.0;0.0
2322015_home;314281.3705000002;6391434.506100001;2322015;93:53:53;21:53:53;338033.0;4;99:04:54;03:04:54;356694.0;5;18661.0;110:17:06;14:17:06;397026.0;5;58993.0;0.316;0.362;19.0;1.0;52.0;33.0;0.0
public_1475954259;315561.4790000003;6398226.348099999;7316844;110:01:52;14:01:52;396112.0;5;110:17:13;14:17:13;397033.0;5;921.0;110:17:13;14:17:13;397033.0;5;921.0;1.0;0.957;33.0;0.989;34.0;1.0;0.0
9543495_home;322642.1906000003;6406953.554199999;9543495;110:09:58;14:09:58;396598.0;5;110:23:36;14:23:36;397416.0;5;818.0;110:23:36;14:23:36;397416.0;5;818.0;1.0;0.825;43.0;0.855;44.0;2.0;0.0
4701806_work;317522.84250000026;6400406.0309;4701806;109:30:04;13:30:04;394204.0;5;110:27:08;14:27:08;397628.0;5;3424.0;110:27:08;14:27:08;397628.0;5;3424.0;1.0;0.709;37.0;0.911;47.0;10.0;0.0
public_1476096263;323314.0538999997;6401972.4893;9510885;108:28:59;12:28:59;390539.0;5;109:16:29;13:16:29;393389.0;5;2850.0;110:32:55;14:32:55;397975.0;5;7436.0;0.383;0.897;30.0;1.0;34.0;4.0;0.0
7618090_home;308919.39020000026;6404346.7477;7618090;109:46:00;13:46:00;395160.0;5;110:33:15;14:33:15;397995.0;5;2835.0;110:33:15;14:33:15;397995.0;5;2835.0;1.0;0.801;60.0;0.874;66.0;6.0;0.0
9452178_work;324282.7597000003;6403427.349099999;9452178;103:31:08;07:31:08;372668.0;5;105:07:49;09:07:49;378469.0;5;5801.0;110:36:52;14:36:52;398212.0;5;25544.0;0.227;0.778;40.0;1.0;52.0;12.0;0.0
public_1475997659;320853.3044999996;6399715.852;7359352;109:38:10;13:38:10;394690.0;5;110:40:06;14:40:06;398406.0;5;3716.0;110:40:06;14:40:06;398406.0;5;3716.0;1.0;0.713;24.0;0.999;34.0;10.0;0.0
5908847_home;317089.2821000004;6400884.718599999;5908847;109:41:49;13:41:49;394909.0;5;110:40:17;14:40:17;398417.0;5;3508.0;110:40:17;14:40:17;398417.0;5;3508.0;1.0;0.873;30.0;0.999;34.0;4.0;0.0
public_1476067117;320436.34800000023;6400718.8138;7360814;110:05:44;14:05:44;396344.0;5;110:41:40;14:41:40;398500.0;5;2156.0;110:41:40;14:41:40;398500.0;5;2156.0;1.0;0.636;22.0;0.962;33.0;11.0;0.0
public_1476360415;328203.10390000045;6403042.1083;2067447;110:13:20;14:13:20;396800.0;5;110:45:53;14:45:53;398753.0;5;1953.0;110:45:53;14:45:53;398753.0;5;1953.0;1.0;0.697;42.0;0.895;54.0;12.0;0.0
public_1476204089;312496.6704000002;6408352.203299999;2327190;110:21:11;14:21:11;397271.0;5;110:46:34;14:46:34;398794.0;5;1523.0;110:46:34;14:46:34;398794.0;5;1523.0;1.0;0.506;17.0;0.78;27.0;9.0;0.0
public_1475989714;320197.0164999999;6405049.835999999;5589449;109:23:05;13:23:05;393785.0;5;110:38:44;14:38:44;398324.0;5;4539.0;110:56:39;14:56:39;399399.0;5;5614.0;0.809;0.652;27.0;1.0;42.0;15.0;0.0
public_1476127968;327534.4642000003;6394689.7399;7286409;104:15:02;08:15:02;375302.0;5;105:13:59;09:13:59;378839.0;5;3537.0;110:57:53;14:57:53;399473.0;5;24171.0;0.146;0.853;64.0;1.0;75.0;11.0;0.0
public_1475953896;317952.19570000004;6397239.963099999;2209674;109:38:24;13:38:24;394704.0;5;110:52:59;14:52:59;399179.0;5;4475.0;110:59:30;14:59:30;399570.0;5;4866.0;0.92;0.777;58.0;1.0;75.0;17.0;0.0
2322184_home;315010.7739000004;6391505.5724;2322184;110:09:20;14:09:20;396560.0;5;111:00:10;15:00:10;399610.0;5;3050.0;111:00:10;15:00:10;399610.0;5;3050.0;1.0;0.406;21.0;0.52;27.0;6.0;0.0
1996282_home;315916.801;6394378.386499999;1996282;110:31:52;14:31:52;397912.0;5;111:02:29;15:02:29;399749.0;5;1837.0;111:02:29;15:02:29;399749.0;5;1837.0;1.0;0.855;44.0;0.923;48.0;4.0;0.0
4643709_work;318676.23610000033;6397899.3259;4643709;106:36:28;10:36:28;383788.0;5;107:23:49;11:23:49;386629.0;5;2841.0;111:13:12;15:13:12;400392.0;5;16604.0;0.171;0.907;31.0;1.0;34.0;3.0;0.0
public_1476411636;322906.96690000035;6404263.4789;3262427;108:02:44;12:02:44;388964.0;5;109:39:49;13:39:49;394789.0;5;5825.0;111:14:12;15:14:12;400452.0;5;11488.0;0.507;0.464;20.0;1.0;42.0;22.0;0.0
public_1475997659;320853.3044999996;6399715.852;9396643;103:17:01;07:17:01;371821.0;5;104:16:29;08:16:29;375389.0;5;3568.0;111:15:29;15:15:29;400529.0;5;28708.0;0.124;0.894;46.0;1.0;52.0;6.0;0.0
2207532_home;320557.2982999999;6395328.108899999;2207532;110:26:50;14:26:50;397610.0;5;111:19:50;15:19:50;400790.0;5;3180.0;111:19:50;15:19:50;400790.0;5;3180.0;1.0;0.324;11.0;0.506;17.0;6.0;0.0
public_1476134020;319865.0999999996;6400330.5699000005;4646269;109:55:20;13:55:20;395720.0;5;111:02:54;15:02:54;399774.0;5;4054.0;111:23:26;15:23:26;401006.0;5;5286.0;0.767;0.845;51.0;1.0;60.0;9.0;0.0
9492099_home;315868.3102000002;6396358.6022;9492099;91:43:39;19:43:39;330219.0;4;93:31:34;21:31:34;336694.0;4;6475.0;111:25:38;15:25:38;401138.0;5;70919.0;0.091;0.715;24.0;1.0;34.0;10.0;0.0
public_1475992444;314824.6895000003;6402583.526799999;4772272;110:07:41;14:07:41;396461.0;5;110:49:14;14:49:14;398954.0;5;2493.0;111:34:11;15:34:11;401651.0;5;5190.0;0.48;0.938;70.0;1.0;75.0;5.0;0.0
public_1476082679;325810.05069999956;6392913.1469;4803742;110:06:51;14:06:51;396411.0;5;110:32:09;14:32:09;397929.0;5;1518.0;111:34:31;15:34:31;401671.0;5;5260.0;0.289;0.985;34.0;1.0;34.0;0.0;0.0
public_1476111628;312309.68149999995;6397160.9596;5908289;109:22:31;13:22:31;393751.0;5;110:27:39;14:27:39;397659.0;5;3908.0;111:38:15;15:38:15;401895.0;5;8144.0;0.48;0.854;44.0;1.0;52.0;8.0;0.0
public_1476186294;318281.0625;6406767.736500001;1967295;102:31:50;06:31:50;369110.0;5;103:34:24;07:34:24;372864.0;5;3754.0;111:55:12;15:55:12;402912.0;5;33802.0;0.111;0.738;25.0;1.0;34.0;9.0;0.0
4607727_work;310934.74700000044;6399943.4399999995;4607727;103:16:17;07:16:17;371777.0;5;103:59:49;07:59:49;374389.0;5;2612.0;111:55:31;15:55:31;402931.0;5;31154.0;0.084;0.962;50.0;1.0;52.0;2.0;0.0
7358855_home;320239.8976999996;6399686.457;7358855;110:51:29;14:51:29;399089.0;5;111:55:52;15:55:52;402952.0;5;3863.0;111:55:52;15:55:52;402952.0;5;3863.0;1.0;0.778;33.0;0.957;40.0;8.0;0.0
5411211_home;324758.08579999954;6405365.0977;5411211;89:17:11;17:17:11;321431.0;4;92:21:24;20:21:24;332484.0;4;11053.0;112:04:14;16:04:14;403454.0;5;82023.0;0.135;0.453;15.0;1.0;34.0;19.0;0.0
public_1476032169;321508.3576999996;6395093.2190000005;4611990;104:13:31;08:13:31;375211.0;5;105:12:44;09:12:44;378764.0;5;3553.0;112:06:55;16:06:55;403615.0;5;28404.0;0.125;0.774;26.0;1.0;34.0;8.0;0.0
public_1476127440;325701.6523000002;6405574.623299999;1943660;103:11:30;07:11:30;371490.0;5;104:08:14;08:08:14;374894.0;5;3404.0;112:10:21;16:10:21;403821.0;5;32331.0;0.105;0.911;47.0;1.0;52.0;5.0;0.0
public_1476348425;316060.0471000001;6396218.7128;1873713;111:28:27;15:28:27;401307.0;5;112:10:38;16:10:38;403838.0;5;2531.0;112:10:38;16:10:38;403838.0;5;2531.0;1.0;0.32;19.0;0.578;35.0;15.0;0.0
9404694_home;318407.1349999998;6399334.523;9404694;112:02:00;16:02:00;403320.0;5;112:10:46;16:10:46;403846.0;5;526.0;112:10:46;16:10:46;403846.0;5;526.0;1.0;0.532;32.0;0.549;33.0;1.0;0.0
public_1476051721;326286.09049999993;6404635.502;1967726;111:46:01;15:46:01;402361.0;5;112:12:56;16:12:56;403976.0;5;1615.0;112:12:56;16:12:56;403976.0;5;1615.0;1.0;0.762;32.0;0.962;40.0;8.0;0.0
public_1476414886;322834.4625000004;6399995.1559999995;2059158;108:51:53;12:51:53;391913.0;5;109:55:09;13:55:09;395709.0;5;3796.0;112:19:32;16:19:32;404372.0;5;12459.0;0.305;0.867;45.0;1.0;52.0;7.0;0.0
7298191_work;310523.0115;6400265.5294;7298191;103:20:49;07:20:49;372049.0;5;104:17:49;08:17:49;375469.0;5;3420.0;112:19:50;16:19:50;404390.0;5;32341.0;0.106;0.872;37.0;1.0;42.0;5.0;0.0
public_1476280965;329348.05150000006;6401971.2567;9540846;107:43:11;11:43:11;387791.0;5;108:26:39;12:26:39;390399.0;5;2608.0;112:22:04;16:22:04;404524.0;5;16733.0;0.156;0.927;32.0;1.0;34.0;2.0;0.0
public_1476177308;329449.79899999965;6401475.433;4922102;103:10:49;07:10:49;371449.0;5;103:59:59;07:59:59;374399.0;5;2950.0;112:22:40;16:22:40;404560.0;5;33111.0;0.089;0.882;37.0;1.0;42.0;5.0;0.0
public_1476411636;322906.96690000035;6404263.4789;5464740;111:49:00;15:49:00;402540.0;5;112:25:02;16:25:02;404702.0;5;2162.0;112:25:02;16:25:02;404702.0;5;2162.0;1.0;0.569;30.0;0.823;43.0;13.0;0.0
1943722_work;313203.5602000002;6403617.1182;1943722;105:00:42;09:00:42;378042.0;5;106:47:14;10:47:14;384434.0;5;6392.0;112:25:15;16:25:15;404715.0;5;26673.0;0.24;0.588;20.0;1.0;34.0;14.0;0.0
4610082_home;316946.9177000001;6390610.2643;4610082;92:31:23;20:31:23;333083.0;4;95:42:29;23:42:29;344549.0;4;11466.0;112:25:41;16:25:41;404741.0;5;71658.0;0.16;0.43;15.0;1.0;34.0;19.0;0.0
public_1476270923;324232.8256999999;6403482.2435;7525839;110:08:30;14:08:30;396510.0;5;110:48:09;14:48:09;398889.0;5;2379.0;112:28:00;16:28:00;404880.0;5;8370.0;0.284;0.948;32.0;1.0;34.0;2.0;0.0
1967773_home;326972.8979000002;6403347.479900001;1967773;110:08:29;14:08:29;396509.0;5;112:28:05;16:28:05;404885.0;5;8376.0;112:28:05;16:28:05;404885.0;5;8376.0;1.0;0.45;15.0;0.929;32.0;16.0;0.0
public_1476300220;327756.2171;6403439.268200001;1968103;111:47:01;15:47:01;402421.0;5;112:28:15;16:28:15;404895.0;5;2474.0;112:28:15;16:28:15;404895.0;5;2474.0;1.0;0.502;26.0;0.793;41.0;15.0;0.0
4604173_home;316159.1687000003;6401411.4671;4604173;110:51:19;14:51:19;399079.0;5;112:34:29;16:34:29;405269.0;5;6190.0;112:34:29;16:34:29;405269.0;5;6190.0;1.0;0.558;23.0;0.845;35.0;12.0;0.0
2209674_home;322963.81379999965;6392997.7839;2209674;111:11:39;15:11:39;400299.0;5;111:43:44;15:43:44;402224.0;5;1925.0;112:40:42;16:40:42;405642.0;5;5343.0;0.36;0.975;73.0;1.0;75.0;2.0;0.0
public_1476138293;314325.9112;6394969.8541;2321646;107:44:41;11:44:41;387881.0;5;109:07:39;13:07:39;392859.0;5;4978.0;112:45:22;16:45:22;405922.0;5;18041.0;0.276;0.518;18.0;1.0;34.0;16.0;0.0
public_1476087166;322271.7449000003;6399756.6894000005;1996195;102:29:55;06:29:55;368995.0;5;103:32:34;07:32:34;372754.0;5;3759.0;112:47:49;16:47:49;406069.0;5;37074.0;0.101;0.765;32.0;1.0;42.0;10.0;0.0
public_1476293421;325170.0937999999;6404885.257200001;2127986;112:40:34;16:40:34;405634.0;5;112:47:55;16:47:55;406075.0;5;441.0;112:47:55;16:47:55;406075.0;5;441.0;1.0;0.65;39.0;0.695;42.0;3.0;0.0
public_1476160164;316329.15589999966;6398059.6876;2329272;112:42:22;16:42:22;405742.0;5;112:49:21;16:49:21;406161.0;5;419.0;112:49:21;16:49:21;406161.0;5;419.0;1.0;0.897;38.0;0.943;40.0;2.0;0.0
public_1476115366;321323.40270000044;6397432.778100001;9521447;102:30:46;06:30:46;369046.0;5;103:57:49;07:57:49;374269.0;5;5223.0;112:55:32;16:55:32;406532.0;5;37486.0;0.139;0.699;36.0;1.0;52.0;16.0;0.0
public_1476330252;314554.35500000045;6403360.1305;7618090;110:48:34;14:48:34;398914.0;5;111:50:09;15:50:09;402609.0;5;3695.0;112:56:31;16:56:31;406591.0;5;7677.0;0.481;0.84;63.0;1.0;75.0;12.0;0.0
public_1476361959;312768.0022999998;6395155.409399999;1932498;111:28:52;15:28:52;401332.0;5;112:57:52;16:57:52;406672.0;5;5340.0;112:57:52;16:57:52;406672.0;5;5340.0;1.0;0.347;12.0;0.997;34.0;22.0;0.0
public_1476341106;308091.9696000004;6404985.7029;7297455;111:33:34;15:33:34;401614.0;5;112:36:04;16:36:04;405364.0;5;3750.0;113:00:54;17:00:54;406854.0;5;5240.0;0.716;0.766;32.0;1.0;42.0;10.0;0.0
4772272_home;320635.26669999957;6396425.7161;4772272;111:52:16;15:52:16;402736.0;5;112:34:04;16:34:04;405244.0;5;2508.0;113:01:58;17:01:58;406918.0;5;4182.0;0.6;0.96;72.0;1.0;75.0;3.0;0.0
4769250_work;312801.8479000004;6399124.1413;4769250;103:49:41;07:49:41;373781.0;5;104:27:49;08:27:49;376069.0;5;2288.0;113:07:13;17:07:13;407233.0;5;33452.0;0.068;0.954;32.0;1.0;34.0;2.0;0.0
3262427_home;318453.77990000043;6409916.0055;3262427;111:36:21;15:36:21;401781.0;5;112:36:34;16:36:34;405394.0;5;3613.0;113:12:35;17:12:35;407555.0;5;5774.0;0.626;0.895;38.0;1.0;42.0;4.0;0.0
9403888_home;317359.98610000033;6398625.0287;9403888;108:45:44;12:45:44;391544.0;5;110:25:39;14:25:39;397539.0;5;5995.0;113:15:14;17:15:14;407714.0;5;16170.0;0.371;0.785;33.0;1.0;42.0;9.0;0.0
public_1476235678;321830.892;6393880.7425;4610082;112:36:18;16:36:18;405378.0;5;113:15:59;17:15:59;407759.0;5;2381.0;113:15:59;17:15:59;407759.0;5;2381.0;1.0;0.941;32.0;1.0;34.0;2.0;0.0
public_1476136828;320705.9709999999;6392611.3399;7372378;107:32:56;11:32:56;387176.0;5;108:39:29;12:39:29;391169.0;5;3993.0;113:16:32;17:16:32;407792.0;5;20616.0;0.194;0.844;44.0;1.0;52.0;8.0;0.0
7400203_work;322251.63599999994;6392563.232999999;7400203;104:06:08;08:06:08;374768.0;5;104:56:14;08:56:14;377774.0;5;3006.0;113:19:01;17:19:01;407941.0;5;33173.0;0.091;0.942;49.0;1.0;52.0;3.0;0.0
1943722_home;311147.5275999997;6405781.551000001;1943722;112:59:14;16:59:14;406754.0;5;113:19:05;17:19:05;407945.0;5;1191.0;113:19:05;17:19:05;407945.0;5;1191.0;1.0;0.908;31.0;0.974;33.0;2.0;0.0
7451976_work;318841.21609999985;6397293.1721;7451976;103:53:10;07:53:10;373990.0;5;104:19:54;08:19:54;375594.0;5;1604.0;113:24:55;17:24:55;408295.0;5;34305.0;0.047;0.983;33.0;1.0;34.0;1.0;0.0
public_1476111114;317304.6244999999;6400803.5809;4701806;112:03:43;16:03:43;403423.0;5;113:06:19;17:06:19;407179.0;5;3756.0;113:28:28;17:28:28;408508.0;5;5085.0;0.739;0.872;45.0;1.0;52.0;7.0;0.0
public_1476389912;331193.38939999975;6391709.3443;4575466;113:04:43;17:04:43;407083.0;5;113:34:21;17:34:21;408861.0;5;1778.0;113:34:21;17:34:21;408861.0;5;1778.0;1.0;0.504;21.0;0.763;32.0;11.0;0.0
7358660_home;318772.68200000003;6399748.147600001;7358660;112:22:39;16:22:39;404559.0;5;113:34:26;17:34:26;408866.0;5;4307.0;113:34:26;17:34:26;408866.0;5;4307.0;1.0;0.371;16.0;0.571;24.0;8.0;0.0
public_1476074915;323534.5480000004;6402518.4332;1967726;112:20:16;16:20:16;404416.0;5;113:03:04;17:03:04;406984.0;5;2568.0;113:38:47;17:38:47;409127.0;5;4711.0;0.545;0.931;39.0;1.0;42.0;3.0;0.0
9396074_home;328259.99619999994;6403013.2424;9396074;112:11:59;16:11:59;403919.0;5;113:40:01;17:40:01;409201.0;5;5282.0;113:40:01;17:40:01;409201.0;5;5282.0;1.0;0.604;36.0;0.775;47.0;10.0;0.0
public_1475967198;320568.9325000001;6398391.546499999;4803807;105:02:45;09:02:45;378165.0;5;106:29:34;10:29:34;383374.0;5;5209.0;113:53:08;17:53:08;409988.0;5;31823.0;0.164;0.554;23.0;1.0;42.0;19.0;0.0
public_1476302571;319904.7012;6405455.8079;5589449;112:21:15;16:21:15;404475.0;5;113:19:24;17:19:24;407964.0;5;3489.0;113:54:15;17:54:15;410055.0;5;5580.0;0.625;0.804;34.0;1.0;42.0;8.0;0.0
2033206_work;329046.79279999994;6395900.8002;2033206;103:31:51;07:31:51;372711.0;5;104:23:34;08:23:34;375814.0;5;3103.0;113:56:05;17:56:05;410165.0;5;37454.0;0.083;0.895;38.0;1.0;42.0;4.0;0.0
public_1476250731;323904.5070000002;6408370.640000001;9664484;102:56:56;06:56:56;370616.0;5;103:47:24;07:47:24;373644.0;5;3028.0;114:00:15;18:00:15;410415.0;5;39799.0;0.076;0.869;30.0;1.0;34.0;4.0;0.0
3043275_home;323221.37930000015;6407573.3287;3043275;113:31:42;17:31:42;408702.0;5;114:05:22;18:05:22;410722.0;5;2020.0;114:05:22;18:05:22;410722.0;5;2020.0;1.0;0.599;20.0;0.714;24.0;4.0;0.0
4598048_home;322654.2934999997;6399796.4296;4598048;113:15:27;17:15:27;407727.0;5;113:57:24;17:57:24;410244.0;5;2517.0;114:17:30;18:17:30;411450.0;5;3723.0;0.676;0.942;32.0;1.0;34.0;2.0;0.0
public_1476321252;323354.8520999998;6401451.284399999;2327157;111:32:34;15:32:34;401554.0;5;112:28:49;16:28:49;404929.0;5;3375.0;114:18:27;18:18:27;411507.0;5;9953.0;0.339;0.821;34.0;1.0;42.0;8.0;0.0
2016161_work;317084.233;6392879.1438;2016161;104:00:58;08:00:58;374458.0;5;104:54:49;08:54:49;377689.0;5;3231.0;114:24:54;18:24:54;411894.0;5;37436.0;0.086;0.872;30.0;1.0;34.0;4.0;0.0
public_1476162075;315698.9042999996;6392867.8893;7507349;112:44:37;16:44:37;405877.0;5;114:18:39;18:18:39;411519.0;5;5642.0;114:38:33;18:38:33;412713.0;5;6836.0;0.825;0.491;21.0;1.0;42.0;21.0;0.0
2329272_home;320684.4760999996;6410192.153100001;2329272;114:06:13;18:06:13;410773.0;5;114:38:53;18:38:53;412733.0;5;1960.0;114:38:53;18:38:53;412733.0;5;1960.0;1.0;0.754;32.0;0.844;35.0;4.0;0.0
4598777_home;321474.26910000015;6400655.366699999;4598777;114:25:32;18:25:32;411932.0;5;114:25:34;18:25:34;411934.0;5;2.0;114:44:42;18:44:42;413082.0;5;1150.0;0.002;1.0;42.0;1.0;42.0;0.0;0.0
5412001_home;324228.24990000017;6411547.4033;5412001;92:27:51;20:27:51;332871.0;4;95:22:29;23:22:29;343349.0;4;10478.0;114:49:09;18:49:09;413349.0;5;80478.0;0.13;0.668;35.0;1.0;52.0;17.0;0.0
public_1475972656;318097.7993999999;6402261.8981;1857800;114:30:01;18:30:01;412201.0;5;114:52:03;18:52:03;413523.0;5;1322.0;114:52:03;18:52:03;413523.0;5;1322.0;1.0;0.735;44.0;0.87;52.0;8.0;0.0
3039696_work;323530.9539000001;6402665.185900001;3039696;110:52:50;14:52:50;399170.0;5;111:27:14;15:27:14;401234.0;5;2064.0;114:57:44;18:57:44;413864.0;5;14694.0;0.14;0.98;51.0;1.0;52.0;1.0;0.0
7451976_home;320219.08079999965;6397885.807600001;7451976;113:30:44;17:30:44;408644.0;5;113:58:04;17:58:04;410284.0;5;1640.0;115:07:06;19:07:06;414426.0;5;5782.0;0.284;0.982;33.0;1.0;34.0;1.0;0.0
public_1476094081;317139.9598000003;6394338.497099999;2324135;114:39:56;18:39:56;412796.0;5;115:10:17;19:10:17;414617.0;5;1821.0;115:10:17;19:10:17;414617.0;5;1821.0;1.0;0.568;19.0;0.893;30.0;11.0;0.0
4782568_home;321683.6560000004;6399949.578;4782568;114:12:32;18:12:32;411152.0;5;115:16:40;19:16:40;415000.0;5;3848.0;115:16:40;19:16:40;415000.0;5;3848.0;1.0;0.502;38.0;0.602;45.0;7.0;0.0
public_1476224224;321379.73319999967;6396355.6888999995;2099774;112:16:50;16:16:50;404210.0;5;113:03:09;17:03:09;406989.0;5;2779.0;115:22:40;19:22:40;415360.0;5;11150.0;0.249;0.955;57.0;1.0;60.0;3.0;0.0
public_1476381951;321234.46520000044;6409352.0425;9541379;112:48:51;16:48:51;406131.0;5;114:51:29;18:51:29;413489.0;5;7358.0;115:24:39;19:24:39;415479.0;5;9348.0;0.787;0.542;41.0;1.0;75.0;34.0;0.0
public_1476375371;317633.43879999965;6405183.4814;4926489;115:25:46;19:25:46;415546.0;5;115:39:48;19:39:48;416388.0;5;842.0;115:39:48;19:39:48;416388.0;5;842.0;1.0;0.685;41.0;0.771;46.0;5.0;0.0
4732865_home;321293.42090000026;6400950.841399999;4732865;114:57:47;18:57:47;413867.0;5;116:06:26;20:06:26;417986.0;5;4119.0;116:06:26;20:06:26;417986.0;5;4119.0;1.0;0.757;45.0;0.891;53.0;8.0;0.0
public_1476025365;317685.7949999999;6399247.267000001;2067447;115:34:18;19:34:18;416058.0;5;116:16:38;20:16:38;418598.0;5;2540.0;116:16:38;20:16:38;418598.0;5;2540.0;1.0;0.745;45.0;0.967;58.0;13.0;0.0
1968155_home;328717.6030000001;6397984.832;1968155;116:02:24;20:02:24;417744.0;5;116:16:59;20:16:59;418619.0;5;875.0;116:16:59;20:16:59;418619.0;5;875.0;1.0;0.918;31.0;0.967;33.0;2.0;0.0
public_1476165477;320306.7750000004;6400028.7322;4803807;115:47:54;19:47:54;416874.0;5;116:39:54;20:39:54;419994.0;5;3120.0;116:56:00;20:56:00;420960.0;5;4086.0;0.764;0.858;36.0;1.0;42.0;6.0;0.0
public_1476315340;319565.24789999984;6398907.1744;7462778;113:28:16;17:28:16;408496.0;5;114:15:49;18:15:49;411349.0;5;2853.0;117:48:30;21:48:30;424110.0;5;15614.0;0.183;0.897;38.0;1.0;42.0;4.0;0.0
1876762_work;320901.7082000002;6399955.9649;1876762;108:58:19;12:58:19;392299.0;5;110:08:14;14:08:14;396494.0;5;4195.0;118:14:22;22:14:22;425662.0;5;33363.0;0.126;0.815;34.0;1.0;42.0;8.0;0.0
9509807_home;318016.74849999975;6398930.236400001;9509807;113:23:04;17:23:04;408184.0;5;114:46:39;18:46:39;413199.0;5;5015.0;124:12:35;04:12:35;447155.0;6;38971.0;0.129;0.83;35.0;1.0;42.0;7.0;0.0
4661436_home;314956.0870000003;6403678.3912;4661436;112:23:57;16:23:57;404637.0;5;113:45:39;17:45:39;409539.0;5;4902.0;124:35:18;04:35:18;448518.0;6;43881.0;0.112;0.889;53.0;1.0;60.0;7.0;0.0
4657456_home;316281.4620000003;6395708.600099999;4657456;123:15:00;03:15:00;443700.0;6;124:41:59;04:41:59;448919.0;6;5219.0;125:14:27;05:14:27;450867.0;6;7167.0;0.728;0.821;34.0;1.0;42.0;8.0;0.0
4623097_home;328672.36000000034;6404050.9935;4623097;110:57:40;14:57:40;399460.0;5;113:56:59;17:56:59;410219.0;5;10759.0;125:57:20;05:57:20;453440.0;6;53980.0;0.199;0.47;16.0;1.0;34.0;18.0;0.0
2335003_home;316589.86089999974;6405562.8543;2335003;122:25:00;02:25:00;440700.0;6;125:53:14;05:53:14;453194.0;6;12494.0;126:04:04;06:04:04;453844.0;6;13144.0;0.951;0.593;31.0;1.0;52.0;21.0;0.0
4588031_home;316814.8025000002;6398237.510299999;4588031;120:20:00;00:20:00;433200.0;6;124:42:29;04:42:29;448949.0;6;15749.0;126:05:58;06:05:58;453958.0;6;20758.0;0.759;0.333;14.0;1.0;42.0;28.0;0.0
2326344_home;308791.47479999997;6404167.352600001;2326344;122:45:00;02:45:00;441900.0;6;125:14:39;05:14:39;450879.0;6;8979.0;126:07:27;06:07:27;454047.0;6;12147.0;0.739;0.572;19.0;1.0;34.0;15.0;0.0
1990178_home;319868.9238999998;6404401.7063;1990178;122:45:00;02:45:00;441900.0;6;125:43:44;05:43:44;452624.0;6;10724.0;126:08:35;06:08:35;454115.0;6;12215.0;0.878;0.566;24.0;1.0;42.0;18.0;0.0
2943901_home;324796.0061999997;6405516.887800001;2943901;113:14:13;17:14:13;407653.0;5;120:12:24;00:12:24;432744.0;6;25091.0;126:10:02;06:10:02;454202.0;6;46549.0;0.539;0.235;14.0;1.0;60.0;46.0;0.0
9418222_home;317046.1875;6396439.0076;9418222;111:55:49;15:55:49;402949.0;5;113:47:49;17:47:49;409669.0;5;6720.0;126:10:51;06:10:51;454251.0;6;51302.0;0.131;0.809;42.0;1.0;52.0;10.0;0.0
2129836_home;328467.1074000001;6393418.2809999995;2129836;112:57:08;16:57:08;406628.0;5;115:55:54;19:55:54;417354.0;5;10726.0;126:10:51;06:10:51;454251.0;6;47623.0;0.225;0.659;34.0;1.0;52.0;18.0;0.0
2000357_home;314646.4241000004;6400637.843;2000357;112:41:17;16:41:17;405677.0;5;116:52:59;20:52:59;420779.0;5;15102.0;126:12:10;06:12:10;454330.0;6;48653.0;0.31;0.495;26.0;1.0;52.0;26.0;0.0
2330931_home;320166.88939999975;6411095.9070999995;2330931;113:17:21;17:17:21;407841.0;5;115:28:39;19:28:39;415719.0;5;7878.0;126:15:00;06:15:00;454500.0;6;46659.0;0.169;0.635;22.0;1.0;34.0;12.0;0.0
1996195_home;315554.59729999956;6394257.203;1996195;113:02:30;17:02:30;406950.0;5;113:49:49;17:49:49;409789.0;5;2839.0;126:15:48;06:15:48;454548.0;6;47598.0;0.06;0.931;39.0;1.0;42.0;3.0;0.0
1895729_home;328438.38960000034;6404160.908299999;1895729;111:45:54;15:45:54;402354.0;5;113:15:19;17:15:19;407719.0;5;5365.0;126:22:34;06:22:34;454954.0;6;52600.0;0.102;0.86;45.0;1.0;52.0;7.0;0.0
4707188_home;315076.6445000004;6401854.6182;4707188;110:31:46;14:31:46;397906.0;5;111:54:49;15:54:49;402889.0;5;4983.0;126:30:16;06:30:16;455416.0;6;57510.0;0.087;0.887;53.0;1.0;60.0;7.0;0.0
7457316_home;323172.5630000001;6401065.446799999;7457316;123:40:00;03:40:00;445200.0;6;125:40:24;05:40:24;452424.0;6;7224.0;126:32:26;06:32:26;455546.0;6;10346.0;0.698;0.672;23.0;1.0;34.0;11.0;0.0
7478971_home;327915.05009999964;6403405.9361000005;7478971;113:15:06;17:15:06;407706.0;5;116:34:24;20:34:24;419664.0;5;11958.0;126:32:31;06:32:31;455551.0;6;47845.0;0.25;0.402;14.0;1.0;34.0;20.0;0.0
1839223_home;326011.2145999996;6402131.692500001;1839223;111:48:44;15:48:44;402524.0;5;112:26:34;16:26:34;404794.0;5;2270.0;126:33:17;06:33:17;455597.0;6;53073.0;0.043;0.955;32.0;1.0;34.0;2.0;0.0
1865752_home;321480.08949999977;6409595.385600001;1865752;121:00:00;01:00:00;435600.0;6;125:14:29;05:14:29;450869.0;6;15269.0;126:37:22;06:37:22;455842.0;6;20242.0;0.754;0.489;25.0;1.0;52.0;27.0;0.0
2071692_home;324365.43649999984;6405154.825300001;2071692;115:19:39;19:19:39;415179.0;5;117:00:49;21:00:49;421249.0;5;6070.0;126:38:00;06:38:00;455880.0;6;40701.0;0.149;0.738;25.0;1.0;34.0;9.0;0.0
public_1476294484;321345.2296000002;6399822.771;2069504;111:50:46;15:50:46;402646.0;5;113:20:39;17:20:39;408039.0;5;5393.0;126:40:20;06:40:20;456020.0;6;53374.0;0.101;0.708;43.0;1.0;60.0;17.0;0.0
9664574_home;314103.0192;6390609.5557;9664574;106:03:06;10:03:06;381786.0;5;108:11:14;12:11:14;389474.0;5;7688.0;126:40:26;06:40:26;456026.0;6;74240.0;0.104;0.646;22.0;1.0;34.0;12.0;0.0
4765809_home;318898.94299999997;6404206.2292;4765809;109:02:32;13:02:32;392552.0;5;112:35:04;16:35:04;405304.0;5;12752.0;126:44:26;06:44:26;456266.0;6;63714.0;0.2;0.694;52.0;1.0;75.0;23.0;0.0
public_1476272518;323407.45330000017;6411357.800899999;10006768;120:30:00;00:30:00;433800.0;6;123:05:49;03:05:49;443149.0;6;9349.0;126:47:29;06:47:29;456449.0;6;22649.0;0.413;0.38;28.0;1.0;75.0;47.0;0.0
1923602_home;322767.22449999955;6400578.9848;1923602;112:53:04;16:53:04;406384.0;5;115:01:39;19:01:39;414099.0;5;7715.0;126:47:50;06:47:50;456470.0;6;50086.0;0.154;0.772;40.0;1.0;52.0;12.0;0.0
public_1476434113;314469.3048999999;6391226.7118999995;2322569;112:58:36;16:58:36;406716.0;5;114:06:39;18:06:39;410799.0;5;4083.0;126:48:34;06:48:34;456514.0;6;49798.0;0.082;0.833;43.0;1.0;52.0;9.0;0.0
public_1476276241;318072.1688000001;6398328.3006;4691412;124:05:00;04:05:00;446700.0;6;125:11:39;05:11:39;450699.0;6;3999.0;126:48:49;06:48:49;456529.0;6;9829.0;0.407;0.844;44.0;1.0;52.0;8.0;0.0
9396643_home;326757.8195000002;6402383.2644;9396643;114:38:29;18:38:29;412709.0;5;115:58:49;19:58:49;417529.0;5;4820.0;127:00:45;07:00:45;457245.0;6;44536.0;0.108;0.88;46.0;1.0;52.0;6.0;0.0
4575456_home;329490.0011999998;6393422.0393;4575456;114:53:00;18:53:00;413580.0;5;117:37:24;21:37:24;423444.0;5;9864.0;127:01:20;07:01:20;457280.0;6;43700.0;0.226;0.728;44.0;1.0;60.0;16.0;0.0
1838887_home;326557.8392000003;6402430.541300001;1838887;123:50:00;03:50:00;445800.0;6;124:57:54;04:57:54;449874.0;6;4074.0;127:03:21;07:03:21;457401.0;6;11601.0;0.351;0.874;37.0;1.0;42.0;5.0;0.0
4607727_home;317058.2664999999;6396129.8982;4607727;112:06:46;16:06:46;403606.0;5;112:49:39;16:49:39;406179.0;5;2573.0;127:04:56;07:04:56;457496.0;6;53890.0;0.048;0.964;50.0;1.0;52.0;2.0;0.0
public_1475967296;328279.0519000003;6402263.460999999;4623233;111:48:33;15:48:33;402513.0;5;112:55:09;16:55:09;406509.0;5;3996.0;127:07:04;07:07:04;457624.0;6;55111.0;0.073;0.816;61.0;1.0;75.0;14.0;0.0
public_1476197696;324990.6042999998;6405608.475199999;2071824;106:52:48;10:52:48;384768.0;5;108:01:04;12:01:04;388864.0;5;4096.0;127:07:24;07:07:24;457644.0;6;72876.0;0.056;0.676;23.0;1.0;34.0;11.0;0.0
2209754_home;323480.29559999984;6390555.0019000005;2209754;112:17:46;16:17:46;404266.0;5;114:54:09;18:54:09;413649.0;5;9383.0;127:09:22;07:09:22;457762.0;6;53496.0;0.175;0.782;59.0;1.0;75.0;16.0;0.0
1943706_home;311288.9951999998;6405624.982999999;1943706;108:15:01;12:15:01;389701.0;5;109:21:09;13:21:09;393669.0;5;3968.0;127:09:45;07:09:45;457785.0;6;68084.0;0.058;0.859;29.0;1.0;34.0;5.0;0.0
1967249_home;326381.0148;6403922.1515999995;1967249;112:10:51;16:10:51;403851.0;5;113:28:59;17:28:59;408539.0;5;4688.0;127:09:57;07:09:57;457797.0;6;53946.0;0.087;0.845;36.0;1.0;42.0;6.0;0.0
4699077_home;319974.9957999997;6401561.944399999;4699077;110:50:23;14:50:23;399023.0;5;117:17:59;21:17:59;422279.0;5;23256.0;127:12:24;07:12:24;457944.0;6;58921.0;0.395;0.191;10.0;1.0;52.0;42.0;0.0
public_1476361959;312768.0022999998;6395155.409399999;1932498;113:42:45;17:42:45;409365.0;5;114:33:19;18:33:19;412399.0;5;3034.0;127:12:45;07:12:45;457965.0;6;48600.0;0.062;0.867;29.0;1.0;34.0;5.0;0.0
2324411_home;304089.5016000001;6402685.125700001;2324411;122:50:00;02:50:00;442200.0;6;125:43:44;05:43:44;452624.0;6;10424.0;127:13:49;07:13:49;458029.0;6;15829.0;0.659;0.71;43.0;1.0;60.0;17.0;0.0
2127986_home;325402.50270000007;6393373.5086;2127986;113:26:23;17:26:23;408383.0;5;116:59:24;20:59:24;421164.0;5;12781.0;127:14:27;07:14:27;458067.0;6;49684.0;0.257;0.634;38.0;1.0;60.0;22.0;0.0
1986131_home;325358.5070000002;6405541.2228;1986131;113:43:00;17:43:00;409380.0;5;115:35:09;19:35:09;416109.0;5;6729.0;127:14:44;07:14:44;458084.0;6;48704.0;0.138;0.809;42.0;1.0;52.0;10.0;0.0
2313708_home;309300.14800000004;6391469.8179;2313708;122:05:00;02:05:00;439500.0;6;124:25:54;04:25:54;447954.0;6;8454.0;127:15:44;07:15:44;458144.0;6;18644.0;0.453;0.602;20.0;1.0;34.0;14.0;0.0
7411363_home;318839.2874999996;6399569.3467;7411363;113:44:31;17:44:31;409471.0;5;114:47:09;18:47:09;413229.0;5;3758.0;127:20:18;07:20:18;458418.0;6;48947.0;0.077;0.871;30.0;1.0;34.0;4.0;0.0
public_1476355162;320332.9748999998;6404429.1285999995;9452178;122:20:00;02:20:00;440400.0;6;123:23:34;03:23:34;444214.0;6;3814.0;127:21:46;07:21:46;458506.0;6;18106.0;0.211;0.865;45.0;1.0;52.0;7.0;0.0
4600925_home;325005.5080000004;6406214.4837;4600925;111:35:38;15:35:38;401738.0;5;113:23:29;17:23:29;408209.0;5;6471.0;127:22:10;07:22:10;458530.0;6;56792.0;0.114;0.763;32.0;1.0;42.0;10.0;0.0
2001171_home;320507.45770000014;6394613.757300001;2001171;114:14:39;18:14:39;411279.0;5;115:26:44;19:26:44;415604.0;5;4325.0;127:22:32;07:22:32;458552.0;6;47273.0;0.091;0.913;68.0;1.0;75.0;7.0;0.0
public_1475992444;314824.6895000003;6402583.526799999;2000357;126:17:01;06:17:01;454621.0;6;126:43:34;06:43:34;456214.0;6;1593.0;127:23:44;07:23:44;458624.0;6;4003.0;0.398;0.989;51.0;1.0;52.0;1.0;0.0
5563006_home;321917.1059999997;6397369.3343;5563006;104:45:55;08:45:55;377155.0;5;105:57:39;09:57:39;381459.0;5;4304.0;127:24:51;07:24:51;458691.0;6;81536.0;0.053;0.899;47.0;1.0;52.0;5.0;0.0
1838625_home;327948.6612999998;6403011.553200001;1838625;114:40:49;18:40:49;412849.0;5;117:33:29;21:33:29;423209.0;5;10360.0;127:25:41;07:25:41;458741.0;6;45892.0;0.226;0.712;43.0;1.0;60.0;17.0;0.0
1996657_home;315186.0741999997;6392759.5867;1996657;117:10:44;21:10:44;421844.0;5;120:36:49;00:36:49;434209.0;6;12365.0;127:27:18;07:27:18;458838.0;6;36994.0;0.334;0.378;13.0;1.0;34.0;21.0;0.0
2082244_home;323421.98709999956;6395201.5699000005;2082244;114:05:00;18:05:00;410700.0;5;116:18:54;20:18:54;418734.0;5;8034.0;127:29:47;07:29:47;458987.0;6;48287.0;0.166;0.626;21.0;1.0;34.0;13.0;0.0
2325330_home;309053.4104000004;6404043.125399999;2325330;123:00:00;03:00:00;442800.0;6;125:10:29;05:10:29;450629.0;6;7829.0;127:32:17;07:32:17;459137.0;6;16337.0;0.479;0.638;22.0;1.0;34.0;12.0;0.0
4702543_home;315828.16889999993;6400310.1654;4702543;114:22:37;18:22:37;411757.0;5;115:42:14;19:42:14;416534.0;5;4777.0;127:33:59;07:33:59;459239.0;6;47482.0;0.101;0.812;28.0;1.0;34.0;6.0;0.0
9671992_home;314780.55119999964;6403424.835100001;9671992;113:35:03;17:35:03;408903.0;5;119:42:04;23:42:04;430924.0;5;22021.0;127:34:44;07:34:44;459284.0;6;50381.0;0.437;0.454;34.0;1.0;75.0;41.0;0.0
1996777_home;315262.63850000035;6392859.198000001;1996777;121:45:00;01:45:00;438300.0;6;125:35:39;05:35:39;452139.0;6;13839.0;127:35:42;07:35:42;459342.0;6;21042.0;0.658;0.543;28.0;1.0;52.0;24.0;0.0
public_1476177204;322554.0680999998;6393450.283600001;1949534;112:34:40;16:34:40;405280.0;5;113:34:44;17:34:44;408884.0;5;3604.0;127:37:01;07:37:01;459421.0;6;54141.0;0.067;0.89;46.0;1.0;52.0;6.0;0.0
1986675_home;325634.4177000001;6405947.6809;1986675;108:10:58;12:10:58;389458.0;5;110:42:24;14:42:24;398544.0;5;9086.0;127:39:12;07:39:12;459552.0;6;70094.0;0.13;0.72;37.0;1.0;52.0;15.0;0.0
4721522_home;329811.85919999983;6398749.1461;4721522;115:55:03;19:55:03;417303.0;5;120:39:29;00:39:29;434369.0;6;17066.0;127:45:07;07:45:07;459907.0;6;42604.0;0.401;0.272;11.0;1.0;42.0;31.0;0.0
2321911_home;313484.2681;6392696.2773;2321911;123:05:00;03:05:00;443100.0;6;124:40:49;04:40:49;448849.0;6;5749.0;127:45:15;07:45:15;459915.0;6;16815.0;0.342;0.757;26.0;1.0;34.0;8.0;0.0
public_1476129700;315136.35780000035;6403347.9793;4661792;125:00:00;05:00:00;450000.0;6;125:53:59;05:53:59;453239.0;6;3239.0;127:50:58;07:50:58;460258.0;6;10258.0;0.316;0.841;35.0;1.0;42.0;7.0;0.0
1871017_home;313514.5373999998;6395157.881200001;1871017;113:50:07;17:50:07;409807.0;5;114:51:04;18:51:04;413464.0;5;3657.0;127:52:10;07:52:10;460330.0;6;50523.0;0.072;0.893;38.0;1.0;42.0;4.0;0.0
2331122_home;320444.3711000001;6411240.955800001;2331122;112:36:49;16:36:49;405409.0;5;114:19:29;18:19:29;411569.0;5;6160.0;127:53:00;07:53:00;460380.0;6;54971.0;0.112;0.848;51.0;1.0;60.0;9.0;0.0
public_1476104029;316423.3071999997;6396608.2852;7491449;123:30:00;03:30:00;444600.0;6;124:35:14;04:35:14;448514.0;6;3914.0;127:53:48;07:53:48;460428.0;6;15828.0;0.247;0.743;31.0;1.0;42.0;11.0;0.0
7316759_home;320147.8047000002;6404331.7763;7316759;114:15:37;18:15:37;411337.0;5;115:48:14;19:48:14;416894.0;5;5557.0;127:55:22;07:55:22;460522.0;6;49185.0;0.113;0.852;44.0;1.0;52.0;8.0;0.0
public_1476429391;325900.2153000003;6400851.2162;7286409;111:15:40;15:15:40;400540.0;5;111:54:34;15:54:34;402874.0;5;2334.0;127:57:22;07:57:22;460642.0;6;60102.0;0.039;0.951;71.0;1.0;75.0;4.0;0.0
public_1475958761;316521.9101;6399959.2237;2082244;127:46:13;07:46:13;459973.0;6;127:57:40;07:57:40;460660.0;6;687.0;127:57:40;07:57:40;460660.0;6;687.0;1.0;0.919;31.0;0.97;33.0;2.0;0.0
public_1476078802;313594.68790000025;6392983.2499;2321695;115:24:17;19:24:17;415457.0;5;117:17:59;21:17:59;422279.0;5;6822.0;127:58:08;07:58:08;460688.0;6;45231.0;0.151;0.511;27.0;1.0;52.0;25.0;0.0
7368354_home;317464.6520999996;6402994.2212000005;7368354;118:00:58;22:00:58;424858.0;5;121:23:19;01:23:19;436999.0;6;12141.0;127:59:04;07:59:04;460744.0;6;35886.0;0.338;0.71;53.0;1.0;75.0;22.0;0.0
4611990_home;315461.02410000004;6402186.3398;4611990;124:25:00;04:25:00;447900.0;6;125:12:49;05:12:49;450769.0;6;2869.0;127:59:06;07:59:06;460746.0;6;12846.0;0.223;0.921;31.0;1.0;34.0;3.0;0.0
2045651_home;318755.0349000003;6394548.306;2045651;106:53:19;10:53:19;384799.0;5;108:40:09;12:40:09;391209.0;5;6410.0;128:04:17;08:04:17;461057.0;6;76258.0;0.084;0.719;24.0;1.0;34.0;10.0;0.0
7380534_home;314994.2132000001;6400792.838500001;7380534;123:05:00;03:05:00;443100.0;6;124:48:39;04:48:39;449319.0;6;6219.0;128:07:43;08:07:43;461263.0;6;18163.0;0.342;0.775;33.0;1.0;42.0;9.0;0.0
5893756_home;327256.14719999954;6403705.906400001;5893756;121:45:00;01:45:00;438300.0;6;125:25:49;05:25:49;451549.0;6;13249.0;128:17:10;08:17:10;461830.0;6;23530.0;0.563;0.328;11.0;1.0;34.0;23.0;0.0
7352249_home;316621.2059000004;6398945.9408;7352249;113:41:34;17:41:34;409294.0;5;119:13:14;23:13:14;429194.0;5;19900.0;128:19:43;08:19:43;461983.0;6;52689.0;0.378;0.316;16.0;1.0;52.0;36.0;0.0
1877014_home;317413.94299999997;6392233.5264;1877014;124:45:00;04:45:00;449100.0;6;126:01:09;06:01:09;453669.0;6;4569.0;128:20:06;08:20:06;462006.0;6;12906.0;0.354;0.9;54.0;1.0;60.0;6.0;0.0
9521384_home;322979.31909999996;6410636.6581;9521384;110:36:26;14:36:26;398186.0;5;111:48:39;15:48:39;402519.0;5;4333.0;128:20:37;08:20:37;462037.0;6;63851.0;0.068;0.838;28.0;1.0;34.0;6.0;0.0
4655013_home;315857.2737999996;6400935.929300001;4655013;114:53:40;18:53:40;413620.0;5;119:20:14;23:20:14;429614.0;5;15994.0;128:23:52;08:23:52;462232.0;6;48612.0;0.329;0.61;46.0;1.0;75.0;29.0;0.0
1941613_home;305892.9891999997;6400340.3089000005;1941613;112:57:39;16:57:39;406659.0;5;114:56:34;18:56:34;413794.0;5;7135.0;128:25:01;08:25:01;462301.0;6;55642.0;0.128;0.793;41.0;1.0;52.0;11.0;0.0
4803676_home;330460.1924999999;6393214.366599999;4803676;114:14:59;18:14:59;411299.0;5;120:01:04;00:01:04;432064.0;6;20765.0;128:28:56;08:28:56;462536.0;6;51237.0;0.405;0.375;23.0;1.0;60.0;37.0;0.0
7482745_home;320820.63999999966;6397726.085899999;7482745;121:35:00;01:35:00;437700.0;6;125:29:59;05:29:59;451799.0;6;14099.0;128:36:00;08:36:00;462960.0;6;25260.0;0.558;0.279;9.0;1.0;34.0;25.0;0.0
public_1476427389;322343.7917999998;6410097.684699999;7518323;111:51:31;15:51:31;402691.0;5;113:40:29;17:40:29;409229.0;5;6538.0;128:36:52;08:36:52;463012.0;6;60321.0;0.108;0.609;46.0;1.0;75.0;29.0;0.0
7419900_home;317045.8831000002;6404888.144099999;7419900;112:03:33;16:03:33;403413.0;5;116:07:04;20:07:04;418024.0;5;14611.0;128:37:06;08:37:06;463026.0;6;59613.0;0.245;0.386;16.0;1.0;42.0;26.0;0.0
public_1476160164;316329.15589999966;6398059.6876;9460773;127:27:01;07:27:01;458821.0;6;128:36:34;08:36:34;462994.0;6;4173.0;128:38:23;08:38:23;463103.0;6;4282.0;0.975;0.663;23.0;1.0;34.0;11.0;0.0
public_1476148332;317749.0373999998;6402921.2676;7507349;128:09:14;08:09:14;461354.0;6;128:43:47;08:43:47;463427.0;6;2073.0;128:43:47;08:43:47;463427.0;6;2073.0;1.0;0.833;35.0;0.991;42.0;7.0;0.0
9491221_home;314495.6807000004;6394265.006899999;9491221;112:43:17;16:43:17;405797.0;5;113:43:19;17:43:19;409399.0;5;3602.0;128:44:13;08:44:13;463453.0;6;57656.0;0.062;0.896;38.0;1.0;42.0;4.0;0.0
4623910_home;324965.46549999993;6402561.554;4623910;115:10:17;19:10:17;414617.0;5;117:18:29;21:18:29;422309.0;5;7692.0;128:46:32;08:46:32;463592.0;6;48975.0;0.157;0.706;30.0;1.0;42.0;12.0;0.0
5411667_home;324674.0069000004;6411638.7226;5411667;110:57:16;14:57:16;399436.0;5;114:14:19;18:14:19;411259.0;5;11823.0;128:49:11;08:49:11;463751.0;6;64315.0;0.184;0.618;32.0;1.0;52.0;20.0;0.0
public_1475949557;317031.70529999956;6390150.6654;1877251;109:26:08;13:26:08;393968.0;5;110:07:54;14:07:54;396474.0;5;2506.0;128:52:18;08:52:18;463938.0;6;69970.0;0.036;0.937;32.0;1.0;34.0;2.0;0.0
9523870_home;321505.4491999997;6393672.2676;9523870;124:30:00;04:30:00;448200.0;6;125:47:39;05:47:39;452859.0;6;4659.0;128:58:17;08:58:17;464297.0;6;16097.0;0.289;0.819;28.0;1.0;34.0;6.0;0.0
5933366_home;313848.84140000027;6392636.217599999;5933366;112:45:00;16:45:00;405900.0;5;115:39:44;19:39:44;416384.0;5;10484.0;129:07:04;09:07:04;464824.0;6;58924.0;0.178;0.708;43.0;1.0;60.0;17.0;0.0
4653888_home;319123.5664999997;6403533.671;4653888;122:30:00;02:30:00;441000.0;6;124:16:39;04:16:39;447399.0;6;6399.0;129:07:52;09:07:52;464872.0;6;23872.0;0.268;0.766;32.0;1.0;42.0;10.0;0.0
1877813_home;316867.73139999993;6390405.528999999;1877813;113:39:38;17:39:38;409178.0;5;115:24:24;19:24:24;415464.0;5;6286.0;129:20:10;09:20:10;465610.0;6;56432.0;0.111;0.862;65.0;1.0;75.0;10.0;0.0
public_1476051721;326286.09049999993;6404635.502;1967726;113:44:52;17:44:52;409492.0;5;114:15:44;18:15:44;411344.0;5;1852.0;129:21:07;09:21:07;465667.0;6;56175.0;0.033;0.976;41.0;1.0;42.0;1.0;0.0
5883454_home;328427.38879999984;6403939.1269000005;5883454;117:52:53;21:52:53;424373.0;5;121:15:14;01:15:14;436514.0;6;12141.0;129:21:46;09:21:46;465706.0;6;41333.0;0.294;0.5;21.0;1.0;42.0;21.0;0.0
public_1476251537;313413.2647000002;6402766.123400001;4923723;127:40:30;07:40:30;459630.0;6;128:40:39;08:40:39;463239.0;6;3609.0;129:27:26;09:27:26;466046.0;6;6416.0;0.563;0.764;26.0;1.0;34.0;8.0;0.0
4646269_home;321602.7679000003;6398656.4021000005;4646269;113:12:04;17:12:04;407524.0;5;114:05:54;18:05:54;410754.0;5;3230.0;129:41:14;09:41:14;466874.0;6;59350.0;0.054;0.943;57.0;1.0;60.0;3.0;0.0
public_1476374593;322402.1481999997;6406517.1359;7361686;128:27:24;08:27:24;462444.0;6;129:30:19;09:30:19;466219.0;6;3775.0;129:44:00;09:44:00;467040.0;6;4596.0;0.821;0.733;25.0;1.0;34.0;9.0;0.0
7298464_home;318083.9840000002;6398522.062000001;7298464;123:30:00;03:30:00;444600.0;6;125:36:39;05:36:39;452199.0;6;7599.0;129:49:17;09:49:17;467357.0;6;22757.0;0.334;0.651;22.0;1.0;34.0;12.0;0.0
4604173_home;316159.1687000003;6401411.4671;4604173;117:33:08;21:33:08;423188.0;5;119:51:39;23:51:39;431499.0;5;8311.0;129:49:58;09:49:58;467398.0;6;44210.0;0.188;0.678;28.0;1.0;42.0;14.0;0.0
2098908_home;324347.65380000044;6409811.0843;2098908;107:44:20;11:44:20;387860.0;5;109:06:09;13:06:09;392769.0;5;4909.0;129:51:50;09:51:50;467510.0;6;79650.0;0.062;0.805;27.0;1.0;34.0;7.0;0.0
4680502_home;328173.13570000045;6395105.735300001;4680502;111:28:22;15:28:22;401302.0;5;113:32:24;17:32:24;408744.0;5;7442.0;129:52:21;09:52:21;467541.0;6;66239.0;0.112;0.782;41.0;1.0;52.0;11.0;0.0
public_1476007016;320943.2955;6396718.0371;1873713;129:18:14;09:18:14;465494.0;6;129:59:53;09:59:53;467993.0;6;2499.0;129:59:53;09:59:53;467993.0;6;2499.0;1.0;0.544;33.0;0.799;48.0;15.0;0.0
1924680_home;322333.3119999999;6402573.2574000005;1924680;116:03:14;20:03:14;417794.0;5;119:58:49;23:58:49;431929.0;5;14135.0;130:03:31;10:03:31;468211.0;6;50417.0;0.28;0.532;28.0;1.0;52.0;24.0;0.0
1916504_home;316617.9565000003;6398986.762599999;1916504;128:27:24;08:27:24;462444.0;6;130:07:52;10:07:52;468472.0;6;6028.0;130:07:52;10:07:52;468472.0;6;6028.0;1.0;0.496;21.0;0.775;33.0;12.0;0.0
5915678_home;325568.4486999996;6393320.5677000005;5915678;118:35:30;22:35:30;426930.0;5;120:29:49;00:29:49;433789.0;6;6859.0;130:16:48;10:16:48;469008.0;6;42078.0;0.163;0.745;31.0;1.0;42.0;11.0;0.0
public_1476005260;324642.5215999996;6404837.954399999;4764447;118:32:12;22:32:12;426732.0;5;120:23:34;00:23:34;433414.0;6;6682.0;130:27:40;10:27:40;469660.0;6;42928.0;0.156;0.577;35.0;1.0;60.0;25.0;0.0
public_1476424204;318784.03220000025;6398588.606000001;2044994;129:51:52;09:51:52;467512.0;6;130:30:51;10:30:51;469851.0;6;2339.0;130:30:51;10:30:51;469851.0;6;2339.0;1.0;0.242;15.0;0.481;29.0;14.0;0.0
public_1476363725;317107.39499999955;6402608.874299999;2335003;128:21:45;08:21:45;462105.0;6;128:59:59;08:59:59;464399.0;6;2294.0;130:33:47;10:33:47;470027.0;6;7922.0;0.29;0.974;51.0;1.0;52.0;1.0;0.0
public_1476137267;328729.4315999998;6401953.777799999;7442665;128:50:14;08:50:14;463814.0;6;130:45:24;10:45:24;470724.0;6;6910.0;130:46:13;10:46:13;470773.0;6;6959.0;0.993;0.307;13.0;1.0;42.0;29.0;0.0
public_1476160164;316329.15589999966;6398059.6876;9671992;127:44:52;07:44:52;459892.0;6;128:14:54;08:14:54;461694.0;6;1802.0;130:46:31;10:46:31;470791.0;6;10899.0;0.165;0.978;73.0;1.0;75.0;2.0;0.0
4923754_home;305047.8191999998;6401839.6226;4923754;108:59:42;12:59:42;392382.0;5;110:14:49;14:14:49;396889.0;5;4507.0;130:48:04;10:48:04;470884.0;6;78502.0;0.057;0.827;28.0;1.0;34.0;6.0;0.0
6047703_home;326654.9534;6395023.913699999;6047703;115:44:40;19:44:40;416680.0;5;117:21:54;21:21:54;422514.0;5;5834.0;130:48:14;10:48:14;470894.0;6;54214.0;0.108;0.859;52.0;1.0;60.0;8.0;0.0
public_1476135410;329207.1747000003;6402593.460999999;4699077;127:23:49;07:23:49;458629.0;6;128:09:34;08:09:34;461374.0;6;2745.0;130:59:11;10:59:11;471551.0;6;12922.0;0.212;0.956;50.0;1.0;52.0;2.0;0.0
public_1476383373;312054.31790000014;6407238.7916;9669919;130:50:21;10:50:21;471021.0;6;130:59:48;10:59:48;471588.0;6;567.0;130:59:48;10:59:48;471588.0;6;567.0;1.0;0.588;25.0;0.67;28.0;3.0;0.0
4785915_home;316257.8339999998;6402058.8179;4785915;130:38:30;10:38:30;470310.0;6;131:02:03;11:02:03;471723.0;6;1413.0;131:02:03;11:02:03;471723.0;6;1413.0;1.0;0.857;36.0;0.922;39.0;3.0;0.0
2031786_home;324238.9570000004;6406216.7477;2031786;122:55:00;02:55:00;442500.0;6;124:35:09;04:35:09;448509.0;6;6009.0;131:03:07;11:03:07;471787.0;6;29287.0;0.205;0.784;33.0;1.0;42.0;9.0;0.0
7618090_home;308919.39020000026;6404346.7477;7618090;125:00:00;05:00:00;450000.0;6;125:58:34;05:58:34;453514.0;6;3514.0;131:11:04;11:11:04;472264.0;6;22264.0;0.158;0.934;70.0;1.0;75.0;5.0;0.0
7420298_home;316843.5410000002;6405798.7195999995;7420298;116:05:56;20:05:56;417956.0;5;120:20:09;00:20:09;433209.0;6;15253.0;131:17:19;11:17:19;472639.0;6;54683.0;0.279;0.356;15.0;1.0;42.0;27.0;0.0
7372378_home;316505.6246999996;6399708.832699999;7372378;122:35:00;02:35:00;441300.0;6;123:25:09;03:25:09;444309.0;6;3009.0;131:18:14;11:18:14;472694.0;6;31394.0;0.096;0.948;49.0;1.0;52.0;3.0;0.0
2323062_home;307313.4354999997;6402406.363500001;2323062;108:59:28;12:59:28;392368.0;5;111:55:29;15:55:29;402929.0;5;10561.0;131:19:46;11:19:46;472786.0;6;80418.0;0.131;0.706;42.0;1.0;60.0;18.0;0.0
9674519_home;317340.4495000001;6406487.554;9674519;113:00:11;17:00:11;406811.0;5;116:50:34;20:50:34;420634.0;5;13823.0;131:25:49;11:25:49;473149.0;6;66338.0;0.208;0.295;10.0;1.0;34.0;24.0;0.0
public_1476407693;317414.23950000014;6391192.829500001;5898192;114:23:08;18:23:08;411788.0;5;115:49:39;19:49:39;416979.0;5;5191.0;131:26:31;11:26:31;473191.0;6;61403.0;0.085;0.729;44.0;1.0;60.0;16.0;0.0
7379543_home;309084.5641000001;6403583.2574000005;7379543;110:56:22;14:56:22;399382.0;5;113:28:19;17:28:19;408499.0;5;9117.0;131:30:48;11:30:48;473448.0;6;74066.0;0.123;0.564;19.0;1.0;34.0;15.0;0.0
2323174_home;307248.3920999998;6402380.353599999;2323174;131:19:09;11:19:09;472749.0;6;131:31:08;11:31:08;473468.0;6;719.0;131:31:08;11:31:08;473468.0;6;719.0;1.0;0.329;25.0;0.348;26.0;1.0;0.0
2017337_home;329971.77359999996;6398967.0319;2017337;121:45:00;01:45:00;438300.0;6;124:48:04;04:48:04;449284.0;6;10984.0;131:31:41;11:31:41;473501.0;6;35201.0;0.312;0.457;16.0;1.0;34.0;18.0;0.0
5904517_home;317834.3541000001;6391485.3137;5904517;110:54:26;14:54:26;399266.0;5;114:39:24;18:39:24;412764.0;5;13498.0;131:31:51;11:31:51;473511.0;6;74245.0;0.182;0.556;29.0;1.0;52.0;23.0;0.0
public_1476421452;322454.14740000013;6401312.4966;4803676;128:45:53;08:45:53;463553.0;6;129:33:49;09:33:49;466429.0;6;2876.0;131:38:23;11:38:23;473903.0;6;10350.0;0.278;0.95;57.0;1.0;60.0;3.0;0.0
2322703_home;314141.6863000002;6391223.501800001;2322703;122:05:00;02:05:00;439500.0;6;124:26:29;04:26:29;447989.0;6;8489.0;131:48:01;11:48:01;474481.0;6;34981.0;0.243;0.743;39.0;1.0;52.0;13.0;0.0
public_1476127570;318225.9935999997;6399292.052100001;5464740;131:17:15;11:17:15;472635.0;6;131:50:22;11:50:22;474622.0;6;1987.0;131:50:22;11:50:22;474622.0;6;1987.0;1.0;0.763;40.0;0.958;50.0;10.0;0.0
public_1476346624;321946.39070000034;6397325.2446;2129836;131:11:10;11:11:10;472270.0;6;131:53:09;11:53:09;474789.0;6;2519.0;131:53:09;11:53:09;474789.0;6;2519.0;1.0;0.952;50.0;0.999;52.0;2.0;0.0
public_1476354804;330288.6003999999;6398836.569700001;1896799;131:16:29;11:16:29;472589.0;6;131:56:42;11:56:42;475002.0;6;2413.0;131:56:42;11:56:42;475002.0;6;2413.0;1.0;0.384;16.0;0.735;31.0;15.0;0.0
public_1476229015;318852.8914999999;6394514.7524999995;7326174;131:09:51;11:09:51;472191.0;6;132:01:42;12:01:42;475302.0;6;3111.0;132:01:42;12:01:42;475302.0;6;3111.0;1.0;0.0;0.0;0.253;19.0;19.0;0.0
public_1476322695;321855.84339999966;6395459.395;4709255;131:38:40;11:38:40;473920.0;6;132:07:02;12:07:02;475622.0;6;1702.0;132:07:02;12:07:02;475622.0;6;1702.0;1.0;0.541;32.0;0.715;43.0;10.0;0.0
7354267_home;318174.07320000045;6398492.917300001;7354267;112:09:43;16:09:43;403783.0;5;113:34:34;17:34:34;408874.0;5;5091.0;132:11:50;12:11:50;475910.0;6;72127.0;0.071;0.827;35.0;1.0;42.0;7.0;0.0
public_1476110935;324373.1716;6400637.6021;7360814;131:40:23;11:40:23;474023.0;6;132:16:48;12:16:48;476208.0;6;2185.0;132:16:48;12:16:48;476208.0;6;2185.0;1.0;0.884;30.0;0.996;34.0;4.0;0.0
7353753_home;318594.1213999996;6399190.265000001;7353753;123:10:00;03:10:00;443400.0;6;125:37:44;05:37:44;452264.0;6;8864.0;132:18:24;12:18:24;476304.0;6;32904.0;0.269;0.795;60.0;1.0;75.0;15.0;0.0
4744050_work;319821.01740000024;6398390.026699999;4744050;127:36:53;07:36:53;459413.0;6;128:44:54;08:44:54;463494.0;6;4081.0;132:18:51;12:18:51;476331.0;6;16918.0;0.241;0.824;35.0;1.0;42.0;7.0;0.0
public_1476023513;321586.2309999997;6398464.912900001;5933366;129:22:33;09:22:33;465753.0;6;130:09:09;10:09:09;468549.0;6;2796.0;132:19:55;12:19:55;476395.0;6;10642.0;0.263;0.954;57.0;1.0;60.0;3.0;0.0
public_1476427389;322343.7917999998;6410097.684699999;7518323;132:07:08;12:07:08;475628.0;6;132:21:27;12:21:27;476487.0;6;859.0;132:21:27;12:21:27;476487.0;6;859.0;1.0;0.914;69.0;0.973;73.0;4.0;0.0
2067447_home;320676.8701999998;6397834.6316;2067447;116:23:17;20:23:17;418997.0;5;117:12:34;21:12:34;421954.0;5;2957.0;132:22:23;12:22:23;476543.0;6;57546.0;0.051;0.952;57.0;1.0;60.0;3.0;0.0
public_1476344213;315720.00600000005;6399377.18;4703597;132:08:42;12:08:42;475722.0;6;132:29:09;12:29:09;476949.0;6;1227.0;132:29:09;12:29:09;476949.0;6;1227.0;1.0;0.409;14.0;0.629;21.0;7.0;0.0
public_1476135410;329207.1747000003;6402593.460999999;4923754;132:11:10;12:11:10;475870.0;6;132:31:13;12:31:13;477073.0;6;1203.0;132:31:13;12:31:13;477073.0;6;1203.0;1.0;0.791;27.0;0.956;33.0;6.0;0.0
public_1476023513;321586.2309999997;6398464.912900001;1872483;132:28:30;12:28:30;476910.0;6;132:33:05;12:33:05;477185.0;6;275.0;132:33:05;12:33:05;477185.0;6;275.0;1.0;0.399;24.0;0.427;26.0;2.0;0.0
public_1476282853;324272.06989999954;6409568.8585;5464740;132:03:49;12:03:49;475429.0;6;132:33:48;12:33:48;477228.0;6;1799.0;132:33:48;12:33:48;477228.0;6;1799.0;1.0;0.906;47.0;0.988;51.0;4.0;0.0
9554976_home;325264.1062000003;6405110.642000001;9554976;124:10:00;04:10:00;447000.0;6;125:37:54;05:37:54;452274.0;6;5274.0;132:36:35;12:36:35;477395.0;6;30395.0;0.174;0.863;45.0;1.0;52.0;7.0;0.0
1996777_home;315262.63850000035;6392859.198000001;1996777;132:14:40;12:14:40;476080.0;6;132:36:58;12:36:58;477418.0;6;1338.0;132:36:58;12:36:58;477418.0;6;1338.0;1.0;0.924;48.0;0.973;51.0;3.0;0.0
5893756_home;327256.14719999954;6403705.906400001;5893756;131:50:24;11:50:24;474624.0;6;132:37:40;12:37:40;477460.0;6;2836.0;132:37:40;12:37:40;477460.0;6;2836.0;1.0;0.883;30.0;0.997;34.0;4.0;0.0
public_1476377635;313830.15249999985;6395484.3914;5880022;132:29:05;12:29:05;476945.0;6;132:44:28;12:44:28;477868.0;6;923.0;132:44:28;12:44:28;477868.0;6;923.0;1.0;0.843;29.0;0.957;33.0;4.0;0.0
1968103_home;326779.6174999997;6397245.079700001;1968103;132:04:31;12:04:31;475471.0;6;132:47:14;12:47:14;478034.0;6;2563.0;132:47:14;12:47:14;478034.0;6;2563.0;1.0;0.68;35.0;0.776;40.0;5.0;0.0
4765107_home;325828.5499999998;6405235.989600001;4765107;112:34:22;16:34:22;405262.0;5;114:14:14;18:14:14;411254.0;5;5992.0;132:58:12;12:58:12;478692.0;6;73430.0;0.082;0.785;33.0;1.0;42.0;9.0;0.0
4605109_home;317286.32459999993;6401465.9474;4605109;118:26:39;22:26:39;426399.0;5;123:57:59;03:57:59;446279.0;6;19880.0;132:59:40;12:59:40;478780.0;6;52381.0;0.38;0.404;24.0;1.0;60.0;36.0;0.0
9420484_home;316659.4715;6390423.122099999;9420484;132:53:57;12:53:57;478437.0;6;133:02:10;13:02:10;478930.0;6;493.0;133:02:10;13:02:10;478930.0;6;493.0;1.0;0.754;39.0;0.773;40.0;1.0;0.0
4730932_work;318269.02699999977;6400265.127699999;4730932;124:16:00;04:16:00;447360.0;6;125:24:29;05:24:29;451469.0;6;4109.0;133:04:30;13:04:30;479070.0;6;31710.0;0.13;0.877;46.0;1.0;52.0;6.0;0.0
public_1476094993;319738.0734000001;6399436.431700001;9456468;129:16:51;09:16:51;465411.0;6;130:20:49;10:20:49;469249.0;6;3838.0;133:06:27;13:06:27;479187.0;6;13776.0;0.279;0.723;25.0;1.0;34.0;9.0;0.0
public_1476247602;318725.14240000024;6402129.249500001;1929172;132:29:53;12:29:53;476993.0;6;133:07:22;13:07:22;479242.0;6;2249.0;133:07:22;13:07:22;479242.0;6;2249.0;1.0;0.156;8.0;0.42;22.0;14.0;0.0
public_1476100550;329470.2221999997;6399777.2316;1884883;131:39:43;11:39:43;473983.0;6;133:12:25;13:12:25;479545.0;6;5562.0;133:12:25;13:12:25;479545.0;6;5562.0;1.0;0.406;14.0;1.0;34.0;20.0;0.0
public_1476014856;313679.68769999966;6396501.9165;5933594;131:32:19;11:32:19;473539.0;6;132:53:29;12:53:29;478409.0;6;4870.0;133:13:35;13:13:35;479615.0;6;6076.0;0.802;0.603;25.0;1.0;42.0;17.0;0.0
9542392_home;315910.61539999954;6390983.782;9542392;131:45:36;11:45:36;474336.0;6;133:17:56;13:17:56;479876.0;6;5540.0;133:17:56;13:17:56;479876.0;6;5540.0;1.0;0.686;23.0;0.987;34.0;10.0;0.0
public_1476245895;319092.1699000001;6399086.5339;9490351;132:01:44;12:01:44;475304.0;6;133:20:43;13:20:43;480043.0;6;4739.0;133:20:43;13:20:43;480043.0;6;4739.0;1.0;0.581;30.0;0.99;51.0;21.0;0.0
public_1476362439;323556.1021999996;6406309.4278;9543495;133:18:08;13:18:08;479888.0;6;133:23:44;13:23:44;480224.0;6;336.0;133:23:44;13:23:44;480224.0;6;336.0;1.0;0.741;39.0;0.78;41.0;2.0;0.0
public_1476128733;327381.8986999998;6395239.193299999;4923723;131:46:38;11:46:38;474398.0;6;132:36:59;12:36:59;477419.0;6;3021.0;133:27:26;13:27:26;480446.0;6;6048.0;0.5;0.869;30.0;1.0;34.0;4.0;0.0
5933673_home;309216.96630000044;6404497.919399999;5933673;125:00:00;05:00:00;450000.0;6;125:59:54;05:59:54;453594.0;6;3594.0;133:36:29;13:36:29;480989.0;6;30989.0;0.116;0.896;38.0;1.0;42.0;4.0;0.0
public_1476245895;319092.1699000001;6399086.5339;7358660;133:23:17;13:23:17;480197.0;6;133:40:28;13:40:28;481228.0;6;1031.0;133:40:28;13:40:28;481228.0;6;1031.0;1.0;0.522;22.0;0.671;28.0;6.0;0.0
public_1475958124;320472.8499999996;6397799.482000001;2327157;131:01:21;11:01:21;471681.0;6;132:20:39;12:20:39;476439.0;6;4758.0;133:44:23;13:44:23;481463.0;6;9782.0;0.486;0.62;26.0;1.0;42.0;16.0;0.0
public_1476075546;317698.3490000004;6394923.806700001;4705212;133:27:02;13:27:02;480422.0;6;133:45:50;13:45:50;481550.0;6;1128.0;133:45:50;13:45:50;481550.0;6;1128.0;1.0;0.376;28.0;0.468;35.0;7.0;0.0
public_1476129700;315136.35780000035;6403347.9793;1940658;132:40:19;12:40:19;477619.0;6;133:32:44;13:32:44;480764.0;6;3145.0;133:46:30;13:46:30;481590.0;6;3971.0;0.792;0.847;29.0;1.0;34.0;5.0;0.0
public_1476072830;321589.72470000014;6409896.659399999;7369432;133:33:38;13:33:38;480818.0;6;133:57:22;13:57:22;482242.0;6;1424.0;133:57:22;13:57:22;482242.0;6;1424.0;1.0;0.582;20.0;0.839;29.0;9.0;0.0
1968155_work;326860.3532999996;6395579.339400001;1968155;128:40:10;08:40:10;463210.0;6;130:14:54;10:14:54;468894.0;6;5684.0;134:04:06;14:04:06;482646.0;6;19436.0;0.292;0.652;22.0;1.0;34.0;12.0;0.0
1875719_home;314189.2355000004;6392818.4287;1875719;132:29:56;12:29:56;476996.0;6;134:04:46;14:04:46;482686.0;6;5690.0;134:04:46;14:04:46;482686.0;6;5690.0;1.0;0.445;15.0;0.77;26.0;11.0;0.0
public_1476424204;318784.03220000025;6398588.606000001;4765107;133:13:27;13:13:27;479607.0;6;133:57:09;13:57:09;482229.0;6;2622.0;134:07:25;14:07:25;482845.0;6;3238.0;0.81;0.926;39.0;1.0;42.0;3.0;0.0
9673010_home;331229.1032999996;6409657.1351;9673010;112:02:58;16:02:58;403378.0;5;114:03:29;18:03:29;410609.0;5;7231.0;134:12:34;14:12:34;483154.0;6;79776.0;0.091;0.672;23.0;1.0;34.0;11.0;0.0
public_1476109719;319587.52699999977;6398360.055;5904517;133:56:56;13:56:56;482216.0;6;134:15:21;14:15:21;483321.0;6;1105.0;134:15:21;14:15:21;483321.0;6;1105.0;1.0;0.89;46.0;0.967;50.0;4.0;0.0
public_1476165477;320306.7750000004;6400028.7322;9483319;133:18:40;13:18:40;479920.0;6;134:17:19;14:17:19;483439.0;6;3519.0;134:17:45;14:17:45;483465.0;6;3545.0;0.993;0.855;64.0;1.0;75.0;11.0;0.0
public_1476127968;327534.4642000003;6394689.7399;1968155;134:07:17;14:07:17;482837.0;6;134:26:34;14:26:34;483994.0;6;1157.0;134:26:34;14:26:34;483994.0;6;1157.0;1.0;0.984;33.0;0.998;34.0;0.0;0.0
7320517_home;316621.05790000036;6395551.0984000005;7320517;132:57:34;12:57:34;478654.0;6;134:28:08;14:28:08;484088.0;6;5434.0;134:28:08;14:28:08;484088.0;6;5434.0;1.0;0.637;22.0;0.947;32.0;11.0;0.0
public_1476255356;318525.2073999997;6392814.6271;1937617;132:45:19;12:45:19;477919.0;6;134:02:34;14:02:34;482554.0;6;4635.0;134:34:44;14:34:44;484484.0;6;6565.0;0.706;0.768;40.0;1.0;52.0;12.0;0.0
public_1476276241;318072.1688000001;6398328.3006;5411667;132:47:43;12:47:43;478063.0;6;133:43:19;13:43:19;481399.0;6;3336.0;134:39:04;14:39:04;484744.0;6;6681.0;0.499;0.917;48.0;1.0;52.0;4.0;0.0
public_1476123667;328740.9144000001;6393191.247300001;7326174;133:52:19;13:52:19;481939.0;6;134:40:11;14:40:11;484811.0;6;2872.0;134:40:11;14:40:11;484811.0;6;2872.0;1.0;0.2;15.0;0.434;33.0;18.0;0.0
5908847_home;317089.2821000004;6400884.718599999;5908847;133:41:49;13:41:49;481309.0;6;134:40:17;14:40:17;484817.0;6;3508.0;134:40:17;14:40:17;484817.0;6;3508.0;1.0;0.873;30.0;0.999;34.0;4.0;0.0
public_1476180250;308170.30140000023;6390756.763;5898192;131:36:21;11:36:21;473781.0;6;132:14:14;12:14:14;476054.0;6;2273.0;134:43:11;14:43:11;484991.0;6;11210.0;0.203;0.974;58.0;1.0;60.0;2.0;0.0
2017219_home;329930.56539999973;6399367.3825;2017219;134:24:02;14:24:02;483842.0;6;134:43:55;14:43:55;485035.0;6;1193.0;134:43:55;14:43:55;485035.0;6;1193.0;1.0;0.429;18.0;0.485;20.0;2.0;0.0
7320021_home;315287.5071999999;6396553.0359000005;7320021;124:45:00;04:45:00;449100.0;6;125:51:54;05:51:54;453114.0;6;4014.0;134:44:06;14:44:06;485046.0;6;35946.0;0.112;0.856;29.0;1.0;34.0;5.0;0.0
public_1476168894;319299.16610000003;6402493.6647;4699077;131:11:06;11:11:06;472266.0;6;131:56:59;11:56:59;475019.0;6;2753.0;134:45:59;14:45:59;485159.0;6;12893.0;0.214;0.956;50.0;1.0;52.0;2.0;0.0
1925819_home;324546.00239999965;6403148.6559999995;1925819;112:30:15;16:30:15;405015.0;5;115:11:04;19:11:04;414664.0;5;9649.0;134:54:04;14:54:04;485644.0;6;80629.0;0.12;0.7;36.0;1.0;52.0;16.0;0.0
4781190_work;320005.2775999997;6401862.023800001;4781190;134:28:55;14:28:55;484135.0;6;134:54:58;14:54:58;485698.0;6;1563.0;134:54:58;14:54:58;485698.0;6;1563.0;1.0;0.52;31.0;0.6;36.0;5.0;0.0
9416099_home;314325.8287000004;6395412.431;9416099;133:30:24;13:30:24;480624.0;6;134:59:23;14:59:23;485963.0;6;5339.0;134:59:23;14:59:23;485963.0;6;5339.0;1.0;0.54;23.0;0.787;33.0;10.0;0.0
2015215_home;328895.4770999998;6394841.232799999;2015215;133:57:31;13:57:31;482251.0;6;135:03:33;15:03:33;486213.0;6;3962.0;135:03:33;15:03:33;486213.0;6;3962.0;1.0;0.337;25.0;0.44;33.0;8.0;0.0
9554976_work;321495.6621000003;6406464.0151;9554976;132:47:31;12:47:31;478051.0;6;133:28:29;13:28:29;480509.0;6;2458.0;135:08:00;15:08:00;486480.0;6;8429.0;0.292;0.968;50.0;1.0;52.0;2.0;0.0
public_1475954464;320820.48500000034;6398909.105699999;2324411;131:15:52;11:15:52;472552.0;6;132:11:04;12:11:04;475864.0;6;3312.0;135:08:04;15:08:04;486484.0;6;13932.0;0.238;0.919;55.0;1.0;60.0;5.0;0.0
1982354_home;321236.1860999996;6401115.3747000005;1982354;135:02:55;15:02:55;486175.0;6;135:10:37;15:10:37;486637.0;6;462.0;135:10:37;15:10:37;486637.0;6;462.0;1.0;0.416;14.0;0.442;15.0;1.0;0.0
public_1476197380;321710.2089999998;6400207.8992;1926014;134:43:19;14:43:19;484999.0;6;135:15:17;15:15:17;486917.0;6;1918.0;135:15:17;15:15:17;486917.0;6;1918.0;1.0;0.224;9.0;0.504;21.0;12.0;0.0
2072947_work;315057.45830000006;6400898.6206;2072947;127:12:49;07:12:49;457969.0;6;128:33:09;08:33:09;462789.0;6;4820.0;135:17:20;15:17:20;487040.0;6;29071.0;0.166;0.77;32.0;1.0;42.0;10.0;0.0
1932498_work;318549.8044999996;6394269.0715;1932498;127:21:48;07:21:48;458508.0;6;127:59:09;07:59:09;460749.0;6;2241.0;135:19:35;15:19:35;487175.0;6;28667.0;0.078;0.957;33.0;1.0;34.0;1.0;0.0
2207532_home;320557.2982999999;6395328.108899999;2207532;134:26:50;14:26:50;484010.0;6;135:19:50;15:19:50;487190.0;6;3180.0;135:19:50;15:19:50;487190.0;6;3180.0;1.0;0.346;12.0;0.527;18.0;6.0;0.0
7369383_home;321289.96669999976;6410212.843;7369383;133:42:08;13:42:08;481328.0;6;135:26:28;15:26:28;487588.0;6;6260.0;135:26:28;15:26:28;487588.0;6;6260.0;1.0;0.153;11.0;0.315;24.0;12.0;0.0
7358660_home;318772.68200000003;6399748.147600001;7358660;134:17:26;14:17:26;483446.0;6;135:26:54;15:26:54;487614.0;6;4168.0;135:26:54;15:26:54;487614.0;6;4168.0;1.0;0.521;22.0;0.714;30.0;8.0;0.0
7311651_home;322972.67899999954;6404523.2565;7311651;114:06:36;18:06:36;410796.0;5;119:20:54;23:20:54;429654.0;5;18858.0;135:31:09;15:31:09;487869.0;6;77073.0;0.245;0.355;18.0;1.0;52.0;34.0;0.0
4623233_work;317941.1673999997;6400106.685900001;4623233;127:21:32;07:21:32;458492.0;6;127:57:54;07:57:54;460674.0;6;2182.0;135:34:46;15:34:46;488086.0;6;29594.0;0.074;0.962;72.0;1.0;75.0;3.0;0.0
public_1476245895;319092.1699000001;6399086.5339;9673010;134:33:10;14:33:10;484390.0;6;135:21:19;15:21:19;487279.0;6;2889.0;135:40:15;15:40:15;488415.0;6;4025.0;0.718;0.892;30.0;1.0;34.0;4.0;0.0
9457475_home;314757.30730000045;6391774.8133000005;9457475;134:57:58;14:57:58;485878.0;6;135:41:04;15:41:04;488464.0;6;2586.0;135:41:04;15:41:04;488464.0;6;2586.0;1.0;0.737;55.0;0.804;60.0;5.0;0.0
2325568_work;313206.55030000024;6403577.171399999;2325568;131:06:21;11:06:21;471981.0;6;132:16:09;12:16:09;476169.0;6;4188.0;135:44:57;15:44:57;488697.0;6;16716.0;0.251;0.881;66.0;1.0;75.0;9.0;0.0
public_1476330882;328035.4467000002;6403894.6305;1865752;135:42:56;15:42:56;488576.0;6;135:46:53;15:46:53;488813.0;6;237.0;135:46:53;15:46:53;488813.0;6;237.0;1.0;0.859;45.0;0.886;46.0;1.0;0.0
public_1476349349;315210.18659999967;6393368.312000001;4605109;133:11:07;13:11:07;479467.0;6;133:52:54;13:52:54;481974.0;6;2507.0;135:47:07;15:47:07;488827.0;6;9360.0;0.268;0.967;58.0;1.0;60.0;2.0;0.0
2321695_work;317975.8532999996;6392658.9681;2321695;128:04:49;08:04:49;461089.0;6;128:40:19;08:40:19;463219.0;6;2130.0;135:52:35;15:52:35;489155.0;6;28066.0;0.076;0.978;51.0;1.0;52.0;1.0;0.0
2072947_home;317466.2427000003;6405203.1493999995;2072947;135:25:45;15:25:45;487545.0;6;136:01:36;16:01:36;489696.0;6;2151.0;136:01:36;16:01:36;489696.0;6;2151.0;1.0;0.961;40.0;1.0;42.0;2.0;0.0
5589449_home;308092.21970000025;6400999.085899999;5589449;135:13:49;15:13:49;486829.0;6;136:03:50;16:03:50;489830.0;6;3001.0;136:03:50;16:03:50;489830.0;6;3001.0;1.0;0.707;30.0;0.846;36.0;6.0;0.0
1838887_work;317791.0996000003;6400025.4091;1838887;127:16:01;07:16:01;458161.0;6;127:58:09;07:58:09;460689.0;6;2528.0;136:06:33;16:06:33;489993.0;6;31832.0;0.079;0.937;39.0;1.0;42.0;3.0;0.0
2325568_home;308398.7355000004;6405001.045;2325568;135:57:47;15:57:47;489467.0;6;136:11:00;16:11:00;490260.0;6;793.0;136:11:00;16:11:00;490260.0;6;793.0;1.0;0.976;73.0;0.993;74.0;1.0;0.0
1881045_home;307718.29619999975;6403655.348099999;1881045;134:52:53;14:52:53;485573.0;6;136:13:01;16:13:01;490381.0;6;4808.0;136:13:01;16:13:01;490381.0;6;4808.0;1.0;0.413;25.0;0.569;34.0;9.0;0.0
7298193_work;317225.59520000033;6398402.370100001;7298193;127:35:22;07:35:22;459322.0;6;129:23:39;09:23:39;465819.0;6;6497.0;136:27:57;16:27:57;491277.0;6;31955.0;0.203;0.737;38.0;1.0;52.0;14.0;0.0
4604173_home;316159.1687000003;6401411.4671;4604173;134:51:19;14:51:19;485479.0;6;136:34:29;16:34:29;491669.0;6;6190.0;136:34:29;16:34:29;491669.0;6;6190.0;1.0;0.725;30.0;0.993;42.0;11.0;0.0
public_1476265451;316483.0460999999;6395069.236199999;2325330;136:18:24;16:18:24;490704.0;6;136:52:36;16:52:36;492756.0;6;2052.0;136:52:36;16:52:36;492756.0;6;2052.0;1.0;0.887;30.0;0.995;34.0;4.0;0.0
public_1476251537;313413.2647000002;6402766.123400001;2324135;128:47:48;08:47:48;463668.0;6;129:52:14;09:52:14;467534.0;6;3866.0;136:52:36;16:52:36;492756.0;6;29088.0;0.133;0.717;24.0;1.0;34.0;10.0;0.0
1881178_work;312895.82189999986;6403089.975400001;1881178;127:57:50;07:57:50;460670.0;6;130:06:19;10:06:19;468379.0;6;7709.0;136:52:50;16:52:50;492770.0;6;32100.0;0.24;0.47;16.0;1.0;34.0;18.0;0.0
5934181_home;330570.8409000002;6409123.7501;5934181;134:03:40;14:03:40;482620.0;6;136:54:20;16:54:20;492860.0;6;10240.0;136:54:20;16:54:20;492860.0;6;10240.0;1.0;0.71;43.0;0.999;60.0;17.0;0.0
9518143_home;314904.36259999964;6396247.635500001;9518143;136:06:42;16:06:42;490002.0;6;136:54:49;16:54:49;492889.0;6;2887.0;136:54:49;16:54:49;492889.0;6;2887.0;1.0;0.403;24.0;0.497;30.0;6.0;0.0
public_1476274925;316816.94010000024;6396205.7497000005;2077613;136:03:50;16:03:50;489830.0;6;136:59:58;16:59:58;493198.0;6;3368.0;136:59:58;16:59:58;493198.0;6;3368.0;1.0;0.181;8.0;0.671;28.0;21.0;0.0
public_1476237571;325998.7243999997;6401948.275;10006014;136:47:52;16:47:52;492472.0;6;137:03:11;17:03:11;493391.0;6;919.0;137:03:11;17:03:11;493391.0;6;919.0;1.0;0.053;2.0;0.187;8.0;6.0;0.0
public_1476257276;316743.8037999999;6399103.082599999;2316095;126:57:23;06:57:23;457043.0;6;127:59:39;07:59:39;460779.0;6;3736.0;137:05:17;17:05:17;493517.0;6;36474.0;0.102;0.877;53.0;1.0;60.0;7.0;0.0
4769250_work;312801.8479000004;6399124.1413;4769250;127:49:04;07:49:04;460144.0;6;128:35:59;08:35:59;462959.0;6;2815.0;137:07:13;17:07:13;493633.0;6;33489.0;0.084;0.909;31.0;1.0;34.0;3.0;0.0
public_1476302412;319944.1727999998;6402379.837099999;2330931;136:47:31;16:47:31;492451.0;6;137:07:23;17:07:23;493643.0;6;1192.0;137:07:23;17:07:23;493643.0;6;1192.0;1.0;0.853;29.0;0.973;33.0;4.0;0.0
public_1475947287;328574.04509999976;6404074.5096;9509807;136:29:12;16:29:12;491352.0;6;137:08:38;17:08:38;493718.0;6;2366.0;137:08:38;17:08:38;493718.0;6;2366.0;1.0;0.906;38.0;0.998;42.0;4.0;0.0
7482745_home;320820.63999999966;6397726.085899999;7482745;136:25:00;16:25:00;491100.0;6;137:08:53;17:08:53;493733.0;6;2633.0;137:08:53;17:08:53;493733.0;6;2633.0;1.0;0.907;31.0;0.998;34.0;3.0;0.0
public_1476393047;314816.28529999964;6401746.3893;2320332;136:40:48;16:40:48;492048.0;6;137:09:21;17:09:21;493761.0;6;1713.0;137:09:21;17:09:21;493761.0;6;1713.0;1.0;0.383;16.0;0.633;27.0;10.0;0.0
7494733_home;320931.8605000004;6395287.4657000005;7494733;136:44:15;16:44:15;492255.0;6;137:09:38;17:09:38;493778.0;6;1523.0;137:09:38;17:09:38;493778.0;6;1523.0;1.0;0.402;24.0;0.451;27.0;3.0;0.0
3262427_home;318453.77990000043;6409916.0055;3262427;135:36:21;15:36:21;488181.0;6;137:12:35;17:12:35;493955.0;6;5774.0;137:12:35;17:12:35;493955.0;6;5774.0;1.0;0.54;23.0;0.808;34.0;11.0;0.0
public_1475972656;318097.7993999999;6402261.8981;3043275;127:47:02;07:47:02;460022.0;6;129:10:54;09:10:54;465054.0;6;5032.0;137:19:15;17:19:15;494355.0;6;34333.0;0.147;0.508;17.0;1.0;34.0;17.0;0.0
public_1476201610;321894.2433000002;6402176.7787;1895035;129:25:42;09:25:42;465942.0;6;130:42:34;10:42:34;470554.0;6;4612.0;137:19:54;17:19:54;494394.0;6;28452.0;0.162;0.788;47.0;1.0;60.0;13.0;0.0
4588031_work;320772.3605000004;6399932.077;4588031;126:14:59;06:14:59;454499.0;6;126:51:14;06:51:14;456674.0;6;2175.0;137:28:51;17:28:51;494931.0;6;40432.0;0.054;0.961;40.0;1.0;42.0;2.0;0.0
public_1476074915;323534.5480000004;6402518.4332;1967726;136:20:16;16:20:16;490816.0;6;137:38:47;17:38:47;495527.0;6;4711.0;137:38:47;17:38:47;495527.0;6;4711.0;1.0;0.397;17.0;0.984;41.0;25.0;0.0
public_1476046462;315927.9773000004;6401422.25;7508758;136:55:34;16:55:34;492934.0;6;137:47:55;17:47:55;496075.0;6;3141.0;137:47:55;17:47:55;496075.0;6;3141.0;1.0;0.384;13.0;0.93;32.0;19.0;0.0
public_1476257276;316743.8037999999;6399103.082599999;1941262;129:02:07;09:02:07;464527.0;6;130:03:24;10:03:24;468204.0;6;3677.0;137:54:12;17:54:12;496452.0;6;31925.0;0.115;0.751;26.0;1.0;34.0;8.0;0.0
7420298_home;316843.5410000002;6405798.7195999995;7420298;135:51:17;15:51:17;489077.0;6;137:30:59;17:30:59;495059.0;6;5982.0;137:54:26;17:54:26;496466.0;6;7389.0;0.81;0.785;33.0;1.0;42.0;9.0;0.0
public_1476421083;319453.5351;6400858.7137;5908847;136:23:37;16:23:37;491017.0;6;137:03:04;17:03:04;493384.0;6;2367.0;137:56:50;17:56:50;496610.0;6;5593.0;0.423;0.949;32.0;1.0;34.0;2.0;0.0
public_1476362439;323556.1021999996;6406309.4278;5898192;135:06:54;15:06:54;486414.0;6;135:58:04;15:58:04;489484.0;6;3070.0;137:59:52;17:59:52;496792.0;6;10378.0;0.296;0.938;56.0;1.0;60.0;4.0;0.0
public_1476250731;323904.5070000002;6408370.640000001;9664484;126:56:56;06:56:56;457016.0;6;127:59:29;07:59:29;460769.0;6;3753.0;138:00:15;18:00:15;496815.0;6;39799.0;0.094;0.738;25.0;1.0;34.0;9.0;0.0
2017922_home;324970.7039999999;6401520.6151;2017922;136:22:13;16:22:13;490933.0;6;138:01:02;18:01:02;496862.0;6;5929.0;138:01:02;18:01:02;496862.0;6;5929.0;1.0;0.211;9.0;0.485;20.0;12.0;0.0
1855936_home;318085.06819999963;6398651.4745000005;1855936;136:59:20;16:59:20;493160.0;6;138:01:40;18:01:40;496900.0;6;3740.0;138:01:40;18:01:40;496900.0;6;3740.0;1.0;0.483;36.0;0.58;43.0;7.0;0.0
public_1476109719;319587.52699999977;6398360.055;1857800;129:50:06;09:50:06;467406.0;6;131:19:19;11:19:19;472759.0;6;5353.0;138:02:05;18:02:05;496925.0;6;29519.0;0.181;0.713;43.0;1.0;60.0;17.0;0.0
1942967_home;308843.39460000023;6403259.199899999;1942967;137:10:49;17:10:49;493849.0;6;138:08:02;18:08:02;497282.0;6;3433.0;138:08:02;18:08:02;497282.0;6;3433.0;1.0;0.472;28.0;0.583;35.0;7.0;0.0
public_1476265451;316483.0460999999;6395069.236199999;4655013;137:55:28;17:55:28;496528.0;6;138:09:36;18:09:36;497376.0;6;848.0;138:09:36;18:09:36;497376.0;6;848.0;1.0;0.96;72.0;0.989;74.0;2.0;0.0
public_1476298289;319003.1489000004;6400265.2392;9403888;137:26:06;17:26:06;494766.0;6;138:18:27;18:18:27;497907.0;6;3141.0;138:18:27;18:18:27;497907.0;6;3141.0;1.0;0.793;33.0;0.998;42.0;9.0;0.0
public_1476218260;323345.7089999998;6394566.0623;9396643;137:55:57;17:55:57;496557.0;6;138:23:43;18:23:43;498223.0;6;1666.0;138:23:43;18:23:43;498223.0;6;1666.0;1.0;0.931;48.0;0.99;51.0;3.0;0.0
public_1476422296;324792.5538999997;6395607.7269;1838625;134:55:29;14:55:29;485729.0;6;135:53:24;15:53:24;489204.0;6;3475.0;138:24:00;18:24:00;498240.0;6;12511.0;0.278;0.904;54.0;1.0;60.0;6.0;0.0
4704065_home;316654.39240000024;6395182.139599999;4704065;137:55:30;17:55:30;496530.0;6;138:25:17;18:25:17;498317.0;6;1787.0;138:25:17;18:25:17;498317.0;6;1787.0;1.0;0.536;18.0;0.638;22.0;3.0;0.0
public_1476160164;316329.15589999966;6398059.6876;2335473;137:57:38;17:57:38;496658.0;6;138:25:59;18:25:59;498359.0;6;1701.0;138:25:59;18:25:59;498359.0;6;1701.0;1.0;0.694;29.0;0.933;39.0;10.0;0.0
public_1476298289;319003.1489000004;6400265.2392;7457545;138:04:25;18:04:25;497065.0;6;138:28:07;18:28:07;498487.0;6;1422.0;138:28:07;18:28:07;498487.0;6;1422.0;1.0;0.292;18.0;0.436;26.0;9.0;0.0
public_1475954259;315561.4790000003;6398226.348099999;2316319;138:01:52;18:01:52;496912.0;6;138:33:01;18:33:01;498781.0;6;1869.0;138:33:01;18:33:01;498781.0;6;1869.0;1.0;0.197;10.0;0.417;22.0;11.0;0.0
5412001_home;324228.24990000017;6411547.4033;5412001;116:27:51;20:27:51;419271.0;5;118:19:49;22:19:49;425989.0;5;6718.0;138:49:09;18:49:09;499749.0;6;80478.0;0.083;0.809;42.0;1.0;52.0;10.0;0.0
public_1475972656;318097.7993999999;6402261.8981;1857800;138:30:01;18:30:01;498601.0;6;138:52:03;18:52:03;499923.0;6;1322.0;138:52:03;18:52:03;499923.0;6;1322.0;1.0;0.972;58.0;0.995;60.0;1.0;0.0
public_1475967198;320568.9325000001;6398391.546499999;3043275;138:19:57;18:19:57;497997.0;6;138:57:36;18:57:36;500256.0;6;2259.0;138:57:36;18:57:36;500256.0;6;2259.0;1.0;0.86;29.0;0.996;34.0;5.0;0.0
1881745_home;315321.6506000003;6401958.957699999;1881745;137:10:00;17:10:00;493800.0;6;138:28:44;18:28:44;498524.0;6;4724.0;139:03:41;19:03:41;500621.0;6;6821.0;0.693;0.815;28.0;1.0;34.0;6.0;0.0
7451976_home;320219.08079999965;6397885.807600001;7451976;137:30:44;17:30:44;495044.0;6;138:34:34;18:34:34;498874.0;6;3830.0;139:07:06;19:07:06;500826.0;6;5782.0;0.662;0.866;29.0;1.0;34.0;5.0;0.0
2327190_work;310590.63329999987;6400646.991699999;2327190;135:00:53;15:00:53;486053.0;6;137:17:09;17:17:09;494229.0;6;8176.0;139:25:07;19:25:07;501907.0;6;15854.0;0.516;0.427;15.0;1.0;34.0;19.0;0.0
4605109_home;317286.32459999993;6401465.9474;4605109;135:58:37;15:58:37;489517.0;6;136:40:44;16:40:44;492044.0;6;2527.0;139:28:28;19:28:28;502108.0;6;12591.0;0.201;0.966;58.0;1.0;60.0;2.0;0.0
2334915_home;316589.86089999974;6405562.8543;2334915;138:27:53;18:27:53;498473.0;6;139:29:52;19:29:52;502192.0;6;3719.0;139:29:52;19:29:52;502192.0;6;3719.0;1.0;0.389;29.0;0.485;36.0;7.0;0.0
public_1476408435;318564.47059999965;6397467.224199999;6047703;136:32:05;16:32:05;491525.0;6;137:31:39;17:31:39;495099.0;6;3574.0;139:32:53;19:32:53;502373.0;6;10848.0;0.329;0.894;54.0;1.0;60.0;6.0;0.0
public_1476375371;317633.43879999965;6405183.4814;4926489;139:25:46;19:25:46;501946.0;6;139:39:48;19:39:48;502788.0;6;842.0;139:39:48;19:39:48;502788.0;6;842.0;1.0;0.661;40.0;0.746;45.0;5.0;0.0
1881178_home;308685.8351999996;6403612.2498;1881178;137:02:58;17:02:58;493378.0;6;137:39:14;17:39:14;495554.0;6;2176.0;139:46:31;19:46:31;503191.0;6;9813.0;0.222;0.961;33.0;1.0;34.0;1.0;0.0
7420298_home;316843.5410000002;6405798.7195999995;7420298;137:57:01;17:57:01;496621.0;6;137:57:04;17:57:04;496624.0;6;3.0;140:03:21;20:03:21;504201.0;6;7580.0;0.0;1.0;42.0;1.0;42.0;0.0;99.724
2325706_home;309005.8250000002;6404601.293500001;2325706;139:22:26;19:22:26;501746.0;6;140:29:15;20:29:15;505755.0;6;4009.0;140:29:15;20:29:15;505755.0;6;4009.0;1.0;0.585;25.0;0.771;32.0;8.0;0.0
public_1476076867;304407.6300999997;6400741.569399999;7368354;138:53:17;18:53:17;499997.0;6;139:32:04;19:32:04;502324.0;6;2327.0;141:41:52;21:41:52;510112.0;6;10115.0;0.23;0.951;71.0;1.0;75.0;4.0;0.0
public_1476008692;319792.52139999997;6397675.052300001;4643709;140:53:33;20:53:33;507213.0;6;141:46:29;21:46:29;510389.0;6;3176.0;141:47:48;21:47:48;510468.0;6;3255.0;0.976;0.841;29.0;1.0;34.0;5.0;0.0
1876762_work;320901.7082000002;6399955.9649;1876762;132:58:19;12:58:19;478699.0;6;133:54:09;13:54:09;482049.0;6;3350.0;142:14:22;22:14:22;512062.0;6;33363.0;0.1;0.877;37.0;1.0;42.0;5.0;0.0
public_1476160164;316329.15589999966;6398059.6876;5915678;136:33:35;16:33:35;491615.0;6;137:30:19;17:30:19;495019.0;6;3404.0;142:17:57;22:17:57;512277.0;6;20662.0;0.165;0.817;34.0;1.0;42.0;8.0;0.0
4703597_work;318310.8629999999;6399453.8467999995;4703597;132:36:03;12:36:03;477363.0;6;134:21:34;14:21:34;483694.0;6;6331.0;142:21:42;22:21:42;512502.0;6;35139.0;0.18;0.593;20.0;1.0;34.0;14.0;0.0
2030913_home;324950.07710000034;6403226.425100001;2030913;129:44:37;09:44:37;467077.0;6;131:11:14;11:11:14;472274.0;6;5197.0;148:46:23;04:46:23;535583.0;7;68506.0;0.076;0.788;27.0;1.0;34.0;7.0;0.0
public_1476172874;316183.9508999996;6394367.510600001;9456468;137:24:25;17:24:25;494665.0;6;138:15:14;18:15:14;497714.0;6;3049.0;149:09:28;05:09:28;536968.0;7;42303.0;0.072;0.864;29.0;1.0;34.0;5.0;0.0
10164431_home;316368.40249999985;6407017.024900001;10164431;145:15:00;01:15:00;522900.0;7;149:01:34;05:01:34;536494.0;7;13594.0;149:30:10;05:30:10;538210.0;7;15310.0;0.888;0.308;10.0;1.0;34.0;24.0;0.0
7368574_home;317227.35080000013;6402830.054;7368574;147:20:00;03:20:00;530400.0;7;149:22:24;05:22:24;537744.0;7;7344.0;149:51:17;05:51:17;539477.0;7;9077.0;0.809;0.786;41.0;1.0;52.0;11.0;0.0
public_1476332404;307119.9084999999;6401599.6778;2319409;145:40:00;01:40:00;524400.0;7;147:15:09;03:15:09;530109.0;7;5709.0;149:54:52;05:54:52;539692.0;7;15292.0;0.373;0.677;41.0;1.0;60.0;19.0;0.0
4623097_home;328672.36000000034;6404050.9935;4623097;134:57:40;14:57:40;485860.0;6;136:14:04;16:14:04;490444.0;6;4584.0;149:57:20;05:57:20;539840.0;7;53980.0;0.085;0.823;28.0;1.0;34.0;6.0;0.0
9557968_home;315840.84190000035;6402373.8396000005;9557968;136:18:43;16:18:43;490723.0;6;137:53:19;17:53:19;496399.0;6;5676.0;150:00:18;06:00:18;540018.0;7;49295.0;0.115;0.8;34.0;1.0;42.0;8.0;0.0
4784608_home;315495.04899999965;6393005.9285;4784608;148:10:00;04:10:00;533400.0;7;150:04:49;06:04:49;540289.0;7;6889.0;150:07:42;06:07:42;540462.0;7;7062.0;0.976;0.825;49.0;1.0;60.0;11.0;0.0
2943901_home;324796.0061999997;6405516.887800001;2943901;137:14:13;17:14:13;494053.0;6;138:22:19;18:22:19;498139.0;6;4086.0;150:10:02;06:10:02;540602.0;7;46549.0;0.088;0.916;55.0;1.0;60.0;5.0;0.0
1895729_home;328438.38960000034;6404160.908299999;1895729;135:45:54;15:45:54;488754.0;6;137:15:19;17:15:19;494119.0;6;5365.0;150:22:34;06:22:34;541354.0;7;52600.0;0.102;0.86;45.0;1.0;52.0;7.0;0.0
9664484_home;314380.07550000027;6390999.892000001;9664484;138:25:23;18:25:23;498323.0;6;139:28:14;19:28:14;502094.0;6;3771.0;150:31:38;06:31:38;541898.0;7;43575.0;0.087;0.87;30.0;1.0;34.0;4.0;0.0
7478971_home;327915.05009999964;6403405.9361000005;7478971;137:15:06;17:15:06;494106.0;6;138:38:09;18:38:09;499089.0;6;4983.0;150:32:31;06:32:31;541951.0;7;47845.0;0.104;0.801;27.0;1.0;34.0;7.0;0.0
4661453_home;315327.26680000033;6403839.7917;4661453;132:52:42;12:52:42;478362.0;6;137:39:49;17:39:49;495589.0;6;17227.0;150:32:47;06:32:47;541967.0;7;63605.0;0.271;0.49;29.0;1.0;60.0;31.0;0.0
1865752_home;321480.08949999977;6409595.385600001;1865752;147:05:00;03:05:00;529500.0;7;148:50:39;04:50:39;535839.0;7;6339.0;150:37:22;06:37:22;542242.0;7;12742.0;0.497;0.823;43.0;1.0;52.0;9.0;0.0
9540846_home;317173.43599999975;6400116.2535;9540846;145:25:00;01:25:00;523500.0;7;147:49:09;03:49:09;532149.0;7;8649.0;150:39:11;06:39:11;542351.0;7;18851.0;0.459;0.591;20.0;1.0;34.0;14.0;0.0
9664574_home;314103.0192;6390609.5557;9664574;130:03:06;10:03:06;468186.0;6;131:36:29;11:36:29;473789.0;6;5603.0;150:40:26;06:40:26;542426.0;7;74240.0;0.075;0.765;26.0;1.0;34.0;8.0;0.0
public_1476023513;321586.2309999997;6398464.912900001;2068881;146:40:00;02:40:00;528000.0;7;148:01:34;04:01:34;532894.0;7;4894.0;150:44:04;06:44:04;542644.0;7;14644.0;0.334;0.6;25.0;1.0;42.0;17.0;0.0
public_1476434113;314469.3048999999;6391226.7118999995;2322569;136:58:36;16:58:36;493116.0;6;137:58:14;17:58:14;496694.0;6;3578.0;150:48:34;06:48:34;542914.0;7;49798.0;0.072;0.893;46.0;1.0;52.0;6.0;0.0
2209674_home;322963.81379999965;6392997.7839;2209674;138:20:10;18:20:10;498010.0;6;140:04:29;20:04:29;504269.0;6;6259.0;151:01:45;07:01:45;543705.0;7;45695.0;0.137;0.863;65.0;1.0;75.0;10.0;0.0
1967249_home;326381.0148;6403922.1515999995;1967249;136:10:51;16:10:51;490251.0;6;137:28:59;17:28:59;494939.0;6;4688.0;151:09:57;07:09:57;544197.0;7;53946.0;0.087;0.845;36.0;1.0;42.0;6.0;0.0
4699077_home;319974.9957999997;6401561.944399999;4699077;134:50:23;14:50:23;485423.0;6;135:18:34;15:18:34;487114.0;6;1691.0;151:12:24;07:12:24;544344.0;7;58921.0;0.029;0.987;51.0;1.0;52.0;1.0;0.0
4772271_home;320887.6749999998;6396465.4361000005;4772271;136:04:54;16:04:54;489894.0;6;136:48:44;16:48:44;492524.0;6;2630.0;151:13:18;07:13:18;544398.0;7;54504.0;0.048;0.935;32.0;1.0;34.0;2.0;0.0
2127986_home;325402.50270000007;6393373.5086;2127986;137:26:23;17:26:23;494783.0;6;139:06:39;19:06:39;500799.0;6;6016.0;151:14:27;07:14:27;544467.0;7;49684.0;0.121;0.853;51.0;1.0;60.0;9.0;0.0
4704065_home;316654.39240000024;6395182.139599999;4704065;146:05:00;02:05:00;525900.0;7;148:38:14;04:38:14;535094.0;7;9194.0;151:15:18;07:15:18;544518.0;7;18618.0;0.494;0.56;19.0;1.0;34.0;15.0;0.0
1927836_home;317649.1649000002;6402208.445900001;1927836;137:22:54;17:22:54;494574.0;6;139:46:39;19:46:39;503199.0;6;8625.0;151:15:26;07:15:26;544526.0;7;49952.0;0.173;0.663;28.0;1.0;42.0;14.0;0.0
2017265_home;329939.13379999995;6399812.3024;2017265;139:52:37;19:52:37;503557.0;6;143:08:39;23:08:39;515319.0;6;11762.0;151:19:02;07:19:02;544742.0;7;41185.0;0.286;0.72;54.0;1.0;75.0;21.0;0.0
public_1476309135;324114.25009999983;6411712.375700001;5412441;128:41:03;08:41:03;463263.0;6;130:31:59;10:31:59;469919.0;6;6656.0;151:23:21;07:23:21;545001.0;7;81738.0;0.081;0.215;7.0;1.0;34.0;27.0;0.0
5563006_home;321917.1059999997;6397369.3343;5563006;128:45:55;08:45:55;463555.0;6;129:57:39;09:57:39;467859.0;6;4304.0;151:24:51;07:24:51;545091.0;7;81536.0;0.053;0.899;47.0;1.0;52.0;5.0;0.0
4923723_home;304319.34420000017;6400777.7905;4923723;133:57:04;13:57:04;482224.0;6;135:11:09;15:11:09;486669.0;6;4445.0;151:27:19;07:27:19;545239.0;7;63015.0;0.071;0.831;28.0;1.0;34.0;6.0;0.0
public_1476250731;323904.5070000002;6408370.640000001;4661211;146:10:00;02:10:00;526200.0;7;147:51:34;03:51:34;532294.0;7;6094.0;151:32:56;07:32:56;545576.0;7;19376.0;0.315;0.426;18.0;1.0;42.0;24.0;0.0
9671992_home;314780.55119999964;6403424.835100001;9671992;137:35:03;17:35:03;495303.0;6;139:04:29;19:04:29;500669.0;6;5366.0;151:34:44;07:34:44;545684.0;7;50381.0;0.107;0.886;66.0;1.0;75.0;9.0;0.0
public_1476311373;309598.2909000004;6403763.364800001;3255172;136:18:57;16:18:57;490737.0;6;137:43:49;17:43:49;495829.0;6;5092.0;151:35:26;07:35:26;545726.0;7;54989.0;0.093;0.497;17.0;1.0;34.0;17.0;0.0
1993456_home;314259.17370000016;6397495.127599999;1993456;134:27:36;14:27:36;484056.0;6;135:36:24;15:36:24;488184.0;6;4128.0;151:36:08;07:36:08;545768.0;7;61712.0;0.067;0.849;29.0;1.0;34.0;5.0;0.0
public_1476177204;322554.0680999998;6393450.283600001;1949534;136:34:40;16:34:40;491680.0;6;137:34:44;17:34:44;495284.0;6;3604.0;151:37:01;07:37:01;545821.0;7;54141.0;0.067;0.89;46.0;1.0;52.0;6.0;0.0
1986675_home;325634.4177000001;6405947.6809;1986675;132:10:58;12:10:58;475858.0;6;133:19:19;13:19:19;479959.0;6;4101.0;151:39:12;07:39:12;545952.0;7;70094.0;0.059;0.907;47.0;1.0;52.0;5.0;0.0
2002326_home;319658.58770000003;6396392.6435;2002326;140:12:38;20:12:38;504758.0;6;142:57:04;22:57:04;514624.0;6;9866.0;151:39:25;07:39:25;545965.0;7;41207.0;0.239;0.605;25.0;1.0;42.0;17.0;0.0
2059158_home;329769.2329000002;6394000.3078000005;2059158;136:34:15;16:34:15;491655.0;6;139:20:54;19:20:54;501654.0;6;9999.0;151:40:46;07:40:46;546046.0;7;54391.0;0.184;0.686;36.0;1.0;52.0;16.0;0.0
public_1476360415;328203.10390000045;6403042.1083;9430738;138:08:21;18:08:21;497301.0;6;140:54:14;20:54:14;507254.0;6;9953.0;151:42:33;07:42:33;546153.0;7;48852.0;0.204;0.244;15.0;1.0;60.0;45.0;0.0
5914140_home;315345.4458999997;6394583.089400001;5914140;144:50:00;00:50:00;521400.0;7;148:53:49;04:53:49;536029.0;7;14629.0;151:42:34;07:42:34;546154.0;7;24754.0;0.591;0.249;8.0;1.0;34.0;26.0;0.0
4721522_home;329811.85919999983;6398749.1461;4721522;139:55:03;19:55:03;503703.0;6;141:22:59;21:22:59;508979.0;6;5276.0;151:45:07;07:45:07;546307.0;7;42604.0;0.124;0.818;34.0;1.0;42.0;8.0;0.0
4743032_home;314749.88150000013;6403190.496200001;4743032;134:00:10;14:00:10;482410.0;6;137:56:54;17:56:54;496614.0;6;14204.0;151:45:46;07:45:46;546346.0;7;63936.0;0.222;0.405;17.0;1.0;42.0;25.0;0.0
5589188_home;311827.64829999954;6404222.2346;5589188;140:55:04;20:55:04;507304.0;6;148:15:54;04:15:54;533754.0;7;26450.0;151:46:48;07:46:48;546408.0;7;39104.0;0.676;0.071;4.0;1.0;52.0;48.0;0.0
public_1476221442;314025.3596999999;6396976.9001;4607018;140:12:16;20:12:16;504736.0;6;141:32:49;21:32:49;509569.0;6;4833.0;151:47:32;07:47:32;546452.0;7;41716.0;0.116;0.609;26.0;1.0;42.0;16.0;0.0
2017219_home;329930.56539999973;6399367.3825;2017219;141:14:56;21:14:56;508496.0;6;145:51:24;01:51:24;525084.0;7;16588.0;151:48:06;07:48:06;546486.0;7;37990.0;0.437;0.294;12.0;1.0;42.0;30.0;0.0
1930342_home;320591.74909999967;6404037.073799999;1930342;129:46:26;09:46:26;467186.0;6;133:06:54;13:06:54;479214.0;6;12028.0;151:51:27;07:51:27;546687.0;7;79501.0;0.151;0.506;21.0;1.0;42.0;21.0;0.0
public_1476127570;318225.9935999997;6399292.052100001;7310458;151:51:54;07:51:54;546714.0;7;151:55:27;07:55:27;546927.0;7;213.0;151:55:27;07:55:27;546927.0;7;213.0;1.0;0.208;7.0;0.246;8.0;1.0;0.0
7368354_home;317464.6520999996;6402994.2212000005;7368354;142:00:58;22:00:58;511258.0;6;142:47:54;22:47:54;514074.0;6;2816.0;151:59:04;07:59:04;547144.0;7;35886.0;0.078;0.952;71.0;1.0;75.0;4.0;0.0
9545323_home;321272.8841000004;6396437.3254;9545323;132:47:59;12:47:59;478079.0;6;134:38:39;14:38:39;484719.0;6;6640.0;152:01:17;08:01:17;547277.0;7;69198.0;0.096;0.706;24.0;1.0;34.0;10.0;0.0
7525984_home;327587.0580000002;6394607.9243;7525984;136:35:20;16:35:20;491720.0;6;143:59:59;23:59:59;518399.0;6;26679.0;152:03:48;08:03:48;547428.0;7;55708.0;0.479;0.184;11.0;1.0;60.0;49.0;0.0
public_1476014117;321627.6791000003;6401407.725400001;7310458;152:01:36;08:01:36;547296.0;7;152:09:43;08:09:43;547783.0;7;487.0;152:09:43;08:09:43;547783.0;7;487.0;1.0;0.214;7.0;0.302;10.0;3.0;0.0
1895682_home;328217.8147999998;6403733.010299999;1895682;135:23:02;15:23:02;487382.0;6;139:03:09;19:03:09;500589.0;6;13207.0;152:17:21;08:17:21;548241.0;7;60859.0;0.217;0.33;11.0;1.0;34.0;23.0;0.0
public_1476162075;315698.9042999996;6392867.8893;2098360;147:10:00;03:10:00;529800.0;7;148:54:29;04:54:29;536069.0;7;6269.0;152:18:18;08:18:18;548298.0;7;18498.0;0.339;0.577;30.0;1.0;52.0;22.0;0.0
2090867_home;327521.875;6402306.078500001;2090867;131:47:25;11:47:25;474445.0;6;137:04:09;17:04:09;493449.0;6;19004.0;152:18:48;08:18:48;548328.0;7;73883.0;0.257;0.532;40.0;1.0;75.0;35.0;0.0
9521384_home;322979.31909999996;6410636.6581;9521384;134:36:26;14:36:26;484586.0;6;135:48:39;15:48:39;488919.0;6;4333.0;152:20:37;08:20:37;548437.0;7;63851.0;0.068;0.838;28.0;1.0;34.0;6.0;0.0
public_1476261142;323685.1218999997;6393767.3682;1884883;138:30:12;18:30:12;498612.0;6;139:31:24;19:31:24;502284.0;6;3672.0;152:24:35;08:24:35;548675.0;7;50063.0;0.073;0.752;26.0;1.0;34.0;8.0;0.0
4803676_home;330460.1924999999;6393214.366599999;4803676;138:14:59;18:14:59;497699.0;6;139:34:04;19:34:04;502444.0;6;4745.0;152:28:56;08:28:56;548936.0;7;51237.0;0.093;0.894;54.0;1.0;60.0;6.0;0.0
public_1476162075;315698.9042999996;6392867.8893;4784917;135:13:33;15:13:33;486813.0;6;136:33:24;16:33:24;491604.0;6;4791.0;152:33:11;08:33:11;549191.0;7;62378.0;0.077;0.77;46.0;1.0;60.0;14.0;0.0
public_1476297853;312718.07349999994;6411185.363;4665978;134:00:09;14:00:09;482409.0;6;136:16:39;16:16:39;490599.0;6;8190.0;152:33:55;08:33:55;549235.0;7;66826.0;0.123;0.35;18.0;1.0;52.0;34.0;0.0
2324135_home;304522.91920000035;6400766.567399999;2324135;146:55:00;02:55:00;528900.0;7;149:01:54;05:01:54;536514.0;7;7614.0;152:35:03;08:35:03;549303.0;7;20403.0;0.373;0.65;22.0;1.0;34.0;12.0;0.0
public_1476134020;319865.0999999996;6400330.5699000005;7442665;152:07:41;08:07:41;547661.0;7;152:36:36;08:36:36;549396.0;7;1735.0;152:36:36;08:36:36;549396.0;7;1735.0;1.0;0.719;30.0;0.95;40.0;10.0;0.0
5464758_home;323539.07299999986;6407164.673;5464758;145:55:00;01:55:00;525300.0;7;149:36:09;05:36:09;538569.0;7;13269.0;152:43:48;08:43:48;549828.0;7;24528.0;0.541;0.327;11.0;1.0;34.0;23.0;0.0
4623910_home;324965.46549999993;6402561.554;4623910;139:10:17;19:10:17;501017.0;6;140:25:39;20:25:39;505539.0;6;4522.0;152:46:32;08:46:32;549992.0;7;48975.0;0.092;0.853;36.0;1.0;42.0;6.0;0.0
5411667_home;324674.0069000004;6411638.7226;5411667;134:57:16;14:57:16;485836.0;6;135:52:59;15:52:59;489179.0;6;3343.0;152:49:11;08:49:11;550151.0;7;64315.0;0.052;0.935;49.0;1.0;52.0;3.0;0.0
4660143_home;317009.2022000002;6391651.8156;4660143;133:41:48;13:41:48;481308.0;6;135:58:04;15:58:04;489484.0;6;8176.0;152:53:52;08:53:52;550432.0;7;69124.0;0.118;0.755;39.0;1.0;52.0;13.0;0.0
public_1476094993;319738.0734000001;6399436.431700001;9545323;152:07:37;08:07:37;547657.0;7;152:39:14;08:39:14;549554.0;7;1897.0;152:54:17;08:54:17;550457.0;7;2800.0;0.678;0.974;33.0;1.0;34.0;1.0;0.0
9458789_home;325758.80680000037;6410415.2524999995;9458789;131:30:09;11:30:09;473409.0;6;134:42:54;14:42:54;484974.0;6;11565.0;152:58:06;08:58:06;550686.0;7;77277.0;0.15;0.424;14.0;1.0;34.0;20.0;0.0
1933378_home;314225.37710000016;6397049.3696;1933378;142:05:00;22:05:00;511500.0;6;149:49:34;05:49:34;539374.0;7;27874.0;153:10:15;09:10:15;551415.0;7;39915.0;0.698;0.145;9.0;1.0;60.0;51.0;0.0
public_1476011485;315390.7784000002;6401826.260199999;7525984;152:22:04;08:22:04;548524.0;7;153:11:19;09:11:19;551479.0;7;2955.0;153:17:32;09:17:32;551852.0;7;3328.0;0.888;0.945;57.0;1.0;60.0;3.0;0.0
2017659_home;330238.81799999997;6398997.278000001;2017659;139:17:53;19:17:53;501473.0;6;144:12:04;00:12:04;519124.0;7;17651.0;153:27:19;09:27:19;552439.0;7;50966.0;0.346;0.476;29.0;1.0;60.0;31.0;0.0
public_1475960621;305351.17729999963;6400953.9475;1857800;153:27:20;09:27:20;552440.0;7;153:29:48;09:29:48;552588.0;7;148.0;153:29:48;09:29:48;552588.0;7;148.0;1.0;0.894;54.0;0.909;55.0;1.0;0.0
4607273_home;315470.85819999967;6396510.363399999;4607273;139:00:48;19:00:48;500448.0;6;141:22:39;21:22:39;508959.0;6;8511.0;153:30:48;09:30:48;552648.0;7;52200.0;0.163;0.599;20.0;1.0;34.0;14.0;0.0
9664574_work;323483.4165000003;6403776.2129;9664574;151:04:44;07:04:44;543884.0;7;151:56:14;07:56:14;546974.0;7;3090.0;153:38:18;09:38:18;553098.0;7;9214.0;0.335;0.884;30.0;1.0;34.0;4.0;0.0
5905004_home;314937.7084999997;6401657.1055;5905004;146:35:00;02:35:00;527700.0;7;149:44:14;05:44:14;539054.0;7;11354.0;153:39:53;09:39:53;553193.0;7;25493.0;0.445;0.537;23.0;1.0;42.0;19.0;0.0
2323688_home;307179.1662999997;6402470.8100000005;2323688;137:36:32;17:36:32;495392.0;6;142:13:09;22:13:09;511989.0;6;16597.0;153:48:34;09:48:34;553714.0;7;58322.0;0.285;0.294;12.0;1.0;42.0;30.0;0.0
2098908_home;324347.65380000044;6409811.0843;2098908;131:44:20;11:44:20;474260.0;6;133:19:19;13:19:19;479959.0;6;5699.0;153:51:50;09:51:50;553910.0;7;79650.0;0.072;0.759;26.0;1.0;34.0;8.0;0.0
9460773_home;305174.8901000004;6400432.123299999;9460773;152:53:15;08:53:15;550395.0;7;153:53:06;09:53:06;553986.0;7;3591.0;153:53:06;09:53:06;553986.0;7;3591.0;1.0;0.505;17.0;0.711;24.0;7.0;0.0
public_1476187491;321710.3996000001;6400785.069;1895682;152:26:22;08:26:22;548782.0;7;153:04:49;09:04:49;551089.0;7;2307.0;153:55:15;09:55:15;554115.0;7;5333.0;0.433;0.953;32.0;1.0;34.0;2.0;0.0
9504313_home;329280.01439999975;6394520.080800001;9504313;147:15:00;03:15:00;530100.0;7;150:03:24;06:03:24;540204.0;7;10104.0;153:55:35;09:55:35;554135.0;7;24035.0;0.42;0.682;35.0;1.0;52.0;17.0;0.0
public_1475973264;316780.99509999994;6397747.8003;4609799;153:52:57;09:52:57;553977.0;7;154:19:39;10:19:39;555579.0;7;1602.0;154:19:39;10:19:39;555579.0;7;1602.0;1.0;0.672;50.0;0.803;60.0;10.0;0.0
public_1476421083;319453.5351;6400858.7137;7525984;153:24:41;09:24:41;552281.0;7;153:56:19;09:56:19;554179.0;7;1898.0;154:31:17;10:31:17;556277.0;7;3996.0;0.475;0.983;59.0;1.0;60.0;1.0;0.0
9542950_home;323804.05319999997;6411163.5701;9542950;146:50:00;02:50:00;528600.0;7;149:43:44;05:43:44;539024.0;7;10424.0;154:31:41;10:31:41;556301.0;7;27701.0;0.376;0.58;24.0;1.0;42.0;18.0;0.0
4703580_home;313593.0926999999;6394284.1149;4703580;142:25:20;22:25:20;512720.0;6;146:33:19;02:33:19;527599.0;7;14879.0;154:32:04;10:32:04;556324.0;7;43604.0;0.341;0.374;16.0;1.0;42.0;26.0;0.0
8273608_home;307335.97140000015;6401270.5229;8273608;141:12:10;21:12:10;508330.0;6;143:06:34;23:06:34;515194.0;6;6864.0;154:39:15;10:39:15;556755.0;7;48425.0;0.142;0.745;31.0;1.0;42.0;11.0;0.0
public_1476178133;320960.76659999974;6398034.9494;2098908;154:07:34;10:07:34;554854.0;7;154:39:44;10:39:44;556784.0;7;1930.0;154:39:44;10:39:44;556784.0;7;1930.0;1.0;0.916;31.0;0.996;34.0;3.0;0.0
4772272_home;320635.26669999957;6396425.7161;4772272;140:35:59;20:35:59;506159.0;6;144:11:49;00:11:49;519109.0;7;12950.0;154:40:05;10:40:05;556805.0;7;50646.0;0.256;0.689;52.0;1.0;75.0;23.0;0.0
public_1476094081;317139.9598000003;6394338.497099999;9523870;153:05:42;09:05:42;551142.0;7;154:07:34;10:07:34;554854.0;7;3712.0;154:43:34;10:43:34;557014.0;7;5872.0;0.632;0.745;25.0;1.0;34.0;9.0;0.0
public_1476160164;316329.15589999966;6398059.6876;9671992;151:44:52;07:44:52;546292.0;7;152:14:54;08:14:54;548094.0;7;1802.0;154:46:31;10:46:31;557191.0;7;10899.0;0.165;0.978;73.0;1.0;75.0;2.0;0.0
public_1476408435;318564.47059999965;6397467.224199999;4609799;154:22:57;10:22:57;555777.0;7;154:53:55;10:53:55;557635.0;7;1858.0;154:53:55;10:53:55;557635.0;7;1858.0;1.0;0.796;60.0;0.947;71.0;11.0;0.0
1968103_home;326779.6174999997;6397245.079700001;1968103;136:42:43;16:42:43;492163.0;6;140:17:34;20:17:34;505054.0;6;12891.0;154:57:00;10:57:00;557820.0;7;65657.0;0.196;0.578;30.0;1.0;52.0;22.0;0.0
5914140_work;318699.6512000002;6397888.082800001;5914140;151:51:47;07:51:47;546707.0;7;152:29:09;08:29:09;548949.0;7;2242.0;154:59:37;10:59:37;557977.0;7;11270.0;0.199;0.957;33.0;1.0;34.0;1.0;0.0
4785915_home;316257.8339999998;6402058.8179;4785915;154:38:30;10:38:30;556710.0;7;155:02:03;11:02:03;558123.0;7;1413.0;155:02:03;11:02:03;558123.0;7;1413.0;1.0;0.731;31.0;0.797;33.0;3.0;0.0
5464740_home;323010.78949999996;6406918.259;5464740;136:32:04;16:32:04;491524.0;6;138:48:39;18:48:39;499719.0;6;8195.0;155:06:55;11:06:55;558415.0;7;66891.0;0.123;0.754;39.0;1.0;52.0;13.0;0.0
public_1475958761;316521.9101;6399959.2237;9460773;154:07:26;10:07:26;554846.0;7;155:19:49;11:19:49;559189.0;7;4343.0;155:20:02;11:20:02;559202.0;7;4356.0;0.997;0.632;21.0;1.0;34.0;13.0;0.0
public_1475956613;316984.48330000043;6395061.7819;4923754;155:07:21;11:07:21;558441.0;7;155:22:27;11:22:27;559347.0;7;906.0;155:22:27;11:22:27;559347.0;7;906.0;1.0;0.694;24.0;0.857;29.0;6.0;0.0
7379543_home;309084.5641000001;6403583.2574000005;7379543;134:56:22;14:56:22;485782.0;6;136:24:49;16:24:49;491089.0;6;5307.0;155:30:48;11:30:48;559848.0;7;74066.0;0.072;0.782;27.0;1.0;34.0;7.0;0.0
public_1476206727;312219.11870000046;6400292.0803;3255260;155:12:17;11:12:17;558737.0;7;155:30:57;11:30:57;559857.0;7;1120.0;155:30:57;11:30:57;559857.0;7;1120.0;1.0;0.223;8.0;0.424;14.0;7.0;0.0
5904517_home;317834.3541000001;6391485.3137;5904517;134:54:26;14:54:26;485666.0;6;135:57:19;15:57:19;489439.0;6;3773.0;155:31:51;11:31:51;559911.0;7;74245.0;0.051;0.919;48.0;1.0;52.0;4.0;0.0
7360814_home;322312.5175000001;6400506.4120000005;7360814;155:09:21;11:09:21;558561.0;7;155:35:54;11:35:54;560154.0;7;1593.0;155:35:54;11:35:54;560154.0;7;1593.0;1.0;0.858;29.0;0.949;32.0;3.0;0.0
public_1476436229;323521.76400000043;6404457.782500001;4680502;155:20:56;11:20:56;559256.0;7;155:37:43;11:37:43;560263.0;7;1007.0;155:37:43;11:37:43;560263.0;7;1007.0;1.0;0.67;35.0;0.788;41.0;6.0;0.0
9556173_home;315372.21499999985;6393287.6687;9556173;155:30:07;11:30:07;559807.0;7;155:41:16;11:41:16;560476.0;7;669.0;155:41:16;11:41:16;560476.0;7;669.0;1.0;0.478;20.0;0.509;21.0;1.0;0.0
public_1476384585;325991.0582999997;6405111.531199999;7525984;154:44:12;10:44:12;557052.0;7;155:25:39;11:25:39;559539.0;7;2487.0;155:45:02;11:45:02;560702.0;7;3650.0;0.681;0.967;58.0;1.0;60.0;2.0;0.0
public_1476203079;321534.5303999996;6394544.737;7326427;154:29:32;10:29:32;556172.0;7;155:30:19;11:30:19;559819.0;7;3647.0;155:48:58;11:48:58;560938.0;7;4766.0;0.765;0.781;33.0;1.0;42.0;9.0;0.0
public_1476245895;319092.1699000001;6399086.5339;4923754;155:28:41;11:28:41;559721.0;7;155:56:50;11:56:50;561410.0;7;1689.0;155:56:50;11:56:50;561410.0;7;1689.0;1.0;0.828;28.0;0.984;33.0;5.0;0.0
4769145_work;314827.75349999964;6395116.7149;4769145;152:01:26;08:01:26;547286.0;7;155:18:44;11:18:44;559124.0;7;11838.0;155:59:59;11:59:59;561599.0;7;14313.0;0.827;0.423;22.0;1.0;52.0;30.0;0.0
public_1476065604;317287.3872999996;6400280.969699999;7494705;155:35:14;11:35:14;560114.0;7;156:01:09;12:01:09;561669.0;7;1555.0;156:01:09;12:01:09;561669.0;7;1555.0;1.0;0.615;32.0;0.797;41.0;10.0;0.0
public_1476274925;316816.94010000024;6396205.7497000005;7442665;155:36:38;11:36:38;560198.0;7;156:12:05;12:12:05;562325.0;7;2127.0;156:12:05;12:12:05;562325.0;7;2127.0;1.0;0.777;33.0;0.985;41.0;9.0;0.0
2319425_home;305639.7845999999;6399902.185900001;2319425;155:12:30;11:12:30;558750.0;7;156:24:18;12:24:18;563058.0;7;4308.0;156:24:18;12:24:18;563058.0;7;4308.0;1.0;0.297;12.0;0.496;21.0;8.0;0.0
public_1476263396;322537.5549999997;6392307.6131;1993118;153:06:49;09:06:49;551209.0;7;155:02:39;11:02:39;558159.0;7;6950.0;156:35:56;12:35:56;563756.0;7;12547.0;0.554;0.55;33.0;1.0;60.0;27.0;0.0
2059158_home;329769.2329000002;6394000.3078000005;2059158;155:44:43;11:44:43;560683.0;7;156:36:37;12:36:37;563797.0;7;3114.0;156:36:37;12:36:37;563797.0;7;3114.0;1.0;0.851;44.0;0.967;50.0;6.0;0.0
1996777_home;315262.63850000035;6392859.198000001;1996777;156:14:40;12:14:40;562480.0;7;156:36:58;12:36:58;563818.0;7;1338.0;156:36:58;12:36:58;563818.0;7;1338.0;1.0;0.821;43.0;0.871;45.0;3.0;0.0
public_1476345848;322376.5630999999;6400563.159399999;9545323;155:53:58;11:53:58;561238.0;7;156:37:29;12:37:29;563849.0;7;2611.0;156:40:17;12:40:17;564017.0;7;2779.0;0.94;0.927;32.0;1.0;34.0;2.0;0.0
public_1476115366;321323.40270000044;6397432.778100001;5589188;156:05:18;12:05:18;561918.0;7;156:41:22;12:41:22;564082.0;7;2164.0;156:41:22;12:41:22;564082.0;7;2164.0;1.0;0.894;47.0;0.991;52.0;5.0;0.0
public_1476115366;321323.40270000044;6397432.778100001;8253805;134:54:25;14:54:25;485665.0;6;136:16:49;16:16:49;490609.0;6;4944.0;156:50:20;12:50:20;564620.0;7;78955.0;0.063;0.524;18.0;1.0;34.0;16.0;0.0
7358660_home;318772.68200000003;6399748.147600001;7358660;146:50:00;02:50:00;528600.0;7;149:44:54;05:44:54;539094.0;7;10494.0;156:58:18;12:58:18;565098.0;7;36498.0;0.288;0.577;24.0;1.0;42.0;18.0;0.0
1981224_home;320282.4653000003;6397524.552999999;1981224;155:41:31;11:41:31;560491.0;7;157:02:20;13:02:20;565340.0;7;4849.0;157:02:20;13:02:20;565340.0;7;4849.0;1.0;0.322;14.0;0.546;23.0;9.0;0.0
1943639_home;311122.67229999974;6405847.920499999;1943639;155:43:46;11:43:46;560626.0;7;157:09:01;13:09:01;565741.0;7;5115.0;157:09:01;13:09:01;565741.0;7;5115.0;1.0;0.377;13.0;0.67;23.0;10.0;0.0
4920357_home;308426.4475999996;6390683.909600001;4920357;156:54:00;12:54:00;564840.0;7;157:12:46;13:12:46;565966.0;7;1126.0;157:12:46;13:12:46;565966.0;7;1126.0;1.0;0.179;6.0;0.244;8.0;2.0;0.0
public_1476257276;316743.8037999999;6399103.082599999;7358660;157:02:59;13:02:59;565379.0;7;157:19:23;13:19:23;566363.0;7;984.0;157:19:23;13:19:23;566363.0;7;984.0;1.0;0.983;41.0;0.997;42.0;1.0;0.0
9491221_home;314495.6807000004;6394265.006899999;9491221;155:57:49;11:57:49;561469.0;7;157:21:11;13:21:11;566471.0;7;5002.0;157:21:11;13:21:11;566471.0;7;5002.0;1.0;0.791;33.0;0.995;42.0;9.0;0.0
2313613_home;307220.9364;6391085.6295;2313613;135:55:57;15:55:57;489357.0;6;139:06:19;19:06:19;500779.0;6;11422.0;157:25:02;13:25:02;566702.0;7;77345.0;0.148;0.678;41.0;1.0;60.0;19.0;0.0
public_1476151648;322521.88850000035;6394546.750499999;2209674;152:43:12;08:43:12;549792.0;7;153:19:09;09:19:09;551949.0;7;2157.0;157:26:20;13:26:20;566780.0;7;16988.0;0.127;0.962;72.0;1.0;75.0;3.0;0.0
public_1476134020;319865.0999999996;6400330.5699000005;7369383;156:23:49;12:23:49;563029.0;7;157:29:33;13:29:33;566973.0;7;3944.0;157:29:33;13:29:33;566973.0;7;3944.0;1.0;0.134;10.0;0.455;34.0;24.0;0.0
2125107_home;331711.7012;6391773.2223000005;2125107;156:37:39;12:37:39;563859.0;7;157:29:38;13:29:38;566978.0;7;3119.0;157:29:38;13:29:38;566978.0;7;3119.0;1.0;0.504;38.0;0.585;44.0;6.0;0.0
7316844_home;315295.5588999996;6400621.794600001;7316844;155:18:55;11:18:55;559135.0;7;156:34:19;12:34:19;563659.0;7;4524.0;157:31:37;13:31:37;567097.0;7;7962.0;0.568;0.827;28.0;1.0;34.0;6.0;0.0
1936067_home;317000.4082000004;6396713.4516;1936067;155:31:28;11:31:28;559888.0;7;157:32:52;13:32:52;567172.0;7;7284.0;157:32:52;13:32:52;567172.0;7;7284.0;1.0;0.341;14.0;0.678;28.0;14.0;0.0
5933673_home;309216.96630000044;6404497.919399999;5933673;147:35:00;03:35:00;531300.0;7;148:34:54;04:34:54;534894.0;7;3594.0;157:36:29;13:36:29;567389.0;7;36089.0;0.1;0.896;38.0;1.0;42.0;4.0;0.0
public_1476280827;324500.9771999996;6405829.903100001;4743032;154:54:46;10:54:46;557686.0;7;155:40:49;11:40:49;560449.0;7;2763.0;157:36:31;13:36:31;567391.0;7;9705.0;0.285;0.91;38.0;1.0;42.0;4.0;0.0
1996282_home;315916.801;6394378.386499999;1996282;157:13:06;13:13:06;565986.0;7;157:45:02;13:45:02;567902.0;7;1916.0;157:45:02;13:45:02;567902.0;7;1916.0;1.0;0.633;33.0;0.704;37.0;4.0;0.0
public_1476320783;317490.9028000003;6398776.622199999;4772272;156:24:49;12:24:49;563089.0;7;157:00:49;13:00:49;565249.0;7;2160.0;157:56:09;13:56:09;568569.0;7;5480.0;0.394;0.962;72.0;1.0;75.0;3.0;0.0
4652995_work;319463.5310000004;6400237.915999999;4652995;151:01:38;07:01:38;543698.0;7;153:06:54;09:06:54;551214.0;7;7516.0;157:58:17;13:58:17;568697.0;7;24999.0;0.301;0.574;24.0;1.0;42.0;18.0;0.0
public_1476405782;319102.44689999986;6403667.3477;1929172;157:58:24;13:58:24;568704.0;7;158:03:49;14:03:49;569029.0;7;325.0;158:03:49;14:03:49;569029.0;7;325.0;1.0;0.245;13.0;0.283;15.0;2.0;0.0
public_1476322695;321855.84339999966;6395459.395;2207532;157:58:50;13:58:50;568730.0;7;158:04:50;14:04:50;569090.0;7;360.0;158:04:50;14:04:50;569090.0;7;360.0;1.0;0.46;16.0;0.524;18.0;2.0;0.0
public_1476313116;322942.01300000027;6403672.881999999;9523870;156:41:22;12:41:22;564082.0;7;157:29:24;13:29:24;566964.0;7;2882.0;158:14:09;14:14:09;569649.0;7;5567.0;0.518;0.892;30.0;1.0;34.0;4.0;0.0
public_1476109719;319587.52699999977;6398360.055;5904517;157:56:56;13:56:56;568616.0;7;158:15:21;14:15:21;569721.0;7;1105.0;158:15:21;14:15:21;569721.0;7;1105.0;1.0;0.89;46.0;0.967;50.0;4.0;0.0
4657456_work;317765.7346999999;6395407.9089;4657456;149:17:37;05:17:37;537457.0;7;150:32:29;06:32:29;541949.0;7;4492.0;158:16:50;14:16:50;569810.0;7;32353.0;0.139;0.794;33.0;1.0;42.0;9.0;0.0
public_1476165477;320306.7750000004;6400028.7322;9483319;157:18:40;13:18:40;566320.0;7;158:12:59;14:12:59;569579.0;7;3259.0;158:17:45;14:17:45;569865.0;7;3545.0;0.919;0.876;66.0;1.0;75.0;9.0;0.0
5923425_home;323590.5502000004;6393416.1888;5923425;157:24:42;13:24:42;566682.0;7;158:24:13;14:24:13;570253.0;7;3571.0;158:24:13;14:24:13;570253.0;7;3571.0;1.0;0.36;15.0;0.525;22.0;7.0;0.0
7326427_home;321737.44739999995;6391597.546700001;7326427;158:01:00;14:01:00;568860.0;7;158:26:03;14:26:03;570363.0;7;1503.0;158:26:03;14:26:03;570363.0;7;1503.0;1.0;0.941;40.0;0.993;42.0;2.0;0.0
4680502_home;328173.13570000045;6395105.735300001;4680502;157:58:38;13:58:38;568718.0;7;158:30:16;14:30:16;570616.0;7;1898.0;158:30:16;14:30:16;570616.0;7;1898.0;1.0;0.582;30.0;0.653;34.0;4.0;0.0
7618090_home;308919.39020000026;6404346.7477;7618090;157:46:00;13:46:00;567960.0;7;158:33:15;14:33:15;570795.0;7;2835.0;158:33:15;14:33:15;570795.0;7;2835.0;1.0;0.801;60.0;0.874;66.0;6.0;0.0
9452178_work;324282.7597000003;6403427.349099999;9452178;151:31:08;07:31:08;545468.0;7;153:00:19;09:00:19;550819.0;7;5351.0;158:36:52;14:36:52;571012.0;7;25544.0;0.209;0.804;42.0;1.0;52.0;10.0;0.0
9460181_home;315126.8701999998;6403745.619999999;9460181;157:48:06;13:48:06;568086.0;7;158:37:10;14:37:10;571030.0;7;2944.0;158:37:10;14:37:10;571030.0;7;2944.0;1.0;0.544;41.0;0.62;46.0;6.0;0.0
public_1476008265;316858.7589999996;6397194.955700001;4623097;150:14:45;06:14:45;540885.0;7;151:00:19;07:00:19;543619.0;7;2734.0;158:40:06;14:40:06;571206.0;7;30321.0;0.09;0.913;31.0;1.0;34.0;3.0;0.0
5908847_home;317089.2821000004;6400884.718599999;5908847;157:41:49;13:41:49;567709.0;7;158:28:49;14:28:49;570529.0;7;2820.0;158:40:17;14:40:17;571217.0;7;3508.0;0.804;0.924;31.0;1.0;34.0;3.0;0.0
public_1476067117;320436.34800000023;6400718.8138;7360814;158:05:44;14:05:44;569144.0;7;158:41:40;14:41:40;571300.0;7;2156.0;158:41:40;14:41:40;571300.0;7;2156.0;1.0;0.851;29.0;0.994;34.0;5.0;0.0
2015215_home;328895.4770999998;6394841.232799999;2015215;157:57:31;13:57:31;568651.0;7;159:03:33;15:03:33;572613.0;7;3962.0;159:03:33;15:03:33;572613.0;7;3962.0;1.0;0.337;25.0;0.44;33.0;8.0;0.0
public_1476328953;328965.8503999999;6394062.455600001;4680502;158:57:21;14:57:21;572241.0;7;159:03:52;15:03:52;572632.0;7;391.0;159:03:52;15:03:52;572632.0;7;391.0;1.0;0.653;34.0;0.699;36.0;2.0;0.0
public_1476320783;317490.9028000003;6398776.622199999;2071723;158:48:31;14:48:31;571711.0;7;159:04:58;15:04:58;572698.0;7;987.0;159:04:58;15:04:58;572698.0;7;987.0;1.0;0.494;30.0;0.594;36.0;6.0;0.0
public_1476168475;326729.74179999996;6402424.4805;1968395;158:01:38;14:01:38;568898.0;7;159:08:49;15:08:49;572929.0;7;4031.0;159:08:49;15:08:49;572929.0;7;4031.0;1.0;0.362;22.0;0.772;46.0;25.0;0.0
public_1476134020;319865.0999999996;6400330.5699000005;4646269;157:55:20;13:55:20;568520.0;7;159:08:24;15:08:24;572904.0;7;4384.0;159:23:26;15:23:26;573806.0;7;5286.0;0.829;0.811;49.0;1.0;60.0;11.0;0.0
7369383_home;321289.96669999976;6410212.843;7369383;157:42:08;13:42:08;567728.0;7;159:26:28;15:26:28;573988.0;7;6260.0;159:26:28;15:26:28;573988.0;7;6260.0;1.0;0.423;32.0;0.585;44.0;12.0;0.0
9669919_work;312789.56819999963;6402809.819;9669919;155:09:39;11:09:39;558579.0;7;158:15:59;14:15:59;569759.0;7;11180.0;159:26:35;15:26:35;573995.0;7;15416.0;0.725;0.307;13.0;1.0;42.0;29.0;0.0
public_1476070893;323047.5887000002;6393311.756999999;2313613;158:44:48;14:44:48;571488.0;7;159:36:24;15:36:24;574584.0;7;3096.0;159:39:38;15:39:38;574778.0;7;3290.0;0.941;0.936;56.0;1.0;60.0;4.0;0.0
9457475_home;314757.30730000045;6391774.8133000005;9457475;158:57:58;14:57:58;572278.0;7;159:41:04;15:41:04;574864.0;7;2586.0;159:41:04;15:41:04;574864.0;7;2586.0;1.0;0.673;50.0;0.74;55.0;5.0;0.0
public_1476349349;315210.18659999967;6393368.312000001;4605109;157:11:07;13:11:07;565867.0;7;158:09:14;14:09:14;569354.0;7;3487.0;159:47:07;15:47:07;575227.0;7;9360.0;0.373;0.903;54.0;1.0;60.0;6.0;0.0
4575456_home;329490.0011999998;6393422.0393;4575456;159:46:28;15:46:28;575188.0;7;159:52:03;15:52:03;575523.0;7;335.0;159:52:03;15:52:03;575523.0;7;335.0;1.0;0.485;29.0;0.496;30.0;1.0;0.0
1871017_work;318605.3267000001;6397455.980699999;1871017;152:01:45;08:01:45;547305.0;7;153:04:09;09:04:09;551049.0;7;3744.0;159:57:49;15:57:49;575869.0;7;28564.0;0.131;0.848;36.0;1.0;42.0;6.0;0.0
5411211_home;324758.08579999954;6405365.0977;5411211;137:17:11;17:17:11;494231.0;6;139:28:19;19:28:19;502099.0;6;7868.0;160:04:14;16:04:14;576254.0;7;82023.0;0.096;0.635;22.0;1.0;34.0;12.0;0.0
9557968_work;309775.9110000003;6399908.729499999;9557968;150:11:26;06:11:26;540686.0;7;150:50:54;06:50:54;543054.0;7;2368.0;160:08:28;16:08:28;576508.0;7;35822.0;0.066;0.949;40.0;1.0;42.0;2.0;0.0
2325568_home;308398.7355000004;6405001.045;2325568;159:57:47;15:57:47;575867.0;7;160:11:00;16:11:00;576660.0;7;793.0;160:11:00;16:11:00;576660.0;7;793.0;1.0;0.898;67.0;0.918;69.0;2.0;0.0
public_1476358537;321972.7374;6402999.425799999;2017922;159:47:48;15:47:48;575268.0;7;160:16:19;16:16:19;576979.0;7;1711.0;160:16:19;16:16:19;576979.0;7;1711.0;1.0;0.265;11.0;0.514;22.0;10.0;0.0
public_1476293421;325170.0937999999;6404885.257200001;5915678;154:37:05;10:37:05;556625.0;7;155:32:44;11:32:44;559964.0;7;3339.0;160:17:23;16:17:23;577043.0;7;20418.0;0.164;0.827;35.0;1.0;42.0;7.0;0.0
public_1476355657;323142.84329999983;6392419.374399999;7326174;159:23:48;15:23:48;573828.0;7;160:17:32;16:17:32;577052.0;7;3224.0;160:17:32;16:17:32;577052.0;7;3224.0;1.0;0.12;9.0;0.382;29.0;20.0;0.0
public_1476424204;318784.03220000025;6398588.606000001;4804925;160:09:04;16:09:04;576544.0;7;160:23:07;16:23:07;577387.0;7;843.0;160:23:07;16:23:07;577387.0;7;843.0;1.0;0.627;38.0;0.713;43.0;5.0;0.0
public_1476242676;317178.8826000001;6399359.473099999;1917509;150:40:02;06:40:02;542402.0;7;151:27:19;07:27:19;545239.0;7;2837.0;160:25:36;16:25:36;577536.0;7;35134.0;0.081;0.952;49.0;1.0;52.0;3.0;0.0
10006014_work;321972.1693000002;6403845.829;10006014;151:53:23;07:53:23;546803.0;7;156:10:04;12:10:04;562204.0;7;15401.0;160:39:18;16:39:18;578358.0;7;31555.0;0.488;0.0;0.0;1.0;42.0;42.0;0.0
4769145_work;314827.75349999964;6395116.7149;4769145;156:40:21;12:40:21;564021.0;7;157:20:19;13:20:19;566419.0;7;2398.0;160:42:36;16:42:36;578556.0;7;14535.0;0.165;0.97;50.0;1.0;52.0;2.0;0.0
public_1475989714;320197.0164999999;6405049.835999999;7298193;160:39:48;16:39:48;578388.0;7;160:47:32;16:47:32;578852.0;7;464.0;160:47:32;16:47:32;578852.0;7;464.0;1.0;0.826;43.0;0.881;46.0;3.0;0.0
2129836_work;322302.7390999999;6396735.0561999995;2129836;155:57:59;11:57:59;561479.0;7;157:02:24;13:02:24;565344.0;7;3865.0;160:48:37;16:48:37;578917.0;7;17438.0;0.222;0.891;46.0;1.0;52.0;6.0;0.0
public_1476003122;314452.12040000036;6400937.1417;1943722;160:32:59;16:32:59;577979.0;7;160:48:46;16:48:46;578926.0;7;947.0;160:48:46;16:48:46;578926.0;7;947.0;1.0;0.609;21.0;0.78;27.0;6.0;0.0
public_1476160164;316329.15589999966;6398059.6876;2329272;160:42:22;16:42:22;578542.0;7;160:49:21;16:49:21;578961.0;7;419.0;160:49:21;16:49:21;578961.0;7;419.0;1.0;0.292;12.0;0.354;15.0;3.0;0.0
public_1476251537;313413.2647000002;6402766.123400001;2324135;152:47:48;08:47:48;550068.0;7;153:29:59;09:29:59;552599.0;7;2531.0;160:52:36;16:52:36;579156.0;7;29088.0;0.087;0.935;32.0;1.0;34.0;2.0;0.0
public_1476203079;321534.5303999996;6394544.737;1936362;151:28:16;07:28:16;545296.0;7;152:29:44;08:29:44;548984.0;7;3688.0;160:52:51;16:52:51;579171.0;7;33875.0;0.109;0.75;25.0;1.0;34.0;9.0;0.0
2335473_work;320993.62569999974;6402516.6723;2335473;152:04:34;08:04:34;547474.0;7;153:08:44;09:08:44;551324.0;7;3850.0;161:07:17;17:07:17;580037.0;7;32563.0;0.118;0.841;35.0;1.0;42.0;7.0;0.0
public_1476199362;321159.37820000015;6402470.642000001;4598048;151:07:49;07:07:49;544069.0;7;152:04:39;08:04:39;547479.0;7;3410.0;161:08:24;17:08:24;580104.0;7;36035.0;0.095;0.799;27.0;1.0;34.0;7.0;0.0
2059878_home;328949.2142000003;6393318.241699999;2059878;160:56:57;16:56:57;579417.0;7;161:11:13;17:11:13;580273.0;7;856.0;161:11:13;17:11:13;580273.0;7;856.0;1.0;0.442;27.0;0.47;28.0;2.0;0.0
public_1476198808;320565.0893000001;6397119.848999999;1936362;160:58:26;16:58:26;579506.0;7;161:11:29;17:11:29;580289.0;7;783.0;161:11:29;17:11:29;580289.0;7;783.0;1.0;0.977;33.0;0.993;34.0;1.0;0.0
public_1476135410;329207.1747000003;6402593.460999999;1877813;153:44:19;09:44:19;553459.0;7;154:56:14;10:56:14;557774.0;7;4315.0;161:14:48;17:14:48;580488.0;7;27029.0;0.16;0.79;59.0;1.0;75.0;16.0;0.0
4638257_work;318553.84049999993;6394254.804300001;4638257;151:57:45;07:57:45;547065.0;7;154:01:14;10:01:14;554474.0;7;7409.0;161:18:00;17:18:00;580680.0;7;33615.0;0.22;0.582;24.0;1.0;42.0;18.0;0.0
public_1475972656;318097.7993999999;6402261.8981;3043275;151:47:02;07:47:02;546422.0;7;152:37:54;08:37:54;549474.0;7;3052.0;161:19:15;17:19:15;580755.0;7;34333.0;0.089;0.864;29.0;1.0;34.0;5.0;0.0
2313708_work;319848.8702999996;6401758.5788;2313708;151:31:50;07:31:50;545510.0;7;152:45:59;08:45:59;549959.0;7;4449.0;161:19:46;17:19:46;580786.0;7;35276.0;0.126;0.763;26.0;1.0;34.0;8.0;0.0
public_1476111114;317304.6244999999;6400803.5809;4701806;160:03:43;16:03:43;576223.0;7;161:28:28;17:28:28;581308.0;7;5085.0;161:28:28;17:28:28;581308.0;7;5085.0;1.0;0.553;29.0;0.991;52.0;23.0;0.0
9414251_home;315261.97449999955;6399955.591;9414251;159:14:43;15:14:43;573283.0;7;161:29:20;17:29:20;581360.0;7;8077.0;161:29:20;17:29:20;581360.0;7;8077.0;1.0;0.587;25.0;0.961;40.0;16.0;0.0
2329272_home;320684.4760999996;6410192.153100001;2329272;161:05:31;17:05:31;579931.0;7;161:33:02;17:33:02;581582.0;7;1651.0;161:33:02;17:33:02;581582.0;7;1651.0;1.0;0.262;11.0;0.339;14.0;3.0;0.0
7411363_work;321282.87399999984;6395368.9757;7411363;152:14:38;08:14:38;548078.0;7;153:25:19;09:25:19;552319.0;7;4241.0;161:34:05;17:34:05;581645.0;7;33567.0;0.126;0.781;27.0;1.0;34.0;7.0;0.0
9396074_home;328259.99619999994;6403013.2424;9396074;160:11:59;16:11:59;576719.0;7;161:40:01;17:40:01;582001.0;7;5282.0;161:40:01;17:40:01;582001.0;7;5282.0;1.0;0.466;28.0;0.638;38.0;10.0;0.0
4704065_work;317742.09619999956;6400014.5427;4704065;151:28:07;07:28:07;545287.0;7;152:09:54;08:09:54;547794.0;7;2507.0;161:42:33;17:42:33;582153.0;7;36866.0;0.068;0.937;32.0;1.0;34.0;2.0;0.0
2067447_home;320676.8701999998;6397834.6316;2067447;161:28:51;17:28:51;581331.0;7;161:53:08;17:53:08;582788.0;7;1457.0;161:53:08;17:53:08;582788.0;7;1457.0;1.0;0.587;35.0;0.634;38.0;3.0;0.0
public_1476168894;319299.16610000003;6402493.6647;4653870;161:51:46;17:51:46;582706.0;7;162:05:07;18:05:07;583507.0;7;801.0;162:05:07;18:05:07;583507.0;7;801.0;1.0;0.397;21.0;0.491;26.0;5.0;0.0
4623910_work;319790.90419999976;6398068.3685;4623910;152:58:55;08:58:55;550735.0;7;153:38:04;09:38:04;553084.0;7;2349.0;162:08:01;18:08:01;583681.0;7;32946.0;0.071;0.95;40.0;1.0;42.0;2.0;0.0
2324135_home;304522.91920000035;6400766.567399999;2324135;162:00:55;18:00:55;583255.0;7;162:19:32;18:19:32;584372.0;7;1117.0;162:19:32;18:19:32;584372.0;7;1117.0;1.0;0.872;30.0;0.936;32.0;2.0;0.0
public_1476160164;316329.15589999966;6398059.6876;2335473;161:57:38;17:57:38;583058.0;7;162:25:59;18:25:59;584759.0;7;1701.0;162:25:59;18:25:59;584759.0;7;1701.0;1.0;0.916;38.0;0.994;42.0;3.0;0.0
public_1476263557;320993.6995000001;6394917.979800001;9452178;160:40:49;16:40:49;578449.0;7;161:30:44;17:30:44;581444.0;7;2995.0;162:32:56;18:32:56;585176.0;7;6727.0;0.445;0.943;49.0;1.0;52.0;3.0;0.0
public_1476424204;318784.03220000025;6398588.606000001;7380534;157:32:09;13:32:09;567129.0;7;158:28:24;14:28:24;570504.0;7;3375.0;162:41:51;18:41:51;585711.0;7;18582.0;0.182;0.82;34.0;1.0;42.0;8.0;0.0
public_1476320783;317490.9028000003;6398776.622199999;9554247;161:39:59;17:39:59;581999.0;7;162:53:15;18:53:15;586395.0;7;4396.0;162:53:15;18:53:15;586395.0;7;4396.0;1.0;0.609;21.0;1.0;34.0;13.0;0.0
3039696_work;323530.9539000001;6402665.185900001;3039696;158:52:50;14:52:50;571970.0;7;161:09:14;17:09:14;580154.0;7;8184.0;162:57:44;18:57:44;586664.0;7;14694.0;0.557;0.638;33.0;1.0;52.0;19.0;0.0
1881745_home;315321.6506000003;6401958.957699999;1881745;161:10:00;17:10:00;580200.0;7;162:13:44;18:13:44;584024.0;7;3824.0;163:03:41;19:03:41;587021.0;7;6821.0;0.561;0.867;29.0;1.0;34.0;5.0;0.0
public_1476421452;322454.14740000013;6401312.4966;4652995;159:42:46;15:42:46;574966.0;7;160:30:34;16:30:34;577834.0;7;2868.0;163:46:56;19:46:56;589616.0;7;14650.0;0.196;0.895;38.0;1.0;42.0;4.0;0.0
1968155_home;328717.6030000001;6397984.832;1968155;164:02:24;20:02:24;590544.0;7;164:16:59;20:16:59;591419.0;7;875.0;164:16:59;20:16:59;591419.0;7;875.0;1.0;0.586;20.0;0.636;22.0;2.0;0.0
public_1476065604;317287.3872999996;6400280.969699999;9452178;162:46:51;18:46:51;586011.0;7;163:34:54;19:34:54;588894.0;7;2883.0;164:30:58;20:30:58;592258.0;7;6247.0;0.462;0.949;49.0;1.0;52.0;3.0;0.0
4643709_work;318676.23610000033;6397899.3259;4643709;160:16:08;16:16:08;576968.0;7;161:01:24;17:01:24;579684.0;7;2716.0;164:50:49;20:50:49;593449.0;7;16481.0;0.165;0.918;31.0;1.0;34.0;3.0;0.0
8273608_work;316930.65529999975;6400722.0822;8273608;154:50:19;10:50:19;557419.0;7;155:32:54;11:32:54;559974.0;7;2555.0;165:01:46;21:01:46;594106.0;7;36687.0;0.07;0.935;39.0;1.0;42.0;3.0;0.0
10055296_home;323033.1525999997;6407516.3673;10055296;163:08:05;19:08:05;587285.0;7;166:17:34;22:17:34;598654.0;7;11369.0;166:28:01;22:28:01;599281.0;7;11996.0;0.948;0.435;15.0;1.0;34.0;19.0;0.0
