Scenario,TimeIndex,Hour,chargerAccessType,Annual_avg_daily_pluggedTime_min,Annual_total_pluggedTime_min,Annual_avg_daily_chargingTime_min,Annual_total_chargingTime_min,Annual_avg_daily_chargingCost_SEK,Annual_total_chargingCost_SEK,Annual_avg_daily_energy_kWh,Annual_total_energy_kWh,Annual_avg_daily_sessionStarts,Annual_total_sessionStarts
noVIPV,1,0.0,home,400795.6011415525,146290394.41666666,105857.3734018265,38637941.29166667,18980.230734801764,6927784.218202644,10736.104650012006,3918678.1972543825,1275.0684931506848,465400.0
noVIPV,1,0.0,public,67366.22328767124,24588671.5,11762.817922374428,4293428.541666666,14228.277010124659,5193321.1086955005,2586.9594563863,944240.2015809997,245.3972602739726,89570.0
noVIPV,1,0.0,work,37.8208904109589,13804.625,18.916780821917808,6904.625,6.607326935875174,2411.6743315944386,1.6518317339687936,602.9185828986097,1.86986301369863,682.5
noVIPV,2,0.5,home,432712.5648401827,157940086.1666667,126086.9116438356,46021722.74999999,21480.293627592095,7840307.1740711145,12698.555853233793,4634972.886430334,895.2808219178082,326777.5
noVIPV,2,0.5,public,73848.80136986301,26954812.5,15317.777168949775,5590988.666666668,18151.835925996238,6625420.112988627,3300.3338047265893,1204621.838725205,179.7054794520548,65592.5
noVIPV,2,0.5,work,82.9502283105023,30276.833333333336,64.0461187214612,23376.833333333336,20.946141895033488,7645.341791687223,5.236535473758372,1911.3354479218058,0.6301369863013698,230.0
noVIPV,3,1.0,home,447444.65753424657,163317300.0,126342.07648401828,46114857.91666667,21204.415841484453,7739611.782141825,12781.34255660839,4665190.033162062,378.1575342465753,138027.5
noVIPV,3,1.0,public,76976.19863013699,28096312.5,14931.683789954337,5450064.583333333,17929.553538966295,6544287.041722697,3259.918825266598,1189870.3712223084,81.38356164383562,29705.0
noVIPV,3,1.0,work,93.9041095890411,34275.0,46.98219178082192,17148.5,15.734270965825738,5743.008902526394,3.9335677414564345,1435.7522256315985,0.0,0.0
noVIPV,4,1.5,home,453337.3804794521,165468143.875,115893.74166666667,42301215.708333336,19432.56163765504,7092884.997744089,11854.701413634828,4326966.015976712,142.1027397260274,51867.5
noVIPV,4,1.5,public,78365.13698630137,28603275.0,11515.309703196346,4203088.041666666,14409.25104403568,5259376.631073023,2619.8638261883043,956250.2965587311,35.034246575342465,12787.5
noVIPV,4,1.5,work,93.9041095890411,34275.0,21.676712328767124,7912.0,10.672633640859022,3895.511278913543,2.6681584102147555,973.8778197283857,0.0,0.0
noVIPV,5,2.0,home,455285.7534246575,166179300.0,100656.79315068493,36739729.5,16871.434786502592,6158073.697073446,10405.139892125719,3797876.0606258875,48.863013698630134,17835.0
noVIPV,5,2.0,public,78788.01369863014,28757625.0,7228.356506849313,2638350.124999999,9326.060424273208,3404012.0548597206,1695.6473498678552,618911.2827017672,11.267123287671232,4112.5
noVIPV,5,2.0,work,93.9041095890411,34275.0,16.32054794520548,5957.0,8.806749850077816,3214.4636952784026,2.201687462519454,803.6159238196007,0.0,0.0
noVIPV,6,2.5,home,455840.8561643836,166381912.5,85266.6484018265,31122326.66666667,14272.306886175185,5209392.013453943,8897.064921880026,3247428.6964862095,10.657534246575343,3890.0
noVIPV,6,2.5,public,78947.2602739726,28815750.0,3409.6407534246578,1244518.875,4469.379512216647,1631323.5219590762,812.6144567666628,296604.2767198319,1.86986301369863,682.5
noVIPV,6,2.5,work,93.9041095890411,34275.0,0.0,0.0,0.0,0.0,0.0,0.0,0.0,0.0
noVIPV,7,3.0,home,455928.3929223744,166413863.41666666,68877.36347031961,25140237.66666666,11505.952448650132,4199672.643757299,7250.829023656375,2646552.593634577,3.1232876712328768,1140.0
noVIPV,7,3.0,public,78947.2602739726,28815750.0,1144.345776255708,417686.2083333334,1509.091727672293,550818.480600387,274.3803141222351,100148.81465461581,0.0,0.0
noVIPV,7,3.0,work,93.9041095890411,34275.0,0.0,0.0,0.0,0.0,0.0,0.0,0.0,0.0
noVIPV,8,3.5,home,455851.30171232874,166385725.125,52874.36232876712,19299142.25,8779.23312622173,3204420.091070932,5611.174694591419,2048078.763525868,0.0,0.0
noVIPV,8,3.5,public,78947.2602739726,28815750.0,342.2727168949771,124929.54166666666,449.94126885496917,164228.56313206375,81.80750342817622,29859.73875128432,0.0,0.0
noVIPV,8,3.5,work,93.9041095890411,34275.0,0.0,0.0,0.0,0.0,0.0,0.0,0.0,0.0
noVIPV,9,4.0,home,455220.4987442922,166155482.04166666,36438.57682648401,13300080.541666664,5963.732884662073,2176762.5029016566,3896.0013653047445,1422040.4983362318,0.0,0.0
noVIPV,9,4.0,public,78905.35787671233,28800455.625,185.87043378995432,67842.70833333333,196.11881789481782,71583.3685316085,35.65796688996688,13015.15791483791,8.767123287671232,3200.0
noVIPV,9,4.0,work,179.7738584474886,65617.45833333334,85.8697488584475,31342.458333333336,35.844281765311614,13083.162844338738,8.961070441327903,3270.7907110846845,11.863013698630137,4330.0
noVIPV,10,4.5,home,453519.664041096,165534677.37500003,22765.555707762553,8309427.833333332,3624.2732492123087,1322859.7359624926,2451.3773467910296,894752.7315787259,0.0,0.0
noVIPV,10,4.5,public,78785.97842465753,28756882.125,371.26883561643837,135513.125,409.74007756475754,149555.1283111365,74.49819592086503,27191.841511115737,14.979452054794521,5467.5
noVIPV,10,4.5,work,824.3496575342466,300887.625,716.2423515981735,261428.45833333334,307.9062657287182,112385.78699098215,76.97656643217955,28096.446747745536,30.67808219178082,11197.5
noVIPV,11,5.0,home,448179.29771689494,163585443.66666666,11514.937557077625,4202952.208333333,1824.252789077626,665852.2680133334,1245.087362747689,454456.8874029065,9.383561643835616,3425.0
noVIPV,11,5.0,public,78086.12636986302,28501436.125000004,829.7297945205481,302851.37500000006,753.3959077632072,274989.50633357064,136.98107413876497,49998.092060649215,42.465753424657535,15500.0
noVIPV,11,5.0,work,2543.7864155251136,928482.0416666665,2312.0312785388123,843891.4166666665,1010.1993844776895,368722.77533435664,252.54984611942237,92180.69383358916,107.52739726027397,39247.5
noVIPV,12,5.5,home,438645.3965753426,160105569.75000003,2396.2347031963473,874625.6666666667,390.04349563251026,142365.87590586624,251.34243454686145,91739.98860960444,8.773972602739725,3202.5
noVIPV,12,5.5,public,77794.10924657535,28394849.875,2001.123515981735,730410.0833333333,1717.7149383830615,626965.9525098174,312.31180697873845,113993.80954723954,61.363013698630134,22397.5
noVIPV,12,5.5,work,6641.20901826484,2424041.2916666665,5868.357762557078,2141950.5833333335,2627.7350910540194,959123.3082347171,656.9337727635049,239780.82705867928,146.33561643835617,53412.5
noVIPV,13,6.0,home,416368.54920091334,151974520.45833337,793.8159817351599,289742.8333333334,195.93283032953155,71515.48307027902,78.37313213181262,28606.193228111606,5.616438356164384,2050.0
noVIPV,13,6.0,public,77473.62363013698,28277872.625,4544.275456621005,1658660.5416666667,4163.626384345256,1519723.6302860184,757.0229789718647,276313.38732473063,208.33561643835617,76042.5
noVIPV,13,6.0,work,12593.909132420093,4596776.833333334,10374.471575342464,3786682.1249999995,4742.500397960813,1731012.6452556965,1185.6250994902032,432753.1613139241,304.63013698630135,111190.0
noVIPV,14,6.5,home,382078.4493150685,139458634.0,814.5284246575343,297302.875,208.02121465675214,75927.74334971452,83.20848586270087,30371.097339885815,10.616438356164384,3875.0
noVIPV,14,6.5,public,77629.23424657535,28334670.500000004,9230.714497716894,3369210.791666666,8092.88143049803,2953901.722131781,1471.432987363278,537073.0403875965,240.1164383561644,87642.5
noVIPV,14,6.5,work,24219.445319634706,8840097.541666668,19388.915410958904,7076954.125,8826.560120957227,3221694.4441493875,2206.6400302393067,805423.6110373469,436.4246575342466,159295.0
noVIPV,15,7.0,home,322625.36700913234,117758258.95833331,1089.9409817351598,397828.4583333333,300.73895254321366,109769.71767827298,106.73377134843109,38957.82654217735,21.876712328767123,7985.0
noVIPV,15,7.0,public,76980.69143835618,28097952.375000007,15340.303310502284,5599210.708333334,13814.577208455601,5042320.681086294,2511.7413106282897,916785.5783793257,516.9246575342465,188677.5
noVIPV,15,7.0,work,40442.10011415523,14761366.54166666,30399.40319634703,11095782.166666666,14001.518242288685,5110554.15843537,3500.379560572171,1277638.5396088425,804.0753424657535,293487.5
noVIPV,16,7.5,home,251139.3764840183,91665872.41666669,1599.4191780821918,583788.0,452.58722723179125,165194.3379396038,162.13344592281877,59178.70776182885,31.267123287671232,11412.5
noVIPV,16,7.5,public,78590.50079908672,28685532.791666653,25383.58595890411,9265008.875,22846.051844750946,8338808.923334096,4153.827608136534,1516147.076969835,639.917808219178,233570.0
noVIPV,16,7.5,work,69083.06598173514,25215319.08333333,50829.719520547944,18552847.625,23410.56265813371,8544855.370218804,5852.640664533427,2136213.842554701,912.568493150685,333087.5
noVIPV,17,8.0,home,198925.81472602743,72607922.37500001,2118.636073059361,773302.1666666667,803.3627886527443,293227.41785825166,227.13879670559334,82905.66079754157,48.76027397260274,17797.5
noVIPV,17,8.0,public,84388.45388127855,30801785.66666667,32185.03835616439,11747539.000000002,30240.445118951113,11037762.468417156,5498.262748900207,2006865.9033485756,551.1849315068494,201182.5
noVIPV,17,8.0,work,91612.675,33438626.375,60351.59041095888,22028330.499999993,28787.36092497856,10507386.737617174,7196.84023124464,2626846.6844042935,542.7465753424658,198102.5
noVIPV,18,8.5,home,167819.37385844745,61254071.45833332,2926.2628995433784,1068085.958333333,1051.335205825167,383737.3501261859,296.80199086248774,108332.72666480803,100.5,36682.5
noVIPV,18,8.5,public,88779.9602739726,32404685.5,31874.468835616422,11634181.124999994,31995.29247814973,11678281.754524652,5817.325905118138,2123323.95536812,466.17808219178085,170155.0
noVIPV,18,8.5,work,102973.13972602738,37585195.99999999,53980.68847031965,19702951.29166667,27296.034545628263,9963052.609154316,6824.008636407066,2490763.152288579,326.5068493150685,119175.0
noVIPV,19,9.0,home,146347.98630136988,53417015.00000001,5767.47408675799,2105128.0416666665,2064.6133790943722,753583.8833694458,580.7680001296861,211980.32004733544,153.13013698630138,55892.5
noVIPV,19,9.0,public,89165.17716894978,32545289.66666667,28049.6857305936,10238135.291666664,29286.895233290194,10689716.76015092,5324.890042416398,1943584.8654819853,424.36986301369865,154895.0
noVIPV,19,9.0,work,109435.0696347032,39943800.41666667,43219.865753424645,15775250.999999994,22986.212267731968,8389967.477722168,5746.553066932992,2097491.869430542,163.3082191780822,59607.5
noVIPV,20,9.5,home,136544.04965753425,49838578.125,9414.002739726027,3436111.0,3395.5684050156287,1239382.4678307045,956.3304834016012,349060.62644158443,217.6095890410959,79427.5
noVIPV,20,9.5,public,88853.87477168953,32431664.29166668,24209.792237442936,8836574.166666672,26021.09978128548,9497701.4201692,4731.109051142814,1726854.8036671272,454.3493150684931,165837.5
noVIPV,20,9.5,work,112300.19988584476,40989572.958333336,31407.95867579909,11463904.916666668,17318.81032739576,6321365.769499453,4329.70258184894,1580341.4423748632,110.1027397260274,40187.5
noVIPV,21,10.0,home,125099.6404109589,45661368.75,14279.478767123284,5212009.749999999,4406.399100966855,1608335.6718529023,1457.4884992965258,531983.3022432319,285.75342465753425,104300.0
noVIPV,21,10.0,public,89465.37305936072,32654861.16666666,24134.614383561642,8809134.25,26082.94882251156,9520276.320216719,4742.3543313657365,1730959.330948494,487.7054794520548,178012.5
noVIPV,21,10.0,work,113359.374543379,41376171.708333336,22031.99452054794,8041677.999999999,12391.614690867515,4522939.362166643,3097.9036727168786,1130734.8405416608,104.98630136986301,38320.0
noVIPV,22,10.5,home,111710.79543378994,40774440.33333333,18634.94497716895,6801754.916666667,5691.623777558779,2077442.6788089543,1896.308979608098,692152.7775569558,300.0821917808219,109530.0
noVIPV,22,10.5,public,90966.44999999995,33202754.249999985,26937.7058219178,9832262.624999996,29090.233067629568,10617935.069684792,5289.133285023552,1930533.6490335965,551.0958904109589,201150.0
noVIPV,22,10.5,work,114023.47910958904,41618569.875,16619.155479452053,6065991.749999999,9239.886008110809,3372558.392960445,2309.971502027702,843139.5982401113,105.65068493150685,38562.5
noVIPV,23,11.0,home,102870.74748858449,37547822.833333336,25098.62043378994,9160996.458333328,6661.981011015721,2431623.0690207384,2553.479471941882,932020.0072587869,483.972602739726,176650.0
noVIPV,23,11.0,public,91612.95947488585,33438730.208333336,28337.552054794534,10343206.500000006,31037.56939702056,11328712.829912504,5643.194435821922,2059765.9690750013,567.068493150685,206980.0
noVIPV,23,11.0,work,114346.55958904109,41736494.25,12562.223287671233,4585211.5,6927.403546493636,2528502.294470177,1731.850886623409,632125.5736175443,65.58219178082192,23937.5
noVIPV,24,11.5,home,97763.54668949773,35683694.54166667,33805.75148401827,12339099.29166667,8965.78142739986,3272510.221000949,3449.8830478805476,1259207.3124763998,520.8082191780821,190095.0
noVIPV,24,11.5,public,91805.10707762557,33508864.083333332,29668.95376712328,10829168.124999996,32735.228562953624,11948358.425478073,5951.859738718836,2172428.804632375,645.7054794520548,235682.5
noVIPV,24,11.5,work,113034.21084474884,41257486.95833333,9758.626369863014,3561898.625,5286.263017050474,1929486.001223423,1321.5657542626186,482371.50030585576,91.24657534246575,33305.0
noVIPV,25,12.0,home,97590.65011415526,35620587.29166667,43152.068949771696,15750505.166666668,9581.713250069448,3497325.3362753484,4395.989024414513,1604535.993911297,630.9041095890411,230280.0
noVIPV,25,12.0,public,93772.00091324198,34226780.33333332,33012.00262557078,12049380.958333334,36614.68057399146,13364358.409506883,6657.214649816628,2429883.347183069,665.1712328767123,242787.5
noVIPV,25,12.0,work,112486.30525114156,41057501.41666667,9094.272374429225,3319409.416666667,4829.849732588119,1762895.1523946633,1207.4624331470297,440723.7880986658,121.91095890410959,44497.5
noVIPV,26,12.5,home,98413.2464611872,35920834.95833333,50343.36506849315,18375328.25,11157.404324370964,4072452.578395402,5132.130966112975,1873227.8026312361,615.2671232876712,224572.5
noVIPV,26,12.5,public,92585.99360730595,33793887.66666667,33236.498287671224,12131321.874999996,37359.477186822674,13636209.173190277,6792.632215785942,2479310.758761869,646.8013698630137,236082.5
noVIPV,26,12.5,work,113093.22865296803,41279028.45833333,10036.956735159816,3663489.208333333,5154.469123129826,1881381.2299423865,1288.6172807824564,470345.3074855966,146.25342465753425,53382.5
noVIPV,27,13.0,home,96454.70136986302,35205966.0,53515.1375570776,19533025.208333325,11860.890946163467,4329225.195349665,5455.903029827891,1991404.6058871802,622.5479452054794,227230.0
noVIPV,27,13.0,public,93761.08698630136,34222796.75,34470.62910958905,12581779.625000004,39144.56317951013,14287765.560521197,7117.193305365473,2597775.556458398,595.0068493150685,217177.5
noVIPV,27,13.0,work,114016.3730593607,41615976.16666666,10570.4348173516,3858208.708333334,5359.598216374938,1956253.3489768524,1339.8995540937344,489063.3372442131,105.58219178082192,38537.5
noVIPV,28,13.5,home,101034.45422374435,36877575.79166669,59892.75707762556,21860856.33333333,13196.292149159632,4816646.634443265,6071.180248806346,2215980.7908143164,700.9041095890411,255830.0
noVIPV,28,13.5,public,93168.77294520548,34006602.125,33280.618036529675,12147425.583333332,38652.97095738941,14108334.399447134,7027.812901343524,2565151.708990386,572.7534246575342,209055.0
noVIPV,28,13.5,work,113991.61061643834,41606937.87499999,10135.535616438354,3699470.499999999,5287.150364004069,1929809.8828614852,1321.7875910010173,482452.4707153713,60.02739726027397,21910.0
noVIPV,29,14.0,home,110659.9486301369,40390881.24999997,68638.84760273974,25053179.375000004,15049.50614813396,5493069.7440688955,6924.030927712152,2527271.2886149357,853.5410958904109,311542.5
noVIPV,29,14.0,public,90824.05947488581,33150781.70833332,31869.00662100456,11632187.416666664,36767.41317246799,13420105.807950815,6684.984213175999,2440019.2378092394,609.0616438356165,222307.5
noVIPV,29,14.0,work,112307.8156392694,40992352.708333336,8615.464269406395,3144644.458333334,4680.07435178188,1708227.138400386,1170.01858794547,427056.7846000965,72.47260273972603,26452.5
noVIPV,30,14.5,home,119135.11324200907,43484316.33333331,75644.50742009131,27610245.20833333,16446.005719156074,6002792.087491967,7581.03226214359,2767076.77568241,801.1095890410959,292405.0
noVIPV,30,14.5,public,89888.34863013703,32809247.250000015,31868.824200913237,11632120.833333332,37127.32436447518,13551473.393033441,6750.422611722761,2463904.2532788077,519.8287671232877,189737.5
noVIPV,30,14.5,work,110394.89737442922,40294137.541666664,7299.623630136986,2664362.625,3995.8208780022096,1458474.6204708065,998.9552195005524,364618.6551177016,38.11643835616438,13912.5
noVIPV,31,15.0,home,132967.05468036525,48532974.95833331,84754.85308219174,30935521.374999985,18982.387521624372,6928571.4453928955,8495.420435846152,3100828.4590838454,929.3972602739726,339230.0
noVIPV,31,15.0,public,88315.67168949771,32235220.166666668,30299.419634703205,11059288.16666667,35882.36763464543,13097064.186645582,6524.066842662807,2381284.3975719246,513.9383561643835,187587.5
noVIPV,31,15.0,work,104087.50296803651,37991938.58333333,5736.661301369863,2093881.375,3242.7515875211107,1183604.3294452054,810.6878968802777,295901.08236130135,16.856164383561644,6152.5
noVIPV,32,15.5,home,151585.00639269405,55328527.33333333,96141.76655251141,35091744.791666664,21564.518911324343,7871049.402633386,9637.004839299112,3517506.766344176,1117.5616438356165,407910.0
noVIPV,32,15.5,public,84330.80901826484,30780745.291666668,29007.47819634704,10587729.54166667,33783.472226396516,12330967.36263473,6142.449495708455,2241994.065933586,573.8972602739726,209472.5
noVIPV,32,15.5,work,91906.74543378995,33545962.083333332,4209.2928082191775,1536391.8749999998,2437.4457517227675,889667.6993788101,609.3614379306919,222416.92484470253,15.650684931506849,5712.5
noVIPV,33,16.0,home,177496.92842465767,64786378.87500005,112513.98070776254,41067602.95833333,28639.284389986205,10453338.802344965,11207.751739278998,4090829.3848368344,1257.623287671233,459032.5
noVIPV,33,16.0,public,82422.77739726023,30084313.749999985,30877.175913241994,11270169.208333328,35631.15604580977,13005371.956720565,6478.392008329044,2364613.083040101,603.986301369863,220455.0
noVIPV,33,16.0,work,75402.80239726028,27522022.875000004,3073.2034246575345,1121719.25,1736.7547438372087,633915.4815005811,434.1886859593022,158478.87037514528,23.71232876712329,8655.0
noVIPV,34,16.5,home,208175.3378995435,75983998.33333337,131147.33173515974,47868776.0833333,33260.20035769269,12139973.130557831,13016.631571906215,4751070.523745769,1416.2054794520548,516915.0
noVIPV,34,16.5,public,82284.88767123286,30033983.999999996,33044.32876712328,12061179.999999998,37752.51565040147,13779668.212396534,6864.093754618449,2505394.220435734,621.2123287671233,226742.5
noVIPV,34,16.5,work,57698.537671232894,21059966.250000007,2301.422831050228,840019.3333333333,1311.1776929005753,478579.85790870996,327.7944232251438,119644.96447717749,12.472602739726028,4552.5
noVIPV,35,17.0,home,239347.45764840173,87361822.04166663,147227.20673515985,53737930.45833335,43758.668410830534,15971913.969953144,14613.51904946682,5333934.453055389,1286.6712328767123,469635.0
noVIPV,35,17.0,public,80771.78230593605,29481700.541666657,32417.650799086776,11832442.541666673,37566.1040582781,13711627.981271505,6830.200737868744,2493023.2693220917,561.7945205479452,205055.0
noVIPV,35,17.0,work,41119.02751141553,15008445.041666668,1607.3441780821918,586680.625,945.3741921753932,345061.5801440185,236.3435480438483,86265.39503600463,9.965753424657533,3637.5
noVIPV,36,17.5,home,266209.6455479452,97166520.625,155753.02773972607,56849855.125000015,46439.50744361601,16950420.216919843,15529.36407900859,5668217.888838136,1152.9041095890411,420810.0
noVIPV,36,17.5,public,77951.19988584473,28452187.95833333,29652.7605022831,10823257.583333332,34851.69432613484,12720868.429039218,6336.671695660879,2312885.168916221,485.5,177207.5
noVIPV,36,17.5,work,28202.190182648406,10293799.416666668,1037.6141552511417,378729.16666666674,615.7631883542421,224753.56374929834,153.94079708856052,56188.390937324584,5.006849315068493,1827.5
noVIPV,37,18.0,home,291870.0364155252,106532563.2916667,161449.8626712329,58929199.87500001,48290.38984084173,17625992.291907232,16173.513785415329,5903332.531676595,1118.041095890411,408085.0
noVIPV,37,18.0,public,75886.95079908673,27698737.041666657,27726.06506849314,10120013.749999996,32668.342921444284,11923945.166327164,5939.698712989873,2167990.0302413036,413.0068493150685,150747.5
noVIPV,37,18.0,work,19472.55821917808,7107483.749999999,712.030707762557,259891.2083333333,418.5247774012719,152761.54375146423,104.63119435031797,38190.385937866056,8.123287671232877,2965.0
noVIPV,38,18.5,home,313615.71438356163,114469735.74999999,161095.4847031964,58799851.91666669,48444.68713720508,17682310.805079855,16229.682127827567,5923833.976657062,757.2671232876712,276402.5
noVIPV,38,18.5,public,74966.8535388128,27362901.541666668,24245.580707762558,8849636.958333334,28671.221114519594,10464995.706799652,5212.949293549018,1902726.4921453914,325.972602739726,118980.0
noVIPV,38,18.5,work,13522.021803652964,4935537.958333332,598.2705479452055,218368.75,339.18902467458736,123803.99400622438,84.79725616864684,30950.998501556096,1.86986301369863,682.5
noVIPV,39,19.0,home,328225.0561643834,119802145.49999996,152287.0057077626,55584757.08333335,46082.47853973665,16820104.667003877,15446.640313544951,5638023.714443907,624.7739726027397,228042.5
noVIPV,39,19.0,public,73448.84851598178,26808829.708333347,20804.515182648407,7593648.041666669,25115.853844254576,9167286.65315292,4566.5188807735585,1666779.3914823488,224.34931506849315,81887.5
noVIPV,39,19.0,work,9557.256849315068,3488398.75,590.294406392694,215457.4583333333,318.90718997168267,116401.12433966418,79.72679749292067,29100.281084916045,6.883561643835616,2512.5
noVIPV,40,19.5,home,343942.3908675798,125538972.66666663,142867.53858447482,52146651.583333306,43481.305717724295,15870676.586969368,14569.884760943805,5318007.937744489,583.6232876712329,213022.5
noVIPV,40,19.5,public,72104.0656392694,26317983.958333332,16999.984589041094,6204994.374999999,20294.46313547717,7407479.044449167,3689.9023882685783,1346814.3717180311,215.57534246575344,78685.0
noVIPV,40,19.5,work,7045.141210045662,2571476.5416666665,562.2974885844749,205238.58333333334,328.11337054625756,119761.380249384,82.02834263656439,29940.345062346,5.013698630136986,1830.0
noVIPV,41,20.0,home,356779.6388127853,130224568.16666664,131853.22819634696,48126428.29166664,35151.13772737277,12830165.27049106,13495.277287873998,4925776.210074009,414.2191780821918,151190.0
noVIPV,41,20.0,public,71489.5796803653,26093696.583333336,13806.901369863013,5039519.0,16492.604853079734,6019800.771374104,2998.655427832679,1094509.2311589278,130.57534246575344,47660.0
noVIPV,41,20.0,work,5040.650913242009,1839837.5833333333,401.66198630136984,146606.625,253.4248434342927,92500.06785351684,63.35621085857318,23125.01696337921,0.0,0.0
noVIPV,42,20.5,home,365710.6907534247,133484402.12500003,118522.0365296804,43260543.33333334,31710.553307733648,11574351.957322782,12177.081901309415,4444634.893977936,337.4246575342466,123160.0
noVIPV,42,20.5,public,70495.23264840183,25730759.916666664,10669.592808219179,3894401.375,13002.765805462184,4746009.518993697,2364.1392373567614,862910.821635218,113.73972602739725,41515.0
noVIPV,42,20.5,work,3430.2497716894977,1252041.1666666667,182.999200913242,66794.70833333333,126.95761198575606,46339.52837480096,31.739402996439015,11584.88209370024,0.0,0.0
noVIPV,43,21.0,home,374147.1623287673,136563714.25000006,104552.57819634702,38161691.041666664,26639.02053783341,9723242.496309195,10783.779655652297,3936079.574313089,283.78767123287673,103582.5
noVIPV,43,21.0,public,69355.93755707762,25314917.208333332,8309.28093607306,3032887.541666667,10275.1640083228,3750434.863037822,1868.2116378768733,681897.2478250588,84.3013698630137,30770.0
noVIPV,43,21.0,work,2152.33698630137,785603.0,55.695433789954336,20328.833333333332,30.541767447847363,11147.745118464287,7.635441861961841,2786.9362796160717,2.5205479452054793,920.0
noVIPV,44,21.5,home,381343.9114155252,139190527.6666667,90646.99178082193,33086152.000000007,23195.982430474614,8466533.587123234,9392.927367966227,3428418.4893076727,260.527397260274,95092.5
noVIPV,44,21.5,public,68022.34360730593,24828155.416666664,6285.436872146119,2294184.4583333335,7691.495458863488,2807395.842485173,1398.4537197933614,510435.60772457696,48.08904109589041,17552.5
noVIPV,44,21.5,work,1681.3441780821918,613690.625,74.43162100456621,27167.541666666668,25.855167953831206,9437.13630314839,6.4637919884578015,2359.2840757870977,1.86986301369863,682.5
noVIPV,45,22.0,home,400177.65068493143,146064842.49999997,90012.73812785388,32854649.416666664,18598.934275574906,6788611.010584841,9299.467137787453,3394305.5052924203,754.1438356164383,275262.5
noVIPV,45,22.0,public,68347.54497716896,24946853.916666668,6069.315296803652,2215300.083333333,7292.445177940162,2661742.489948159,1325.8991232618475,483953.17999057437,94.17123287671232,34372.5
noVIPV,45,22.0,work,1023.7215753424657,373658.375,45.93630136986302,16766.75,11.13232480185169,4063.2985526758666,2.7830812004629224,1015.8246381689667,0.0,0.0
noVIPV,46,22.5,home,425264.47602739726,155221533.75,99065.67305936075,36158970.66666667,20283.18032518584,7403360.818692831,10141.59016259292,3701680.4093464157,789.9041095890411,288315.0
noVIPV,46,22.5,public,71238.56118721461,26002074.833333332,8259.999200913242,3014899.7083333335,9490.962985793763,3464201.489814724,1725.6296337806846,629854.8163299499,142.76712328767124,52110.0
noVIPV,46,22.5,work,446.00296803652964,162791.0833333333,0.0,0.0,0.0,0.0,0.0,0.0,0.0,0.0
noVIPV,47,23.0,home,447477.38995433785,163329247.3333333,105578.3122146119,38536083.95833334,21552.555681646925,7866682.823801127,10776.27784082346,3933341.411900563,747.068493150685,272680.0
noVIPV,47,23.0,public,74915.57602739726,27344185.25,10557.197146118726,3853376.958333335,12037.601908032677,4393724.696431927,2188.654892369577,798859.0357148955,139.56164383561645,50940.0
noVIPV,47,23.0,work,174.26164383561644,63605.5,0.0,0.0,0.0,0.0,0.0,0.0,0.0,0.0
noVIPV,48,23.5,home,466882.8811643835,170412251.62499997,109173.7985159818,39848436.45833336,22283.49589349735,8133476.001126533,11141.747946748676,4066738.0005632667,581.2945205479452,212172.5
noVIPV,48,23.5,public,77738.72328767124,28374634.0,11094.93413242009,4049650.958333333,13060.592541143655,4767116.277517434,2374.6531892988464,866748.4140940789,95.32191780821918,34792.5
noVIPV,48,23.5,work,71.41689497716894,26067.16666666666,0.0,0.0,0.0,0.0,0.0,0.0,0.0,0.0
VIPV20_Wp400,1,0.0,home,391553.4696347032,142917016.41666666,104792.22363013698,38249161.625,18787.823605198784,6857555.615897557,10633.195921361981,3881116.511297123,1260.7602739726028,460177.5
VIPV20_Wp400,1,0.0,public,65350.51095890411,23852936.5,11852.383333333331,4326119.916666666,14284.58646588274,5213874.0600472,2597.1975392514073,947977.1018267637,234.25342465753425,85502.5
VIPV20_Wp400,1,0.0,work,25.291666666666668,9231.458333333334,25.291666666666668,9231.458333333334,11.048083816563633,4032.5505930457257,2.762020954140908,1008.1376482614314,2.5,912.5
VIPV20_Wp400,2,0.5,home,423543.23550228315,154593280.95833334,124658.08242009133,45500200.083333336,21212.92659973883,7742718.208904672,12549.038300513035,4580398.979687258,870.9589041095891,317900.0
VIPV20_Wp400,2,0.5,public,71724.24657534246,26179350.0,15330.066210045663,5595474.166666667,18292.534127835705,6676774.956660032,3325.915295970127,1213959.0830290962,183.9931506849315,67157.5
VIPV20_Wp400,2,0.5,work,82.95022831050228,30276.833333333332,82.95022831050228,30276.833333333332,33.77372174467217,12327.408436805343,8.443430436168043,3081.8521092013357,0.6301369863013698,230.0
VIPV20_Wp400,3,1.0,home,438459.3493150685,160037662.5,125172.43789954338,45687939.833333336,20954.440500618046,7648370.782725587,12646.46061840535,4615958.125717953,396.8150684931507,144837.5
VIPV20_Wp400,3,1.0,public,74768.93835616438,27290662.5,14764.613812785386,5389084.041666666,17908.221345176935,6536500.790989581,3256.040244577623,1188454.6892708323,75.84931506849315,27685.0
VIPV20_Wp400,3,1.0,work,93.9041095890411,34275.0,68.5095890410959,25006.0,29.124811021156745,10630.556022722212,7.281202755289186,2657.639005680553,0.0,0.0
VIPV20_Wp400,4,1.5,home,444373.9726027397,162196500.0,114550.84920091325,41811059.958333336,19177.860597905044,6999919.118235341,11704.232752609261,4272044.95470238,145.26712328767124,53022.5
VIPV20_Wp400,4,1.5,public,75913.04440639268,27708261.208333332,11370.845319634698,4150358.541666665,14287.159916601044,5214813.369559381,2597.665439382006,948147.8853744322,33.19178082191781,12115.0
VIPV20_Wp400,4,1.5,work,93.9041095890411,34275.0,37.19178082191781,13575.0,20.85430160081007,7611.820084295676,5.213575400202518,1902.955021073919,0.0,0.0
VIPV20_Wp400,5,2.0,home,446355.7191780822,162919837.5,99193.48915525117,36205623.54166668,16633.66135630493,6071286.395051299,10253.006381839134,3742347.3293712838,45.082191780821915,16455.0
VIPV20_Wp400,5,2.0,public,76336.8493150685,27862950.0,6935.4122146118725,2531425.4583333335,9010.01381130902,3288655.041127792,1638.1843293289128,597937.2802050532,7.5,2737.5
VIPV20_Wp400,5,2.0,work,93.9041095890411,34275.0,34.66438356164384,12652.5,19.490489826981502,7114.028786848248,4.8726224567453755,1778.507196712062,0.0,0.0
VIPV20_Wp400,6,2.5,home,446816.19863013696,163087912.5,84044.94189497714,30676403.791666657,14071.113904275378,5135956.575060513,8774.534793389454,3202705.1995871505,9.404109589041095,3432.5
VIPV20_Wp400,6,2.5,public,76534.52054794521,27935100.0,3260.2042237442924,1189974.5416666667,4321.818785855557,1577463.8568372782,785.7852337919192,286811.6103340505,5.6506849315068495,2062.5
VIPV20_Wp400,6,2.5,work,93.9041095890411,34275.0,17.493607305936074,6385.166666666667,10.174345414473407,3713.636076282794,2.543586353618352,928.4090190706985,0.0,0.0
VIPV20_Wp400,7,3.0,home,446875.81267123285,163109671.625,67923.6219178082,24792121.999999993,11342.29799824916,4139938.769360943,7151.8499152810455,2610425.2190775815,0.6232876712328768,227.5
VIPV20_Wp400,7,3.0,public,76556.10730593608,27942979.166666668,1200.7408675799086,438270.4166666666,1561.276293347508,569865.8470718404,283.8684169722742,103611.97219488007,0.6232876712328768,227.5
VIPV20_Wp400,7,3.0,work,93.9041095890411,34275.0,0.0,0.0,0.0,0.0,0.0,0.0,0.0,0.0
VIPV20_Wp400,8,3.5,home,446779.47659817355,163074508.95833334,51104.83447488583,18653264.58333333,8478.50415278617,3094654.015766952,5424.023761415007,1979768.6729164775,0.0,0.0
VIPV20_Wp400,8,3.5,public,76543.76712328767,27938475.0,436.5961187214612,159357.58333333334,562.2261029000595,205212.5275585217,102.22292780001081,37311.36864700395,0.0,0.0
VIPV20_Wp400,8,3.5,work,93.9041095890411,34275.0,0.0,0.0,0.0,0.0,0.0,0.0,0.0,0.0
VIPV20_Wp400,9,4.0,home,445979.0918949772,162782368.5416667,35651.27180365297,13012714.208333334,5843.85079060731,2133005.5385716683,3812.7545386980414,1391655.4066247852,0.0,0.0
VIPV20_Wp400,9,4.0,public,76502.56232876712,27923435.25,209.79942922374426,76576.79166666666,215.88273952825952,78797.19992781473,39.25140718695628,14326.763623239041,8.73972602739726,3190.0
VIPV20_Wp400,9,4.0,work,133.84063926940638,48851.83333333333,39.9365296803653,14576.833333333334,12.156977548850744,4437.296805330521,3.039244387212686,1109.3242013326303,6.863013698630137,2505.0
VIPV20_Wp400,10,4.5,home,444038.6489726028,162074106.87500003,21908.383447488577,7996559.95833333,3512.8941452359422,1282206.363011119,2360.0265814614554,861409.7022334312,0.0,0.0
VIPV20_Wp400,10,4.5,public,76486.52945205479,27917583.25,415.60605022831044,151696.2083333333,334.75897700201733,122187.02660573632,60.865268545821344,22215.82301922479,13.136986301369863,4795.0
VIPV20_Wp400,10,4.5,work,746.6667808219178,272533.375,654.7414383561644,238980.625,229.37384446959416,83721.45323140187,57.34346111739854,20930.363307850468,36.80821917808219,13435.0
VIPV20_Wp400,11,5.0,home,438494.9351598174,160050651.33333334,11087.040525114156,4046769.791666667,1773.6622179857743,647386.7095648076,1198.028512929258,437280.4072191792,10.006849315068493,3652.5
VIPV20_Wp400,11,5.0,public,76086.18767123288,27771458.500000004,952.6792237442921,347727.9166666666,992.9920855626705,362442.1112303747,180.54401555684916,65898.56567824994,48.73287671232877,17787.5
VIPV20_Wp400,11,5.0,work,2413.3630136986294,880877.4999999998,2151.2578767123287,785209.125,876.0900150357644,319772.855488054,219.0225037589411,79943.2138720135,88.1917808219178,32190.0
VIPV20_Wp400,12,5.5,home,428960.58789954334,156570614.5833333,2435.433105022832,888933.0833333337,400.8243612685979,146300.89186303824,256.7278681478398,93705.67187396152,13.787671232876713,5032.5
VIPV20_Wp400,12,5.5,public,75826.90353881278,27676819.791666664,2208.427853881278,806076.1666666665,2070.932325570222,755890.298833131,376.5331501036767,137434.599787842,71.23972602739725,26002.5
VIPV20_Wp400,12,5.5,work,5935.126712328766,2166321.2499999995,5058.8875570776245,1846493.958333333,2189.6394844758884,799218.4118336992,547.4098711189721,199804.6029584248,144.2945205479452,52667.5
VIPV20_Wp400,13,6.0,home,407035.59566210053,148567992.4166667,1026.1482876712328,374544.125,252.5198683527622,92169.7519487582,101.00794734110487,36867.900779503274,1.8904109589041096,690.0
VIPV20_Wp400,13,6.0,public,75471.53436073058,27547110.041666664,4621.980365296803,1687022.833333333,4185.976037613388,1527881.2537288866,761.0865522933432,277796.59158707026,191.97260273972603,70070.0
VIPV20_Wp400,13,6.0,work,11552.143378995435,4216532.333333334,9330.440639269405,3405610.833333333,4114.446568868834,1501772.9976371245,1028.6116422172086,375443.2494092811,276.4109589041096,100890.0
VIPV20_Wp400,14,6.5,home,374071.7525114154,136536189.66666663,911.2683789954337,332612.9583333333,222.6526495839629,81268.21709814646,89.06105983358515,32507.286839258577,12.513698630136986,4567.5
VIPV20_Wp400,14,6.5,public,75181.90742009133,27441396.208333336,8966.469063926937,3272761.208333332,8029.425567019199,2930740.3319620076,1459.895557639855,532861.8785385471,226.34246575342465,82615.0
VIPV20_Wp400,14,6.5,work,22430.718036529684,8187212.083333335,17690.991095890407,6457211.749999999,7953.260220188691,2902939.980368872,1988.3150550471728,725734.995092218,413.26027397260276,150840.0
VIPV20_Wp400,15,7.0,home,316130.7914383563,115387738.87500003,1301.097716894977,474900.6666666667,347.78942070787747,126943.13855837527,125.48582943282919,45802.327742982656,34.342465753424655,12535.0
VIPV20_Wp400,15,7.0,public,75052.04771689496,27393997.41666666,15184.660273972597,5542400.999999998,13871.488377457708,5063093.257772064,2522.0887959014017,920562.4105040116,530.5479452054794,193650.0
VIPV20_Wp400,15,7.0,work,37482.941894977164,13681273.791666666,28127.156963470326,10266412.29166667,12964.458182873446,4732027.236748808,3241.1145457183616,1183006.809187202,745.7328767123288,272192.5
VIPV20_Wp400,16,7.5,home,245217.07557077627,89504232.58333334,1877.236187214612,685191.2083333334,499.42766580004667,182291.09801701704,181.73275975458844,66332.45731042478,24.986301369863014,9120.0
VIPV20_Wp400,16,7.5,public,77448.22579908672,28268602.416666653,25314.075114155243,9239637.416666664,23019.17200338368,8401997.781235043,4185.304000615211,1527635.960224552,637.3561643835617,232635.0
VIPV20_Wp400,16,7.5,work,64331.97385844748,23481170.458333332,47483.7631278539,17331573.54166667,22030.76559918046,8041229.443700869,5507.691399795115,2010307.3609252172,837.8972602739726,305832.5
VIPV20_Wp400,17,8.0,home,193167.85194063926,70506265.95833333,2383.510730593607,869981.4166666666,863.3564189983597,315125.0929344013,242.3155623844463,88445.1802703229,53.73972602739726,19615.0
VIPV20_Wp400,17,8.0,public,82145.58561643837,29983138.750000004,31638.44029680365,11548030.708333332,29590.26393654132,10800446.336837582,5380.047988462057,1963717.5157886508,544.9657534246576,198912.5
VIPV20_Wp400,17,8.0,work,85550.626369863,31225978.624999996,56446.30799086759,20602902.41666667,27105.769251214366,9893605.776693244,6776.442312803591,2473401.444173311,546.8493150684932,199600.0
VIPV20_Wp400,18,8.5,home,163498.47796803652,59676944.45833333,3332.5816210045664,1216392.2916666667,1212.7516025655523,442654.3349364266,341.5068443465472,124649.99818648974,90.65068493150685,33087.5
VIPV20_Wp400,18,8.5,public,86132.43538812788,31438338.916666675,30581.173287671223,11162128.249999996,30691.044104815737,11202231.098257745,5580.189837239227,2036769.290592318,450.5890410958904,164465.0
VIPV20_Wp400,18,8.5,work,95921.86392694063,35011480.33333333,50550.63401826487,18450981.41666668,25896.348770507957,9452167.301235404,6474.087192626989,2363041.825308851,274.8150684931507,100307.5
VIPV20_Wp400,19,9.0,home,141573.80285388132,51674438.04166668,5718.427397260275,2087226.0000000005,2086.2523334016514,761482.1016916027,581.6224668579633,212292.20040315663,140.56849315068493,51307.5
VIPV20_Wp400,19,9.0,public,87253.98344748857,31847703.95833333,27008.093493150685,9857954.125,28185.915264758856,10287859.071636982,5124.711866319788,1870519.8312067227,409.8904109589041,149610.0
VIPV20_Wp400,19,9.0,work,102167.90707762558,37291286.083333336,40762.64554794521,14878365.625000004,21920.583569452658,8001013.002850221,5480.145892363164,2000253.2507125551,163.06849315068493,59520.0
VIPV20_Wp400,20,9.5,home,131953.4714611872,48163017.08333333,9433.228424657535,3443128.375,3469.7378949081167,1266454.3316414626,967.9241323772827,353292.3083177082,218.86986301369862,79887.5
VIPV20_Wp400,20,9.5,public,87635.11963470321,31986818.66666667,23992.453538812784,8757245.541666666,25894.654851706935,9451549.02087303,4708.119063946714,1718463.4583405508,436.1917808219178,159210.0
VIPV20_Wp400,20,9.5,work,105163.02385844747,38384503.70833333,30772.313470319627,11231894.416666664,16994.0007164703,6202810.261511659,4248.500179117575,1550702.5653779148,117.45890410958904,42872.5
VIPV20_Wp400,21,10.0,home,120802.05742009137,44092750.95833335,14415.525342465751,5261666.749999999,4453.398604190132,1625490.4905293982,1477.0015434581305,539105.5633622176,278.82876712328766,101772.5
VIPV20_Wp400,21,10.0,public,88078.90285388126,32148799.541666657,23866.116210045657,8711132.416666664,26030.795408452894,9501240.324085306,4732.871892445978,1727498.2407427821,501.83561643835617,183170.0
VIPV20_Wp400,21,10.0,work,106686.27363013699,38940489.875,22273.72739726027,8129910.499999999,12489.854951118525,4558797.057158262,3122.463737779631,1139699.2642895654,114.98630136986301,41970.0
VIPV20_Wp400,22,10.5,home,108231.02442922373,39504323.916666664,18450.23356164384,6734335.250000002,5713.823657476688,2085545.634978991,1894.9543900173394,691658.3523563289,297.83561643835617,108710.0
VIPV20_Wp400,22,10.5,public,88633.32773972598,32351164.62499998,26228.073630136987,9573246.875,28091.970409183297,10253569.199351903,5107.630983487868,1864285.3089730719,523.8561643835617,191207.5
VIPV20_Wp400,22,10.5,work,107784.7098173516,39341419.083333336,16338.779337899543,5963654.458333333,9023.374963442366,3293531.8616564637,2255.8437408605914,823382.9654141159,110.73287671232876,40417.5
VIPV20_Wp400,23,11.0,home,99482.13356164386,36310978.75000001,24348.70913242009,8887278.833333332,6482.376129630083,2366067.2873149803,2499.7211178055372,912398.207999021,475.1849315068493,173442.5
VIPV20_Wp400,23,11.0,public,89939.94315068497,32828079.25000001,28224.75091324201,10302034.083333334,31100.288942234136,11351605.46391546,5654.597989497118,2063928.266166448,600.1438356164383,219052.5
VIPV20_Wp400,23,11.0,work,108168.52705479453,39481512.375,12387.997031963474,4521618.916666668,6796.661141945554,2480781.3168101273,1699.1652854863885,620195.3292025318,68.75342465753425,25095.0
VIPV20_Wp400,24,11.5,home,94740.94223744294,34580443.91666667,33187.65673515981,12113494.708333332,8829.275018965478,3222685.3819223996,3403.261941542623,1242190.6086630574,525.6986301369863,191880.0
VIPV20_Wp400,24,11.5,public,91235.80662100452,33301069.41666665,30567.628652968044,11157184.458333336,34300.99504172529,12519863.19022973,6236.544553040954,2276338.7618599483,661.1849315068494,241332.5
VIPV20_Wp400,24,11.5,work,107231.6618721461,39139556.58333333,10290.190410958905,3755919.5,5557.023297031161,2028313.5034163739,1389.2558242577902,507078.37585409347,108.08904109589041,39452.5
VIPV20_Wp400,25,12.0,home,95177.44897260274,34739768.875,42365.87191780822,15463543.25,9452.374040922123,3450116.5249365745,4349.495927061666,1587566.0133775084,626.1232876712329,228535.0
VIPV20_Wp400,25,12.0,public,91900.84360730591,33543807.916666657,32062.737671232888,11702899.250000004,36213.4709786078,13217916.907191848,6584.267450655968,2403257.619489428,613.6849315068494,223995.0
VIPV20_Wp400,25,12.0,work,107202.0179223744,39128736.54166666,9794.773630136988,3575092.3750000005,5215.831696071497,1903778.5690660966,1303.9579240178743,475944.64226652414,110.0,40150.0
VIPV20_Wp400,26,12.5,home,96176.53504566211,35104435.29166667,49537.65433789954,18081243.833333332,11053.208729479138,4034421.1862598853,5085.797167502152,1856315.9661382854,607.6780821917808,221802.5
VIPV20_Wp400,26,12.5,public,90664.56974885844,33092567.958333332,31672.497260273984,11560461.500000004,35999.89147004102,13139960.38656497,6545.43481273473,2389083.7066481765,644.917808219178,235395.0
VIPV20_Wp400,26,12.5,work,108017.83904109587,39426511.24999999,10369.303652968036,3784795.833333333,5441.007854513286,1985967.8668973492,1360.2519636283214,496491.9667243373,161.17808219178082,58830.0
VIPV20_Wp400,27,13.0,home,95385.1592465753,34815583.124999985,53592.23264840184,19561164.91666667,11986.7930853975,4375179.476170087,5501.82703711501,2008166.8685469786,625.0068493150685,228127.5
VIPV20_Wp400,27,13.0,public,91952.10639269406,33562518.83333333,33835.82557077626,12350076.333333334,38322.76733930644,13987810.078846851,6967.775879873897,2543238.1961539723,595.568493150685,217382.5
VIPV20_Wp400,27,13.0,work,109857.12203196349,40097849.54166667,11474.011073059362,4188014.041666667,5871.594073225335,2143131.836727247,1467.8985183063337,535782.9591818118,126.93150684931507,46330.0
VIPV20_Wp400,28,13.5,home,99768.47180365298,36415492.208333336,59830.00114155251,21837950.416666664,13313.769248536637,4859525.775715873,6106.408281832401,2228839.0228688265,679.2808219178082,247937.5
VIPV20_Wp400,28,13.5,public,91499.13675799088,33397184.91666667,32774.730251141555,11962776.541666668,37882.69349684846,13827183.126349688,6887.762453972441,2514033.295699941,539.8424657534247,197042.5
VIPV20_Wp400,28,13.5,work,110891.9502283105,40475561.83333333,11052.363127853883,4034112.5416666674,5830.523592800621,2128141.111372227,1457.6308982001553,532035.2778430567,77.62328767123287,28332.5
VIPV20_Wp400,29,14.0,home,109115.63641552509,39827207.29166666,68820.94189497716,25119643.791666664,15213.433322379966,5552903.162668687,6979.717710653713,2547596.964388605,846.3630136986301,308922.5
VIPV20_Wp400,29,14.0,public,87653.0134703196,31993349.916666653,30513.123858447474,11137290.208333328,35191.82806350967,12845017.243181027,6398.514193365395,2335457.680578369,565.6095890410959,206447.5
VIPV20_Wp400,29,14.0,work,109876.53515981736,40104935.333333336,10018.599885844747,3656788.958333333,5399.682077010776,1970883.9581089332,1349.920519252694,492720.9895272333,80.68493150684931,29450.0
VIPV20_Wp400,30,14.5,home,118067.00376712334,43094456.37500002,75694.22100456625,27628390.66666668,16570.838217328128,6048355.949324766,7605.965554024572,2776177.427218969,788.9383561643835,287962.5
VIPV20_Wp400,30,14.5,public,85990.8497716895,31386660.166666668,29859.765068493154,10898814.250000002,34462.42810190031,12578786.257193614,6265.896018527327,2287052.0467624743,488.1917808219178,178190.0
VIPV20_Wp400,30,14.5,work,108010.94965753425,39423996.625,8815.426369863017,3217630.625000001,4752.4727293343985,1734652.5462070554,1188.1181823335996,433663.13655176386,31.226027397260275,11397.5
VIPV20_Wp400,31,15.0,home,130822.47054794527,47750201.75000002,84177.47009132414,30724776.583333313,18954.619623230945,6918436.162479294,8464.838799119194,3089666.161678506,885.7876712328767,323312.5
VIPV20_Wp400,31,15.0,public,84492.84086757989,30839886.91666666,28467.479908675814,10390630.166666672,33310.831996476634,12158453.678713972,6056.5149084503,2210627.9415843594,547.7534246575342,199930.0
VIPV20_Wp400,31,15.0,work,101259.58972602739,36959750.25,6244.951598173517,2279407.3333333335,3475.5975157796825,1268593.0932595842,868.8993789449206,317148.27331489604,15.006849315068493,5477.5
VIPV20_Wp400,32,15.5,home,148809.17442922373,54315348.66666666,94892.21986301376,34635660.25000002,21355.429237231874,7794731.671589633,9531.536134979237,3479010.6892674216,1135.1438356164383,414327.5
VIPV20_Wp400,32,15.5,public,82323.76187214612,30048173.083333332,28693.56347031965,10473150.666666672,33525.641537189666,12236859.161074229,6095.571188579941,2224883.4838316785,545.1712328767123,198987.5
VIPV20_Wp400,32,15.5,work,89511.07910958905,32671543.875000004,3755.196803652967,1370646.833333333,2134.6673136809136,779153.5694935335,533.6668284202284,194788.39237338337,14.965753424657533,5462.5
VIPV20_Wp400,33,16.0,home,175285.70342465752,63979281.74999999,112069.50673515984,40905369.95833334,28577.293138719713,10430711.995632695,11168.706150356522,4076577.7448801305,1291.5342465753424,471410.0
VIPV20_Wp400,33,16.0,public,81145.95057077629,29618271.958333347,29848.75696347032,10894796.291666668,34800.33510007938,12702122.311528971,6327.33365455988,2309476.7839143565,626.8493150684932,228800.0
VIPV20_Wp400,33,16.0,work,74014.56381278537,27015315.791666664,2368.3901826484016,864462.4166666666,1324.132694923415,483308.4336470465,331.0331737308538,120827.10841176163,22.486301369863014,8207.5
VIPV20_Wp400,34,16.5,home,204680.4400684933,74708360.62500006,129074.17534246565,47112073.99999996,32818.27405475993,11978670.029987376,12829.107749231855,4682624.328469627,1332.164383561644,486240.0
VIPV20_Wp400,34,16.5,public,81186.8627853881,29633204.91666666,31623.960273972603,11542745.5,36775.70718836462,13423133.123753086,6686.492216066292,2440569.6588641964,561.8150684931506,205062.5
VIPV20_Wp400,34,16.5,work,57379.85936073059,20943648.666666664,1844.6827625570777,673309.2083333334,1057.2732111489006,385904.72206934873,264.31830278722515,96476.18051733718,16.246575342465754,5930.0
VIPV20_Wp400,35,17.0,home,234130.20993150678,85457526.62499997,142922.98219178081,52166888.5,42420.47267599103,15483472.526736727,14185.733314951345,5177792.659957241,1245.8561643835617,454737.5
VIPV20_Wp400,35,17.0,public,79232.17431506854,28919743.625000015,31398.465981735168,11460440.083333336,36937.70401950422,13482261.967119042,6715.946185364402,2451320.3576580067,555.3904109589041,202717.5
VIPV20_Wp400,35,17.0,work,41401.500456621005,15111547.666666668,1224.0785388127854,446788.6666666667,703.4554274138312,256761.2310060484,175.8638568534578,64190.3077515121,6.2534246575342465,2282.5
VIPV20_Wp400,36,17.5,home,260809.27671232884,95195386.00000003,151383.0041095891,55254796.500000015,45028.42914568915,16435376.63817654,15095.291140353815,5509781.266229142,1121.6849315068494,409415.0
VIPV20_Wp400,36,17.5,public,76693.97237442923,27993299.916666668,29535.221118721456,10780355.708333332,34894.812953090295,12736606.727877958,6344.511446016416,2315746.677795992,476.75342465753425,174015.0
VIPV20_Wp400,36,17.5,work,29060.276484018268,10607000.916666668,908.4453196347032,331582.5416666667,510.51591732061314,186338.3098220238,127.62897933015329,46584.57745550595,8.143835616438356,2972.5
VIPV20_Wp400,37,18.0,home,285263.01609589043,104121000.87500001,156114.57408675802,56981819.54166667,46587.8834802981,17004577.470308807,15630.672893109357,5705195.605984915,1047.2465753424658,382245.0
VIPV20_Wp400,37,18.0,public,73933.5969178082,26985762.874999993,26493.0707762557,9669970.83333333,31406.053120695444,11463209.389053836,5710.191476490079,2084219.888918879,379.4246575342466,138490.0
VIPV20_Wp400,37,18.0,work,19692.98584474886,7187939.833333333,740.5280821917809,270292.75,388.84397755076674,141928.05180602986,97.21099438769168,35482.012951507466,11.917808219178083,4350.0
VIPV20_Wp400,38,18.5,home,305698.58926940645,111579985.08333336,155580.3045662101,56786811.16666669,46668.188868207086,17033888.936895587,15668.693722863838,5719073.208845301,737.8013698630137,269297.5
VIPV20_Wp400,38,18.5,public,72914.62237442924,26613837.16666667,23307.855251141555,8507367.166666668,27218.6902511891,9934821.94168402,4948.852772943472,1806331.2621243673,347.97945205479454,127012.5
VIPV20_Wp400,38,18.5,work,13400.74543378995,4891272.083333332,587.2932648401827,214362.0416666667,288.3451577915561,105245.98259391799,72.08628944788903,26311.495648479497,3.7534246575342465,1370.0
VIPV20_Wp400,39,19.0,home,320345.45159817353,116926089.83333334,146929.9113013699,53629417.625000015,44390.579778292216,16202561.619076658,14910.706271004532,5442407.788916654,605.2671232876712,220922.5
VIPV20_Wp400,39,19.0,public,71931.24691780822,26254905.125,20593.509474885843,7516630.958333332,24747.832406045713,9032958.828206684,4499.605892008312,1642356.150583034,236.1095890410959,86180.0
VIPV20_Wp400,39,19.0,work,9488.01404109589,3463125.125,462.99429223744295,168992.9166666667,236.5323654414805,86334.31338614038,59.13309136037012,21583.578346535094,3.7739726027397262,1377.5
VIPV20_Wp400,40,19.5,home,335096.9618721462,122310391.08333334,137169.91358447477,50067018.45833329,41646.15659508536,15200847.157206157,13994.204213263922,5107884.537841331,564.7602739726027,206137.5
VIPV20_Wp400,40,19.5,public,69980.46780821918,25542870.75,16613.178995433787,6063810.333333333,20110.592573270325,7340366.289243668,3656.471376958241,1334612.0525897578,191.92465753424656,70052.5
VIPV20_Wp400,40,19.5,work,7228.20810502283,2638295.958333333,416.0599315068493,151861.875,246.95840640271777,90139.81833699199,61.73960160067944,22534.954584247997,5.0,1825.0
VIPV20_Wp400,41,20.0,home,347553.52636986284,126857037.12499994,126800.70011415522,46282255.54166666,33690.74468631471,12297121.81050487,12998.827720243895,4744572.1178890215,389.82876712328766,142287.5
VIPV20_Wp400,41,20.0,public,68919.33162100456,25155556.041666664,13020.129908675797,4752347.416666666,15714.961866531532,5735961.081284009,2857.2657939148226,1042902.0147789102,130.67123287671234,47695.0
VIPV20_Wp400,41,20.0,work,5268.917694063926,1923154.9583333333,316.44246575342464,115501.5,206.11283379109378,75231.18433374923,51.528208447773444,18807.796083437308,0.0,0.0
VIPV20_Wp400,42,20.5,home,356604.23116438364,130160544.37500003,114044.92511415527,41626397.66666667,30310.59864203731,11063368.504343618,11724.476182498765,4279433.806612049,338.7260273972603,123635.0
VIPV20_Wp400,42,20.5,public,67743.54771689497,24726394.916666664,9854.343264840183,3596835.291666667,12005.110075590148,4381865.177590404,2182.7472864709357,796702.7595618916,118.04109589041096,43085.0
VIPV20_Wp400,42,20.5,work,3606.105251141553,1316228.4166666667,173.98504566210045,63504.541666666664,120.10679532198888,43838.98029252594,30.02669883049722,10959.745073131486,0.0,0.0
VIPV20_Wp400,43,21.0,home,365025.28116438363,133234227.62500003,100887.1784246575,36823820.124999985,25585.335158048223,9338647.332687601,10424.136880960305,3804809.9615505114,296.76027397260276,108317.5
VIPV20_Wp400,43,21.0,public,67086.2448630137,24486479.375,8039.94988584475,2934581.7083333335,9925.912648183185,3622958.116586862,1804.7113905787603,658719.6575612475,86.16438356164383,31450.0
VIPV20_Wp400,43,21.0,work,2398.2462328767124,875359.875,72.50171232876713,26463.125,52.76467936876952,19259.107969600875,13.19116984219238,4814.776992400219,0.6164383561643836,225.0
VIPV20_Wp400,44,21.5,home,372420.04691780824,135933317.125,89186.90285388129,32553219.54166667,22716.710764723648,8291599.429124131,9250.691598254523,3376502.4333629007,263.8424657534247,96302.5
VIPV20_Wp400,44,21.5,public,66465.24897260273,24259815.874999996,6523.771004566211,2381176.416666667,8176.365238287379,2984373.3119748933,1486.611861506796,542613.3294499805,52.47945205479452,19155.0
VIPV20_Wp400,44,21.5,work,1926.6632420091325,703232.0833333334,59.152511415525105,21590.666666666664,28.078604813294675,10248.690756852557,7.019651203323669,2562.172689213139,1.2465753424657535,455.0
VIPV20_Wp400,45,22.0,home,390140.8109589041,142401396.0,88476.62089041095,32293966.625,18269.51354218895,6668372.442898967,9134.756771094475,3334186.2214494837,715.6095890410959,261197.5
VIPV20_Wp400,45,22.0,public,67055.36529680365,24475208.333333332,6611.432534246575,2413172.875,8176.56074634953,2984444.6724175783,1486.647408427187,542626.3040759233,98.06849315068493,35795.0
VIPV20_Wp400,45,22.0,work,1234.4609589041097,450578.25,30.624200913242007,11177.833333333332,7.421549867901127,2708.8657017839114,1.8553874669752817,677.2164254459778,0.0,0.0
VIPV20_Wp400,46,22.5,home,415196.5417808219,151546737.75,96812.95856164384,35336729.875,19784.357665965043,7221290.548077241,9892.178832982521,3610645.2740386203,812.527397260274,296572.5
VIPV20_Wp400,46,22.5,public,69630.29897260274,25415059.125,8293.31586757991,3027060.291666667,9870.935357982278,3602891.4056635313,1794.7155196331407,655071.1646660963,130.8972602739726,47777.5
VIPV20_Wp400,46,22.5,work,487.0666666666667,177779.33333333334,0.0,0.0,0.0,0.0,0.0,0.0,0.0,0.0
VIPV20_Wp400,47,23.0,home,437694.8114155251,159758606.16666666,103800.24315068492,37887088.75,21068.284217781358,7689923.739490196,10534.142108890679,3844961.869745098,736.417808219178,268792.5
VIPV20_Wp400,47,23.0,public,72736.22773972603,26548723.125,10034.991210045662,3662771.791666667,11852.653358574891,4326218.475879835,2155.0278833772536,786585.1774326975,129.7054794520548,47342.5
VIPV20_Wp400,47,23.0,work,147.64212328767124,53889.375,0.0,0.0,0.0,0.0,0.0,0.0,0.0,0.0
VIPV20_Wp400,48,23.5,home,457599.60913242004,167023857.3333333,107940.37876712331,39398238.25000001,21940.543967171034,8008298.548017427,10970.271983585517,4004149.2740087137,606.3287671232877,221310.0
VIPV20_Wp400,48,23.5,public,75672.83755707763,27620585.708333332,10855.589155251142,3962290.041666667,12966.927512412694,4732928.542030633,2357.6231840750343,860532.4621873875,99.72602739726027,36400.0
VIPV20_Wp400,48,23.5,work,58.63527397260274,21401.875,0.0,0.0,0.0,0.0,0.0,0.0,0.0,0.0
VIPV20_Wp700,1,0.0,home,386134.78926940635,140939198.0833333,103177.82888127852,37659907.54166666,18485.1512164098,6747080.193989577,10464.821642494855,3819659.899510622,1216.3219178082193,443957.5
VIPV20_Wp700,1,0.0,public,63703.53835616438,23251791.5,11249.895776255707,4106211.958333333,13365.787755449403,4878512.530739032,2430.1432282635283,887002.2783161878,241.65753424657535,88205.0
VIPV20_Wp700,1,0.0,work,18.98607305936073,6929.916666666667,18.98607305936073,6929.916666666667,6.892523354353816,2515.771024339143,1.723130838588454,628.9427560847857,1.8767123287671232,685.0
VIPV20_Wp700,2,0.5,home,416527.74668949767,152032627.54166666,121637.36712328765,44397638.99999999,20700.58757389515,7555714.46447173,12253.956530427713,4472694.133606115,841.3767123287671,307102.5
VIPV20_Wp700,2,0.5,public,70315.47945205479,25665150.0,15091.913470319636,5508548.416666667,17639.642835062965,6438469.634797982,3207.2077881932673,1170630.8426905426,191.0068493150685,69717.5
VIPV20_Wp700,2,0.5,work,69.19337899543379,25255.583333333336,69.19337899543379,25255.583333333336,22.63787665736393,8262.824979937834,5.659469164340982,2065.7062449844584,1.2465753424657535,455.0
VIPV20_Wp700,3,1.0,home,431174.48630136985,157378687.5,121992.89406392697,44527406.33333334,20411.947073109586,7450360.681684999,12333.776162125545,4501828.299175824,395.1575342465753,144232.5
VIPV20_Wp700,3,1.0,public,73490.44520547945,26824012.5,14792.572146118724,5399288.833333334,17591.901367863364,6421043.999270128,3198.527521429702,1167462.5453218413,82.65753424657534,30170.0
VIPV20_Wp700,3,1.0,work,93.6986301369863,34200.0,58.2689497716895,21268.166666666668,19.224007118286533,7016.762598174585,4.806001779571633,1754.1906495436463,0.0,0.0
VIPV20_Wp700,4,1.5,home,436941.9756849315,159483821.125,112096.95890410958,40915389.99999999,18755.463004481,6845743.9966355655,11450.523050661823,4179440.9134915653,138.9794520547945,50727.5
VIPV20_Wp700,4,1.5,public,74967.47842465753,27363129.625,11753.341324200912,4289969.583333333,14469.012486812759,5281189.557686657,2630.729543056865,960216.2832157558,41.9041095890411,15295.0
VIPV20_Wp700,4,1.5,work,93.6986301369863,34200.0,26.54794520547945,9690.0,12.814057875776252,4677.131124658332,3.203514468944063,1169.282781164583,0.0,0.0
VIPV20_Wp700,5,2.0,home,438828.4931506849,160172400.0,97926.66027397262,35743231.00000001,16413.25137085682,5990836.750362739,10117.941660879378,3693048.7062209733,44.47260273972603,16232.5
VIPV20_Wp700,5,2.0,public,75498.49315068492,27556950.0,7251.568835616438,2646822.625,9184.607231173379,3352381.639378283,1669.9285874860689,609523.9344324152,11.246575342465754,4105.0
VIPV20_Wp700,5,2.0,work,93.6986301369863,34200.0,18.904109589041095,6900.0,10.99469865467357,4013.065008955853,2.7486746636683925,1003.2662522389633,0.0,0.0
VIPV20_Wp700,6,2.5,home,439355.2397260274,160364662.5,82245.3946347032,30019569.041666668,13783.866562572806,5031111.295339074,8590.26231094099,3135445.7434934615,11.91095890410959,4347.5
VIPV20_Wp700,6,2.5,public,75611.09589041096,27598050.0,3350.298173515982,1222858.8333333335,4355.1807328625655,1589640.9674948363,791.8510423386482,289025.6304536066,1.2602739726027397,460.0
VIPV20_Wp700,6,2.5,work,93.6986301369863,34200.0,17.68584474885845,6455.333333333334,10.28615140803905,3754.4452639342535,2.5715378520097625,938.6113159835634,0.0,0.0
VIPV20_Wp700,7,3.0,home,439444.9706621004,160397414.29166666,65927.91563926938,24063689.208333325,11014.544341468469,4020308.684635991,6949.258273178588,2536479.2697101845,1.2465753424657535,455.0
VIPV20_Wp700,7,3.0,public,75639.24657534246,27608325.0,1203.1863013698633,439163.0000000001,1555.886439397282,567898.550380008,282.88844352677853,103254.28188727416,0.6232876712328768,227.5
VIPV20_Wp700,7,3.0,work,98.2486301369863,35860.75,4.55,1660.75,2.5345247766043872,925.1015434606014,0.6336311941510968,231.27538586515035,0.6232876712328768,227.5
VIPV20_Wp700,8,3.5,home,439313.7506849315,160349519.0,50375.37751141553,18387012.791666668,8340.265089422675,3044196.757639277,5349.318867643627,1952501.3866899237,0.0,0.0
VIPV20_Wp700,8,3.5,public,75639.24657534246,27608325.0,257.163698630137,93864.75,330.18819921442423,120518.69271326484,60.03421803898623,21912.489584229974,0.0,0.0
VIPV20_Wp700,8,3.5,work,112.3972602739726,41025.0,18.698630136986303,6825.0,10.4158552463194,3801.7871649065805,2.60396381157985,950.4467912266451,0.0,0.0
VIPV20_Wp700,9,4.0,home,438424.1869863014,160024828.25,35466.2305936073,12945174.166666664,5794.286640821164,2114914.623899725,3792.660683888713,1384321.1496193802,0.0,0.0
VIPV20_Wp700,9,4.0,public,75657.04429223744,27614821.166666664,156.69817351598172,57194.83333333333,139.90076295412752,51063.77847825654,25.43650235529591,9284.323359683007,8.095890410958905,2955.0
VIPV20_Wp700,9,4.0,work,173.12659817351596,63191.20833333333,79.42796803652968,28991.208333333332,41.051937480361154,14983.957180331821,10.262984370090289,3745.9892950829553,5.0,1825.0
VIPV20_Wp700,10,4.5,home,436520.7987442923,159330091.5416667,22172.024429223748,8092788.916666668,3544.312835536466,1293674.18497081,2388.024774129257,871629.0425571788,0.0,0.0
VIPV20_Wp700,10,4.5,public,75663.75901826484,27617272.041666668,395.2753424657534,144275.5,324.1360894812806,118309.67266066742,58.933834451141934,21510.849574666805,12.486301369863014,4557.5
VIPV20_Wp700,10,4.5,work,514.863698630137,187925.25,416.1308219178082,151887.75,194.93213913944305,71150.23078589671,48.73303478486076,17787.557696474178,22.54794520547945,8230.0
VIPV20_Wp700,11,5.0,home,431419.7302511416,157468201.5416667,11414.853082191776,4166421.374999998,1840.4104852605656,671749.8271201064,1235.6456594440476,451010.6656970774,6.897260273972603,2517.5
VIPV20_Wp700,11,5.0,public,75312.88173515983,27489201.833333336,907.8029680365296,331348.0833333333,816.8522279821613,298151.06321348884,148.51858690584749,54209.284220634334,46.31506849315068,16905.0
VIPV20_Wp700,11,5.0,work,1936.429109589041,706796.625,1785.1996575342466,651597.875,792.624116824602,289307.8026409797,198.1560292061505,72326.95066024493,88.04109589041096,32135.0
VIPV20_Wp700,12,5.5,home,422252.66175799095,154122221.5416667,2294.0909817351594,837343.2083333331,399.3523033141287,145763.59070965697,245.3258914733785,89543.95038778316,8.08904109589041,2952.5
VIPV20_Wp700,12,5.5,public,75077.10787671233,27403144.374999996,2160.924429223744,788737.4166666666,1901.1250774202676,693910.6532583977,345.6591049855031,126165.57331970864,74.38356164383562,27150.0
VIPV20_Wp700,12,5.5,work,5573.1252283105005,2034190.7083333328,5048.218835616438,1842599.8749999998,2253.4135540791344,822495.947238884,563.3533885197836,205623.986809721,144.26712328767124,52657.5
VIPV20_Wp700,13,6.0,home,400611.4885844749,146223193.33333334,845.8776255707763,308745.3333333334,219.08625794366247,79966.4841494368,87.63450317746499,31986.59365977472,4.993150684931507,1822.5
VIPV20_Wp700,13,6.0,public,75248.7055936073,27465777.541666664,4702.453310502284,1716395.4583333337,4394.02418235081,1603818.8265580458,798.9134877001471,291603.4230105537,189.24657534246575,69075.0
VIPV20_Wp700,13,6.0,work,11329.992579908676,4135447.291666667,9581.45559360731,3497231.291666668,4338.757553588815,1583646.5070599178,1084.6893883972039,395911.62676497945,287.472602739726,104927.5
VIPV20_Wp700,14,6.5,home,367819.56700913236,134254141.9583333,749.2519406392694,273476.9583333333,189.6962602379594,69239.13498685518,75.87850409518374,27695.653994742068,7.472602739726027,2727.5
VIPV20_Wp700,14,6.5,public,75397.46518264842,27520074.79166667,9453.473630136985,3450517.8749999995,8737.01537131171,3189010.610528774,1588.5482493294016,579820.1110052316,243.74657534246575,88967.5
VIPV20_Wp700,14,6.5,work,22406.70114155251,8178445.916666666,18325.3098173516,6688738.083333334,8318.932551051506,3036410.3811338,2079.7331377628766,759102.59528345,408.6506849315069,149157.5
VIPV20_Wp700,15,7.0,home,309908.80536529695,113116713.95833339,1105.4543378995434,403490.8333333333,305.42966093621646,111481.82624171901,109.966522435561,40137.780688979765,38.157534246575345,13927.5
VIPV20_Wp700,15,7.0,public,75285.63458904112,27479256.625000007,16010.587899543381,5843864.583333334,14761.92303789943,5388101.908833292,2683.9860068908033,979654.8925151433,529.2602739726027,193180.0
VIPV20_Wp700,15,7.0,work,36956.28470319635,13489043.916666666,27968.74589041097,10208592.250000004,12988.748517622567,4740893.208932237,3247.187129405642,1185223.3022330592,735.2945205479452,268382.5
VIPV20_Wp700,16,7.5,home,241520.00616438352,88154802.24999999,2053.2863013698634,749449.5000000001,564.7029130040835,206116.56324649046,202.17417553739497,73793.57407114917,33.76712328767123,12325.0
VIPV20_Wp700,16,7.5,public,77053.59714611871,28124562.95833333,25219.919292237446,9205270.541666668,23036.0408809703,8408154.92155416,4188.371069267325,1528755.4402825735,590.4246575342465,215505.0
VIPV20_Wp700,16,7.5,work,63619.08493150686,23220966.000000004,47184.04543378997,17222176.58333334,22147.46450489244,8083824.544285741,5536.86612622311,2020956.1360714352,858.917808219178,313505.0
VIPV20_Wp700,17,8.0,home,190816.66894977167,69648084.16666666,2732.790410958904,997468.5,976.7761052485258,356523.27841571195,274.1429853784138,100062.18966312104,43.71232876712329,15955.0
VIPV20_Wp700,17,8.0,public,82015.32625570775,29935594.083333332,30774.068835616443,11232535.125000002,29001.401539334965,10585511.561857263,5272.982098060901,1924638.465792229,552.4794520547945,201655.0
VIPV20_Wp700,17,8.0,work,85134.57831050229,31074121.083333332,57027.73915525117,20815124.791666675,27531.25614965707,10048908.49462483,6882.814037414268,2512227.1236562077,509.1027397260274,185822.5
VIPV20_Wp700,18,8.5,home,161279.76495433794,58867114.20833335,3344.9484018264843,1220906.1666666667,1208.048213759414,440937.5980221861,339.42286879805647,123889.34711129061,88.73287671232876,32387.5
VIPV20_Wp700,18,8.5,public,86347.9133561644,31516988.375000004,30066.200799086757,10974163.291666666,30698.58885106585,11204984.930639036,5581.561609284699,2037269.9873889154,457.2191780821918,166885.0
VIPV20_Wp700,18,8.5,work,95191.35639269406,34744845.08333333,51266.49075342466,18712269.125,26423.28011507448,9644497.242002185,6605.82002876862,2411124.3105005464,281.1232876712329,102610.0
VIPV20_Wp700,19,9.0,home,140508.0363013699,51285433.250000015,5795.998858447489,2115539.5833333335,2120.9602580617716,774150.4941925467,595.444947338789,217337.405778658,141.31506849315068,51580.0
VIPV20_Wp700,19,9.0,public,87458.97020547945,31922524.124999996,27191.181963470324,9924781.416666668,28567.191418084563,10427024.867600866,5194.034803288103,1895822.7032001575,422.52054794520546,154220.0
VIPV20_Wp700,19,9.0,work,101502.3874429224,37048371.41666667,41677.48504566209,15212282.041666664,22492.572710129934,8209789.039197426,5623.143177532484,2052447.2597993566,178.76712328767124,65250.0
VIPV20_Wp700,20,9.5,home,130969.37773972597,47803822.87499998,9440.53789954338,3445796.333333334,3430.652274605477,1252188.080230999,960.4168421380521,350552.147380389,210.06164383561645,76672.5
VIPV20_Wp700,20,9.5,public,87604.3543378996,31975589.33333335,23850.44223744293,8705411.41666667,25867.694736426267,9441708.578795588,4703.217224804776,1716674.2870537434,437.4657534246575,159675.0
VIPV20_Wp700,20,9.5,work,104513.88869863014,38147569.375,31277.387899543384,11416246.583333336,17329.017783146086,6325091.4908483215,4332.2544457865215,1581272.8727120804,114.33561643835617,41732.5
VIPV20_Wp700,21,10.0,home,120336.92876712333,43922979.000000015,14275.329794520543,5210495.374999998,4360.202155725596,1591473.7868398426,1453.1433268696271,530397.3143074139,272.041095890411,99295.0
VIPV20_Wp700,21,10.0,public,88818.79143835619,32418858.875000007,24306.56757990868,8871897.166666668,26886.2282305262,9813473.304142063,4888.405132822945,1784267.8734803752,490.6232876712329,179077.5
VIPV20_Wp700,21,10.0,work,105849.90045662099,38635213.666666664,22197.087328767124,8101936.875,12470.34065848748,4551674.34034793,3117.58516462187,1137918.5850869825,113.14383561643835,41297.5
VIPV20_Wp700,22,10.5,home,107872.26232876714,39373375.75000001,18383.053881278545,6709814.666666669,5615.72524001797,2049739.712606559,1867.9790147681185,681812.3403903632,306.25342465753425,111782.5
VIPV20_Wp700,22,10.5,public,89515.21073059358,32673051.916666657,27120.039383561634,9898814.374999996,30068.80659066475,10975114.405592633,5467.055743757225,1995475.3464713872,539.486301369863,196912.5
VIPV20_Wp700,22,10.5,work,106699.45228310501,38945300.08333333,16691.53356164383,6092409.749999999,9279.362630539768,3386967.3601470157,2319.840657634942,846741.8400367539,106.14383561643835,38742.5
VIPV20_Wp700,23,11.0,home,99408.37408675796,36284056.54166666,24421.52397260274,8913856.25,6502.256882519242,2373323.7621195232,2493.0232659459202,909953.4920702608,451.1232876712329,164660.0
VIPV20_Wp700,23,11.0,public,90325.44200913244,32968786.33333334,28917.81095890412,10555001.000000004,32762.378597390732,11958268.188047618,5956.796108616497,2174230.5796450214,597.7054794520548,218162.5
VIPV20_Wp700,23,11.0,work,106980.03618721462,39047713.208333336,12719.75890410959,4642712.000000001,6974.438758781754,2545670.14695534,1743.6096896954384,636417.536738835,66.1986301369863,24162.5
VIPV20_Wp700,24,11.5,home,94880.62739726028,34631429.0,32930.28093607304,12019552.54166666,8842.007975342998,3227332.911000194,3386.0129788039967,1235894.7372634588,535.554794520548,195477.5
VIPV20_Wp700,24,11.5,public,90616.46746575343,33075010.625000004,30492.335502283113,11129702.458333336,34817.91894095743,12708540.413449463,6330.530716537714,2310643.711536266,627.9657534246576,229207.5
VIPV20_Wp700,24,11.5,work,105485.17351598175,38502088.333333336,9542.399543378995,3482975.8333333335,5165.245604877524,1885314.6457802963,1291.311401219381,471328.6614450741,83.6917808219178,30547.5
VIPV20_Wp700,25,12.0,home,94994.83150684931,34673113.5,42223.03253424659,15411406.875000006,9402.331621848758,3431851.0419747964,4315.572169217449,1575183.841764369,614.3561643835617,224240.0
VIPV20_Wp700,25,12.0,public,90370.13253424659,32985098.375000004,31397.826484018267,11460206.666666668,35999.93351882635,13139975.734371617,6545.442457968422,2389086.497158474,630.0616438356165,229972.5
VIPV20_Wp700,25,12.0,work,105033.76917808219,38337325.75,8650.476255707763,3157423.8333333335,4563.925422743654,1665832.7793014338,1140.9813556859135,416458.19482535846,120.12328767123287,43845.0
VIPV20_Wp700,26,12.5,home,95526.9238584475,34867327.208333336,48897.009360730604,17847408.41666667,10910.919308751865,3982485.5476944307,5008.782569237371,1828205.6377716402,585.6027397260274,213745.0
VIPV20_Wp700,26,12.5,public,88994.1616438356,32482868.999999996,32232.69623287671,11764934.125,36661.630533148484,13381495.144599196,6665.751006027,2432999.117199855,642.0616438356165,234352.5
VIPV20_Wp700,26,12.5,work,105949.17910958904,38671450.375,9515.422031963471,3473129.041666667,4786.119606860246,1746933.6565039898,1196.5299017150614,436733.41412599746,143.75342465753425,52470.0
VIPV20_Wp700,27,13.0,home,94555.90913242007,34512906.83333333,52006.30228310501,18982300.33333333,11638.10364766396,4247907.831397345,5343.1929244478315,1950265.4174234585,622.0890410958904,227062.5
VIPV20_Wp700,27,13.0,public,89836.82968036535,32790442.833333354,33185.91210045662,12112857.916666666,37976.646108004315,13861475.829421576,6904.844746909874,2520268.332622104,594.8356164383562,217115.0
VIPV20_Wp700,27,13.0,work,107148.48835616437,39109198.24999999,10166.79086757991,3710878.6666666674,5085.74974913108,1856298.658432844,1271.43743728277,464074.664608211,110.03424657534246,40162.5
VIPV20_Wp700,28,13.5,home,99064.13344748861,36158408.70833334,58085.8878995434,21201349.08333334,12897.369515200911,4707539.8730483325,5920.943579307521,2161144.4064472453,671.2808219178082,245017.5
VIPV20_Wp700,28,13.5,public,89238.41118721462,32572020.083333336,32254.87511415526,11773029.41666667,37538.20440404023,13701444.607474685,6825.128073461858,2491171.746813578,532.2671232876712,194277.5
VIPV20_Wp700,28,13.5,work,107792.12077625572,39344124.083333336,9391.199429223747,3427787.7916666674,4969.2890334581625,1813790.4972122293,1242.3222583645406,453447.6243030573,65.58904109589041,23940.0
VIPV20_Wp700,29,14.0,home,108096.93242009127,39455380.33333331,67198.20171232877,24527343.625,14844.686738799162,5418310.659661694,6807.607713658058,2484776.815485191,848.1780821917808,309585.0
VIPV20_Wp700,29,14.0,public,86679.03127853882,31637846.41666667,30418.1915525114,11102639.91666666,35335.24595117685,12897364.772179548,6424.590172941246,2344975.413123555,556.3698630136986,203075.0
VIPV20_Wp700,29,14.0,work,106558.71529680364,38893931.08333333,8632.645890410957,3150915.7499999995,4674.784373047287,1706296.2961622598,1168.6960932618217,426574.07404056494,76.84931506849315,28050.0
VIPV20_Wp700,30,14.5,home,116555.09246575342,42542608.75,74009.07226027401,27013311.375000015,16294.634540159597,5947541.607158253,7469.692650184733,2726437.8173174276,793.3287671232877,289565.0
VIPV20_Wp700,30,14.5,public,85571.74292237441,31233686.16666666,29843.815981735155,10892992.833333332,35235.31336351791,12860889.377684038,6406.420611548712,2338343.52321528,503.85616438356163,183907.5
VIPV20_Wp700,30,14.5,work,105345.39657534244,38451069.74999999,8023.875342465753,2928714.5,4424.522471832445,1614950.7022188425,1106.1306179581113,403737.6755547106,38.06849315068493,13895.0
VIPV20_Wp700,31,15.0,home,129113.40730593608,47126393.66666667,82776.48310502285,30213416.333333343,18667.87017750955,6813772.614790985,8323.72666078975,3038160.231188259,897.9589041095891,327755.0
VIPV20_Wp700,31,15.0,public,84509.0665525114,30845809.291666664,29056.951141552505,10605787.166666664,34060.08371893151,12431930.557410004,6192.742494351187,2260351.0104381833,543.3082191780821,198307.5
VIPV20_Wp700,31,15.0,work,99214.8102739726,36213405.75,6021.4367579908685,2197824.416666667,3429.6129091926095,1251808.7118553026,857.4032272981524,312952.17796382564,17.52054794520548,6395.0
VIPV20_Wp700,32,15.5,home,147500.17739726024,53837564.749999985,94419.3820776256,34463074.45833334,21249.251317119848,7755976.730748745,9465.270302867822,3454823.660546755,1138.0205479452054,415377.5
VIPV20_Wp700,32,15.5,public,82166.43196347033,29990747.66666667,29038.9388127854,10599212.666666672,33836.36055601408,12350271.60294514,6152.065555638919,2245503.9278082056,534.8767123287671,195230.0
VIPV20_Wp700,32,15.5,work,88182.72465753424,32186694.499999996,4323.4309360730595,1578052.2916666667,2502.132781743118,913278.465336238,625.5331954357795,228319.6163340595,15.013698630136986,5480.0
VIPV20_Wp700,33,16.0,home,173279.78904109594,63247123.000000015,111198.92899543382,40587609.08333334,28349.510223287383,10347571.231499895,11084.4875655473,4045837.9614247647,1248.2945205479452,455627.5
VIPV20_Wp700,33,16.0,public,80854.53721461183,29511906.08333332,30199.786073059367,11022921.91666667,35410.38106493565,12924789.088701513,6438.251102715572,2349961.652491184,590.4589041095891,215517.5
VIPV20_Wp700,33,16.0,work,72742.29143835614,26550936.374999993,3019.89703196347,1102262.4166666665,1698.6928679912996,620022.8968168243,424.6732169978249,155005.72420420608,15.616438356164384,5700.0
VIPV20_Wp700,34,16.5,home,202548.31426940643,73930134.70833334,128283.81312785378,46823591.79166663,32618.982591125547,11905928.645760825,12758.44926234569,4656833.980756177,1378.1164383561643,503012.5
VIPV20_Wp700,34,16.5,public,80019.57180365294,29207143.708333325,31072.63698630136,11341512.499999996,35798.08141915052,13066299.71798994,6508.742076209185,2375690.8578163525,558.8493150684932,203980.0
VIPV20_Wp700,34,16.5,work,55914.128995433806,20408657.08333334,2185.1486301369864,797579.2500000001,1266.4383319944195,462249.99117796315,316.6095829986049,115562.49779449079,10.650684931506849,3887.5
VIPV20_Wp700,35,17.0,home,232583.72785388122,84893060.66666664,143874.59257990873,52514226.29166669,42715.0155664497,15590980.68175414,14276.205014362702,5210814.830242386,1233.4246575342465,450200.0
VIPV20_Wp700,35,17.0,public,77934.39509132423,28446054.208333343,29929.402054794522,10924231.75,34709.7285840649,12669050.933183689,6310.859742557256,2303463.8060333985,527.9657534246576,192707.5
VIPV20_Wp700,35,17.0,work,39652.84611872146,14473288.833333334,1268.569292237443,463027.7916666667,702.4918770802205,256409.5351342805,175.62296927005514,64102.38378357013,8.76027397260274,3197.5
VIPV20_Wp700,36,17.5,home,258577.78675799083,94380892.16666666,151186.72773972605,55183155.62500001,45011.16281975154,16429074.429209312,15071.382773232473,5501054.712229853,1122.1438356164383,409582.5
VIPV20_Wp700,36,17.5,public,75731.79212328764,27642104.12499999,28208.06404109589,10295943.375,33289.57982706106,12150696.636877287,6052.650877647463,2209217.570341324,474.6164383561644,173235.0
VIPV20_Wp700,36,17.5,work,27402.4698630137,10001901.5,720.5050228310502,262984.3333333333,386.8271839343848,141191.92213605045,96.7067959835962,35297.98053401261,6.890410958904109,2515.0
VIPV20_Wp700,37,18.0,home,283483.20662100456,103471370.41666667,156220.13310502275,57020348.583333306,46721.67974101271,17053413.10546964,15654.239888530625,5713797.559313678,1057.9041095890411,386135.0
VIPV20_Wp700,37,18.0,public,74082.79372146119,27040219.708333332,26542.68995433789,9688081.83333333,31269.556743347537,11413388.211321851,5685.3739533359185,2075161.4929676102,387.3013698630137,141365.0
VIPV20_Wp700,37,18.0,work,18777.048173515977,6853622.583333331,756.9913242009134,276301.8333333334,394.08418331762516,143840.72691093318,98.52104582940629,35960.181727733296,14.280821917808218,5212.5
VIPV20_Wp700,38,18.5,home,303546.00993150694,110794293.62500003,154866.548630137,56526290.25,46591.72044065456,17005977.960838914,15616.646171501641,5700075.852598099,735.3082191780821,268387.5
VIPV20_Wp700,38,18.5,public,72442.05593607305,26441350.416666664,23102.668835616434,8432474.124999998,26672.1525609745,9735335.684755692,4849.482283813547,1770061.0335919447,321.09589041095893,117200.0
VIPV20_Wp700,38,18.5,work,12996.808675799086,4743835.166666666,638.1941780821918,232940.875,322.17911198232764,117595.3758735496,80.54477799558191,29398.8439683874,0.6232876712328768,227.5
VIPV20_Wp700,39,19.0,home,317935.50022831035,116046457.58333327,146048.1118721462,53307560.83333336,44191.68078035301,16129963.484828848,14819.468606459255,5409106.041357628,606.4931506849315,221370.0
VIPV20_Wp700,39,19.0,public,70856.0149543379,25862445.458333332,19315.579109589034,7050186.374999998,22871.572383219493,8348123.919875115,4158.467706039907,1517840.712704566,204.83561643835617,74765.0
VIPV20_Wp700,39,19.0,work,8989.510045662102,3281171.166666667,532.225913242009,194262.4583333333,295.5839230267784,107888.13190477411,73.8959807566946,26972.032976193528,5.623287671232877,2052.5
VIPV20_Wp700,40,19.5,home,332057.4321917809,121200962.75000001,136456.82876712325,49806742.49999999,41566.18841120492,15171658.770089798,13930.793677553685,5084739.692307095,524.2328767123288,191345.0
VIPV20_Wp700,40,19.5,public,68989.96643835616,25181337.75,15546.455251141557,5674456.166666668,18653.41055456658,6808494.852416802,3391.5291917393783,1237908.154984873,193.0205479452055,70452.5
VIPV20_Wp700,40,19.5,work,6669.257990867581,2434279.166666667,515.7352739726027,188243.375,312.00612451607094,113882.23544836589,78.00153112901774,28470.55886209147,7.513698630136986,2742.5
VIPV20_Wp700,41,20.0,home,343550.1624429223,125395809.29166664,125254.42203196345,45717864.04166666,33346.43027401123,12171447.0500141,12848.556734983644,4689723.20826903,378.5753424657534,138180.0
VIPV20_Wp700,41,20.0,public,68327.42363013698,24939509.625,12663.948858447488,4622341.333333333,15241.876400833524,5563284.886304236,2771.2502546970036,1011506.3429644064,126.26712328767124,46087.5
VIPV20_Wp700,41,20.0,work,4910.924771689497,1792487.5416666665,443.15445205479455,161751.375,278.16303288845717,101529.50700428686,69.54075822211429,25382.376751071715,0.0,0.0
VIPV20_Wp700,42,20.5,home,352555.6462328767,128682810.87499999,112704.97317351594,41137315.20833332,30111.86535997921,10990830.856392412,11600.930475942489,4234339.623719009,329.2671232876712,120182.5
VIPV20_Wp700,42,20.5,public,67251.28093607305,24546717.541666664,9897.513356164385,3612592.3750000005,11890.685641477061,4340100.259139127,2161.94284390492,789109.1380252958,115.6027397260274,42195.0
VIPV20_Wp700,42,20.5,work,3281.9528538812783,1197912.7916666665,250.6601598173516,91490.95833333333,165.64005291371032,60458.61931350426,41.41001322842758,15114.654828376066,0.0,0.0
VIPV20_Wp700,43,21.0,home,361015.3581050229,131770605.70833337,99856.04783105028,36447457.45833335,25448.297347336935,9288628.531777982,10318.345829413778,3766196.227736029,286.9109589041096,104722.5
VIPV20_Wp700,43,21.0,public,66600.08710045661,24309031.791666664,7654.303652968037,2793820.8333333335,9230.626774793618,3369178.7727996707,1678.2957772352029,612577.958690849,89.28767123287672,32590.0
VIPV20_Wp700,43,21.0,work,2018.0101598173515,736573.7083333333,106.56118721461186,38894.83333333333,66.46967227205765,24261.43037930104,16.617418068014413,6065.35759482526,1.8835616438356164,687.5
VIPV20_Wp700,44,21.5,home,367994.7892694064,134318098.08333334,86948.04463470321,31736036.29166667,22262.24628677165,8125719.8946716525,9017.808456819588,3291500.08673915,247.91095890410958,90487.5
VIPV20_Wp700,44,21.5,public,65998.34680365298,24089396.583333336,6102.404566210046,2227377.666666667,7442.96490063612,2716682.1887321835,1353.2663455702034,493942.2161331242,46.89041095890411,17115.0
VIPV20_Wp700,44,21.5,work,1411.2159817351599,515093.8333333333,54.420890410958904,19863.625,33.83576545526306,12350.054391171016,8.458941363815764,3087.513597792754,0.0,0.0
VIPV20_Wp700,45,22.0,home,385397.24817351584,140669995.58333328,86356.50068493151,31520122.75,17847.662443546466,6514396.79189446,8923.831221773233,3257198.39594723,709.1643835616438,258845.0
VIPV20_Wp700,45,22.0,public,66550.0810502283,24290779.58333333,6177.1947488584465,2254676.083333333,7500.220199050018,2737580.3726532566,1363.6763998272756,497741.8859369556,102.85616438356165,37542.5
VIPV20_Wp700,45,22.0,work,849.8747716894977,310204.2916666667,7.7465753424657535,2827.5,5.03446196260877,1837.5786163522012,1.2586154906521925,459.3946540880503,0.0,0.0
VIPV20_Wp700,46,22.5,home,410740.87191780814,149920418.24999997,95692.41095890409,34927729.99999999,19562.71230986244,7140389.99309979,9781.35615493122,3570194.996549895,823.7945205479452,300685.0
VIPV20_Wp700,46,22.5,public,69130.23390410958,25232535.375,8058.879337899545,2941490.958333334,9668.551404291251,3529021.2625663066,1757.918437143864,641640.2295575103,124.58219178082192,45472.5
VIPV20_Wp700,46,22.5,work,275.0670091324201,100399.45833333333,0.0,0.0,0.0,0.0,0.0,0.0,0.0,0.0
VIPV20_Wp700,47,23.0,home,432489.40228310495,157858631.8333333,102610.96974885845,37453003.958333336,20841.65316411349,7607203.404901424,10420.826582056745,3803601.702450712,714.6712328767123,260855.0
VIPV20_Wp700,47,23.0,public,71651.46152968037,26152783.458333336,9427.000684931505,3440855.2499999995,11357.763345408264,4145583.621074016,2065.0478809833203,753742.476558912,98.02739726027397,35780.0
VIPV20_Wp700,47,23.0,work,81.9876712328767,29925.5,0.0,0.0,0.0,0.0,0.0,0.0,0.0,0.0
VIPV20_Wp700,48,23.5,home,451941.87431506836,164958784.12499994,106884.77283105023,39012942.083333336,21711.975669757834,7924871.119461609,10855.987834878917,3962435.5597308045,581.7191780821918,212327.5
VIPV20_Wp700,48,23.5,public,74316.94920091324,27125686.458333332,10052.899543378993,3669308.3333333326,12148.339959772968,4434144.085317133,2208.789083595085,806208.0155122059,99.72602739726027,36400.0
VIPV20_Wp700,48,23.5,work,18.65456621004566,6808.916666666666,0.0,0.0,0.0,0.0,0.0,0.0,0.0,0.0
VIPV20_Wp1000,1,0.0,home,385316.8923515982,140640665.70833334,102415.1618721461,37381534.08333333,18340.303976497085,6694210.951421436,10396.127584532353,3794586.5683543086,1217.0684931506848,444230.0
VIPV20_Wp1000,1,0.0,public,63849.72283105023,23305148.833333336,10866.554452054794,3966292.375,13153.774677531681,4801127.757299064,2391.5953959148515,872932.3195089208,211.45890410958904,77182.5
VIPV20_Wp1000,1,0.0,work,25.278995433789955,9226.833333333334,6.374885844748859,2326.8333333333335,1.6099325879407849,587.6253945983865,0.4024831469851962,146.90634864959662,0.6301369863013698,230.0
VIPV20_Wp1000,2,0.5,home,416746.5773972603,152112500.75,122471.40136986306,44702061.500000015,20837.83624613794,7605810.229840348,12336.246797276053,4502730.08100576,859.5,313717.5
VIPV20_Wp1000,2,0.5,public,70044.7602739726,25566337.5,14147.801826484016,5163947.666666666,16548.722753708385,6040283.805103561,3008.8586824924346,1098233.4191097387,182.92465753424656,66767.5
VIPV20_Wp1000,2,0.5,work,37.80821917808219,13800.0,18.904109589041095,6900.0,4.774099931290632,1742.5464749210805,1.193524982822658,435.63661873027013,0.0,0.0
VIPV20_Wp1000,3,1.0,home,430687.602739726,157200975.0,122118.2916666667,44573176.45833334,20483.74704258676,7476567.670544168,12353.46403935997,4509014.374366389,367.0,133955.0
VIPV20_Wp1000,3,1.0,public,73342.9109589041,26770162.5,14230.200342465756,5194023.125000001,16887.488411694023,6163933.270268318,3070.452438489821,1120715.1400487847,86.45205479452055,31555.0
VIPV20_Wp1000,3,1.0,work,37.80821917808219,13800.0,4.663013698630137,1702.0,1.1776113163850224,429.82813048053316,0.2944028290962556,107.45703262013329,0.0,0.0
VIPV20_Wp1000,4,1.5,home,436407.94520547945,159288900.0,112056.3670091324,40900573.95833333,18773.96089681536,6852495.727337606,11450.661565812772,4179491.4715216616,136.4931506849315,49820.0
VIPV20_Wp1000,4,1.5,public,74872.41872146119,27328432.833333336,11326.38344748858,4134129.958333332,13930.867537841263,5084766.651312061,2532.8850068802267,924503.0275112827,43.17123287671233,15757.5
VIPV20_Wp1000,4,1.5,work,37.80821917808219,13800.0,0.0,0.0,0.0,0.0,0.0,0.0,0.0,0.0
VIPV20_Wp1000,5,2.0,home,438248.11643835617,159960562.5,97539.48607305938,35601912.41666667,16360.938110581657,5971742.410362305,10074.330810890344,3677130.7459749756,42.56164383561644,15535.0
VIPV20_Wp1000,5,2.0,public,75257.97945205479,27469162.5,6906.595319634703,2520907.2916666665,8759.075364810957,3197062.5081559992,1592.559157238355,581284.0923919996,7.506849315068493,2740.0
VIPV20_Wp1000,5,2.0,work,37.80821917808219,13800.0,0.0,0.0,0.0,0.0,0.0,0.0,0.0,0.0
VIPV20_Wp1000,6,2.5,home,438745.9931506849,160142287.5,81531.43527397259,29758973.874999993,13666.068344390702,4988114.945702606,8507.23207687993,3105139.708061175,11.89041095890411,4340.0
VIPV20_Wp1000,6,2.5,public,75379.82876712328,27513637.5,3206.3931506849317,1170333.5,4195.821891280952,1531474.9903175472,762.8767075056276,278449.99823955406,2.493150684931507,910.0
VIPV20_Wp1000,6,2.5,work,37.80821917808219,13800.0,0.0,0.0,0.0,0.0,0.0,0.0,0.0,0.0
VIPV20_Wp1000,7,3.0,home,438838.9340182648,160176210.91666666,64862.95742009131,23674979.45833333,10830.178726009568,3953015.2349934923,6829.3852808194,2492725.6274990807,1.8767123287671232,685.0
VIPV20_Wp1000,7,3.0,public,75392.00342465754,27518081.25,1127.4535388127854,411520.5416666667,1501.65592552092,548104.4128151358,273.0283500947128,99655.34778457016,0.0,0.0
VIPV20_Wp1000,7,3.0,work,42.358219178082194,15460.75,4.55,1660.75,2.5803983346461123,941.8453921458309,0.6450995836615281,235.46134803645774,0.6232876712328768,227.5
VIPV20_Wp1000,8,3.5,home,438719.99714611867,160132798.9583333,49331.4796803653,18005990.083333336,8199.201905667856,2992708.6955687674,5240.184992469638,1912667.5222514179,0.0,0.0
VIPV20_Wp1000,8,3.5,public,75392.93333333332,27518420.666666664,372.0559360730594,135800.4166666667,482.0558434976901,175950.3828766569,87.64651699958002,31990.978704846708,0.6301369863013698,230.0
VIPV20_Wp1000,8,3.5,work,56.50684931506849,20625.0,18.698630136986303,6825.0,10.60437671772375,3870.597501969168,2.6510941794309373,967.649375492292,0.0,0.0
VIPV20_Wp1000,9,4.0,home,437987.9948630137,159865618.125,34261.26541095892,12505361.875000006,5633.549822127669,2056245.6850765992,3667.8039036301616,1338748.424825009,0.0,0.0
VIPV20_Wp1000,9,4.0,public,75431.05159817351,27532333.833333332,230.32077625570776,84067.08333333333,210.76763634713743,76930.18726670516,38.321388426752264,13987.306775764577,8.150684931506849,2975.0
VIPV20_Wp1000,9,4.0,work,127.81689497716896,46653.16666666667,90.00867579908677,32853.16666666667,48.15850858268837,17577.855632681254,12.039627145672092,4394.4639081703135,8.732876712328768,3187.5
VIPV20_Wp1000,10,4.5,home,436141.4811643836,159191640.625,21346.682990867583,7791539.291666668,3437.314765492077,1254619.8894046082,2300.5685801432205,839707.5317522754,0.0,0.0
VIPV20_Wp1000,10,4.5,public,75531.30194063927,27568925.208333336,514.2211187214612,187690.7083333333,497.56357578550393,181610.70516170893,90.46610468827343,33020.1282112198,16.863013698630137,6155.0
VIPV20_Wp1000,10,4.5,work,728.9066210045663,266050.9166666667,691.0984018264841,252250.9166666667,335.952674936078,122622.72635166846,83.9881687340195,30655.681587917115,31.17808219178082,11380.0
VIPV20_Wp1000,11,5.0,home,430654.58892694075,157188924.95833337,10792.291780821917,3939186.5,1716.0319420785295,626351.6588586633,1166.6751190564667,425836.41845561034,4.986301369863014,1820.0
VIPV20_Wp1000,11,5.0,public,74870.11152968038,27327590.70833334,813.8696347031964,297062.4166666667,767.1908145453921,280024.6473090681,139.48923900825312,50913.57223801239,41.178082191780824,15030.0
VIPV20_Wp1000,11,5.0,work,2212.296232876712,807488.1249999999,2107.9829908675797,769413.7916666666,918.3725059383391,335205.96466749377,229.5931264845848,83801.49116687344,87.41780821917808,31907.5
VIPV20_Wp1000,12,5.5,home,421405.2389269406,153812912.2083333,2142.105365296804,781868.4583333335,351.08789516485206,128147.081735171,226.90713688168472,82821.10496181493,10.006849315068493,3652.5
VIPV20_Wp1000,12,5.5,public,74694.8404109589,27263616.75,2153.085273972603,785876.125,1975.5372073212347,721071.0806722507,359.1885831493153,131103.8328495001,73.84246575342466,26952.5
VIPV20_Wp1000,12,5.5,work,5590.493150684932,2040530.0,4963.271803652968,1811594.2083333333,2195.2350008065723,801260.7752943989,548.8087502016431,200315.19382359972,118.66438356164383,43312.5
VIPV20_Wp1000,13,6.0,home,399892.46335616446,145960749.12500003,717.6906392694063,261957.0833333333,179.86905905838472,65652.20655631043,71.94762362335389,26260.88262252417,3.767123287671233,1375.0
VIPV20_Wp1000,13,6.0,public,74539.93595890411,27207076.625,4749.4058219178105,1733533.1250000007,4392.234237832151,1603165.4968087352,798.5880432422091,291484.6357834063,193.68493150684932,70695.0
VIPV20_Wp1000,13,6.0,work,10711.433219178081,3909673.125,8828.532648401828,3222414.416666667,3982.0793968413827,1453458.9798471048,995.5198492103457,363364.7449617762,283.83561643835617,103600.0
VIPV20_Wp1000,14,6.5,home,366492.55148401833,133769781.29166669,607.9132420091323,221888.3333333333,157.6602032918106,57545.97420151087,63.06408131672424,23018.38968060435,8.13013698630137,2967.5
VIPV20_Wp1000,14,6.5,public,74042.60787671235,27025551.875000007,9231.459246575341,3369482.6249999995,8178.90958916765,2985302.000046192,1487.0744707577549,542782.1818265805,223.0205479452055,81402.5
VIPV20_Wp1000,14,6.5,work,21703.561529680366,7921799.958333334,17558.77568493151,6408953.125,7899.814801990448,2883432.402726514,1974.953700497612,720858.1006816284,402.486301369863,146907.5
VIPV20_Wp1000,15,7.0,home,309364.7578767123,112918136.625,975.9829908675798,356233.7916666666,284.2374905223157,103746.68404064522,100.95758633065182,36849.519010687916,29.986301369863014,10945.0
VIPV20_Wp1000,15,7.0,public,73026.84155251143,26654797.16666667,14532.498630136992,5304362.000000002,13586.496159202128,4959071.098108777,2470.2720289458407,901649.2905652318,506.09589041095893,184725.0
VIPV20_Wp1000,15,7.0,work,36469.72180365295,13311448.458333328,27555.358789954338,10057705.958333334,12636.53417939978,4612334.97548092,3159.133544849945,1153083.74387023,740.6849315068494,270350.0
VIPV20_Wp1000,16,7.5,home,240794.02602739725,87889819.5,1500.1283105022833,547546.8333333334,423.12296284894643,154439.88143986545,153.1921974418298,55915.152066267874,18.73972602739726,6840.0
VIPV20_Wp1000,16,7.5,public,74976.76278538808,27366518.416666653,24239.887214611874,8847558.833333334,22541.218041401913,8227544.585111698,4098.403280254891,1495917.1972930352,614.2876712328767,224215.0
VIPV20_Wp1000,16,7.5,work,62895.107534246556,22956714.249999993,46810.886643835605,17085973.624999996,21636.107542882743,7897179.253152201,5409.026885720686,1974294.8132880502,838.527397260274,306062.5
VIPV20_Wp1000,17,8.0,home,189801.4191780821,69277517.99999997,2035.1077625570774,742814.3333333333,739.2334446272472,269820.2072889452,211.4406138943946,77175.82407145403,47.45890410958904,17322.5
VIPV20_Wp1000,17,8.0,public,80394.53025114158,29344003.54166668,30949.23652968036,11296471.33333333,29522.285103291208,10775634.06270129,5367.688200598399,1959206.1932184156,541.8150684931506,197762.5
VIPV20_Wp1000,17,8.0,work,83572.52545662099,30503971.79166666,54788.96757990867,19997973.166666664,26461.557937811023,9658468.647301024,6615.389484452756,2414617.161825256,494.986301369863,180670.0
VIPV20_Wp1000,18,8.5,home,160126.0877853881,58446022.04166666,2929.5615296803658,1069289.9583333335,1059.1810099678405,386601.0686382618,302.85230301055344,110541.09059885201,92.3972602739726,33725.0
VIPV20_Wp1000,18,8.5,public,84460.23630136986,30827986.25,30775.128652968036,11232921.958333334,31370.153627189495,11450106.073924165,5703.664295852637,2081837.4679862126,474.33561643835617,173132.5
VIPV20_Wp1000,18,8.5,work,93601.52066210045,34164555.041666664,48854.33744292237,17831833.166666664,25161.469347183476,9183936.31172197,6290.367336795869,2295984.0779304923,275.73972602739724,100645.0
VIPV20_Wp1000,19,9.0,home,139916.98162100455,51069698.291666664,5803.398630136986,2118240.5,2075.8822377408965,757697.0167754273,589.4963637767337,215166.1727785078,146.24657534246575,53380.0
VIPV20_Wp1000,19,9.0,public,85629.62397260279,31254812.750000015,27292.478767123288,9961754.75,28907.172807946154,10551118.074900346,5255.849601444751,1918385.104527334,403.59589041095893,147312.5
VIPV20_Wp1000,19,9.0,work,99459.63344748861,36302766.20833334,39723.0210045662,14498902.666666664,21606.050780975645,7886208.5350561105,5401.512695243911,1971552.1337640276,155.66438356164383,56817.5
VIPV20_Wp1000,20,9.5,home,129937.5123287671,47427191.99999999,9124.136986301368,3330309.999999999,3284.302948391577,1198770.5761629257,928.6121141989004,338943.42168259865,188.15753424657535,68677.5
VIPV20_Wp1000,20,9.5,public,85759.92260273975,31302371.750000007,23713.326369863014,8655364.125,25709.89137173491,9384110.350683242,4674.525703951801,1706201.8819424072,441.2945205479452,161072.5
VIPV20_Wp1000,20,9.5,work,102458.09018264842,37397202.91666667,29609.30547945206,10807396.500000002,16608.33908949579,6062043.767665963,4152.084772373947,1515510.9419164907,110.63013698630137,40380.0
VIPV20_Wp1000,21,10.0,home,118752.06609589043,43344504.12500001,13645.14897260274,4980479.375,4217.025642301568,1539214.3594400722,1390.531556717666,507544.01820194814,277.56849315068496,101312.5
VIPV20_Wp1000,21,10.0,public,86402.2861872146,31536834.458333332,23714.29771689497,8655718.666666664,25751.436395252564,9399274.284267185,4682.079344591377,1708958.9607758524,495.02054794520546,180682.5
VIPV20_Wp1000,21,10.0,work,103910.73778538815,37927419.29166667,21745.793721461196,7937214.708333336,12375.91464782664,4517208.846456723,3093.97866195666,1129302.2116141808,107.4041095890411,39202.5
VIPV20_Wp1000,22,10.5,home,106724.02694063929,38954269.83333334,18051.34006849316,6588739.125000003,5557.466866731546,2028475.4063570146,1833.7280522496512,669310.7390711227,313.74657534246575,114517.5
VIPV20_Wp1000,22,10.5,public,87266.54999999999,31852290.749999996,26716.447488584476,9751503.333333334,28773.86417458571,10502460.423723783,5231.61166810649,1909538.2588588689,531.1780821917808,193880.0
VIPV20_Wp1000,22,10.5,work,104881.677283105,38281812.20833333,16545.397488584473,6039070.083333333,9237.61768007499,3371730.453227372,2309.4044200187477,842932.613306843,107.57534246575342,39265.0
VIPV20_Wp1000,23,11.0,home,98997.23002283103,36133988.95833333,24788.155251141558,9047676.666666668,6558.51909301727,2393859.4689513035,2523.9861371989737,921254.9400776254,467.97945205479454,170812.5
VIPV20_Wp1000,23,11.0,public,88375.89166666668,32257200.458333336,27995.648515981742,10218411.708333336,31024.551627582015,11323961.344067436,5640.827568651279,2058902.0625577169,596.5479452054794,217740.0
VIPV20_Wp1000,23,11.0,work,105382.4372146119,38464589.58333334,12991.23595890411,4741801.125,7142.685649525834,2607080.2620769297,1785.6714123814586,651770.0655192324,71.87671232876713,26235.0
VIPV20_Wp1000,24,11.5,home,93871.49577625566,34263095.95833331,32596.812671232867,11897836.624999996,8733.173118341989,3187608.1881948262,3345.9408553237677,1221268.4121931752,491.3972602739726,179360.0
VIPV20_Wp1000,24,11.5,public,88257.44646118718,32213967.95833332,28493.682648401835,10400194.16666667,31961.493940098342,11665945.288135896,5811.180716381516,2121080.961479253,580.972602739726,212055.0
VIPV20_Wp1000,24,11.5,work,104262.90764840184,38055961.29166667,10376.646461187216,3787475.958333334,5552.5745344498855,2026689.705074208,1388.1436336124714,506672.426268552,98.67808219178082,36017.5
VIPV20_Wp1000,25,12.0,home,93953.6276255708,34293074.08333334,41324.89748858448,15083587.583333334,9247.467957954812,3375325.8046535063,4244.41178539787,1549210.3016702223,601.9383561643835,219707.5
VIPV20_Wp1000,25,12.0,public,88325.98835616434,32238985.749999985,29796.33493150683,10875662.249999993,34114.6856497939,12451860.262174774,6202.670118144349,2263974.593122687,624.4931506849315,227940.0
VIPV20_Wp1000,25,12.0,work,104165.24840182648,38020315.666666664,9463.463242009131,3454164.083333333,5022.109292881408,1833069.8919017138,1255.527323220352,458267.47297542845,115.0068493150685,41977.5
VIPV20_Wp1000,26,12.5,home,94575.02283105023,34519883.333333336,48161.19988584475,17578837.958333332,10804.558117064875,3943663.712728679,4958.471320641204,1809842.0320340397,582.3082191780821,212542.5
VIPV20_Wp1000,26,12.5,public,87892.56095890413,32080784.750000007,31487.975114155248,11493110.916666666,36413.837919666505,13291050.840678275,6620.6978035757265,2416554.6983051402,630.931506849315,230290.0
VIPV20_Wp1000,26,12.5,work,105147.73447488587,38378923.08333334,9936.341095890408,3626764.499999999,5193.358489399127,1895575.8486306816,1298.3396223497818,473893.9621576704,143.87671232876713,52515.0
VIPV20_Wp1000,27,13.0,home,93048.0105022831,33962523.83333333,51569.09566210047,18822719.91666667,11567.804755322402,4222248.735692677,5298.718108649758,1934032.1096571616,633.8424657534247,231352.5
VIPV20_Wp1000,27,13.0,public,88156.09235159816,32176973.70833333,32106.759703196334,11718967.291666662,36279.305052638134,13241946.34421292,6596.2372822978405,2407626.608038712,549.7945205479452,200675.0
VIPV20_Wp1000,27,13.0,work,106145.3460045662,38743051.291666664,10571.010730593609,3858418.9166666674,5472.376547372009,1997417.4397907832,1368.0941368430022,499354.3599476958,116.83561643835617,42645.0
VIPV20_Wp1000,28,13.5,home,97462.36563926944,35573763.45833334,57654.273515981724,21043809.83333333,12816.423972016562,4677994.749786045,5871.658921344371,2143155.5062906956,657.4589041095891,239972.5
VIPV20_Wp1000,28,13.5,public,87874.02248858451,32074018.208333343,31416.128082191783,11466886.75,35935.607791209724,13116496.84379155,6533.74687112904,2384817.6079621,540.3904109589041,197242.5
VIPV20_Wp1000,28,13.5,work,106761.21575342465,38967843.75,10258.708561643836,3744428.625,5366.394887763312,1958734.134033609,1341.598721940828,489683.53350840224,73.71232876712328,26905.0
VIPV20_Wp1000,29,14.0,home,106437.35993150684,38849636.375,65942.8812785388,24069151.666666664,14599.0944492254,5328669.473967271,6691.474739122742,2442388.2797798007,818.6780821917808,298817.5
VIPV20_Wp1000,29,14.0,public,86133.8375570776,31438850.708333325,29901.02340182648,10913873.541666664,34525.0317225517,12601636.57873137,6277.278495009399,2291206.6506784307,556.013698630137,202945.0
VIPV20_Wp1000,29,14.0,work,105763.37865296804,38603633.208333336,9170.711872146121,3347309.833333334,4980.813653301131,1817996.983454913,1245.2034133252828,454499.2458637282,75.04109589041096,27390.0
VIPV20_Wp1000,30,14.5,home,114567.90856164381,41817286.62499999,72616.84920091323,26505149.95833333,15992.027616425466,5837090.079995295,7329.262262687914,2675180.7258810885,786.027397260274,286900.0
VIPV20_Wp1000,30,14.5,public,84982.47773972606,31018604.37500001,29391.939155251133,10728057.791666664,33863.98177355387,12360353.347347163,6157.087595191616,2247336.9722449398,522.5068493150685,190715.0
VIPV20_Wp1000,30,14.5,work,103719.82579908676,37857736.416666664,7792.937557077627,2844422.208333334,4355.922207118071,1589911.6055980958,1088.9805517795178,397477.90139952395,32.486301369863014,11857.5
VIPV20_Wp1000,31,15.0,home,127499.96906392692,46537488.70833333,81665.8472602739,29808034.249999978,18453.05432403546,6735364.828272942,8213.35571345235,2997874.835410108,885.6780821917808,323272.5
VIPV20_Wp1000,31,15.0,public,84754.28413242011,30935313.70833334,28948.64646118721,10566255.958333332,34299.47207042776,12519307.30570613,6236.267649168684,2276237.69194657,556.2602739726027,203035.0
VIPV20_Wp1000,31,15.0,work,97473.0691780822,35577670.25,6038.488698630137,2204048.375,3418.777948343789,1247853.951145483,854.6944870859472,311963.48778637074,28.767123287671232,10500.0
VIPV20_Wp1000,32,15.5,home,145433.04646118716,53083061.95833331,92634.75159817348,33811684.33333332,20896.26651544784,7627137.278138462,9313.631602354591,3399475.534859426,1109.9931506849316,405147.5
VIPV20_Wp1000,32,15.5,public,82152.97568493149,29985836.124999993,28664.886986301375,10462683.750000002,33655.29657260169,12284183.248999618,6119.144831382127,2233487.8634544765,527.3904109589041,192497.5
VIPV20_Wp1000,32,15.5,work,86552.63207762555,31591710.708333325,4369.943835616438,1595029.5,2491.1357181886465,909264.5371388559,622.7839295471616,227316.13428471397,13.123287671232877,4790.0
VIPV20_Wp1000,33,16.0,home,170734.52694063925,62318102.33333333,109355.3948630137,39914719.125,27966.300926263742,10207699.838086266,10927.776350055403,3988638.367770222,1223.6164383561643,446620.0
VIPV20_Wp1000,33,16.0,public,81521.79235159815,29755454.208333325,30344.154908675813,11075616.541666672,34876.03473758238,12729752.679217568,6341.097225014972,2314500.4871304645,623.0958904109589,227430.0
VIPV20_Wp1000,33,16.0,work,71090.35159817353,25947978.333333336,2813.013584474886,1026749.9583333334,1610.1821899722104,587716.4993398568,402.5455474930526,146929.1248349642,18.746575342465754,6842.5
VIPV20_Wp1000,34,16.5,home,199348.67363013705,72762265.87500003,126392.42431506843,46133234.87499998,32135.497216179625,11729456.483905563,12567.873194602476,4587273.716029904,1350.13698630137,492800.0
VIPV20_Wp1000,34,16.5,public,80096.19029680364,29235109.458333332,31209.47180365297,11391457.208333334,34941.51713275786,12753653.753456619,6353.00311504688,2318846.1369921113,536.1712328767123,195702.5
VIPV20_Wp1000,34,16.5,work,53922.107077625595,19681569.083333343,2038.6487442922376,744106.7916666667,1185.9574972788512,432874.48650678067,296.4893743197128,108218.62162669517,11.23972602739726,4102.5
VIPV20_Wp1000,35,17.0,home,229130.22876712316,83632533.49999996,141823.963127854,51765746.54166671,42112.76740378448,15371160.102381334,14077.813957649525,5138402.094542077,1218.4315068493152,444727.5
VIPV20_Wp1000,35,17.0,public,78341.35079908678,28594593.041666675,30558.39029680366,11153812.458333336,34674.70836261101,12656268.552353019,6304.492429565644,2301139.73679146,548.1232876712329,200065.0
VIPV20_Wp1000,35,17.0,work,38528.803767123296,14063013.375000004,1443.6219178082192,526922.0,814.2006616671594,297183.24150851317,203.55016541678984,74295.81037712829,12.534246575342467,4575.0
VIPV20_Wp1000,36,17.5,home,255082.24908675803,93105020.91666669,149966.9832191781,54737948.87500001,44689.98385286389,16311844.106295317,14956.308132498392,5459052.468361913,1103.1780821917807,402660.0
VIPV20_Wp1000,36,17.5,public,76031.87100456623,27751632.916666675,27812.32773972603,10151499.625000002,32075.947134643568,11707720.704144903,5831.990388117011,2128676.491662709,451.78767123287673,164902.5
VIPV20_Wp1000,36,17.5,work,27319.29223744292,9971541.666666666,1098.7133561643836,401030.375,608.866388485104,222236.23179706297,152.216597121276,55559.05794926574,13.753424657534246,5020.0
VIPV20_Wp1000,37,18.0,home,279431.8184931507,101992613.75000001,154277.20742009135,56311180.70833334,46154.48282803126,16846386.23223141,15467.4797503068,5645630.108861982,1058.9657534246576,386522.5
VIPV20_Wp1000,37,18.0,public,73441.9316210046,26806305.041666675,25932.71073059361,9465439.416666668,30168.654235748723,11011558.796048284,5485.209861045226,2002101.5992815073,395.3013698630137,144285.0
VIPV20_Wp1000,37,18.0,work,18795.94143835616,6860518.624999998,1062.2485159817352,387720.7083333333,580.1187465494907,211743.34249056407,145.02968663737266,52935.83562264102,14.397260273972602,5255.0
VIPV20_Wp1000,38,18.5,home,299882.43915525125,109457090.2916667,153331.79520547943,55966105.24999999,46102.43132787699,16827387.4346751,15459.964492706384,5642887.03983783,755.2739726027397,275675.0
VIPV20_Wp1000,38,18.5,public,72400.9247716895,26426337.54166667,22921.162328767125,8366224.25,26592.340613985874,9706204.324104844,4834.9710207247,1764764.4225645154,318.44520547945206,116232.5
VIPV20_Wp1000,38,18.5,work,13159.400114155247,4803181.041666665,925.3418949771689,337749.7916666666,499.87526156328704,182454.47047059977,124.96881539082176,45613.61761764994,1.86986301369863,682.5
VIPV20_Wp1000,39,19.0,home,314876.1375570776,114929790.20833334,145654.1664383561,53163770.74999998,44031.76186604751,16071593.081107343,14774.694074940508,5392763.337353285,601.6232876712329,219592.5
VIPV20_Wp1000,39,19.0,public,70757.73767123287,25826574.25,19243.527739726032,7023887.625000002,23059.69269506256,8416787.833697835,4192.671399102285,1530325.0606723342,209.91095890410958,76617.5
VIPV20_Wp1000,39,19.0,work,9159.808789954339,3343330.2083333335,678.4418949771689,247631.29166666666,389.85228625595295,142296.08448342283,97.46307156398824,35574.02112085571,5.623287671232877,2052.5
VIPV20_Wp1000,40,19.5,home,329560.9526255708,120289747.70833334,136473.34600456618,49812771.29166666,41478.619879572274,15139696.256043881,13925.921408622758,5082961.314147307,558.5410958904109,203867.5
VIPV20_Wp1000,40,19.5,public,68476.30593607307,24993851.666666668,15583.778082191784,5688079.000000001,19032.800137511607,6946972.050191737,3460.5091159112035,1263085.8273075894,179.4041095890411,65482.5
VIPV20_Wp1000,40,19.5,work,6751.8247716894975,2464416.0416666665,562.172716894977,205193.04166666663,356.2850794878661,130044.05401307112,89.07126987196652,32511.01350326778,5.63013698630137,2055.0
VIPV20_Wp1000,41,20.0,home,341592.8187214612,124681378.83333334,126387.10936073057,46131294.91666666,33560.16864912025,12249461.556928892,12962.34971480152,4731257.6459025545,365.85616438356163,133537.5
VIPV20_Wp1000,41,20.0,public,67536.7647260274,24650919.125,12982.527397260274,4738622.5,15683.758580835034,5724571.882004787,2851.5924692427343,1040831.251273598,133.14383561643837,48597.5
VIPV20_Wp1000,41,20.0,work,5052.166552511415,1844040.7916666665,469.33333333333337,171306.6666666667,303.57679296472014,110805.52943212284,75.89419824118004,27701.38235803071,0.0,0.0
VIPV20_Wp1000,42,20.5,home,349867.13607305934,127701504.66666666,113152.30810502282,41300592.45833333,30153.50332420143,11006028.713333521,11657.016779066655,4254811.124359329,339.1095890410959,123775.0
VIPV20_Wp1000,42,20.5,public,65934.88139269406,24066231.708333336,9926.378196347032,3623128.0416666665,12025.24701966067,4389215.162176144,2186.4085490292127,798039.1203956627,108.14383561643835,39472.5
VIPV20_Wp1000,42,20.5,work,3448.8207762557076,1258819.5833333333,299.6477168949771,109371.41666666666,194.6598959057508,71050.86200559905,48.6649739764377,17762.71550139976,0.0,0.0
VIPV20_Wp1000,43,21.0,home,358478.75627853884,130844746.04166669,99874.83961187213,36454316.45833333,25284.789222139938,9228948.066081077,10320.123106724845,3766844.9339545686,293.54794520547944,107145.0
VIPV20_Wp1000,43,21.0,public,65037.01506849314,23738510.499999996,7848.001940639271,2864520.708333334,9543.865029068884,3483510.735610143,1735.2481871034333,633365.5882927532,80.52054794520548,29390.0
VIPV20_Wp1000,43,21.0,work,2306.746917808219,841962.625,93.60331050228311,34165.208333333336,57.748322031860184,21078.137541628967,14.437080507965046,5269.534385407242,1.2534246575342465,457.5
VIPV20_Wp1000,44,21.5,home,365644.0621004567,133460082.66666669,87636.19269406392,31987210.333333332,22276.90338344227,8131069.734956428,9081.38591388787,3314705.8585690726,244.86986301369862,89377.5
VIPV20_Wp1000,44,21.5,public,64313.99212328767,23474607.125,5836.474429223746,2130313.166666667,7271.081408930321,2653944.714259567,1322.014801623695,482535.40259264864,51.794520547945204,18905.0
VIPV20_Wp1000,44,21.5,work,1762.4107305936075,643279.9166666667,43.89805936073059,16022.791666666666,21.647164700946202,7901.2151158453635,5.411791175236551,1975.3037789613409,0.6164383561643836,225.0
VIPV20_Wp1000,45,22.0,home,383158.0815068492,139852699.74999997,87596.67066210043,31972784.791666657,18084.929038762475,6600999.099148303,9042.464519381238,3300499.5495741516,711.7534246575342,259790.0
VIPV20_Wp1000,45,22.0,public,65166.606050228314,23785811.208333336,6119.4513698630135,2233599.75,7415.289990972754,2706580.8467050553,1348.234543813228,492105.6084918282,107.89041095890411,39380.0
VIPV20_Wp1000,45,22.0,work,1032.8526255707764,376991.2083333334,15.143835616438356,5527.5,3.669997187423634,1339.5489734096263,0.9174992968559085,334.8872433524066,0.0,0.0
VIPV20_Wp1000,46,22.5,home,408287.5746575341,149024964.74999994,96433.95821917804,35198394.749999985,19690.26333691194,7186946.117972858,9845.13166845597,3593473.058986429,805.9657534246576,294177.5
VIPV20_Wp1000,46,22.5,public,67990.5401826484,24816547.166666664,8382.184703196346,3059497.416666666,9912.818457386566,3618178.7369460966,1802.3306286157401,657850.6794447452,125.91780821917808,45960.0
VIPV20_Wp1000,46,22.5,work,368.158105022831,134377.7083333333,0.0,0.0,0.0,0.0,0.0,0.0,0.0,0.0
VIPV20_Wp1000,47,23.0,home,430712.56426940643,157210085.95833334,102963.6355022831,37581726.95833333,20906.22098939184,7630770.661128022,10453.11049469592,3815385.330564011,744.1095890410959,271600.0
VIPV20_Wp1000,47,23.0,public,71095.67420091324,25949921.083333332,10164.769748858447,3710140.958333333,11942.277331507963,4358931.226000407,2171.323151183265,792532.9501818918,127.08904109589041,46387.5
VIPV20_Wp1000,47,23.0,work,113.30753424657534,41357.25,0.0,0.0,0.0,0.0,0.0,0.0,0.0,0.0
VIPV20_Wp1000,48,23.5,home,449700.9722602739,164140854.87499997,106245.26461187222,38779521.58333336,21602.38595186323,7884870.872430079,10801.192975931615,3942435.4362150393,566.945205479452,206935.0
VIPV20_Wp1000,48,23.5,public,73625.01552511416,26873130.666666668,10384.23824200913,3790246.9583333326,12531.826891886893,4574116.815538716,2278.513980343071,831657.6028252209,81.68493150684931,29815.0
VIPV20_Wp1000,48,23.5,work,49.74794520547945,18158.0,0.0,0.0,0.0,0.0,0.0,0.0,0.0,0.0
VIPV50_Wp400,1,0.0,home,380670.1633561644,138944609.625,100745.50662100458,36772109.91666667,18106.961860046384,6609041.07891693,10243.76014924678,3738972.454475075,1216.1575342465753,443897.5
VIPV50_Wp400,1,0.0,public,64313.28264840182,23474348.166666664,11433.105707762556,4173083.583333333,13729.802548920603,5011377.93035602,2496.3277361673827,911159.6237010946,219.66438356164383,80177.5
VIPV50_Wp400,1,0.0,work,19.055365296803654,6955.208333333334,19.055365296803654,6955.208333333334,8.953072418551818,3267.8714327714138,2.2382681046379544,816.9678581928534,1.8835616438356164,687.5
VIPV50_Wp400,2,0.5,home,411725.7066210046,150279882.9166667,120787.80901826489,44087550.29166669,20638.976508030566,7533226.4254311565,12186.274219075345,4447990.089962501,865.9520547945206,316072.5
VIPV50_Wp400,2,0.5,public,70185.0,25617525.0,14496.562785388129,5291245.416666667,17118.25634380656,6248163.565489395,3112.410244328466,1136029.7391798901,162.18493150684932,59197.5
VIPV50_Wp400,2,0.5,work,69.50867579908676,25370.666666666668,69.50867579908676,25370.666666666668,31.009422702656792,11318.43928646973,7.752355675664198,2829.6098216174323,1.2602739726027397,460.0
VIPV50_Wp400,3,1.0,home,426202.602739726,155563950.0,121716.43184931506,44426497.625,20414.126851977057,7451156.300971625,12312.546837396098,4494079.595649576,368.23972602739724,134407.5
VIPV50_Wp400,3,1.0,public,73116.06164383562,26687362.5,13772.764840182646,5027059.166666666,16600.086050525166,6059031.408441685,3018.1974637318467,1101642.074262124,88.26712328767124,32217.5
VIPV50_Wp400,3,1.0,work,94.31506849315069,34425.0,88.46529680365298,32289.833333333336,36.189074708442206,13209.012268581406,9.047268677110551,3302.2530671453515,0.0,0.0
VIPV50_Wp400,4,1.5,home,431367.5342465753,157449150.0,111781.07283105023,40800091.583333336,18741.083606198335,6840495.5162623925,11433.126098000339,4173091.0257701236,127.1027397260274,46392.5
VIPV50_Wp400,4,1.5,public,74532.87374429223,27204498.916666664,10943.157534246573,3994252.499999999,13611.641436127004,4968249.124186357,2474.843897477637,903318.0225793375,33.178082191780824,12110.0
VIPV50_Wp400,4,1.5,work,94.31506849315069,34425.0,43.6310502283105,15925.333333333332,22.8405778989474,8336.810933115801,5.71014447473685,2084.2027332789503,0.0,0.0
VIPV50_Wp400,5,2.0,home,433245.61643835617,158134650.0,97782.89086757992,35690755.16666667,16414.37830614466,5991248.081742801,10113.505503733137,3691429.5088625946,48.205479452054796,17595.0
VIPV50_Wp400,5,2.0,public,75041.19863013699,27390037.5,6724.994977168951,2454623.166666667,8593.820627513094,3136744.5290422793,1562.5128413660168,570317.1870985961,13.164383561643836,4805.0
VIPV50_Wp400,5,2.0,work,94.31506849315069,34425.0,34.80913242009132,12705.333333333332,18.751315076106458,6844.230002778857,4.6878287690266145,1711.0575006947142,0.0,0.0
VIPV50_Wp400,6,2.5,home,433733.3219178082,158312662.5,82480.15878995435,30105257.958333336,13845.888936969279,5053749.4619937865,8615.185707749692,3144542.7833286375,10.616438356164384,3875.0
VIPV50_Wp400,6,2.5,public,75107.05479452055,27414075.0,3203.9149543378985,1169428.958333333,4190.630484692657,1529580.12691282,761.9328153986646,278105.4776205126,0.0,0.0
VIPV50_Wp400,6,2.5,work,94.31506849315069,34425.0,17.493607305936074,6385.166666666667,10.174345414473407,3713.636076282794,2.543586353618352,928.4090190706985,0.0,0.0
VIPV50_Wp400,7,3.0,home,433826.2178082192,158346569.5,66092.04634703195,24123596.916666664,11024.454365722177,4023925.8434885945,6963.467632790475,2541665.6859685234,1.8767123287671232,685.0
VIPV50_Wp400,7,3.0,public,75144.86301369863,27427875.0,1173.7149543378996,428405.9583333334,1564.3565518108237,570990.1414109507,284.4284639656044,103816.38934744561,1.2602739726027397,460.0
VIPV50_Wp400,7,3.0,work,94.31506849315069,34425.0,0.0,0.0,0.0,0.0,0.0,0.0,0.0,0.0
VIPV50_Wp400,8,3.5,home,433665.9224885845,158288061.70833334,49824.66027397262,18186001.000000007,8242.631850996004,3008560.6256135413,5288.973105111501,1930475.183365698,0.0,0.0
VIPV50_Wp400,8,3.5,public,75144.86301369863,27427875.0,404.00936073059364,147463.4166666667,552.8611999333616,201794.337975677,100.52021816970209,36689.879631941265,0.0,0.0
VIPV50_Wp400,8,3.5,work,94.31506849315069,34425.0,0.0,0.0,0.0,0.0,0.0,0.0,0.0,0.0
VIPV50_Wp400,9,4.0,home,432997.83675799094,158044210.4166667,34246.47876712329,12499964.750000002,5596.7344168446125,2042808.0621482835,3664.528778330604,1337553.0040906705,0.0,0.0
VIPV50_Wp400,9,4.0,public,75220.95273972602,27455647.749999996,263.97979452054796,96352.625,230.40815834477525,84098.97779584296,41.892392426322765,15290.72323560781,9.986301369863014,3645.0
VIPV50_Wp400,9,4.0,work,174.953196347032,63857.91666666667,80.63812785388127,29432.916666666664,36.39257956748438,13283.2915421318,9.098144891871096,3320.82288553295,9.39041095890411,3427.5
VIPV50_Wp400,10,4.5,home,431106.7392694064,157353959.83333334,21795.496917808217,7955356.375,3483.0546011278157,1271314.9294116527,2349.4678030059636,857555.7480971767,0.0,0.0
VIPV50_Wp400,10,4.5,public,75292.925,27481917.625,471.17853881278535,171980.16666666666,419.18380586662545,153002.08914131828,76.21523743029555,27818.561662057873,13.10958904109589,4785.0
VIPV50_Wp400,10,4.5,work,762.6355022831051,278361.9583333334,667.0855022831049,243486.2083333333,272.52851354160236,99472.90744268487,68.13212838540059,24868.226860671217,29.34246575342466,10710.0
VIPV50_Wp400,11,5.0,home,426100.04006849305,155526514.62499997,11046.114497716893,4031831.791666666,1748.9384872655853,638362.5478519386,1194.6769315205204,436057.0800049899,6.883561643835616,2512.5
VIPV50_Wp400,11,5.0,public,74692.975456621,27262936.041666668,885.221803652968,323105.9583333333,794.9994629393357,290174.80397285754,144.54535689806102,52759.055267792275,44.965753424657535,16412.5
VIPV50_Wp400,11,5.0,work,2055.6117579908673,750298.2916666666,1804.1808219178079,658525.9999999999,784.4986142877958,286341.9942150455,196.12465357194895,71585.49855376137,85.05479452054794,31045.0
VIPV50_Wp400,12,5.5,home,417061.17009132414,152227327.0833333,2268.0988584474885,827856.0833333333,363.37292844247685,132631.11888150405,241.33544353911185,88087.43689177583,13.116438356164384,4787.5
VIPV50_Wp400,12,5.5,public,74491.87363013698,27189533.875,2194.1600456621004,800868.4166666666,1941.005599386146,708467.0437759433,352.91010897929925,128812.18977744423,61.93150684931507,22605.0
VIPV50_Wp400,12,5.5,work,5865.870205479449,2141042.624999999,5225.403310502283,1907272.208333333,2283.463991771316,833464.3569965304,570.865997942829,208366.0892491326,135.77397260273972,49557.5
VIPV50_Wp400,13,6.0,home,396174.0517123289,144603528.87500006,904.4990867579909,330142.1666666667,225.83326518642127,82429.14179304376,90.33330607456847,32971.65671721749,3.7534246575342465,1370.0
VIPV50_Wp400,13,6.0,public,73903.31780821917,26974711.0,4264.650342465753,1556597.375,3902.760829541954,1424507.7027828132,709.5928780985372,259001.40050596607,195.08219178082192,71205.0
VIPV50_Wp400,13,6.0,work,11396.71084474886,4159799.458333334,9445.76404109589,3447703.875,4254.886725009548,1553033.654628485,1063.721681252387,388258.41365712124,289.2191780821918,105565.0
VIPV50_Wp400,14,6.5,home,364582.8065068493,133072724.375,840.4535388127855,306765.5416666667,212.16376680812618,77439.77488496606,84.86550672325048,30975.909953986426,10.623287671232877,3877.5
VIPV50_Wp400,14,6.5,public,74022.08630136988,27018061.500000007,9236.77922374429,3371424.4166666656,8373.230064264857,3056228.973456673,1522.4054662299734,555677.9951739403,245.63013698630138,89655.0
VIPV50_Wp400,14,6.5,work,22211.796118721457,8107305.583333332,17882.005593607308,6526932.041666667,8113.686417748353,2961495.542478149,2028.4216044370883,740373.8856195372,401.86301369863014,146680.0
VIPV50_Wp400,15,7.0,home,307623.1744292237,112282458.66666664,1146.407191780822,418438.625,336.2425146790393,122728.51785784935,116.4469537289019,42503.13811104919,28.746575342465754,10492.5
VIPV50_Wp400,15,7.0,public,73959.41369863016,26995186.000000007,15365.255136986307,5608318.125000002,14148.689758045966,5164271.761686778,2572.489046917446,938958.5021248679,514.8493150684932,187920.0
VIPV50_Wp400,15,7.0,work,36721.444292237444,13403327.166666668,27675.844748858442,10101683.333333332,12907.902147040239,4711384.283669687,3226.9755367600596,1177846.0709174217,710.6369863013699,259382.5
VIPV50_Wp400,16,7.5,home,238624.18515981734,87097827.58333333,1771.2396118721458,646502.4583333333,510.7296692097719,186416.32926156675,177.00975523505468,64608.56066079496,28.794520547945204,10510.0
VIPV50_Wp400,16,7.5,public,76032.20468036528,27751754.70833333,25179.90114155252,9190663.91666667,22663.290797072015,8272101.140931285,4120.598326740366,1504018.3892602338,603.1575342465753,220152.5
VIPV50_Wp400,16,7.5,work,62685.2873287671,22880129.874999993,46434.134474885854,16948459.083333336,21738.22852152194,7934453.410355509,5434.557130380485,1983613.3525888773,826.1232876712329,301535.0
VIPV50_Wp400,17,8.0,home,187899.5371004566,68583331.04166666,2251.421232876712,821768.75,860.7532026389952,314174.91896323324,236.75115177862048,86414.17039919648,45.58904109589041,16640.0
VIPV50_Wp400,17,8.0,public,80384.88413242013,29340482.708333347,30108.94235159818,10989763.958333336,28497.070473980002,10401430.7230027,5181.285540723637,1891169.2223641274,508.6986301369863,185675.0
VIPV50_Wp400,17,8.0,work,83584.83972602736,30508466.499999985,55373.59246575343,20211361.25,26803.00752013912,9783097.744850779,6700.75188003478,2445774.4362126947,532.3493150684932,194307.5
VIPV50_Wp400,18,8.5,home,158643.68470319637,57904944.91666667,3163.5949771689493,1154712.1666666665,1191.5201194577553,434904.8436020807,330.2611424688727,120545.31700113854,94.31506849315069,34425.0
VIPV50_Wp400,18,8.5,public,84247.34897260273,30750282.375,29415.974200913242,10736830.583333334,29925.029386876882,10922635.726210061,5440.914433977615,1985933.7684018295,458.8150684931507,167467.5
VIPV50_Wp400,18,8.5,work,94133.0567351598,34358565.70833333,50015.21027397263,18255551.75000001,25620.066652734036,9351324.328247923,6405.016663183509,2337831.082061981,278.17123287671234,101532.5
VIPV50_Wp400,19,9.0,home,138088.23755707766,50402206.70833334,5596.147831050229,2042593.9583333335,2020.703896325791,737556.9221589137,569.1809971737749,207751.06396842786,125.08219178082192,45655.0
VIPV50_Wp400,19,9.0,public,86038.54383561641,31404068.49999999,26664.15742009132,9732417.458333332,27910.355935331056,10187279.916395836,5074.610170060193,1852232.7120719703,416.8013698630137,152132.5
VIPV50_Wp400,19,9.0,work,99932.64600456622,36475415.79166667,39963.79920091323,14586786.708333328,21492.572088040586,7844788.8121348135,5373.1430220101465,1961197.2030337034,174.9794520547945,63867.5
VIPV50_Wp400,20,9.5,home,128682.948173516,46969276.083333336,8871.059246575342,3237936.625,3183.3876872706546,1161936.505853789,901.7377396855137,329134.2749852125,209.33561643835617,76407.5
VIPV50_Wp400,20,9.5,public,86726.3200913242,31655106.833333336,23646.02294520548,8630798.375,25784.145171073018,9411212.987441652,4688.02639474055,1711129.6340803008,437.5,159687.5
VIPV50_Wp400,20,9.5,work,102985.25479452053,37589617.99999999,29746.235502283103,10857375.958333332,16494.136534144036,6020359.834962573,4123.534133536009,1505089.9587406432,116.24657534246575,42430.0
VIPV50_Wp400,21,10.0,home,117910.07545662102,43037177.54166667,13454.9200913242,4911045.833333333,4106.077042239026,1498718.1204172445,1374.49284907721,501689.88991318166,271.32876712328766,99035.0
VIPV50_Wp400,21,10.0,public,87062.01917808224,31777637.000000015,22781.3149543379,8315179.958333334,25041.193238144206,9140035.531922635,4552.94422511713,1661824.6421677526,494.3972602739726,180455.0
VIPV50_Wp400,21,10.0,work,104384.25707762556,38100253.83333333,21581.66792237443,7877308.791666667,12148.993876324612,4434382.764858483,3037.248469081153,1108595.6912146208,105.01369863013699,38330.0
VIPV50_Wp400,22,10.5,home,106494.1956621005,38870381.41666668,17797.960388127856,6496255.541666668,5444.238288752779,1987146.9753947644,1824.671495129866,666005.095722401,309.45205479452056,112950.0
VIPV50_Wp400,22,10.5,public,87975.47945205476,32111049.999999985,25438.164269406378,9284929.958333328,27686.74345852162,10105661.362360392,5033.953356094838,1837392.9749746162,530.4657534246576,193620.0
VIPV50_Wp400,22,10.5,work,104895.54805936072,38286875.041666664,16005.956621004567,5842174.166666667,8945.87760139691,3265245.3245098726,2236.4694003492277,816311.3311274681,94.92465753424658,34647.5
VIPV50_Wp400,23,11.0,home,98684.52659817353,36019852.208333336,24395.77146118721,8904456.583333332,6524.166081410089,2381320.6197146825,2492.0013059525436,909580.4766726784,481.1506849315069,175620.0
VIPV50_Wp400,23,11.0,public,89090.01529680369,32517855.583333347,27966.22933789954,10207673.708333332,30968.83370391698,11303624.301929697,5630.697037075816,2055204.4185326728,570.582191780822,208262.5
VIPV50_Wp400,23,11.0,work,104765.48710045664,38239402.79166667,11855.956735159814,4327424.208333332,6510.703546537237,2376406.7944860915,1627.6758866343093,594101.6986215229,61.84931506849315,22575.0
VIPV50_Wp400,24,11.5,home,94150.29726027395,34364858.49999999,32951.51860730593,12027304.291666664,8818.213706596373,3218648.0029076757,3378.4705736225483,1233141.7593722302,495.76027397260276,180952.5
VIPV50_Wp400,24,11.5,public,88700.09155251138,32375533.416666657,29167.844748858442,10646263.333333332,32634.051394422408,11911428.75896418,5933.463889894987,2165714.31981167,625.5068493150685,228310.0
VIPV50_Wp400,24,11.5,work,103547.24965753422,37794746.12499999,9203.743607305936,3359366.416666667,5010.535753981143,1828845.5502031173,1252.6339384952857,457211.3875507793,99.98630136986301,36495.0
VIPV50_Wp400,25,12.0,home,93667.1317351598,34188503.08333333,41103.96803652967,15002948.33333333,9259.838140592961,3379840.921316431,4239.843508569289,1547542.8806277905,594.7671232876712,217090.0
VIPV50_Wp400,25,12.0,public,89814.1149543379,32782151.958333336,31172.513470319624,11377967.416666662,34548.040705647414,12610034.857561305,6281.461946481348,2292733.610465692,629.068493150685,229610.0
VIPV50_Wp400,25,12.0,work,102842.79029680364,37537618.45833333,8720.463242009133,3182969.0833333335,4686.617876687625,1710615.524990983,1171.6544691719062,427653.88124774577,110.63013698630137,40380.0
VIPV50_Wp400,26,12.5,home,94855.59200913245,34622291.08333334,48221.768036529655,17600945.333333325,10835.17279563601,3954838.070407144,4964.191191788808,1811929.785002915,591.2328767123288,215800.0
VIPV50_Wp400,26,12.5,public,89724.24349315069,32749348.875,31432.6462328767,11472915.874999996,36057.71251183503,13161065.066819787,6555.947729424555,2392920.921239963,651.8561643835617,237927.5
VIPV50_Wp400,26,12.5,work,103458.6817351598,37762418.83333333,9736.308904109592,3553752.750000001,5080.182746834759,1854266.7025946872,1270.0456867086898,463566.6756486718,140.6164383561644,51325.0
VIPV50_Wp400,27,13.0,home,93999.5538812785,34309837.16666665,52097.3539954338,19015534.208333336,11681.519497678717,4263754.616652732,5363.014565151201,1957500.3162801885,650.7876712328767,237537.5
VIPV50_Wp400,27,13.0,public,90489.29223744287,33028591.66666665,32773.46815068492,11962315.874999998,37505.253052582826,13689417.364192732,6819.136918651419,2488984.975307768,558.2191780821918,203750.0
VIPV50_Wp400,27,13.0,work,104670.34155251141,38204674.666666664,10363.975913242011,3782851.2083333344,5377.582676754792,1962817.6770154992,1344.395669188698,490704.4192538748,108.08219178082192,39450.0
VIPV50_Wp400,28,13.5,home,99593.1368721461,36351494.95833333,59210.98344748857,21612008.95833333,13164.979204497307,4805217.409641517,6046.552529827863,2206991.67338717,676.9041095890411,247070.0
VIPV50_Wp400,28,13.5,public,89196.50456621007,32556724.166666675,31426.18698630139,11470558.250000007,36556.43865963288,13343100.110766001,6646.625210842346,2426018.2019574563,531.1164383561644,193857.5
VIPV50_Wp400,28,13.5,work,105408.19874429223,38473992.541666664,10242.499543378997,3738512.333333334,5374.624132956995,1961737.808529303,1343.6560332392487,490434.45213232574,75.56164383561644,27580.0
VIPV50_Wp400,29,14.0,home,108083.58732876713,39450509.375,67411.27694063926,24605116.083333332,14888.884999586699,5434443.024849145,6835.730056325125,2495041.4705586703,812.417808219178,296532.5
VIPV50_Wp400,29,14.0,public,86349.83378995434,31517689.333333336,29738.27694063926,10854471.08333333,34118.18249249788,12453136.609761726,6203.305907726887,2264206.656320314,522.8082191780821,190825.0
VIPV50_Wp400,29,14.0,work,104292.37922374427,38066718.41666666,8949.609360730594,3266607.4166666665,4825.176348364013,1761189.3671528648,1206.2940870910033,440297.3417882162,60.56164383561644,22105.0
VIPV50_Wp400,30,14.5,home,115825.09212328769,42276158.62500001,73169.06495433788,26706708.708333325,16135.467952448616,5889445.802643745,7401.701945433621,2701621.210083272,785.6232876712329,286752.5
VIPV50_Wp400,30,14.5,public,84394.51118721462,30803996.583333336,28462.8404109589,10388936.749999998,33437.995946036506,12204868.520303324,6079.6356265520935,2219067.003691514,484.75342465753425,176935.0
VIPV50_Wp400,30,14.5,work,102336.9861872146,37352999.95833333,7391.827739726026,2698017.1249999995,4076.138547626326,1487790.569883609,1019.0346369065815,371947.64247090224,27.41780821917808,10007.5
VIPV50_Wp400,31,15.0,home,127876.14315068499,46674792.25000002,81132.27671232869,29613280.999999974,18376.983934409636,6707599.136059517,8181.980641569813,2986422.934172982,828.1232876712329,302265.0
VIPV50_Wp400,31,15.0,public,83343.03367579907,30420207.291666664,27566.245662100457,10061679.666666666,32983.59706470519,12039012.928617394,5997.017648128212,2188911.4415667974,501.7328767123288,183132.5
VIPV50_Wp400,31,15.0,work,96102.3093607306,35077342.916666664,5212.7691780821915,1902660.75,2961.913941675127,1081098.5887114212,740.4784854187817,270274.6471778553,20.0,7300.0
VIPV50_Wp400,32,15.5,home,145611.10022831048,53148051.58333333,91630.87191780822,33445268.25,20705.18162046713,7557391.2914705025,9212.978751922623,3362737.244451757,1122.5,409712.5
VIPV50_Wp400,32,15.5,public,80487.34109589043,29377879.500000007,27123.263926940657,9899991.33333334,31755.303948507375,11590685.941205192,5773.691627001342,2107397.4438554896,530.5958904109589,193667.5
VIPV50_Wp400,32,15.5,work,85625.05102739725,31253143.624999993,3573.773515981735,1304427.3333333333,2104.8500239381565,768270.2587374271,526.2125059845391,192067.56468435677,13.698630136986301,5000.0
VIPV50_Wp400,33,16.0,home,170656.27226027398,62289539.375,107469.46141552513,39226353.41666667,27460.232554110742,10022984.88225042,10721.3419073003,3913289.79616461,1204.5684931506848,439667.5
VIPV50_Wp400,33,16.0,public,78724.26369863011,28734356.24999999,28741.3105022831,10490578.333333332,33193.9560252652,12115793.9492218,6035.2647318664,2202871.6271312363,617.4383561643835,225365.0
VIPV50_Wp400,33,16.0,work,70252.09851598174,25642015.958333332,2426.6364155251144,885722.2916666667,1431.3584723936058,522445.8424236661,357.83961809840144,130611.46060591652,15.657534246575343,5715.0
VIPV50_Wp400,34,16.5,home,199550.55673515986,72835953.20833334,124812.9851598172,45556739.583333276,31797.373391802645,11606041.288007965,12415.746127090246,4531747.33638794,1346.164383561644,491350.0
VIPV50_Wp400,34,16.5,public,78131.72454337896,28518079.458333325,30361.23367579909,11081850.291666668,35417.74263110173,12927476.060352132,6439.589569291223,2350450.192791296,531.027397260274,193825.0
VIPV50_Wp400,34,16.5,work,53644.447374429226,19580223.291666668,1867.1636986301369,681514.75,1122.662331068482,409771.7508399959,280.6655827671205,102442.93770999898,11.26027397260274,4110.0
VIPV50_Wp400,35,17.0,home,229566.88219178075,83791911.99999997,140983.021347032,51458802.79166667,41868.20629583645,15281895.297980303,14018.269817435086,5116668.483363806,1228.6301369863013,448450.0
VIPV50_Wp400,35,17.0,public,76596.38344748862,27957679.958333347,30050.43584474886,10968409.083333334,35310.267515495856,12888247.643155986,6420.048639181067,2343317.7533010896,540.0,197100.0
VIPV50_Wp400,35,17.0,work,38406.33698630137,14018313.0,1227.528196347032,448047.7916666667,737.4224755697725,269159.20358296693,184.35561889244312,67289.80089574173,6.8493150684931505,2500.0
VIPV50_Wp400,36,17.5,home,255359.56004566207,93206239.41666666,149555.67648401827,54587821.91666667,44568.6330748746,16267551.072329227,14953.419373069377,5457998.071170323,1084.8013698630136,395952.5
VIPV50_Wp400,36,17.5,public,74077.51095890415,27038291.500000015,28090.07111872146,10252875.958333332,32837.076271407306,11985532.839063667,5970.377503892235,2179187.7889206656,471.06164383561645,171937.5
VIPV50_Wp400,36,17.5,work,27291.870091324203,9961532.583333334,917.031392694064,334716.4583333334,532.1188825751249,194223.3921399206,133.02972064378122,48555.84803498015,9.36986301369863,3420.0
VIPV50_Wp400,37,18.0,home,279260.3673515981,101930034.08333331,153709.63230593616,56104015.791666694,45942.71353350963,16769090.439731017,15431.075349611609,5632342.502608237,1023.4589041095891,373562.5
VIPV50_Wp400,37,18.0,public,71706.25285388128,26172782.291666668,26130.53892694063,9537646.70833333,30841.492662841723,11257144.82193723,5607.544120516678,2046753.6039885876,355.6095890410959,129797.5
VIPV50_Wp400,37,18.0,work,18576.703538812777,6780496.791666664,816.9214611872145,298176.3333333333,452.4436496457496,165141.9321206986,113.1109124114374,41285.48303017465,11.232876712328768,4100.0
VIPV50_Wp400,38,18.5,home,298711.2509132421,109029606.58333337,151535.52705479445,55310467.37499998,45521.0120145695,16615169.385317866,15288.800064548539,5580412.023560217,727.3287671232877,265475.0
VIPV50_Wp400,38,18.5,public,70089.49497716896,25582665.66666667,22920.89406392694,8366126.333333333,27073.97433513398,9882000.632323902,4922.540788206181,1796727.387695256,325.513698630137,118812.5
VIPV50_Wp400,38,18.5,work,13050.371461187216,4763385.583333334,669.2605022831051,244280.08333333334,375.97520021632727,137230.94807895945,93.99380005408182,34307.73701973986,1.2465753424657535,455.0
VIPV50_Wp400,39,19.0,home,312760.1082191781,114157439.5,144437.1884703197,52719573.79166669,43633.5026356049,15926228.461995788,14646.797393510042,5346081.048631165,601.6780821917808,219612.5
VIPV50_Wp400,39,19.0,public,68806.06929223743,25114215.291666664,19482.32579908675,7111048.916666664,23272.36475129744,8494413.134223565,4231.339045690444,1544438.751677012,235.56164383561645,85980.0
VIPV50_Wp400,39,19.0,work,9471.3151826484,3457030.0416666665,581.2464611872147,212154.95833333337,346.4584379156519,126457.32983921295,86.61460947891298,31614.332459803238,9.356164383561644,3415.0
VIPV50_Wp400,40,19.5,home,327411.8478310503,119505324.45833334,135619.58333333334,49501147.91666667,41173.14288886146,15028197.154434433,13816.661960648842,5043081.615636827,539.027397260274,196745.0
VIPV50_Wp400,40,19.5,public,67367.61415525114,24589179.166666664,16170.994634703196,5902413.041666667,19711.421141906587,7194668.716795904,3583.894753073926,1308121.584871983,194.9041095890411,71140.0
VIPV50_Wp400,40,19.5,work,7309.797146118721,2668075.958333333,562.4376712328767,205289.75,344.46778176798824,125730.7403453157,86.11694544199706,31432.685086328926,3.143835616438356,1147.5
VIPV50_Wp400,41,20.0,home,339221.6536529678,123815903.58333325,124026.15262557076,45269545.70833333,32963.715888903105,12031756.299449634,12706.520922112451,4637880.136571045,375.9931506849315,137237.5
VIPV50_Wp400,41,20.0,public,66503.84086757991,24273901.916666668,12868.772031963474,4697101.791666668,15489.255774319823,5653578.357626735,2816.2283226036025,1027923.337750315,122.5,44712.5
VIPV50_Wp400,41,20.0,work,5200.231849315069,1898084.6250000002,413.3207762557078,150862.08333333334,262.57638264276545,95840.37966460938,65.64409566069136,23960.094916152346,0.0,0.0
VIPV50_Wp400,42,20.5,home,347630.317808219,126885065.99999994,111259.96221461182,40609886.20833331,29629.174266003964,10814648.607091447,11436.7547111958,4174415.4695864664,316.0821917808219,115370.0
VIPV50_Wp400,42,20.5,public,65517.73253424658,23913972.375,9963.885844748858,3636818.333333333,11974.75298448865,4370784.839338358,2177.227815361573,794688.1526069741,114.97945205479452,41967.5
VIPV50_Wp400,42,20.5,work,3683.660045662101,1344535.9166666667,207.84600456621007,75863.79166666667,136.0883852053486,49672.26059995224,34.02209630133715,12418.06514998806,0.0,0.0
VIPV50_Wp400,43,21.0,home,355561.91152968036,129780097.70833334,97436.52237442926,35564330.66666668,24676.745202002756,9007011.998731006,10051.635302750376,3668846.885503887,287.4109589041096,104905.0
VIPV50_Wp400,43,21.0,public,64633.95353881278,23591393.041666664,8003.031621004567,2921106.541666667,9706.073863035244,3542716.9600078645,1764.7407023700453,644130.3563650665,86.85616438356165,31702.5
VIPV50_Wp400,43,21.0,work,2383.5831050228308,870007.8333333333,99.49737442922374,36316.541666666664,69.05741486184284,25205.956424572636,17.26435371546071,6301.489106143159,1.2534246575342465,457.5
VIPV50_Wp400,44,21.5,home,362579.95011415525,132341681.79166666,84888.69691780822,30984374.375,21578.35883319598,7876100.974116532,8786.836108975987,3207195.1797762355,248.15068493150685,90575.0
VIPV50_Wp400,44,21.5,public,64032.82705479452,23371981.875,6449.546347031963,2354084.4166666665,7736.718560833056,2823902.274704065,1406.6761019696464,513436.77721892094,54.363013698630134,19842.5
VIPV50_Wp400,44,21.5,work,1741.398401826484,635610.4166666666,40.41438356164384,14751.25,28.611426691676996,10443.170742462104,7.152856672919249,2610.792685615526,0.0,0.0
VIPV50_Wp400,45,22.0,home,379875.3901826483,138654517.41666663,84445.70525114158,30822682.416666675,17435.643948361343,6364010.0411518905,8717.821974180672,3182005.0205759453,698.8698630136986,255087.5
VIPV50_Wp400,45,22.0,public,65036.717579908676,23738401.916666668,6484.712214611874,2366919.958333334,7763.326960273042,2833614.34049966,1411.513992776917,515202.6073635747,103.05479452054794,37615.0
VIPV50_Wp400,45,22.0,work,931.5557077625571,340017.8333333333,0.0,0.0,0.0,0.0,0.0,0.0,0.0,0.0
VIPV50_Wp400,46,22.5,home,403809.56358447485,147390490.7083333,92902.25,33909321.25,18983.014442000396,6928800.271330145,9491.507221000198,3464400.135665072,764.445205479452,279022.5
VIPV50_Wp400,46,22.5,public,68130.77397260274,24867732.5,8776.875342465753,3203559.5,10360.292035143517,3781506.5928273834,1883.6894609351853,687546.6532413426,147.63013698630138,53885.0
VIPV50_Wp400,46,22.5,work,296.27260273972604,108139.5,0.0,0.0,0.0,0.0,0.0,0.0,0.0,0.0
VIPV50_Wp400,47,23.0,home,425132.95011415513,155173526.79166663,99295.36301369863,36242807.5,20230.605559747924,7384171.029307992,10115.302779873962,3692085.514653996,715.1712328767123,261037.5
VIPV50_Wp400,47,23.0,public,71023.63607305936,25923627.166666668,10501.604337899544,3833085.5833333335,12540.309614997903,4577213.009474235,2280.0562936359834,832220.547177134,118.4931506849315,43250.0
VIPV50_Wp400,47,23.0,work,112.37465753424658,41016.75,0.0,0.0,0.0,0.0,0.0,0.0,0.0,0.0
VIPV50_Wp400,48,23.5,home,443529.22100456624,161888165.6666667,102822.8361872146,37530335.20833333,20959.716052284395,7650296.359083804,10479.858026142196,3825148.1795419017,549.1438356164383,200437.5
VIPV50_Wp400,48,23.5,public,73687.3198630137,26895871.75,10801.852283105021,3942676.083333333,13069.562827416694,4770390.432007093,2376.2841504393987,867343.7149103805,92.29452054794521,33687.5
VIPV50_Wp400,48,23.5,work,60.29668949771689,22008.291666666664,0.0,0.0,0.0,0.0,0.0,0.0,0.0,0.0
VIPV50_Wp700,1,0.0,home,370666.32671232877,135293209.25,98044.77910958904,35786344.375,17570.228059647783,6413133.241771441,9960.84255425834,3635707.5323042944,1168.2397260273972,426407.5
VIPV50_Wp700,1,0.0,public,61861.48082191781,22579440.5,10911.518607305938,3982704.291666667,12953.567107940304,4728051.994398211,2355.1940196255086,859645.8171633107,221.5068493150685,80850.0
VIPV50_Wp700,1,0.0,work,6.305593607305937,2301.541666666667,6.305593607305937,2301.541666666667,3.402568696972387,1241.9375743949213,0.8506421742430967,310.4843935987303,0.6232876712328768,227.5
VIPV50_Wp700,2,0.5,home,399569.54817351594,145842885.0833333,115411.90456621005,42125345.16666667,19657.763652239006,7175083.733067237,11629.756027183703,4244860.949922051,808.054794520548,294940.0
VIPV50_Wp700,2,0.5,public,68475.82191780822,24993675.0,14745.290867579912,5382031.166666668,17248.767565099653,6295800.161261374,3136.139557290845,1144690.9384111585,191.67123287671234,69960.0
VIPV50_Wp700,2,0.5,work,18.698630136986303,6825.0,18.698630136986303,6825.0,10.089989546211363,3682.8461843671475,2.522497386552841,920.7115460917869,0.0,0.0
VIPV50_Wp700,3,1.0,home,413656.5410958904,150984637.5,116713.99771689498,42600609.16666667,19538.763467181187,7131648.665521133,11790.503935243154,4303533.936363751,366.9246575342466,133927.5
VIPV50_Wp700,3,1.0,public,71340.92465753424,26039437.5,14418.076369863014,5262597.875,17142.371209835055,6256965.491589795,3116.7947654245554,1137630.0893799628,73.23972602739725,26732.5
VIPV50_Wp700,3,1.0,work,18.698630136986303,6825.0,18.698630136986303,6825.0,10.089989546211363,3682.8461843671475,2.522497386552841,920.7115460917869,0.0,0.0
VIPV50_Wp700,4,1.5,home,419152.06575342466,152990504.0,106932.80159817351,39030472.58333333,17895.996613690404,6532038.763996998,10921.557654110286,3986368.5437502544,135.2123287671233,49352.5
VIPV50_Wp700,4,1.5,public,72644.2093607306,26515136.416666668,11095.176255707762,4049739.333333333,13636.55760643287,4977343.526347998,2479.374110260522,904971.5502450904,38.78082191780822,14155.0
VIPV50_Wp700,4,1.5,work,18.698630136986303,6825.0,18.698630136986303,6825.0,10.089989546211363,3682.8461843671475,2.522497386552841,920.7115460917869,0.0,0.0
VIPV50_Wp700,5,2.0,home,420981.98630136985,153658425.0,92977.56152968039,33936809.95833334,15544.561052553678,5673764.784182092,9599.50288527484,3503818.5531253167,44.47260273972603,16232.5
VIPV50_Wp700,5,2.0,public,73189.93150684932,26714325.0,6685.079452054796,2440054.0000000005,8419.76841650507,3073215.4720243504,1530.866984819104,558766.4494589729,11.280821917808218,4117.5
VIPV50_Wp700,5,2.0,work,18.698630136986303,6825.0,16.143150684931506,5892.25,8.711024308229144,3179.5238725036374,2.177756077057286,794.8809681259094,0.0,0.0
VIPV50_Wp700,6,2.5,home,421498.1506849315,153846825.0,77857.30901826484,28417917.791666668,13000.634878179077,4745231.730535363,8125.981366568726,2965983.198797585,9.376712328767123,3422.5
VIPV50_Wp700,6,2.5,public,73331.09589041096,26765850.0,3043.4544520547947,1110860.875,3918.7331876129733,1430337.6134787353,712.4969432023587,260061.38426886091,2.5136986301369864,917.5
VIPV50_Wp700,6,2.5,work,18.698630136986303,6825.0,0.0,0.0,0.0,0.0,0.0,0.0,0.0,0.0
VIPV50_Wp700,7,3.0,home,421527.3396118721,153857478.9583333,62249.836872146116,22721190.458333332,10358.34977389284,3780797.667470887,6557.828060823549,2393607.2422005953,0.6232876712328768,227.5
VIPV50_Wp700,7,3.0,public,73333.98401826483,26766904.166666664,1066.2408675799086,389177.9166666666,1378.6239441798732,503197.7396256537,250.6588989417952,91490.49811375525,0.0,0.0
VIPV50_Wp700,7,3.0,work,18.698630136986303,6825.0,0.0,0.0,0.0,0.0,0.0,0.0,0.0,0.0
VIPV50_Wp700,8,3.5,home,421373.18972602737,153801214.25,47503.93047945206,17338934.625,7872.157515970356,2873337.49332918,5044.941119889175,1841403.5087595487,0.0,0.0
VIPV50_Wp700,8,3.5,public,73334.36301369863,26767042.5,338.79018264840187,123658.41666666667,419.84185567930217,153242.2773229453,76.33488285078222,27862.23224053551,0.6164383561643836,225.0
VIPV50_Wp700,8,3.5,work,18.698630136986303,6825.0,0.0,0.0,0.0,0.0,0.0,0.0,0.0,0.0
VIPV50_Wp700,9,4.0,home,420556.26050228305,153503035.0833333,32958.62271689497,12029897.291666664,5407.636460063382,1973787.3079231346,3528.7946326281567,1288010.0409092773,0.0,0.0
VIPV50_Wp700,9,4.0,public,73318.08664383562,26761101.625,133.50034246575342,48727.625,143.63990938563919,52428.56692575831,26.116347161025306,9532.466713774236,4.376712328767123,1597.5
VIPV50_Wp700,9,4.0,work,73.04257990867579,26660.541666666664,54.3439497716895,19835.541666666668,25.88421760988861,9447.739427609342,6.471054402472152,2361.9348569023355,8.732876712328768,3187.5
VIPV50_Wp700,10,4.5,home,418506.0253424657,152754699.25,20564.662100456626,7506101.666666669,3316.608121025574,1210561.9641743344,2218.790640401838,809858.583746671,0.0,0.0
VIPV50_Wp700,10,4.5,public,73345.89714611873,26771252.458333336,304.26073059360726,111055.16666666666,293.67324436493556,107190.73419320147,53.39513533907918,19489.2243987639,13.773972602739725,5027.5
VIPV50_Wp700,10,4.5,work,678.4155251141553,247621.6666666667,656.5381278538813,239636.4166666667,263.4192151066076,96148.01351391179,65.8548037766519,24037.003378477948,30.589041095890412,11165.0
VIPV50_Wp700,11,5.0,home,412841.89840182645,150687292.91666666,10514.23401826484,3837695.416666667,1677.927668879925,612443.5991411726,1138.0811479280983,415399.61899375584,6.883561643835616,2512.5
VIPV50_Wp700,11,5.0,public,72812.79703196346,26576670.916666664,865.1060502283107,315763.7083333334,763.5547357330206,278697.4785425525,138.82813376964012,50672.26882591864,40.034246575342465,14612.5
VIPV50_Wp700,11,5.0,work,1986.3006849315068,724999.75,1781.3543378995435,650194.3333333334,783.9362255592891,286136.7223291405,195.98405638982229,71534.18058228513,78.07534246575342,28497.5
VIPV50_Wp700,12,5.5,home,403852.84851598175,147406289.70833334,2307.7787671232877,842339.25,394.3808624274969,143949.01478603636,246.54043592646,89987.2591131579,9.404109589041095,3432.5
VIPV50_Wp700,12,5.5,public,72658.10993150684,26520210.125,2155.0956621004566,786609.9166666666,1929.291536337053,704191.4107630244,350.78027933400966,128034.80195691352,78.0958904109589,28505.0
VIPV50_Wp700,12,5.5,work,5121.863926940639,1869480.3333333335,4506.596689497717,1644907.7916666667,1999.845463160373,729943.5940535361,499.9613657900932,182485.89851338402,113.56849315068493,41452.5
VIPV50_Wp700,13,6.0,home,383397.97910958895,139940262.37499997,871.275,318015.375,220.61223091176115,80523.46428279282,88.24489236470446,32209.385713117124,4.383561643835616,1600.0
VIPV50_Wp700,13,6.0,public,72211.05707762556,26357035.83333333,4304.069292237443,1570985.2916666665,3745.3994457568206,1367070.7977012396,680.9817174103312,248558.32685477086,172.9794520547945,63137.5
VIPV50_Wp700,13,6.0,work,10068.565753424658,3675026.5,8406.589840182647,3068405.2916666665,3761.3745759909866,1372901.72023671,940.3436439977467,343225.4300591775,266.0753424657534,97117.5
VIPV50_Wp700,14,6.5,home,352533.3247716895,128674663.54166667,767.0140410958902,279960.12499999994,192.64578123907447,70315.71015226218,77.05831249562979,28126.284060904873,8.73972602739726,3190.0
VIPV50_Wp700,14,6.5,public,71516.8042237443,26103633.541666668,8419.535045662102,3073130.291666667,7539.635577276732,2751966.985706007,1370.8428322321324,500357.6337647283,237.42465753424656,86660.0
VIPV50_Wp700,14,6.5,work,20424.11712328767,7454802.75,16438.59566210045,6000087.416666665,7452.995985087372,2720343.534556891,1863.248996271843,680085.8836392227,380.54794520547944,138900.0
VIPV50_Wp700,15,7.0,home,298227.32899543375,108852975.08333331,1048.9889269406392,382880.9583333333,289.9543836956758,105833.35004892167,105.9691441618119,38678.73761906134,26.828767123287673,9792.5
VIPV50_Wp700,15,7.0,public,71190.18767123288,25984418.5,14066.287328767121,5134194.874999999,13383.98389340804,4885154.121093934,2433.4516169832796,888209.840198897,479.0342465753425,174847.5
VIPV50_Wp700,15,7.0,work,34647.624543378995,12646382.958333334,26458.018949771696,9657176.91666667,12317.767406992854,4495985.103552392,3079.4418517482136,1123996.275888098,706.0890410958904,257722.5
VIPV50_Wp700,16,7.5,home,231955.2757990867,84663675.66666664,1627.8720319634701,594173.2916666666,439.98191894611665,160593.40041533258,161.0870029090024,58796.75606178587,30.65068493150685,11187.5
VIPV50_Wp700,16,7.5,public,73127.35616438354,26691484.999999993,23566.772716894975,8601872.041666666,22146.369468587036,8083424.856034269,4026.6126306521896,1469713.6101880493,588.8561643835617,214932.5
VIPV50_Wp700,16,7.5,work,59641.67511415525,21769211.416666668,44441.526826484034,16221157.291666672,20998.34409244873,7664395.593743786,5249.586023112182,1916098.8984359466,787.3082191780821,287367.5
VIPV50_Wp700,17,8.0,home,182947.61164383567,66775878.25000002,1939.00502283105,707736.8333333333,713.3809870918168,260384.06028851314,199.25948424565695,72729.71174966478,34.342465753424655,12535.0
VIPV50_Wp700,17,8.0,public,76659.93550228312,27980876.458333336,28681.56906392694,10468772.708333334,28052.965690979312,10239332.477207448,5100.539216541698,1861696.8140377197,487.3493150684931,177882.5
VIPV50_Wp700,17,8.0,work,79292.31164383562,28941693.75,52933.60639269407,19320766.333333336,25874.992914362854,9444372.413742442,6468.748228590714,2361093.1034356104,478.17123287671234,174532.5
VIPV50_Wp700,18,8.5,home,154249.49315068492,56301065.0,2562.3810502283104,935269.0833333333,965.9873961807092,352585.39960595884,266.02260737941543,97098.25169348663,92.41780821917808,33732.5
VIPV50_Wp700,18,8.5,public,79594.45570776256,29051976.333333336,27834.78447488585,10159696.333333336,28472.135149919748,10392329.329720708,5176.751845439955,1889514.4235855835,411.6849315068493,150265.0
VIPV50_Wp700,18,8.5,work,88766.8210045662,32399889.66666666,47642.139383561655,17389380.875000004,24663.127791324947,9002041.643833606,6165.781947831237,2250510.4109584014,268.013698630137,97825.0
VIPV50_Wp700,19,9.0,home,133805.95068493145,48839171.99999998,5032.950799086758,1837027.0416666665,1842.8951086839131,672656.7146696283,515.4968923432616,188156.3657052905,128.1164383561644,46762.5
VIPV50_Wp700,19,9.0,public,80531.35776255706,29393945.58333333,24911.04931506848,9092532.999999996,26164.563622668473,9550065.722273992,4757.193385939722,1736375.5858679987,406.6986301369863,148445.0
VIPV50_Wp700,19,9.0,work,94514.65719178082,34497849.875,38275.64977168949,13970612.166666664,20659.51750477705,7540723.889243623,5164.8793761942625,1885180.9723109058,170.14383561643837,62102.5
VIPV50_Wp700,20,9.5,home,124024.21997716896,45268840.29166667,8348.079452054795,3047049.0,3079.139287731415,1123885.8400219665,863.528939756659,315188.06301118055,199.45205479452054,72800.0
VIPV50_Wp700,20,9.5,public,81819.9673515982,29864288.083333343,22431.436301369857,8187474.249999998,24232.653207003033,8844918.420556108,4405.936946727825,1608166.985555656,436.2671232876712,159237.5
VIPV50_Wp700,20,9.5,work,97890.60525114156,35730070.91666667,28668.061529680373,10463842.458333336,15772.376773038455,5756917.522159036,3943.094193259614,1439229.380539759,120.67808219178082,44047.5
VIPV50_Wp700,21,10.0,home,113649.44543378998,41482047.58333334,13180.489954337902,4810878.833333334,4135.75977948849,1509552.3195132988,1363.9908435652114,497856.6579013022,262.6506849315069,95867.5
VIPV50_Wp700,21,10.0,public,82760.37066210044,30207535.29166666,22603.36267123288,8250227.375000002,24569.167331923167,8967746.076151956,4467.121333076938,1630499.2865730824,485.2260273972603,177107.5
VIPV50_Wp700,21,10.0,work,99255.92796803656,36228413.70833334,20305.021461187218,7411332.833333334,11379.391783935567,4153478.0011364818,2844.847945983892,1038369.5002841204,95.06164383561644,34697.5
VIPV50_Wp700,22,10.5,home,101373.83687214616,37001450.45833335,17226.797260273972,6287781.0,5413.419245171284,1975898.0244875187,1788.1054776823605,652658.4993540616,284.3150684931507,103775.0
VIPV50_Wp700,22,10.5,public,83028.12431506843,30305265.374999978,25000.334474885847,9125122.083333334,27042.988589318964,9870690.835101422,4916.907016239809,1794671.0609275303,484.25342465753425,176752.5
VIPV50_Wp700,22,10.5,work,99998.53310502286,36499464.58333334,14299.260502283101,5219230.083333332,7979.662152935259,2912576.6858213693,1994.9155382338147,728144.1714553423,101.75342465753425,37140.0
VIPV50_Wp700,23,11.0,home,94259.70639269405,34404792.83333333,23446.013470319616,8557794.91666666,6355.27185136013,2319674.2257464477,2429.2855575351896,886689.2285003442,467.5821917808219,170667.5
VIPV50_Wp700,23,11.0,public,83786.55194063927,30582091.458333336,26297.671803652964,9598650.208333332,28897.99592453653,10547768.512455834,5254.181077188463,1917776.093173789,567.917808219178,207290.0
VIPV50_Wp700,23,11.0,work,100189.17728310503,36569049.708333336,10986.70662100457,4010147.916666668,5987.949192580773,2185601.4552919823,1496.9872981451933,546400.3638229956,59.986301369863014,21895.0
VIPV50_Wp700,24,11.5,home,90619.0964611872,33075970.20833333,32054.291666666664,11699816.458333332,8709.586135294754,3178998.939382585,3339.7104580335917,1218994.317182261,479.2808219178082,174937.5
VIPV50_Wp700,24,11.5,public,83814.19269406394,30592180.333333336,27846.501369863025,10163973.000000004,30959.42770063402,11300191.110731417,5628.986854660731,2054580.201951167,598.4794520547945,218445.0
VIPV50_Wp700,24,11.5,work,98750.15319634705,36043805.91666667,8717.038812785388,3181719.1666666665,4692.200217186103,1712653.0792729277,1173.0500542965258,428163.2698182319,93.66438356164383,34187.5
VIPV50_Wp700,25,12.0,home,89751.99098173517,32759476.70833334,39890.998972602734,14560214.624999998,9036.500229221288,3298322.58366577,4145.164819053001,1512985.1589543456,560.3698630136986,204535.0
VIPV50_Wp700,25,12.0,public,84107.55331050229,30699256.958333336,29102.657762557075,10622470.083333332,33018.5810566271,12051782.085668894,6003.378373932198,2191233.1064852523,567.2739726027397,207055.0
VIPV50_Wp700,25,12.0,work,98046.70627853878,35787047.79166666,8471.412442922374,3092065.5416666665,4474.278230697578,1633111.5542046158,1118.5695576743944,408277.88855115394,99.15068493150685,36190.0
VIPV50_Wp700,26,12.5,home,90266.7992009132,32947381.708333317,46202.27123287672,16863829.000000004,10454.65138998719,3815947.7573453244,4782.1519240871985,1745485.4522918274,567.7465753424658,207227.5
VIPV50_Wp700,26,12.5,public,82604.7544520548,30150735.375,28934.32762557077,10561029.583333332,33330.208250927084,12165526.011588385,6060.037863804926,2211913.820288798,587.8150684931506,214552.5
VIPV50_Wp700,26,12.5,work,99011.92831050229,36139353.833333336,8779.517808219178,3204524.0,4559.884688292917,1664357.911226915,1139.9711720732294,416089.47780672874,136.1027397260274,49677.5
VIPV50_Wp700,27,13.0,home,89245.21426940638,32574503.20833333,49588.73002283105,18099886.458333332,11265.945659581432,4112070.1657472225,5143.988354765467,1877555.7494893956,594.2123287671233,216887.5
VIPV50_Wp700,27,13.0,public,84107.31415525111,30699169.666666657,31219.847031963465,11395244.166666664,35994.823587117564,13138110.60929791,6544.513379475921,2388747.383508711,572.1986301369863,208852.5
VIPV50_Wp700,27,13.0,work,100329.78607305937,36620371.91666667,9471.499771689498,3457097.416666667,4991.708385884365,1821973.5608477932,1247.9270964710913,455493.3902119483,111.26712328767124,40612.5
VIPV50_Wp700,28,13.5,home,93665.74292237443,34187996.166666664,55719.41518264837,20337586.541666657,12566.828357415223,4586892.350456556,5741.936194741285,2095806.7110805693,671.2945205479452,245022.5
VIPV50_Wp700,28,13.5,public,84350.74771689498,30788022.916666668,31408.514726027406,11464107.875000004,36478.184211724314,13314537.237279374,6632.397129404419,2420824.9522326128,541.7534246575342,197740.0
VIPV50_Wp700,28,13.5,work,100899.3705479452,36828270.25,9464.00273972603,3454361.0000000005,5023.562911254097,1833600.4626077455,1255.8907278135243,458400.1156519364,67.65068493150685,24692.5
VIPV50_Wp700,29,14.0,home,103283.55627853883,37698498.04166667,65017.86575342469,23731521.00000001,14505.397655031642,5294470.144086549,6634.69494259129,2421663.6540458207,838.7945205479452,306160.0
VIPV50_Wp700,29,14.0,public,82457.04486301371,30096821.375000004,29694.696575342456,10838564.249999996,34553.25012151615,12611936.294353394,6282.409113002937,2293079.326246072,543.8904109589041,198520.0
VIPV50_Wp700,29,14.0,work,99712.27694063926,36394981.08333333,8331.16815068493,3040876.375,4498.487742365355,1641948.0259633546,1124.6219355913388,410487.00649083866,57.513698630136986,20992.5
VIPV50_Wp700,30,14.5,home,111618.59257990868,40740786.29166667,71836.85205479452,26220451.0,15893.126162193179,5800991.049200511,7274.701851580878,2655266.1758270203,775.5,283057.5
VIPV50_Wp700,30,14.5,public,81910.23116438356,29897234.375,29202.62328767123,10658957.5,34063.88849398599,12433319.300304888,6193.434271633818,2260603.5091463435,509.3150684931507,185900.0
VIPV50_Wp700,30,14.5,work,98048.99885844748,35787884.58333333,6996.929908675798,2553879.4166666665,3841.5656764899213,1402171.4719188213,960.3914191224803,350542.86797970533,27.568493150684933,10062.5
VIPV50_Wp700,31,15.0,home,123130.81073059364,44942745.91666668,79292.80376712327,28941873.374999996,17940.878292956913,6548420.576929273,7994.374840135905,2917946.8166496055,817.2602739726027,298300.0
VIPV50_Wp700,31,15.0,public,80454.0663242009,29365734.20833333,27721.824771689495,10118466.041666666,32873.37967620453,11998783.581814654,5976.978122946277,2181597.014875391,491.13013698630135,179262.5
VIPV50_Wp700,31,15.0,work,92047.33812785386,33597278.41666666,4877.7111872146115,1780364.5833333333,2760.9442815114944,1007744.6627516955,690.2360703778736,251936.16568792387,18.068493150684933,6595.0
VIPV50_Wp700,32,15.5,home,139915.52134703193,51069165.29166666,89665.58778538818,32727939.541666687,20305.094833351555,7411359.614173317,9033.919209178757,3297380.5113502466,1077.9178082191781,393440.0
VIPV50_Wp700,32,15.5,public,77668.54840182648,28349020.166666668,26832.387214611874,9793821.333333334,31180.045022237904,11380716.433116835,5669.0990949523475,2069221.1696576069,523.6712328767123,191140.0
VIPV50_Wp700,32,15.5,work,81510.23127853879,29751234.416666657,3403.903082191781,1242424.625,1985.123666238104,724570.138176908,496.280916559526,181142.534544227,11.23972602739726,4102.5
VIPV50_Wp700,33,16.0,home,164175.6908675799,59924127.166666664,105106.5553652968,38363892.70833333,26911.57119887606,9822723.487589762,10486.19643416282,3827461.6984694297,1204.554794520548,439662.5
VIPV50_Wp700,33,16.0,public,77180.85525114155,28171012.166666664,28748.14566210045,10493073.166666664,33289.69738795454,12150739.546603408,6052.672252355372,2209225.3721097107,583.5410958904109,212992.5
VIPV50_Wp700,33,16.0,work,67440.42545662101,24615755.291666668,2452.3463470319634,895106.4166666666,1411.6233970521298,515242.5399240274,352.90584926303245,128810.63498100685,19.376712328767123,7072.5
VIPV50_Wp700,34,16.5,home,192486.8905251142,70257715.04166669,121080.43116438348,44194357.37499997,30875.005978296453,11269377.182078205,12050.973047908737,4398605.162486689,1289.8013698630136,470777.5
VIPV50_Wp700,34,16.5,public,76550.31552511416,27940865.166666668,30014.02180365297,10955117.958333334,34588.53569318991,12624815.528014315,6288.824671489079,2295421.005093514,533.3561643835617,194675.0
VIPV50_Wp700,34,16.5,work,51506.08573059362,18799721.29166667,2027.354908675799,739984.5416666666,1155.1119016595546,421615.84410573746,288.77797541488866,105403.96102643436,14.993150684931507,5472.5
VIPV50_Wp700,35,17.0,home,220874.93470319628,80619351.16666664,136054.45148401827,49659874.79166667,40321.82162836761,14717464.894354178,13518.778010097294,4934353.973685512,1195.9657534246576,436527.5
VIPV50_Wp700,35,17.0,public,75437.28299086759,27534608.29166667,30225.757762557085,11032401.583333336,35628.49539463874,13004400.819043139,6477.908253570679,2364436.512553298,563.527397260274,205687.5
VIPV50_Wp700,35,17.0,work,37126.61643835618,13551215.000000004,1651.0077625570777,602617.8333333334,917.809619401587,335000.51108157926,229.45240485039676,83750.12777039481,14.356164383561644,5240.0
VIPV50_Wp700,36,17.5,home,245371.56095890416,89560619.75000001,143686.15707762563,52445447.33333336,42809.114824857,15625326.911072806,14369.642511100976,5244919.516551856,1047.9246575342465,382492.5
VIPV50_Wp700,36,17.5,public,73073.01952054792,26671652.124999993,28487.096004566225,10397790.041666672,33383.9807087288,12185152.958686013,6069.814674314326,2215482.356124729,441.1095890410959,161005.0
VIPV50_Wp700,36,17.5,work,26371.36815068493,9625549.375,1055.2557077625572,385168.3333333334,587.4495300882206,214419.0784822005,146.86238252205516,53604.76962055013,6.239726027397261,2277.5
VIPV50_Wp700,37,18.0,home,268962.1628995434,98171189.45833334,148258.9098173516,54114502.083333336,44354.899256396064,16189538.228584563,14898.46827764955,5437940.921342086,1003.8356164383562,366400.0
VIPV50_Wp700,37,18.0,public,71009.92500000002,25918622.625000004,26339.5441780822,9613933.625000004,31197.627092135146,11387133.888629328,5672.295834933658,2070387.979750785,384.958904109589,140510.0
VIPV50_Wp700,37,18.0,work,18131.195776255703,6617886.458333332,785.7930365296804,286814.4583333334,438.0893829627827,159902.62478141568,109.52234574069567,39975.65619535392,14.383561643835616,5250.0
VIPV50_Wp700,38,18.5,home,288379.0143835616,105258340.24999999,147313.993150685,53769607.50000003,44252.49699637273,16152161.403676046,14881.500057396395,5431747.520949684,732.8767123287671,267500.0
VIPV50_Wp700,38,18.5,public,69490.34337899543,25363975.333333332,22999.863926940645,8394950.333333336,27182.457415096713,9921596.9565103,4942.264984563034,1803926.7193655074,310.4246575342466,113305.0
VIPV50_Wp700,38,18.5,work,12445.820547945206,4542724.5,760.3528538812786,277528.7916666667,384.7541492272117,140435.26446793228,96.18853730680293,35108.81611698307,2.5,912.5
VIPV50_Wp700,39,19.0,home,302152.46118721465,110285648.33333334,139726.96152968032,51000340.95833332,42166.090678511275,15390623.097656615,14194.720315536148,5181072.915170694,574.0753424657535,209537.5
VIPV50_Wp700,39,19.0,public,67784.9131278539,24741493.29166667,19503.681506849316,7118843.750000001,23505.201836538687,8579398.67033662,4273.67306118885,1559890.6673339303,214.93150684931507,78450.0
VIPV50_Wp700,39,19.0,work,8876.274429223742,3239840.166666666,645.5562785388129,235628.0416666667,348.8856524609479,127343.26314824598,87.22141311523697,31835.815787061496,7.513698630136986,2742.5
VIPV50_Wp700,40,19.5,home,316205.5684931506,115415032.49999997,131334.877283105,47937230.20833332,39770.178869309726,14516115.28729805,13396.339807937271,4889664.029897104,543.3561643835617,198325.0
VIPV50_Wp700,40,19.5,public,65848.22785388127,24034603.166666664,15452.824885844746,5640281.083333332,18686.697890926713,6820644.73018825,3397.5814347139476,1240117.223670591,184.95890410958904,67510.0
VIPV50_Wp700,40,19.5,work,6765.199200913241,2469297.708333333,529.6961187214612,193339.08333333334,305.261004593047,111420.26667646215,76.31525114826175,27855.06666911554,4.390410958904109,1602.5
VIPV50_Wp700,41,20.0,home,327944.16175799083,119699619.04166666,121339.97009132421,44289089.083333336,32050.307937216803,11698362.397084134,12433.24795703541,4538135.504317924,360.82191780821915,131700.0
VIPV50_Wp700,41,20.0,public,65124.3089041096,23770372.750000004,12516.211073059365,4568417.041666668,14992.834406393516,5472384.5583336335,2725.9698920715473,994979.0106061148,131.2054794520548,47890.0
VIPV50_Wp700,41,20.0,work,4987.72294520548,1820518.875,363.3748858447488,132631.8333333333,228.2012914000983,83293.47136103589,57.05032285002458,20823.367840258972,0.0,0.0
VIPV50_Wp700,42,20.5,home,336118.1273972603,122683116.5,109268.64977168951,39883057.16666667,28967.396403498133,10573099.687276818,11236.43280155922,4101297.972569115,325.486301369863,118802.5
VIPV50_Wp700,42,20.5,public,64165.1897260274,23420294.25,9852.706506849312,3596237.874999999,11678.226459551874,4262552.657736434,2123.313901736705,775009.5741338972,97.42465753424658,35560.0
VIPV50_Wp700,42,20.5,work,3424.5666666666666,1249966.8333333333,173.99360730593605,63507.666666666664,116.89537144322232,42666.810576776144,29.22384286080558,10666.702644194036,0.0,0.0
VIPV50_Wp700,43,21.0,home,344488.30285388127,125738230.54166667,97286.19417808215,35509460.874999985,24493.87091463144,8940262.883840475,10025.887391160728,3659448.8977736654,280.54794520547944,102400.0
VIPV50_Wp700,43,21.0,public,63202.71780821917,23068991.999999996,7593.0215753424645,2771452.8749999995,9292.59583636178,3391797.4802720495,1689.5628793385051,616690.4509585544,86.82191780821918,31690.0
VIPV50_Wp700,43,21.0,work,2050.077739726027,748278.375,55.56301369863014,20280.5,38.238082881358075,13956.900251695697,9.559520720339519,3489.2250629239243,0.0,0.0
VIPV50_Wp700,44,21.5,home,351114.00388127856,128156611.41666667,84733.53515981739,30927740.333333347,21441.290448062224,7826071.013542712,8767.791186318029,3200243.7830060804,233.71917808219177,85307.5
VIPV50_Wp700,44,21.5,public,62191.24212328767,22699803.375,5775.496803652968,2108056.3333333335,7168.628315644443,2616549.335210222,1303.3869664808076,475736.2427654948,39.37671232876713,14372.5
VIPV50_Wp700,44,21.5,work,1422.157305936073,519087.4166666666,39.94018264840182,14578.166666666664,20.6290652088146,7529.608801217329,5.15726630220365,1882.4022003043322,0.6301369863013698,230.0
VIPV50_Wp700,45,22.0,home,368062.12614155246,134342676.04166666,83309.9247716895,30408122.54166667,17204.820499576308,6279759.482345353,8602.410249788154,3139879.741172676,680.1986301369863,248272.5
VIPV50_Wp700,45,22.0,public,62610.05707762557,22852670.833333332,5798.212328767123,2116347.5,7029.840851067401,2565891.9106396013,1278.1528820122542,466525.80193447275,101.6986301369863,37120.0
VIPV50_Wp700,45,22.0,work,868.0003424657534,316820.125,15.480365296803653,5650.333333333333,3.751552680477493,1369.3167283742848,0.9378881701193732,342.3291820935712,0.0,0.0
VIPV50_Wp700,46,22.5,home,392201.1735159818,143153428.33333337,91896.3007990867,33542149.79166665,18758.02660548548,6846679.711002201,9379.01330274274,3423339.8555011004,776.2671232876712,283337.5
VIPV50_Wp700,46,22.5,public,65095.989383561646,23760036.125,7758.295890410959,2831778.0,9293.487538775253,3392122.9516529674,1689.7250070500459,616749.6275732667,115.26027397260275,42070.0
VIPV50_Wp700,46,22.5,work,379.0509132420091,138353.5833333333,0.0,0.0,0.0,0.0,0.0,0.0,0.0,0.0
VIPV50_Wp700,47,23.0,home,413459.7235159817,150912799.0833333,98488.02671232876,35948129.75,19975.489912684097,7291053.818129695,9987.744956342049,3645526.9090648475,706.7739726027397,257972.5
VIPV50_Wp700,47,23.0,public,67744.8207762557,24726859.583333332,9166.94897260274,3345936.375,10747.220627727482,3922735.529120531,1954.040114132269,713224.6416582782,105.18493150684931,38392.5
VIPV50_Wp700,47,23.0,work,60.94372146118721,22244.458333333332,0.0,0.0,0.0,0.0,0.0,0.0,0.0,0.0
VIPV50_Wp700,48,23.5,home,431802.7494292237,157608003.54166666,101347.09121004568,36991688.29166667,20600.38711668869,7519141.297591371,10300.193558344345,3759570.6487956857,563.9657534246576,205847.5
VIPV50_Wp700,48,23.5,public,70577.45034246576,25760769.375,10038.73424657534,3664137.9999999995,11945.364107626385,4360057.899283631,2171.8843832047974,792737.7998697511,101.60958904109589,37087.5
VIPV50_Wp700,48,23.5,work,14.537671232876713,5306.25,0.0,0.0,0.0,0.0,0.0,0.0,0.0,0.0
VIPV50_Wp1000,1,0.0,home,361955.0273972603,132113585.0,95538.94429223743,34871714.666666664,17156.519416585008,6262129.587053528,9691.066400468495,3537239.2361710006,1163.3150684931506,424610.0
VIPV50_Wp1000,1,0.0,public,60612.371232876714,22123515.5,10646.424429223745,3885944.916666667,12755.30867990812,4655687.668166463,2319.147032710567,846488.666939357,199.0,72635.0
VIPV50_Wp1000,1,0.0,work,25.22237442922375,9206.166666666668,25.22237442922375,9206.166666666668,11.02193580243423,4023.006567888494,2.7554839506085576,1005.7516419721235,2.493150684931507,910.0
VIPV50_Wp1000,2,0.5,home,391927.7244292238,143053619.4166667,114553.43002283106,41812001.958333336,19479.390731617557,7109977.617040409,11517.049217561025,4203722.964409774,833.1780821917808,304110.0
VIPV50_Wp1000,2,0.5,public,66039.7602739726,24104512.5,13274.835616438353,4845314.999999999,15512.366530353234,5662013.78357893,2820.4302782460427,1029457.0515598056,159.4931506849315,58215.0
VIPV50_Wp1000,2,0.5,work,92.70662100456623,33837.91666666667,92.70662100456623,33837.91666666667,34.82013894127346,12709.350713564814,8.705034735318366,3177.3376783912036,1.8767123287671232,685.0
VIPV50_Wp1000,3,1.0,home,405826.1301369863,148126537.5,115552.87226027399,42176798.37500001,19319.37667789915,7051572.4874331895,11660.169395113915,4255961.829216579,353.7260273972603,129110.0
VIPV50_Wp1000,3,1.0,public,68931.47260273973,25159987.5,12859.702625570775,4693791.458333333,15442.096138151164,5636365.090425175,2807.653843300213,1024793.6528045777,74.52739726027397,27202.5
VIPV50_Wp1000,3,1.0,work,131.0958904109589,47850.0,102.45867579908678,37397.41666666667,32.926459646904036,12018.157771119973,8.231614911726009,3004.5394427799934,0.0,0.0
VIPV50_Wp1000,4,1.5,home,411275.7301369863,150115641.5,105683.93013698634,38574634.500000015,17653.72566924527,6443609.869274523,10770.392339053422,3931193.203754499,145.23287671232876,53010.0
VIPV50_Wp1000,4,1.5,public,70136.14280821919,25599692.125,9959.546347031963,3635234.4166666665,12379.321628905565,4518452.394550531,2250.7857507101025,821536.7990091875,33.773972602739725,12327.5
VIPV50_Wp1000,4,1.5,work,131.0958904109589,47850.0,37.19178082191781,13575.0,20.85430160081007,7611.820084295676,5.213575400202518,1902.955021073919,0.0,0.0
VIPV50_Wp1000,5,2.0,home,413104.72602739726,150783225.0,91864.27465753428,33530460.25000001,15361.3983065479,5606910.381889984,9468.765600517137,3456099.444188755,41.32876712328767,15085.0
VIPV50_Wp1000,5,2.0,public,70620.0,25776300.0,6370.725684931507,2325314.875,8119.303527155871,2963545.787411893,1476.2370049374315,538826.5068021625,11.226027397260275,4097.5
VIPV50_Wp1000,5,2.0,work,131.0958904109589,47850.0,34.66438356164384,12652.5,19.490489826981502,7114.028786848248,4.8726224567453755,1778.507196712062,0.0,0.0
VIPV50_Wp1000,6,2.5,home,413536.0273972603,150940650.0,76051.39200913243,27758758.083333336,12689.977022825055,4631841.613331145,7925.2165990540425,2892704.0586547256,9.36986301369863,3420.0
VIPV50_Wp1000,6,2.5,public,70770.0,25831050.0,2949.7357305936075,1076653.5416666667,3841.1042030549797,1402003.0341150677,698.3825823736328,254909.64256637596,3.76027397260274,1372.5
VIPV50_Wp1000,6,2.5,work,131.0958904109589,47850.0,17.493607305936074,6385.166666666667,10.174345414473407,3713.636076282794,2.543586353618352,928.4090190706985,0.0,0.0
VIPV50_Wp1000,7,3.0,home,413586.3948630137,150959034.125,60531.182876712315,22093881.749999996,10064.50853102222,3673545.6138231107,6368.938301711833,2324662.480124819,1.2602739726027397,460.0
VIPV50_Wp1000,7,3.0,public,70775.84760273973,25833184.375,1204.9311643835617,439799.875,1601.4650801202022,584534.7542438738,291.175469112764,106279.04622615887,0.6301369863013698,230.0
VIPV50_Wp1000,7,3.0,work,131.0958904109589,47850.0,0.0,0.0,0.0,0.0,0.0,0.0,0.0,0.0
VIPV50_Wp1000,8,3.5,home,413490.79520547943,150924140.25,45588.94326484018,16639964.291666664,7533.567068647678,2749751.9800564023,4835.800833846958,1765067.3043541398,0.0,0.0
VIPV50_Wp1000,8,3.5,public,70760.75342465754,25827675.0,398.2615296803653,145365.45833333334,534.7498117463757,195183.68128742714,97.22723849934104,35487.94205225948,0.0,0.0
VIPV50_Wp1000,8,3.5,work,131.0958904109589,47850.0,0.0,0.0,0.0,0.0,0.0,0.0,0.0,0.0
VIPV50_Wp1000,9,4.0,home,412797.6898401827,150671156.7916667,31050.004680365295,11333251.708333332,5077.916730974306,1853439.6068056216,3320.077054412329,1211828.1248605,0.0,0.0
VIPV50_Wp1000,9,4.0,public,70783.1506849315,25835850.0,235.18561643835616,85842.75,230.49268960553107,84129.83170601884,41.907761746460196,15296.333037457971,9.349315068493151,3412.5
VIPV50_Wp1000,9,4.0,work,173.5255707762557,63336.833333333336,42.429680365296804,15486.833333333332,13.969829065964182,5098.987609076927,3.4924572664910456,1274.7469022692317,5.027397260273973,1835.0
VIPV50_Wp1000,10,4.5,home,411053.90605022834,150034675.70833334,19000.425,6935155.125,3043.865123716356,1111010.77015647,2046.8759618031706,747109.7260581573,0.0,0.0
VIPV50_Wp1000,10,4.5,public,70690.25148401827,25801941.791666668,389.9293378995434,142324.20833333334,392.189783753536,143149.27107004065,71.30723340973383,26027.14019455285,13.746575342465754,5017.5
VIPV50_Wp1000,10,4.5,work,644.4327625570777,235217.95833333334,498.60525114155257,181990.9166666667,195.74909160207548,71448.41843475755,48.93727290051887,17862.104608689388,31.246575342465754,11405.0
VIPV50_Wp1000,11,5.0,home,406046.94200913236,148207133.8333333,9421.840981735158,3438971.958333333,1501.871009197666,548182.9183571481,1018.5116324095095,371756.745829471,7.513698630136986,2742.5
VIPV50_Wp1000,11,5.0,public,70098.58447488584,25585983.333333332,818.7206621004565,298833.0416666666,809.055957924952,295305.4246426075,147.1010832590822,53691.895389565005,39.95890410958904,14585.0
VIPV50_Wp1000,11,5.0,work,2008.6248858447486,733148.0833333333,1761.9872146118719,643125.3333333333,754.3381573702328,275333.427440135,188.5845393425582,68833.35686003375,79.8972602739726,29162.5
VIPV50_Wp1000,12,5.5,home,397382.2172374429,145044509.29166666,2024.411073059361,738910.0416666667,339.8220512146957,124035.04869336393,213.9973700930152,78109.04008395055,9.986301369863014,3645.0
VIPV50_Wp1000,12,5.5,public,69753.69417808221,25460098.375000004,1892.5537671232873,690782.1249999999,1771.9973674342054,646779.039113485,322.1813395334918,117596.1889297245,66.9041095890411,24420.0
VIPV50_Wp1000,12,5.5,work,5285.540753424658,1929222.375,4539.783561643836,1657021.0000000002,2055.608646040464,750297.1558047694,513.902161510116,187574.28895119234,116.78767123287672,42627.5
VIPV50_Wp1000,13,6.0,home,377308.6883561645,137717671.25000003,769.6554794520548,280924.25,191.2004877442181,69788.17802663961,76.48019509768726,27915.271210655847,5.02054794520548,1832.5
VIPV50_Wp1000,13,6.0,public,69770.53961187215,25466246.958333336,4513.502397260273,1647428.3749999998,4152.658495221568,1515720.3507558722,755.0288173130124,275585.5183192495,184.8835616438356,67482.5
VIPV50_Wp1000,13,6.0,work,10069.908561643835,3675516.625,8328.156278538814,3039777.041666667,3798.534355053999,1386465.0395947096,949.6335887634998,346616.2598986774,259.2671232876712,94632.5
VIPV50_Wp1000,14,6.5,home,346572.7116438357,126499039.75000003,783.6115296803653,286018.2083333333,194.17787022507565,70874.92263215261,77.67114809003026,28349.969052861044,11.842465753424657,4322.5
VIPV50_Wp1000,14,6.5,public,69436.8450913242,25344448.458333332,8651.981050228309,3157973.083333333,7845.7029262804745,2863681.568092373,1426.491441141904,520669.376016795,214.36301369863014,78242.5
VIPV50_Wp1000,14,6.5,work,20137.026141552506,7350014.541666664,16497.916438356166,6021739.5,7477.419371498746,2729258.0705970423,1869.3548428746865,682314.5176492606,370.75342465753425,135325.0
VIPV50_Wp1000,15,7.0,home,292444.93127853883,106742399.91666667,1095.5514840182648,399876.2916666666,299.8765312203803,109454.93389543881,106.15084194583527,38745.05731022987,25.60958904109589,9347.5
VIPV50_Wp1000,15,7.0,public,68732.19646118721,25087251.708333332,13918.376712328767,5080207.5,13204.046959964186,4819477.140386928,2400.7358109025795,876268.5709794415,463.5,169177.5
VIPV50_Wp1000,15,7.0,work,33854.91484018265,12357043.91666667,25689.808789954346,9376780.208333336,12113.31769812491,4421360.9598155925,3028.3294245312277,1105340.2399538981,686.6643835616438,250632.5
VIPV50_Wp1000,16,7.5,home,227047.35844748854,82872285.83333331,1641.6985159817352,599219.9583333334,425.1961869021053,155196.60821926844,156.1130400217898,56981.25960795328,25.60958904109589,9347.5
VIPV50_Wp1000,16,7.5,public,70148.47945205477,25604194.999999993,23015.928424657523,8400813.874999996,21505.029240503158,7849335.672783653,3910.0053164551186,1427151.9405061183,584.013698630137,213165.0
VIPV50_Wp1000,16,7.5,work,57792.62694063927,21094308.833333332,43108.72237442923,15734683.666666668,20633.139372087324,7531095.870811873,5158.284843021831,1882773.9677029683,744.6301369863014,271790.0
VIPV50_Wp1000,17,8.0,home,179007.90102739725,65337883.87499999,2069.8457762557077,755493.7083333333,757.0615835003455,276327.4779776261,211.47217231918165,77187.3428965013,47.445205479452056,17317.5
VIPV50_Wp1000,17,8.0,public,74451.67408675801,27174861.04166667,28776.16552511415,10503300.416666664,27555.93689241107,10057916.965730041,5010.170344074736,1828712.1755872788,488.06849315068496,178145.0
VIPV50_Wp1000,17,8.0,work,76581.1646118721,27952125.083333317,51313.79440639272,18729534.958333343,25284.179708356914,9228725.593550274,6321.044927089229,2307181.3983875685,468.63698630136986,171052.5
VIPV50_Wp1000,18,8.5,home,150788.3797945206,55037758.625000015,2701.1363013698624,985914.7499999998,984.0919521361313,359193.56252968794,276.94636166117095,101085.4220063274,89.26712328767124,32582.5
VIPV50_Wp1000,18,8.5,public,77293.95102739727,28212292.125000004,26965.421118721464,9842378.708333334,27747.317661121717,10127770.946309427,5044.966847476674,1841412.8993289862,402.7808219178082,147015.0
VIPV50_Wp1000,18,8.5,work,85986.22831050228,31384973.333333332,46139.094863013706,16840769.625000004,23984.13635771997,8754209.77056779,5996.0340894299925,2188552.4426419474,256.24657534246575,93530.0
VIPV50_Wp1000,19,9.0,home,130892.43321917804,47775738.124999985,5131.083447488585,1872845.4583333335,1854.8292607705766,677012.6801812605,519.2528016814668,189527.2726137354,135.73972602739727,49545.0
VIPV50_Wp1000,19,9.0,public,77983.27111872149,28463893.958333343,23842.700342465763,8702585.625000004,25216.551373327504,9204041.251264539,4584.827522423179,1673462.0456844606,349.8424657534247,127692.5
VIPV50_Wp1000,19,9.0,work,91429.42979452055,33371741.875,37041.41952054795,13520118.125,20197.61129140435,7372128.121362588,5049.402822851088,1843032.030340647,139.95890410958904,51085.0
VIPV50_Wp1000,20,9.5,home,121454.699086758,44330965.16666667,8512.120433789954,3106923.9583333335,3093.387322145113,1129086.3725829662,870.0067045390599,317552.4471567569,200.0,73000.0
VIPV50_Wp1000,20,9.5,public,77802.6033105023,28397950.208333336,20473.198630136983,7472717.499999999,22344.792926959766,8155849.418340315,4062.6896230835932,1482881.7124255116,396.7808219178082,144825.0
VIPV50_Wp1000,20,9.5,work,94172.32226027397,34372897.625,27494.804223744304,10035603.541666672,15349.208005755328,5602460.922100695,3837.302001438832,1400615.2305251737,107.56164383561644,39260.0
VIPV50_Wp1000,21,10.0,home,111847.68264840182,40824404.166666664,13538.938926940638,4941712.708333333,4206.2769188285065,1535291.075372405,1399.8546099763473,510946.9326413668,277.6027397260274,101325.0
VIPV50_Wp1000,21,10.0,public,79043.30159817352,28850805.083333336,21010.135730593607,7668699.541666667,22638.06670204276,8262894.346245607,4116.012127644136,1502344.4265901095,471.5,172097.5
VIPV50_Wp1000,21,10.0,work,95340.52659817353,34799292.208333336,19254.218835616444,7027789.875000003,10923.441881353729,3987056.286694111,2730.860470338432,996764.0716735277,98.67123287671232,36015.0
VIPV50_Wp1000,22,10.5,home,100012.52317351596,36504570.95833333,17390.693036529683,6347602.958333335,5440.377626678014,1985737.8337374753,1809.6991951858095,660540.2062428205,277.67808219178085,101352.5
VIPV50_Wp1000,22,10.5,public,80435.02500000002,29358784.125000007,24549.46529680365,8960554.833333332,26513.91297312537,9677578.23519076,4820.71144965916,1759559.6791255935,509.24657534246575,185875.0
VIPV50_Wp1000,22,10.5,work,95960.8855022831,35025723.20833333,14483.981164383556,5286653.124999998,8173.134046994665,2983193.9271530528,2043.2835117486663,745798.4817882632,91.28082191780823,33317.5
VIPV50_Wp1000,23,11.0,home,92147.46621004569,33633825.16666668,22950.415296803654,8376901.583333334,6252.847534919187,2282289.3502455032,2396.7444933377024,874811.7400682614,424.33561643835617,154882.5
VIPV50_Wp1000,23,11.0,public,81980.00034246575,29922700.125,26487.754109589037,9668030.249999998,29451.455178128126,10749781.140016766,5354.810032386932,1954505.66182123,561.6643835616438,205007.5
VIPV50_Wp1000,23,11.0,work,96066.74098173519,35064360.45833334,10784.074657534247,3936187.25,6025.014712819792,2199130.3701792243,1506.253678204948,549782.5925448061,56.86986301369863,20757.5
VIPV50_Wp1000,24,11.5,home,87895.23299086755,32081760.041666657,30746.82602739726,11222591.5,8386.909638148598,3061222.017924238,3225.760530522362,1177402.593640662,483.7328767123288,176562.5
VIPV50_Wp1000,24,11.5,public,82316.37168949773,30045475.66666667,27314.30582191781,9969721.625,31035.078889816785,11327803.794783127,5642.741616330321,2059600.6899605673,570.5958904109589,208267.5
VIPV50_Wp1000,24,11.5,work,95093.81598173514,34709242.83333333,8600.146917808219,3139053.625,4741.900857903674,1730793.8131348407,1185.4752144759184,432698.4532837102,85.5068493150685,31210.0
VIPV50_Wp1000,25,12.0,home,86829.9916666667,31692946.958333343,38562.626712328754,14075358.749999996,8812.489256957146,3216558.5787893585,4028.0153117347854,1470225.5887831966,555.6095890410959,202797.5
VIPV50_Wp1000,25,12.0,public,83147.96563926942,30349007.458333336,28764.12956621005,10498907.291666668,32737.898861963495,11949333.084616676,5952.345247629723,2172606.015384849,593.1712328767123,216507.5
VIPV50_Wp1000,25,12.0,work,94885.47728310504,34633199.208333336,8457.900456621006,3087133.666666667,4543.352262441904,1658323.575791295,1135.838065610476,414580.89394782373,108.76712328767124,39700.0
VIPV50_Wp1000,26,12.5,home,87379.06792237441,31893359.791666657,44755.96860730595,16335928.541666672,10206.429039732264,3725346.5995022766,4671.386272136403,1705055.989329787,552.5753424657535,201690.0
VIPV50_Wp1000,26,12.5,public,82145.8698630137,29983242.5,29495.73630136986,10765943.749999998,33690.363553604875,12296982.69706578,6125.52064610998,2235815.0358301424,592.7397260273973,216350.0
VIPV50_Wp1000,26,12.5,work,95679.37134703196,34922970.541666664,9023.910273972602,3293727.25,4740.041452473554,1730115.1301528474,1185.0103631183886,432528.78253821185,126.84246575342466,46297.5
VIPV50_Wp1000,27,13.0,home,86751.14668949773,31664168.54166667,48843.64851598171,17827931.708333325,11121.819761717088,4059464.2130267373,5097.024149075891,1860413.8144127002,613.5,223927.5
VIPV50_Wp1000,27,13.0,public,83416.86586757991,30447156.041666668,30973.255593607308,11305238.291666668,35696.675225630475,13029286.457355123,6490.304586478268,2368961.174064568,547.2945205479452,199762.5
VIPV50_Wp1000,27,13.0,work,96601.70993150685,35259624.125,9449.097716894976,3448920.666666666,4898.509011986536,1787955.7893750858,1224.627252996634,446988.94734377146,102.5,37412.5
VIPV50_Wp1000,28,13.5,home,91530.0812785388,33408479.66666666,55192.91484018264,20145413.916666664,12465.985561252952,4550084.729857327,5707.092726948842,2083088.8453363273,659.2671232876712,240632.5
VIPV50_Wp1000,28,13.5,public,82920.11392694064,30265841.583333336,29798.560273972613,10876474.500000004,35273.393419093954,12874788.597969294,6413.344258017088,2340870.654176237,499.09589041095893,182170.0
VIPV50_Wp1000,28,13.5,work,97186.43013698628,35473046.99999999,9004.273630136986,3286559.875,4817.771173191153,1758486.4782147708,1204.4427932977883,439621.6195536927,66.82876712328768,24392.5
VIPV50_Wp1000,29,14.0,home,99765.79714611871,36414515.95833333,63140.312328767155,23046214.00000001,14104.917456215844,5148294.871518783,6447.19150082495,2353224.897801107,780.1780821917808,284765.0
VIPV50_Wp1000,29,14.0,public,79835.64143835618,29140009.125000007,27986.785616438337,10215176.749999993,33215.89331742809,12123801.060861252,6039.253330441471,2204327.465611137,530.7397260273973,193720.0
VIPV50_Wp1000,29,14.0,work,96256.81849315068,35133738.75,8010.123515981735,2923695.0833333335,4377.3367133693555,1597727.900379815,1094.3341783423389,399431.9750949537,63.69178082191781,23247.5
VIPV50_Wp1000,30,14.5,home,108323.34189497716,39538019.791666664,69337.81084474885,25308300.95833333,15342.881705853506,5600151.82263653,7007.741718635933,2557825.7273021154,740.3424657534247,270225.0
VIPV50_Wp1000,30,14.5,public,78014.87762557075,28475430.33333332,27166.669178082197,9915834.250000002,32113.62928798868,11721474.690115867,5838.841688725214,2131177.2163847033,444.2054794520548,162135.0
VIPV50_Wp1000,30,14.5,work,94317.02031963471,34425712.41666667,6578.967009132421,2401322.9583333335,3672.3030220632895,1340390.6030531006,918.0757555158224,335097.65076327516,21.883561643835616,7987.5
VIPV50_Wp1000,31,15.0,home,120199.19920091327,43872707.70833334,77086.9194063927,28136725.583333336,17499.862250861956,6387449.721564613,7771.617183314575,2836640.27190982,802.5068493150685,292915.0
VIPV50_Wp1000,31,15.0,public,77617.75479452052,28330480.49999999,26709.733333333337,9749052.666666668,32382.899366524434,11819758.268781418,5887.799884822625,2149046.9579602582,511.2671232876712,186612.5
VIPV50_Wp1000,31,15.0,work,88085.2334474886,32151110.20833334,4456.923744292237,1626777.1666666665,2586.4970731453072,944071.4316980371,646.6242682863268,236017.85792450927,13.082191780821917,4775.0
VIPV50_Wp1000,32,15.5,home,137100.85878995433,50041813.458333336,87314.69189497721,31869862.54166668,19815.522983966715,7232665.889147852,8791.199654532875,3208787.873904499,1056.3424657534247,385565.0
VIPV50_Wp1000,32,15.5,public,75160.06746575344,27433424.625000007,26795.01050228311,9780178.833333334,32107.98286908968,11719413.747217733,5837.815067107216,2130802.499494134,514.3835616438356,187750.0
VIPV50_Wp1000,32,15.5,work,77580.03127853882,28316711.416666668,3197.0478310502285,1166922.4583333335,1891.16121187441,690273.8423341596,472.7903029686025,172568.4605835399,13.157534246575343,4802.5
VIPV50_Wp1000,33,16.0,home,160076.69737442926,58427994.54166668,101082.8039954338,36895223.458333336,25942.533379426273,9469024.68349059,10106.08445959495,3688720.827752156,1102.1301369863013,402277.5
VIPV50_Wp1000,33,16.0,public,74265.4480593607,27106888.541666657,28497.90251141553,10401734.416666668,33175.38764906499,12109016.491908722,6031.888663466361,2201639.362165222,571.0342465753424,208427.5
VIPV50_Wp1000,33,16.0,work,63538.76312785388,23191648.541666668,2435.0783105022833,888803.5833333335,1405.215482217522,512903.65100939554,351.3038705543805,128225.91275234889,19.410958904109588,7085.0
VIPV50_Wp1000,34,16.5,home,187400.0833333334,68401030.41666669,116528.70159817341,42532976.0833333,29811.330221442644,10881135.530826565,11608.491524899766,4237099.406588415,1300.2123287671234,474577.5
VIPV50_Wp1000,34,16.5,public,75463.12260273972,27544039.75,30849.55365296804,11260087.083333334,35789.34223752873,13063109.916697986,6507.153134096133,2375110.8939450886,557.931506849315,203645.0
VIPV50_Wp1000,34,16.5,work,48773.275,17802245.375,1878.0800228310507,685499.2083333335,1081.9087109811958,394896.67950813647,270.47717774529895,98724.16987703412,13.054794520547945,4765.0
VIPV50_Wp1000,35,17.0,home,215212.26484018247,78552476.6666666,130969.3200913243,47803801.83333337,38731.37051922759,14136950.239518069,12992.609570185738,4742302.493117794,1123.986301369863,410255.0
VIPV50_Wp1000,35,17.0,public,73229.6220319635,26728812.04166668,28989.756963470307,10581261.291666662,34004.282971544526,12411563.28461375,6182.596903917186,2256647.869929773,500.04794520547944,182517.5
VIPV50_Wp1000,35,17.0,work,34803.99086757991,12703456.666666668,1440.911073059361,525932.5416666667,820.6332966950247,299531.153293684,205.15832417375617,74882.788323421,15.58904109589041,5690.0
VIPV50_Wp1000,36,17.5,home,239112.57294520555,87276089.12500003,138212.6840182648,50447629.66666664,41107.992345082625,15004417.205955159,13812.735180140828,5041648.340751402,1031.7397260273972,376585.0
VIPV50_Wp1000,36,17.5,public,70758.9479452055,25827016.000000004,26351.067123287667,9618139.499999998,30703.883441799608,11206917.456256857,5582.5242621453845,2037621.3556830653,440.9657534246575,160952.5
VIPV50_Wp1000,36,17.5,work,23769.993493150683,8676047.625,1000.1422374429225,365051.9166666667,567.9346763766441,207296.1568774751,141.98366909416103,51824.03921936877,4.36986301369863,1595.0
VIPV50_Wp1000,37,18.0,home,262387.82557077636,95771556.33333337,143083.47922374425,52225469.91666665,42693.9999329826,15583309.97553865,14369.117264497776,5244727.801541688,1026.8561643835617,374802.5
VIPV50_Wp1000,37,18.0,public,69180.41849315069,25250852.75,25332.334817351595,9246302.208333332,29546.124256986735,10784335.353800159,5372.022592179405,1960788.2461454829,379.74657534246575,138607.5
VIPV50_Wp1000,37,18.0,work,16030.840639269403,5851256.833333332,714.6167808219178,260835.125,398.98677111798673,145630.17145806516,99.74669277949668,36407.54286451629,10.006849315068493,3652.5
VIPV50_Wp1000,38,18.5,home,281391.7519406392,102707989.45833331,143804.4735159818,52488632.83333336,42986.803488150515,15690183.273174938,14490.955936381986,5289198.916779425,684.6712328767123,249905.0
VIPV50_Wp1000,38,18.5,public,67864.48299086759,24770536.29166667,21871.1144977169,7982956.791666668,25804.290158423613,9418565.907824619,4691.689119713381,1712466.528695384,302.3493150684931,110357.5
VIPV50_Wp1000,38,18.5,work,11397.614726027397,4160129.375,593.3538812785388,216574.16666666666,331.05320001478674,120834.41800539716,82.76330000369668,30208.60450134929,3.136986301369863,1145.0
VIPV50_Wp1000,39,19.0,home,295086.7449771691,107706661.91666672,136578.33276255702,49851091.45833331,41043.416973614054,14980847.19536913,13843.819371690575,5052994.07066706,571.9794520547945,208772.5
VIPV50_Wp1000,39,19.0,public,66186.65844748859,24158130.333333336,18237.57716894977,6656715.666666666,21739.02666159302,7934744.731481452,3952.550302107825,1442680.860269356,191.73972602739727,69985.0
VIPV50_Wp1000,39,19.0,work,8098.497260273973,2955951.5,483.35319634703194,176423.91666666666,262.7375143873847,95899.19275139541,65.68437859684617,23974.798187848854,5.006849315068493,1827.5
VIPV50_Wp1000,40,19.5,home,309459.6165525114,112952760.04166667,128617.21997716892,46945285.29166666,38855.38114054769,14182214.116299907,13110.085541621673,4785181.22269191,522.0205479452055,190537.5
VIPV50_Wp1000,40,19.5,public,64033.96735159817,23372398.083333332,14501.115525114155,5292907.166666667,17348.640990019878,6332253.9613572555,3154.298361821794,1151318.9020649549,181.84246575342465,66372.5
VIPV50_Wp1000,40,19.5,work,6232.2275114155245,2274763.0416666665,454.0949771689498,165744.6666666667,250.20959819446256,91326.50334097883,62.55239954861564,22831.625835244708,6.226027397260274,2272.5
VIPV50_Wp1000,41,20.0,home,320834.0285388128,117104420.41666667,118389.66449771685,43212227.54166665,31096.741428845515,11350310.621528612,12118.22832405737,4423153.33828094,357.14383561643837,130357.5
VIPV50_Wp1000,41,20.0,public,63484.74178082191,23171930.749999996,11774.325684931508,4297628.875,14035.784207066425,5123061.235579245,2551.960764921167,931465.6791962261,114.96575342465754,41962.5
VIPV50_Wp1000,41,20.0,work,4595.440296803654,1677335.7083333335,374.991095890411,136871.75,219.1409013617517,79986.42899703937,54.785225340437925,19996.607249259843,0.0,0.0
VIPV50_Wp1000,42,20.5,home,328877.8924657534,120040430.75,105949.27694063933,38671486.08333336,27891.19798683673,10180287.265195407,10881.301639897827,3971675.098562707,310.8972602739726,113477.5
VIPV50_Wp1000,42,20.5,public,62578.592922374424,22841186.416666664,9327.564840182651,3404561.1666666674,11046.978635548361,4032147.201975152,2008.5415700997025,733117.6730863914,96.78082191780823,35325.0
VIPV50_Wp1000,42,20.5,work,2944.3335616438358,1074681.75,140.6224885844749,51327.208333333336,89.59230265909837,32701.190470570902,22.39807566477459,8175.2976176427255,0.0,0.0
VIPV50_Wp1000,43,21.0,home,336787.96198630147,122927606.12500003,93628.67545662101,34174466.54166667,23458.80353083685,8562463.28875545,9654.286562665577,3523814.5953729358,272.97945205479454,99637.5
VIPV50_Wp1000,43,21.0,public,61217.13664383562,22344254.875,6862.655593607306,2504869.291666667,8188.987018130225,2988980.261617532,1488.9067305691317,543450.9566577331,64.3082191780822,23472.5
VIPV50_Wp1000,43,21.0,work,1884.6493150684933,687897.0,25.05890410958904,9146.5,17.75503813740145,6480.588920151529,4.438759534350362,1620.1472300378823,0.6232876712328768,227.5
VIPV50_Wp1000,44,21.5,home,343373.10410958907,125331183.0,82525.91210045666,30121957.91666668,20784.72209989345,7586423.566461109,8545.234793274401,3119010.6995451567,241.1164383561644,88007.5
VIPV50_Wp1000,44,21.5,public,60501.39931506849,22083010.75,5096.5350456621,1860235.2916666665,6147.927061979419,2243993.377622488,1117.8049203598946,407998.7959313615,52.417808219178085,19132.5
VIPV50_Wp1000,44,21.5,work,1316.9529680365297,480687.8333333334,19.596689497716895,7152.791666666667,6.611130930679464,2413.0627896980045,1.652782732669866,603.2656974245011,0.6301369863013698,230.0
VIPV50_Wp1000,45,22.0,home,359549.5223744291,131235575.66666663,81385.93230593608,29705865.291666668,16810.205700437386,6135725.080659646,8405.102850218691,3067862.5403298223,664.2534246575342,242452.5
VIPV50_Wp1000,45,22.0,public,61253.483105022824,22357521.333333332,5259.290753424657,1919641.1249999998,6352.976710097443,2318836.499185567,1155.0866745631715,421606.63621555764,85.5068493150685,31210.0
VIPV50_Wp1000,45,22.0,work,814.527397260274,297302.5,15.480365296803653,5650.333333333333,3.751552680477493,1369.3167283742848,0.9378881701193732,342.3291820935712,0.0,0.0
VIPV50_Wp1000,46,22.5,home,382685.6292237442,139680254.66666663,88497.2247716895,32301487.041666668,18081.450783901866,6599729.536124181,9040.725391950931,3299864.7680620896,721.6849315068494,263415.0
VIPV50_Wp1000,46,22.5,public,63976.6852739726,23351490.125,7511.8460045662105,2741823.791666667,8920.493225116708,3255980.0271675987,1621.9078591121297,591996.3685759273,124.65068493150685,45497.5
VIPV50_Wp1000,46,22.5,work,368.1530821917808,134375.875,0.0,0.0,0.0,0.0,0.0,0.0,0.0,0.0
VIPV50_Wp1000,47,23.0,home,402505.0396118721,146914339.4583333,94594.32442922372,34526928.41666666,19218.41312364916,7014720.790131943,9609.20656182458,3507360.3950659717,650.8698630136986,237567.5
VIPV50_Wp1000,47,23.0,public,66671.05171232877,24334933.875,9157.419520547945,3342458.125,10783.582486698728,3936007.6076450357,1960.6513612179501,715637.7468445518,111.56849315068493,40722.5
VIPV50_Wp1000,47,23.0,work,90.47888127853881,33024.791666666664,0.0,0.0,0.0,0.0,0.0,0.0,0.0,0.0
VIPV50_Wp1000,48,23.5,home,419894.5757990867,153261520.16666666,97578.18515981735,35616037.583333336,19864.277755872426,7250461.380893436,9932.138877936213,3625230.6904467177,541.2191780821918,197545.0
VIPV50_Wp1000,48,23.5,public,69445.50993150685,25347611.125,9946.776484018266,3630573.416666667,11907.261420292312,4346150.418406694,2164.9566218713285,790209.1669830349,99.67123287671232,36380.0
VIPV50_Wp1000,48,23.5,work,23.094520547945205,8429.5,0.0,0.0,0.0,0.0,0.0,0.0,0.0,0.0
VIPV80_Wp400,1,0.0,home,370010.5101598174,135053836.20833334,98984.96689497719,36129512.91666667,17756.616766460073,6481165.119757926,10042.810783347173,3665625.935921718,1191.0068493150684,434717.5
VIPV80_Wp400,1,0.0,public,61604.63150684931,22485690.5,11087.050456621006,4046773.416666667,13337.311943848998,4868118.859504884,2424.965807972547,885112.5199099795,220.84246575342465,80607.5
VIPV80_Wp400,1,0.0,work,0.0,0.0,0.0,0.0,0.0,0.0,0.0,0.0,0.0,0.0
VIPV80_Wp400,2,0.5,home,400551.61906392704,146201340.95833337,118118.55502283103,43113272.58333333,20132.264726899917,7348276.6253184695,11902.195144747715,4344301.227832916,852.6164383561644,311205.0
VIPV80_Wp400,2,0.5,public,67607.46575342465,24676725.0,14157.478995433792,5167479.833333334,16496.91678364626,6021374.626030885,2999.4394152084096,1094795.3865510696,169.04794520547946,61702.5
VIPV80_Wp400,2,0.5,work,22.9087899543379,8361.708333333334,22.9087899543379,8361.708333333334,7.611943011607066,2778.359199236579,1.9029857529017664,694.5897998091448,2.5,912.5
VIPV80_Wp400,3,1.0,home,415054.31506849313,151494825.0,118967.69840182652,43423209.91666668,19953.992502273653,7283207.263329884,12027.9598862744,4390205.358490156,381.83561643835617,139370.0
VIPV80_Wp400,3,1.0,public,70406.30136986301,25698300.0,13635.479908675803,4976950.166666668,16260.550137461201,5935100.8001733385,2956.463661356581,1079109.236395152,73.88356164383562,26967.5
VIPV80_Wp400,3,1.0,work,75.0,27375.0,75.0,27375.0,25.761485756951636,9402.942301287347,6.440371439237909,2350.7355753218367,0.0,0.0
VIPV80_Wp400,4,1.5,home,420746.09589041094,153572325.0,109602.43447488583,40004888.58333333,18365.511842479777,6703411.822505118,11196.535783957925,4086735.5611446425,142.13698630136986,51880.0
VIPV80_Wp400,4,1.5,public,71536.0894977169,26110672.666666668,10283.124315068493,3753340.375,12832.149726095038,4683734.650024689,2333.118132017279,851588.1181863068,28.773972602739725,10502.5
VIPV80_Wp400,4,1.5,work,75.0,27375.0,42.16175799086758,15389.041666666666,18.259266590746975,6664.6323056226465,4.564816647686744,1666.1580764056616,0.0,0.0
VIPV80_Wp400,5,2.0,home,422671.23287671234,154275000.0,95209.80194063926,34751577.70833333,15948.403279111852,5821167.1968758255,9836.712379617187,3590400.0185602736,49.465753424657535,18055.0
VIPV80_Wp400,5,2.0,public,71917.29452054795,26249812.5,5996.563926940639,2188745.8333333335,7745.921160796223,2827261.2236906216,1408.3493019629507,514047.49521647696,10.027397260273972,3660.0
VIPV80_Wp400,5,2.0,work,75.0,27375.0,18.904109589041095,6900.0,10.725735937044593,3914.8936170212764,2.6814339842611483,978.7234042553191,0.0,0.0
VIPV80_Wp400,6,2.5,home,423056.09589041094,154415475.0,80015.54189497716,29205672.791666664,13388.235733819554,4886706.042844137,8348.463684558965,3047189.244864022,6.2465753424657535,2280.0
VIPV80_Wp400,6,2.5,public,72124.1095890411,26325300.0,3036.1054794520546,1108178.5,3983.431158825302,1453952.3729712353,724.2602106955094,264354.9769038609,5.013698630136986,1830.0
VIPV80_Wp400,6,2.5,work,75.0,27375.0,18.904109589041095,6900.0,10.725735937044593,3914.8936170212764,2.6814339842611483,978.7234042553191,0.0,0.0
VIPV80_Wp400,7,3.0,home,423115.6649543379,154437217.7083333,63819.71769406395,23294196.95833334,10639.37412721984,3883371.556435242,6716.579364306829,2451551.4679719927,0.6301369863013698,230.0
VIPV80_Wp400,7,3.0,public,72124.1095890411,26325300.0,1213.826369863014,443046.62500000006,1588.9102679942314,579952.2478178944,288.8927759989511,105445.86323961716,0.0,0.0
VIPV80_Wp400,7,3.0,work,79.55,29035.75,12.731278538812784,4646.916666666666,7.235391039232974,2640.9177293200355,1.8088477598082435,660.2294323300089,0.6232876712328768,227.5
VIPV80_Wp400,8,3.5,home,422997.7837899544,154394191.08333334,48223.57442922375,17601604.666666668,7987.415553668634,2915406.6770890513,5115.626784010673,1867203.7761638956,0.0,0.0
VIPV80_Wp400,8,3.5,public,72124.1095890411,26325300.0,394.06974885844744,143835.4583333333,507.08725626064603,185086.8485351358,92.1976829564811,33652.1542791156,0.0,0.0
VIPV80_Wp400,8,3.5,work,93.6986301369863,34200.0,18.698630136986303,6825.0,10.658346063154372,3890.296313051346,2.664586515788593,972.5740782628365,0.0,0.0
VIPV80_Wp400,9,4.0,home,422241.8963470319,154118292.16666666,33122.98847031963,12089890.791666666,5434.090832997198,1983443.1540439771,3542.005684857295,1292832.0749729127,0.0,0.0
VIPV80_Wp400,9,4.0,public,72161.87990867581,26339086.166666668,261.7671232876712,95545.0,246.8697295577365,90107.45128857382,44.88540537413391,16383.172961558877,9.383561643835616,3425.0
VIPV80_Wp400,9,4.0,work,174.41118721461186,63660.08333333333,99.41118721461189,36285.083333333336,43.720647797540195,15958.03644610217,10.930161949385049,3989.5091115255427,8.061643835616438,2942.5
VIPV80_Wp400,10,4.5,home,420490.7905251142,153479138.5416667,20487.936529680366,7478096.833333334,3297.242548230631,1203493.5301041803,2209.0880152687723,806317.1255731019,0.0,0.0
VIPV80_Wp400,10,4.5,public,72133.06860730593,26328570.041666664,394.2359589041097,143896.12500000003,343.6539797764413,125433.70261840108,62.4825417775348,22806.1277488002,13.10958904109589,4785.0
VIPV80_Wp400,10,4.5,work,713.7214611872146,260508.3333333333,628.5405251141553,229417.2916666667,257.1255494051794,93850.82553289049,64.28138735129485,23462.706383222623,33.06164383561644,12067.5
VIPV80_Wp400,11,5.0,home,415110.70296803664,151515406.58333337,10351.299429223747,3778224.2916666674,1666.7970617223345,608380.9275286521,1119.97982596374,408792.63647676515,5.63013698630137,2055.0
VIPV80_Wp400,11,5.0,public,71741.2095890411,26185541.5,915.6336757990869,334206.2916666667,769.9257733438741,281022.90727051406,139.98650424434072,51095.07404918437,39.39041095890411,14377.5
VIPV80_Wp400,11,5.0,work,2276.6025114155245,830959.9166666665,2050.734132420091,748517.9583333333,892.0772593550569,325608.19966459577,223.01931483876422,81402.04991614894,80.0,29200.0
VIPV80_Wp400,12,5.5,home,405961.18299086764,148175831.7916667,2109.137442922375,769835.1666666669,358.0407320953538,130684.86721480414,223.82670921471365,81696.74886337048,11.267123287671232,4112.5
VIPV80_Wp400,12,5.5,public,71345.98744292237,26041285.416666664,1988.4372146118722,725779.5833333334,1758.9937742472903,642032.727600261,319.81704986314367,116733.22320004743,70.57534246575342,25760.0
VIPV80_Wp400,12,5.5,work,5650.143493150684,2062302.3749999995,4996.497488584475,1823721.5833333333,2158.806793126627,787964.4794912188,539.7016982816567,196991.1198728047,141.83561643835617,51770.0
VIPV80_Wp400,13,6.0,home,385639.70913241996,140758493.83333328,821.283789954338,299768.5833333334,210.09510757173814,76684.71426368442,84.03804302869526,30673.88570547377,4.397260273972603,1605.0
VIPV80_Wp400,13,6.0,public,71422.62168949773,26069256.916666668,4297.07705479452,1568433.1249999998,3930.184862050462,1434517.4746484186,714.5790658273564,260821.3590269851,171.85616438356163,62727.5
VIPV80_Wp400,13,6.0,work,11027.463356164384,4025024.125,9116.799200913243,3327631.708333334,4045.896386417209,1476752.1810422814,1011.4740966043023,369188.04526057036,269.7808219178082,98470.0
VIPV80_Wp400,14,6.5,home,354199.78287671244,129282920.75000004,745.6586757990868,272165.4166666667,191.28927103030668,69820.58392606194,76.51570841212269,27928.23357042478,8.116438356164384,2962.5
VIPV80_Wp400,14,6.5,public,71158.59417808219,25972886.875,8174.0126712328765,2983514.625,7515.782797770039,2743260.721186064,1366.505963230916,498774.6765792843,224.6986301369863,82015.0
VIPV80_Wp400,14,6.5,work,21727.01415525115,7930360.166666669,17086.550570776253,6236590.958333333,7856.503165565206,2867623.6554313,1964.1257913913014,716905.913857825,397.972602739726,145260.0
VIPV80_Wp400,15,7.0,home,298544.72111872147,108968823.20833334,1096.4254566210045,400195.2916666667,308.93680956891484,112761.93549265392,109.23391085761813,39870.377463030614,28.184931506849313,10287.5
VIPV80_Wp400,15,7.0,public,70356.87648401826,25680259.916666664,13938.92214611872,5087706.583333333,12750.633077653467,4653981.073343515,2318.2969232097194,846178.3769715476,482.2054794520548,176005.0
VIPV80_Wp400,15,7.0,work,35798.93047945205,13066609.624999998,26865.82340182648,9806025.541666666,12602.331233466277,4599850.900215191,3150.582808366569,1149962.7250537977,697.6780821917808,254652.5
VIPV80_Wp400,16,7.5,home,231746.76769406386,84587570.20833331,1652.3648401826483,603113.1666666666,461.6113143046468,168488.12972119608,164.56874420385685,60067.59163440775,24.376712328767123,8897.5
VIPV80_Wp400,16,7.5,public,71980.36712328765,26272833.999999993,23239.658447488582,8482475.333333332,21215.6585193045,7743715.359546142,3857.3924580553676,1407948.247190209,571.5890410958904,208630.0
VIPV80_Wp400,16,7.5,work,61025.26210045662,22274220.666666664,45180.09657534247,16490735.250000002,21234.299593364205,7750519.351577935,5308.574898341051,1937629.8378944837,813.3630136986301,296877.5
VIPV80_Wp400,17,8.0,home,181969.70445205478,66418942.12499999,2110.5680365296803,770357.3333333333,794.1885633030262,289878.82560560456,225.1779288744979,82189.94403919173,41.89041095890411,15290.0
VIPV80_Wp400,17,8.0,public,76930.24143835618,28079538.125000007,29062.27134703197,10607729.041666668,27802.832380289998,10148033.81880585,5055.060432779999,1845097.0579646996,510.21232876712327,186227.5
VIPV80_Wp400,17,8.0,work,81700.30833333332,29820612.541666664,54168.439611872156,19771480.458333336,26205.086921222377,9564856.726246167,6551.271730305594,2391214.1815615417,514.3972602739726,187755.0
VIPV80_Wp400,18,8.5,home,154071.5832191781,56236127.87500001,3050.028082191781,1113260.25,1137.7185354027763,415267.26542201336,318.8260922170832,116371.52365923538,87.46575342465754,31925.0
VIPV80_Wp400,18,8.5,public,80636.83767123289,29432445.750000007,28281.714383561655,10322825.750000004,29021.91649555781,10592999.5208786,5276.712090101421,1925999.9128870186,443.74657534246575,161967.5
VIPV80_Wp400,18,8.5,work,92104.5455479452,33618159.125,49125.89543378994,17930951.83333333,25216.266377688065,9203937.227856144,6304.066594422016,2300984.306964036,291.21232876712327,106292.5
VIPV80_Wp400,19,9.0,home,133860.25593607308,48858993.41666667,5553.770433789953,2027126.208333333,2011.5662604039862,734221.685047455,566.0126733902599,206594.62578744488,148.82876712328766,54322.5
VIPV80_Wp400,19,9.0,public,81086.47442922372,29596563.166666657,25258.694292237436,9219423.416666664,26296.926200827467,9598378.063302025,4781.2593092413545,1745159.6478730943,384.2191780821918,140240.0
VIPV80_Wp400,19,9.0,work,97984.1897260274,35764229.25,38646.99497716896,14106153.16666667,20865.486822717234,7615902.69029179,5216.371705679308,1903975.6725729476,141.15068493150685,51520.0
VIPV80_Wp400,20,9.5,home,124290.96575342465,45366202.5,8964.009018264838,3271863.291666666,3243.0735553036457,1183721.8476858307,913.406573065677,333393.3991689721,185.6986301369863,67780.0
VIPV80_Wp400,20,9.5,public,81201.15570776259,29638421.833333343,22079.552511415524,8059036.666666667,23449.202928510917,8558959.068906484,4263.4914415474395,1556174.3761648154,424.78767123287673,155047.5
VIPV80_Wp400,20,9.5,work,100274.93253424659,36600350.37500001,27638.975,10088225.875,15429.40312353272,5631732.140089443,3857.35078088318,1407933.0350223607,98.74657534246575,36042.5
VIPV80_Wp400,21,10.0,home,113775.00616438358,41527877.25000001,13264.078538812784,4841388.666666666,4072.459585387228,1486447.7486663382,1355.2540363211076,494667.7232572043,259.5342465753425,94730.0
VIPV80_Wp400,21,10.0,public,81876.5063926941,29884924.833333343,21686.041324200913,7915405.083333333,23705.24523724253,8652414.511593523,4310.04458858955,1573166.2748351856,475.67808219178085,173622.5
VIPV80_Wp400,21,10.0,work,101514.84143835615,37052917.12499999,19754.937785388123,7210552.291666665,11223.255036461194,4096488.0883083357,2805.8137591152986,1024122.0220770839,105.6027397260274,38545.0
VIPV80_Wp400,22,10.5,home,101636.22009132417,37097220.33333332,17171.918835616438,6267750.375,5268.823261622061,1923120.4904920524,1761.0608689630574,642787.2171715159,277.6095890410959,101327.5
VIPV80_Wp400,22,10.5,public,83193.10901826479,30365484.79166665,24826.04052511415,9061504.791666664,27612.53626750484,10078575.737639267,5020.4611395463335,1832468.3159344117,523.486301369863,191072.5
VIPV80_Wp400,22,10.5,work,102288.46906392695,37335291.208333336,15053.1203196347,5494388.916666665,8475.698231221642,3093629.8543958995,2118.9245578054106,773407.4635989749,101.73287671232876,37132.5
VIPV80_Wp400,23,11.0,home,93668.89132420094,34189145.33333334,22915.674999999996,8364221.374999999,6215.119926310749,2268518.7731034234,2370.7963426001056,865340.6650490386,438.6986301369863,160125.0
VIPV80_Wp400,23,11.0,public,84930.50707762559,30999635.08333334,26851.132990867583,9800663.541666668,29879.8496398599,10906145.118548864,5432.699934519982,1982935.4760997933,574.3013698630137,209620.0
VIPV80_Wp400,23,11.0,work,102604.64851598177,37450696.70833334,11692.131963470323,4267628.166666668,6445.342352279954,2352549.9585821833,1611.3355880699885,588137.4896455458,64.96575342465754,23712.5
VIPV80_Wp400,24,11.5,home,89695.348630137,32738802.250000004,31339.37328767123,11438871.25,8520.058675075325,3109821.416402493,3251.403133988559,1186762.143905824,508.0342465753425,185432.5
VIPV80_Wp400,24,11.5,public,84591.3142694064,30875829.708333336,27553.582305936066,10057057.541666664,31131.639797610005,11363048.526127651,5660.298145020003,2066008.8229323013,603.5342465753424,220290.0
VIPV80_Wp400,24,11.5,work,101218.91130136984,36944902.62499999,9045.918607305934,3301760.291666666,4952.6352806979685,1807711.8774547586,1238.1588201744921,451927.96936368966,85.6027397260274,31245.0
VIPV80_Wp400,25,12.0,home,89798.89132420091,32776595.333333332,39831.46221461187,14538483.708333334,9004.09924427881,3286496.224161766,4125.651553218035,1505862.8169245827,569.3698630136986,207820.0
VIPV80_Wp400,25,12.0,public,85430.8815068493,31182271.749999993,29586.94840182649,10799236.166666668,33549.386888081914,12245526.214149898,6099.8885251057945,2226459.311663615,577.3493150684932,210732.5
VIPV80_Wp400,25,12.0,work,101090.92031963472,36898185.91666667,8879.33721461187,3240958.083333333,4719.866962193877,1722751.441200765,1179.9667405484693,430687.86030019127,122.45890410958904,44697.5
VIPV80_Wp400,26,12.5,home,90812.58961187216,33146595.208333336,46581.79897260272,17002356.624999993,10534.418786183758,3845062.8569570715,4825.850288104809,1761435.3551582552,553.0479452054794,201862.5
VIPV80_Wp400,26,12.5,public,84339.70730593607,30783993.166666664,29907.565981735173,10916261.583333338,34128.51210879498,12456906.919710167,6205.184019780908,2264892.1672200314,591.8493150684932,216025.0
VIPV80_Wp400,26,12.5,work,101901.72956621007,37194131.29166667,9332.736872146119,3406448.9583333335,4841.608654514725,1767187.1588978744,1210.4021636286811,441796.7897244686,123.67808219178082,45142.5
VIPV80_Wp400,27,13.0,home,89618.26712328767,32710667.5,49608.299315068485,18107029.249999996,11238.586893867589,4102084.2162616695,5137.777069539513,1875288.6303819222,607.8630136986301,221870.0
VIPV80_Wp400,27,13.0,public,84973.85479452056,31015457.000000007,30617.29121004566,11175311.291666666,35337.66253393663,12898246.82488687,6425.029551624847,2345135.7863430693,526.6164383561644,192215.0
VIPV80_Wp400,27,13.0,work,102896.85273972599,37557351.249999985,9870.561415525117,3602754.9166666674,5019.823418901121,1832235.547898909,1254.9558547252802,458058.88697472727,103.07534246575342,37622.5
VIPV80_Wp400,28,13.5,home,94716.05136986305,34571358.750000015,56039.31917808216,20454351.49999999,12554.123795785314,4582255.185461639,5740.8661958013,2095416.1614674744,661.917808219178,241600.0
VIPV80_Wp400,28,13.5,public,83633.01803652967,30526051.58333333,29830.99132420091,10888311.833333332,34912.88962344344,12743204.712556858,6347.7981133533485,2316946.3113739723,525.4794520547945,191800.0
VIPV80_Wp400,28,13.5,work,103260.29315068491,37690006.99999999,8981.21792237443,3278144.5416666665,4723.299692441846,1724004.3877412737,1180.8249231104614,431001.09693531843,69.35616438356165,25315.0
VIPV80_Wp400,29,14.0,home,103447.02237442923,37758163.16666667,64241.402397260295,23448111.875000007,14281.490024318908,5212743.858876402,6533.729412549526,2384811.235580577,809.7260273972603,295550.0
VIPV80_Wp400,29,14.0,public,81671.43310502284,29810073.083333336,28772.674885844746,10502026.333333332,33596.40815118401,12262688.975182164,6108.437845669822,2229579.813669485,526.8493150684932,192300.0
VIPV80_Wp400,29,14.0,work,102068.20810502282,37254895.95833333,8016.960388127854,2926190.5416666665,4293.339475237161,1567068.9084615638,1073.3348688092904,391767.22711539094,70.66438356164383,25792.5
VIPV80_Wp400,30,14.5,home,111807.0533105023,40809574.45833334,70952.57796803652,25897690.95833333,15680.660456861591,5723441.066754481,7168.249701303851,2616411.1409759056,753.1164383561644,274887.5
VIPV80_Wp400,30,14.5,public,81305.50856164383,29676510.625,28766.625799086756,10499818.416666666,33860.21066189319,12358976.891591014,6156.401938526029,2247086.7075620005,501.13013698630135,182912.5
VIPV80_Wp400,30,14.5,work,100177.67762557077,36564852.33333333,6851.505707762556,2500799.583333333,3743.8262607785387,1366496.5851841667,935.9565651946347,341624.14629604167,27.465753424657535,10025.0
VIPV80_Wp400,31,15.0,home,123545.57728310507,45094135.70833335,78214.3897260274,28548252.25,17734.277360349628,6473011.236527614,7887.546991781574,2878954.6520002745,848.0,309520.0
VIPV80_Wp400,31,15.0,public,80918.27066210045,29535168.791666664,28479.26529680367,10394931.83333334,33547.51725676453,12244843.798719052,6099.548592139003,2226335.236130736,531.568493150685,194022.5
VIPV80_Wp400,31,15.0,work,93965.23116438356,34297309.375,4929.447945205479,1799248.5,2815.9501267660285,1027821.7962696004,703.9875316915071,256955.4490674001,16.91780821917808,6175.0
VIPV80_Wp400,32,15.5,home,141023.82591324198,51473696.45833332,89197.69531963472,32557158.79166667,20218.06108129037,7379592.294670984,8990.35272550699,3281478.7448100513,1073.876712328767,391965.0
VIPV80_Wp400,32,15.5,public,79079.57751141551,28864045.791666664,28409.876940639275,10369605.083333336,33218.215089554025,12124648.507687218,6039.675470828,2204481.54685222,554.9246575342465,202547.5
VIPV80_Wp400,32,15.5,work,83065.42910958902,30318881.624999993,3592.900228310502,1311408.5833333333,2075.051438893661,757393.7751961862,518.7628597234152,189348.44379904654,16.232876712328768,5925.0
VIPV80_Wp400,33,16.0,home,164826.3916666667,60161632.95833334,104030.83447488587,37971254.58333334,26678.42108826337,9737623.69721613,10389.097564341946,3792020.6109848106,1184.1986301369864,432232.5
VIPV80_Wp400,33,16.0,public,77728.30468036528,28370831.20833333,29238.873630136997,10672188.875000004,33036.19090448301,12058209.680136299,6006.580164451453,2192401.7600247804,549.3082191780821,200497.5
VIPV80_Wp400,33,16.0,work,68076.05776255706,24847761.08333333,2632.324771689498,960798.5416666667,1496.9695521992867,546393.8865527397,374.24238804982167,136598.4716381849,16.863013698630137,6155.0
VIPV80_Wp400,34,16.5,home,192427.8284246576,70236157.37500003,120435.19863013682,43958847.49999994,30757.88849968552,11226629.302385215,11988.605164464767,4375840.88502964,1293.2876712328766,472050.0
VIPV80_Wp400,34,16.5,public,76924.20536529679,28077334.95833333,29550.409589041104,10785899.500000004,33554.23787156843,12247296.823122477,6100.770522103345,2226781.240567721,513.6164383561644,187470.0
VIPV80_Wp400,34,16.5,work,52608.59771689498,19202138.166666668,1787.9041095890411,652585.0,1014.0965590516951,370145.2440538687,253.52413976292377,92536.31101346717,7.52054794520548,2745.0
VIPV80_Wp400,35,17.0,home,221504.5139269406,80849147.58333331,135291.04520547955,49381231.50000003,40189.20894521725,14669061.265004298,13459.046205155399,4912551.86488172,1184.986301369863,432520.0
VIPV80_Wp400,35,17.0,public,74230.92968036528,27094289.33333333,28112.685502283122,10261130.20833334,32725.597740122146,11944843.175144583,5950.108680022209,2171789.6682081064,513.068493150685,187270.0
VIPV80_Wp400,35,17.0,work,38219.52762557078,13950127.583333336,1287.6942922374428,470008.4166666666,744.1536948316901,271616.0986135669,186.03842370792253,67904.02465339172,12.486301369863014,4557.5
VIPV80_Wp400,36,17.5,home,246966.71803652978,90142852.08333337,144357.71095890412,52690564.5,43003.067459148784,15696119.622589307,14426.388589073013,5265631.83501165,1098.8150684931506,401067.5
VIPV80_Wp400,36,17.5,public,71447.11335616441,26078196.37500001,25894.3848173516,9451450.458333334,30345.830614343995,11076228.174235558,5517.423748062544,2013859.6680428288,433.5821917808219,158257.5
VIPV80_Wp400,36,17.5,work,26741.033105022827,9760477.083333332,923.5673515981737,337102.0833333334,522.360252182977,190661.49204678662,130.59006304574424,47665.373011696654,10.020547945205479,3657.5
VIPV80_Wp400,37,18.0,home,271585.70787671226,99128783.37499997,150645.27168949778,54985524.16666669,45031.56543195756,16436521.382664511,15122.096641794335,5519565.274254932,1042.2945205479452,380437.5
VIPV80_Wp400,37,18.0,public,69715.86426940637,25446290.45833333,24404.87043378995,8907777.708333332,28557.95457463525,10423653.419741865,5192.355377206411,1895209.7126803398,386.83561643835617,141195.0
VIPV80_Wp400,37,18.0,work,18054.686415525113,6589960.541666666,775.1578767123287,282932.625,424.5228364633169,154950.83530911067,106.13070911582922,38737.70882727767,13.082191780821917,4775.0
VIPV80_Wp400,38,18.5,home,290812.48767123296,106146558.00000003,149171.25205479458,54447507.000000015,44785.27977585706,16346627.118187828,15044.649280136875,5491296.987249959,712.527397260274,260072.5
VIPV80_Wp400,38,18.5,public,67594.05319634703,24671829.416666664,21466.924543379,7835427.458333334,25211.457611844562,9202182.028323265,4583.901383971738,1673124.0051496844,298.6232876712329,108997.5
VIPV80_Wp400,38,18.5,work,12649.991666666669,4617246.958333334,599.3847031963471,218775.4166666667,325.1026371758964,118662.4625692022,81.2756592939741,29665.61564230055,1.8767123287671232,685.0
VIPV80_Wp400,39,19.0,home,304862.99646118714,111274993.70833331,141932.96735159817,51805533.083333336,42834.968348012844,15634763.447024688,14398.493240690777,5255450.032852134,589.6986301369863,215240.0
VIPV80_Wp400,39,19.0,public,66231.90970319636,24174647.04166667,18641.928995433787,6804304.083333332,22149.49171308083,8084564.475274503,4027.1803114692407,1469920.8136862728,212.486301369863,77557.5
VIPV80_Wp400,39,19.0,work,8570.030707762557,3128061.208333333,514.2795662100457,187712.0416666667,302.37624103579236,110367.3279780642,75.59406025894809,27591.83199451605,6.239726027397261,2277.5
VIPV80_Wp400,40,19.5,home,318644.5105022832,116305246.33333339,132257.80445205478,48274098.625,40108.05836692534,14639441.30392775,13489.509890538468,4923671.11004654,530.7945205479452,193740.0
VIPV80_Wp400,40,19.5,public,64315.99965753427,23475339.875000007,14922.275799086761,5446630.666666668,17837.266840338914,6510602.3967237035,3243.1394255161667,1183745.890313401,174.93150684931507,63850.0
VIPV80_Wp400,40,19.5,work,6211.377968036529,2267152.958333333,514.2792237442923,187711.91666666666,298.7926180502803,109059.3055883523,74.69815451257007,27264.826397088076,4.363013698630137,1592.5
VIPV80_Wp400,41,20.0,home,330086.70707762556,120481648.08333333,121993.30878995435,44527557.708333336,32318.781049591053,11796355.083100734,12507.473342507474,4565227.770015228,358.486301369863,130847.5
VIPV80_Wp400,41,20.0,public,63739.26198630137,23264830.625,11764.85799086758,4294173.166666667,14010.878524715006,5113970.6615209775,2547.432459039092,929812.8475492685,108.16438356164383,39480.0
VIPV80_Wp400,41,20.0,work,4432.397374429223,1617825.0416666665,412.84634703196355,150688.9166666667,240.60406597676277,87820.48408151841,60.15101649419069,21955.121020379604,0.0,0.0
VIPV80_Wp400,42,20.5,home,338647.81335616444,123606451.87500001,110223.67123287675,40231640.000000015,29293.337297697253,10692068.113659497,11348.159664009621,4142078.2773635117,343.5,125377.5
VIPV80_Wp400,42,20.5,public,62126.13755707763,22676040.208333336,9185.018721461187,3352531.833333333,10866.59528692258,3966307.279726742,1975.7445976222878,721146.778132135,103.66438356164383,37837.5
VIPV80_Wp400,42,20.5,work,3095.6866438356165,1129925.625,161.8123287671233,59061.5,103.85242843216449,37906.13637774004,25.96310710804112,9476.53409443501,0.0,0.0
VIPV80_Wp400,43,21.0,home,346702.44783105026,126546393.45833334,98404.60102739728,35917679.37500001,24827.75833057711,9062131.790660646,10159.887934822345,3708359.096210156,273.027397260274,99655.0
VIPV80_Wp400,43,21.0,public,61692.721803652974,22517843.458333336,7389.254566210046,2697077.9166666665,8964.700340012178,3272115.624104445,1629.9455163658508,594930.1134735355,88.13013698630137,32167.5
VIPV80_Wp400,43,21.0,work,1988.5760273972603,725830.25,112.39988584474885,41025.95833333333,76.50322077344109,27923.675582305994,19.12580519336027,6980.9188955764985,2.5,912.5
VIPV80_Wp400,44,21.5,home,353565.99977168953,129051589.91666669,85425.80570776253,31180419.083333325,21672.398457951953,7910425.437152463,8866.719655642844,3236352.6743096383,252.54109589041096,92177.5
VIPV80_Wp400,44,21.5,public,61275.009589041096,22365378.5,5831.77899543379,2128599.3333333335,7124.439428424536,2600420.391374956,1295.3526233499151,472803.70752271905,49.97260273972603,18240.0
VIPV80_Wp400,44,21.5,work,1408.5843607305935,514133.2916666666,39.92625570776256,14573.083333333332,27.809103253749136,10150.322687618434,6.952275813437284,2537.5806719046086,0.0,0.0
VIPV80_Wp400,45,22.0,home,371040.2946347031,135429707.54166663,85068.16792237441,31049881.29166666,17575.17715152004,6414939.660304815,8787.58857576002,3207469.8301524073,700.513698630137,255687.5
VIPV80_Wp400,45,22.0,public,61797.163812785395,22555964.791666668,6057.725456621004,2211069.7916666665,7337.920280071428,2678340.9022260713,1334.1673236493505,486971.0731320129,104.1986301369863,38032.5
VIPV80_Wp400,45,22.0,work,791.283904109589,288818.625,0.0,0.0,0.0,0.0,0.0,0.0,0.0,0.0
VIPV80_Wp400,46,22.5,home,393963.29246575345,143796601.75,92656.74463470321,33819711.79166667,18932.049337233067,6910198.0080900695,9466.024668616534,3455099.0040450348,720.5890410958904,263015.0
VIPV80_Wp400,46,22.5,public,64875.01289954338,23679379.708333332,8422.623173515982,3074257.458333333,10020.80309904595,3657593.1311517716,1821.964199826537,665016.932936686,124.05479452054794,45280.0
VIPV80_Wp400,46,22.5,work,273.948401826484,99991.16666666666,0.0,0.0,0.0,0.0,0.0,0.0,0.0,0.0
VIPV80_Wp400,47,23.0,home,414442.6416666667,151271564.20833334,98426.54737442921,35925689.791666664,20018.83410569763,7306874.4485796355,10009.417052848816,3653437.2242898177,677.0958904109589,247140.0
VIPV80_Wp400,47,23.0,public,67744.77956621005,24726844.541666668,9994.9399543379,3648153.0833333335,11934.847798947194,4356219.446615726,2169.972327081309,792039.8993846776,125.10958904109589,45665.0
VIPV80_Wp400,47,23.0,work,67.68664383561644,24705.625,0.0,0.0,0.0,0.0,0.0,0.0,0.0,0.0
VIPV80_Wp400,48,23.5,home,432706.2875570776,157937794.9583333,101032.78287671233,36876965.75,20568.199369586335,7507392.7698990125,10284.099684793167,3753696.3849495063,555.0890410958904,202607.5
VIPV80_Wp400,48,23.5,public,70174.09349315068,25613544.125,10545.073858447488,3848951.958333333,12859.266877934735,4693632.410446178,2338.0485232608607,853387.7109902143,82.21917808219177,30010.0
VIPV80_Wp400,48,23.5,work,16.199086757990866,5912.666666666666,0.0,0.0,0.0,0.0,0.0,0.0,0.0,0.0
VIPV80_Wp700,1,0.0,home,354795.5624429224,129500380.29166667,94402.28641552514,34456834.54166668,16980.522579527642,6197890.741527589,9557.040997168548,3488319.9639665196,1146.2054794520548,418365.0
VIPV80_Wp700,1,0.0,public,58614.808219178085,21394405.0,10213.756392694064,3728021.083333333,12332.710256874661,4501439.243759251,2242.310955795393,818443.4988653185,212.67123287671234,77625.0
VIPV80_Wp700,1,0.0,work,0.0,0.0,0.0,0.0,0.0,0.0,0.0,0.0,0.0,0.0
VIPV80_Wp700,2,0.5,home,382864.6889269406,139745611.4583333,110741.27842465752,40420566.62499999,18927.889780010413,6908679.769703801,11140.20232533656,4066173.8487478443,776.8972602739726,283567.5
VIPV80_Wp700,2,0.5,public,64394.17808219178,23503875.0,13475.017465753428,4918381.375000001,16093.619523073845,5874171.1259219535,2926.112640558881,1068031.1138039916,164.54794520547946,60060.0
VIPV80_Wp700,2,0.5,work,20.58299086757991,7512.791666666667,20.58299086757991,7512.791666666667,5.3453970253553456,1951.0699142547012,1.3363492563388364,487.7674785636753,1.856164383561644,677.5
VIPV80_Wp700,3,1.0,home,396698.5273972603,144794962.5,112360.03789954337,41011413.83333333,18860.68763594662,6884150.987120516,11329.673350909232,4135330.7730818694,358.6027397260274,130890.0
VIPV80_Wp700,3,1.0,public,67023.69863013699,24463650.0,13213.589041095891,4822960.0,15943.065120835714,5819218.769105036,2898.739112879222,1058039.776200916,68.26712328767124,24917.5
VIPV80_Wp700,3,1.0,work,55.68493150684932,20325.0,46.801255707762564,17082.458333333336,12.358664849595396,4510.91267010232,3.089666212398849,1127.72816752558,0.0,0.0
VIPV80_Wp700,4,1.5,home,401898.3904109589,146692912.5,103445.51917808219,37757614.5,17346.745749278973,6331562.198486825,10533.857427357238,3844857.9609853914,130.8013698630137,47742.5
VIPV80_Wp700,4,1.5,public,68197.53127853881,24892098.916666664,10421.994292237441,3804027.916666666,13060.150761432686,4766955.02792293,2374.572865715034,866719.0959859875,30.705479452054796,11207.5
VIPV80_Wp700,4,1.5,work,55.68493150684932,20325.0,18.493150684931507,6750.0,8.971953061263614,3274.762867361219,2.2429882653159035,818.6907168403047,0.0,0.0
VIPV80_Wp700,5,2.0,home,403890.102739726,147419887.5,89702.9301369863,32741569.5,15062.607614076702,5497851.779137996,9247.433354005565,3375313.1742120315,48.863013698630134,17835.0
VIPV80_Wp700,5,2.0,public,68695.58219178082,25073887.5,6425.268378995435,2345222.958333334,8224.653320974456,3001998.4621556764,1495.3915129044458,545817.9022101227,13.10958904109589,4785.0
VIPV80_Wp700,5,2.0,work,55.68493150684932,20325.0,18.493150684931507,6750.0,8.971953061263614,3274.762867361219,2.2429882653159035,818.6907168403047,0.0,0.0
VIPV80_Wp700,6,2.5,home,404378.83561643836,147598275.0,74685.22579908675,27260107.416666664,12513.403302275608,4567392.205330597,7783.637772439786,2841027.786940522,11.267123287671232,4112.5
VIPV80_Wp700,6,2.5,public,68826.57534246576,25121700.0,2826.8422374429224,1031797.4166666667,3636.372734318282,1327276.048026173,661.1586789669606,241322.91782294062,2.493150684931507,910.0
VIPV80_Wp700,6,2.5,work,55.68493150684932,20325.0,2.815068493150685,1027.5,1.3657306326590166,498.49168092054106,0.34143265816475415,124.62292023013526,0.0,0.0
VIPV80_Wp700,7,3.0,home,404445.730022831,147622691.4583333,59639.67922374429,21768482.916666668,9942.163408646422,3628889.6441559438,6270.98345210528,2288908.960018427,1.8835616438356164,687.5
VIPV80_Wp700,7,3.0,public,68832.21746575342,25123759.375,1032.4245433789956,376834.9583333334,1329.2769026594297,485186.0694706918,241.68670957444178,88215.64899467125,0.0,0.0
VIPV80_Wp700,7,3.0,work,55.68493150684932,20325.0,0.0,0.0,0.0,0.0,0.0,0.0,0.0,0.0
VIPV80_Wp700,8,3.5,home,404351.22214611876,147588196.08333334,45127.0484018265,16471372.666666672,7492.0155057368365,2734585.6595939454,4784.208270832718,1746236.0188539422,0.0,0.0
VIPV80_Wp700,8,3.5,public,68807.67123287672,25114800.0,328.4221461187215,119874.08333333336,427.6007555092308,156074.27576086923,77.74559191076925,28377.141047430778,0.0,0.0
VIPV80_Wp700,8,3.5,work,55.68493150684932,20325.0,0.0,0.0,0.0,0.0,0.0,0.0,0.0,0.0
VIPV80_Wp700,9,4.0,home,403639.2831050228,147328338.3333333,31219.0908675799,11394968.166666664,5135.1760081671655,1874339.2429810155,3336.9777253294765,1217996.869745259,0.0,0.0
VIPV80_Wp700,9,4.0,public,68822.01883561644,25120036.875,217.39246575342466,79348.25,232.28402925085186,84783.67067656093,42.23345986379126,15415.21285028381,7.486301369863014,2732.5
VIPV80_Wp700,9,4.0,work,116.25342465753425,42432.5,60.56849315068493,22107.5,20.814276151167075,7597.210795175983,5.203569037791769,1899.3026987939957,9.349315068493151,3412.5
VIPV80_Wp700,10,4.5,home,401852.9429223744,146676324.16666666,19218.376484018263,7014707.416666666,3110.796447627392,1135440.703383998,2070.4758493972686,755723.6850300031,0.0,0.0
VIPV80_Wp700,10,4.5,public,68741.54657534247,25090664.5,267.7126712328767,97715.125,240.97584015706173,87956.18165732753,43.81378911946577,15992.033028605005,9.32876712328767,3405.0
VIPV80_Wp700,10,4.5,work,693.1602739726028,253003.5,632.5674657534247,230887.125,252.72837495050032,92245.85685693262,63.18209373762508,23061.464214233154,28.732876712328768,10487.5
VIPV80_Wp700,11,5.0,home,396955.82100456627,144888874.6666667,9476.852739726033,3459051.250000002,1521.2617070765996,555260.5230829589,1025.2554295986188,374218.23180349584,5.0,1825.0
VIPV80_Wp700,11,5.0,public,68255.23858447488,24913162.083333332,729.8646118721463,266400.5833333334,639.6409599997813,233468.95039992017,116.29835636359664,42448.90007271277,34.41095890410959,12560.0
VIPV80_Wp700,11,5.0,work,2042.5262557077624,745522.0833333333,1852.6728310502285,676225.5833333334,787.4734246887416,287427.8000113907,196.8683561721854,71856.95000284768,75.63698630136986,27607.5
VIPV80_Wp700,12,5.5,home,388689.522716895,141871675.79166666,1960.256392694064,715493.5833333334,326.3000040786772,119099.50148871719,209.14647373277438,76338.46291246265,14.349315068493151,5237.5
VIPV80_Wp700,12,5.5,public,67881.67009132421,24776809.583333336,1780.4424657534244,649861.4999999999,1593.3545706269063,581574.4182788208,289.70083102307393,105740.80332342198,54.32876712328767,19830.0
VIPV80_Wp700,12,5.5,work,5199.427511415524,1897791.0416666665,4502.158675799087,1643287.916666667,2014.9023340717386,735439.3519361846,503.72558351793464,183859.83798404614,124.87671232876713,45580.0
VIPV80_Wp700,13,6.0,home,369422.7372146119,134839299.08333334,859.4621004566211,313703.6666666667,216.37480998970935,78976.80564624391,86.54992399588374,31590.722258497564,5.623287671232877,2052.5
VIPV80_Wp700,13,6.0,public,67397.67728310502,24600152.208333332,3767.2174657534247,1375034.375,3473.562756687693,1267850.406191008,631.5568648523077,230518.25567109234,164.1164383561644,59902.5
VIPV80_Wp700,13,6.0,work,10423.158904109585,3804452.9999999986,8619.62899543379,3146164.5833333335,4011.3941003669333,1464158.8466339307,1002.8485250917333,366039.7116584827,274.1917808219178,100080.0
VIPV80_Wp700,14,6.5,home,339208.9296803653,123811259.33333334,875.5441780821918,319573.625,222.9123107762918,81362.9934333465,89.16492431051672,32545.197373338604,9.376712328767123,3422.5
VIPV80_Wp700,14,6.5,public,66842.52374429224,24397521.166666664,7500.766095890411,2737779.625,6640.15989627621,2423658.3621408166,1207.3017993229469,440665.1567528756,209.36986301369862,76420.0
VIPV80_Wp700,14,6.5,work,20166.04006849316,7360604.625000003,16293.851369863014,5947255.75,7651.363781606724,2792747.780286454,1912.840945401681,698186.9450716135,354.2191780821918,129290.0
VIPV80_Wp700,15,7.0,home,285401.30251141556,104171475.41666667,1136.3117579908674,414753.7916666666,315.23179075440004,115059.60362535602,115.7352909713513,42243.38120454323,26.226027397260275,9572.5
VIPV80_Wp700,15,7.0,public,66470.88812785392,24261874.16666668,12991.642009132416,4741949.333333332,12022.73154773318,4388297.0149226105,2185.9511904969418,797872.1845313838,442.1986301369863,161402.5
VIPV80_Wp700,15,7.0,work,33796.495319634705,12335720.791666668,25973.71609589041,9480406.375,12343.048213468765,4505212.597916099,3085.762053367191,1126303.1494790248,670.6438356164383,244785.0
VIPV80_Wp700,16,7.5,home,221141.1360730594,80716514.66666669,1622.7394977168951,592299.9166666667,451.3540634294237,164744.23315173967,166.22991891734156,60673.92040482967,21.267123287671232,7762.5
VIPV80_Wp700,16,7.5,public,67066.8071917808,24479384.62499999,21331.966666666667,7786167.833333334,19652.619769068115,7173206.215709862,3573.2035943760197,1304219.3119472472,539.5410958904109,196932.5
VIPV80_Wp700,16,7.5,work,57632.06347031964,21035703.166666668,43447.8710045662,15858472.916666664,20616.95825469643,7525189.762964197,5154.239563674108,1881297.4407410494,751.445205479452,274277.5
VIPV80_Wp700,17,8.0,home,173586.09166666673,63358923.45833336,2012.584703196347,734593.4166666666,722.725559619135,263794.82926098426,206.73324400661815,75457.63406241563,38.75342465753425,14145.0
VIPV80_Wp700,17,8.0,public,71618.91267123287,26140903.124999996,27195.837214611867,9926480.583333332,26246.19259038438,9579860.295490298,4772.035016433526,1741792.780998237,489.027397260274,178495.0
VIPV80_Wp700,17,8.0,work,76046.02043378996,27756797.458333336,50425.401598173514,18405271.583333332,24882.4322877709,9082087.785036378,6220.608071942725,2270521.9462590944,455.59589041095893,166292.5
VIPV80_Wp700,18,8.5,home,146515.27625570778,53478075.83333334,2660.9735159817355,971255.3333333335,973.9283925258992,355483.8632719532,277.6927070387473,101357.83806914276,91.84246575342466,33522.5
VIPV80_Wp700,18,8.5,public,74703.9823059361,27266953.54166667,25896.6200913242,9452266.333333332,26823.3913766462,9790537.852475863,4876.980250299309,1780097.7913592476,387.9246575342466,141592.5
VIPV80_Wp700,18,8.5,work,85298.94566210045,31134115.166666664,45192.73926940642,16495349.833333343,23618.346562284976,8620696.495234016,5904.586640571244,2155174.123808504,259.8493150684931,94845.0
VIPV80_Wp700,19,9.0,home,128078.58481735158,46748683.45833333,5310.539383561644,1938346.8750000002,1938.888008438503,707694.1230800536,548.431349250174,200177.4424763135,132.5205479452055,48370.0
VIPV80_Wp700,19,9.0,public,75009.53116438356,27378478.875,23178.989954337907,8460331.333333336,25191.350194885275,9194842.821133126,4580.245489979139,1671789.6038423858,359.78767123287673,131322.5
VIPV80_Wp700,19,9.0,work,91056.3984018265,33235585.41666667,36334.91883561645,13262245.375000006,19839.34231843358,7241359.946228256,4959.835579608395,1810339.986557064,159.85616438356163,58347.5
VIPV80_Wp700,20,9.5,home,119547.70856164381,43634913.62499999,8634.966666666665,3151762.833333333,3191.5521475352634,1164916.5338503711,897.994081594599,327767.83978202863,191.8835616438356,70037.5
VIPV80_Wp700,20,9.5,public,75162.74337899542,27434401.33333333,20617.367579908678,7525339.166666668,22747.00216195774,8302655.789114574,4135.81857490141,1509573.7798390146,398.33561643835617,145392.5
VIPV80_Wp700,20,9.5,work,93777.22945205482,34228688.75000001,26612.76301369863,9713658.5,14928.361781064486,5448852.050088538,3732.0904452661216,1362213.0125221345,95.43835616438356,34835.0
VIPV80_Wp700,21,10.0,home,109791.0023972603,40073715.87500001,13267.337785388127,4842578.291666666,4157.013057324381,1517309.7659233992,1375.2563710136874,501968.57541999593,278.7945205479452,101760.0
VIPV80_Wp700,21,10.0,public,76463.39897260275,27909140.625000004,20596.392808219178,7517683.375,22609.4193119939,8252438.048877774,4110.803511271619,1500443.2816141408,436.6027397260274,159360.0
VIPV80_Wp700,21,10.0,work,95054.35171232879,34694838.37500001,18845.40673515982,6878573.458333334,10818.341644968736,3948694.7004135884,2704.585411242184,987173.6751033971,97.54109589041096,35602.5
VIPV80_Wp700,22,10.5,home,99145.4223744292,36188079.16666666,17587.25764840183,6419349.041666667,5545.703499508163,2024181.7773204795,1825.1876282704047,666193.4843186977,290.56849315068496,106057.5
VIPV80_Wp700,22,10.5,public,77951.07625570777,28452142.833333336,23728.974771689493,8661075.791666664,25983.349000345712,9483922.385126185,4724.245272790127,1724349.5245683964,499.0821917808219,182165.0
VIPV80_Wp700,22,10.5,work,95725.15102739727,34939680.125,14191.844520547946,5180023.25,8054.242949913065,2939798.6767182685,2013.5607374782662,734949.6691795671,98.64383561643835,36005.0
VIPV80_Wp700,23,11.0,home,92157.651826484,33637542.91666666,23233.53413242009,8480239.958333332,6299.219147029925,2299214.9886659225,2409.864208715227,879600.436181058,420.63013698630135,153530.0
VIPV80_Wp700,23,11.0,public,78966.5825342466,28822802.625000007,25070.025799086758,9150559.416666666,28015.50014802934,10225657.554030709,5093.727299641701,1859210.4643692211,533.9931506849315,194907.5
VIPV80_Wp700,23,11.0,work,95934.44646118722,35016072.958333336,11152.640753424657,4070713.875,6197.420582564102,2262058.5126358974,1549.3551456410255,565514.6281589743,64.95205479452055,23707.5
VIPV80_Wp700,24,11.5,home,87857.68801369864,32068056.125000007,31018.81746575342,11321868.374999998,8445.651163262313,3082662.674590744,3235.2081760221945,1180850.984248101,475.6164383561644,173600.0
VIPV80_Wp700,24,11.5,public,78909.73127853882,28802051.916666668,26197.148173515983,9561959.083333334,29580.749811613594,10796973.681238962,5378.318147566107,1963086.1238616288,561.3219178082192,204882.5
VIPV80_Wp700,24,11.5,work,94754.68652968036,34585460.58333333,8934.853652968035,3261221.583333333,4877.495854217319,1780285.9867893215,1219.3739635543297,445071.4966973304,89.34931506849315,32612.5
VIPV80_Wp700,25,12.0,home,87422.76015981736,31909307.45833334,38319.61632420092,13986659.958333336,8715.440341245008,3181135.724554428,3992.3455446157272,1457206.1237847405,541.7328767123288,197732.5
VIPV80_Wp700,25,12.0,public,80049.37625570782,29218022.33333335,28388.19771689498,10361692.166666668,32467.52376853491,11850646.175515242,5903.186139733622,2154662.941002772,597.7602739726027,218182.5
VIPV80_Wp700,25,12.0,work,94493.72842465753,34490210.875,8567.46312785388,3127124.0416666665,4626.2363436210535,1688576.2654216846,1156.5590859052634,422144.06635542115,100.54794520547945,36700.0
VIPV80_Wp700,26,12.5,home,88196.4265981735,32191695.708333325,44647.60045662101,16296374.16666667,10143.052074809731,3702214.007305552,4636.1810878562155,1692206.0970675186,556.8767123287671,203260.0
VIPV80_Wp700,26,12.5,public,79256.13789954339,28928490.33333334,29352.04109589042,10713495.000000004,34264.334851643136,12506482.220849745,6229.879063935116,2273905.8583363174,595.2123287671233,217252.5
VIPV80_Wp700,26,12.5,work,95089.71792237445,34707747.04166667,8725.45319634703,3184790.4166666665,4643.71225673394,1694954.9737078883,1160.928064183485,423738.74342697207,118.03424657534246,43082.5
VIPV80_Wp700,27,13.0,home,87215.36221461187,31833607.208333336,47675.21666666666,17401454.083333332,10817.695452819706,3948458.8402791927,4947.38931540956,1805797.1001244895,581.6780821917808,212312.5
VIPV80_Wp700,27,13.0,public,80366.74817351601,29333863.083333343,30384.798173515966,11090451.333333328,35324.248926926615,12893350.858328216,6422.590713986664,2344245.6106051323,531.2945205479452,193922.5
VIPV80_Wp700,27,13.0,work,95935.31792237441,35016391.04166666,9105.503881278539,3323508.9166666665,4785.118207140893,1746568.1456064258,1196.2795517852232,436642.03640160646,96.14383561643835,35092.5
VIPV80_Wp700,28,13.5,home,91025.64771689496,33224361.416666664,52666.96267123287,19223441.374999996,11949.466630572451,4361555.320158944,5459.207984130332,1992610.9142075712,611.1712328767123,223077.5
VIPV80_Wp700,28,13.5,public,80104.65730593608,29238199.91666667,29492.71598173516,10764841.333333334,34684.65354208302,12659898.542860301,6306.300644015091,2301799.735065508,486.7739726027397,177672.5
VIPV80_Wp700,28,13.5,work,96346.94509132419,35166634.95833333,8668.828538812784,3164122.4166666665,4586.481243151342,1674065.6537502399,1146.6203107878355,418516.41343755997,72.47260273972603,26452.5
VIPV80_Wp700,29,14.0,home,98819.3051369863,36069046.375,60441.01837899545,22060971.70833334,13613.61259725745,4968968.597998969,6219.358063790978,2270065.693283707,767.9041095890411,280285.0
VIPV80_Wp700,29,14.0,public,78186.71609589043,28538151.375000007,27186.761301369857,9923167.874999998,32022.77003852734,11688311.064062478,5822.321825186786,2125147.466193177,534.1438356164383,194962.5
VIPV80_Wp700,29,14.0,work,95379.72922374429,34813601.166666664,7845.650342465753,2863662.375,4218.385862673864,1539710.8398759603,1054.596465668466,384927.70996899006,58.67123287671233,21415.0
VIPV80_Wp700,30,14.5,home,106204.78527397262,38764746.62500001,67180.74337899547,24520971.333333343,15045.392441996455,5491568.241328706,6870.677732596892,2507797.3723978656,722.6301369863014,263760.0
VIPV80_Wp700,30,14.5,public,77487.35605022829,28282884.95833333,27217.95319634702,9934552.916666662,31921.43147720385,11651322.489179404,5803.896632218879,2118422.270759891,465.4109589041096,169875.0
VIPV80_Wp700,30,14.5,work,93636.95662100456,34177489.166666664,6545.727511415526,2389190.541666667,3566.885853579708,1301913.3365565934,891.721463394927,325478.33413914836,33.10958904109589,12085.0
VIPV80_Wp700,31,15.0,home,117119.71358447496,42748695.45833336,74100.46289954337,27046668.958333332,17021.408034386666,6212813.932551133,7537.457186705782,2751171.8731476106,784.3287671232877,286280.0
VIPV80_Wp700,31,15.0,public,76274.36518264841,27840143.29166667,26881.259246575348,9811659.625000002,31529.212066483527,11508162.404266488,5732.584012087917,2092393.1644120894,507.8493150684931,185365.0
VIPV80_Wp700,31,15.0,work,87607.1,31976591.5,4843.352968036529,1767823.8333333333,2735.6456472346404,998510.6612406437,683.9114118086601,249627.66531016093,21.26027397260274,7760.0
VIPV80_Wp700,32,15.5,home,132963.10456621,48531533.16666666,84662.63162100456,30901860.541666668,19325.576773563746,7053835.522350768,8556.626190007017,3123168.559352561,1021.8972602739726,372992.5
VIPV80_Wp700,32,15.5,public,74236.12237442922,27096184.666666664,26271.383333333346,9589054.916666672,30470.60012901906,11121769.047091957,5540.109114367099,2022139.826743991,499.8082191780822,182430.0
VIPV80_Wp700,32,15.5,work,77957.39189497716,28454448.041666664,3504.012214611872,1278964.4583333333,2018.348319158419,736697.1364928229,504.58707978960473,184174.28412320573,8.732876712328768,3187.5
VIPV80_Wp700,33,16.0,home,155840.37168949773,56881735.66666667,99533.12271689498,36329589.79166667,25625.53252417932,9353319.371325452,9969.639444145952,3638918.397113273,1120.0890410958905,408832.5
VIPV80_Wp700,33,16.0,public,73039.04748858446,26659252.33333333,27186.364726027397,9923023.125,31403.512696255177,11462282.13413314,5709.729581137306,2084051.2971151168,554.6438356164383,202445.0
VIPV80_Wp700,33,16.0,work,63995.760616438354,23358452.625,2371.4520547945203,865580.0,1372.2478136357886,500870.45197706285,343.06195340894715,125217.61299426571,16.84246575342466,6147.5
VIPV80_Wp700,34,16.5,home,182720.28116438363,66692902.62500003,116013.41118721447,42344895.08333328,29748.02095840803,10858027.64981893,11576.723074208394,4225503.922086064,1242.027397260274,453340.0
VIPV80_Wp700,34,16.5,public,72602.24029680366,26499817.708333336,28246.05228310502,10309809.083333332,32906.5007693673,12010872.780819066,5983.000139884961,2183795.0510580107,505.3972602739726,184470.0
VIPV80_Wp700,34,16.5,work,48566.735844748866,17726858.583333336,1690.221689497717,616930.9166666667,966.7381027273768,352859.40749549255,241.6845256818442,88214.85187387314,11.883561643835616,4337.5
VIPV80_Wp700,35,17.0,home,209832.56381278537,76588885.79166666,130008.3765981735,47453057.45833333,38494.682965187414,14050559.282293407,12921.990782013561,4716526.63543495,1149.5958904109589,419602.5
VIPV80_Wp700,35,17.0,public,70837.50616438358,25855689.750000007,27744.4901826484,10126738.916666666,32375.797694276487,11817166.158410918,5886.508671686635,2148575.665165622,498.8767123287671,182090.0
VIPV80_Wp700,35,17.0,work,34496.04075342466,12591054.875000002,1271.6091324200913,464137.3333333334,725.7021448552628,264881.2828721709,181.4255362138157,66220.32071804273,13.157534246575343,4802.5
VIPV80_Wp700,36,17.5,home,234492.2119863015,85589657.37500004,138120.77557077626,50414083.08333333,41021.504578025495,14972849.170979306,13793.647198523877,5034681.227461215,1028.4315068493152,375377.5
VIPV80_Wp700,36,17.5,public,68602.72625570775,25039995.08333333,26033.60171232877,9502264.625000002,30506.434221775464,11134848.490948044,5546.624403959173,2024517.907445098,414.05479452054794,151130.0
VIPV80_Wp700,36,17.5,work,24521.889383561644,8950489.625,953.5117579908677,348031.79166666674,535.1236519482202,195320.13296110037,133.78091298705505,48830.033240275094,4.376712328767123,1597.5
VIPV80_Wp700,37,18.0,home,257889.8351598173,94129789.83333331,143201.62910958912,52268594.62500003,42679.9726704686,15578190.024721041,14368.100597651122,5244356.718142659,1008.1164383561644,367962.5
VIPV80_Wp700,37,18.0,public,65945.06666666668,24069949.333333336,23496.25684931507,8576133.75,27542.47723952061,10053004.192425022,5007.723134458292,1827818.9440772766,346.76027397260276,126567.5
VIPV80_Wp700,37,18.0,work,16832.479680365293,6143855.083333332,814.4970319634704,297291.4166666667,446.26539886377105,162886.87058527643,111.56634971594276,40721.717646319106,13.726027397260275,5010.0
VIPV80_Wp700,38,18.5,home,276348.70582191786,100867277.62500001,142457.77488584476,51997087.833333336,42560.75128913277,15534674.220533462,14336.106796505595,5232678.980724542,694.8904109589041,253635.0
VIPV80_Wp700,38,18.5,public,65412.19908675797,23875452.66666666,20554.52796803654,7502402.708333337,24125.052027950587,8805643.990201965,4386.373095991014,1601026.1800367204,297.2328767123288,108490.0
VIPV80_Wp700,38,18.5,work,11714.446118721464,4275772.833333334,715.8642694063927,261290.45833333334,390.2010340987243,142423.37744603437,97.55025852468107,35605.84436150859,2.5136986301369864,917.5
VIPV80_Wp700,39,19.0,home,289571.0912100456,105693448.29166666,135038.22203196344,49288951.04166666,40546.01849446102,14799296.750478273,13667.323912886433,4988573.228203548,550.7123287671233,201010.0
VIPV80_Wp700,39,19.0,public,64032.053881278545,23371699.666666668,17854.547602739724,6516909.874999999,21221.684471300603,7745914.83202472,3858.488085691017,1408348.1512772213,201.08219178082192,73395.0
VIPV80_Wp700,39,19.0,work,8034.475684931507,2932583.625,514.8985159817352,187937.95833333334,298.9760364598937,109126.25330786119,74.74400911497342,27281.563326965297,4.986301369863014,1820.0
VIPV80_Wp700,40,19.5,home,303046.04965753434,110611808.12500003,125957.16278538808,45974364.41666665,38016.29891617277,13875949.10440306,12827.757536631401,4682131.500870462,532.5479452054794,194380.0
VIPV80_Wp700,40,19.5,public,63183.71997716894,23062057.791666664,14857.889726027397,5423129.75,18158.71962036598,6627932.661433583,3301.585385521087,1205078.6657151969,189.23972602739727,69072.5
VIPV80_Wp700,40,19.5,work,5888.7094748858435,2149378.958333333,497.0195205479452,181412.125,295.6112238447972,107898.096703351,73.9028059611993,26974.52417583775,8.095890410958905,2955.0
VIPV80_Wp700,41,20.0,home,314082.36700913246,114640063.95833334,115494.98321917806,42155668.87499999,30329.576415425738,11070295.391630394,11819.821804415604,4314234.958611695,330.2808219178082,120552.5
VIPV80_Wp700,41,20.0,public,62222.48824200914,22711208.208333336,11814.09406392694,4312144.333333333,14162.83588463005,5169435.097889968,2575.061069932736,939897.2905254485,104.86986301369863,38277.5
VIPV80_Wp700,41,20.0,work,4349.1899543379,1587454.3333333335,414.0578767123288,151131.125,261.4734443041536,95437.80717101606,65.3683610760384,23859.451792754015,0.0,0.0
VIPV80_Wp700,42,20.5,home,321741.33390410955,117435586.87499999,102783.50696347035,37515980.04166668,27143.00445636657,9907196.626573797,10572.179531652971,3858845.5290533346,310.5821917808219,113362.5
VIPV80_Wp700,42,20.5,public,60861.004452054796,22214266.625,8951.462214611875,3267283.708333334,10712.390730224803,3910022.616532053,1947.7074054954185,710913.2030058277,108.04109589041096,39435.0
VIPV80_Wp700,42,20.5,work,2865.9211187214614,1046061.2083333335,194.08892694063925,70842.45833333333,136.22654497897295,49722.688917325126,34.05663624474324,12430.672229331281,0.0,0.0
VIPV80_Wp700,43,21.0,home,329757.923630137,120361642.125,90882.95901826484,33172280.041666664,22828.23063247809,8332304.180854503,9382.119367824334,3424473.569255882,266.7945205479452,97380.0
VIPV80_Wp700,43,21.0,public,60338.19143835617,22023439.875,7238.800799086756,2642162.291666666,8678.479634310745,3167645.066523422,1577.9053880564984,575935.4666406219,86.25342465753425,31482.5
VIPV80_Wp700,43,21.0,work,1727.3236301369864,630473.125,50.178310502283104,18315.083333333332,35.06575008386456,12798.998780610564,8.76643752096614,3199.749695152641,0.6301369863013698,230.0
VIPV80_Wp700,44,21.5,home,336462.81506849313,122808927.5,79856.54292237443,29147638.166666668,20142.03896317652,7351844.22155943,8269.41800542164,3018337.5719788987,236.7945205479452,86430.0
VIPV80_Wp700,44,21.5,public,59840.25194063927,21841691.958333332,5881.598515981735,2146783.458333333,6987.289038802295,2550360.499162838,1270.4161888731442,463701.90893869766,39.97945205479452,14592.5
VIPV80_Wp700,44,21.5,work,1291.1473744292239,471268.7916666667,34.798972602739724,12701.625,23.906424353623734,8725.844889072663,5.9766060884059335,2181.461222268166,0.0,0.0
VIPV80_Wp700,45,22.0,home,352502.0325342465,128663241.87499997,78897.18196347031,28797471.416666664,16300.503803134483,5949683.888144086,8150.2519015672415,2974841.944072043,639.8493150684932,233545.0
VIPV80_Wp700,45,22.0,public,60353.00125570776,22028845.458333332,5603.604109589041,2045315.5,6653.5652487781,2428551.3158040065,1209.739136141473,441554.7846916376,90.3972602739726,32995.0
VIPV80_Wp700,45,22.0,work,811.0624429223743,296037.7916666666,7.918721461187213,2890.333333333333,5.146338895111187,1878.4136967155832,1.2865847237777968,469.6034241788958,0.0,0.0
VIPV80_Wp700,46,22.5,home,375260.9928082191,136970262.37499997,86839.55079908678,31696436.04166667,17717.674764802607,6466951.289152951,8858.837382401302,3233475.644576475,741.1232876712329,270510.0
VIPV80_Wp700,46,22.5,public,62799.80479452055,22921928.75,7321.895547945207,2672491.8750000005,8685.436988413516,3170184.500770933,1579.1703615297301,576397.1819583515,110.29452054794521,40257.5
VIPV80_Wp700,46,22.5,work,371.4099315068493,135564.625,0.0,0.0,0.0,0.0,0.0,0.0,0.0,0.0
VIPV80_Wp700,47,23.0,home,396016.871803653,144546158.20833334,93975.68264840184,34301124.16666667,19040.5818365056,6949812.370324545,9520.2909182528,3474906.1851622723,684.2465753424658,249750.0
VIPV80_Wp700,47,23.0,public,65460.28378995434,23893003.583333332,8782.41506849315,3205581.5,10393.657711261603,3793685.064610485,1889.7559475021098,689760.9208382701,111.45890410958904,40682.5
VIPV80_Wp700,47,23.0,work,87.43219178082192,31912.75,0.0,0.0,0.0,0.0,0.0,0.0,0.0,0.0
VIPV80_Wp700,48,23.5,home,413558.12454337894,150948715.4583333,97453.93093607307,35570684.79166667,19776.960277011924,7218590.501109352,9888.48013850596,3609295.2505546752,528.6301369863014,192950.0
VIPV80_Wp700,48,23.5,public,67740.12694063927,24725146.333333332,9392.266324200913,3428177.208333333,11171.505668529056,4077599.5690131057,2031.1828488234653,741381.7398205649,82.20547945205479,30005.0
VIPV80_Wp700,48,23.5,work,18.904109589041095,6900.0,0.0,0.0,0.0,0.0,0.0,0.0,0.0,0.0
VIPV80_Wp1000,1,0.0,home,336430.50034246576,122797132.625,89166.47226027398,32545762.375000004,15993.42443153848,5837599.917511545,9019.048334502533,3291952.6420934247,1049.0821917808219,382915.0
VIPV80_Wp1000,1,0.0,public,56370.068493150684,20575075.0,9422.596347031964,3439247.666666667,11340.904739314608,4139430.229849832,2061.9826798753825,752623.6781545146,189.54794520547946,69185.0
VIPV80_Wp1000,1,0.0,work,18.84748858447489,6879.333333333334,18.84748858447489,6879.333333333334,7.5903093396887575,2770.4629089863965,1.8975773349221894,692.6157272465991,1.8630136986301369,680.0
VIPV80_Wp1000,2,0.5,home,364146.32077625574,132913407.08333334,106176.36997716896,38754375.04166667,18060.549212252557,6592100.462472184,10642.304795863827,3884441.2504902966,789.8082191780821,288280.0
VIPV80_Wp1000,2,0.5,public,61781.50684931507,22550250.0,12377.949885844751,4517951.708333334,14549.961855978736,5310736.0774322385,2645.447610177953,965588.3777149528,154.0068493150685,56212.5
VIPV80_Wp1000,2,0.5,work,55.89041095890411,20400.0,55.89041095890411,20400.0,22.508330826095165,8215.540751524735,5.627082706523791,2053.885187881184,0.0,0.0
VIPV80_Wp1000,3,1.0,home,376286.30136986304,137344500.0,106451.65696347029,38854854.79166666,17836.78428947997,6510426.265660188,10721.63814537282,3913397.92306108,310.3767123287671,113287.5
VIPV80_Wp1000,3,1.0,public,64475.239726027394,23533462.5,12278.247488584475,4481560.333333333,14684.542676232839,5359858.076824986,2669.9168502241523,974519.6503318156,68.82876712328768,25122.5
VIPV80_Wp1000,3,1.0,work,55.89041095890411,20400.0,37.63219178082192,13735.75,17.395946630936262,6349.520520291735,4.3489866577340655,1587.3801300729338,0.0,0.0
VIPV80_Wp1000,4,1.5,home,381503.83561643836,139248900.0,96817.8474885845,35338514.33333334,16225.738321781268,5922394.487450163,9864.723816097692,3600624.1928756577,133.23972602739727,48632.5
VIPV80_Wp1000,4,1.5,public,65579.03470319635,23936347.666666668,9532.647146118721,3479416.208333333,11729.381716200156,4281224.326413057,2132.6148574909357,778404.4229841916,29.472602739726028,10757.5
VIPV80_Wp1000,4,1.5,work,55.89041095890411,20400.0,18.493150684931507,6750.0,10.755683466528492,3925.8244652828994,2.688920866632123,981.4561163207248,0.0,0.0
VIPV80_Wp1000,5,2.0,home,383389.8287671233,139937287.5,84118.9915525114,30703431.916666664,14098.186080121535,5145837.91924436,8660.196083834368,3160971.570599544,50.69178082191781,18502.5
VIPV80_Wp1000,5,2.0,public,65932.70547945205,24065437.5,5596.109132420092,2042579.8333333335,7006.812978342461,2557486.7370949984,1273.965996062265,464997.58856272674,8.787671232876713,3207.5
VIPV80_Wp1000,5,2.0,work,55.89041095890411,20400.0,18.493150684931507,6750.0,10.755683466528492,3925.8244652828994,2.688920866632123,981.4561163207248,0.0,0.0
VIPV80_Wp1000,6,2.5,home,383841.0616438356,140101987.5,70375.86164383561,25687189.499999996,11803.629756723327,4308324.861204014,7323.830355566835,2673198.079781895,5.636986301369863,2057.5
VIPV80_Wp1000,6,2.5,public,66110.6506849315,24130387.5,2656.010388127854,969443.7916666667,3384.373642647832,1235296.3795664588,615.3406622996059,224599.34173935617,4.986301369863014,1820.0
VIPV80_Wp1000,6,2.5,work,55.89041095890411,20400.0,17.301369863013697,6315.0,10.062539420907767,3672.826888631335,2.5156348552269416,918.2067221578337,0.0,0.0
VIPV80_Wp1000,7,3.0,home,383895.4192922375,140121828.0416667,55808.34292237446,20370045.16666668,9344.616611805504,3410785.063309009,5864.211625963497,2140437.2434766763,1.2534246575342465,457.5
VIPV80_Wp1000,7,3.0,public,66179.26084474886,24155430.208333336,1009.0526255707761,368304.20833333326,1309.2765853588578,477885.9536559831,238.05028824706503,86888.35521017874,1.8835616438356164,687.5
VIPV80_Wp1000,7,3.0,work,55.89041095890411,20400.0,0.0,0.0,0.0,0.0,0.0,0.0,0.0,0.0
VIPV80_Wp1000,8,3.5,home,383823.0102739726,140095398.75,41116.34292237443,15007465.166666668,6866.573112946955,2506299.1862256387,4360.253766470459,1591492.6247617174,0.0,0.0
VIPV80_Wp1000,8,3.5,public,66167.05479452055,24150975.0,317.4167808219178,115857.125,400.4097709998225,146149.56641493522,72.80177654542229,26572.648439079134,0.0,0.0
VIPV80_Wp1000,8,3.5,work,55.89041095890411,20400.0,0.0,0.0,0.0,0.0,0.0,0.0,0.0,0.0
VIPV80_Wp1000,9,4.0,home,383008.01872146124,139797926.83333334,28180.595890410965,10285917.500000002,4656.799484606462,1699731.8118813585,3012.4807514806757,1099555.4742904466,0.0,0.0
VIPV80_Wp1000,9,4.0,public,66151.32751141553,24145234.541666668,186.4560502283105,68056.45833333333,208.55060375186684,76120.9703694314,37.91829159124852,13840.176430805708,4.3561643835616435,1590.0
VIPV80_Wp1000,9,4.0,work,130.35707762557075,47580.33333333333,74.46666666666667,27180.333333333336,31.85943175177957,11628.692589399543,7.964857937944893,2907.1731473498858,9.952054794520548,3632.5
VIPV80_Wp1000,10,4.5,home,380985.8652968036,139059840.8333333,17344.096004566207,6330595.041666665,2814.8198492384195,1027409.2449720232,1868.0058992648912,681822.1532316853,0.0,0.0
VIPV80_Wp1000,10,4.5,public,66163.12385844749,24149540.208333332,325.54988584474887,118825.70833333333,361.2529043656927,131857.31009347783,65.68234624830777,23974.056380632337,14.376712328767123,5247.5
VIPV80_Wp1000,10,4.5,work,601.5124429223745,219552.0416666667,531.9574200913243,194164.45833333334,207.85175149374325,75865.88929521629,51.96293787343581,18966.47232380407,26.17808219178082,9555.0
VIPV80_Wp1000,11,5.0,home,376036.9793378995,137253497.4583333,8401.31632420091,3066480.4583333326,1354.6054178918782,494430.97753053554,909.3431304283445,331910.24260634574,5.609589041095891,2047.5
VIPV80_Wp1000,11,5.0,public,65895.3196347032,24051791.666666668,865.1417808219178,315776.75,831.2308802527436,303399.2712922514,151.13288731868064,55163.50387131843,39.4041095890411,14382.5
VIPV80_Wp1000,11,5.0,work,2046.4429223744294,746951.6666666667,1837.0779680365295,670533.4583333333,807.6653857311442,294797.8657918676,201.91634643278604,73699.4664479669,67.45890410958904,24622.5
VIPV80_Wp1000,12,5.5,home,368029.90662100463,134330915.9166667,1697.9889269406397,619765.9583333335,279.0362421174847,101848.2283728819,179.81882342240428,65633.87054917756,9.986301369863014,3645.0
VIPV80_Wp1000,12,5.5,public,65502.89497716895,23908556.666666668,1914.0816210045662,698639.7916666666,2003.0982700129014,731130.868554709,364.19968545689113,132932.88519176526,61.83561643835616,22570.0
VIPV80_Wp1000,12,5.5,work,4724.891666666666,1724585.4583333333,4009.922488584475,1463621.7083333335,1809.1990969289882,660357.6703790807,452.29977423224705,165089.41759477017,106.71917808219177,38952.5
VIPV80_Wp1000,13,6.0,home,349173.80388127844,127448438.41666663,661.192694063927,241335.33333333334,167.15070297549954,61010.00658605733,66.86028119019981,24404.00263442293,5.623287671232877,2052.5
VIPV80_Wp1000,13,6.0,public,64837.098630137,23665541.000000004,3902.0855022831056,1424261.2083333335,3561.5339413231272,1299959.8885829414,647.5516256951139,236356.34337871658,157.9931506849315,57667.5
VIPV80_Wp1000,13,6.0,work,9010.063812785389,3288673.291666667,7397.322488584477,2700022.708333334,3386.0806270465687,1235919.4288719976,846.5201567616422,308979.8572179994,231.08904109589042,84347.5
VIPV80_Wp1000,14,6.5,home,320955.1552511416,117148631.66666667,633.608904109589,231267.25,164.60763648786903,60081.787318072194,65.84305459514759,24032.714927228873,8.123287671232877,2965.0
VIPV80_Wp1000,14,6.5,public,64524.26655251142,23551357.291666668,7426.901826484019,2710819.166666667,6817.3146607155095,2488319.851161161,1239.511756493729,452421.7911202111,196.08219178082192,71570.0
VIPV80_Wp1000,14,6.5,work,18359.875228310502,6701354.458333334,14970.27762557077,5464151.333333331,6955.278904589429,2538676.8001751415,1738.8197261473572,634669.2000437854,354.4109589041096,129360.0
VIPV80_Wp1000,15,7.0,home,271106.09143835626,98953723.37500003,1120.4718036529682,408972.2083333334,339.12437393748553,123780.39648718221,118.57232124998191,43278.8972562434,32.534246575342465,11875.0
VIPV80_Wp1000,15,7.0,public,63483.163926940644,23171354.833333336,12598.508904109594,4598455.750000002,12068.884072212957,4405142.686357729,2194.342558584173,800935.0338832231,420.06164383561645,153322.5
VIPV80_Wp1000,15,7.0,work,31474.947602739725,11488355.875,24202.85422374429,8834041.791666666,11524.489152010936,4206438.540483992,2881.122288002734,1051609.635120998,640.2945205479452,233707.5
VIPV80_Wp1000,16,7.5,home,210835.29600456628,76954883.04166669,1790.5378995433791,653546.3333333334,522.4279344759246,190686.1960837125,184.9780228125397,67516.978326577,27.47945205479452,10030.0
VIPV80_Wp1000,16,7.5,public,63475.29908675799,23168484.166666664,19882.67020547946,7257174.625000002,19108.042039029944,6974435.344245929,3474.189461641807,1268079.1534992596,489.4178082191781,178637.5
VIPV80_Wp1000,16,7.5,work,54158.22123287671,19767750.75,40704.114726027394,14857001.874999998,19434.214770856404,7093488.391362588,4858.553692714101,1773372.097840647,701.8150684931506,256162.5
VIPV80_Wp1000,17,8.0,home,166584.18789954344,60803228.58333336,2314.491324200913,844789.3333333333,857.0799638287075,312834.18679747824,239.2567516839229,87328.71436463186,44.28082191780822,16162.5
VIPV80_Wp1000,17,8.0,public,66669.02636986303,24334194.625000004,24808.717237442932,9055181.79166667,24473.179630226776,8932710.565032773,4449.669023677597,1624129.1936423227,437.6849315068493,159755.0
VIPV80_Wp1000,17,8.0,work,71766.38858447489,26194731.833333336,47828.74840182651,17457493.166666675,23793.17087689501,8684507.370066678,5948.292719223752,2171126.8425166695,453.8767123287671,165665.0
VIPV80_Wp1000,18,8.5,home,140871.44383561643,51418077.0,2811.8939497716897,1026341.2916666667,1050.4607959007703,383418.19050378114,293.72770669742516,107210.61294456018,79.86301369863014,29150.0
VIPV80_Wp1000,18,8.5,public,70540.17191780821,25747162.75,25336.608561643847,9247862.125000004,26218.50058605038,9569752.71390839,4767.000106554613,1739955.0388924337,411.7054794520548,150272.5
VIPV80_Wp1000,18,8.5,work,80811.49680365298,29496196.333333336,42842.92146118721,15637666.333333332,22620.839096396314,8256606.270184655,5655.2097740990785,2064151.5675461637,244.93835616438355,89402.5
VIPV80_Wp1000,19,9.0,home,122536.02785388129,44725650.16666667,4980.243835616438,1817789.0,1840.0751668263113,671627.4358916036,518.7839750416857,189356.15089021527,116.83561643835617,42645.0
VIPV80_Wp1000,19,9.0,public,71770.03595890413,26196063.125000007,22641.403424657536,8264112.25,24509.16944989225,8945846.849210672,4456.212627253131,1626517.608947393,360.4246575342466,131555.0
VIPV80_Wp1000,19,9.0,work,85644.16312785386,31260119.541666657,34507.35079908675,12595183.041666664,19095.657261999866,6969914.900629952,4773.9143154999665,1742478.725157488,136.12328767123287,49685.0
VIPV80_Wp1000,20,9.5,home,114121.39737442922,41654310.041666664,7958.16107305936,2904728.7916666665,2953.8233728104,1078145.531075796,829.3662746277333,302718.69023912266,188.06164383561645,68642.5
VIPV80_Wp1000,20,9.5,public,72198.21792237442,26352349.541666664,20365.48253424657,7433401.124999998,22779.73406270556,8314602.932887529,4141.7698295828295,1511745.987797733,379.6917808219178,138587.5
VIPV80_Wp1000,20,9.5,work,88084.21552511417,32150738.66666667,25180.941666666662,9191043.708333332,14305.218550926556,5221404.771088193,3576.304637731639,1305351.1927720483,96.9041095890411,35370.0
VIPV80_Wp1000,21,10.0,home,105306.33436073057,38436812.04166666,12392.066552511416,4523104.291666667,3937.545829075595,1437204.2276125923,1295.0136799253644,472679.993172758,243.86986301369862,89012.5
VIPV80_Wp1000,21,10.0,public,72502.75319634704,26463504.916666668,19910.2803652968,7267252.333333332,22440.667375345325,8190843.592001043,4080.121340971876,1489244.289454735,417.7945205479452,152495.0
VIPV80_Wp1000,21,10.0,work,89423.73595890412,32639663.625,18454.628196347032,6735939.291666666,10586.19200065543,3863960.080239232,2646.5480001638575,965990.020059808,99.92465753424658,36472.5
VIPV80_Wp1000,22,10.5,home,94873.62066210051,34628871.54166669,16435.61883561644,5999000.875,5237.566123748561,1911711.6351682248,1733.281379470571,632647.7035067584,269.8767123287671,98505.0
VIPV80_Wp1000,22,10.5,public,73510.80410958901,26831443.49999999,21795.7151826484,7955436.041666666,24196.85239929279,8831851.12574187,4399.427708962325,1605791.1137712486,459.97945205479454,167892.5
VIPV80_Wp1000,22,10.5,work,90037.26015981735,32863599.958333332,13745.47077625571,5017096.833333334,7922.1556205033,2891586.8014837047,1980.538905125825,722896.7003709262,88.74657534246575,32392.5
VIPV80_Wp1000,23,11.0,home,87323.95285388127,31873242.791666664,21304.4049086758,7776107.791666666,5892.070657812652,2150605.790101618,2246.7005976963414,820045.7181591647,412.36986301369865,150515.0
VIPV80_Wp1000,23,11.0,public,75296.7861872146,27483326.95833333,23481.426484018262,8570720.666666666,26466.12075699533,9660134.076303296,4812.021955817334,1756388.0138733268,504.6506849315069,184197.5
VIPV80_Wp1000,23,11.0,work,89956.31130136986,32834053.625,10503.25799086758,3833689.1666666665,5998.373607987236,2189406.366915341,1499.593401996809,547351.5917288353,56.82876712328767,20742.5
VIPV80_Wp1000,24,11.5,home,83506.1105022831,30479730.333333332,28582.380593607308,10432568.916666668,7925.7261268006,2892890.036282219,3010.710165202998,1098909.2102990942,442.23972602739724,161417.5
VIPV80_Wp1000,24,11.5,public,75662.65136986302,27616867.75,24723.85776255707,9024208.08333333,28643.33709524275,10454818.039763603,5207.879471862318,1900876.0072297459,547.445205479452,199817.5
VIPV80_Wp1000,24,11.5,work,89010.22876712329,32488733.5,8513.557762557075,3107448.5833333326,4722.780432161423,1723814.8577389193,1180.6951080403558,430953.71443472983,84.3013698630137,30770.0
VIPV80_Wp1000,25,12.0,home,82115.98401826485,29972334.16666667,36003.11700913242,13141137.708333332,8348.91121229514,3047352.592487726,3792.4135293030854,1384230.9381956263,537.0958904109589,196040.0
VIPV80_Wp1000,25,12.0,public,76989.88869863014,28101309.375,27185.58196347032,9922737.416666666,31253.9798567796,11407702.647724554,5682.541792141746,2074127.7541317372,536.8356164383562,195945.0
VIPV80_Wp1000,25,12.0,work,88850.87671232875,32430569.999999996,7814.935388127855,2852451.416666667,4206.54716621277,1535389.7156676613,1051.6367915531926,383847.4289169153,86.03424657534246,31402.5
VIPV80_Wp1000,26,12.5,home,82879.04372146122,30250850.958333347,41886.36027397256,15288521.499999985,9659.442852348635,3525696.641107252,4395.56827825011,1604382.42156129,521.6849315068494,190415.0
VIPV80_Wp1000,26,12.5,public,76241.0850456621,27827996.041666668,27424.021803652944,10009767.958333325,31422.26666423027,11469127.332444048,5713.139393496412,2085295.8786261901,560.5,204582.5
VIPV80_Wp1000,26,12.5,work,89557.82922374431,32688607.66666667,8191.90696347032,2990046.041666667,4332.41281572224,1581330.6777386176,1083.10320393056,395332.6694346544,125.41095890410959,45775.0
VIPV80_Wp1000,27,13.0,home,81879.33356164384,29885956.750000004,44942.70753424656,16404088.249999994,10324.55236572039,3768461.613487942,4706.324593633772,1717808.4766763267,556.6712328767123,203185.0
VIPV80_Wp1000,27,13.0,public,77614.39029680366,28329252.458333332,28535.42796803651,10415431.208333327,32406.85178509723,11828500.90156049,5892.154870017675,2150636.5275564515,514.5890410958904,187825.0
VIPV80_Wp1000,27,13.0,work,90561.8371004566,33055070.541666657,8347.165753424657,3046715.5,4320.5580609792005,1577003.692257408,1080.1395152448001,394250.923064352,91.15753424657534,33272.5
VIPV80_Wp1000,28,13.5,home,86068.07146118722,31414846.083333336,50228.758219178075,18333496.749999996,11438.596316148785,4175087.6553943064,5224.534509582422,1906955.095997584,586.8972602739726,214217.5
VIPV80_Wp1000,28,13.5,public,77280.34212328767,28207324.875,27299.526141552506,9964327.041666664,32022.134399203846,11688079.055709403,5822.206254400696,2125105.282856254,468.2328767123288,170905.0
VIPV80_Wp1000,28,13.5,work,90960.76050228311,33200677.583333336,7911.42191780822,2887669.0000000005,4219.849856131871,1540245.1974881329,1054.9624640329678,385061.2993720332,64.37671232876713,23497.5
VIPV80_Wp1000,29,14.0,home,93596.90159817354,34162869.08333334,58012.52922374431,21174573.16666667,13118.317689735113,4788185.956753316,5988.901887323597,2185949.188873113,731.5205479452055,267005.0
VIPV80_Wp1000,29,14.0,public,75183.60844748862,27442017.083333343,25547.48767123288,9324833.000000002,30350.173133950404,11077813.193891898,5518.213297081891,2014147.8534348903,507.3424657534247,185180.0
VIPV80_Wp1000,29,14.0,work,90163.12431506849,32909540.375,7440.945433789953,2715945.083333333,4036.9102654882554,1473472.2469032132,1009.2275663720638,368368.0617258033,68.73972602739725,25090.0
VIPV80_Wp1000,30,14.5,home,101109.18356164383,36904852.0,64467.92340182649,23530792.041666668,14449.207105633106,5273960.593556084,6590.444403589753,2405512.20731026,710.9794520547945,259507.5
VIPV80_Wp1000,30,14.5,public,73480.99965753425,26820564.875,25128.69383561643,9171973.249999996,29490.678507689958,10764097.655306835,5361.9415468527195,1957108.6646012426,431.09589041095893,157350.0
VIPV80_Wp1000,30,14.5,work,88443.70445205478,32281952.124999996,6516.726484018264,2378605.1666666665,3581.646105778256,1307300.8286090633,895.411526444564,326825.2071522658,22.410958904109588,8180.0
VIPV80_Wp1000,31,15.0,home,111836.20205479454,40820213.75000001,71911.45022831052,26247679.33333334,16521.149948412025,6030219.731170389,7318.370870857953,2671205.367863153,772.3972602739726,281925.0
VIPV80_Wp1000,31,15.0,public,72355.56175799086,26409780.041666664,25011.865182648406,9129330.791666668,29838.619006018576,10891095.93719678,5425.203455639742,1980199.261308506,459.93835616438355,167877.5
VIPV80_Wp1000,31,15.0,work,83035.38378995434,30307915.083333336,4537.015410958904,1656010.625,2587.7081392508026,944513.4708265429,646.9270348127006,236128.36770663573,14.36986301369863,5245.0
VIPV80_Wp1000,32,15.5,home,126883.45753424661,46312462.000000015,80941.74828767122,29543738.124999993,18517.79570398991,6758995.431956316,8200.08778340144,2993032.040941526,956.8356164383562,349245.0
VIPV80_Wp1000,32,15.5,public,70762.11735159815,25828172.833333325,24355.63447488585,8889806.583333336,28978.90325311006,10577299.687385172,5268.891500565468,1923145.3977063957,482.06164383561645,175952.5
VIPV80_Wp1000,32,15.5,work,73505.41735159815,26829477.33333333,3099.7248858447488,1131399.5833333333,1812.3193746058168,661496.5717311231,453.0798436514542,165374.1429327808,13.732876712328768,5012.5
VIPV80_Wp1000,33,16.0,home,148318.68299086756,54136319.29166666,94093.4144977169,34344096.29166667,24236.890573800905,8846465.05943733,9439.36510647743,3445368.263864262,1044.054794520548,381080.0
VIPV80_Wp1000,33,16.0,public,70635.06655251142,25781799.291666668,26319.109817351597,9606475.083333332,30816.86913978885,11248157.23602293,5603.067116325244,2045119.4974587138,559.7602739726027,204312.5
VIPV80_Wp1000,33,16.0,work,59761.44006849316,21812925.625000004,2159.2028538812783,788109.0416666666,1238.9756427426548,452226.109601069,309.7439106856637,113056.52740026725,17.52054794520548,6395.0
VIPV80_Wp1000,34,16.5,home,172503.5682648402,62963802.41666667,108030.19543378988,39431021.333333306,27739.83098316257,10125038.308854338,10791.999968127115,3939079.9883663966,1190.9246575342465,434687.5
VIPV80_Wp1000,34,16.5,public,71117.09246575342,25957738.749999996,27934.9640410959,10196261.875000004,32423.338964615246,11834518.722084565,5895.152539020953,2151730.676742648,512.2739726027397,186980.0
VIPV80_Wp1000,34,16.5,work,45001.325913242006,16425483.958333332,1678.6494292237444,612707.0416666667,967.1526975262706,353010.73459708877,241.78817438156764,88252.68364927219,10.0,3650.0
VIPV80_Wp1000,35,17.0,home,198986.6232876711,72630117.49999996,122449.32602739733,44694004.00000002,36249.65042939226,13231122.406728176,12197.638160616154,4452137.928624896,1089.7534246575342,397760.0
VIPV80_Wp1000,35,17.0,public,68931.77762557076,25160098.83333333,27114.986301369863,9896970.0,31777.76100898762,11598882.768280482,5777.774728906841,2108887.776050997,500.63698630136986,182732.5
VIPV80_Wp1000,35,17.0,work,32333.488470319644,11801723.29166667,1129.3591324200913,412216.0833333334,673.986250584072,246004.98146318627,168.496562646018,61501.24536579657,7.493150684931507,2735.0
VIPV80_Wp1000,36,17.5,home,222122.42146118733,81074683.83333337,130632.36164383558,47680811.999999985,38742.94542385293,14141175.079706319,13056.21703491061,4765519.217742373,966.6301369863014,352820.0
VIPV80_Wp1000,36,17.5,public,66297.8243150685,24198705.875000004,25692.122602739717,9377624.749999996,29888.6388840962,10909353.192695113,5434.297978926581,1983518.7623082022,430.95205479452056,157297.5
VIPV80_Wp1000,36,17.5,work,22460.799543379,8198191.833333334,766.1584474885844,279647.8333333333,466.4539390295441,170255.6877457836,116.61348475738602,42563.9219364459,8.143835616438356,2972.5
VIPV80_Wp1000,37,18.0,home,244338.4147260274,89183521.375,135569.3611872146,49482816.833333336,40323.914123511815,14718228.655081812,13604.39805304112,4965605.289360009,947.9520547945206,346002.5
VIPV80_Wp1000,37,18.0,public,64263.57705479452,23456205.625,23254.85171232877,8488020.875000002,27035.02104120765,9867782.680040792,4915.458371128666,1794142.3054619632,341.66438356164383,124707.5
VIPV80_Wp1000,37,18.0,work,15412.527625570772,5625572.583333332,642.1044520547945,234368.125,362.98352299057143,132488.98589155858,90.74588074764286,33122.246472889645,11.246575342465754,4105.0
VIPV80_Wp1000,38,18.5,home,262197.744520548,95702176.75000001,135104.44817351594,49313123.58333332,40342.86737519568,14725146.591946423,13626.81233364728,4973786.501781257,669.3972602739726,244330.0
VIPV80_Wp1000,38,18.5,public,62770.72956621006,22911316.29166667,19724.212671232875,7199337.625,22488.813358760464,8208416.8759475695,4088.875156138265,1492439.4319904668,289.86301369863014,105800.0
VIPV80_Wp1000,38,18.5,work,10465.599429223745,3819943.791666667,669.9246575342465,244522.5,369.2213993549827,134765.81076456868,92.30534983874567,33691.45269114217,1.856164383561644,677.5
VIPV80_Wp1000,39,19.0,home,274945.41392694064,100355076.08333333,127966.66894977173,46707834.16666668,38396.12238182255,14014584.66936523,12980.085796943446,4737731.315884357,530.7739726027397,193732.5
VIPV80_Wp1000,39,19.0,public,61569.65525114156,22472924.166666668,16905.485616438353,6170502.249999998,19882.914877309377,7257263.930217923,3615.0754322380676,1319502.5327668947,191.67808219178082,69962.5
VIPV80_Wp1000,39,19.0,work,7318.546004566209,2671269.2916666665,540.4888127853882,197278.4166666667,301.67812793587376,110112.51669659393,75.41953198396844,27528.129174148482,5.602739726027397,2045.0
VIPV80_Wp1000,40,19.5,home,287677.27442922385,105002205.1666667,119049.62659817352,43453113.708333336,35891.5429045908,13100413.160175642,12137.235878885154,4430091.095793081,507.1095890410959,185095.0
VIPV80_Wp1000,40,19.5,public,59685.25308219177,21785117.374999996,13876.37511415525,5064876.916666666,16128.083440587778,5886750.4558145385,2932.3788073795954,1070318.2646935524,179.91095890410958,65667.5
VIPV80_Wp1000,40,19.5,work,5225.307876712329,1907237.375,461.4922374429224,168444.66666666666,292.25507250437863,106673.1014640982,73.06376812609466,26668.27536602455,5.623287671232877,2052.5
VIPV80_Wp1000,41,20.0,home,298141.71118721453,108821724.58333331,109176.1043378995,39849278.08333331,28610.67798321191,10442897.463872347,11188.501430587115,4083803.0221642973,307.0821917808219,112085.0
VIPV80_Wp1000,41,20.0,public,58931.41837899543,21509967.708333332,10840.156735159819,3956657.208333334,12451.878859025406,4544935.783544273,2263.977974368256,826351.9606444135,101.75342465753425,37140.0
VIPV80_Wp1000,41,20.0,work,3626.6022831050227,1323709.8333333333,355.53527397260274,129770.375,239.8914090244608,87560.3642939282,59.9728522561152,21890.09107348205,0.0,0.0
VIPV80_Wp1000,42,20.5,home,306041.8375570775,111705270.7083333,98079.05719178078,35798855.874999985,25774.791114435728,9407798.75676904,10090.516134969037,3683038.389263699,324.0,118260.0
VIPV80_Wp1000,42,20.5,public,58154.106164383564,21226248.75,8261.783561643835,3015551.0,9836.513177826335,3590327.309906612,1788.4569414229707,652786.7836193843,103.62328767123287,37822.5
VIPV80_Wp1000,42,20.5,work,2594.7714611872148,947091.5833333334,206.1255707762557,75235.83333333333,146.32636819607083,53409.12439156585,36.58159204901771,13352.281097891462,0.0,0.0
VIPV80_Wp1000,43,21.0,home,313568.1481735159,114452374.08333331,87001.70878995433,31755623.70833333,21673.416972048642,7910797.194797754,8975.128648700802,3275921.956775793,252.34931506849315,92107.5
VIPV80_Wp1000,43,21.0,public,57930.09794520548,21144485.75,6916.856621004567,2524652.666666667,8416.864031797653,3072155.371606143,1530.3389148723008,558573.7039283898,86.78082191780823,31675.0
VIPV80_Wp1000,43,21.0,work,1751.420091324201,639268.3333333334,91.32385844748858,33333.20833333333,66.73672617313032,24358.905053192568,16.68418154328258,6089.726263298142,2.5136986301369864,917.5
VIPV80_Wp1000,44,21.5,home,320054.0094748859,116819713.45833334,76639.44920091324,27973398.958333332,19184.66727107554,7002403.553942572,7934.599126060202,2896128.681011974,234.86301369863014,85725.0
VIPV80_Wp1000,44,21.5,public,57612.66872146118,21028624.083333332,5742.569634703197,2096037.916666667,6928.904547627012,2529050.1598838596,1259.8008268412748,459827.3017970653,47.50684931506849,17340.0
VIPV80_Wp1000,44,21.5,work,1380.6304794520547,503930.125,82.73995433789953,30200.083333333332,60.496239605635544,22081.127456056973,15.124059901408886,5520.281864014243,1.2602739726027397,460.0
VIPV80_Wp1000,45,22.0,home,335668.2026255707,122518893.9583333,77271.16335616438,28203974.625,15930.667302862943,5814693.565544974,7965.3336514314715,2907346.782772487,620.0479452054794,226317.5
VIPV80_Wp1000,45,22.0,public,58249.453424657535,21261050.5,5972.596232876713,2179997.625,7123.55477912355,2600097.494380096,1295.191778022464,472744.9989781993,92.20547945205479,33655.0
VIPV80_Wp1000,45,22.0,work,928.6549086757993,338959.04166666674,37.80821917808219,13800.0,27.686764003862983,10105.66886140999,6.921691000965746,2526.4172153524974,0.0,0.0
VIPV80_Wp1000,46,22.5,home,356970.0625570776,130294072.83333333,84319.13184931508,30776483.125,17190.744020456565,6274621.567466646,8595.372010228282,3137310.783733323,680.2876712328767,248305.0
VIPV80_Wp1000,46,22.5,public,60831.95810502283,22203664.708333332,7938.779337899543,2897654.458333333,9299.133056849332,3394183.565750006,1690.7514648816973,617124.2846818195,120.78082191780823,44085.0
VIPV80_Wp1000,46,22.5,work,352.7280821917808,128745.75,37.80821917808219,13800.0,27.686764003862983,10105.66886140999,6.921691000965746,2526.4172153524974,0.0,0.0
VIPV80_Wp1000,47,23.0,home,376103.5,137277777.5,89622.61529680363,32712254.58333333,18189.462535642364,6639153.825509463,9094.731267821182,3319576.9127547317,646.417808219178,235942.5
VIPV80_Wp1000,47,23.0,public,63546.42066210045,23194443.541666664,9216.49600456621,3364021.0416666665,10821.507776820601,3949850.3385395193,1967.5468685128376,718154.6070071857,109.52054794520548,39975.0
VIPV80_Wp1000,47,23.0,work,102.90125570776254,37558.95833333333,23.735159817351594,8663.333333333332,17.381135180202868,6344.114340774047,4.345283795050717,1586.0285851935118,0.0,0.0
VIPV80_Wp1000,48,23.5,home,393216.0243150685,143523848.875,93211.38687214609,34022156.20833332,18907.75772817524,6901331.570783962,9453.87886408762,3450665.785391981,509.527397260274,185977.5
VIPV80_Wp1000,48,23.5,public,65627.67602739726,23954101.75,9091.944063926941,3318559.5833333335,11008.349420455677,4018047.5384663222,2001.518076446487,730554.0979029677,71.52739726027397,26107.5
VIPV80_Wp1000,48,23.5,work,30.736757990867577,11218.916666666666,0.0,0.0,0.0,0.0,0.0,0.0,0.0,0.0
