Scenario,Season,TimeIndex,Hour,chargerAccessType,pluggedTime_min,chargingTime_min,chargingCost_SEK,energy_kWh,sessionStarts
noVIPV,SPRING,1,0.0,home,360127.4166666667,78454.75000000003,9961.3675395152,7969.0940316121505,2032.5
noVIPV,SPRING,1,0.0,work,25.291666666666668,25.291666666666668,13.647665652691444,3.411916413172861,2.5
noVIPV,SPRING,1,0.0,public,57300.0,8389.583333333332,9786.112217115178,1779.2931303845771,385.0
noVIPV,SPRING,2,0.5,home,414742.75,125182.0,15563.07376799204,12450.45901439365,1507.5
noVIPV,SPRING,2,0.5,work,106.54166666666667,106.54166666666667,45.83772836419056,11.45943209104764,2.5
noVIPV,SPRING,2,0.5,public,68062.5,18678.666666666668,21251.846648387662,3863.9721178886653,297.5
noVIPV,SPRING,3,1.0,home,439800.0,138970.875,17293.095409633665,13834.476327706916,640.0
noVIPV,SPRING,3,1.0,work,150.0,150.0,53.2322693071186,13.30806732677965,0.0
noVIPV,SPRING,3,1.0,public,73200.0,21532.666666666664,25338.660477238886,4607.029177679794,130.0
noVIPV,SPRING,4,1.5,home,449662.5,134866.08333333337,17001.352716928704,13601.08217354296,227.5
noVIPV,SPRING,4,1.5,work,150.0,86.0,42.34251390123416,10.58562847530854,0.0
noVIPV,SPRING,4,1.5,public,75562.5,18005.5,22299.354172552336,4054.428031373153,62.5
noVIPV,SPRING,5,2.0,home,452775.0,121994.8333333334,15604.66741260421,12483.733930083377,90.0
noVIPV,SPRING,5,2.0,work,150.0,64.75,34.93982277476525,8.734955693691312,0.0
noVIPV,SPRING,5,2.0,public,76425.0,11812.416666666664,15108.877715700932,2747.0686755819866,20.0
noVIPV,SPRING,6,2.5,home,453937.5,107886.08333333334,13958.4817850689,11166.78542805512,20.0
noVIPV,SPRING,6,2.5,work,150.0,0.0,0.0,0.0,0.0
noVIPV,SPRING,6,2.5,public,76575.0,5883.166666666667,7751.998235662582,1409.454224665924,0.0
noVIPV,SPRING,7,3.0,home,454041.7916666666,90640.7083333333,11850.224327085665,9480.179461668524,5.0
noVIPV,SPRING,7,3.0,work,150.0,0.0,0.0,0.0,0.0
noVIPV,SPRING,7,3.0,public,76575.0,1758.125,2340.140971969098,425.4801767216543,0.0
noVIPV,SPRING,8,3.5,home,454004.7916666666,73560.24999999999,9708.625547963082,7766.900438370469,0.0
noVIPV,SPRING,8,3.5,work,150.0,0.0,0.0,0.0,0.0
noVIPV,SPRING,8,3.5,public,76575.0,388.1666666666667,483.70891120846534,87.94707476517551,0.0
noVIPV,SPRING,9,4.0,home,453331.7916666667,54165.37500000001,7216.0299095912005,5772.823927672963,0.0
noVIPV,SPRING,9,4.0,work,250.79166666666669,100.79166666666669,35.43225623049328,8.85806405762332,10.0
noVIPV,SPRING,9,4.0,public,76537.08333333334,151.79166666666666,175.21787801116045,31.857796002029175,12.5
noVIPV,SPRING,10,4.5,home,451665.4583333334,38379.79166666664,5152.372337908237,4121.897870326591,0.0
noVIPV,SPRING,10,4.5,work,929.0,774.25,305.3947816835151,76.34869542087877,42.5
noVIPV,SPRING,10,4.5,public,76515.625,467.58333333333326,525.8730102935734,95.61327459883154,15.0
noVIPV,SPRING,11,5.0,home,446060.7499999998,20266.374999999985,2736.9210761430813,2189.536860914465,7.5
noVIPV,SPRING,11,5.0,work,2683.3333333333326,2452.3749999999995,1095.2346048777931,273.8086512194483,97.5
noVIPV,SPRING,11,5.0,public,76145.16666666667,954.6250000000002,886.8700948307605,161.24910815104738,45.0
noVIPV,SPRING,12,5.5,home,436400.33333333343,3463.2500000000005,464.1182618233266,371.2946094586613,7.5
noVIPV,SPRING,12,5.5,work,6563.833333333333,5740.666666666666,2596.53504613422,649.133761533555,145.0
noVIPV,SPRING,12,5.5,public,76252.91666666666,2380.4166666666665,2227.3151879566385,404.96639781029796,67.5
noVIPV,SPRING,13,6.0,home,414716.0833333336,745.6666666666667,186.67077836893606,74.66831134757442,7.5
noVIPV,SPRING,13,6.0,work,13082.375000000002,10922.374999999998,5065.453304172265,1266.3633260430663,325.0
noVIPV,SPRING,13,6.0,public,76237.29166666664,5158.708333333334,4891.9631483183975,889.4478451487995,215.0
noVIPV,SPRING,14,6.5,home,380235.66666666657,864.6250000000001,219.2452437580777,87.69809750323111,10.0
noVIPV,SPRING,14,6.5,work,24869.20833333334,20120.16666666667,9304.613295475001,2326.1533238687502,437.5
noVIPV,SPRING,14,6.5,public,76313.83333333334,9793.500000000002,9141.765776573611,1662.1392321042933,242.5
noVIPV,SPRING,15,7.0,home,319838.6666666668,1141.3333333333333,403.53754313574854,107.61001150286629,22.5
noVIPV,SPRING,15,7.0,work,40940.20833333332,31298.50000000001,14525.774295033287,3631.4435737583217,802.5
noVIPV,SPRING,15,7.0,public,76385.04166666667,16685.874999999996,15233.979208114868,2769.814401475429,537.5
noVIPV,SPRING,16,7.5,home,249823.0833333332,1550.75,562.4207130988592,149.9788568263625,30.0
noVIPV,SPRING,16,7.5,work,70940.16666666664,52558.75,24597.464577282248,6149.366144320562,990.0
noVIPV,SPRING,16,7.5,public,78732.29166666664,26231.208333333343,23650.63258757511,4300.1150159227445,617.5
noVIPV,SPRING,17,8.0,home,198180.95833333337,1828.4583333333333,759.7097408528597,189.9274352132149,40.0
noVIPV,SPRING,17,8.0,work,95791.20833333337,64271.9583333333,31038.144369310103,7759.536092327526,587.5
noVIPV,SPRING,17,8.0,public,85021.79166666667,32343.208333333332,30851.45680743004,5609.355783169107,555.0
noVIPV,SPRING,18,8.5,home,166898.58333333328,2526.458333333333,998.9666015849019,249.74165039622548,85.0
noVIPV,SPRING,18,8.5,work,108493.29166666664,59603.0,30122.662705354738,7530.6656763386845,380.0
noVIPV,SPRING,18,8.5,public,90089.54166666667,32691.70833333332,33619.73514204258,6112.679116735028,467.5
noVIPV,SPRING,19,9.0,home,145739.37500000006,4991.75,1976.751984626331,494.18799615658276,130.0
noVIPV,SPRING,19,9.0,work,116122.41666666667,48867.37499999996,26084.63335670221,6521.158339175552,175.0
noVIPV,SPRING,19,9.0,public,90200.99999999994,29300.833333333318,31104.09790412147,5655.29052802208,437.5
noVIPV,SPRING,20,9.5,home,136000.41666666663,8797.666666666664,3540.3846596242624,885.0961649060656,225.0
noVIPV,SPRING,20,9.5,work,119661.62500000003,35931.00000000001,19906.7858512365,4976.696462809125,135.0
noVIPV,SPRING,20,9.5,public,90281.29166666674,25576.333333333343,27046.50694021323,4917.546716402406,437.5
noVIPV,SPRING,21,10.0,home,124625.74999999994,14117.541666666672,3619.806670738049,1447.9226682952194,272.5
noVIPV,SPRING,21,10.0,work,121278.58333333334,25808.625,14531.547532249768,3632.886883062442,97.5
noVIPV,SPRING,21,10.0,public,90083.33333333334,24412.875,26209.690464722815,4765.398266313235,510.0
noVIPV,SPRING,22,10.5,home,111857.41666666666,18676.874999999996,4780.8312157021155,1912.332486280845,292.5
noVIPV,SPRING,22,10.5,work,121730.66666666667,18915.33333333334,10766.419059598093,2691.604764899523,105.0
noVIPV,SPRING,22,10.5,public,91163.875,27309.99999999999,29341.08465199495,5334.742663999078,557.5
noVIPV,SPRING,23,11.0,home,103183.20833333337,24638.24999999999,6302.912806912308,2521.1651227649236,492.5
noVIPV,SPRING,23,11.0,work,122289.99999999999,13914.458333333328,7826.139249183474,1956.5348122958685,70.0
noVIPV,SPRING,23,11.0,public,91859.62500000006,28741.25,31727.12382002652,5768.56796727756,587.5
noVIPV,SPRING,24,11.5,home,96264.9166666667,32746.25000000001,8377.296671598318,3350.9186686393336,510.0
noVIPV,SPRING,24,11.5,work,121059.4583333333,10533.291666666668,5782.930221100857,1445.7325552752143,72.5
noVIPV,SPRING,24,11.5,public,91941.4166666667,30466.124999999996,34103.63693325326,6200.661260591485,625.0
noVIPV,SPRING,25,12.0,home,97046.24999999997,43493.416666666664,7791.002346264326,4452.001340722467,700.0
noVIPV,SPRING,25,12.0,work,119451.12500000007,9483.624999999998,5116.029491392935,1279.0073728482337,145.0
noVIPV,SPRING,25,12.0,public,94180.04166666666,33720.291666666715,36456.301838546286,6628.418516099323,660.0
noVIPV,SPRING,26,12.5,home,100210.95833333333,53020.875000000015,9488.998101021174,5422.284629154956,640.0
noVIPV,SPRING,26,12.5,work,120540.0416666667,11124.583333333332,5729.24721320943,1432.3118033023575,160.0
noVIPV,SPRING,26,12.5,public,94185.16666666669,33395.0,36758.59206542632,6683.3803755320605,675.0
noVIPV,SPRING,27,13.0,home,98887.70833333328,56461.5416666667,10083.690811578697,5762.109035187821,625.0
noVIPV,SPRING,27,13.0,work,121995.83333333331,11528.000000000002,5873.56287834248,1468.39071958562,95.0
noVIPV,SPRING,27,13.0,public,96179.45833333334,35651.958333333336,40687.37527166234,7397.704594847703,637.5
noVIPV,SPRING,28,13.5,home,105204.95833333337,63827.12499999997,11275.61610640161,6443.209203658056,735.0
noVIPV,SPRING,28,13.5,work,121492.04166666666,10588.541666666662,5627.614500578755,1406.9036251446887,60.0
noVIPV,SPRING,28,13.5,public,96253.625,35456.958333333336,41505.36763040514,7546.43047825548,630.0
noVIPV,SPRING,29,14.0,home,115687.54166666664,73051.24999999997,12901.378354045968,7372.216202311986,917.5
noVIPV,SPRING,29,14.0,work,119273.12499999996,8891.458333333336,4898.292609032162,1224.5731522580404,70.0
noVIPV,SPRING,29,14.0,public,94973.375,34548.91666666663,39710.15523466743,7220.028224484984,677.5
noVIPV,SPRING,30,14.5,home,127273.33333333333,82696.58333333331,14505.081788265461,8288.618164723131,925.0
noVIPV,SPRING,30,14.5,work,117014.125,7360.750000000001,4078.09748188862,1019.524370472155,30.0
noVIPV,SPRING,30,14.5,public,94376.50000000003,33691.416666666664,39348.928204072196,7154.350582558585,520.0
noVIPV,SPRING,31,15.0,home,141464.125,91297.12499999994,15969.738337508428,9125.564764290544,952.5
noVIPV,SPRING,31,15.0,work,110430.6666666667,5274.875,3073.43547359985,768.3588683999625,7.5
noVIPV,SPRING,31,15.0,public,93450.33333333337,32160.458333333354,38377.904500107215,6977.80081820132,545.0
noVIPV,SPRING,32,15.5,home,160494.62500000015,101578.5833333333,17742.084286247224,10138.333877855557,1202.5
noVIPV,SPRING,32,15.5,work,98418.08333333334,4097.458333333333,2492.60759995525,623.1518999888125,17.5
noVIPV,SPRING,32,15.5,public,88469.16666666663,30215.125000000015,35011.19003812823,6365.670916023322,605.0
noVIPV,SPRING,33,16.0,home,185369.3333333333,115999.16666666673,28713.891168827846,11485.556467531169,1200.0
noVIPV,SPRING,33,16.0,work,80740.16666666667,3214.9999999999995,1918.6407535345893,479.6601883836473,25.0
noVIPV,SPRING,33,16.0,public,87529.54166666666,31592.999999999985,36202.9611689278,6582.356576168693,615.0
noVIPV,SPRING,34,16.5,home,214468.75000000023,131780.58333333334,32473.349921972327,12989.339968788956,1377.5
noVIPV,SPRING,34,16.5,work,62372.04166666667,2417.583333333333,1413.0766917571025,353.2691729392756,12.5
noVIPV,SPRING,34,16.5,public,86804.45833333328,32291.625000000007,36216.43251021151,6584.805910947545,597.5
noVIPV,SPRING,35,17.0,home,243818.37499999968,143927.0833333334,49631.2981481217,14180.37089946335,1220.0
noVIPV,SPRING,35,17.0,work,44051.666666666664,1311.9166666666665,814.2427038289161,203.56067595722902,2.5
noVIPV,SPRING,35,17.0,public,83343.54166666663,29872.083333333343,34602.97045823932,6291.449174225329,530.0
noVIPV,SPRING,36,17.5,home,268902.0833333332,148641.33333333334,51747.91303875951,14785.11801107411,1082.5
noVIPV,SPRING,36,17.5,work,29974.29166666667,620.125,369.3243045364919,92.33107613412298,2.5
noVIPV,SPRING,36,17.5,public,79398.29166666669,27071.874999999964,31341.737644621997,5698.4977535676435,480.0
noVIPV,SPRING,37,18.0,home,292654.54166666657,150442.29166666654,52680.74146349799,15051.64041814228,1037.5
noVIPV,SPRING,37,18.0,work,20531.958333333332,363.20833333333337,207.24497115871654,51.811242789679135,5.0
noVIPV,SPRING,37,18.0,public,77132.99999999997,26363.916666666657,31413.91077807328,5711.620141467874,395.0
noVIPV,SPRING,38,18.5,home,312752.2083333335,149782.58333333328,52586.69721642383,15024.770633263912,700.0
noVIPV,SPRING,38,18.5,work,13620.291666666666,201.625,117.95765435478845,29.48941358869711,2.5
noVIPV,SPRING,38,18.5,public,74803.95833333337,21835.41666666667,25960.34338549259,4720.062433725929,297.5
noVIPV,SPRING,39,19.0,home,326493.33333333326,140377.50000000006,49730.78720878873,14208.796345368211,577.5
noVIPV,SPRING,39,19.0,work,9343.75,251.66666666666666,124.52630221159608,31.13157555289902,2.5
noVIPV,SPRING,39,19.0,public,72165.79166666672,18861.250000000007,22318.985706489155,4057.9974011798436,192.5
noVIPV,SPRING,40,19.5,home,341348.1249999997,131891.75000000006,46973.785948804034,13421.081699658296,537.5
noVIPV,SPRING,40,19.5,work,6674.166666666665,425.75,273.0915528017947,68.27288820044868,7.5
noVIPV,SPRING,40,19.5,public,69948.33333333334,15046.000000000004,17557.641240741945,3192.2984074076285,212.5
noVIPV,SPRING,41,20.0,home,353462.25,121782.83333333328,43520.20789592477,12434.345113121359,387.5
noVIPV,SPRING,41,20.0,work,4695.208333333333,408.5416666666667,272.3209745549911,68.08024363874777,0.0
noVIPV,SPRING,41,20.0,public,69620.70833333334,12763.624999999998,15429.911845077353,2805.4385172867906,135.0
noVIPV,SPRING,42,20.5,home,361956.1250000001,109400.54166666667,39316.6092180698,11233.316919448525,325.0
noVIPV,SPRING,42,20.5,work,3087.375,270.125,193.6070659638944,48.4017664909736,0.0
noVIPV,SPRING,42,20.5,public,68991.375,10337.54166666666,12892.843143483273,2344.1532988151384,120.0
noVIPV,SPRING,43,21.0,home,370071.2500000002,95148.66666666673,34399.391078157896,9828.39745090225,282.5
noVIPV,SPRING,43,21.0,work,1761.1666666666665,69.04166666666666,11.91527167305714,2.978817918264285,5.0
noVIPV,SPRING,43,21.0,public,67048.70833333333,7582.500000000002,9541.869296097882,1734.8853265632515,65.0
noVIPV,SPRING,44,21.5,home,377190.3333333334,82600.04166666663,30008.24233971339,8573.783525632383,242.5
noVIPV,SPRING,44,21.5,work,1355.1249999999998,93.45833333333334,15.116122517670817,3.7790306294177043,2.5
noVIPV,SPRING,44,21.5,public,65608.91666666666,5669.208333333334,7075.6768057544605,1286.4866919553565,40.0
noVIPV,SPRING,45,22.0,home,385374.3333333332,72750.58333333336,15211.317710540621,7605.658855270311,250.0
noVIPV,SPRING,45,22.0,work,793.5,61.416666666666664,14.883877482329183,3.7209693705822957,0.0
noVIPV,SPRING,45,22.0,public,64222.791666666664,4133.375,5168.53628807106,939.7338705583751,25.0
noVIPV,SPRING,46,22.5,home,391330.83333333326,66140.95833333336,13896.690703010623,6948.34535150531,165.0
noVIPV,SPRING,46,22.5,work,424.0,0.0,0.0,0.0,0.0
noVIPV,SPRING,46,22.5,public,63391.95833333333,2962.6666666666674,3620.5509031656325,658.281982393751,12.5
noVIPV,SPRING,47,23.0,home,396637.5,59631.87500000003,12643.578241740483,6321.789120870241,190.0
noVIPV,SPRING,47,23.0,work,157.33333333333331,0.0,0.0,0.0,0.0
noVIPV,SPRING,47,23.0,public,63102.416666666664,2103.0,2600.230582949427,472.7691968998959,17.5
noVIPV,SPRING,48,23.5,home,401909.5416666666,54398.166666666715,11594.80365411485,5797.401827057425,157.5
noVIPV,SPRING,48,23.5,work,58.95833333333333,0.0,0.0,0.0,0.0
noVIPV,SPRING,48,23.5,public,63068.541666666664,1579.5833333333333,2036.637877405057,370.29779589182857,10.0
noVIPV,SUMMER,1,0.0,home,441481.3333333333,136632.5833333333,27650.77454706737,13825.387273533684,510.0
noVIPV,SUMMER,1,0.0,work,75.0,0.0,0.0,0.0,0.0
noVIPV,SUMMER,1,0.0,public,74700.0,14312.291666666666,17666.21481477741,3212.039057232255,102.5
noVIPV,SUMMER,2,0.5,home,449620.5416666667,127599.45833333333,26026.608820404294,13013.304410202147,227.5
noVIPV,SUMMER,2,0.5,work,75.0,0.0,0.0,0.0,0.0
noVIPV,SUMMER,2,0.5,public,76875.0,11862.250000000002,14772.846055445907,2685.972010081076,62.5
noVIPV,SUMMER,3,1.0,home,453412.5,113705.41666666672,23417.763232338377,11708.881616169188,97.5
noVIPV,SUMMER,3,1.0,work,75.0,0.0,0.0,0.0,0.0
noVIPV,SUMMER,3,1.0,public,77812.5,7994.916666666667,9938.28034920579,1806.9600634919623,25.0
noVIPV,SUMMER,4,1.5,home,454987.5,96901.875,20168.48320389018,10084.241601945087,40.0
noVIPV,SUMMER,4,1.5,work,75.0,0.0,0.0,0.0,0.0
noVIPV,SUMMER,4,1.5,public,78075.0,4167.125,5272.091762179977,958.5621385781781,2.5
noVIPV,SUMMER,5,2.0,home,455512.5,78623.62499999994,16498.269449098698,8249.134724549347,15.0
noVIPV,SUMMER,5,2.0,work,75.0,0.0,0.0,0.0,0.0
noVIPV,SUMMER,5,2.0,public,78150.0,2224.7916666666665,2918.86749352994,530.7031806418072,2.5
noVIPV,SUMMER,6,2.5,home,455662.5,61973.12499999999,13095.101626073316,6547.550813036656,2.5
noVIPV,SUMMER,6,2.5,work,75.0,0.0,0.0,0.0,0.0
noVIPV,SUMMER,6,2.5,public,78150.0,602.4166666666666,791.408885614125,143.8925246571136,0.0
noVIPV,SUMMER,7,3.0,home,455691.7916666666,45777.083333333336,9744.183050042304,4872.091525021152,0.0
noVIPV,SUMMER,7,3.0,work,75.0,0.0,0.0,0.0,0.0
noVIPV,SUMMER,7,3.0,public,78150.0,166.66666666666666,209.3038600538648,38.05524728252088,0.0
noVIPV,SUMMER,8,3.5,home,455582.3333333333,30163.708333333343,6468.259283268239,3234.1296416341197,0.0
noVIPV,SUMMER,8,3.5,work,75.0,0.0,0.0,0.0,0.0
noVIPV,SUMMER,8,3.5,public,78150.0,0.0,0.0,0.0,0.0
noVIPV,SUMMER,9,4.0,home,455109.5416666666,14292.583333333336,3086.5508062955846,1543.2754031477923,0.0
noVIPV,SUMMER,9,4.0,work,119.41666666666667,44.41666666666667,25.0995878715683,6.274896967892075,10.0
noVIPV,SUMMER,9,4.0,public,78162.08333333334,166.79166666666666,117.79608817470373,21.417470577218864,10.0
noVIPV,SUMMER,10,4.5,home,453405.9583333333,3594.416666666667,785.6623382880799,392.83116914403996,0.0
noVIPV,SUMMER,10,4.5,work,660.125,585.125,274.23660046209665,68.55915011552416,30.0
noVIPV,SUMMER,10,4.5,public,78102.70833333333,308.08333333333337,365.9459765419889,66.53563209854346,12.5
noVIPV,SUMMER,11,5.0,home,448041.5416666666,1226.8750000000002,327.4539557438753,130.98158229755012,12.5
noVIPV,SUMMER,11,5.0,work,2644.0833333333335,2491.6666666666665,1114.864486661388,278.716121665347,117.5
noVIPV,SUMMER,11,5.0,public,77276.87500000001,765.2083333333333,648.6617122558511,117.93849313742746,27.5
noVIPV,SUMMER,12,5.5,home,439288.7500000001,968.7083333333334,226.22285116905965,90.48914046762384,12.5
noVIPV,SUMMER,12,5.5,work,7248.166666666666,6514.916666666665,2934.483755217838,733.6209388044595,172.5
noVIPV,SUMMER,12,5.5,public,76560.37499999999,1778.875,1564.9021250278822,284.52765909597855,75.0
noVIPV,SUMMER,13,6.0,home,417974.12499999994,808.4166666666667,188.17970218990342,75.27188087596136,2.5
noVIPV,SUMMER,13,6.0,work,14278.416666666668,11970.874999999998,5477.557524351572,1369.389381087893,350.0
noVIPV,SUMMER,13,6.0,public,76701.16666666664,5011.708333333333,4810.056104668525,874.5556553942777,240.0
noVIPV,SUMMER,14,6.5,home,383986.25000000006,739.75,172.09651340659033,68.83860536263613,10.0
noVIPV,SUMMER,14,6.5,work,26851.708333333343,21534.791666666675,10071.852529825868,2517.963132456467,457.5
noVIPV,SUMMER,14,6.5,public,77998.45833333339,10489.29166666666,9362.737580503011,1702.3159237278207,257.5
noVIPV,SUMMER,15,7.0,home,323920.6666666666,978.4583333333334,228.72854079443886,91.49141631777555,20.0
noVIPV,SUMMER,15,7.0,work,42949.499999999985,32265.33333333331,15121.525161584144,3780.381290396036,767.5
noVIPV,SUMMER,15,7.0,public,76265.50000000007,15209.29166666667,14283.330555112012,2596.9691918385465,505.0
noVIPV,SUMMER,16,7.5,home,250421.33333333323,1635.625,416.0739229296844,166.42956917187377,37.5
noVIPV,SUMMER,16,7.5,work,70105.87499999999,50879.45833333335,23562.66387125038,5890.665967812595,852.5
noVIPV,SUMMER,16,7.5,public,77599.33333333324,26117.583333333336,23491.43012408485,4271.16911346997,672.5
noVIPV,SUMMER,17,8.0,home,197835.25000000015,2530.9583333333335,777.0290405984457,270.27097064293747,62.5
noVIPV,SUMMER,17,8.0,work,92250.58333333334,59431.708333333285,28201.434340582135,7050.358585145534,570.0
noVIPV,SUMMER,17,8.0,public,83019.37500000003,32486.66666666669,30104.36837804057,5473.5215232801165,542.5
noVIPV,SUMMER,18,8.5,home,168125.08333333328,3158.999999999999,952.640737101481,331.3532998613846,95.0
noVIPV,SUMMER,18,8.5,work,104077.75,53476.75000000002,26919.53089697245,6729.8827242431125,330.0
noVIPV,SUMMER,18,8.5,public,87378.54166666669,30623.708333333325,30279.246323790307,5505.317513416422,470.0
noVIPV,SUMMER,19,9.0,home,146544.125,6310.750000000001,1857.7192540870453,646.1632188128854,177.5
noVIPV,SUMMER,19,9.0,work,110226.16666666667,42498.541666666664,22482.068429208535,5620.517107302134,182.5
noVIPV,SUMMER,19,9.0,public,88260.95833333339,27585.749999999996,28461.120267975355,5174.749139631883,412.5
noVIPV,SUMMER,20,9.5,home,136690.37499999997,10633.000000000002,3147.2585271398393,1094.6986181355971,240.0
noVIPV,SUMMER,20,9.5,work,113000.9166666667,30469.708333333343,16644.5829463843,4161.145736596075,105.0
noVIPV,SUMMER,20,9.5,public,89046.95833333331,24688.041666666657,26372.15564625453,4794.937390228092,480.0
noVIPV,SUMMER,21,10.0,home,125628.54166666672,15633.499999999996,3567.0875015495094,1585.3722229108914,330.0
noVIPV,SUMMER,21,10.0,work,113627.83333333334,20168.041666666664,11227.983795450404,2806.995948862601,112.5
noVIPV,SUMMER,21,10.0,public,90789.9166666666,24911.291666666668,27307.620524843926,4965.02191360799,525.0
noVIPV,SUMMER,22,10.5,home,113608.08333333333,21256.874999999993,4822.367826938415,2143.274589750405,332.5
noVIPV,SUMMER,22,10.5,work,114946.83333333333,16025.999999999993,8722.57593522837,2180.6439838070924,117.5
noVIPV,SUMMER,22,10.5,public,92792.08333333323,27867.83333333332,29931.77063160115,5442.140114836561,517.5
noVIPV,SUMMER,23,11.0,home,104920.5833333333,27696.624999999978,6371.392118920793,2831.729830631463,517.5
noVIPV,SUMMER,23,11.0,work,115253.83333333334,12790.583333333328,6899.5306998144,1724.8826749536,55.0
noVIPV,SUMMER,23,11.0,public,91674.91666666666,27888.291666666704,30264.28675722547,5502.597592222814,587.5
noVIPV,SUMMER,24,11.5,home,101023.37499999999,37144.91666666668,8486.332276762514,3771.703234116672,562.5
noVIPV,SUMMER,24,11.5,work,113747.41666666666,10082.416666666668,5575.415386057588,1393.853846514397,102.5
noVIPV,SUMMER,24,11.5,public,92850.83333333333,29877.12499999997,32485.892166764577,5906.525848502645,660.0
noVIPV,SUMMER,25,12.0,home,100470.62500000003,45696.37500000001,10427.926200070937,4634.633866698189,602.5
noVIPV,SUMMER,25,12.0,work,114037.95833333337,9728.0,5210.40525660114,1302.601314150285,112.5
noVIPV,SUMMER,25,12.0,public,95849.12499999996,35045.41666666665,39375.17652229243,7159.123004053167,735.0
noVIPV,SUMMER,26,12.5,home,100019.91666666669,51339.29166666665,11746.14838496858,5220.510393319376,642.5
noVIPV,SUMMER,26,12.5,work,114780.16666666664,9986.416666666672,5088.691597616759,1272.1728994041898,150.0
noVIPV,SUMMER,26,12.5,public,93612.5833333334,34448.16666666664,38594.52154364499,7017.185735208172,617.5
noVIPV,SUMMER,27,13.0,home,96773.99999999999,53889.041666666635,12309.010662300996,5470.671405467112,612.5
noVIPV,SUMMER,27,13.0,work,115484.4583333333,9999.0,5104.470593918964,1276.117648479741,107.5
noVIPV,SUMMER,27,13.0,public,94479.29166666673,34526.70833333335,39173.568374207294,7122.46697712859,562.5
noVIPV,SUMMER,28,13.5,home,102254.79166666674,60933.00000000004,13806.227383441814,6136.101059307471,742.5
noVIPV,SUMMER,28,13.5,work,115901.29166666666,10127.208333333334,5140.056515944086,1285.0141289860214,62.5
noVIPV,SUMMER,28,13.5,public,93283.20833333331,31599.12500000001,37362.96947691874,6793.267177621581,565.0
noVIPV,SUMMER,29,14.0,home,113284.8333333332,70386.16666666672,15878.940605333484,7057.306935703773,880.0
noVIPV,SUMMER,29,14.0,work,113985.58333333334,8316.500000000002,4547.1634924691125,1136.7908731172781,70.0
noVIPV,SUMMER,29,14.0,public,92280.91666666666,32541.33333333333,37873.23722291918,6886.043131439851,615.0
noVIPV,SUMMER,30,14.5,home,121343.74999999997,76333.75000000006,17157.997699426403,7625.776755300609,792.5
noVIPV,SUMMER,30,14.5,work,112394.29166666664,7086.0,3807.0464282299595,951.7616070574899,42.5
noVIPV,SUMMER,30,14.5,public,90348.33333333334,32004.29166666666,37063.89989045435,6738.890889173511,487.5
noVIPV,SUMMER,31,15.0,home,134634.12499999994,84072.70833333342,18962.191328543977,8427.640590463983,942.5
noVIPV,SUMMER,31,15.0,work,105421.625,5777.416666666666,3187.1542053465405,796.7885513366351,20.0
noVIPV,SUMMER,31,15.0,public,87440.45833333337,29367.58333333334,34703.91961964167,6309.80356720758,532.5
noVIPV,SUMMER,32,15.5,home,154567.45833333337,96895.91666666658,21832.090009730844,9703.151115435932,1192.5
noVIPV,SUMMER,32,15.5,work,92629.79166666667,4164.375,2360.1207050934067,590.0301762733517,25.0
noVIPV,SUMMER,32,15.5,public,84410.12500000007,29094.625000000004,34116.63744164299,6203.024989389623,582.5
noVIPV,SUMMER,33,16.0,home,182712.5000000003,116004.08333333323,25972.977123910117,11543.545388404496,1350.0
noVIPV,SUMMER,33,16.0,work,76483.375,2780.4583333333335,1519.8362268098278,379.95905670245696,15.0
noVIPV,SUMMER,33,16.0,public,83165.87499999997,32701.95833333331,38446.32259513681,6990.240471843047,637.5
noVIPV,SUMMER,34,16.5,home,214338.29166666686,134956.6249999997,30097.50131434339,13376.6672508193,1415.0
noVIPV,SUMMER,34,16.5,work,58112.70833333336,2108.0,1194.5395038000736,298.6348759500184,7.5
noVIPV,SUMMER,34,16.5,public,82462.04166666672,34890.79166666666,39896.895235477496,7253.980951905007,620.0
noVIPV,SUMMER,35,17.0,home,245263.04166666672,149831.0416666668,44602.96548391189,14867.655161303977,1272.5
noVIPV,SUMMER,35,17.0,work,42428.04166666668,1565.4583333333333,870.8139203698804,217.7034800924701,12.5
noVIPV,SUMMER,35,17.0,public,80320.08333333331,34482.62500000002,38933.23039139144,7078.769162071169,585.0
noVIPV,SUMMER,36,17.5,home,271366.1249999999,156530.1250000001,46828.90406046748,15609.634686822466,1160.0
noVIPV,SUMMER,36,17.5,work,29546.0,1149.5833333333333,666.6955134702306,166.67387836755765,7.5
noVIPV,SUMMER,36,17.5,public,77944.62500000004,29573.79166666666,34656.86241838644,6301.247712433902,452.5
noVIPV,SUMMER,37,18.0,home,297453.9583333336,162396.9166666667,48796.38889627301,16265.462965424333,1135.0
noVIPV,SUMMER,37,18.0,work,20517.749999999996,896.4166666666666,504.4864858557677,126.12162146394192,10.0
noVIPV,SUMMER,37,18.0,public,75331.91666666664,25233.29166666665,29266.745815297832,5321.226511872334,395.0
noVIPV,SUMMER,38,18.5,home,318742.83333333343,161370.12500000017,48759.1809039214,16253.060301307114,757.5
noVIPV,SUMMER,38,18.5,work,14396.291666666664,789.8749999999999,434.4470307430243,108.61175768575607,0.0
noVIPV,SUMMER,38,18.5,public,75020.79166666667,22694.958333333325,26593.751730824068,4835.227587422555,277.5
noVIPV,SUMMER,39,19.0,home,332712.8749999999,152093.00000000006,46253.2115874542,15417.737195818063,607.5
noVIPV,SUMMER,39,19.0,work,10197.708333333332,880.1666666666666,450.9782358404816,112.7445589601204,12.5
noVIPV,SUMMER,39,19.0,public,74497.87500000001,20232.500000000007,24372.105424635654,4431.291895388299,235.0
noVIPV,SUMMER,40,19.5,home,348581.66666666657,143143.79166666666,43810.46766257571,14603.489220858579,595.0
noVIPV,SUMMER,40,19.5,work,7567.208333333333,876.5416666666667,457.4006492955865,114.35016232389663,7.5
noVIPV,SUMMER,40,19.5,public,72846.91666666664,15887.458333333327,18917.12553199816,3439.477369454212,215.0
noVIPV,SUMMER,41,20.0,home,361167.3749999999,132336.49999999985,33912.788671808674,13565.115468723445,417.5
noVIPV,SUMMER,41,20.0,work,5491.083333333332,522.5,313.2982440361161,78.32456100902903,0.0
noVIPV,SUMMER,41,20.0,public,72342.45833333333,12627.583333333338,14953.240687395559,2718.7710340719186,115.0
noVIPV,SUMMER,42,20.5,home,369772.20833333355,118181.8750000001,30415.034014435907,12166.013605774346,322.5
noVIPV,SUMMER,42,20.5,work,3936.8333333333335,258.7083333333333,181.83982521294195,45.45995630323549,0.0
noVIPV,SUMMER,42,20.5,public,71433.70833333333,10477.166666666666,12609.147455677094,2292.572264668564,110.0
noVIPV,SUMMER,43,21.0,home,377729.87499999994,104255.1666666666,26889.374970571145,10755.749988228472,280.0
noVIPV,SUMMER,43,21.0,work,2536.375,133.5,97.4275044249967,24.356876106249175,5.0
noVIPV,SUMMER,43,21.0,public,70157.12499999999,8389.875,9989.937958382698,1816.3523560695817,90.0
noVIPV,SUMMER,44,21.5,home,384981.7083333333,89474.33333333331,23180.134889707195,9272.053955882871,255.0
noVIPV,SUMMER,44,21.5,work,1956.3750000000002,79.125,57.72211799808976,14.43052949952244,0.0
noVIPV,SUMMER,44,21.5,public,69393.79166666664,6242.166666666667,7491.181325851138,1362.0329683365699,52.5
noVIPV,SUMMER,45,22.0,home,415524.99999999994,101205.29166666669,20792.55560375668,10396.277801878337,1337.5
noVIPV,SUMMER,45,22.0,work,1138.2916666666667,0.0,0.0,0.0,0.0
noVIPV,SUMMER,45,22.0,public,71265.70833333331,7107.916666666664,8341.352380940196,1516.6095238073094,157.5
noVIPV,SUMMER,46,22.5,home,461810.08333333343,131164.62500000006,26573.775984509382,13286.887992254691,1490.0
noVIPV,SUMMER,46,22.5,work,427.04166666666663,0.0,0.0,0.0,0.0
noVIPV,SUMMER,46,22.5,public,77860.58333333333,13013.666666666664,14634.00440395166,2660.7280734457554,270.0
noVIPV,SUMMER,47,23.0,home,501169.7499999999,153960.5833333334,30947.369998653023,15473.684999326511,1277.5
noVIPV,SUMMER,47,23.0,work,173.75,0.0,0.0,0.0,0.0
noVIPV,SUMMER,47,23.0,public,84960.08333333334,18448.75,20759.926700981054,3774.5321274510998,247.5
noVIPV,SUMMER,48,23.5,home,533862.3749999999,167455.83333333343,33687.95699813259,16843.978499066296,992.5
noVIPV,SUMMER,48,23.5,work,133.95833333333331,0.0,0.0,0.0,0.0
noVIPV,SUMMER,48,23.5,public,90186.25,19484.583333333325,23074.648440477147,4195.390625541301,170.0
noVIPV,AUTUMN,1,0.0,home,371876.9166666666,77766.62499999999,11858.396311809453,7905.597541206289,1990.0
noVIPV,AUTUMN,1,0.0,work,25.291666666666668,25.291666666666668,6.387232549982462,1.5968081374956156,2.5
noVIPV,AUTUMN,1,0.0,public,62606.5,8942.291666666668,10703.949141526049,1946.172571186554,395.0
noVIPV,AUTUMN,2,0.5,home,426785.8333333333,126257.33333333328,18809.5690152658,12539.712676843834,1557.5
noVIPV,AUTUMN,2,0.5,work,75.0,75.0,18.940722553490005,4.735180638372501,0.0
noVIPV,AUTUMN,2,0.5,public,73312.5,19064.333333333336,22253.145969532205,4046.0265399149453,297.5
noVIPV,AUTUMN,3,1.0,home,452250.0,140219.0833333333,20973.27750232503,13982.185001550002,652.5
noVIPV,AUTUMN,3,1.0,work,75.0,18.5,4.6720448965275345,1.1680112241318836,0.0
noVIPV,AUTUMN,3,1.0,public,78787.5,22629.416666666664,27114.259294036077,4929.865326188378,145.0
noVIPV,AUTUMN,4,1.5,home,462496.375,135343.54166666663,20524.36365609475,13682.90910406315,257.5
noVIPV,AUTUMN,4,1.5,work,75.0,0.0,0.0,0.0,0.0
noVIPV,AUTUMN,4,1.5,public,81000.0,19657.791666666664,24688.82385999901,4488.877065454361,57.5
noVIPV,AUTUMN,5,2.0,home,465975.0,123767.58333333327,18998.9269121728,12665.951274781868,75.0
noVIPV,AUTUMN,5,2.0,work,75.0,0.0,0.0,0.0,0.0
noVIPV,AUTUMN,5,2.0,public,81600.0,12155.70833333333,15794.97223534101,2871.8131336983656,17.5
noVIPV,AUTUMN,6,2.5,home,466837.5,109262.00000000004,16976.610493934164,11317.740329289463,20.0
noVIPV,AUTUMN,6,2.5,work,75.0,0.0,0.0,0.0,0.0
noVIPV,AUTUMN,6,2.5,public,82050.0,5811.458333333333,7598.629296881496,1381.5689630693626,7.5
noVIPV,AUTUMN,7,3.0,home,466987.5,92172.08333333331,14482.4228787931,9654.948585862088,5.0
noVIPV,AUTUMN,7,3.0,work,75.0,0.0,0.0,0.0,0.0
noVIPV,AUTUMN,7,3.0,public,82050.0,2000.3750000000002,2615.903893880068,475.6188897963759,0.0
noVIPV,AUTUMN,8,3.5,home,466937.125,73978.08333333334,11730.37271648045,7820.2484776536385,0.0
noVIPV,AUTUMN,8,3.5,work,75.0,0.0,0.0,0.0,0.0
noVIPV,AUTUMN,8,3.5,public,82050.0,823.2083333333333,1113.8018185439826,202.5094215534514,0.0
noVIPV,AUTUMN,9,4.0,home,466291.87500000006,55459.62499999997,8867.92228883644,5911.948192557626,0.0
noVIPV,AUTUMN,9,4.0,work,197.04166666666666,122.04166666666666,46.27203797951591,11.568009494878977,15.0
noVIPV,AUTUMN,9,4.0,public,81994.79166666666,313.0416666666667,399.2789346638752,72.59616993888639,5.0
noVIPV,AUTUMN,10,4.5,home,464560.79166666674,37249.41666666667,6007.73980689309,4005.1598712620616,0.0
noVIPV,AUTUMN,10,4.5,work,1005.6250000000001,878.4583333333335,377.5599848201827,94.38999620504568,27.5
noVIPV,AUTUMN,10,4.5,public,81677.95833333334,236.79166666666666,287.008694712542,52.18339903864401,12.5
noVIPV,AUTUMN,11,5.0,home,459560.33333333343,19909.458333333343,3231.0532804967665,2154.0355203311788,10.0
noVIPV,AUTUMN,11,5.0,work,2722.208333333333,2362.0833333333326,1032.7065755929232,258.1766438982308,117.5
noVIPV,AUTUMN,11,5.0,public,80875.79166666667,701.7083333333335,733.4353211355879,133.3518765701069,55.0
noVIPV,AUTUMN,12,5.5,home,450099.0833333334,4079.25,648.0419908419476,432.0279938946316,12.5
noVIPV,AUTUMN,12,5.5,work,6591.041666666664,5773.166666666667,2546.3004577257534,636.5751144314384,127.5
noVIPV,AUTUMN,12,5.5,public,80563.29166666666,2054.0,1660.957229265488,301.992223502816,62.5
noVIPV,AUTUMN,13,6.0,home,426841.29166666657,1195.9166666666665,302.68720845507676,121.0748833820307,5.0
noVIPV,AUTUMN,13,6.0,work,11856.500000000002,9529.375000000004,4228.815221932513,1057.2038054831282,265.0
noVIPV,AUTUMN,13,6.0,public,80335.70833333334,4740.958333333334,3853.1720963097764,700.5767447835954,207.5
noVIPV,AUTUMN,14,6.5,home,392193.91666666686,1061.625,279.7429371607251,111.89717486429002,10.0
noVIPV,AUTUMN,14,6.5,work,22986.95833333334,17867.958333333332,7771.609553140917,1942.9023882852293,455.0
noVIPV,AUTUMN,14,6.5,public,80412.16666666663,9160.20833333333,7471.62038147632,1358.4764329956936,242.5
noVIPV,AUTUMN,15,7.0,home,332182.7916666665,1237.625,309.28141288954475,123.71256515581787,25.0
noVIPV,AUTUMN,15,7.0,work,39015.874999999956,28348.250000000004,12569.879301563074,3142.4698253907686,772.5
noVIPV,AUTUMN,15,7.0,public,79881.29166666667,15919.124999999998,14033.982016787895,2551.6330939614313,517.5
noVIPV,AUTUMN,16,7.5,home,259052.3333333335,1636.5000000000002,412.61877932230635,165.04751172892253,27.5
noVIPV,AUTUMN,16,7.5,work,67025.74999999997,48078.70833333338,21523.38815851451,5380.8470396286275,902.5
noVIPV,AUTUMN,16,7.5,public,80128.29166666663,24568.79166666666,21957.969316999934,3992.358057636345,590.0
noVIPV,AUTUMN,17,8.0,home,204532.45833333323,1964.5833333333335,866.947152441071,216.73678811026775,42.5
noVIPV,AUTUMN,17,8.0,work,88372.79166666667,56689.41666666663,26652.82143339139,6663.205358347847,487.5
noVIPV,AUTUMN,17,8.0,public,85569.58333333333,30855.500000000015,28869.66099761108,5249.029272292921,537.5
noVIPV,AUTUMN,18,8.5,home,171059.12499999997,2571.291666666666,1067.0334613767955,266.75836534419886,97.5
noVIPV,AUTUMN,18,8.5,work,98466.41666666666,49646.79166666668,24826.887204037044,6206.721801009261,305.0
noVIPV,AUTUMN,18,8.5,public,88848.0833333333,30442.79166666665,30105.313245700654,5473.69331740012,430.0
noVIPV,AUTUMN,19,9.0,home,149058.00000000003,5701.791666666667,2292.2637769063663,573.0659442265916,152.5
noVIPV,AUTUMN,19,9.0,work,105108.25,39705.416666666664,20623.18652219916,5155.79663054979,167.5
noVIPV,AUTUMN,19,9.0,public,88298.25000000006,25915.875,26572.64589648824,4831.390162997863,420.0
noVIPV,AUTUMN,20,9.5,home,139126.54166666672,8772.166666666668,3507.7821751452175,876.9455437863044,197.5
noVIPV,AUTUMN,20,9.5,work,107932.87499999999,28265.999999999996,15292.9893313898,3823.24733284745,107.5
noVIPV,AUTUMN,20,9.5,public,87510.2916666667,22616.66666666669,24723.274410263,4495.140801866006,427.5
noVIPV,AUTUMN,21,10.0,home,127747.66666666667,13413.916666666666,5443.587263253045,1360.8968158132614,270.0
noVIPV,AUTUMN,21,10.0,work,109265.12500000001,19854.666666666668,11033.72532629779,2758.4313315744475,100.0
noVIPV,AUTUMN,21,10.0,public,87319.66666666669,22849.66666666666,24756.048637818396,4501.099752330617,442.5
noVIPV,AUTUMN,22,10.5,home,112979.33333333333,16714.916666666664,6797.285619230073,1699.3214048075183,280.0
noVIPV,AUTUMN,22,10.5,work,109673.62499999996,14926.583333333338,8094.146825296454,2023.5367063241135,92.5
noVIPV,AUTUMN,22,10.5,public,88574.83333333324,25921.958333333325,28421.8996766759,5167.618123031977,550.0
noVIPV,AUTUMN,23,11.0,home,103290.24999999999,23814.20833333333,5397.04947497193,2398.688655543079,480.0
noVIPV,AUTUMN,23,11.0,work,109686.58333333334,10726.41666666667,5931.513417854849,1482.8783544637122,62.5
noVIPV,AUTUMN,23,11.0,public,90189.87499999991,27558.666666666668,30135.955497296403,5479.264635872083,555.0
noVIPV,AUTUMN,24,11.5,home,99234.20833333336,33986.95833333334,7767.395272645974,3452.175676731546,525.0
noVIPV,AUTUMN,24,11.5,work,109050.7083333333,8443.458333333332,4490.817787924532,1122.704446981133,105.0
noVIPV,AUTUMN,24,11.5,public,90867.08333333331,29250.374999999993,31508.491821254138,5728.8166947734835,687.5
noVIPV,AUTUMN,25,12.0,home,98992.2916666667,43454.33333333332,9912.854873965714,4405.713277318099,650.0
noVIPV,AUTUMN,25,12.0,work,108819.50000000001,8132.416666666667,4185.338704401656,1046.334676100414,107.5
noVIPV,AUTUMN,25,12.0,public,92180.74999999997,31740.791666666653,34051.060629249296,6191.101932590785,597.5
noVIPV,AUTUMN,26,12.5,home,99286.9583333333,50369.166666666664,11512.834588152244,5116.815372512106,607.5
noVIPV,AUTUMN,26,12.5,work,108235.54166666666,8835.95833333333,4501.434316737381,1125.3585791843452,112.5
noVIPV,AUTUMN,26,12.5,public,89282.16666666658,31399.291666666657,34839.620741842955,6334.476498516903,622.5
noVIPV,AUTUMN,27,13.0,home,97858.83333333339,54289.0416666666,12449.210797046311,5532.982576465032,655.0
noVIPV,AUTUMN,27,13.0,work,108538.0833333333,9545.958333333336,4791.005286107614,1197.7513215269034,107.5
noVIPV,AUTUMN,27,13.0,public,91212.99999999991,33219.79166666666,36693.94145081436,6671.625718329879,577.5
noVIPV,AUTUMN,28,13.5,home,100706.2916666667,59099.83333333333,13608.156577851043,6048.069590156012,650.0
noVIPV,AUTUMN,28,13.5,work,108249.95833333331,9082.749999999998,4726.832756127187,1181.7081890317968,65.0
noVIPV,AUTUMN,28,13.5,public,91398.45833333333,33113.41666666666,38333.69815117749,6969.763300214087,565.0
noVIPV,AUTUMN,29,14.0,home,109027.74999999996,66892.04166666666,15241.401097687498,6773.956043416663,822.5
noVIPV,AUTUMN,29,14.0,work,107116.54166666673,8333.541666666668,4449.643264790446,1112.4108161976114,72.5
noVIPV,AUTUMN,29,14.0,public,87590.62499999991,30349.416666666664,35131.92516446153,6387.622757174822,572.5
noVIPV,AUTUMN,30,14.5,home,116249.66666666658,73462.04166666661,16575.06589875012,7366.695955000042,745.0
noVIPV,AUTUMN,30,14.5,work,104933.20833333334,7139.125000000001,3890.1580186032024,972.5395046508006,42.5
noVIPV,AUTUMN,30,14.5,public,87205.0833333334,30686.916666666668,35472.74754824434,6449.59046331715,522.5
noVIPV,AUTUMN,31,15.0,home,129304.7083333333,81482.95833333323,20473.341806087126,8189.33672243485,865.0
noVIPV,AUTUMN,31,15.0,work,99312.74999999996,5999.291666666667,3335.964057954314,833.9910144885785,22.5
noVIPV,AUTUMN,31,15.0,public,85753.58333333334,29447.083333333343,34284.57769011186,6233.55958002034,482.5
noVIPV,AUTUMN,32,15.5,home,145870.66666666654,92162.04166666666,23224.03578478411,9289.614313913633,1045.0
noVIPV,AUTUMN,32,15.5,work,87216.33333333333,4271.958333333332,2436.783610377592,609.195902594398,2.5
noVIPV,AUTUMN,32,15.5,public,82546.70833333333,28202.54166666668,32252.089462364802,5864.016265884502,547.5
noVIPV,AUTUMN,33,16.0,home,170836.45833333343,108313.95833333336,27159.8419153402,10863.936766136085,1232.5
noVIPV,AUTUMN,33,16.0,work,70505.79166666667,3028.3333333333335,1662.5369143452922,415.63422858632305,25.0
noVIPV,AUTUMN,33,16.0,public,80179.16666666657,30096.79166666663,34144.38992397172,6208.070895267588,600.0
noVIPV,AUTUMN,34,16.5,home,203053.00000000006,130417.91666666656,32568.06383564026,13027.22553425611,1480.0
noVIPV,AUTUMN,34,16.5,work,53810.500000000015,2083.1666666666665,1166.1507895237,291.537697380925,12.5
noVIPV,AUTUMN,34,16.5,public,80579.75,33277.66666666666,37922.94778246638,6895.08141499389,657.5
noVIPV,AUTUMN,35,17.0,home,236056.70833333323,150479.2083333333,37482.77201034795,14993.108804139212,1375.0
noVIPV,AUTUMN,35,17.0,work,37925.62500000001,1325.875,744.3546632513439,186.08866581283598,7.5
noVIPV,AUTUMN,35,17.0,public,80709.54166666664,33946.87500000002,39690.953028226024,7216.536914222916,550.0
noVIPV,AUTUMN,36,17.5,home,264649.20833333343,162094.70833333328,40348.83945626415,16139.535782505636,1200.0
noVIPV,AUTUMN,36,17.5,work,25927.58333333333,939.7500000000001,551.9855624340597,137.99639060851493,7.5
noVIPV,AUTUMN,36,17.5,public,78067.12499999993,32032.500000000007,38118.99558548326,6930.726470087856,517.5
noVIPV,AUTUMN,37,18.0,home,292642.5416666668,170533.95833333346,42658.28364599455,17063.3134583978,1215.0
noVIPV,AUTUMN,37,18.0,work,17849.33333333333,643.2083333333333,375.6034639350897,93.90086598377242,10.0
noVIPV,AUTUMN,37,18.0,public,76144.7083333333,30299.33333333333,36002.79780838194,6545.963237887623,442.5
noVIPV,AUTUMN,38,18.5,home,316483.16666666645,170015.25000000017,42875.30626491688,17150.12250596677,787.5
noVIPV,AUTUMN,38,18.5,work,12436.041666666662,674.5,364.8258350198544,91.2064587549636,2.5
noVIPV,AUTUMN,38,18.5,public,75769.54166666669,27182.458333333336,32041.784174875702,5825.778940886495,380.0
noVIPV,AUTUMN,39,19.0,home,331939.33333333326,161856.08333333328,41075.33561619789,16430.134246479127,672.5
noVIPV,AUTUMN,39,19.0,work,8687.083333333332,651.2916666666666,361.04361919455306,90.26090479863826,7.5
noVIPV,AUTUMN,39,19.0,public,75249.87500000003,23526.791666666668,28464.959756127122,5175.4472283867535,257.5
noVIPV,AUTUMN,40,19.5,home,348243.0833333334,150919.24999999983,38500.93321145019,15400.373284580046,607.5
noVIPV,AUTUMN,40,19.5,work,6111.291666666666,467.75,274.36206139817864,68.59051534954466,0.0
noVIPV,AUTUMN,40,19.5,public,74923.45833333333,19474.95833333333,23356.022776221536,4246.5495956766445,205.0
noVIPV,AUTUMN,41,20.0,home,360932.6666666666,137212.12499999994,35092.19303137378,14036.877212549474,405.0
noVIPV,AUTUMN,41,20.0,work,4168.75,298.2916666666667,176.39295335971508,44.09823833992877,0.0
noVIPV,AUTUMN,41,20.0,public,73576.5,14762.833333333336,17367.32552594518,3157.6955501718517,135.0
noVIPV,AUTUMN,42,20.5,home,370231.7083333333,123092.25000000006,31607.02245150503,12642.808980602003,365.0
noVIPV,AUTUMN,42,20.5,work,2709.0,37.041666666666664,22.964982778415614,5.741245694603903,0.0
noVIPV,AUTUMN,42,20.5,public,72309.74999999999,10829.458333333334,13139.922458318115,2389.076810603297,105.0
noVIPV,AUTUMN,43,21.0,home,379332.0000000003,109815.87499999997,22652.239499137257,11326.119749568628,307.5
noVIPV,AUTUMN,43,21.0,work,1852.9166666666665,0.0,0.0,0.0,0.0
noVIPV,AUTUMN,43,21.0,public,71505.54166666669,8041.541666666669,10327.20422924417,1877.6734962262142,85.0
noVIPV,AUTUMN,44,21.5,home,386982.3333333335,96037.00000000004,19893.471444893177,9946.735722446589,272.5
noVIPV,AUTUMN,44,21.5,work,1577.6249999999998,62.375,15.116122517670817,3.7790306294177043,2.5
noVIPV,AUTUMN,44,21.5,public,69896.25,6014.208333333334,7533.93415637905,1369.8062102507367,42.5
noVIPV,AUTUMN,45,22.0,home,396571.3333333331,85272.6666666666,17716.934052444227,8858.467026222113,287.5
noVIPV,AUTUMN,45,22.0,work,922.2916666666666,61.416666666666664,14.883877482329183,3.7209693705822957,0.0
noVIPV,AUTUMN,45,22.0,public,69415.66666666669,5018.750000000001,6204.339800888792,1128.06178197978,32.5
noVIPV,AUTUMN,46,22.5,home,402834.41666666657,73025.74999999999,15285.692135146957,7642.846067573478,155.0
noVIPV,AUTUMN,46,22.5,work,349.0,0.0,0.0,0.0,0.0
noVIPV,AUTUMN,46,22.5,public,68973.5,3767.041666666667,4519.667039579199,821.7576435598544,20.0
noVIPV,AUTUMN,47,23.0,home,407881.5833333333,62392.79166666664,13210.22095179768,6605.110475898839,195.0
noVIPV,AUTUMN,47,23.0,work,145.83333333333331,0.0,0.0,0.0,0.0
noVIPV,AUTUMN,47,23.0,public,68407.75,2303.4583333333335,2783.8072537683315,506.14677341242407,10.0
noVIPV,AUTUMN,48,23.5,home,413657.7916666666,55063.458333333365,11728.740937643477,5864.370468821738,172.5
noVIPV,AUTUMN,48,23.5,work,16.333333333333332,0.0,0.0,0.0,0.0
noVIPV,AUTUMN,48,23.5,public,68175.66666666666,1536.375,2086.697813480375,379.3996024509772,7.5
noVIPV,WINTER,1,0.0,home,430017.6666666666,130812.70833333333,26537.256465137638,13268.628232568819,560.0
noVIPV,WINTER,1,0.0,work,25.291666666666668,25.291666666666668,6.387232549982462,1.5968081374956156,2.5
noVIPV,WINTER,1,0.0,public,74972.0,15456.749999999996,18818.3072209168,3421.5104038030536,97.5
noVIPV,WINTER,2,0.5,home,439790.5833333334,125293.45833333333,25582.06217277182,12791.03108638591,282.5
noVIPV,WINTER,2,0.5,work,75.0,75.0,18.940722553490005,4.735180638372501,0.0
noVIPV,WINTER,2,0.5,public,77212.5,11626.333333333336,14290.134455650083,2598.206264663652,60.0
noVIPV,WINTER,3,1.0,home,444300.0,112318.91666666666,23173.828159653556,11586.914079826778,120.0
noVIPV,WINTER,3,1.0,work,75.0,18.5,4.6720448965275345,1.1680112241318836,0.0
noVIPV,WINTER,3,1.0,public,78150.0,7491.666666666667,9237.898777027825,1679.617959459605,25.0
noVIPV,WINTER,4,1.5,home,446146.375,96247.79166666666,20061.588892490327,10030.794446245163,42.5
noVIPV,WINTER,4,1.5,work,75.0,0.0,0.0,0.0,0.0
noVIPV,WINTER,4,1.5,public,78862.5,4159.416666666667,5290.229264641559,961.8598662984652,17.5
noVIPV,WINTER,5,2.0,home,446812.5,77999.79166666669,16396.679519878373,8198.339759939186,15.0
noVIPV,WINTER,5,2.0,work,75.0,0.0,0.0,0.0,0.0
noVIPV,WINTER,5,2.0,public,79012.5,2675.0833333333335,3423.522468827203,622.4586306958548,5.0
noVIPV,WINTER,6,2.5,home,446850.0,61693.75000000001,13062.119829787223,6531.059914893612,0.0
noVIPV,WINTER,6,2.5,work,75.0,0.0,0.0,0.0,0.0
noVIPV,WINTER,6,2.5,public,79050.0,1322.2500000000002,1709.4977865044739,310.81777936444985,0.0
noVIPV,WINTER,7,3.0,home,446916.7916666666,46690.45833333332,9945.407589903929,4972.7037949519645,2.5
noVIPV,WINTER,7,3.0,work,75.0,0.0,0.0,0.0,0.0
noVIPV,WINTER,7,3.0,public,79050.0,650.7916666666667,869.1366856798684,158.0248519417943,0.0
noVIPV,WINTER,8,3.5,home,446804.7916666667,33605.91666666666,7207.5863266436645,3603.7931633218323,0.0
noVIPV,WINTER,8,3.5,work,75.0,0.0,0.0,0.0,0.0
noVIPV,WINTER,8,3.5,public,79050.0,158.95833333333331,204.12642014869465,37.11389457248994,0.0
noVIPV,WINTER,9,4.0,home,446070.2083333334,21723.583333333336,4688.268319510626,2344.134159755313,0.0
noVIPV,WINTER,9,4.0,work,151.41666666666669,76.41666666666667,36.705308120145844,9.176327030036461,12.5
noVIPV,WINTER,9,4.0,public,78962.29166666667,111.62499999999999,92.130006534404,16.750910278982545,7.5
noVIPV,WINTER,10,4.5,home,444367.50000000006,11756.708333333328,2553.958036946225,1276.9790184731123,0.0
noVIPV,WINTER,10,4.5,work,701.9583333333333,626.9583333333333,274.4637912772138,68.61594781930344,22.5
noVIPV,WINTER,10,4.5,public,78881.12500000001,473.375,459.88878114914957,83.61614202711813,20.0
noVIPV,WINTER,11,5.0,home,438978.25,4597.916666666667,998.9324061614195,499.46620308070976,7.5
noVIPV,WINTER,11,5.0,work,2118.2083333333326,1934.3333333333328,793.5262281532885,198.38155703832211,97.5
noVIPV,WINTER,11,5.0,public,78076.79166666666,897.4583333333335,744.1996206473765,135.3090219358867,42.5
noVIPV,WINTER,12,5.5,home,428701.74999999994,1063.0416666666667,220.91858159943845,110.45929079971921,2.5
noVIPV,WINTER,12,5.5,work,6150.583333333333,5434.208333333335,2428.4026317476028,607.1006579369007,140.0
noVIPV,WINTER,12,5.5,public,77830.75,1787.1249999999998,1410.3872428009124,256.4340441456204,40.0
noVIPV,WINTER,13,6.0,home,405827.37500000023,421.5416666666667,105.3855876605978,42.15423506423913,7.5
noVIPV,WINTER,13,6.0,work,11118.250000000002,9036.999999999996,4180.371820396053,1045.0929550990134,277.5
noVIPV,WINTER,13,6.0,public,76633.16666666669,3239.4999999999995,3072.21331385591,558.5842388828927,170.0
noVIPV,WINTER,14,6.5,home,371784.12499999994,589.9166666666666,160.7521600993232,64.30086403972928,12.5
noVIPV,WINTER,14,6.5,work,22110.66666666666,17985.708333333325,8131.590209843158,2032.8975524607895,395.0
noVIPV,WINTER,14,6.5,public,75782.58333333333,7440.166666666665,6350.777317404292,1154.6867849825992,217.5
noVIPV,WINTER,15,7.0,home,314486.29166666657,1002.0416666666666,260.6292153749687,104.25168614998748,20.0
noVIPV,WINTER,15,7.0,work,38811.875,29646.875,13768.262133159185,3442.0655332897963,875.0
noVIPV,WINTER,15,7.0,public,75387.83333333331,13513.50000000001,11662.620214908035,2120.476402710553,507.5
noVIPV,WINTER,16,7.5,home,245218.04166666692,1574.6666666666665,418.05025007386575,167.22010002954627,30.0
noVIPV,WINTER,16,7.5,work,68219.33333333334,51792.99999999995,23949.94700587757,5987.486751469392,905.0
noVIPV,WINTER,16,7.5,public,77903.87499999999,24590.666666666668,22261.82162238206,4047.603931342199,680.0
noVIPV,WINTER,17,8.0,home,195133.08333333328,2149.541666666667,810.6139899177123,231.6039971193464,50.0
noVIPV,WINTER,17,8.0,work,89965.0833333333,60987.2916666667,29243.763842983022,7310.940960745756,525.0
noVIPV,WINTER,17,8.0,public,83946.29166666669,33059.33333333331,31140.971117458364,5661.994748628789,570.0
noVIPV,WINTER,18,8.5,home,165172.37499999997,3455.9583333333335,1189.8825553527809,339.96644438650895,125.0
noVIPV,WINTER,18,8.5,work,100757.95833333333,53130.62500000001,27288.045135253815,6822.011283813454,290.0
noVIPV,WINTER,18,8.5,public,88804.95833333336,33765.208333333314,33999.9106034363,6181.801927897509,497.5
noVIPV,WINTER,19,9.0,home,144029.49999999997,6071.499999999999,2135.739174548177,610.2111927280504,152.5
noVIPV,WINTER,19,9.0,work,106165.33333333334,41737.708333333336,22723.56599886952,5680.89149971738,127.5
noVIPV,WINTER,19,9.0,public,89907.20833333334,29402.49999999999,31017.843463750898,5639.607902500168,427.5
noVIPV,WINTER,20,9.5,home,134338.99999999997,9446.916666666664,3387.9012967799135,967.9717990799753,207.5
noVIPV,WINTER,20,9.5,work,108474.75,30920.37500000001,17410.864566242977,4352.716141560744,92.5
noVIPV,WINTER,20,9.5,public,88555.87500000006,23934.833333333354,25926.2943431137,4713.871698747941,472.5
noVIPV,WINTER,21,10.0,home,122365.9583333333,13936.083333333327,5019.721856071332,1434.2062445918098,270.0
noVIPV,WINTER,21,10.0,work,109129.5,22278.33333333332,12766.59417027921,3191.6485425698024,110.0
noVIPV,WINTER,21,10.0,public,89649.24999999997,24355.45833333333,26043.147590390057,4735.1177437072765,472.5
noVIPV,WINTER,22,10.5,home,108338.83333333333,17853.250000000007,6393.281950400988,1826.6519858288516,295.0
noVIPV,WINTER,22,10.5,work,109599.33333333333,16589.666666666657,9366.705470382585,2341.6763675956463,107.5
noVIPV,WINTER,22,10.5,public,91316.62500000003,26633.374999999996,28649.327922404926,5208.968713164528,580.0
noVIPV,WINTER,23,11.0,home,100031.79166666666,24212.166666666646,8605.061262462752,2458.588932132213,445.0
noVIPV,WINTER,23,11.0,work,110010.91666666666,12802.708333333332,7044.143757084237,1761.0359392710593,75.0
noVIPV,WINTER,23,11.0,public,92736.37500000009,29171.66666666669,32034.790072792755,5824.507285962307,537.5
noVIPV,WINTER,24,11.5,home,94476.20833333328,31292.208333333336,11269.148754899647,3219.756787114185,485.0
noVIPV,WINTER,24,11.5,work,108129.33333333333,9965.541666666668,5287.264296263486,1321.8160740658716,85.0
noVIPV,WINTER,24,11.5,public,91545.24999999999,29064.5,32831.65547269226,5969.391904125869,610.0
noVIPV,WINTER,25,12.0,home,93785.95833333328,39896.666666666686,10212.379072018044,4084.951628807217,570.0
noVIPV,WINTER,25,12.0,work,107488.12499999996,9020.999999999998,4799.970371985086,1199.9925929962715,122.5
noVIPV,WINTER,25,12.0,public,92840.54166666661,31494.708333333314,36546.84314497818,6644.880571814208,667.5
noVIPV,WINTER,26,12.5,home,94049.79166666664,46562.20833333335,11901.67949069434,4760.671796277735,570.0
noVIPV,WINTER,26,12.5,work,108668.16666666663,10191.166666666668,5294.44818359195,1323.6120458979874,162.5
noVIPV,WINTER,26,12.5,public,93242.41666666667,33693.49999999999,39259.080373866746,7138.014613430325,672.5
noVIPV,WINTER,27,13.0,home,92221.49999999996,49338.541666666635,12624.649746905772,5049.859898762315,597.5
noVIPV,WINTER,27,13.0,work,109898.04166666664,11211.583333333332,5669.9198721445155,1417.4799680361289,112.5
noVIPV,WINTER,27,13.0,public,93131.20833333333,34470.45833333335,40015.66747863424,7275.575905206223,602.5
noVIPV,WINTER,28,13.5,home,95855.62500000007,55609.3333333333,14119.719831035847,5647.88793241434,675.0
noVIPV,WINTER,28,13.5,work,110177.83333333331,10745.45833333333,5656.026317042332,1414.006579260583,52.5
noVIPV,WINTER,28,13.5,public,91688.375,32943.83333333332,37378.676153513166,6796.122937002383,530.0
noVIPV,WINTER,29,14.0,home,104487.7499999999,64108.45833333337,16203.47666573804,6481.390666295215,792.5
noVIPV,WINTER,29,14.0,work,108721.625,8923.999999999998,4825.862666292649,1206.4656665731623,77.5
noVIPV,WINTER,29,14.0,public,88362.66666666664,29978.750000000015,34282.539020964985,6233.18891290273,570.0
noVIPV,WINTER,30,14.5,home,111475.83333333328,69937.87499999994,17571.75308708949,7028.701234835798,740.0
noVIPV,WINTER,30,14.5,work,107107.125,7617.791666666666,4211.522233855617,1052.8805584639042,37.5
noVIPV,WINTER,30,14.5,public,87543.33333333339,31062.29166666666,36594.146460519594,6653.481174639933,550.0
noVIPV,WINTER,31,15.0,home,126280.08333333326,82072.7499999999,20575.109019579395,8230.043607831753,957.5
noVIPV,WINTER,31,15.0,work,101067.41666666667,5901.499999999999,3378.414996758832,844.603749189708,17.5
noVIPV,WINTER,31,15.0,public,86552.12499999997,30211.374999999996,36151.55330920562,6573.009692582831,495.0
noVIPV,WINTER,32,15.5,home,145206.49999999994,93837.16666666673,23520.423455422777,9408.169382169093,1027.5
noVIPV,WINTER,32,15.5,work,89254.12500000001,4306.166666666667,2460.770964110809,615.1927410277023,17.5
noVIPV,WINTER,32,15.5,public,81823.33333333333,28497.79166666667,33736.30103800644,6133.872916001169,560.0
noVIPV,WINTER,33,16.0,home,170852.5833333336,109630.37499999996,32784.458945745726,10928.152981915215,1247.5
noVIPV,WINTER,33,16.0,work,73793.6666666667,3272.8749999999986,1847.608223371924,461.902055842981,30.0
noVIPV,WINTER,33,16.0,public,78711.45833333331,29069.16666666668,33672.20408161327,6122.21892392967,562.5
noVIPV,WINTER,34,16.5,home,200621.4166666667,127343.58333333331,37997.344530816925,12665.78151027226,1392.5
noVIPV,WINTER,34,16.5,work,56429.041666666686,2601.083333333333,1472.882734119923,368.22068352998076,17.5
noVIPV,WINTER,34,16.5,public,79207.87499999997,31690.333333333336,36958.37568431893,6719.70466987617,610.0
noVIPV,WINTER,35,17.0,home,232057.4583333332,144650.8333333333,43238.10514293767,14412.701714312523,1280.0
noVIPV,WINTER,35,17.0,work,40012.0,2236.75,1358.889959576188,339.722489894047,17.5
noVIPV,WINTER,35,17.0,public,78667.54166666661,31362.708333333347,37049.11975041009,6736.203590983647,582.5
noVIPV,WINTER,36,17.5,home,259764.08333333346,155816.25000000015,46773.42948078802,15591.143160262645,1170.0
noVIPV,WINTER,36,17.5,work,27316.916666666664,1448.8750000000005,880.1006034575602,220.02515086439004,2.5
noVIPV,WINTER,36,17.5,public,76361.45833333331,29965.541666666682,35335.20694403848,6424.583080734262,492.5
noVIPV,WINTER,37,18.0,home,284579.0000000001,162548.91666666677,48979.9165224755,16326.63884082519,1085.0
noVIPV,WINTER,37,18.0,work,18962.458333333336,949.7083333333334,590.0259387559834,147.50648468899584,7.5
noVIPV,WINTER,37,18.0,public,74919.95833333336,29064.791666666646,34056.33510193629,6192.060927624784,420.0
noVIPV,WINTER,38,18.5,home,306358.0416666665,163360.16666666654,49520.41275445177,16506.804251483907,785.0
noVIPV,WINTER,38,18.5,work,13625.916666666666,730.7916666666665,442.0401332268762,110.51003330671905,2.5
noVIPV,WINTER,38,18.5,public,74266.62499999997,25324.87500000001,30157.96217983145,5483.2658508784425,350.0
noVIPV,WINTER,39,19.0,home,321652.1666666665,154984.0833333334,47241.347074172416,15747.115691390769,642.5
noVIPV,WINTER,39,19.0,work,10000.666666666666,578.4583333333333,339.9970832463188,84.9992708115797,5.0
noVIPV,WINTER,39,19.0,public,71867.0416666667,20623.166666666675,25348.832569798546,4608.87864905428,212.5
noVIPV,WINTER,40,19.5,home,337503.4583333334,145663.6666666665,44610.44813867181,14870.14937955724,595.0
noVIPV,WINTER,40,19.5,work,7834.916666666667,476.25,306.5461118798964,76.6365279699741,5.0
noVIPV,WINTER,40,19.5,public,70697.62499999999,17632.166666666668,21404.471430232417,3891.7220782240797,230.0
noVIPV,WINTER,41,20.0,home,351486.3333333332,136234.95833333334,27921.55578227299,13960.777891136495,447.5
noVIPV,WINTER,41,20.0,work,5814.916666666667,375.625,250.79267763778793,62.69816940944698,0.0
noVIPV,WINTER,41,20.0,public,70418.04166666669,15112.333333333334,18268.04572806204,3321.4628596476455,137.5
noVIPV,WINTER,42,20.5,home,360825.6666666667,123572.95833333324,25364.46374272555,12682.231871362776,337.5
noVIPV,WINTER,42,20.5,work,3992.166666666667,164.125,107.87334392995768,26.96833598248942,0.0
noVIPV,WINTER,42,20.5,public,69238.50000000001,11044.083333333336,13378.816001822168,2432.5120003313036,120.0
noVIPV,WINTER,43,21.0,home,369408.87500000023,109147.70833333334,22481.35806005149,11240.679030025743,265.0
noVIPV,WINTER,43,21.0,work,2462.3750000000005,18.833333333333332,12.0912190827037,3.022804770675925,0.0
noVIPV,WINTER,43,21.0,public,68721.95833333333,9240.541666666668,11263.700119604326,2047.9454762916955,97.5
noVIPV,WINTER,44,21.5,home,376170.08333333343,94621.58333333343,19587.744228125113,9793.872114062555,272.5
noVIPV,WINTER,44,21.5,work,1838.5416666666663,62.375,15.116122517670817,3.7790306294177043,2.5
noVIPV,WINTER,44,21.5,public,67192.75,7233.833333333334,8685.076512744046,1579.1048204989186,57.5
noVIPV,WINTER,45,22.0,home,403267.9166666667,101009.95833333331,20711.26296552294,10355.63148276147,1145.0
noVIPV,WINTER,45,22.0,work,1244.5,61.416666666666664,14.883877482329183,3.7209693705822957,0.0
noVIPV,WINTER,45,22.0,public,68500.95833333333,8048.833333333334,9491.531227980478,1725.7329505419052,162.5
noVIPV,WINTER,46,22.5,home,445273.75000000006,126239.04166666664,25434.221101584644,12717.110550792322,1355.0
noVIPV,WINTER,46,22.5,work,585.9583333333333,0.0,0.0,0.0,0.0
noVIPV,WINTER,46,22.5,public,74780.58333333333,13358.625000000002,15261.030010646955,2774.732729208539,270.0
noVIPV,WINTER,47,23.0,home,484597.29166666657,146753.70833333334,29490.949767459275,14745.474883729637,1332.5
noVIPV,WINTER,47,23.0,work,220.83333333333331,0.0,0.0,0.0,0.0
noVIPV,WINTER,47,23.0,public,83303.66666666666,19477.79166666668,22125.152957971168,4022.7550832674815,285.0
noVIPV,WINTER,48,23.5,home,518648.62499999994,160301.04166666674,32223.85106438013,16111.925532190064,1007.5
noVIPV,WINTER,48,23.5,work,75.91666666666666,0.0,0.0,0.0,0.0
noVIPV,WINTER,48,23.5,public,89680.08333333334,21910.416666666675,25188.760391617296,4579.774616657689,195.0
VIPV20_Wp400,SPRING,1,0.0,home,346076.0416666667,77321.29166666669,9818.285944980471,7854.628755984365,2062.5
VIPV20_Wp400,SPRING,1,0.0,work,50.583333333333336,50.583333333333336,15.931257707215167,3.9828144268037917,5.0
VIPV20_Wp400,SPRING,1,0.0,public,56072.0,8742.625,10250.803833748407,1863.7825152269832,370.0
VIPV20_Wp400,SPRING,2,0.5,home,401586.5416666667,125119.41666666669,15540.317774313138,12432.25421945049,1470.0
VIPV20_Wp400,SPRING,2,0.5,work,150.0,150.0,47.24260934594284,11.81065233648571,0.0
VIPV20_Wp400,SPRING,2,0.5,public,67237.5,19143.791666666668,22001.775613530022,4000.322838823635,325.0
VIPV20_Wp400,SPRING,3,1.0,home,426225.0,139258.24999999997,17355.188691857238,13884.150953485774,635.0
VIPV20_Wp400,SPRING,3,1.0,work,150.0,77.20833333333334,26.826132946842005,6.706533236710501,0.0
VIPV20_Wp400,SPRING,3,1.0,public,72825.0,22745.250000000004,26952.69210213767,4900.489473115938,142.5
VIPV20_Wp400,SPRING,4,1.5,home,435525.0,134226.87500000003,16972.481348913603,13577.985079130842,240.0
VIPV20_Wp400,SPRING,4,1.5,work,150.0,0.0,0.0,0.0,0.0
VIPV20_Wp400,SPRING,4,1.5,public,74958.91666666666,19121.291666666653,23743.139486883934,4316.9344521607145,62.5
VIPV20_Wp400,SPRING,5,2.0,home,439050.0,121604.16666666672,15582.758632743704,12466.206906194922,82.5
VIPV20_Wp400,SPRING,5,2.0,work,150.0,0.0,0.0,0.0,0.0
VIPV20_Wp400,SPRING,5,2.0,public,75487.5,12105.791666666668,15584.811287879373,2833.6020523417055,7.5
VIPV20_Wp400,SPRING,6,2.5,home,440025.0,108447.49999999996,14038.819754377613,11231.055803502057,25.0
VIPV20_Wp400,SPRING,6,2.5,work,150.0,0.0,0.0,0.0,0.0
VIPV20_Wp400,SPRING,6,2.5,public,75937.5,5994.0,7880.1972141998585,1432.7631298545195,15.0
VIPV20_Wp400,SPRING,7,3.0,home,440166.7916666666,91573.95833333327,11971.238166372696,9576.990533098138,0.0
VIPV20_Wp400,SPRING,7,3.0,work,150.0,0.0,0.0,0.0,0.0
VIPV20_Wp400,SPRING,7,3.0,public,75948.95833333334,2046.958333333333,2594.4844975944293,471.7244541080779,0.0
VIPV20_Wp400,SPRING,8,3.5,home,440054.7916666667,71857.16666666663,9485.348909090577,7588.279127272449,0.0
VIPV20_Wp400,SPRING,8,3.5,work,150.0,0.0,0.0,0.0,0.0
VIPV20_Wp400,SPRING,8,3.5,public,75900.0,531.7083333333334,670.209535042855,121.8562790987009,0.0
VIPV20_Wp400,SPRING,9,4.0,home,439230.4583333334,53654.33333333333,7142.173296853566,5713.738637482853,0.0
VIPV20_Wp400,SPRING,9,4.0,work,214.20833333333334,64.20833333333334,29.82028572421704,7.45507143105426,5.0
VIPV20_Wp400,SPRING,9,4.0,public,75892.16666666669,257.75,274.9526776875191,49.99139594318529,10.0
VIPV20_Wp400,SPRING,10,4.5,home,437040.04166666674,35989.91666666665,4829.153657210652,3863.3229257685243,0.0
VIPV20_Wp400,SPRING,10,4.5,work,551.3333333333333,401.3333333333333,148.97803268248208,37.24450817062052,25.0
VIPV20_Wp400,SPRING,10,4.5,public,75940.125,408.2083333333333,360.9272569834592,65.62313763335622,12.5
VIPV20_Wp400,SPRING,11,5.0,home,431913.70833333343,18868.29166666666,2543.971767352394,2035.1774138819167,10.0
VIPV20_Wp400,SPRING,11,5.0,work,2196.6249999999995,1951.7499999999995,797.9416223567439,199.48540558918597,95.0
VIPV20_Wp400,SPRING,11,5.0,public,75520.41666666667,947.1249999999999,1139.2248890858677,207.13179801561233,52.5
VIPV20_Wp400,SPRING,12,5.5,home,423386.62499999994,3716.9583333333358,488.98941987763055,391.1915359021044,15.0
VIPV20_Wp400,SPRING,12,5.5,work,5670.541666666666,5033.041666666666,2214.062342289749,553.5155855724372,145.0
VIPV20_Wp400,SPRING,12,5.5,public,75089.66666666669,2302.0833333333335,2344.6073543132106,426.29224623876553,67.5
VIPV20_Wp400,SPRING,13,6.0,home,402793.0416666666,1090.875,270.1113616179044,108.04454464716173,2.5
VIPV20_Wp400,SPRING,13,6.0,work,12011.916666666662,10001.291666666666,4378.261829463671,1094.5654573659178,322.5
VIPV20_Wp400,SPRING,13,6.0,public,74186.16666666664,4132.624999999998,3932.0693811008136,714.9217056546931,192.5
VIPV20_Wp400,SPRING,14,6.5,home,370822.87499999994,810.2083333333334,201.83560231858664,80.73424092743463,10.0
VIPV20_Wp400,SPRING,14,6.5,work,24137.583333333336,19627.66666666666,8673.138046089683,2168.284511522421,412.5
VIPV20_Wp400,SPRING,14,6.5,public,74249.20833333337,9042.666666666662,7999.650795283746,1454.4819627788631,240.0
VIPV20_Wp400,SPRING,15,7.0,home,315137.45833333326,1085.0416666666667,405.56475655169436,108.15060174711846,30.0
VIPV20_Wp400,SPRING,15,7.0,work,39868.916666666686,29966.375,14116.505206594737,3529.126301648684,817.5
VIPV20_Wp400,SPRING,15,7.0,public,74365.62499999993,15259.541666666664,13463.247242769947,2447.8631350490814,500.0
VIPV20_Wp400,SPRING,16,7.5,home,247055.91666666663,1461.375,536.7376545963608,143.1300412256963,17.5
VIPV20_Wp400,SPRING,16,7.5,work,68551.83333333333,51054.95833333335,24398.469028293694,6099.617257073423,885.0
VIPV20_Wp400,SPRING,16,7.5,public,76125.70833333333,23737.04166666668,21400.569604473872,3891.0126553588825,595.0
VIPV20_Wp400,SPRING,17,8.0,home,196430.2083333332,1773.9166666666667,710.619582624151,177.65489565603775,40.0
VIPV20_Wp400,SPRING,17,8.0,work,91005.87499999993,61142.125,30302.86395453345,7575.715988633363,577.5
VIPV20_Wp400,SPRING,17,8.0,public,81225.4166666667,31461.20833333331,29439.378583820915,5352.614287967437,535.0
VIPV20_Wp400,SPRING,18,8.5,home,166707.95833333326,2385.4583333333335,992.5933806669799,248.14834516674497,100.0
VIPV20_Wp400,SPRING,18,8.5,work,101563.5,56456.666666666686,29734.312877967895,7433.578219491974,277.5
VIPV20_Wp400,SPRING,18,8.5,public,85877.75,30680.416666666664,31030.39952630341,5641.890822964255,465.0
VIPV20_Wp400,SPRING,19,9.0,home,144002.45833333337,5243.333333333334,2113.6407012380123,528.4101753095031,140.0
VIPV20_Wp400,SPRING,19,9.0,work,107955.58333333334,46372.50000000001,25578.84580492174,6394.711451230435,150.0
VIPV20_Wp400,SPRING,19,9.0,public,86823.29166666672,26563.208333333332,27592.71518715769,5016.857306755941,380.0
VIPV20_Wp400,SPRING,20,9.5,home,133832.37499999994,9577.749999999995,3891.745964694528,972.936491173632,245.0
VIPV20_Wp400,SPRING,20,9.5,work,111210.66666666666,35798.24999999999,20217.107143934194,5054.2767859835485,120.0
VIPV20_Wp400,SPRING,20,9.5,public,87214.375,22710.374999999996,24777.36629793098,4504.975690532902,410.0
VIPV20_Wp400,SPRING,21,10.0,home,123285.62500000009,15477.499999999993,3924.54829865942,1569.8193194637674,297.5
VIPV20_Wp400,SPRING,21,10.0,work,113045.54166666666,26385.874999999996,15024.244747896364,3756.061186974091,140.0
VIPV20_Wp400,SPRING,21,10.0,public,87228.125,21548.374999999993,23147.440217193143,4208.625494035111,502.5
VIPV20_Wp400,SPRING,22,10.5,home,111480.83333333339,20271.12500000001,5218.996515360473,2087.598606144188,340.0
VIPV20_Wp400,SPRING,22,10.5,work,114672.25,20224.166666666657,11322.718292626196,2830.679573156549,135.0
VIPV20_Wp400,SPRING,22,10.5,public,90470.66666666661,26731.29166666668,29769.78742128819,5412.688622052389,562.5
VIPV20_Wp400,SPRING,23,11.0,home,102291.45833333331,26546.749999999985,6904.053848155321,2761.6215392621266,495.0
VIPV20_Wp400,SPRING,23,11.0,work,115161.74999999996,15502.083333333336,8598.759089461251,2149.689772365313,70.0
VIPV20_Wp400,SPRING,23,11.0,public,91533.1666666667,29683.791666666668,33555.04866726284,6100.91793950233,622.5
VIPV20_Wp400,SPRING,24,11.5,home,96538.79166666669,35202.41666666668,9100.101772920949,3640.0407091683787,527.5
VIPV20_Wp400,SPRING,24,11.5,work,114000.45833333334,12634.0,6932.635850902165,1733.1589627255412,120.0
VIPV20_Wp400,SPRING,24,11.5,public,93176.45833333328,32300.08333333333,36335.48573356191,6606.451951556698,672.5
VIPV20_Wp400,SPRING,25,12.0,home,98346.83333333324,45365.91666666669,8172.468116786044,4669.981781020603,717.5
VIPV20_Wp400,SPRING,25,12.0,work,114103.79166666664,11279.833333333338,6066.7262033429115,1516.6815508357279,112.5
VIPV20_Wp400,SPRING,25,12.0,public,94749.74999999987,33791.99999999999,37846.07607902393,6881.104741640731,627.5
VIPV20_Wp400,SPRING,26,12.5,home,100814.62500000001,53624.08333333331,9676.518950978945,5529.439400559397,632.5
VIPV20_Wp400,SPRING,26,12.5,work,114817.54166666666,11109.249999999998,5836.059335745862,1459.0148339364655,160.0
VIPV20_Wp400,SPRING,26,12.5,public,92118.91666666669,31153.750000000004,35562.02305520233,6465.82237367315,612.5
VIPV20_Wp400,SPRING,27,13.0,home,98895.20833333331,55774.29166666668,10091.183426513091,5766.3905294360675,637.5
VIPV20_Wp400,SPRING,27,13.0,work,116489.83333333336,12205.125,6355.962593471704,1588.990648367926,105.0
VIPV20_Wp400,SPRING,27,13.0,public,93347.66666666661,34150.16666666664,38465.12421191585,6993.658947621059,632.5
VIPV20_Wp400,SPRING,28,13.5,home,103493.75000000003,61528.208333333314,11038.918818593793,6307.953610625011,670.0
VIPV20_Wp400,SPRING,28,13.5,work,117020.29166666664,11447.083333333343,6094.083845700869,1523.5209614252171,82.5
VIPV20_Wp400,SPRING,28,13.5,public,92683.74999999999,32651.08333333332,37203.766326600016,6764.3211502909135,505.0
VIPV20_Wp400,SPRING,29,14.0,home,113614.70833333333,71632.00000000001,12680.418464358474,7245.95340820485,890.0
VIPV20_Wp400,SPRING,29,14.0,work,115959.5,10192.958333333334,5528.3653310861455,1382.0913327715364,85.0
VIPV20_Wp400,SPRING,29,14.0,public,89477.08333333333,30640.333333333332,35638.00671513552,6479.637584570095,612.5
VIPV20_Wp400,SPRING,30,14.5,home,123585.70833333336,79454.3750000001,13948.372039149406,7970.498308085362,832.5
VIPV20_Wp400,SPRING,30,14.5,work,113543.625,8670.875,4619.711679322719,1154.9279198306797,22.5
VIPV20_Wp400,SPRING,30,14.5,public,88786.87499999997,30970.70833333334,36562.052786483364,6647.645961178797,477.5
VIPV20_Wp400,SPRING,31,15.0,home,137730.58333333334,88111.41666666657,15573.388753282392,8899.07928758993,917.5
VIPV20_Wp400,SPRING,31,15.0,work,105697.50000000006,5445.791666666667,2960.991167843255,740.2477919608137,15.0
VIPV20_Wp400,SPRING,31,15.0,public,87964.29166666666,29934.791666666693,35535.8410966513,6461.062017572963,570.0
VIPV20_Wp400,SPRING,32,15.5,home,156115.25,98905.91666666666,17416.136492043028,9952.07799545315,1152.5
VIPV20_Wp400,SPRING,32,15.5,work,93947.79166666666,3058.166666666667,1758.6851241346412,439.6712810336603,10.0
VIPV20_Wp400,SPRING,32,15.5,public,86418.79166666672,31213.999999999993,36873.011820927226,6704.183967441319,612.5
VIPV20_Wp400,SPRING,33,16.0,home,181274.2916666666,113936.62500000001,28376.24792130084,11350.49916852034,1262.5
VIPV20_Wp400,SPRING,33,16.0,work,76768.58333333331,1810.8749999999998,1059.7244840171722,264.93112100429306,22.5
VIPV20_Wp400,SPRING,33,16.0,public,84244.58333333339,31043.125000000007,36133.28094804293,6569.687445098704,640.0
VIPV20_Wp400,SPRING,34,16.5,home,207718.08333333352,126767.70833333321,31470.132627387833,12588.053050955157,1232.5
VIPV20_Wp400,SPRING,34,16.5,work,58266.16666666665,1664.5833333333333,1052.8375202204793,263.2093800551198,15.0
VIPV20_Wp400,SPRING,34,16.5,public,83906.2916666667,31962.666666666668,36410.916185397,6620.166579163081,547.5
VIPV20_Wp400,SPRING,35,17.0,home,233694.20833333343,136689.58333333328,47308.77464671279,13516.79275620368,1067.5
VIPV20_Wp400,SPRING,35,17.0,work,42777.875,1192.0,715.131587886688,178.782896971672,5.0
VIPV20_Wp400,SPRING,35,17.0,public,81717.04166666672,31601.166666666682,36506.36608435987,6637.521106247248,560.0
VIPV20_Wp400,SPRING,36,17.5,home,256260.49999999997,140311.62500000012,48740.07149260879,13925.734712173964,1042.5
VIPV20_Wp400,SPRING,36,17.5,work,30339.45833333334,1077.6666666666665,606.4049054351893,151.60122635879733,10.0
VIPV20_Wp400,SPRING,36,17.5,public,77667.25000000001,28229.041666666664,32720.685467974083,5949.215539631651,465.0
VIPV20_Wp400,SPRING,37,18.0,home,278212.20833333343,142568.79166666663,49732.03593221274,14209.153123489396,995.0
VIPV20_Wp400,SPRING,37,18.0,work,20338.666666666668,1184.75,645.3257180989989,161.33142952474972,22.5
VIPV20_Wp400,SPRING,37,18.0,public,73869.20833333333,24588.374999999985,28764.284926994846,5229.869986726337,365.0
VIPV20_Wp400,SPRING,38,18.5,home,297136.9583333335,140171.33333333326,49105.73599936636,14030.210285533287,650.0
VIPV20_Wp400,SPRING,38,18.5,work,14053.791666666664,1179.8750000000002,595.8265747624106,148.95664369060265,5.0
VIPV20_Wp400,SPRING,38,18.5,public,71198.33333333334,21412.124999999996,24607.75672366417,4474.137586120759,302.5
VIPV20_Wp400,SPRING,39,19.0,home,310458.3750000001,131927.83333333328,46538.43779724606,13296.696513498899,557.5
VIPV20_Wp400,SPRING,39,19.0,work,10350.749999999998,912.375,431.91091557816446,107.97772889454112,7.5
VIPV20_Wp400,SPRING,39,19.0,public,68442.12499999997,17087.666666666668,20126.10449320253,3659.291726036823,205.0
VIPV20_Wp400,SPRING,40,19.5,home,323759.33333333326,121572.37499999991,43249.26049093798,12356.931568839418,510.0
VIPV20_Wp400,SPRING,40,19.5,work,8074.874999999999,567.7083333333333,311.4470128787073,77.86175321967683,5.0
VIPV20_Wp400,SPRING,40,19.5,public,66604.75,13787.958333333327,16513.759280204864,3002.501687309977,205.0
VIPV20_Wp400,SPRING,41,20.0,home,334882.49999999994,111254.58333333333,39849.55531539179,11385.587232969088,372.5
VIPV20_Wp400,SPRING,41,20.0,work,6161.041666666667,267.75,173.65610169292734,43.414025423231834,0.0
VIPV20_Wp400,SPRING,41,20.0,public,65346.875,11045.291666666659,13463.083544644369,2447.8333717535215,120.0
VIPV20_Wp400,SPRING,42,20.5,home,343493.83333333355,98612.20833333334,35347.32265630195,10099.235044657698,335.0
VIPV20_Wp400,SPRING,42,20.5,work,4306.0,89.125,63.62220928547962,15.905552321369905,0.0
VIPV20_Wp400,SPRING,42,20.5,public,63527.45833333332,8587.833333333334,10698.894194095472,1945.2534898355414,102.5
VIPV20_Wp400,SPRING,43,21.0,home,352033.6249999999,88185.41666666658,31767.714786230623,9076.48993892302,280.0
VIPV20_Wp400,SPRING,43,21.0,work,2747.125,6.583333333333333,4.863533757438949,1.2158834393597373,0.0
VIPV20_Wp400,SPRING,43,21.0,public,62489.458333333336,6589.041666666669,8420.769973648183,1531.0490861178503,65.0
VIPV20_Wp400,SPRING,44,21.5,home,358825.1666666666,78043.75,28341.08996806709,8097.454276590587,260.0
VIPV20_Wp400,SPRING,44,21.5,work,2146.666666666667,0.0,0.0,0.0,0.0
VIPV20_Wp400,SPRING,44,21.5,public,62251.33333333332,5409.833333333333,6870.6354935367335,1249.2064533703153,50.0
VIPV20_Wp400,SPRING,45,22.0,home,366895.0416666666,70239.75,14605.34224591451,7302.671122957255,235.0
VIPV20_Wp400,SPRING,45,22.0,work,1349.4166666666667,0.0,0.0,0.0,0.0
VIPV20_Wp400,SPRING,45,22.0,public,61958.33333333333,4523.625000000001,5662.599989785178,1029.5636345063954,22.5
VIPV20_Wp400,SPRING,46,22.5,home,373401.625,63175.75,13218.426366366512,6609.213183183256,195.0
VIPV20_Wp400,SPRING,46,22.5,work,630.2083333333334,0.0,0.0,0.0,0.0
VIPV20_Wp400,SPRING,46,22.5,public,61853.166666666664,3725.75,4710.552208190389,856.4640378527977,20.0
VIPV20_Wp400,SPRING,47,23.0,home,378099.8333333333,56379.87499999999,11871.567553022605,5935.783776511303,162.5
VIPV20_Wp400,SPRING,47,23.0,work,81.16666666666667,0.0,0.0,0.0,0.0
VIPV20_Wp400,SPRING,47,23.0,public,61576.083333333336,2471.833333333333,3308.2282293133517,601.4960416933369,12.5
VIPV20_Wp400,SPRING,48,23.5,home,384085.04166666657,52253.70833333335,11054.500870370483,5527.250435185241,175.0
VIPV20_Wp400,SPRING,48,23.5,work,0.0,0.0,0.0,0.0,0.0
VIPV20_Wp400,SPRING,48,23.5,public,61646.33333333333,1556.8333333333333,2164.4813754832426,393.5420682696805,5.0
VIPV20_Wp400,SUMMER,1,0.0,home,428981.7083333333,130362.75000000003,26450.668833714437,13225.334416857218,462.5
VIPV20_Wp400,SUMMER,1,0.0,work,0.0,0.0,0.0,0.0,0.0
VIPV20_Wp400,SUMMER,1,0.0,public,73537.5,15628.45833333334,19124.109134249997,3477.1107516818165,120.0
VIPV20_Wp400,SUMMER,2,0.5,home,437733.0416666667,123050.00000000009,25178.988931093325,12589.49446554666,237.5
VIPV20_Wp400,SUMMER,2,0.5,work,31.541666666666668,31.541666666666668,4.013785790031814,1.0034464475079534,2.5
VIPV20_Wp400,SUMMER,2,0.5,public,74850.0,11510.958333333332,14484.383203000005,2633.5242187272734,32.5
VIPV20_Wp400,SUMMER,3,1.0,home,441562.5,109258.95833333336,22521.119726713514,11260.559863356755,110.0
VIPV20_Wp400,SUMMER,3,1.0,work,75.0,47.041666666666664,5.986214209968187,1.4965535524920468,0.0
VIPV20_Wp400,SUMMER,3,1.0,public,76087.5,7913.875,9970.254358136785,1812.7735196612336,37.5
VIPV20_Wp400,SUMMER,4,1.5,home,443512.5,93562.33333333328,19407.7202409791,9703.86012048955,55.0
VIPV20_Wp400,SUMMER,4,1.5,work,75.0,0.0,0.0,0.0,0.0
VIPV20_Wp400,SUMMER,4,1.5,public,76291.95833333334,4038.7083333333335,5242.254049439011,953.1370998980022,5.0
VIPV20_Wp400,SUMMER,5,2.0,home,444150.0,75471.0,15817.211456284756,7908.605728142378,10.0
VIPV20_Wp400,SUMMER,5,2.0,work,75.0,0.0,0.0,0.0,0.0
VIPV20_Wp400,SUMMER,5,2.0,public,76387.5,1909.0833333333335,2554.2993374397097,464.41806135267444,2.5
VIPV20_Wp400,SUMMER,6,2.5,home,444225.0,59015.916666666664,12490.624336766292,6245.312168383146,0.0
VIPV20_Wp400,SUMMER,6,2.5,work,75.0,0.0,0.0,0.0,0.0
VIPV20_Wp400,SUMMER,6,2.5,public,76425.0,896.8750000000001,1231.331964459745,223.8785389926809,0.0
VIPV20_Wp400,SUMMER,7,3.0,home,444225.0,43700.45833333334,9307.343247697989,4653.6716238489935,0.0
VIPV20_Wp400,SUMMER,7,3.0,work,75.0,0.0,0.0,0.0,0.0
VIPV20_Wp400,SUMMER,7,3.0,public,76425.0,274.5833333333333,377.1672548156194,68.5758645119308,0.0
VIPV20_Wp400,SUMMER,8,3.5,home,444179.7916666667,27961.208333333318,5999.634793122581,2999.8173965612905,0.0
VIPV20_Wp400,SUMMER,8,3.5,work,75.0,0.0,0.0,0.0,0.0
VIPV20_Wp400,SUMMER,8,3.5,public,76425.0,109.5,148.17576047256102,26.94104735864746,0.0
VIPV20_Wp400,SUMMER,9,4.0,home,443521.2083333333,14196.75000000001,3067.4097283914266,1533.7048641957133,0.0
VIPV20_Wp400,SUMMER,9,4.0,work,83.41666666666666,8.416666666666666,2.041168820749851,0.5102922051874628,5.0
VIPV20_Wp400,SUMMER,9,4.0,public,76352.41666666666,64.41666666666666,25.660862328125365,4.66561133238643,5.0
VIPV20_Wp400,SUMMER,10,4.5,home,441818.625,3618.541666666667,793.1943772621436,396.5971886310718,0.0
VIPV20_Wp400,SUMMER,10,4.5,work,584.5416666666667,540.6666666666667,180.92949520903647,45.23237380225912,25.0
VIPV20_Wp400,SUMMER,10,4.5,public,76310.08333333333,391.625,160.94913149246491,29.26347845317544,17.5
VIPV20_Wp400,SUMMER,11,5.0,home,436127.5833333334,1504.2916666666665,408.86340998447076,163.54536399378833,10.0
VIPV20_Wp400,SUMMER,11,5.0,work,2014.6666666666665,1828.0416666666667,711.085735958789,177.77143398969724,100.0
VIPV20_Wp400,SUMMER,11,5.0,public,75986.12500000001,857.1666666666666,751.1846938273305,136.5790352413328,35.0
VIPV20_Wp400,SUMMER,12,5.5,home,426698.12499999994,921.625,230.3354192147007,92.13416768588029,20.0
VIPV20_Wp400,SUMMER,12,5.5,work,5729.916666666667,5064.625,2042.9230565882963,510.73076414707407,130.0
VIPV20_Wp400,SUMMER,12,5.5,public,75519.79166666666,1914.9999999999995,1865.316392943209,339.14843508058345,70.0
VIPV20_Wp400,SUMMER,13,6.0,home,404844.00000000035,1171.7083333333335,267.8293712525896,107.13174850103584,5.0
VIPV20_Wp400,SUMMER,13,6.0,work,10828.708333333332,8502.083333333336,3695.4800795836195,923.8700198959049,265.0
VIPV20_Wp400,SUMMER,13,6.0,public,75005.58333333331,4460.041666666667,4117.781368125161,748.6875214773023,202.5
VIPV20_Wp400,SUMMER,14,6.5,home,373050.2499999998,1255.1666666666665,298.629344775687,119.4517379102748,20.0
VIPV20_Wp400,SUMMER,14,6.5,work,21956.416666666664,16959.583333333332,7699.270793724938,1924.8176984312345,435.0
VIPV20_Wp400,SUMMER,14,6.5,public,74860.16666666667,9354.20833333333,8306.992275642244,1510.3622319349536,235.0
VIPV20_Wp400,SUMMER,15,7.0,home,314363.00000000006,1619.2500000000002,389.4904647904509,155.7961859161803,30.0
VIPV20_Wp400,SUMMER,15,7.0,work,37043.58333333332,28298.12500000001,12929.512413035496,3232.378103258874,725.0
VIPV20_Wp400,SUMMER,15,7.0,public,75064.4166666667,15801.166666666664,14263.929932805133,2593.441805964569,565.0
VIPV20_Wp400,SUMMER,16,7.5,home,241381.2916666667,2097.166666666667,507.3150732774061,202.92602931096235,30.0
VIPV20_Wp400,SUMMER,16,7.5,work,62526.45833333333,45898.750000000015,21371.27611418226,5342.819028545565,777.5
VIPV20_Wp400,SUMMER,16,7.5,public,78854.95833333331,26822.12499999999,23850.460567855942,4336.447375973807,650.0
VIPV20_Wp400,SUMMER,17,8.0,home,189185.12499999985,2546.749999999999,745.6298923582548,259.34952777678427,55.0
VIPV20_Wp400,SUMMER,17,8.0,work,82894.12500000004,54431.333333333336,26242.637747364362,6560.659436841091,535.0
VIPV20_Wp400,SUMMER,17,8.0,public,83173.41666666666,31672.20833333335,29455.293336119477,5355.507879294442,555.0
VIPV20_Wp400,SUMMER,18,8.5,home,160001.29166666663,3827.3750000000005,1141.4922942958622,397.040798015952,85.0
VIPV20_Wp400,SUMMER,18,8.5,work,92531.0833333333,48456.37500000003,24796.829178008247,6199.207294502062,235.0
VIPV20_Wp400,SUMMER,18,8.5,public,86133.66666666673,30167.66666666665,29940.671222195982,5443.7584040356405,427.5
VIPV20_Wp400,SUMMER,19,9.0,home,138157.66666666672,5654.916666666669,1670.295412085587,580.9723172471605,132.5
VIPV20_Wp400,SUMMER,19,9.0,work,97935.04166666663,38722.24999999998,20637.70071266048,5159.42517816512,167.5
VIPV20_Wp400,SUMMER,19,9.0,public,87419.79166666666,27125.124999999996,28565.920397652695,5193.803708664114,412.5
VIPV20_Wp400,SUMMER,20,9.5,home,129644.54166666666,9534.666666666666,2825.1709255230544,982.668148008019,220.0
VIPV20_Wp400,SUMMER,20,9.5,work,100931.41666666667,28563.333333333332,15671.344676198793,3917.836169049698,105.0
VIPV20_Wp400,SUMMER,20,9.5,public,87496.87500000003,24784.583333333314,26659.53048094138,4847.187360171154,462.5
VIPV20_Wp400,SUMMER,21,10.0,home,119819.29166666667,14832.833333333327,3463.3542574031453,1539.2685588458442,280.0
VIPV20_Wp400,SUMMER,21,10.0,work,102125.91666666667,20024.58333333333,11191.717822898396,2797.929455724599,92.5
VIPV20_Wp400,SUMMER,21,10.0,public,88746.45833333333,25445.958333333336,27674.993878340738,5031.817068789229,490.0
VIPV20_Wp400,SUMMER,22,10.5,home,108163.70833333333,18960.166666666668,4392.062218103979,1952.027652490656,320.0
VIPV20_Wp400,SUMMER,22,10.5,work,103317.45833333334,14739.041666666668,8117.155941980432,2029.288985495108,117.5
VIPV20_Wp400,SUMMER,22,10.5,public,87744.66666666664,26030.04166666667,26980.769989950266,4905.594543627317,497.5
VIPV20_Wp400,SUMMER,23,11.0,home,99753.37500000006,25261.916666666675,5784.029987422374,2570.6799944099425,472.5
VIPV20_Wp400,SUMMER,23,11.0,work,103839.41666666669,11379.66666666667,6169.240889635871,1542.3102224089678,72.5
VIPV20_Wp400,SUMMER,23,11.0,public,88410.62500000001,27378.625000000007,29276.667035250706,5323.030370045583,610.0
VIPV20_Wp400,SUMMER,24,11.5,home,94668.25000000004,33468.416666666664,7670.337873749812,3409.039054999916,505.0
VIPV20_Wp400,SUMMER,24,11.5,work,102109.41666666663,9316.958333333334,5015.8800012697375,1253.9700003174344,95.0
VIPV20_Wp400,SUMMER,24,11.5,public,90297.66666666666,30606.125000000015,34087.304072930594,6197.69164962373,652.5
VIPV20_Wp400,SUMMER,25,12.0,home,92933.00000000001,40549.74999999997,9379.644139123886,4168.7307284994995,505.0
VIPV20_Wp400,SUMMER,25,12.0,work,102249.99999999997,9254.458333333334,4990.2309777903365,1247.5577444475841,112.5
VIPV20_Wp400,SUMMER,25,12.0,public,88406.87499999994,29484.291666666657,33045.34738919086,6008.244979852886,577.5
VIPV20_Wp400,SUMMER,26,12.5,home,92089.00000000009,45988.541666666606,10632.7612699236,4725.6716755215975,615.0
VIPV20_Wp400,SUMMER,26,12.5,work,103411.99999999999,10213.333333333334,5599.141460315543,1399.7853650788857,145.0
VIPV20_Wp400,SUMMER,26,12.5,public,87427.62499999997,30239.791666666682,34153.44092217981,6209.716531305421,662.5
VIPV20_Wp400,SUMMER,27,13.0,home,92145.74999999999,52629.54166666667,12071.636638657985,5365.1718394035515,605.0
VIPV20_Wp400,SUMMER,27,13.0,work,105330.87500000001,11639.250000000002,6133.228347746116,1533.307086936529,165.0
VIPV20_Wp400,SUMMER,27,13.0,public,90645.08333333331,33054.041666666686,37302.65858320413,6782.301560582561,592.5
VIPV20_Wp400,SUMMER,28,13.5,home,96813.33333333334,59355.79166666667,13555.650803879067,6024.733690612909,677.5
VIPV20_Wp400,SUMMER,28,13.5,work,107597.62499999997,12942.458333333338,6855.539738595939,1713.8849346489847,100.0
VIPV20_Wp400,SUMMER,28,13.5,public,90319.12499999999,32753.79166666667,37605.97964227352,6837.450844049737,527.5
VIPV20_Wp400,SUMMER,29,14.0,home,107626.20833333324,68317.08333333339,15546.147567850112,6909.398919044498,835.0
VIPV20_Wp400,SUMMER,29,14.0,work,106638.04166666667,11989.208333333338,6390.146934755925,1597.5367336889813,95.0
VIPV20_Wp400,SUMMER,29,14.0,public,86720.9583333333,30601.624999999985,35469.01475084747,6448.911772881358,525.0
VIPV20_Wp400,SUMMER,30,14.5,home,117907.9166666667,75122.41666666663,16988.956192940903,7550.647196862638,790.0
VIPV20_Wp400,SUMMER,30,14.5,work,105470.87499999999,10449.875000000004,5521.127736917714,1380.2819342294285,40.0
VIPV20_Wp400,SUMMER,30,14.5,public,84781.66666666673,28831.583333333336,33348.14915862855,6063.2998470233615,482.5
VIPV20_Wp400,SUMMER,31,15.0,home,129615.62500000001,82996.29166666661,18752.553672383932,8334.468298837328,877.5
VIPV20_Wp400,SUMMER,31,15.0,work,99276.91666666666,7300.999999999999,4011.6283907925463,1002.9070976981366,15.0
VIPV20_Wp400,SUMMER,31,15.0,public,84113.54166666666,28123.000000000007,33027.44514985981,6004.990027247242,600.0
VIPV20_Wp400,SUMMER,32,15.5,home,148040.70833333328,93708.29166666676,21140.38075036932,9395.724777941927,1140.0
VIPV20_Wp400,SUMMER,32,15.5,work,87937.41666666669,4184.0,2398.680353323217,599.6700883308042,12.5
VIPV20_Wp400,SUMMER,32,15.5,public,82746.12499999999,29276.083333333343,34287.05314765009,6234.009663209109,520.0
VIPV20_Wp400,SUMMER,33,16.0,home,175469.3750000001,111443.45833333334,25003.01977799526,11112.453234664581,1287.5
VIPV20_Wp400,SUMMER,33,16.0,work,73055.04166666666,2442.0000000000005,1388.6363927023644,347.1590981755911,15.0
VIPV20_Wp400,SUMMER,33,16.0,public,81003.91666666664,29482.5,34153.22619322395,6209.677489677086,580.0
VIPV20_Wp400,SUMMER,34,16.5,home,205491.62500000026,130599.54166666661,29249.451297137075,12999.756132060951,1310.0
VIPV20_Wp400,SUMMER,34,16.5,work,57825.29166666666,1695.5416666666665,961.6576452187292,240.4144113046823,15.0
VIPV20_Wp400,SUMMER,34,16.5,public,81000.74999999991,30358.625,35177.742293937896,6395.953144352345,545.0
VIPV20_Wp400,SUMMER,35,17.0,home,234794.83333333323,144294.5000000001,43029.2778513339,14343.092617111335,1270.0
VIPV20_Wp400,SUMMER,35,17.0,work,41734.625,1193.0833333333335,661.9630377097915,165.49075942744787,10.0
VIPV20_Wp400,SUMMER,35,17.0,public,79268.04166666673,29424.500000000007,35605.36416274441,6473.70257504444,490.0
VIPV20_Wp400,SUMMER,36,17.5,home,262307.4583333333,152829.12500000006,45760.52675652365,15253.508918841273,1132.5
VIPV20_Wp400,SUMMER,36,17.5,work,29308.208333333325,966.2916666666669,569.0960552629817,142.27401381574543,7.5
VIPV20_Wp400,SUMMER,36,17.5,public,76952.0416666667,27156.83333333333,33619.626353109496,6112.659336929,457.5
VIPV20_Wp400,SUMMER,37,18.0,home,287480.3333333334,158051.5833333333,47443.17075609184,15814.390252030598,1037.5
VIPV20_Wp400,SUMMER,37,18.0,work,20041.999999999996,807.625,443.3314080976342,110.83285202440855,12.5
VIPV20_Wp400,SUMMER,37,18.0,public,73912.04166666664,25870.5,31141.15099254997,5662.0274531909,407.5
VIPV20_Wp400,SUMMER,38,18.5,home,307956.291666667,157387.75000000003,47541.88495798959,15847.294985996563,742.5
VIPV20_Wp400,SUMMER,38,18.5,work,13447.291666666664,594.4583333333334,288.92154200546935,72.23038550136734,2.5
VIPV20_Wp400,SUMMER,38,18.5,public,73602.70833333337,24191.041666666668,29098.283023969583,5290.596913449014,352.5
VIPV20_Wp400,SUMMER,39,19.0,home,321933.6249999999,147043.4166666668,44816.2267128526,14938.742237617558,565.0
VIPV20_Wp400,SUMMER,39,19.0,work,9552.666666666668,442.08333333333337,245.648848867057,61.41221221676425,5.0
VIPV20_Wp400,SUMMER,39,19.0,public,72375.6666666667,20973.583333333343,26018.54650274355,4730.644818680649,230.0
VIPV20_Wp400,SUMMER,40,19.5,home,336987.5416666668,137829.62499999985,42212.562815345365,14070.85427178175,582.5
VIPV20_Wp400,SUMMER,40,19.5,work,7438.541666666666,412.62499999999994,265.2861540912348,66.3215385228087,2.5
VIPV20_Wp400,SUMMER,40,19.5,public,70212.58333333331,16587.083333333336,20484.704836764467,3724.4917885026293,182.5
VIPV20_Wp400,SUMMER,41,20.0,home,349312.87500000006,127712.83333333336,32769.23564501438,13107.694258005778,387.5
VIPV20_Wp400,SUMMER,41,20.0,work,5374.958333333334,375.0,247.79008453507316,61.94752113376829,0.0
VIPV20_Wp400,SUMMER,41,20.0,public,69583.49999999999,13254.33333333334,16034.722159619254,2915.4040290216803,147.5
VIPV20_Wp400,SUMMER,42,20.5,home,357973.70833333343,114599.16666666664,29476.319258660278,11790.527703464135,337.5
VIPV20_Wp400,SUMMER,42,20.5,work,3530.9583333333335,260.5833333333333,182.3468868214163,45.58672170535407,0.0
VIPV20_Wp400,SUMMER,42,20.5,public,68630.95833333333,9888.375000000002,11983.43232418327,2178.8058771242304,112.5
VIPV20_Wp400,SUMMER,43,21.0,home,366199.37500000006,100106.87499999991,25895.206413869648,10358.082565547878,287.5
VIPV20_Wp400,SUMMER,43,21.0,work,2478.083333333333,150.0,110.0677003712601,27.516925092815026,0.0
VIPV20_Wp400,SUMMER,43,21.0,public,67927.04166666669,8075.958333333333,9950.865590266205,1809.2482891393106,90.0
VIPV20_Wp400,SUMMER,44,21.5,home,373685.2083333334,88317.87499999997,22888.36262113195,9155.345048452795,277.5
VIPV20_Wp400,SUMMER,44,21.5,work,1970.7083333333335,158.45833333333331,85.62059947770575,21.405149869426438,2.5
VIPV20_Wp400,SUMMER,44,21.5,public,66940.04166666666,6732.708333333333,8367.063524625726,1521.284277204677,50.0
VIPV20_Wp400,SUMMER,45,22.0,home,402041.91666666657,97941.45833333331,20118.01289249917,10059.006446249585,1202.5
VIPV20_Wp400,SUMMER,45,22.0,work,1265.625,61.416666666666664,14.883877482329183,3.7209693705822957,0.0
VIPV20_Wp400,SUMMER,45,22.0,public,69482.66666666666,8491.375000000002,10342.34438675755,1880.426252137736,202.5
VIPV20_Wp400,SUMMER,46,22.5,home,444719.4583333334,124311.29166666667,25110.98981817888,12555.49490908944,1397.5
VIPV20_Wp400,SUMMER,46,22.5,work,457.79166666666674,0.0,0.0,0.0,0.0
VIPV20_Wp400,SUMMER,46,22.5,public,75477.375,13324.291666666668,15583.17571883357,2833.3046761515593,227.5
VIPV20_Wp400,SUMMER,47,23.0,home,483680.5,146441.99999999997,29333.266418180774,14666.633209090387,1272.5
VIPV20_Wp400,SUMMER,47,23.0,work,139.70833333333331,0.0,0.0,0.0,0.0
VIPV20_Wp400,SUMMER,47,23.0,public,82107.625,18231.79166666667,21094.60683834956,3835.3830615181005,255.0
VIPV20_Wp400,SUMMER,48,23.5,home,517484.04166666657,161385.54166666666,32317.5222975018,16158.7611487509,1035.0
VIPV20_Wp400,SUMMER,48,23.5,work,58.95833333333333,0.0,0.0,0.0,0.0
VIPV20_Wp400,SUMMER,48,23.5,public,88158.33333333333,20896.208333333336,24373.43769126753,4431.534125685002,190.0
VIPV20_Wp400,AUTUMN,1,0.0,home,366180.9166666666,78737.29166666666,11957.407336278215,7971.604890852133,1977.5
VIPV20_Wp400,AUTUMN,1,0.0,work,25.291666666666668,25.291666666666668,14.709725002634075,3.6774312506585187,2.5
VIPV20_Wp400,AUTUMN,1,0.0,public,62362.5,8407.75,9766.395152974921,1775.708209631805,372.5
VIPV20_Wp400,AUTUMN,2,0.5,home,420183.0416666667,124866.24999999999,18469.91898882763,12313.279325885034,1510.0
VIPV20_Wp400,AUTUMN,2,0.5,work,75.0,75.0,43.62027183647666,10.905067959119165,0.0
VIPV20_Wp400,AUTUMN,2,0.5,public,73050.0,18338.416666666668,21098.888817952567,3836.161603264101,292.5
VIPV20_Wp400,AUTUMN,3,1.0,home,446587.5,138806.6666666666,20622.166579773806,13748.111053182529,697.5
VIPV20_Wp400,AUTUMN,3,1.0,work,75.0,75.0,43.62027183647666,10.905067959119165,0.0
VIPV20_Wp400,AUTUMN,3,1.0,public,77212.5,20128.291666666664,24139.077497508304,4388.923181365142,100.0
VIPV20_Wp400,AUTUMN,4,1.5,home,456675.0,132526.54166666674,20020.543539870152,13347.029026580101,232.5
VIPV20_Wp400,AUTUMN,4,1.5,work,75.0,75.0,43.62027183647666,10.905067959119165,0.0
VIPV20_Wp400,AUTUMN,4,1.5,public,79029.45833333333,17127.291666666664,21586.965335172787,3924.9027882132273,55.0
VIPV20_Wp400,AUTUMN,5,2.0,home,459562.5,118886.9583333334,18238.680895510806,12159.120597007184,70.0
VIPV20_Wp400,AUTUMN,5,2.0,work,75.0,75.0,43.62027183647666,10.905067959119165,0.0
VIPV20_Wp400,AUTUMN,5,2.0,public,79950.0,10853.208333333334,14272.836106093137,2595.0611101987515,17.5
VIPV20_Wp400,AUTUMN,6,2.5,home,460162.5,104874.4583333333,16302.559571609407,10868.373047739598,7.5
VIPV20_Wp400,AUTUMN,6,2.5,work,75.0,70.16666666666667,40.809187651459276,10.202296912864819,0.0
VIPV20_Wp400,AUTUMN,6,2.5,public,80250.0,5390.291666666667,7212.428374080474,1311.3506134691768,7.5
VIPV20_Wp400,AUTUMN,7,3.0,home,460229.2916666666,88166.91666666666,13849.428198146652,9232.952132097775,2.5
VIPV20_Wp400,AUTUMN,7,3.0,work,75.0,0.0,0.0,0.0,0.0
VIPV20_Wp400,AUTUMN,7,3.0,public,80325.0,2302.3333333333335,3041.5190145053825,553.0034571827969,2.5
VIPV20_Wp400,AUTUMN,8,3.5,home,460154.7916666667,71004.08333333333,11251.386932446409,7500.924621630926,0.0
VIPV20_Wp400,AUTUMN,8,3.5,work,75.0,0.0,0.0,0.0,0.0
VIPV20_Wp400,AUTUMN,8,3.5,public,80325.0,1040.1666666666667,1349.0847612494442,245.2881384089899,0.0
VIPV20_Wp400,AUTUMN,9,4.0,home,459283.9583333334,52762.04166666665,8441.449737085219,5627.633158056813,0.0
VIPV20_Wp400,AUTUMN,9,4.0,work,102.83333333333331,27.833333333333336,8.411451787275634,2.1028629468189086,10.0
VIPV20_Wp400,AUTUMN,9,4.0,public,80288.58333333334,366.2083333333333,471.97281796347005,85.81323962972183,10.0
VIPV20_Wp400,AUTUMN,10,4.5,home,457313.2916666667,35548.04166666666,5737.706359704891,3825.137573136594,0.0
VIPV20_Wp400,AUTUMN,10,4.5,work,1165.3750000000002,1090.375,390.5866425725526,97.64666064313815,60.0
VIPV20_Wp400,AUTUMN,10,4.5,public,80361.58333333334,460.29166666666663,442.763839263089,80.50251622965256,10.0
VIPV20_Wp400,AUTUMN,11,5.0,home,451808.75000000006,19167.12500000001,3107.8005514092047,2071.8670342728033,12.5
VIPV20_Wp400,AUTUMN,11,5.0,work,3043.6666666666665,2670.7916666666665,1100.5495347589465,275.1373836897366,75.0
VIPV20_Wp400,AUTUMN,11,5.0,public,79825.41666666667,1106.8333333333335,1176.5215288938584,213.91300525342882,62.5
VIPV20_Wp400,AUTUMN,12,5.5,home,440952.5833333332,3802.166666666669,605.1562952040671,403.4375301360449,12.5
VIPV20_Wp400,AUTUMN,12,5.5,work,6144.083333333332,4852.375,2170.6776507176164,542.6694126794041,142.5
VIPV20_Wp400,AUTUMN,12,5.5,public,79733.37499999997,2514.5,2268.8521061563747,412.5185647557045,77.5
VIPV20_Wp400,AUTUMN,13,6.0,home,417350.8333333332,1045.2083333333333,263.1860670869941,105.27442683479767,0.0
VIPV20_Wp400,AUTUMN,13,6.0,work,11677.333333333338,9421.583333333336,4141.3399249873955,1035.3349812468489,265.0
VIPV20_Wp400,AUTUMN,13,6.0,public,79485.2916666667,5415.000000000001,4735.949662504843,861.0817568190623,205.0
VIPV20_Wp400,AUTUMN,14,6.5,home,383389.6666666665,807.2083333333333,189.714642456867,75.88585698274682,7.5
VIPV20_Wp400,AUTUMN,14,6.5,work,21787.83333333335,16964.750000000004,7594.359451301699,1898.5898628254247,420.0
VIPV20_Wp400,AUTUMN,14,6.5,public,78677.45833333336,8837.458333333325,7913.939405363414,1438.8980737024392,215.0
VIPV20_Wp400,AUTUMN,15,7.0,home,324150.4583333333,1214.5833333333333,268.16408550313514,107.26563420125409,40.0
VIPV20_Wp400,AUTUMN,15,7.0,work,36325.041666666664,26668.29166666667,12210.62195933624,3052.65548983406,682.5
VIPV20_Wp400,AUTUMN,15,7.0,public,77036.08333333328,14174.583333333327,13244.175668051757,2408.031939645775,495.0
VIPV20_Wp400,AUTUMN,16,7.5,home,251645.6666666666,1847.8749999999998,414.7115467569158,165.8846187027663,25.0
VIPV20_Wp400,AUTUMN,16,7.5,work,61492.62499999999,44839.875,20477.963571391283,5119.490892847821,782.5
VIPV20_Wp400,AUTUMN,16,7.5,public,78234.83333333324,24642.83333333333,23002.230254751186,4182.22368268203,645.0
VIPV20_Wp400,AUTUMN,17,8.0,home,198849.04166666672,2698.8333333333335,1081.9722756271208,270.4930689067802,75.0
VIPV20_Wp400,AUTUMN,17,8.0,work,80819.87499999996,51964.24999999999,24555.245785343315,6138.811446335829,500.0
VIPV20_Wp400,AUTUMN,17,8.0,public,82414.83333333336,30955.124999999975,29430.14024100531,5350.934589273699,532.5
VIPV20_Wp400,AUTUMN,18,8.5,home,168644.70833333334,3767.8750000000005,1564.339630062372,391.084907515593,92.5
VIPV20_Wp400,AUTUMN,18,8.5,work,90812.41666666667,46016.58333333338,23212.978327771536,5803.244581942884,282.5
VIPV20_Wp400,AUTUMN,18,8.5,public,85877.33333333337,30042.08333333335,30183.93367597945,5487.987941087181,455.0
VIPV20_Wp400,AUTUMN,19,9.0,home,146372.79166666674,5970.750000000003,2422.720040266278,605.6800100665695,137.5
VIPV20_Wp400,AUTUMN,19,9.0,work,97116.08333333336,36319.875000000015,19200.501689545697,4800.125422386424,160.0
VIPV20_Wp400,AUTUMN,19,9.0,public,86982.79166666661,27303.708333333336,28193.262154743425,5126.047664498812,425.0
VIPV20_Wp400,AUTUMN,20,9.5,home,135893.25,8937.29166666667,3664.139995249055,916.0349988122637,207.5
VIPV20_Wp400,AUTUMN,20,9.5,work,99705.79166666666,27343.74999999998,14823.135704745444,3705.783926186361,122.5
VIPV20_Wp400,AUTUMN,20,9.5,public,88057.41666666666,23913.125,25099.873230824385,4563.613314695343,415.0
VIPV20_Wp400,AUTUMN,21,10.0,home,122519.87500000006,12913.583333333336,5280.024652270362,1320.0061630675905,267.5
VIPV20_Wp400,AUTUMN,21,10.0,work,101008.20833333331,20077.08333333333,11088.101582865189,2772.025395716297,105.0
VIPV20_Wp400,AUTUMN,21,10.0,public,87641.625,22946.249999999985,24593.34226455428,4471.516775373508,510.0
VIPV20_Wp400,AUTUMN,22,10.5,home,109847.33333333326,17423.91666666667,7145.815695255463,1786.4539238138657,290.0
VIPV20_Wp400,AUTUMN,22,10.5,work,101268.41666666667,13488.041666666672,7374.645502694077,1843.6613756735192,87.5
VIPV20_Wp400,AUTUMN,22,10.5,public,88196.45833333327,25355.458333333332,26313.975383169178,4784.359160576214,537.5
VIPV20_Wp400,AUTUMN,23,11.0,home,101690.33333333336,23905.250000000004,5491.56381848575,2440.69503043811,507.5
VIPV20_Wp400,AUTUMN,23,11.0,work,101590.04166666669,10211.666666666664,5561.730848705334,1390.4327121763336,60.0
VIPV20_Wp400,AUTUMN,23,11.0,public,90297.91666666669,27801.749999999996,30861.426538204167,5611.168461491668,587.5
VIPV20_Wp400,AUTUMN,24,11.5,home,98451.08333333334,34424.29166666665,7873.684849381046,3499.4154886137967,590.0
VIPV20_Wp400,AUTUMN,24,11.5,work,100929.33333333331,8566.333333333332,4516.896631491026,1129.2241578727565,97.5
VIPV20_Wp400,AUTUMN,24,11.5,public,90721.16666666666,29715.791666666653,34154.90255200804,6209.982282183283,632.5
VIPV20_Wp400,AUTUMN,25,12.0,home,98431.70833333337,43356.916666666664,9958.248678588856,4425.888301595043,640.0
VIPV20_Wp400,AUTUMN,25,12.0,work,100496.45833333333,8405.041666666666,4402.146808645176,1100.536702161294,100.0
VIPV20_Wp400,AUTUMN,25,12.0,public,91915.91666666663,32177.916666666668,36672.40475973376,6667.709956315231,635.0
VIPV20_Wp400,AUTUMN,26,12.5,home,98868.04166666669,50363.58333333338,11487.062166946182,5105.360963087192,607.5
VIPV20_Wp400,AUTUMN,26,12.5,work,101682.16666666669,9524.416666666668,4880.101524226363,1220.0253810565907,170.0
VIPV20_Wp400,AUTUMN,26,12.5,public,90009.87500000004,32000.666666666668,36055.993738749516,6555.635225227184,645.0
VIPV20_Wp400,AUTUMN,27,13.0,home,97889.95833333327,53641.00000000001,12259.562277361347,5448.694345493929,642.5
VIPV20_Wp400,AUTUMN,27,13.0,work,103483.125,10581.541666666666,5323.657588777265,1330.9143971943163,115.0
VIPV20_Wp400,AUTUMN,27,13.0,public,89053.33333333336,32334.16666666667,36208.97587000032,6583.450158181881,507.5
VIPV20_Wp400,AUTUMN,28,13.5,home,102148.0416666666,59954.91666666667,13722.933702756009,6099.081645669326,667.5
VIPV20_Wp400,AUTUMN,28,13.5,work,104426.0,10100.95833333333,5376.387416723866,1344.0968541809666,67.5
VIPV20_Wp400,AUTUMN,28,13.5,public,87762.91666666672,31256.791666666668,36872.548823922574,6704.099786167729,577.5
VIPV20_Wp400,AUTUMN,29,14.0,home,110217.95833333328,67988.12499999996,15547.479032834719,6909.990681259883,822.5
VIPV20_Wp400,AUTUMN,29,14.0,work,102816.50000000001,9105.874999999998,4942.65460723561,1235.6636518089024,65.0
VIPV20_Wp400,AUTUMN,29,14.0,public,83458.83333333326,28963.79166666665,33109.27992219086,6019.86907676198,547.5
VIPV20_Wp400,AUTUMN,30,14.5,home,117286.62500000012,73919.58333333333,16660.715927827558,7404.762634590028,767.5
VIPV20_Wp400,AUTUMN,30,14.5,work,100608.87500000001,8182.875000000003,4550.902428747716,1137.725607186929,22.5
VIPV20_Wp400,AUTUMN,30,14.5,public,82395.58333333333,29590.916666666686,33035.61344702906,6006.475172187098,545.0
VIPV20_Wp400,AUTUMN,31,15.0,home,130989.33333333337,83142.41666666661,20772.77035212309,8309.108140849241,897.5
VIPV20_Wp400,AUTUMN,31,15.0,work,94416.41666666664,6137.500000000001,3523.3167980039825,880.8291995009956,17.5
VIPV20_Wp400,AUTUMN,31,15.0,public,80909.99999999999,28494.583333333343,32306.58401715143,5873.924366754804,490.0
VIPV20_Wp400,AUTUMN,32,15.5,home,149341.75,95270.58333333347,23884.056992783884,9553.622797113529,1142.5
VIPV20_Wp400,AUTUMN,32,15.5,work,82219.70833333333,3871.2499999999995,2150.6291131235494,537.6572782808873,17.5
VIPV20_Wp400,AUTUMN,32,15.5,public,78561.99999999997,27711.75000000001,32089.470398622983,5834.449163385999,522.5
VIPV20_Wp400,AUTUMN,33,16.0,home,175460.6666666667,112319.79166666672,28029.61560790718,11211.846243162849,1235.0
VIPV20_Wp400,AUTUMN,33,16.0,work,67789.79166666666,2700.416666666666,1450.8914850217072,362.7228712554268,32.5
VIPV20_Wp400,AUTUMN,33,16.0,public,78312.4583333334,30028.79166666667,35617.71658670088,6475.948470309249,685.0
VIPV20_Wp400,AUTUMN,34,16.5,home,206291.20833333352,130834.4999999999,32591.722086007925,13036.688834403165,1455.0
VIPV20_Wp400,AUTUMN,34,16.5,work,53019.50000000001,2103.958333333334,1118.081404733822,279.5203511834555,20.0
VIPV20_Wp400,AUTUMN,34,16.5,public,79655.83333333333,33309.16666666667,38970.508842831376,7085.547062332975,602.5
VIPV20_Wp400,AUTUMN,35,17.0,home,239238.5416666668,148275.33333333317,36905.3802154038,14762.152086161512,1412.5
VIPV20_Wp400,AUTUMN,35,17.0,work,38515.16666666667,1138.5,636.3512207324595,159.08780518311488,2.5
VIPV20_Wp400,AUTUMN,35,17.0,public,77140.95833333336,32333.750000000007,37785.468496933914,6870.085181260708,592.5
VIPV20_Wp400,AUTUMN,36,17.5,home,269863.8333333335,161818.75,40359.94270719141,16143.977082876509,1190.0
VIPV20_Wp400,AUTUMN,36,17.5,work,27361.83333333334,783.3749999999999,400.6942576955386,100.17356442388466,12.5
VIPV20_Wp400,AUTUMN,36,17.5,public,75500.08333333331,31478.958333333336,37249.80469349914,6772.691762454389,495.0
VIPV20_Wp400,AUTUMN,37,18.0,home,295445.79166666674,167651.29166666672,42012.658864089935,16805.06354563596,1080.0
VIPV20_Wp400,AUTUMN,37,18.0,work,18523.5,530.5,236.06423251255086,59.016058128137715,5.0
VIPV20_Wp400,AUTUMN,37,18.0,public,73525.37499999996,27916.83333333333,33478.84969520403,6087.063580946189,370.0
VIPV20_Wp400,AUTUMN,38,18.5,home,316564.83333333296,167338.00000000023,42237.38257004601,16894.953028018368,787.5
VIPV20_Wp400,AUTUMN,38,18.5,work,12517.416666666664,198.375,92.64698045677687,23.16174511419422,5.0
VIPV20_Wp400,AUTUMN,38,18.5,public,72930.08333333333,24212.083333333343,27898.375767026893,5072.431957641249,377.5
VIPV20_Wp400,AUTUMN,39,19.0,home,332530.83333333343,159387.62500000006,40456.58171946379,16182.632687785515,652.5
VIPV20_Wp400,AUTUMN,39,19.0,work,9097.041666666666,275.25,152.7833661884554,38.19584154711385,2.5
VIPV20_Wp400,AUTUMN,39,19.0,public,73920.79166666666,22445.958333333314,26344.877131872894,4789.977660340523,260.0
VIPV20_Wp400,AUTUMN,40,19.5,home,347879.8333333333,148916.9583333332,37979.41255409201,15191.76502163679,552.5
VIPV20_Wp400,AUTUMN,40,19.5,work,6944.124999999999,546.2083333333333,321.3079351944782,80.32698379861955,10.0
VIPV20_Wp400,AUTUMN,40,19.5,public,73537.33333333334,18551.5,22233.877556159627,4042.5231920290175,202.5
VIPV20_Wp400,AUTUMN,41,20.0,home,360416.37499999977,135853.20833333328,34824.86817081467,13929.947268325823,367.5
VIPV20_Wp400,AUTUMN,41,20.0,work,5406.708333333333,474.74999999999994,305.2925166566286,76.32312916415715,0.0
VIPV20_Wp400,AUTUMN,41,20.0,public,72819.04166666664,14646.916666666662,17621.812982181986,3203.9659967603593,135.0
VIPV20_Wp400,AUTUMN,42,20.5,home,369410.5416666668,121181.16666666674,31233.086846011378,12493.234738404528,340.0
VIPV20_Wp400,AUTUMN,42,20.5,work,3920.75,270.125,179.68892266815655,44.92223066703914,0.0
VIPV20_Wp400,AUTUMN,42,20.5,public,71545.58333333333,11257.875,13645.685344835954,2481.0336990610817,130.0
VIPV20_Wp400,AUTUMN,43,21.0,home,378119.1250000002,106469.29166666672,22055.20411452474,11027.60205726237,307.5
VIPV20_Wp400,AUTUMN,43,21.0,work,2578.2083333333335,53.708333333333336,38.65513264129181,9.663783160322952,0.0
VIPV20_Wp400,AUTUMN,43,21.0,public,71412.625,9100.458333333334,11119.517747199417,2021.7304994908031,90.0
VIPV20_Wp400,AUTUMN,44,21.5,home,386397.6250000001,95116.29166666676,19758.527414723038,9879.263707361519,277.5
VIPV20_Wp400,AUTUMN,44,21.5,work,2162.333333333333,0.0,0.0,0.0,0.0
VIPV20_Wp400,AUTUMN,44,21.5,public,70579.37499999999,7283.833333333337,9261.278251015672,1683.8687729119404,55.0
VIPV20_Wp400,AUTUMN,45,22.0,home,394597.08333333343,84561.70833333337,17623.595928340557,8811.797964170279,247.5
VIPV20_Wp400,AUTUMN,45,22.0,work,1273.1666666666667,0.0,0.0,0.0,0.0
VIPV20_Wp400,AUTUMN,45,22.0,public,69387.58333333333,5577.874999999998,7259.028722147668,1319.823404026848,20.0
VIPV20_Wp400,AUTUMN,46,22.5,home,401603.0833333332,73514.54166666664,15420.560425100768,7710.280212550384,212.5
VIPV20_Wp400,AUTUMN,46,22.5,work,339.58333333333337,0.0,0.0,0.0,0.0
VIPV20_Wp400,AUTUMN,46,22.5,public,68876.79166666667,3921.458333333333,5161.91016765857,938.5291213924668,32.5
VIPV20_Wp400,AUTUMN,47,23.0,home,407350.5,63648.75,13415.572237058095,6707.786118529048,197.5
VIPV20_Wp400,AUTUMN,47,23.0,work,92.625,0.0,0.0,0.0,0.0
VIPV20_Wp400,AUTUMN,47,23.0,public,68306.95833333331,2427.0416666666674,3281.3100888965064,596.6018343448193,7.5
VIPV20_Wp400,AUTUMN,48,23.5,home,413529.1666666666,56947.250000000015,12077.587665186438,6038.793832593219,190.0
VIPV20_Wp400,AUTUMN,48,23.5,work,58.95833333333333,0.0,0.0,0.0,0.0
VIPV20_Wp400,AUTUMN,48,23.5,public,67963.875,1772.7083333333335,2402.929602581893,436.8962913785259,10.0
VIPV20_Wp400,WINTER,1,0.0,home,425436.0,133079.29166666666,27029.86342951452,13514.931714757258,532.5
VIPV20_Wp400,WINTER,1,0.0,work,25.291666666666668,25.291666666666668,13.647665652691444,3.411916413172861,2.5
VIPV20_Wp400,WINTER,1,0.0,public,69487.5,14654.166666666662,18029.33453411811,3278.06082438511,72.5
VIPV20_Wp400,WINTER,2,0.5,home,434880.25,125619.83333333327,25730.881822488478,12865.440911244237,260.0
VIPV20_Wp400,WINTER,2,0.5,work,75.0,75.0,40.470837190847774,10.117709297711944,0.0
VIPV20_Wp400,WINTER,2,0.5,public,71775.0,12293.791666666666,15556.105145617628,2828.3827537486604,85.0
VIPV20_Wp400,WINTER,3,1.0,home,439575.0,113255.00000000006,23368.147216196234,11684.073608098115,142.5
VIPV20_Wp400,WINTER,3,1.0,work,75.0,75.0,40.470837190847774,10.117709297711944,0.0
VIPV20_Wp400,WINTER,3,1.0,public,72937.5,8186.333333333335,10477.040715234165,1904.9164936789393,22.5
VIPV20_Wp400,WINTER,4,1.5,home,441862.5,97717.08333333336,20345.23455374477,10172.617276872383,52.5
VIPV20_Wp400,WINTER,4,1.5,work,75.0,75.0,40.470837190847774,10.117709297711944,0.0
VIPV20_Wp400,WINTER,4,1.5,public,73350.0,5122.833333333332,6486.036874632735,1179.2794317514067,10.0
VIPV20_Wp400,WINTER,5,2.0,home,442725.0,80622.16666666669,16919.6576152133,8459.82880760665,17.5
VIPV20_Wp400,WINTER,5,2.0,work,75.0,64.75,34.93982277476525,8.734955693691312,0.0
VIPV20_Wp400,WINTER,5,2.0,public,73500.0,2826.833333333333,3566.9864215995663,648.5429857453756,2.5
VIPV20_Wp400,WINTER,6,2.5,home,442912.5,63624.37500000002,13463.497751764638,6731.748875882317,5.0
VIPV20_Wp400,WINTER,6,2.5,work,75.0,0.0,0.0,0.0,0.0
VIPV20_Wp400,WINTER,6,2.5,public,73500.0,727.75,920.8021151030173,167.4185663823668,0.0
VIPV20_Wp400,WINTER,7,3.0,home,442941.7916666666,48040.95833333333,10244.570147056615,5122.285073528307,0.0
VIPV20_Wp400,WINTER,7,3.0,work,75.0,0.0,0.0,0.0,0.0
VIPV20_Wp400,WINTER,7,3.0,public,73500.0,168.625,218.8406170014021,39.789203091164026,0.0
VIPV20_Wp400,WINTER,8,3.5,home,442787.125,33428.91666666666,7179.547825674652,3589.773912837326,0.0
VIPV20_Wp400,WINTER,8,3.5,work,75.0,0.0,0.0,0.0,0.0
VIPV20_Wp400,WINTER,8,3.5,public,73500.0,63.458333333333336,79.49296774893321,14.4532668634424,0.0
VIPV20_Wp400,WINTER,9,4.0,home,441937.50000000006,21878.54166666668,4728.355268604158,2364.177634302079,0.0
VIPV20_Wp400,WINTER,9,4.0,work,134.58333333333334,59.583333333333336,8.228898606127611,2.057224651531903,7.5
VIPV20_Wp400,WINTER,9,4.0,public,73451.91666666667,151.24999999999997,91.01364235221843,16.547934973130626,10.0
VIPV20_Wp400,WINTER,10,4.5,home,440040.0000000001,12419.000000000004,2697.9896122941846,1348.9948061470923,0.0
VIPV20_Wp400,WINTER,10,4.5,work,688.7083333333334,589.9166666666666,198.07306879199865,49.51826719799966,37.5
VIPV20_Wp400,WINTER,10,4.5,public,73307.33333333334,402.5,376.47654992233566,68.45028180406104,12.5
VIPV20_Wp400,WINTER,11,5.0,home,434180.625,4758.708333333333,1032.4002563508725,516.2001281754362,7.5
VIPV20_Wp400,WINTER,11,5.0,work,2405.166666666666,2160.291666666666,897.6925651106767,224.42314127766917,82.5
VIPV20_Wp400,WINTER,11,5.0,public,72986.04166666667,900.125,905.1218941446593,164.56761711721083,45.0
VIPV20_Wp400,WINTER,12,5.5,home,424845.91666666674,1290.9583333333333,278.3753755885964,139.1876877942982,7.5
VIPV20_Wp400,WINTER,12,5.5,work,6204.08333333333,5288.249999999998,2333.823210240177,583.4558025600443,160.0
VIPV20_Wp400,WINTER,12,5.5,public,72944.58333333333,2103.166666666666,1801.2419158367802,327.4985301521418,70.0
VIPV20_Wp400,WINTER,13,6.0,home,403182.875,791.9166666666667,208.10302688618088,83.24121075447233,0.0
VIPV20_Wp400,WINTER,13,6.0,work,11695.08333333334,9399.291666666664,4245.853431454676,1061.463357863669,252.5
VIPV20_Wp400,WINTER,13,6.0,public,73203.41666666667,4485.916666666665,3959.1507279128446,719.8455868932447,167.5
VIPV20_Wp400,WINTER,14,6.5,home,369015.5833333333,768.25,199.57121668775972,79.82848667510387,12.5
VIPV20_Wp400,WINTER,14,6.5,work,21820.791666666664,17193.250000000004,7839.907300416362,1959.9768251040905,385.0
VIPV20_Wp400,WINTER,14,6.5,public,72929.83333333331,8622.66666666667,7892.896483874959,1435.072087977266,215.0
VIPV20_Wp400,WINTER,15,7.0,home,310844.50000000023,1284.2083333333335,326.6125157123625,130.64500628494497,37.5
VIPV20_Wp400,WINTER,15,7.0,work,36663.83333333333,27547.375000000025,12584.744638258102,3146.1861595645255,757.5
VIPV20_Wp400,WINTER,15,7.0,public,73735.0,15499.208333333323,14521.921909182745,2640.3494380332245,562.5
VIPV20_Wp400,WINTER,16,7.5,home,240758.37500000023,2107.2083333333335,538.8832921972349,215.55331687889398,27.5
VIPV20_Wp400,WINTER,16,7.5,work,64734.87499999999,48126.70833333335,21854.64672884972,5463.66168221243,907.5
VIPV20_Wp400,WINTER,16,7.5,public,76566.79166666663,26063.291666666635,23841.111691092694,4334.747580198668,660.0
VIPV20_Wp400,WINTER,17,8.0,home,188159.9166666668,2520.958333333333,918.7851572661332,262.51004493318084,45.0
VIPV20_Wp400,WINTER,17,8.0,work,87473.00000000003,58237.75000000004,27298.802818360018,6824.7007045900045,575.0
VIPV20_Wp400,WINTER,17,8.0,public,81763.29166666667,32476.000000000015,30044.375091906462,5462.613653073901,557.5
VIPV20_Wp400,WINTER,18,8.5,home,158589.16666666666,3354.8333333333335,1155.1505167129922,330.0430047751405,85.0
VIPV20_Wp400,WINTER,18,8.5,work,98787.2083333333,51238.58333333337,25810.235602870984,6452.558900717746,305.0
VIPV20_Wp400,WINTER,18,8.5,public,86649.45833333334,31447.499999999978,31623.940276463014,5749.807322993269,455.0
VIPV20_Wp400,WINTER,19,9.0,home,137730.9166666667,6013.874999999999,2143.249506684448,612.3570019098421,152.5
VIPV20_Wp400,WINTER,19,9.0,work,105686.49999999999,41606.00000000003,22242.722994266638,5560.6807485666595,175.0
VIPV20_Wp400,WINTER,19,9.0,public,87798.9583333333,27044.333333333325,28396.41935280862,5162.985336874285,422.5
VIPV20_Wp400,WINTER,20,9.5,home,128409.50000000001,9683.25,3500.680424153122,1000.1944069008927,202.5
VIPV20_Wp400,WINTER,20,9.5,work,108824.5,31359.416666666664,17246.30383252877,4311.575958132193,122.5
VIPV20_Wp400,WINTER,20,9.5,public,87779.54166666666,24573.500000000015,27058.511702352822,4919.729400427793,457.5
VIPV20_Wp400,WINTER,21,10.0,home,117531.0,14422.000000000002,5170.235689055991,1477.2101968731406,270.0
VIPV20_Wp400,WINTER,21,10.0,work,110588.54166666667,22590.375000000004,12643.458406715676,3160.864601678919,122.5
VIPV20_Wp400,WINTER,21,10.0,public,88708.33333333326,25550.49999999999,28750.913791352777,5227.438871155039,505.0
VIPV20_Wp400,WINTER,22,10.5,home,103343.54166666667,17105.33333333333,6122.87781368905,1749.3936610540154,240.0
VIPV20_Wp400,WINTER,22,10.5,work,111899.33333333333,16884.75,9266.341014749916,2316.585253687479,102.5
VIPV20_Wp400,WINTER,22,10.5,public,88105.2916666666,26798.416666666657,29310.51286277301,5329.184156867817,497.5
VIPV20_Wp400,WINTER,23,11.0,home,94100.37499999997,21616.70833333333,7767.014077329214,2219.1468792369187,425.0
VIPV20_Wp400,WINTER,23,11.0,work,112096.79166666664,12435.95833333334,6844.531238900076,1711.132809725019,72.5
VIPV20_Wp400,WINTER,23,11.0,public,89512.66666666674,28025.916666666668,30696.642270084812,5581.207685469976,580.0
VIPV20_Wp400,WINTER,24,11.5,home,89226.08333333337,29590.749999999996,10703.329034833496,3058.0940099524305,480.0
VIPV20_Wp400,WINTER,24,11.5,work,111920.87499999999,10632.166666666664,5755.693906120839,1438.9234765302097,120.0
VIPV20_Wp400,WINTER,24,11.5,public,90731.37499999994,29618.625000000022,32587.44884221876,5924.990698585226,687.5
VIPV20_Wp400,WINTER,25,12.0,home,90941.54166666664,40153.583333333336,10323.572973791945,4129.429189516777,642.5
VIPV20_Wp400,WINTER,25,12.0,work,111988.99999999999,10234.208333333334,5399.368320168075,1349.8420800420188,115.0
VIPV20_Wp400,WINTER,25,12.0,public,92545.00000000006,32814.333333333365,37319.079055336835,6785.287100970327,615.0
VIPV20_Wp400,WINTER,26,12.5,home,92892.3333333333,48153.291666666686,12451.608319386096,4980.643327754439,575.0
VIPV20_Wp400,WINTER,26,12.5,work,112181.29166666664,10626.624999999998,5442.668388390011,1360.6670970975028,170.0
VIPV20_Wp400,WINTER,26,12.5,public,93148.74999999996,33335.50000000001,38278.24744910676,6959.6813543830485,660.0
VIPV20_Wp400,WINTER,27,13.0,home,92575.8749999999,52296.45833333336,13561.998477049618,5424.799390819845,615.0
VIPV20_Wp400,WINTER,27,13.0,work,114148.66666666663,11460.125000000004,5663.038106183069,1415.7595265457674,122.5
VIPV20_Wp400,WINTER,27,13.0,public,94792.58333333328,35832.00000000002,41357.30286139761,7519.5096111632,650.0
VIPV20_Wp400,WINTER,28,13.5,home,96575.20833333336,58452.49999999998,14978.20448330637,5991.281793322547,702.5
VIPV20_Wp400,WINTER,28,13.5,work,114532.74999999999,9678.750000000002,4972.494296611656,1243.123574152914,60.0
VIPV20_Wp400,WINTER,28,13.5,public,95272.16666666673,34457.333333333336,39880.93949151519,7251.079907548196,550.0
VIPV20_Wp400,WINTER,29,14.0,home,104924.5416666667,67304.54166666663,17124.87217463932,6849.948869855735,837.5
VIPV20_Wp400,WINTER,29,14.0,work,114107.33333333334,8748.83333333333,4717.769559922471,1179.4423899806177,77.5
VIPV20_Wp400,WINTER,29,14.0,public,90981.95833333328,31859.166666666657,36558.07550434695,6646.922818972169,577.5
VIPV20_Wp400,WINTER,30,14.5,home,113377.33333333339,74229.37500000006,18733.295583779432,7493.318233511784,765.0
VIPV20_Wp400,WINTER,30,14.5,work,112436.16666666667,7932.000000000001,4306.257765521041,1076.5644413802602,40.0
VIPV20_Wp400,WINTER,30,14.5,public,88003.95833333334,30047.0,34897.85393959638,6345.064352653885,447.5
VIPV20_Wp400,WINTER,31,15.0,home,124825.7916666668,82410.08333333333,20779.19285860879,8311.677143443523,850.0
VIPV20_Wp400,WINTER,31,15.0,work,105669.0,6091.000000000001,3405.4473916303136,851.3618479075784,12.5
VIPV20_Wp400,WINTER,31,15.0,public,84954.62499999996,27292.29166666668,32341.468871935223,5880.267067624591,530.0
VIPV20_Wp400,WINTER,32,15.5,home,141587.7916666666,91617.00000000004,23045.365543826272,9218.146217530486,1105.0
VIPV20_Wp400,WINTER,32,15.5,work,93956.7916666667,3912.0416666666656,2232.985514146306,558.2463785365765,20.0
VIPV20_Wp400,WINTER,32,15.5,public,81509.54166666667,26514.37500000003,30777.681974338037,5595.9421771523685,525.0
VIPV20_Wp400,WINTER,33,16.0,home,168799.3749999999,110547.79166666669,32990.27052197668,10996.756840658869,1382.5
VIPV20_Wp400,WINTER,33,16.0,work,78474.12499999999,2527.3333333333335,1400.3123094652642,350.07807736631605,20.0
VIPV20_Wp400,WINTER,33,16.0,public,80988.62500000004,28820.208333333336,33272.79383491819,6049.598879076026,602.5
VIPV20_Wp400,WINTER,34,16.5,home,199117.4166666667,128092.74999999984,38073.57332338181,12691.19110779396,1332.5
VIPV20_Wp400,WINTER,34,16.5,work,60427.33333333332,1919.0833333333333,1098.0639890907084,274.5159972726771,15.0
VIPV20_Wp400,WINTER,34,16.5,public,80145.29166666666,30867.249999999993,36562.89154396243,6647.79846253863,552.5
VIPV20_Wp400,WINTER,35,17.0,home,228731.41666666634,142481.0833333334,42377.57885905207,14125.859619684028,1235.0
VIPV20_Wp400,WINTER,35,17.0,work,42572.41666666666,1375.0833333333335,801.7840484946497,200.44601212366243,7.5
VIPV20_Wp400,WINTER,35,17.0,public,78769.875,32263.416666666675,37883.390568494026,6887.889194271637,580.0
VIPV20_Wp400,WINTER,36,17.5,home,254772.5000000003,150670.45833333328,45206.297921132624,15068.76597371087,1122.5
VIPV20_Wp400,WINTER,36,17.5,work,29216.541666666675,802.7916666666665,463.65604430553367,115.91401107638342,2.5
VIPV20_Wp400,WINTER,36,17.5,public,76642.41666666666,31336.333333333336,36039.62014699829,6552.6582085451355,490.0
VIPV20_Wp400,WINTER,37,18.0,home,279907.99999999994,156316.41666666674,47125.62775947334,15708.542586491147,1077.5
VIPV20_Wp400,WINTER,37,18.0,work,19858.666666666664,430.2083333333333,225.44167819219453,56.36041954804863,7.5
VIPV20_Wp400,WINTER,37,18.0,public,74434.20833333331,27636.91666666665,32281.488468801635,5869.3615397821095,375.0
VIPV20_Wp400,WINTER,38,18.5,home,301155.6250000001,157595.75,47763.399943829485,15921.133314609813,772.5
VIPV20_Wp400,WINTER,38,18.5,work,13578.749999999998,367.4583333333333,171.31422921895944,42.82855730473986,2.5
VIPV20_Wp400,WINTER,38,18.5,public,73950.04166666667,23428.625000000004,27279.045445580752,4959.82644465105,360.0
VIPV20_Wp400,WINTER,39,19.0,home,316508.0,149553.20833333337,45737.59497418196,15245.864991393977,647.5
VIPV20_Wp400,WINTER,39,19.0,work,8935.333333333332,214.83333333333334,112.17254148922852,28.04313537230713,0.0
VIPV20_Wp400,WINTER,39,19.0,public,73031.95833333331,21915.708333333336,26558.523528657923,4828.822459755989,250.0
VIPV20_Wp400,WINTER,40,19.5,home,331829.04166666674,140562.1249999999,43135.92078450796,14378.640261502616,615.0
VIPV20_Wp400,WINTER,40,19.5,work,6434.958333333333,132.95833333333334,87.1260541451089,21.781513536277224,2.5
VIPV20_Wp400,WINTER,40,19.5,public,69597.54166666669,17568.0,21258.052587466274,3865.1004704484167,177.5
VIPV20_Wp400,WINTER,41,20.0,home,345701.91666666634,132606.79166666663,27190.33376225963,13595.166881129815,432.5
VIPV20_Wp400,WINTER,41,20.0,work,4109.25,146.29166666666666,96.40573538911096,24.10143384727774,0.0
VIPV20_Wp400,WINTER,41,20.0,public,67949.20833333331,13154.58333333333,15761.977501257721,2865.8140911377664,120.0
VIPV20_Wp400,WINTER,42,20.5,home,355657.4583333333,122038.49999999997,25082.02827977842,12541.01413988921,342.5
VIPV20_Wp400,WINTER,42,20.5,work,2649.333333333333,75.0,53.97923875432526,13.494809688581315,0.0
VIPV20_Wp400,WINTER,42,20.5,public,67301.91666666666,9695.08333333333,11703.708572540972,2127.9470131892676,127.5
VIPV20_Wp400,WINTER,43,21.0,home,363866.1250000002,109024.70833333334,22518.166753962512,11259.083376981256,312.5
VIPV20_Wp400,WINTER,43,21.0,work,1778.0416666666665,79.66666666666667,57.42019288225566,14.355048220563916,2.5
VIPV20_Wp400,WINTER,43,21.0,public,66551.24999999999,8414.000000000002,10232.128107906572,1860.3869287102843,100.0
VIPV20_Wp400,WINTER,44,21.5,home,370890.875,95470.74999999997,19782.931068644706,9891.465534322353,240.0
VIPV20_Wp400,WINTER,44,21.5,work,1418.4583333333333,77.91666666666667,26.351062276706962,6.5877655691767405,2.5
VIPV20_Wp400,WINTER,44,21.5,public,66127.625,6680.375000000001,8219.207571794675,1494.401376689941,55.0
VIPV20_Wp400,WINTER,45,22.0,home,397231.7916666665,101402.0,20778.628229843536,10389.314114921768,1182.5
VIPV20_Wp400,WINTER,45,22.0,work,1045.9583333333333,61.416666666666664,14.883877482329183,3.7209693705822957,0.0
VIPV20_Wp400,WINTER,45,22.0,public,67426.29166666666,7868.958333333334,9460.201956224553,1720.036719313557,147.5
VIPV20_Wp400,WINTER,46,22.5,home,441485.74999999994,126645.54166666664,25463.480671276615,12731.740335638307,1452.5
VIPV20_Wp400,WINTER,46,22.5,work,519.7916666666667,0.0,0.0,0.0,0.0
VIPV20_Wp400,WINTER,46,22.5,public,72365.125,12240.041666666668,14068.162345782188,2557.8476992331225,245.0
VIPV20_Wp400,WINTER,47,23.0,home,482288.0000000001,149282.66666666666,29758.466006302206,14879.233003151103,1320.0
VIPV20_Wp400,WINTER,47,23.0,work,279.3333333333333,0.0,0.0,0.0,0.0
VIPV20_Wp400,WINTER,47,23.0,public,79043.20833333334,17079.75,19806.204795169615,3601.1281445762975,245.0
VIPV20_Wp400,WINTER,48,23.5,home,516092.7499999999,161791.41666666674,32433.465989346794,16216.732994673395,1030.0
VIPV20_Wp400,WINTER,48,23.5,work,117.91666666666666,0.0,0.0,0.0,0.0
VIPV20_Wp400,WINTER,48,23.5,public,85042.70833333333,19281.041666666668,23030.815489495668,4187.4209980901205,195.0
VIPV20_Wp700,SPRING,1,0.0,home,340966.875,76356.66666666666,9685.901432893364,7748.721146314684,1997.5
VIPV20_Wp700,SPRING,1,0.0,work,25.291666666666668,25.291666666666668,6.387232549982462,1.5968081374956156,2.5
VIPV20_Wp700,SPRING,1,0.0,public,56006.5,8463.916666666668,9816.834713187785,1784.879038761415,385.0
VIPV20_Wp700,SPRING,2,0.5,home,393595.5416666666,121998.62499999997,15144.118692331504,12115.29495386521,1412.5
VIPV20_Wp700,SPRING,2,0.5,work,106.54166666666667,106.54166666666667,22.99752855563363,5.749382138908407,2.5
VIPV20_Wp700,SPRING,2,0.5,public,67425.0,19381.125000000004,22028.847531058072,4005.245005646922,327.5
VIPV20_Wp700,SPRING,3,1.0,home,418462.5,135961.125,16907.177265646555,13525.74181251723,700.0
VIPV20_Wp700,SPRING,3,1.0,work,150.0,64.70833333333334,10.615238894383912,2.653809723595978,0.0
VIPV20_Wp700,SPRING,3,1.0,public,73200.0,22953.375000000004,26687.21058918119,4852.220107123851,150.0
VIPV20_Wp700,SPRING,4,1.5,home,428062.5,130639.95833333331,16466.46170042617,13173.16936034095,225.0
VIPV20_Wp700,SPRING,4,1.5,work,150.0,0.0,0.0,0.0,0.0
VIPV20_Wp700,SPRING,4,1.5,public,75600.0,19265.333333333332,23539.069914198622,4279.830893490657,62.5
VIPV20_Wp700,SPRING,5,2.0,home,431400.0,119002.66666666672,15208.403640481209,12166.722912384976,80.0
VIPV20_Wp700,SPRING,5,2.0,work,150.0,0.0,0.0,0.0,0.0
VIPV20_Wp700,SPRING,5,2.0,public,76275.0,11871.333333333336,15156.338090427547,2755.6978346231904,12.5
VIPV20_Wp700,SPRING,6,2.5,home,432450.0,104703.74999999993,13556.935595894054,10845.548476715261,25.0
VIPV20_Wp700,SPRING,6,2.5,work,150.0,0.0,0.0,0.0,0.0
VIPV20_Wp700,SPRING,6,2.5,public,76462.5,5540.750000000001,7129.851870933198,1296.336703806036,5.0
VIPV20_Wp700,SPRING,7,3.0,home,432600.0,87961.95833333328,11520.807126149231,9216.645700919395,0.0
VIPV20_Wp700,SPRING,7,3.0,work,150.0,0.0,0.0,0.0,0.0
VIPV20_Wp700,SPRING,7,3.0,public,76500.0,1750.7916666666667,2232.442089753592,405.89856177338027,0.0
VIPV20_Wp700,SPRING,8,3.5,home,432514.6666666667,70999.54166666669,9377.739704884656,7502.191763907744,0.0
VIPV20_Wp700,SPRING,8,3.5,work,150.0,0.0,0.0,0.0,0.0
VIPV20_Wp700,SPRING,8,3.5,public,76500.0,215.91666666666666,283.63983694438855,51.57087944443429,0.0
VIPV20_Wp700,SPRING,9,4.0,home,431703.4583333333,53104.9583333333,7069.516865223015,5655.613492178404,0.0
VIPV20_Wp700,SPRING,9,4.0,work,150.0,0.0,0.0,0.0,0.0
VIPV20_Wp700,SPRING,9,4.0,public,76418.25,80.33333333333333,125.12533894510808,22.750061626383285,5.0
VIPV20_Wp700,SPRING,10,4.5,home,429722.45833333343,35697.91666666668,4792.881050664203,3834.304840531356,0.0
VIPV20_Wp700,SPRING,10,4.5,work,366.0,247.12500000000003,119.55005337312723,29.887513343281807,22.5
VIPV20_Wp700,SPRING,10,4.5,public,76431.99999999999,298.4583333333333,354.3670543175524,64.43037351228226,10.0
VIPV20_Wp700,SPRING,11,5.0,home,424879.12500000023,18785.249999999985,2537.038892199828,2029.6311137598636,12.5
VIPV20_Wp700,SPRING,11,5.0,work,1902.2500000000005,1827.2500000000005,775.3593791352919,193.83984478382297,95.0
VIPV20_Wp700,SPRING,11,5.0,public,76027.79166666667,901.1666666666666,704.27485407776,128.04997346868367,55.0
VIPV20_Wp700,SPRING,12,5.5,home,414968.2916666665,3408.499999999999,449.5605043277465,359.64840346219734,5.0
VIPV20_Wp700,SPRING,12,5.5,work,5222.625,4824.75,2130.9132140426664,532.7283035106666,117.5
VIPV20_Wp700,SPRING,12,5.5,public,75718.12499999999,2179.958333333333,1746.8392266013273,317.6071321093322,60.0
VIPV20_Wp700,SPRING,13,6.0,home,393808.83333333343,645.9583333333334,161.53503381710237,64.61401352684095,2.5
VIPV20_Wp700,SPRING,13,6.0,work,10411.458333333338,8715.125000000004,4134.785813244345,1033.6964533110863,285.0
VIPV20_Wp700,SPRING,13,6.0,public,74869.04166666666,4011.8333333333335,3847.2769022709545,699.5048913219916,165.0
VIPV20_Wp700,SPRING,14,6.5,home,361304.5416666667,672.6666666666666,168.37404828512,67.34961931404798,7.5
VIPV20_Wp700,SPRING,14,6.5,work,21501.874999999996,17915.833333333336,8453.723452993554,2113.4308632483885,397.5
VIPV20_Wp700,SPRING,14,6.5,public,74396.41666666664,8443.416666666668,8110.619088547645,1474.6580160995723,245.0
VIPV20_Wp700,SPRING,15,7.0,home,304806.25000000023,1000.875,363.17525606313876,96.84673495017029,40.0
VIPV20_Wp700,SPRING,15,7.0,work,36120.95833333333,28683.791666666682,13688.431475736423,3422.1078689341057,770.0
VIPV20_Wp700,SPRING,15,7.0,public,74607.33333333334,15849.416666666666,15254.254021213734,2773.500731129766,562.5
VIPV20_Wp700,SPRING,16,7.5,home,237963.7083333334,2016.375,705.4117848462239,188.10980929232628,35.0
VIPV20_Wp700,SPRING,16,7.5,work,64626.91666666664,50094.8333333333,23913.72860630759,5978.432151576898,927.5
VIPV20_Wp700,SPRING,16,7.5,public,76799.29166666661,26400.666666666668,24138.69350228246,4388.853364051359,577.5
VIPV20_Wp700,SPRING,17,8.0,home,187425.54166666663,2399.75,932.4703194202523,233.11757985506304,40.0
VIPV20_Wp700,SPRING,17,8.0,work,87801.70833333333,61351.5416666667,29601.2183489681,7400.304587242025,560.0
VIPV20_Wp700,SPRING,17,8.0,public,80632.16666666661,31034.54166666665,29383.304812912836,5342.419056893251,512.5
VIPV20_Wp700,SPRING,18,8.5,home,159268.16666666666,2896.0,1183.78341052481,295.9458526312025,85.0
VIPV20_Wp700,SPRING,18,8.5,work,98504.16666666664,54614.70833333333,28553.442790219025,7138.360697554756,272.5
VIPV20_Wp700,SPRING,18,8.5,public,85093.00000000003,29309.416666666668,29737.593896087936,5406.835253834175,447.5
VIPV20_Wp700,SPRING,19,9.0,home,141427.9583333334,5864.125000000001,2391.043746339943,597.7609365849858,162.5
VIPV20_Wp700,SPRING,19,9.0,work,105821.00000000001,45094.333333333336,24878.837509462308,6219.709377365577,215.0
VIPV20_Wp700,SPRING,19,9.0,public,87518.04166666669,27287.166666666693,29297.066995897487,5326.7394537995415,455.0
VIPV20_Wp700,SPRING,20,9.5,home,132256.49999999994,9476.916666666666,3915.949570151205,978.9873925378013,200.0
VIPV20_Wp700,SPRING,20,9.5,work,109287.83333333337,35133.04166666667,19789.227847513048,4947.306961878262,110.0
VIPV20_Wp700,SPRING,20,9.5,public,87471.33333333337,23976.37500000002,26372.49564832464,4794.999208786296,425.0
VIPV20_Wp700,SPRING,21,10.0,home,121874.04166666669,14711.166666666664,3766.717784490543,1506.6871137962175,272.5
VIPV20_Wp700,SPRING,21,10.0,work,110091.08333333331,25173.583333333343,14441.01739621551,3610.2543490538774,110.0
VIPV20_Wp700,SPRING,21,10.0,public,88939.7916666667,24631.874999999996,27358.113121789116,4974.202385779836,485.0
VIPV20_Wp700,SPRING,22,10.5,home,109640.33333333337,18413.166666666675,4744.5609725412905,1897.8243890165145,285.0
VIPV20_Wp700,SPRING,22,10.5,work,111005.58333333334,19533.83333333333,11124.45308631906,2781.113271579765,110.0
VIPV20_Wp700,SPRING,22,10.5,public,89942.75000000006,27283.291666666646,29500.893314521403,5363.798784458429,527.5
VIPV20_Wp700,SPRING,23,11.0,home,100253.70833333339,24085.16666666668,6281.590564249594,2512.636225699839,412.5
VIPV20_Wp700,SPRING,23,11.0,work,110893.16666666666,14801.708333333332,8298.073478864202,2074.5183697160505,45.0
VIPV20_Wp700,SPRING,23,11.0,public,90429.2083333334,28783.958333333347,32292.038853529888,5871.279791550888,617.5
VIPV20_Wp700,SPRING,24,11.5,home,94967.41666666676,32789.249999999985,8537.704516338532,3415.081806535415,562.5
VIPV20_Wp700,SPRING,24,11.5,work,109384.04166666666,9958.708333333334,5492.294670905176,1373.073667726294,77.5
VIPV20_Wp700,SPRING,24,11.5,public,92362.2916666667,31989.166666666675,36963.91600747465,6720.712001359027,635.0
VIPV20_Wp700,SPRING,25,12.0,home,95590.37499999996,43854.83333333336,7847.76909120598,4484.439480689122,630.0
VIPV20_Wp700,SPRING,25,12.0,work,109011.16666666666,8622.04166666667,4452.713470803645,1113.1783677009112,132.5
VIPV20_Wp700,SPRING,25,12.0,public,92391.91666666664,32014.79166666668,36909.27652199546,6710.777549453709,652.5
VIPV20_Wp700,SPRING,26,12.5,home,97340.37500000006,51002.125,9131.61455039341,5218.065457367655,587.5
VIPV20_Wp700,SPRING,26,12.5,work,110111.04166666667,9212.250000000005,4560.070653724328,1140.017663431082,137.5
VIPV20_Wp700,SPRING,26,12.5,public,90608.5416666667,32426.625000000004,37148.170421521325,6754.212803912964,632.5
VIPV20_Wp700,SPRING,27,13.0,home,96863.37499999996,54282.16666666667,9769.457323792325,5582.547042167038,650.0
VIPV20_Wp700,SPRING,27,13.0,work,111287.54166666666,9630.875000000002,4634.114015266409,1158.5285038166023,110.0
VIPV20_Wp700,SPRING,27,13.0,public,90958.4166666668,31939.166666666686,36335.852836827835,6606.518697605071,582.5
VIPV20_Wp700,SPRING,28,13.5,home,101265.41666666667,60847.0416666667,10797.480686976878,6169.988963986783,707.5
VIPV20_Wp700,SPRING,28,13.5,work,112067.50000000001,8719.66666666667,4567.220927246241,1141.8052318115604,67.5
VIPV20_Wp700,SPRING,28,13.5,public,90653.91666666661,31959.916666666682,36635.42681822673,6660.986694223035,520.0
VIPV20_Wp700,SPRING,29,14.0,home,110180.45833333331,69713.95833333331,12318.440652363886,7039.108944207944,850.0
VIPV20_Wp700,SPRING,29,14.0,work,110735.33333333333,7910.374999999999,4235.353482722074,1058.8383706805184,67.5
VIPV20_Wp700,SPRING,29,14.0,public,88165.16666666669,31148.541666666628,36679.178837898704,6668.941606890665,595.0
VIPV20_Wp700,SPRING,30,14.5,home,119490.87500000001,76347.4166666667,13455.623475071901,7688.927700041064,810.0
VIPV20_Wp700,SPRING,30,14.5,work,109548.54166666672,7142.791666666669,3895.0225865686025,973.7556466421506,27.5
VIPV20_Wp700,SPRING,30,14.5,public,87219.08333333331,30760.083333333325,36155.92556492632,6573.804648168425,505.0
VIPV20_Wp700,SPRING,31,15.0,home,131532.79166666663,84518.50000000015,14856.926572517186,8489.672327152683,962.5
VIPV20_Wp700,SPRING,31,15.0,work,103391.33333333331,5485.708333333335,3109.885945970485,777.4714864926212,17.5
VIPV20_Wp700,SPRING,31,15.0,public,86287.08333333327,29215.499999999993,33927.31627878395,6168.602959778902,532.5
VIPV20_Wp700,SPRING,32,15.5,home,149943.91666666654,95975.41666666672,16726.587453126136,9558.049973214951,1115.0
VIPV20_Wp700,SPRING,32,15.5,work,92107.20833333333,3677.1249999999995,2144.213702712041,536.0534256780103,22.5
VIPV20_Wp700,SPRING,32,15.5,public,83006.33333333334,29048.874999999993,32972.108315839454,5994.928784698081,535.0
VIPV20_Wp700,SPRING,33,16.0,home,174080.0833333333,109847.41666666674,27350.898111755167,10940.359244702078,1185.0
VIPV20_Wp700,SPRING,33,16.0,work,76169.83333333333,2650.9583333333335,1482.7563258777755,370.68908146944386,20.0
VIPV20_Wp700,SPRING,33,16.0,public,79976.66666666661,28689.208333333343,33462.45227078765,6084.082231052296,522.5
VIPV20_Wp700,SPRING,34,16.5,home,202640.50000000003,126214.58333333324,31227.44111712093,12490.976446848374,1335.0
VIPV20_Wp700,SPRING,34,16.5,work,58572.66666666668,2282.1250000000005,1303.2163018890658,325.80407547226645,15.0
VIPV20_Wp700,SPRING,34,16.5,public,78107.16666666666,28878.24999999998,32828.83543057,5968.87916919455,557.5
VIPV20_Wp700,SPRING,35,17.0,home,230466.2499999998,138849.00000000012,48060.32998131743,13731.52285180498,1150.0
VIPV20_Wp700,SPRING,35,17.0,work,41415.75000000001,1299.0416666666667,667.8624605991431,166.96561514978578,7.5
VIPV20_Wp700,SPRING,35,17.0,public,76210.33333333343,28105.583333333343,32148.033679397722,5845.097032617772,492.5
VIPV20_Wp700,SPRING,36,17.5,home,253319.3750000001,141524.74999999997,49282.98076061852,14080.851645891049,1015.0
VIPV20_Wp700,SPRING,36,17.5,work,28692.708333333343,703.2500000000001,364.09624716930375,91.02406179232594,7.5
VIPV20_Wp700,SPRING,36,17.5,public,72504.3333333333,25871.29166666665,30826.93524685414,5604.897317609844,447.5
VIPV20_Wp700,SPRING,37,18.0,home,276048.9583333333,144161.20833333308,50382.58760984931,14395.025031385521,987.5
VIPV20_Wp700,SPRING,37,18.0,work,19629.708333333336,548.2083333333333,283.34835582098475,70.83708895524619,5.0
VIPV20_Wp700,SPRING,37,18.0,public,70645.16666666666,24219.91666666666,28726.12879992267,5222.932509076856,360.0
VIPV20_Wp700,SPRING,38,18.5,home,294410.45833333343,141723.58333333337,49941.68549369908,14269.052998199757,672.5
VIPV20_Wp700,SPRING,38,18.5,work,13327.166666666664,338.75,175.40854533042807,43.85213633260702,0.0
VIPV20_Wp700,SPRING,38,18.5,public,68054.08333333333,21330.125000000004,24564.80228418248,4466.327688033184,307.5
VIPV20_Wp700,SPRING,39,19.0,home,307034.9166666665,132830.0000000001,47040.31726658179,13440.090647594814,560.0
VIPV20_Wp700,SPRING,39,19.0,work,9376.708333333334,336.25,181.71224985050964,45.42806246262741,7.5
VIPV20_Wp700,SPRING,39,19.0,public,66309.37500000001,17402.41666666667,20417.203081464602,3712.21874208447,197.5
VIPV20_Wp700,SPRING,40,19.5,home,320611.41666666674,125064.37499999997,44528.11705265317,12722.319157900918,485.0
VIPV20_Wp700,SPRING,40,19.5,work,7092.5,465.54166666666663,290.70029841823106,72.67507460455776,10.0
VIPV20_Wp700,SPRING,40,19.5,public,64278.041666666686,13489.208333333334,16239.327109231188,2952.604928951128,177.5
VIPV20_Wp700,SPRING,41,20.0,home,330753.62500000006,112728.125,40469.88472474786,11562.824207070838,327.5
VIPV20_Wp700,SPRING,41,20.0,work,5183.541666666666,471.95833333333326,298.50146251321814,74.62536562830454,0.0
VIPV20_Wp700,SPRING,41,20.0,public,63846.16666666665,11422.791666666664,13752.919219965484,2500.53076726645,137.5
VIPV20_Wp700,SPRING,42,20.5,home,339290.7083333334,101488.7916666666,36589.364686032364,10454.104196009268,320.0
VIPV20_Wp700,SPRING,42,20.5,work,3530.083333333333,215.04166666666666,140.3672087957864,35.0918021989466,0.0
VIPV20_Wp700,SPRING,42,20.5,public,62704.79166666666,9240.41666666667,10688.485029255942,1943.3609144101715,112.5
VIPV20_Wp700,SPRING,43,21.0,home,347290.0,89411.12500000001,32395.19494331203,9255.769983803466,272.5
VIPV20_Wp700,SPRING,43,21.0,work,2118.2916666666665,81.58333333333333,49.42143952797654,12.355359881994135,0.0
VIPV20_Wp700,SPRING,43,21.0,public,62349.70833333335,6893.833333333331,8223.85383592606,1495.2461519865558,87.5
VIPV20_Wp700,SPRING,44,21.5,home,353757.70833333326,78511.20833333331,28548.40411366904,8156.6868896197475,235.0
VIPV20_Wp700,SPRING,44,21.5,work,1442.8333333333333,48.041666666666664,28.957195894300067,7.239298973575017,0.0
VIPV20_Wp700,SPRING,44,21.5,public,61612.125000000015,5212.500000000001,6518.25935013286,1185.1380636605197,37.5
VIPV20_Wp700,SPRING,45,22.0,home,362077.95833333326,71891.08333333333,14976.491616857766,7488.245808428883,265.0
VIPV20_Wp700,SPRING,45,22.0,work,774.25,0.0,0.0,0.0,0.0
VIPV20_Wp700,SPRING,45,22.0,public,61019.45833333333,3931.0833333333335,5154.947319853701,937.2631490643089,22.5
VIPV20_Wp700,SPRING,46,22.5,home,368782.9583333333,64613.16666666668,13524.187412030262,6762.093706015131,187.5
VIPV20_Wp700,SPRING,46,22.5,work,199.0,0.0,0.0,0.0,0.0
VIPV20_Wp700,SPRING,46,22.5,public,60624.666666666664,3164.7083333333326,4303.881286014382,782.5238701844333,20.0
VIPV20_Wp700,SPRING,47,23.0,home,372861.8333333334,57416.45833333331,12092.685321876133,6046.342660938066,160.0
VIPV20_Wp700,SPRING,47,23.0,work,17.625,0.0,0.0,0.0,0.0
VIPV20_Wp700,SPRING,47,23.0,public,60631.75000000001,2902.8750000000005,3937.528854090954,715.9143371074463,20.0
VIPV20_Wp700,SPRING,48,23.5,home,378266.62499999994,51693.20833333334,10955.496754445143,5477.74837722257,152.5
VIPV20_Wp700,SPRING,48,23.5,work,0.0,0.0,0.0,0.0,0.0
VIPV20_Wp700,SPRING,48,23.5,public,60680.041666666664,2198.7916666666665,3004.035404625109,546.1882553863836,5.0
VIPV20_Wp700,SUMMER,1,0.0,home,421004.0,129679.41666666667,26350.328540505776,13175.164270252886,435.0
VIPV20_Wp700,SUMMER,1,0.0,work,25.291666666666668,25.291666666666668,14.709725002634075,3.6774312506585187,2.5
VIPV20_Wp700,SUMMER,1,0.0,public,69572.0,14534.625,17393.336905805703,3162.4248919646725,110.0
VIPV20_Wp700,SUMMER,2,0.5,home,428212.4166666666,120481.54166666661,24651.208598158537,12325.604299079268,207.5
VIPV20_Wp700,SUMMER,2,0.5,work,75.0,75.0,43.62027183647666,10.905067959119165,0.0
VIPV20_Wp700,SUMMER,2,0.5,public,72300.0,12250.458333333334,14648.366333974882,2663.3393334499833,82.5
VIPV20_Wp700,SUMMER,3,1.0,home,431925.0,106676.9583333333,22000.20343538942,11000.101717694708,95.0
VIPV20_Wp700,SUMMER,3,1.0,work,75.0,75.0,43.62027183647666,10.905067959119165,0.0
VIPV20_Wp700,SUMMER,3,1.0,public,73237.5,8049.54166666667,9839.642381722364,1789.0258875858835,20.0
VIPV20_Wp700,SUMMER,4,1.5,home,433612.5,92359.45833333334,19188.64693027796,9594.32346513898,42.5
VIPV20_Wp700,SUMMER,4,1.5,work,75.0,75.0,43.62027183647666,10.905067959119165,0.0
VIPV20_Wp700,SUMMER,4,1.5,public,73612.5,4827.958333333333,6093.674303154333,1107.9407823916968,10.0
VIPV20_Wp700,SUMMER,5,2.0,home,434175.0,75763.41666666663,15890.138960829654,7945.069480414827,12.5
VIPV20_Wp700,SUMMER,5,2.0,work,75.0,75.0,43.62027183647666,10.905067959119165,0.0
VIPV20_Wp700,SUMMER,5,2.0,public,73725.0,2538.208333333333,3229.8912098654114,587.2529472482564,2.5
VIPV20_Wp700,SUMMER,6,2.5,home,434400.0,58620.5416666667,12411.17374119021,6205.586870595105,5.0
VIPV20_Wp700,SUMMER,6,2.5,work,75.0,70.16666666666667,40.809187651459276,10.202296912864819,0.0
VIPV20_Wp700,SUMMER,6,2.5,public,73725.0,1029.8333333333333,1347.4838637999878,244.99706614545232,0.0
VIPV20_Wp700,SUMMER,7,3.0,home,434400.0,43161.70833333333,9208.255363627637,4604.1276818138185,0.0
VIPV20_Wp700,SUMMER,7,3.0,work,75.0,0.0,0.0,0.0,0.0
VIPV20_Wp700,SUMMER,7,3.0,public,73725.0,228.91666666666669,284.03283685445507,51.64233397353728,0.0
VIPV20_Wp700,SUMMER,8,3.5,home,434269.4583333333,28044.33333333334,6022.532636711163,3011.2663183555815,0.0
VIPV20_Wp700,SUMMER,8,3.5,work,75.0,0.0,0.0,0.0,0.0
VIPV20_Wp700,SUMMER,8,3.5,public,73725.0,0.0,0.0,0.0,0.0
VIPV20_Wp700,SUMMER,9,4.0,home,433278.91666666674,13984.41666666667,3025.080276705661,1512.5401383528306,0.0
VIPV20_Wp700,SUMMER,9,4.0,work,229.875,154.875,70.70983152986771,17.67745788246693,10.0
VIPV20_Wp700,SUMMER,9,4.0,public,73693.125,64.20833333333333,25.528614457831328,4.641566265060241,2.5
VIPV20_Wp700,SUMMER,10,4.5,home,431486.0416666667,4385.958333333334,963.3943628183284,481.6971814091642,0.0
VIPV20_Wp700,SUMMER,10,4.5,work,715.7083333333335,602.0833333333334,278.48809468303153,69.62202367075788,30.0
VIPV20_Wp700,SUMMER,10,4.5,public,73652.375,307.00000000000006,164.92909504142105,29.987108189349282,12.5
VIPV20_Wp700,SUMMER,11,5.0,home,426321.1666666666,2100.583333333333,582.2590659608519,232.90362638434075,5.0
VIPV20_Wp700,SUMMER,11,5.0,work,2232.416666666667,1950.0416666666665,857.6210398604208,214.4052599651052,75.0
VIPV20_Wp700,SUMMER,11,5.0,public,73791.83333333331,934.9166666666666,857.5034870552776,155.90972491914135,52.5
VIPV20_Wp700,SUMMER,12,5.5,home,417108.9166666668,1405.375,385.01915289891554,154.0076611595662,5.0
VIPV20_Wp700,SUMMER,12,5.5,work,5561.499999999998,4895.666666666666,2228.2137260451855,557.0534315112964,145.0
VIPV20_Wp700,SUMMER,12,5.5,public,73920.45833333333,2225.0416666666665,2010.8142109560092,365.6025838101835,85.0
VIPV20_Wp700,SUMMER,13,6.0,home,395177.04166666645,1023.2083333333334,276.2223530560352,110.4889412224141,7.5
VIPV20_Wp700,SUMMER,13,6.0,work,11240.833333333338,9542.291666666668,4344.6342115798325,1086.1585528949581,292.5
VIPV20_Wp700,SUMMER,13,6.0,public,73896.29166666664,4782.458333333335,4326.06798045976,786.5578146290467,182.5
VIPV20_Wp700,SUMMER,14,6.5,home,362535.3750000001,840.7083333333334,209.13706351683317,83.65482540673325,2.5
VIPV20_Wp700,SUMMER,14,6.5,work,22150.791666666664,18184.333333333325,8338.897893101355,2084.724473275339,395.0
VIPV20_Wp700,SUMMER,14,6.5,public,74429.91666666667,9813.749999999998,8546.05707804614,1553.8285596447513,247.5
VIPV20_Wp700,SUMMER,15,7.0,home,306196.041666667,1083.5833333333333,267.76337174997053,107.1053486999882,42.5
VIPV20_Wp700,SUMMER,15,7.0,work,36984.916666666686,27724.458333333332,12779.148577042835,3194.787144260709,780.0
VIPV20_Wp700,SUMMER,15,7.0,public,73477.00000000001,15181.458333333334,13509.174888069785,2456.2136160126847,495.0
VIPV20_Wp700,SUMMER,16,7.5,home,239499.37499999983,1994.0833333333337,514.8817311674129,205.95269246696517,32.5
VIPV20_Wp700,SUMMER,16,7.5,work,64429.33333333336,47775.70833333339,22271.90421975171,5567.976054937927,857.5
VIPV20_Wp700,SUMMER,16,7.5,public,75283.70833333333,23082.666666666664,21440.031976005896,3898.1876320010674,560.0
VIPV20_Wp700,SUMMER,17,8.0,home,189280.70833333328,2883.833333333333,860.8593439844975,299.42933703808603,45.0
VIPV20_Wp700,SUMMER,17,8.0,work,86519.7916666667,58080.79166666668,28290.59335110404,7072.64833777601,530.0
VIPV20_Wp700,SUMMER,17,8.0,public,80799.7083333334,29231.958333333336,28411.824463688296,5165.786266125148,565.0
VIPV20_Wp700,SUMMER,18,8.5,home,158717.7083333333,3407.999999999999,1039.446122217202,361.5464772929396,95.0
VIPV20_Wp700,SUMMER,18,8.5,work,96414.24999999996,52275.12499999998,26944.04501843324,6736.01125460831,275.0
VIPV20_Wp700,SUMMER,18,8.5,public,84401.20833333333,29875.583333333336,30915.179753460256,5620.941773356407,437.5
VIPV20_Wp700,SUMMER,19,9.0,home,137467.08333333337,6218.125000000001,1885.4126475779717,655.7957035053813,142.5
VIPV20_Wp700,SUMMER,19,9.0,work,102430.45833333333,42566.0,22711.85363191789,5677.963407979472,150.0
VIPV20_Wp700,SUMMER,19,9.0,public,84240.45833333337,26802.625000000004,27909.408977800053,5074.437995963646,407.5
VIPV20_Wp700,SUMMER,20,9.5,home,128336.12499999993,10268.875,2966.4893093964442,1031.8223684857198,240.0
VIPV20_Wp700,SUMMER,20,9.5,work,105043.75000000003,30766.916666666682,16959.21921259233,4239.804803148082,127.5
VIPV20_Wp700,SUMMER,20,9.5,public,83718.75000000006,22832.916666666664,25127.24128899345,4568.589325271536,422.5
VIPV20_Wp700,SUMMER,21,10.0,home,119660.79166666672,15884.499999999996,3637.6018081564716,1616.7119147362096,320.0
VIPV20_Wp700,SUMMER,21,10.0,work,106682.37499999999,21765.91666666666,12217.437690516894,3054.3594226292234,120.0
VIPV20_Wp700,SUMMER,21,10.0,public,84955.12500000003,23796.91666666669,26967.24468902319,4903.135398004211,522.5
VIPV20_Wp700,SUMMER,22,10.5,home,108176.7083333334,20354.00000000001,4673.404955700625,2077.068869200276,320.0
VIPV20_Wp700,SUMMER,22,10.5,work,107313.99999999999,15996.541666666668,8832.794442809813,2208.198610702453,92.5
VIPV20_Wp700,SUMMER,22,10.5,public,87241.70833333324,28202.66666666665,31197.125197341586,5672.204581334839,577.5
VIPV20_Wp700,SUMMER,23,11.0,home,99562.20833333326,26038.708333333314,6006.133831041614,2669.3928137962785,447.5
VIPV20_Wp700,SUMMER,23,11.0,work,107309.04166666669,11960.20833333334,6625.345280076318,1656.3363200190795,75.0
VIPV20_Wp700,SUMMER,23,11.0,public,88920.74999999999,29922.041666666686,33728.358756743706,6132.428864862492,582.5
VIPV20_Wp700,SUMMER,24,11.5,home,93559.49999999996,33773.79166666665,7809.678583352983,3470.968259267996,485.0
VIPV20_Wp700,SUMMER,24,11.5,work,105829.37500000001,9287.791666666664,5080.738261674451,1270.1845654186127,77.5
VIPV20_Wp700,SUMMER,24,11.5,public,88908.58333333336,30636.499999999996,35055.356611592906,6373.701202107802,605.0
VIPV20_Wp700,SUMMER,25,12.0,home,92708.95833333333,40776.0,9457.034506586899,4203.126447371958,585.0
VIPV20_Wp700,SUMMER,25,12.0,work,105614.12499999997,9216.541666666666,4841.492559135303,1210.3731397838258,130.0
VIPV20_Wp700,SUMMER,25,12.0,public,87991.625,30977.99999999999,36447.39867342613,6626.799758804755,622.5
VIPV20_Wp700,SUMMER,26,12.5,home,93538.12499999999,47702.95833333333,11086.800117236784,4927.466718771908,587.5
VIPV20_Wp700,SUMMER,26,12.5,work,106424.58333333336,10027.125000000002,5014.2865446122205,1253.5716361530551,155.0
VIPV20_Wp700,SUMMER,26,12.5,public,87781.24999999993,32558.54166666667,37218.414561957485,6766.984465810452,705.0
VIPV20_Wp700,SUMMER,27,13.0,home,92314.79166666657,50926.04166666668,11799.301585572815,5244.1340380323645,625.0
VIPV20_Wp700,SUMMER,27,13.0,work,107693.29166666666,10751.833333333334,5351.023738615463,1337.7559346538658,115.0
VIPV20_Wp700,SUMMER,27,13.0,public,89703.41666666667,33743.58333333332,38417.982208268906,6985.087674230708,552.5
VIPV20_Wp700,SUMMER,28,13.5,home,97584.08333333331,57209.50000000002,13163.074779947014,5850.255457754226,632.5
VIPV20_Wp700,SUMMER,28,13.5,work,108199.75,9730.541666666666,5106.768912217663,1276.6922280544156,60.0
VIPV20_Wp700,SUMMER,28,13.5,public,89110.62500000004,31723.541666666657,36787.730004303405,6688.678182600618,502.5
VIPV20_Wp700,SUMMER,29,14.0,home,106093.70833333339,66248.16666666666,15168.208447204826,6741.425976535476,870.0
VIPV20_Wp700,SUMMER,29,14.0,work,107861.83333333333,9056.624999999998,4832.7533740916615,1208.1883435229154,87.5
VIPV20_Wp700,SUMMER,29,14.0,public,86015.45833333339,29310.99999999998,33081.66533764575,6014.848243208323,550.0
VIPV20_Wp700,SUMMER,30,14.5,home,115372.20833333339,73492.54166666672,16743.60780042939,7441.6034668575085,825.0
VIPV20_Wp700,SUMMER,30,14.5,work,106785.45833333331,8149.666666666667,4483.3682689719735,1120.8420672429934,32.5
VIPV20_Wp700,SUMMER,30,14.5,public,85640.04166666666,28664.583333333332,33681.964958793804,6123.993628871601,530.0
VIPV20_Wp700,SUMMER,31,15.0,home,130278.79166666664,84422.37500000006,19158.31688538179,8514.80750461414,950.0
VIPV20_Wp700,SUMMER,31,15.0,work,101333.66666666667,6048.833333333335,3440.235991104776,860.058997776194,20.0
VIPV20_Wp700,SUMMER,31,15.0,public,86218.45833333339,29542.291666666657,35040.3962707138,6370.981140129786,592.5
VIPV20_Wp700,SUMMER,32,15.5,home,148498.125,95711.0416666667,21676.008176053183,9633.781411579175,1112.5
VIPV20_Wp700,SUMMER,32,15.5,work,90141.0833333333,4432.125000000001,2529.532183419635,632.3830458549088,12.5
VIPV20_Wp700,SUMMER,32,15.5,public,84343.79166666664,29085.12500000002,34834.76200850927,6333.593092456228,515.0
VIPV20_Wp700,SUMMER,33,16.0,home,174548.4166666668,111587.83333333333,25118.170766316976,11163.631451696361,1320.0
VIPV20_Wp700,SUMMER,33,16.0,work,73961.9583333333,3125.6249999999995,1776.3044993460476,444.0761248365119,10.0
VIPV20_Wp700,SUMMER,33,16.0,public,82942.33333333327,31367.416666666686,37033.27602198572,6733.322913088319,622.5
VIPV20_Wp700,SUMMER,34,16.5,home,204518.54166666683,130374.9166666666,29186.363411475097,12971.717071766687,1427.5
VIPV20_Wp700,SUMMER,34,16.5,work,56652.458333333365,2321.4583333333335,1358.0395623558577,339.5098905889644,15.0
VIPV20_Wp700,SUMMER,34,16.5,public,82717.8333333333,32448.00000000001,37076.98639215304,6741.270253118718,570.0
VIPV20_Wp700,SUMMER,35,17.0,home,235497.33333333343,146667.62499999985,43626.84500090217,14542.281666967372,1192.5
VIPV20_Wp700,SUMMER,35,17.0,work,39809.70833333334,1177.1666666666667,675.4014357497879,168.85035893744697,10.0
VIPV20_Wp700,SUMMER,35,17.0,public,78516.45833333337,30155.74999999997,34964.8940075669,6357.253455921265,510.0
VIPV20_Wp700,SUMMER,36,17.5,home,260874.37499999988,152484.4583333335,45703.26149935763,15234.420499785849,1140.0
VIPV20_Wp700,SUMMER,36,17.5,work,27417.16666666667,522.2916666666666,265.56998510739487,66.39249627684872,7.5
VIPV20_Wp700,SUMMER,36,17.5,public,77189.91666666661,27800.749999999993,32920.88635083113,5985.61570015111,425.0
VIPV20_Wp700,SUMMER,37,18.0,home,285920.8333333333,157595.2083333335,47413.255552297036,15804.418517432356,1072.5
VIPV20_Wp700,SUMMER,37,18.0,work,18560.12499999999,572.0000000000001,295.073673800054,73.7684184500135,7.5
VIPV20_Wp700,SUMMER,37,18.0,public,75310.45833333333,25464.750000000004,30452.934139569647,5536.897116285395,360.0
VIPV20_Wp700,SUMMER,38,18.5,home,306122.2916666666,155864.8333333331,47146.202944080746,15715.400981360242,717.5
VIPV20_Wp700,SUMMER,38,18.5,work,12422.458333333338,414.08333333333337,229.91931835046518,57.479829587616294,0.0
VIPV20_Wp700,SUMMER,38,18.5,public,73883.95833333336,21943.62499999998,24911.027973661578,4529.277813393019,300.0
VIPV20_Wp700,SUMMER,39,19.0,home,319580.2916666663,145312.2916666668,44283.83424289651,14761.278080965492,577.5
VIPV20_Wp700,SUMMER,39,19.0,work,8408.0,388.9583333333333,248.96796763637832,62.24199190909458,5.0
VIPV20_Wp700,SUMMER,39,19.0,public,71875.08333333331,18343.416666666664,21276.92210560327,3868.531291927873,172.5
VIPV20_Wp700,SUMMER,40,19.5,home,333243.8333333336,133905.66666666666,41099.09197932202,13699.697326440664,532.5
VIPV20_Wp700,SUMMER,40,19.5,work,6031.208333333334,516.6666666666666,362.55683746112084,90.63920936528021,7.5
VIPV20_Wp700,SUMMER,40,19.5,public,70510.41666666664,15085.875,17948.340141263765,3263.3345711388642,182.5
VIPV20_Wp700,SUMMER,41,20.0,home,345286.75000000006,123222.41666666663,31609.370822550376,12643.748329020147,402.5
VIPV20_Wp700,SUMMER,41,20.0,work,4404.916666666666,486.2916666666667,346.34860140168433,86.58715035042108,0.0
VIPV20_Wp700,SUMMER,41,20.0,public,69594.66666666669,12305.54166666667,14755.836048982881,2682.8792816332525,117.5
VIPV20_Wp700,SUMMER,42,20.5,home,354483.375,112143.74999999993,28892.730246044463,11557.092098417805,322.5
VIPV20_Wp700,SUMMER,42,20.5,work,2931.041666666666,356.7083333333333,255.56244148020184,63.89061037005046,0.0
VIPV20_Wp700,SUMMER,42,20.5,public,68641.04166666667,9648.416666666668,11554.117755277826,2100.7486827777857,127.5
VIPV20_Wp700,SUMMER,43,21.0,home,362764.04166666686,100709.91666666667,26029.337964188002,10411.73518567522,295.0
VIPV20_Wp700,SUMMER,43,21.0,work,1758.5,133.5,78.66244418403286,19.665611046008216,5.0
VIPV20_Wp700,SUMMER,43,21.0,public,67644.12499999997,7473.625000000003,8997.582148132358,1635.9240269331558,72.5
VIPV20_Wp700,SUMMER,44,21.5,home,369414.7083333333,87468.25,22668.31143618669,9067.324574474684,212.5
VIPV20_Wp700,SUMMER,44,21.5,work,1209.5416666666665,79.125,46.48717823905361,11.621794559763403,0.0
VIPV20_Wp700,SUMMER,44,21.5,public,66769.29166666666,5821.666666666668,7041.724829975598,1280.3136054501085,57.5
VIPV20_Wp700,SUMMER,45,22.0,home,397433.33333333326,97123.12500000004,19972.869972982113,9986.434986491056,1227.5
VIPV20_Wp700,SUMMER,45,22.0,work,744.5416666666666,0.0,0.0,0.0,0.0
VIPV20_Wp700,SUMMER,45,22.0,public,68831.99999999999,7517.875000000002,8937.501275418657,1625.0002318943011,170.0
VIPV20_Wp700,SUMMER,46,22.5,home,441444.875,125489.41666666664,25378.804434093967,12689.402217046983,1450.0
VIPV20_Wp700,SUMMER,46,22.5,work,204.83333333333331,0.0,0.0,0.0,0.0
VIPV20_Wp700,SUMMER,46,22.5,public,73539.91666666667,11403.000000000005,13175.7385343363,2395.5888244247817,202.5
VIPV20_Wp700,SUMMER,47,23.0,home,480012.9583333334,147430.49999999997,29474.241016135747,14737.120508067874,1257.5
VIPV20_Wp700,SUMMER,47,23.0,work,97.16666666666667,0.0,0.0,0.0,0.0
VIPV20_Wp700,SUMMER,47,23.0,public,79293.20833333333,15683.374999999998,18410.414786044203,3347.3481429171256,197.5
VIPV20_Wp700,SUMMER,48,23.5,home,511958.87499999994,161301.70833333328,32266.50731915915,16133.253659579574,950.0
VIPV20_Wp700,SUMMER,48,23.5,work,16.333333333333332,0.0,0.0,0.0,0.0
VIPV20_Wp700,SUMMER,48,23.5,public,84667.87499999999,17592.66666666666,21111.22480693341,3838.404510351529,192.5
VIPV20_Wp700,AUTUMN,1,0.0,home,360591.3333333333,77332.875,11788.280635251338,7858.853756834216,1917.5
VIPV20_Wp700,AUTUMN,1,0.0,work,0.0,0.0,0.0,0.0,0.0
VIPV20_Wp700,AUTUMN,1,0.0,public,59859.5,8591.125,10246.449102274284,1862.990745868052,365.0
VIPV20_Wp700,AUTUMN,2,0.5,home,412524.125,122436.16666666666,18254.454426059383,12169.63628403959,1462.5
VIPV20_Wp700,AUTUMN,2,0.5,work,0.0,0.0,0.0,0.0,0.0
VIPV20_Wp700,AUTUMN,2,0.5,public,69825.0,17959.0,20703.61530409825,3764.2936916542285,272.5
VIPV20_Wp700,AUTUMN,3,1.0,home,438037.5,136886.41666666674,20440.21093196566,13626.807287977126,667.5
VIPV20_Wp700,AUTUMN,3,1.0,work,0.0,0.0,0.0,0.0,0.0
VIPV20_Wp700,AUTUMN,3,1.0,public,74512.5,20420.5,24182.000149220305,4396.727299858238,130.0
VIPV20_Wp700,AUTUMN,4,1.5,home,447682.375,131649.9166666667,19918.32344452881,13278.882296352525,242.5
VIPV20_Wp700,AUTUMN,4,1.5,work,0.0,0.0,0.0,0.0,0.0
VIPV20_Wp700,AUTUMN,4,1.5,public,77000.87499999999,17741.75,21707.772738266332,3946.8677705938803,75.0
VIPV20_Wp700,AUTUMN,5,2.0,home,450750.0,119340.08333333337,18321.652124988177,12214.434749992122,72.5
VIPV20_Wp700,AUTUMN,5,2.0,work,0.0,0.0,0.0,0.0,0.0
VIPV20_Wp700,AUTUMN,5,2.0,public,78075.0,11382.291666666666,14264.406240845516,2593.5284074264573,25.0
VIPV20_Wp700,AUTUMN,6,2.5,home,451462.5,104160.4583333334,16201.231211686729,10800.820807791139,12.5
VIPV20_Wp700,AUTUMN,6,2.5,work,0.0,0.0,0.0,0.0,0.0
VIPV20_Wp700,AUTUMN,6,2.5,public,78300.0,5243.916666666666,6850.997362750067,1245.635884136376,0.0
VIPV20_Wp700,AUTUMN,7,3.0,home,451641.7916666666,87428.125,13737.405541349677,9158.270360899776,5.0
VIPV20_Wp700,AUTUMN,7,3.0,work,18.25,18.25,10.165951027039576,2.541487756759894,2.5
VIPV20_Wp700,AUTUMN,7,3.0,public,78375.0,2299.833333333334,3001.582731683353,545.7423148515188,2.5
VIPV20_Wp700,AUTUMN,8,3.5,home,451447.0,71377.54166666667,11312.795077942923,7541.863385295274,0.0
VIPV20_Wp700,AUTUMN,8,3.5,work,75.0,75.0,41.77788093303935,10.444470233259837,0.0
VIPV20_Wp700,AUTUMN,8,3.5,public,78375.0,755.4166666666667,961.1367349309859,174.7521336238156,0.0
VIPV20_Wp700,AUTUMN,9,4.0,home,450478.49999999994,54320.41666666666,8686.494869628337,5790.996579752227,0.0
VIPV20_Wp700,AUTUMN,9,4.0,work,121.45833333333333,121.45833333333333,71.25086824577095,17.812717061442736,5.0
VIPV20_Wp700,AUTUMN,9,4.0,public,78483.41666666666,333.25,307.2850539366401,55.870009806661834,15.0
VIPV20_Wp700,AUTUMN,10,4.5,home,448665.79166666657,37844.916666666664,6099.457125721468,4066.3047504809792,0.0
VIPV20_Wp700,AUTUMN,10,4.5,work,515.5833333333333,515.5833333333333,240.16472560251677,60.04118140062919,25.0
VIPV20_Wp700,AUTUMN,10,4.5,public,78468.29166666667,564.5833333333333,465.2828758646509,84.59688652084563,12.5
VIPV20_Wp700,AUTUMN,11,5.0,home,443309.7083333334,20552.20833333333,3327.709590273539,2218.473060182359,7.5
VIPV20_Wp700,AUTUMN,11,5.0,work,1766.0416666666665,1743.2916666666665,818.6918692824431,204.67296732061078,70.0
VIPV20_Wp700,AUTUMN,11,5.0,public,77861.33333333334,960.9166666666666,971.7823142928924,176.68769350779863,40.0
VIPV20_Wp700,AUTUMN,12,5.5,home,433805.875,3210.458333333332,514.0523947370694,342.7015964913797,7.5
VIPV20_Wp700,AUTUMN,12,5.5,work,5183.708333333331,4694.041666666665,2077.375609000884,519.343902250221,157.5
VIPV20_Wp700,AUTUMN,12,5.5,public,77827.20833333331,2466.1666666666665,2298.626614494555,417.93211172628247,85.0
VIPV20_Wp700,AUTUMN,13,6.0,home,411285.33333333343,719.5,181.35826941404105,72.54330776561642,2.5
VIPV20_Wp700,AUTUMN,13,6.0,work,11212.708333333334,9527.708333333336,4121.461645925453,1030.3654114813633,272.5
VIPV20_Wp700,AUTUMN,13,6.0,public,78843.12500000001,5486.875000000001,4933.43359423507,896.987926224558,205.0
VIPV20_Wp700,AUTUMN,14,6.5,home,377154.62499999977,585.2083333333334,149.65120579895253,59.860482319581,7.5
VIPV20_Wp700,AUTUMN,14,6.5,work,22115.58333333332,17876.500000000004,7820.0535954226125,1955.0133988556531,422.5
VIPV20_Wp700,AUTUMN,14,6.5,public,78868.37500000006,10076.041666666659,9094.576012225194,1653.5592749500356,232.5
VIPV20_Wp700,AUTUMN,15,7.0,home,317051.875,1053.1666666666667,269.4479461825922,107.77917847303688,37.5
VIPV20_Wp700,AUTUMN,15,7.0,work,36268.41666666667,26433.25000000001,12131.961213636452,3032.990303409113,682.5
VIPV20_Wp700,AUTUMN,15,7.0,public,77510.45833333334,15311.583333333332,13522.95560030716,2458.719200055848,490.0
VIPV20_Wp700,AUTUMN,16,7.5,home,246383.5833333333,2101.0833333333335,551.5291684130672,220.61166736522688,40.0
VIPV20_Wp700,AUTUMN,16,7.5,work,60433.5,43540.49999999999,20268.388707448044,5067.097176862011,785.0
VIPV20_Wp700,AUTUMN,16,7.5,public,77833.20833333339,23350.125000000015,20763.971728458746,3775.267586992498,605.0
VIPV20_Wp700,AUTUMN,17,8.0,home,194604.16666666674,2725.0833333333335,1125.2213451556272,281.30533628890674,35.0
VIPV20_Wp700,AUTUMN,17,8.0,work,81333.08333333333,53147.62500000004,25505.042564290696,6376.260641072674,492.5
VIPV20_Wp700,AUTUMN,17,8.0,public,83591.58333333337,31007.125000000025,28037.01661162694,5097.639383932155,600.0
VIPV20_Wp700,AUTUMN,18,8.5,home,164323.70833333346,3119.4166666666674,1274.7513279980353,318.68783199950883,77.5
VIPV20_Wp700,AUTUMN,18,8.5,work,90523.24999999997,47649.45833333333,24139.670827242004,6034.917706810501,265.0
VIPV20_Wp700,AUTUMN,18,8.5,public,87601.20833333334,30267.041666666664,30286.558196053207,5506.6469447369445,415.0
VIPV20_Wp700,AUTUMN,19,9.0,home,141733.16666666672,5017.583333333333,2081.830666891751,520.4576667229378,120.0
VIPV20_Wp700,AUTUMN,19,9.0,work,96297.25,37403.87500000002,19928.68428422446,4982.171071056115,170.0
VIPV20_Wp700,AUTUMN,19,9.0,public,88659.625,26450.58333333334,26932.64980685205,4896.845419427644,395.0
VIPV20_Wp700,AUTUMN,20,9.5,home,131776.37499999994,8531.000000000002,3477.092793918914,869.2731984797285,192.5
VIPV20_Wp700,AUTUMN,20,9.5,work,98703.70833333331,27734.166666666668,15255.113658601542,3813.7784146503855,82.5
VIPV20_Wp700,AUTUMN,20,9.5,public,90095.41666666667,24026.583333333347,25545.030543663306,4644.551007938784,480.0
VIPV20_Wp700,AUTUMN,21,10.0,home,119793.0833333334,12887.79166666666,5241.342543104182,1310.3356357760456,235.0
VIPV20_Wp700,AUTUMN,21,10.0,work,100106.75,19125.375000000007,10782.323896656166,2695.5809741640414,112.5
VIPV20_Wp700,AUTUMN,21,10.0,public,91335.29166666666,24377.083333333325,26557.06724825284,4828.557681500526,437.5
VIPV20_Wp700,AUTUMN,22,10.5,home,106799.16666666664,16860.33333333333,6756.860218711001,1689.2150546777502,322.5
VIPV20_Wp700,AUTUMN,22,10.5,work,100808.41666666664,14595.249999999998,8133.69523281381,2033.4238082034526,87.5
VIPV20_Wp700,AUTUMN,22,10.5,public,91115.49999999996,25714.95833333332,28847.90366562425,5245.073393749861,527.5
VIPV20_Wp700,AUTUMN,23,11.0,home,99730.9583333332,24148.49999999999,5407.333591162361,2403.2593738499395,490.0
VIPV20_Wp700,AUTUMN,23,11.0,work,100991.2916666667,11225.666666666664,6127.241820743734,1531.8104551859335,72.5
VIPV20_Wp700,AUTUMN,23,11.0,public,92613.91666666672,29197.750000000004,33192.34874880293,6034.972499782351,662.5
VIPV20_Wp700,AUTUMN,24,11.5,home,96510.16666666654,33370.20833333331,7614.391517897752,3384.174007954559,557.5
VIPV20_Wp700,AUTUMN,24,11.5,work,99454.00000000003,8665.333333333334,4591.376693608116,1147.844173402029,87.5
VIPV20_Wp700,AUTUMN,24,11.5,public,92220.12499999997,30361.12500000002,34206.57232009969,6219.376785472675,602.5
VIPV20_Wp700,AUTUMN,25,12.0,home,97107.33333333333,43136.458333333365,9891.131536386947,4396.058460616418,635.0
VIPV20_Wp700,AUTUMN,25,12.0,work,99303.91666666667,8219.166666666666,4240.844381812948,1060.211095453237,120.0
VIPV20_Wp700,AUTUMN,25,12.0,public,91442.54166666673,30918.583333333332,34951.96222832747,6354.902223332265,622.5
VIPV20_Wp700,AUTUMN,26,12.5,home,96513.95833333328,49159.50000000001,11339.040228581705,5039.573434925202,570.0
VIPV20_Wp700,AUTUMN,26,12.5,work,100211.62499999999,9287.791666666668,4516.651052103709,1129.1627630259272,135.0
VIPV20_Wp700,AUTUMN,26,12.5,public,89303.16666666663,30937.541666666664,35108.22959578859,6383.314471961567,602.5
VIPV20_Wp700,AUTUMN,27,13.0,home,95849.24999999999,52041.416666666664,12060.482971354517,5360.2146539353425,637.5
VIPV20_Wp700,AUTUMN,27,13.0,work,101402.8333333333,9614.500000000004,4800.973404563584,1200.243351140896,112.5
VIPV20_Wp700,AUTUMN,27,13.0,public,90664.16666666673,33999.916666666664,39331.478205588784,7151.177855561584,645.0
VIPV20_Wp700,AUTUMN,28,13.5,home,100545.95833333342,58187.24999999995,13355.211661947296,5935.64962753211,687.5
VIPV20_Wp700,AUTUMN,28,13.5,work,102279.58333333336,8893.625000000004,4754.37589594628,1188.59397398657,60.0
VIPV20_Wp700,AUTUMN,28,13.5,public,89214.75000000001,33161.25000000001,38968.28976817231,7085.143594213145,532.5
VIPV20_Wp700,AUTUMN,29,14.0,home,108879.49999999993,66678.12500000006,15120.006373248258,6720.002832554774,820.0
VIPV20_Wp700,AUTUMN,29,14.0,work,100292.99999999997,7898.000000000001,4364.456340831643,1091.1140852079106,65.0
VIPV20_Wp700,AUTUMN,29,14.0,public,86912.66666666663,30899.583333333314,36125.68077257322,6568.305595013317,535.0
VIPV20_Wp700,AUTUMN,30,14.5,home,116172.58333333328,73031.45833333336,16502.641822559224,7334.507476692978,770.0
VIPV20_Wp700,AUTUMN,30,14.5,work,98926.75000000001,7610.833333333333,4333.752721143923,1083.4381802859807,50.0
VIPV20_Wp700,AUTUMN,30,14.5,public,83757.91666666666,28687.249999999996,33596.948759280545,6108.536138051007,487.5
VIPV20_Wp700,AUTUMN,31,15.0,home,127948.00000000001,80880.83333333334,20301.322781750827,8120.529112700335,830.0
VIPV20_Wp700,AUTUMN,31,15.0,work,92964.49999999997,5969.083333333333,3447.5264682529814,861.8816170632454,20.0
VIPV20_Wp700,AUTUMN,31,15.0,public,82470.70833333334,28632.833333333325,32910.10264672151,5983.655026676638,532.5
VIPV20_Wp700,AUTUMN,32,15.5,home,146448.1666666667,93361.54166666669,23535.809750059783,9414.323900023888,1197.5
VIPV20_Wp700,AUTUMN,32,15.5,work,83150.41666666667,4316.291666666667,2538.2397663989696,634.5599415997424,10.0
VIPV20_Wp700,AUTUMN,32,15.5,public,82216.16666666673,29898.41666666668,34712.145531245376,6311.299187499158,530.0
VIPV20_Wp700,AUTUMN,33,16.0,home,174368.5,113747.33333333339,28373.382272037183,11349.352908814848,1292.5
VIPV20_Wp700,AUTUMN,33,16.0,work,68345.29166666664,3126.7499999999995,1794.8573628126785,448.7143407031696,15.0
VIPV20_Wp700,AUTUMN,33,16.0,public,81005.58333333331,30669.916666666653,36032.63575594552,6551.388319262815,602.5
VIPV20_Wp700,AUTUMN,34,16.5,home,204176.62499999994,131247.79166666645,32689.005604438615,13075.602241775452,1362.5
VIPV20_Wp700,AUTUMN,34,16.5,work,52226.83333333335,2113.3333333333335,1247.8716246810595,311.9679061702649,2.5
VIPV20_Wp700,AUTUMN,34,16.5,public,80678.70833333336,31619.999999999975,37039.2143532377,6734.402609679591,575.0
VIPV20_Wp700,AUTUMN,35,17.0,home,236312.24999999994,149205.54166666666,36984.278030552305,14793.711212220931,1365.0
VIPV20_Wp700,AUTUMN,35,17.0,work,37216.66666666665,1377.875,774.1465015004202,193.53662537510505,12.5
VIPV20_Wp700,AUTUMN,35,17.0,public,80233.12499999996,32282.83333333335,38183.811860759604,6942.511247410831,577.5
VIPV20_Wp700,AUTUMN,36,17.5,home,265542.1666666666,159747.2083333333,39659.828746770734,15863.931498708302,1172.5
VIPV20_Wp700,AUTUMN,36,17.5,work,25723.0,946.9999999999999,510.033992147925,127.50849803698125,10.0
VIPV20_Wp700,AUTUMN,36,17.5,public,77545.62499999997,30561.791666666668,35072.41778618903,6376.803233852554,490.0
VIPV20_Wp700,AUTUMN,37,18.0,home,290955.83333333343,164424.49999999988,41217.072742588876,16486.829097035577,1090.0
VIPV20_Wp700,AUTUMN,37,18.0,work,17560.416666666664,885.1666666666669,490.08662103816476,122.52165525954119,12.5
VIPV20_Wp700,AUTUMN,37,18.0,public,76872.20833333331,28923.74999999999,34262.972114033175,6229.631293460575,425.0
VIPV20_Wp700,AUTUMN,38,18.5,home,312190.6250000002,163363.41666666683,41243.18872926223,16497.275491704888,782.5
VIPV20_Wp700,AUTUMN,38,18.5,work,12508.416666666666,682.7083333333334,372.2945441147887,93.07363602869718,2.5
VIPV20_Wp700,AUTUMN,38,18.5,public,75335.5833333333,24489.125000000004,28850.862987757584,5245.611452319562,335.0
VIPV20_Wp700,AUTUMN,39,19.0,home,327859.66666666657,154736.25000000006,39318.61588095473,15727.44635238192,620.0
VIPV20_Wp700,AUTUMN,39,19.0,work,8995.5,665.7916666666667,375.18235777816136,93.79558944454034,2.5
VIPV20_Wp700,AUTUMN,39,19.0,public,74796.54166666663,20914.70833333332,24806.069942980168,4510.194535087305,225.0
VIPV20_Wp700,AUTUMN,40,19.5,home,341665.9999999998,143878.66666666674,36691.59275246815,14676.637100987266,535.0
VIPV20_Wp700,AUTUMN,40,19.5,work,6460.5,485.2083333333333,276.6898313307393,69.17245783268483,7.5
VIPV20_Wp700,AUTUMN,40,19.5,public,72398.33333333334,16707.249999999996,19995.03054347353,3635.460098813371,207.5
VIPV20_Wp700,AUTUMN,41,20.0,home,353188.54166666657,131846.70833333328,33775.7400969972,13510.296038798913,370.0
VIPV20_Wp700,AUTUMN,41,20.0,work,4855.625,384.875,233.24469757409017,58.31117439352254,0.0
VIPV20_Wp700,AUTUMN,41,20.0,public,71394.20833333334,13073.416666666666,15737.565925594192,2861.3756228353063,127.5
VIPV20_Wp700,AUTUMN,42,20.5,home,361846.4583333333,117020.12499999997,30102.142493291714,12040.85699731669,322.5
VIPV20_Wp700,AUTUMN,42,20.5,work,2983.0416666666665,144.95833333333334,95.67625862187492,23.91906465546873,0.0
VIPV20_Wp700,AUTUMN,42,20.5,public,69919.62499999999,9922.208333333334,12384.659923412784,2251.756349711415,90.0
VIPV20_Wp700,AUTUMN,43,21.0,home,370855.1250000001,102941.62500000012,21301.94405279032,10650.97202639516,312.5
VIPV20_Wp700,AUTUMN,43,21.0,work,1837.625,79.66666666666667,57.42019288225566,14.355048220563916,2.5
VIPV20_Wp700,AUTUMN,43,21.0,public,69170.375,7834.666666666667,9607.041857078426,1746.734883105168,95.0
VIPV20_Wp700,AUTUMN,44,21.5,home,378609.50000000006,89642.37500000006,18602.255034238886,9301.127517119441,267.5
VIPV20_Wp700,AUTUMN,44,21.5,work,1101.5833333333335,15.541666666666668,11.234939759036145,2.808734939759036,0.0
VIPV20_Wp700,AUTUMN,44,21.5,public,68722.5,6481.833333333333,7802.4192232240885,1418.6216769498346,50.0
VIPV20_Wp700,AUTUMN,45,22.0,home,387124.24999999977,79515.58333333333,16536.349230153646,8268.174615076823,260.0
VIPV20_Wp700,AUTUMN,45,22.0,work,589.2083333333334,0.0,0.0,0.0,0.0
VIPV20_Wp700,AUTUMN,45,22.0,public,67425.41666666666,4949.416666666667,5954.732217893609,1082.6785850715657,32.5
VIPV20_Wp700,AUTUMN,46,22.5,home,393831.33333333314,68869.83333333333,14392.079519076735,7196.039759538367,185.0
VIPV20_Wp700,AUTUMN,46,22.5,work,145.54166666666666,0.0,0.0,0.0,0.0
VIPV20_Wp700,AUTUMN,46,22.5,public,67288.70833333334,4196.791666666667,5342.675670038007,971.3955763705466,27.5
VIPV20_Wp700,AUTUMN,47,23.0,home,398526.0,59201.29166666673,12476.54649987334,6238.27324993667,170.0
VIPV20_Wp700,AUTUMN,47,23.0,work,22.166666666666668,0.0,0.0,0.0,0.0
VIPV20_Wp700,AUTUMN,47,23.0,public,67098.54166666667,2781.4999999999995,3712.208736981803,674.9470430876005,20.0
VIPV20_Wp700,AUTUMN,48,23.5,home,404918.12499999994,53647.250000000015,11409.19512337674,5704.59756168837,197.5
VIPV20_Wp700,AUTUMN,48,23.5,work,0.0,0.0,0.0,0.0,0.0
VIPV20_Wp700,AUTUMN,48,23.5,public,66995.625,2069.166666666667,2860.2387377816335,520.0434068693879,5.0
VIPV20_Wp700,WINTER,1,0.0,home,422489.625,129636.62499999994,26211.261095877606,13105.630547938803,507.5
VIPV20_Wp700,WINTER,1,0.0,work,25.291666666666668,25.291666666666668,6.387232549982462,1.5968081374956156,2.5
VIPV20_Wp700,WINTER,1,0.0,public,69459.5,13428.374999999998,16030.554149829683,2914.6462090599443,105.0
VIPV20_Wp700,WINTER,2,0.5,home,432073.3333333334,121641.91666666667,24815.433344169363,12407.71667208468,277.5
VIPV20_Wp700,WINTER,2,0.5,work,95.04166666666667,95.04166666666667,23.710970487374304,5.927742621843576,2.5
VIPV20_Wp700,WINTER,2,0.5,public,71737.5,10713.041666666664,13112.632961577883,2384.1150839232514,80.0
VIPV20_Wp700,WINTER,3,1.0,home,436462.5,108311.54166666672,22342.471804231274,11171.235902115637,115.0
VIPV20_Wp700,WINTER,3,1.0,work,150.0,93.5,22.523284565949023,5.630821141487256,0.0
VIPV20_Wp700,WINTER,3,1.0,public,73012.5,7652.833333333331,9555.683470755028,1737.3969946827317,30.0
VIPV20_Wp700,WINTER,4,1.5,home,438562.5,93547.7916666666,19476.73965731849,9738.369828659244,45.0
VIPV20_Wp700,WINTER,4,1.5,work,150.0,31.0,7.378512396694214,1.8446280991735535,0.0
VIPV20_Wp700,WINTER,4,1.5,public,73650.0,5098.75,6439.664116754985,1170.8480212281793,20.0
VIPV20_Wp700,WINTER,5,2.0,home,439125.0,77386.70833333334,16250.005418535735,8125.002709267867,12.5
VIPV20_Wp700,WINTER,5,2.0,work,150.0,0.0,0.0,0.0,0.0
VIPV20_Wp700,WINTER,5,2.0,public,73912.5,3170.624999999999,4030.9730648265454,732.9041936048267,5.0
VIPV20_Wp700,WINTER,6,2.5,home,439237.5,61279.250000000015,12974.8132895981,6487.40664479905,5.0
VIPV20_Wp700,WINTER,6,2.5,work,150.0,0.0,0.0,0.0,0.0
VIPV20_Wp700,WINTER,6,2.5,public,73950.0,1568.5416666666665,2069.8368876569675,376.3339795739941,0.0
VIPV20_Wp700,WINTER,7,3.0,home,439266.7916666666,44937.24999999997,9590.34479237443,4795.172396187215,0.0
VIPV20_Wp700,WINTER,7,3.0,work,150.0,0.0,0.0,0.0,0.0
VIPV20_Wp700,WINTER,7,3.0,public,73950.0,530.5,702.6536505431385,127.75520918966147,0.0
VIPV20_Wp700,WINTER,8,3.5,home,439152.25,30884.666666666657,6643.4150013295075,3321.7075006647538,0.0
VIPV20_Wp700,WINTER,8,3.5,work,150.0,0.0,0.0,0.0,0.0
VIPV20_Wp700,WINTER,8,3.5,public,73950.0,58.41666666666667,77.33760928512658,14.061383506386647,0.0
VIPV20_Wp700,WINTER,9,4.0,home,438365.62500000006,20331.041666666664,4397.118374512309,2198.5591872561545,0.0
VIPV20_Wp700,WINTER,9,4.0,work,191.0,41.0,22.16470743576485,5.5411768589412125,5.0
VIPV20_Wp700,WINTER,9,4.0,public,74028.70833333333,150.79166666666666,102.67416507724296,18.668030014044174,10.0
VIPV20_Wp700,WINTER,10,4.5,home,436336.9166666667,10679.833333333332,2322.7360943307053,1161.3680471653527,0.0
VIPV20_Wp700,WINTER,10,4.5,work,461.0,298.25,140.8414570544563,35.210364263614075,12.5
VIPV20_Wp700,WINTER,10,4.5,public,74098.83333333333,413.29166666666663,313.263169066207,56.956939830219454,15.0
VIPV20_Wp700,WINTER,11,5.0,home,431295.45833333326,4163.041666666667,910.5871361603553,455.29356808017764,2.5
VIPV20_Wp700,WINTER,11,5.0,work,1841.0833333333335,1616.0833333333335,717.4738220963534,179.36845552408835,112.5
VIPV20_Wp700,WINTER,11,5.0,public,73560.16666666667,833.1666666666667,733.7251692066242,133.40457621938623,37.5
VIPV20_Wp700,WINTER,12,5.5,home,423275.3750000002,1136.8333333333333,246.70549248589708,123.35274624294854,15.0
VIPV20_Wp700,WINTER,12,5.5,work,6337.041666666664,5790.708333333333,2582.3898703524587,645.5974675881147,157.5
VIPV20_Wp700,WINTER,12,5.5,public,72823.54166666666,1767.2916666666667,1544.7946120457582,280.8717476446832,67.5
VIPV20_Wp700,WINTER,13,6.0,home,402328.0833333334,996.75,257.6578004492268,103.06312017969071,7.5
VIPV20_Wp700,WINTER,13,6.0,work,12478.66666666666,10561.41666666667,4760.965055520859,1190.2412638802148,300.0
VIPV20_Wp700,WINTER,13,6.0,public,73384.91666666669,4533.500000000003,4476.9848919047645,813.9972530735936,205.0
VIPV20_Wp700,WINTER,14,6.5,home,370442.20833333343,899.9166666666665,232.10947748189787,92.84379099275914,12.5
VIPV20_Wp700,WINTER,14,6.5,work,23887.58333333334,19341.791666666675,8665.159334551228,2166.289833637807,420.0
VIPV20_Wp700,WINTER,14,6.5,public,73900.33333333331,9488.208333333332,9210.999845440594,1674.7272446255624,250.0
VIPV20_Wp700,WINTER,15,7.0,home,311697.5833333334,1287.5833333333333,321.28565978107844,128.51426391243137,32.5
VIPV20_Wp700,WINTER,15,7.0,work,38476.41666666664,29040.083333333336,13354.081929284755,3338.520482321189,707.5
VIPV20_Wp700,WINTER,15,7.0,public,75578.29166666674,17729.666666666675,16791.97210612508,3053.085837477285,570.0
VIPV20_Wp700,WINTER,16,7.5,home,242303.25,2103.208333333333,485.1156160849642,194.04624643398566,27.5
VIPV20_Wp700,WINTER,16,7.5,work,64981.58333333337,47287.7916666667,22114.699465672376,5528.674866418094,865.0
VIPV20_Wp700,WINTER,16,7.5,public,78334.49999999996,28088.250000000007,25837.67500290983,4697.759091438144,620.0
VIPV20_Wp700,WINTER,17,8.0,home,192023.6666666667,2926.6250000000005,990.4645219256984,282.9898634073424,55.0
VIPV20_Wp700,WINTER,17,8.0,work,84835.91666666663,55454.625,26687.81049853045,6671.952624632612,452.5
VIPV20_Wp700,WINTER,17,8.0,public,83078.0833333333,31848.541666666682,30188.79063057674,5488.871023741222,532.5
VIPV20_Wp700,WINTER,18,8.5,home,162877.29166666674,3967.4583333333335,1337.756779578886,382.2162227368247,97.5
VIPV20_Wp700,WINTER,18,8.5,work,95274.83333333333,50470.0416666667,26022.425759190617,6505.606439797654,312.5
VIPV20_Wp700,WINTER,18,8.5,public,88353.45833333337,30831.583333333332,31876.143989330667,5795.662543514664,530.0
VIPV20_Wp700,WINTER,19,9.0,home,141437.45833333328,6081.916666666666,2125.2212807216574,607.2060802061876,140.0
VIPV20_Wp700,WINTER,19,9.0,work,101402.08333333334,41597.541666666635,22421.502048066915,5605.375512016729,180.0
VIPV20_Wp700,WINTER,19,9.0,public,89474.62499999993,28239.08333333331,30146.199395523938,5481.1271628225395,432.5
VIPV20_Wp700,WINTER,20,9.5,home,131529.4583333333,9476.250000000005,3362.0917673999343,960.5976478285523,207.5
VIPV20_Wp700,WINTER,20,9.5,work,104966.95833333334,31440.458333333343,17289.10020428764,4322.27505107191,137.5
VIPV20_Wp700,WINTER,20,9.5,public,89193.54166666674,24583.750000000007,26434.833345432937,4806.333335533263,422.5
VIPV20_Wp700,WINTER,21,10.0,home,120006.70833333339,13587.833333333328,4814.602365487074,1375.6006758534488,260.0
VIPV20_Wp700,WINTER,21,10.0,work,106470.45833333331,22701.04166666666,12421.166641920418,3105.2916604801044,110.0
VIPV20_Wp700,WINTER,21,10.0,public,90100.16666666666,24423.70833333334,26653.858510625803,4846.156092841054,517.5
VIPV20_Wp700,WINTER,22,10.5,home,106838.70833333333,17877.166666666675,6315.695192284467,1804.4843406527025,297.5
VIPV20_Wp700,WINTER,22,10.5,work,107625.91666666666,16616.083333333325,9008.15912534559,2252.0397813363975,135.0
VIPV20_Wp700,WINTER,22,10.5,public,89784.12499999994,27267.16666666667,30730.416321438126,5587.34842207966,525.0
VIPV20_Wp700,WINTER,23,11.0,home,98060.83333333334,23388.291666666675,8342.064010632863,2383.446860180817,455.0
VIPV20_Wp700,WINTER,23,11.0,work,108698.91666666667,12878.666666666672,6834.851282723701,1708.7128206809252,72.5
VIPV20_Wp700,WINTER,23,11.0,public,89341.37499999997,27745.041666666675,31820.97635290423,5785.632064164405,527.5
VIPV20_Wp700,WINTER,24,11.5,home,94494.75000000004,31767.374999999993,11449.600418887549,3271.3144053964465,537.5
VIPV20_Wp700,WINTER,24,11.5,work,107245.99999999999,10263.916666666666,5497.559298495911,1374.3898246239778,92.5
VIPV20_Wp700,WINTER,24,11.5,public,88956.20833333339,28947.541666666675,32999.658348513054,5999.937881547821,670.0
VIPV20_Wp700,WINTER,25,12.0,home,94586.75000000004,41110.58333333333,10441.290457407105,4176.516182962841,607.5
VIPV20_Wp700,WINTER,25,12.0,work,106168.25,8537.0,4720.544286689694,1180.1360716724234,97.5
VIPV20_Wp700,WINTER,25,12.0,public,89650.45833333333,31680.875000000004,35672.58948461145,6485.925360838436,622.5
VIPV20_Wp700,WINTER,26,12.5,home,94708.1666666667,47700.291666666686,12117.097083016866,4846.838833206745,597.5
VIPV20_Wp700,WINTER,26,12.5,work,107010.16666666664,9532.416666666666,5056.417205728776,1264.104301432194,147.5
VIPV20_Wp700,WINTER,26,12.5,public,88271.33333333339,33010.91666666667,37165.78258780427,6757.415015964421,627.5
VIPV20_Wp700,WINTER,27,13.0,home,93180.37500000007,50748.624999999956,12956.42290380547,5182.569161522191,575.0
VIPV20_Wp700,WINTER,27,13.0,work,108170.04166666664,10675.000000000002,5564.193391782509,1391.0483479456273,102.5
VIPV20_Wp700,WINTER,27,13.0,public,87990.16666666672,33067.25,37832.87209515662,6878.704017301198,600.0
VIPV20_Wp700,WINTER,28,13.5,home,96828.58333333333,56056.75000000003,14309.383431712558,5723.753372685008,657.5
VIPV20_Wp700,WINTER,28,13.5,work,108578.83333333334,10233.875000000002,5457.058060560427,1364.2645151401068,75.0
VIPV20_Wp700,WINTER,28,13.5,public,87946.00000000004,32183.083333333358,37782.22012109145,6869.494567471177,575.0
VIPV20_Wp700,WINTER,29,14.0,home,107223.5833333332,66123.54166666666,16817.981805953128,6727.192722381246,852.5
VIPV20_Wp700,WINTER,29,14.0,work,107292.54166666667,9680.374999999996,5276.277092441297,1319.0692731103243,87.5
VIPV20_Wp700,WINTER,29,14.0,public,85601.95833333331,30316.666666666668,35465.89064139218,6448.343752980403,545.0
VIPV20_Wp700,WINTER,30,14.5,home,115149.99999999997,73135.25000000003,18527.46582176939,7410.986328707754,767.5
VIPV20_Wp700,WINTER,30,14.5,work,106066.74999999993,9213.58333333333,4997.413843166805,1249.3534607917013,42.5
VIPV20_Wp700,WINTER,30,14.5,public,85651.95833333328,31282.04166666666,37538.679026747275,6825.214368499508,492.5
VIPV20_Wp700,WINTER,31,15.0,home,126627.33333333337,81229.99999999994,20410.553816943942,8164.221526777571,847.5
VIPV20_Wp700,WINTER,31,15.0,work,99099.29166666666,6594.000000000001,3727.473167037303,931.8682917593258,12.5
VIPV20_Wp700,WINTER,31,15.0,public,83005.16666666666,28827.583333333343,34356.4629111617,6246.629620211223,515.0
VIPV20_Wp700,WINTER,32,15.5,home,145045.70833333337,92578.00000000003,23124.21384009785,9249.68553603913,1127.5
VIPV20_Wp700,WINTER,32,15.5,work,87257.37500000001,4880.208333333333,2803.4891674424175,700.8722918606044,15.0
VIPV20_Wp700,WINTER,32,15.5,public,79031.83333333334,28112.541666666686,32813.71433068587,5966.129878306512,560.0
VIPV20_Wp700,WINTER,33,16.0,home,170064.08333333343,109606.20833333334,32649.323421798603,10883.107807266191,1195.0
VIPV20_Wp700,WINTER,33,16.0,work,72437.66666666667,3180.9166666666674,1742.858676447543,435.71466911188577,17.5
VIPV20_Wp700,WINTER,33,16.0,public,79465.00000000001,30075.000000000025,35113.46924417023,6384.26713530368,615.0
VIPV20_Wp700,WINTER,34,16.5,home,198793.66666666666,125264.54166666658,37479.54576806752,12493.181922689166,1387.5
VIPV20_Wp700,WINTER,34,16.5,work,56170.04166666667,2019.2916666666665,1153.9792646828191,288.4948161707048,10.0
VIPV20_Wp700,WINTER,34,16.5,public,78549.79166666658,31356.41666666666,36271.062268386566,6594.738594252097,532.5
VIPV20_Wp700,WINTER,35,17.0,home,227999.95833333317,140766.58333333355,42113.236473440855,14037.745491146945,1227.5
VIPV20_Wp700,WINTER,35,17.0,work,40153.666666666686,1220.3333333333333,693.1325003737845,173.28312509344613,5.0
VIPV20_Wp700,WINTER,35,17.0,public,76777.50000000001,29182.791666666664,33554.83007393133,6100.878195260239,532.5
VIPV20_Wp700,WINTER,36,17.5,home,254563.66666666666,151081.24999999994,45347.730281504104,15115.910093834695,1162.5
VIPV20_Wp700,WINTER,36,17.5,work,27766.666666666653,711.75,409.43928312369997,102.35982078092499,2.5
VIPV20_Wp700,WINTER,36,17.5,public,75706.45833333333,28633.25000000001,34381.189237189334,6251.1253158526,537.5
VIPV20_Wp700,WINTER,37,18.0,home,281035.2083333333,158845.8749999999,47838.243499739874,15946.081166579956,1082.5
VIPV20_Wp700,WINTER,37,18.0,work,19357.333333333325,1029.916666666667,511.42241857027375,127.85560464256844,32.5
VIPV20_Wp700,WINTER,37,18.0,public,73521.45833333337,27611.458333333318,31677.599539017105,5759.563552548566,405.0
VIPV20_Wp700,WINTER,38,18.5,home,301510.3750000001,158689.83333333343,48008.467224447886,16002.822408149274,770.0
VIPV20_Wp700,WINTER,38,18.5,work,13740.041666666668,1128.375,515.8489877829071,128.96224694572678,0.0
VIPV20_Wp700,WINTER,38,18.5,public,72527.91666666669,24697.541666666657,28423.675212756654,5167.940947773935,342.5
VIPV20_Wp700,WINTER,39,19.0,home,317362.54166666645,151527.45833333337,46112.75000877738,15370.916669592503,670.0
VIPV20_Wp700,WINTER,39,19.0,work,9182.083333333334,743.9583333333334,379.1550815351969,94.78877038379923,7.5
VIPV20_Wp700,WINTER,39,19.0,public,70477.6666666667,20648.124999999993,25054.57819837417,4555.377854249841,225.0
VIPV20_Wp700,WINTER,40,19.5,home,332829.7083333334,143205.99999999994,43944.6733185942,14648.224439531428,545.0
VIPV20_Wp700,WINTER,40,19.5,work,7099.916666666667,596.9583333333334,317.8200477374248,79.4550119343562,5.0
VIPV20_Wp700,WINTER,40,19.5,public,68806.12499999999,16946.541666666675,20485.352065724168,3724.6094664953,205.0
VIPV20_Wp700,WINTER,41,20.0,home,345110.4166666665,133470.70833333334,27406.25767595462,13703.12883797731,415.0
VIPV20_Wp700,WINTER,41,20.0,work,5205.416666666666,428.5416666666667,233.08926272081797,58.27231568020449,0.0
VIPV20_Wp700,WINTER,41,20.0,public,68512.0,13885.041666666659,16759.565581465722,3047.193742084676,122.5
VIPV20_Wp700,WINTER,42,20.5,home,354750.7499999999,120381.0,24746.479508353314,12373.239754176657,352.5
VIPV20_Wp700,WINTER,42,20.5,work,3689.25,285.54166666666663,170.29502170580807,42.57375542645202,0.0
VIPV20_Wp700,WINTER,42,20.5,public,67780.16666666669,10798.875,12964.18611034953,2357.1247473362764,132.5
VIPV20_Wp700,WINTER,43,21.0,home,363309.08333333343,106540.37500000003,21945.495505378443,10972.747752689222,267.5
VIPV20_Wp700,WINTER,43,21.0,work,2363.1666666666665,131.75,80.5830613945657,20.145765348641426,0.0
VIPV20_Wp700,WINTER,43,21.0,public,67278.83333333333,8434.000000000002,10117.39836969066,1839.5269763073918,102.5
VIPV20_Wp700,WINTER,44,21.5,home,370364.1250000001,92316.33333333334,19121.965066324294,9560.982533162147,277.5
VIPV20_Wp700,WINTER,44,21.5,work,1898.125,75.0,48.742138364779876,12.185534591194969,0.0
VIPV20_Wp700,WINTER,44,21.5,public,66939.54166666669,6915.416666666666,8434.927720542371,1533.623221916794,42.5
VIPV20_Wp700,WINTER,45,22.0,home,395184.9999999999,97054.4166666666,19936.086063168997,9968.043031584499,1087.5
VIPV20_Wp700,WINTER,45,22.0,work,1298.416666666667,31.416666666666664,20.417540181691123,5.104385045422781,0.0
VIPV20_Wp700,WINTER,45,22.0,public,68985.91666666666,8344.166666666664,9991.04966733201,1816.5544849694547,187.5
VIPV20_Wp700,WINTER,46,22.5,home,439342.29166666657,124123.74999999994,25018.172300226426,12509.086150113213,1480.0
VIPV20_Wp700,WINTER,46,22.5,work,555.5833333333334,0.0,0.0,0.0,0.0
VIPV20_Wp700,WINTER,46,22.5,public,75179.125,13548.375,15941.252812450948,2898.409602263809,250.0
VIPV20_Wp700,WINTER,47,23.0,home,479203.1666666665,146886.2916666667,29418.67167017619,14709.335835088095,1277.5
VIPV20_Wp700,WINTER,47,23.0,work,192.75,0.0,0.0,0.0,0.0
VIPV20_Wp700,WINTER,47,23.0,public,79708.0,16420.041666666664,19464.020123513754,3538.912749729775,155.0
VIPV20_Wp700,WINTER,48,23.5,home,513449.8749999998,161505.66666666677,32335.66653847479,16167.833269237395,1032.5
VIPV20_Wp700,WINTER,48,23.5,work,58.95833333333333,0.0,0.0,0.0,0.0
VIPV20_Wp700,WINTER,48,23.5,public,85078.625,18446.666666666664,21725.0935635069,3950.017011546707,197.5
VIPV20_Wp1000,SPRING,1,0.0,home,336977.3333333334,77411.375,9840.597039768276,7872.477631814625,2017.5
VIPV20_Wp1000,SPRING,1,0.0,work,75.0,0.0,0.0,0.0,0.0
VIPV20_Wp1000,SPRING,1,0.0,public,50954.54166666667,6647.833333333333,7798.929823562575,1417.98724064774,275.0
VIPV20_Wp1000,SPRING,2,0.5,home,389475.0,123474.83333333337,15348.07318591262,12278.45854873005,1400.0
VIPV20_Wp1000,SPRING,2,0.5,work,75.0,0.0,0.0,0.0,0.0
VIPV20_Wp1000,SPRING,2,0.5,public,61387.5,16466.875,18740.97810818014,3407.4505651236623,335.0
VIPV20_Wp1000,SPRING,3,1.0,home,413550.0,136490.62500000003,16999.151500482145,13599.321200385713,662.5
VIPV20_Wp1000,SPRING,3,1.0,work,75.0,0.0,0.0,0.0,0.0
VIPV20_Wp1000,SPRING,3,1.0,public,67537.5,20791.833333333343,24207.014834338504,4401.275424425178,157.5
VIPV20_Wp1000,SPRING,4,1.5,home,423562.5,132073.0833333333,16637.808545976557,13310.246836781267,240.0
VIPV20_Wp1000,SPRING,4,1.5,work,75.0,0.0,0.0,0.0,0.0
VIPV20_Wp1000,SPRING,4,1.5,public,69916.95833333334,18023.91666666666,21823.739044766942,3967.9525535939824,62.5
VIPV20_Wp1000,SPRING,5,2.0,home,426637.5,119314.87500000007,15242.121435360279,12193.697148288238,70.0
VIPV20_Wp1000,SPRING,5,2.0,work,75.0,0.0,0.0,0.0,0.0
VIPV20_Wp1000,SPRING,5,2.0,public,70462.5,11580.583333333328,14697.909784797645,2672.347233599569,12.5
VIPV20_Wp1000,SPRING,6,2.5,home,427500.0,104299.16666666664,13491.180824226098,10792.944659380877,17.5
VIPV20_Wp1000,SPRING,6,2.5,work,75.0,0.0,0.0,0.0,0.0
VIPV20_Wp1000,SPRING,6,2.5,public,70650.0,5025.875,6681.5104678541675,1214.820085064394,2.5
VIPV20_Wp1000,SPRING,7,3.0,home,427566.7916666666,86958.58333333324,11364.718675458129,9091.7749403665,0.0
VIPV20_Wp1000,SPRING,7,3.0,work,75.0,0.0,0.0,0.0,0.0
VIPV20_Wp1000,SPRING,7,3.0,public,70650.0,1693.916666666667,2300.2293929811826,418.22352599657864,0.0
VIPV20_Wp1000,SPRING,8,3.5,home,427497.4583333333,69026.95833333333,9112.846916773693,7290.277533418945,0.0
VIPV20_Wp1000,SPRING,8,3.5,work,75.0,0.0,0.0,0.0,0.0
VIPV20_Wp1000,SPRING,8,3.5,public,70701.58333333333,572.2916666666667,704.2311512024295,128.0420274913508,2.5
VIPV20_Wp1000,SPRING,9,4.0,home,426687.75000000006,50719.58333333333,6764.495181287564,5411.5961450300565,0.0
VIPV20_Wp1000,SPRING,9,4.0,work,93.0,18.0,11.497797356828192,2.874449339207048,2.5
VIPV20_Wp1000,SPRING,9,4.0,public,70891.83333333333,377.125,328.9030252874579,59.80055005226508,12.5
VIPV20_Wp1000,SPRING,10,4.5,home,424651.4583333334,34289.875000000015,4610.672038202432,3688.5376305619448,0.0
VIPV20_Wp1000,SPRING,10,4.5,work,430.29166666666663,355.2916666666667,175.71122250605796,43.92780562651449,27.5
VIPV20_Wp1000,SPRING,10,4.5,public,70999.04166666667,601.7083333333333,511.6181648973749,93.02148452679546,15.0
VIPV20_Wp1000,SPRING,11,5.0,home,418975.29166666674,19248.00000000001,2599.662390615833,2079.729912492668,7.5
VIPV20_Wp1000,SPRING,11,5.0,work,1601.958333333333,1509.4166666666665,579.1724015414856,144.7931003853714,57.5
VIPV20_Wp1000,SPRING,11,5.0,public,70264.33333333334,940.5416666666667,812.93062204473,147.8055676444963,42.5
VIPV20_Wp1000,SPRING,12,5.5,home,409605.125,3536.416666666668,471.4796435185394,377.1837148148317,7.5
VIPV20_Wp1000,SPRING,12,5.5,work,4390.416666666668,3808.8750000000005,1677.129805675235,419.28245141880876,112.5
VIPV20_Wp1000,SPRING,12,5.5,public,70489.16666666667,2428.166666666667,1900.7726897182692,345.5950344942306,82.5
VIPV20_Wp1000,SPRING,13,6.0,home,389049.4166666667,784.8333333333334,194.87043122674612,77.94817249069844,5.0
VIPV20_Wp1000,SPRING,13,6.0,work,9502.750000000004,7995.916666666668,3631.9829428584535,907.9957357146134,310.0
VIPV20_Wp1000,SPRING,13,6.0,public,70480.16666666667,4427.375000000002,4255.892797238094,773.7986904069255,180.0
VIPV20_Wp1000,SPRING,14,6.5,home,357510.58333333326,609.5833333333333,157.88102577078817,63.15241030831528,10.0
VIPV20_Wp1000,SPRING,14,6.5,work,20713.333333333347,17602.208333333336,8082.009431601483,2020.5023579003707,402.5
VIPV20_Wp1000,SPRING,14,6.5,public,69774.41666666666,8526.916666666668,7562.336374568883,1374.9702499216146,207.5
VIPV20_Wp1000,SPRING,15,7.0,home,301440.1666666665,935.9166666666666,379.00716893235017,101.06857838196004,20.0
VIPV20_Wp1000,SPRING,15,7.0,work,36028.16666666664,28267.083333333332,13322.160439832185,3330.5401099580463,750.0
VIPV20_Wp1000,SPRING,15,7.0,public,68839.66666666669,13467.833333333343,12030.157879917848,2187.3014327123383,485.0
VIPV20_Wp1000,SPRING,16,7.5,home,235208.4999999999,1200.9166666666667,477.78265024551433,127.40870673213713,10.0
VIPV20_Wp1000,SPRING,16,7.5,work,61802.83333333332,47572.87499999998,22756.388652911934,5689.097163227983,812.5
VIPV20_Wp1000,SPRING,16,7.5,public,71868.2499999999,22590.041666666657,20855.923052702376,3791.9860095822523,607.5
VIPV20_Wp1000,SPRING,17,8.0,home,185796.50000000003,1192.9166666666665,522.727416608675,130.68185415216874,20.0
VIPV20_Wp1000,SPRING,17,8.0,work,82952.12499999996,56652.54166666667,28360.355622438914,7090.0889056097285,532.5
VIPV20_Wp1000,SPRING,17,8.0,public,77138.20833333337,29178.0,27532.20151076811,5005.8548201396525,487.5
VIPV20_Wp1000,SPRING,18,8.5,home,157538.50000000003,1659.9999999999993,692.2045049271653,173.0511262317913,62.5
VIPV20_Wp1000,SPRING,18,8.5,work,94058.95833333336,52989.00000000003,27927.421976278063,6981.855494069516,310.0
VIPV20_Wp1000,SPRING,18,8.5,public,79992.87500000004,29022.208333333314,29952.02294154372,5445.82235300795,457.5
VIPV20_Wp1000,SPRING,19,9.0,home,137563.20833333334,3956.7916666666656,1570.34303090459,392.5857577261475,125.0
VIPV20_Wp1000,SPRING,19,9.0,work,101010.08333333334,45246.33333333328,24862.796347780473,6215.699086945118,172.5
VIPV20_Wp1000,SPRING,19,9.0,public,81028.9166666667,26024.458333333314,28001.813964410874,5091.238902620157,407.5
VIPV20_Wp1000,SPRING,20,9.5,home,127089.91666666669,7264.458333333333,2997.416800815102,749.3542002037755,177.5
VIPV20_Wp1000,SPRING,20,9.5,work,103986.58333333331,34214.58333333333,19351.09528133704,4837.77382033426,95.0
VIPV20_Wp1000,SPRING,20,9.5,public,82446.33333333336,23142.333333333332,24971.324259273682,4540.240774413393,412.5
VIPV20_Wp1000,SPRING,21,10.0,home,116630.29166666673,12578.958333333325,3254.361336974413,1301.7445347897653,277.5
VIPV20_Wp1000,SPRING,21,10.0,work,105252.0416666667,24622.375000000015,14322.682965184877,3580.670741296219,110.0
VIPV20_Wp1000,SPRING,21,10.0,public,83595.0,23303.79166666667,24858.936058446398,4519.806556081168,495.0
VIPV20_Wp1000,SPRING,22,10.5,home,104522.08333333331,17639.708333333343,4510.531415600212,1804.2125662400838,315.0
VIPV20_Wp1000,SPRING,22,10.5,work,106697.66666666666,19137.54166666667,10859.441721016794,2714.8604302541985,132.5
VIPV20_Wp1000,SPRING,22,10.5,public,84158.0416666667,25701.291666666675,27547.681829390094,5008.669423525465,515.0
VIPV20_Wp1000,SPRING,23,11.0,home,97256.37500000001,24600.333333333336,6294.05727111262,2517.622908445051,452.5
VIPV20_Wp1000,SPRING,23,11.0,work,107423.0416666667,14958.333333333332,8179.639512456546,2044.9098781141365,77.5
VIPV20_Wp1000,SPRING,23,11.0,public,85126.20833333337,26928.708333333314,29752.498058017776,5409.545101457781,552.5
VIPV20_Wp1000,SPRING,24,11.5,home,94019.12499999996,33187.749999999985,8547.61673420769,3419.046693683075,532.5
VIPV20_Wp1000,SPRING,24,11.5,work,106435.66666666669,11324.541666666668,6139.3140395228165,1534.8285098807041,87.5
VIPV20_Wp1000,SPRING,24,11.5,public,84107.6666666666,26257.87500000003,29410.137561175314,5347.297738395506,500.0
VIPV20_Wp1000,SPRING,25,12.0,home,95364.49999999997,43296.08333333334,7749.137430539612,4428.0785317369155,650.0
VIPV20_Wp1000,SPRING,25,12.0,work,106637.04166666667,9815.875000000002,5364.9590770693885,1341.2397692673471,110.0
VIPV20_Wp1000,SPRING,25,12.0,public,84692.29166666661,28130.583333333307,32435.0819831924,5897.287633307705,635.0
VIPV20_Wp1000,SPRING,26,12.5,home,96733.12500000001,50784.833333333336,9126.590719867858,5215.194697067344,585.0
VIPV20_Wp1000,SPRING,26,12.5,work,108355.33333333334,10620.666666666662,5534.569458919536,1383.642364729884,170.0
VIPV20_Wp1000,SPRING,26,12.5,public,85597.37499999999,31290.58333333335,37027.85784647519,6732.3377902682105,580.0
VIPV20_Wp1000,SPRING,27,13.0,home,94505.16666666664,52950.16666666665,9518.007397397112,5438.861369941202,625.0
VIPV20_Wp1000,SPRING,27,13.0,work,109815.08333333333,11358.125000000004,5842.144527278493,1460.5361318196233,107.5
VIPV20_Wp1000,SPRING,27,13.0,public,86200.74999999991,31028.124999999993,35648.03417274552,6481.460758681014,525.0
VIPV20_Wp1000,SPRING,28,13.5,home,98297.25000000001,58354.87499999996,10473.09888109111,5984.627932052062,640.0
VIPV20_Wp1000,SPRING,28,13.5,work,109955.95833333331,10212.583333333334,5389.756316334355,1347.4390790835887,60.0
VIPV20_Wp1000,SPRING,28,13.5,public,87062.83333333337,30875.124999999993,35953.35558729382,6536.973743144339,575.0
VIPV20_Wp1000,SPRING,29,14.0,home,107319.95833333328,67332.1666666667,11968.452684649035,6839.115819799447,847.5
VIPV20_Wp1000,SPRING,29,14.0,work,108988.7916666667,8916.458333333332,4876.224041352442,1219.0560103381106,87.5
VIPV20_Wp1000,SPRING,29,14.0,public,84953.70833333327,29286.750000000004,34239.15206523106,6225.300375496549,505.0
VIPV20_Wp1000,SPRING,30,14.5,home,116250.70833333337,74741.95833333331,13191.741052820615,7538.137744468931,762.5
VIPV20_Wp1000,SPRING,30,14.5,work,107844.24999999997,7852.458333333334,4416.693276735513,1104.1733191838782,37.5
VIPV20_Wp1000,SPRING,30,14.5,public,83975.625,28908.625000000004,33941.47488638776,6171.177252070496,525.0
VIPV20_Wp1000,SPRING,31,15.0,home,128237.1666666666,82738.49999999994,14548.159128393483,8313.233787653415,900.0
VIPV20_Wp1000,SPRING,31,15.0,work,101614.20833333334,6367.333333333335,3602.657794834529,900.6644487086322,37.5
VIPV20_Wp1000,SPRING,31,15.0,public,85653.08333333339,29917.624999999993,35466.29039515836,6448.416435483332,562.5
VIPV20_Wp1000,SPRING,32,15.5,home,147446.29166666663,95155.125,16675.69221732367,9528.966981327827,1117.5
VIPV20_Wp1000,SPRING,32,15.5,work,90495.08333333327,4618.0,2604.1438887491117,651.0359721872779,15.0
VIPV20_Wp1000,SPRING,32,15.5,public,83130.16666666669,29495.083333333325,35482.015089739245,6451.275470861679,510.0
VIPV20_Wp1000,SPRING,33,16.0,home,171919.91666666657,109596.20833333331,27223.372065300522,10889.348826120195,1157.5
VIPV20_Wp1000,SPRING,33,16.0,work,74703.87500000001,3130.125,1766.5899078536231,441.6474769634058,25.0
VIPV20_Wp1000,SPRING,33,16.0,public,81681.70833333327,29825.333333333365,33992.98949828956,6180.543545143541,595.0
VIPV20_Wp1000,SPRING,34,16.5,home,198087.66666666674,122961.6666666666,30549.58456364354,12219.833825457406,1287.5
VIPV20_Wp1000,SPRING,34,16.5,work,57277.12499999999,2266.9583333333335,1338.1694178062935,334.5423544515734,10.0
VIPV20_Wp1000,SPRING,34,16.5,public,79259.79166666666,28841.666666666664,32753.228545436214,5955.132462806581,475.0
VIPV20_Wp1000,SPRING,35,17.0,home,226851.33333333305,136107.50000000017,47164.26317171366,13475.50376334677,1172.5
VIPV20_Wp1000,SPRING,35,17.0,work,40533.79166666667,1807.625,1060.0543260103375,265.0135815025844,15.0
VIPV20_Wp1000,SPRING,35,17.0,public,77329.25000000003,28934.541666666664,32990.45247793625,5998.264086897503,565.0
VIPV20_Wp1000,SPRING,36,17.5,home,250948.41666666677,140921.7083333333,49005.67271846394,14001.620776703998,977.5
VIPV20_Wp1000,SPRING,36,17.5,work,28497.16666666666,1272.4166666666665,737.3621795789905,184.34054489474764,12.5
VIPV20_Wp1000,SPRING,36,17.5,public,74743.79166666669,25599.458333333325,30182.34664441396,5487.699389893442,412.5
VIPV20_Wp1000,SPRING,37,18.0,home,271616.7083333333,141310.2083333335,49514.07396416078,14146.878275474537,925.0
VIPV20_Wp1000,SPRING,37,18.0,work,19945.374999999993,1191.1666666666663,641.4392297280461,160.35980743201154,17.5
VIPV20_Wp1000,SPRING,37,18.0,public,70206.41666666669,22404.12500000001,26513.52476632694,4820.640866604897,327.5
VIPV20_Wp1000,SPRING,38,18.5,home,289310.3333333334,138366.9166666666,48865.954730364894,13961.701351532838,697.5
VIPV20_Wp1000,SPRING,38,18.5,work,14037.041666666664,1041.6666666666667,539.159974606132,134.789993651533,0.0
VIPV20_Wp1000,SPRING,38,18.5,public,69154.08333333331,20087.833333333332,22921.126541731934,4167.477553042163,292.5
VIPV20_Wp1000,SPRING,39,19.0,home,301853.74999999994,130064.91666666666,46249.693639624944,13214.19818274997,552.5
VIPV20_Wp1000,SPRING,39,19.0,work,9452.041666666668,575.1666666666666,325.2716040360779,81.31790100901948,2.5
VIPV20_Wp1000,SPRING,39,19.0,public,66360.20833333334,16288.08333333333,19272.001077005414,3504.0001958191674,177.5
VIPV20_Wp1000,SPRING,40,19.5,home,314457.5833333333,120402.91666666669,42954.85573198036,12272.815923422959,472.5
VIPV20_Wp1000,SPRING,40,19.5,work,6911.791666666667,561.9166666666666,337.8712506851341,84.46781267128353,10.0
VIPV20_Wp1000,SPRING,40,19.5,public,63414.041666666664,13066.416666666668,15526.328058351013,2822.968737882004,165.0
VIPV20_Wp1000,SPRING,41,20.0,home,323993.95833333326,109819.50000000001,39400.539605366605,11257.297030104746,285.0
VIPV20_Wp1000,SPRING,41,20.0,work,5170.124999999999,432.70833333333337,254.32708721265348,63.58177180316337,0.0
VIPV20_Wp1000,SPRING,41,20.0,public,61959.45833333334,11234.333333333336,13179.712144745143,2396.311299044573,132.5
VIPV20_Wp1000,SPRING,42,20.5,home,331299.20833333343,97641.04166666666,35258.31567844765,10073.804479556458,307.5
VIPV20_Wp1000,SPRING,42,20.5,work,3617.541666666667,290.4583333333333,175.94723793635697,43.98680948408924,0.0
VIPV20_Wp1000,SPRING,42,20.5,public,60396.50000000002,8597.45833333333,10004.32610910416,1818.968383473485,105.0
VIPV20_Wp1000,SPRING,43,21.0,home,338439.99999999977,85377.24999999996,30969.832096065915,8848.52345601882,245.0
VIPV20_Wp1000,SPRING,43,21.0,work,2352.9166666666665,33.125,3.85924297381831,0.9648107434545775,2.5
VIPV20_Wp1000,SPRING,43,21.0,public,59053.41666666665,6729.000000000002,8027.571986145525,1459.5585429355508,57.5
VIPV20_Wp1000,SPRING,44,21.5,home,344627.2083333334,75385.66666666666,27481.616235566577,7851.890353019007,235.0
VIPV20_Wp1000,SPRING,44,21.5,work,1679.3333333333335,15.541666666666668,0.0,0.0,0.0
VIPV20_Wp1000,SPRING,44,21.5,public,58227.54166666666,5040.041666666667,6288.653919582343,1143.391621742245,40.0
VIPV20_Wp1000,SPRING,45,22.0,home,353333.2083333333,69242.91666666669,14427.936107571852,7213.968053785926,282.5
VIPV20_Wp1000,SPRING,45,22.0,work,989.2083333333333,0.0,0.0,0.0,0.0
VIPV20_Wp1000,SPRING,45,22.0,public,57226.458333333336,4038.1250000000005,4996.088520139202,908.3797309344004,32.5
VIPV20_Wp1000,SPRING,46,22.5,home,361180.8749999999,64840.20833333336,13517.134807833552,6758.567403916776,202.5
VIPV20_Wp1000,SPRING,46,22.5,work,432.54166666666663,0.0,0.0,0.0,0.0
VIPV20_Wp1000,SPRING,46,22.5,public,57025.58333333333,3664.9999999999995,4693.624300788613,853.3862365070211,30.0
VIPV20_Wp1000,SPRING,47,23.0,home,365830.1666666667,57191.66666666666,12044.274237535403,6022.137118767701,182.5
VIPV20_Wp1000,SPRING,47,23.0,work,242.625,0.0,0.0,0.0,0.0
VIPV20_Wp1000,SPRING,47,23.0,public,57212.041666666664,3195.625,4079.186633889761,741.6702970708657,25.0
VIPV20_Wp1000,SPRING,48,23.5,home,371553.7916666666,52706.33333333333,11183.642123802041,5591.821061901021,162.5
VIPV20_Wp1000,SPRING,48,23.5,work,124.0,0.0,0.0,0.0,0.0
VIPV20_Wp1000,SPRING,48,23.5,public,57277.625,2216.291666666667,3010.7474887366825,547.4086343157604,7.5
VIPV20_Wp1000,SUMMER,1,0.0,home,420611.3333333334,127525.4166666667,25819.538422960977,12909.769211480489,435.0
VIPV20_Wp1000,SUMMER,1,0.0,work,25.291666666666668,25.291666666666668,6.387232549982462,1.5968081374956156,2.5
VIPV20_Wp1000,SUMMER,1,0.0,public,72159.5,14465.374999999998,17479.676248179287,3178.1229542144165,122.5
VIPV20_Wp1000,SUMMER,2,0.5,home,429859.625,120428.3750000001,24596.570851889388,12298.285425944694,270.0
VIPV20_Wp1000,SUMMER,2,0.5,work,75.0,75.0,18.940722553490005,4.735180638372501,0.0
VIPV20_Wp1000,SUMMER,2,0.5,public,74587.5,11411.374999999998,13724.098210302693,2495.2905836914015,62.5
VIPV20_Wp1000,SUMMER,3,1.0,home,433912.5,107539.75000000003,22130.208339154564,11065.104169577282,90.0
VIPV20_Wp1000,SUMMER,3,1.0,work,75.0,18.5,4.6720448965275345,1.1680112241318836,0.0
VIPV20_Wp1000,SUMMER,3,1.0,public,75487.5,7601.666666666666,9388.670183238755,1707.0309424070465,27.5
VIPV20_Wp1000,SUMMER,4,1.5,home,435637.5,92000.20833333334,19094.85582970596,9547.42791485298,42.5
VIPV20_Wp1000,SUMMER,4,1.5,work,75.0,0.0,0.0,0.0,0.0
VIPV20_Wp1000,SUMMER,4,1.5,public,76029.45833333334,4983.333333333333,6346.908180300471,1153.9833055091765,15.0
VIPV20_Wp1000,SUMMER,5,2.0,home,436125.0,75467.79166666667,15807.591162215684,7903.795581107842,10.0
VIPV20_Wp1000,SUMMER,5,2.0,work,75.0,0.0,0.0,0.0,0.0
VIPV20_Wp1000,SUMMER,5,2.0,public,76125.0,2388.583333333333,2977.506229621725,541.3647690221318,0.0
VIPV20_Wp1000,SUMMER,6,2.5,home,436200.0,58143.500000000015,12285.82721237004,6142.91360618502,2.5
VIPV20_Wp1000,SUMMER,6,2.5,work,75.0,0.0,0.0,0.0,0.0
VIPV20_Wp1000,SUMMER,6,2.5,public,76125.0,1053.625,1345.8302044152906,244.69640080278015,0.0
VIPV20_Wp1000,SUMMER,7,3.0,home,436275.0,41144.54166666667,8753.632322968246,4376.816161484123,2.5
VIPV20_Wp1000,SUMMER,7,3.0,work,75.0,0.0,0.0,0.0,0.0
VIPV20_Wp1000,SUMMER,7,3.0,public,76125.0,135.875,187.03383300329415,34.00615145514439,0.0
VIPV20_Wp1000,SUMMER,8,3.5,home,436187.125,27157.16666666666,5831.371671740174,2915.685835870087,0.0
VIPV20_Wp1000,SUMMER,8,3.5,work,75.0,0.0,0.0,0.0,0.0
VIPV20_Wp1000,SUMMER,8,3.5,public,76125.0,0.0,0.0,0.0,0.0
VIPV20_Wp1000,SUMMER,9,4.0,home,435235.125,13473.41666666667,2909.987533169094,1454.9937665845468,0.0
VIPV20_Wp1000,SUMMER,9,4.0,work,122.41666666666666,47.41666666666667,25.91497778827292,6.47874444706823,10.0
VIPV20_Wp1000,SUMMER,9,4.0,public,76161.16666666666,215.54166666666666,134.64096803522636,24.480176006404797,10.0
VIPV20_Wp1000,SUMMER,10,4.5,home,433310.375,3666.5,801.1725330922637,400.58626654613187,0.0
VIPV20_Wp1000,SUMMER,10,4.5,work,675.5,600.5,290.0868277130269,72.52170692825672,17.5
VIPV20_Wp1000,SUMMER,10,4.5,public,76132.83333333334,498.9166666666667,490.58840270365187,89.19789140066398,17.5
VIPV20_Wp1000,SUMMER,11,5.0,home,428234.5416666667,1066.2916666666665,297.65751302624324,119.06300521049732,2.5
VIPV20_Wp1000,SUMMER,11,5.0,work,1925.1249999999998,1803.1666666666665,811.0111346186283,202.75278365465707,90.0
VIPV20_Wp1000,SUMMER,11,5.0,public,75313.58333333334,540.3333333333334,505.6776082102866,91.94138331096121,27.5
VIPV20_Wp1000,SUMMER,12,5.5,home,418997.3333333332,592.6666666666666,153.5962594434322,61.43850377737288,12.5
VIPV20_Wp1000,SUMMER,12,5.5,work,5012.458333333335,4496.208333333334,2056.0043446077552,514.0010861519388,97.5
VIPV20_Wp1000,SUMMER,12,5.5,public,74933.91666666669,1903.1249999999998,1844.4112066980188,335.34749212691247,80.0
VIPV20_Wp1000,SUMMER,13,6.0,home,396353.29166666686,659.3333333333333,164.78691719916858,65.91476687966743,7.5
VIPV20_Wp1000,SUMMER,13,6.0,work,9803.833333333332,8148.250000000001,3630.946246025369,907.7365615063422,287.5
VIPV20_Wp1000,SUMMER,13,6.0,public,74911.79166666667,4889.083333333337,4635.432561068543,842.8059201942801,205.0
VIPV20_Wp1000,SUMMER,14,6.5,home,363196.87500000006,672.5833333333334,180.85511847670563,72.34204739068225,7.5
VIPV20_Wp1000,SUMMER,14,6.5,work,21700.166666666664,17928.541666666668,8018.220665699901,2004.5551664249751,415.0
VIPV20_Wp1000,SUMMER,14,6.5,public,74381.25000000003,9544.749999999996,8375.644251481954,1522.8444093603557,215.0
VIPV20_Wp1000,SUMMER,15,7.0,home,308712.25,1052.25,265.52252400550697,106.20900960220278,32.5
VIPV20_Wp1000,SUMMER,15,7.0,work,35871.95833333333,27016.500000000007,12538.368650060578,3134.5921625151445,745.0
VIPV20_Wp1000,SUMMER,15,7.0,public,72789.75000000003,14262.458333333336,13611.178732913266,2474.759769620591,487.5
VIPV20_Wp1000,SUMMER,16,7.5,home,240997.50000000006,1725.75,435.08485195476777,174.03394078190712,27.5
VIPV20_Wp1000,SUMMER,16,7.5,work,62940.25,47338.125,21945.774952628137,5486.443738157034,840.0
VIPV20_Wp1000,SUMMER,16,7.5,public,74406.99999999999,24193.45833333333,22890.596709002402,4161.92667436407,612.5
VIPV20_Wp1000,SUMMER,17,8.0,home,190840.20833333328,2736.8749999999995,808.0612605479356,281.0647862775428,65.0
VIPV20_Wp1000,SUMMER,17,8.0,work,82969.12500000001,54814.375,26418.24179351522,6604.560448378805,490.0
VIPV20_Wp1000,SUMMER,17,8.0,public,80152.29166666672,32087.499999999985,31133.046638629978,5660.553934296358,582.5
VIPV20_Wp1000,SUMMER,18,8.5,home,161902.4166666666,3783.833333333334,1119.6395905606844,389.43985758632493,100.0
VIPV20_Wp1000,SUMMER,18,8.5,work,93273.16666666664,48871.83333333332,25315.173113052617,6328.793278263154,280.0
VIPV20_Wp1000,SUMMER,18,8.5,public,84504.83333333337,32078.250000000015,31752.172709338636,5773.122310788848,460.0
VIPV20_Wp1000,SUMMER,19,9.0,home,142169.00000000003,6830.083333333335,2016.411647637755,701.3605730913928,180.0
VIPV20_Wp1000,SUMMER,19,9.0,work,99063.1666666667,38644.37500000002,21313.69916772066,5328.424791930165,150.0
VIPV20_Wp1000,SUMMER,19,9.0,public,85940.29166666672,26625.166666666664,28339.8853928898,5152.706435070869,362.5
VIPV20_Wp1000,SUMMER,20,9.5,home,132627.24999999994,11019.333333333332,3213.4182267280635,1117.7106875575873,200.0
VIPV20_Wp1000,SUMMER,20,9.5,work,102174.7916666667,29594.95833333334,16639.892010916254,4159.973002729063,125.0
VIPV20_Wp1000,SUMMER,20,9.5,public,85898.16666666672,23223.333333333347,25316.580897681986,4603.014708669454,487.5
VIPV20_Wp1000,SUMMER,21,10.0,home,121547.49999999999,15459.916666666673,3529.2362561913747,1568.549447196167,292.5
VIPV20_Wp1000,SUMMER,21,10.0,work,103943.37500000003,22452.625000000007,12655.431530910178,3163.8578827275446,97.5
VIPV20_Wp1000,SUMMER,21,10.0,public,86612.2916666667,23715.624999999993,25193.135855614324,4580.570155566251,492.5
VIPV20_Wp1000,SUMMER,22,10.5,home,109954.62500000006,19826.291666666675,4538.757291704972,2017.2254629799895,312.5
VIPV20_Wp1000,SUMMER,22,10.5,work,104550.95833333331,16681.95833333333,9256.850474687284,2314.212618671821,102.5
VIPV20_Wp1000,SUMMER,22,10.5,public,87949.20833333334,27310.416666666664,29463.68273827069,5357.033225140126,520.0
VIPV20_Wp1000,SUMMER,23,11.0,home,100995.20833333333,25698.75,5949.240433130138,2644.1068591689486,437.5
VIPV20_Wp1000,SUMMER,23,11.0,work,105279.50000000004,12762.374999999995,7007.902334335746,1751.9755835839364,70.0
VIPV20_Wp1000,SUMMER,23,11.0,public,87268.08333333333,27591.999999999978,31259.636121620944,5683.570203931086,587.5
VIPV20_Wp1000,SUMMER,24,11.5,home,94462.08333333333,32505.416666666682,7557.580632130942,3358.924725391532,480.0
VIPV20_Wp1000,SUMMER,24,11.5,work,103787.33333333331,9522.291666666666,5112.777981166701,1278.1944952916751,95.0
VIPV20_Wp1000,SUMMER,24,11.5,public,86622.37500000003,27374.083333333343,31547.625489299688,5735.931907145394,577.5
VIPV20_Wp1000,SUMMER,25,12.0,home,93171.58333333337,39957.79166666666,9298.823340749334,4132.810373666368,560.0
VIPV20_Wp1000,SUMMER,25,12.0,work,103537.37499999997,8712.166666666668,4628.786243346271,1157.1965608365676,120.0
VIPV20_Wp1000,SUMMER,25,12.0,public,86109.74999999999,28226.666666666657,31985.979292448777,5815.63259862706,637.5
VIPV20_Wp1000,SUMMER,26,12.5,home,91977.49999999997,45299.54166666667,10560.742655967391,4693.663402652176,550.0
VIPV20_Wp1000,SUMMER,26,12.5,work,104671.79166666669,10143.958333333332,5302.116024091415,1325.5290060228538,140.0
VIPV20_Wp1000,SUMMER,26,12.5,public,85417.91666666672,30513.125,34329.68935276209,6241.7617005021975,600.0
VIPV20_Wp1000,SUMMER,27,13.0,home,90895.12499999997,49950.00000000004,11596.081126632844,5153.813834059042,667.5
VIPV20_Wp1000,SUMMER,27,13.0,work,105382.62499999999,10516.875000000002,5422.4948001995435,1355.6237000498859,120.0
VIPV20_Wp1000,SUMMER,27,13.0,public,84555.33333333334,30035.208333333318,33959.23921310892,6174.407129656171,525.0
VIPV20_Wp1000,SUMMER,28,13.5,home,95133.87500000001,56479.20833333335,13012.605567295475,5783.380252131323,655.0
VIPV20_Wp1000,SUMMER,28,13.5,work,105991.58333333336,9882.5,5169.8806749275445,1292.4701687318861,67.5
VIPV20_Wp1000,SUMMER,28,13.5,public,82593.08333333333,28129.12499999999,32404.462574392302,5891.720468071322,465.0
VIPV20_Wp1000,SUMMER,29,14.0,home,104043.24999999996,65117.583333333314,14972.302777263254,6654.356789894775,800.0
VIPV20_Wp1000,SUMMER,29,14.0,work,104631.49999999999,8539.625000000002,4674.352787214764,1168.588196803691,70.0
VIPV20_Wp1000,SUMMER,29,14.0,public,81340.79166666669,28373.62499999998,32471.756866597796,5903.95579392687,552.5
VIPV20_Wp1000,SUMMER,30,14.5,home,111082.91666666666,70539.20833333327,16090.149672801545,7151.177632356234,782.5
VIPV20_Wp1000,SUMMER,30,14.5,work,101942.91666666664,7522.625000000001,4250.702864608126,1062.6757161520316,27.5
VIPV20_Wp1000,SUMMER,30,14.5,public,81894.16666666669,28841.666666666653,32580.161969760433,5923.665812683721,532.5
VIPV20_Wp1000,SUMMER,31,15.0,home,124816.91666666672,79876.50000000001,18167.19739280669,8074.309952358522,892.5
VIPV20_Wp1000,SUMMER,31,15.0,work,96097.95833333337,6034.708333333332,3470.254389799597,867.5635974498992,27.5
VIPV20_Wp1000,SUMMER,31,15.0,public,83039.70833333334,29204.166666666646,34241.488437645756,6225.72517048105,557.5
VIPV20_Wp1000,SUMMER,32,15.5,home,143610.99999999985,92212.75000000001,20939.951474852118,9306.645099934256,1110.0
VIPV20_Wp1000,SUMMER,32,15.5,work,85589.83333333331,4454.666666666668,2597.3090586065746,649.3272646516436,12.5
VIPV20_Wp1000,SUMMER,32,15.5,public,80005.08333333333,27899.250000000015,32797.221849869085,5963.131245430747,525.0
VIPV20_Wp1000,SUMMER,33,16.0,home,170156.33333333326,111178.24999999988,25167.19729025957,11185.421017893099,1267.5
VIPV20_Wp1000,SUMMER,33,16.0,work,70414.79166666669,2770.041666666667,1659.2241459353852,414.8060364838463,10.0
VIPV20_Wp1000,SUMMER,33,16.0,public,81604.66666666664,30907.166666666664,35721.94002908752,6494.898187106821,647.5
VIPV20_Wp1000,SUMMER,34,16.5,home,200332.8333333334,130012.41666666656,29161.024875161547,12960.455500071801,1407.5
VIPV20_Wp1000,SUMMER,34,16.5,work,52718.62500000004,2008.2083333333333,1213.6480897732981,303.41202244332453,12.5
VIPV20_Wp1000,SUMMER,34,16.5,public,81165.29166666672,32497.458333333318,35775.30463389392,6504.600842526151,567.5
VIPV20_Wp1000,SUMMER,35,17.0,home,229659.29166666648,144272.95833333346,42946.08549214704,14315.361830715647,1167.5
VIPV20_Wp1000,SUMMER,35,17.0,work,37081.750000000015,1268.5000000000002,741.182113164138,185.2955282910345,17.5
VIPV20_Wp1000,SUMMER,35,17.0,public,78698.04166666669,30076.79166666669,33655.75737133442,6119.228612969902,512.5
VIPV20_Wp1000,SUMMER,36,17.5,home,254153.3750000002,151302.4166666666,45354.92063026192,15118.306876753983,1112.5
VIPV20_Wp1000,SUMMER,36,17.5,work,26662.04166666667,961.1666666666666,517.0808589204204,129.2702147301051,17.5
VIPV20_Wp1000,SUMMER,36,17.5,public,76431.0,27589.500000000007,31541.15748132153,5734.755905694827,462.5
VIPV20_Wp1000,SUMMER,37,18.0,home,279068.58333333343,155452.75000000017,46879.26623736757,15626.422079122505,1100.0
VIPV20_Wp1000,SUMMER,37,18.0,work,18338.29166666666,1012.7083333333334,519.9109025312442,129.97772563281106,15.0
VIPV20_Wp1000,SUMMER,37,18.0,public,74637.04166666669,25772.666666666675,29601.07181316787,5382.013056939624,397.5
VIPV20_Wp1000,SUMMER,38,18.5,home,299530.95833333343,155467.70833333352,47088.03211928241,15696.01070642749,735.0
VIPV20_Wp1000,SUMMER,38,18.5,work,12932.08333333333,904.4583333333333,444.009058668968,111.002264667242,2.5
VIPV20_Wp1000,SUMMER,38,18.5,public,72879.83333333331,21839.458333333336,25266.644099131005,4593.935290751095,292.5
VIPV20_Wp1000,SUMMER,39,19.0,home,314922.12500000023,147520.7499999999,44905.26910579891,14968.423035266334,602.5
VIPV20_Wp1000,SUMMER,39,19.0,work,9179.75,754.3333333333334,408.488071146735,102.12201778668376,7.5
VIPV20_Wp1000,SUMMER,39,19.0,public,70910.83333333337,17766.33333333334,21094.73802947784,3835.4069144505193,217.5
VIPV20_Wp1000,SUMMER,40,19.5,home,329574.9166666667,138744.125,42422.529852612475,14140.843284204184,602.5
VIPV20_Wp1000,SUMMER,40,19.5,work,6694.499999999999,446.99999999999994,279.1304149790832,69.7826037447708,2.5
VIPV20_Wp1000,SUMMER,40,19.5,public,69501.20833333336,16111.79166666667,19687.27154478653,3579.5039172339207,200.0
VIPV20_Wp1000,SUMMER,41,20.0,home,342212.2083333333,127649.87499999987,32715.376434676982,13086.15057387077,360.0
VIPV20_Wp1000,SUMMER,41,20.0,work,5107.166666666666,336.2916666666667,219.24444458456287,54.81111114614072,0.0
VIPV20_Wp1000,SUMMER,41,20.0,public,69115.79166666666,13816.5,16289.30058255559,2961.691015010109,135.0
VIPV20_Wp1000,SUMMER,42,20.5,home,349746.83333333326,112887.58333333333,29063.978472614606,11625.591389045852,302.5
VIPV20_Wp1000,SUMMER,42,20.5,work,3374.6249999999995,204.58333333333331,131.8165658819613,32.95414147049033,0.0
VIPV20_Wp1000,SUMMER,42,20.5,public,67971.66666666667,11012.916666666668,13117.046249531204,2384.917499914766,107.5
VIPV20_Wp1000,SUMMER,43,21.0,home,358314.0000000002,99806.41666666669,25769.671806594506,10307.868722637797,307.5
VIPV20_Wp1000,SUMMER,43,21.0,work,2218.0833333333335,75.0,42.33197177868548,10.58299294467137,0.0
VIPV20_Wp1000,SUMMER,43,21.0,public,66662.04166666663,8293.000000000004,9687.046196093868,1761.2811265625219,82.5
VIPV20_Wp1000,SUMMER,44,21.5,home,365384.2500000001,87752.41666666667,22722.671146829205,9089.068458731696,227.5
VIPV20_Wp1000,SUMMER,44,21.5,work,1789.25,3.0833333333333335,1.7403143953459586,0.43507859883648964,0.0
VIPV20_Wp1000,SUMMER,44,21.5,public,65509.12500000001,5507.5,6809.572553084219,1238.1041005607674,50.0
VIPV20_Wp1000,SUMMER,45,22.0,home,392959.54166666657,98621.2916666666,20213.886707470512,10106.943353735256,1225.0
VIPV20_Wp1000,SUMMER,45,22.0,work,1019.4166666666666,0.0,0.0,0.0,0.0
VIPV20_Wp1000,SUMMER,45,22.0,public,67889.375,7123.625000000002,8439.811693668902,1534.5112170307095,182.5
VIPV20_Wp1000,SUMMER,46,22.5,home,437315.6666666666,125121.12499999993,25221.581967173857,12610.790983586929,1447.5
VIPV20_Wp1000,SUMMER,46,22.5,work,265.91666666666663,0.0,0.0,0.0,0.0
VIPV20_Wp1000,SUMMER,46,22.5,public,73737.45833333333,12178.166666666666,14234.674782354641,2588.122687700845,210.0
VIPV20_Wp1000,SUMMER,47,23.0,home,478105.7499999999,148641.49999999997,29696.31236626582,14848.15618313291,1317.5
VIPV20_Wp1000,SUMMER,47,23.0,work,23.75,0.0,0.0,0.0,0.0
VIPV20_Wp1000,SUMMER,47,23.0,public,79416.12499999999,16183.291666666666,18451.82238708122,3354.8767976511285,210.0
VIPV20_Wp1000,SUMMER,48,23.5,home,510165.6249999999,160248.70833333352,32023.18784055548,16011.59392027774,960.0
VIPV20_Wp1000,SUMMER,48,23.5,work,0.0,0.0,0.0,0.0,0.0
VIPV20_Wp1000,SUMMER,48,23.5,public,83981.66666666667,17842.958333333332,20929.782522479763,3805.4150040872296,160.0
VIPV20_Wp1000,AUTUMN,1,0.0,home,355455.875,75924.25,11596.524022812246,7731.016015208167,1925.0
VIPV20_Wp1000,AUTUMN,1,0.0,work,0.0,0.0,0.0,0.0,0.0
VIPV20_Wp1000,AUTUMN,1,0.0,public,59822.0,7708.458333333333,9203.187897606178,1673.3068904738507,337.5
VIPV20_Wp1000,AUTUMN,2,0.5,home,408892.75,122178.83333333334,18212.18546072974,12141.456973819826,1452.5
VIPV20_Wp1000,AUTUMN,2,0.5,work,0.0,0.0,0.0,0.0,0.0
VIPV20_Wp1000,AUTUMN,2,0.5,public,69637.5,17033.666666666668,19328.843754340156,3514.3352280618456,272.5
VIPV20_Wp1000,AUTUMN,3,1.0,home,431550.0,133015.70833333337,19882.678528417546,13255.119018945017,600.0
VIPV20_Wp1000,AUTUMN,3,1.0,work,0.0,0.0,0.0,0.0,0.0
VIPV20_Wp1000,AUTUMN,3,1.0,public,74737.5,20267.375,23643.804566752642,4298.873557591389,135.0
VIPV20_Wp1000,AUTUMN,4,1.5,home,440625.0,127972.37499999997,19387.258812125685,12924.839208083764,205.0
VIPV20_Wp1000,AUTUMN,4,1.5,work,0.0,0.0,0.0,0.0,0.0
VIPV20_Wp1000,AUTUMN,4,1.5,public,77362.5,17689.20833333333,21724.12528220176,3949.840960400317,77.5
VIPV20_Wp1000,AUTUMN,5,2.0,home,443662.5,116265.8333333333,17840.241044695504,11893.494029796962,75.0
VIPV20_Wp1000,AUTUMN,5,2.0,work,0.0,0.0,0.0,0.0,0.0
VIPV20_Wp1000,AUTUMN,5,2.0,public,78112.5,11196.458333333334,14161.658502431015,2574.847000442003,15.0
VIPV20_Wp1000,AUTUMN,6,2.5,home,444637.5,101281.04166666664,15740.152382059388,10493.434921372902,25.0
VIPV20_Wp1000,AUTUMN,6,2.5,work,0.0,0.0,0.0,0.0,0.0
VIPV20_Wp1000,AUTUMN,6,2.5,public,78337.5,5634.500000000001,7274.938730548627,1322.716132827023,5.0
VIPV20_Wp1000,AUTUMN,7,3.0,home,444846.0833333333,84968.20833333334,13355.062058880772,8903.374705920502,5.0
VIPV20_Wp1000,AUTUMN,7,3.0,work,18.25,18.25,10.349949364239901,2.5874873410599752,2.5
VIPV20_Wp1000,AUTUMN,7,3.0,public,78375.0,2152.208333333333,2841.856553432966,516.7011915332665,0.0
VIPV20_Wp1000,AUTUMN,8,3.5,home,444704.7916666667,68471.83333333337,10865.841729499924,7243.894486333273,0.0
VIPV20_Wp1000,AUTUMN,8,3.5,work,75.0,75.0,42.534038483177675,10.633509620794419,0.0
VIPV20_Wp1000,AUTUMN,8,3.5,public,78375.0,803.3333333333334,1068.4161656533486,194.25748466424523,0.0
VIPV20_Wp1000,AUTUMN,9,4.0,home,444203.62499999994,51063.37500000003,8170.913095593794,5447.275397062527,0.0
VIPV20_Wp1000,AUTUMN,9,4.0,work,209.83333333333334,209.83333333333334,111.58734826605173,27.896837066512933,12.5
VIPV20_Wp1000,AUTUMN,9,4.0,public,78350.33333333333,194.24999999999997,225.19409757057738,40.944381376468606,5.0
VIPV20_Wp1000,AUTUMN,10,4.5,home,442591.95833333343,34812.791666666664,5613.826733774765,3742.551155849846,0.0
VIPV20_Wp1000,AUTUMN,10,4.5,work,968.0833333333334,968.0833333333334,477.5172819288617,119.37932048221542,40.0
VIPV20_Wp1000,AUTUMN,10,4.5,public,78495.20833333334,426.9583333333333,471.51169658760153,85.72939937956392,15.0
VIPV20_Wp1000,AUTUMN,11,5.0,home,436820.2916666667,17757.916666666657,2877.913593304817,1918.6090622032107,0.0
VIPV20_Wp1000,AUTUMN,11,5.0,work,2996.458333333334,2899.8750000000005,1292.3370179903652,323.0842544975913,112.5
VIPV20_Wp1000,AUTUMN,11,5.0,public,77816.12500000003,723.1666666666665,728.057628494104,132.3741142716553,40.0
VIPV20_Wp1000,AUTUMN,12,5.5,home,427486.0416666667,2925.291666666667,471.2842760437792,314.1895173625193,12.5
VIPV20_Wp1000,AUTUMN,12,5.5,work,7152.999999999999,6354.041666666665,2820.2290534324125,705.0572633581031,142.5
VIPV20_Wp1000,AUTUMN,12,5.5,public,77635.58333333331,2159.7916666666665,2038.7081556172677,370.67421011223036,77.5
VIPV20_Wp1000,AUTUMN,13,6.0,home,405727.4583333335,525.0,134.18231217054938,53.67292486821975,0.0
VIPV20_Wp1000,AUTUMN,13,6.0,work,12384.958333333334,9979.833333333334,4575.529981886367,1143.8824954715917,255.0
VIPV20_Wp1000,AUTUMN,13,6.0,public,76980.20833333334,4483.958333333335,4104.196219849007,746.2174945180011,175.0
VIPV20_Wp1000,AUTUMN,14,6.5,home,371821.3749999999,519.0,133.39154732268562,53.356618929074244,7.5
VIPV20_Wp1000,AUTUMN,14,6.5,work,22224.208333333336,16936.624999999993,7601.84739596725,1900.4618489918125,372.5
VIPV20_Wp1000,AUTUMN,14,6.5,public,76360.54166666667,9136.791666666668,8492.215095314265,1544.039108238957,232.5
VIPV20_Wp1000,AUTUMN,15,7.0,home,313865.54166666686,1021.2083333333333,267.40647600860257,106.962590403441,40.0
VIPV20_Wp1000,AUTUMN,15,7.0,work,36595.70833333332,26937.541666666657,11987.521432781165,2996.880358195291,735.0
VIPV20_Wp1000,AUTUMN,15,7.0,public,75353.3333333333,15423.916666666672,14834.863015570338,2697.247821012786,530.0
VIPV20_Wp1000,AUTUMN,16,7.5,home,243437.50000000006,1727.25,430.59857554857183,172.23943021942873,15.0
VIPV20_Wp1000,AUTUMN,16,7.5,work,62388.0833333333,44937.874999999985,20346.532978761054,5086.633244690263,807.5
VIPV20_Wp1000,AUTUMN,16,7.5,public,76255.41666666663,25030.583333333358,23464.215077133278,4266.220923115144,600.0
VIPV20_Wp1000,AUTUMN,17,8.0,home,190555.83333333328,2122.25,866.3457546211096,216.5864386552774,52.5
VIPV20_Wp1000,AUTUMN,17,8.0,work,81210.54166666661,50774.33333333333,24225.384591466714,6056.346147866679,425.0
VIPV20_Wp1000,AUTUMN,17,8.0,public,80828.79166666673,30616.583333333347,28864.59277292501,5248.107776895457,547.5
VIPV20_Wp1000,AUTUMN,18,8.5,home,160295.2083333333,2979.791666666668,1243.0498063148202,310.76245157870505,100.0
VIPV20_Wp1000,AUTUMN,18,8.5,work,89803.29166666666,43911.50000000001,22286.119371306184,5571.529842826546,240.0
VIPV20_Wp1000,AUTUMN,18,8.5,public,85579.5833333333,30232.291666666675,30557.252385024814,5555.864070004517,522.5
VIPV20_Wp1000,AUTUMN,19,9.0,home,139746.37499999994,5858.0,2363.4901229012885,590.8725307253221,120.0
VIPV20_Wp1000,AUTUMN,19,9.0,work,94893.45833333334,35315.000000000015,18973.511222769725,4743.377805692431,147.5
VIPV20_Wp1000,AUTUMN,19,9.0,public,87601.83333333336,28163.000000000015,29287.50507742731,5325.000923168592,422.5
VIPV20_Wp1000,AUTUMN,20,9.5,home,129758.91666666664,9016.166666666662,3715.7513493642195,928.9378373410549,197.5
VIPV20_Wp1000,AUTUMN,20,9.5,work,97772.6666666667,25776.166666666682,14483.814035155765,3620.9535087889412,115.0
VIPV20_Wp1000,AUTUMN,20,9.5,public,86982.75000000003,23954.04166666667,26003.35697425465,4727.8830862281175,422.5
VIPV20_Wp1000,AUTUMN,21,10.0,home,118752.29166666664,13454.125000000004,5534.415768041421,1383.6039420103552,272.5
VIPV20_Wp1000,AUTUMN,21,10.0,work,98803.45833333333,19128.45833333334,10811.805875646967,2702.951468911742,87.5
VIPV20_Wp1000,AUTUMN,21,10.0,public,86434.87499999996,23387.333333333314,25422.79354834297,4622.326099698718,507.5
VIPV20_Wp1000,AUTUMN,22,10.5,home,107305.16666666674,18038.375000000007,7371.982764384281,1842.9956910960702,312.5
VIPV20_Wp1000,AUTUMN,22,10.5,work,99668.70833333331,14602.333333333334,8127.854957688726,2031.9637394221816,95.0
VIPV20_Wp1000,AUTUMN,22,10.5,public,88659.99999999993,27341.16666666666,29187.14372785596,5306.753405064717,560.0
VIPV20_Wp1000,AUTUMN,23,11.0,home,99818.29166666669,25614.750000000015,5831.984669123281,2591.993186277017,507.5
VIPV20_Wp1000,AUTUMN,23,11.0,work,99568.25,11572.208333333328,6417.840796166719,1604.4601990416797,65.0
VIPV20_Wp1000,AUTUMN,23,11.0,public,91374.37500000006,28886.541666666704,32129.76503044165,5841.7754600802955,585.0
VIPV20_Wp1000,AUTUMN,24,11.5,home,94238.54166666658,33379.041666666635,7635.216565234588,3393.4295845487063,485.0
VIPV20_Wp1000,AUTUMN,24,11.5,work,98574.04166666664,10129.791666666672,5466.135746365298,1366.5339365913244,102.5
VIPV20_Wp1000,AUTUMN,24,11.5,public,91280.37499999993,30365.24999999999,33685.49829387144,6124.636053431174,650.0
VIPV20_Wp1000,AUTUMN,25,12.0,home,94298.16666666672,41463.583333333314,9604.077254295436,4268.47877968686,612.5
VIPV20_Wp1000,AUTUMN,25,12.0,work,98380.5833333333,9666.749999999996,5038.573930272882,1259.6434825682204,117.5
VIPV20_Wp1000,AUTUMN,25,12.0,public,92022.91666666661,32461.499999999985,37391.116486399485,6798.384815709005,620.0
VIPV20_Wp1000,AUTUMN,26,12.5,home,95349.58333333327,48262.95833333335,11189.539285493664,4973.128571330525,572.5
VIPV20_Wp1000,AUTUMN,26,12.5,work,99697.58333333334,9636.499999999998,5004.085929350288,1251.021482337572,145.0
VIPV20_Wp1000,AUTUMN,26,12.5,public,90610.4166666667,32488.500000000007,37842.477045281725,6880.450371869405,680.0
VIPV20_Wp1000,AUTUMN,27,13.0,home,92594.49999999996,51014.58333333332,11770.455732618866,5231.313658941724,617.5
VIPV20_Wp1000,AUTUMN,27,13.0,work,101085.875,10320.166666666666,5310.304540392156,1327.576135098039,115.0
VIPV20_Wp1000,AUTUMN,27,13.0,public,90987.79166666663,33704.374999999985,37571.16030279398,6831.1200550534395,575.0
VIPV20_Wp1000,AUTUMN,28,13.5,home,97427.45833333334,57947.91666666664,13246.510829348761,5887.338146377222,682.5
VIPV20_Wp1000,AUTUMN,28,13.5,work,102134.91666666667,10379.70833333333,5352.419052627932,1338.104763156983,100.0
VIPV20_Wp1000,AUTUMN,28,13.5,public,90852.62500000009,32897.00000000001,37228.429286806524,6768.805324873904,537.5
VIPV20_Wp1000,AUTUMN,29,14.0,home,106904.9583333334,66219.66666666661,15067.782964136264,6696.7924285050085,772.5
VIPV20_Wp1000,AUTUMN,29,14.0,work,101618.875,9918.91666666667,5289.556209807858,1322.3890524519645,75.0
VIPV20_Wp1000,AUTUMN,29,14.0,public,89887.9583333332,30937.791666666657,35758.49962380099,6501.545386145645,580.0
VIPV20_Wp1000,AUTUMN,30,14.5,home,114505.62499999993,72347.62500000001,16442.6187159773,7307.830540434341,760.0
VIPV20_Wp1000,AUTUMN,30,14.5,work,99505.83333333336,8252.041666666668,4573.9561276258,1143.48903190645,27.5
VIPV20_Wp1000,AUTUMN,30,14.5,public,88233.54166666667,29288.458333333318,34253.127472848995,6227.84135869982,500.0
VIPV20_Wp1000,AUTUMN,31,15.0,home,127300.54166666673,81604.24999999993,20538.170408829646,8215.268163531851,862.5
VIPV20_Wp1000,AUTUMN,31,15.0,work,93300.91666666667,5961.791666666666,3362.857141036021,840.7142852590052,20.0
VIPV20_Wp1000,AUTUMN,31,15.0,public,86161.87500000004,28464.875000000015,34196.22477994009,6217.495414534563,545.0
VIPV20_Wp1000,AUTUMN,32,15.5,home,143972.37500000003,90257.33333333328,22764.069050800575,9105.627620320229,1092.5
VIPV20_Wp1000,AUTUMN,32,15.5,work,82928.37499999999,4145.416666666666,2362.404888951987,590.6012222379967,10.0
VIPV20_Wp1000,AUTUMN,32,15.5,public,83330.62499999996,29106.333333333332,34059.134296031116,6192.569872005651,527.5
VIPV20_Wp1000,AUTUMN,33,16.0,home,168539.83333333334,106543.95833333337,26676.437856497192,10670.575142598884,1220.0
VIPV20_Wp1000,AUTUMN,33,16.0,work,68412.24999999999,2558.3750000000005,1441.4067687633965,360.3516921908491,22.5
VIPV20_Wp1000,AUTUMN,33,16.0,public,81842.70833333334,30356.54166666668,34456.339833463215,6264.789060629675,620.0
VIPV20_Wp1000,AUTUMN,34,16.5,home,199184.87499999994,127411.70833333334,31647.301027919846,12658.920411167957,1410.0
VIPV20_Wp1000,AUTUMN,34,16.5,work,51652.58333333335,1872.7083333333335,1007.4676230611274,251.86690576528184,7.5
VIPV20_Wp1000,AUTUMN,34,16.5,public,81668.04166666667,32410.208333333347,35411.777984059496,6438.505088010814,567.5
VIPV20_Wp1000,AUTUMN,35,17.0,home,231380.9999999999,146511.87500000015,36479.08540433223,14591.634161732927,1297.5
VIPV20_Wp1000,AUTUMN,35,17.0,work,37916.04166666668,1263.5000000000002,634.6229867591646,158.65574668979116,10.0
VIPV20_Wp1000,AUTUMN,35,17.0,public,81848.45833333334,32734.791666666675,36571.93218105231,6649.442214736794,585.0
VIPV20_Wp1000,AUTUMN,36,17.5,home,258397.33333333343,155540.62500000015,38977.354643889565,15590.941857555848,1130.0
VIPV20_Wp1000,AUTUMN,36,17.5,work,27549.499999999996,953.2083333333334,548.1452370667956,137.0363092666989,10.0
VIPV20_Wp1000,AUTUMN,36,17.5,public,79837.08333333339,29812.95833333334,33858.73789637445,6156.134162977168,477.5
VIPV20_Wp1000,AUTUMN,37,18.0,home,283903.16666666674,162046.04166666654,40728.598627820626,16291.439451128284,1097.5
VIPV20_Wp1000,AUTUMN,37,18.0,work,18535.041666666664,1034.2083333333335,595.1083751319467,148.77709378298667,15.0
VIPV20_Wp1000,AUTUMN,37,18.0,public,78195.62500000004,28357.08333333335,32843.20579558244,5971.49196283317,410.0
VIPV20_Wp1000,AUTUMN,38,18.5,home,305383.9583333334,161793.49999999997,40852.30478070747,16340.921912283022,785.0
VIPV20_Wp1000,AUTUMN,38,18.5,work,13341.541666666664,1015.0416666666666,582.2486208762643,145.56215521906609,2.5
VIPV20_Wp1000,AUTUMN,38,18.5,public,75899.70833333337,24198.416666666682,27871.410981235123,5067.5292693154715,312.5
VIPV20_Wp1000,AUTUMN,39,19.0,home,321337.20833333326,154630.6666666666,39260.99161313148,15704.396645252613,607.5
VIPV20_Wp1000,AUTUMN,39,19.0,work,9565.375000000002,723.5416666666666,429.34411296068436,107.33602824017109,7.5
VIPV20_Wp1000,AUTUMN,39,19.0,public,74614.66666666664,20765.041666666675,25532.405457008717,4642.255537637947,227.5
VIPV20_Wp1000,AUTUMN,40,19.5,home,336273.9583333335,144700.95833333317,37018.52850964148,14807.41140385663,567.5
VIPV20_Wp1000,AUTUMN,40,19.5,work,7244.708333333334,641.4583333333333,428.0147986248565,107.00369965621412,5.0
VIPV20_Wp1000,AUTUMN,40,19.5,public,72483.66666666666,15901.33333333334,20177.873535973617,3668.7042792679317,177.5
VIPV20_Wp1000,AUTUMN,41,20.0,home,349067.75,135244.91666666663,34696.50266875113,13878.601067500476,397.5
VIPV20_Wp1000,AUTUMN,41,20.0,work,5504.958333333334,553.6666666666667,370.72164987062934,92.68041246765733,0.0
VIPV20_Wp1000,AUTUMN,41,20.0,public,71882.375,13395.833333333334,16562.569756323956,3011.3763193316304,137.5
VIPV20_Wp1000,AUTUMN,42,20.5,home,358170.0833333332,121906.45833333334,31398.03530439381,12559.214121757563,380.0
VIPV20_Wp1000,AUTUMN,42,20.5,work,3724.0,355.0833333333333,234.74540046779788,58.68635011694947,0.0
VIPV20_Wp1000,AUTUMN,42,20.5,public,69947.87500000001,10629.791666666666,13272.76537246074,2413.2300677201347,122.5
VIPV20_Wp1000,AUTUMN,43,21.0,home,367313.04166666674,107330.37499999997,22198.080682132448,11099.040341066224,290.0
VIPV20_Wp1000,AUTUMN,43,21.0,work,2518.125,120.20833333333333,80.3112924454101,20.077823111352526,2.5
VIPV20_Wp1000,AUTUMN,43,21.0,public,69267.08333333333,8637.958333333332,10696.216639856064,1944.7666617920102,85.0
VIPV20_Wp1000,AUTUMN,44,21.5,home,374623.5,92999.16666666666,19278.364109622395,9639.182054811197,252.5
VIPV20_Wp1000,AUTUMN,44,21.5,work,1985.2500000000002,48.041666666666664,35.25223848001747,8.813059620004367,0.0
VIPV20_Wp1000,AUTUMN,44,21.5,public,68956.29166666667,6345.583333333333,8171.144399354211,1485.662618064402,50.0
VIPV20_Wp1000,AUTUMN,45,22.0,home,383386.74999999994,82381.37499999997,17145.09862907307,8572.549314536533,275.0
VIPV20_Wp1000,AUTUMN,45,22.0,work,1052.7083333333335,0.0,0.0,0.0,0.0
VIPV20_Wp1000,AUTUMN,45,22.0,public,68012.04166666666,5140.0,6545.945697396929,1190.1719449812595,25.0
VIPV20_Wp1000,AUTUMN,46,22.5,home,389864.1666666666,71650.83333333331,14972.085421220381,7486.042710610191,177.5
VIPV20_Wp1000,AUTUMN,46,22.5,work,260.79166666666663,0.0,0.0,0.0,0.0
VIPV20_Wp1000,AUTUMN,46,22.5,public,67134.83333333334,3976.083333333334,5090.65684023571,925.573970951947,30.0
VIPV20_Wp1000,AUTUMN,47,23.0,home,394734.12500000006,60090.625000000015,12657.706533388207,6328.853266694102,175.0
VIPV20_Wp1000,AUTUMN,47,23.0,work,47.0,0.0,0.0,0.0,0.0
VIPV20_Wp1000,AUTUMN,47,23.0,public,67284.75,2956.875,3849.080770037218,699.8328672794944,17.5
VIPV20_Wp1000,AUTUMN,48,23.5,home,400384.7916666665,53717.750000000044,11398.314970168105,5699.1574850840525,165.0
VIPV20_Wp1000,AUTUMN,48,23.5,work,0.0,0.0,0.0,0.0,0.0
VIPV20_Wp1000,AUTUMN,48,23.5,public,67458.33333333333,2187.2083333333335,2930.446089707064,532.8083799467391,5.0
VIPV20_Wp1000,WINTER,1,0.0,home,428844.7083333333,129091.58333333326,26202.164475271442,13101.082237635721,482.5
VIPV20_Wp1000,WINTER,1,0.0,work,0.0,0.0,0.0,0.0,0.0
VIPV20_Wp1000,WINTER,1,0.0,public,72609.5,14693.416666666668,18200.065555740563,3309.102828316467,110.0
VIPV20_Wp1000,WINTER,2,0.5,home,439160.8333333333,123829.91666666669,25262.15668262397,12631.078341311983,310.0
VIPV20_Wp1000,WINTER,2,0.5,work,0.0,0.0,0.0,0.0,0.0
VIPV20_Wp1000,WINTER,2,0.5,public,74662.5,11656.499999999995,14384.133357313185,2615.2969740569442,60.0
VIPV20_Wp1000,WINTER,3,1.0,home,444037.5,111310.58333333333,22970.475769017703,11485.23788450885,112.5
VIPV20_Wp1000,WINTER,3,1.0,work,0.0,0.0,0.0,0.0,0.0
VIPV20_Wp1000,WINTER,3,1.0,public,75675.0,8194.333333333336,10239.378145296883,1861.7051173267062,25.0
VIPV20_Wp1000,WINTER,4,1.5,home,446062.5,96003.83333333336,20009.44503190419,10004.722515952095,57.5
VIPV20_Wp1000,WINTER,4,1.5,work,0.0,0.0,0.0,0.0,0.0
VIPV20_Wp1000,WINTER,4,1.5,public,76237.5,4530.500000000001,5735.241176949977,1042.7711230818138,17.5
VIPV20_Wp1000,WINTER,5,2.0,home,446812.5,78907.95833333331,16574.5212924225,8287.26064621125,15.0
VIPV20_Wp1000,WINTER,5,2.0,work,0.0,0.0,0.0,0.0,0.0
VIPV20_Wp1000,WINTER,5,2.0,public,76387.5,2409.6249999999995,3135.7034567577207,570.1279012286764,2.5
VIPV20_Wp1000,WINTER,6,2.5,home,446887.5,62196.37499999996,13158.625995203964,6579.312997601982,2.5
VIPV20_Wp1000,WINTER,6,2.5,work,0.0,0.0,0.0,0.0,0.0
VIPV20_Wp1000,WINTER,6,2.5,public,76462.5,1092.0,1454.8913776536897,264.52570502794356,2.5
VIPV20_Wp1000,WINTER,7,3.0,home,446908.5833333333,46193.166666666686,9853.514397556839,4926.7571987784195,0.0
VIPV20_Wp1000,WINTER,7,3.0,work,0.0,0.0,0.0,0.0,0.0
VIPV20_Wp1000,WINTER,7,3.0,public,76473.95833333334,525.875,674.0805518018229,122.56010032760418,0.0
VIPV20_Wp1000,WINTER,8,3.5,home,446729.7916666667,32512.375000000015,6989.433200455543,3494.7166002277713,0.0
VIPV20_Wp1000,WINTER,8,3.5,work,0.0,0.0,0.0,0.0,0.0
VIPV20_Wp1000,WINTER,8,3.5,public,76425.0,111.625,154.83606546198507,28.152011902179105,0.0
VIPV20_Wp1000,WINTER,9,4.0,home,446068.7083333333,21698.20833333335,4696.0020405283485,2348.0010202641743,0.0
VIPV20_Wp1000,WINTER,9,4.0,work,86.0,86.0,44.23812919023605,11.059532297559013,10.0
VIPV20_Wp1000,WINTER,9,4.0,public,76373.08333333333,131.83333333333331,153.23863335661858,27.86156970120338,5.0
VIPV20_Wp1000,WINTER,10,4.5,home,444258.7083333333,12573.208333333336,2731.9106230221414,1365.9553115110707,0.0
VIPV20_Wp1000,WINTER,10,4.5,work,846.9166666666665,846.9166666666665,403.50258973318057,100.87564743329514,40.0
VIPV20_Wp1000,WINTER,10,4.5,public,76552.54166666666,528.6666666666666,516.6681839215858,93.93966980392469,20.0
VIPV20_Wp1000,WINTER,11,5.0,home,438833.0416666666,5047.791666666668,1087.867674809488,543.933837404744,10.0
VIPV20_Wp1000,WINTER,11,5.0,work,2336.874999999999,2230.749999999999,996.7378967071115,249.18447417677788,90.0
VIPV20_Wp1000,WINTER,11,5.0,public,76146.16666666667,1055.7083333333335,1027.3271770293684,186.78675945988522,55.0
VIPV20_Wp1000,WINTER,12,5.5,home,429780.625,1508.791666666667,308.3692171409523,154.18460857047614,7.5
VIPV20_Wp1000,WINTER,12,5.5,work,5828.249999999999,5214.541666666666,2235.239884511269,558.8099711278172,122.5
VIPV20_Wp1000,WINTER,12,5.5,public,75776.16666666667,2120.625,2122.130222675343,385.8418586682441,55.0
VIPV20_Wp1000,WINTER,13,6.0,home,408694.45833333343,903.5416666666666,226.14600104006973,90.4584004160279,2.5
VIPV20_Wp1000,WINTER,13,6.0,work,11182.624999999996,9210.958333333334,4098.847401312595,1024.7118503281488,282.5
VIPV20_Wp1000,WINTER,13,6.0,public,75842.41666666667,5204.208333333334,4574.2411982029425,831.680217855081,215.0
VIPV20_Wp1000,WINTER,14,6.5,home,373655.0000000003,630.0000000000001,158.2624236041894,63.304969441675766,7.5
VIPV20_Wp1000,WINTER,14,6.5,work,22192.833333333332,17765.45833333333,7893.812452686294,1973.4531131715735,420.0
VIPV20_Wp1000,WINTER,14,6.5,public,75715.79166666669,9727.124999999996,8291.2912086213,1507.5074924766016,237.5
VIPV20_Wp1000,WINTER,15,7.0,home,313581.6666666667,893.25,223.5106997064392,89.40427988257566,27.5
VIPV20_Wp1000,WINTER,15,7.0,work,37404.75000000001,28003.33333333336,12692.242764752229,3173.0606911880573,732.5
VIPV20_Wp1000,WINTER,15,7.0,public,75197.08333333337,14995.541666666666,13889.951059015702,2525.445647093765,522.5
VIPV20_Wp1000,WINTER,16,7.5,home,243622.83333333334,1345.7083333333335,347.46223180577175,138.9848927223087,22.5
VIPV20_Wp1000,WINTER,16,7.5,work,64478.16666666667,47386.83333333334,21478.285559725096,5369.571389931274,895.0
VIPV20_Wp1000,WINTER,16,7.5,public,77443.91666666667,25174.375000000007,22973.568833508114,4177.0125151832835,637.5
VIPV20_Wp1000,WINTER,17,8.0,home,192070.66666666645,2090.541666666667,761.6687257779564,217.61963593655906,52.5
VIPV20_Wp1000,WINTER,17,8.0,work,87211.75000000003,56917.249999999956,26825.863191219687,6706.465797804922,532.5
VIPV20_Wp1000,WINTER,17,8.0,public,83531.75,31932.62499999998,30575.03656244989,5559.097556809067,550.0
VIPV20_Wp1000,WINTER,18,8.5,home,160784.375,3303.291666666667,1186.5986608747892,339.02818882136825,107.5
VIPV20_Wp1000,WINTER,18,8.5,work,97310.00000000001,49607.66666666665,25084.230007940943,6271.057501985236,272.5
VIPV20_Wp1000,WINTER,18,8.5,public,87849.49999999996,31783.791666666668,33251.223411174775,6045.6769838499595,457.5
VIPV20_Wp1000,WINTER,19,9.0,home,140193.5,6586.333333333333,2362.6442796168258,675.0412227476644,160.0
VIPV20_Wp1000,WINTER,19,9.0,work,102896.9166666667,39636.583333333336,21237.57140397736,5309.39285099434,152.5
VIPV20_Wp1000,WINTER,19,9.0,public,88020.87500000004,28390.625,30027.98635536442,5459.633882793531,422.5
VIPV20_Wp1000,WINTER,20,9.5,home,130279.45833333333,9197.0,3213.7820092978955,918.2234312279697,177.5
VIPV20_Wp1000,WINTER,20,9.5,work,105922.70833333331,28792.08333333334,15920.509550883173,3980.127387720793,107.5
VIPV20_Wp1000,WINTER,20,9.5,public,87769.41666666664,24554.49999999999,26570.195462068303,4830.9446294669615,442.5
VIPV20_Wp1000,WINTER,21,10.0,home,118063.20833333339,13073.083333333334,4572.128288633893,1306.3223681811116,267.5
VIPV20_Wp1000,WINTER,21,10.0,work,107670.29166666669,20729.166666666664,11681.644201467818,2920.4110503669544,135.0
VIPV20_Wp1000,WINTER,21,10.0,public,89024.33333333333,24463.166666666657,27566.771725270995,5012.140313685628,485.0
VIPV20_Wp1000,WINTER,22,10.5,home,105084.91666666666,16670.833333333336,5834.337930288531,1666.9536943681517,315.0
VIPV20_Wp1000,WINTER,22,10.5,work,108634.29166666666,15720.708333333325,8682.186334143582,2170.5465835358955,100.0
VIPV20_Wp1000,WINTER,22,10.5,public,88337.375,26515.33333333334,28904.27560293443,5255.322836897167,530.0
VIPV20_Wp1000,WINTER,23,11.0,home,97904.20833333326,23213.54166666666,8186.283058563904,2338.938016732544,475.0
VIPV20_Wp1000,WINTER,23,11.0,work,109280.50000000001,12649.166666666672,6953.365552454081,1738.3413881135202,75.0
VIPV20_Wp1000,WINTER,23,11.0,public,89798.4166666666,28598.125000000015,30967.070908560945,5630.376528829268,662.5
VIPV20_Wp1000,WINTER,24,11.5,home,92745.74999999994,31295.24999999998,11234.725811725832,3209.9216604931016,467.5
VIPV20_Wp1000,WINTER,24,11.5,work,108280.08333333337,10530.624999999998,5489.765402794782,1372.4413506986955,110.0
VIPV20_Wp1000,WINTER,24,11.5,public,91114.33333333331,30031.29166666668,33249.45269722105,6045.355035858375,597.5
VIPV20_Wp1000,WINTER,25,12.0,home,92962.45833333333,40567.166666666686,10366.026483933763,4146.4105935735115,585.0
VIPV20_Wp1000,WINTER,25,12.0,work,108129.29166666664,9665.666666666668,5057.056608540456,1264.264152135114,112.5
VIPV20_Wp1000,WINTER,25,12.0,public,90567.91666666663,30408.87499999999,34694.789161704815,6308.143483946326,605.0
VIPV20_Wp1000,WINTER,26,12.5,home,94241.04166666676,48301.62499999996,12379.78852413237,4951.9154096529555,622.5
VIPV20_Wp1000,WINTER,26,12.5,work,107866.08333333339,9327.749999999995,4924.7662735866425,1231.1915683966606,120.0
VIPV20_Wp1000,WINTER,26,12.5,public,90020.33333333336,31674.624999999985,36472.12319142008,6631.295125712743,665.0
VIPV20_Wp1000,WINTER,27,13.0,home,94217.75,52373.08333333337,13429.345775706717,5371.738310282693,625.0
VIPV20_Wp1000,WINTER,27,13.0,work,108289.41666666666,10075.375000000005,5309.254538745751,1327.3136346864378,125.0
VIPV20_Wp1000,WINTER,27,13.0,public,90972.50000000003,33711.583333333336,37990.01783511177,6907.275970020311,575.0
VIPV20_Wp1000,WINTER,28,13.5,home,99024.45833333343,57842.374999999985,14576.416167374911,5830.5664669499665,652.5
VIPV20_Wp1000,WINTER,28,13.5,work,108959.91666666667,10568.083333333336,5557.526633870806,1389.3816584677015,67.5
VIPV20_Wp1000,WINTER,28,13.5,public,91089.83333333333,33831.87500000002,38219.89453130036,6949.071732963709,585.0
VIPV20_Wp1000,WINTER,29,14.0,home,107509.66666666669,65086.49999999998,16432.796908165998,6573.118763266404,855.0
VIPV20_Wp1000,WINTER,29,14.0,work,107813.87499999997,9319.208333333338,5088.825557046832,1272.206389261708,67.5
VIPV20_Wp1000,WINTER,29,14.0,public,88443.91666666676,31041.999999999996,35668.99434708029,6485.271699469141,587.5
VIPV20_Wp1000,WINTER,30,14.5,home,116473.125,72840.5416666667,18298.64255649024,7319.457022596095,840.0
VIPV20_Wp1000,WINTER,30,14.5,work,105580.95833333333,7544.208333333333,4180.901699783701,1045.2254249459252,37.5
VIPV20_Wp1000,WINTER,30,14.5,public,85881.4583333334,30553.124999999996,34703.64618391412,6309.753851620758,532.5
VIPV20_Wp1000,WINTER,31,15.0,home,129690.7083333333,82460.74999999988,20628.650234655866,8251.460093862348,887.5
VIPV20_Wp1000,WINTER,31,15.0,work,98864.08333333328,5783.749999999999,3234.7336702762836,808.6834175690709,30.0
VIPV20_Wp1000,WINTER,31,15.0,public,84164.9583333333,28186.08333333334,33270.391090151155,6049.162016391127,560.0
VIPV20_Wp1000,WINTER,32,15.5,home,146714.4999999999,92893.58333333328,23277.419720393755,9310.967888157484,1120.0
VIPV20_Wp1000,WINTER,32,15.5,work,87171.29166666667,4256.791666666667,2397.2446787500207,599.3111696875052,15.0
VIPV20_Wp1000,WINTER,32,15.5,public,82158.95833333327,28152.54166666668,32256.802551298,5864.873191145101,547.5
VIPV20_Wp1000,WINTER,33,16.0,home,172332.91666666677,110088.54166666676,32891.240138149915,10963.746712716671,1250.0
VIPV20_Wp1000,WINTER,33,16.0,work,70794.95833333331,2790.25,1570.8176714866552,392.7044178716638,17.5
VIPV20_Wp1000,WINTER,33,16.0,public,80949.12499999997,30286.458333333343,35338.35819837469,6425.156036068121,630.0
VIPV20_Wp1000,WINTER,34,16.5,home,199797.29166666677,125168.3749999999,37290.844688830985,12430.2815629437,1295.0
VIPV20_Wp1000,WINTER,34,16.5,work,54017.50000000003,2004.1666666666665,1182.530245676618,295.6325614191545,15.0
VIPV20_Wp1000,WINTER,34,16.5,public,78268.99999999997,31099.208333333347,35850.632271209244,6518.296776583512,535.0
VIPV20_Wp1000,WINTER,35,17.0,home,228643.16666666674,140424.04166666666,41793.45837235463,13931.152790784869,1237.5
VIPV20_Wp1000,WINTER,35,17.0,work,38578.04166666667,1432.6666666666667,819.0977478819716,204.7744369704929,7.5
VIPV20_Wp1000,WINTER,35,17.0,public,75465.25000000004,30510.04166666667,35519.682419381745,6458.124076251224,530.0
VIPV20_Wp1000,WINTER,36,17.5,home,256905.54166666654,152212.58333333334,45374.7805068732,15124.926835624407,1195.0
VIPV20_Wp1000,WINTER,36,17.5,work,26554.33333333334,1208.8750000000002,632.7361742448749,158.18404356121872,15.0
VIPV20_Wp1000,WINTER,36,17.5,public,73093.08333333334,28279.29166666669,32755.70195563514,5955.582173751845,455.0
VIPV20_Wp1000,WINTER,37,18.0,home,283270.87500000006,158475.5416666666,47465.51620621248,15821.838735404228,1115.0
VIPV20_Wp1000,WINTER,37,18.0,work,18352.583333333332,1009.4583333333335,563.8252020633579,140.95630051583947,10.0
VIPV20_Wp1000,WINTER,37,18.0,public,70721.1666666667,27251.999999999985,31780.935370408424,5778.3518855288075,447.5
VIPV20_Wp1000,WINTER,38,18.5,home,305486.1250000001,157890.12499999985,47578.45454959078,15859.484849863606,805.0
VIPV20_Wp1000,WINTER,38,18.5,work,12310.458333333325,737.0833333333334,433.53661010611705,108.38415252652926,2.5
VIPV20_Wp1000,WINTER,38,18.5,public,71692.70833333336,25631.749999999985,30407.01139836729,5528.547526975864,377.5
VIPV20_Wp1000,WINTER,39,19.0,home,321608.0416666666,150605.5416666666,45695.40301925981,15231.80100641998,645.0
VIPV20_Wp1000,WINTER,39,19.0,work,8430.625,660.8333333333334,396.88755652424203,99.22188913106051,5.0
VIPV20_Wp1000,WINTER,39,19.0,public,71196.70833333336,22236.25000000001,26439.988214595356,4807.270584471887,217.5
VIPV20_Wp1000,WINTER,40,19.5,home,338198.08333333343,142260.62499999997,43514.340976488515,14504.780325496176,592.5
VIPV20_Wp1000,WINTER,40,19.5,work,6148.541666666666,599.9999999999999,381.4506010789021,95.36265026972552,5.0
VIPV20_Wp1000,WINTER,40,19.5,public,68551.5,17296.249999999996,20790.38216588315,3780.0694847060286,175.0
VIPV20_Wp1000,WINTER,41,20.0,home,351391.6250000001,133075.83333333334,27304.61709320586,13652.30854660293,422.5
VIPV20_Wp1000,WINTER,41,20.0,work,4417.541666666666,557.5,372.23642631724067,93.05910657931017,0.0
VIPV20_Wp1000,WINTER,41,20.0,public,67230.0,13499.166666666664,16735.87625852933,3042.886592459877,127.5
VIPV20_Wp1000,WINTER,42,20.5,home,360575.45833333326,120427.4583333333,24790.627097066183,12395.313548533091,367.5
VIPV20_Wp1000,WINTER,42,20.5,work,3073.9583333333335,350.1666666666667,237.4973401304906,59.37433503262265,0.0
VIPV20_Wp1000,WINTER,42,20.5,public,65456.708333333336,9462.916666666666,11713.636180975143,2129.752032904572,97.5
VIPV20_Wp1000,WINTER,43,21.0,home,370198.79166666674,107226.16666666667,22098.759610691854,11049.379805345925,332.5
VIPV20_Wp1000,WINTER,43,21.0,work,2136.458333333333,147.54166666666669,105.78020190962556,26.44505047740639,0.0
VIPV20_Wp1000,WINTER,43,21.0,public,65215.375,7738.250000000001,9782.334984635741,1778.6063608428635,97.5
VIPV20_Wp1000,WINTER,44,21.5,home,378314.3333333334,94617.58333333333,19532.712908893085,9766.356454446543,265.0
VIPV20_Wp1000,WINTER,44,21.5,work,1594.5833333333335,110.41666666666666,50.368360997688285,12.592090249422071,2.5
VIPV20_Wp1000,WINTER,44,21.5,public,64620.12500000001,6472.125000000003,7837.041538144557,1424.91664329901,67.5
VIPV20_Wp1000,WINTER,45,22.0,home,403395.2499999999,100361.91666666667,20597.193610208407,10298.596805104204,1067.5
VIPV20_Wp1000,WINTER,45,22.0,work,1071.125,61.416666666666664,14.883877482329183,3.7209693705822957,0.0
VIPV20_Wp1000,WINTER,45,22.0,public,67622.875,8210.875,9719.9663174621,1767.2666031749277,192.5
VIPV20_Wp1000,WINTER,46,22.5,home,445396.0416666665,124463.62499999996,25116.93779267913,12558.468896339566,1402.5
VIPV20_Wp1000,WINTER,46,22.5,work,515.4166666666666,0.0,0.0,0.0,0.0
VIPV20_Wp1000,WINTER,46,22.5,public,74189.75000000001,13778.916666666662,15705.838320394085,2855.6069673443817,235.0
VIPV20_Wp1000,WINTER,47,23.0,home,484968.6249999999,146409.20833333337,29319.837767110912,14659.918883555456,1307.5
VIPV20_Wp1000,WINTER,47,23.0,work,139.70833333333331,0.0,0.0,0.0,0.0
VIPV20_Wp1000,WINTER,47,23.0,public,80635.75,18424.5,21509.022733307662,3910.7314060559365,257.5
VIPV20_Wp1000,WINTER,48,23.5,home,517640.5833333333,158881.5833333334,31917.73170470988,15958.86585235494,985.0
VIPV20_Wp1000,WINTER,48,23.5,work,75.0,0.0,0.0,0.0,0.0
VIPV20_Wp1000,WINTER,48,23.5,public,85984.08333333333,19397.333333333325,23387.971781593995,4252.358505744362,155.0
VIPV50_Wp400,SPRING,1,0.0,home,332454.375,73070.83333333334,9311.602263690502,7449.281810952385,1970.0
VIPV50_Wp400,SPRING,1,0.0,work,0.0,0.0,0.0,0.0,0.0
VIPV50_Wp400,SPRING,1,0.0,public,55097.08333333333,7343.541666666667,8537.266779037504,1552.2303234613637,320.0
VIPV50_Wp400,SPRING,2,0.5,home,385614.2083333333,119420.62500000003,14863.967509730808,11891.17400778463,1447.5
VIPV50_Wp400,SPRING,2,0.5,work,51.583333333333336,51.583333333333336,17.694364083851113,4.423591020962778,5.0
VIPV50_Wp400,SPRING,2,0.5,public,65250.0,16843.208333333336,19081.52901493373,3469.368911806131,287.5
VIPV50_Wp400,SPRING,3,1.0,home,410587.5,135144.58333333328,16852.208445913737,13481.76675673095,652.5
VIPV50_Wp400,SPRING,3,1.0,work,150.0,143.08333333333334,44.391869153290294,11.097967288322574,0.0
VIPV50_Wp400,SPRING,3,1.0,public,70575.0,20210.791666666664,23630.38449194199,4296.433543989448,157.5
VIPV50_Wp400,SPRING,4,1.5,home,419812.5,131437.62500000003,16561.12360107134,13248.89888085705,235.0
VIPV50_Wp400,SPRING,4,1.5,work,150.0,75.0,36.66610083177729,9.166525207944323,0.0
VIPV50_Wp400,SPRING,4,1.5,public,72916.95833333333,17698.04166666666,21848.721250029248,3972.494772732588,50.0
VIPV50_Wp400,SPRING,5,2.0,home,423075.0,119890.83333333342,15313.811418102672,12251.049134482106,85.0
VIPV50_Wp400,SPRING,5,2.0,work,150.0,63.916666666666664,31.24766593108131,7.811916482770328,0.0
VIPV50_Wp400,SPRING,5,2.0,public,73612.5,10998.249999999996,14041.784682319194,2553.051760421671,20.0
VIPV50_Wp400,SPRING,6,2.5,home,423825.0,104906.41666666669,13573.963134789068,10859.170507831244,12.5
VIPV50_Wp400,SPRING,6,2.5,work,150.0,0.0,0.0,0.0,0.0
VIPV50_Wp400,SPRING,6,2.5,public,73725.0,5272.708333333333,6929.557706869176,1259.9195830671224,0.0
VIPV50_Wp400,SPRING,7,3.0,home,423966.7916666667,88776.58333333328,11617.047764424407,9293.63821153951,2.5
VIPV50_Wp400,SPRING,7,3.0,work,150.0,0.0,0.0,0.0,0.0
VIPV50_Wp400,SPRING,7,3.0,public,73875.0,2087.5833333333335,2867.9558337857966,521.4465152337812,5.0
VIPV50_Wp400,SPRING,8,3.5,home,423814.6666666667,70322.83333333339,9286.622493648705,7429.2979949189585,0.0
VIPV50_Wp400,SPRING,8,3.5,work,150.0,0.0,0.0,0.0,0.0
VIPV50_Wp400,SPRING,8,3.5,public,73875.0,814.1250000000001,1127.492376445098,204.9986138991087,0.0
VIPV50_Wp400,SPRING,9,4.0,home,423190.5833333334,50872.08333333335,6788.931974490384,5431.1455795923075,0.0
VIPV50_Wp400,SPRING,9,4.0,work,266.79166666666674,116.79166666666666,59.33469071304653,14.833672678261632,17.5
VIPV50_Wp400,SPRING,9,4.0,public,73959.875,370.12499999999994,397.46468437519013,72.26630625003457,7.5
VIPV50_Wp400,SPRING,10,4.5,home,421240.4583333334,35498.91666666666,4773.7366735791165,3818.9893388632927,0.0
VIPV50_Wp400,SPRING,10,4.5,work,1093.0833333333335,961.4583333333333,381.31347770639945,95.32836942659986,32.5
VIPV50_Wp400,SPRING,10,4.5,public,73912.16666666666,369.5833333333333,400.7154018608216,72.85734579287669,10.0
VIPV50_Wp400,SPRING,11,5.0,home,416067.70833333326,19430.20833333334,2623.197950811099,2098.5583606488776,12.5
VIPV50_Wp400,SPRING,11,5.0,work,2443.75,2052.6666666666665,891.9101228289024,222.9775307072256,97.5
VIPV50_Wp400,SPRING,11,5.0,public,73273.33333333333,803.5833333333334,695.3268014473116,126.42305480860209,50.0
VIPV50_Wp400,SPRING,12,5.5,home,407144.1249999998,4163.624999999999,551.1392295536181,440.91138364289463,12.5
VIPV50_Wp400,SPRING,12,5.5,work,7038.166666666662,6179.499999999997,2694.0714143248883,673.5178535812221,177.5
VIPV50_Wp400,SPRING,12,5.5,public,73127.45833333333,2216.7083333333335,1696.8284441227252,308.5142625677682,65.0
VIPV50_Wp400,SPRING,13,6.0,home,387596.12500000035,986.6666666666666,245.97993497804637,98.39197399121852,5.0
VIPV50_Wp400,SPRING,13,6.0,work,13021.124999999998,10464.625000000002,4939.626960550321,1234.9067401375803,265.0
VIPV50_Wp400,SPRING,13,6.0,public,72908.95833333333,4484.874999999999,3994.6434155793304,726.2988028326055,225.0
VIPV50_Wp400,SPRING,14,6.5,home,356986.91666666674,1042.2083333333333,267.9105756878884,107.16423027515538,17.5
VIPV50_Wp400,SPRING,14,6.5,work,24014.291666666668,19096.5,9071.427008408562,2267.8567521021405,425.0
VIPV50_Wp400,SPRING,14,6.5,public,73948.75000000003,9881.208333333328,9174.554910155364,1668.1008927555197,240.0
VIPV50_Wp400,SPRING,15,7.0,home,301797.91666666657,1455.0416666666667,537.0871493552087,143.22323982805568,35.0
VIPV50_Wp400,SPRING,15,7.0,work,39248.29166666668,30141.208333333325,14236.903569849565,3559.225892462391,752.5
VIPV50_Wp400,SPRING,15,7.0,public,73912.25000000003,15264.625000000004,14542.474079639354,2644.086196298063,500.0
VIPV50_Wp400,SPRING,16,7.5,home,234063.3333333333,2233.5416666666665,811.7911177036742,216.4776313876464,40.0
VIPV50_Wp400,SPRING,16,7.5,work,65821.83333333333,49116.87500000001,23333.423514057948,5833.355878514487,832.5
VIPV50_Wp400,SPRING,16,7.5,public,77163.875,26396.708333333343,25073.912513818294,4558.893184330594,620.0
VIPV50_Wp400,SPRING,17,8.0,home,184586.70833333328,2659.916666666667,1100.6753117589576,275.1688279397394,40.0
VIPV50_Wp400,SPRING,17,8.0,work,87045.16666666663,57627.95833333329,28291.561873650524,7072.890468412631,540.0
VIPV50_Wp400,SPRING,17,8.0,public,81175.79166666674,31387.66666666667,30595.625686001735,5562.841033818497,512.5
VIPV50_Wp400,SPRING,18,8.5,home,156433.70833333337,3341.2083333333335,1387.6224629516532,346.9056157379133,92.5
VIPV50_Wp400,SPRING,18,8.5,work,97743.41666666663,51841.91666666671,26949.078197127503,6737.269549281876,302.5
VIPV50_Wp400,SPRING,18,8.5,public,84327.00000000001,29147.083333333332,29500.136930680874,5363.661260123794,432.5
VIPV50_Wp400,SPRING,19,9.0,home,136841.7916666667,5235.875000000001,2127.7614751905603,531.9403687976401,110.0
VIPV50_Wp400,SPRING,19,9.0,work,103964.00000000006,41763.04166666665,22822.310902331585,5705.577725582896,195.0
VIPV50_Wp400,SPRING,19,9.0,public,85133.45833333333,25794.08333333333,27160.13393703634,4938.206170370244,447.5
VIPV50_Wp400,SPRING,20,9.5,home,126886.87500000001,7929.166666666668,3211.6682824526847,802.9170706131712,192.5
VIPV50_Wp400,SPRING,20,9.5,work,107444.62499999997,32309.250000000007,18175.406593174208,4543.851648293552,117.5
VIPV50_Wp400,SPRING,20,9.5,public,86888.91666666663,23601.166666666668,25234.47363542491,4588.086115531807,422.5
VIPV50_Wp400,SPRING,21,10.0,home,116273.58333333342,12529.374999999996,3235.028094219865,1294.011237687944,265.0
VIPV50_Wp400,SPRING,21,10.0,work,108454.50000000003,23396.16666666668,13297.74585205354,3324.436463013385,92.5
VIPV50_Wp400,SPRING,21,10.0,public,87430.83333333337,22344.79166666667,24163.127602768946,4393.295927776173,480.0
VIPV50_Wp400,SPRING,22,10.5,home,106551.70833333337,17843.625,4622.1407213836455,1848.8562885534582,325.0
VIPV50_Wp400,SPRING,22,10.5,work,108256.375,17151.999999999996,9764.375746536116,2441.093936634029,95.0
VIPV50_Wp400,SPRING,22,10.5,public,89135.9583333333,25642.666666666653,27466.21756435893,4993.85773897435,517.5
VIPV50_Wp400,SPRING,23,11.0,home,98452.41666666672,23456.916666666675,6081.378941520136,2432.551576608056,442.5
VIPV50_Wp400,SPRING,23,11.0,work,107832.50000000004,12558.083333333323,7020.066625648346,1755.0166564120866,55.0
VIPV50_Wp400,SPRING,23,11.0,public,89349.16666666669,26827.749999999996,29320.407164580687,5330.983120832856,520.0
VIPV50_Wp400,SPRING,24,11.5,home,94606.29166666676,32322.666666666675,8355.225619998979,3342.090247999591,515.0
VIPV50_Wp400,SPRING,24,11.5,work,106613.91666666664,9498.541666666668,5264.4857968443675,1316.1214492110919,97.5
VIPV50_Wp400,SPRING,24,11.5,public,90074.33333333336,28732.541666666675,31587.629856988384,5743.205428543343,660.0
VIPV50_Wp400,SPRING,25,12.0,home,94885.50000000007,40964.58333333332,7438.25743542151,4250.432820240865,575.0
VIPV50_Wp400,SPRING,25,12.0,work,106608.66666666663,8846.583333333332,4864.238495307623,1216.0596238269059,115.0
VIPV50_Wp400,SPRING,25,12.0,public,92879.87499999994,31959.916666666653,34127.63765207451,6205.025027649905,592.5
VIPV50_Wp400,SPRING,26,12.5,home,96084.04166666672,48789.333333333285,8881.608495551825,5075.204854601043,630.0
VIPV50_Wp400,SPRING,26,12.5,work,107204.66666666667,10195.08333333334,5425.34489007271,1356.3362225181775,130.0
VIPV50_Wp400,SPRING,26,12.5,public,92164.70833333333,30680.999999999978,34094.8275224609,6199.059549538358,652.5
VIPV50_Wp400,SPRING,27,13.0,home,95178.95833333331,54382.37500000003,9816.091602749837,5609.1952015713305,700.0
VIPV50_Wp400,SPRING,27,13.0,work,107884.16666666667,10330.166666666673,5517.504755061053,1379.3761887652634,110.0
VIPV50_Wp400,SPRING,27,13.0,public,94052.3333333332,32883.70833333332,37070.136487479365,6740.024815905332,585.0
VIPV50_Wp400,SPRING,28,13.5,home,100657.29166666667,61834.99999999998,11039.671823697585,6308.383899255755,670.0
VIPV50_Wp400,SPRING,28,13.5,work,108728.04166666667,9835.750000000002,5371.498169678108,1342.874542419527,62.5
VIPV50_Wp400,SPRING,28,13.5,public,93464.125,32081.208333333343,37211.51596023744,6765.730174588632,517.5
VIPV50_Wp400,SPRING,29,14.0,home,110043.54166666674,70188.16666666672,12472.376842575692,7127.072481471831,827.5
VIPV50_Wp400,SPRING,29,14.0,work,106574.41666666669,8824.374999999998,4836.85757184795,1209.2143929619874,50.0
VIPV50_Wp400,SPRING,29,14.0,public,88966.83333333333,29029.958333333336,33315.10065478643,6057.291028142994,482.5
VIPV50_Wp400,SPRING,30,14.5,home,117955.91666666673,74973.45833333339,13370.892989814614,7640.5102798940725,770.0
VIPV50_Wp400,SPRING,30,14.5,work,104250.12500000003,7258.625,4060.089187608123,1015.0222969020308,22.5
VIPV50_Wp400,SPRING,30,14.5,public,87941.2083333334,28541.583333333336,33572.19092942802,6104.034714441461,472.5
VIPV50_Wp400,SPRING,31,15.0,home,129006.20833333336,81775.62499999988,14464.698107069575,8265.541775468335,795.0
VIPV50_Wp400,SPRING,31,15.0,work,97760.04166666667,4971.083333333333,2837.0302104192324,709.2575526048081,17.5
VIPV50_Wp400,SPRING,31,15.0,public,85677.58333333339,26634.25000000002,30953.67679484828,5627.941235426956,492.5
VIPV50_Wp400,SPRING,32,15.5,home,146404.70833333334,92244.29166666664,16170.495360728713,9240.283063273566,1100.0
VIPV50_Wp400,SPRING,32,15.5,work,86504.62499999996,3200.4166666666665,1915.3283606831728,478.8320901707932,12.5
VIPV50_Wp400,SPRING,32,15.5,public,83132.16666666673,26896.791666666686,31206.780008440808,5673.960001534686,555.0
VIPV50_Wp400,SPRING,33,16.0,home,170284.7916666667,106779.54166666666,26520.079347924115,10608.031739169659,1147.5
VIPV50_Wp400,SPRING,33,16.0,work,70679.83333333333,2148.5,1286.3414044727838,321.58535111819594,22.5
VIPV50_Wp400,SPRING,33,16.0,public,81433.54166666666,28684.291666666624,33005.1021647451,6000.927666317287,582.5
VIPV50_Wp400,SPRING,34,16.5,home,197091.54166666672,120613.04166666663,29890.391316308083,11956.15652652324,1272.5
VIPV50_Wp400,SPRING,34,16.5,work,53669.16666666667,1719.5,1021.4490149890257,255.36225374725643,7.5
VIPV50_Wp400,SPRING,34,16.5,public,79678.16666666663,28864.66666666667,33388.03500572356,6070.551819222458,447.5
VIPV50_Wp400,SPRING,35,17.0,home,223766.74999999994,131537.37500000012,45677.932453037276,13050.837843724898,1082.5
VIPV50_Wp400,SPRING,35,17.0,work,37436.70833333335,1081.5,651.2953653451889,162.82384133629722,0.0
VIPV50_Wp400,SPRING,35,17.0,public,77772.12500000004,29667.33333333332,34541.897856334304,6280.345064788062,560.0
VIPV50_Wp400,SPRING,36,17.5,home,244577.5833333335,135004.58333333328,47249.67876928115,13499.90821979462,947.5
VIPV50_Wp400,SPRING,36,17.5,work,25979.416666666675,613.7083333333334,365.6110094554193,91.40275236385483,5.0
VIPV50_Wp400,SPRING,36,17.5,public,74663.91666666673,27243.958333333325,31334.13622681319,5697.115677602397,440.0
VIPV50_Wp400,SPRING,37,18.0,home,264639.70833333314,136835.50000000006,48148.48813055423,13756.710894444048,915.0
VIPV50_Wp400,SPRING,37,18.0,work,16786.874999999993,500.125,275.58207949059465,68.89551987264866,2.5
VIPV50_Wp400,SPRING,37,18.0,public,71238.16666666666,23763.166666666657,27669.774212002387,5030.868038545883,332.5
VIPV50_Wp400,SPRING,38,18.5,home,283085.6250000001,135935.6666666667,47836.37223529679,13667.534924370477,705.0
VIPV50_Wp400,SPRING,38,18.5,work,11309.541666666666,234.66666666666666,146.25520871292275,36.56380217823069,2.5
VIPV50_Wp400,SPRING,38,18.5,public,68117.25000000001,19804.500000000004,23216.093790988736,4221.1079619979555,310.0
VIPV50_Wp400,SPRING,39,19.0,home,296888.4999999999,130252.2083333334,46020.49493089577,13148.712837398769,530.0
VIPV50_Wp400,SPRING,39,19.0,work,8564.374999999998,282.7083333333333,194.7984601749996,48.6996150437499,7.5
VIPV50_Wp400,SPRING,39,19.0,public,66760.62500000001,17122.583333333332,20018.43447154113,3639.7153584620223,245.0
VIPV50_Wp400,SPRING,40,19.5,home,309940.75000000006,121713.79166666669,43193.414498027676,12340.975570865015,465.0
VIPV50_Wp400,SPRING,40,19.5,work,6898.083333333332,421.4583333333333,286.0319000302301,71.50797500755752,2.5
VIPV50_Wp400,SPRING,40,19.5,public,65257.95833333331,14495.041666666659,17312.24494273942,3147.680898679895,185.0
VIPV50_Wp400,SPRING,41,20.0,home,320330.1249999999,110650.87500000004,39515.14018976535,11290.040054218684,345.0
VIPV50_Wp400,SPRING,41,20.0,work,4891.5,411.2916666666667,278.3632822137821,69.59082055344552,0.0
VIPV50_Wp400,SPRING,41,20.0,public,64372.16666666667,11599.916666666677,13742.120946802557,2498.567444873193,125.0
VIPV50_Wp400,SPRING,42,20.5,home,328251.83333333326,98517.70833333321,35334.863153955426,10095.675186844415,275.0
VIPV50_Wp400,SPRING,42,20.5,work,3593.6249999999995,282.45833333333337,199.5335335668508,49.8833833917127,0.0
VIPV50_Wp400,SPRING,42,20.5,public,63646.79166666667,9102.125000000005,10798.06498025267,1963.2845418641232,137.5
VIPV50_Wp400,SPRING,43,21.0,home,335305.54166666674,84844.29166666679,30651.639437804602,8757.611267944183,265.0
VIPV50_Wp400,SPRING,43,21.0,work,2029.125,135.29166666666666,98.5525165843608,24.6381291460902,0.0
VIPV50_Wp400,SPRING,43,21.0,public,62322.79166666667,7174.583333333333,8538.052339822434,1552.3731526949891,67.5
VIPV50_Wp400,SPRING,44,21.5,home,342022.25000000006,73899.33333333331,26781.61425763159,7651.88978789474,225.0
VIPV50_Wp400,SPRING,44,21.5,work,1389.8749999999998,48.041666666666664,35.25223848001747,8.813059620004367,0.0
VIPV50_Wp400,SPRING,44,21.5,public,61545.04166666667,6107.749999999998,7483.72900098222,1360.6780001785853,55.0
VIPV50_Wp400,SPRING,45,22.0,home,349760.9166666666,66463.20833333336,13837.06917605869,6918.534588029344,245.0
VIPV50_Wp400,SPRING,45,22.0,work,716.0833333333334,0.0,0.0,0.0,0.0
VIPV50_Wp400,SPRING,45,22.0,public,60872.37500000001,4732.333333333334,6139.653096787806,1116.3005630523285,25.0
VIPV50_Wp400,SPRING,46,22.5,home,356102.9999999998,60459.291666666686,12646.674221987108,6323.337110993554,180.0
VIPV50_Wp400,SPRING,46,22.5,work,137.0,0.0,0.0,0.0,0.0
VIPV50_Wp400,SPRING,46,22.5,public,60152.791666666664,3601.0000000000005,4920.4017336230745,894.618497022377,20.0
VIPV50_Wp400,SPRING,47,23.0,home,360636.49999999994,53311.79166666663,11227.398599008673,5613.6992995043365,160.0
VIPV50_Wp400,SPRING,47,23.0,work,17.625,0.0,0.0,0.0,0.0
VIPV50_Wp400,SPRING,47,23.0,public,59591.0,2634.958333333333,3602.523552670937,655.0042823038069,15.0
VIPV50_Wp400,SPRING,48,23.5,home,365624.83333333343,48648.041666666686,10334.605272565146,5167.302636282572,157.5
VIPV50_Wp400,SPRING,48,23.5,work,0.0,0.0,0.0,0.0,0.0
VIPV50_Wp400,SPRING,48,23.5,public,59407.83333333333,1829.125,2461.2796465799024,447.5053902872551,2.5
VIPV50_Wp400,SUMMER,1,0.0,home,400814.4583333333,123203.25,25050.1034135539,12525.051706776949,452.5
VIPV50_Wp400,SUMMER,1,0.0,work,50.583333333333336,50.583333333333336,20.970504973170794,5.242626243292698,5.0
VIPV50_Wp400,SUMMER,1,0.0,public,71409.5,15119.958333333328,18553.368389891322,3373.3397072529697,105.0
VIPV50_Wp400,SUMMER,2,0.5,home,410555.5833333334,119257.58333333337,24400.06588129041,12200.032940645206,280.0
VIPV50_Wp400,SUMMER,2,0.5,work,150.0,150.0,62.18601145256578,15.546502863141445,0.0
VIPV50_Wp400,SUMMER,2,0.5,public,72825.0,11758.791666666662,14482.668387508604,2633.2124340924747,42.5
VIPV50_Wp400,SUMMER,3,1.0,home,414637.5,107541.29166666666,22167.419337113537,11083.709668556769,87.5
VIPV50_Wp400,SUMMER,3,1.0,work,150.0,133.70833333333334,56.038212710427416,14.009553177606854,0.0
VIPV50_Wp400,SUMMER,3,1.0,public,73425.0,7162.458333333332,8883.18822216357,1615.1251313024666,10.0
VIPV50_Wp400,SUMMER,4,1.5,home,415650.0,92546.62500000001,19279.76247987233,9639.881239936165,30.0
VIPV50_Wp400,SUMMER,4,1.5,work,150.0,23.916666666666664,10.805270863836018,2.7013177159590045,0.0
VIPV50_Wp400,SUMMER,4,1.5,public,73800.0,3578.5416666666656,4425.691890655898,804.6712528465267,12.5
VIPV50_Wp400,SUMMER,5,2.0,home,416212.5,75462.25000000001,15858.752542682427,7929.376271341213,12.5
VIPV50_Wp400,SUMMER,5,2.0,work,150.0,0.0,0.0,0.0,0.0
VIPV50_Wp400,SUMMER,5,2.0,public,74062.5,1640.7916666666663,1991.5147948723825,362.0935990677059,7.5
VIPV50_Wp400,SUMMER,6,2.5,home,416250.0,59490.41666666666,12600.79652820349,6300.398264101745,0.0
VIPV50_Wp400,SUMMER,6,2.5,work,150.0,0.0,0.0,0.0,0.0
VIPV50_Wp400,SUMMER,6,2.5,public,74100.0,574.2916666666667,722.9660393264967,131.4483707866358,0.0
VIPV50_Wp400,SUMMER,7,3.0,home,416241.7916666666,42494.08333333333,9065.315738918069,4532.657869459034,0.0
VIPV50_Wp400,SUMMER,7,3.0,work,150.0,0.0,0.0,0.0,0.0
VIPV50_Wp400,SUMMER,7,3.0,public,74100.0,406.9583333333333,507.66262046598905,92.30229463017982,0.0
VIPV50_Wp400,SUMMER,8,3.5,home,416047.0,27700.95833333333,5940.8004281433,2970.40021407165,0.0
VIPV50_Wp400,SUMMER,8,3.5,work,150.0,0.0,0.0,0.0,0.0
VIPV50_Wp400,SUMMER,8,3.5,public,74100.0,78.625,92.53031927264064,16.823694413207388,0.0
VIPV50_Wp400,SUMMER,9,4.0,home,415476.5416666667,13474.500000000002,2908.890814026192,1454.4454070130957,0.0
VIPV50_Wp400,SUMMER,9,4.0,work,215.04166666666669,65.04166666666667,33.71718622583301,8.429296556458253,7.5
VIPV50_Wp400,SUMMER,9,4.0,public,74130.45833333333,151.04166666666666,86.63825617830433,15.75241021423715,7.5
VIPV50_Wp400,SUMMER,10,4.5,home,413843.4166666667,3881.958333333334,849.910321881587,424.95516094079346,0.0
VIPV50_Wp400,SUMMER,10,4.5,work,739.5,589.5,257.5854727129147,64.39636817822867,25.0
VIPV50_Wp400,SUMMER,10,4.5,public,74251.33333333334,420.9583333333333,334.42897564152474,60.80526829845905,12.5
VIPV50_Wp400,SUMMER,11,5.0,home,409185.4583333332,1556.7083333333333,427.8133487830835,171.1253395132334,5.0
VIPV50_Wp400,SUMMER,11,5.0,work,1987.1249999999998,1737.6249999999995,766.5000443648266,191.62501109120666,80.0
VIPV50_Wp400,SUMMER,11,5.0,public,73803.04166666667,780.5416666666667,577.0762520969729,104.92295492672237,40.0
VIPV50_Wp400,SUMMER,12,5.5,home,400749.66666666657,708.7916666666666,181.8210343776888,72.72841375107552,12.5
VIPV50_Wp400,SUMMER,12,5.5,work,5532.291666666666,4916.624999999999,2117.0952463951453,529.2738115987863,132.5
VIPV50_Wp400,SUMMER,12,5.5,public,74011.62500000001,2246.708333333333,1956.7765272610861,355.7775504111067,72.5
VIPV50_Wp400,SUMMER,13,6.0,home,379644.54166666674,689.2083333333334,159.62188394029266,63.84875357611705,2.5
VIPV50_Wp400,SUMMER,13,6.0,work,10903.208333333332,9104.708333333327,3943.5718435322115,985.8929608830529,285.0
VIPV50_Wp400,SUMMER,13,6.0,public,73949.83333333333,4513.249999999999,4080.3356507267777,741.8792092230507,187.5
VIPV50_Wp400,SUMMER,14,6.5,home,349318.0000000001,483.375,111.22036605152873,44.48814642061149,2.5
VIPV50_Wp400,SUMMER,14,6.5,work,21712.583333333336,17178.33333333334,7623.903310613883,1905.9758276534708,397.5
VIPV50_Wp400,SUMMER,14,6.5,public,73581.04166666672,9564.16666666666,8283.76962121617,1506.1399311302118,250.0
VIPV50_Wp400,SUMMER,15,7.0,home,294762.2916666667,720.1249999999999,170.56991515254916,68.22796606101967,22.5
VIPV50_Wp400,SUMMER,15,7.0,work,36277.79166666667,26818.708333333354,12400.599625714573,3100.149906428643,695.0
VIPV50_Wp400,SUMMER,15,7.0,public,73652.50000000001,15635.375,14314.616239715724,2602.6574981301296,515.0
VIPV50_Wp400,SUMMER,16,7.5,home,229039.12499999994,1290.7916666666667,316.70524479332505,126.68209791733004,25.0
VIPV50_Wp400,SUMMER,16,7.5,work,61438.49999999996,44866.16666666668,21182.376733253794,5295.594183313448,817.5
VIPV50_Wp400,SUMMER,16,7.5,public,75287.74999999996,24388.79166666667,21301.384368657786,3872.9789761196025,597.5
VIPV50_Wp400,SUMMER,17,8.0,home,181533.20833333334,1972.25,618.8237951493932,215.2430591823978,50.0
VIPV50_Wp400,SUMMER,17,8.0,work,82021.41666666664,54371.208333333336,26653.14883579195,6663.287208947988,517.5
VIPV50_Wp400,SUMMER,17,8.0,public,79497.41666666672,29177.083333333336,26947.54168481289,4899.5530336023485,480.0
VIPV50_Wp400,SUMMER,18,8.5,home,153356.12499999994,2805.166666666667,847.9254818038385,294.9306023665527,90.0
VIPV50_Wp400,SUMMER,18,8.5,work,92135.83333333331,49438.1666666667,25567.76961814077,6391.9424045351925,272.5
VIPV50_Wp400,SUMMER,18,8.5,public,83863.45833333334,28862.750000000007,29156.60879271827,5301.201598676051,495.0
VIPV50_Wp400,SUMMER,19,9.0,home,134728.79166666677,6302.041666666668,1860.9837450384384,647.2986939264134,162.5
VIPV50_Wp400,SUMMER,19,9.0,work,97952.45833333336,40193.708333333314,21633.704360389147,5408.426090097287,165.0
VIPV50_Wp400,SUMMER,19,9.0,public,85808.20833333333,26580.583333333336,28057.162610606018,5101.302292837452,397.5
VIPV50_Wp400,SUMMER,20,9.5,home,126396.83333333336,10612.95833333333,3128.9606768058197,1088.3341484541986,235.0
VIPV50_Wp400,SUMMER,20,9.5,work,101085.74999999997,29412.16666666666,16300.114394452334,4075.0285986130834,112.5
VIPV50_Wp400,SUMMER,20,9.5,public,85498.25000000006,23388.74999999999,26091.296322579885,4743.872058650889,467.5
VIPV50_Wp400,SUMMER,21,10.0,home,116673.29166666669,16130.49999999999,3724.402386097844,1655.28994937682,312.5
VIPV50_Wp400,SUMMER,21,10.0,work,102823.5,20842.208333333336,11825.275274142366,2956.3188185355916,112.5
VIPV50_Wp400,SUMMER,21,10.0,public,86563.3333333334,23711.66666666667,26650.459542796507,4845.538098690277,505.0
VIPV50_Wp400,SUMMER,22,10.5,home,105513.875,20576.91666666667,4763.956826359547,2117.314145048688,312.5
VIPV50_Wp400,SUMMER,22,10.5,work,103457.87499999997,15786.083333333332,8939.354634691948,2234.838658672987,87.5
VIPV50_Wp400,SUMMER,22,10.5,public,85765.87499999994,24575.083333333332,26545.022524158176,4826.367731665119,477.5
VIPV50_Wp400,SUMMER,23,11.0,home,97646.83333333334,26286.083333333325,6090.340878389282,2706.818168173012,462.5
VIPV50_Wp400,SUMMER,23,11.0,work,103338.62499999999,11908.125,6545.296047790529,1636.3240119476322,60.0
VIPV50_Wp400,SUMMER,23,11.0,public,87407.91666666673,27450.541666666668,31244.62458420493,5680.840833491809,622.5
VIPV50_Wp400,SUMMER,24,11.5,home,92322.9583333333,33690.45833333332,7808.427843273219,3470.412374788103,497.5
VIPV50_Wp400,SUMMER,24,11.5,work,101823.125,9224.375000000002,5005.090643157834,1251.2726607894585,92.5
VIPV50_Wp400,SUMMER,24,11.5,public,86169.45833333336,28745.583333333325,33565.11754865561,6102.748645210117,562.5
VIPV50_Wp400,SUMMER,25,12.0,home,91190.87499999993,40788.25,9556.479695664477,4247.324309184212,567.5
VIPV50_Wp400,SUMMER,25,12.0,work,101550.70833333331,8695.833333333334,4618.077784071755,1154.5194460179387,107.5
VIPV50_Wp400,SUMMER,25,12.0,public,85601.25000000009,29475.87499999999,33174.68345054703,6031.760627372181,607.5
VIPV50_Wp400,SUMMER,26,12.5,home,92164.16666666666,45956.37499999999,10757.818354629775,4781.25260205768,552.5
VIPV50_Wp400,SUMMER,26,12.5,work,102436.95833333333,9246.66666666667,4766.1391243301005,1191.5347810825251,152.5
VIPV50_Wp400,SUMMER,26,12.5,public,86707.125,30641.708333333336,36210.04465974838,6583.64448359062,657.5
VIPV50_Wp400,SUMMER,27,13.0,home,90584.45833333327,49367.708333333336,11596.93332491592,5154.192588851523,605.0
VIPV50_Wp400,SUMMER,27,13.0,work,104167.375,10356.708333333332,5252.206403190566,1313.0516007976414,97.5
VIPV50_Wp400,SUMMER,27,13.0,public,87315.04166666664,32768.87499999999,37457.157155988,6810.392210179627,547.5
VIPV50_Wp400,SUMMER,28,13.5,home,96400.20833333334,57181.37499999996,13279.589130939268,5902.039613750772,702.5
VIPV50_Wp400,SUMMER,28,13.5,work,104172.62499999999,9815.416666666672,5082.849180851906,1270.7122952129764,72.5
VIPV50_Wp400,SUMMER,28,13.5,public,86352.37500000001,31352.375000000022,36218.89066822024,6585.252848767317,525.0
VIPV50_Wp400,SUMMER,29,14.0,home,104672.5,65717.91666666666,15092.917879414443,6707.963501961969,782.5
VIPV50_Wp400,SUMMER,29,14.0,work,103419.45833333331,8341.083333333332,4557.414439265796,1139.353609816449,50.0
VIPV50_Wp400,SUMMER,29,14.0,public,84475.66666666672,29281.708333333303,33805.85420903214,6146.518947096749,530.0
VIPV50_Wp400,SUMMER,30,14.5,home,112389.37499999997,71997.5833333333,16463.631199774867,7317.169422122164,797.5
VIPV50_Wp400,SUMMER,30,14.5,work,100736.83333333331,6328.333333333332,3580.124948422996,895.031237105749,20.0
VIPV50_Wp400,SUMMER,30,14.5,public,80929.375,26268.99999999999,30353.68286476169,5518.85142995667,435.0
VIPV50_Wp400,SUMMER,31,15.0,home,124613.08333333331,80532.1666666666,18404.590780332393,8179.818124592182,845.0
VIPV50_Wp400,SUMMER,31,15.0,work,93626.04166666663,4289.083333333334,2511.927725524095,627.9819313810237,17.5
VIPV50_Wp400,SUMMER,31,15.0,public,79428.45833333336,25772.208333333318,30944.459940428504,5626.265443714269,495.0
VIPV50_Wp400,SUMMER,32,15.5,home,142269.20833333326,90943.5416666667,20726.63689823014,9211.83862143563,1155.0
VIPV50_Wp400,SUMMER,32,15.5,work,83448.58333333333,3196.6666666666665,1901.5886374394072,475.3971593598518,5.0
VIPV50_Wp400,SUMMER,32,15.5,public,75811.29166666666,24761.62500000002,29214.15586122058,5311.664702040113,497.5
VIPV50_Wp400,SUMMER,33,16.0,home,166038.16666666672,106074.08333333337,23898.424221931495,10621.521876413994,1165.0
VIPV50_Wp400,SUMMER,33,16.0,work,69048.125,2492.5000000000005,1492.7726502273356,373.1931625568339,20.0
VIPV50_Wp400,SUMMER,33,16.0,public,74470.6249999999,26824.79166666668,30758.789717032265,5592.507221278592,627.5
VIPV50_Wp400,SUMMER,34,16.5,home,195353.70833333334,124935.37499999978,27974.520867397485,12433.120385510014,1352.5
VIPV50_Wp400,SUMMER,34,16.5,work,52087.29166666666,1985.5000000000002,1259.1496146536365,314.7874036634091,17.5
VIPV50_Wp400,SUMMER,34,16.5,public,74915.24999999997,29786.041666666664,35429.93762577343,6441.8068410497135,542.5
VIPV50_Wp400,SUMMER,35,17.0,home,223592.62499999994,139747.2083333333,41675.05336718528,13891.684455728444,1195.0
VIPV50_Wp400,SUMMER,35,17.0,work,36718.125,1359.5000000000002,880.5359977398804,220.1339994349701,5.0
VIPV50_Wp400,SUMMER,35,17.0,public,72288.0,28177.95833333334,33670.14293581649,6121.844170148459,510.0
VIPV50_Wp400,SUMMER,36,17.5,home,248200.0833333335,146502.95833333314,44038.616342204274,14679.538780734772,1017.5
VIPV50_Wp400,SUMMER,36,17.5,work,26205.791666666664,1110.2916666666665,694.6234199052208,173.6558549763052,12.5
VIPV50_Wp400,SUMMER,36,17.5,public,70139.37500000003,26270.291666666657,31183.841859091805,5669.789428925782,445.0
VIPV50_Wp400,SUMMER,37,18.0,home,271425.7083333335,148343.1666666668,44870.214091285256,14956.738030428443,1027.5
VIPV50_Wp400,SUMMER,37,18.0,work,17844.291666666664,1143.5416666666667,652.6000153033957,163.15000382584893,15.0
VIPV50_Wp400,SUMMER,37,18.0,public,66857.54166666669,24014.0,28645.05421476477,5208.1916754117765,357.5
VIPV50_Wp400,SUMMER,38,18.5,home,290846.20833333343,146872.58333333317,44494.373796270265,14831.457932090114,707.5
VIPV50_Wp400,SUMMER,38,18.5,work,12324.875000000004,1059.9583333333335,576.1041389842053,144.02603474605132,0.0
VIPV50_Wp400,SUMMER,38,18.5,public,65872.95833333333,21913.708333333325,25820.028253155706,4694.550591482857,310.0
VIPV50_Wp400,SUMMER,39,19.0,home,305009.08333333343,140865.99999999997,42857.29872077537,14285.766240258508,620.0
VIPV50_Wp400,SUMMER,39,19.0,work,9070.958333333332,844.7500000000001,489.72652912055383,122.43163228013846,10.0
VIPV50_Wp400,SUMMER,39,19.0,public,64750.29166666666,18246.375,21639.203357904767,3934.40061052814,207.5
VIPV50_Wp400,SUMMER,40,19.5,home,320196.66666666674,134117.5416666667,41034.67782132837,13678.225940442806,547.5
VIPV50_Wp400,SUMMER,40,19.5,work,7226.499999999999,850.1666666666666,497.5508239722443,124.38770599306108,7.5
VIPV50_Wp400,SUMMER,40,19.5,public,63587.66666666666,15129.624999999998,17961.085689197193,3265.6519434904035,192.5
VIPV50_Wp400,SUMMER,41,20.0,home,331169.83333333314,123418.75,31677.563248490467,12671.025299396197,357.5
VIPV50_Wp400,SUMMER,41,20.0,work,4918.041666666667,612.875,366.6421768627921,91.66054421569802,0.0
VIPV50_Wp400,SUMMER,41,20.0,public,63397.79166666667,12279.541666666668,14408.37448443512,2619.7044517154764,122.5
VIPV50_Wp400,SUMMER,42,20.5,home,338868.9166666662,109993.70833333333,28297.187673899145,11318.875069559665,327.5
VIPV50_Wp400,SUMMER,42,20.5,work,3459.3750000000005,205.12499999999997,134.5770300984429,33.64425752461072,0.0
VIPV50_Wp400,SUMMER,42,20.5,public,62888.833333333336,9766.291666666662,11780.813664231746,2141.966120769409,95.0
VIPV50_Wp400,SUMMER,43,21.0,home,347294.12500000006,97228.75000000003,25041.73221450754,10016.69288580302,292.5
VIPV50_Wp400,SUMMER,43,21.0,work,2253.7916666666665,100.95833333333333,73.7989104265939,18.449727606648477,2.5
VIPV50_Wp400,SUMMER,43,21.0,public,62409.999999999985,8146.375000000001,10012.323142086725,1820.4223894703132,105.0
VIPV50_Wp400,SUMMER,44,21.5,home,354616.625,85343.9583333333,22051.620860575415,8820.648344230174,265.0
VIPV50_Wp400,SUMMER,44,21.5,work,1735.1249999999998,63.58333333333333,46.48717823905361,11.621794559763403,0.0
VIPV50_Wp400,SUMMER,44,21.5,public,62236.249999999985,6707.041666666667,8001.4318114713815,1454.805783903888,55.0
VIPV50_Wp400,SUMMER,45,22.0,home,381693.74999999994,93864.87499999999,19290.566907450964,9645.28345372548,1155.0
VIPV50_Wp400,SUMMER,45,22.0,work,695.4583333333333,0.0,0.0,0.0,0.0
VIPV50_Wp400,SUMMER,45,22.0,public,65370.791666666664,8886.79166666667,10200.594305702194,1854.6535101276734,205.0
VIPV50_Wp400,SUMMER,46,22.5,home,422507.12499999994,119074.45833333328,24111.85080158763,12055.925400793814,1317.5
VIPV50_Wp400,SUMMER,46,22.5,work,153.33333333333331,0.0,0.0,0.0,0.0
VIPV50_Wp400,SUMMER,46,22.5,public,71984.25,14246.750000000002,16162.530557779628,2938.6419195962962,252.5
VIPV50_Wp400,SUMMER,47,23.0,home,459024.49999999994,139583.75000000006,28110.98263523915,14055.491317619573,1240.0
VIPV50_Wp400,SUMMER,47,23.0,work,75.0,0.0,0.0,0.0,0.0
VIPV50_Wp400,SUMMER,47,23.0,public,78218.70833333334,18248.375000000004,21556.753041333424,3919.4096438788083,225.0
VIPV50_Wp400,SUMMER,48,23.5,home,488963.625,151467.4166666666,30512.60442279738,15256.30221139869,855.0
VIPV50_Wp400,SUMMER,48,23.5,work,58.95833333333333,0.0,0.0,0.0,0.0
VIPV50_Wp400,SUMMER,48,23.5,public,83565.04166666667,19642.000000000004,23351.16313128843,4245.666023870624,187.5
VIPV50_Wp400,AUTUMN,1,0.0,home,363259.4583333334,76317.99999999997,11700.111595961804,7800.07439730787,1877.5
VIPV50_Wp400,AUTUMN,1,0.0,work,25.291666666666668,25.291666666666668,14.709725002634075,3.6774312506585187,2.5
VIPV50_Wp400,AUTUMN,1,0.0,public,59512.5,8155.333333333333,9069.85767530224,1649.0650318731355,352.5
VIPV50_Wp400,AUTUMN,2,0.5,home,414324.5833333333,119621.37499999999,17876.793888682743,11917.86259245515,1442.5
VIPV50_Wp400,AUTUMN,2,0.5,work,75.0,75.0,43.62027183647666,10.905067959119165,0.0
VIPV50_Wp400,AUTUMN,2,0.5,public,69375.0,17251.416666666668,19679.736795462883,3578.1339628114356,262.5
VIPV50_Wp400,AUTUMN,3,1.0,home,438750.0,133899.62500000006,20003.109366365985,13335.406244243954,627.5
VIPV50_Wp400,AUTUMN,3,1.0,work,75.0,75.0,43.62027183647666,10.905067959119165,0.0
VIPV50_Wp400,AUTUMN,3,1.0,public,74362.5,19875.166666666664,23762.362282526406,4320.42950591389,157.5
VIPV50_Wp400,AUTUMN,4,1.5,home,447225.0,128359.33333333333,19500.412499958067,13000.274999972005,187.5
VIPV50_Wp400,AUTUMN,4,1.5,work,75.0,75.0,43.62027183647666,10.905067959119165,0.0
VIPV50_Wp400,AUTUMN,4,1.5,public,76762.5,17649.333333333332,21877.52953848371,3977.7326433606772,60.0
VIPV50_Wp400,AUTUMN,5,2.0,home,450075.0,116855.25,18009.512495707528,12006.341663805008,75.0
VIPV50_Wp400,AUTUMN,5,2.0,work,75.0,75.0,43.62027183647666,10.905067959119165,0.0
VIPV50_Wp400,AUTUMN,5,2.0,public,77812.5,11828.833333333338,15173.248403159116,2758.772436938021,25.0
VIPV50_Wp400,AUTUMN,6,2.5,home,451012.5,102856.7916666667,16023.73647109231,10682.49098072821,25.0
VIPV50_Wp400,AUTUMN,6,2.5,work,75.0,70.16666666666667,40.809187651459276,10.202296912864819,0.0
VIPV50_Wp400,AUTUMN,6,2.5,public,77925.0,5971.20833333333,7776.310512620027,1413.874638658186,0.0
VIPV50_Wp400,AUTUMN,7,3.0,home,451221.0833333333,87656.83333333337,13784.983247875609,9189.988831917073,5.0
VIPV50_Wp400,AUTUMN,7,3.0,work,75.0,0.0,0.0,0.0,0.0
VIPV50_Wp400,AUTUMN,7,3.0,public,77925.0,1961.8750000000002,2566.2941443113314,466.5989353293332,0.0
VIPV50_Wp400,AUTUMN,8,3.5,home,451037.125,70604.66666666669,11201.148773685147,7467.4325157900885,0.0
VIPV50_Wp400,AUTUMN,8,3.5,work,75.0,0.0,0.0,0.0,0.0
VIPV50_Wp400,AUTUMN,8,3.5,public,77925.0,717.9166666666667,984.0906590070881,178.92557436492513,0.0
VIPV50_Wp400,AUTUMN,9,4.0,home,450317.4166666668,53069.08333333334,8490.62311124796,5660.415407498639,0.0
VIPV50_Wp400,AUTUMN,9,4.0,work,93.0,18.0,10.727432077125329,2.681858019281332,2.5
VIPV50_Wp400,AUTUMN,9,4.0,public,78017.08333333331,319.0416666666667,237.18776601578128,43.12504836650568,15.0
VIPV50_Wp400,AUTUMN,10,4.5,home,448413.3333333334,36840.875000000015,5943.504474762686,3962.3363165084515,0.0
VIPV50_Wp400,AUTUMN,10,4.5,work,425.5416666666667,350.5416666666667,162.94846873023317,40.73711718255829,20.0
VIPV50_Wp400,AUTUMN,10,4.5,public,78138.125,606.5833333333334,474.6648551542446,86.30270093713541,15.0
VIPV50_Wp400,AUTUMN,11,5.0,home,443070.7916666666,19687.958333333318,3191.962117281682,2127.9747448544545,2.5
VIPV50_Wp400,AUTUMN,11,5.0,work,1602.7916666666665,1464.1666666666665,618.5219659798257,154.63049149495643,90.0
VIPV50_Wp400,AUTUMN,11,5.0,public,77045.79166666669,760.2083333333331,698.7692256171616,127.04895011221117,32.5
VIPV50_Wp400,AUTUMN,12,5.5,home,433530.7499999998,3352.5,542.8475757111223,361.8983838074146,12.5
VIPV50_Wp400,AUTUMN,12,5.5,work,5262.958333333333,4829.958333333333,2067.6977055254183,516.9244263813546,112.5
VIPV50_Wp400,AUTUMN,12,5.5,public,76616.95833333334,1857.8333333333333,1726.355639081769,313.8828434694125,55.0
VIPV50_Wp400,AUTUMN,13,6.0,home,410696.29166666686,1061.666666666667,281.644359221491,112.6577436885964,5.0
VIPV50_Wp400,AUTUMN,13,6.0,work,10279.541666666673,8657.708333333334,3798.8426447366637,949.7106611841659,290.0
VIPV50_Wp400,AUTUMN,13,6.0,public,75620.91666666663,3756.1250000000005,3413.0383442644697,620.5524262299033,180.0
VIPV50_Wp400,AUTUMN,14,6.5,home,377320.7916666667,894.3750000000001,245.83581257195445,98.33432502878179,12.5
VIPV50_Wp400,AUTUMN,14,6.5,work,20690.583333333332,16798.625000000004,7476.791834107568,1869.197958526892,360.0
VIPV50_Wp400,AUTUMN,14,6.5,public,75205.66666666667,8469.916666666666,8028.671933337677,1459.7585333341228,250.0
VIPV50_Wp400,AUTUMN,15,7.0,home,317353.25,1232.0416666666667,335.55189732177087,134.22075892870834,27.5
VIPV50_Wp400,AUTUMN,15,7.0,work,33641.24999999998,24984.74999999999,11746.257714798734,2936.5644286996835,662.5
VIPV50_Wp400,AUTUMN,15,7.0,public,74160.25000000001,14570.625000000007,13626.993695632309,2477.635217387689,490.0
VIPV50_Wp400,AUTUMN,16,7.5,home,245243.91666666666,1852.5416666666667,498.0875889538072,199.23503558152285,30.0
VIPV50_Wp400,AUTUMN,16,7.5,work,58330.45833333329,43413.0,20127.6476628105,5031.911915702625,785.0
VIPV50_Wp400,AUTUMN,16,7.5,public,74532.70833333334,23696.666666666668,20958.303169216684,3810.6005762212158,592.5
VIPV50_Wp400,AUTUMN,17,8.0,home,192916.20833333328,2429.4166666666665,1006.068780993894,251.5171952484735,35.0
VIPV50_Wp400,AUTUMN,17,8.0,work,78000.83333333328,51717.91666666669,24622.96255329713,6155.740638324282,492.5
VIPV50_Wp400,AUTUMN,17,8.0,public,79396.29166666667,29469.458333333343,27666.867988847225,5030.3396343358545,540.0
VIPV50_Wp400,AUTUMN,18,8.5,home,162121.50000000006,2948.166666666666,1230.5130030970265,307.6282507742566,85.0
VIPV50_Wp400,AUTUMN,18,8.5,work,87934.70833333331,46050.3333333334,23141.42989604199,5785.357474010498,257.5
VIPV50_Wp400,AUTUMN,18,8.5,public,84028.95833333333,30229.666666666668,31137.108073573872,5661.292377013432,462.5
VIPV50_Wp400,AUTUMN,19,9.0,home,139904.29166666666,5063.125000000001,2037.6805455378908,509.4201363844726,110.0
VIPV50_Wp400,AUTUMN,19,9.0,work,92969.125,35229.45833333335,18738.99843566116,4684.74960891529,147.5
VIPV50_Wp400,AUTUMN,19,9.0,public,85265.16666666661,27259.37499999998,28519.897952793188,5185.435991416944,367.5
VIPV50_Wp400,AUTUMN,20,9.5,home,129778.66666666672,7663.625000000001,3130.6876214026865,782.6719053506716,177.5
VIPV50_Wp400,AUTUMN,20,9.5,work,95714.74999999997,25763.124999999996,14192.328773323614,3548.0821933309035,120.0
VIPV50_Wp400,AUTUMN,20,9.5,public,84300.0,22218.54166666666,24407.957785191447,4437.810506398444,407.5
VIPV50_Wp400,AUTUMN,21,10.0,home,117530.04166666666,11272.333333333338,4589.9678036688665,1147.4919509172166,230.0
VIPV50_Wp400,AUTUMN,21,10.0,work,96881.58333333333,19120.791666666664,10678.25722261075,2669.5643056526874,120.0
VIPV50_Wp400,AUTUMN,21,10.0,public,84047.41666666674,21123.291666666682,22580.359271996756,4105.519867635777,510.0
VIPV50_Wp400,AUTUMN,22,10.5,home,105571.49999999996,15018.20833333334,6128.795217044252,1532.198804261063,300.0
VIPV50_Wp400,AUTUMN,22,10.5,work,97852.79166666667,14479.249999999998,7894.3028956489825,1973.5757239122456,82.5
VIPV50_Wp400,AUTUMN,22,10.5,public,85622.58333333326,25310.70833333331,27086.55350936991,4924.827910794537,605.0
VIPV50_Wp400,AUTUMN,23,11.0,home,99054.95833333324,23145.583333333325,5283.933908278393,2348.415070345955,560.0
VIPV50_Wp400,AUTUMN,23,11.0,work,97471.79166666669,10991.791666666664,5981.0245268346935,1495.2561317086734,70.0
VIPV50_Wp400,AUTUMN,23,11.0,public,87876.41666666673,30022.124999999993,32257.51637803624,5865.002977824771,552.5
VIPV50_Wp400,AUTUMN,24,11.5,home,95076.24999999988,33604.291666666664,7729.683210564396,3435.414760250847,502.5
VIPV50_Wp400,AUTUMN,24,11.5,work,97307.04166666666,8964.333333333334,4815.291462204069,1203.8228655510172,115.0
VIPV50_Wp400,AUTUMN,24,11.5,public,88120.83333333327,29619.58333333333,32337.343167708015,5879.516939583281,640.0
VIPV50_Wp400,AUTUMN,25,12.0,home,94347.83333333339,41998.91666666665,9697.05064732619,4309.800287700535,605.0
VIPV50_Wp400,AUTUMN,25,12.0,work,96675.95833333334,8781.75,4728.411947135555,1182.1029867838888,110.0
VIPV50_Wp400,AUTUMN,25,12.0,public,88988.45833333333,31469.583333333318,35265.70482418811,6411.94633167057,635.0
VIPV50_Wp400,AUTUMN,26,12.5,home,95197.16666666672,49385.16666666666,11356.659621627477,5047.404276278885,585.0
VIPV50_Wp400,AUTUMN,26,12.5,work,97359.33333333331,10295.500000000002,5415.635534655437,1353.9088836638593,135.0
VIPV50_Wp400,AUTUMN,26,12.5,public,87860.20833333334,31806.708333333314,37515.716700135396,6821.039400024615,632.5
VIPV50_Wp400,AUTUMN,27,13.0,home,95302.8333333333,53365.29166666663,12304.807476500753,5468.803322889228,702.5
VIPV50_Wp400,AUTUMN,27,13.0,work,98257.83333333331,10167.458333333334,5416.567807497833,1354.1419518744583,110.0
VIPV50_Wp400,AUTUMN,27,13.0,public,88076.91666666669,32666.95833333335,38026.823646557874,6913.967935737805,560.0
VIPV50_Wp400,AUTUMN,28,13.5,home,102013.70833333327,60937.45833333335,13968.432559928257,6208.192248857001,650.0
VIPV50_Wp400,AUTUMN,28,13.5,work,99229.9583333333,10406.25,5521.84733197723,1380.4618329943075,85.0
VIPV50_Wp400,AUTUMN,28,13.5,public,86621.1666666667,31264.833333333336,36668.6719373061,6667.031261328392,522.5
VIPV50_Wp400,AUTUMN,29,14.0,home,110132.29166666658,68347.66666666667,15538.30118711718,6905.911638718735,812.5
VIPV50_Wp400,AUTUMN,29,14.0,work,98558.16666666666,9586.5,5183.495991863496,1295.873997965874,80.0
VIPV50_Wp400,AUTUMN,29,14.0,public,83360.58333333334,29403.99999999999,33932.75843161246,6169.592442111358,475.0
VIPV50_Wp400,AUTUMN,30,14.5,home,117714.29166666667,74064.12499999994,16725.86866908119,7433.719408480528,792.5
VIPV50_Wp400,AUTUMN,30,14.5,work,97232.29166666667,8339.458333333332,4543.098697052302,1135.7746742630754,22.5
VIPV50_Wp400,AUTUMN,30,14.5,public,80935.41666666666,28698.08333333332,33612.69973312254,6111.3999514768275,520.0
VIPV50_Wp400,AUTUMN,31,15.0,home,130112.4166666667,81670.41666666658,20415.88852583928,8166.355410335706,860.0
VIPV50_Wp400,AUTUMN,31,15.0,work,91846.99999999999,6091.666666666665,3481.5030807379244,870.3757701844811,30.0
VIPV50_Wp400,AUTUMN,31,15.0,public,80803.95833333333,28723.0,34910.74252311967,6347.407731476299,482.5
VIPV50_Wp400,AUTUMN,32,15.5,home,147800.0,91380.08333333328,22912.62071147144,9165.048284588562,1102.5
VIPV50_Wp400,AUTUMN,32,15.5,work,81907.20833333331,4104.416666666667,2401.9133596064758,600.4783399016189,15.0
VIPV50_Wp400,AUTUMN,32,15.5,public,77551.33333333339,27065.750000000007,32567.3005022168,5921.32736403942,537.5
VIPV50_Wp400,AUTUMN,33,16.0,home,174587.20833333352,109349.91666666664,27254.397624672587,10901.759049869028,1242.5
VIPV50_Wp400,AUTUMN,33,16.0,work,66995.04166666666,2607.791666666667,1544.5184767544222,386.12961918860555,5.0
VIPV50_Wp400,AUTUMN,33,16.0,public,76747.91666666663,29335.16666666668,35057.84824705399,6374.154226737086,645.0
VIPV50_Wp400,AUTUMN,34,16.5,home,205566.45833333328,128376.49999999975,31941.330457999313,12776.532183199715,1450.0
VIPV50_Wp400,AUTUMN,34,16.5,work,50941.625000000015,1729.75,1024.621979983709,256.15549499592726,10.0
VIPV50_Wp400,AUTUMN,34,16.5,public,78016.37499999997,32518.875000000004,38703.4173696,7036.984976290911,595.0
VIPV50_Wp400,AUTUMN,35,17.0,home,238841.99999999994,147619.87499999988,36727.9501605757,14691.180064230273,1320.0
VIPV50_Wp400,AUTUMN,35,17.0,work,37910.833333333336,1213.291666666667,658.8059604818515,164.70149012046286,15.0
VIPV50_Wp400,AUTUMN,35,17.0,public,78278.45833333336,32753.50000000001,38578.22907814599,7014.223468753818,560.0
VIPV50_Wp400,AUTUMN,36,17.5,home,268265.33333333314,159893.08333333346,39969.17138968666,15987.66855587463,1197.5
VIPV50_Wp400,AUTUMN,36,17.5,work,27530.916666666664,983.4583333333335,528.9249170404473,132.23122926011183,10.0
VIPV50_Wp400,AUTUMN,36,17.5,public,75842.41666666667,30158.70833333334,35445.30957407964,6444.601740741743,517.5
VIPV50_Wp400,AUTUMN,37,18.0,home,295079.4999999999,167004.70833333326,41799.21809000656,16719.687236002588,1127.5
VIPV50_Wp400,AUTUMN,37,18.0,work,19063.20833333333,742.7499999999999,410.18179925873915,102.54544981468479,15.0
VIPV50_Wp400,AUTUMN,37,18.0,public,74188.375,28388.624999999996,33350.45034532198,6063.718244604,392.5
VIPV50_Wp400,AUTUMN,38,18.5,home,316060.4166666668,164339.62499999988,41471.05999361795,16588.42399744712,750.0
VIPV50_Wp400,AUTUMN,38,18.5,work,14164.25,813.3333333333333,463.0511668441525,115.76279171103812,0.0
VIPV50_Wp400,AUTUMN,38,18.5,public,73581.50000000003,24998.666666666664,29229.707888952435,5314.4923434459,347.5
VIPV50_Wp400,AUTUMN,39,19.0,home,330329.3333333334,155233.62500000012,39387.663429563516,15755.065371825376,637.5
VIPV50_Wp400,AUTUMN,39,19.0,work,9818.125,620.0416666666667,393.5355011076093,98.38387527690233,5.0
VIPV50_Wp400,AUTUMN,39,19.0,public,72190.95833333333,21769.749999999985,26500.86579639658,4818.339235708472,250.0
VIPV50_Wp400,AUTUMN,40,19.5,home,345154.62499999965,143897.7500000001,36743.54773273939,14697.419093095717,545.0
VIPV50_Wp400,AUTUMN,40,19.5,work,7495.541666666667,479.0,321.9151080748112,80.4787770187028,2.5
VIPV50_Wp400,AUTUMN,40,19.5,public,69692.91666666666,17276.20833333334,21512.501317976734,3911.363875995772,185.0
VIPV50_Wp400,AUTUMN,41,20.0,home,357643.6666666665,131552.70833333334,33796.88654138186,13518.754616552756,382.5
VIPV50_Wp400,AUTUMN,41,20.0,work,5378.041666666666,407.5,273.55550803490166,68.38887700872542,0.0
VIPV50_Wp400,AUTUMN,41,20.0,public,68495.74999999999,13142.875,16229.820502991877,2950.87645508943,117.5
VIPV50_Wp400,AUTUMN,42,20.5,home,365628.25000000006,117599.62499999996,30326.716424958657,12130.686569983485,315.0
VIPV50_Wp400,AUTUMN,42,20.5,work,3807.416666666667,192.375,123.62763034396869,30.906907585992172,0.0
VIPV50_Wp400,AUTUMN,42,20.5,public,66696.125,9352.75,11504.51218215725,2091.729487664953,102.5
VIPV50_Wp400,AUTUMN,43,21.0,home,373615.8750000002,102944.58333333336,21259.137319844012,10629.568659922006,290.0
VIPV50_Wp400,AUTUMN,43,21.0,work,2519.5,106.54166666666666,68.63454117930738,17.158635294826844,2.5
VIPV50_Wp400,AUTUMN,43,21.0,public,65936.20833333333,7483.375,9472.607683187254,1722.2923060340472,82.5
VIPV50_Wp400,AUTUMN,44,21.5,home,380656.54166666657,89767.79166666667,18589.68852938133,9294.844264690664,270.0
VIPV50_Wp400,AUTUMN,44,21.5,work,1771.6666666666667,49.25,32.1224659814018,8.03061649535045,0.0
VIPV50_Wp400,AUTUMN,44,21.5,public,65189.291666666664,5884.833333333333,7205.533071519752,1310.0969220945008,47.5
VIPV50_Wp400,AUTUMN,45,22.0,home,390138.0833333334,80455.00000000007,16750.183721662943,8375.091860831471,287.5
VIPV50_Wp400,AUTUMN,45,22.0,work,1221.0,0.0,0.0,0.0,0.0
VIPV50_Wp400,AUTUMN,45,22.0,public,65358.08333333334,4594.208333333333,5508.198204434428,1001.4905826244415,30.0
VIPV50_Wp400,AUTUMN,46,22.5,home,396514.2083333333,70212.50000000003,14675.57566598452,7337.78783299226,177.5
VIPV50_Wp400,AUTUMN,46,22.5,work,556.3333333333334,0.0,0.0,0.0,0.0
VIPV50_Wp400,AUTUMN,46,22.5,public,65029.66666666668,3505.25,4262.370030153505,774.9763691188191,15.0
VIPV50_Wp400,AUTUMN,47,23.0,home,401061.04166666657,60322.66666666668,12708.224469091565,6354.1122345457825,162.5
VIPV50_Wp400,AUTUMN,47,23.0,work,185.25,0.0,0.0,0.0,0.0
VIPV50_Wp400,AUTUMN,47,23.0,public,64821.5,2435.166666666667,3128.347591820491,568.7904712400893,20.0
VIPV50_Wp400,AUTUMN,48,23.5,home,406833.75,54098.0416666667,11497.324782744528,5748.662391372264,187.5
VIPV50_Wp400,AUTUMN,48,23.5,work,91.625,0.0,0.0,0.0,0.0
VIPV50_Wp400,AUTUMN,48,23.5,public,64909.75,1912.5833333333333,2477.1173304813988,450.38496917843634,7.5
VIPV50_Wp400,WINTER,1,0.0,home,426969.625,130777.29166666672,26478.377793087995,13239.188896543998,557.5
VIPV50_Wp400,WINTER,1,0.0,work,0.0,0.0,0.0,0.0,0.0
VIPV50_Wp400,WINTER,1,0.0,public,71334.5,15158.95833333333,18818.69384846738,3421.5806997213404,100.0
VIPV50_Wp400,WINTER,2,0.5,home,436985.8333333333,124929.00000000013,25490.523439856388,12745.261719928192,287.5
VIPV50_Wp400,WINTER,2,0.5,work,0.0,0.0,0.0,0.0,0.0
VIPV50_Wp400,WINTER,2,0.5,public,73350.0,12110.916666666664,15215.570623084199,2766.467386015309,55.0
VIPV50_Wp400,WINTER,3,1.0,home,441300.0,110161.45833333333,22678.528806597904,11339.264403298952,102.5
VIPV50_Wp400,WINTER,3,1.0,work,0.0,0.0,0.0,0.0,0.0
VIPV50_Wp400,WINTER,3,1.0,public,74137.5,7778.666666666666,10060.086122600786,1829.1065677455979,27.5
VIPV50_Wp400,WINTER,4,1.5,home,443212.5,94587.12500000001,19651.07177021546,9825.53588510773,55.0
VIPV50_Wp400,WINTER,4,1.5,work,0.0,0.0,0.0,0.0,0.0
VIPV50_Wp400,WINTER,4,1.5,public,74679.45833333333,4785.749999999999,6223.86585823673,1131.61197422486,10.0
VIPV50_Wp400,WINTER,5,2.0,home,444037.5,78716.04166666666,16494.51733601319,8247.258668006594,20.0
VIPV50_Wp400,WINTER,5,2.0,work,0.0,0.0,0.0,0.0,0.0
VIPV50_Wp400,WINTER,5,2.0,public,74700.0,2393.4166666666665,3121.2819161463835,567.505802935706,0.0
VIPV50_Wp400,WINTER,6,2.5,home,444262.5,62453.12500000002,13194.572823656352,6597.286411828176,5.0
VIPV50_Wp400,WINTER,6,2.5,work,0.0,0.0,0.0,0.0,0.0
VIPV50_Wp400,WINTER,6,2.5,public,74700.0,979.1666666666666,1310.040951271062,238.18926386746583,0.0
VIPV50_Wp400,WINTER,7,3.0,home,444291.7916666666,45221.37499999999,9630.165840271186,4815.082920135593,0.0
VIPV50_Wp400,WINTER,7,3.0,work,0.0,0.0,0.0,0.0,0.0
VIPV50_Wp400,WINTER,7,3.0,public,74700.0,226.41666666666663,298.894183193948,54.34439694435419,0.0
VIPV50_Wp400,WINTER,8,3.5,home,444182.3333333333,30475.41666666666,6537.035315592532,3268.517657796266,0.0
VIPV50_Wp400,WINTER,8,3.5,work,0.0,0.0,0.0,0.0,0.0
VIPV50_Wp400,WINTER,8,3.5,public,74700.0,0.0,0.0,0.0,0.0
VIPV50_Wp400,WINTER,9,4.0,home,443421.66666666674,19453.25,4199.574027568824,2099.787013784412,0.0
VIPV50_Wp400,WINTER,9,4.0,work,122.95833333333334,122.95833333333334,41.625806052627524,10.406451513156881,10.0
VIPV50_Wp400,WINTER,9,4.0,public,74797.58333333333,215.25,199.74911730539299,36.318021328253266,10.0
VIPV50_Wp400,WINTER,10,4.5,home,441340.33333333343,10886.625000000004,2367.561095842928,1183.7805479214637,0.0
VIPV50_Wp400,WINTER,10,4.5,work,789.3333333333334,765.5416666666666,287.39881499618616,71.84970374904654,40.0
VIPV50_Wp400,WINTER,10,4.5,public,74892.29166666666,489.4583333333333,468.6033843562904,85.20061533750736,15.0
VIPV50_Wp400,WINTER,11,5.0,home,436486.4583333334,3438.125,746.6772846293421,373.33864231467106,7.5
VIPV50_Wp400,WINTER,11,5.0,work,2186.708333333333,1962.0,860.9195547673137,215.22988869182842,72.5
VIPV50_Wp400,WINTER,11,5.0,public,74674.91666666666,1202.0833333333333,1216.9524835069076,221.26408791034675,57.5
VIPV50_Wp400,WINTER,12,5.5,home,427220.00000000006,827.9583333333334,175.55161344568532,87.77580672284265,15.0
VIPV50_Wp400,WINTER,12,5.5,work,5618.124999999998,4965.583333333333,2251.9614778608257,562.9903694652064,120.0
VIPV50_Wp400,WINTER,12,5.5,public,74228.83333333333,2457.4583333333335,2391.522480579908,434.8222691963468,55.0
VIPV50_Wp400,WINTER,13,6.0,home,407155.8333333335,881.6666666666666,216.49041959334312,86.59616783733722,2.5
VIPV50_Wp400,WINTER,13,6.0,work,11370.250000000007,9549.70833333334,4334.274266465063,1083.5685666162658,317.5
VIPV50_Wp400,WINTER,13,6.0,public,73135.54166666669,4299.583333333333,4122.479326162051,749.5416956658278,187.5
VIPV50_Wp400,WINTER,14,6.5,home,375071.99999999977,944.7083333333335,224.3185477876869,89.72741911507477,10.0
VIPV50_Wp400,WINTER,14,6.5,work,22417.66666666666,18455.249999999996,8279.301069158833,2069.8252672897083,425.0
VIPV50_Wp400,WINTER,14,6.5,public,73351.16666666666,9018.749999999998,7993.933007075145,1453.442364922754,242.5
VIPV50_Wp400,WINTER,15,7.0,home,316886.3749999999,1180.0833333333333,300.9871696317166,120.39486785268666,30.0
VIPV50_Wp400,WINTER,15,7.0,work,37706.37500000002,28752.874999999993,13242.49486256779,3310.6237156419475,732.5
VIPV50_Wp400,WINTER,15,7.0,public,74118.29166666669,15995.458333333338,14104.033622261886,2564.3697495021606,555.0
VIPV50_Wp400,WINTER,16,7.5,home,246391.16666666674,1707.5833333333333,414.0965924116262,165.63863696465054,20.0
VIPV50_Wp400,WINTER,16,7.5,work,65156.74999999999,48349.29166666667,22304.265003189703,5576.066250797426,870.0
VIPV50_Wp400,WINTER,16,7.5,public,77152.54166666669,26244.45833333334,23315.202659386305,4239.127756252058,602.5
VIPV50_Wp400,WINTER,17,8.0,home,192721.3749999999,1939.2499999999998,715.8749117468957,204.53568907054165,57.5
VIPV50_Wp400,WINTER,17,8.0,work,87291.83333333328,57790.083333333336,27638.830747022577,6909.707686755644,580.0
VIPV50_Wp400,WINTER,17,8.0,public,81483.16666666667,30400.95833333334,28775.270421140627,5231.867349298298,502.5
VIPV50_Wp400,WINTER,18,8.5,home,162791.37500000003,3566.2499999999995,1302.8638822527344,372.2468235007812,110.0
VIPV50_Wp400,WINTER,18,8.5,work,98751.29166666666,52746.70833333332,26821.15787448246,6705.289468620615,280.0
VIPV50_Wp400,WINTER,18,8.5,public,84779.16666666669,29433.625,29919.31427735685,5439.875323155795,445.0
VIPV50_Wp400,WINTER,19,9.0,home,140960.25,5781.791666666665,2057.3714694877526,587.8204198536438,117.5
VIPV50_Wp400,WINTER,19,9.0,work,104876.79166666666,42676.49999999996,22773.18389243711,5693.295973109278,192.5
VIPV50_Wp400,WINTER,19,9.0,public,87981.16666666661,27037.16666666667,27910.865781206205,5074.7028693102275,455.0
VIPV50_Wp400,WINTER,20,9.5,home,131747.95833333326,9274.124999999998,3263.400756159576,932.4002160455932,232.5
VIPV50_Wp400,WINTER,20,9.5,work,107719.79166666666,31495.125,17301.222063649806,4325.3055159124515,115.0
VIPV50_Wp400,WINTER,20,9.5,public,90268.75,25398.208333333354,27423.53325391987,4986.096955258159,452.5
VIPV50_Wp400,WINTER,21,10.0,home,121231.4583333333,13872.833333333334,4897.371623268317,1399.2490352195186,277.5
VIPV50_Wp400,WINTER,21,10.0,work,109405.04166666666,22970.95833333332,12792.704599898683,3198.176149974671,95.0
VIPV50_Wp400,WINTER,21,10.0,public,90242.875,23952.958333333314,26781.920230876753,4869.440041977594,482.5
VIPV50_Wp400,WINTER,22,10.5,home,108370.45833333347,17721.20833333333,6287.840402792931,1796.52582936941,300.0
VIPV50_Wp400,WINTER,22,10.5,work,110050.66666666664,16602.875000000007,9179.1173992537,2294.779349813425,115.0
VIPV50_Wp400,WINTER,22,10.5,public,91426.95833333333,26240.249999999996,29686.12116515729,5397.476575483137,522.5
VIPV50_Wp400,WINTER,23,11.0,home,99608.00000000001,24687.25,8674.271229218692,2478.363208348202,460.0
VIPV50_Wp400,WINTER,23,11.0,work,110463.62500000001,11958.666666666664,6490.224406530643,1622.5561016326608,62.5
VIPV50_Wp400,WINTER,23,11.0,public,91771.66666666666,27578.416666666664,31068.971007112475,5648.903819474995,587.5
VIPV50_Wp400,WINTER,24,11.5,home,94615.87499999994,32178.95833333332,11424.341245836371,3264.097498810391,467.5
VIPV50_Wp400,WINTER,24,11.5,work,108484.41666666667,9123.375,4953.922162914938,1238.4805407287345,95.0
VIPV50_Wp400,WINTER,24,11.5,public,90467.87499999991,29587.708333333336,33051.97521537225,6009.450039158589,640.0
VIPV50_Wp400,WINTER,25,12.0,home,94264.70833333328,40664.29166666665,10376.594403887075,4150.637761554832,632.5
VIPV50_Wp400,WINTER,25,12.0,work,106549.37500000001,8554.750000000005,4532.854889986054,1133.2137224965136,110.0
VIPV50_Wp400,WINTER,25,12.0,public,91821.54166666666,31801.583333333318,35656.024190211174,6482.91348912931,682.5
VIPV50_Wp400,WINTER,26,12.5,home,96005.70833333331,48780.99999999998,12383.94194024818,4953.576776099267,597.5
VIPV50_Wp400,WINTER,26,12.5,work,106841.0,9202.458333333336,4709.19266239982,1177.298165599955,145.0
VIPV50_Wp400,WINTER,26,12.5,public,92198.45833333333,32631.291666666675,36434.2956260468,6624.417386553963,665.0
VIPV50_Wp400,WINTER,27,13.0,home,94967.16666666661,51269.83333333335,13044.653810510152,5217.861524204069,595.0
VIPV50_Wp400,WINTER,27,13.0,work,108382.99999999999,10604.666666666672,5323.295333044972,1330.823833261243,115.0
VIPV50_Wp400,WINTER,27,13.0,public,92531.04166666663,32773.16666666665,37471.837746188525,6813.061408397908,540.0
VIPV50_Wp400,WINTER,28,13.5,home,99321.75000000001,56857.70833333335,14407.97820957173,5763.191283828695,685.0
VIPV50_Wp400,WINTER,28,13.5,work,109524.5,10929.291666666666,5527.219389673488,1381.804847418372,82.5
VIPV50_Wp400,WINTER,28,13.5,public,90345.33333333339,30995.208333333365,36118.372829478205,6566.976878086949,560.0
VIPV50_Wp400,WINTER,29,14.0,home,107495.5,65356.87499999996,16493.894471093216,6597.557788437289,827.5
VIPV50_Wp400,WINTER,29,14.0,work,108649.87499999996,9055.708333333334,4724.6467430091325,1181.1616857522831,62.5
VIPV50_Wp400,WINTER,29,14.0,public,88612.95833333331,31267.04166666667,35445.86383348538,6444.702515179159,605.0
VIPV50_Wp400,WINTER,30,14.5,home,115248.79166666673,71617.08333333328,18029.061425723605,7211.624570289444,782.5
VIPV50_Wp400,WINTER,30,14.5,work,107178.45833333334,7656.958333333332,4127.432088188739,1031.8580220471847,45.0
VIPV50_Wp400,WINTER,30,14.5,public,87808.66666666664,30387.08333333333,36277.027283596864,6595.823142472163,512.5
VIPV50_Wp400,WINTER,31,15.0,home,127795.4166666668,80543.95833333328,20286.430028524013,8114.572011409611,812.5
VIPV50_Wp400,WINTER,31,15.0,work,101241.62500000001,5515.374999999999,3024.196425083156,756.049106270789,15.0
VIPV50_Wp400,WINTER,31,15.0,public,87525.45833333327,29183.249999999996,35194.519770755986,6399.003594682907,537.5
VIPV50_Wp400,WINTER,32,15.5,home,146002.79166666666,91960.00000000006,23086.74043224874,9234.696172899467,1132.5
VIPV50_Wp400,WINTER,32,15.5,work,90709.91666666667,3804.3749999999995,2205.9975465106713,551.4993866276678,22.5
VIPV50_Wp400,WINTER,32,15.5,public,85532.33333333328,29827.041666666675,34092.61661660684,6198.657566655789,532.5
VIPV50_Wp400,WINTER,33,16.0,home,171782.1249999998,107699.7500000001,32270.35966642777,10756.786555475912,1265.0
VIPV50_Wp400,WINTER,33,16.0,work,74338.83333333334,2460.4583333333326,1402.4018667400305,350.60046668500763,15.0
VIPV50_Wp400,WINTER,33,16.0,public,82301.25000000003,30158.24999999999,33991.68561795966,6180.30647599267,615.0
VIPV50_Wp400,WINTER,34,16.5,home,200271.5833333334,125378.04166666658,37508.98106032352,12502.993686774522,1310.0
VIPV50_Wp400,WINTER,34,16.5,work,57943.791666666664,2036.0833333333333,1185.7341859372607,296.4335464843152,10.0
VIPV50_Wp400,WINTER,34,16.5,public,79955.50000000001,30297.416666666657,34157.90664023119,6210.528480042039,540.0
VIPV50_Wp400,WINTER,35,17.0,home,232224.74999999988,145191.25000000012,43368.6348656382,14456.21162187938,1320.0
VIPV50_Wp400,WINTER,35,17.0,work,41624.249999999985,1256.2916666666667,758.659730836579,189.66493270914475,7.5
VIPV50_Wp400,WINTER,35,17.0,public,78097.87500000007,29623.041666666668,34468.011601853636,6266.911200337026,530.0
VIPV50_Wp400,WINTER,36,17.5,home,260650.5416666666,157098.41666666683,47020.37028456757,15673.456761522517,1180.0
VIPV50_Wp400,WINTER,36,17.5,work,29501.999999999996,962.375,539.4406354229001,134.86015885572502,10.0
VIPV50_Wp400,WINTER,36,17.5,public,75719.20833333339,28723.583333333332,33426.17426576844,6077.486230139718,482.5
VIPV50_Wp400,WINTER,37,18.0,home,286219.7916666666,163001.66666666683,48973.78876812428,16324.596256041463,1025.0
VIPV50_Wp400,WINTER,37,18.0,work,20663.08333333333,881.875,471.3626185234024,117.8406546308506,12.5
VIPV50_Wp400,WINTER,37,18.0,public,74631.50000000001,28430.916666666646,33792.10694722613,6144.019444950212,340.0
VIPV50_Wp400,WINTER,38,18.5,home,305181.99999999994,159302.25000000006,48298.60323327182,16099.5344110906,747.5
VIPV50_Wp400,WINTER,38,18.5,work,14445.25,568.4583333333334,318.18035453339786,79.54508863334947,2.5
VIPV50_Wp400,WINTER,38,18.5,public,72885.00000000001,25035.25000000001,30119.710959643806,5476.311083571602,335.0
VIPV50_Wp400,WINTER,39,19.0,home,319143.25,151671.5416666667,46279.93415501957,15426.644718339854,620.0
VIPV50_Wp400,WINTER,39,19.0,work,10457.0,577.8333333333334,307.43666914699537,76.85916728674884,15.0
VIPV50_Wp400,WINTER,39,19.0,public,71620.37499999999,20845.083333333325,25003.685182693924,4546.124578671623,240.0
VIPV50_Wp400,WINTER,40,19.5,home,334706.7916666669,142999.66666666663,43728.331304159925,14576.110434719978,600.0
VIPV50_Wp400,WINTER,40,19.5,work,7627.999999999999,496.7916666666667,270.52061002533605,67.63015250633401,0.0
VIPV50_Wp400,WINTER,40,19.5,public,71036.95833333336,17831.208333333343,22132.051985798353,4024.0094519633367,217.5
VIPV50_Wp400,WINTER,41,20.0,home,348137.04166666616,130709.37499999996,26739.01008738167,13369.505043690835,420.0
VIPV50_Wp400,WINTER,41,20.0,work,5624.500000000002,217.29166666666669,128.95917998209453,32.23979499552363,0.0
VIPV50_Wp400,WINTER,41,20.0,public,69843.91666666667,14491.000000000004,17631.323468673418,3205.695176122437,125.0
VIPV50_Wp400,WINTER,42,20.5,home,358197.6249999998,119169.66666666663,24452.98595841765,12226.492979208824,347.5
VIPV50_Wp400,WINTER,42,20.5,work,3879.8333333333335,150.0,85.37749312715638,21.344373281789096,0.0
VIPV50_Wp400,WINTER,42,20.5,public,68926.08333333333,11664.70833333333,13851.304394105347,2518.418980746427,125.0
VIPV50_Wp400,WINTER,43,21.0,home,366465.3749999999,104951.7083333333,21651.55900680538,10825.77950340269,302.5
VIPV50_Wp400,WINTER,43,21.0,work,2741.1666666666665,54.29166666666667,34.48757658053148,8.62189414513287,0.0
VIPV50_Wp400,WINTER,43,21.0,public,67953.125,9228.791666666666,10823.056850024239,1967.8285181862261,92.5
VIPV50_Wp400,WINTER,44,21.5,home,373457.33333333326,90723.58333333336,18797.57430075318,9398.78715037659,232.5
VIPV50_Wp400,WINTER,44,21.5,work,2076.541666666667,0.0,0.0,0.0,0.0
VIPV50_Wp400,WINTER,44,21.5,public,67243.08333333334,7106.708333333335,8261.821893889295,1502.149435252598,60.0
VIPV50_Wp400,WINTER,45,22.0,home,398423.58333333314,97234.375,19911.12003108528,9955.56001554264,1112.5
VIPV50_Wp400,WINTER,45,22.0,work,1100.5,0.0,0.0,0.0,0.0
VIPV50_Wp400,WINTER,45,22.0,public,68627.16666666666,7732.083333333335,9211.839365189411,1674.879884579893,152.5
VIPV50_Wp400,WINTER,46,22.5,home,440839.625,122254.20833333337,24572.650928407533,12286.325464203765,1390.0
VIPV50_Wp400,WINTER,46,22.5,work,342.25,0.0,0.0,0.0,0.0
VIPV50_Wp400,WINTER,46,22.5,public,75482.5,13806.541666666666,16155.568325270735,2937.376059140135,305.0
VIPV50_Wp400,WINTER,47,23.0,home,480757.33333333326,144522.8333333333,28984.35032299845,14492.175161499224,1305.0
VIPV50_Wp400,WINTER,47,23.0,work,173.75,0.0,0.0,0.0,0.0
VIPV50_Wp400,WINTER,47,23.0,public,81626.41666666667,18780.208333333332,21976.44368855743,3995.717034283169,215.0
VIPV50_Wp400,WINTER,48,23.5,home,513823.95833333326,157742.125,31623.29457645222,15811.64728822611,1002.5
VIPV50_Wp400,WINTER,48,23.5,work,91.625,0.0,0.0,0.0,0.0
VIPV50_Wp400,WINTER,48,23.5,public,87062.0,19925.416666666664,24113.644659659985,4384.299029029089,172.5
VIPV50_Wp700,SPRING,1,0.0,home,322058.2083333334,72374.99999999997,9239.52538374793,7391.620306998343,1850.0
VIPV50_Wp700,SPRING,1,0.0,work,0.0,0.0,0.0,0.0,0.0
VIPV50_Wp700,SPRING,1,0.0,public,50972.0,7523.875,8763.337354215651,1593.3340644028467,320.0
VIPV50_Wp700,SPRING,2,0.5,home,369080.5833333334,112786.20833333336,14055.756221731459,11244.60497738514,1282.5
VIPV50_Wp700,SPRING,2,0.5,work,0.0,0.0,0.0,0.0,0.0
VIPV50_Wp700,SPRING,2,0.5,public,61912.5,17897.75,20220.17814210922,3676.396025838041,335.0
VIPV50_Wp700,SPRING,3,1.0,home,391537.5,126446.41666666673,15783.245289174749,12626.596231339816,592.5
VIPV50_Wp700,SPRING,3,1.0,work,0.0,0.0,0.0,0.0,0.0
VIPV50_Wp700,SPRING,3,1.0,public,66862.5,20852.166666666668,24149.13152400134,4390.751186182061,117.5
VIPV50_Wp700,SPRING,4,1.5,home,400762.5,121986.24999999996,15406.384553070673,12325.107642456533,232.5
VIPV50_Wp700,SPRING,4,1.5,work,0.0,0.0,0.0,0.0,0.0
VIPV50_Wp700,SPRING,4,1.5,public,68754.45833333334,17356.45833333333,20921.013830130618,3803.820696387386,57.5
VIPV50_Wp700,SPRING,5,2.0,home,404212.5,112340.0833333333,14352.766774797743,11482.213419838201,85.0
VIPV50_Wp700,SPRING,5,2.0,work,0.0,0.0,0.0,0.0,0.0
VIPV50_Wp700,SPRING,5,2.0,public,69600.0,10222.291666666672,12849.542534934379,2336.280460897161,20.0
VIPV50_Wp700,SPRING,6,2.5,home,405075.0,98650.54166666667,12760.190927617932,10208.152742094333,12.5
VIPV50_Wp700,SPRING,6,2.5,work,0.0,0.0,0.0,0.0,0.0
VIPV50_Wp700,SPRING,6,2.5,public,69862.5,4653.583333333332,6024.0719802689155,1095.2858145943483,5.0
VIPV50_Wp700,SPRING,7,3.0,home,405066.7916666666,82748.87500000001,10821.527587122906,8657.222069698326,0.0
VIPV50_Wp700,SPRING,7,3.0,work,0.0,0.0,0.0,0.0,0.0
VIPV50_Wp700,SPRING,7,3.0,public,69873.95833333333,1634.6666666666667,2073.528090152503,377.0051073004553,0.0
VIPV50_Wp700,SPRING,8,3.5,home,404912.125,65149.83333333332,8604.985124628054,6883.988099702428,0.0
VIPV50_Wp700,SPRING,8,3.5,work,0.0,0.0,0.0,0.0,0.0
VIPV50_Wp700,SPRING,8,3.5,public,69825.0,534.5,652.5027108482127,118.63685651785686,0.0
VIPV50_Wp700,SPRING,9,4.0,home,404005.0416666667,47687.16666666664,6364.869154806124,5091.895323844894,0.0
VIPV50_Wp700,SPRING,9,4.0,work,8.416666666666666,8.416666666666666,2.18231597599488,0.54557899399872,5.0
VIPV50_Wp700,SPRING,9,4.0,public,69764.20833333333,107.45833333333333,158.03201207618397,28.733093104760716,2.5
VIPV50_Wp700,SPRING,10,4.5,home,402179.6666666667,31710.791666666675,4274.646751625774,3419.717401300616,0.0
VIPV50_Wp700,SPRING,10,4.5,work,428.2916666666667,428.2916666666667,184.6992517712866,46.17481294282165,27.5
VIPV50_Wp700,SPRING,10,4.5,public,69741.25,266.2083333333333,236.5421424432346,43.00766226240629,17.5
VIPV50_Wp700,SPRING,11,5.0,home,396679.83333333326,17393.166666666675,2357.910264525196,1886.3282116201567,5.0
VIPV50_Wp700,SPRING,11,5.0,work,1671.5833333333333,1557.75,691.438512643259,172.85962816081474,60.0
VIPV50_Wp700,SPRING,11,5.0,public,69286.16666666666,1150.9166666666667,846.6703084904864,153.9400560891793,50.0
VIPV50_Wp700,SPRING,12,5.5,home,387940.4583333334,3083.7499999999995,412.41487159185505,329.93189727348397,15.0
VIPV50_Wp700,SPRING,12,5.5,work,4140.375000000002,3743.7916666666674,1694.798257500027,423.69956437500673,90.0
VIPV50_Wp700,SPRING,12,5.5,public,69134.5,2488.5833333333335,2279.7671613639777,414.503120247996,87.5
VIPV50_Wp700,SPRING,13,6.0,home,368831.5833333333,952.3333333333334,230.39160846081438,92.15664338432573,7.5
VIPV50_Wp700,SPRING,13,6.0,work,8511.0,7196.958333333338,3359.2934645348273,839.8233661337068,252.5
VIPV50_Wp700,SPRING,13,6.0,public,69070.33333333333,4405.041666666666,4238.254872301536,770.5917949639162,175.0
VIPV50_Wp700,SPRING,14,6.5,home,338465.54166666674,914.4583333333333,210.07008457569773,84.02803383027911,5.0
VIPV50_Wp700,SPRING,14,6.5,work,19201.583333333336,16260.208333333325,7563.8985055645635,1890.9746263911409,410.0
VIPV50_Wp700,SPRING,14,6.5,public,68733.12499999999,8614.458333333338,7783.767112559362,1415.2303841017012,235.0
VIPV50_Wp700,SPRING,15,7.0,home,286496.0833333334,813.7916666666667,297.9295435196192,79.44787827189843,10.0
VIPV50_Wp700,SPRING,15,7.0,work,33495.70833333335,26888.58333333335,12711.412988390173,3177.8532470975433,680.0
VIPV50_Wp700,SPRING,15,7.0,public,67950.37499999999,14384.291666666664,14186.711626200013,2579.4021138545463,457.5
VIPV50_Wp700,SPRING,16,7.5,home,223780.87500000006,1125.9166666666665,443.52750850656406,118.2740022684171,27.5
VIPV50_Wp700,SPRING,16,7.5,work,58193.91666666668,44686.04166666669,21626.29940102321,5406.574850255803,822.5
VIPV50_Wp700,SPRING,16,7.5,public,70491.62499999997,23771.624999999978,23288.88244469887,4234.342262672524,612.5
VIPV50_Wp700,SPRING,17,8.0,home,177503.4583333334,1731.7499999999998,730.6694799949099,182.66736999872748,40.0
VIPV50_Wp700,SPRING,17,8.0,work,79026.58333333331,54872.16666666666,27242.03460706078,6810.508651765195,485.0
VIPV50_Wp700,SPRING,17,8.0,public,73812.99999999996,28515.45833333334,28103.23916758498,5109.679848651814,452.5
VIPV50_Wp700,SPRING,18,8.5,home,150022.20833333337,2428.8333333333335,997.6627866043508,249.4156966510877,80.0
VIPV50_Wp700,SPRING,18,8.5,work,88124.45833333328,49095.500000000015,25840.428020178253,6460.107005044563,262.5
VIPV50_Wp700,SPRING,18,8.5,public,76932.12500000001,26953.791666666686,27434.43283803985,4988.078697825425,392.5
VIPV50_Wp700,SPRING,19,9.0,home,129159.41666666664,4129.125,1660.7773137245108,415.1943284311277,102.5
VIPV50_Wp700,SPRING,19,9.0,work,94256.12500000003,40295.20833333332,22128.078851896025,5532.019712974006,172.5
VIPV50_Wp700,SPRING,19,9.0,public,78727.33333333331,24479.624999999985,25689.488148973942,4670.816027086172,377.5
VIPV50_Wp700,SPRING,20,9.5,home,119413.95833333339,7482.375,3137.959116992948,784.489779248237,197.5
VIPV50_Wp700,SPRING,20,9.5,work,97984.20833333333,30830.708333333343,17100.257231713105,4275.064307928276,145.0
VIPV50_Wp700,SPRING,20,9.5,public,79711.625,21887.999999999985,23402.62445253151,4255.022627733006,402.5
VIPV50_Wp700,SPRING,21,10.0,home,110670.375,13211.458333333334,3453.0404527562237,1381.216181102489,285.0
VIPV50_Wp700,SPRING,21,10.0,work,99851.25000000006,22369.70833333334,12541.30024451295,3135.3250611282374,97.5
VIPV50_Wp700,SPRING,21,10.0,public,79370.625,20692.416666666682,22910.779689728737,4165.596307223404,425.0
VIPV50_Wp700,SPRING,22,10.5,home,99460.75,17683.791666666664,4576.370747601456,1830.5482990405815,282.5
VIPV50_Wp700,SPRING,22,10.5,work,100381.33333333337,15200.333333333328,8651.09282169768,2162.77320542442,85.0
VIPV50_Wp700,SPRING,22,10.5,public,79739.99999999997,22573.208333333358,24892.240824894317,4525.861968162601,445.0
VIPV50_Wp700,SPRING,23,11.0,home,92891.5416666666,24324.958333333303,6321.860536890309,2528.7442147561223,485.0
VIPV50_Wp700,SPRING,23,11.0,work,100720.91666666669,11576.333333333336,6420.936830319495,1605.2342075798738,62.5
VIPV50_Wp700,SPRING,23,11.0,public,81416.12500000001,25090.58333333331,28671.56854625444,5213.012462955353,570.0
VIPV50_Wp700,SPRING,24,11.5,home,90144.83333333333,33135.583333333336,8711.104525666193,3484.441810266486,490.0
VIPV50_Wp700,SPRING,24,11.5,work,99349.04166666666,8935.58333333333,4831.506093611656,1207.876523402914,85.0
VIPV50_Wp700,SPRING,24,11.5,public,82870.25000000003,27983.291666666668,32759.266947647167,5956.230354117664,605.0
VIPV50_Wp700,SPRING,25,12.0,home,89501.87500000006,40898.12499999998,7506.508140454678,4289.433223116963,582.5
VIPV50_Wp700,SPRING,25,12.0,work,98184.375,8053.125000000001,4312.687309115955,1078.1718272789888,72.5
VIPV50_Wp700,SPRING,25,12.0,public,82209.33333333336,28581.79166666666,33853.933283613434,6155.260597020624,527.5
VIPV50_Wp700,SPRING,26,12.5,home,89163.20833333327,46130.45833333334,8405.747448740669,4803.284256423248,540.0
VIPV50_Wp700,SPRING,26,12.5,work,98766.12500000003,7862.749999999999,4312.494202681461,1078.1235506703651,125.0
VIPV50_Wp700,SPRING,26,12.5,public,79320.75000000007,27550.333333333343,32746.82554902203,5953.968281640366,550.0
VIPV50_Wp700,SPRING,27,13.0,home,87806.62499999997,48487.374999999985,8840.585023366762,5051.762870495284,567.5
VIPV50_Wp700,SPRING,27,13.0,work,99880.9166666667,8806.666666666668,4890.827917299324,1222.706979324831,87.5
VIPV50_Wp700,SPRING,27,13.0,public,80282.08333333326,28758.58333333332,33512.32187312545,6093.14943147735,497.5
VIPV50_Wp700,SPRING,28,13.5,home,92779.70833333334,55134.12499999999,9985.414336204387,5705.951049259645,715.0
VIPV50_Wp700,SPRING,28,13.5,work,100834.16666666661,9094.125000000004,5055.924444142187,1263.9811110355467,85.0
VIPV50_Wp700,SPRING,28,13.5,public,79507.9583333333,28619.833333333325,33505.735129669425,6091.9518417580675,497.5
VIPV50_Wp700,SPRING,29,14.0,home,102593.00000000001,64891.70833333332,11602.562701958468,6630.035829690554,840.0
VIPV50_Wp700,SPRING,29,14.0,work,99931.54166666663,8692.166666666664,4816.75814999792,1204.18953749948,65.0
VIPV50_Wp700,SPRING,29,14.0,public,78986.79166666664,28650.333333333336,33463.21771425697,6084.221402592169,560.0
VIPV50_Wp700,SPRING,30,14.5,home,112357.99999999999,72330.33333333336,12882.04146021681,7361.166548695327,802.5
VIPV50_Wp700,SPRING,30,14.5,work,98640.20833333334,7716.333333333333,4325.3414643829165,1081.3353660957291,32.5
VIPV50_Wp700,SPRING,30,14.5,public,78477.0416666667,28669.749999999993,34016.079107407924,6184.741655892348,455.0
VIPV50_Wp700,SPRING,31,15.0,home,124917.33333333339,80837.58333333331,14388.824166206192,8222.185237832111,815.0
VIPV50_Wp700,SPRING,31,15.0,work,92744.54166666664,5666.791666666667,3267.3965576809887,816.8491394202472,17.5
VIPV50_Wp700,SPRING,31,15.0,public,77441.9583333333,27211.124999999978,33227.242676984766,6041.316850360863,485.0
VIPV50_Wp700,SPRING,32,15.5,home,140996.74999999997,90490.83333333342,16019.030517331877,9153.731724189638,1062.5
VIPV50_Wp700,SPRING,32,15.5,work,81851.62499999996,3892.75,2327.8663674833947,581.9665918708487,10.0
VIPV50_Wp700,SPRING,32,15.5,public,74223.33333333333,25421.24999999999,29599.57745874612,5381.741356135659,485.0
VIPV50_Wp700,SPRING,33,16.0,home,163610.0,103975.9166666667,25805.041478267183,10322.016591306878,1125.0
VIPV50_Wp700,SPRING,33,16.0,work,66945.625,2727.6250000000005,1618.3081314731728,404.5770328682932,20.0
VIPV50_Wp700,SPRING,33,16.0,public,74881.3333333333,28311.12499999999,32042.320115080438,5825.87638456008,605.0
VIPV50_Wp700,SPRING,34,16.5,home,188552.9166666668,115288.24999999991,28580.244358416643,11432.097743366649,1175.0
VIPV50_Wp700,SPRING,34,16.5,work,51391.58333333335,2153.625,1238.6235583128998,309.65588957822496,20.0
VIPV50_Wp700,SPRING,34,16.5,public,74145.66666666664,29031.91666666666,33009.60037973706,6001.745523588561,475.0
VIPV50_Wp700,SPRING,35,17.0,home,213716.41666666674,125177.74999999997,43370.43440232914,12391.552686379726,1037.5
VIPV50_Wp700,SPRING,35,17.0,work,37666.00000000001,1815.583333333334,1043.2358456396669,260.8089614099167,20.0
VIPV50_Wp700,SPRING,35,17.0,public,72395.37500000004,28402.66666666669,32841.29621059145,5971.144765562084,555.0
VIPV50_Wp700,SPRING,36,17.5,home,234785.1666666667,130204.04166666661,45410.21809904487,12974.34802829854,967.5
VIPV50_Wp700,SPRING,36,17.5,work,27289.166666666664,1063.25,615.3063567815643,153.82658919539108,7.5
VIPV50_Wp700,SPRING,36,17.5,public,68860.08333333331,25758.08333333334,29895.512139318325,5435.5476616942515,400.0
VIPV50_Wp700,SPRING,37,18.0,home,255167.2916666667,132995.24999999997,46697.71971485431,13342.205632815516,850.0
VIPV50_Wp700,SPRING,37,18.0,work,19676.20833333333,893.3333333333335,516.1577820827977,129.03944552069942,15.0
VIPV50_Wp700,SPRING,37,18.0,public,66559.37500000001,23794.666666666668,27755.135298491547,5046.388236089368,347.5
VIPV50_Wp700,SPRING,38,18.5,home,272296.66666666674,129564.37500000006,45649.234199613864,13042.638342746792,682.5
VIPV50_Wp700,SPRING,38,18.5,work,13668.333333333332,894.5416666666666,475.2606451086562,118.81516127716405,0.0
VIPV50_Wp700,SPRING,38,18.5,public,63866.66666666667,19932.95833333333,23456.726977329025,4264.859450423459,252.5
VIPV50_Wp700,SPRING,39,19.0,home,284159.2916666667,120364.9166666666,42670.98461809853,12191.70989088527,500.0
VIPV50_Wp700,SPRING,39,19.0,work,9708.33333333333,746.7916666666666,419.8170214515824,104.9542553628956,15.0
VIPV50_Wp700,SPRING,39,19.0,public,61668.00000000002,16394.16666666667,19481.300441622134,3542.0546257494752,157.5
VIPV50_Wp700,SPRING,40,19.5,home,296377.91666666657,110849.37499999991,39438.88613090046,11268.253180257254,495.0
VIPV50_Wp700,SPRING,40,19.5,work,7025.833333333332,635.4583333333334,362.7467835424866,90.68669588562165,5.0
VIPV50_Wp700,SPRING,40,19.5,public,60568.62500000001,12806.708333333332,15263.04545020493,2775.099172764533,187.5
VIPV50_Wp700,SPRING,41,20.0,home,307086.9166666667,103069.08333333337,36783.487003425544,10509.56771526446,290.0
VIPV50_Wp700,SPRING,41,20.0,work,5315.708333333332,411.2916666666667,285.26864310473707,71.31716077618427,0.0
VIPV50_Wp700,SPRING,41,20.0,public,60463.33333333334,11109.500000000005,13145.71488535553,2390.1299791555502,135.0
VIPV50_Wp700,SPRING,42,20.5,home,314520.45833333326,93347.29166666666,33554.0315290371,9586.866151153474,297.5
VIPV50_Wp700,SPRING,42,20.5,work,3975.1666666666656,308.7083333333333,220.5592197360716,55.1398049340179,0.0
VIPV50_Wp700,SPRING,42,20.5,public,59240.04166666668,8595.791666666666,10015.92138779093,1821.0766159619882,92.5
VIPV50_Wp700,SPRING,43,21.0,home,321939.7499999999,82522.45833333328,29799.06113239262,8514.01746639789,257.5
VIPV50_Wp700,SPRING,43,21.0,work,2326.6666666666665,156.58333333333331,109.03475018023869,27.258687545059672,0.0
VIPV50_Wp700,SPRING,43,21.0,public,57722.874999999985,6404.75,7871.982306093502,1431.2695101988186,72.5
VIPV50_Wp700,SPRING,44,21.5,home,328489.29166666657,72719.75000000003,26360.543249344035,7531.5837855268655,235.0
VIPV50_Wp700,SPRING,44,21.5,work,1606.3750000000002,158.45833333333331,81.84357392627531,20.460893481568828,2.5
VIPV50_Wp700,SPRING,44,21.5,public,56167.791666666664,5035.208333333333,6411.390408991846,1165.707347089427,40.0
VIPV50_Wp700,SPRING,45,22.0,home,336628.0833333333,66119.50000000004,13737.828368107013,6868.914184053507,232.5
VIPV50_Wp700,SPRING,45,22.0,work,930.3333333333334,61.416666666666664,14.883877482329183,3.7209693705822957,0.0
VIPV50_Wp700,SPRING,45,22.0,public,55293.791666666664,4086.666666666667,5270.29123282775,958.2347696050455,30.0
VIPV50_Wp700,SPRING,46,22.5,home,342681.2083333334,59920.12499999995,12483.304708326752,6241.652354163376,185.0
VIPV50_Wp700,SPRING,46,22.5,work,401.875,0.0,0.0,0.0,0.0
VIPV50_Wp700,SPRING,46,22.5,public,55081.66666666667,3525.0416666666665,4707.462971107046,855.9023583830992,20.0
VIPV50_Wp700,SPRING,47,23.0,home,347066.41666666657,53007.166666666686,11137.742585818964,5568.871292909482,157.5
VIPV50_Wp700,SPRING,47,23.0,work,64.70833333333333,0.0,0.0,0.0,0.0
VIPV50_Wp700,SPRING,47,23.0,public,55101.54166666667,3036.1250000000005,4016.104935343109,730.2008973351108,17.5
VIPV50_Wp700,SPRING,48,23.5,home,352362.2916666666,48698.25000000001,10328.53190361576,5164.26595180788,170.0
VIPV50_Wp700,SPRING,48,23.5,work,0.0,0.0,0.0,0.0,0.0
VIPV50_Wp700,SPRING,48,23.5,public,55105.08333333333,2364.833333333333,2999.5792706607435,545.3780492110443,7.5
VIPV50_Wp700,SUMMER,1,0.0,home,389336.4166666667,115451.41666666669,23400.01070736059,11700.005353680295,355.0
VIPV50_Wp700,SUMMER,1,0.0,work,0.0,0.0,0.0,0.0,0.0
VIPV50_Wp700,SUMMER,1,0.0,public,64959.5,12603.708333333334,14957.044793206534,2719.4626896739146,92.5
VIPV50_Wp700,SUMMER,2,0.5,home,396640.2916666666,107110.83333333331,21887.13697060158,10943.568485300786,247.5
VIPV50_Wp700,SUMMER,2,0.5,work,0.0,0.0,0.0,0.0,0.0
VIPV50_Wp700,SUMMER,2,0.5,public,67087.5,9864.999999999998,12101.826788294324,2200.3321433262395,60.0
VIPV50_Wp700,SUMMER,3,1.0,home,401512.5,97572.62499999999,20019.573846477055,10009.786923238527,115.0
VIPV50_Wp700,SUMMER,3,1.0,work,0.0,0.0,0.0,0.0,0.0
VIPV50_Wp700,SUMMER,3,1.0,public,67837.5,7089.249999999998,8840.028888878443,1607.2779797960807,25.0
VIPV50_Wp700,SUMMER,4,1.5,home,402796.375,83373.58333333334,17284.966486980135,8642.483243490067,30.0
VIPV50_Wp700,SUMMER,4,1.5,work,0.0,0.0,0.0,0.0,0.0
VIPV50_Wp700,SUMMER,4,1.5,public,68287.5,4047.2916666666665,5097.699292714956,926.854416857265,10.0
VIPV50_Wp700,SUMMER,5,2.0,home,403387.5,66274.9166666667,13892.748540595469,6946.374270297734,15.0
VIPV50_Wp700,SUMMER,5,2.0,work,0.0,0.0,0.0,0.0,0.0
VIPV50_Wp700,SUMMER,5,2.0,public,68475.0,2277.8333333333335,2753.1572764101766,500.57405025639565,2.5
VIPV50_Wp700,SUMMER,6,2.5,home,403425.0,50862.58333333336,10754.668008338083,5377.334004169042,0.0
VIPV50_Wp700,SUMMER,6,2.5,work,0.0,0.0,0.0,0.0,0.0
VIPV50_Wp700,SUMMER,6,2.5,public,68550.0,1000.5833333333335,1205.0542295424596,219.10076900771992,2.5
VIPV50_Wp700,SUMMER,7,3.0,home,403416.7916666666,35729.37499999999,7626.870471718091,3813.4352358590454,0.0
VIPV50_Wp700,SUMMER,7,3.0,work,0.0,0.0,0.0,0.0,0.0
VIPV50_Wp700,SUMMER,7,3.0,public,68550.0,298.24999999999994,381.99488518377564,69.45361548795923,0.0
VIPV50_Wp700,SUMMER,8,3.5,home,403219.4583333333,24028.79166666667,5164.101600005065,2582.0508000025325,0.0
VIPV50_Wp700,SUMMER,8,3.5,work,0.0,0.0,0.0,0.0,0.0
VIPV50_Wp700,SUMMER,8,3.5,public,68550.0,77.25,93.76068264699481,17.047396844908146,0.0
VIPV50_Wp700,SUMMER,9,4.0,home,402651.3333333334,11986.45833333333,2592.08000319503,1296.040001597515,0.0
VIPV50_Wp700,SUMMER,9,4.0,work,39.833333333333336,39.833333333333336,22.735794002386513,5.683948500596628,7.5
VIPV50_Wp700,SUMMER,9,4.0,public,68572.33333333333,170.79166666666666,137.85122705284397,25.063859464153445,7.5
VIPV50_Wp700,SUMMER,10,4.5,home,400984.2083333333,3278.7916666666674,717.3967332493568,358.6983666246784,0.0
VIPV50_Wp700,SUMMER,10,4.5,work,558.625,558.625,264.1798865226141,66.04497163065352,27.5
VIPV50_Wp700,SUMMER,10,4.5,public,68846.5,503.75,497.8833765613511,90.52425028388203,15.0
VIPV50_Wp700,SUMMER,11,5.0,home,395660.4583333334,932.625,244.77905267592803,97.91162107037121,12.5
VIPV50_Wp700,SUMMER,11,5.0,work,1762.4166666666665,1731.9166666666665,764.1902435511867,191.04756088779666,80.0
VIPV50_Wp700,SUMMER,11,5.0,public,68126.375,1005.8333333333335,1054.3339522506637,191.69708222739337,42.5
VIPV50_Wp700,SUMMER,12,5.5,home,387438.7916666668,959.375,236.0649760229159,94.42599040916635,12.5
VIPV50_Wp700,SUMMER,12,5.5,work,4855.500000000001,4388.916666666667,1955.7074723359212,488.9268680839803,100.0
VIPV50_Wp700,SUMMER,12,5.5,public,67893.54166666667,2245.1249999999995,1989.996537161531,361.8175522111875,67.5
VIPV50_Wp700,SUMMER,13,6.0,home,367952.4166666665,929.2916666666667,222.86500626307142,89.14600250522855,2.5
VIPV50_Wp700,SUMMER,13,6.0,work,9725.958333333332,8269.083333333336,3806.936275594772,951.734068898693,265.0
VIPV50_Wp700,SUMMER,13,6.0,public,66853.375,4017.3333333333344,3439.4080068480716,625.346910336013,150.0
VIPV50_Wp700,SUMMER,14,6.5,home,338038.2083333332,798.8749999999999,204.51847648464067,81.80739059385627,10.0
VIPV50_Wp700,SUMMER,14,6.5,work,19046.20833333333,15162.75,6925.145722726199,1731.2864306815497,350.0
VIPV50_Wp700,SUMMER,14,6.5,public,66134.70833333333,7521.666666666666,6876.928850743428,1250.3507001351697,230.0
VIPV50_Wp700,SUMMER,15,7.0,home,285556.20833333326,1216.9999999999998,311.22599394901994,124.49039757960797,30.0
VIPV50_Wp700,SUMMER,15,7.0,work,33126.125000000015,25291.500000000025,11906.087688591706,2976.5219221479265,712.5
VIPV50_Wp700,SUMMER,15,7.0,public,67107.54166666666,12845.541666666664,12363.12577725927,2247.8410504107774,457.5
VIPV50_Wp700,SUMMER,16,7.5,home,220998.70833333308,1907.1249999999998,459.38533982410263,183.75413592964108,37.5
VIPV50_Wp700,SUMMER,16,7.5,work,57450.125,43360.20833333336,20652.737367519032,5163.184341879758,740.0
VIPV50_Wp700,SUMMER,16,7.5,public,69900.83333333328,23106.541666666675,21814.325661415653,3966.2410293482963,595.0
VIPV50_Wp700,SUMMER,17,8.0,home,173241.12500000006,2024.083333333333,590.0618244864484,205.23889547354727,25.0
VIPV50_Wp700,SUMMER,17,8.0,work,76364.70833333331,51688.41666666669,25357.40915070437,6339.352287676093,497.5
VIPV50_Wp700,SUMMER,17,8.0,public,74232.5416666667,28083.708333333332,28447.437657348553,5172.261392245199,467.5
VIPV50_Wp700,SUMMER,18,8.5,home,146762.375,2184.1249999999995,628.7635063818441,218.7003500458589,85.0
VIPV50_Wp700,SUMMER,18,8.5,work,85747.45833333333,46613.99999999999,24253.318236897492,6063.329559224373,232.5
VIPV50_Wp700,SUMMER,18,8.5,public,76493.0,27037.250000000015,28370.57248711642,5158.285906748441,395.0
VIPV50_Wp700,SUMMER,19,9.0,home,128403.08333333321,5139.083333333334,1498.7214968463022,521.2944336856701,157.5
VIPV50_Wp700,SUMMER,19,9.0,work,91341.54166666669,36967.75000000001,20084.47764426056,5021.11941106514,180.0
VIPV50_Wp700,SUMMER,19,9.0,public,77588.83333333331,24982.87500000001,25824.259377811693,4695.319886874851,385.0
VIPV50_Wp700,SUMMER,20,9.5,home,120463.91666666672,9019.833333333332,2740.0961114795923,953.0769083407281,212.5
VIPV50_Wp700,SUMMER,20,9.5,work,94866.45833333337,28727.750000000015,15901.732313874663,3975.433078468666,112.5
VIPV50_Wp700,SUMMER,20,9.5,public,79666.91666666669,22286.708333333325,23746.190039890535,4317.48909816192,467.5
VIPV50_Wp700,SUMMER,21,10.0,home,111323.04166666673,13837.791666666673,3261.555954730333,1449.5804243245914,297.5
VIPV50_Wp700,SUMMER,21,10.0,work,96284.29166666669,19977.70833333333,11262.658916689572,2815.664729172393,102.5
VIPV50_Wp700,SUMMER,21,10.0,public,81174.875,22822.166666666653,24982.386924414215,4542.252168075315,465.0
VIPV50_Wp700,SUMMER,22,10.5,home,99351.9166666667,18076.583333333336,4255.5968359578565,1891.3763715368225,270.0
VIPV50_Wp700,SUMMER,22,10.5,work,96582.12500000001,14218.249999999998,7959.852628125924,1989.963157031481,97.5
VIPV50_Wp700,SUMMER,22,10.5,public,81447.29166666661,24963.99999999998,27552.749396569994,5009.590799376358,510.0
VIPV50_Wp700,SUMMER,23,11.0,home,91948.33333333334,23602.87499999999,5527.754146184522,2456.779620526453,442.5
VIPV50_Wp700,SUMMER,23,11.0,work,96364.125,10747.958333333336,5913.907485146805,1478.4768712867012,55.0
VIPV50_Wp700,SUMMER,23,11.0,public,82341.45833333334,26304.666666666686,28168.64040524565,5121.570982771937,542.5
VIPV50_Wp700,SUMMER,24,11.5,home,87945.41666666664,31325.54166666667,7352.870414235082,3267.942406326707,425.0
VIPV50_Wp700,SUMMER,24,11.5,work,95245.08333333334,8234.125,4499.769283331702,1124.9423208329256,90.0
VIPV50_Wp700,SUMMER,24,11.5,public,81538.91666666667,26570.00000000002,28639.92289647653,5207.258708450276,520.0
VIPV50_Wp700,SUMMER,25,12.0,home,86614.62500000004,38018.16666666666,8911.365209456822,3960.606759758585,492.5
VIPV50_Wp700,SUMMER,25,12.0,work,94253.70833333331,8082.33333333333,4271.897654697722,1067.9744136744305,87.5
VIPV50_Wp700,SUMMER,25,12.0,public,82492.16666666666,27621.499999999996,30898.198563901668,5617.854284345754,565.0
VIPV50_Wp700,SUMMER,26,12.5,home,87231.87499999997,43947.29166666667,10213.952842720777,4539.5345967647945,517.5
VIPV50_Wp700,SUMMER,26,12.5,work,95348.24999999997,8351.291666666672,4217.973175715134,1054.4932939287835,122.5
VIPV50_Wp700,SUMMER,26,12.5,public,81070.41666666661,28281.541666666675,32531.05091408162,5914.7365298330205,585.0
VIPV50_Wp700,SUMMER,27,13.0,home,86290.66666666666,46841.24999999997,10952.670789559652,4867.853684248735,585.0
VIPV50_Wp700,SUMMER,27,13.0,work,97040.24999999999,8443.20833333333,4453.581207146751,1113.3953017866877,137.5
VIPV50_Wp700,SUMMER,27,13.0,public,82515.41666666667,30911.208333333336,35965.936213131055,6539.261129660197,575.0
VIPV50_Wp700,SUMMER,28,13.5,home,90507.25000000006,52485.79166666663,12213.411831844807,5428.183036375468,642.5
VIPV50_Wp700,SUMMER,28,13.5,work,98323.45833333336,9431.625,4870.125786010615,1217.5314465026538,87.5
VIPV50_Wp700,SUMMER,28,13.5,public,82661.37500000001,30741.083333333336,36818.66882882986,6694.303423423617,535.0
VIPV50_Wp700,SUMMER,29,14.0,home,100883.12500000001,62104.708333333394,14353.455842682088,6379.313707858714,830.0
VIPV50_Wp700,SUMMER,29,14.0,work,97853.54166666664,9000.458333333334,4603.814189702641,1150.9535474256602,55.0
VIPV50_Wp700,SUMMER,29,14.0,public,82277.04166666667,30002.29166666665,35971.214539260516,6540.220825320098,567.5
VIPV50_Wp700,SUMMER,30,14.5,home,108534.95833333334,68893.58333333328,15812.706858827296,7027.869715034351,747.5
VIPV50_Wp700,SUMMER,30,14.5,work,96132.74999999997,7162.291666666668,3797.810564442782,949.4526411106955,37.5
VIPV50_Wp700,SUMMER,30,14.5,public,82384.54166666667,30266.999999999978,35548.07670068198,6463.286672851268,530.0
VIPV50_Wp700,SUMMER,31,15.0,home,119757.66666666674,76831.70833333334,17522.186408248897,7787.638403666185,770.0
VIPV50_Wp700,SUMMER,31,15.0,work,90591.7083333333,4612.333333333332,2526.043399932934,631.5108499832335,7.5
VIPV50_Wp700,SUMMER,31,15.0,public,80472.75000000001,28073.833333333332,33526.904571513856,6095.800831184331,465.0
VIPV50_Wp700,SUMMER,32,15.5,home,135773.1666666667,85861.20833333333,19612.58235977165,8716.703271009617,1050.0
VIPV50_Wp700,SUMMER,32,15.5,work,80733.125,2837.083333333334,1646.3470368912979,411.58675922282447,7.5
VIPV50_Wp700,SUMMER,32,15.5,public,78108.41666666667,27754.833333333358,33410.51140057268,6074.638436467755,535.0
VIPV50_Wp700,SUMMER,33,16.0,home,160451.75000000003,102327.12499999997,23096.510855232355,10265.115935658803,1172.5
VIPV50_Wp700,SUMMER,33,16.0,work,67047.87499999999,1892.375,1103.6815369582612,275.9203842395653,20.0
VIPV50_Wp700,SUMMER,33,16.0,public,75965.70833333334,28025.666666666675,33298.24553546868,6054.226460994315,487.5
VIPV50_Wp700,SUMMER,34,16.5,home,189505.8333333334,120658.5416666666,27131.147573937764,12058.287810638985,1320.0
VIPV50_Wp700,SUMMER,34,16.5,work,50852.41666666668,1830.2083333333333,1075.146305736626,268.7865764341565,7.5
VIPV50_Wp700,SUMMER,34,16.5,public,74204.45833333331,27448.041666666686,32167.87372216426,5848.704313120788,522.5
VIPV50_Wp700,SUMMER,35,17.0,home,216256.41666666674,133706.37499999997,40024.53563005387,13341.511876684557,1135.0
VIPV50_Wp700,SUMMER,35,17.0,work,37116.04166666667,1293.5416666666667,747.1151034852898,186.77877587132244,5.0
VIPV50_Wp700,SUMMER,35,17.0,public,72891.20833333336,28495.625000000004,34177.80649937978,6214.146636250868,537.5
VIPV50_Wp700,SUMMER,36,17.5,home,239556.08333333334,139041.20833333352,41954.02708996585,13984.675696655271,1052.5
VIPV50_Wp700,SUMMER,36,17.5,work,25801.666666666664,642.5,371.1075479670966,92.77688699177415,5.0
VIPV50_Wp700,SUMMER,36,17.5,public,69820.49999999999,26758.29166666669,31777.64588957745,5777.753798104996,437.5
VIPV50_Wp700,SUMMER,37,18.0,home,262765.7083333335,144616.9166666666,43591.16525284985,14530.388417616605,1002.5
VIPV50_Wp700,SUMMER,37,18.0,work,16804.458333333332,600.9166666666667,330.4248743745268,82.6062185936317,15.0
VIPV50_Wp700,SUMMER,37,18.0,public,69013.33333333334,26300.00000000002,31930.012110588814,5805.456747379775,412.5
VIPV50_Wp700,SUMMER,38,18.5,home,281726.2083333333,143524.25000000006,43478.90294118916,14492.967647063037,720.0
VIPV50_Wp700,SUMMER,38,18.5,work,11791.83333333333,758.6666666666666,366.7255312392281,91.68138280980702,5.0
VIPV50_Wp700,SUMMER,38,18.5,public,67287.08333333333,22731.833333333347,27169.909482392653,4939.983542253207,305.0
VIPV50_Wp700,SUMMER,39,19.0,home,295952.20833333343,136940.45833333337,41742.44588298407,13914.148627661356,557.5
VIPV50_Wp700,SUMMER,39,19.0,work,8629.916666666666,737.9583333333334,409.1665791082918,102.29164477707295,5.0
VIPV50_Wp700,SUMMER,39,19.0,public,66197.62500000003,19678.166666666664,23833.46148625907,4333.356633865278,247.5
VIPV50_Wp700,SUMMER,40,19.5,home,309484.20833333326,129143.79166666666,39440.77690493492,13146.925634978319,515.0
VIPV50_Wp700,SUMMER,40,19.5,work,6665.833333333333,632.3333333333334,389.7416241615985,97.43540604039963,7.5
VIPV50_Wp700,SUMMER,40,19.5,public,63728.833333333314,15650.374999999996,18958.608500379138,3447.0197273416634,172.5
VIPV50_Wp700,SUMMER,41,20.0,home,320531.0416666667,118208.83333333324,30266.317112553672,12106.526845021464,352.5
VIPV50_Wp700,SUMMER,41,20.0,work,4946.458333333334,460.16666666666663,293.8993217255945,73.47483043139863,0.0
VIPV50_Wp700,SUMMER,41,20.0,public,62218.708333333336,11897.500000000002,14354.434834627797,2609.8972426595983,115.0
VIPV50_Wp700,SUMMER,42,20.5,home,328232.2083333332,105961.1666666667,27183.192744801367,10873.277097920547,310.0
VIPV50_Wp700,SUMMER,42,20.5,work,3209.1249999999995,185.0,116.63956825326474,29.159892063316185,0.0
VIPV50_Wp700,SUMMER,42,20.5,public,61460.875,9339.45833333333,11387.770870405478,2070.503794619177,90.0
VIPV50_Wp700,SUMMER,43,21.0,home,336562.0000000001,94643.74999999997,24262.536844034665,9705.014737613872,280.0
VIPV50_Wp700,SUMMER,43,21.0,work,1838.5416666666667,57.41666666666667,37.9128825754808,9.4782206438702,0.0
VIPV50_Wp700,SUMMER,43,21.0,public,61096.125000000015,7575.666666666664,9335.000225373818,1697.272768249784,95.0
VIPV50_Wp700,SUMMER,44,21.5,home,342592.0000000001,81365.0416666667,20990.482887382866,8396.193154953158,215.0
VIPV50_Wp700,SUMMER,44,21.5,work,1367.75,0.0,0.0,0.0,0.0
VIPV50_Wp700,SUMMER,44,21.5,public,60391.041666666664,5659.750000000001,6838.732738880708,1243.4059525237649,35.0
VIPV50_Wp700,SUMMER,45,22.0,home,368804.1666666665,88786.08333333331,18215.931066967336,9107.965533483666,1162.5
VIPV50_Wp700,SUMMER,45,22.0,work,864.875,0.0,0.0,0.0,0.0
VIPV50_Wp700,SUMMER,45,22.0,public,62518.0,6955.958333333333,7925.164836613758,1440.9390612025006,180.0
VIPV50_Wp700,SUMMER,46,22.5,home,410973.5000000001,114793.12499999996,23129.031845003818,11564.515922501909,1335.0
VIPV50_Wp700,SUMMER,46,22.5,work,276.79166666666663,0.0,0.0,0.0,0.0
VIPV50_Wp700,SUMMER,46,22.5,public,67584.41666666666,11415.5,12866.036575954333,2339.279377446241,190.0
VIPV50_Wp700,SUMMER,47,23.0,home,446633.9583333332,135182.1666666667,26985.763921110247,13492.881960555123,1160.0
VIPV50_Wp700,SUMMER,47,23.0,work,17.625,0.0,0.0,0.0,0.0
VIPV50_Wp700,SUMMER,47,23.0,public,71961.5,14049.791666666666,16004.105538014823,2909.837370548148,160.0
VIPV50_Wp700,SUMMER,48,23.5,home,474935.0833333333,145140.45833333343,29078.68532056409,14539.342660282045,847.5
VIPV50_Wp700,SUMMER,48,23.5,work,0.0,0.0,0.0,0.0,0.0
VIPV50_Wp700,SUMMER,48,23.5,public,77564.08333333334,16538.499999999996,19297.906439360442,3508.7102617019013,195.0
VIPV50_Wp700,AUTUMN,1,0.0,home,353188.74999999994,74962.79166666666,11481.099614975752,7654.066409983823,1922.5
VIPV50_Wp700,AUTUMN,1,0.0,work,25.291666666666668,25.291666666666668,13.647665652691444,3.411916413172861,2.5
VIPV50_Wp700,AUTUMN,1,0.0,public,59887.5,8744.125,9927.381214132462,1804.9784025695365,375.0
VIPV50_Wp700,AUTUMN,2,0.5,home,404473.3333333333,119253.58333333334,17761.33263749328,11840.888424995519,1405.0
VIPV50_Wp700,AUTUMN,2,0.5,work,75.0,75.0,40.470837190847774,10.117709297711944,0.0
VIPV50_Wp700,AUTUMN,2,0.5,public,71175.0,19213.166666666675,21743.634604321724,3953.3881098766747,320.0
VIPV50_Wp700,AUTUMN,3,1.0,home,429412.5,133517.3333333333,19918.156062986316,13278.770708657552,662.5
VIPV50_Wp700,AUTUMN,3,1.0,work,75.0,75.0,40.470837190847774,10.117709297711944,0.0
VIPV50_Wp700,AUTUMN,3,1.0,public,76162.5,21721.29166666666,25486.50621467703,4633.91022085037,122.5
VIPV50_Wp700,AUTUMN,4,1.5,home,439087.5,128605.41666666673,19459.31525848393,12972.876838989278,227.5
VIPV50_Wp700,AUTUMN,4,1.5,work,75.0,75.0,40.470837190847774,10.117709297711944,0.0
VIPV50_Wp700,AUTUMN,4,1.5,public,78375.0,18015.583333333336,22203.986739962245,4037.088498174951,70.0
VIPV50_Wp700,AUTUMN,5,2.0,home,441600.0,116346.2083333334,17854.931739550844,11903.287826367205,57.5
VIPV50_Wp700,AUTUMN,5,2.0,work,75.0,64.75,34.93982277476525,8.734955693691312,0.0
VIPV50_Wp700,AUTUMN,5,2.0,public,79425.0,11915.0,15068.198031223681,2739.6723693133963,22.5
VIPV50_Wp700,AUTUMN,6,2.5,home,442575.0,102229.04166666664,15902.377841383632,10601.585227589065,22.5
VIPV50_Wp700,AUTUMN,6,2.5,work,75.0,0.0,0.0,0.0,0.0
VIPV50_Wp700,AUTUMN,6,2.5,public,79650.0,5407.541666666668,6933.690906937568,1260.6710739886482,2.5
VIPV50_Wp700,AUTUMN,7,3.0,home,442716.7916666666,85787.70833333333,13485.774531465508,8990.516354310332,2.5
VIPV50_Wp700,AUTUMN,7,3.0,work,75.0,0.0,0.0,0.0,0.0
VIPV50_Wp700,AUTUMN,7,3.0,public,79650.0,1908.333333333333,2474.6234910537673,449.9315438279578,0.0
VIPV50_Wp700,AUTUMN,8,3.5,home,442607.3333333334,69536.12500000001,11026.626768476517,7351.084512317662,0.0
VIPV50_Wp700,AUTUMN,8,3.5,work,75.0,0.0,0.0,0.0,0.0
VIPV50_Wp700,AUTUMN,8,3.5,public,79650.0,589.9166666666667,766.8523024009494,139.42769134562718,0.0
VIPV50_Wp700,AUTUMN,9,4.0,home,441779.8333333333,51715.04166666666,8271.164721432622,5514.109814288418,0.0
VIPV50_Wp700,AUTUMN,9,4.0,work,179.04166666666666,104.04166666666667,47.32859231336289,11.832148078340722,12.5
VIPV50_Wp700,AUTUMN,9,4.0,public,79568.54166666667,111.12500000000001,160.88598647716702,29.251997541303094,2.5
VIPV50_Wp700,AUTUMN,10,4.5,home,439059.0,35411.250000000015,5709.715471294467,3806.476980862978,0.0
VIPV50_Wp700,AUTUMN,10,4.5,work,904.0833333333334,816.3333333333334,262.85064345432204,65.71266086358051,30.0
VIPV50_Wp700,AUTUMN,10,4.5,public,79534.45833333334,210.25,254.64344119282185,46.298807489603966,12.5
VIPV50_Wp700,AUTUMN,11,5.0,home,432546.0833333332,18868.833333333325,3056.1404444105065,2037.426962940338,2.5
VIPV50_Wp700,AUTUMN,11,5.0,work,2365.5,1873.7500000000002,787.7509956488059,196.93774891220147,92.5
VIPV50_Wp700,AUTUMN,11,5.0,public,79063.33333333334,695.2083333333334,498.4951597756483,90.63548359557242,27.5
VIPV50_Wp700,AUTUMN,12,5.5,home,422536.20833333326,3586.7500000000005,580.344991886727,386.8966612578179,2.5
VIPV50_Wp700,AUTUMN,12,5.5,work,5828.583333333334,4873.624999999999,2073.6498849202158,518.4124712300539,122.5
VIPV50_Wp700,AUTUMN,12,5.5,public,78605.29166666666,1826.2499999999995,1296.9670063108033,235.8121829656005,70.0
VIPV50_Wp700,AUTUMN,13,6.0,home,399876.875,620.875,168.044534386064,67.21781375442559,5.0
VIPV50_Wp700,AUTUMN,13,6.0,work,10521.333333333336,8440.70833333333,3577.766534141812,894.441633535453,232.5
VIPV50_Wp700,AUTUMN,13,6.0,public,77903.41666666667,3721.7916666666683,2848.998027279179,517.999641323487,162.5
VIPV50_Wp700,AUTUMN,14,6.5,home,367588.54166666674,499.7083333333333,130.21478733838657,52.08591493535462,10.0
VIPV50_Wp700,AUTUMN,14,6.5,work,19865.916666666668,15031.499999999993,6652.152352179356,1663.038088044839,355.0
VIPV50_Wp700,AUTUMN,14,6.5,public,76561.62500000004,7775.541666666668,6705.053520401954,1219.1006400730814,230.0
VIPV50_Wp700,AUTUMN,15,7.0,home,311364.2499999998,1078.125,262.98302391345504,105.19320956538208,37.5
VIPV50_Wp700,AUTUMN,15,7.0,work,33608.04166666666,24426.749999999996,11061.471967325564,2765.367991831391,687.5
VIPV50_Wp700,AUTUMN,15,7.0,public,74397.66666666666,12911.458333333336,11843.67617584164,2153.395668334846,442.5
VIPV50_Wp700,AUTUMN,16,7.5,home,241497.74999999994,1772.2083333333333,437.81097589999604,175.1243903599984,32.5
VIPV50_Wp700,AUTUMN,16,7.5,work,57837.08333333331,41673.54166666666,19107.236008609358,4776.809002152339,742.5
VIPV50_Wp700,AUTUMN,16,7.5,public,73673.8333333333,21595.708333333336,19718.588915544547,3585.1979846444638,567.5
VIPV50_Wp700,AUTUMN,17,8.0,home,190459.08333333343,1881.416666666667,811.3060777559473,202.82651943898682,30.0
VIPV50_Wp700,AUTUMN,17,8.0,work,75774.9166666667,48303.91666666666,23303.630634001656,5825.907658500414,442.5
VIPV50_Wp700,AUTUMN,17,8.0,public,77795.37499999999,28798.12499999998,27435.940536980896,4988.352824905626,542.5
VIPV50_Wp700,AUTUMN,18,8.5,home,160917.08333333334,2815.6666666666665,1217.0256492696813,304.2564123174203,102.5
VIPV50_Wp700,AUTUMN,18,8.5,work,85927.08333333334,44775.62500000002,22906.563882862043,5726.640970715511,310.0
VIPV50_Wp700,AUTUMN,18,8.5,public,80628.58333333334,28253.0,29204.7670418333,5309.957643969689,415.0
VIPV50_Wp700,AUTUMN,19,9.0,home,140008.25000000003,5268.124999999999,2196.476969688409,549.1192424221022,117.5
VIPV50_Wp700,AUTUMN,19,9.0,work,92352.04166666669,37348.749999999985,19766.35878923364,4941.58969730841,197.5
VIPV50_Wp700,AUTUMN,19,9.0,public,81063.25,24972.99999999998,26764.7235593741,4866.3133744316565,445.0
VIPV50_Wp700,AUTUMN,20,9.5,home,129580.79166666666,8472.083333333332,3467.5175267698996,866.8793816924749,205.0
VIPV50_Wp700,AUTUMN,20,9.5,work,95610.83333333336,27718.04166666666,14973.393065653348,3743.348266413337,107.5
VIPV50_Wp700,AUTUMN,20,9.5,public,82058.5,22652.33333333333,24586.783507161563,4470.324274029365,447.5
VIPV50_Wp700,AUTUMN,21,10.0,home,117209.50000000004,13019.08333333333,5347.48609384597,1336.8715234614924,202.5
VIPV50_Wp700,AUTUMN,21,10.0,work,96842.62500000001,20231.75,11188.669097209493,2797.1672743023732,97.5
VIPV50_Wp700,AUTUMN,21,10.0,public,82955.54166666666,22754.458333333343,23623.25732782929,4295.13769596896,502.5
VIPV50_Wp700,AUTUMN,22,10.5,home,103368.87500000007,16340.249999999996,6814.242020815064,1703.560505203766,295.0
VIPV50_Wp700,AUTUMN,22,10.5,work,97925.16666666667,13990.41666666667,7647.3161127190115,1911.8290281797529,100.0
VIPV50_Wp700,AUTUMN,22,10.5,public,83807.04166666661,24992.66666666668,26314.552972151683,4784.464176754849,467.5
VIPV50_Wp700,AUTUMN,23,11.0,home,95430.58333333336,22710.499999999996,5312.253953801883,2361.0017572452807,512.5
VIPV50_Wp700,AUTUMN,23,11.0,work,98210.87500000001,10606.833333333338,5636.11739268009,1409.0293481700226,60.0
VIPV50_Wp700,AUTUMN,23,11.0,public,83426.29166666664,25200.95833333332,27108.516557598425,4928.821192290628,540.0
VIPV50_Wp700,AUTUMN,24,11.5,home,92648.45833333342,33025.45833333332,7736.027093074972,3438.23426358888,532.5
VIPV50_Wp700,AUTUMN,24,11.5,work,96720.16666666669,8539.75,4440.961969569532,1110.240492392383,87.5
VIPV50_Wp700,AUTUMN,24,11.5,public,82938.25,26878.916666666664,29290.637920357673,5325.570530974125,645.0
VIPV50_Wp700,AUTUMN,25,12.0,home,91311.20833333336,41213.291666666664,9600.870248957901,4267.053443981293,560.0
VIPV50_Wp700,AUTUMN,25,12.0,work,96007.87499999996,7440.875000000001,3851.7521711779045,962.9380427944761,95.0
VIPV50_Wp700,AUTUMN,25,12.0,public,82281.45833333336,28311.00000000002,31907.25168798178,5801.31848872396,570.0
VIPV50_Wp700,AUTUMN,26,12.5,home,92141.54166666666,47601.00000000001,11069.996436142976,4919.998416063544,587.5
VIPV50_Wp700,AUTUMN,26,12.5,work,96571.33333333333,7714.666666666666,4052.8623777894113,1013.2155944473528,132.5
VIPV50_Wp700,AUTUMN,26,12.5,public,81169.2916666666,28044.58333333331,31805.536662723804,5782.824847767964,557.5
VIPV50_Wp700,AUTUMN,27,13.0,home,91077.37500000009,51474.208333333336,11995.411171091777,5331.29385381856,607.5
VIPV50_Wp700,AUTUMN,27,13.0,work,98092.08333333337,9328.916666666666,4837.202071831669,1209.3005179579172,112.5
VIPV50_Wp700,AUTUMN,27,13.0,public,82702.16666666666,31435.833333333318,36451.99542457138,6627.635531740248,607.5
VIPV50_Wp700,AUTUMN,28,13.5,home,94822.24999999993,57457.958333333314,13259.234671251315,5892.993187222805,657.5
VIPV50_Wp700,AUTUMN,28,13.5,work,98023.74999999999,9043.250000000002,4746.543702961591,1186.6359257403979,47.5
VIPV50_Wp700,AUTUMN,28,13.5,public,85290.50000000004,34024.791666666686,39425.095862753944,7168.199247773439,600.0
VIPV50_Wp700,AUTUMN,29,14.0,home,105019.54166666669,67395.6666666667,15378.359686675118,6834.826527411158,870.0
VIPV50_Wp700,AUTUMN,29,14.0,work,96427.16666666667,7572.375000000001,4091.0211753695294,1022.7552938423823,52.5
VIPV50_Wp700,AUTUMN,29,14.0,public,82738.70833333339,30927.75,35359.82179494342,6429.0585081715335,515.0
VIPV50_Wp700,AUTUMN,30,14.5,home,112065.37500000004,73184.41666666672,16577.09951155451,7367.599782913103,732.5
VIPV50_Wp700,AUTUMN,30,14.5,work,94488.66666666666,6259.666666666666,3395.621625282762,848.9054063206905,22.5
VIPV50_Wp700,AUTUMN,30,14.5,public,81892.45833333326,29215.250000000025,33457.42556287387,6083.168284158891,555.0
VIPV50_Wp700,AUTUMN,31,15.0,home,122523.41666666669,78493.54166666663,19658.547957046027,7863.419182818426,830.0
VIPV50_Wp700,AUTUMN,31,15.0,work,88207.16666666666,4161.333333333333,2327.249091661538,581.8122729153845,20.0
VIPV50_Wp700,AUTUMN,31,15.0,public,80727.2916666666,28448.625,32742.704062137178,5953.21892038859,512.5
VIPV50_Wp700,AUTUMN,32,15.5,home,140139.20833333323,89464.20833333343,22506.501294020258,9002.6005176081,1090.0
VIPV50_Wp700,AUTUMN,32,15.5,work,78538.66666666664,3029.9583333333335,1677.9634212535182,419.49085531337954,17.5
VIPV50_Wp700,AUTUMN,32,15.5,public,78011.6666666667,27094.166666666657,30552.470903923015,5554.994709804185,550.0
VIPV50_Wp700,AUTUMN,33,16.0,home,164457.41666666666,104842.87500000001,26184.387091096614,10473.75483643866,1267.5
VIPV50_Wp700,AUTUMN,33,16.0,work,65633.29166666667,2186.4166666666665,1178.503986462376,294.625996615594,17.5
VIPV50_Wp700,AUTUMN,33,16.0,public,79256.83333333333,29844.58333333332,34157.40139395943,6210.436617083527,657.5
VIPV50_Wp700,AUTUMN,34,16.5,home,196388.79166666674,125751.29166666656,31238.458805105598,12495.383522042237,1387.5
VIPV50_Wp700,AUTUMN,34,16.5,work,50339.54166666667,1805.625,961.0887805635533,240.27219514088833,17.5
VIPV50_Wp700,AUTUMN,34,16.5,public,79441.1666666667,32524.29166666669,36661.88805670158,6665.797828491192,530.0
VIPV50_Wp700,AUTUMN,35,17.0,home,228355.49999999985,145007.7916666666,36022.44232284921,14408.976929139693,1307.5
VIPV50_Wp700,AUTUMN,35,17.0,work,35885.91666666668,1469.5833333333335,748.0338883850851,187.00847209627128,15.0
VIPV50_Wp700,AUTUMN,35,17.0,public,78765.12499999997,31605.0,37199.55334960574,6763.555154473766,552.5
VIPV50_Wp700,AUTUMN,36,17.5,home,255502.25000000012,155389.3333333334,38805.03559804802,15522.014239219234,1127.5
VIPV50_Wp700,AUTUMN,36,17.5,work,25282.70833333334,966.8333333333334,518.1589793495314,129.53974483738284,2.5
VIPV50_Wp700,AUTUMN,36,17.5,public,78137.20833333328,30919.791666666686,36346.15178762278,6608.391234113219,480.0
VIPV50_Wp700,AUTUMN,37,18.0,home,281707.2083333332,161362.74999999985,40550.87882149427,16220.35152859773,1120.0
VIPV50_Wp700,AUTUMN,37,18.0,work,16640.125000000004,610.9583333333334,323.0502380707205,80.76255951768013,15.0
VIPV50_Wp700,AUTUMN,37,18.0,public,75769.70833333337,28044.291666666682,32892.11896747091,5980.385266812889,390.0
VIPV50_Wp700,AUTUMN,38,18.5,home,302856.99999999994,161425.25000000012,40826.51224941611,16330.604899766411,770.0
VIPV50_Wp700,AUTUMN,38,18.5,work,11345.416666666666,738.6250000000001,336.08136693856443,84.02034173464111,2.5
VIPV50_Wp700,AUTUMN,38,18.5,public,75529.08333333333,25716.999999999996,30104.170001843555,5473.4854548806425,365.0
VIPV50_Wp700,AUTUMN,39,19.0,home,318132.83333333326,154377.70833333328,39198.58806792251,15679.435227169,647.5
VIPV50_Wp700,AUTUMN,39,19.0,work,7968.666666666667,496.04166666666674,261.81067829578393,65.45266957394598,2.5
VIPV50_Wp700,AUTUMN,39,19.0,public,73149.54166666669,21891.583333333336,26073.984013741014,4740.724366134732,240.0
VIPV50_Wp700,AUTUMN,40,19.5,home,332878.24999999977,144615.12499999994,36880.024653026994,14752.009861210792,555.0
VIPV50_Wp700,AUTUMN,40,19.5,work,5929.375,322.24999999999994,188.48159564096,47.12039891024,2.5
VIPV50_Wp700,AUTUMN,40,19.5,public,71353.25,17811.916666666664,21577.921745802338,3923.25849923679,190.0
VIPV50_Wp700,AUTUMN,41,20.0,home,344459.37499999994,131718.24999999997,33784.11037751731,13513.644151006965,365.0
VIPV50_Wp700,AUTUMN,41,20.0,work,4157.041666666666,268.9166666666667,156.4066934300019,39.101673357500474,0.0
VIPV50_Wp700,AUTUMN,41,20.0,public,69849.91666666669,13493.041666666672,16236.665110723014,2952.120929222365,140.0
VIPV50_Wp700,AUTUMN,42,20.5,home,353059.91666666686,116812.75000000001,30073.926745882905,12029.57069835316,362.5
VIPV50_Wp700,AUTUMN,42,20.5,work,2695.75,52.75,34.95023301387397,8.737558253468492,0.0
VIPV50_Wp700,AUTUMN,42,20.5,public,68238.66666666667,10422.375,12529.16291525535,2278.0296209555195,95.0
VIPV50_Wp700,AUTUMN,43,21.0,home,362384.5416666667,104410.95833333333,21545.798076034895,10772.899038017447,300.0
VIPV50_Wp700,AUTUMN,43,21.0,work,1539.2083333333333,0.0,0.0,0.0,0.0
VIPV50_Wp700,AUTUMN,43,21.0,public,66900.24999999997,7563.291666666667,9610.363130548129,1747.338751008751,80.0
VIPV50_Wp700,AUTUMN,44,21.5,home,370118.8333333334,91570.75000000009,18972.80795693673,9486.403978468365,257.5
VIPV50_Wp700,AUTUMN,44,21.5,work,1087.9166666666665,0.0,0.0,0.0,0.0
VIPV50_Wp700,AUTUMN,44,21.5,public,66154.45833333333,5866.416666666668,7254.087519613861,1318.925003566156,47.5
VIPV50_Wp700,AUTUMN,45,22.0,home,378157.7916666666,80690.12500000001,16769.0123295606,8384.5061647803,232.5
VIPV50_Wp700,AUTUMN,45,22.0,work,839.7083333333334,0.0,0.0,0.0,0.0
VIPV50_Wp700,AUTUMN,45,22.0,public,65218.5,4687.249999999999,5794.982615344808,1053.6332027899648,25.0
VIPV50_Wp700,AUTUMN,46,22.5,home,383926.41666666674,69730.79166666666,14558.167321154258,7279.083660577129,172.5
VIPV50_Wp700,AUTUMN,46,22.5,work,518.75,0.0,0.0,0.0,0.0
VIPV50_Wp700,AUTUMN,46,22.5,public,64772.70833333333,3808.166666666666,5021.437931186975,912.9887147612682,25.0
VIPV50_Wp700,AUTUMN,47,23.0,home,388980.83333333326,59314.833333333336,12507.62723340182,6253.81361670091,187.5
VIPV50_Wp700,AUTUMN,47,23.0,work,63.54166666666667,0.0,0.0,0.0,0.0
VIPV50_Wp700,AUTUMN,47,23.0,public,64504.749999999985,2355.791666666667,3090.148007706312,561.8450923102384,12.5
VIPV50_Wp700,AUTUMN,48,23.5,home,395076.2916666667,52250.87499999998,11137.976329164974,5568.988164582487,187.5
VIPV50_Wp700,AUTUMN,48,23.5,work,0.0,0.0,0.0,0.0,0.0
VIPV50_Wp700,AUTUMN,48,23.5,public,64521.041666666664,1753.8333333333333,2302.484949211978,418.63362712945076,7.5
VIPV50_Wp700,WINTER,1,0.0,home,418941.4166666667,129830.0,26283.50951585182,13141.754757925908,540.0
VIPV50_Wp700,WINTER,1,0.0,work,0.0,0.0,0.0,0.0,0.0
VIPV50_Wp700,WINTER,1,0.0,public,71822.0,14836.124999999998,18248.723848325735,3317.949790604677,97.5
VIPV50_Wp700,WINTER,2,0.5,home,428772.125,122697.12500000001,25022.847659563427,12511.423829781714,292.5
VIPV50_Wp700,WINTER,2,0.5,work,0.0,0.0,0.0,0.0,0.0
VIPV50_Wp700,WINTER,2,0.5,public,73875.0,11994.000000000002,14927.832874121894,2714.1514316585253,50.0
VIPV50_Wp700,WINTER,3,1.0,home,432750.0,109342.0,22502.634481215693,11251.317240607845,95.0
VIPV50_Wp700,WINTER,3,1.0,work,0.0,0.0,0.0,0.0,0.0
VIPV50_Wp700,WINTER,3,1.0,public,74625.0,7948.333333333331,10029.896311880502,1823.6175112510005,27.5
VIPV50_Wp700,WINTER,4,1.5,home,434512.5,93714.16666666663,19484.853108780957,9742.426554390478,50.0
VIPV50_Wp700,WINTER,4,1.5,work,0.0,0.0,0.0,0.0,0.0
VIPV50_Wp700,WINTER,4,1.5,public,75279.45833333333,4901.958333333331,6256.212507884902,1137.4931832518005,17.5
VIPV50_Wp700,WINTER,5,2.0,home,435262.5,76852.50000000006,16115.317631853226,8057.658815926613,20.0
VIPV50_Wp700,WINTER,5,2.0,work,0.0,0.0,0.0,0.0,0.0
VIPV50_Wp700,WINTER,5,2.0,public,75375.0,2286.416666666667,2961.7896504366254,538.5072091702956,0.0
VIPV50_Wp700,WINTER,6,2.5,home,435450.0,59554.083333333336,12608.31472068333,6304.157360341665,2.5
VIPV50_Wp700,WINTER,6,2.5,work,0.0,0.0,0.0,0.0,0.0
VIPV50_Wp700,WINTER,6,2.5,public,75375.0,1095.4583333333335,1492.1347738307775,271.29723160559587,0.0
VIPV50_Wp700,WINTER,7,3.0,home,435441.7916666667,44605.66666666667,9514.884041046154,4757.442020523077,0.0
VIPV50_Wp700,WINTER,7,3.0,work,0.0,0.0,0.0,0.0,0.0
VIPV50_Wp700,WINTER,7,3.0,public,75375.0,418.7916666666667,578.8765356535922,105.25027920974404,0.0
VIPV50_Wp700,WINTER,8,3.5,home,435287.125,31185.708333333325,6701.760874795226,3350.880437397613,0.0
VIPV50_Wp700,WINTER,8,3.5,work,0.0,0.0,0.0,0.0,0.0
VIPV50_Wp700,WINTER,8,3.5,public,75426.58333333333,152.16666666666666,164.47206225444233,29.904011318989518,2.5
VIPV50_Wp700,WINTER,9,4.0,home,434318.7083333333,20376.166666666668,4411.911063740663,2205.9555318703315,0.0
VIPV50_Wp700,WINTER,9,4.0,work,65.875,65.875,31.648571212024788,7.912142803006197,10.0
VIPV50_Wp700,WINTER,9,4.0,public,75482.25,144.625,117.40760173850602,21.346836679728362,5.0
VIPV50_Wp700,WINTER,10,4.5,home,432325.04166666657,11829.291666666666,2574.5539519780646,1287.2769759890323,0.0
VIPV50_Wp700,WINTER,10,4.5,work,828.3750000000001,828.3750000000001,343.6858248503292,85.9214562125823,37.5
VIPV50_Wp700,WINTER,10,4.5,public,75372.70833333333,234.29166666666669,182.78925884703096,33.23441069946017,10.0
VIPV50_Wp700,WINTER,11,5.0,home,427003.25000000006,4829.541666666666,1054.3044613034792,527.1522306517396,7.5
VIPV50_Wp700,WINTER,11,5.0,work,2153.458333333333,1967.0416666666667,894.8170683912241,223.70426709780602,80.0
VIPV50_Wp700,WINTER,11,5.0,public,74888.37499999999,600.875,649.3558557198081,118.06470103996513,40.0
VIPV50_Wp700,WINTER,12,5.5,home,418006.7083333334,1599.7500000000002,349.7497171531697,174.8748585765848,7.5
VIPV50_Wp700,WINTER,12,5.5,work,5682.875000000001,5035.541666666667,2282.1658597876576,570.5414649469144,142.5
VIPV50_Wp700,WINTER,12,5.5,public,75117.20833333334,2054.6666666666665,2148.3239213821607,390.6043493422111,87.5
VIPV50_Wp700,WINTER,13,6.0,home,397414.8749999999,982.2916666666667,261.4644788784834,104.58579155139336,2.5
VIPV50_Wp700,WINTER,13,6.0,work,11553.166666666664,9749.16666666666,4311.464772643134,1077.8661931607835,315.0
VIPV50_Wp700,WINTER,13,6.0,public,75142.70833333331,5082.708333333332,4460.744359300785,811.0444289637784,205.0
VIPV50_Wp700,WINTER,14,6.5,home,366508.4583333334,854.0,225.82240985464304,90.3289639418572,10.0
VIPV50_Wp700,WINTER,14,6.5,work,23646.749999999993,19347.875000000004,8688.951127842438,2172.2377819606095,407.5
VIPV50_Wp700,WINTER,14,6.5,public,74763.16666666667,9789.250000000002,8811.367630284138,1602.0668418698422,255.0
VIPV50_Wp700,WINTER,15,7.0,home,309889.0833333334,1088.2083333333333,287.3287269520274,114.93149078081099,30.0
VIPV50_Wp700,WINTER,15,7.0,work,38431.58333333331,29264.16666666666,13606.456580482578,3401.6141451206445,745.0
VIPV50_Wp700,WINTER,15,7.0,public,75432.25000000001,16156.749999999998,15164.38386637879,2757.1607029779598,560.0
VIPV50_Wp700,WINTER,16,7.5,home,241862.87500000006,1709.5833333333337,418.71799513346264,167.48719805338507,25.0
VIPV50_Wp700,WINTER,16,7.5,work,65186.500000000015,48095.66666666669,22621.84149171609,5655.460372929023,845.0
VIPV50_Wp700,WINTER,16,7.5,public,78567.33333333331,25820.79166666667,23772.645766190886,4322.299230216528,580.0
VIPV50_Wp700,WINTER,17,8.0,home,190840.0,2122.125,722.7547466715218,206.50135619186338,42.5
VIPV50_Wp700,WINTER,17,8.0,work,86113.08333333331,56905.95833333335,27606.59111482108,6901.64777870527,487.5
VIPV50_Wp700,WINTER,17,8.0,public,80903.4166666667,29344.666666666682,28222.21800498113,5131.31236454203,487.5
VIPV50_Wp700,WINTER,18,8.5,home,159482.54166666663,2829.458333333333,1024.4982951965328,292.713798627581,102.5
VIPV50_Wp700,WINTER,18,8.5,work,95381.20833333328,50105.83333333336,25654.663053802124,6413.665763450531,267.5
VIPV50_Wp700,WINTER,18,8.5,public,84440.70833333331,29127.749999999996,28895.944877772225,5253.808159594956,445.0
VIPV50_Wp700,WINTER,19,9.0,home,137807.45833333326,5610.583333333331,2023.3713317274253,578.1060947792646,135.0
VIPV50_Wp700,WINTER,19,9.0,work,100209.20833333331,38485.37499999999,20649.222686410623,5162.305671602656,130.0
VIPV50_Wp700,WINTER,19,9.0,public,84845.58333333336,25215.999999999978,26391.234510074126,4798.40627455893,420.0
VIPV50_Wp700,WINTER,20,9.5,home,126758.04166666666,8420.95833333333,2972.8962674047966,849.3989335442277,182.5
VIPV50_Wp700,WINTER,20,9.5,work,103191.37500000001,27356.91666666667,15090.619055450077,3772.6547638625193,117.5
VIPV50_Wp700,WINTER,20,9.5,public,85934.87500000006,22911.541666666675,25220.335423350858,4585.515531518338,427.5
VIPV50_Wp700,WINTER,21,10.0,home,115473.20833333328,12640.124999999998,4502.091283161692,1286.3117951890556,265.0
VIPV50_Wp700,WINTER,21,10.0,work,104125.16666666666,18603.125,10503.831893997618,2625.9579734994045,82.5
VIPV50_Wp700,WINTER,21,10.0,public,87648.8333333333,24180.333333333343,26798.42589798153,4872.441072360277,550.0
VIPV50_Wp700,WINTER,22,10.5,home,103379.0833333334,16787.375,6036.233143398793,1724.6380409710857,290.0
VIPV50_Wp700,WINTER,22,10.5,work,105195.95833333336,13773.249999999995,7649.599313112975,1912.3998282782438,125.0
VIPV50_Wp700,WINTER,22,10.5,public,87217.70833333324,27526.291666666657,29456.97126956558,5355.812958102832,515.0
VIPV50_Wp700,WINTER,23,11.0,home,96837.12499999999,23130.87499999999,8289.939612306578,2368.5541749447416,430.0
VIPV50_Wp700,WINTER,23,11.0,work,105555.95833333336,11012.125000000002,5976.7677281688275,1494.1919320422069,62.5
VIPV50_Wp700,WINTER,23,11.0,public,88051.12500000004,28633.333333333336,31684.380913070767,5760.796529649237,620.0
VIPV50_Wp700,WINTER,24,11.5,home,91785.08333333324,30711.958333333325,11079.275327131616,3165.5072363233235,470.0
VIPV50_Wp700,WINTER,24,11.5,work,103773.45833333333,9166.541666666668,5000.535615147904,1250.133903786976,112.5
VIPV50_Wp700,WINTER,24,11.5,public,87990.62499999999,29989.875000000015,33177.97327021654,6032.3587764030135,625.0
VIPV50_Wp700,WINTER,25,12.0,home,91638.20833333328,39438.95833333335,10157.767142430475,4063.1068569721933,607.5
VIPV50_Wp700,WINTER,25,12.0,work,103844.75,10338.708333333332,5475.780999517425,1368.9452498793562,142.5
VIPV50_Wp700,WINTER,25,12.0,public,89545.625,31949.624999999978,35455.845023235146,6446.517276951833,607.5
VIPV50_Wp700,WINTER,26,12.5,home,92601.70833333328,47166.50000000001,12172.951720465122,4869.180688186055,627.5
VIPV50_Wp700,WINTER,26,12.5,work,105476.00000000006,11231.083333333332,5674.938178173243,1418.7345445433107,165.0
VIPV50_Wp700,WINTER,26,12.5,public,88981.58333333339,31915.999999999993,36285.08378527759,6597.287960959575,660.0
VIPV50_Wp700,WINTER,27,13.0,home,91883.45833333326,51616.66666666668,13327.869048762675,5331.147619505077,617.5
VIPV50_Wp700,WINTER,27,13.0,work,106413.8333333333,11346.416666666673,5801.139254023027,1450.2848135057568,107.5
VIPV50_Wp700,WINTER,27,13.0,public,91065.58333333336,33832.91666666668,38099.76979695906,6927.230872174381,610.0
VIPV50_Wp700,WINTER,28,13.5,home,96630.79166666669,57865.33333333331,14866.777643468453,5946.711057387374,670.0
VIPV50_Wp700,WINTER,28,13.5,work,106506.75,10300.625,5427.4262718242535,1356.8565679560634,50.0
VIPV50_Wp700,WINTER,28,13.5,public,90077.87500000001,32296.083333333347,36188.98166207588,6579.814847650165,535.0
VIPV50_Wp700,WINTER,29,14.0,home,104687.95833333331,65720.50000000003,16745.396738802032,6698.158695520807,815.0
VIPV50_Wp700,WINTER,29,14.0,work,104709.79166666666,8045.208333333333,4477.471597247511,1119.3678993118779,57.5
VIPV50_Wp700,WINTER,29,14.0,public,85903.62499999999,29201.083333333325,33402.49715211037,6073.181300383709,532.5
VIPV50_Wp700,WINTER,30,14.5,home,113563.16666666672,72978.54166666663,18361.757203299912,7344.702881319971,820.0
VIPV50_Wp700,WINTER,30,14.5,work,103003.375,6837.958333333335,3842.6657485125065,960.6664371281266,17.5
VIPV50_Wp700,WINTER,30,14.5,public,84952.83333333331,28646.541666666657,33208.7915526566,6037.962100483018,497.5
VIPV50_Wp700,WINTER,31,15.0,home,125366.83333333336,81037.62499999999,20263.108222091294,8105.243288836507,855.0
VIPV50_Wp700,WINTER,31,15.0,work,96705.45833333333,5066.708333333334,2921.8724367779405,730.4681091944851,27.5
VIPV50_Wp700,WINTER,31,15.0,public,83237.75000000006,27149.166666666686,31975.732947758865,5813.769626865236,502.5
VIPV50_Wp700,WINTER,32,15.5,home,142818.5,92914.54166666673,23168.440130266103,9267.376052106425,1110.0
VIPV50_Wp700,WINTER,32,15.5,work,84960.2083333333,3861.7083333333335,2291.642596004067,572.9106490010167,10.0
VIPV50_Wp700,WINTER,32,15.5,public,80393.74999999997,27067.25,31150.148953361233,5663.663446065687,525.0
VIPV50_Wp700,WINTER,33,16.0,home,168275.7916666667,109370.12499999994,32677.793862422346,10892.597954140769,1255.0
VIPV50_Wp700,WINTER,33,16.0,work,70174.70833333334,3012.25,1750.8403073362142,437.71007683405355,20.0
VIPV50_Wp700,WINTER,33,16.0,public,78674.58333333331,28824.791666666646,33678.71088780646,6123.401979601172,585.0
VIPV50_Wp700,WINTER,34,16.5,home,195610.33333333337,122709.83333333321,36680.32636707767,12226.775455692527,1277.5
VIPV50_Wp700,WINTER,34,16.5,work,53470.83333333333,2324.0000000000005,1347.6659731321975,336.91649328304936,15.0
VIPV50_Wp700,WINTER,34,16.5,public,78483.4166666667,31102.79166666664,36580.62330532833,6651.02241915061,607.5
VIPV50_Wp700,WINTER,35,17.0,home,225349.99999999974,140520.29166666686,41856.504444396254,13952.16814813207,1307.5
VIPV50_Wp700,WINTER,35,17.0,work,37840.54166666668,2031.625,1135.7459991004503,283.93649977511257,17.5
VIPV50_Wp700,WINTER,35,17.0,public,77784.62500000004,32463.37500000001,38372.04461012961,6976.7353836599295,610.0
VIPV50_Wp700,WINTER,36,17.5,home,251894.66666666666,150382.83333333343,45072.86793623834,15024.28931207949,1045.0
VIPV50_Wp700,WINTER,36,17.5,work,27116.29166666666,1558.4166666666665,850.1836902724041,212.54592256810102,10.0
VIPV50_Wp700,WINTER,36,17.5,public,75583.91666666666,30584.25,35596.917859488094,6472.166883543281,447.5
VIPV50_Wp700,WINTER,37,18.0,home,276511.08333333343,154335.25000000023,46587.00931999779,15529.003106665978,1045.0
VIPV50_Wp700,WINTER,37,18.0,work,19415.70833333333,1041.625,584.6605413656251,146.16513534140628,12.5
VIPV50_Wp700,WINTER,37,18.0,public,72787.66666666666,27257.70833333334,32254.638899489797,5864.4797999072325,390.0
VIPV50_Wp700,WINTER,38,18.5,home,296980.54166666645,155063.9583333334,47079.55746694781,15693.185822315958,760.0
VIPV50_Wp700,WINTER,38,18.5,work,12977.29166666667,646.8749999999999,359.87924280575083,89.96981070143771,2.5
VIPV50_Wp700,WINTER,38,18.5,public,71385.37499999999,23661.583333333354,28049.63257831268,5099.933196056842,320.0
VIPV50_Wp700,WINTER,39,19.0,home,310725.5833333334,147554.1666666666,45083.51085973406,15027.83695324473,592.5
VIPV50_Wp700,WINTER,39,19.0,work,9195.25,598.7916666666667,302.8000019091247,75.70000047728118,7.5
VIPV50_Wp700,WINTER,39,19.0,public,70236.08333333333,20089.50000000001,24685.644752456865,4488.29904590125,215.0
VIPV50_Wp700,WINTER,40,19.5,home,326486.625,141087.58333333334,43367.822717508185,14455.940905836107,610.0
VIPV50_Wp700,WINTER,40,19.5,work,7445.458333333333,526.4166666666666,278.216755159544,69.554188789886,2.5
VIPV50_Wp700,WINTER,40,19.5,public,67845.45833333331,15570.500000000002,18985.129865183357,3451.8417936697,190.0
VIPV50_Wp700,WINTER,41,20.0,home,340144.0416666665,132724.0000000001,27282.51526733302,13641.257633666508,437.5
VIPV50_Wp700,WINTER,41,20.0,work,5534.541666666667,310.9583333333333,175.3001054946134,43.82502637365335,0.0
VIPV50_Wp700,WINTER,41,20.0,public,68080.91666666667,13598.95833333334,16275.936211326363,2959.261129332065,135.0
VIPV50_Wp700,WINTER,42,20.5,home,349126.87499999994,121296.87499999996,24983.863557870383,12491.931778935192,332.5
VIPV50_Wp700,WINTER,42,20.5,work,3818.875,147.625,94.04500974994072,23.51125243748518,0.0
VIPV50_Wp700,WINTER,42,20.5,public,67845.45833333331,11086.20833333333,12813.990496601413,2329.816453927531,112.5
VIPV50_Wp700,WINTER,43,21.0,home,357545.2916666667,107875.24999999993,22288.091612111006,11144.045806055503,285.0
VIPV50_Wp700,WINTER,43,21.0,work,2500.125,6.583333333333333,4.863533757438949,1.2158834393597373,0.0
VIPV50_Wp700,WINTER,43,21.0,public,67219.12500000001,8855.499999999998,10380.13380552418,1887.2970555498507,100.0
VIPV50_Wp700,WINTER,44,21.5,home,363736.87499999994,93544.45833333334,19369.4564986955,9684.72824934775,227.5
VIPV50_Wp700,WINTER,44,21.5,work,1627.4166666666667,0.0,0.0,0.0,0.0
VIPV50_Wp700,WINTER,44,21.5,public,66181.5,6558.624999999999,8193.511570234281,1489.7293764062329,35.0
VIPV50_Wp700,WINTER,45,22.0,home,389228.3333333333,97933.4166666667,20155.927692538866,10077.963846269433,1097.5
VIPV50_Wp700,WINTER,45,22.0,work,836.0833333333334,0.0,0.0,0.0,0.0
VIPV50_Wp700,WINTER,45,22.0,public,67545.58333333334,7487.624999999998,9161.850380606722,1665.7909782921297,172.5
VIPV50_Wp700,WINTER,46,22.5,home,431998.79166666674,123589.20833333326,24950.57246523057,12475.286232615283,1420.0
VIPV50_Wp700,WINTER,46,22.5,work,319.0,0.0,0.0,0.0,0.0
VIPV50_Wp700,WINTER,46,22.5,public,73116.0,12341.166666666666,14649.001573170064,2663.454831485467,227.5
VIPV50_Wp700,WINTER,47,23.0,home,472167.8749999999,147078.45833333326,29394.412680584905,14697.206340292452,1330.0
VIPV50_Wp700,WINTER,47,23.0,work,98.75,0.0,0.0,0.0,0.0
VIPV50_Wp700,WINTER,47,23.0,public,79634.75,17329.500000000004,19996.363298559187,3635.7024179198515,232.5
VIPV50_Wp700,WINTER,48,23.5,home,506052.24999999994,160041.08333333337,32001.3496334757,16000.674816737848,1057.5
VIPV50_Wp700,WINTER,48,23.5,work,58.95833333333333,0.0,0.0,0.0,0.0
VIPV50_Wp700,WINTER,48,23.5,public,85375.45833333333,19615.916666666664,23324.03426203768,4240.733502188667,197.5
VIPV50_Wp1000,SPRING,1,0.0,home,303591.5,67003.29166666666,8496.2440404163,6796.995232333042,1785.0
VIPV50_Wp1000,SPRING,1,0.0,work,25.291666666666668,25.291666666666668,6.387232549982462,1.5968081374956156,2.5
VIPV50_Wp1000,SPRING,1,0.0,public,49172.0,7494.875,8658.245592770449,1574.2264714128096,322.5
VIPV50_Wp1000,SPRING,2,0.5,home,353472.125,111263.74999999996,13776.474413859056,11021.179531087239,1357.5
VIPV50_Wp1000,SPRING,2,0.5,work,75.0,75.0,18.940722553490005,4.735180638372501,0.0
VIPV50_Wp1000,SPRING,2,0.5,public,57337.5,14928.95833333333,16753.306481927266,3046.0557239867762,220.0
VIPV50_Wp1000,SPRING,3,1.0,home,375975.0,124383.70833333336,15465.7706257114,12372.6165005691,590.0
VIPV50_Wp1000,SPRING,3,1.0,work,75.0,18.5,4.6720448965275345,1.1680112241318836,0.0
VIPV50_Wp1000,SPRING,3,1.0,public,61875.0,17407.08333333333,20324.462454093686,3695.3568098352134,125.0
VIPV50_Wp1000,SPRING,4,1.5,home,385312.5,119773.00000000004,15034.152371410913,12027.32189712869,242.5
VIPV50_Wp1000,SPRING,4,1.5,work,75.0,0.0,0.0,0.0,0.0
VIPV50_Wp1000,SPRING,4,1.5,public,63691.958333333336,14570.666666666666,17876.734164134188,3250.3153025698493,50.0
VIPV50_Wp1000,SPRING,5,2.0,home,388237.5,108780.54166666667,13856.533311527723,11085.226649222175,70.0
VIPV50_Wp1000,SPRING,5,2.0,work,75.0,0.0,0.0,0.0,0.0
VIPV50_Wp1000,SPRING,5,2.0,public,64237.5,9149.875000000002,11715.0073750966,2130.0013409266558,10.0
VIPV50_Wp1000,SPRING,6,2.5,home,388800.0,94162.95833333333,12161.530742921599,9729.224594337276,10.0
VIPV50_Wp1000,SPRING,6,2.5,work,75.0,0.0,0.0,0.0,0.0
VIPV50_Wp1000,SPRING,6,2.5,public,64462.5,4334.583333333334,5766.457770561863,1048.446867374884,7.5
VIPV50_Wp1000,SPRING,7,3.0,home,388904.2916666666,78211.87499999997,10220.602689926649,8176.482151941312,5.0
VIPV50_Wp1000,SPRING,7,3.0,work,75.0,0.0,0.0,0.0,0.0
VIPV50_Wp1000,SPRING,7,3.0,public,64511.458333333336,1762.2916666666667,2374.5396194435493,431.73447626246343,2.5
VIPV50_Wp1000,SPRING,8,3.5,home,388787.125,62123.25000000003,8194.92904802072,6555.943238416589,0.0
VIPV50_Wp1000,SPRING,8,3.5,work,75.0,0.0,0.0,0.0,0.0
VIPV50_Wp1000,SPRING,8,3.5,public,64500.0,718.3333333333335,949.2258025194926,172.5865095489987,0.0
VIPV50_Wp1000,SPRING,9,4.0,home,388066.4166666667,44935.16666666668,5986.41879416467,4789.1350353317375,0.0
VIPV50_Wp1000,SPRING,9,4.0,work,138.625,63.625,19.39907202142637,4.849768005356593,5.0
VIPV50_Wp1000,SPRING,9,4.0,public,64505.375,291.5833333333333,366.90161321591137,66.70938422107479,7.5
VIPV50_Wp1000,SPRING,10,4.5,home,386477.2083333333,29509.916666666657,3962.5809560295406,3170.064764823629,0.0
VIPV50_Wp1000,SPRING,10,4.5,work,522.875,411.7916666666667,178.4235151398594,44.60587878496485,27.5
VIPV50_Wp1000,SPRING,10,4.5,public,64481.375,323.6666666666667,262.3939386890164,47.70798885254844,12.5
VIPV50_Wp1000,SPRING,11,5.0,home,382041.0,14747.20833333333,1988.633082018251,1590.9064656146015,12.5
VIPV50_Wp1000,SPRING,11,5.0,work,1739.5833333333333,1584.9166666666665,673.9245107620036,168.4811276905009,62.5
VIPV50_Wp1000,SPRING,11,5.0,public,64158.5,1012.4583333333333,1043.6467057584127,189.75394650152967,50.0
VIPV50_Wp1000,SPRING,12,5.5,home,373644.4999999999,2694.25,358.2216598967056,286.5773279173645,10.0
VIPV50_Wp1000,SPRING,12,5.5,work,4571.833333333334,3953.5833333333344,1908.7976360296213,477.19940900740534,120.0
VIPV50_Wp1000,SPRING,12,5.5,public,64315.2916666667,2333.6249999999995,2324.314019022973,422.6025489132676,75.0
VIPV50_Wp1000,SPRING,13,6.0,home,354490.2916666668,1041.9583333333333,262.49183062869685,104.99673225147875,7.5
VIPV50_Wp1000,SPRING,13,6.0,work,9583.625000000002,8305.916666666666,3959.776899271882,989.9442248179705,272.5
VIPV50_Wp1000,SPRING,13,6.0,public,64383.33333333333,4715.375,4812.537447459151,875.006808628936,175.0
VIPV50_Wp1000,SPRING,14,6.5,home,326740.2083333334,952.5833333333334,232.56267037398572,93.02506814959429,12.5
VIPV50_Wp1000,SPRING,14,6.5,work,20196.583333333314,17601.374999999996,8393.612556568893,2098.403139142223,395.0
VIPV50_Wp1000,SPRING,14,6.5,public,64804.16666666666,8742.416666666668,8368.297550640047,1521.5086455709168,205.0
VIPV50_Wp1000,SPRING,15,7.0,home,276621.1666666666,1141.7916666666665,410.61817238687337,109.49817930316622,17.5
VIPV50_Wp1000,SPRING,15,7.0,work,34479.666666666664,27672.250000000025,13523.67828080379,3380.9195702009474,715.0
VIPV50_Wp1000,SPRING,15,7.0,public,64299.791666666606,13391.749999999993,13640.402640578191,2480.073207377853,455.0
VIPV50_Wp1000,SPRING,16,7.5,home,215331.70833333343,1125.5416666666667,415.54758258864814,110.81268869030617,15.0
VIPV50_Wp1000,SPRING,16,7.5,work,59741.29166666665,46748.20833333334,22943.37199052783,5735.842997631958,757.5
VIPV50_Wp1000,SPRING,16,7.5,public,65704.95833333336,22329.958333333336,21977.201089477225,3995.8547435413066,550.0
VIPV50_Wp1000,SPRING,17,8.0,home,170778.45833333334,1335.3333333333333,550.1891910152822,137.54729775382054,27.5
VIPV50_Wp1000,SPRING,17,8.0,work,78280.83333333328,54093.75000000006,27454.071343775417,6863.517835943854,442.5
VIPV50_Wp1000,SPRING,17,8.0,public,69728.74999999999,28218.916666666657,27892.332864838292,5071.333248152409,452.5
VIPV50_Wp1000,SPRING,18,8.5,home,143825.1666666667,1788.1249999999998,706.2812237249659,176.57030593124148,82.5
VIPV50_Wp1000,SPRING,18,8.5,work,87394.49999999999,48988.04166666667,26183.76377904736,6545.94094476184,292.5
VIPV50_Wp1000,SPRING,18,8.5,public,72312.99999999999,25633.333333333332,26647.064079847918,4844.920741790525,382.5
VIPV50_Wp1000,SPRING,19,9.0,home,125235.16666666664,4568.416666666668,1832.5741804549111,458.1435451137278,140.0
VIPV50_Wp1000,SPRING,19,9.0,work,93522.66666666664,40710.583333333336,22448.492508772117,5612.123127193029,145.0
VIPV50_Wp1000,SPRING,19,9.0,public,71751.83333333334,21712.75000000002,23002.167046762454,4182.212190320438,300.0
VIPV50_Wp1000,SPRING,20,9.5,home,116706.50000000003,7968.708333333336,3237.204289500733,809.3010723751833,195.0
VIPV50_Wp1000,SPRING,20,9.5,work,96269.58333333334,30725.500000000004,17215.454685141867,4303.863671285467,122.5
VIPV50_Wp1000,SPRING,20,9.5,public,71628.12499999997,18102.749999999978,20302.664630481107,3691.3935691783827,377.5
VIPV50_Wp1000,SPRING,21,10.0,home,108991.0,13261.083333333336,3390.3750841579786,1356.1500336631905,265.0
VIPV50_Wp1000,SPRING,21,10.0,work,98250.25,21901.91666666668,12490.212995717426,3122.5532489293564,97.5
VIPV50_Wp1000,SPRING,21,10.0,public,72880.37499999996,19293.666666666668,21013.65240807034,3820.664074194606,407.5
VIPV50_Wp1000,SPRING,22,10.5,home,98048.12499999997,16897.375,4399.342307114167,1759.7369228456664,315.0
VIPV50_Wp1000,SPRING,22,10.5,work,99339.66666666664,15584.999999999998,8999.408512067499,2249.8521280168748,82.5
VIPV50_Wp1000,SPRING,22,10.5,public,74558.95833333337,23523.83333333334,25871.722809561194,4703.949601738397,507.5
VIPV50_Wp1000,SPRING,23,11.0,home,90016.79166666667,22721.625000000004,5962.946945087734,2385.178778035097,392.5
VIPV50_Wp1000,SPRING,23,11.0,work,99558.29166666672,11173.45833333333,6363.376587556895,1590.8441468892238,57.5
VIPV50_Wp1000,SPRING,23,11.0,public,76219.74999999997,25408.416666666653,27959.04686523699,5083.463066406723,550.0
VIPV50_Wp1000,SPRING,24,11.5,home,83674.33333333328,28798.29166666666,7662.783510547045,3065.113404218822,417.5
VIPV50_Wp1000,SPRING,24,11.5,work,99017.45833333331,8737.333333333334,4920.333056981668,1230.083264245417,85.0
VIPV50_Wp1000,SPRING,24,11.5,public,77030.45833333331,26238.666666666653,29904.661386673906,5437.211161213433,560.0
VIPV50_Wp1000,SPRING,25,12.0,home,83129.25000000004,36850.58333333335,6775.136178648141,3871.5063877989382,555.0
VIPV50_Wp1000,SPRING,25,12.0,work,99153.87500000001,8963.583333333332,4893.589418618653,1223.3973546546633,117.5
VIPV50_Wp1000,SPRING,25,12.0,public,78699.95833333331,27712.833333333354,31200.70138972978,5672.854798132684,597.5
VIPV50_Wp1000,SPRING,26,12.5,home,84646.58333333331,43877.958333333365,8101.653368348036,4629.516210484599,587.5
VIPV50_Wp1000,SPRING,26,12.5,work,99804.8333333333,9470.333333333336,5085.815941185545,1271.4539852963862,127.5
VIPV50_Wp1000,SPRING,26,12.5,public,79771.12499999996,29433.833333333314,33397.60333832698,6072.291516059451,570.0
VIPV50_Wp1000,SPRING,27,13.0,home,85881.70833333331,49609.20833333334,9140.47879075314,5223.1307375732285,632.5
VIPV50_Wp1000,SPRING,27,13.0,work,100841.79166666667,9684.708333333332,5081.99861446244,1270.49965361561,105.0
VIPV50_Wp1000,SPRING,27,13.0,public,81615.62499999997,30000.666666666675,34969.9976370215,6358.18138854937,542.5
VIPV50_Wp1000,SPRING,28,13.5,home,91277.75000000003,56339.50000000001,10256.651932391529,5860.943961366582,700.0
VIPV50_Wp1000,SPRING,28,13.5,work,101543.20833333336,9267.916666666664,5023.255200751383,1255.8138001878458,75.0
VIPV50_Wp1000,SPRING,28,13.5,public,81563.66666666666,28920.08333333331,34148.77731748067,6208.868603178305,455.0
VIPV50_Wp1000,SPRING,29,14.0,home,99118.08333333334,63130.12500000007,11244.152081192122,6425.22976068121,782.5
VIPV50_Wp1000,SPRING,29,14.0,work,100672.41666666666,7488.291666666666,4226.0800484657475,1056.5200121164369,55.0
VIPV50_Wp1000,SPRING,29,14.0,public,78158.45833333342,26839.24999999999,31653.980774128107,5755.269231659654,507.5
VIPV50_Wp1000,SPRING,30,14.5,home,108005.33333333336,68648.29166666664,12093.645681753569,6910.654675287744,737.5
VIPV50_Wp1000,SPRING,30,14.5,work,98673.91666666667,6284.666666666668,3682.7401388654334,920.6850347163584,22.5
VIPV50_Wp1000,SPRING,30,14.5,public,76928.45833333327,26424.374999999996,30735.52859006302,5588.277925466009,420.0
VIPV50_Wp1000,SPRING,31,15.0,home,119963.54166666669,76189.04166666666,13465.814547646714,7694.751170083834,787.5
VIPV50_Wp1000,SPRING,31,15.0,work,91819.25000000001,4496.791666666666,2692.9414833052006,673.2353708263001,10.0
VIPV50_Wp1000,SPRING,31,15.0,public,77378.41666666664,26279.291666666664,31852.002935431552,5791.273260987556,532.5
VIPV50_Wp1000,SPRING,32,15.5,home,136422.16666666674,85190.2083333334,14958.493606284268,8547.710632162445,992.5
VIPV50_Wp1000,SPRING,32,15.5,work,81260.20833333333,3472.2916666666674,2078.1391963195365,519.5347990798841,15.0
VIPV50_Wp1000,SPRING,32,15.5,public,75442.75000000007,27044.499999999993,33327.74527167649,6059.59004939572,532.5
VIPV50_Wp1000,SPRING,33,16.0,home,158040.91666666677,96883.45833333336,24063.10399460517,9625.241597842058,1052.5
VIPV50_Wp1000,SPRING,33,16.0,work,66128.58333333334,2735.2916666666674,1576.7768838885968,394.1942209721492,20.0
VIPV50_Wp1000,SPRING,33,16.0,public,75742.04166666664,29803.375000000033,35506.615952219174,6455.74835494894,555.0
VIPV50_Wp1000,SPRING,34,16.5,home,182345.6666666667,109475.12499999985,27027.105203677438,10810.842081470977,1207.5
VIPV50_Wp1000,SPRING,34,16.5,work,50959.000000000015,2302.5833333333335,1346.104457947452,336.526114486863,7.5
VIPV50_Wp1000,SPRING,34,16.5,public,76306.16666666667,31504.333333333325,36501.46228076604,6636.629505593828,555.0
VIPV50_Wp1000,SPRING,35,17.0,home,207948.62499999983,121403.50000000009,41833.892704141734,11952.54077261196,970.0
VIPV50_Wp1000,SPRING,35,17.0,work,36787.25,1547.6250000000002,864.417528624064,216.104382156016,15.0
VIPV50_Wp1000,SPRING,35,17.0,public,73280.6666666667,28882.708333333307,33355.02897784673,6064.550723244852,495.0
VIPV50_Wp1000,SPRING,36,17.5,home,227813.1666666667,123930.49999999994,43153.8171757639,12329.662050218254,900.0
VIPV50_Wp1000,SPRING,36,17.5,work,25349.125,1088.3750000000002,567.1102937315162,141.77757343287905,7.5
VIPV50_Wp1000,SPRING,36,17.5,public,69772.25000000004,24571.375000000004,29075.10385667821,5286.382519396039,410.0
VIPV50_Wp1000,SPRING,37,18.0,home,247270.4583333334,124498.79166666669,43592.7813994816,12455.080399851866,870.0
VIPV50_Wp1000,SPRING,37,18.0,work,17496.625,734.5000000000001,394.20052903592966,98.55013225898242,10.0
VIPV50_Wp1000,SPRING,37,18.0,public,65976.04166666669,21010.29166666666,24530.33363968583,4460.060661761062,337.5
VIPV50_Wp1000,SPRING,38,18.5,home,263170.7500000001,121912.45833333334,42698.68634899558,12199.624671141604,582.5
VIPV50_Wp1000,SPRING,38,18.5,work,11646.666666666664,495.70833333333337,239.13114826673677,59.78278706668419,2.5
VIPV50_Wp1000,SPRING,38,18.5,public,62686.70833333333,17158.33333333334,19954.10483681655,3628.0190612393744,257.5
VIPV50_Wp1000,SPRING,39,19.0,home,273993.37500000006,113852.00000000006,40157.16876927604,11473.476791221734,450.0
VIPV50_Wp1000,SPRING,39,19.0,work,7981.541666666667,445.1666666666667,199.17006533891507,49.79251633472877,5.0
VIPV50_Wp1000,SPRING,39,19.0,public,60452.54166666667,14017.624999999993,16694.76641354505,3035.41207519001,165.0
VIPV50_Wp1000,SPRING,40,19.5,home,286002.4999999999,105359.0833333334,37572.36003882078,10734.96001109165,442.5
VIPV50_Wp1000,SPRING,40,19.5,work,5797.416666666666,446.875,217.11741090496244,54.27935272624061,7.5
VIPV50_Wp1000,SPRING,40,19.5,public,57205.83333333333,10864.708333333332,12944.72457619872,2353.586286581583,150.0
VIPV50_Wp1000,SPRING,41,20.0,home,295591.5416666666,96285.49999999999,34575.90280762163,9878.829373606162,290.0
VIPV50_Wp1000,SPRING,41,20.0,work,3929.833333333333,330.74999999999994,187.26851630704104,46.81712907676026,0.0
VIPV50_Wp1000,SPRING,41,20.0,public,56664.62499999999,8869.583333333332,10570.613812949292,1921.929784172598,110.0
VIPV50_Wp1000,SPRING,42,20.5,home,302381.0416666666,85296.16666666676,30709.00302377504,8774.000863935726,277.5
VIPV50_Wp1000,SPRING,42,20.5,work,2508.291666666667,84.33333333333333,58.04519379535949,14.511298448839872,0.0
VIPV50_Wp1000,SPRING,42,20.5,public,55749.375,7572.999999999997,8919.43712160764,1621.7158402923005,80.0
VIPV50_Wp1000,SPRING,43,21.0,home,309813.6666666667,77078.83333333336,27831.89281971501,7951.969377061432,262.5
VIPV50_Wp1000,SPRING,43,21.0,work,1637.8333333333333,0.0,0.0,0.0,0.0
VIPV50_Wp1000,SPRING,43,21.0,public,54379.49999999999,5339.458333333333,6436.680773149818,1170.305595118149,55.0
VIPV50_Wp1000,SPRING,44,21.5,home,315958.2916666666,68890.49999999999,24938.71933216546,7125.348380618707,205.0
VIPV50_Wp1000,SPRING,44,21.5,work,1091.3333333333335,0.0,0.0,0.0,0.0
VIPV50_Wp1000,SPRING,44,21.5,public,53810.08333333334,4363.874999999999,4979.720616255451,905.4037484100824,45.0
VIPV50_Wp1000,SPRING,45,22.0,home,323401.66666666657,62248.50000000007,12978.23556715985,6489.117783579925,245.0
VIPV50_Wp1000,SPRING,45,22.0,work,710.7083333333334,0.0,0.0,0.0,0.0
VIPV50_Wp1000,SPRING,45,22.0,public,53384.08333333333,3748.5,4549.005361348087,827.0918838814706,32.5
VIPV50_Wp1000,SPRING,46,22.5,home,328739.4583333334,55452.625,11605.588401414781,5802.794200707391,130.0
VIPV50_Wp1000,SPRING,46,22.5,work,272.0,0.0,0.0,0.0,0.0
VIPV50_Wp1000,SPRING,46,22.5,public,53038.37499999999,3075.2083333333335,4033.2166532148212,733.3121187663307,12.5
VIPV50_Wp1000,SPRING,47,23.0,home,332385.8333333334,50379.124999999985,10585.63441834454,5292.81720917227,135.0
VIPV50_Wp1000,SPRING,47,23.0,work,92.625,0.0,0.0,0.0,0.0
VIPV50_Wp1000,SPRING,47,23.0,public,53006.208333333336,2524.958333333333,3237.65132230161,588.6638767821111,22.5
VIPV50_Wp1000,SPRING,48,23.5,home,337425.1666666666,46424.958333333336,9853.789836785663,4926.894918392832,165.0
VIPV50_Wp1000,SPRING,48,23.5,work,32.666666666666664,0.0,0.0,0.0,0.0
VIPV50_Wp1000,SPRING,48,23.5,public,53100.08333333333,1838.625,2468.260716323252,448.77467569513675,5.0
VIPV50_Wp1000,SUMMER,1,0.0,home,375063.375,112810.62499999997,22819.630944953726,11409.815472476863,422.5
VIPV50_Wp1000,SUMMER,1,0.0,work,0.0,0.0,0.0,0.0,0.0
VIPV50_Wp1000,SUMMER,1,0.0,public,64397.0,12551.791666666668,15643.990429243953,2844.3618962261726,70.0
VIPV50_Wp1000,SUMMER,2,0.5,home,382567.6666666667,105721.20833333339,21573.549086858744,10786.774543429372,207.5
VIPV50_Wp1000,SUMMER,2,0.5,work,20.041666666666668,20.041666666666668,2.2742316784869976,0.5685579196217494,2.5
VIPV50_Wp1000,SUMMER,2,0.5,public,66375.0,10130.375,12330.519557396688,2241.912646799397,60.0
VIPV50_Wp1000,SUMMER,3,1.0,home,385875.0,94320.91666666669,19392.565046778403,9696.282523389202,90.0
VIPV50_Wp1000,SUMMER,3,1.0,work,75.0,68.08333333333334,7.725768321513002,1.9314420803782506,0.0
VIPV50_Wp1000,SUMMER,3,1.0,public,67500.0,7158.041666666667,8900.415199479847,1618.2573089963362,32.5
VIPV50_Wp1000,SUMMER,4,1.5,home,387496.375,81010.99999999994,16804.054980833993,8402.027490416996,45.0
VIPV50_Wp1000,SUMMER,4,1.5,work,75.0,0.0,0.0,0.0,0.0
VIPV50_Wp1000,SUMMER,4,1.5,public,67800.0,4065.3333333333326,5214.699965458037,948.1272664469161,5.0
VIPV50_Wp1000,SUMMER,5,2.0,home,388237.5,66080.125,13809.97914693326,6904.98957346663,15.0
VIPV50_Wp1000,SUMMER,5,2.0,work,75.0,0.0,0.0,0.0,0.0
VIPV50_Wp1000,SUMMER,5,2.0,public,67950.0,2133.8750000000005,2729.658988532152,496.30163427857315,2.5
VIPV50_Wp1000,SUMMER,6,2.5,home,388312.5,49526.416666666664,10441.38851510276,5220.69425755138,2.5
VIPV50_Wp1000,SUMMER,6,2.5,work,75.0,0.0,0.0,0.0,0.0
VIPV50_Wp1000,SUMMER,6,2.5,public,67950.0,886.5833333333334,1128.234318037748,205.13351237049966,0.0
VIPV50_Wp1000,SUMMER,7,3.0,home,388350.0,34732.58333333334,7396.351731919736,3698.175865959868,0.0
VIPV50_Wp1000,SUMMER,7,3.0,work,75.0,0.0,0.0,0.0,0.0
VIPV50_Wp1000,SUMMER,7,3.0,public,67950.0,269.0,332.9375506047471,60.53410010995403,0.0
VIPV50_Wp1000,SUMMER,8,3.5,home,388347.4583333334,22136.16666666666,4740.308775332887,2370.1543876664437,0.0
VIPV50_Wp1000,SUMMER,8,3.5,work,75.0,0.0,0.0,0.0,0.0
VIPV50_Wp1000,SUMMER,8,3.5,public,67950.0,3.9166666666666665,4.705132872224245,0.8554787040407718,0.0
VIPV50_Wp1000,SUMMER,9,4.0,home,387824.83333333343,10401.124999999996,2238.9824852997767,1119.4912426498884,0.0
VIPV50_Wp1000,SUMMER,9,4.0,work,140.41666666666669,65.41666666666666,31.72446247918675,7.931115619796688,12.5
VIPV50_Wp1000,SUMMER,9,4.0,public,67983.45833333334,175.29166666666666,163.16094139452025,29.665625708094588,7.5
VIPV50_Wp1000,SUMMER,10,4.5,home,386202.9583333333,2512.791666666667,549.514389580537,274.7571947902685,0.0
VIPV50_Wp1000,SUMMER,10,4.5,work,788.7500000000001,683.8750000000001,287.28500028557477,71.82125007139369,32.5
VIPV50_Wp1000,SUMMER,10,4.5,public,67814.41666666667,301.58333333333337,422.5460337011002,76.82655158201823,15.0
VIPV50_Wp1000,SUMMER,11,5.0,home,381381.5833333333,810.0,219.23017342113502,87.69206936845401,5.0
VIPV50_Wp1000,SUMMER,11,5.0,work,2143.7916666666665,1882.875,788.9511055751335,197.23777639378338,70.0
VIPV50_Wp1000,SUMMER,11,5.0,public,66919.33333333331,599.8333333333334,629.9329574780076,114.53326499600139,22.5
VIPV50_Wp1000,SUMMER,12,5.5,home,373830.54166666657,744.0,184.7921597694093,73.91686390776371,7.5
VIPV50_Wp1000,SUMMER,12,5.5,work,4990.916666666666,4166.583333333335,1829.7137018710441,457.42842546776103,100.0
VIPV50_Wp1000,SUMMER,12,5.5,public,66391.25,1483.7499999999998,1425.1608104737998,259.1201473588728,57.5
VIPV50_Wp1000,SUMMER,13,6.0,home,354627.1666666667,582.625,142.6599306996563,57.06397227986252,7.5
VIPV50_Wp1000,SUMMER,13,6.0,work,9297.916666666664,7311.416666666664,3200.9374432338554,800.2343608084639,235.0
VIPV50_Wp1000,SUMMER,13,6.0,public,66134.87500000004,3923.0833333333344,3432.760820232377,624.1383309513412,167.5
VIPV50_Wp1000,SUMMER,14,6.5,home,324614.2083333334,525.5416666666667,135.84626484315362,54.33850593726143,5.0
VIPV50_Wp1000,SUMMER,14,6.5,work,19010.083333333332,14968.541666666664,6685.802614226901,1671.4506535567252,387.5
VIPV50_Wp1000,SUMMER,14,6.5,public,65258.624999999985,7476.125000000001,7132.857850633676,1296.8832455697602,195.0
VIPV50_Wp1000,SUMMER,15,7.0,home,272902.3750000002,823.4166666666666,216.0092917084649,86.40371668338598,25.0
VIPV50_Wp1000,SUMMER,15,7.0,work,32306.500000000004,24207.041666666664,11357.717412149268,2839.429353037317,642.5
VIPV50_Wp1000,SUMMER,15,7.0,public,64114.08333333333,12389.541666666668,11954.646988254215,2173.5721796825856,412.5
VIPV50_Wp1000,SUMMER,16,7.5,home,211510.8333333331,1538.7916666666665,384.65125659523846,153.86050263809543,30.0
VIPV50_Wp1000,SUMMER,16,7.5,work,54971.79166666664,40448.499999999985,19460.27749545806,4865.069373864515,705.0
VIPV50_Wp1000,SUMMER,16,7.5,public,64887.666666666635,20525.87499999998,19036.330049681874,3461.1509181239776,550.0
VIPV50_Wp1000,SUMMER,17,8.0,home,166183.7916666667,2118.0,624.1769862348942,217.1050386903979,55.0
VIPV50_Wp1000,SUMMER,17,8.0,work,73028.66666666663,48786.54166666665,24066.89342246758,6016.723355616895,477.5
VIPV50_Wp1000,SUMMER,17,8.0,public,69385.9166666667,27296.874999999993,26398.155859133156,4799.664701660579,520.0
VIPV50_Wp1000,SUMMER,18,8.5,home,140142.37500000006,2824.0416666666665,852.3784951352775,296.4794765687922,75.0
VIPV50_Wp1000,SUMMER,18,8.5,work,82158.54166666667,43788.458333333365,22616.62755234341,5654.156888085852,242.5
VIPV50_Wp1000,SUMMER,18,8.5,public,72304.91666666666,25757.833333333343,26632.836835206395,4842.333970037529,345.0
VIPV50_Wp1000,SUMMER,19,9.0,home,122456.2083333333,5458.833333333332,1594.3193520897148,554.5458615964226,157.5
VIPV50_Wp1000,SUMMER,19,9.0,work,87180.87500000003,34533.49999999999,18892.77172360626,4723.192930901565,132.5
VIPV50_Wp1000,SUMMER,19,9.0,public,73195.04166666673,23427.58333333334,25383.868201525176,4615.248763913669,362.5
VIPV50_Wp1000,SUMMER,20,9.5,home,114159.16666666669,9698.125,2891.402630795624,1005.7052628854341,217.5
VIPV50_Wp1000,SUMMER,20,9.5,work,90015.04166666666,25576.291666666664,14399.55981016049,3599.8899525401225,112.5
VIPV50_Wp1000,SUMMER,20,9.5,public,74790.375,21325.208333333332,23757.347900287372,4319.517800052243,385.0
VIPV50_Wp1000,SUMMER,21,10.0,home,106156.75,15385.499999999995,3618.347293347447,1608.1543525988666,330.0
VIPV50_Wp1000,SUMMER,21,10.0,work,90867.54166666667,18311.333333333336,10430.419488833124,2607.604872208281,85.0
VIPV50_Wp1000,SUMMER,21,10.0,public,75711.33333333334,20449.04166666667,22460.711019955725,4083.7656399919506,460.0
VIPV50_Wp1000,SUMMER,22,10.5,home,95764.74999999991,19773.958333333347,4647.629255350448,2065.613002377978,277.5
VIPV50_Wp1000,SUMMER,22,10.5,work,90906.75000000001,14124.124999999993,7929.65056156766,1982.412640391915,90.0
VIPV50_Wp1000,SUMMER,22,10.5,public,77622.4166666667,23973.458333333332,25846.89800605845,4699.436001101532,482.5
VIPV50_Wp1000,SUMMER,23,11.0,home,89620.37500000004,24583.458333333332,5798.455129058739,2577.0911684705507,442.5
VIPV50_Wp1000,SUMMER,23,11.0,work,91558.66666666669,10771.29166666667,5968.596828189317,1492.1492070473294,55.0
VIPV50_Wp1000,SUMMER,23,11.0,public,79299.12500000004,26165.541666666653,29933.169809776176,5442.394510868396,512.5
VIPV50_Wp1000,SUMMER,24,11.5,home,87305.49999999997,33174.124999999985,7849.958652249645,3488.8705121109565,512.5
VIPV50_Wp1000,SUMMER,24,11.5,work,90227.54166666667,8286.166666666666,4540.503811457551,1135.1259528643877,62.5
VIPV50_Wp1000,SUMMER,24,11.5,public,79850.70833333339,26625.20833333334,31010.057380206526,5638.192250946642,562.5
VIPV50_Wp1000,SUMMER,25,12.0,home,86253.12499999999,40458.5,9539.824319467802,4239.921919763462,545.0
VIPV50_Wp1000,SUMMER,25,12.0,work,89476.08333333331,7217.16666666667,3875.3145297141873,968.8286324285468,112.5
VIPV50_Wp1000,SUMMER,25,12.0,public,81752.04166666672,29478.91666666666,34450.680447884806,6263.7600814336,602.5
VIPV50_Wp1000,SUMMER,26,12.5,home,86711.66666666666,45585.16666666667,10760.013869646647,4782.228386509612,530.0
VIPV50_Wp1000,SUMMER,26,12.5,work,90418.95833333334,8146.416666666665,4223.102115544832,1055.775528886208,120.0
VIPV50_Wp1000,SUMMER,26,12.5,public,78786.00000000003,28751.66666666666,33734.102664517326,6133.473211730432,527.5
VIPV50_Wp1000,SUMMER,27,13.0,home,85840.66666666663,48164.58333333329,11429.161251929003,5079.62722307955,555.0
VIPV50_Wp1000,SUMMER,27,13.0,work,90973.49999999999,8700.249999999998,4422.851182952945,1105.7127957382363,102.5
VIPV50_Wp1000,SUMMER,27,13.0,public,78487.16666666669,29019.499999999996,34805.80283663299,6328.327788478724,510.0
VIPV50_Wp1000,SUMMER,28,13.5,home,88728.29166666669,52491.87499999999,12289.476147411082,5461.989398849361,617.5
VIPV50_Wp1000,SUMMER,28,13.5,work,91530.74999999996,8339.666666666666,4441.543947290987,1110.3859868227466,57.5
VIPV50_Wp1000,SUMMER,28,13.5,public,77209.66666666667,28062.37500000002,33722.40353794108,6131.346097807471,467.5
VIPV50_Wp1000,SUMMER,29,14.0,home,98185.91666666663,61502.7916666667,14209.590881815097,6315.373725251162,812.5
VIPV50_Wp1000,SUMMER,29,14.0,work,90496.75,7484.000000000001,4078.7841775841475,1019.6960443960369,57.5
VIPV50_Wp1000,SUMMER,29,14.0,public,76176.70833333336,27778.916666666642,33113.728549570515,6020.677918103729,572.5
VIPV50_Wp1000,SUMMER,30,14.5,home,106541.33333333328,67423.0833333333,15451.505561613363,6867.335805161503,667.5
VIPV50_Wp1000,SUMMER,30,14.5,work,88984.625,5951.541666666668,3362.6847757681494,840.6711939420373,20.0
VIPV50_Wp1000,SUMMER,30,14.5,public,75450.16666666661,26997.29166666669,32146.172640846304,5844.7586619720505,435.0
VIPV50_Wp1000,SUMMER,31,15.0,home,116847.62500000001,74163.58333333333,16944.762470297206,7531.005542354326,837.5
VIPV50_Wp1000,SUMMER,31,15.0,work,82900.20833333336,3770.4166666666665,2247.4313175631223,561.8578293907806,5.0
VIPV50_Wp1000,SUMMER,31,15.0,public,75327.99999999996,26359.041666666668,32901.14441330528,5982.026256964597,517.5
VIPV50_Wp1000,SUMMER,32,15.5,home,133802.9166666666,85343.99999999994,19517.454977693127,8674.424434530269,1017.5
VIPV50_Wp1000,SUMMER,32,15.5,work,72085.16666666666,2685.3333333333335,1655.671970859076,413.917992714769,15.0
VIPV50_Wp1000,SUMMER,32,15.5,public,72503.37500000003,26160.541666666675,31631.529235136823,5751.18713366124,490.0
VIPV50_Wp1000,SUMMER,33,16.0,home,154838.16666666645,98056.25000000003,22211.847860914448,9871.932382628662,1047.5
VIPV50_Wp1000,SUMMER,33,16.0,work,59929.74999999999,2261.1250000000005,1401.0902682225424,350.2725670556356,27.5
VIPV50_Wp1000,SUMMER,33,16.0,public,70795.24999999997,26050.37499999999,30461.030764240182,5538.369229861856,497.5
VIPV50_Wp1000,SUMMER,34,16.5,home,180612.25000000003,111886.125,25215.200801655752,11206.755911847,1262.5
VIPV50_Wp1000,SUMMER,34,16.5,work,45629.95833333334,1669.541666666667,1001.2720937625402,250.31802344063505,5.0
VIPV50_Wp1000,SUMMER,34,16.5,public,70370.83333333331,26612.666666666675,31148.004969763577,5663.273630866106,515.0
VIPV50_Wp1000,SUMMER,35,17.0,home,206041.5416666666,124708.95833333343,37197.52110772112,12399.17370257371,1032.5
VIPV50_Wp1000,SUMMER,35,17.0,work,32627.541666666668,1386.5416666666665,853.98963557391,213.4974088934775,12.5
VIPV50_Wp1000,SUMMER,35,17.0,public,68534.16666666669,26476.29166666666,32045.96129640638,5826.538417528434,510.0
VIPV50_Wp1000,SUMMER,36,17.5,home,228336.9166666668,130609.37499999993,39176.709307112396,13058.903102370838,1002.5
VIPV50_Wp1000,SUMMER,36,17.5,work,22768.375000000007,845.0833333333333,545.6286510088263,136.40716275220657,0.0
VIPV50_Wp1000,SUMMER,36,17.5,public,66521.12499999999,25651.958333333318,29960.58151705483,5447.378457646334,407.5
VIPV50_Wp1000,SUMMER,37,18.0,home,250032.00000000012,133436.91666666654,40284.78167774389,13428.26055924803,1010.0
VIPV50_Wp1000,SUMMER,37,18.0,work,14406.291666666666,615.6666666666666,365.4586532358097,91.36466330895243,12.5
VIPV50_Wp1000,SUMMER,37,18.0,public,65652.20833333333,24755.250000000004,27931.17269166269,5078.39503484776,362.5
VIPV50_Wp1000,SUMMER,38,18.5,home,268395.7083333332,134894.2916666668,40941.32490469565,13647.10830156523,700.0
VIPV50_Wp1000,SUMMER,38,18.5,work,10264.083333333336,643.2083333333333,359.8553184175893,89.96382960439732,5.0
VIPV50_Wp1000,SUMMER,38,18.5,public,66160.00000000004,21470.666666666668,24893.192710804364,4526.035038328067,305.0
VIPV50_Wp1000,SUMMER,39,19.0,home,281989.5416666668,128329.87499999996,39178.62479150761,13059.541597169215,570.0
VIPV50_Wp1000,SUMMER,39,19.0,work,7054.625,496.66666666666663,263.1853873348982,65.79634683372456,7.5
VIPV50_Wp1000,SUMMER,39,19.0,public,64070.333333333365,16807.583333333336,19802.565432323376,3600.4664422406154,172.5
VIPV50_Wp1000,SUMMER,40,19.5,home,295586.4166666667,121774.83333333321,37190.77151666959,12396.923838889848,497.5
VIPV50_Wp1000,SUMMER,40,19.5,work,5188.625000000001,486.2916666666667,269.5902632025462,67.39756580063656,2.5
VIPV50_Wp1000,SUMMER,40,19.5,public,63261.20833333332,14013.333333333332,16715.435326185772,3039.170059306505,195.0
VIPV50_Wp1000,SUMMER,41,20.0,home,306478.16666666674,113118.9583333333,28855.877140441957,11542.350856176805,342.5
VIPV50_Wp1000,SUMMER,41,20.0,work,3793.7916666666656,368.87500000000006,218.72084690668342,54.680211726670855,0.0
VIPV50_Wp1000,SUMMER,41,20.0,public,62805.08333333331,11786.041666666668,13898.401048732016,2526.982008860365,120.0
VIPV50_Wp1000,SUMMER,42,20.5,home,314061.1250000001,101120.1666666667,25940.03641697475,10376.01456678993,272.5
VIPV50_Wp1000,SUMMER,42,20.5,work,2342.25,172.45833333333334,107.51866086696398,26.879665216740996,0.0
VIPV50_Wp1000,SUMMER,42,20.5,public,61803.41666666665,9151.625,11217.70246869734,2039.5822670358805,87.5
VIPV50_Wp1000,SUMMER,43,21.0,home,321085.12499999994,87961.41666666669,22688.16978125548,9075.267912502199,260.0
VIPV50_Wp1000,SUMMER,43,21.0,work,1424.4166666666667,54.083333333333336,38.87377028583558,9.718442571458896,0.0
VIPV50_Wp1000,SUMMER,43,21.0,public,59696.708333333336,6344.124999999999,7953.558067099271,1446.1014667453219,60.0
VIPV50_Wp1000,SUMMER,44,21.5,home,327416.7916666666,76785.49999999997,19842.61363290304,7937.045453161223,232.5
VIPV50_Wp1000,SUMMER,44,21.5,work,1033.3333333333335,62.375,15.116122517670817,3.7790306294177043,2.5
VIPV50_Wp1000,SUMMER,44,21.5,public,58752.041666666664,5095.625,6451.597371102021,1173.017703836731,50.0
VIPV50_Wp1000,SUMMER,45,22.0,home,351053.2083333334,84742.83333333331,17397.056201814972,8698.528100907486,1052.5
VIPV50_Wp1000,SUMMER,45,22.0,work,661.6666666666666,61.416666666666664,14.883877482329183,3.7209693705822957,0.0
VIPV50_Wp1000,SUMMER,45,22.0,public,60934.95833333333,6470.25,7673.372624737597,1395.1586590431991,147.5
VIPV50_Wp1000,SUMMER,46,22.5,home,389955.16666666657,108531.7499999999,21896.539210000286,10948.26960500014,1227.5
VIPV50_Wp1000,SUMMER,46,22.5,work,287.0,0.0,0.0,0.0,0.0
VIPV50_Wp1000,SUMMER,46,22.5,public,66723.875,11501.416666666668,13222.545371038208,2404.099158370585,227.5
VIPV50_Wp1000,SUMMER,47,23.0,home,424882.7499999999,128519.33333333333,25718.95410759749,12859.477053798744,1122.5
VIPV50_Wp1000,SUMMER,47,23.0,work,139.70833333333331,0.0,0.0,0.0,0.0
VIPV50_Wp1000,SUMMER,47,23.0,public,72139.91666666666,15126.916666666668,17410.196878558105,3165.4903415560193,187.5
VIPV50_Wp1000,SUMMER,48,23.5,home,452793.1666666667,139929.5,28071.59287781671,14035.796438908352,877.5
VIPV50_Wp1000,SUMMER,48,23.5,work,58.95833333333333,0.0,0.0,0.0,0.0
VIPV50_Wp1000,SUMMER,48,23.5,public,77432.58333333334,17458.416666666664,20834.95236612006,3788.1731574763726,182.5
VIPV50_Wp1000,AUTUMN,1,0.0,home,353374.0,74051.83333333336,11319.435634862464,7546.290423241637,1920.0
VIPV50_Wp1000,AUTUMN,1,0.0,work,50.583333333333336,50.583333333333336,24.25375015986678,6.063437539966695,5.0
VIPV50_Wp1000,AUTUMN,1,0.0,public,57562.5,7126.583333333334,8206.154256568587,1492.0280466488334,300.0
VIPV50_Wp1000,AUTUMN,2,0.5,home,406197.3333333333,118998.29166666667,17703.524971454535,11802.3499809697,1505.0
VIPV50_Wp1000,AUTUMN,2,0.5,work,201.58333333333334,201.58333333333334,78.18900634117176,19.54725158529294,5.0
VIPV50_Wp1000,AUTUMN,2,0.5,public,66712.5,15768.833333333332,17945.046997239468,3262.7358176799025,280.0
VIPV50_Wp1000,AUTUMN,3,1.0,home,431587.5,134301.62499999997,19999.14172947379,13332.761152982514,625.0
VIPV50_Wp1000,AUTUMN,3,1.0,work,300.0,249.25000000000003,79.50751217454885,19.876878043637213,0.0
VIPV50_Wp1000,AUTUMN,3,1.0,public,71362.5,18338.708333333336,21699.255092981148,3945.319107814759,112.5
VIPV50_Wp1000,AUTUMN,4,1.5,home,440475.0,128446.50000000016,19413.999802173686,12942.666534782447,235.0
VIPV50_Wp1000,AUTUMN,4,1.5,work,300.0,75.0,43.62027183647666,10.905067959119165,0.0
VIPV50_Wp1000,AUTUMN,4,1.5,public,73629.45833333333,16149.916666666668,20004.10886486615,3637.1107027029393,67.5
VIPV50_Wp1000,AUTUMN,5,2.0,home,443400.0,116193.91666666674,17815.643989819662,11877.095993213103,65.0
VIPV50_Wp1000,AUTUMN,5,2.0,work,300.0,75.0,43.62027183647666,10.905067959119165,0.0
VIPV50_Wp1000,AUTUMN,5,2.0,public,74550.0,11279.875,14264.80843253098,2593.6015331874514,22.5
VIPV50_Wp1000,AUTUMN,6,2.5,home,444300.0,102428.08333333334,15898.351878100002,10598.901252066677,20.0
VIPV50_Wp1000,AUTUMN,6,2.5,work,300.0,70.16666666666667,40.809187651459276,10.202296912864819,0.0
VIPV50_Wp1000,AUTUMN,6,2.5,public,74850.0,5047.458333333334,6425.600374070449,1168.290977103718,7.5
VIPV50_Wp1000,AUTUMN,7,3.0,home,444366.7916666667,86481.58333333331,13569.29927283225,9046.1995152215,0.0
VIPV50_Wp1000,AUTUMN,7,3.0,work,300.0,0.0,0.0,0.0,0.0
VIPV50_Wp1000,AUTUMN,7,3.0,public,74823.95833333333,2049.7916666666665,2702.5552646401525,491.3736844800277,0.0
VIPV50_Wp1000,AUTUMN,8,3.5,home,444257.3333333334,68232.95833333328,10813.930061575771,7209.286707717177,0.0
VIPV50_Wp1000,AUTUMN,8,3.5,work,300.0,0.0,0.0,0.0,0.0
VIPV50_Wp1000,AUTUMN,8,3.5,public,74775.0,610.9583333333333,830.1667618358096,150.93941124287448,0.0
VIPV50_Wp1000,AUTUMN,9,4.0,home,443383.0416666666,49412.87499999997,7904.384356400721,5269.589570933812,0.0
VIPV50_Wp1000,AUTUMN,9,4.0,work,300.0,0.0,0.0,0.0,0.0
VIPV50_Wp1000,AUTUMN,9,4.0,public,74693.58333333334,174.0,161.00223192173544,29.273133076679176,7.5
VIPV50_Wp1000,AUTUMN,10,4.5,home,441291.62500000006,33607.208333333336,5422.2268083631025,3614.817872242072,0.0
VIPV50_Wp1000,AUTUMN,10,4.5,work,713.4583333333334,444.58333333333337,149.86933898152665,37.46733474538166,35.0
VIPV50_Wp1000,AUTUMN,10,4.5,public,74520.20833333333,324.9583333333333,303.6396178244249,55.20720324080452,12.5
VIPV50_Wp1000,AUTUMN,11,5.0,home,436041.1666666666,18221.291666666668,2953.577880175891,1969.05192011726,7.5
VIPV50_Wp1000,AUTUMN,11,5.0,work,2246.333333333333,1888.4999999999995,810.8561285401634,202.71403213504084,97.5
VIPV50_Wp1000,AUTUMN,11,5.0,public,73926.41666666667,745.9583333333333,693.2205922954631,126.0401076900842,40.0
VIPV50_Wp1000,AUTUMN,12,5.5,home,426706.70833333343,3247.291666666668,521.1880743295426,347.45871621969513,10.0
VIPV50_Wp1000,AUTUMN,12,5.5,work,5828.125000000001,4959.416666666667,2227.9642364202928,556.9910591050732,112.5
VIPV50_Wp1000,AUTUMN,12,5.5,public,73422.79166666667,1839.8749999999998,1691.2068348303615,307.4921517873384,80.0
VIPV50_Wp1000,AUTUMN,13,6.0,home,405323.8333333335,685.0833333333334,170.33950198884406,68.13580079553762,2.5
VIPV50_Wp1000,AUTUMN,13,6.0,work,10176.041666666662,8313.625,3704.1756545157236,926.0439136289309,242.5
VIPV50_Wp1000,AUTUMN,13,6.0,public,74026.79166666666,5208.95833333333,4729.059711845204,859.8290385173101,197.5
VIPV50_Wp1000,AUTUMN,14,6.5,home,372379.6666666669,866.9583333333333,203.0275290362756,81.21101161451024,12.5
VIPV50_Wp1000,AUTUMN,14,6.5,work,19472.458333333336,15455.916666666668,6773.77675323338,1693.444188308345,335.0
VIPV50_Wp1000,AUTUMN,14,6.5,public,73401.62500000001,9660.999999999996,8536.511167774555,1552.092939595373,267.5
VIPV50_Wp1000,AUTUMN,15,7.0,home,314204.0833333333,1250.875,272.98866685675733,109.19546674270296,37.5
VIPV50_Wp1000,AUTUMN,15,7.0,work,32135.33333333333,23327.875,10660.277291874096,2665.069322968524,642.5
VIPV50_Wp1000,AUTUMN,15,7.0,public,73812.70833333334,15899.916666666668,14322.670499613745,2604.1219090206796,492.5
VIPV50_Wp1000,AUTUMN,16,7.5,home,244746.9999999999,2145.041666666667,476.9266653565928,190.77066614263708,32.5
VIPV50_Wp1000,AUTUMN,16,7.5,work,53642.66666666667,38132.74999999998,17905.295028228156,4476.323757057039,665.0
VIPV50_Wp1000,AUTUMN,16,7.5,public,74283.49999999997,24620.958333333314,22095.2871194543,4017.3249308098752,590.0
VIPV50_Wp1000,AUTUMN,17,8.0,home,193175.62499999985,2622.041666666667,1083.7926916829572,270.9481729207393,52.5
VIPV50_Wp1000,AUTUMN,17,8.0,work,71571.08333333327,45821.875000000065,22099.689715099987,5524.922428774997,462.5
VIPV50_Wp1000,AUTUMN,17,8.0,public,78416.70833333333,28360.083333333332,26577.333200355268,4832.242400064588,475.0
VIPV50_Wp1000,AUTUMN,18,8.5,home,161734.79166666666,3006.666666666666,1258.894183508607,314.72354587715176,92.5
VIPV50_Wp1000,AUTUMN,18,8.5,work,80831.00000000001,41396.62499999998,21109.0633591446,5277.26583978615,210.0
VIPV50_Wp1000,AUTUMN,18,8.5,public,81747.54166666664,26920.125,27665.09358403175,5030.017015278495,435.0
VIPV50_Wp1000,AUTUMN,19,9.0,home,139742.875,5300.958333333334,2152.0008790988522,538.0002197747131,125.0
VIPV50_Wp1000,AUTUMN,19,9.0,work,85428.54166666669,32226.208333333325,17468.430607100316,4367.107651775079,130.0
VIPV50_Wp1000,AUTUMN,19,9.0,public,82952.70833333336,24726.208333333365,25823.764613370266,4695.229929703682,367.5
VIPV50_Wp1000,AUTUMN,20,9.5,home,129233.83333333334,8271.541666666666,3362.902050195254,840.7255125488135,175.0
VIPV50_Wp1000,AUTUMN,20,9.5,work,87885.87500000003,24132.458333333358,13420.47464540934,3355.118661352335,90.0
VIPV50_Wp1000,AUTUMN,20,9.5,public,80699.45833333333,21200.33333333333,22337.507185062033,4061.364942738547,425.0
VIPV50_Wp1000,AUTUMN,21,10.0,home,116941.16666666669,11917.041666666668,4982.8892108575355,1245.7223027143839,235.0
VIPV50_Wp1000,AUTUMN,21,10.0,work,88355.37499999999,16459.625000000007,9343.517433913466,2335.8793584783666,100.0
VIPV50_Wp1000,AUTUMN,21,10.0,public,82380.41666666664,21909.124999999993,23061.47874736231,4192.996135884053,487.5
VIPV50_Wp1000,AUTUMN,22,10.5,home,103107.70833333334,15326.54166666667,6442.936620911921,1610.7341552279802,267.5
VIPV50_Wp1000,AUTUMN,22,10.5,work,89062.875,13579.875,7613.931585232853,1903.4828963082132,122.5
VIPV50_Wp1000,AUTUMN,22,10.5,public,83586.37499999999,24920.24999999999,26965.389517314823,4902.79809405725,520.0
VIPV50_Wp1000,AUTUMN,23,11.0,home,94862.08333333342,22387.666666666668,5217.029170023339,2318.679631121485,437.5
VIPV50_Wp1000,AUTUMN,23,11.0,work,89374.04166666667,11077.749999999998,6115.500944649194,1528.8752361622985,57.5
VIPV50_Wp1000,AUTUMN,23,11.0,public,85407.37500000004,27451.083333333336,30171.50787598904,5485.72870472528,607.5
VIPV50_Wp1000,AUTUMN,24,11.5,home,91521.62499999999,31882.91666666668,7446.788262933322,3309.6836724148166,552.5
VIPV50_Wp1000,AUTUMN,24,11.5,work,88441.58333333333,8796.625,4729.69788218072,1182.42447054518,90.0
VIPV50_Wp1000,AUTUMN,24,11.5,public,86058.33333333339,28756.37499999999,32005.548291314975,5819.1905984209,597.5
VIPV50_Wp1000,AUTUMN,25,12.0,home,90840.95833333337,39909.3333333333,9331.63993740154,4147.395527734018,572.5
VIPV50_Wp1000,AUTUMN,25,12.0,work,87615.54166666664,8414.666666666668,4382.2860438385305,1095.5715109596326,90.0
VIPV50_Wp1000,AUTUMN,25,12.0,public,86232.20833333333,29757.54166666665,33320.91202538991,6058.347640979987,582.5
VIPV50_Wp1000,AUTUMN,26,12.5,home,90588.29166666666,45862.29166666667,10668.016721772585,4741.34076523227,555.0
VIPV50_Wp1000,AUTUMN,26,12.5,work,88310.45833333336,8447.5,4362.735891713895,1090.6839729284738,127.5
VIPV50_Wp1000,AUTUMN,26,12.5,public,84830.74999999999,29913.99999999999,33893.00732825061,6162.364968772841,630.0
VIPV50_Wp1000,AUTUMN,27,13.0,home,88027.54166666672,48690.37499999996,11308.636086095521,5026.060482709126,602.5
VIPV50_Wp1000,AUTUMN,27,13.0,work,89602.29166666669,9449.499999999995,4889.072004768483,1222.2680011921207,97.5
VIPV50_Wp1000,AUTUMN,27,13.0,public,86814.20833333337,32462.95833333333,36720.57878606827,6676.468870194216,557.5
VIPV50_Wp1000,AUTUMN,28,13.5,home,91971.33333333328,54337.41666666663,12620.42248111014,5609.076658271172,622.5
VIPV50_Wp1000,AUTUMN,28,13.5,work,89829.08333333333,8314.708333333334,4498.9838591988355,1124.7459647997089,52.5
VIPV50_Wp1000,AUTUMN,28,13.5,public,86977.41666666669,30932.083333333358,35658.1766612634,6483.304847502449,550.0
VIPV50_Wp1000,AUTUMN,29,14.0,home,99996.70833333328,62884.41666666666,14456.662795009162,6425.183464448511,775.0
VIPV50_Wp1000,AUTUMN,29,14.0,work,88616.66666666666,7547.999999999998,4192.164806087802,1048.0412015219506,72.5
VIPV50_Wp1000,AUTUMN,29,14.0,public,83141.29166666669,28512.91666666666,32883.2071381275,5978.76493420501,535.0
VIPV50_Wp1000,AUTUMN,30,14.5,home,108712.70833333331,69693.20833333337,15787.443907106384,7016.641736491742,790.0
VIPV50_Wp1000,AUTUMN,30,14.5,work,86784.08333333334,6715.541666666666,3686.4579052608206,921.6144763152051,27.5
VIPV50_Wp1000,AUTUMN,30,14.5,public,80829.33333333333,27483.416666666682,32046.147649451344,5826.572299900237,450.0
VIPV50_Wp1000,AUTUMN,31,15.0,home,121565.37500000007,78122.83333333334,19517.88622104732,7807.154488418938,765.0
VIPV50_Wp1000,AUTUMN,31,15.0,work,81572.54166666669,4796.5,2711.295552749854,677.8238881874635,20.0
VIPV50_Wp1000,AUTUMN,31,15.0,public,79403.91666666664,26203.5,30688.656337708246,5579.755697765139,462.5
VIPV50_Wp1000,AUTUMN,32,15.5,home,137975.79166666672,87770.37500000006,22027.027141872113,8810.810856748854,1070.0
VIPV50_Wp1000,AUTUMN,32,15.5,work,72749.41666666669,3158.4583333333335,1818.6044235068312,454.6511058767078,17.5
VIPV50_Wp1000,AUTUMN,32,15.5,public,76793.62500000001,25780.000000000007,30075.166778830004,5468.21214160546,530.0
VIPV50_Wp1000,AUTUMN,33,16.0,home,163611.37500000017,103929.04166666664,26000.733618887876,10400.293447555174,1177.5
VIPV50_Wp1000,AUTUMN,33,16.0,work,59274.375,2364.5,1336.4383763010487,334.1095940752622,15.0
VIPV50_Wp1000,AUTUMN,33,16.0,public,77303.95833333328,30109.416666666664,34410.256015172214,6256.410184576758,672.5
VIPV50_Wp1000,AUTUMN,34,16.5,home,194577.0833333334,123174.83333333321,30747.131608437554,12298.852643375036,1412.5
VIPV50_Wp1000,AUTUMN,34,16.5,work,46216.208333333336,1846.2083333333337,1079.077064989852,269.769266247463,15.0
VIPV50_Wp1000,AUTUMN,34,16.5,public,79974.49999999996,34335.58333333336,39690.44491031784,7216.444529148698,580.0
VIPV50_Wp1000,AUTUMN,35,17.0,home,226486.33333333317,141811.91666666672,35152.423921728456,14060.969568691395,1250.0
VIPV50_Wp1000,AUTUMN,35,17.0,work,31939.58333333335,1514.2083333333337,872.0774649459382,218.01936623648456,10.0
VIPV50_Wp1000,AUTUMN,35,17.0,public,77151.12500000004,30955.791666666664,36112.180680366015,6565.851032793834,507.5
VIPV50_Wp1000,AUTUMN,36,17.5,home,253018.9583333333,151239.9166666666,37785.289593904956,15114.11583756199,1080.0
VIPV50_Wp1000,AUTUMN,36,17.5,work,21165.125,885.0000000000001,530.4846101923462,132.62115254808654,5.0
VIPV50_Wp1000,AUTUMN,36,17.5,public,74930.5,27987.833333333318,32715.383377466267,5948.251523175681,467.5
VIPV50_Wp1000,AUTUMN,37,18.0,home,278863.91666666674,158127.24999999994,39769.62238898852,15907.848955595417,1142.5
VIPV50_Wp1000,AUTUMN,37,18.0,work,14513.5,652.2916666666667,388.6012273558328,97.1503068389582,7.5
VIPV50_Wp1000,AUTUMN,37,18.0,public,73451.25,27533.624999999993,32996.60789172509,5999.383253040921,407.5
VIPV50_Wp1000,AUTUMN,38,18.5,home,301001.5416666665,161205.58333333337,40582.20945252007,16232.883781008004,740.0
VIPV50_Wp1000,AUTUMN,38,18.5,work,11032.874999999998,640.0833333333333,402.52885844341023,100.63221461085256,5.0
VIPV50_Wp1000,AUTUMN,38,18.5,public,71475.37500000004,24586.291666666664,29286.54637054285,5324.826612825966,332.5
VIPV50_Wp1000,AUTUMN,39,19.0,home,315807.3333333334,153475.2083333333,38786.535660893634,15514.614264357415,632.5
VIPV50_Wp1000,AUTUMN,39,19.0,work,8135.416666666666,547.75,336.2638610322135,84.06596525805338,2.5
VIPV50_Wp1000,AUTUMN,39,19.0,public,70957.08333333334,22005.24999999999,26318.541848815177,4785.189427057314,235.0
VIPV50_Wp1000,AUTUMN,40,19.5,home,331512.20833333343,143953.70833333326,36655.918257475474,14662.367302990173,557.5
VIPV50_Wp1000,AUTUMN,40,19.5,work,6353.458333333333,258.3333333333333,158.21558586468046,39.553896466170116,2.5
VIPV50_Wp1000,AUTUMN,40,19.5,public,68817.75000000001,17064.83333333334,20751.293430012258,3772.962441820407,207.5
VIPV50_Wp1000,AUTUMN,41,20.0,home,343352.24999999994,130849.87499999996,33504.250111261004,13401.700044504412,392.5
VIPV50_Wp1000,AUTUMN,41,20.0,work,4568.458333333333,225.0,143.51613614848077,35.87903403712019,0.0
VIPV50_Wp1000,AUTUMN,41,20.0,public,67891.33333333331,13462.624999999995,16394.106239089637,2980.7465889253876,102.5
VIPV50_Wp1000,AUTUMN,42,20.5,home,352122.6666666666,117473.4166666667,30155.399932666296,12062.159973066498,327.5
VIPV50_Wp1000,AUTUMN,42,20.5,work,2845.666666666666,192.375,125.52647503417865,31.38161875854466,0.0
VIPV50_Wp1000,AUTUMN,42,20.5,public,66822.08333333331,10331.916666666672,12067.761690592988,2194.1384891987245,115.0
VIPV50_Wp1000,AUTUMN,43,21.0,home,360223.5416666667,103269.79166666666,21314.551695425285,10657.27584771264,267.5
VIPV50_Wp1000,AUTUMN,43,21.0,work,1788.75,45.833333333333336,31.91430828411709,7.978577071029273,2.5
VIPV50_Wp1000,AUTUMN,43,21.0,public,66072.45833333333,8050.875000000003,9123.784554523976,1658.869919004358,67.5
VIPV50_Wp1000,AUTUMN,44,21.5,home,367404.0833333335,90979.6666666668,18855.55919071606,9427.77959535803,282.5
VIPV50_Wp1000,AUTUMN,44,21.5,work,1287.25,15.541666666666668,11.234939759036145,2.808734939759036,0.0
VIPV50_Wp1000,AUTUMN,44,21.5,public,65147.74999999999,5128.791666666667,6301.758243534025,1145.7742260970956,42.5
VIPV50_Wp1000,AUTUMN,45,22.0,home,375657.1666666666,79060.12499999997,16434.675664871036,8217.337832435518,232.5
VIPV50_Wp1000,AUTUMN,45,22.0,work,737.75,0.0,0.0,0.0,0.0
VIPV50_Wp1000,AUTUMN,45,22.0,public,64918.25,4167.375,5296.813117381339,963.0569304329707,25.0
VIPV50_Wp1000,AUTUMN,46,22.5,home,381529.16666666645,66200.79166666674,13820.676960831725,6910.338480415862,150.0
VIPV50_Wp1000,AUTUMN,46,22.5,work,279.125,0.0,0.0,0.0,0.0
VIPV50_Wp1000,AUTUMN,46,22.5,public,64465.62499999999,3314.291666666665,4232.848735496554,769.6088609993736,17.5
VIPV50_Wp1000,AUTUMN,47,23.0,home,385352.2916666666,56630.25000000001,11912.220922185339,5956.1104610926695,152.5
VIPV50_Wp1000,AUTUMN,47,23.0,work,17.625,0.0,0.0,0.0,0.0
VIPV50_Wp1000,AUTUMN,47,23.0,public,64489.12500000001,2605.625,3387.5693200714054,615.9216945584375,27.5
VIPV50_Wp1000,AUTUMN,48,23.5,home,390551.0,50129.91666666665,10617.726835181278,5308.863417590639,160.0
VIPV50_Wp1000,AUTUMN,48,23.5,work,0.0,0.0,0.0,0.0,0.0
VIPV50_Wp1000,AUTUMN,48,23.5,public,64588.29166666667,1879.3333333333335,2474.860755727261,449.9746828595019,5.0
VIPV50_Wp1000,WINTER,1,0.0,home,416892.25,128779.08333333334,26122.227173633353,13061.113586816677,520.0
VIPV50_Wp1000,WINTER,1,0.0,work,25.291666666666668,25.291666666666668,13.647665652691444,3.411916413172861,2.5
VIPV50_Wp1000,WINTER,1,0.0,public,71522.0,15479.249999999996,18590.243519926633,3380.0442763502983,102.5
VIPV50_Wp1000,WINTER,2,0.5,home,426377.7916666666,122450.45833333334,24963.940917466756,12481.970458733378,257.5
VIPV50_Wp1000,WINTER,2,0.5,work,75.0,75.0,40.470837190847774,10.117709297711944,0.0
VIPV50_Wp1000,WINTER,2,0.5,public,73912.5,12276.583333333336,15036.694569025942,2733.9444670956277,77.5
VIPV50_Wp1000,WINTER,3,1.0,home,430687.5,109272.49999999999,22496.485646466805,11248.242823233402,107.5
VIPV50_Wp1000,WINTER,3,1.0,work,75.0,75.0,40.470837190847774,10.117709297711944,0.0
VIPV50_Wp1000,WINTER,3,1.0,public,75150.0,8499.75,10811.601475945841,1965.7457228992444,27.5
VIPV50_Wp1000,WINTER,4,1.5,home,432600.0,93487.50000000001,19420.23123189096,9710.11561594548,57.5
VIPV50_Wp1000,WINTER,4,1.5,work,75.0,75.0,40.470837190847774,10.117709297711944,0.0
VIPV50_Wp1000,WINTER,4,1.5,public,75579.45833333334,5012.0,6374.0727547247425,1158.9223190408627,12.5
VIPV50_Wp1000,WINTER,5,2.0,home,433312.5,76329.25000000004,16004.084807088719,8002.042403544359,15.0
VIPV50_Wp1000,WINTER,5,2.0,work,75.0,64.75,34.93982277476525,8.734955693691312,0.0
VIPV50_Wp1000,WINTER,5,2.0,public,75900.0,2897.1250000000005,3739.321273308091,679.8765951469258,10.0
VIPV50_Wp1000,WINTER,6,2.5,home,433500.0,57982.0,12284.700229842256,6142.350114921128,5.0
VIPV50_Wp1000,WINTER,6,2.5,work,75.0,0.0,0.0,0.0,0.0
VIPV50_Wp1000,WINTER,6,2.5,public,75975.0,1522.0833333333335,2032.9080880388087,369.6196523706925,0.0
VIPV50_Wp1000,WINTER,7,3.0,home,433491.7916666667,42590.750000000015,9088.66192428343,4544.330962141715,0.0
VIPV50_Wp1000,WINTER,7,3.0,work,75.0,0.0,0.0,0.0,0.0
VIPV50_Wp1000,WINTER,7,3.0,public,75975.0,737.6666666666667,994.6036168575188,180.83702124682165,0.0
VIPV50_Wp1000,WINTER,8,3.5,home,433337.125,29765.541666666657,6396.027385605282,3198.013692802641,0.0
VIPV50_Wp1000,WINTER,8,3.5,work,75.0,0.0,0.0,0.0,0.0
VIPV50_Wp1000,WINTER,8,3.5,public,75975.0,259.125,354.18733227033897,64.39769677642526,0.0
VIPV50_Wp1000,WINTER,9,4.0,home,432681.1666666667,19397.124999999996,4193.374585138077,2096.6872925690386,0.0
VIPV50_Wp1000,WINTER,9,4.0,work,115.16666666666666,40.166666666666664,4.395804833561331,1.0989512083903328,2.5
VIPV50_Wp1000,WINTER,9,4.0,public,76108.45833333333,300.625,230.1430397442357,41.844189044406484,15.0
VIPV50_Wp1000,WINTER,10,4.5,home,431006.25000000006,10342.33333333333,2249.726208881116,1124.863104440558,0.0
VIPV50_Wp1000,WINTER,10,4.5,work,551.375,452.5833333333333,166.2791685366519,41.569792134162974,30.0
VIPV50_Wp1000,WINTER,10,4.5,public,76104.33333333334,613.6666666666666,583.373204312525,106.06785532955001,15.0
VIPV50_Wp1000,WINTER,11,5.0,home,425472.33333333343,3884.1250000000005,847.599019563538,423.799509781769,5.0
VIPV50_Wp1000,WINTER,11,5.0,work,1905.1249999999995,1691.5,744.0107004440389,186.00267511100972,90.0
VIPV50_Wp1000,WINTER,11,5.0,public,75550.20833333333,918.0,869.4780191774407,158.08691257771653,47.5
VIPV50_Wp1000,WINTER,12,5.5,home,416072.1666666666,1412.0833333333333,296.10736133436626,148.05368066718313,12.5
VIPV50_Wp1000,WINTER,12,5.5,work,5767.666666666665,5096.208333333333,2262.326302262905,565.5815755657262,135.0
VIPV50_Wp1000,WINTER,12,5.5,public,75040.25000000001,1912.8333333333333,1643.6392536690994,298.8435006671089,55.0
VIPV50_Wp1000,WINTER,13,6.0,home,395493.29166666674,768.0000000000001,189.03690337162567,75.61476134865028,2.5
VIPV50_Wp1000,WINTER,13,6.0,work,11248.833333333338,9404.916666666673,4339.992616925011,1084.9981542312528,287.5
VIPV50_Wp1000,WINTER,13,6.0,public,74690.37500000001,4207.499999999999,3631.205292781535,660.2191441420973,200.0
VIPV50_Wp1000,WINTER,14,6.5,home,363198.70833333343,790.4166666666666,205.6199494430523,82.24797977722093,17.5
VIPV50_Wp1000,WINTER,14,6.5,work,21900.08333333333,17986.875,8061.53544821769,2015.3838620544225,365.0
VIPV50_Wp1000,WINTER,14,6.5,public,74434.70833333334,8741.29166666667,7341.6972767522875,1334.8540503185975,190.0
VIPV50_Wp1000,WINTER,15,7.0,home,306596.25,1169.4166666666667,299.5915390522529,119.83661562090114,22.5
VIPV50_Wp1000,WINTER,15,7.0,work,36537.791666666686,27567.208333333336,12913.192472259652,3228.298118064913,747.5
VIPV50_Wp1000,WINTER,15,7.0,public,72846.87500000003,14015.958333333338,12904.106211883283,2346.201129433325,495.0
VIPV50_Wp1000,WINTER,16,7.5,home,237008.8333333334,1765.5833333333333,424.19987185445456,169.6799487417818,25.0
VIPV50_Wp1000,WINTER,16,7.5,work,62880.25,47138.95833333338,22228.647450360095,5557.161862590024,852.5
VIPV50_Wp1000,WINTER,16,7.5,public,75887.49999999996,24639.66666666667,22949.107556785282,4172.5650103245935,647.5
VIPV50_Wp1000,WINTER,17,8.0,home,186204.16666666677,2213.125,774.0072747495641,221.1449356427326,55.0
VIPV50_Wp1000,WINTER,17,8.0,work,83540.91666666661,56608.416666666664,27530.27856646465,6882.569641616163,492.5
VIPV50_Wp1000,WINTER,17,8.0,public,80448.79166666672,31278.66666666666,29385.05202102597,5342.736731095625,505.0
VIPV50_Wp1000,WINTER,18,8.5,home,157720.8750000001,3199.8749999999995,1124.8610855029144,321.388881572261,107.5
VIPV50_Wp1000,WINTER,18,8.5,work,93671.91666666666,50424.87500000001,26040.544471085337,6510.136117771334,280.0
VIPV50_Wp1000,WINTER,18,8.5,public,82982.41666666676,29607.33333333334,30094.40606641712,5471.710193894022,450.0
VIPV50_Wp1000,WINTER,19,9.0,home,136350.33333333328,5199.458333333334,1843.4043909906597,526.6869688544741,120.0
VIPV50_Wp1000,WINTER,19,9.0,work,99700.20833333334,40723.08333333336,21990.051408196094,5497.512852049023,152.5
VIPV50_Wp1000,WINTER,19,9.0,public,84223.16666666669,25550.99999999998,26695.149206726463,4853.663492132086,370.0
VIPV50_Wp1000,WINTER,20,9.5,home,125900.49999999999,8098.500000000001,2880.3383260881483,822.9538074537562,212.5
VIPV50_Wp1000,WINTER,20,9.5,work,102634.41666666667,29553.16666666668,16362.404397784761,4090.6010994461903,105.0
VIPV50_Wp1000,WINTER,20,9.5,public,84264.41666666673,21290.166666666686,22995.723462988557,4181.040629634289,400.0
VIPV50_Wp1000,WINTER,21,10.0,home,115435.16666666664,13575.291666666664,4856.063316154113,1387.4466617583182,280.0
VIPV50_Wp1000,WINTER,21,10.0,work,104001.29166666667,20337.166666666675,11423.311240325947,2855.827810081487,112.5
VIPV50_Wp1000,WINTER,21,10.0,public,85375.00000000007,22429.333333333343,24051.759387302664,4373.0471613277505,532.5
VIPV50_Wp1000,WINTER,22,10.5,home,103233.16666666669,17545.833333333332,6301.213527641621,1800.3467221833218,250.0
VIPV50_Wp1000,WINTER,22,10.5,work,104648.125,14640.49999999999,8142.807979138095,2035.7019947845238,70.0
VIPV50_Wp1000,WINTER,22,10.5,public,86130.41666666664,25811.79166666666,27395.71860086781,4981.039745612337,527.5
VIPV50_Wp1000,WINTER,23,11.0,home,94163.95833333336,22083.958333333332,8061.0078327989295,2303.1450950854087,425.0
VIPV50_Wp1000,WINTER,23,11.0,work,103872.91666666669,10102.166666666664,5645.313666305514,1411.3284165763785,57.5
VIPV50_Wp1000,WINTER,23,11.0,public,87143.24999999997,26946.41666666667,29756.555435561702,5410.282806465765,577.5
VIPV50_Wp1000,WINTER,24,11.5,home,89146.08333333328,29108.70833333334,10626.577855777898,3036.1651016508235,452.5
VIPV50_Wp1000,WINTER,24,11.5,work,102783.54166666667,8582.20833333333,4777.714599555412,1194.428649888853,105.0
VIPV50_Wp1000,WINTER,24,11.5,public,86456.66666666664,27660.16666666667,31234.94193022738,5679.080350950428,562.5
VIPV50_Wp1000,WINTER,25,12.0,home,87147.12500000004,37013.04166666666,9626.699762879463,3850.679905151779,550.0
VIPV50_Wp1000,WINTER,25,12.0,work,103402.54166666669,9253.0,5031.070917281858,1257.7677293204645,115.0
VIPV50_Wp1000,WINTER,25,12.0,public,86003.24999999999,28103.66666666668,31968.921791618348,5812.531234839692,590.0
VIPV50_Wp1000,WINTER,26,12.5,home,87609.62499999994,43687.25,11325.37435472734,4530.149741890922,537.5
VIPV50_Wp1000,WINTER,26,12.5,work,104290.33333333331,10047.375,5296.507808752091,1324.1269521880226,132.5
VIPV50_Wp1000,WINTER,26,12.5,public,85293.20833333334,29896.708333333343,33740.023088147755,6134.549652390496,645.0
VIPV50_Wp1000,WINTER,27,13.0,home,87280.04166666672,48910.20833333331,12644.127169614305,5057.650867845713,665.0
VIPV50_Wp1000,WINTER,27,13.0,work,105097.875,9973.333333333334,5206.711728654873,1301.6779321637182,105.0
VIPV50_Wp1000,WINTER,27,13.0,public,86862.29166666667,32458.37500000001,36314.890491629965,6602.707362114548,580.0
VIPV50_Wp1000,WINTER,28,13.5,home,94205.91666666663,57646.916666666686,14748.694452605165,5899.477781042044,697.5
VIPV50_Wp1000,WINTER,28,13.5,work,105953.29166666661,10111.375,5314.63806008643,1328.6595150216076,82.5
VIPV50_Wp1000,WINTER,28,13.5,public,86041.66666666667,31325.20833333336,37619.39870106136,6839.890672920254,525.0
VIPV50_Wp1000,WINTER,29,14.0,home,101809.41666666664,65083.37500000005,16566.60227306984,6626.640909227937,750.0
VIPV50_Wp1000,WINTER,29,14.0,work,105356.20833333333,9548.624999999998,5024.371046991494,1256.0927617478735,70.0
VIPV50_Wp1000,WINTER,29,14.0,public,81947.95833333331,28840.33333333329,35253.332816793074,6409.6968757805535,507.5
VIPV50_Wp1000,WINTER,30,14.5,home,110076.33333333334,71640.58333333328,18103.783474445456,7241.513389778179,767.5
VIPV50_Wp1000,WINTER,30,14.5,work,102930.83333333336,7383.083333333332,3963.820461423071,990.9551153557677,17.5
VIPV50_Wp1000,WINTER,30,14.5,public,78901.41666666667,27778.33333333333,33557.31934191264,6101.330789438666,472.5
VIPV50_Wp1000,WINTER,31,15.0,home,122484.79166666664,79945.62500000006,20150.544331094072,8060.2177324376225,820.0
VIPV50_Wp1000,WINTER,31,15.0,work,96153.54166666666,4774.583333333333,2698.102652421274,674.5256631053185,17.5
VIPV50_Wp1000,WINTER,31,15.0,public,78397.04166666663,28020.083333333343,34108.899844068634,6201.618153467024,532.5
VIPV50_Wp1000,WINTER,32,15.5,home,140281.20833333334,91040.12500000006,22849.101661239645,9139.640664495824,1147.5
VIPV50_Wp1000,WINTER,32,15.5,work,84319.33333333333,3477.791666666667,2014.1134712733958,503.52836781834895,5.0
VIPV50_Wp1000,WINTER,32,15.5,public,75935.12499999997,28214.833333333336,33403.55906352644,6073.37437518663,505.0
VIPV50_Wp1000,WINTER,33,16.0,home,163938.70833333343,105591.41666666666,31618.47059404431,10539.490198014772,1132.5
VIPV50_Wp1000,WINTER,33,16.0,work,68892.375,2377.3750000000005,1303.599786353059,325.89994658826475,15.0
VIPV50_Wp1000,WINTER,33,16.0,public,73231.08333333331,28035.916666666664,32318.441073486538,5876.080195179372,560.0
VIPV50_Wp1000,WINTER,34,16.5,home,192248.75000000017,121764.79166666658,36409.49335520106,12136.49778506703,1320.0
VIPV50_Wp1000,WINTER,34,16.5,work,52337.625,1689.5416666666667,897.1335981860071,224.28339954650178,25.0
VIPV50_Wp1000,WINTER,34,16.5,public,75245.29166666669,30986.499999999985,35861.42714233709,6520.259480424926,582.5
VIPV50_Wp1000,WINTER,35,17.0,home,220612.49999999974,136184.12500000017,40746.551021659965,13582.183673886613,1247.5
VIPV50_Wp1000,WINTER,35,17.0,work,37897.708333333336,1313.2916666666667,689.762720859889,172.44068021497225,25.0
VIPV50_Wp1000,WINTER,35,17.0,public,74012.1666666667,29680.624999999996,34538.48597187952,6279.724722159907,487.5
VIPV50_Wp1000,WINTER,36,17.5,home,247617.2916666668,147412.54166666666,44350.52684983545,14783.508949945162,1147.5
VIPV50_Wp1000,WINTER,36,17.5,work,25813.45833333333,1184.875,629.4452714873341,157.36131787183353,5.0
VIPV50_Wp1000,WINTER,36,17.5,public,71881.66666666666,27230.000000000007,31094.82793915541,5653.605079846444,480.0
VIPV50_Wp1000,WINTER,37,18.0,home,273812.3750000001,156731.1666666667,47194.872611510546,15731.624203836831,1087.5
VIPV50_Wp1000,WINTER,37,18.0,work,17727.33333333333,858.4583333333334,448.65349999649277,112.16337499912319,10.0
VIPV50_Wp1000,WINTER,37,18.0,public,71744.33333333333,28114.58333333334,32835.39392410123,5970.07162256386,412.5
VIPV50_Wp1000,WINTER,38,18.5,home,293474.8333333334,157696.70833333343,47803.568640622434,15934.522880207425,717.5
VIPV50_Wp1000,WINTER,38,18.5,work,12670.541666666668,594.9583333333334,323.30596613432044,80.82649153358011,0.0
VIPV50_Wp1000,WINTER,38,18.5,public,71248.66666666664,24352.625000000004,29194.875708045496,5308.159219644629,315.0
VIPV50_Wp1000,WINTER,39,19.0,home,309086.2916666669,151156.8333333332,46137.54936261903,15379.18312087298,637.5
VIPV50_Wp1000,WINTER,39,19.0,work,9247.791666666668,443.66666666666663,252.91644168303517,63.22911042075879,5.0
VIPV50_Wp1000,WINTER,39,19.0,public,69388.12499999999,20203.54166666667,24244.47659354861,4408.086653372477,195.0
VIPV50_Wp1000,WINTER,40,19.5,home,325321.87499999994,143879.74999999997,44092.41613071695,14697.472043572297,592.5
VIPV50_Wp1000,WINTER,40,19.5,work,7620.916666666665,626.5,357.2419889933569,89.31049724833923,12.5
VIPV50_Wp1000,WINTER,40,19.5,public,66966.83333333333,16124.749999999996,19057.239424519626,3464.952622639929,175.0
VIPV50_Wp1000,WINTER,41,20.0,home,338543.9166666667,133774.2083333332,27396.667846466786,13698.333923233393,405.0
VIPV50_Wp1000,WINTER,41,20.0,work,6122.583333333335,578.125,328.61599102072194,82.15399775518048,0.0
VIPV50_Wp1000,WINTER,41,20.0,public,66695.62500000001,13024.58333333334,15333.868894971194,2787.9761627220355,127.5
VIPV50_Wp1000,WINTER,42,20.5,home,347606.54166666657,120345.58333333339,24715.936030819914,12357.968015409957,367.5
VIPV50_Wp1000,WINTER,42,20.5,work,4105.291666666666,113.29166666666666,67.18229570585432,16.79557392646358,0.0
VIPV50_Wp1000,WINTER,42,20.5,public,66061.33333333334,10285.458333333338,12015.156064701468,2184.573829945721,105.0
VIPV50_Wp1000,WINTER,43,21.0,home,356717.50000000023,106591.25000000001,21944.37027980515,10972.185139902575,302.5
VIPV50_Wp1000,WINTER,43,21.0,work,2704.3750000000005,0.0,0.0,0.0,0.0
VIPV50_Wp1000,WINTER,43,21.0,public,64851.66666666666,7748.333333333333,9275.709931699272,1686.492714854413,75.0
VIPV50_Wp1000,WINTER,44,21.5,home,363410.04166666674,93784.62500000001,19452.05608132939,9726.028040664694,245.0
VIPV50_Wp1000,WINTER,44,21.5,work,1867.5416666666665,0.0,0.0,0.0,0.0
VIPV50_Wp1000,WINTER,44,21.5,public,64431.66666666667,5813.791666666665,6876.13469582227,1250.2063083313217,72.5
VIPV50_Wp1000,WINTER,45,22.0,home,388899.16666666645,99868.79166666666,20507.141693452195,10253.570846726096,1132.5
VIPV50_Wp1000,WINTER,45,22.0,work,1154.5416666666665,0.0,0.0,0.0,0.0
VIPV50_Wp1000,WINTER,45,22.0,public,65917.875,6669.833333333331,7915.197008710911,1439.1267288565298,137.5
VIPV50_Wp1000,WINTER,46,22.5,home,431568.8333333333,124340.58333333337,25109.468804870085,12554.734402435042,1387.5
VIPV50_Wp1000,WINTER,46,22.5,work,639.4166666666666,0.0,0.0,0.0,0.0
VIPV50_Wp1000,WINTER,46,22.5,public,71855.45833333333,12213.041666666668,14258.452066734822,2592.445830315422,242.5
VIPV50_Wp1000,WINTER,47,23.0,home,468650.79166666657,143499.08333333326,28785.40602029344,14392.70301014672,1200.0
VIPV50_Wp1000,WINTER,47,23.0,work,111.625,0.0,0.0,0.0,0.0
VIPV50_Wp1000,WINTER,47,23.0,public,77255.33333333334,16459.708333333332,19201.519611549378,3491.1853839180662,210.0
VIPV50_Wp1000,WINTER,48,23.5,home,500236.5833333333,154551.16666666672,31056.811434983563,15528.405717491782,967.5
VIPV50_Wp1000,WINTER,48,23.5,work,0.0,0.0,0.0,0.0,0.0
VIPV50_Wp1000,WINTER,48,23.5,public,82900.79166666666,18713.625000000007,21967.138733896983,3994.0252243449036,207.5
VIPV80_Wp400,SPRING,1,0.0,home,319812.4583333334,71477.66666666669,9094.032278372495,7275.225822697997,1852.5
VIPV80_Wp400,SPRING,1,0.0,work,0.0,0.0,0.0,0.0,0.0
VIPV80_Wp400,SPRING,1,0.0,public,49509.5,7956.458333333333,9045.706476978174,1644.673904905124,345.0
VIPV80_Wp400,SPRING,2,0.5,home,371689.87500000006,116669.66666666664,14495.77328015255,11596.618624122057,1462.5
VIPV80_Wp400,SPRING,2,0.5,work,20.041666666666668,20.041666666666668,11.371158392434989,2.842789598108747,2.5
VIPV80_Wp400,SPRING,2,0.5,public,58650.0,16478.625,18069.64268333104,3285.389578787462,250.0
VIPV80_Wp400,SPRING,3,1.0,home,395550.0,130498.50000000003,16223.702793866629,12978.9622350933,620.0
VIPV80_Wp400,SPRING,3,1.0,work,75.0,75.0,42.5531914893617,10.638297872340425,0.0
VIPV80_Wp400,SPRING,3,1.0,public,63375.0,18953.416666666668,21803.547317129556,3964.2813303871917,127.5
VIPV80_Wp400,SPRING,4,1.5,home,405262.5,126358.49999999997,15937.943517264548,12750.354813811648,242.5
VIPV80_Wp400,SPRING,4,1.5,work,75.0,75.0,42.5531914893617,10.638297872340425,0.0
VIPV80_Wp400,SPRING,4,1.5,public,65025.0,15040.500000000004,18506.396422048274,3364.799349463323,42.5
VIPV80_Wp400,SPRING,5,2.0,home,408712.5,115133.0,14736.296756235237,11789.037404988205,92.5
VIPV80_Wp400,SPRING,5,2.0,work,75.0,75.0,42.5531914893617,10.638297872340425,0.0
VIPV80_Wp400,SPRING,5,2.0,public,65662.5,8275.333333333334,10635.731313737324,1933.7693297704238,17.5
VIPV80_Wp400,SPRING,6,2.5,home,409387.5,101354.91666666669,13119.292718313722,10495.434174650996,10.0
VIPV80_Wp400,SPRING,6,2.5,work,75.0,75.0,42.5531914893617,10.638297872340425,0.0
VIPV80_Wp400,SPRING,6,2.5,public,66075.0,4642.416666666667,6108.462054893149,1110.6294645260268,10.0
VIPV80_Wp400,SPRING,7,3.0,home,409529.2916666666,84598.66666666669,11069.080101267285,8855.264081013822,2.5
VIPV80_Wp400,SPRING,7,3.0,work,75.0,32.45833333333333,18.416075650118202,4.6040189125295505,0.0
VIPV80_Wp400,SPRING,7,3.0,public,66075.0,2111.6666666666674,2786.3292533941258,506.60531879893205,0.0
VIPV80_Wp400,SPRING,8,3.5,home,409409.5833333333,67377.16666666666,8897.446042213876,7117.956833771099,0.0
VIPV80_Wp400,SPRING,8,3.5,work,75.0,0.0,0.0,0.0,0.0
VIPV80_Wp400,SPRING,8,3.5,public,66075.0,582.9166666666666,728.0743131562537,132.37714784659158,0.0
VIPV80_Wp400,SPRING,9,4.0,home,408498.37500000006,48814.708333333336,6506.997163224209,5205.597730579373,0.0
VIPV80_Wp400,SPRING,9,4.0,work,120.625,45.625,10.793494332183343,2.6983735830458357,2.5
VIPV80_Wp400,SPRING,9,4.0,public,66155.375,305.0416666666667,341.2804890773638,62.05099801406616,10.0
VIPV80_Wp400,SPRING,10,4.5,home,407041.3333333333,32830.749999999985,4420.333671212241,3536.2669369697974,0.0
VIPV80_Wp400,SPRING,10,4.5,work,422.87499999999994,311.7916666666667,140.14922875463643,35.037307188659106,30.0
VIPV80_Wp400,SPRING,10,4.5,public,66339.91666666666,488.50000000000006,430.63266370572785,78.29684794649597,15.0
VIPV80_Wp400,SPRING,11,5.0,home,401895.8333333334,16814.458333333343,2275.300155835471,1820.2401246683762,5.0
VIPV80_Wp400,SPRING,11,5.0,work,2116.875,1966.8750000000002,851.4377865927527,212.85944664818817,85.0
VIPV80_Wp400,SPRING,11,5.0,public,66496.83333333333,1110.5833333333333,1033.215395683255,187.85734466968276,42.5
VIPV80_Wp400,SPRING,12,5.5,home,392888.8333333334,3074.3750000000005,405.846753182566,324.6774025460527,12.5
VIPV80_Wp400,SPRING,12,5.5,work,5751.958333333333,5255.166666666668,2333.993167093671,583.4982917734178,150.0
VIPV80_Wp400,SPRING,12,5.5,public,66087.58333333333,2108.4583333333335,1874.754457958332,340.86444690151495,52.5
VIPV80_Wp400,SPRING,13,6.0,home,373024.3333333331,832.75,206.08646491799183,82.43458596719674,7.5
VIPV80_Wp400,SPRING,13,6.0,work,11324.708333333332,9675.291666666672,4365.424257643942,1091.3560644109855,282.5
VIPV80_Wp400,SPRING,13,6.0,public,66671.16666666664,4338.124999999997,4167.108668236843,757.6561214976077,197.5
VIPV80_Wp400,SPRING,14,6.5,home,342775.66666666674,745.0,195.69563517016425,78.2782540680657,2.5
VIPV80_Wp400,SPRING,14,6.5,work,21986.24999999999,17673.083333333325,8324.473005714852,2081.118251428713,380.0
VIPV80_Wp400,SPRING,14,6.5,public,66950.79166666666,7990.125000000002,7533.6431749605645,1369.7533045382845,182.5
VIPV80_Wp400,SPRING,15,7.0,home,288391.0,1122.875,426.71712505687145,113.79123334849903,35.0
VIPV80_Wp400,SPRING,15,7.0,work,35751.33333333333,27147.499999999993,13014.065156046478,3253.5162890116194,727.5
VIPV80_Wp400,SPRING,15,7.0,public,66303.12499999999,13548.708333333336,12886.733667432714,2343.0424849877663,477.5
VIPV80_Wp400,SPRING,16,7.5,home,224233.1666666668,1640.4999999999998,597.3636076688048,159.29696204501457,25.0
VIPV80_Wp400,SPRING,16,7.5,work,61488.124999999985,46232.25000000001,21963.903066398867,5490.975766599717,765.0
VIPV80_Wp400,SPRING,16,7.5,public,67510.08333333333,22236.041666666693,21124.226583031475,3840.768469642094,540.0
VIPV80_Wp400,SPRING,17,8.0,home,175712.5,1837.541666666666,768.3320895306891,192.08302238267223,37.5
VIPV80_Wp400,SPRING,17,8.0,work,81012.24999999999,53862.87499999996,26567.179451922246,6641.794862980561,530.0
VIPV80_Wp400,SPRING,17,8.0,public,72181.91666666667,28085.291666666682,27864.81184885475,5066.329427064497,480.0
VIPV80_Wp400,SPRING,18,8.5,home,149333.70833333328,2575.0416666666656,1114.1345399891834,278.53363499729585,72.5
VIPV80_Wp400,SPRING,18,8.5,work,91680.49999999999,49410.54166666669,25878.112176671486,6469.5280441678715,270.0
VIPV80_Wp400,SPRING,18,8.5,public,74603.5416666667,26725.208333333347,28673.956056030216,5213.446555641854,392.5
VIPV80_Wp400,SPRING,19,9.0,home,130979.5416666667,4852.875000000002,1993.2379526769519,498.30948816923797,150.0
VIPV80_Wp400,SPRING,19,9.0,work,97620.04166666667,39099.708333333365,21515.067143178694,5378.7667857946735,135.0
VIPV80_Wp400,SPRING,19,9.0,public,74479.74999999999,24019.833333333318,26168.174805829385,4757.849964696251,385.0
VIPV80_Wp400,SPRING,20,9.5,home,122313.54166666666,8625.624999999998,3503.6503621602183,875.9125905400546,185.0
VIPV80_Wp400,SPRING,20,9.5,work,99875.5,27560.499999999996,15552.192978327415,3888.048244581854,95.0
VIPV80_Wp400,SPRING,20,9.5,public,74693.37500000006,21459.541666666664,23874.43113721595,4340.805661311995,392.5
VIPV80_Wp400,SPRING,21,10.0,home,112682.20833333333,13151.166666666662,3382.2920659090673,1352.916826363627,280.0
VIPV80_Wp400,SPRING,21,10.0,work,100377.29166666666,19654.791666666664,11271.946636045417,2817.9866590113543,90.0
VIPV80_Wp400,SPRING,21,10.0,public,75541.87500000004,21488.749999999996,23539.92308071774,4279.98601467595,470.0
VIPV80_Wp400,SPRING,22,10.5,home,101592.95833333327,17888.625000000004,4609.894304392175,1843.957721756872,275.0
VIPV80_Wp400,SPRING,22,10.5,work,100484.91666666667,14519.916666666653,8262.818285146173,2065.7045712865433,85.0
VIPV80_Wp400,SPRING,22,10.5,public,76794.29166666666,23700.166666666646,26249.010529885803,4772.547369070145,482.5
VIPV80_Wp400,SPRING,23,11.0,home,92942.70833333334,22927.875000000004,5976.6981621328,2390.6792648531223,417.5
VIPV80_Wp400,SPRING,23,11.0,work,100010.95833333336,10600.625000000004,5885.855762782857,1471.4639406957142,57.5
VIPV80_Wp400,SPRING,23,11.0,public,78545.41666666667,24985.708333333347,28112.000615948244,5111.2728392633235,565.0
VIPV80_Wp400,SPRING,24,11.5,home,88878.66666666664,31228.374999999996,8235.446701301193,3294.1786805204824,502.5
VIPV80_Wp400,SPRING,24,11.5,work,98670.12499999996,8489.791666666662,4715.345951384604,1178.836487846151,95.0
VIPV80_Wp400,SPRING,24,11.5,public,78160.70833333333,25821.70833333333,29220.64588130765,5312.844705692308,572.5
VIPV80_Wp400,SPRING,25,12.0,home,89815.37500000006,40074.0,7312.438964190045,4178.536550965743,585.0
VIPV80_Wp400,SPRING,25,12.0,work,98779.75000000001,8132.124999999999,4399.451272666515,1099.8628181666288,112.5
VIPV80_Wp400,SPRING,25,12.0,public,79931.4166666666,29069.37499999998,32910.53239994883,5983.733163627051,577.5
VIPV80_Wp400,SPRING,26,12.5,home,91867.79166666669,47104.87499999996,8568.893646579985,4896.510655188562,592.5
VIPV80_Wp400,SPRING,26,12.5,work,99412.95833333333,8735.916666666666,4498.629728607035,1124.6574321517587,130.0
VIPV80_Wp400,SPRING,26,12.5,public,80035.20833333333,29702.08333333334,34094.62099725171,6199.02199950032,582.5
VIPV80_Wp400,SPRING,27,13.0,home,89250.70833333331,49467.70833333334,9005.835724689798,5146.1918426798775,567.5
VIPV80_Wp400,SPRING,27,13.0,work,100274.66666666667,9241.541666666664,4843.921632860401,1210.9804082151002,95.0
VIPV80_Wp400,SPRING,27,13.0,public,79765.8333333333,28862.79166666667,33769.32335559783,6139.876973745063,475.0
VIPV80_Wp400,SPRING,28,13.5,home,95403.58333333337,56509.95833333329,10140.725968603665,5794.700553487803,752.5
VIPV80_Wp400,SPRING,28,13.5,work,101081.62499999999,8863.458333333332,4761.217493460792,1190.304373365198,82.5
VIPV80_Wp400,SPRING,28,13.5,public,78514.62499999997,27986.083333333336,32787.449190850086,5961.3543983363725,515.0
VIPV80_Wp400,SPRING,29,14.0,home,105035.58333333333,65138.87500000007,11576.581674946621,6615.18952854091,762.5
VIPV80_Wp400,SPRING,29,14.0,work,100617.83333333333,9028.458333333332,4806.615473057626,1201.6538682644066,80.0
VIPV80_Wp400,SPRING,29,14.0,public,78439.99999999996,28809.74999999998,33437.64521508792,6079.571857288717,562.5
VIPV80_Wp400,SPRING,30,14.5,home,112560.20833333342,70136.70833333327,12484.34037484823,7133.90878562756,782.5
VIPV80_Wp400,SPRING,30,14.5,work,99004.08333333336,7426.916666666666,4087.8068224633607,1021.9517056158402,20.0
VIPV80_Wp400,SPRING,30,14.5,public,79513.83333333336,29041.083333333336,33764.6263557916,6139.022973780292,455.0
VIPV80_Wp400,SPRING,31,15.0,home,125470.37499999999,79214.95833333334,14006.14117841454,8003.509244808296,847.5
VIPV80_Wp400,SPRING,31,15.0,work,93337.0,5315.291666666668,3051.5676392270816,762.8919098067704,22.5
VIPV80_Wp400,SPRING,31,15.0,public,78177.24999999999,27891.208333333336,32695.296984629298,5944.599451750782,460.0
VIPV80_Wp400,SPRING,32,15.5,home,142553.8749999999,90259.16666666669,15972.023900915445,9126.870800523087,1065.0
VIPV80_Wp400,SPRING,32,15.5,work,83268.58333333331,3915.4166666666665,2301.6695825151833,575.4173956287958,15.0
VIPV80_Wp400,SPRING,32,15.5,public,75286.99999999997,26978.58333333334,31863.42911666153,5793.350748483913,580.0
VIPV80_Wp400,SPRING,33,16.0,home,164844.50000000015,103233.70833333343,25798.621878394704,10319.448751357902,1135.0
VIPV80_Wp400,SPRING,33,16.0,work,67430.66666666664,2905.2500000000005,1707.798283010876,426.949570752719,27.5
VIPV80_Wp400,SPRING,33,16.0,public,75041.37500000003,28287.374999999996,32398.162279669254,5890.574959939869,565.0
VIPV80_Wp400,SPRING,34,16.5,home,189938.25,116335.08333333317,28944.34109394425,11577.736437577707,1155.0
VIPV80_Wp400,SPRING,34,16.5,work,51024.33333333333,2177.458333333333,1295.683821829754,323.9209554574385,5.0
VIPV80_Wp400,SPRING,34,16.5,public,74213.79166666661,28583.16666666668,31829.556399609573,5787.192072656284,492.5
VIPV80_Wp400,SPRING,35,17.0,home,214711.12500000003,126847.29166666667,44089.885194185415,12597.110055481546,1047.5
VIPV80_Wp400,SPRING,35,17.0,work,36748.12500000001,1563.9583333333333,961.6266208562755,240.40665521406888,10.0
VIPV80_Wp400,SPRING,35,17.0,public,71963.41666666663,27487.20833333334,30811.541713188446,5602.098493306981,485.0
VIPV80_Wp400,SPRING,36,17.5,home,238328.66666666648,132457.58333333346,46227.82369008128,13207.949625737518,1010.0
VIPV80_Wp400,SPRING,36,17.5,work,24743.333333333336,890.2916666666666,512.6681629038468,128.1670407259617,17.5
VIPV80_Wp400,SPRING,36,17.5,public,68216.2083333334,23685.08333333334,26539.43790629875,4825.3523465997705,400.0
VIPV80_Wp400,SPRING,37,18.0,home,260610.66666666663,136359.79166666666,47751.97915894006,13643.422616839984,977.5
VIPV80_Wp400,SPRING,37,18.0,work,16078.708333333334,759.25,416.66104604688076,104.16526151172019,12.5
VIPV80_Wp400,SPRING,37,18.0,public,66151.74999999999,21594.91666666666,24791.47360459877,4507.540655381594,375.0
VIPV80_Wp400,SPRING,38,18.5,home,277161.66666666674,133737.04166666672,47065.4068370997,13447.259096314183,567.5
VIPV80_Wp400,SPRING,38,18.5,work,11101.25,548.7083333333334,297.7995316193129,74.44988290482823,2.5
VIPV80_Wp400,SPRING,38,18.5,public,63775.87499999996,19532.416666666664,22958.46954529588,4174.2671900538,285.0
VIPV80_Wp400,SPRING,39,19.0,home,288078.08333333326,125465.54166666661,44482.73895723233,12709.353987780634,537.5
VIPV80_Wp400,SPRING,39,19.0,work,7721.874999999998,418.9166666666667,258.16523020569775,64.54130755142444,2.5
VIPV80_Wp400,SPRING,39,19.0,public,61010.45833333334,16007.166666666672,19082.816612951487,3469.603020536633,175.0
VIPV80_Wp400,SPRING,40,19.5,home,300230.2500000002,115821.0833333334,41228.83536394309,11779.667246840847,450.0
VIPV80_Wp400,SPRING,40,19.5,work,5701.666666666667,353.375,217.37547489049706,54.343868722624265,2.5
VIPV80_Wp400,SPRING,40,19.5,public,58901.750000000015,12621.916666666664,15107.530033592366,2746.8236424713405,152.5
VIPV80_Wp400,SPRING,41,20.0,home,310321.83333333343,105446.79166666672,37777.47545730181,10793.564416371935,335.0
VIPV80_Wp400,SPRING,41,20.0,work,4115.791666666666,307.3333333333333,192.5462262835436,48.1365565708859,0.0
VIPV80_Wp400,SPRING,41,20.0,public,57191.249999999985,9863.999999999998,11892.064338012382,2162.19351600225,107.5
VIPV80_Wp400,SPRING,42,20.5,home,318305.7916666667,94684.04166666676,34078.22529937786,9736.63579982223,305.0
VIPV80_Wp400,SPRING,42,20.5,work,2960.458333333333,137.20833333333334,87.38327681778776,21.84581920444694,0.0
VIPV80_Wp400,SPRING,42,20.5,public,55093.416666666664,7548.333333333332,8785.711721818137,1597.4021312396612,82.5
VIPV80_Wp400,SPRING,43,21.0,home,325581.0833333333,83813.91666666669,30270.26363191821,8648.646751976628,255.0
VIPV80_Wp400,SPRING,43,21.0,work,1947.6666666666665,79.66666666666667,57.42019288225566,14.355048220563916,2.5
VIPV80_Wp400,SPRING,43,21.0,public,54899.91666666666,5915.000000000001,7102.429701242462,1291.350854771357,77.5
VIPV80_Wp400,SPRING,44,21.5,home,332643.37500000006,73410.91666666666,26692.879606538347,7626.537030439521,265.0
VIPV80_Wp400,SPRING,44,21.5,work,1434.6666666666667,15.541666666666668,11.234939759036145,2.808734939759036,0.0
VIPV80_Wp400,SPRING,44,21.5,public,54376.58333333333,4514.374999999999,5372.308566022283,976.7833756404152,50.0
VIPV80_Wp400,SPRING,45,22.0,home,341096.1666666666,68217.6666666667,14193.112634039528,7096.556317019764,232.5
VIPV80_Wp400,SPRING,45,22.0,work,750.125,0.0,0.0,0.0,0.0
VIPV80_Wp400,SPRING,45,22.0,public,53765.25000000001,3848.2499999999995,4828.047044416223,877.8267353484042,27.5
VIPV80_Wp400,SPRING,46,22.5,home,346387.87500000006,60286.333333333314,12625.776996995444,6312.888498497722,145.0
VIPV80_Wp400,SPRING,46,22.5,work,279.875,0.0,0.0,0.0,0.0
VIPV80_Wp400,SPRING,46,22.5,public,53425.41666666667,3481.7916666666665,4360.123553672524,792.7497370313686,20.0
VIPV80_Wp400,SPRING,47,23.0,home,350422.99999999994,53348.666666666686,11287.10735538331,5643.553677691655,152.5
VIPV80_Wp400,SPRING,47,23.0,work,47.0,0.0,0.0,0.0,0.0
VIPV80_Wp400,SPRING,47,23.0,public,53185.75,2486.25,3125.94163869954,568.3530252180983,12.5
VIPV80_Wp400,SPRING,48,23.5,home,355051.5833333334,48506.58333333333,10335.795481096904,5167.897740548452,132.5
VIPV80_Wp400,SPRING,48,23.5,work,0.0,0.0,0.0,0.0,0.0
VIPV80_Wp400,SPRING,48,23.5,public,53103.166666666664,1859.8750000000005,2448.3075348756247,445.1468245228408,7.5
VIPV80_Wp400,SUMMER,1,0.0,home,389409.1666666666,120782.16666666667,24412.02020189532,12206.010100947658,465.0
VIPV80_Wp400,SUMMER,1,0.0,work,0.0,0.0,0.0,0.0,0.0
VIPV80_Wp400,SUMMER,1,0.0,public,67584.5,12838.166666666666,16013.239837473348,2911.498152267884,67.5
VIPV80_Wp400,SUMMER,2,0.5,home,397041.0833333334,114223.08333333339,23298.79507483593,11649.397537417964,200.0
VIPV80_Wp400,SUMMER,2,0.5,work,20.041666666666668,20.041666666666668,3.602996254681648,0.900749063670412,2.5
VIPV80_Wp400,SUMMER,2,0.5,public,69675.0,10218.333333333334,12861.581527469758,2338.4693686308674,70.0
VIPV80_Wp400,SUMMER,3,1.0,home,400800.0,102227.16666666673,21066.24394792334,10533.12197396167,105.0
VIPV80_Wp400,SUMMER,3,1.0,work,75.0,75.0,13.48314606741573,3.3707865168539324,0.0
VIPV80_Wp400,SUMMER,3,1.0,public,70312.5,7176.45833333333,9118.573580662218,1657.9224692113123,12.5
VIPV80_Wp400,SUMMER,4,1.5,home,402487.5,88314.91666666664,18333.969624161102,9166.984812080551,37.5
VIPV80_Wp400,SUMMER,4,1.5,work,75.0,16.208333333333332,2.913857677902622,0.7284644194756555,0.0
VIPV80_Wp400,SUMMER,4,1.5,public,70516.95833333334,4066.958333333333,5148.364291199846,936.0662347636083,5.0
VIPV80_Wp400,SUMMER,5,2.0,home,402825.0,70619.33333333331,14803.691092768886,7401.845546384442,10.0
VIPV80_Wp400,SUMMER,5,2.0,work,75.0,0.0,0.0,0.0,0.0
VIPV80_Wp400,SUMMER,5,2.0,public,70725.0,2004.458333333333,2629.3390212993745,478.06164023624996,5.0
VIPV80_Wp400,SUMMER,6,2.5,home,402900.0,53557.916666666686,11336.966382882529,5668.483191441263,0.0
VIPV80_Wp400,SUMMER,6,2.5,work,75.0,0.0,0.0,0.0,0.0
VIPV80_Wp400,SUMMER,6,2.5,public,70725.0,751.0,953.6805370260512,173.39646127746386,0.0
VIPV80_Wp400,SUMMER,7,3.0,home,402891.7916666667,38646.12500000001,8241.482267450356,4120.741133725178,0.0
VIPV80_Wp400,SUMMER,7,3.0,work,75.0,0.0,0.0,0.0,0.0
VIPV80_Wp400,SUMMER,7,3.0,public,70725.0,268.25,322.6520217690768,58.66400395801397,0.0
VIPV80_Wp400,SUMMER,8,3.5,home,402779.7916666667,25384.000000000007,5444.566625854245,2722.2833129271226,0.0
VIPV80_Wp400,SUMMER,8,3.5,work,75.0,0.0,0.0,0.0,0.0
VIPV80_Wp400,SUMMER,8,3.5,public,70725.0,26.125,31.166510537403155,5.666638279527847,0.0
VIPV80_Wp400,SUMMER,9,4.0,home,402149.0,12540.000000000013,2705.9102133605406,1352.9551066802703,0.0
VIPV80_Wp400,SUMMER,9,4.0,work,75.0,0.0,0.0,0.0,0.0
VIPV80_Wp400,SUMMER,9,4.0,public,70798.54166666667,262.8333333333333,132.89000370047438,24.161818854631704,12.5
VIPV80_Wp400,SUMMER,10,4.5,home,400528.7083333334,3914.6250000000014,857.3134660126815,428.65673300634074,0.0
VIPV80_Wp400,SUMMER,10,4.5,work,355.16666666666663,280.1666666666667,112.43370813676516,28.10842703419129,22.5
VIPV80_Wp400,SUMMER,10,4.5,public,70635.95833333334,363.9166666666667,260.05331631271923,47.28242114776714,10.0
VIPV80_Wp400,SUMMER,11,5.0,home,395280.4583333333,1458.458333333333,399.0271747197425,159.61086988789702,7.5
VIPV80_Wp400,SUMMER,11,5.0,work,1700.7083333333333,1573.9583333333335,675.8832899632233,168.97082249080583,77.5
VIPV80_Wp400,SUMMER,11,5.0,public,69986.33333333333,657.0833333333335,624.674889876607,113.57725270483763,35.0
VIPV80_Wp400,SUMMER,12,5.5,home,386833.5000000001,994.7916666666669,264.14859277459055,105.6594371098362,12.5
VIPV80_Wp400,SUMMER,12,5.5,work,4796.333333333334,4472.374999999999,1896.223968047187,474.0559920117968,132.5
VIPV80_Wp400,SUMMER,12,5.5,public,69857.33333333333,2216.5416666666665,2082.013232735721,378.5478604974037,85.0
VIPV80_Wp400,SUMMER,13,6.0,home,368020.1249999998,912.75,232.95832202250446,93.18332880900178,5.0
VIPV80_Wp400,SUMMER,13,6.0,work,9859.916666666666,8353.750000000002,3722.0077001371405,930.5019250342851,232.5
VIPV80_Wp400,SUMMER,13,6.0,public,69398.50000000001,4084.2500000000005,3731.579426341982,678.468986607633,142.5
VIPV80_Wp400,SUMMER,14,6.5,home,337437.2083333332,837.0416666666667,203.56791707825897,81.4271668313036,10.0
VIPV80_Wp400,SUMMER,14,6.5,work,19737.958333333336,15580.499999999995,7343.539520493958,1835.8848801234894,385.0
VIPV80_Wp400,SUMMER,14,6.5,public,68716.79166666664,7276.125000000001,7014.934052964383,1275.4425550844328,192.5
VIPV80_Wp400,SUMMER,15,7.0,home,284930.0833333334,1119.7916666666667,269.01060795528815,107.60424318211525,30.0
VIPV80_Wp400,SUMMER,15,7.0,work,33642.833333333336,26050.666666666664,12312.803652680588,3078.200913170147,710.0
VIPV80_Wp400,SUMMER,15,7.0,public,67140.95833333333,12189.458333333341,11331.507433599469,2060.2740788362657,437.5
VIPV80_Wp400,SUMMER,16,7.5,home,222831.0416666666,1956.2083333333335,507.90124208792156,203.16049683516857,25.0
VIPV80_Wp400,SUMMER,16,7.5,work,58696.958333333336,45001.58333333332,21403.1073833385,5350.776845834625,777.5
VIPV80_Wp400,SUMMER,16,7.5,public,67817.00000000004,20646.333333333332,19740.643261623572,3589.207865749743,530.0
VIPV80_Wp400,SUMMER,17,8.0,home,174973.70833333334,2682.416666666666,855.411084867122,297.5342903885642,52.5
VIPV80_Wp400,SUMMER,17,8.0,work,78241.20833333333,52648.66666666668,25937.03372900017,6484.2584322500425,502.5
VIPV80_Wp400,SUMMER,17,8.0,public,71028.25,26380.95833333334,25416.746028760364,4621.226550683705,465.0
VIPV80_Wp400,SUMMER,18,8.5,home,148436.00000000003,3336.625,1024.4317885860614,356.32410037776054,92.5
VIPV80_Wp400,SUMMER,18,8.5,work,88979.95833333331,48824.208333333314,25274.457541431944,6318.614385357986,300.0
VIPV80_Wp400,SUMMER,18,8.5,public,75815.5,27215.58333333335,27754.091367440018,5046.198430443648,477.5
VIPV80_Wp400,SUMMER,19,9.0,home,128901.41666666669,6459.291666666667,1883.0236544558932,654.9647493759625,170.0
VIPV80_Wp400,SUMMER,19,9.0,work,94789.20833333331,38915.41666666667,20871.82929106243,5217.957322765607,132.5
VIPV80_Wp400,SUMMER,19,9.0,public,76886.20833333331,24593.29166666666,25950.44906427302,4718.263466231455,360.0
VIPV80_Wp400,SUMMER,20,9.5,home,121363.7916666667,10518.208333333328,3042.8493240819953,1058.382373593737,210.0
VIPV80_Wp400,SUMMER,20,9.5,work,96774.87500000004,26755.916666666664,14920.117838574772,3730.029459643693,97.5
VIPV80_Wp400,SUMMER,20,9.5,public,76968.00000000004,21774.16666666668,23707.86665546121,4310.521210083852,420.0
VIPV80_Wp400,SUMMER,21,10.0,home,112226.70833333334,15067.791666666666,3435.812510249152,1527.0277823329573,285.0
VIPV80_Wp400,SUMMER,21,10.0,work,98904.08333333331,18695.291666666668,10519.994305868426,2629.9985764671064,120.0
VIPV80_Wp400,SUMMER,21,10.0,public,78106.79166666673,21515.375000000007,23941.502468695377,4353.000448853704,482.5
VIPV80_Wp400,SUMMER,22,10.5,home,101443.91666666667,19262.25,4416.668499864187,1962.9637777174169,312.5
VIPV80_Wp400,SUMMER,22,10.5,work,99936.12500000003,13801.791666666668,7604.126913967212,1901.031728491803,105.0
VIPV80_Wp400,SUMMER,22,10.5,public,80244.12499999996,24597.416666666646,28230.73502192749,5132.860913077727,522.5
VIPV80_Wp400,SUMMER,23,11.0,home,94493.95833333333,25003.70833333333,5788.126335513396,2572.500593561509,450.0
VIPV80_Wp400,SUMMER,23,11.0,work,100357.04166666667,11091.333333333336,6066.446169962651,1516.6115424906627,65.0
VIPV80_Wp400,SUMMER,23,11.0,public,82999.95833333336,27098.83333333335,31311.79588969775,5693.0537981268635,607.5
VIPV80_Wp400,SUMMER,24,11.5,home,90817.37500000007,32672.79166666669,7634.730235868598,3393.2134381638243,485.0
VIPV80_Wp400,SUMMER,24,11.5,work,99174.24999999999,8349.791666666666,4593.7350579569165,1148.4337644892291,70.0
VIPV80_Wp400,SUMMER,24,11.5,public,82638.08333333331,28796.24999999999,32341.550916388995,5880.281984798003,605.0
VIPV80_Wp400,SUMMER,25,12.0,home,89850.70833333337,40247.79166666666,9468.503800491022,4208.223911329337,550.0
VIPV80_Wp400,SUMMER,25,12.0,work,98787.91666666666,8335.541666666666,4578.673175249776,1144.668293812444,122.5
VIPV80_Wp400,SUMMER,25,12.0,public,84128.54166666672,30483.500000000033,33974.41990249282,6177.167254998678,552.5
VIPV80_Wp400,SUMMER,26,12.5,home,89829.45833333339,45683.24999999996,10715.803557472615,4762.579358876721,495.0
VIPV80_Wp400,SUMMER,26,12.5,work,99195.70833333334,9036.624999999998,4857.2611240669,1214.315281016725,107.5
VIPV80_Wp400,SUMMER,26,12.5,public,82136.91666666663,28829.916666666704,32963.96963907562,5993.449025286478,582.5
VIPV80_Wp400,SUMMER,27,13.0,home,88042.875,47285.416666666635,11105.948367592142,4935.977052263179,582.5
VIPV80_Wp400,SUMMER,27,13.0,work,99730.79166666666,9712.875000000004,5069.302698585282,1267.3256746463205,107.5
VIPV80_Wp400,SUMMER,27,13.0,public,82352.12500000006,29580.41666666666,34271.24736054104,6231.13588373475,520.0
VIPV80_Wp400,SUMMER,28,13.5,home,91996.29166666664,52329.16666666667,12192.77787696801,5419.012389763549,570.0
VIPV80_Wp400,SUMMER,28,13.5,work,100001.37499999997,8587.458333333334,4509.674301255872,1127.418575313968,50.0
VIPV80_Wp400,SUMMER,28,13.5,public,80749.91666666664,29146.166666666664,33570.956511112825,6103.810274747781,507.5
VIPV80_Wp400,SUMMER,29,14.0,home,99501.66666666673,59576.08333333334,13789.160680119583,6128.5158578309165,782.5
VIPV80_Wp400,SUMMER,29,14.0,work,98866.66666666667,7480.33333333333,3941.5587304444894,985.3896826111223,70.0
VIPV80_Wp400,SUMMER,29,14.0,public,79215.66666666669,27679.916666666657,31957.441690406,5810.44394371018,502.5
VIPV80_Wp400,SUMMER,30,14.5,home,108270.33333333328,68101.83333333333,15638.148235159395,6950.288104515287,727.5
VIPV80_Wp400,SUMMER,30,14.5,work,97507.99999999997,6366.499999999998,3475.662632541298,868.9156581353245,27.5
VIPV80_Wp400,SUMMER,30,14.5,public,80336.75000000003,28382.708333333307,33243.943408621,6044.353347022,517.5
VIPV80_Wp400,SUMMER,31,15.0,home,117593.91666666669,73552.66666666663,16839.122828605254,7484.054590491236,827.5
VIPV80_Wp400,SUMMER,31,15.0,work,91686.49999999996,4731.833333333332,2678.2689867035033,669.5672466758758,20.0
VIPV80_Wp400,SUMMER,31,15.0,public,81718.04166666667,29014.33333333337,33725.77592759778,6131.959259563227,547.5
VIPV80_Wp400,SUMMER,32,15.5,home,133707.58333333334,83474.9166666667,19012.547163723688,8450.020961654942,990.0
VIPV80_Wp400,SUMMER,32,15.5,work,80435.49999999997,3303.0416666666674,1876.7962786626936,469.1990696656734,15.0
VIPV80_Wp400,SUMMER,32,15.5,public,80429.00000000001,28620.541666666686,33262.392668687855,6047.70775794324,522.5
VIPV80_Wp400,SUMMER,33,16.0,home,156339.54166666666,98667.70833333321,22174.03445777767,9855.126425678947,1180.0
VIPV80_Wp400,SUMMER,33,16.0,work,66042.70833333333,2458.9166666666665,1409.337322602862,352.3343306507155,5.0
VIPV80_Wp400,SUMMER,33,16.0,public,77951.87500000001,28347.33333333335,31523.815378414,5731.602796075266,515.0
VIPV80_Wp400,SUMMER,34,16.5,home,184778.25000000026,117069.45833333327,26126.67471823185,11611.855430325282,1305.0
VIPV80_Wp400,SUMMER,34,16.5,work,51021.125000000015,1661.625,955.5012305155802,238.87530762889506,12.5
VIPV80_Wp400,SUMMER,34,16.5,public,75897.20833333337,27704.750000000025,31439.24066786982,5716.225575976328,520.0
VIPV80_Wp400,SUMMER,35,17.0,home,213580.95833333328,130972.00000000004,39068.06822451154,13022.689408170516,1127.5
VIPV80_Wp400,SUMMER,35,17.0,work,36661.70833333336,1204.9583333333333,703.4159706221598,175.85399265553994,12.5
VIPV80_Wp400,SUMMER,35,17.0,public,74772.66666666661,27719.291666666693,32571.04280030518,5922.007781873677,540.0
VIPV80_Wp400,SUMMER,36,17.5,home,236372.16666666683,137431.3333333332,41342.3600017733,13780.786667257735,1025.0
VIPV80_Wp400,SUMMER,36,17.5,work,25871.458333333325,951.5833333333333,563.3087645311574,140.82719113278935,5.0
VIPV80_Wp400,SUMMER,36,17.5,public,71942.70833333336,26596.458333333336,30822.636967994138,5604.115812362579,430.0
VIPV80_Wp400,SUMMER,37,18.0,home,259490.9999999997,143779.4583333335,43303.259488143645,14434.41982938117,1027.5
VIPV80_Wp400,SUMMER,37,18.0,work,17447.833333333332,730.7083333333334,383.88002045374833,95.97000511343708,10.0
VIPV80_Wp400,SUMMER,37,18.0,public,70226.54166666664,24866.416666666664,28776.40913608804,5232.074388379646,385.0
VIPV80_Wp400,SUMMER,38,18.5,home,278456.95833333343,143834.83333333343,43497.86242966894,14499.287476556276,705.0
VIPV80_Wp400,SUMMER,38,18.5,work,12535.583333333336,421.5833333333333,226.04856574005595,56.51214143501399,2.5
VIPV80_Wp400,SUMMER,38,18.5,public,67790.45833333333,20664.33333333334,24106.605217548076,4383.019130463286,270.0
VIPV80_Wp400,SUMMER,39,19.0,home,292512.5833333334,137102.66666666672,41680.81752264744,13893.605840882441,555.0
VIPV80_Wp400,SUMMER,39,19.0,work,8569.166666666666,383.1666666666667,209.30039779504415,52.32509944876104,7.5
VIPV80_Wp400,SUMMER,39,19.0,public,66877.83333333333,17932.166666666668,21087.50204836717,3834.091281521305,240.0
VIPV80_Wp400,SUMMER,40,19.5,home,306004.6250000002,127950.3749999999,39117.25638867366,13039.085462891233,507.5
VIPV80_Wp400,SUMMER,40,19.5,work,6280.666666666666,469.0833333333333,242.78124857320887,60.69531214330222,2.5
VIPV80_Wp400,SUMMER,40,19.5,public,66180.2916666667,15333.958333333345,17961.52474870161,3265.7317724912014,195.0
VIPV80_Wp400,SUMMER,41,20.0,home,316222.7083333333,117820.99999999997,30163.96052955599,12065.584211822406,335.0
VIPV80_Wp400,SUMMER,41,20.0,work,4201.625,327.33333333333337,167.52224069801252,41.88056017450313,0.0
VIPV80_Wp400,SUMMER,41,20.0,public,65509.416666666664,12352.95833333333,14036.027586250619,2552.0050156819325,112.5
VIPV80_Wp400,SUMMER,42,20.5,home,324576.08333333343,106968.50000000012,27438.268315558027,10975.307326223223,340.0
VIPV80_Wp400,SUMMER,42,20.5,work,2921.8750000000005,85.375,50.5781643373409,12.644541084335225,0.0
VIPV80_Wp400,SUMMER,42,20.5,public,63650.41666666667,9733.750000000004,11271.14508413942,2049.299106207168,102.5
VIPV80_Wp400,SUMMER,43,21.0,home,332664.0416666667,95588.29166666663,24559.801438454364,9823.920575381759,260.0
VIPV80_Wp400,SUMMER,43,21.0,work,1744.4583333333335,100.95833333333333,65.93693182864675,16.484232957161687,2.5
VIPV80_Wp400,SUMMER,43,21.0,public,63078.833333333336,7629.708333333332,9088.663491850752,1652.484271245591,100.0
VIPV80_Wp400,SUMMER,44,21.5,home,339191.00000000006,81006.24999999997,20937.933605028924,8375.173442011584,247.5
VIPV80_Wp400,SUMMER,44,21.5,work,1206.3333333333333,63.58333333333333,41.45114417047969,10.362786042619922,0.0
VIPV80_Wp400,SUMMER,44,21.5,public,62586.08333333334,6195.416666666666,7606.489371552699,1382.9980675550355,42.5
VIPV80_Wp400,SUMMER,45,22.0,home,365127.9166666666,88891.87500000001,18270.526101361127,9135.263050680564,1142.5
VIPV80_Wp400,SUMMER,45,22.0,work,616.9166666666666,0.0,0.0,0.0,0.0
VIPV80_Wp400,SUMMER,45,22.0,public,64127.375000000015,7845.833333333333,9281.30646319882,1687.5102660361483,182.5
VIPV80_Wp400,SUMMER,46,22.5,home,403679.0833333333,112537.62500000006,22694.01846168113,11347.009230840566,1230.0
VIPV80_Wp400,SUMMER,46,22.5,work,171.375,0.0,0.0,0.0,0.0
VIPV80_Wp400,SUMMER,46,22.5,public,70232.87499999999,13319.625,15489.600171484488,2816.2909402699106,222.5
VIPV80_Wp400,SUMMER,47,23.0,home,439207.08333333343,133046.62499999994,26635.186525199344,13317.593262599672,1167.5
VIPV80_Wp400,SUMMER,47,23.0,work,17.625,0.0,0.0,0.0,0.0
VIPV80_Wp400,SUMMER,47,23.0,public,75460.0,16550.458333333332,19393.329685828976,3526.059942877993,197.5
VIPV80_Wp400,SUMMER,48,23.5,home,470858.6249999999,145927.2916666667,29243.574117016287,14621.787058508144,960.0
VIPV80_Wp400,SUMMER,48,23.5,work,0.0,0.0,0.0,0.0,0.0
VIPV80_Wp400,SUMMER,48,23.5,public,79565.20833333333,17518.625,21177.089665464227,3850.379939175312,142.5
VIPV80_Wp400,AUTUMN,1,0.0,home,353249.2083333333,74952.00000000001,11475.697922615816,7650.46528174389,1907.5
VIPV80_Wp400,AUTUMN,1,0.0,work,0.0,0.0,0.0,0.0,0.0
VIPV80_Wp400,AUTUMN,1,0.0,public,58312.5,8261.666666666668,9763.690340693216,1775.216425580586,357.5
VIPV80_Wp400,AUTUMN,2,0.5,home,404964.0416666667,119324.58333333328,17807.444349987076,11871.629566658035,1430.0
VIPV80_Wp400,AUTUMN,2,0.5,work,31.541666666666668,31.541666666666668,8.007757404795488,2.001939351198872,2.5
VIPV80_Wp400,AUTUMN,2,0.5,public,69450.0,18762.166666666668,21305.295380947373,3873.690069263155,312.5
VIPV80_Wp400,AUTUMN,3,1.0,home,430125.0,132871.08333333334,19834.782178977744,13223.188119318489,670.0
VIPV80_Wp400,AUTUMN,3,1.0,work,75.0,75.0,19.04090267983075,4.760225669957688,0.0
VIPV80_Wp400,AUTUMN,3,1.0,public,74550.0,21482.916666666675,25309.072569907556,4601.649558165004,137.5
VIPV80_Wp400,AUTUMN,4,1.5,home,439575.0,128774.24999999999,19459.939042785507,12973.292695190345,245.0
VIPV80_Wp400,AUTUMN,4,1.5,work,75.0,11.625,2.951339915373766,0.7378349788434415,0.0
VIPV80_Wp400,AUTUMN,4,1.5,public,76687.5,18071.708333333332,22565.265027276328,4102.775459504783,57.5
VIPV80_Wp400,AUTUMN,5,2.0,home,442800.0,117384.29166666666,18006.23931759999,12004.159545066661,75.0
VIPV80_Wp400,AUTUMN,5,2.0,work,75.0,0.0,0.0,0.0,0.0
VIPV80_Wp400,AUTUMN,5,2.0,public,77287.5,11362.499999999998,14684.131594017956,2669.842108003267,15.0
VIPV80_Wp400,AUTUMN,6,2.5,home,443400.0,102615.87499999991,15939.14798350492,10626.09865566996,10.0
VIPV80_Wp400,AUTUMN,6,2.5,work,75.0,0.0,0.0,0.0,0.0
VIPV80_Wp400,AUTUMN,6,2.5,public,77700.0,5807.916666666666,7624.133768129984,1386.2061396599968,10.0
VIPV80_Wp400,AUTUMN,7,3.0,home,443466.7916666666,85842.37500000003,13474.22498633371,8982.816657555813,0.0
VIPV80_Wp400,AUTUMN,7,3.0,work,93.25,18.25,10.402623840760008,2.600655960190002,2.5
VIPV80_Wp400,AUTUMN,7,3.0,public,77700.0,2289.2916666666665,3003.611072662596,546.1111041204719,0.0
VIPV80_Wp400,AUTUMN,8,3.5,home,443357.3333333334,68226.08333333336,10808.632539841823,7205.755026561209,0.0
VIPV80_Wp400,AUTUMN,8,3.5,work,150.0,75.0,42.750508934630176,10.687627233657544,0.0
VIPV80_Wp400,AUTUMN,8,3.5,public,77700.0,964.875,1266.3372830254877,230.24314236827053,0.0
VIPV80_Wp400,AUTUMN,9,4.0,home,442582.4166666666,50097.62499999998,8012.134697534194,5341.423131689465,0.0
VIPV80_Wp400,AUTUMN,9,4.0,work,298.8333333333333,223.83333333333334,122.93916400394141,30.734791000985354,12.5
VIPV80_Wp400,AUTUMN,9,4.0,public,77614.58333333333,303.0,347.69710664994136,63.217655754534796,5.0
VIPV80_Wp400,AUTUMN,10,4.5,home,440468.4583333334,33744.83333333335,5444.119859047459,3629.4132393649775,0.0
VIPV80_Wp400,AUTUMN,10,4.5,work,907.2500000000001,863.375,391.4094647985361,97.85236619963402,37.5
VIPV80_Wp400,AUTUMN,10,4.5,public,77303.29166666666,92.54166666666667,95.67421788521983,17.395312342767244,10.0
VIPV80_Wp400,AUTUMN,11,5.0,home,434470.2500000002,18502.208333333336,2998.3475880528554,1998.8983920352382,5.0
VIPV80_Wp400,AUTUMN,11,5.0,work,2412.25,2262.5416666666665,1042.7935794517127,260.6983948629282,75.0
VIPV80_Wp400,AUTUMN,11,5.0,public,77010.16666666669,892.2083333333334,575.4931349962719,104.6351154538676,47.5
VIPV80_Wp400,AUTUMN,12,5.5,home,424317.12500000006,3143.0833333333344,499.98540142785646,333.32360095190444,12.5
VIPV80_Wp400,AUTUMN,12,5.5,work,5495.791666666665,4911.5,2082.645801071425,520.6614502678563,130.0
VIPV80_Wp400,AUTUMN,12,5.5,public,76619.33333333334,1877.0833333333335,1456.396350293377,264.7993364169776,60.0
VIPV80_Wp400,AUTUMN,13,6.0,home,403453.66666666657,740.0833333333334,190.65490971736583,76.26196388694633,5.0
VIPV80_Wp400,AUTUMN,13,6.0,work,10403.625,8433.625,3587.0209914397165,896.7552478599291,240.0
VIPV80_Wp400,AUTUMN,13,6.0,public,76208.83333333336,4124.624999999999,3432.516808352566,624.0939651550117,172.5
VIPV80_Wp400,AUTUMN,14,6.5,home,370726.2500000003,838.8333333333334,220.3160834753234,88.12643339012938,12.5
VIPV80_Wp400,AUTUMN,14,6.5,work,20331.750000000015,15557.541666666664,6971.626992664392,1742.906748166098,405.0
VIPV80_Wp400,AUTUMN,14,6.5,public,75637.95833333337,8553.375,7131.91006950169,1296.7109217275802,265.0
VIPV80_Wp400,AUTUMN,15,7.0,home,312186.0416666667,1363.7083333333335,341.9219521170791,136.76878084683165,32.5
VIPV80_Wp400,AUTUMN,15,7.0,work,34515.04166666666,25397.958333333325,11602.149558746163,2900.537389686541,677.5
VIPV80_Wp400,AUTUMN,15,7.0,public,74621.74999999999,14511.499999999998,12303.377147531024,2236.9776631874543,475.0
VIPV80_Wp400,AUTUMN,16,7.5,home,242070.54166666637,1870.9999999999998,459.88336179543205,183.9533447181728,22.5
VIPV80_Wp400,AUTUMN,16,7.5,work,59600.5,43523.83333333333,19910.583134889275,4977.645783722319,842.5
VIPV80_Wp400,AUTUMN,16,7.5,public,76663.58333333326,24310.58333333332,20990.835244305188,3816.51549896458,615.0
VIPV80_Wp400,AUTUMN,17,8.0,home,190853.45833333328,2159.916666666667,921.8834405426779,230.47086013566948,35.0
VIPV80_Wp400,AUTUMN,17,8.0,work,81439.37499999997,53871.12500000003,25249.599369707394,6312.399842426848,515.0
VIPV80_Wp400,AUTUMN,17,8.0,public,82072.79166666669,30364.041666666682,28101.453446555533,5109.355172101004,512.5
VIPV80_Wp400,AUTUMN,18,8.5,home,160947.20833333337,3335.6666666666674,1375.2106528822117,343.8026632205529,95.0
VIPV80_Wp400,AUTUMN,18,8.5,work,91470.70833333334,47922.33333333332,23890.79550338991,5972.698875847477,302.5
VIPV80_Wp400,AUTUMN,18,8.5,public,86121.41666666667,28500.416666666675,29163.907936067368,5302.528715648611,477.5
VIPV80_Wp400,AUTUMN,19,9.0,home,138685.25,5560.624999999998,2275.0533120642463,568.7633280160616,132.5
VIPV80_Wp400,AUTUMN,19,9.0,work,97449.5,35939.16666666668,19156.421488632197,4789.105372158049,135.0
VIPV80_Wp400,AUTUMN,19,9.0,public,86457.49999999997,26129.666666666657,26674.071227604523,4849.831132291732,375.0
VIPV80_Wp400,AUTUMN,20,9.5,home,127019.08333333333,7986.874999999998,3288.78750867921,822.1968771698025,165.0
VIPV80_Wp400,AUTUMN,20,9.5,work,99589.625,26046.791666666664,14405.64061277691,3601.4101531942274,107.5
VIPV80_Wp400,AUTUMN,20,9.5,public,85174.08333333333,21928.00000000001,22847.57374872484,4154.104317949972,422.5
VIPV80_Wp400,AUTUMN,21,10.0,home,114878.16666666672,11778.25,4851.627275592681,1212.9068188981703,225.0
VIPV80_Wp400,AUTUMN,21,10.0,work,101176.87500000003,18770.87499999999,10594.858818243867,2648.7147045609668,100.0
VIPV80_Wp400,AUTUMN,21,10.0,public,85347.5,21060.583333333332,22883.724963090215,4160.677266016406,492.5
VIPV80_Wp400,AUTUMN,22,10.5,home,101087.8333333333,14596.125,6043.971448868783,1510.9928622171958,252.5
VIPV80_Wp400,AUTUMN,22,10.5,work,101589.12499999999,14352.999999999998,8162.570689322307,2040.6426723305767,77.5
VIPV80_Wp400,AUTUMN,22,10.5,public,85656.70833333324,25239.625000000004,28268.321819724748,5139.694876313587,512.5
VIPV80_Wp400,AUTUMN,23,11.0,home,92513.25000000006,20724.458333333343,4834.157023031559,2148.5142324584726,440.0
VIPV80_Wp400,AUTUMN,23,11.0,work,101701.95833333339,10883.0,6029.230277991992,1507.307569497998,67.5
VIPV80_Wp400,AUTUMN,23,11.0,public,85420.58333333334,26526.958333333332,28953.820860555537,5264.331065555543,500.0
VIPV80_Wp400,AUTUMN,24,11.5,home,88767.66666666669,30090.166666666664,6934.19544931973,3081.864644142101,532.5
VIPV80_Wp400,AUTUMN,24,11.5,work,100068.87500000001,8416.125,4482.921214994765,1120.7303037486913,90.0
VIPV80_Wp400,AUTUMN,24,11.5,public,85335.87499999999,26622.875,30024.617822965523,5459.021422357363,585.0
VIPV80_Wp400,AUTUMN,25,12.0,home,90095.66666666666,39838.87500000001,9203.008962113621,4090.2262053838235,575.0
VIPV80_Wp400,AUTUMN,25,12.0,work,99779.33333333333,8072.750000000002,4167.568515705453,1041.8921289263633,127.5
VIPV80_Wp400,AUTUMN,25,12.0,public,85098.0833333333,27610.416666666646,31204.695626623452,5673.581023022451,572.5
VIPV80_Wp400,AUTUMN,26,12.5,home,91701.9583333333,47429.12500000001,10990.579497664974,4884.701998962207,562.5
VIPV80_Wp400,AUTUMN,26,12.5,work,101367.70833333334,9160.125000000004,4613.3582626165735,1153.3395656541434,117.5
VIPV80_Wp400,AUTUMN,26,12.5,public,85376.41666666669,30101.33333333334,34806.12268620783,6328.3859429468785,620.0
VIPV80_Wp400,AUTUMN,27,13.0,home,91414.08333333333,50202.999999999985,11623.119265006264,5165.830784447226,645.0
VIPV80_Wp400,AUTUMN,27,13.0,work,102394.0833333333,9527.333333333332,4788.469782475621,1197.1174456189053,92.5
VIPV80_Wp400,AUTUMN,27,13.0,public,86518.58333333336,32123.625000000007,37029.75731831205,6732.68314878401,550.0
VIPV80_Wp400,AUTUMN,28,13.5,home,96455.25000000006,56741.99999999999,13036.509400730905,5794.00417810261,680.0
VIPV80_Wp400,AUTUMN,28,13.5,work,102754.74999999999,8826.458333333332,4677.573142550678,1169.3932856376696,75.0
VIPV80_Wp400,AUTUMN,28,13.5,public,86337.5,31313.583333333332,36973.553037497106,6722.464188635833,530.0
VIPV80_Wp400,AUTUMN,29,14.0,home,105562.41666666661,65918.20833333333,15021.127372313485,6676.056609917095,860.0
VIPV80_Wp400,AUTUMN,29,14.0,work,101565.70833333333,7637.958333333335,4230.720073662568,1057.680018415642,67.5
VIPV80_Wp400,AUTUMN,29,14.0,public,83541.74999999997,29420.75000000002,34396.377274006416,6253.886777092079,495.0
VIPV80_Wp400,AUTUMN,30,14.5,home,113815.87499999999,72463.87500000001,16367.18766657381,7274.305629588352,742.5
VIPV80_Wp400,AUTUMN,30,14.5,work,99558.16666666664,7212.75,3960.447400353905,990.1118500884762,30.0
VIPV80_Wp400,AUTUMN,30,14.5,public,81624.45833333328,28082.08333333335,33205.33200738746,6037.333092252257,517.5
VIPV80_Wp400,AUTUMN,31,15.0,home,125878.37500000006,79425.74999999997,19994.853586503785,7997.941434601506,845.0
VIPV80_Wp400,AUTUMN,31,15.0,work,93629.87500000001,5096.75,2919.7257992543846,729.9314498135961,15.0
VIPV80_Wp400,AUTUMN,31,15.0,public,80353.20833333333,27462.000000000022,32634.716094067568,5933.584744375918,532.5
VIPV80_Wp400,AUTUMN,32,15.5,home,143859.7916666667,90655.62500000001,22858.531164279735,9143.412465711874,1080.0
VIPV80_Wp400,AUTUMN,32,15.5,work,83442.2083333333,3851.666666666665,2232.15145044375,558.0378626109375,15.0
VIPV80_Wp400,AUTUMN,32,15.5,public,78436.29166666667,27679.333333333343,32924.528924313694,5986.277986238849,542.5
VIPV80_Wp400,AUTUMN,33,16.0,home,168198.62500000003,105986.75000000015,26579.108230988193,10631.643292395263,1227.5
VIPV80_Wp400,AUTUMN,33,16.0,work,68706.83333333333,2636.4583333333335,1502.7040660913442,375.67601652283605,15.0
VIPV80_Wp400,AUTUMN,33,16.0,public,77462.20833333328,29991.95833333334,34190.85653327197,6216.51936968581,562.5
VIPV80_Wp400,AUTUMN,34,16.5,home,197524.37500000012,124897.16666666642,31159.310543004238,12463.7242172017,1380.0
VIPV80_Wp400,AUTUMN,34,16.5,work,53032.250000000015,1568.0833333333335,927.2608531157107,231.81521327892767,10.0
VIPV80_Wp400,AUTUMN,34,16.5,public,77617.95833333331,31026.16666666667,35167.1808185846,6394.032876106282,495.0
VIPV80_Wp400,AUTUMN,35,17.0,home,229620.91666666654,143241.66666666683,35607.76880181416,14243.10752072563,1345.0
VIPV80_Wp400,AUTUMN,35,17.0,work,38812.91666666668,1266.8333333333335,687.9156735668441,171.97891839171103,12.5
VIPV80_Wp400,AUTUMN,35,17.0,public,74233.41666666669,27727.208333333336,32964.42055566528,5993.531010120966,495.0
VIPV80_Wp400,AUTUMN,36,17.5,home,259009.16666666672,156301.66666666657,38919.866221404875,15567.946488561915,1222.5
VIPV80_Wp400,AUTUMN,36,17.5,work,27571.249999999996,995.8333333333334,546.6612705567412,136.6653176391853,12.5
VIPV80_Wp400,AUTUMN,36,17.5,public,71731.0416666667,25541.125000000004,31040.632576807293,5643.75137760133,447.5
VIPV80_Wp400,AUTUMN,37,18.0,home,286408.7916666667,164369.41666666683,41196.25716895281,16478.50286758109,1127.5
VIPV80_Wp400,AUTUMN,37,18.0,work,18866.20833333333,731.4583333333333,419.68277776335634,104.92069444083909,5.0
VIPV80_Wp400,AUTUMN,37,18.0,public,70771.37499999996,25455.04166666666,30412.24341741311,5529.498803166024,400.0
VIPV80_Wp400,AUTUMN,38,18.5,home,307600.75000000006,162535.74999999988,40980.09681277572,16392.038725110255,802.5
VIPV80_Wp400,AUTUMN,38,18.5,work,13329.541666666668,621.0833333333334,341.79494172336643,85.44873543084161,0.0
VIPV80_Wp400,AUTUMN,38,18.5,public,69685.50000000001,23437.70833333334,27327.79556019619,4968.690101853853,337.5
VIPV80_Wp400,AUTUMN,39,19.0,home,323359.875,155285.41666666677,39352.57884448751,15741.031537794917,655.0
VIPV80_Wp400,AUTUMN,39,19.0,work,8797.874999999998,524.125,301.9290979793193,75.48227449482982,7.5
VIPV80_Wp400,AUTUMN,39,19.0,public,69174.20833333333,20655.41666666666,23946.691950183893,4353.943990942521,227.5
VIPV80_Wp400,AUTUMN,40,19.5,home,337894.08333333343,145201.95833333334,37002.017558603606,14800.807023441357,575.0
VIPV80_Wp400,AUTUMN,40,19.5,work,6249.541666666667,663.25,377.31162481298867,94.32790620324717,7.5
VIPV80_Wp400,AUTUMN,40,19.5,public,66540.79166666669,15442.666666666672,18373.577391251747,3340.650434773043,155.0
VIPV80_Wp400,AUTUMN,41,20.0,home,349857.75000000006,133122.12499999997,34141.25164105006,13656.500656419981,357.5
VIPV80_Wp400,AUTUMN,41,20.0,work,4631.458333333333,555.8333333333334,309.1829214364535,77.29573035911338,0.0
VIPV80_Wp400,AUTUMN,41,20.0,public,66444.29166666666,11489.250000000004,13771.990392227031,2503.9982531321875,115.0
VIPV80_Wp400,AUTUMN,42,20.5,home,358110.625,119153.66666666664,30735.806678611894,12294.322671444752,337.5
VIPV80_Wp400,AUTUMN,42,20.5,work,3083.4583333333335,108.83333333333333,68.89646232542572,17.22411558135643,0.0
VIPV80_Wp400,AUTUMN,42,20.5,public,65332.541666666686,9211.416666666666,11003.57750458816,2000.6504553796663,117.5
VIPV80_Wp400,AUTUMN,43,21.0,home,366280.7083333334,105261.20833333342,21802.32275158959,10901.161375794793,300.0
VIPV80_Wp400,AUTUMN,43,21.0,work,1929.7500000000005,100.95833333333333,73.7989104265939,18.449727606648477,2.5
VIPV80_Wp400,AUTUMN,43,21.0,public,64748.45833333332,8009.75,9839.75828842026,1789.0469615309576,87.5
VIPV80_Wp400,AUTUMN,44,21.5,home,373656.1666666667,92128.5,19159.553504567175,9579.776752283586,252.5
VIPV80_Wp400,AUTUMN,44,21.5,work,1296.2916666666665,63.58333333333333,46.48717823905361,11.621794559763403,0.0
VIPV80_Wp400,AUTUMN,44,21.5,public,64173.16666666666,6073.5,7603.457159507223,1382.44675627404,55.0
VIPV80_Wp400,AUTUMN,45,22.0,home,382270.6250000001,82022.20833333327,17039.176958145326,8519.588479072663,262.5
VIPV80_Wp400,AUTUMN,45,22.0,work,713.2916666666667,0.0,0.0,0.0,0.0
VIPV80_Wp400,AUTUMN,45,22.0,public,63880.79166666667,5110.374999999999,6263.731889661674,1138.8603435748494,37.5
VIPV80_Wp400,AUTUMN,46,22.5,home,388675.33333333326,72127.625,15037.065959082163,7518.532979541082,165.0
VIPV80_Wp400,AUTUMN,46,22.5,work,193.66666666666666,0.0,0.0,0.0,0.0
VIPV80_Wp400,AUTUMN,46,22.5,public,64133.12500000001,4140.875,5315.523043361682,966.4587351566698,20.0
VIPV80_Wp400,AUTUMN,47,23.0,home,392766.5416666667,61155.45833333331,12902.039205411724,6451.019602705862,150.0
VIPV80_Wp400,AUTUMN,47,23.0,work,92.625,0.0,0.0,0.0,0.0
VIPV80_Wp400,AUTUMN,47,23.0,public,63735.54166666667,2748.4166666666665,3724.518532337018,677.1851876976398,20.0
VIPV80_Wp400,AUTUMN,48,23.5,home,398050.7916666667,52160.50000000002,11113.693804154593,5556.846902077296,172.5
VIPV80_Wp400,AUTUMN,48,23.5,work,32.666666666666664,0.0,0.0,0.0,0.0
VIPV80_Wp400,AUTUMN,48,23.5,public,63731.125,2351.208333333333,3201.023643383395,582.0042987969808,10.0
VIPV80_Wp400,WINTER,1,0.0,home,418441.87500000006,129121.95833333334,26159.108673502753,13079.554336751376,532.5
VIPV80_Wp400,WINTER,1,0.0,work,0.0,0.0,0.0,0.0,0.0
VIPV80_Wp400,WINTER,1,0.0,public,71184.5,15353.958333333332,18602.22197302513,3382.2221769136618,112.5
VIPV80_Wp400,WINTER,2,0.5,home,429181.8333333334,122362.25000000003,25007.765564563393,12503.882782281697,312.5
VIPV80_Wp400,WINTER,2,0.5,work,20.041666666666668,20.041666666666668,7.467011642949547,1.8667529107373868,2.5
VIPV80_Wp400,WINTER,2,0.5,public,72787.5,11155.583333333332,13743.556877455561,2498.828523173737,42.5
VIPV80_Wp400,WINTER,3,1.0,home,434325.0,110235.33333333334,22750.744275535908,11375.372137767954,130.0
VIPV80_Wp400,WINTER,3,1.0,work,75.0,75.0,27.943078913324708,6.985769728331177,0.0
VIPV80_Wp400,WINTER,3,1.0,public,73500.0,6867.291666666667,8746.000819054534,1590.1819671008247,17.5
VIPV80_Wp400,WINTER,4,1.5,home,436200.0,94849.75,19772.681784449745,9886.340892224873,42.5
VIPV80_Wp400,WINTER,4,1.5,work,75.0,66.0,24.589909443725745,6.147477360931436,0.0
VIPV80_Wp400,WINTER,4,1.5,public,74025.0,3899.208333333333,5045.083854707958,917.2879735832654,10.0
VIPV80_Wp400,WINTER,5,2.0,home,436875.0,77559.91666666667,16276.894854064969,8138.4474270324845,20.0
VIPV80_Wp400,WINTER,5,2.0,work,75.0,0.0,0.0,0.0,0.0
VIPV80_Wp400,WINTER,5,2.0,public,74100.0,2322.416666666667,3006.8753090179007,546.7046016396183,2.5
VIPV80_Wp400,WINTER,6,2.5,home,437062.5,62396.08333333334,13180.752655945946,6590.376327972973,5.0
VIPV80_Wp400,WINTER,6,2.5,work,75.0,0.0,0.0,0.0,0.0
VIPV80_Wp400,WINTER,6,2.5,public,74100.0,927.375,1227.1009068315593,223.10925578755626,0.0
VIPV80_Wp400,WINTER,7,3.0,home,437100.0,46044.66666666667,9784.948275076127,4892.474137538064,0.0
VIPV80_Wp400,WINTER,7,3.0,work,75.0,0.0,0.0,0.0,0.0
VIPV80_Wp400,WINTER,7,3.0,public,74100.0,175.20833333333334,228.8595876731504,41.61083412239098,0.0
VIPV80_Wp400,WINTER,8,3.5,home,436969.4583333333,31766.70833333333,6803.95500556865,3401.977502784325,0.0
VIPV80_Wp400,WINTER,8,3.5,work,75.0,0.0,0.0,0.0,0.0
VIPV80_Wp400,WINTER,8,3.5,public,74100.0,0.0,0.0,0.0,0.0
VIPV80_Wp400,WINTER,9,4.0,home,436263.70833333326,20959.708333333332,4519.460199139651,2259.7300995698256,0.0
VIPV80_Wp400,WINTER,9,4.0,work,205.20833333333334,130.20833333333334,41.973011590918176,10.493252897729544,17.5
VIPV80_Wp400,WINTER,9,4.0,public,74182.20833333333,174.75,164.92588053186716,29.986523733066758,10.0
VIPV80_Wp400,WINTER,10,4.5,home,434445.1666666666,11408.249999999998,2472.6120700685424,1236.3060350342712,0.0
VIPV80_Wp400,WINTER,10,4.5,work,1181.875,1071.0,388.8326004690529,97.20815011726323,42.5
VIPV80_Wp400,WINTER,10,4.5,public,74357.66666666667,633.9166666666667,590.9359847683215,107.44290632151304,17.5
VIPV80_Wp400,WINTER,11,5.0,home,429315.5,4593.499999999998,994.3686956084748,497.1843478042374,5.0
VIPV80_Wp400,WINTER,11,5.0,work,2891.416666666666,2409.666666666666,1002.2271654593347,250.55679136483369,82.5
VIPV80_Wp400,WINTER,11,5.0,public,73568.50000000001,1004.3333333333334,845.8569523816224,153.79217316029496,32.5
VIPV80_Wp400,WINTER,12,5.5,home,420316.875,1216.125,261.6291539645643,130.81457698228212,7.5
VIPV80_Wp400,WINTER,12,5.5,work,6574.916666666663,5353.791666666664,2325.1526128973355,581.2881532243339,155.0
VIPV80_Wp400,WINTER,12,5.5,public,72911.04166666667,1745.1666666666665,1616.4225797745648,293.89501450446636,85.0
VIPV80_Wp400,WINTER,13,6.0,home,398534.66666666657,798.1666666666667,210.47774534309414,84.19109813723766,0.0
VIPV80_Wp400,WINTER,13,6.0,work,12547.874999999996,10016.666666666666,4514.328118948975,1128.5820297372438,325.0
VIPV80_Wp400,WINTER,13,6.0,public,73509.37500000001,4647.041666666667,4394.212670967591,798.9477583577429,175.0
VIPV80_Wp400,WINTER,14,6.5,home,366302.7500000001,558.7083333333334,144.88415025502866,57.95366010201146,7.5
VIPV80_Wp400,WINTER,14,6.5,work,24906.04166666668,19572.500000000007,8797.204963195887,2199.301240798972,422.5
VIPV80_Wp400,WINTER,14,6.5,public,73426.83333333331,8896.249999999998,8397.642221025726,1526.844040186495,260.0
VIPV80_Wp400,WINTER,15,7.0,home,309048.37499999994,775.25,196.00096014312263,78.40038405724906,15.0
VIPV80_Wp400,WINTER,15,7.0,work,39349.75,28895.333333333354,13488.703999626667,3372.1759999066667,675.0
VIPV80_Wp400,WINTER,15,7.0,public,73475.83333333336,15547.208333333327,14514.395240258127,2638.9809527742027,540.0
VIPV80_Wp400,WINTER,16,7.5,home,238102.70833333334,1132.8333333333333,277.2708624465882,110.90834497863528,25.0
VIPV80_Wp400,WINTER,16,7.5,work,64372.74999999998,45961.70833333335,21654.348054746366,5413.5870136865915,870.0
VIPV80_Wp400,WINTER,16,7.5,public,76070.62499999997,25833.708333333325,23044.23696229006,4189.861265870925,602.5
VIPV80_Wp400,WINTER,17,8.0,home,186534.95833333326,1755.2083333333335,628.9228941291362,179.69225546546747,42.5
VIPV80_Wp400,WINTER,17,8.0,work,86203.45833333337,56334.95833333332,27075.061899532582,6768.7654748831455,510.0
VIPV80_Wp400,WINTER,17,8.0,public,82617.5416666667,31485.624999999985,29876.647004763396,5432.117637229705,585.0
VIPV80_Wp400,WINTER,18,8.5,home,157723.54166666674,2953.791666666667,1037.4999308978843,296.4285516851097,90.0
VIPV80_Wp400,WINTER,18,8.5,work,96372.91666666667,50360.24999999998,25820.42692202385,6455.106730505962,292.5
VIPV80_Wp400,WINTER,18,8.5,public,86187.16666666669,30741.500000000004,30530.03928596897,5550.916233812542,427.5
VIPV80_Wp400,WINTER,19,9.0,home,136995.41666666663,5337.666666666665,1895.2862865931868,541.5103675980536,142.5
VIPV80_Wp400,WINTER,19,9.0,work,102163.04166666669,40647.749999999985,21923.04292084529,5480.760730211323,162.5
VIPV80_Wp400,WINTER,19,9.0,public,86702.91666666664,26324.624999999993,26401.379839339912,4800.250879879977,417.5
VIPV80_Wp400,WINTER,20,9.5,home,126546.12500000001,8709.166666666668,3135.157925130433,895.7594071801245,182.5
VIPV80_Wp400,WINTER,20,9.5,work,104954.00000000001,30231.75000000001,16859.624990797143,4214.906247699286,95.0
VIPV80_Wp400,WINTER,20,9.5,public,88163.70833333331,23178.749999999993,23358.427342735828,4246.9867895883335,465.0
VIPV80_Wp400,WINTER,21,10.0,home,115359.37499999997,13038.041666666672,4640.933839787199,1325.981097082056,247.5
VIPV80_Wp400,WINTER,21,10.0,work,105688.1666666666,21935.49999999999,12527.74854657856,3131.93713664464,112.5
VIPV80_Wp400,WINTER,21,10.0,public,88695.83333333331,22694.583333333325,24463.382104514505,4447.887655366272,457.5
VIPV80_Wp400,WINTER,22,10.5,home,102431.49999999997,16906.916666666668,6029.725673926753,1722.778763979073,270.0
VIPV80_Wp400,WINTER,22,10.5,work,107243.83333333334,17585.208333333336,9900.855148323755,2475.213787080939,140.0
VIPV80_Wp400,WINTER,22,10.5,public,90257.66666666661,25792.458333333325,27711.35401419435,5038.428002580788,577.5
VIPV80_Wp400,WINTER,23,11.0,home,94736.29166666666,22984.33333333332,8291.629224712236,2369.0369213463505,447.5
VIPV80_Wp400,WINTER,23,11.0,work,108466.24999999999,14240.166666666672,7825.313616359174,1956.3284040897936,70.0
VIPV80_Wp400,WINTER,23,11.0,public,92935.4166666667,28832.58333333333,31159.53490798754,5665.369983270463,625.0
VIPV80_Wp400,WINTER,24,11.5,home,90321.2083333333,31352.874999999967,11319.481692164189,3234.13762633263,512.5
VIPV80_Wp400,WINTER,24,11.5,work,107077.25,10962.791666666666,6037.006600342393,1509.2516500855982,87.5
VIPV80_Wp400,WINTER,24,11.5,public,92408.62500000003,28994.708333333318,32967.62443166331,5994.1135330296975,652.5
VIPV80_Wp400,WINTER,25,12.0,home,89428.99999999988,39150.45833333336,10057.507491764094,4023.002996705638,567.5
VIPV80_Wp400,WINTER,25,12.0,work,107133.79166666667,11014.583333333334,5750.169522925224,1437.542380731306,127.5
VIPV80_Wp400,WINTER,25,12.0,public,92720.33333333336,31198.041666666682,36138.703336694794,6570.673333944499,607.5
VIPV80_Wp400,WINTER,26,12.5,home,89839.66666666669,46108.875,11896.977554407998,4758.791021763204,562.5
VIPV80_Wp400,WINTER,26,12.5,work,107751.91666666666,10420.041666666668,5406.995539486269,1351.7488848715673,140.0
VIPV80_Wp400,WINTER,26,12.5,public,89943.37499999999,31023.29166666667,34668.43796359045,6303.352357016443,582.5
VIPV80_Wp400,WINTER,27,13.0,home,89788.62500000004,51525.20833333334,13267.73585173512,5307.09434069404,637.5
VIPV80_Wp400,WINTER,27,13.0,work,109322.08333333327,11021.791666666672,5382.979546673606,1345.7448866684015,117.5
VIPV80_Wp400,WINTER,27,13.0,public,91415.70833333336,31947.625000000004,36320.071144841066,6603.649299062017,562.5
VIPV80_Wp400,WINTER,28,13.5,home,95034.91666666676,58640.33333333326,14902.783068917026,5961.113227566805,645.0
VIPV80_Wp400,WINTER,28,13.5,work,109329.875,9660.583333333332,4949.146518391434,1237.2866295978586,70.0
VIPV80_Wp400,WINTER,28,13.5,public,89077.79166666667,30917.874999999996,36373.75623960036,6613.41022538188,550.0
VIPV80_Wp400,WINTER,29,14.0,home,103717.29166666669,66397.54166666664,16801.92190366426,6720.7687614657025,835.0
VIPV80_Wp400,WINTER,29,14.0,work,107331.5833333333,7914.749999999998,4191.570611511951,1047.8926528779878,65.0
VIPV80_Wp400,WINTER,29,14.0,public,85593.91666666677,29196.541666666664,34625.229421579315,6295.496258468971,547.5
VIPV80_Wp400,WINTER,30,14.5,home,112621.33333333337,73172.58333333333,18297.311521950694,7318.924608780265,760.0
VIPV80_Wp400,WINTER,30,14.5,work,104732.74999999997,6393.833333333334,3447.2964654614734,861.8241163653684,32.5
VIPV80_Wp400,WINTER,30,14.5,public,83804.79166666666,29570.66666666666,35250.03622880884,6409.097496147047,515.0
VIPV80_Wp400,WINTER,31,15.0,home,125303.20833333342,80732.08333333336,20174.614127888322,8069.84565115534,872.5
VIPV80_Wp400,WINTER,31,15.0,work,97275.87500000003,4567.875000000001,2610.9086550204174,652.7271637551044,10.0
VIPV80_Wp400,WINTER,31,15.0,public,83474.0,29562.000000000022,35159.39918037791,6392.618032795984,587.5
VIPV80_Wp400,WINTER,32,15.5,home,144071.12499999994,92488.45833333334,23120.949119719204,9248.379647887687,1162.5
VIPV80_Wp400,WINTER,32,15.5,work,85165.16666666667,3297.8750000000005,1887.2125997493363,471.80314993733407,20.0
VIPV80_Wp400,WINTER,32,15.5,public,82227.45833333334,30396.291666666675,34854.897459139225,6337.254083479852,575.0
VIPV80_Wp400,WINTER,33,16.0,home,170073.62500000003,108350.33333333337,32282.67183631497,10760.890612105015,1195.0
VIPV80_Wp400,WINTER,33,16.0,work,70176.54166666666,2526.4166666666665,1365.237120244039,341.30928006100976,20.0
VIPV80_Wp400,WINTER,33,16.0,public,80515.4583333333,30361.41666666668,34066.886567387664,6193.979375888661,555.0
VIPV80_Wp400,WINTER,34,16.5,home,197639.1250000001,123555.41666666654,36939.984313906985,12313.328104635675,1335.0
VIPV80_Wp400,WINTER,34,16.5,work,55422.45833333332,1741.0416666666667,873.9497956063143,218.48744890157857,2.5
VIPV80_Wp400,WINTER,34,16.5,public,80043.20833333333,30933.66666666668,35848.37820470195,6517.886946309437,547.5
VIPV80_Wp400,WINTER,35,17.0,home,228341.91666666654,140298.5000000002,41980.25099465654,13993.41699821887,1222.5
VIPV80_Wp400,WINTER,35,17.0,work,40716.08333333332,1110.9583333333333,620.3539322552007,155.08848306380017,15.0
VIPV80_Wp400,WINTER,35,17.0,public,75992.54166666666,29543.958333333343,34598.70143708475,6290.6729885608665,532.5
VIPV80_Wp400,WINTER,36,17.5,home,254450.45833333363,151525.91666666677,45532.83218656493,15177.610728855023,1140.0
VIPV80_Wp400,WINTER,36,17.5,work,28832.583333333336,855.875,465.83821224558676,116.45955306139669,5.0
VIPV80_Wp400,WINTER,36,17.5,public,73956.12499999999,27792.291666666664,33046.88579234609,6008.524689517463,457.5
VIPV80_Wp400,WINTER,37,18.0,home,280180.3333333333,158389.95833333326,47895.33360842338,15965.111202807862,1037.5
VIPV80_Wp400,WINTER,37,18.0,work,19874.375,881.0416666666669,478.9991601620819,119.74979004052048,25.0
VIPV80_Wp400,WINTER,37,18.0,public,71769.91666666667,25743.624999999996,30309.93396237873,5510.897084068865,387.5
VIPV80_Wp400,WINTER,38,18.5,home,300421.95833333343,156890.45833333346,47617.97261869469,15872.65753956493,777.5
VIPV80_Wp400,WINTER,38,18.5,work,13663.0,811.0,437.3899768368213,109.34749420920532,2.5
VIPV80_Wp400,WINTER,38,18.5,public,69181.625,22272.16666666666,26504.063935152986,4818.920715482354,302.5
VIPV80_Wp400,WINTER,39,19.0,home,315943.3749999998,150203.16666666657,45851.46195585985,15283.820651953256,612.5
VIPV80_Wp400,WINTER,39,19.0,work,9207.541666666666,735.8333333333333,443.16602539864334,110.79150634966084,7.5
VIPV80_Wp400,WINTER,39,19.0,public,67934.12500000003,20024.91666666666,24552.73545518281,4464.1337191241455,207.5
VIPV80_Wp400,WINTER,40,19.5,home,330925.2916666668,140374.95833333334,43115.74738726758,14371.915795755842,592.5
VIPV80_Wp400,WINTER,40,19.5,work,6622.999999999998,574.3333333333334,359.88365746343766,89.97091436585941,5.0
VIPV80_Wp400,WINTER,40,19.5,public,65695.33333333333,16326.749999999995,19958.375712763882,3628.795584138889,197.5
VIPV80_Wp400,WINTER,41,20.0,home,344472.16666666645,131920.0833333333,27098.767477491783,13549.383738745892,407.5
VIPV80_Wp400,WINTER,41,20.0,work,4790.666666666666,463.5416666666667,295.09488076108875,73.77372019027219,0.0
VIPV80_Wp400,WINTER,41,20.0,public,65888.20833333331,13385.45833333334,16392.61198662357,2980.47490665883,97.5
VIPV80_Wp400,WINTER,42,20.5,home,354147.25,120406.91666666664,24839.91437035239,12419.957185176196,392.5
VIPV80_Wp400,WINTER,42,20.5,work,3423.9583333333335,318.66666666666663,210.49006355393846,52.622515888484614,0.0
VIPV80_Wp400,WINTER,42,20.5,public,64514.95833333335,10270.458333333328,12441.67667401249,2262.123031638636,112.5
VIPV80_Wp400,WINTER,43,21.0,home,362847.75000000006,109265.62499999999,22597.271486574627,11298.635743287314,277.5
VIPV80_Wp400,WINTER,43,21.0,work,2339.4166666666665,169.125,109.54576955647698,27.386442389119246,2.5
VIPV80_Wp400,WINTER,43,21.0,public,64129.87500000002,8023.083333333333,9856.85606770695,1792.155648673991,87.5
VIPV80_Wp400,WINTER,44,21.5,home,369334.625,95448.29166666663,19831.90280858512,9915.95140429256,245.0
VIPV80_Wp400,WINTER,44,21.5,work,1702.2083333333335,16.75,11.920774959434452,2.980193739858613,0.0
VIPV80_Wp400,WINTER,44,21.5,public,64056.16666666668,6562.333333333336,7938.404217810002,1443.3462214199992,52.5
VIPV80_Wp400,WINTER,45,22.0,home,396338.49999999977,101464.24999999996,20863.553260630324,10431.776630315162,1170.0
VIPV80_Wp400,WINTER,45,22.0,work,1090.4583333333335,0.0,0.0,0.0,0.0
VIPV80_Wp400,WINTER,45,22.0,public,65518.79166666667,7446.333333333333,9003.11975073639,1636.9308637702534,170.0
VIPV80_Wp400,WINTER,46,22.5,home,438010.95833333314,126181.04166666667,25471.153595726093,12735.576797863047,1350.0
VIPV80_Wp400,WINTER,46,22.5,work,453.9166666666667,0.0,0.0,0.0,0.0
VIPV80_Wp400,WINTER,46,22.5,public,71852.25000000001,12796.749999999998,14974.510572126814,2722.6382858412367,235.0
VIPV80_Wp400,WINTER,47,23.0,home,476487.125,146801.95833333337,29377.08715415071,14688.543577075356,1245.0
VIPV80_Wp400,WINTER,47,23.0,work,114.79166666666667,0.0,0.0,0.0,0.0
VIPV80_Wp400,WINTER,47,23.0,public,78794.45833333333,18296.333333333336,21616.836647960372,3930.3339359927995,272.5
VIPV80_Wp400,WINTER,48,23.5,home,508127.0416666666,158249.37499999997,31719.384785494793,15859.692392747396,960.0
VIPV80_Wp400,WINTER,48,23.5,work,32.666666666666664,0.0,0.0,0.0,0.0
VIPV80_Wp400,WINTER,48,23.5,public,84539.125,20579.666666666668,24764.474627411364,4502.631750438432,170.0
VIPV80_Wp700,SPRING,1,0.0,home,290315.25000000006,63461.29166666667,8044.1473190110455,6435.317855208834,1675.0
VIPV80_Wp700,SPRING,1,0.0,work,0.0,0.0,0.0,0.0,0.0
VIPV80_Wp700,SPRING,1,0.0,public,48459.5,7597.916666666668,8721.012344619381,1585.6386081126152,312.5
VIPV80_Wp700,SPRING,2,0.5,home,335808.0416666666,102888.50000000003,12786.518021371448,10229.21441709714,1297.5
VIPV80_Wp700,SPRING,2,0.5,work,0.0,0.0,0.0,0.0,0.0
VIPV80_Wp700,SPRING,2,0.5,public,57075.0,15670.16666666667,17887.610096664863,3252.2927448481573,252.5
VIPV80_Wp700,SPRING,3,1.0,home,358087.5,117244.12499999999,14541.814698755916,11633.451759004744,575.0
VIPV80_Wp700,SPRING,3,1.0,work,0.0,0.0,0.0,0.0,0.0
VIPV80_Wp700,SPRING,3,1.0,public,61275.0,17882.375,21279.124000107502,3868.9316363831836,115.0
VIPV80_Wp700,SPRING,4,1.5,home,366562.5,114562.45833333331,14377.520492164023,11502.016393731217,215.0
VIPV80_Wp700,SPRING,4,1.5,work,0.0,0.0,0.0,0.0,0.0
VIPV80_Wp700,SPRING,4,1.5,public,63279.45833333333,15147.333333333328,18906.39585729562,3437.5265195082925,52.5
VIPV80_Wp700,SPRING,5,2.0,home,369862.5,103947.33333333331,13253.889283187245,10603.111426549809,82.5
VIPV80_Wp700,SPRING,5,2.0,work,0.0,0.0,0.0,0.0,0.0
VIPV80_Wp700,SPRING,5,2.0,public,64050.0,9957.875000000002,12744.115992151523,2317.111998573002,17.5
VIPV80_Wp700,SPRING,6,2.5,home,370800.0,90710.62499999994,11729.733112506518,9383.786490005226,20.0
VIPV80_Wp700,SPRING,6,2.5,work,0.0,0.0,0.0,0.0,0.0
VIPV80_Wp700,SPRING,6,2.5,public,64162.5,4721.666666666668,6132.344644997139,1114.9717536358435,2.5
VIPV80_Wp700,SPRING,7,3.0,home,370904.2916666666,77040.00000000009,10050.52115876134,8040.416927009056,2.5
VIPV80_Wp700,SPRING,7,3.0,work,0.0,0.0,0.0,0.0,0.0
VIPV80_Wp700,SPRING,7,3.0,public,64200.0,1726.541666666667,2268.292270716871,412.4167764939767,0.0
VIPV80_Wp700,SPRING,8,3.5,home,370784.5833333334,60460.50000000004,7963.360522510116,6370.688418008085,0.0
VIPV80_Wp700,SPRING,8,3.5,work,0.0,0.0,0.0,0.0,0.0
VIPV80_Wp700,SPRING,8,3.5,public,64200.0,573.7500000000001,764.9382371292706,139.07967947804923,0.0
VIPV80_Wp700,SPRING,9,4.0,home,370138.8749999999,44243.62499999998,5880.405160130658,4704.324128104529,0.0
VIPV80_Wp700,SPRING,9,4.0,work,55.41666666666667,55.41666666666667,16.428622433836413,4.107155608459103,10.0
VIPV80_Wp700,SPRING,9,4.0,public,64162.791666666664,258.5833333333333,315.0005619442806,57.272829444414654,5.0
VIPV80_Wp700,SPRING,10,4.5,home,368496.875,28569.500000000004,3832.248327032685,3065.7986616261446,0.0
VIPV80_Wp700,SPRING,10,4.5,work,626.8750000000001,593.8750000000001,251.0357350266482,62.75893375666205,25.0
VIPV80_Wp700,SPRING,10,4.5,public,63972.416666666664,160.375,135.10416596633212,24.564393812060384,5.0
VIPV80_Wp700,SPRING,11,5.0,home,363794.5416666666,15078.666666666682,2036.2486614520317,1628.998929161627,5.0
VIPV80_Wp700,SPRING,11,5.0,work,1838.0,1626.0416666666667,675.6181674684225,168.90454186710562,72.5
VIPV80_Wp700,SPRING,11,5.0,public,63480.5,780.0833333333333,700.359425400019,127.33807734545803,37.5
VIPV80_Wp700,SPRING,12,5.5,home,355689.37499999994,2730.2916666666665,366.31342168536054,293.0507373482885,10.0
VIPV80_Wp700,SPRING,12,5.5,work,5012.124999999998,4354.75,1878.0596282436663,469.5149070609166,130.0
VIPV80_Wp700,SPRING,12,5.5,public,62853.91666666668,1603.2499999999995,1531.738831307214,278.49796932858436,45.0
VIPV80_Wp700,SPRING,13,6.0,home,338069.1666666666,525.0,134.16289107217182,53.665156428868734,0.0
VIPV80_Wp700,SPRING,13,6.0,work,10596.125,8662.541666666668,4065.1748728513817,1016.2937182128454,300.0
VIPV80_Wp700,SPRING,13,6.0,public,62142.83333333332,3377.9583333333326,3258.1581937164387,592.3923988575341,150.0
VIPV80_Wp700,SPRING,14,6.5,home,310142.2500000002,582.3333333333333,145.6649765442565,58.265990617702585,7.5
VIPV80_Wp700,SPRING,14,6.5,work,20898.333333333332,16921.083333333332,8323.449356049725,2080.862339012431,385.0
VIPV80_Wp700,SPRING,14,6.5,public,62014.29166666667,7318.416666666666,6811.441751294762,1238.4439547808652,230.0
VIPV80_Wp700,SPRING,15,7.0,home,260389.12500000003,813.2083333333333,308.18969393471565,82.18391838259082,20.0
VIPV80_Wp700,SPRING,15,7.0,work,35224.625,27927.083333333336,13767.959549346737,3441.989887336684,632.5
VIPV80_Wp700,SPRING,15,7.0,public,62220.750000000015,12607.916666666659,11847.193237436477,2154.0351340793604,402.5
VIPV80_Wp700,SPRING,16,7.5,home,203077.8333333334,1071.2083333333335,425.851048032571,113.56027947535227,12.5
VIPV80_Wp700,SPRING,16,7.5,work,57222.583333333336,43741.37499999997,21719.68735299788,5429.92183824947,707.5
VIPV80_Wp700,SPRING,16,7.5,public,62882.749999999956,20201.79166666667,19090.604021165098,3471.0189129391097,512.5
VIPV80_Wp700,SPRING,17,8.0,home,159380.29166666672,1462.4166666666665,603.2187494646796,150.8046873661699,32.5
VIPV80_Wp700,SPRING,17,8.0,work,75367.87499999999,50540.83333333336,26032.985767021375,6508.246441755344,470.0
VIPV80_Wp700,SPRING,17,8.0,public,66882.66666666664,25271.79166666667,25029.04625896762,4550.735683448664,452.5
VIPV80_Wp700,SPRING,18,8.5,home,134502.875,2154.8333333333335,890.7326024692139,222.68315061730348,85.0
VIPV80_Wp700,SPRING,18,8.5,work,84625.99999999999,46914.75,25155.983629671337,6288.995907417834,257.5
VIPV80_Wp700,SPRING,18,8.5,public,70189.37500000004,25113.874999999993,25792.961765988624,4689.62941199794,385.0
VIPV80_Wp700,SPRING,19,9.0,home,117377.29166666666,4752.666666666668,1932.6105498143138,483.15263745357834,127.5
VIPV80_Wp700,SPRING,19,9.0,work,90302.91666666667,38187.208333333336,21451.626074345437,5362.906518586359,142.5
VIPV80_Wp700,SPRING,19,9.0,public,71016.12499999997,22429.916666666675,24526.170253894026,4459.303682526186,320.0
VIPV80_Wp700,SPRING,20,9.5,home,110028.04166666666,7732.291666666664,3187.476351133762,796.8690877834405,187.5
VIPV80_Wp700,SPRING,20,9.5,work,92811.12500000001,28144.541666666675,16279.212942153108,4069.803235538277,82.5
VIPV80_Wp700,SPRING,20,9.5,public,70737.08333333333,18620.291666666675,21077.422184834748,3832.258579060867,342.5
VIPV80_Wp700,SPRING,21,10.0,home,101503.37500000003,12795.41666666666,3361.6561836772844,1344.6624734709153,272.5
VIPV80_Wp700,SPRING,21,10.0,work,93897.66666666672,19378.000000000007,11395.244579885628,2848.811144971407,92.5
VIPV80_Wp700,SPRING,21,10.0,public,72323.41666666664,19262.083333333332,21918.66189488838,3985.2112536160716,407.5
VIPV80_Wp700,SPRING,22,10.5,home,92022.29166666663,17124.95833333334,4508.5720984041245,1803.4288393616507,280.0
VIPV80_Wp700,SPRING,22,10.5,work,94005.91666666663,14340.416666666666,8336.47717862696,2084.11929465674,77.5
VIPV80_Wp700,SPRING,22,10.5,public,73821.87499999996,21923.541666666657,24360.949989838562,4429.263634516102,447.5
VIPV80_Wp700,SPRING,23,11.0,home,85885.8333333333,22582.666666666657,5915.738923337497,2366.295569335001,412.5
VIPV80_Wp700,SPRING,23,11.0,work,94060.08333333336,10565.875,6046.660421585233,1511.6651053963083,62.5
VIPV80_Wp700,SPRING,23,11.0,public,74617.45833333336,22974.375000000004,26450.190569613056,4809.125558111467,495.0
VIPV80_Wp700,SPRING,24,11.5,home,83305.79166666669,31061.458333333343,8089.933522294697,3235.9734089178755,485.0
VIPV80_Wp700,SPRING,24,11.5,work,93964.8333333333,9321.708333333332,5220.020689425302,1305.0051723563256,107.5
VIPV80_Wp700,SPRING,24,11.5,public,73249.12500000001,23256.041666666646,26967.481500285863,4903.178454597429,467.5
VIPV80_Wp700,SPRING,25,12.0,home,84208.66666666669,38650.12499999999,7075.906965395387,4043.37540879736,515.0
VIPV80_Wp700,SPRING,25,12.0,work,94469.66666666663,8969.416666666664,5059.93722732971,1264.9843068324276,92.5
VIPV80_Wp700,SPRING,25,12.0,public,73418.70833333333,24506.833333333347,28973.316858717328,5267.875792494063,520.0
VIPV80_Wp700,SPRING,26,12.5,home,84304.6666666667,43734.083333333365,8023.736817145904,4584.992466940529,557.5
VIPV80_Wp700,SPRING,26,12.5,work,95266.66666666666,9005.166666666668,4819.658823125155,1204.9147057812888,125.0
VIPV80_Wp700,SPRING,26,12.5,public,72853.95833333326,25844.416666666664,30541.099909782282,5552.927256324055,547.5
VIPV80_Wp700,SPRING,27,13.0,home,84262.54166666664,47459.75000000002,8709.358323350943,4976.776184771968,542.5
VIPV80_Wp700,SPRING,27,13.0,work,96304.99999999999,9555.75,4967.027992953388,1241.756998238347,85.0
VIPV80_Wp700,SPRING,27,13.0,public,74071.87500000006,27215.791666666653,31723.82360252204,5767.96792773129,497.5
VIPV80_Wp700,SPRING,28,13.5,home,87491.29166666663,51128.08333333333,9338.85741168325,5336.489949533273,567.5
VIPV80_Wp700,SPRING,28,13.5,work,96901.25,8626.666666666664,4433.537879596978,1108.3844698992446,82.5
VIPV80_Wp700,SPRING,28,13.5,public,75014.66666666663,28134.791666666668,33930.8013256245,6169.236604659005,525.0
VIPV80_Wp700,SPRING,29,14.0,home,95255.54166666673,58395.70833333332,10625.441141270183,6071.680652154404,767.5
VIPV80_Wp700,SPRING,29,14.0,work,95466.08333333336,6949.375,3629.4535812440076,907.3633953110019,52.5
VIPV80_Wp700,SPRING,29,14.0,public,73846.08333333333,27034.916666666657,33244.26763921795,6044.41229803963,522.5
VIPV80_Wp700,SPRING,30,14.5,home,102523.75000000004,65042.95833333336,11710.31705293172,6691.609744532426,672.5
VIPV80_Wp700,SPRING,30,14.5,work,94028.70833333334,5614.666666666665,2938.318955000155,734.5797387500387,40.0
VIPV80_Wp700,SPRING,30,14.5,public,73082.6666666667,26990.374999999985,32391.535764126485,5889.370138932082,460.0
VIPV80_Wp700,SPRING,31,15.0,home,112588.62500000007,71103.16666666672,12715.382864429492,7265.933065388284,807.5
VIPV80_Wp700,SPRING,31,15.0,work,88556.20833333333,3811.9999999999995,2100.823934158318,525.2059835395795,22.5
VIPV80_Wp700,SPRING,31,15.0,public,72397.75000000001,26542.750000000015,31364.002084378724,5702.54583352341,465.0
VIPV80_Wp700,SPRING,32,15.5,home,128926.58333333328,81420.25000000001,14425.904494387483,8243.373996792852,930.0
VIPV80_Wp700,SPRING,32,15.5,work,79067.04166666666,2861.7499999999995,1625.8131160615076,406.4532790153769,7.5
VIPV80_Wp700,SPRING,32,15.5,public,69968.95833333333,24952.541666666675,29819.362981449485,5421.702360263536,462.5
VIPV80_Wp700,SPRING,33,16.0,home,149060.45833333328,92827.2916666667,23297.21612125243,9318.88644850096,1027.5
VIPV80_Wp700,SPRING,33,16.0,work,65297.708333333336,1960.2499999999998,1140.8787887007754,285.21969717519386,10.0
VIPV80_Wp700,SPRING,33,16.0,public,69010.99999999999,25796.500000000007,30836.504168238065,5606.637121497835,527.5
VIPV80_Wp700,SPRING,34,16.5,home,172383.54166666666,105864.6249999999,26366.998839665415,10546.799535866194,1142.5
VIPV80_Wp700,SPRING,34,16.5,work,49005.0416666667,1486.75,850.5038233772365,212.62595584430912,10.0
VIPV80_Wp700,SPRING,34,16.5,public,68417.33333333333,26294.29166666666,30343.146116645326,5516.935657571883,465.0
VIPV80_Wp700,SPRING,35,17.0,home,195942.70833333337,116658.62500000003,40523.09288509269,11578.026538597902,982.5
VIPV80_Wp700,SPRING,35,17.0,work,33868.70833333334,1055.25,639.6005030120577,159.90012575301444,2.5
VIPV80_Wp700,SPRING,35,17.0,public,66116.91666666667,25184.45833333334,29099.555987148735,5290.828361299769,452.5
VIPV80_Wp700,SPRING,36,17.5,home,215534.0000000002,120364.49999999996,42066.172997228554,12018.906570636707,867.5
VIPV80_Wp700,SPRING,36,17.5,work,23999.333333333332,807.9583333333334,480.5089334964644,120.1272333741161,7.5
VIPV80_Wp700,SPRING,36,17.5,public,63881.79166666666,23227.083333333336,27232.25048749048,4951.3182704528135,377.5
VIPV80_Wp700,SPRING,37,18.0,home,234278.87500000003,121649.29166666663,42818.6450161038,12233.898576029682,887.5
VIPV80_Wp700,SPRING,37,18.0,work,16570.833333333332,687.9166666666667,421.15342681629267,105.28835670407317,10.0
VIPV80_Wp700,SPRING,37,18.0,public,61739.5,21171.666666666664,24965.352112721157,4539.154929585671,342.5
VIPV80_Wp700,SPRING,38,18.5,home,250508.75000000006,120923.4999999999,42623.63797898556,12178.182279710196,595.0
VIPV80_Wp700,SPRING,38,18.5,work,11376.749999999998,633.3333333333334,377.5272681620237,94.38181704050592,2.5
VIPV80_Wp700,SPRING,38,18.5,public,61180.95833333333,18482.666666666675,21400.71227980734,3891.0385963286017,272.5
VIPV80_Wp700,SPRING,39,19.0,home,260731.5833333333,114366.66666666669,40470.754926900365,11563.072836257272,447.5
VIPV80_Wp700,SPRING,39,19.0,work,7602.416666666667,476.0833333333333,294.6404858406424,73.6601214601606,2.5
VIPV80_Wp700,SPRING,39,19.0,public,59209.083333333314,15420.08333333333,18125.76237150798,3295.5931584559903,185.0
VIPV80_Wp700,SPRING,40,19.5,home,271283.4166666667,104558.79166666669,37187.32595638009,10624.950273251436,432.5
VIPV80_Wp700,SPRING,40,19.5,work,5262.708333333333,207.45833333333331,116.80858981802412,29.20214745450603,2.5
VIPV80_Wp700,SPRING,40,19.5,public,56816.375,11922.791666666662,14611.103600926697,2656.5642910775823,165.0
VIPV80_Wp700,SPRING,41,20.0,home,279832.125,94377.54166666661,33724.318898926045,9635.519685407427,267.5
VIPV80_Wp700,SPRING,41,20.0,work,4000.0833333333335,225.0,121.96196877369935,30.49049219342484,0.0
VIPV80_Wp700,SPRING,41,20.0,public,55647.33333333334,9760.54166666666,11519.209485113495,2094.4017245660903,77.5
VIPV80_Wp700,SPRING,42,20.5,home,286792.5833333334,84510.99999999996,30322.179819539087,8663.479948439728,305.0
VIPV80_Wp700,SPRING,42,20.5,work,2692.2083333333335,127.41666666666667,78.31831848962688,19.57957962240672,0.0
VIPV80_Wp700,SPRING,42,20.5,public,54243.37499999999,6886.916666666667,7962.862987968041,1447.7932705396436,100.0
VIPV80_Wp700,SPRING,43,21.0,home,294411.4166666667,75686.99999999997,27252.95084141002,7786.557383260013,247.5
VIPV80_Wp700,SPRING,43,21.0,work,1747.9583333333333,75.0,48.742138364779876,12.185534591194969,0.0
VIPV80_Wp700,SPRING,43,21.0,public,53994.29166666668,5620.458333333334,6654.780962280187,1209.9601749600336,67.5
VIPV80_Wp700,SPRING,44,21.5,home,300323.70833333326,66758.58333333334,24204.887570137926,6915.682162896553,217.5
VIPV80_Wp700,SPRING,44,21.5,work,1352.0416666666667,75.0,48.742138364779876,12.185534591194969,0.0
VIPV80_Wp700,SPRING,44,21.5,public,53930.66666666667,4886.416666666666,5893.841713043128,1071.6075841896593,37.5
VIPV80_Wp700,SPRING,45,22.0,home,307503.45833333326,59041.95833333338,12313.8213317845,6156.91066589225,212.5
VIPV80_Wp700,SPRING,45,22.0,work,707.7916666666666,31.416666666666664,20.417540181691123,5.104385045422781,0.0
VIPV80_Wp700,SPRING,45,22.0,public,53335.041666666664,3942.749999999999,4936.467611003465,897.5395656369936,27.5
VIPV80_Wp700,SPRING,46,22.5,home,312473.125,52366.833333333314,10968.697659939722,5484.348829969861,132.5
VIPV80_Wp700,SPRING,46,22.5,work,366.0833333333333,0.0,0.0,0.0,0.0
VIPV80_Wp700,SPRING,46,22.5,public,53183.25,3507.125,4508.48462308685,819.7244769248819,17.5
VIPV80_Wp700,SPRING,47,23.0,home,316074.0833333334,46184.75000000003,9733.803454199147,4866.901727099574,147.5
VIPV80_Wp700,SPRING,47,23.0,work,88.375,0.0,0.0,0.0,0.0
VIPV80_Wp700,SPRING,47,23.0,public,53099.291666666664,2438.9166666666665,3089.4043428619552,561.7098805203556,20.0
VIPV80_Wp700,SPRING,48,23.5,home,321003.2083333334,43045.54166666666,9111.6891665363,4555.844583268149,130.0
VIPV80_Wp700,SPRING,48,23.5,work,0.0,0.0,0.0,0.0,0.0
VIPV80_Wp700,SPRING,48,23.5,public,53124.66666666666,2075.708333333334,2665.0819605241013,484.5603564589277,7.5
VIPV80_Wp700,SUMMER,1,0.0,home,371307.5833333333,113034.70833333337,22872.840975160863,11436.420487580432,420.0
VIPV80_Wp700,SUMMER,1,0.0,work,0.0,0.0,0.0,0.0,0.0
VIPV80_Wp700,SUMMER,1,0.0,public,59484.5,11176.500000000002,13627.138465878252,2477.661539250592,80.0
VIPV80_Wp700,SUMMER,2,0.5,home,378784.625,105029.5833333333,21397.195927774894,10698.597963887447,215.0
VIPV80_Wp700,SUMMER,2,0.5,work,0.0,0.0,0.0,0.0,0.0
VIPV80_Wp700,SUMMER,2,0.5,public,60862.5,8556.416666666666,10656.310159284822,1937.5109380517863,37.5
VIPV80_Wp700,SUMMER,3,1.0,home,382200.0,93938.79166666663,19291.32562032934,9645.66281016467,85.0
VIPV80_Wp700,SUMMER,3,1.0,work,0.0,0.0,0.0,0.0,0.0
VIPV80_Wp700,SUMMER,3,1.0,public,61687.5,5836.625,7260.344393307586,1320.0626169650159,25.0
VIPV80_Wp700,SUMMER,4,1.5,home,383437.5,80031.58333333331,16597.92573970128,8298.96286985064,32.5
VIPV80_Wp700,SUMMER,4,1.5,work,0.0,0.0,0.0,0.0,0.0
VIPV80_Wp700,SUMMER,4,1.5,public,62137.5,3613.25,4563.666640706619,829.757571037567,12.5
VIPV80_Wp700,SUMMER,5,2.0,home,384112.5,65139.708333333336,13613.179583746638,6806.589791873319,17.5
VIPV80_Wp700,SUMMER,5,2.0,work,0.0,0.0,0.0,0.0,0.0
VIPV80_Wp700,SUMMER,5,2.0,public,62250.0,1988.0000000000002,2569.122264939399,467.1131390798908,0.0
VIPV80_Wp700,SUMMER,6,2.5,home,384225.0,48555.333333333314,10254.117198016434,5127.058599008217,2.5
VIPV80_Wp700,SUMMER,6,2.5,work,0.0,0.0,0.0,0.0,0.0
VIPV80_Wp700,SUMMER,6,2.5,public,62250.0,972.8333333333334,1241.1314862167637,225.66027022122987,0.0
VIPV80_Wp700,SUMMER,7,3.0,home,384254.2916666667,34501.375,7354.91573041068,3677.45786520534,2.5
VIPV80_Wp700,SUMMER,7,3.0,work,0.0,0.0,0.0,0.0,0.0
VIPV80_Wp700,SUMMER,7,3.0,public,62223.95833333333,209.83333333333334,271.11107507623245,49.29292274113316,0.0
VIPV80_Wp700,SUMMER,8,3.5,home,384179.7916666667,22804.666666666664,4890.760047370245,2445.380023685122,0.0
VIPV80_Wp700,SUMMER,8,3.5,work,0.0,0.0,0.0,0.0,0.0
VIPV80_Wp700,SUMMER,8,3.5,public,62175.0,0.0,0.0,0.0,0.0
VIPV80_Wp700,SUMMER,9,4.0,home,383350.25000000006,11874.083333333332,2562.364821950833,1281.1824109754166,0.0
VIPV80_Wp700,SUMMER,9,4.0,work,18.583333333333336,18.583333333333336,3.4307692307692306,0.8576923076923076,2.5
VIPV80_Wp700,SUMMER,9,4.0,public,62231.208333333336,135.875,73.5256434431139,13.368298807838892,7.5
VIPV80_Wp700,SUMMER,10,4.5,home,381362.4583333333,3279.708333333334,717.5966247919356,358.7983123959678,0.0
VIPV80_Wp700,SUMMER,10,4.5,work,361.125,361.125,130.65099275461267,32.66274818865317,22.5
VIPV80_Wp700,SUMMER,10,4.5,public,62112.83333333333,117.875,176.48497401544054,32.08817709371647,5.0
VIPV80_Wp700,SUMMER,11,5.0,home,376679.41666666686,1112.9583333333335,305.83849722885674,122.3353988915427,5.0
VIPV80_Wp700,SUMMER,11,5.0,work,1845.9583333333333,1751.0833333333333,743.5698898080568,185.8924724520142,85.0
VIPV80_Wp700,SUMMER,11,5.0,public,61759.625,538.25,410.45390699640234,74.62798309025497,35.0
VIPV80_Wp700,SUMMER,12,5.5,home,368657.4583333333,677.4583333333333,177.69821585692776,71.0792863427711,12.5
VIPV80_Wp700,SUMMER,12,5.5,work,4613.0,3998.2500000000014,1887.6038632249472,471.9009658062368,97.5
VIPV80_Wp700,SUMMER,12,5.5,public,61652.12500000001,1708.2916666666663,1431.870082820583,260.3400150582879,50.0
VIPV80_Wp700,SUMMER,13,6.0,home,349861.54166666674,860.8750000000001,213.19470577570436,85.27788231028175,10.0
VIPV80_Wp700,SUMMER,13,6.0,work,8973.583333333328,7304.25,3511.0850438445805,877.7712609611451,227.5
VIPV80_Wp700,SUMMER,13,6.0,public,60893.333333333336,3223.0833333333344,2976.90501823975,541.2554578617728,135.0
VIPV80_Wp700,SUMMER,14,6.5,home,320519.8333333333,822.6249999999999,203.19257971559446,81.27703188623778,12.5
VIPV80_Wp700,SUMMER,14,6.5,work,17330.916666666668,14301.000000000004,6870.5611687892115,1717.6402921973029,287.5
VIPV80_Wp700,SUMMER,14,6.5,public,59739.291666666664,6149.083333333335,5034.832146780601,915.4240266873813,187.5
VIPV80_Wp700,SUMMER,15,7.0,home,270698.875,1196.7083333333333,301.56252015768183,120.6250080630727,30.0
VIPV80_Wp700,SUMMER,15,7.0,work,28457.25,21703.375,10615.721164958846,2653.9302912397116,580.0
VIPV80_Wp700,SUMMER,15,7.0,public,59429.08333333338,11105.416666666668,10381.337753980999,1887.5159552692728,412.5
VIPV80_Wp700,SUMMER,16,7.5,home,210198.00000000012,1902.8333333333335,487.6560923399019,195.0624369359608,35.0
VIPV80_Wp700,SUMMER,16,7.5,work,50378.66666666666,38818.79166666666,18631.71404648202,4657.928511620505,717.5
VIPV80_Wp700,SUMMER,16,7.5,public,59828.12500000001,18838.999999999996,17964.50596721311,3266.2738122205665,472.5
VIPV80_Wp700,SUMMER,17,8.0,home,165438.8750000001,2546.0833333333335,757.88779678946,263.61314670937736,50.0
VIPV80_Wp700,SUMMER,17,8.0,work,67623.25000000001,46803.83333333331,23460.282920002453,5865.070730000613,422.5
VIPV80_Wp700,SUMMER,17,8.0,public,64544.62499999999,24304.124999999993,24063.818003916746,4375.239637075775,452.5
VIPV80_Wp700,SUMMER,18,8.5,home,140394.99999999997,3272.6666666666674,1004.1266405674068,349.2614401973589,90.0
VIPV80_Wp700,SUMMER,18,8.5,work,76160.20833333331,41631.20833333341,22144.293066807386,5536.0732667018465,235.0
VIPV80_Wp700,SUMMER,18,8.5,public,67507.3333333333,23285.45833333335,24474.19483284119,4449.853605971122,347.5
VIPV80_Wp700,SUMMER,19,9.0,home,124394.16666666666,5921.583333333334,1816.8221910114626,631.9381533952911,150.0
VIPV80_Wp700,SUMMER,19,9.0,work,81279.70833333333,34529.958333333336,19070.353922725928,4767.588480681482,157.5
VIPV80_Wp700,SUMMER,19,9.0,public,67668.08333333336,20700.999999999993,23194.01771947033,4217.094130812785,337.5
VIPV80_Wp700,SUMMER,20,9.5,home,116863.74999999999,9431.708333333332,2849.4541656038614,991.1144923839519,200.0
VIPV80_Wp700,SUMMER,20,9.5,work,83592.16666666667,25376.95833333333,14259.533974058184,3564.883493514546,75.0
VIPV80_Wp700,SUMMER,20,9.5,public,66946.62499999996,18228.916666666668,21438.31661951361,3897.8757490024727,357.5
VIPV80_Wp700,SUMMER,21,10.0,home,108912.95833333337,14369.33333333333,3373.0034040964974,1499.112624042888,305.0
VIPV80_Wp700,SUMMER,21,10.0,work,85036.95833333336,18102.541666666668,10262.80488399472,2565.70122099868,105.0
VIPV80_Wp700,SUMMER,21,10.0,public,68146.04166666664,19099.958333333332,21830.759900383055,3969.2290727969253,425.0
VIPV80_Wp700,SUMMER,22,10.5,home,98437.70833333334,18369.083333333343,4319.539580954503,1919.795369313114,282.5
VIPV80_Wp700,SUMMER,22,10.5,work,86782.29166666667,13038.166666666666,7321.183615662369,1830.2959039155924,95.0
VIPV80_Wp700,SUMMER,22,10.5,public,70279.625,23442.583333333314,26224.983240776124,4768.178771050194,500.0
VIPV80_Wp700,SUMMER,23,11.0,home,92817.87500000003,23683.833333333347,5574.170150841016,2477.408955929341,415.0
VIPV80_Wp700,SUMMER,23,11.0,work,87169.75,10094.833333333328,5618.019504478792,1404.504876119698,55.0
VIPV80_Wp700,SUMMER,23,11.0,public,71963.70833333336,24452.916666666664,28272.239337944975,5140.407152353641,490.0
VIPV80_Wp700,SUMMER,24,11.5,home,87393.16666666666,30269.041666666664,7147.0951937998425,3176.4867527999345,442.5
VIPV80_Wp700,SUMMER,24,11.5,work,85734.25,7681.583333333335,4208.195565717906,1052.0488914294765,75.0
VIPV80_Wp700,SUMMER,24,11.5,public,72220.16666666661,25895.666666666675,29778.51449040725,5414.275361892227,547.5
VIPV80_Wp700,SUMMER,25,12.0,home,86294.25000000003,36882.75,8651.549739450807,3845.1332175336947,522.5
VIPV80_Wp700,SUMMER,25,12.0,work,85299.66666666667,7249.541666666664,3921.9022770288548,980.4755692572137,92.5
VIPV80_Wp700,SUMMER,25,12.0,public,74093.54166666666,27893.500000000007,31867.129432332444,5794.023533151355,597.5
VIPV80_Wp700,SUMMER,26,12.5,home,86516.37499999991,42045.041666666686,9827.555869907786,4367.802608847897,552.5
VIPV80_Wp700,SUMMER,26,12.5,work,86046.16666666666,7882.208333333333,4149.6701418565835,1037.4175354641459,102.5
VIPV80_Wp700,SUMMER,26,12.5,public,73615.62500000001,28065.45833333333,31777.817668004715,5777.78503054631,535.0
VIPV80_Wp700,SUMMER,27,13.0,home,85050.49999999997,44953.45833333334,10554.847376876742,4691.043278611879,577.5
VIPV80_Wp700,SUMMER,27,13.0,work,86686.49999999999,7973.416666666665,4167.457063578238,1041.8642658945596,80.0
VIPV80_Wp700,SUMMER,27,13.0,public,74852.91666666669,28811.291666666653,32830.45121698468,5969.172948542672,467.5
VIPV80_Wp700,SUMMER,28,13.5,home,89679.54166666667,51249.91666666664,11991.0118195456,5329.33858646471,627.5
VIPV80_Wp700,SUMMER,28,13.5,work,86741.20833333333,7003.749999999999,3817.362900397027,954.3407250992567,60.0
VIPV80_Wp700,SUMMER,28,13.5,public,73951.91666666667,26271.625000000004,30541.419156884924,5552.985301251805,435.0
VIPV80_Wp700,SUMMER,29,14.0,home,97807.25,58955.45833333332,13638.819944480974,6061.697753102649,722.5
VIPV80_Wp700,SUMMER,29,14.0,work,85688.08333333333,6870.791666666665,3931.067008963934,982.7667522409835,50.0
VIPV80_Wp700,SUMMER,29,14.0,public,72670.87500000004,24627.124999999996,29066.024320981298,5284.731694723872,500.0
VIPV80_Wp700,SUMMER,30,14.5,home,104000.62500000006,64332.58333333335,14938.358862703079,6639.270605645812,657.5
VIPV80_Wp700,SUMMER,30,14.5,work,83651.91666666666,6111.750000000001,3530.092763438311,882.5231908595778,25.0
VIPV80_Wp700,SUMMER,30,14.5,public,70618.70833333327,23995.74999999999,28459.32206919164,5174.4221943984785,425.0
VIPV80_Wp700,SUMMER,31,15.0,home,113327.58333333346,68955.41666666657,16020.62303537943,7120.276904613079,730.0
VIPV80_Wp700,SUMMER,31,15.0,work,78075.375,4700.333333333332,2707.149041712238,676.7872604280595,20.0
VIPV80_Wp700,SUMMER,31,15.0,public,71678.3333333333,25749.83333333335,30313.438328335895,5511.534241515616,515.0
VIPV80_Wp700,SUMMER,32,15.5,home,127906.99999999988,78830.66666666658,18126.49600290757,8056.220445736677,985.0
VIPV80_Wp700,SUMMER,32,15.5,work,69484.33333333331,3130.708333333333,1854.7755226019287,463.6938806504822,5.0
VIPV80_Wp700,SUMMER,32,15.5,public,70383.5,26141.750000000015,29924.04159684774,5440.734835790493,505.0
VIPV80_Wp700,SUMMER,33,16.0,home,149716.16666666672,94278.29166666666,21366.930935280947,9496.413749013751,1075.0
VIPV80_Wp700,SUMMER,33,16.0,work,56860.625,2113.708333333333,1231.0886361765015,307.7721590441254,15.0
VIPV80_Wp700,SUMMER,33,16.0,public,68987.33333333331,26653.83333333334,30706.791558460107,5583.0530106291135,495.0
VIPV80_Wp700,SUMMER,34,16.5,home,175977.25,111514.24999999985,25111.172529532963,11160.521124236857,1220.0
VIPV80_Wp700,SUMMER,34,16.5,work,43562.95833333334,1658.9583333333337,923.5006115148321,230.87515287870804,17.5
VIPV80_Wp700,SUMMER,34,16.5,public,68209.95833333337,26593.29166666665,31692.588533636015,5762.288824297455,482.5
VIPV80_Wp700,SUMMER,35,17.0,home,202001.95833333328,124363.54166666661,37121.065513209614,12373.688504403175,1077.5
VIPV80_Wp700,SUMMER,35,17.0,work,31598.791666666668,1658.1666666666667,894.2421860492782,223.56054651231955,27.5
VIPV80_Wp700,SUMMER,35,17.0,public,65631.20833333336,25493.916666666668,30028.777691016392,5459.7777620029765,432.5
VIPV80_Wp700,SUMMER,36,17.5,home,225174.16666666666,131743.12499999988,39545.5514360761,13181.850478692048,970.0
VIPV80_Wp700,SUMMER,36,17.5,work,22645.958333333332,1287.3333333333335,674.1666943129947,168.54167357824866,2.5
VIPV80_Wp700,SUMMER,36,17.5,public,63839.41666666661,24708.166666666682,29910.169846930326,5438.212699441881,375.0
VIPV80_Wp700,SUMMER,37,18.0,home,248354.125,138079.58333333337,41555.5439227026,13851.847974234188,975.0
VIPV80_Wp700,SUMMER,37,18.0,work,15313.874999999998,1009.5833333333334,512.7077345472385,128.17693363680962,12.5
VIPV80_Wp700,SUMMER,37,18.0,public,60932.49999999999,22030.750000000004,25820.876072406536,4694.704740437545,335.0
VIPV80_Wp700,SUMMER,38,18.5,home,264714.54166666674,135370.41666666663,40817.58117588971,13605.860391963226,617.5
VIPV80_Wp700,SUMMER,38,18.5,work,10921.29166666667,762.2500000000001,411.26388997401847,102.81597249350462,5.0
VIPV80_Wp700,SUMMER,38,18.5,public,60982.041666666686,19200.33333333334,22257.92505308931,4046.8954641980595,275.0
VIPV80_Wp700,SUMMER,39,19.0,home,276641.4166666667,126856.49999999991,38539.34482735107,12846.448275783669,512.5
VIPV80_Wp700,SUMMER,39,19.0,work,7579.458333333334,576.4583333333334,352.89839442881646,88.22459860720411,2.5
VIPV80_Wp700,SUMMER,39,19.0,public,58861.916666666686,15718.416666666666,18929.137103655656,3441.6612915737555,172.5
VIPV80_Wp700,SUMMER,40,19.5,home,289548.2916666666,117646.2500000001,35987.58251403513,11995.860838011675,515.0
VIPV80_Wp700,SUMMER,40,19.5,work,5590.416666666666,519.25,303.8881341971337,75.97203354928342,7.5
VIPV80_Wp700,SUMMER,40,19.5,public,58526.666666666664,13599.91666666667,16447.727368185646,2990.4958851246643,195.0
VIPV80_Wp700,SUMMER,41,20.0,home,299731.7083333334,107924.66666666664,27643.467480882067,11057.386992352811,312.5
VIPV80_Wp700,SUMMER,41,20.0,work,4093.7916666666665,341.4583333333333,203.40669947623152,50.85167486905788,0.0
VIPV80_Wp700,SUMMER,41,20.0,public,58093.208333333336,11048.708333333338,12643.864452057744,2298.8844458286776,112.5
VIPV80_Wp700,SUMMER,42,20.5,home,306872.5833333333,96546.20833333339,24827.785130036507,9931.1140520146,297.5
VIPV80_Wp700,SUMMER,42,20.5,work,2739.5000000000005,121.29166666666666,81.50548879500316,20.37637219875079,0.0
VIPV80_Wp700,SUMMER,42,20.5,public,57015.95833333333,7972.916666666667,9197.675110320333,1672.3045655127887,97.5
VIPV80_Wp700,SUMMER,43,21.0,home,314671.4999999999,86154.83333333328,22218.050187655237,8887.220075062078,262.5
VIPV80_Wp700,SUMMER,43,21.0,work,1596.75,30.5,21.615478651005695,5.403869662751424,2.5
VIPV80_Wp700,SUMMER,43,21.0,public,57269.500000000015,7172.291666666667,8501.195105630462,1545.6718373873562,100.0
VIPV80_Wp700,SUMMER,44,21.5,home,321804.79166666674,76066.83333333333,19608.964082712442,7843.585633084985,237.5
VIPV80_Wp700,SUMMER,44,21.5,work,1167.7083333333333,15.541666666666668,11.234939759036145,2.808734939759036,0.0
VIPV80_Wp700,SUMMER,44,21.5,public,56804.87499999999,6002.708333333335,7047.623565238567,1281.3861027706487,32.5
VIPV80_Wp700,SUMMER,45,22.0,home,345789.0,84172.04166666672,17258.222544758304,8629.111272379152,1017.5
VIPV80_Wp700,SUMMER,45,22.0,work,691.4166666666666,0.0,0.0,0.0,0.0
VIPV80_Wp700,SUMMER,45,22.0,public,58031.0,6372.583333333334,7519.944070792209,1367.2625583258562,147.5
VIPV80_Wp700,SUMMER,46,22.5,home,383967.45833333326,107488.79166666673,21632.06254881809,10816.031274409044,1282.5
VIPV80_Wp700,SUMMER,46,22.5,work,213.04166666666666,0.0,0.0,0.0,0.0
VIPV80_Wp700,SUMMER,46,22.5,public,63315.208333333336,10757.875000000004,12371.037743596478,2249.2795897448145,192.5
VIPV80_Wp700,SUMMER,47,23.0,home,419319.9583333333,128172.25000000001,25588.54677516746,12794.27338758373,1135.0
VIPV80_Wp700,SUMMER,47,23.0,work,92.625,0.0,0.0,0.0,0.0
VIPV80_Wp700,SUMMER,47,23.0,public,67934.08333333334,14046.708333333336,16517.425532687725,3003.168278670498,175.0
VIPV80_Wp700,SUMMER,48,23.5,home,447564.74999999994,139759.24999999994,27964.398590349272,13982.199295174632,855.0
VIPV80_Wp700,SUMMER,48,23.5,work,75.0,0.0,0.0,0.0,0.0
VIPV80_Wp700,SUMMER,48,23.5,public,72165.83333333333,15266.791666666668,18183.342601747434,3306.062291226809,142.5
VIPV80_Wp700,AUTUMN,1,0.0,home,345818.375,72941.29166666666,11034.46992514428,7356.31328342951,1975.0
VIPV80_Wp700,AUTUMN,1,0.0,work,0.0,0.0,0.0,0.0,0.0
VIPV80_Wp700,AUTUMN,1,0.0,public,57722.0,7511.0,9014.176403638821,1638.9411642979676,340.0
VIPV80_Wp700,AUTUMN,2,0.5,home,395764.87499999994,115256.70833333328,17072.04834106113,11381.365560707418,1317.5
VIPV80_Wp700,AUTUMN,2,0.5,work,31.541666666666668,31.541666666666668,4.056806002143622,1.0142015005359055,2.5
VIPV80_Wp700,AUTUMN,2,0.5,public,68250.0,17611.95833333334,20507.788880203156,3728.688887309665,305.0
VIPV80_Wp700,AUTUMN,3,1.0,home,420262.5,129446.75000000006,19246.232560611992,12830.821707074649,645.0
VIPV80_Wp700,AUTUMN,3,1.0,work,75.0,46.208333333333336,5.943193997856378,1.4857984994640945,0.0
VIPV80_Wp700,AUTUMN,3,1.0,public,72975.0,20570.750000000004,24281.29154759292,4414.780281380531,112.5
VIPV80_Wp700,AUTUMN,4,1.5,home,429037.5,123452.66666666669,18610.371175269585,12406.914116846356,222.5
VIPV80_Wp700,AUTUMN,4,1.5,work,75.0,0.0,0.0,0.0,0.0
VIPV80_Wp700,AUTUMN,4,1.5,public,74962.5,17886.75,22179.436496942424,4032.624817625899,52.5
VIPV80_Wp700,AUTUMN,5,2.0,home,432562.5,112175.41666666673,17181.094973213036,11454.06331547536,85.0
VIPV80_Wp700,AUTUMN,5,2.0,work,75.0,0.0,0.0,0.0,0.0
VIPV80_Wp700,AUTUMN,5,2.0,public,75787.5,11057.458333333336,14103.661827175198,2564.302150395489,25.0
VIPV80_Wp700,AUTUMN,6,2.5,home,433350.0,99303.0,15401.607716705992,10267.738477804014,17.5
VIPV80_Wp700,AUTUMN,6,2.5,work,75.0,0.0,0.0,0.0,0.0
VIPV80_Wp700,AUTUMN,6,2.5,public,76125.0,4469.666666666666,5756.412421768015,1046.6204403214579,5.0
VIPV80_Wp700,AUTUMN,7,3.0,home,433454.2916666666,82871.41666666661,12993.610151119283,8662.406767412867,2.5
VIPV80_Wp700,AUTUMN,7,3.0,work,75.0,0.0,0.0,0.0,0.0
VIPV80_Wp700,AUTUMN,7,3.0,public,76098.95833333333,1794.7083333333333,2283.784031881256,415.2334603420465,0.0
VIPV80_Wp700,AUTUMN,8,3.5,home,433382.3333333334,66277.33333333336,10493.699250704829,6995.7995004699005,0.0
VIPV80_Wp700,AUTUMN,8,3.5,work,75.0,0.0,0.0,0.0,0.0
VIPV80_Wp700,AUTUMN,8,3.5,public,76050.0,650.3333333333335,842.1611256202488,153.12020465822707,0.0
VIPV80_Wp700,AUTUMN,9,4.0,home,432618.83333333326,48861.50000000001,7815.037307811742,5210.024871874495,0.0
VIPV80_Wp700,AUTUMN,9,4.0,work,123.25,48.25,17.16483437432301,4.291208593580753,12.5
VIPV80_Wp700,AUTUMN,9,4.0,public,76073.87499999999,293.0833333333333,328.9300305753645,59.80546010461174,7.5
VIPV80_Wp700,AUTUMN,10,4.5,home,430693.0,33605.24999999999,5421.974473312263,3614.6496488748394,0.0
VIPV80_Wp700,AUTUMN,10,4.5,work,988.75,932.125,374.24335873329295,93.56083968332324,42.5
VIPV80_Wp700,AUTUMN,10,4.5,public,75953.99999999999,307.375,301.1325210568125,54.751367464875,10.0
VIPV80_Wp700,AUTUMN,11,5.0,home,425729.24999999994,17565.500000000004,2848.4321789304818,1898.9547859536542,5.0
VIPV80_Wp700,AUTUMN,11,5.0,work,2467.916666666667,2297.5833333333335,957.6599179311877,239.41497948279692,67.5
VIPV80_Wp700,AUTUMN,11,5.0,public,75259.33333333333,637.6666666666669,567.6796644306276,103.21448444193231,40.0
VIPV80_Wp700,AUTUMN,12,5.5,home,417369.62500000006,3419.3333333333335,548.1287021190223,365.41913474601483,17.5
VIPV80_Wp700,AUTUMN,12,5.5,work,5588.291666666668,4710.666666666668,2073.361771856576,518.340442964144,125.0
VIPV80_Wp700,AUTUMN,12,5.5,public,74793.75,1943.4166666666663,1612.8831064300152,293.2514738963664,65.0
VIPV80_Wp700,AUTUMN,13,6.0,home,397151.4166666666,1223.1666666666665,312.75525019735835,125.10210007894337,7.5
VIPV80_Wp700,AUTUMN,13,6.0,work,10356.083333333332,8552.25,3781.060032059836,945.265008014959,250.0
VIPV80_Wp700,AUTUMN,13,6.0,public,74044.875,3994.7916666666674,3584.9128311813215,651.8023329420586,157.5
VIPV80_Wp700,AUTUMN,14,6.5,home,365177.6666666667,1148.7083333333333,299.89435922648386,119.95774369059356,7.5
VIPV80_Wp700,AUTUMN,14,6.5,work,19848.625000000007,15596.583333333336,6869.108982141631,1717.2772455354077,370.0
VIPV80_Wp700,AUTUMN,14,6.5,public,73317.74999999997,7503.375000000001,7016.835600315479,1275.7882909664509,210.0
VIPV80_Wp700,AUTUMN,15,7.0,home,307661.91666666674,1203.9583333333335,306.19053467565345,122.47621387026138,22.5
VIPV80_Wp700,AUTUMN,15,7.0,work,33955.791666666664,24921.70833333333,11376.053115564735,2844.0132788911837,710.0
VIPV80_Wp700,AUTUMN,15,7.0,public,72769.50000000003,13952.66666666666,12789.95873678283,2325.447043051424,472.5
VIPV80_Wp700,AUTUMN,16,7.5,home,237266.7499999999,1648.0833333333335,401.29946913365615,160.51978765346246,17.5
VIPV80_Wp700,AUTUMN,16,7.5,work,59045.66666666665,43143.833333333314,19947.500477243757,4986.875119310939,752.5
VIPV80_Wp700,AUTUMN,16,7.5,public,71917.875,22333.750000000015,20286.916269284324,3688.5302307789657,562.5
VIPV80_Wp700,AUTUMN,17,8.0,home,186352.62500000017,1705.1666666666667,695.7231085252683,173.9307771313171,30.0
VIPV80_Wp700,AUTUMN,17,8.0,work,77496.45833333336,49418.500000000015,23796.945611858533,5949.236402964633,482.5
VIPV80_Wp700,AUTUMN,17,8.0,public,75014.79166666663,28443.750000000007,26436.04380431551,4806.553418966456,510.0
VIPV80_Wp700,AUTUMN,18,8.5,home,155868.8333333334,2144.083333333333,929.278058277423,232.31951456935576,97.5
VIPV80_Wp700,AUTUMN,18,8.5,work,87063.99999999999,44487.91666666671,22664.50857933359,5666.127144833397,260.0
VIPV80_Wp700,AUTUMN,18,8.5,public,78091.375,26112.66666666666,26773.616301186896,4867.93023657943,402.5
VIPV80_Wp700,AUTUMN,19,9.0,home,135441.79166666666,4502.124999999999,1862.3733547534698,465.59333868836745,115.0
VIPV80_Wp700,AUTUMN,19,9.0,work,92868.9166666667,35303.54166666669,18957.642818602424,4739.410704650606,147.5
VIPV80_Wp700,AUTUMN,19,9.0,public,78749.20833333333,24049.5,25692.939137863093,4671.4434796114765,407.5
VIPV80_Wp700,AUTUMN,20,9.5,home,125685.04166666664,8036.083333333334,3346.1274626206455,836.5318656551614,187.5
VIPV80_Wp700,AUTUMN,20,9.5,work,94880.91666666667,24514.249999999996,13688.851749334004,3422.212937333501,95.0
VIPV80_Wp700,AUTUMN,20,9.5,public,80145.16666666664,23457.00000000001,24619.94961416262,4476.354475302296,442.5
VIPV80_Wp700,AUTUMN,21,10.0,home,113820.70833333336,12098.791666666666,4969.375936498476,1242.343984124619,255.0
VIPV80_Wp700,AUTUMN,21,10.0,work,96094.12500000003,17496.124999999993,10082.243750117503,2520.5609375293757,107.5
VIPV80_Wp700,AUTUMN,21,10.0,public,80750.45833333337,21565.541666666664,22860.418358013016,4156.43970145691,420.0
VIPV80_Wp700,AUTUMN,22,10.5,home,102625.41666666658,16954.708333333336,6962.329925038965,1740.5824812597411,307.5
VIPV80_Wp700,AUTUMN,22,10.5,work,96726.20833333334,14113.583333333336,7935.523809720286,1983.8809524300716,110.0
VIPV80_Wp700,AUTUMN,22,10.5,public,80118.58333333331,22751.04166666667,24110.261659387455,4383.683938070448,495.0
VIPV80_Wp700,AUTUMN,23,11.0,home,94922.99999999999,23759.45833333332,5474.874375634631,2433.2775002820567,450.0
VIPV80_Wp700,AUTUMN,23,11.0,work,97348.29166666667,11387.458333333332,6232.324854623951,1558.0812136559878,72.5
VIPV80_Wp700,AUTUMN,23,11.0,public,80606.5416666667,25247.33333333331,27146.13031283079,4935.660056878327,562.5
VIPV80_Wp700,AUTUMN,24,11.5,home,89933.20833333333,32832.374999999985,7661.081672014394,3404.9251875619493,520.0
VIPV80_Wp700,AUTUMN,24,11.5,work,95587.41666666664,9051.249999999996,4845.348312458834,1211.3370781147084,72.5
VIPV80_Wp700,AUTUMN,24,11.5,public,80803.33333333339,26585.666666666668,29596.63399762013,5381.206181385484,577.5
VIPV80_Wp700,AUTUMN,25,12.0,home,89020.37500000003,39850.458333333336,9341.072079935986,4151.5875910826635,582.5
VIPV80_Wp700,AUTUMN,25,12.0,work,94475.95833333333,8728.624999999998,4606.885368862504,1151.721342215626,105.0
VIPV80_Wp700,AUTUMN,25,12.0,public,82164.08333333336,29235.250000000007,33768.07036527243,6139.649157322263,622.5
VIPV80_Wp700,AUTUMN,26,12.5,home,90733.62499999994,47317.166666666664,11025.226991951671,4900.100885311858,565.0
VIPV80_Wp700,AUTUMN,26,12.5,work,94038.87499999997,8069.416666666666,4216.444558975437,1054.1111397438592,102.5
VIPV80_Wp700,AUTUMN,26,12.5,public,82623.6666666667,31147.750000000025,37214.87847511144,6766.341540929348,662.5
VIPV80_Wp700,AUTUMN,27,13.0,home,88382.37500000007,48722.666666666635,11348.145284310413,5043.620126360186,597.5
VIPV80_Wp700,AUTUMN,27,13.0,work,94274.29166666664,8276.833333333328,4230.606980036767,1057.6517450091917,112.5
VIPV80_Wp700,AUTUMN,27,13.0,public,83654.75000000003,32582.166666666675,37987.84086610335,6906.8801574733325,517.5
VIPV80_Wp700,AUTUMN,28,13.5,home,92818.49999999999,54777.87499999999,12775.981782214287,5678.214125428562,637.5
VIPV80_Wp700,AUTUMN,28,13.5,work,94926.29166666667,8474.083333333336,4307.212410285609,1076.8031025714022,67.5
VIPV80_Wp700,AUTUMN,28,13.5,public,81691.75000000003,29627.250000000007,35325.53898484487,6422.825269971788,477.5
VIPV80_Wp700,AUTUMN,29,14.0,home,101507.04166666661,63369.375000000065,14620.610956181563,6498.0493138584725,780.0
VIPV80_Wp700,AUTUMN,29,14.0,work,94047.8333333333,7835.791666666668,4068.9324197789465,1017.2331049447366,60.0
VIPV80_Wp700,AUTUMN,29,14.0,public,80412.45833333337,27453.791666666668,32108.30764053461,5837.874116460836,542.5
VIPV80_Wp700,AUTUMN,30,14.5,home,109516.62499999999,70715.25000000003,16170.418024948156,7186.852455532519,775.0
VIPV80_Wp700,AUTUMN,30,14.5,work,92284.16666666669,6297.708333333335,3343.9765515339163,835.9941378834791,30.0
VIPV80_Wp700,AUTUMN,30,14.5,public,80395.95833333331,28089.41666666666,32402.442255813945,5891.353137420723,480.0
VIPV80_Wp700,AUTUMN,31,15.0,home,122330.54166666673,79523.04166666666,20050.590779949234,8020.2363119796955,830.0
VIPV80_Wp700,AUTUMN,31,15.0,work,85889.58333333333,4562.916666666668,2557.833043528023,639.4582608820058,25.0
VIPV80_Wp700,AUTUMN,31,15.0,public,77038.625,26138.20833333333,30599.63416829344,5563.5698487806285,480.0
VIPV80_Wp700,AUTUMN,32,15.5,home,139024.74999999997,89838.70833333336,22590.166398716465,9036.066559486562,1062.5
VIPV80_Wp700,AUTUMN,32,15.5,work,76707.79166666667,3709.5416666666674,2113.0945905782437,528.2736476445609,12.5
VIPV80_Wp700,AUTUMN,32,15.5,public,74799.75,26103.833333333347,30469.248334449338,5539.863333536243,495.0
VIPV80_Wp700,AUTUMN,33,16.0,home,163999.91666666672,105352.37500000004,26346.95025831785,10538.780103327113,1202.5
VIPV80_Wp700,AUTUMN,33,16.0,work,63253.458333333336,2705.8333333333335,1527.3360193444123,381.8340048361031,22.5
VIPV80_Wp700,AUTUMN,33,16.0,public,75025.66666666664,27866.208333333325,32337.552567045124,5879.555012190019,600.0
VIPV80_Wp700,AUTUMN,34,16.5,home,193877.2916666667,124138.5833333332,30948.097814124023,12379.239125649623,1315.0
VIPV80_Wp700,AUTUMN,34,16.5,work,47751.33333333334,1962.0,1123.1086996042145,280.7771749010536,7.5
VIPV80_Wp700,AUTUMN,34,16.5,public,75304.37500000001,30272.66666666668,35433.76502552565,6442.50273191375,550.0
VIPV80_Wp700,AUTUMN,35,17.0,home,223060.20833333317,140000.625,34703.837625657325,13881.535050262899,1257.5
VIPV80_Wp700,AUTUMN,35,17.0,work,34652.375,1323.0,774.3425544397686,193.58563860994215,17.5
VIPV80_Wp700,AUTUMN,35,17.0,public,74538.50000000004,30484.666666666682,36188.18784557995,6579.670517378167,545.0
VIPV80_Wp700,AUTUMN,36,17.5,home,252061.04166666683,150645.33333333334,37585.94580514459,15034.378322057828,1127.5
VIPV80_Wp700,AUTUMN,36,17.5,work,24494.041666666668,926.2083333333335,554.3341822521758,138.58354556304394,2.5
VIPV80_Wp700,AUTUMN,36,17.5,public,72116.4166666667,28307.874999999996,33651.085776538835,6118.379232097964,450.0
VIPV80_Wp700,AUTUMN,37,18.0,home,278201.333333333,157173.12500000015,39430.739791445405,15772.295916578165,1087.5
VIPV80_Wp700,AUTUMN,37,18.0,work,17108.166666666664,803.9166666666667,475.92525811424963,118.98131452856241,15.0
VIPV80_Wp700,AUTUMN,37,18.0,public,69570.33333333334,25956.416666666675,30495.63330683358,5544.660601242474,337.5
VIPV80_Wp700,AUTUMN,38,18.5,home,298657.2916666667,158062.50000000015,39755.99486301323,15902.39794520529,785.0
VIPV80_Wp700,AUTUMN,38,18.5,work,12456.750000000002,716.7916666666666,428.4128859297466,107.10322148243665,2.5
VIPV80_Wp700,AUTUMN,38,18.5,public,69719.16666666666,21784.20833333337,25901.406688208037,4709.3466705832825,295.0
VIPV80_Wp700,AUTUMN,39,19.0,home,314608.5416666666,151510.95833333334,38369.46618682352,15347.786474729444,640.0
VIPV80_Wp700,AUTUMN,39,19.0,work,8832.374999999998,579.125,344.81489572996463,86.20372393249116,10.0
VIPV80_Wp700,AUTUMN,39,19.0,public,69513.91666666667,20015.375000000004,23836.708056291285,4333.946919325689,230.0
VIPV80_Wp700,AUTUMN,40,19.5,home,329767.20833333355,142204.3333333332,36219.40169109355,14487.760676437447,560.0
VIPV80_Wp700,AUTUMN,40,19.5,work,6702.708333333333,678.7083333333333,412.31748195228437,103.07937048807109,10.0
VIPV80_Wp700,AUTUMN,40,19.5,public,69055.45833333333,16765.583333333336,20328.355636926914,3696.0646612594387,177.5
VIPV80_Wp700,AUTUMN,41,20.0,home,341400.04166666674,129724.45833333331,33158.459130359566,13263.38365214384,367.5
VIPV80_Wp700,AUTUMN,41,20.0,work,5052.833333333334,568.2083333333334,377.7505820576068,94.4376455144017,0.0
VIPV80_Wp700,AUTUMN,41,20.0,public,67637.12500000001,12783.333333333336,15630.250183998874,2841.863669817976,97.5
VIPV80_Wp700,AUTUMN,42,20.5,home,350044.04166666657,114883.12500000004,29511.76314229524,11804.705256918118,332.5
VIPV80_Wp700,AUTUMN,42,20.5,work,3404.041666666667,250.04166666666666,181.97991861849746,45.494979654624366,0.0
VIPV80_Wp700,AUTUMN,42,20.5,public,66135.45833333334,9841.541666666668,12081.33922761843,2196.6071322942607,115.0
VIPV80_Wp700,AUTUMN,43,21.0,home,358423.79166666674,99276.37499999997,20486.253688571698,10243.126844285849,285.0
VIPV80_Wp700,AUTUMN,43,21.0,work,2071.2083333333335,81.58333333333333,59.897383943069,14.97434598576725,0.0
VIPV80_Wp700,AUTUMN,43,21.0,public,65514.79166666666,7611.791666666666,9393.406554963696,1707.8921009024896,97.5
VIPV80_Wp700,AUTUMN,44,21.5,home,365664.25000000006,86534.83333333333,17925.437072295674,8962.718536147837,245.0
VIPV80_Wp700,AUTUMN,44,21.5,work,1398.0416666666667,48.041666666666664,35.25223848001747,8.813059620004367,0.0
VIPV80_Wp700,AUTUMN,44,21.5,public,64980.87500000001,6513.958333333331,7664.783159953404,1393.5969381733453,52.5
VIPV80_Wp700,AUTUMN,45,22.0,home,373369.45833333326,75558.41666666666,15753.398386806179,7876.699193403089,235.0
VIPV80_Wp700,AUTUMN,45,22.0,work,904.375,0.0,0.0,0.0,0.0
VIPV80_Wp700,AUTUMN,45,22.0,public,64562.125,5257.333333333334,6147.535095678378,1117.7336537597052,20.0
VIPV80_Wp700,AUTUMN,46,22.5,home,379129.9583333333,65844.79166666666,13776.85257356794,6888.42628678397,155.0
VIPV80_Wp700,AUTUMN,46,22.5,work,351.375,0.0,0.0,0.0,0.0
VIPV80_Wp700,AUTUMN,46,22.5,public,64244.33333333333,3568.125,4508.708847292635,819.7652449622973,12.5
VIPV80_Wp700,AUTUMN,47,23.0,home,382657.6249999999,56231.41666666667,11855.375264462034,5927.687632231017,135.0
VIPV80_Wp700,AUTUMN,47,23.0,work,47.0,0.0,0.0,0.0,0.0
VIPV80_Wp700,AUTUMN,47,23.0,public,63759.33333333332,2240.25,3000.7571368211793,545.5922066947599,17.5
VIPV80_Wp700,AUTUMN,48,23.5,home,388124.5416666666,50137.708333333365,10641.903730053284,5320.951865026642,180.0
VIPV80_Wp700,AUTUMN,48,23.5,work,0.0,0.0,0.0,0.0,0.0
VIPV80_Wp700,AUTUMN,48,23.5,public,63396.58333333333,1455.9583333333333,1955.9119205763195,355.6203491956944,5.0
VIPV80_Wp700,WINTER,1,0.0,home,412906.75,128683.83333333339,26104.345058618266,13052.172529309131,510.0
VIPV80_Wp700,WINTER,1,0.0,work,0.0,0.0,0.0,0.0,0.0
VIPV80_Wp700,WINTER,1,0.0,public,69009.5,14636.374999999998,18056.88129402596,3283.0693261865363,117.5
VIPV80_Wp700,WINTER,2,0.5,home,422094.25,120041.58333333334,24558.018748286388,12279.009374143194,272.5
VIPV80_Wp700,WINTER,2,0.5,work,51.583333333333336,51.583333333333336,17.57667297844035,4.394168244610087,5.0
VIPV80_Wp700,WINTER,2,0.5,public,71587.5,12076.083333333336,15354.685269734391,2791.760958133526,62.5
VIPV80_Wp700,WINTER,3,1.0,home,427162.5,108921.4583333333,22445.49905276645,11222.749526383224,127.5
VIPV80_Wp700,WINTER,3,1.0,work,150.0,143.08333333333334,44.11202240330432,11.02800560082608,0.0
VIPV80_Wp700,WINTER,3,1.0,public,72337.5,8543.041666666668,10933.223845332132,1987.8588809694804,20.0
VIPV80_Wp700,WINTER,4,1.5,home,429450.0,95786.33333333337,19869.74853561872,9934.874267809359,52.5
VIPV80_Wp700,WINTER,4,1.5,work,150.0,75.0,36.38625408179132,9.09656352044783,0.0
VIPV80_Wp700,WINTER,4,1.5,public,72579.45833333333,5003.999999999999,6548.67285427737,1190.6677916867943,5.0
VIPV80_Wp700,WINTER,5,2.0,home,429900.0,77528.87499999997,16251.131120196582,8125.565560098289,10.0
VIPV80_Wp700,WINTER,5,2.0,work,150.0,75.0,36.38625408179132,9.09656352044783,0.0
VIPV80_Wp700,WINTER,5,2.0,public,72862.5,2666.3750000000005,3441.636847004096,625.7521540007448,10.0
VIPV80_Wp700,WINTER,6,2.5,home,430012.5,60122.95833333335,12703.685272691553,6351.842636345777,5.0
VIPV80_Wp700,WINTER,6,2.5,work,150.0,11.416666666666666,5.538796454672679,1.3846991136681697,0.0
VIPV80_Wp700,WINTER,6,2.5,public,72937.5,1124.0416666666667,1389.807928595607,252.69235065374667,2.5
VIPV80_Wp700,WINTER,7,3.0,home,430041.7916666666,44059.749999999985,9390.788073336264,4695.394036668132,0.0
VIPV80_Wp700,WINTER,7,3.0,work,150.0,0.0,0.0,0.0,0.0
VIPV80_Wp700,WINTER,7,3.0,public,72975.0,393.0,485.9623861836886,88.35679748794335,0.0
VIPV80_Wp700,WINTER,8,3.5,home,429929.7916666666,30886.000000000004,6634.221503897917,3317.1107519489583,0.0
VIPV80_Wp700,WINTER,8,3.5,work,150.0,0.0,0.0,0.0,0.0
VIPV80_Wp700,WINTER,8,3.5,public,72975.0,87.875,100.7032834837079,18.30968790612871,0.0
VIPV80_Wp700,WINTER,9,4.0,home,429322.5,19841.58333333334,4293.733440207218,2146.866720103609,0.0
VIPV80_Wp700,WINTER,9,4.0,work,271.20833333333337,121.20833333333334,46.75718704409856,11.68929676102464,12.5
VIPV80_Wp700,WINTER,9,4.0,public,72989.625,182.08333333333334,212.29585553958304,38.599246461742375,10.0
VIPV80_Wp700,WINTER,10,4.5,home,427735.5833333334,11405.583333333338,2482.8365638301875,1241.4182819150938,0.0
VIPV80_Wp700,WINTER,10,4.5,work,801.4583333333335,646.7083333333334,256.38369173696606,64.09592293424151,25.0
VIPV80_Wp700,WINTER,10,4.5,public,73100.08333333333,490.5,354.29912625371674,64.41802295522123,17.5
VIPV80_Wp700,WINTER,11,5.0,home,422487.87500000006,4121.791666666666,895.3464022404816,447.6732011202408,5.0
VIPV80_Wp700,WINTER,11,5.0,work,2022.4166666666667,1738.3333333333333,774.6160690024055,193.65401725060138,77.5
VIPV80_Wp700,WINTER,11,5.0,public,72694.125,967.6250000000001,884.6141595140258,160.83893809345923,25.0
VIPV80_Wp700,WINTER,12,5.5,home,413901.45833333326,1009.1250000000001,213.00798824439596,106.50399412219797,17.5
VIPV80_Wp700,WINTER,12,5.5,work,5597.166666666667,4957.124999999999,2225.8043275791533,556.4510818947883,147.5
VIPV80_Wp700,WINTER,12,5.5,public,72400.25000000001,1870.5416666666665,1801.6670610436897,327.5758292806709,57.5
VIPV80_Wp700,WINTER,13,6.0,home,393432.16666666657,832.1666666666667,206.2130996475521,82.48523985902082,5.0
VIPV80_Wp700,WINTER,13,6.0,work,11795.958333333323,9988.499999999998,4700.73857089397,1175.1846427234925,320.0
VIPV80_Wp700,WINTER,13,6.0,public,72697.125,4491.25,4088.8613672615356,743.4293395020976,215.0
VIPV80_Wp700,WINTER,14,6.5,home,361768.66666666674,953.1666666666667,244.19679519811328,97.6787180792453,10.0
VIPV80_Wp700,WINTER,14,6.5,work,22636.541666666686,18394.83333333334,8553.443273626486,2138.3608184066215,375.0
VIPV80_Wp700,WINTER,14,6.5,public,72491.95833333334,9066.249999999998,7725.212487657499,1404.5840886649994,210.0
VIPV80_Wp700,WINTER,15,7.0,home,303490.50000000006,1336.4583333333333,345.54512525967755,138.21805010387104,32.5
VIPV80_Wp700,WINTER,15,7.0,work,37633.45833333335,29405.874999999996,13629.923763151053,3407.4809407877633,762.5
VIPV80_Wp700,WINTER,15,7.0,public,71645.16666666672,14340.333333333336,13104.287985166275,2382.5978154847776,482.5
VIPV80_Wp700,WINTER,16,7.5,home,234487.37500000003,1874.5833333333335,490.9258282923272,196.3703313169309,20.0
VIPV80_Wp700,WINTER,16,7.5,work,64035.91666666669,48187.208333333365,22195.981008698494,5548.995252174624,830.0
VIPV80_Wp700,WINTER,16,7.5,public,73838.41666666658,24022.708333333318,21311.407958602147,3874.801447018569,612.5
VIPV80_Wp700,WINTER,17,8.0,home,183527.45833333337,2340.4583333333326,836.2469347756002,238.92769565017153,42.5
VIPV80_Wp700,WINTER,17,8.0,work,83882.625,55027.54166666668,26257.611279456214,6564.4028198640535,447.5
VIPV80_Wp700,WINTER,17,8.0,public,80258.29166666672,30856.833333333303,29529.297745691405,5368.963226489346,542.5
VIPV80_Wp700,WINTER,18,8.5,home,155593.4166666667,3075.7083333333335,1073.2501067704286,306.6428876486939,95.0
VIPV80_Wp700,WINTER,18,8.5,work,93544.00000000001,47785.79166666667,24517.786204873526,6129.4465512183815,287.5
VIPV80_Wp700,WINTER,18,8.5,public,83250.45833333336,29147.49999999998,30328.448466394602,5514.263357526286,417.5
VIPV80_Wp700,WINTER,19,9.0,home,135338.95833333337,6073.583333333334,2147.4481737946267,613.5566210841787,137.5
VIPV80_Wp700,WINTER,19,9.0,work,99987.91666666667,37329.375000000015,19868.803222276336,4967.200805569084,192.5
VIPV80_Wp700,WINTER,19,9.0,public,82815.04166666669,25597.583333333347,27405.867400422925,4982.884981895067,375.0
VIPV80_Wp700,WINTER,20,9.5,home,125816.99999999999,9348.791666666668,3389.1258579114556,968.321673688987,192.5
VIPV80_Wp700,WINTER,20,9.5,work,104060.25000000001,28432.041666666675,15484.464717863386,3871.1161794658465,130.0
VIPV80_Wp700,WINTER,20,9.5,public,83047.66666666666,22229.166666666657,23897.69338028586,4345.035160051981,452.5
VIPV80_Wp700,WINTER,21,10.0,home,115085.87499999997,13804.79166666667,4950.0874847427785,1414.310709926508,282.5
VIPV80_Wp700,WINTER,21,10.0,work,105425.41666666667,20424.625000000007,11540.777427510035,2885.1943568775087,85.0
VIPV80_Wp700,WINTER,21,10.0,public,84862.87500000004,22510.125000000004,23857.701923706856,4337.763986128514,495.0
VIPV80_Wp700,WINTER,22,10.5,home,103631.625,17900.20833333332,6426.927551565998,1836.2650147331437,292.5
VIPV80_Wp700,WINTER,22,10.5,work,105612.0,15298.416666666662,8635.12463287894,2158.781158219735,112.5
VIPV80_Wp700,WINTER,22,10.5,public,87822.37500000006,26856.083333333336,29288.69685450418,5325.21760990985,555.0
VIPV80_Wp700,WINTER,23,11.0,home,95097.87499999996,22906.791666666657,8265.886507319421,2361.681859234126,405.0
VIPV80_Wp700,WINTER,23,11.0,work,105380.37499999999,12596.333333333336,6908.5155296358635,1727.1288824089659,70.0
VIPV80_Wp700,WINTER,23,11.0,public,88912.66666666666,27663.791666666675,30232.179378530738,5496.759887005592,590.0
VIPV80_Wp700,WINTER,24,11.5,home,90887.00000000006,29907.958333333332,10929.9733395193,3122.8495255769467,455.0
VIPV80_Wp700,WINTER,24,11.5,work,103940.99999999997,9702.83333333333,5244.03772091547,1311.0094302288676,102.5
VIPV80_Wp700,WINTER,24,11.5,public,89619.70833333334,29118.95833333334,32033.870625686246,5824.340113761126,655.0
VIPV80_Wp700,WINTER,25,12.0,home,90246.50000000001,37902.70833333334,9824.134982604479,3929.65399304179,547.5
VIPV80_Wp700,WINTER,25,12.0,work,103934.66666666666,9340.833333333338,4922.449582824541,1230.6123957061352,112.5
VIPV80_Wp700,WINTER,25,12.0,public,90777.37500000016,32005.041666666675,35338.11903887634,6425.112552522975,652.5
VIPV80_Wp700,WINTER,26,12.5,home,91326.6666666667,45542.583333333314,11739.993598100113,4695.997439240049,552.5
VIPV80_Wp700,WINTER,26,12.5,work,105215.87500000004,9964.833333333334,5400.891711808928,1350.222927952232,142.5
VIPV80_Wp700,WINTER,26,12.5,public,88161.50000000012,32437.125000000015,37628.75402731331,6841.591641329701,637.5
VIPV80_Wp700,WINTER,27,13.0,home,91266.79166666666,49618.624999999985,12705.229944288863,5082.09197771554,610.0
VIPV80_Wp700,WINTER,27,13.0,work,106691.24999999997,10640.375000000004,5791.225391357449,1447.8063478393622,107.5
VIPV80_Wp700,WINTER,27,13.0,public,89113.33333333336,33010.916666666635,38860.711734646575,7065.583951753935,645.0
VIPV80_Wp700,WINTER,28,13.5,home,94201.79166666664,53554.20833333332,13739.922318937673,5495.968927575086,612.5
VIPV80_Wp700,WINTER,28,13.5,work,107035.95833333331,10610.916666666668,5811.40502949779,1452.8512573744474,80.0
VIPV80_Wp700,WINTER,28,13.5,public,89992.50000000003,34037.45833333333,39042.55789831723,7098.646890603124,510.0
VIPV80_Wp700,WINTER,29,14.0,home,100779.20833333328,61089.45833333338,15624.233123303778,6249.693249321522,802.5
VIPV80_Wp700,WINTER,29,14.0,work,106545.16666666664,9768.333333333334,5265.223281966062,1316.3058204915155,72.5
VIPV80_Wp700,WINTER,29,14.0,public,86011.74999999999,29688.49999999999,33710.09120483886,6129.107491788876,572.5
VIPV80_Wp700,WINTER,30,14.5,home,108872.12499999999,68703.70833333337,17426.46685355581,6970.586741422312,787.5
VIPV80_Wp700,WINTER,30,14.5,work,104811.24999999996,8191.875000000002,4472.417691896314,1118.1044229740785,37.5
VIPV80_Wp700,WINTER,30,14.5,public,86070.29166666669,29863.24999999998,34493.570258167405,6271.558228757706,497.5
VIPV80_Wp700,WINTER,31,15.0,home,120359.16666666669,76940.9166666667,19383.30698659257,7753.322794637033,770.0
VIPV80_Wp700,WINTER,31,15.0,work,98117.04166666666,6327.375,3593.492672216693,898.3731680541732,17.5
VIPV80_Wp700,WINTER,31,15.0,public,84162.54166666674,29135.16666666666,33880.79085535599,6160.143791882911,572.5
VIPV80_Wp700,WINTER,32,15.5,home,136128.79166666674,88705.0416666667,22258.99482573805,8903.597930295193,1112.5
VIPV80_Wp700,WINTER,32,15.5,work,86747.91666666664,4334.333333333334,2491.01526659074,622.753816647685,10.0
VIPV80_Wp700,WINTER,32,15.5,public,81966.45833333336,27921.45833333336,31696.380305041374,5762.978237280248,537.5
VIPV80_Wp700,WINTER,33,16.0,home,160781.0416666667,105875.66666666672,31629.39298463841,10543.13099487947,1177.5
VIPV80_Wp700,WINTER,33,16.0,work,70709.125,2717.166666666667,1596.243012533465,399.06075313336623,20.0
VIPV80_Wp700,WINTER,33,16.0,public,79289.66666666669,28464.083333333336,31750.907151953354,5772.892209446067,597.5
VIPV80_Wp700,WINTER,34,16.5,home,188898.6250000003,122771.41666666653,36730.655364082166,12243.551788027413,1292.5
VIPV80_Wp700,WINTER,34,16.5,work,54058.124999999985,1655.3749999999995,971.6456424604298,242.91141061510746,12.5
VIPV80_Wp700,WINTER,34,16.5,public,78637.87499999999,29881.54166666667,34212.36195189277,6220.429445798673,525.0
VIPV80_Wp700,WINTER,35,17.0,home,218661.0833333334,139321.79166666666,41658.305396830896,13886.10179894362,1285.0
VIPV80_Wp700,WINTER,35,17.0,work,37940.875000000015,1045.6666666666665,592.2509224945456,148.0627306236364,5.0
VIPV80_Wp700,WINTER,35,17.0,public,77242.87500000001,29891.374999999964,34269.270734132784,6230.776497115063,567.5
VIPV80_Wp700,WINTER,36,17.5,home,245632.7916666668,150127.29166666672,44936.105053856896,14978.70168461897,1152.5
VIPV80_Wp700,WINTER,36,17.5,work,27001.83333333334,788.6666666666667,429.39516241869023,107.34879060467256,5.0
VIPV80_Wp700,WINTER,36,17.5,public,74744.99999999999,27957.833333333332,31283.300161292176,5687.872756598572,455.0
VIPV80_Wp700,WINTER,37,18.0,home,271235.91666666657,156342.04166666686,46972.97023699248,15657.656745664119,1085.0
VIPV80_Wp700,WINTER,37,18.0,work,18373.541666666664,755.1666666666665,374.0271694603872,93.5067923650968,17.5
VIPV80_Wp700,WINTER,37,18.0,public,71702.5,24883.08333333332,28950.76187190466,5263.774885800839,372.5
VIPV80_Wp700,WINTER,38,18.5,home,292099.12500000006,155937.3333333333,47114.29473056373,15704.764910187852,785.0
VIPV80_Wp700,WINTER,38,18.5,work,12119.874999999996,751.875,342.98909197679495,85.74727299419874,0.0
VIPV80_Wp700,WINTER,38,18.5,public,69911.24999999997,22813.374999999993,27022.459410539348,4913.174438279876,347.5
VIPV80_Wp700,WINTER,39,19.0,home,306952.8333333334,147876.91666666654,44874.957223180005,14958.31907439335,605.0
VIPV80_Wp700,WINTER,39,19.0,work,8134.500000000001,426.7083333333333,201.9391201293799,50.48478003234497,5.0
VIPV80_Wp700,WINTER,39,19.0,public,68704.45833333333,20341.87499999999,24085.81830207954,4379.239691287187,217.5
VIPV80_Wp700,WINTER,40,19.5,home,322294.16666666674,139898.9583333332,42754.3552359483,14251.451745316086,625.0
VIPV80_Wp700,WINTER,40,19.5,work,6010.5,586.5833333333334,351.92341373665107,87.98085343416277,12.5
VIPV80_Wp700,WINTER,40,19.5,public,68516.12500000001,17215.25,21340.44277016554,3880.0805036664588,220.0
VIPV80_Wp700,WINTER,41,20.0,home,336142.08333333343,130432.66666666673,26744.88070917031,13372.440354585155,375.0
VIPV80_Wp700,WINTER,41,20.0,work,4255.666666666667,525.6666666666667,345.873185830891,86.46829645772274,0.0
VIPV80_Wp700,WINTER,41,20.0,public,67689.99999999999,13715.666666666662,16934.216988070188,3078.9485432854885,132.5
VIPV80_Wp700,WINTER,42,20.5,home,344048.70833333314,115603.91666666673,23864.771169599728,11932.385584799864,307.5
VIPV80_Wp700,WINTER,42,20.5,work,2628.6250000000005,280.0833333333333,205.09695614284323,51.274239035710806,0.0
VIPV80_Wp700,WINTER,42,20.5,public,66223.125,11162.208333333336,13687.236019736061,2488.588367224737,120.0
VIPV80_Wp700,WINTER,43,21.0,home,352327.20833333343,102763.12500000006,21296.922228005275,10648.461114002637,272.5
VIPV80_Wp700,WINTER,43,21.0,work,1492.0000000000002,13.166666666666666,9.727067514877898,2.4317668787194746,0.0
VIPV80_Wp700,WINTER,43,21.0,public,64725.83333333333,8583.95833333333,10205.50301971051,1855.5460035837284,80.0
VIPV80_Wp700,WINTER,44,21.5,home,358862.875,90367.00000000001,18775.05662131432,9387.52831065716,247.5
VIPV80_Wp700,WINTER,44,21.5,work,1247.0,0.0,0.0,0.0,0.0
VIPV80_Wp700,WINTER,44,21.5,public,63786.249999999985,6135.708333333334,7358.338066724023,1337.8796484952768,37.5
VIPV80_Wp700,WINTER,45,22.0,home,384263.4999999998,97177.41666666661,19949.962203364288,9974.981101682142,1100.0
VIPV80_Wp700,WINTER,45,22.0,work,944.5833333333334,0.0,0.0,0.0,0.0
VIPV80_Wp700,WINTER,45,22.0,public,65644.625,6865.416666666667,8034.841637467472,1460.8802977213586,167.5
VIPV80_Wp700,WINTER,46,22.5,home,426632.24999999994,122198.24999999997,24599.86406391721,12299.932031958604,1402.5
VIPV80_Wp700,WINTER,46,22.5,work,559.0,0.0,0.0,0.0,0.0
VIPV80_Wp700,WINTER,46,22.5,public,70642.625,11504.583333333334,13410.843754804857,2438.3352281463367,220.0
VIPV80_Wp700,WINTER,47,23.0,home,467422.9166666667,146035.79166666663,29125.744446186345,14562.872223093173,1327.5
VIPV80_Wp700,WINTER,47,23.0,work,122.04166666666667,0.0,0.0,0.0,0.0
VIPV80_Wp700,WINTER,47,23.0,public,77287.04166666667,16500.458333333332,19075.420184546525,3468.2582153720937,235.0
VIPV80_Wp700,WINTER,48,23.5,home,499123.6666666666,157667.91666666674,31546.413200455896,15773.206600227948,955.0
VIPV80_Wp700,WINTER,48,23.5,work,0.0,0.0,0.0,0.0,0.0
VIPV80_Wp700,WINTER,48,23.5,public,82548.125,18890.83333333333,22017.294716796434,4003.144493962988,175.0
VIPV80_Wp1000,SPRING,1,0.0,home,275391.49999999994,60876.45833333334,7683.0445508105,6146.435640648399,1562.5
VIPV80_Wp1000,SPRING,1,0.0,work,0.0,0.0,0.0,0.0,0.0
VIPV80_Wp1000,SPRING,1,0.0,public,42159.5,5518.5,6452.805464137218,1173.2373571158578,247.5
VIPV80_Wp1000,SPRING,2,0.5,home,318330.25,98285.04166666672,12102.827272801725,9682.261818241368,1212.5
VIPV80_Wp1000,SPRING,2,0.5,work,0.0,0.0,0.0,0.0,0.0
VIPV80_Wp1000,SPRING,2,0.5,public,50812.5,13751.208333333334,15277.580143942223,2777.741844353132,247.5
VIPV80_Wp1000,SPRING,3,1.0,home,337275.0,109069.62499999996,13499.88083163801,10799.904665310401,492.5
VIPV80_Wp1000,SPRING,3,1.0,work,0.0,0.0,0.0,0.0,0.0
VIPV80_Wp1000,SPRING,3,1.0,public,54787.5,16016.375,18276.601715495508,3323.018493726451,97.5
VIPV80_Wp1000,SPRING,4,1.5,home,345337.5,104219.16666666667,13085.770409012748,10468.616327210224,207.5
VIPV80_Wp1000,SPRING,4,1.5,work,0.0,0.0,0.0,0.0,0.0
VIPV80_Wp1000,SPRING,4,1.5,public,56700.0,13528.541666666668,16137.936845370068,2934.1703355218265,57.5
VIPV80_Wp1000,SPRING,5,2.0,home,348037.5,95074.74999999997,12101.949199242883,9681.559359394321,75.0
VIPV80_Wp1000,SPRING,5,2.0,work,0.0,0.0,0.0,0.0,0.0
VIPV80_Wp1000,SPRING,5,2.0,public,57600.0,8354.625000000002,10073.136727590005,1831.4794050163644,22.5
VIPV80_Wp1000,SPRING,6,2.5,home,348900.0,82481.50000000001,10639.013149498367,8511.210519598702,10.0
VIPV80_Wp1000,SPRING,6,2.5,work,0.0,0.0,0.0,0.0,0.0
VIPV80_Wp1000,SPRING,6,2.5,public,57825.0,4127.041666666667,5037.3558758560985,915.8828865192908,5.0
VIPV80_Wp1000,SPRING,7,3.0,home,349012.5,68312.87500000003,8910.438676723927,7128.350941379143,2.5
VIPV80_Wp1000,SPRING,7,3.0,work,0.0,0.0,0.0,0.0,0.0
VIPV80_Wp1000,SPRING,7,3.0,public,57975.0,1469.458333333333,1882.7195001713176,342.31263639478505,5.0
VIPV80_Wp1000,SPRING,8,3.5,home,349007.3333333333,51966.41666666665,6847.985344223153,5478.388275378515,0.0
VIPV80_Wp1000,SPRING,8,3.5,work,0.0,0.0,0.0,0.0,0.0
VIPV80_Wp1000,SPRING,8,3.5,public,57975.0,514.0833333333334,634.0565725186508,115.28301318520926,0.0
VIPV80_Wp1000,SPRING,9,4.0,home,348270.875,37367.958333333336,4972.527332078431,3978.0218656627435,0.0
VIPV80_Wp1000,SPRING,9,4.0,work,0.8333333333333333,0.8333333333333333,0.13297872340425532,0.03324468085106383,2.5
VIPV80_Wp1000,SPRING,9,4.0,public,57942.79166666667,217.0,288.46467108116434,52.44812201475715,0.0
VIPV80_Wp1000,SPRING,10,4.5,home,346239.2916666666,24515.541666666664,3294.2317965344437,2635.3854372275546,0.0
VIPV80_Wp1000,SPRING,10,4.5,work,198.20833333333334,185.04166666666669,42.3486885513376,10.5871721378344,17.5
VIPV80_Wp1000,SPRING,10,4.5,public,58097.291666666664,368.0833333333333,498.529776556274,90.64177755568619,22.5
VIPV80_Wp1000,SPRING,11,5.0,home,341367.875,12467.416666666666,1685.1418527155063,1348.1134821724063,2.5
VIPV80_Wp1000,SPRING,11,5.0,work,1425.0,1298.9166666666667,586.3923882251365,146.59809705628413,70.0
VIPV80_Wp1000,SPRING,11,5.0,public,57704.04166666668,935.8750000000001,900.62237437888,163.74952261434183,40.0
VIPV80_Wp1000,SPRING,12,5.5,home,333489.4583333333,2248.3750000000005,298.35378156949287,238.6830252555944,10.0
VIPV80_Wp1000,SPRING,12,5.5,work,3656.041666666668,3328.500000000001,1397.196108649414,349.2990271623535,75.0
VIPV80_Wp1000,SPRING,12,5.5,public,57807.125,2288.9166666666665,2349.1970910851664,427.1267438336666,67.5
VIPV80_Wp1000,SPRING,13,6.0,home,315572.20833333326,496.41666666666663,127.99484600230281,51.19793840092111,2.5
VIPV80_Wp1000,SPRING,13,6.0,work,7487.125000000002,6234.583333333332,2829.982765617341,707.4956914043353,230.0
VIPV80_Wp1000,SPRING,13,6.0,public,57267.91666666667,3797.4583333333335,3439.615910786416,625.3847110520757,147.5
VIPV80_Wp1000,SPRING,14,6.5,home,289201.3333333333,495.41666666666663,128.67430130836743,51.46972052334696,12.5
VIPV80_Wp1000,SPRING,14,6.5,work,16077.416666666664,13022.041666666668,6070.1339045019595,1517.5334761254899,295.0
VIPV80_Wp1000,SPRING,14,6.5,public,56377.87499999999,6575.583333333336,6201.825234757781,1127.6045881377786,157.5
VIPV80_Wp1000,SPRING,15,7.0,home,243898.95833333343,1239.7083333333333,508.1463047795785,135.50568127455432,32.5
VIPV80_Wp1000,SPRING,15,7.0,work,27613.83333333334,21389.250000000004,10347.46261894422,2586.865654736055,602.5
VIPV80_Wp1000,SPRING,15,7.0,public,55031.87500000002,10453.833333333336,10120.103356470825,1840.0187920856038,382.5
VIPV80_Wp1000,SPRING,16,7.5,home,188942.3333333334,1873.0833333333335,713.9266391501093,190.38043710669575,30.0
VIPV80_Wp1000,SPRING,16,7.5,work,48651.375000000015,36637.208333333336,18019.035980998204,4504.758995249551,645.0
VIPV80_Wp1000,SPRING,16,7.5,public,55977.45833333332,17838.958333333332,17528.83857729504,3187.0615595081886,440.0
VIPV80_Wp1000,SPRING,17,8.0,home,148692.7500000001,2100.583333333333,893.2672553078411,223.31681382696027,37.5
VIPV80_Wp1000,SPRING,17,8.0,work,65529.208333333336,44681.70833333336,22722.473759710847,5680.618439927712,430.0
VIPV80_Wp1000,SPRING,17,8.0,public,58867.749999999985,22395.208333333358,22464.363649173632,4084.429754395207,400.0
VIPV80_Wp1000,SPRING,18,8.5,home,125825.49999999999,2368.125,990.2535930500391,247.56339826250976,65.0
VIPV80_Wp1000,SPRING,18,8.5,work,74476.16666666664,41213.62499999999,22316.604081290327,5579.151020322582,247.5
VIPV80_Wp1000,SPRING,18,8.5,public,63053.125000000015,23418.916666666668,24598.371390386954,4472.43116188854,390.0
VIPV80_Wp1000,SPRING,19,9.0,home,109543.45833333342,4347.833333333333,1783.1076324696362,445.77690811740905,105.0
VIPV80_Wp1000,SPRING,19,9.0,work,78676.58333333331,33005.916666666664,18835.27694181135,4708.819235452837,105.0
VIPV80_Wp1000,SPRING,19,9.0,public,64553.70833333338,21306.33333333331,23748.025671011066,4317.822849274738,362.5
VIPV80_Wp1000,SPRING,20,9.5,home,102033.49999999996,6907.791666666666,2953.4096725317777,738.3524181329444,172.5
VIPV80_Wp1000,SPRING,20,9.5,work,81091.41666666667,24526.333333333332,14389.746403030787,3597.436600757697,107.5
VIPV80_Wp1000,SPRING,20,9.5,public,64821.62499999999,18181.833333333318,20912.36642372027,3802.248440676406,312.5
VIPV80_Wp1000,SPRING,21,10.0,home,94296.49999999996,11884.458333333334,3144.820572338341,1257.9282289353364,280.0
VIPV80_Wp1000,SPRING,21,10.0,work,83161.91666666666,18765.208333333336,11017.649911226024,2754.412477806506,92.5
VIPV80_Wp1000,SPRING,21,10.0,public,64788.37499999996,17896.166666666657,20358.41090478459,3701.5292554153757,377.5
VIPV80_Wp1000,SPRING,22,10.5,home,85407.37500000004,16118.624999999998,4285.11660644965,1714.0466425798609,242.5
VIPV80_Wp1000,SPRING,22,10.5,work,84072.08333333333,14677.208333333334,8671.777587913451,2167.944396978363,107.5
VIPV80_Wp1000,SPRING,22,10.5,public,65150.83333333331,19214.916666666664,20894.543777614803,3799.0079595663296,382.5
VIPV80_Wp1000,SPRING,23,11.0,home,76929.74999999996,19157.624999999996,5110.587068688876,2044.23482747555,360.0
VIPV80_Wp1000,SPRING,23,11.0,work,84504.87499999999,11240.375000000002,6500.858766963332,1625.214691740833,52.5
VIPV80_Wp1000,SPRING,23,11.0,public,66479.79166666663,20153.62500000001,22718.91438010404,4130.711705473463,455.0
VIPV80_Wp1000,SPRING,24,11.5,home,72497.54166666669,24495.374999999996,6575.2977745833305,2630.119109833335,395.0
VIPV80_Wp1000,SPRING,24,11.5,work,83643.45833333334,8766.041666666664,4935.610456066959,1233.9026140167398,87.5
VIPV80_Wp1000,SPRING,24,11.5,public,67843.37500000001,22099.79166666665,26310.80926231995,4783.783502239994,545.0
VIPV80_Wp1000,SPRING,25,12.0,home,72258.99999999999,32401.75000000001,6042.048985537808,3452.59942030732,490.0
VIPV80_Wp1000,SPRING,25,12.0,work,83695.04166666667,7920.833333333334,4435.718690651269,1108.9296726628172,75.0
VIPV80_Wp1000,SPRING,25,12.0,public,70855.3333333334,26500.583333333325,32064.209060846144,5829.856192881117,557.5
VIPV80_Wp1000,SPRING,26,12.5,home,73800.25000000001,38692.7083333333,7145.325524085887,4083.0431566205134,480.0
VIPV80_Wp1000,SPRING,26,12.5,work,83997.125,7744.291666666668,4250.166877982816,1062.541719495704,85.0
VIPV80_Wp1000,SPRING,26,12.5,public,69719.99999999996,26385.291666666653,31376.148513094515,5704.754275108086,440.0
VIPV80_Wp1000,SPRING,27,13.0,home,74591.58333333334,42810.95833333331,7932.66477093607,4532.9512976777605,577.5
VIPV80_Wp1000,SPRING,27,13.0,work,84193.91666666667,6713.916666666666,3669.6168631096066,917.4042157774016,70.0
VIPV80_Wp1000,SPRING,27,13.0,public,69674.79166666674,24989.208333333325,29266.97462350343,5321.268113364259,460.0
VIPV80_Wp1000,SPRING,28,13.5,home,80664.54166666667,49465.66666666665,9095.02060061744,5197.15462892425,550.0
VIPV80_Wp1000,SPRING,28,13.5,work,84290.00000000003,6091.416666666668,3426.7812626807186,856.6953156701796,57.5
VIPV80_Wp1000,SPRING,28,13.5,public,69833.5833333333,24669.99999999999,30254.054951708953,5500.73726394708,422.5
VIPV80_Wp1000,SPRING,29,14.0,home,88192.04166666672,56275.375,10252.469340909674,5858.553909091251,700.0
VIPV80_Wp1000,SPRING,29,14.0,work,84227.62500000001,6482.041666666668,3595.800493312282,898.9501233280705,75.0
VIPV80_Wp1000,SPRING,29,14.0,public,68231.75000000007,24072.500000000004,29367.81377962015,5339.602505385481,520.0
VIPV80_Wp1000,SPRING,30,14.5,home,95927.33333333331,61436.916666666664,11122.79027279733,6355.88015588419,702.5
VIPV80_Wp1000,SPRING,30,14.5,work,82292.45833333333,5980.833333333332,3357.5905050393208,839.3976262598302,12.5
VIPV80_Wp1000,SPRING,30,14.5,public,66597.50000000001,23583.62499999998,28137.933778559443,5115.987959738081,370.0
VIPV80_Wp1000,SPRING,31,15.0,home,106530.25000000003,69197.91666666667,12394.998421484148,7082.85624084808,800.0
VIPV80_Wp1000,SPRING,31,15.0,work,77236.20833333334,4088.9166666666674,2361.6525479086854,590.4131369771713,20.0
VIPV80_Wp1000,SPRING,31,15.0,public,65366.79166666665,23105.66666666668,27783.645170434113,5051.571849169837,472.5
VIPV80_Wp1000,SPRING,32,15.5,home,121975.37500000001,78351.79166666669,13860.320803681792,7920.183316389598,862.5
VIPV80_Wp1000,SPRING,32,15.5,work,68266.62499999997,2612.7916666666665,1489.0645078673483,372.2661269668371,12.5
VIPV80_Wp1000,SPRING,32,15.5,public,65819.62499999994,23939.041666666668,28623.917088400158,5204.348561527301,447.5
VIPV80_Wp1000,SPRING,33,16.0,home,141365.41666666666,88266.74999999996,22145.59329837738,8858.23731935095,955.0
VIPV80_Wp1000,SPRING,33,16.0,work,55202.75000000001,1689.875,953.1338240399376,238.2834560099844,12.5
VIPV80_Wp1000,SPRING,33,16.0,public,67090.70833333334,26650.74999999999,31526.06838914702,5732.012434390366,575.0
VIPV80_Wp1000,SPRING,34,16.5,home,161287.95833333328,97151.20833333321,24180.92756010219,9672.371024040882,1002.5
VIPV80_Wp1000,SPRING,34,16.5,work,40336.70833333333,1322.166666666667,756.1657608177559,189.04144020443897,7.5
VIPV80_Wp1000,SPRING,34,16.5,public,66608.08333333334,26735.95833333335,30762.294325920884,5593.144422894707,485.0
VIPV80_Wp1000,SPRING,35,17.0,home,182681.24999999997,106402.62500000003,36866.48372030132,10533.281062943224,937.5
VIPV80_Wp1000,SPRING,35,17.0,work,28548.04166666667,655.4583333333333,397.6035535446697,99.40088838616742,7.5
VIPV80_Wp1000,SPRING,35,17.0,public,63887.83333333329,24956.75000000002,29895.26295804582,5435.502356008333,430.0
VIPV80_Wp1000,SPRING,36,17.5,home,202749.9166666666,110725.87499999994,38484.70123395493,10995.628923987093,865.0
VIPV80_Wp1000,SPRING,36,17.5,work,20002.958333333332,588.5833333333334,351.5074234822472,87.8768558705618,5.0
VIPV80_Wp1000,SPRING,36,17.5,public,60063.12500000008,21468.541666666653,25649.65824299193,4663.57422599853,402.5
VIPV80_Wp1000,SPRING,37,18.0,home,220776.16666666657,112830.66666666677,39367.95678331342,11247.987652375257,802.5
VIPV80_Wp1000,SPRING,37,18.0,work,14165.999999999998,459.2916666666667,266.4675063032354,66.61687657580885,7.5
VIPV80_Wp1000,SPRING,37,18.0,public,56364.916666666686,19268.208333333347,23170.11162691853,4212.747568530648,312.5
VIPV80_Wp1000,SPRING,38,18.5,home,235241.91666666677,109955.04166666663,38609.724504286656,11031.349858367641,520.0
VIPV80_Wp1000,SPRING,38,18.5,work,9373.833333333336,524.9583333333334,293.0592440429039,73.26481101072598,0.0
VIPV80_Wp1000,SPRING,38,18.5,public,54074.45833333334,16512.416666666664,19380.41152828218,3523.7111869603946,242.5
VIPV80_Wp1000,SPRING,39,19.0,home,245001.08333333328,102372.50000000003,36173.69204350241,10335.340583857838,435.0
VIPV80_Wp1000,SPRING,39,19.0,work,6059.666666666666,422.16666666666663,264.4460054582746,66.11150136456865,5.0
VIPV80_Wp1000,SPRING,39,19.0,public,52420.16666666667,13598.791666666664,15815.318389085316,2875.512434379148,155.0
VIPV80_Wp1000,SPRING,40,19.5,home,255972.8333333333,94471.16666666664,33531.987058836196,9580.567731096075,450.0
VIPV80_Wp1000,SPRING,40,19.5,work,4244.875,448.75,297.39774966849376,74.34943741712344,2.5
VIPV80_Wp1000,SPRING,40,19.5,public,50808.958333333336,11090.791666666664,12643.590426380553,2298.8346229782815,155.0
VIPV80_Wp1000,SPRING,41,20.0,home,264730.12500000006,86330.54166666658,30803.56033473058,8801.017238494465,252.5
VIPV80_Wp1000,SPRING,41,20.0,work,2656.208333333333,274.25000000000006,181.49437710485483,45.37359427621371,0.0
VIPV80_Wp1000,SPRING,41,20.0,public,49825.95833333333,8523.708333333336,9674.403433139601,1758.9824423890198,85.0
VIPV80_Wp1000,SPRING,42,20.5,home,271682.7499999999,77761.16666666663,27818.315087850307,7948.090025100085,275.0
VIPV80_Wp1000,SPRING,42,20.5,work,1605.25,87.70833333333333,59.64946476144249,14.912366190360622,0.0
VIPV80_Wp1000,SPRING,42,20.5,public,48907.41666666667,6327.333333333332,7627.500088463952,1386.8181979025371,77.5
VIPV80_Wp1000,SPRING,43,21.0,home,279030.2083333333,69278.66666666666,24894.022707946977,7112.577916556275,257.5
VIPV80_Wp1000,SPRING,43,21.0,work,994.7916666666667,77.875,56.295180722891565,14.073795180722891,7.5
VIPV80_Wp1000,SPRING,43,21.0,public,48747.79166666666,5717.666666666667,7350.774030518728,1336.5043691852234,90.0
VIPV80_Wp1000,SPRING,44,21.5,home,284993.0833333333,61988.95833333332,22383.891412258617,6395.3975463596,210.0
VIPV80_Wp1000,SPRING,44,21.5,work,685.0,109.0,79.38171023583655,19.845427558959138,2.5
VIPV80_Wp1000,SPRING,44,21.5,public,48453.416666666664,4565.250000000001,5717.684959178371,1039.5790834869765,35.0
VIPV80_Wp1000,SPRING,45,22.0,home,292445.2083333333,58099.87500000001,12018.882508938874,6009.441254469437,212.5
VIPV80_Wp1000,SPRING,45,22.0,work,418.33333333333337,75.0,54.9221133772282,13.73052834430705,0.0
VIPV80_Wp1000,SPRING,45,22.0,public,47595.50000000001,3571.5416666666665,4423.711723206841,804.3112224012439,20.0
VIPV80_Wp1000,SPRING,46,22.5,home,297239.9166666666,51413.29166666668,10714.778543744049,5357.389271872024,132.5
VIPV80_Wp1000,SPRING,46,22.5,work,209.33333333333331,75.0,54.9221133772282,13.73052834430705,0.0
VIPV80_Wp1000,SPRING,46,22.5,public,47571.5,3054.0416666666665,3941.298691638146,716.5997621160266,20.0
VIPV80_Wp1000,SPRING,47,23.0,home,301280.3333333333,45321.25000000001,9525.562479949162,4762.781239974581,145.0
VIPV80_Wp1000,SPRING,47,23.0,work,47.08333333333333,47.08333333333333,34.47888228681548,8.61972057170387,0.0
VIPV80_Wp1000,SPRING,47,23.0,public,47370.666666666664,2046.2916666666667,2760.8835850786036,501.97883365065536,17.5
VIPV80_Wp1000,SPRING,48,23.5,home,306320.9166666667,42186.375,8929.293971567604,4464.646985783802,147.5
VIPV80_Wp1000,SPRING,48,23.5,work,0.0,0.0,0.0,0.0,0.0
VIPV80_Wp1000,SPRING,48,23.5,public,47437.5,1527.125,2093.395391253753,380.61734386431885,2.5
VIPV80_Wp1000,SUMMER,1,0.0,home,341353.2083333333,103500.58333333339,20884.13174390421,10442.065871952105,352.5
VIPV80_Wp1000,SUMMER,1,0.0,work,25.291666666666668,25.291666666666668,6.387232549982462,1.5968081374956156,2.5
VIPV80_Wp1000,SUMMER,1,0.0,public,57647.0,10436.333333333334,12540.067673353125,2280.0123042460227,90.0
VIPV80_Wp1000,SUMMER,2,0.5,home,348519.3333333334,96870.4166666667,19686.10448569579,9843.052242847894,235.0
VIPV80_Wp1000,SUMMER,2,0.5,work,75.0,75.0,18.940722553490005,4.735180638372501,0.0
VIPV80_Wp1000,SUMMER,2,0.5,public,59700.0,9130.541666666666,10960.556267871403,1992.8284123402552,60.0
VIPV80_Wp1000,SUMMER,3,1.0,home,351262.5,85863.33333333337,17598.161899322888,8799.080949661444,60.0
VIPV80_Wp1000,SUMMER,3,1.0,work,75.0,18.5,4.6720448965275345,1.1680112241318836,0.0
VIPV80_Wp1000,SUMMER,3,1.0,public,60562.5,6360.458333333332,7643.039851730284,1389.6436094055068,22.5
VIPV80_Wp1000,SUMMER,4,1.5,home,352537.5,71689.91666666666,14847.329936409567,7423.664968204784,35.0
VIPV80_Wp1000,SUMMER,4,1.5,work,75.0,0.0,0.0,0.0,0.0
VIPV80_Wp1000,SUMMER,4,1.5,public,60954.458333333336,3594.708333333333,4259.741365953097,774.49843017329,12.5
VIPV80_Wp1000,SUMMER,5,2.0,home,353175.0,57042.625,11907.52739573607,5953.763697868035,17.5
VIPV80_Wp1000,SUMMER,5,2.0,work,75.0,0.0,0.0,0.0,0.0
VIPV80_Wp1000,SUMMER,5,2.0,public,61050.0,1671.8333333333333,1928.4461343676098,350.6265698850199,0.0
VIPV80_Wp1000,SUMMER,6,2.5,home,353250.0,43314.75000000001,9130.894957492177,4565.447478746089,0.0
VIPV80_Wp1000,SUMMER,6,2.5,work,75.0,0.0,0.0,0.0,0.0
VIPV80_Wp1000,SUMMER,6,2.5,public,61050.0,586.0,709.1092996505365,128.92896357282484,0.0
VIPV80_Wp1000,SUMMER,7,3.0,home,353250.0,30682.29166666668,6519.359262599273,3259.6796312996366,0.0
VIPV80_Wp1000,SUMMER,7,3.0,work,75.0,0.0,0.0,0.0,0.0
VIPV80_Wp1000,SUMMER,7,3.0,public,61050.0,152.33333333333331,194.07932560443845,35.287150109897894,0.0
VIPV80_Wp1000,SUMMER,8,3.5,home,353162.125,19744.458333333332,4226.2942819359,2113.14714096795,0.0
VIPV80_Wp1000,SUMMER,8,3.5,work,75.0,0.0,0.0,0.0,0.0
VIPV80_Wp1000,SUMMER,8,3.5,public,61050.0,0.0,0.0,0.0,0.0
VIPV80_Wp1000,SUMMER,9,4.0,home,352451.0416666667,9634.083333333336,2072.541112256992,1036.270556128496,0.0
VIPV80_Wp1000,SUMMER,9,4.0,work,126.16666666666666,51.16666666666667,25.455930299916382,6.3639825749790955,10.0
VIPV80_Wp1000,SUMMER,9,4.0,public,61057.166666666664,86.83333333333333,97.51232423360094,17.729513497018353,5.0
VIPV80_Wp1000,SUMMER,10,4.5,home,350831.3333333334,2885.0833333333335,623.8097533711584,311.90487668557915,0.0
VIPV80_Wp1000,SUMMER,10,4.5,work,642.5,567.5,257.4012028361993,64.35030070904982,20.0
VIPV80_Wp1000,SUMMER,10,4.5,public,60992.875,192.04166666666666,195.31751634425711,35.51227569895584,7.5
VIPV80_Wp1000,SUMMER,11,5.0,home,346384.875,757.5000000000001,209.29546854650073,83.7181874186003,5.0
VIPV80_Wp1000,SUMMER,11,5.0,work,1717.0833333333333,1536.9583333333333,752.9159389922542,188.22898474806354,55.0
VIPV80_Wp1000,SUMMER,11,5.0,public,60739.16666666667,750.4166666666666,802.3103019958714,145.8746003628857,45.0
VIPV80_Wp1000,SUMMER,12,5.5,home,338742.4166666666,391.79166666666663,105.51773896343572,42.20709558537429,7.5
VIPV80_Wp1000,SUMMER,12,5.5,work,4385.958333333333,3790.8750000000005,1793.0955748652057,448.2738937163014,105.0
VIPV80_Wp1000,SUMMER,12,5.5,public,60673.04166666667,1812.0416666666667,2039.3975116128536,370.79954756597334,50.0
VIPV80_Wp1000,SUMMER,13,6.0,home,321282.25000000006,618.0416666666667,156.35832669884044,62.543330679536176,10.0
VIPV80_Wp1000,SUMMER,13,6.0,work,7806.125000000003,6465.791666666669,3109.766351156222,777.4415877890555,195.0
VIPV80_Wp1000,SUMMER,13,6.0,public,60004.58333333335,3884.2083333333344,3350.5716986174884,609.1948542940885,135.0
VIPV80_Wp1000,SUMMER,14,6.5,home,295775.0833333334,777.4583333333334,199.00494397975737,79.60197759190294,5.0
VIPV80_Wp1000,SUMMER,14,6.5,work,15722.791666666662,13002.91666666666,6304.754536760509,1576.1886341901272,302.5
VIPV80_Wp1000,SUMMER,14,6.5,public,59340.45833333333,6665.583333333335,6058.325909186412,1101.513801670256,172.5
VIPV80_Wp1000,SUMMER,15,7.0,home,250004.04166666677,1078.8333333333335,280.02626442547864,112.01050577019149,37.5
VIPV80_Wp1000,SUMMER,15,7.0,work,28003.70833333333,22016.08333333333,10835.05376440237,2708.7634411005924,610.0
VIPV80_Wp1000,SUMMER,15,7.0,public,57927.12500000003,11079.458333333343,11082.564898395665,2015.011799708303,365.0
VIPV80_Wp1000,SUMMER,16,7.5,home,195050.0000000001,1844.9583333333335,483.6250464920215,193.45001859680858,22.5
VIPV80_Wp1000,SUMMER,16,7.5,work,48404.541666666664,37313.37500000001,18243.53151506473,4560.882878766182,617.5
VIPV80_Wp1000,SUMMER,16,7.5,public,56501.16666666668,16651.000000000004,16777.646425163395,3050.4811682115273,427.5
VIPV80_Wp1000,SUMMER,17,8.0,home,154527.45833333326,2251.9166666666665,654.9796799082726,227.8190190985296,37.5
VIPV80_Wp1000,SUMMER,17,8.0,work,64290.500000000015,43489.208333333336,22233.22104739692,5558.30526184923,412.5
VIPV80_Wp1000,SUMMER,17,8.0,public,59130.79166666667,21792.58333333334,22285.69228413775,4051.944051661408,380.0
VIPV80_Wp1000,SUMMER,18,8.5,home,131441.2083333333,2425.2500000000005,735.8794975563305,255.9580861065497,75.0
VIPV80_Wp1000,SUMMER,18,8.5,work,72936.1666666667,39658.458333333314,21246.10233382787,5311.525583456967,237.5
VIPV80_Wp1000,SUMMER,18,8.5,public,63060.54166666669,22881.583333333343,23664.62829139416,4302.65968934439,385.0
VIPV80_Wp1000,SUMMER,19,9.0,home,115077.87499999999,5038.958333333332,1556.621931137186,541.4337151781518,127.5
VIPV80_Wp1000,SUMMER,19,9.0,work,77722.91666666666,32777.37499999997,18196.059226190457,4549.014806547614,127.5
VIPV80_Wp1000,SUMMER,19,9.0,public,64999.95833333339,20249.916666666668,22213.125237635864,4038.750043206517,322.5
VIPV80_Wp1000,SUMMER,20,9.5,home,106748.45833333334,8305.708333333334,2519.771631948879,876.4423067648273,190.0
VIPV80_Wp1000,SUMMER,20,9.5,work,79590.875,23588.833333333325,13385.215631602785,3346.3039079006962,90.0
VIPV80_Wp1000,SUMMER,20,9.5,public,65738.75,18130.458333333332,20589.860737098305,3743.611043108784,380.0
VIPV80_Wp1000,SUMMER,21,10.0,home,98518.95833333337,12769.916666666662,3041.0364153510054,1351.5717401560014,250.0
VIPV80_Wp1000,SUMMER,21,10.0,work,80728.12499999999,16404.416666666668,9336.706152221406,2334.1765380553516,95.0
VIPV80_Wp1000,SUMMER,21,10.0,public,66700.20833333336,18326.083333333347,21108.1085543193,3837.837918967149,382.5
VIPV80_Wp1000,SUMMER,22,10.5,home,89774.50000000004,17668.833333333336,4228.866500466796,1879.4962224296874,272.5
VIPV80_Wp1000,SUMMER,22,10.5,work,81356.12499999999,11469.66666666667,6538.16376483287,1634.5409412082174,70.0
VIPV80_Wp1000,SUMMER,22,10.5,public,66562.62499999999,20274.08333333332,23164.55976186375,4211.738138520679,407.5
VIPV80_Wp1000,SUMMER,23,11.0,home,84995.54166666669,22987.25,5479.151263578923,2435.1783393684104,432.5
VIPV80_Wp1000,SUMMER,23,11.0,work,80936.54166666667,8794.708333333332,5048.159101234185,1262.0397753085463,52.5
VIPV80_Wp1000,SUMMER,23,11.0,public,68325.79166666667,21426.583333333325,25411.411254597075,4620.256591744918,465.0
VIPV80_Wp1000,SUMMER,24,11.5,home,82590.95833333336,29270.08333333333,6994.6515900560935,3108.7340400249277,437.5
VIPV80_Wp1000,SUMMER,24,11.5,work,80051.91666666666,6840.458333333332,3870.9466663454036,967.7366665863509,70.0
VIPV80_Wp1000,SUMMER,24,11.5,public,68588.41666666666,23646.249999999993,28247.950994006842,5135.991089819427,540.0
VIPV80_Wp1000,SUMMER,25,12.0,home,79994.6666666667,34971.083333333314,8415.650014638933,3740.2888953950796,500.0
VIPV80_Wp1000,SUMMER,25,12.0,work,80286.58333333333,6304.541666666668,3436.601182126779,859.1502955316947,55.0
VIPV80_Wp1000,SUMMER,25,12.0,public,70827.50000000001,26912.708333333325,30969.134920989993,5630.751803816352,512.5
VIPV80_Wp1000,SUMMER,26,12.5,home,80236.04166666677,40115.666666666606,9663.103944233453,4294.712864103761,517.5
VIPV80_Wp1000,SUMMER,26,12.5,work,80618.87499999999,6430.375,3467.0514046631424,866.7628511657856,125.0
VIPV80_Wp1000,SUMMER,26,12.5,public,70605.79166666672,27484.33333333331,31911.19819354726,5802.036035190422,542.5
VIPV80_Wp1000,SUMMER,27,13.0,home,78552.79166666672,42532.875,10159.849992659441,4515.488885626421,500.0
VIPV80_Wp1000,SUMMER,27,13.0,work,81567.04166666664,7600.416666666662,3944.1004287226015,986.0251071806504,95.0
VIPV80_Wp1000,SUMMER,27,13.0,public,71865.20833333331,27961.541666666653,31828.511639805343,5787.002116328238,472.5
VIPV80_Wp1000,SUMMER,28,13.5,home,82271.20833333334,46932.958333333314,11065.308340611708,4917.9148180496495,615.0
VIPV80_Wp1000,SUMMER,28,13.5,work,82541.79166666669,7789.625,4128.37502899532,1032.09375724883,72.5
VIPV80_Wp1000,SUMMER,28,13.5,public,70543.99999999999,25259.124999999996,29123.94050287426,5295.261909613498,410.0
VIPV80_Wp1000,SUMMER,29,14.0,home,89590.04166666674,54585.99999999998,12756.244479530025,5669.441990902241,675.0
VIPV80_Wp1000,SUMMER,29,14.0,work,82290.45833333336,7852.583333333331,4160.841396063471,1040.2103490158677,65.0
VIPV80_Wp1000,SUMMER,29,14.0,public,69014.20833333334,23591.416666666657,27874.683072099066,5068.124194927097,470.0
VIPV80_Wp1000,SUMMER,30,14.5,home,95531.91666666667,60110.416666666606,13952.918071436903,6201.296920638633,652.5
VIPV80_Wp1000,SUMMER,30,14.5,work,80310.08333333334,6413.0,3425.4370284150923,856.3592571037731,15.0
VIPV80_Wp1000,SUMMER,30,14.5,public,68653.41666666667,24037.916666666664,28653.40943891725,5209.710807075859,457.5
VIPV80_Wp1000,SUMMER,31,15.0,home,105123.54166666666,66856.20833333336,15561.842074138378,6916.374255172629,730.0
VIPV80_Wp1000,SUMMER,31,15.0,work,75331.625,3731.5,2235.605056089706,558.9012640224265,7.5
VIPV80_Wp1000,SUMMER,31,15.0,public,67409.16666666664,23843.0,29340.77348134756,5334.686087517739,440.0
VIPV80_Wp1000,SUMMER,32,15.5,home,118699.83333333334,74999.29166666664,17324.219501082433,7699.653111592188,892.5
VIPV80_Wp1000,SUMMER,32,15.5,work,66332.29166666666,2509.375,1522.8061259918268,380.7015314979567,10.0
VIPV80_Wp1000,SUMMER,32,15.5,public,64699.208333333314,22382.458333333336,26922.47843071826,4894.996078312414,420.0
VIPV80_Wp1000,SUMMER,33,16.0,home,138980.41666666677,88793.87500000003,20157.353485053107,8958.82377113469,1025.0
VIPV80_Wp1000,SUMMER,33,16.0,work,53245.708333333336,1698.7083333333333,1003.8539483073869,250.96348707684672,25.0
VIPV80_Wp1000,SUMMER,33,16.0,public,64546.87499999999,23033.58333333333,27508.9918880878,5001.634888743239,515.0
VIPV80_Wp1000,SUMMER,34,16.5,home,162749.8750000001,103117.41666666666,23262.08980246704,10338.706578874217,1157.5
VIPV80_Wp1000,SUMMER,34,16.5,work,41175.99999999998,1561.2916666666667,888.5925285676229,222.14813214190573,10.0
VIPV80_Wp1000,SUMMER,34,16.5,public,65526.41666666663,25827.625,30432.427189646794,5533.168579935778,495.0
VIPV80_Wp1000,SUMMER,35,17.0,home,188010.9583333333,116832.20833333336,35087.50180650496,11695.83393550166,1040.0
VIPV80_Wp1000,SUMMER,35,17.0,work,29401.750000000007,1207.7083333333335,673.3171035520019,168.32927588800047,5.0
VIPV80_Wp1000,SUMMER,35,17.0,public,62883.12500000003,24296.79166666665,27697.678322569976,5035.941513194537,430.0
VIPV80_Wp1000,SUMMER,36,17.5,home,208989.12500000012,123164.75000000004,37153.70422635758,12384.5680754525,862.5
VIPV80_Wp1000,SUMMER,36,17.5,work,20215.208333333332,815.9583333333333,471.50182621183257,117.87545655295814,15.0
VIPV80_Wp1000,SUMMER,36,17.5,public,60648.87500000003,22458.249999999993,25628.785432532997,4659.77916955145,390.0
VIPV80_Wp1000,SUMMER,37,18.0,home,229445.37499999997,127113.95833333326,38370.16669697411,12790.055565658049,897.5
VIPV80_Wp1000,SUMMER,37,18.0,work,13629.999999999998,842.7083333333333,495.27044476139594,123.81761119034898,12.5
VIPV80_Wp1000,SUMMER,37,18.0,public,60001.041666666664,21057.625,24254.994341489564,4409.998971179927,305.0
VIPV80_Wp1000,SUMMER,38,18.5,home,245957.16666666674,126711.33333333331,38436.54467817926,12812.181559393095,665.0
VIPV80_Wp1000,SUMMER,38,18.5,work,9090.291666666668,802.2916666666666,469.63183878515883,117.40795969628971,0.0
VIPV80_Wp1000,SUMMER,38,18.5,public,59812.74999999999,18960.208333333325,21500.437939776995,3909.17053450491,310.0
VIPV80_Wp1000,SUMMER,39,19.0,home,257529.95833333343,119869.95833333331,36598.09923663141,12199.366412210471,482.5
VIPV80_Wp1000,SUMMER,39,19.0,work,6645.999999999999,633.9166666666667,343.5322139616408,85.8830534904102,2.5
VIPV80_Wp1000,SUMMER,39,19.0,public,59041.66666666666,16568.541666666668,19729.89506294861,3587.253647808835,177.5
VIPV80_Wp1000,SUMMER,40,19.5,home,269056.1666666668,113191.08333333344,34700.91071118411,11566.97023706134,470.0
VIPV80_Wp1000,SUMMER,40,19.5,work,5105.291666666666,457.0,277.0718469908503,69.26796174771258,7.5
VIPV80_Wp1000,SUMMER,40,19.5,public,56558.58333333333,13393.249999999993,15501.610869240278,2818.4747034982347,185.0
VIPV80_Wp1000,SUMMER,41,20.0,home,278737.79166666674,103067.16666666654,26466.011324801686,10586.404529920675,262.5
VIPV80_Wp1000,SUMMER,41,20.0,work,3665.041666666666,391.66666666666663,271.35662047734235,67.83915511933559,0.0
VIPV80_Wp1000,SUMMER,41,20.0,public,56305.45833333332,11108.791666666672,12465.851824563584,2266.518513557016,97.5
VIPV80_Wp1000,SUMMER,42,20.5,home,285193.7916666666,90383.29166666666,23261.159184747197,9304.46367389889,277.5
VIPV80_Wp1000,SUMMER,42,20.5,work,2426.3333333333335,150.0,110.9577066523648,27.7394266630912,0.0
VIPV80_Wp1000,SUMMER,42,20.5,public,55340.75,8016.666666666667,9121.308819822378,1658.4197854222505,102.5
VIPV80_Wp1000,SUMMER,43,21.0,home,291553.83333333326,79579.29166666664,20511.822215293603,8204.728886117446,227.5
VIPV80_Wp1000,SUMMER,43,21.0,work,1536.7500000000002,23.708333333333332,17.547532635209453,4.386883158802363,0.0
VIPV80_Wp1000,SUMMER,43,21.0,public,54975.625,6216.666666666668,7230.641988712993,1314.6621797659993,62.5
VIPV80_Wp1000,SUMMER,44,21.5,home,297488.9583333332,68874.00000000001,17803.333180489102,7121.333272195645,220.0
VIPV80_Wp1000,SUMMER,44,21.5,work,1313.7916666666665,62.375,45.676890958728116,11.419222739682029,2.5
VIPV80_Wp1000,SUMMER,44,21.5,public,55193.833333333336,5202.458333333335,5951.021269906852,1082.003867255791,57.5
VIPV80_Wp1000,SUMMER,45,22.0,home,320775.8333333332,77692.66666666669,15869.194939150762,7934.597469575381,997.5
VIPV80_Wp1000,SUMMER,45,22.0,work,974.0833333333335,75.0,54.9221133772282,13.73052834430705,0.0
VIPV80_Wp1000,SUMMER,45,22.0,public,56778.666666666664,6835.458333333334,7756.932888809339,1410.351434328971,142.5
VIPV80_Wp1000,SUMMER,46,22.5,home,354648.9583333333,99014.24999999997,19844.866817582693,9922.433408791347,1085.0
VIPV80_Wp1000,SUMMER,46,22.5,work,294.7916666666667,75.0,54.9221133772282,13.73052834430705,0.0
VIPV80_Wp1000,SUMMER,46,22.5,public,61029.58333333333,10563.791666666666,11946.585462339264,2172.1064476980487,187.5
VIPV80_Wp1000,SUMMER,47,23.0,home,387038.79166666657,117751.16666666661,23478.33972544606,11739.16986272303,1090.0
VIPV80_Wp1000,SUMMER,47,23.0,work,82.33333333333333,47.08333333333333,34.47888228681548,8.61972057170387,0.0
VIPV80_Wp1000,SUMMER,47,23.0,public,65617.04166666666,13705.249999999996,15713.659639702959,2857.0290254005395,165.0
VIPV80_Wp1000,SUMMER,48,23.5,home,412798.375,128222.20833333334,25516.534223237402,12758.2671116187,732.5
VIPV80_Wp1000,SUMMER,48,23.5,work,0.0,0.0,0.0,0.0,0.0
VIPV80_Wp1000,SUMMER,48,23.5,public,69099.5,13862.791666666668,16462.4485956586,2993.1724719379285,110.0
VIPV80_Wp1000,AUTUMN,1,0.0,home,333800.7083333334,69814.54166666666,10622.021125403244,7081.347416935492,1760.0
VIPV80_Wp1000,AUTUMN,1,0.0,work,0.0,0.0,0.0,0.0,0.0
VIPV80_Wp1000,AUTUMN,1,0.0,public,55397.0,7689.25,9108.304065937917,1656.0552847159852,335.0
VIPV80_Wp1000,AUTUMN,2,0.5,home,384630.4166666667,113400.37500000001,16770.526584058072,11180.351056038697,1435.0
VIPV80_Wp1000,AUTUMN,2,0.5,work,0.0,0.0,0.0,0.0,0.0
VIPV80_Wp1000,AUTUMN,2,0.5,public,64350.0,16033.208333333334,18893.633865104195,3435.2061572916746,247.5
VIPV80_Wp1000,AUTUMN,3,1.0,home,407175.0,126803.87499999994,18829.983249084427,12553.32216605625,582.5
VIPV80_Wp1000,AUTUMN,3,1.0,work,0.0,0.0,0.0,0.0,0.0
VIPV80_Wp1000,AUTUMN,3,1.0,public,69262.5,19317.916666666668,23354.501955737625,4246.273082861389,132.5
VIPV80_Wp1000,AUTUMN,4,1.5,home,416400.0,121663.66666666673,18346.792474406062,12231.194982937337,222.5
VIPV80_Wp1000,AUTUMN,4,1.5,work,0.0,0.0,0.0,0.0,0.0
VIPV80_Wp1000,AUTUMN,4,1.5,public,71137.5,16945.95833333333,21203.143251134505,3855.1169547517256,42.5
VIPV80_Wp1000,AUTUMN,5,2.0,home,419737.5,109505.9166666667,16749.81185131402,11166.541234209311,92.5
VIPV80_Wp1000,AUTUMN,5,2.0,work,0.0,0.0,0.0,0.0,0.0
VIPV80_Wp1000,AUTUMN,5,2.0,public,71512.5,10348.166666666666,13311.089312273374,2420.198056776975,12.5
VIPV80_Wp1000,AUTUMN,6,2.5,home,420562.5,95905.75,14861.465027718723,9907.643351812461,12.5
VIPV80_Wp1000,AUTUMN,6,2.5,work,0.0,0.0,0.0,0.0,0.0
VIPV80_Wp1000,AUTUMN,6,2.5,public,71887.5,4997.708333333333,6551.3716154028425,1191.1584755277902,10.0
VIPV80_Wp1000,AUTUMN,7,3.0,home,420666.7916666667,79581.08333333337,12469.226660083128,8312.817773388724,2.5
VIPV80_Wp1000,AUTUMN,7,3.0,work,0.0,0.0,0.0,0.0,0.0
VIPV80_Wp1000,AUTUMN,7,3.0,public,71973.95833333334,2004.375,2616.403288644895,475.70968884452634,2.5
VIPV80_Wp1000,AUTUMN,8,3.5,home,420557.3333333333,62159.666666666686,9846.503482308133,6564.335654872084,0.0
VIPV80_Wp1000,AUTUMN,8,3.5,work,0.0,0.0,0.0,0.0,0.0
VIPV80_Wp1000,AUTUMN,8,3.5,public,71925.0,581.4583333333333,742.3569617658122,134.9739930483295,0.0
VIPV80_Wp1000,AUTUMN,9,4.0,home,419837.99999999994,46378.41666666668,7414.14158138922,4942.761054259477,0.0
VIPV80_Wp1000,AUTUMN,9,4.0,work,98.83333333333334,98.83333333333334,59.79165035888897,14.947912589722243,7.5
VIPV80_Wp1000,AUTUMN,9,4.0,public,71930.87499999999,237.54166666666669,261.1259360758925,47.47744292288955,5.0
VIPV80_Wp1000,AUTUMN,10,4.5,home,417825.8333333333,31582.541666666657,5089.89449415315,3393.2629961021034,0.0
VIPV80_Wp1000,AUTUMN,10,4.5,work,588.125,588.125,250.10098755783886,62.525246889459716,30.0
VIPV80_Wp1000,AUTUMN,10,4.5,public,71784.875,322.9583333333333,300.3641937206439,54.611671585571635,12.5
VIPV80_Wp1000,AUTUMN,11,5.0,home,412343.2083333333,16323.124999999993,2644.638924181827,1763.0926161212174,7.5
VIPV80_Wp1000,AUTUMN,11,5.0,work,2157.4999999999995,2071.708333333333,906.0878855273803,226.52197138184508,72.5
VIPV80_Wp1000,AUTUMN,11,5.0,public,71525.25,816.6666666666666,643.3994030333139,116.98170964242071,37.5
VIPV80_Wp1000,AUTUMN,12,5.5,home,403987.16666666686,3100.6250000000014,490.94210043179504,327.2947336211965,10.0
VIPV80_Wp1000,AUTUMN,12,5.5,work,4872.708333333333,4159.208333333333,1979.343419759559,494.83585493988977,117.5
VIPV80_Wp1000,AUTUMN,12,5.5,public,70611.33333333334,1690.375,1699.9130215210498,309.0750948220091,60.0
VIPV80_Wp1000,AUTUMN,13,6.0,home,383608.2499999997,696.4166666666666,177.3738329193485,70.94953316773939,2.5
VIPV80_Wp1000,AUTUMN,13,6.0,work,9840.541666666664,8450.708333333334,3780.2713346039354,945.0678336509839,247.5
VIPV80_Wp1000,AUTUMN,13,6.0,public,69936.00000000001,3750.375,3534.516370054076,642.6393400098323,177.5
VIPV80_Wp1000,AUTUMN,14,6.5,home,353387.5833333334,582.75,153.23412008585404,61.29364803434161,5.0
VIPV80_Wp1000,AUTUMN,14,6.5,work,19364.041666666675,16083.916666666657,7248.256677583388,1812.064169395847,365.0
VIPV80_Wp1000,AUTUMN,14,6.5,public,70434.375,8265.58333333333,7828.969446914623,1423.4489903481142,260.0
VIPV80_Wp1000,AUTUMN,15,7.0,home,298779.875,1060.125,269.33042188969677,107.73216875587873,35.0
VIPV80_Wp1000,AUTUMN,15,7.0,work,33243.291666666664,25409.87500000002,11711.348162654369,2927.8370406635922,657.5
VIPV80_Wp1000,AUTUMN,15,7.0,public,69345.58333333333,14514.16666666667,13651.826990035255,2482.1503618245893,402.5
VIPV80_Wp1000,AUTUMN,16,7.5,home,232347.12500000017,1702.7500000000002,424.020652964508,169.60826118580323,25.0
VIPV80_Wp1000,AUTUMN,16,7.5,work,56745.16666666664,41590.70833333333,19412.967646112917,4853.241911528229,737.5
VIPV80_Wp1000,AUTUMN,16,7.5,public,67690.66666666666,20350.958333333343,19759.845586975476,3592.6991976319064,502.5
VIPV80_Wp1000,AUTUMN,17,8.0,home,182500.66666666674,2148.083333333333,880.0621260124831,220.01553150312077,37.5
VIPV80_Wp1000,AUTUMN,17,8.0,work,73742.41666666666,47122.58333333338,23140.702398455407,5785.175599613852,405.0
VIPV80_Wp1000,AUTUMN,17,8.0,public,69787.54166666669,24709.95833333333,24604.392142751793,4473.525844136687,470.0
VIPV80_Wp1000,AUTUMN,18,8.5,home,153308.58333333334,2488.291666666667,1011.9313256150883,252.98283140377208,70.0
VIPV80_Wp1000,AUTUMN,18,8.5,work,81425.41666666666,40322.16666666668,21228.078094262262,5307.019523565566,232.5
VIPV80_Wp1000,AUTUMN,18,8.5,public,73625.41666666666,26223.625000000004,26719.03215228149,4858.005845869359,447.5
VIPV80_Wp1000,AUTUMN,19,9.0,home,132956.25,4212.916666666666,1714.9546044125727,428.7386511031432,105.0
VIPV80_Wp1000,AUTUMN,19,9.0,work,86860.54166666664,33577.70833333335,18230.53613617393,4557.634034043483,170.0
VIPV80_Wp1000,AUTUMN,19,9.0,public,74150.79166666666,23714.75,24760.450809900798,4501.90014725468,360.0
VIPV80_Wp1000,AUTUMN,20,9.5,home,124393.62500000001,7479.291666666668,3082.3153093388196,770.5788273347048,192.5
VIPV80_Wp1000,AUTUMN,20,9.5,work,90041.58333333333,25355.874999999996,14042.512803742447,3510.628200935612,100.0
VIPV80_Wp1000,AUTUMN,20,9.5,public,73916.29166666666,21400.29166666665,23447.179612131913,4263.123565842173,402.5
VIPV80_Wp1000,AUTUMN,21,10.0,home,114534.87500000003,11370.541666666664,4745.881203334545,1186.4703008336362,202.5
VIPV80_Wp1000,AUTUMN,21,10.0,work,90751.0416666667,18593.791666666668,10558.99786623054,2639.749466557635,97.5
VIPV80_Wp1000,AUTUMN,21,10.0,public,74574.00000000001,20562.83333333333,23080.51394991726,4196.457081803137,450.0
VIPV80_Wp1000,AUTUMN,22,10.5,home,101765.29166666669,14934.708333333328,6266.288315721481,1566.5720789303703,275.0
VIPV80_Wp1000,AUTUMN,22,10.5,work,91227.29166666667,13760.583333333332,7891.932287917095,1972.9830719792737,87.5
VIPV80_Wp1000,AUTUMN,22,10.5,public,77116.5833333333,22709.291666666664,25265.367761621936,4593.7032293858065,487.5
VIPV80_Wp1000,AUTUMN,23,11.0,home,93432.20833333333,21230.541666666664,4973.520863083643,2210.4537169260634,430.0
VIPV80_Wp1000,AUTUMN,23,11.0,work,91530.79166666669,10465.25,5903.862934126634,1475.9657335316585,57.5
VIPV80_Wp1000,AUTUMN,23,11.0,public,78854.54166666666,24466.5,26491.139417688795,4816.570803216151,557.5
VIPV80_Wp1000,AUTUMN,24,11.5,home,89738.33333333334,30012.999999999996,6998.5746011289975,3110.477600501779,452.5
VIPV80_Wp1000,AUTUMN,24,11.5,work,90435.24999999999,8540.583333333334,4766.227534092639,1191.5568835231597,80.0
VIPV80_Wp1000,AUTUMN,24,11.5,public,78672.91666666663,25355.999999999996,28249.41600157563,5136.257454831937,547.5
VIPV80_Wp1000,AUTUMN,25,12.0,home,88509.33333333336,37624.541666666664,8799.106985213679,3910.7142156505233,560.0
VIPV80_Wp1000,AUTUMN,25,12.0,work,90060.5,7799.416666666666,4141.405056081009,1035.3512640202523,92.5
VIPV80_Wp1000,AUTUMN,25,12.0,public,79392.45833333333,27019.583333333347,30553.99439970213,5555.271709036757,530.0
VIPV80_Wp1000,AUTUMN,26,12.5,home,89744.62500000004,44380.999999999956,10359.99287948255,4604.441279770027,545.0
VIPV80_Wp1000,AUTUMN,26,12.5,work,91360.66666666669,8402.958333333334,4435.839814190419,1108.9599535476048,130.0
VIPV80_Wp1000,AUTUMN,26,12.5,public,77881.95833333333,26077.458333333318,29520.270669830305,5367.321939969145,567.5
VIPV80_Wp1000,AUTUMN,27,13.0,home,87410.5,46521.83333333331,10822.717018058282,4810.09645247035,555.0
VIPV80_Wp1000,AUTUMN,27,13.0,work,92484.875,8723.083333333334,4445.010321867297,1111.2525804668242,92.5
VIPV80_Wp1000,AUTUMN,27,13.0,public,79643.70833333331,28777.20833333331,32342.409247428917,5880.438044987084,560.0
VIPV80_Wp1000,AUTUMN,28,13.5,home,90443.33333333336,51408.249999999985,11925.92713734814,5300.412061043609,612.5
VIPV80_Wp1000,AUTUMN,28,13.5,work,93247.75,8076.916666666667,4278.387117604138,1069.5967794010346,62.5
VIPV80_Wp1000,AUTUMN,28,13.5,public,79785.95833333333,28005.041666666642,32469.457526611324,5903.537732111149,490.0
VIPV80_Wp1000,AUTUMN,29,14.0,home,99293.6666666667,60921.66666666671,14048.864496733502,6243.939776325997,780.0
VIPV80_Wp1000,AUTUMN,29,14.0,work,91720.45833333333,7218.333333333333,3957.270969903467,989.3177424758668,60.0
VIPV80_Wp1000,AUTUMN,29,14.0,public,77817.66666666669,25910.166666666668,30531.95881841577,5551.265239711951,500.0
VIPV80_Wp1000,AUTUMN,30,14.5,home,107805.99999999997,68724.87500000006,15689.113001096666,6972.939111598512,747.5
VIPV80_Wp1000,AUTUMN,30,14.5,work,89828.29166666663,6216.250000000002,3519.073097819497,879.7682744548742,25.0
VIPV80_Wp1000,AUTUMN,30,14.5,public,75520.54166666666,25730.166666666664,29363.82169144074,5338.876671171043,445.0
VIPV80_Wp1000,AUTUMN,31,15.0,home,118508.66666666667,75821.08333333337,19198.013064837458,7679.205225934981,765.0
VIPV80_Wp1000,AUTUMN,31,15.0,work,83798.16666666666,4743.541666666666,2732.509716929428,683.127429232357,15.0
VIPV80_Wp1000,AUTUMN,31,15.0,public,74689.37499999999,25634.708333333332,29352.64631284259,5336.844784153199,452.5
VIPV80_Wp1000,AUTUMN,32,15.5,home,134080.3333333334,85833.45833333328,21776.679611476455,8710.67184459057,1035.0
VIPV80_Wp1000,AUTUMN,32,15.5,work,74134.49999999999,3715.2499999999995,2165.313498365977,541.3283745914943,17.5
VIPV80_Wp1000,AUTUMN,32,15.5,public,72025.16666666664,24649.833333333347,28690.51391824358,5216.457076044292,517.5
VIPV80_Wp1000,AUTUMN,33,16.0,home,158302.625,101712.54166666667,25494.61402511095,10197.84561004441,1145.0
VIPV80_Wp1000,AUTUMN,33,16.0,work,61244.95833333338,2809.375,1585.150546411042,396.2876366027605,20.0
VIPV80_Wp1000,AUTUMN,33,16.0,public,71200.37499999999,26903.91666666667,30672.856463374002,5576.88299334072,532.5
VIPV80_Wp1000,AUTUMN,34,16.5,home,184339.25000000012,117210.3333333333,29335.265670146164,11734.10626805844,1292.5
VIPV80_Wp1000,AUTUMN,34,16.5,work,45624.791666666664,2177.6250000000005,1215.2268034576273,303.8067008644068,15.0
VIPV80_Wp1000,AUTUMN,34,16.5,public,72198.5,28144.708333333336,32663.510621668458,5938.820113030638,520.0
VIPV80_Wp1000,AUTUMN,35,17.0,home,213741.83333333317,134356.83333333334,33506.720222082695,13402.688088833058,1180.0
VIPV80_Wp1000,AUTUMN,35,17.0,work,33058.708333333336,1614.7500000000002,948.4723737059915,237.11809342649786,10.0
VIPV80_Wp1000,AUTUMN,35,17.0,public,70070.66666666663,28276.666666666668,32498.405504519196,5908.8010008216725,562.5
VIPV80_Wp1000,AUTUMN,36,17.5,home,239094.50000000012,145351.99999999994,36328.65406726506,14531.46162690604,1065.0
VIPV80_Wp1000,AUTUMN,36,17.5,work,22720.5,951.2500000000002,570.1260356483592,142.5315089120898,7.5
VIPV80_Wp1000,AUTUMN,36,17.5,public,69001.87499999997,28774.916666666675,32589.864255302124,5925.429864600388,462.5
VIPV80_Wp1000,AUTUMN,37,18.0,home,263292.0416666667,152495.08333333328,38241.464011400036,15296.585604560023,1052.5
VIPV80_Wp1000,AUTUMN,37,18.0,work,15405.583333333328,839.125,444.51879922650335,111.12969980662584,15.0
VIPV80_Wp1000,AUTUMN,37,18.0,public,68247.45833333333,26516.708333333347,30210.62747780577,5492.841359601049,397.5
VIPV80_Wp1000,AUTUMN,38,18.5,home,283972.3333333335,153458.33333333314,38662.36301550929,15464.945206203674,760.0
VIPV80_Wp1000,AUTUMN,38,18.5,work,10868.041666666668,803.0,412.4421651466751,103.11054128666878,2.5
VIPV80_Wp1000,AUTUMN,38,18.5,public,67471.875,22431.12500000001,25021.79324675528,4549.416953955502,295.0
VIPV80_Wp1000,AUTUMN,39,19.0,home,299647.74999999994,146261.74999999997,37034.88709589644,14813.954838358562,647.5
VIPV80_Wp1000,AUTUMN,39,19.0,work,7256.708333333334,470.0,242.65873880294396,60.66468470073599,5.0
VIPV80_Wp1000,AUTUMN,39,19.0,public,67063.0,19331.333333333318,22653.431218628913,4118.805676114348,222.5
VIPV80_Wp1000,AUTUMN,40,19.5,home,314518.4166666668,136165.45833333334,34646.49685901236,13858.598743604947,555.0
VIPV80_Wp1000,AUTUMN,40,19.5,work,4870.791666666667,410.66666666666663,257.8645859617662,64.46614649044155,7.5
VIPV80_Wp1000,AUTUMN,40,19.5,public,65651.04166666666,16416.333333333336,19326.36621666943,3513.8847666671686,187.5
VIPV80_Wp1000,AUTUMN,41,20.0,home,325503.7499999999,123180.16666666666,31526.177596437727,12610.471038575071,355.0
VIPV80_Wp1000,AUTUMN,41,20.0,work,3453.583333333333,346.0416666666667,221.57429628887957,55.39357407221989,0.0
VIPV80_Wp1000,AUTUMN,41,20.0,public,64132.375000000015,11879.708333333336,13803.414809306523,2509.711783510275,100.0
VIPV80_Wp1000,AUTUMN,42,20.5,home,334745.125,110428.2083333333,28400.01240541094,11360.004962164345,380.0
VIPV80_Wp1000,AUTUMN,42,20.5,work,2473.4166666666665,225.41666666666666,160.98862100670965,40.24715525167741,0.0
VIPV80_Wp1000,AUTUMN,42,20.5,public,63622.41666666667,8901.75,10706.750586712536,1946.681924856825,112.5
VIPV80_Wp1000,AUTUMN,43,21.0,home,342553.5,97134.04166666658,20042.75646847054,10021.37823423527,237.5
VIPV80_Wp1000,AUTUMN,43,21.0,work,1576.5,107.54166666666666,78.66244418403286,19.665611046008216,2.5
VIPV80_Wp1000,AUTUMN,43,21.0,public,63323.91666666669,7630.249999999999,9241.166223478707,1680.2120406324925,95.0
VIPV80_Wp1000,AUTUMN,44,21.5,home,349689.3750000001,86191.79166666667,17838.405956645434,8919.202978322717,265.0
VIPV80_Wp1000,AUTUMN,44,21.5,work,1133.7916666666667,63.58333333333333,46.48717823905361,11.621794559763403,0.0
VIPV80_Wp1000,AUTUMN,44,21.5,public,63095.833333333336,6618.750000000002,8104.388778145756,1473.5252323901377,55.0
VIPV80_Wp1000,AUTUMN,45,22.0,home,358083.12499999994,77487.04166666667,16083.7434097344,8041.8717048672,247.5
VIPV80_Wp1000,AUTUMN,45,22.0,work,710.4583333333333,0.0,0.0,0.0,0.0
VIPV80_Wp1000,AUTUMN,45,22.0,public,62715.91666666666,5198.625,6493.400377904874,1180.6182505281588,30.0
VIPV80_Wp1000,AUTUMN,46,22.5,home,364106.3333333333,67069.29166666664,14002.31836641458,7001.15918320729,170.0
VIPV80_Wp1000,AUTUMN,46,22.5,work,218.74999999999997,0.0,0.0,0.0,0.0
VIPV80_Wp1000,AUTUMN,46,22.5,public,62125.041666666664,4346.291666666667,5443.9766090831245,989.8139289242044,20.0
VIPV80_Wp1000,AUTUMN,47,23.0,home,367802.99999999994,56144.749999999985,11828.89766434473,5914.448832172364,147.5
VIPV80_Wp1000,AUTUMN,47,23.0,work,92.625,0.0,0.0,0.0,0.0
VIPV80_Wp1000,AUTUMN,47,23.0,public,61866.875,2982.9583333333335,3868.5497999655227,703.3726909028222,10.0
VIPV80_Wp1000,AUTUMN,48,23.5,home,373530.2916666667,50169.04166666666,10635.76947820362,5317.88473910181,167.5
VIPV80_Wp1000,AUTUMN,48,23.5,work,32.666666666666664,0.0,0.0,0.0,0.0
VIPV80_Wp1000,AUTUMN,48,23.5,public,61846.49999999999,1984.7500000000002,2838.5569891449363,516.1012707536247,7.5
VIPV80_Wp1000,WINTER,1,0.0,home,396452.8333333333,122999.45833333328,24920.175288734412,12460.087644367206,517.5
VIPV80_Wp1000,WINTER,1,0.0,work,50.583333333333336,50.583333333333336,24.25375015986678,6.063437539966695,5.0
VIPV80_Wp1000,WINTER,1,0.0,public,70575.0,14129.791666666666,17369.224791115223,3158.0408711118566,85.0
VIPV80_Wp1000,WINTER,2,0.5,home,406243.0833333334,116451.54166666667,23793.34246156808,11896.67123078404,272.5
VIPV80_Wp1000,WINTER,2,0.5,work,150.0,150.0,71.9221586289295,17.980539657232374,0.0
VIPV80_Wp1000,WINTER,2,0.5,public,72525.0,10597.875000000004,13083.40939801004,2378.8017087290987,60.0
VIPV80_Wp1000,WINTER,3,1.0,home,410512.5,104242.99999999999,21509.7539860567,10754.87699302835,105.0
VIPV80_Wp1000,WINTER,3,1.0,work,150.0,133.70833333333334,65.77435988679113,16.443589971697783,0.0
VIPV80_Wp1000,WINTER,3,1.0,public,73537.5,7388.458333333331,9444.348607423219,1717.1542922587669,22.5
VIPV80_Wp1000,WINTER,4,1.5,home,412800.0,89816.50000000004,18699.90156111509,9349.950780557545,67.5
VIPV80_Wp1000,WINTER,4,1.5,work,150.0,75.0,43.62027183647666,10.905067959119165,0.0
VIPV80_Wp1000,WINTER,4,1.5,public,73762.5,4022.1666666666665,5279.4655013120655,959.9028184203755,5.0
VIPV80_Wp1000,WINTER,5,2.0,home,413662.5,74928.83333333331,15697.035489296886,7848.517744648443,17.5
VIPV80_Wp1000,WINTER,5,2.0,work,150.0,75.0,43.62027183647666,10.905067959119165,0.0
VIPV80_Wp1000,WINTER,5,2.0,public,73800.0,1982.9166666666667,2689.2442930891157,488.95350783438454,0.0
VIPV80_Wp1000,WINTER,6,2.5,home,413700.0,59850.12499999997,12634.444420427562,6317.222210213781,0.0
VIPV80_Wp1000,WINTER,6,2.5,work,150.0,70.16666666666667,40.809187651459276,10.202296912864819,0.0
VIPV80_Wp1000,WINTER,6,2.5,public,73912.5,900.5833333333333,1227.1862935354386,223.12478064280702,5.0
VIPV80_Wp1000,WINTER,7,3.0,home,413700.0,44673.45833333336,9517.155853596778,4758.577926798389,0.0
VIPV80_Wp1000,WINTER,7,3.0,work,150.0,0.0,0.0,0.0,0.0
VIPV80_Wp1000,WINTER,7,3.0,public,73950.0,407.79166666666663,541.419582421423,98.43992407662239,0.0
VIPV80_Wp1000,WINTER,8,3.5,home,413612.125,30594.83333333332,6571.484930321841,3285.7424651609203,0.0
VIPV80_Wp1000,WINTER,8,3.5,work,150.0,0.0,0.0,0.0,0.0
VIPV80_Wp1000,WINTER,8,3.5,public,73950.0,173.875,225.1319802503382,40.93308731824332,0.0
VIPV80_Wp1000,WINTER,9,4.0,home,412513.91666666674,19347.70833333333,4187.7625677342285,2093.8812838671142,0.0
VIPV80_Wp1000,WINTER,9,4.0,work,298.91666666666663,148.91666666666666,42.594141962168315,10.648535490542079,20.0
VIPV80_Wp1000,WINTER,9,4.0,public,73905.875,205.41666666666669,187.2069624174086,34.037629530437925,7.5
VIPV80_Wp1000,WINTER,10,4.5,home,410079.9166666666,10396.958333333334,2264.1002601419013,1132.0501300709507,0.0
VIPV80_Wp1000,WINTER,10,4.5,work,985.4166666666666,793.4583333333333,283.66343799777286,70.91585949944321,37.5
VIPV80_Wp1000,WINTER,10,4.5,public,74009.125,421.16666666666663,452.1135279783375,82.20245963242499,15.0
VIPV80_Wp1000,WINTER,11,5.0,home,405077.9166666667,4048.708333333333,883.1177985987187,441.5588992993593,7.5
VIPV80_Wp1000,WINTER,11,5.0,work,2906.083333333334,2456.75,990.3055789430673,247.57639473576683,72.5
VIPV80_Wp1000,WINTER,11,5.0,public,73846.875,959.1250000000001,979.7791043304746,178.14165533281357,35.0
VIPV80_Wp1000,WINTER,12,5.5,home,396919.45833333343,1052.375,222.40352605065698,111.20176302532849,12.5
VIPV80_Wp1000,WINTER,12,5.5,work,6014.5,4779.458333333333,2074.784269973509,518.6960674933772,130.0
VIPV80_Wp1000,WINTER,12,5.5,public,73141.66666666667,1861.4166666666665,1918.7564460897306,348.8648083799509,70.0
VIPV80_Wp1000,WINTER,13,6.0,home,377216.41666666657,838.125,207.87217668768264,83.14887067507306,7.5
VIPV80_Wp1000,WINTER,13,6.0,work,10957.83333333333,8473.041666666672,3838.4202075541293,959.6050518885323,252.5
VIPV80_Wp1000,WINTER,13,6.0,public,72358.83333333334,4180.708333333334,3929.129320476236,714.3871491774971,172.5
VIPV80_Wp1000,WINTER,14,6.5,home,346361.4583333333,679.25,177.67768693057764,71.07107477223106,10.0
VIPV80_Wp1000,WINTER,14,6.5,work,22373.416666666664,17846.87499999999,8228.841176876736,2057.210294219184,457.5
VIPV80_Wp1000,WINTER,14,6.5,public,72174.9166666667,8227.375000000002,7199.441402767385,1308.989345957706,195.0
VIPV80_Wp1000,WINTER,15,7.0,home,292507.54166666674,1102.1666666666665,297.32724142616166,118.93089657046468,25.0
VIPV80_Wp1000,WINTER,15,7.0,work,37182.25000000001,28093.916666666653,13243.492782383975,3310.873195595994,692.5
VIPV80_Wp1000,WINTER,15,7.0,public,71874.20833333333,14406.708333333336,13468.677231297812,2448.8504056905113,532.5
VIPV80_Wp1000,WINTER,16,7.5,home,227599.99999999997,1739.2916666666667,465.83957316518075,186.33582926607224,32.5
VIPV80_Wp1000,WINTER,16,7.5,work,63053.29166666667,47431.04166666665,22119.468065872465,5529.867016468116,810.0
VIPV80_Wp1000,WINTER,16,7.5,public,74006.66666666663,24801.79166666667,22445.475284499837,4080.9955062726917,590.0
VIPV80_Wp1000,WINTER,17,8.0,home,181104.54166666683,2765.375,1003.44239211622,286.69782631892,65.0
VIPV80_Wp1000,WINTER,17,8.0,work,83786.20833333336,56195.70833333336,27141.99477281469,6785.498693203673,570.0
VIPV80_Wp1000,WINTER,17,8.0,public,79196.25000000003,30458.875000000015,28630.063713085685,5205.4661296519525,502.5
VIPV80_Wp1000,WINTER,18,8.5,home,153316.20833333337,3987.958333333333,1472.535505966912,420.72443027626065,110.0
VIPV80_Wp1000,WINTER,18,8.5,work,94717.20833333333,50312.41666666668,25745.357482399057,6436.339370599764,262.5
VIPV80_Wp1000,WINTER,18,8.5,public,82719.91666666666,28909.62500000003,29979.164636965666,5450.757206721028,425.0
VIPV80_Wp1000,WINTER,19,9.0,home,132905.20833333328,6342.541666666665,2314.571633758132,661.3061810737518,130.0
VIPV80_Wp1000,WINTER,19,9.0,work,99633.95833333331,38750.54166666668,21156.146497577316,5289.036624394329,142.5
VIPV80_Wp1000,WINTER,19,9.0,public,83660.04166666664,25365.50000000002,27380.22157682425,4978.222104877131,397.5
VIPV80_Wp1000,WINTER,20,9.5,home,123628.33333333334,9160.791666666664,3268.0239768193674,933.7211362341055,197.5
VIPV80_Wp1000,WINTER,20,9.5,work,101935.37500000003,27300.708333333343,15424.884430681572,3856.221107670393,90.0
VIPV80_Wp1000,WINTER,20,9.5,public,84604.58333333336,23836.041666666682,26252.27432653574,4773.140786642862,425.0
VIPV80_Wp1000,WINTER,21,10.0,home,114167.9583333333,13557.583333333338,4847.002169352541,1384.8577626721558,242.5
VIPV80_Wp1000,WINTER,21,10.0,work,103371.5,20092.20833333333,11449.894628612106,2862.4736571530266,115.0
VIPV80_Wp1000,WINTER,21,10.0,public,84225.79166666672,22928.749999999993,25284.411470233506,4597.165721860636,462.5
VIPV80_Wp1000,WINTER,22,10.5,home,102794.41666666677,17016.624999999996,6202.143917791745,1772.0411193690707,290.0
VIPV80_Wp1000,WINTER,22,10.5,work,103805.79166666666,15104.125,8601.181764784305,2150.2954411960764,90.0
VIPV80_Wp1000,WINTER,22,10.5,public,85513.29166666661,25065.583333333347,27547.390375580526,5008.616431923728,565.0
VIPV80_Wp1000,WINTER,23,11.0,home,94153.16666666667,21853.33333333334,8041.771833248545,2297.6490952138724,427.5
VIPV80_Wp1000,WINTER,23,11.0,work,103157.12499999999,11534.708333333334,6551.613289284953,1637.9033223212382,65.0
VIPV80_Wp1000,WINTER,23,11.0,public,87838.33333333331,27987.66666666665,31349.44923223459,5699.899860406289,542.5
VIPV80_Wp1000,WINTER,24,11.5,home,89393.3333333333,30610.70833333335,11195.382289251702,3198.680654071914,485.0
VIPV80_Wp1000,WINTER,24,11.5,work,102212.79166666664,9938.416666666662,5332.054409717243,1333.0136024293108,100.0
VIPV80_Wp1000,WINTER,24,11.5,public,87843.41666666669,27868.624999999993,31830.169333757272,5787.303515228589,557.5
VIPV80_Wp1000,WINTER,25,12.0,home,87896.08333333331,39100.04166666667,10183.617209078011,4073.446883631201,600.0
VIPV80_Wp1000,WINTER,25,12.0,work,101652.8333333333,9266.333333333334,4825.2047474301,1206.301186857525,122.5
VIPV80_Wp1000,WINTER,25,12.0,public,87130.83333333327,28332.58333333334,31424.683455808172,5713.578810146945,547.5
VIPV80_Wp1000,WINTER,26,12.5,home,87919.45833333333,44438.66666666666,11517.353088766225,4606.941235506492,545.0
VIPV80_Wp1000,WINTER,26,12.5,work,102556.83333333336,10236.75,5196.501918265127,1299.1254795662817,162.5
VIPV80_Wp1000,WINTER,26,12.5,public,87008.5,29785.708333333303,32892.74227198273,5980.49859490595,695.0
VIPV80_Wp1000,WINTER,27,13.0,home,87136.87499999997,47988.54166666664,12434.255628820569,4973.702251528224,595.0
VIPV80_Wp1000,WINTER,27,13.0,work,104321.54166666661,10399.958333333336,5244.952912432455,1311.2382281081138,107.5
VIPV80_Wp1000,WINTER,27,13.0,public,89555.49999999996,32502.624999999967,36272.85470911166,6595.064492565746,567.5
VIPV80_Wp1000,WINTER,28,13.5,home,91049.04166666669,53185.249999999985,13723.089147806044,5489.235659122409,570.0
VIPV80_Wp1000,WINTER,28,13.5,work,104073.41666666666,9729.04166666667,5064.862121688452,1266.215530422113,65.0
VIPV80_Wp1000,WINTER,28,13.5,public,89245.16666666673,31359.875000000015,36339.809321845736,6607.238058517405,552.5
VIPV80_Wp1000,WINTER,29,14.0,home,97457.7083333333,60349.500000000065,15477.084623001278,6190.833849200512,772.5
VIPV80_Wp1000,WINTER,29,14.0,work,102703.49999999997,8225.458333333332,4441.661497993648,1110.415374498412,75.0
VIPV80_Wp1000,WINTER,29,14.0,public,85933.12500000001,28688.083333333354,33701.0581228655,6127.465113248286,540.0
VIPV80_Wp1000,WINTER,30,14.5,home,105336.16666666666,67716.37500000003,17103.179364297088,6841.271745718841,742.5
VIPV80_Wp1000,WINTER,30,14.5,work,101646.04166666666,7474.375000000001,4033.629373663144,1008.407343415786,37.5
VIPV80_Wp1000,WINTER,30,14.5,public,83390.125,27214.95833333332,31857.62561530968,5792.295566419947,452.5
VIPV80_Wp1000,WINTER,31,15.0,home,117375.2916666667,75899.79166666667,19013.013518587864,7605.205407435163,795.0
VIPV80_Wp1000,WINTER,31,15.0,work,96067.12500000001,5609.666666666668,3032.3043002012555,758.0760750503139,15.0
VIPV80_Wp1000,WINTER,31,15.0,public,82196.20833333331,27525.500000000004,32939.54007515765,5989.007286392311,475.0
VIPV80_Wp1000,WINTER,32,15.5,home,132989.25,84717.70833333331,21203.77643637389,8481.51057454955,1040.0
VIPV80_Wp1000,WINTER,32,15.5,work,85557.08333333333,3578.583333333333,2081.7882784975013,520.4470696243753,15.0
VIPV80_Wp1000,WINTER,32,15.5,public,80735.00000000001,26501.04166666668,31735.494811845678,5770.0899657901255,545.0
VIPV80_Wp1000,WINTER,33,16.0,home,154877.37499999985,97763.08333333337,29273.15643418478,9757.718811394912,1052.5
VIPV80_Wp1000,WINTER,33,16.0,work,69581.9583333333,2452.291666666667,1421.4948313523369,355.3737078380842,12.5
VIPV80_Wp1000,WINTER,33,16.0,public,79910.08333333333,28747.333333333332,33618.90835944769,6112.528792626853,617.5
VIPV80_Wp1000,WINTER,34,16.5,home,181971.66666666654,114890.74999999993,34341.90595016298,11447.30198338766,1315.0
VIPV80_Wp1000,WINTER,34,16.5,work,53049.541666666686,1658.5,1012.3036984332205,253.07592460830512,7.5
VIPV80_Wp1000,WINTER,34,16.5,public,80347.79166666661,31102.708333333347,35913.60973422787,6529.747224405058,550.0
VIPV80_Wp1000,WINTER,35,17.0,home,211954.74999999985,132554.75000000017,39580.49108947192,13193.497029823982,1205.0
VIPV80_Wp1000,WINTER,35,17.0,work,38466.666666666686,1042.9166666666665,679.658833367192,169.914708341798,7.5
VIPV80_Wp1000,WINTER,35,17.0,public,79119.33333333331,31027.41666666666,37144.19188391757,6753.489433439563,582.5
VIPV80_Wp1000,WINTER,36,17.5,home,238189.91666666677,143731.58333333328,43072.602858182734,14357.534286060896,1077.5
VIPV80_Wp1000,WINTER,36,17.5,work,27006.166666666675,709.6249999999999,473.9707503325284,118.4926875831321,5.0
VIPV80_Wp1000,WINTER,36,17.5,public,75711.45833333328,30198.24999999999,35845.09697015919,6517.290358210763,470.0
VIPV80_Wp1000,WINTER,37,18.0,home,264484.04166666686,150342.87500000006,45403.86744286616,15134.622480955362,1042.5
VIPV80_Wp1000,WINTER,37,18.0,work,18515.91666666667,424.70833333333326,243.97648515556313,60.99412128889078,10.0
VIPV80_Wp1000,WINTER,37,18.0,public,72666.875,26278.04166666666,30616.731449632473,5566.678445387718,352.5
VIPV80_Wp1000,WINTER,38,18.5,home,284337.5416666665,150834.54166666683,45762.38658609124,15254.128862030397,735.0
VIPV80_Wp1000,WINTER,38,18.5,work,12580.583333333334,548.2500000000001,300.7332679559943,75.18331698899857,5.0
VIPV80_Wp1000,WINTER,38,18.5,public,69930.58333333336,21051.375,24115.505993682156,4384.637453396755,312.5
VIPV80_Wp1000,WINTER,39,19.0,home,298380.8333333334,143907.87500000017,43882.279398514904,14627.426466171597,560.0
VIPV80_Wp1000,WINTER,39,19.0,work,9355.416666666668,637.2083333333334,356.628614209931,89.15715355248275,10.0
VIPV80_Wp1000,WINTER,39,19.0,public,67952.25000000001,18177.291666666668,21396.022797061898,3890.1859631021616,212.5
VIPV80_Wp1000,WINTER,40,19.5,home,311981.7916666668,132856.9999999999,40779.50390181834,13593.167967272762,555.0
VIPV80_Wp1000,WINTER,40,19.5,work,6708.666666666666,530.4999999999999,337.29134721019807,84.32283680254952,5.0
VIPV80_Wp1000,WINTER,40,19.5,public,65922.87499999999,14649.541666666664,17096.58456556115,3108.4699210111175,192.5
VIPV80_Wp1000,WINTER,41,20.0,home,324464.8333333332,124614.37499999997,25613.496776883843,12806.748388441922,360.0
VIPV80_Wp1000,WINTER,41,20.0,work,4754.208333333334,411.2916666666667,285.94235060086675,71.48558765021669,0.0
VIPV80_Wp1000,WINTER,41,20.0,public,65664.79166666667,11882.374999999998,13910.239468763177,2529.1344488660347,125.0
VIPV80_Wp1000,WINTER,42,20.5,home,333453.5833333332,114228.87499999994,23600.955497751947,11800.47774887597,365.0
VIPV80_Wp1000,WINTER,42,20.5,work,3901.1666666666665,365.04166666666663,256.2588901098333,64.06472252745833,0.0
VIPV80_Wp1000,WINTER,42,20.5,public,64953.08333333333,9842.708333333334,11945.80652170477,2171.9648221281413,122.5
VIPV80_Wp1000,WINTER,43,21.0,home,342069.70833333326,102461.04166666673,21217.429146986695,10608.714573493347,287.5
VIPV80_Wp1000,WINTER,43,21.0,work,2921.1666666666665,157.79166666666666,115.63436670555872,28.90859167638968,0.0
VIPV80_Wp1000,WINTER,43,21.0,public,64882.833333333336,8137.124999999999,9885.76635000292,1797.4120636368948,100.0
VIPV80_Wp1000,WINTER,44,21.5,home,348995.91666666674,89895.04166666667,18687.599437278306,9343.799718639153,245.0
VIPV80_Wp1000,WINTER,44,21.5,work,2409.625,96.08333333333333,70.50447696003494,17.626119240008734,0.0
VIPV80_Wp1000,WINTER,44,21.5,public,63903.95833333332,6612.250000000002,7978.108977741725,1450.5652686803126,42.5
VIPV80_Wp1000,WINTER,45,22.0,home,372411.0416666665,96219.33333333328,19837.44211149886,9918.721055749427,1027.5
VIPV80_Wp1000,WINTER,45,22.0,work,1624.5000000000002,0.0,0.0,0.0,0.0
VIPV80_Wp1000,WINTER,45,22.0,public,66127.54166666666,8327.541666666666,9873.097285391817,1795.108597343968,177.5
VIPV80_Wp1000,WINTER,46,22.5,home,413184.6666666667,120376.0416666667,24321.369143120657,12160.684571560329,1342.5
VIPV80_Wp1000,WINTER,46,22.5,work,693.9999999999999,0.0,0.0,0.0,0.0
VIPV80_Wp1000,WINTER,46,22.5,public,72877.625,13881.124999999998,15967.737246194665,2903.2249538535766,257.5
VIPV80_Wp1000,WINTER,47,23.0,home,449803.8333333333,140004.66666666666,28070.723723974803,14035.361861987401,1210.0
VIPV80_Wp1000,WINTER,47,23.0,work,191.375,0.0,0.0,0.0,0.0
VIPV80_Wp1000,WINTER,47,23.0,public,79663.20833333333,18260.333333333332,21090.60366736392,3834.655212247989,247.5
VIPV80_Wp1000,WINTER,48,23.5,home,481929.0833333333,153102.0416666665,30716.226159393023,15358.113079696512,997.5
VIPV80_Wp1000,WINTER,48,23.5,work,91.625,0.0,0.0,0.0,0.0
VIPV80_Wp1000,WINTER,48,23.5,public,84496.29166666667,19134.166666666668,22806.680062868854,4146.66910233979,167.5
