HexID,Month,DemandClass,RepresentativeDayDemand_kWh,RepresentativeDaySlack_kWh,AnnualSlack_kWh,SlackShare
0,January,home,105.18391819843558,0.0,0.0,0.0
0,February,home,105.18391819843558,0.0,0.0,0.0
0,March,home,155.48508252967179,0.0,0.0,0.0
0,April,home,155.48508252967179,0.0,0.0,0.0
0,May,home,155.48508252967179,0.0,0.0,0.0
0,June,home,231.58349018898332,0.0,0.0,0.0
0,July,home,231.58349018898332,0.0,0.0,0.0
0,August,home,231.58349018898332,0.0,0.0,0.0
0,September,home,111.44790709377344,0.0,0.0,0.0
0,October,home,111.44790709377344,0.0,0.0,0.0
0,November,home,111.44790709377344,0.0,0.0,0.0
0,December,home,105.18391819843558,0.0,0.0,0.0
1,January,home,282.0617050400216,0.0,0.0,0.0
1,January,public,135.0,0.0,0.0,0.0
1,February,home,282.0617050400216,0.0,0.0,0.0
1,February,public,135.0,0.0,0.0,0.0
1,March,home,236.27918730229928,0.0,0.0,0.0
1,March,public,145.0,0.0,0.0,0.0
1,April,home,236.27918730229928,0.0,0.0,0.0
1,April,public,145.0,0.0,0.0,0.0
1,May,home,236.27918730229928,0.0,0.0,0.0
1,May,public,145.0,0.0,0.0,0.0
1,June,home,459.105442790163,0.0,0.0,0.0
1,June,public,124.99999999999999,0.0,0.0,0.0
1,July,home,459.105442790163,0.0,0.0,0.0
1,July,public,124.99999999999999,0.0,0.0,0.0
1,August,home,459.105442790163,0.0,0.0,0.0
1,August,public,124.99999999999999,0.0,0.0,0.0
1,September,home,570.4668865478782,0.0,0.0,0.0
1,September,public,82.5,0.0,0.0,0.0
1,October,home,570.4668865478782,0.0,0.0,0.0
1,October,public,82.5,0.0,0.0,0.0
1,November,home,570.4668865478782,0.0,0.0,0.0
1,November,public,82.5,0.0,0.0,0.0
1,December,home,282.0617050400216,0.0,0.0,0.0
1,December,public,135.0,0.0,0.0,0.0
2,January,home,27.304129176420986,0.0,0.0,0.0
2,February,home,27.304129176420986,0.0,0.0,0.0
2,March,public,62.5,0.0,0.0,0.0
2,April,public,62.5,0.0,0.0,0.0
2,May,public,62.5,0.0,0.0,0.0
2,June,home,8.790886530285697,0.0,0.0,0.0
2,June,public,75.0,0.0,0.0,0.0
2,July,home,8.790886530285697,0.0,0.0,0.0
2,July,public,75.0,0.0,0.0,0.0
2,August,home,8.790886530285697,0.0,0.0,0.0
2,August,public,75.0,0.0,0.0,0.0
2,December,home,27.304129176420986,0.0,0.0,0.0
3,January,public,157.5,0.0,0.0,0.0
3,February,public,157.5,0.0,0.0,0.0
3,March,home,3.517637100779659,0.0,0.0,0.0
3,March,public,112.5,0.0,0.0,0.0
3,April,home,3.517637100779659,0.0,0.0,0.0
3,April,public,112.5,0.0,0.0,0.0
3,May,home,3.517637100779659,0.0,0.0,0.0
3,May,public,112.5,0.0,0.0,0.0
3,June,public,122.49999999999999,0.0,0.0,0.0
3,July,public,122.49999999999999,0.0,0.0,0.0
3,August,public,122.49999999999999,0.0,0.0,0.0
3,September,public,132.5,0.0,0.0,0.0
3,October,public,132.5,0.0,0.0,0.0
3,November,public,132.5,0.0,0.0,0.0
3,December,public,157.5,0.0,0.0,0.0
5,January,home,135.63753797885278,0.0,0.0,0.0
5,February,home,135.63753797885278,0.0,0.0,0.0
5,March,home,105.7755061136851,0.0,0.0,0.0
5,March,public,52.5,0.0,0.0,0.0
5,April,home,105.7755061136851,0.0,0.0,0.0
5,April,public,52.5,0.0,0.0,0.0
5,May,home,105.7755061136851,0.0,0.0,0.0
5,May,public,52.5,0.0,0.0,0.0
5,June,home,24.35712954368602,0.0,0.0,0.0
5,June,public,25.0,0.0,0.0,0.0
5,July,home,24.35712954368602,0.0,0.0,0.0
5,July,public,25.0,0.0,0.0,0.0
5,August,home,24.35712954368602,0.0,0.0,0.0
5,August,public,25.0,0.0,0.0,0.0
5,September,home,176.38345356586157,0.0,0.0,0.0
5,September,public,52.5,0.0,0.0,0.0
5,October,home,176.38345356586157,0.0,0.0,0.0
5,October,public,52.5,0.0,0.0,0.0
5,November,home,176.38345356586157,0.0,0.0,0.0
5,November,public,52.5,0.0,0.0,0.0
5,December,home,135.63753797885278,0.0,0.0,0.0
6,January,home,119.94307048079517,0.0,0.0,0.0
6,January,public,115.0,0.0,0.0,0.0
6,February,home,119.94307048079517,0.0,0.0,0.0
6,February,public,115.0,0.0,0.0,0.0
6,March,home,68.13788731992756,0.0,0.0,0.0
6,March,public,77.5,0.0,0.0,0.0
6,April,home,68.13788731992756,0.0,0.0,0.0
6,April,public,77.5,0.0,0.0,0.0
6,May,home,68.13788731992756,0.0,0.0,0.0
6,May,public,77.5,0.0,0.0,0.0
6,June,home,26.345091832348793,0.0,0.0,0.0
6,June,public,84.99999999999999,0.0,0.0,0.0
6,July,home,26.345091832348793,0.0,0.0,0.0
6,July,public,84.99999999999999,0.0,0.0,0.0
6,August,home,26.345091832348793,0.0,0.0,0.0
6,August,public,84.99999999999999,0.0,0.0,0.0
6,September,home,123.68270629209363,0.0,0.0,0.0
6,October,home,123.68270629209363,0.0,0.0,0.0
6,November,home,123.68270629209363,0.0,0.0,0.0
6,December,home,119.94307048079517,0.0,0.0,0.0
6,December,public,115.0,0.0,0.0,0.0
7,January,home,158.24094147439052,0.0,0.0,0.0
7,February,home,158.24094147439052,0.0,0.0,0.0
7,March,home,14.519634931580974,0.0,0.0,0.0
7,April,home,14.519634931580974,0.0,0.0,0.0
7,May,home,14.519634931580974,0.0,0.0,0.0
7,June,home,79.08650797987855,0.0,0.0,0.0
7,July,home,79.08650797987855,0.0,0.0,0.0
7,August,home,79.08650797987855,0.0,0.0,0.0
7,September,home,21.463475536729348,0.0,0.0,0.0
7,October,home,21.463475536729348,0.0,0.0,0.0
7,November,home,21.463475536729348,0.0,0.0,0.0
7,December,home,158.24094147439052,0.0,0.0,0.0
10,January,home,489.6473929121635,0.0,0.0,0.0
10,January,public,10.0,0.0,0.0,0.0
10,February,home,489.6473929121635,0.0,0.0,0.0
10,February,public,10.0,0.0,0.0,0.0
10,March,home,214.57195951974498,0.0,0.0,0.0
10,March,public,10.0,0.0,0.0,0.0
10,April,home,214.57195951974498,0.0,0.0,0.0
10,April,public,10.0,0.0,0.0,0.0
10,May,home,214.57195951974498,0.0,0.0,0.0
10,May,public,10.0,0.0,0.0,0.0
10,June,home,213.9364325989226,0.0,0.0,0.0
10,June,public,40.0,0.0,0.0,0.0
10,July,home,213.9364325989226,0.0,0.0,0.0
10,July,public,40.0,0.0,0.0,0.0
10,August,home,213.9364325989226,0.0,0.0,0.0
10,August,public,40.0,0.0,0.0,0.0
10,September,home,414.4257911485037,0.0,0.0,0.0
10,October,home,414.4257911485037,0.0,0.0,0.0
10,November,home,414.4257911485037,0.0,0.0,0.0
10,December,home,489.6473929121635,0.0,0.0,0.0
10,December,public,10.0,0.0,0.0,0.0
11,January,home,181.36811611694452,0.0,0.0,0.0
11,January,public,100.0,0.0,0.0,0.0
11,February,home,181.36811611694452,0.0,0.0,0.0
11,February,public,100.0,0.0,0.0,0.0
11,March,home,46.907733251959556,0.0,0.0,0.0
11,March,public,32.5,0.0,0.0,0.0
11,April,home,46.907733251959556,0.0,0.0,0.0
11,April,public,32.5,0.0,0.0,0.0
11,May,home,46.907733251959556,0.0,0.0,0.0
11,May,public,32.5,0.0,0.0,0.0
11,June,home,93.35794586884613,0.0,0.0,0.0
11,June,public,17.5,0.0,0.0,0.0
11,July,home,93.35794586884613,0.0,0.0,0.0
11,July,public,17.5,0.0,0.0,0.0
11,August,home,93.35794586884613,0.0,0.0,0.0
11,August,public,17.5,0.0,0.0,0.0
11,September,home,201.96503103352632,0.0,0.0,0.0
11,September,public,20.0,0.0,0.0,0.0
11,October,home,201.96503103352632,0.0,0.0,0.0
11,October,public,20.0,0.0,0.0,0.0
11,November,home,201.96503103352632,0.0,0.0,0.0
11,November,public,20.0,0.0,0.0,0.0
11,December,home,181.36811611694452,0.0,0.0,0.0
11,December,public,100.0,0.0,0.0,0.0
12,January,home,11.118651696334865,0.0,0.0,0.0
12,January,public,200.0,0.0,0.0,0.0
12,February,home,11.118651696334865,0.0,0.0,0.0
12,February,public,200.0,0.0,0.0,0.0
12,March,home,0.765470550955925,0.0,0.0,0.0
12,March,public,207.5,0.0,0.0,0.0
12,April,home,0.765470550955925,0.0,0.0,0.0
12,April,public,207.5,0.0,0.0,0.0
12,May,home,0.765470550955925,0.0,0.0,0.0
12,May,public,207.5,0.0,0.0,0.0
12,June,home,15.852205958861461,0.0,0.0,0.0
12,June,public,170.00000000000003,0.0,0.0,0.0
12,July,home,15.852205958861461,0.0,0.0,0.0
12,July,public,170.00000000000003,0.0,0.0,0.0
12,August,home,15.852205958861461,0.0,0.0,0.0
12,August,public,170.00000000000003,0.0,0.0,0.0
12,September,home,29.58054863676883,0.0,0.0,0.0
12,September,public,224.99999999999997,0.0,0.0,0.0
12,October,home,29.58054863676883,0.0,0.0,0.0
12,October,public,224.99999999999997,0.0,0.0,0.0
12,November,home,29.58054863676883,0.0,0.0,0.0
12,November,public,224.99999999999997,0.0,0.0,0.0
12,December,home,11.118651696334865,0.0,0.0,0.0
12,December,public,200.0,0.0,0.0,0.0
13,January,public,84.99999999999999,0.0,0.0,0.0
13,February,public,84.99999999999999,0.0,0.0,0.0
13,March,public,20.0,0.0,0.0,0.0
13,April,public,20.0,0.0,0.0,0.0
13,May,public,20.0,0.0,0.0,0.0
13,June,public,10.0,0.0,0.0,0.0
13,July,public,10.0,0.0,0.0,0.0
13,August,public,10.0,0.0,0.0,0.0
13,September,public,60.0,0.0,0.0,0.0
13,October,public,60.0,0.0,0.0,0.0
13,November,public,60.0,0.0,0.0,0.0
13,December,public,84.99999999999999,0.0,0.0,0.0
15,January,public,10.0,0.0,0.0,0.0
15,February,public,10.0,0.0,0.0,0.0
15,March,public,92.5,0.0,0.0,0.0
15,April,public,92.5,0.0,0.0,0.0
15,May,public,92.5,0.0,0.0,0.0
15,June,public,102.5,0.0,0.0,0.0
15,July,public,102.5,0.0,0.0,0.0
15,August,public,102.5,0.0,0.0,0.0
15,September,public,72.5,0.0,0.0,0.0
15,October,public,72.5,0.0,0.0,0.0
15,November,public,72.5,0.0,0.0,0.0
15,December,public,10.0,0.0,0.0,0.0
16,January,public,47.5,0.0,0.0,0.0
16,February,public,47.5,0.0,0.0,0.0
16,June,public,9.999999999999998,0.0,0.0,0.0
16,July,public,9.999999999999998,0.0,0.0,0.0
16,August,public,9.999999999999998,0.0,0.0,0.0
16,September,public,62.5,0.0,0.0,0.0
16,October,public,62.5,0.0,0.0,0.0
16,November,public,62.5,0.0,0.0,0.0
16,December,public,47.5,0.0,0.0,0.0
17,January,home,12.252133259826238,0.0,0.0,0.0
17,February,home,12.252133259826238,0.0,0.0,0.0
17,June,home,58.37325606717096,0.0,0.0,0.0
17,July,home,58.37325606717096,0.0,0.0,0.0
17,August,home,58.37325606717096,0.0,0.0,0.0
17,September,home,63.96838561150208,0.0,0.0,0.0
17,October,home,63.96838561150208,0.0,0.0,0.0
17,November,home,63.96838561150208,0.0,0.0,0.0
17,December,home,12.252133259826238,0.0,0.0,0.0
18,January,home,4.626135209803081,0.0,0.0,0.0
18,February,home,4.626135209803081,0.0,0.0,0.0
18,March,home,40.39191908582449,0.0,0.0,0.0
18,March,public,5.0,0.0,0.0,0.0
18,April,home,40.39191908582449,0.0,0.0,0.0
18,April,public,5.0,0.0,0.0,0.0
18,May,home,40.39191908582449,0.0,0.0,0.0
18,May,public,5.0,0.0,0.0,0.0
18,June,home,15.623002991936403,0.0,0.0,0.0
18,June,public,5.0,0.0,0.0,0.0
18,July,home,15.623002991936403,0.0,0.0,0.0
18,July,public,5.0,0.0,0.0,0.0
18,August,home,15.623002991936403,0.0,0.0,0.0
18,August,public,5.0,0.0,0.0,0.0
18,September,home,40.62810374348897,0.0,0.0,0.0
18,October,home,40.62810374348897,0.0,0.0,0.0
18,November,home,40.62810374348897,0.0,0.0,0.0
18,December,home,4.626135209803081,0.0,0.0,0.0
19,January,home,0.05354635359317683,0.0,0.0,0.0
19,January,public,70.0,0.0,0.0,0.0
19,February,home,0.05354635359317683,0.0,0.0,0.0
19,February,public,70.0,0.0,0.0,0.0
19,March,public,72.5,0.0,0.0,0.0
19,April,public,72.5,0.0,0.0,0.0
19,May,public,72.5,0.0,0.0,0.0
19,June,public,15.0,0.0,0.0,0.0
19,July,public,15.0,0.0,0.0,0.0
19,August,public,15.0,0.0,0.0,0.0
19,September,public,20.0,0.0,0.0,0.0
19,October,public,20.0,0.0,0.0,0.0
19,November,public,20.0,0.0,0.0,0.0
19,December,home,0.05354635359317683,0.0,0.0,0.0
19,December,public,70.0,0.0,0.0,0.0
20,January,home,325.53365554148735,0.0,0.0,0.0
20,January,public,205.0,0.0,0.0,0.0
20,February,home,325.53365554148735,0.0,0.0,0.0
20,February,public,205.0,0.0,0.0,0.0
20,March,home,252.0423356468924,0.0,0.0,0.0
20,March,public,217.5,0.0,0.0,0.0
20,April,home,252.0423356468924,0.0,0.0,0.0
20,April,public,217.5,0.0,0.0,0.0
20,May,home,252.0423356468924,0.0,0.0,0.0
20,May,public,217.5,0.0,0.0,0.0
20,June,home,164.52809817660767,0.0,0.0,0.0
20,June,public,82.50000000000001,0.0,0.0,0.0
20,July,home,164.52809817660767,0.0,0.0,0.0
20,July,public,82.50000000000001,0.0,0.0,0.0
20,August,home,164.52809817660767,0.0,0.0,0.0
20,August,public,82.50000000000001,0.0,0.0,0.0
20,September,home,141.3353800076976,0.0,0.0,0.0
20,September,public,152.50000000000003,0.0,0.0,0.0
20,October,home,141.3353800076976,0.0,0.0,0.0
20,October,public,152.50000000000003,0.0,0.0,0.0
20,November,home,141.3353800076976,0.0,0.0,0.0
20,November,public,152.50000000000003,0.0,0.0,0.0
20,December,home,325.53365554148735,0.0,0.0,0.0
20,December,public,205.0,0.0,0.0,0.0
21,January,public,47.5,0.0,0.0,0.0
21,February,public,47.5,0.0,0.0,0.0
21,March,public,85.0,0.0,0.0,0.0
21,April,public,85.0,0.0,0.0,0.0
21,May,public,85.0,0.0,0.0,0.0
21,June,public,64.99999999999999,0.0,0.0,0.0
21,July,public,64.99999999999999,0.0,0.0,0.0
21,August,public,64.99999999999999,0.0,0.0,0.0
21,September,public,37.49999999999999,0.0,0.0,0.0
21,October,public,37.49999999999999,0.0,0.0,0.0
21,November,public,37.49999999999999,0.0,0.0,0.0
21,December,public,47.5,0.0,0.0,0.0
23,January,public,7.5,0.0,0.0,0.0
23,February,public,7.5,0.0,0.0,0.0
23,March,public,37.5,0.0,0.0,0.0
23,April,public,37.5,0.0,0.0,0.0
23,May,public,37.5,0.0,0.0,0.0
23,June,public,77.5,0.0,0.0,0.0
23,July,public,77.5,0.0,0.0,0.0
23,August,public,77.5,0.0,0.0,0.0
23,September,public,45.0,0.0,0.0,0.0
23,October,public,45.0,0.0,0.0,0.0
23,November,public,45.0,0.0,0.0,0.0
23,December,public,7.5,0.0,0.0,0.0
25,January,public,202.5,0.0,0.0,0.0
25,February,public,202.5,0.0,0.0,0.0
25,March,public,172.50000000000003,0.0,0.0,0.0
25,April,public,172.50000000000003,0.0,0.0,0.0
25,May,public,172.50000000000003,0.0,0.0,0.0
25,June,public,147.5,0.0,0.0,0.0
25,July,public,147.5,0.0,0.0,0.0
25,August,public,147.5,0.0,0.0,0.0
25,September,public,17.5,0.0,0.0,0.0
25,October,public,17.5,0.0,0.0,0.0
25,November,public,17.5,0.0,0.0,0.0
25,December,public,202.5,0.0,0.0,0.0
26,January,public,172.5,0.0,0.0,0.0
26,February,public,172.5,0.0,0.0,0.0
26,March,public,240.0,0.0,0.0,0.0
26,April,public,240.0,0.0,0.0,0.0
26,May,public,240.0,0.0,0.0,0.0
26,June,public,177.8647027694479,0.0,0.0,0.0
26,July,public,177.8647027694479,0.0,0.0,0.0
26,August,public,177.8647027694479,0.0,0.0,0.0
26,September,public,222.5,0.0,0.0,0.0
26,October,public,222.5,0.0,0.0,0.0
26,November,public,222.5,0.0,0.0,0.0
26,December,public,172.5,0.0,0.0,0.0
27,January,public,102.49999999999999,0.0,0.0,0.0
27,February,public,102.49999999999999,0.0,0.0,0.0
27,March,public,92.49999999999999,0.0,0.0,0.0
27,April,public,92.49999999999999,0.0,0.0,0.0
27,May,public,92.49999999999999,0.0,0.0,0.0
27,June,public,40.0,0.0,0.0,0.0
27,July,public,40.0,0.0,0.0,0.0
27,August,public,40.0,0.0,0.0,0.0
27,September,public,80.0,0.0,0.0,0.0
27,October,public,80.0,0.0,0.0,0.0
27,November,public,80.0,0.0,0.0,0.0
27,December,public,102.49999999999999,0.0,0.0,0.0
28,January,public,360.0,0.0,0.0,0.0
28,February,public,360.0,0.0,0.0,0.0
28,March,home,33.570406039491886,0.0,0.0,0.0
28,March,public,332.5,0.0,0.0,0.0
28,April,home,33.570406039491886,0.0,0.0,0.0
28,April,public,332.5,0.0,0.0,0.0
28,May,home,33.570406039491886,0.0,0.0,0.0
28,May,public,332.5,0.0,0.0,0.0
28,June,home,24.299917316783024,0.0,0.0,0.0
28,June,public,335.0,0.0,0.0,0.0
28,July,home,24.299917316783024,0.0,0.0,0.0
28,July,public,335.0,0.0,0.0,0.0
28,August,home,24.299917316783024,0.0,0.0,0.0
28,August,public,335.0,0.0,0.0,0.0
28,September,public,372.5,0.0,0.0,0.0
28,October,public,372.5,0.0,0.0,0.0
28,November,public,372.5,0.0,0.0,0.0
28,December,public,360.0,0.0,0.0,0.0
29,January,public,39.99999999999999,0.0,0.0,0.0
29,February,public,39.99999999999999,0.0,0.0,0.0
29,December,public,39.99999999999999,0.0,0.0,0.0
30,January,public,170.0,0.0,0.0,0.0
30,February,public,170.0,0.0,0.0,0.0
30,March,public,227.5,0.0,0.0,0.0
30,April,public,227.5,0.0,0.0,0.0
30,May,public,227.5,0.0,0.0,0.0
30,June,public,122.5,0.0,0.0,0.0
30,July,public,122.5,0.0,0.0,0.0
30,August,public,122.5,0.0,0.0,0.0
30,September,public,75.0,0.0,0.0,0.0
30,October,public,75.0,0.0,0.0,0.0
30,November,public,75.0,0.0,0.0,0.0
30,December,public,170.0,0.0,0.0,0.0
31,January,public,12.500000000000002,0.0,0.0,0.0
31,February,public,12.500000000000002,0.0,0.0,0.0
31,March,public,45.0,0.0,0.0,0.0
31,April,public,45.0,0.0,0.0,0.0
31,May,public,45.0,0.0,0.0,0.0
31,June,public,70.0,0.0,0.0,0.0
31,July,public,70.0,0.0,0.0,0.0
31,August,public,70.0,0.0,0.0,0.0
31,September,public,80.0,0.0,0.0,0.0
31,October,public,80.0,0.0,0.0,0.0
31,November,public,80.0,0.0,0.0,0.0
31,December,public,12.500000000000002,0.0,0.0,0.0
34,March,public,37.5,0.0,0.0,0.0
34,April,public,37.5,0.0,0.0,0.0
34,May,public,37.5,0.0,0.0,0.0
34,June,public,72.5,0.0,0.0,0.0
34,July,public,72.5,0.0,0.0,0.0
34,August,public,72.5,0.0,0.0,0.0
36,January,public,145.0,0.0,0.0,0.0
36,February,public,145.0,0.0,0.0,0.0
36,March,public,145.0,0.0,0.0,0.0
36,April,public,145.0,0.0,0.0,0.0
36,May,public,145.0,0.0,0.0,0.0
36,June,public,327.5,0.0,0.0,0.0
36,July,public,327.5,0.0,0.0,0.0
36,August,public,327.5,0.0,0.0,0.0
36,September,public,267.5,0.0,0.0,0.0
36,October,public,267.5,0.0,0.0,0.0
36,November,public,267.5,0.0,0.0,0.0
36,December,public,145.0,0.0,0.0,0.0
37,January,public,72.5,0.0,0.0,0.0
37,February,public,72.5,0.0,0.0,0.0
37,March,public,72.5,0.0,0.0,0.0
37,April,public,72.5,0.0,0.0,0.0
37,May,public,72.5,0.0,0.0,0.0
37,June,public,72.5,0.0,0.0,0.0
37,July,public,72.5,0.0,0.0,0.0
37,August,public,72.5,0.0,0.0,0.0
37,September,public,72.5,0.0,0.0,0.0
37,October,public,72.5,0.0,0.0,0.0
37,November,public,72.5,0.0,0.0,0.0
37,December,public,72.5,0.0,0.0,0.0
38,January,public,255.0,0.0,0.0,0.0
38,February,public,255.0,0.0,0.0,0.0
38,March,public,192.5,0.0,0.0,0.0
38,April,public,192.5,0.0,0.0,0.0
38,May,public,192.5,0.0,0.0,0.0
38,June,public,245.0,0.0,0.0,0.0
38,July,public,245.0,0.0,0.0,0.0
38,August,public,245.0,0.0,0.0,0.0
38,September,public,257.5,0.0,0.0,0.0
38,October,public,257.5,0.0,0.0,0.0
38,November,public,257.5,0.0,0.0,0.0
38,December,public,255.0,0.0,0.0,0.0
39,January,public,290.0,0.0,0.0,0.0
39,February,public,290.0,0.0,0.0,0.0
39,March,public,295.0,0.0,0.0,0.0
39,April,public,295.0,0.0,0.0,0.0
39,May,public,295.0,0.0,0.0,0.0
39,June,public,237.5,0.0,0.0,0.0
39,July,public,237.5,0.0,0.0,0.0
39,August,public,237.5,0.0,0.0,0.0
39,September,public,132.5,0.0,0.0,0.0
39,October,public,132.5,0.0,0.0,0.0
39,November,public,132.5,0.0,0.0,0.0
39,December,public,290.0,0.0,0.0,0.0
40,January,public,119.99999999999999,0.0,0.0,0.0
40,February,public,119.99999999999999,0.0,0.0,0.0
40,March,public,152.5,0.0,0.0,0.0
40,April,public,152.5,0.0,0.0,0.0
40,May,public,152.5,0.0,0.0,0.0
40,June,public,127.5,0.0,0.0,0.0
40,July,public,127.5,0.0,0.0,0.0
40,August,public,127.5,0.0,0.0,0.0
40,September,public,160.0,0.0,0.0,0.0
40,October,public,160.0,0.0,0.0,0.0
40,November,public,160.0,0.0,0.0,0.0
40,December,public,119.99999999999999,0.0,0.0,0.0
42,January,public,160.0,0.0,0.0,0.0
42,February,public,160.0,0.0,0.0,0.0
42,March,public,172.5,0.0,0.0,0.0
42,April,public,172.5,0.0,0.0,0.0
42,May,public,172.5,0.0,0.0,0.0
42,June,public,52.5,0.0,0.0,0.0
42,July,public,52.5,0.0,0.0,0.0
42,August,public,52.5,0.0,0.0,0.0
42,September,public,145.0,0.0,0.0,0.0
42,October,public,145.0,0.0,0.0,0.0
42,November,public,145.0,0.0,0.0,0.0
42,December,public,160.0,0.0,0.0,0.0
43,January,public,612.5,0.0,0.0,0.0
43,February,public,612.5,0.0,0.0,0.0
43,March,public,447.5,0.0,0.0,0.0
43,April,public,447.5,0.0,0.0,0.0
43,May,public,447.5,0.0,0.0,0.0
43,June,public,492.5,0.0,0.0,0.0
43,July,public,492.5,0.0,0.0,0.0
43,August,public,492.5,0.0,0.0,0.0
43,September,public,752.5,0.0,0.0,0.0
43,October,public,752.5,0.0,0.0,0.0
43,November,public,752.5,0.0,0.0,0.0
43,December,public,612.5,0.0,0.0,0.0
45,January,public,122.5,0.0,0.0,0.0
45,February,public,122.5,0.0,0.0,0.0
45,March,public,162.5,0.0,0.0,0.0
45,April,public,162.5,0.0,0.0,0.0
45,May,public,162.5,0.0,0.0,0.0
45,June,public,172.5,0.0,0.0,0.0
45,July,public,172.5,0.0,0.0,0.0
45,August,public,172.5,0.0,0.0,0.0
45,September,public,145.0,0.0,0.0,0.0
45,October,public,145.0,0.0,0.0,0.0
45,November,public,145.0,0.0,0.0,0.0
45,December,public,122.5,0.0,0.0,0.0
46,January,public,390.0,0.0,0.0,0.0
46,February,public,390.0,0.0,0.0,0.0
46,March,public,570.0,0.0,0.0,0.0
46,April,public,570.0,0.0,0.0,0.0
46,May,public,570.0,0.0,0.0,0.0
46,June,public,522.5,0.0,0.0,0.0
46,July,public,522.5,0.0,0.0,0.0
46,August,public,522.5,0.0,0.0,0.0
46,September,public,495.0,0.0,0.0,0.0
46,October,public,495.0,0.0,0.0,0.0
46,November,public,495.0,0.0,0.0,0.0
46,December,public,390.0,0.0,0.0,0.0
51,January,public,10.0,0.0,0.0,0.0
51,February,public,10.0,0.0,0.0,0.0
51,December,public,10.0,0.0,0.0,0.0
52,January,public,102.5,0.0,0.0,0.0
52,February,public,102.5,0.0,0.0,0.0
52,March,public,100.0,0.0,0.0,0.0
52,April,public,100.0,0.0,0.0,0.0
52,May,public,100.0,0.0,0.0,0.0
52,June,public,5.0,0.0,0.0,0.0
52,July,public,5.0,0.0,0.0,0.0
52,August,public,5.0,0.0,0.0,0.0
52,September,public,67.5,0.0,0.0,0.0
52,October,public,67.5,0.0,0.0,0.0
52,November,public,67.5,0.0,0.0,0.0
52,December,public,102.5,0.0,0.0,0.0
53,January,public,377.5,0.0,0.0,0.0
53,February,public,377.5,0.0,0.0,0.0
53,March,public,377.5,0.0,0.0,0.0
53,April,public,377.5,0.0,0.0,0.0
53,May,public,377.5,0.0,0.0,0.0
53,June,public,445.0,0.0,0.0,0.0
53,July,public,445.0,0.0,0.0,0.0
53,August,public,445.0,0.0,0.0,0.0
53,September,public,555.0,0.0,0.0,0.0
53,October,public,555.0,0.0,0.0,0.0
53,November,public,555.0,0.0,0.0,0.0
53,December,public,377.5,0.0,0.0,0.0
54,January,public,262.5,0.0,0.0,0.0
54,February,public,262.5,0.0,0.0,0.0
54,March,public,295.0,0.0,0.0,0.0
54,April,public,295.0,0.0,0.0,0.0
54,May,public,295.0,0.0,0.0,0.0
54,June,public,241.2308634415187,0.0,0.0,0.0
54,July,public,241.2308634415187,0.0,0.0,0.0
54,August,public,241.2308634415187,0.0,0.0,0.0
54,September,public,252.5,0.0,0.0,0.0
54,October,public,252.5,0.0,0.0,0.0
54,November,public,252.5,0.0,0.0,0.0
54,December,public,262.5,0.0,0.0,0.0
55,March,public,12.500000000000002,0.0,0.0,0.0
55,April,public,12.500000000000002,0.0,0.0,0.0
55,May,public,12.500000000000002,0.0,0.0,0.0
55,September,public,12.5,0.0,0.0,0.0
55,October,public,12.5,0.0,0.0,0.0
55,November,public,12.5,0.0,0.0,0.0
56,January,public,835.0,0.0,0.0,0.0
56,February,public,835.0,0.0,0.0,0.0
56,March,public,627.5,0.0,0.0,0.0
56,April,public,627.5,0.0,0.0,0.0
56,May,public,627.5,0.0,0.0,0.0
56,June,public,882.5,0.0,0.0,0.0
56,July,public,882.5,0.0,0.0,0.0
56,August,public,882.5,0.0,0.0,0.0
56,September,public,645.0,0.0,0.0,0.0
56,October,public,645.0,0.0,0.0,0.0
56,November,public,645.0,0.0,0.0,0.0
56,December,public,835.0,0.0,0.0,0.0
57,January,public,641.2993128022398,0.0,0.0,0.0
57,February,public,641.2993128022398,0.0,0.0,0.0
57,March,public,492.5,0.0,0.0,0.0
57,April,public,492.5,0.0,0.0,0.0
57,May,public,492.5,0.0,0.0,0.0
57,June,public,748.8842173350582,0.0,0.0,0.0
57,July,public,748.8842173350582,0.0,0.0,0.0
57,August,public,748.8842173350582,0.0,0.0,0.0
57,September,public,685.0,0.0,0.0,0.0
57,October,public,685.0,0.0,0.0,0.0
57,November,public,685.0,0.0,0.0,0.0
57,December,public,641.2993128022398,0.0,0.0,0.0
58,January,public,110.0,0.0,0.0,0.0
58,February,public,110.0,0.0,0.0,0.0
58,March,public,75.0,0.0,0.0,0.0
58,April,public,75.0,0.0,0.0,0.0
58,May,public,75.0,0.0,0.0,0.0
58,June,public,122.50000000000001,0.0,0.0,0.0
58,July,public,122.50000000000001,0.0,0.0,0.0
58,August,public,122.50000000000001,0.0,0.0,0.0
58,September,public,65.0,0.0,0.0,0.0
58,October,public,65.0,0.0,0.0,0.0
58,November,public,65.0,0.0,0.0,0.0
58,December,public,110.0,0.0,0.0,0.0
59,January,public,107.50000000000001,0.0,0.0,0.0
59,February,public,107.50000000000001,0.0,0.0,0.0
59,March,public,315.0,0.0,0.0,0.0
59,April,public,315.0,0.0,0.0,0.0
59,May,public,315.0,0.0,0.0,0.0
59,June,public,210.0,0.0,0.0,0.0
59,July,public,210.0,0.0,0.0,0.0
59,August,public,210.0,0.0,0.0,0.0
59,September,public,255.0,0.0,0.0,0.0
59,October,public,255.0,0.0,0.0,0.0
59,November,public,255.0,0.0,0.0,0.0
59,December,public,107.50000000000001,0.0,0.0,0.0
60,March,public,120.0,0.0,0.0,0.0
60,April,public,120.0,0.0,0.0,0.0
60,May,public,120.0,0.0,0.0,0.0
60,June,public,52.5,0.0,0.0,0.0
60,July,public,52.5,0.0,0.0,0.0
60,August,public,52.5,0.0,0.0,0.0
60,September,public,40.0,0.0,0.0,0.0
60,October,public,40.0,0.0,0.0,0.0
60,November,public,40.0,0.0,0.0,0.0
61,January,public,87.5,0.0,0.0,0.0
61,February,public,87.5,0.0,0.0,0.0
61,March,public,77.5,0.0,0.0,0.0
61,April,public,77.5,0.0,0.0,0.0
61,May,public,77.5,0.0,0.0,0.0
61,June,public,77.5,0.0,0.0,0.0
61,July,public,77.5,0.0,0.0,0.0
61,August,public,77.5,0.0,0.0,0.0
61,September,public,80.0,0.0,0.0,0.0
61,October,public,80.0,0.0,0.0,0.0
61,November,public,80.0,0.0,0.0,0.0
61,December,public,87.5,0.0,0.0,0.0
62,January,public,10.0,0.0,0.0,0.0
62,February,public,10.0,0.0,0.0,0.0
62,March,public,45.0,0.0,0.0,0.0
62,April,public,45.0,0.0,0.0,0.0
62,May,public,45.0,0.0,0.0,0.0
62,June,public,47.5,0.0,0.0,0.0
62,July,public,47.5,0.0,0.0,0.0
62,August,public,47.5,0.0,0.0,0.0
62,September,home,2.445066665863166,0.0,0.0,0.0
62,September,public,100.00000000000001,0.0,0.0,0.0
62,October,home,2.445066665863166,0.0,0.0,0.0
62,October,public,100.00000000000001,0.0,0.0,0.0
62,November,home,2.445066665863166,0.0,0.0,0.0
62,November,public,100.00000000000001,0.0,0.0,0.0
62,December,public,10.0,0.0,0.0,0.0
64,January,public,12.5,0.0,0.0,0.0
64,February,public,12.5,0.0,0.0,0.0
64,March,public,32.5,0.0,0.0,0.0
64,April,public,32.5,0.0,0.0,0.0
64,May,public,32.5,0.0,0.0,0.0
64,June,public,140.0,0.0,0.0,0.0
64,July,public,140.0,0.0,0.0,0.0
64,August,public,140.0,0.0,0.0,0.0
64,September,public,90.00000000000001,0.0,0.0,0.0
64,October,public,90.00000000000001,0.0,0.0,0.0
64,November,public,90.00000000000001,0.0,0.0,0.0
64,December,public,12.5,0.0,0.0,0.0
67,January,public,40.0,0.0,0.0,0.0
67,February,public,40.0,0.0,0.0,0.0
67,March,public,47.5,0.0,0.0,0.0
67,April,public,47.5,0.0,0.0,0.0
67,May,public,47.5,0.0,0.0,0.0
67,June,public,155.0,0.0,0.0,0.0
67,July,public,155.0,0.0,0.0,0.0
67,August,public,155.0,0.0,0.0,0.0
67,September,public,70.0,0.0,0.0,0.0
67,October,public,70.0,0.0,0.0,0.0
67,November,public,70.0,0.0,0.0,0.0
67,December,public,40.0,0.0,0.0,0.0
68,January,public,470.0,0.0,0.0,0.0
68,February,public,470.0,0.0,0.0,0.0
68,March,public,460.0,0.0,0.0,0.0
68,April,public,460.0,0.0,0.0,0.0
68,May,public,460.0,0.0,0.0,0.0
68,June,public,605.0,0.0,0.0,0.0
68,July,public,605.0,0.0,0.0,0.0
68,August,public,605.0,0.0,0.0,0.0
68,September,public,475.0,0.0,0.0,0.0
68,October,public,475.0,0.0,0.0,0.0
68,November,public,475.0,0.0,0.0,0.0
68,December,public,470.0,0.0,0.0,0.0
69,January,public,292.5,0.0,0.0,0.0
69,February,public,292.5,0.0,0.0,0.0
69,March,public,385.0,0.0,0.0,0.0
69,April,public,385.0,0.0,0.0,0.0
69,May,public,385.0,0.0,0.0,0.0
69,June,public,160.0,0.0,0.0,0.0
69,July,public,160.0,0.0,0.0,0.0
69,August,public,160.0,0.0,0.0,0.0
69,September,public,295.0,0.0,0.0,0.0
69,October,public,295.0,0.0,0.0,0.0
69,November,public,295.0,0.0,0.0,0.0
69,December,public,292.5,0.0,0.0,0.0
70,January,public,275.0,0.0,0.0,0.0
70,February,public,275.0,0.0,0.0,0.0
70,March,public,232.5,0.0,0.0,0.0
70,April,public,232.5,0.0,0.0,0.0
70,May,public,232.5,0.0,0.0,0.0
70,June,public,440.0,0.0,0.0,0.0
70,July,public,440.0,0.0,0.0,0.0
70,August,public,440.0,0.0,0.0,0.0
70,September,public,387.5,0.0,0.0,0.0
70,October,public,387.5,0.0,0.0,0.0
70,November,public,387.5,0.0,0.0,0.0
70,December,public,275.0,0.0,0.0,0.0
71,January,public,360.0,0.0,0.0,0.0
71,February,public,360.0,0.0,0.0,0.0
71,March,public,210.0,0.0,0.0,0.0
71,April,public,210.0,0.0,0.0,0.0
71,May,public,210.0,0.0,0.0,0.0
71,June,public,352.5,0.0,0.0,0.0
71,July,public,352.5,0.0,0.0,0.0
71,August,public,352.5,0.0,0.0,0.0
71,September,public,427.5,0.0,0.0,0.0
71,October,public,427.5,0.0,0.0,0.0
71,November,public,427.5,0.0,0.0,0.0
71,December,public,360.0,0.0,0.0,0.0
72,January,public,670.0,0.0,0.0,0.0
72,February,public,670.0,0.0,0.0,0.0
72,March,public,330.0,0.0,0.0,0.0
72,April,public,330.0,0.0,0.0,0.0
72,May,public,330.0,0.0,0.0,0.0
72,June,public,400.0,0.0,0.0,0.0
72,July,public,400.0,0.0,0.0,0.0
72,August,public,400.0,0.0,0.0,0.0
72,September,public,572.5,0.0,0.0,0.0
72,October,public,572.5,0.0,0.0,0.0
72,November,public,572.5,0.0,0.0,0.0
72,December,public,670.0,0.0,0.0,0.0
74,January,public,370.0,0.0,0.0,0.0
74,February,public,370.0,0.0,0.0,0.0
74,March,public,470.0,0.0,0.0,0.0
74,April,public,470.0,0.0,0.0,0.0
74,May,public,470.0,0.0,0.0,0.0
74,June,public,502.5,0.0,0.0,0.0
74,July,public,502.5,0.0,0.0,0.0
74,August,public,502.5,0.0,0.0,0.0
74,September,public,502.5,0.0,0.0,0.0
74,October,public,502.5,0.0,0.0,0.0
74,November,public,502.5,0.0,0.0,0.0
74,December,public,370.0,0.0,0.0,0.0
75,January,public,1467.5,0.0,0.0,0.0
75,February,public,1467.5,0.0,0.0,0.0
75,March,public,982.5,0.0,0.0,0.0
75,April,public,982.5,0.0,0.0,0.0
75,May,public,982.5,0.0,0.0,0.0
75,June,public,970.0,0.0,0.0,0.0
75,July,public,970.0,0.0,0.0,0.0
75,August,public,970.0,0.0,0.0,0.0
75,September,public,840.0,0.0,0.0,0.0
75,October,public,840.0,0.0,0.0,0.0
75,November,public,840.0,0.0,0.0,0.0
75,December,public,1467.5,0.0,0.0,0.0
76,January,public,1247.5,0.0,0.0,0.0
76,February,public,1247.5,0.0,0.0,0.0
76,March,public,1072.5,0.0,0.0,0.0
76,April,public,1072.5,0.0,0.0,0.0
76,May,public,1072.5,0.0,0.0,0.0
76,June,public,1060.0,0.0,0.0,0.0
76,July,public,1060.0,0.0,0.0,0.0
76,August,public,1060.0,0.0,0.0,0.0
76,September,public,867.5,0.0,0.0,0.0
76,October,public,867.5,0.0,0.0,0.0
76,November,public,867.5,0.0,0.0,0.0
76,December,public,1247.5,0.0,0.0,0.0
77,January,public,55.0,0.0,0.0,0.0
77,February,public,55.0,0.0,0.0,0.0
77,March,public,237.5,0.0,0.0,0.0
77,April,public,237.5,0.0,0.0,0.0
77,May,public,237.5,0.0,0.0,0.0
77,June,public,65.0,0.0,0.0,0.0
77,July,public,65.0,0.0,0.0,0.0
77,August,public,65.0,0.0,0.0,0.0
77,September,public,127.5,0.0,0.0,0.0
77,October,public,127.5,0.0,0.0,0.0
77,November,public,127.5,0.0,0.0,0.0
77,December,public,55.0,0.0,0.0,0.0
78,January,public,14.999999999999998,0.0,0.0,0.0
78,February,public,14.999999999999998,0.0,0.0,0.0
78,March,public,7.499999999999999,0.0,0.0,0.0
78,April,public,7.499999999999999,0.0,0.0,0.0
78,May,public,7.499999999999999,0.0,0.0,0.0
78,June,public,15.0,0.0,0.0,0.0
78,July,public,15.0,0.0,0.0,0.0
78,August,public,15.0,0.0,0.0,0.0
78,September,public,35.0,0.0,0.0,0.0
78,October,public,35.0,0.0,0.0,0.0
78,November,public,35.0,0.0,0.0,0.0
78,December,public,14.999999999999998,0.0,0.0,0.0
79,March,public,27.5,0.0,0.0,0.0
79,April,public,27.5,0.0,0.0,0.0
79,May,public,27.5,0.0,0.0,0.0
79,June,public,10.0,0.0,0.0,0.0
79,July,public,10.0,0.0,0.0,0.0
79,August,public,10.0,0.0,0.0,0.0
80,January,public,147.5,0.0,0.0,0.0
80,February,public,147.5,0.0,0.0,0.0
80,March,public,280.0,0.0,0.0,0.0
80,April,public,280.0,0.0,0.0,0.0
80,May,public,280.0,0.0,0.0,0.0
80,June,public,275.0,0.0,0.0,0.0
80,July,public,275.0,0.0,0.0,0.0
80,August,public,275.0,0.0,0.0,0.0
80,September,public,207.5,0.0,0.0,0.0
80,October,public,207.5,0.0,0.0,0.0
80,November,public,207.5,0.0,0.0,0.0
80,December,public,147.5,0.0,0.0,0.0
81,March,home,5.406724469949609,0.0,0.0,0.0
81,April,home,5.406724469949609,0.0,0.0,0.0
81,May,home,5.406724469949609,0.0,0.0,0.0
81,June,home,21.804837549686063,0.0,0.0,0.0
81,July,home,21.804837549686063,0.0,0.0,0.0
81,August,home,21.804837549686063,0.0,0.0,0.0
82,January,public,142.5,0.0,0.0,0.0
82,February,public,142.5,0.0,0.0,0.0
82,March,public,125.0,0.0,0.0,0.0
82,April,public,125.0,0.0,0.0,0.0
82,May,public,125.0,0.0,0.0,0.0
82,June,public,45.0,0.0,0.0,0.0
82,July,public,45.0,0.0,0.0,0.0
82,August,public,45.0,0.0,0.0,0.0
82,September,public,84.99999999999999,0.0,0.0,0.0
82,October,public,84.99999999999999,0.0,0.0,0.0
82,November,public,84.99999999999999,0.0,0.0,0.0
82,December,public,142.5,0.0,0.0,0.0
83,March,public,35.0,0.0,0.0,0.0
83,April,public,35.0,0.0,0.0,0.0
83,May,public,35.0,0.0,0.0,0.0
83,June,public,45.0,0.0,0.0,0.0
83,July,public,45.0,0.0,0.0,0.0
83,August,public,45.0,0.0,0.0,0.0
83,September,public,22.499999999999996,0.0,0.0,0.0
83,October,public,22.499999999999996,0.0,0.0,0.0
83,November,public,22.499999999999996,0.0,0.0,0.0
84,January,public,225.0,0.0,0.0,0.0
84,February,public,225.0,0.0,0.0,0.0
84,March,public,230.0,0.0,0.0,0.0
84,April,public,230.0,0.0,0.0,0.0
84,May,public,230.0,0.0,0.0,0.0
84,June,public,342.5,0.0,0.0,0.0
84,July,public,342.5,0.0,0.0,0.0
84,August,public,342.5,0.0,0.0,0.0
84,September,public,185.0,0.0,0.0,0.0
84,October,public,185.0,0.0,0.0,0.0
84,November,public,185.0,0.0,0.0,0.0
84,December,public,225.0,0.0,0.0,0.0
85,January,public,680.0,0.0,0.0,0.0
85,February,public,680.0,0.0,0.0,0.0
85,March,public,585.0,0.0,0.0,0.0
85,April,public,585.0,0.0,0.0,0.0
85,May,public,585.0,0.0,0.0,0.0
85,June,public,607.5,0.0,0.0,0.0
85,July,public,607.5,0.0,0.0,0.0
85,August,public,607.5,0.0,0.0,0.0
85,September,public,765.0,0.0,0.0,0.0
85,October,public,765.0,0.0,0.0,0.0
85,November,public,765.0,0.0,0.0,0.0
85,December,public,680.0,0.0,0.0,0.0
86,January,public,1188.1314168377824,0.0,0.0,0.0
86,February,public,1188.1314168377824,0.0,0.0,0.0
86,March,public,890.0,0.0,0.0,0.0
86,April,public,890.0,0.0,0.0,0.0
86,May,public,890.0,0.0,0.0,0.0
86,June,public,795.0,0.0,0.0,0.0
86,July,public,795.0,0.0,0.0,0.0
86,August,public,795.0,0.0,0.0,0.0
86,September,public,990.0,0.0,0.0,0.0
86,October,public,990.0,0.0,0.0,0.0
86,November,public,990.0,0.0,0.0,0.0
86,December,public,1188.1314168377824,0.0,0.0,0.0
87,January,public,275.0,0.0,0.0,0.0
87,February,public,275.0,0.0,0.0,0.0
87,March,public,260.0,0.0,0.0,0.0
87,April,public,260.0,0.0,0.0,0.0
87,May,public,260.0,0.0,0.0,0.0
87,June,public,167.5,0.0,0.0,0.0
87,July,public,167.5,0.0,0.0,0.0
87,August,public,167.5,0.0,0.0,0.0
87,September,public,212.5,0.0,0.0,0.0
87,October,public,212.5,0.0,0.0,0.0
87,November,public,212.5,0.0,0.0,0.0
87,December,public,275.0,0.0,0.0,0.0
88,January,public,800.0,0.0,0.0,0.0
88,February,public,800.0,0.0,0.0,0.0
88,March,public,625.0,0.0,0.0,0.0
88,April,public,625.0,0.0,0.0,0.0
88,May,public,625.0,0.0,0.0,0.0
88,June,public,647.5,0.0,0.0,0.0
88,July,public,647.5,0.0,0.0,0.0
88,August,public,647.5,0.0,0.0,0.0
88,September,public,525.0,0.0,0.0,0.0
88,October,public,525.0,0.0,0.0,0.0
88,November,public,525.0,0.0,0.0,0.0
88,December,public,800.0,0.0,0.0,0.0
89,January,public,1135.0,0.0,0.0,0.0
89,February,public,1135.0,0.0,0.0,0.0
89,March,public,980.0,0.0,0.0,0.0
89,April,public,980.0,0.0,0.0,0.0
89,May,public,980.0,0.0,0.0,0.0
89,June,public,907.5,0.0,0.0,0.0
89,July,public,907.5,0.0,0.0,0.0
89,August,public,907.5,0.0,0.0,0.0
89,September,public,632.5,0.0,0.0,0.0
89,October,public,632.5,0.0,0.0,0.0
89,November,public,632.5,0.0,0.0,0.0
89,December,public,1135.0,0.0,0.0,0.0
90,January,public,402.5,0.0,0.0,0.0
90,February,public,402.5,0.0,0.0,0.0
90,March,public,577.5,0.0,0.0,0.0
90,April,public,577.5,0.0,0.0,0.0
90,May,public,577.5,0.0,0.0,0.0
90,June,public,310.0,0.0,0.0,0.0
90,July,public,310.0,0.0,0.0,0.0
90,August,public,310.0,0.0,0.0,0.0
90,September,public,247.5,0.0,0.0,0.0
90,October,public,247.5,0.0,0.0,0.0
90,November,public,247.5,0.0,0.0,0.0
90,December,public,402.5,0.0,0.0,0.0
91,January,public,402.5,0.0,0.0,0.0
91,February,public,402.5,0.0,0.0,0.0
91,March,public,550.0,0.0,0.0,0.0
91,April,public,550.0,0.0,0.0,0.0
91,May,public,550.0,0.0,0.0,0.0
91,June,public,582.5,0.0,0.0,0.0
91,July,public,582.5,0.0,0.0,0.0
91,August,public,582.5,0.0,0.0,0.0
91,September,public,422.5,0.0,0.0,0.0
91,October,public,422.5,0.0,0.0,0.0
91,November,public,422.5,0.0,0.0,0.0
91,December,public,402.5,0.0,0.0,0.0
92,January,public,492.5,0.0,0.0,0.0
92,February,public,492.5,0.0,0.0,0.0
92,March,public,467.5,0.0,0.0,0.0
92,April,public,467.5,0.0,0.0,0.0
92,May,public,467.5,0.0,0.0,0.0
92,June,public,465.0,0.0,0.0,0.0
92,July,public,465.0,0.0,0.0,0.0
92,August,public,465.0,0.0,0.0,0.0
92,September,public,252.5,0.0,0.0,0.0
92,October,public,252.5,0.0,0.0,0.0
92,November,public,252.5,0.0,0.0,0.0
92,December,public,492.5,0.0,0.0,0.0
93,January,home,72.07928492453914,0.0,0.0,0.0
93,January,public,1292.5,0.0,0.0,0.0
93,February,home,72.07928492453914,0.0,0.0,0.0
93,February,public,1292.5,0.0,0.0,0.0
93,March,home,150.32849623952544,0.0,0.0,0.0
93,March,public,737.5,0.0,0.0,0.0
93,April,home,150.32849623952544,0.0,0.0,0.0
93,April,public,737.5,0.0,0.0,0.0
93,May,home,150.32849623952544,0.0,0.0,0.0
93,May,public,737.5,0.0,0.0,0.0
93,June,home,24.696791575380544,0.0,0.0,0.0
93,June,public,765.0,0.0,0.0,0.0
93,July,home,24.696791575380544,0.0,0.0,0.0
93,July,public,765.0,0.0,0.0,0.0
93,August,home,24.696791575380544,0.0,0.0,0.0
93,August,public,765.0,0.0,0.0,0.0
93,September,home,103.59358267456324,0.0,0.0,0.0
93,September,public,1037.5,0.0,0.0,0.0
93,October,home,103.59358267456324,0.0,0.0,0.0
93,October,public,1037.5,0.0,0.0,0.0
93,November,home,103.59358267456324,0.0,0.0,0.0
93,November,public,1037.5,0.0,0.0,0.0
93,December,home,72.07928492453914,0.0,0.0,0.0
93,December,public,1292.5,0.0,0.0,0.0
94,January,public,1265.0,0.0,0.0,0.0
94,February,public,1265.0,0.0,0.0,0.0
94,March,public,1062.5,0.0,0.0,0.0
94,April,public,1062.5,0.0,0.0,0.0
94,May,public,1062.5,0.0,0.0,0.0
94,June,public,737.5,0.0,0.0,0.0
94,July,public,737.5,0.0,0.0,0.0
94,August,public,737.5,0.0,0.0,0.0
94,September,public,977.5,0.0,0.0,0.0
94,October,public,977.5,0.0,0.0,0.0
94,November,public,977.5,0.0,0.0,0.0
94,December,public,1265.0,0.0,0.0,0.0
95,January,public,210.0,0.0,0.0,0.0
95,February,public,210.0,0.0,0.0,0.0
95,March,public,470.0,0.0,0.0,0.0
95,April,public,470.0,0.0,0.0,0.0
95,May,public,470.0,0.0,0.0,0.0
95,June,public,387.5,0.0,0.0,0.0
95,July,public,387.5,0.0,0.0,0.0
95,August,public,387.5,0.0,0.0,0.0
95,September,public,542.5,0.0,0.0,0.0
95,October,public,542.5,0.0,0.0,0.0
95,November,public,542.5,0.0,0.0,0.0
95,December,public,210.0,0.0,0.0,0.0
96,January,home,30.639992503660068,0.0,0.0,0.0
96,January,public,307.5,0.0,0.0,0.0
96,February,home,30.639992503660068,0.0,0.0,0.0
96,February,public,307.5,0.0,0.0,0.0
96,March,public,242.5,0.0,0.0,0.0
96,April,public,242.5,0.0,0.0,0.0
96,May,public,242.5,0.0,0.0,0.0
96,June,public,315.0,0.0,0.0,0.0
96,July,public,315.0,0.0,0.0,0.0
96,August,public,315.0,0.0,0.0,0.0
96,September,home,2.175909805474511,0.0,0.0,0.0
96,September,public,397.5,0.0,0.0,0.0
96,October,home,2.175909805474511,0.0,0.0,0.0
96,October,public,397.5,0.0,0.0,0.0
96,November,home,2.175909805474511,0.0,0.0,0.0
96,November,public,397.5,0.0,0.0,0.0
96,December,home,30.639992503660068,0.0,0.0,0.0
96,December,public,307.5,0.0,0.0,0.0
97,January,public,87.5,0.0,0.0,0.0
97,February,public,87.5,0.0,0.0,0.0
97,March,public,77.50000000000001,0.0,0.0,0.0
97,April,public,77.50000000000001,0.0,0.0,0.0
97,May,public,77.50000000000001,0.0,0.0,0.0
97,June,public,52.5,0.0,0.0,0.0
97,July,public,52.5,0.0,0.0,0.0
97,August,public,52.5,0.0,0.0,0.0
97,September,public,42.50000000000001,0.0,0.0,0.0
97,October,public,42.50000000000001,0.0,0.0,0.0
97,November,public,42.50000000000001,0.0,0.0,0.0
97,December,public,87.5,0.0,0.0,0.0
98,January,public,207.5,0.0,0.0,0.0
98,February,public,207.5,0.0,0.0,0.0
98,March,public,117.5,0.0,0.0,0.0
98,April,public,117.5,0.0,0.0,0.0
98,May,public,117.5,0.0,0.0,0.0
98,June,public,137.5,0.0,0.0,0.0
98,July,public,137.5,0.0,0.0,0.0
98,August,public,137.5,0.0,0.0,0.0
98,September,public,170.0,0.0,0.0,0.0
98,October,public,170.0,0.0,0.0,0.0
98,November,public,170.0,0.0,0.0,0.0
98,December,public,207.5,0.0,0.0,0.0
99,January,public,207.5,0.0,0.0,0.0
99,February,public,207.5,0.0,0.0,0.0
99,March,public,352.5,0.0,0.0,0.0
99,April,public,352.5,0.0,0.0,0.0
99,May,public,352.5,0.0,0.0,0.0
99,June,public,147.5,0.0,0.0,0.0
99,July,public,147.5,0.0,0.0,0.0
99,August,public,147.5,0.0,0.0,0.0
99,September,public,117.5,0.0,0.0,0.0
99,October,public,117.5,0.0,0.0,0.0
99,November,public,117.5,0.0,0.0,0.0
99,December,public,207.5,0.0,0.0,0.0
100,January,public,1010.0,0.0,0.0,0.0
100,February,public,1010.0,0.0,0.0,0.0
100,March,public,796.6195861184874,0.0,0.0,0.0
100,April,public,796.6195861184874,0.0,0.0,0.0
100,May,public,796.6195861184874,0.0,0.0,0.0
100,June,public,919.7138505931389,0.0,0.0,0.0
100,July,public,919.7138505931389,0.0,0.0,0.0
100,August,public,919.7138505931389,0.0,0.0,0.0
100,September,public,510.0,0.0,0.0,0.0
100,October,public,510.0,0.0,0.0,0.0
100,November,public,510.0,0.0,0.0,0.0
100,December,public,1010.0,0.0,0.0,0.0
101,January,home,140.11366689831877,0.0,0.0,0.0
101,February,home,140.11366689831877,0.0,0.0,0.0
101,March,home,102.74920258813296,0.0,0.0,0.0
101,March,public,22.5,0.0,0.0,0.0
101,April,home,102.74920258813296,0.0,0.0,0.0
101,April,public,22.5,0.0,0.0,0.0
101,May,home,102.74920258813296,0.0,0.0,0.0
101,May,public,22.5,0.0,0.0,0.0
101,June,home,141.66265557946303,0.0,0.0,0.0
101,June,public,15.0,0.0,0.0,0.0
101,July,home,141.66265557946303,0.0,0.0,0.0
101,July,public,15.0,0.0,0.0,0.0
101,August,home,141.66265557946303,0.0,0.0,0.0
101,August,public,15.0,0.0,0.0,0.0
101,September,home,136.55899627591566,0.0,0.0,0.0
101,September,public,42.49999999999999,0.0,0.0,0.0
101,October,home,136.55899627591566,0.0,0.0,0.0
101,October,public,42.49999999999999,0.0,0.0,0.0
101,November,home,136.55899627591566,0.0,0.0,0.0
101,November,public,42.49999999999999,0.0,0.0,0.0
101,December,home,140.11366689831877,0.0,0.0,0.0
103,January,public,19.999999999999996,0.0,0.0,0.0
103,February,public,19.999999999999996,0.0,0.0,0.0
103,March,public,40.0,0.0,0.0,0.0
103,April,public,40.0,0.0,0.0,0.0
103,May,public,40.0,0.0,0.0,0.0
103,September,public,12.5,0.0,0.0,0.0
103,October,public,12.5,0.0,0.0,0.0
103,November,public,12.5,0.0,0.0,0.0
103,December,public,19.999999999999996,0.0,0.0,0.0
105,January,public,70.0,0.0,0.0,0.0
105,February,public,70.0,0.0,0.0,0.0
105,June,public,110.0,0.0,0.0,0.0
105,July,public,110.0,0.0,0.0,0.0
105,August,public,110.0,0.0,0.0,0.0
105,September,public,45.0,0.0,0.0,0.0
105,October,public,45.0,0.0,0.0,0.0
105,November,public,45.0,0.0,0.0,0.0
105,December,public,70.0,0.0,0.0,0.0
106,June,public,45.0,0.0,0.0,0.0
106,July,public,45.0,0.0,0.0,0.0
106,August,public,45.0,0.0,0.0,0.0
106,September,public,15.0,0.0,0.0,0.0
106,October,public,15.0,0.0,0.0,0.0
106,November,public,15.0,0.0,0.0,0.0
107,January,public,305.35051966578357,0.0,0.0,0.0
107,February,public,305.35051966578357,0.0,0.0,0.0
107,March,public,627.5,0.0,0.0,0.0
107,April,public,627.5,0.0,0.0,0.0
107,May,public,627.5,0.0,0.0,0.0
107,June,public,573.5597553639462,0.0,0.0,0.0
107,July,public,573.5597553639462,0.0,0.0,0.0
107,August,public,573.5597553639462,0.0,0.0,0.0
107,September,public,447.5,0.0,0.0,0.0
107,October,public,447.5,0.0,0.0,0.0
107,November,public,447.5,0.0,0.0,0.0
107,December,public,305.35051966578357,0.0,0.0,0.0
108,January,public,480.0,0.0,0.0,0.0
108,February,public,480.0,0.0,0.0,0.0
108,March,public,390.0,0.0,0.0,0.0
108,April,public,390.0,0.0,0.0,0.0
108,May,public,390.0,0.0,0.0,0.0
108,June,public,530.0,0.0,0.0,0.0
108,July,public,530.0,0.0,0.0,0.0
108,August,public,530.0,0.0,0.0,0.0
108,September,public,645.0,0.0,0.0,0.0
108,October,public,645.0,0.0,0.0,0.0
108,November,public,645.0,0.0,0.0,0.0
108,December,public,480.0,0.0,0.0,0.0
109,January,public,225.0,0.0,0.0,0.0
109,February,public,225.0,0.0,0.0,0.0
109,March,public,200.0,0.0,0.0,0.0
109,April,public,200.0,0.0,0.0,0.0
109,May,public,200.0,0.0,0.0,0.0
109,June,public,107.5,0.0,0.0,0.0
109,July,public,107.5,0.0,0.0,0.0
109,August,public,107.5,0.0,0.0,0.0
109,September,public,255.0,0.0,0.0,0.0
109,October,public,255.0,0.0,0.0,0.0
109,November,public,255.0,0.0,0.0,0.0
109,December,public,225.0,0.0,0.0,0.0
110,January,public,1005.0,0.0,0.0,0.0
110,February,public,1005.0,0.0,0.0,0.0
110,March,public,1275.0,0.0,0.0,0.0
110,April,public,1275.0,0.0,0.0,0.0
110,May,public,1275.0,0.0,0.0,0.0
110,June,public,1130.0,0.0,0.0,0.0
110,July,public,1130.0,0.0,0.0,0.0
110,August,public,1130.0,0.0,0.0,0.0
110,September,public,1155.0,0.0,0.0,0.0
110,October,public,1155.0,0.0,0.0,0.0
110,November,public,1155.0,0.0,0.0,0.0
110,December,public,1005.0,0.0,0.0,0.0
111,January,public,1710.0,0.0,0.0,0.0
111,February,public,1710.0,0.0,0.0,0.0
111,March,public,1385.0,0.0,0.0,0.0
111,April,public,1385.0,0.0,0.0,0.0
111,May,public,1385.0,0.0,0.0,0.0
111,June,public,1222.5,0.0,0.0,0.0
111,July,public,1222.5,0.0,0.0,0.0
111,August,public,1222.5,0.0,0.0,0.0
111,September,public,1147.5,0.0,0.0,0.0
111,October,public,1147.5,0.0,0.0,0.0
111,November,public,1147.5,0.0,0.0,0.0
111,December,public,1710.0,0.0,0.0,0.0
112,January,public,430.0,0.0,0.0,0.0
112,February,public,430.0,0.0,0.0,0.0
112,March,public,600.0,0.0,0.0,0.0
112,April,public,600.0,0.0,0.0,0.0
112,May,public,600.0,0.0,0.0,0.0
112,June,public,807.5,0.0,0.0,0.0
112,July,public,807.5,0.0,0.0,0.0
112,August,public,807.5,0.0,0.0,0.0
112,September,public,590.0,0.0,0.0,0.0
112,October,public,590.0,0.0,0.0,0.0
112,November,public,590.0,0.0,0.0,0.0
112,December,public,430.0,0.0,0.0,0.0
113,January,public,975.0,0.0,0.0,0.0
113,February,public,975.0,0.0,0.0,0.0
113,March,public,795.0,0.0,0.0,0.0
113,April,public,795.0,0.0,0.0,0.0
113,May,public,795.0,0.0,0.0,0.0
113,June,public,942.5,0.0,0.0,0.0
113,July,public,942.5,0.0,0.0,0.0
113,August,public,942.5,0.0,0.0,0.0
113,September,public,812.5,0.0,0.0,0.0
113,October,public,812.5,0.0,0.0,0.0
113,November,public,812.5,0.0,0.0,0.0
113,December,public,975.0,0.0,0.0,0.0
114,January,public,685.0,0.0,0.0,0.0
114,February,public,685.0,0.0,0.0,0.0
114,March,public,887.5,0.0,0.0,0.0
114,April,public,887.5,0.0,0.0,0.0
114,May,public,887.5,0.0,0.0,0.0
114,June,public,567.5,0.0,0.0,0.0
114,July,public,567.5,0.0,0.0,0.0
114,August,public,567.5,0.0,0.0,0.0
114,September,public,812.5,0.0,0.0,0.0
114,October,public,812.5,0.0,0.0,0.0
114,November,public,812.5,0.0,0.0,0.0
114,December,public,685.0,0.0,0.0,0.0
115,January,public,707.5,0.0,0.0,0.0
115,February,public,707.5,0.0,0.0,0.0
115,March,public,570.0,0.0,0.0,0.0
115,April,public,570.0,0.0,0.0,0.0
115,May,public,570.0,0.0,0.0,0.0
115,June,public,565.0,0.0,0.0,0.0
115,July,public,565.0,0.0,0.0,0.0
115,August,public,565.0,0.0,0.0,0.0
115,September,public,625.0,0.0,0.0,0.0
115,October,public,625.0,0.0,0.0,0.0
115,November,public,625.0,0.0,0.0,0.0
115,December,public,707.5,0.0,0.0,0.0
116,January,public,20.0,0.0,0.0,0.0
116,February,public,20.0,0.0,0.0,0.0
116,March,public,57.5,0.0,0.0,0.0
116,April,public,57.5,0.0,0.0,0.0
116,May,public,57.5,0.0,0.0,0.0
116,June,public,197.5,0.0,0.0,0.0
116,July,public,197.5,0.0,0.0,0.0
116,August,public,197.5,0.0,0.0,0.0
116,September,public,80.0,0.0,0.0,0.0
116,October,public,80.0,0.0,0.0,0.0
116,November,public,80.0,0.0,0.0,0.0
116,December,public,20.0,0.0,0.0,0.0
117,January,public,875.0,0.0,0.0,0.0
117,February,public,875.0,0.0,0.0,0.0
117,March,public,492.5,0.0,0.0,0.0
117,April,public,492.5,0.0,0.0,0.0
117,May,public,492.5,0.0,0.0,0.0
117,June,public,497.5,0.0,0.0,0.0
117,July,public,497.5,0.0,0.0,0.0
117,August,public,497.5,0.0,0.0,0.0
117,September,public,560.0,0.0,0.0,0.0
117,October,public,560.0,0.0,0.0,0.0
117,November,public,560.0,0.0,0.0,0.0
117,December,public,875.0,0.0,0.0,0.0
118,January,public,1529.7856553998352,0.0,0.0,0.0
118,February,public,1529.7856553998352,0.0,0.0,0.0
118,March,public,1457.5,0.0,0.0,0.0
118,April,public,1457.5,0.0,0.0,0.0
118,May,public,1457.5,0.0,0.0,0.0
118,June,public,1357.5,0.0,0.0,0.0
118,July,public,1357.5,0.0,0.0,0.0
118,August,public,1357.5,0.0,0.0,0.0
118,September,public,1450.0,0.0,0.0,0.0
118,October,public,1450.0,0.0,0.0,0.0
118,November,public,1450.0,0.0,0.0,0.0
118,December,public,1529.7856553998352,0.0,0.0,0.0
119,January,public,462.5,0.0,0.0,0.0
119,February,public,462.5,0.0,0.0,0.0
119,March,public,497.5,0.0,0.0,0.0
119,April,public,497.5,0.0,0.0,0.0
119,May,public,497.5,0.0,0.0,0.0
119,June,public,377.5,0.0,0.0,0.0
119,July,public,377.5,0.0,0.0,0.0
119,August,public,377.5,0.0,0.0,0.0
119,September,public,385.0,0.0,0.0,0.0
119,October,public,385.0,0.0,0.0,0.0
119,November,public,385.0,0.0,0.0,0.0
119,December,public,462.5,0.0,0.0,0.0
120,January,public,230.0,0.0,0.0,0.0
120,February,public,230.0,0.0,0.0,0.0
120,March,public,385.0,0.0,0.0,0.0
120,April,public,385.0,0.0,0.0,0.0
120,May,public,385.0,0.0,0.0,0.0
120,June,public,240.0,0.0,0.0,0.0
120,July,public,240.0,0.0,0.0,0.0
120,August,public,240.0,0.0,0.0,0.0
120,September,public,195.0,0.0,0.0,0.0
120,October,public,195.0,0.0,0.0,0.0
120,November,public,195.0,0.0,0.0,0.0
120,December,public,230.0,0.0,0.0,0.0
123,January,public,479.99999999999994,0.0,0.0,0.0
123,February,public,479.99999999999994,0.0,0.0,0.0
123,March,public,460.0,0.0,0.0,0.0
123,April,public,460.0,0.0,0.0,0.0
123,May,public,460.0,0.0,0.0,0.0
123,June,public,465.0,0.0,0.0,0.0
123,July,public,465.0,0.0,0.0,0.0
123,August,public,465.0,0.0,0.0,0.0
123,September,public,602.5,0.0,0.0,0.0
123,October,public,602.5,0.0,0.0,0.0
123,November,public,602.5,0.0,0.0,0.0
123,December,public,479.99999999999994,0.0,0.0,0.0
124,January,public,190.0,0.0,0.0,0.0
124,February,public,190.0,0.0,0.0,0.0
124,March,public,360.0,0.0,0.0,0.0
124,April,public,360.0,0.0,0.0,0.0
124,May,public,360.0,0.0,0.0,0.0
124,June,public,285.0,0.0,0.0,0.0
124,July,public,285.0,0.0,0.0,0.0
124,August,public,285.0,0.0,0.0,0.0
124,September,home,11.288562180444245,0.0,0.0,0.0
124,September,public,175.0,0.0,0.0,0.0
124,October,home,11.288562180444245,0.0,0.0,0.0
124,October,public,175.0,0.0,0.0,0.0
124,November,home,11.288562180444245,0.0,0.0,0.0
124,November,public,175.0,0.0,0.0,0.0
124,December,public,190.0,0.0,0.0,0.0
125,January,public,770.0,0.0,0.0,0.0
125,February,public,770.0,0.0,0.0,0.0
125,March,public,795.0,0.0,0.0,0.0
125,April,public,795.0,0.0,0.0,0.0
125,May,public,795.0,0.0,0.0,0.0
125,June,public,745.0,0.0,0.0,0.0
125,July,public,745.0,0.0,0.0,0.0
125,August,public,745.0,0.0,0.0,0.0
125,September,public,655.0,0.0,0.0,0.0
125,October,public,655.0,0.0,0.0,0.0
125,November,public,655.0,0.0,0.0,0.0
125,December,public,770.0,0.0,0.0,0.0
126,January,home,292.45330331196726,0.0,0.0,0.0
126,January,public,742.5,0.0,0.0,0.0
126,February,home,292.45330331196726,0.0,0.0,0.0
126,February,public,742.5,0.0,0.0,0.0
126,March,home,333.02173648683447,0.0,0.0,0.0
126,March,public,610.0,0.0,0.0,0.0
126,April,home,333.02173648683447,0.0,0.0,0.0
126,April,public,610.0,0.0,0.0,0.0
126,May,home,333.02173648683447,0.0,0.0,0.0
126,May,public,610.0,0.0,0.0,0.0
126,June,home,445.7091538766881,0.0,0.0,0.0
126,June,public,665.0,0.0,0.0,0.0
126,July,home,445.7091538766881,0.0,0.0,0.0
126,July,public,665.0,0.0,0.0,0.0
126,August,home,445.7091538766881,0.0,0.0,0.0
126,August,public,665.0,0.0,0.0,0.0
126,September,home,321.8434832279044,0.0,0.0,0.0
126,September,public,457.5,0.0,0.0,0.0
126,October,home,321.8434832279044,0.0,0.0,0.0
126,October,public,457.5,0.0,0.0,0.0
126,November,home,321.8434832279044,0.0,0.0,0.0
126,November,public,457.5,0.0,0.0,0.0
126,December,home,292.45330331196726,0.0,0.0,0.0
126,December,public,742.5,0.0,0.0,0.0
127,January,home,506.9981344861882,0.0,0.0,0.0
127,January,public,450.0,0.0,0.0,0.0
127,February,home,506.9981344861882,0.0,0.0,0.0
127,February,public,450.0,0.0,0.0,0.0
127,March,home,616.7038643823936,0.0,0.0,0.0
127,March,public,415.0,0.0,0.0,0.0
127,April,home,616.7038643823936,0.0,0.0,0.0
127,April,public,415.0,0.0,0.0,0.0
127,May,home,616.7038643823936,0.0,0.0,0.0
127,May,public,415.0,0.0,0.0,0.0
127,June,home,660.6701926125354,0.0,0.0,0.0
127,June,public,483.44660194174753,0.0,0.0,0.0
127,July,home,660.6701926125354,0.0,0.0,0.0
127,July,public,483.44660194174753,0.0,0.0,0.0
127,August,home,660.6701926125354,0.0,0.0,0.0
127,August,public,483.44660194174753,0.0,0.0,0.0
127,September,home,434.10795817729206,0.0,0.0,0.0
127,September,public,510.0,0.0,0.0,0.0
127,October,home,434.10795817729206,0.0,0.0,0.0
127,October,public,510.0,0.0,0.0,0.0
127,November,home,434.10795817729206,0.0,0.0,0.0
127,November,public,510.0,0.0,0.0,0.0
127,December,home,506.9981344861882,0.0,0.0,0.0
127,December,public,450.0,0.0,0.0,0.0
128,January,home,79.94581472383285,0.0,0.0,0.0
128,January,public,42.50000000000001,0.0,0.0,0.0
128,February,home,79.94581472383285,0.0,0.0,0.0
128,February,public,42.50000000000001,0.0,0.0,0.0
128,March,home,7.072449242022408,0.0,0.0,0.0
128,March,public,27.5,0.0,0.0,0.0
128,April,home,7.072449242022408,0.0,0.0,0.0
128,April,public,27.5,0.0,0.0,0.0
128,May,home,7.072449242022408,0.0,0.0,0.0
128,May,public,27.5,0.0,0.0,0.0
128,June,home,44.278732643235145,0.0,0.0,0.0
128,July,home,44.278732643235145,0.0,0.0,0.0
128,August,home,44.278732643235145,0.0,0.0,0.0
128,September,home,69.62794328986143,0.0,0.0,0.0
128,September,public,37.5,0.0,0.0,0.0
128,October,home,69.62794328986143,0.0,0.0,0.0
128,October,public,37.5,0.0,0.0,0.0
128,November,home,69.62794328986143,0.0,0.0,0.0
128,November,public,37.5,0.0,0.0,0.0
128,December,home,79.94581472383285,0.0,0.0,0.0
128,December,public,42.50000000000001,0.0,0.0,0.0
129,January,public,57.5,0.0,0.0,0.0
129,February,public,57.5,0.0,0.0,0.0
129,March,public,87.5,0.0,0.0,0.0
129,April,public,87.5,0.0,0.0,0.0
129,May,public,87.5,0.0,0.0,0.0
129,June,public,82.76010730024909,0.0,0.0,0.0
129,July,public,82.76010730024909,0.0,0.0,0.0
129,August,public,82.76010730024909,0.0,0.0,0.0
129,September,public,137.5,0.0,0.0,0.0
129,October,public,137.5,0.0,0.0,0.0
129,November,public,137.5,0.0,0.0,0.0
129,December,public,57.5,0.0,0.0,0.0
130,January,public,55.00000000000001,0.0,0.0,0.0
130,February,public,55.00000000000001,0.0,0.0,0.0
130,June,public,27.500000000000004,0.0,0.0,0.0
130,July,public,27.500000000000004,0.0,0.0,0.0
130,August,public,27.500000000000004,0.0,0.0,0.0
130,December,public,55.00000000000001,0.0,0.0,0.0
131,January,public,105.00000000000003,0.0,0.0,0.0
131,February,public,105.00000000000003,0.0,0.0,0.0
131,March,public,82.5,0.0,0.0,0.0
131,April,public,82.5,0.0,0.0,0.0
131,May,public,82.5,0.0,0.0,0.0
131,June,public,95.0,0.0,0.0,0.0
131,July,public,95.0,0.0,0.0,0.0
131,August,public,95.0,0.0,0.0,0.0
131,September,public,207.49999999999997,0.0,0.0,0.0
131,October,public,207.49999999999997,0.0,0.0,0.0
131,November,public,207.49999999999997,0.0,0.0,0.0
131,December,public,105.00000000000003,0.0,0.0,0.0
132,January,public,25.0,0.0,0.0,0.0
132,February,public,25.0,0.0,0.0,0.0
132,March,public,17.5,0.0,0.0,0.0
132,April,public,17.5,0.0,0.0,0.0
132,May,public,17.5,0.0,0.0,0.0
132,June,public,25.0,0.0,0.0,0.0
132,July,public,25.0,0.0,0.0,0.0
132,August,public,25.0,0.0,0.0,0.0
132,December,public,25.0,0.0,0.0,0.0
133,January,public,607.5,0.0,0.0,0.0
133,February,public,607.5,0.0,0.0,0.0
133,March,public,580.0,0.0,0.0,0.0
133,April,public,580.0,0.0,0.0,0.0
133,May,public,580.0,0.0,0.0,0.0
133,June,public,525.0,0.0,0.0,0.0
133,July,public,525.0,0.0,0.0,0.0
133,August,public,525.0,0.0,0.0,0.0
133,September,public,515.0,0.0,0.0,0.0
133,October,public,515.0,0.0,0.0,0.0
133,November,public,515.0,0.0,0.0,0.0
133,December,public,607.5,0.0,0.0,0.0
134,January,public,877.5,0.0,0.0,0.0
134,February,public,877.5,0.0,0.0,0.0
134,March,public,1257.5,0.0,0.0,0.0
134,April,public,1257.5,0.0,0.0,0.0
134,May,public,1257.5,0.0,0.0,0.0
134,June,public,987.0324389267121,0.0,0.0,0.0
134,July,public,987.0324389267121,0.0,0.0,0.0
134,August,public,987.0324389267121,0.0,0.0,0.0
134,September,home,13.739683476042273,0.0,0.0,0.0
134,September,public,932.5,0.0,0.0,0.0
134,October,home,13.739683476042273,0.0,0.0,0.0
134,October,public,932.5,0.0,0.0,0.0
134,November,home,13.739683476042273,0.0,0.0,0.0
134,November,public,932.5,0.0,0.0,0.0
134,December,public,877.5,0.0,0.0,0.0
135,January,home,203.5541878382529,0.0,0.0,0.0
135,January,public,1383.2495213424936,0.0,0.0,0.0
135,February,home,203.5541878382529,0.0,0.0,0.0
135,February,public,1383.2495213424936,0.0,0.0,0.0
135,March,home,129.86685895079768,0.0,0.0,0.0
135,March,public,1562.5,0.0,0.0,0.0
135,April,home,129.86685895079768,0.0,0.0,0.0
135,April,public,1562.5,0.0,0.0,0.0
135,May,home,129.86685895079768,0.0,0.0,0.0
135,May,public,1562.5,0.0,0.0,0.0
135,June,home,29.101621291444168,0.0,0.0,0.0
135,June,public,1602.5,0.0,0.0,0.0
135,July,home,29.101621291444168,0.0,0.0,0.0
135,July,public,1602.5,0.0,0.0,0.0
135,August,home,29.101621291444168,0.0,0.0,0.0
135,August,public,1602.5,0.0,0.0,0.0
135,September,home,140.44258313093738,0.0,0.0,0.0
135,September,public,1342.5,0.0,0.0,0.0
135,October,home,140.44258313093738,0.0,0.0,0.0
135,October,public,1342.5,0.0,0.0,0.0
135,November,home,140.44258313093738,0.0,0.0,0.0
135,November,public,1342.5,0.0,0.0,0.0
135,December,home,203.5541878382529,0.0,0.0,0.0
135,December,public,1383.2495213424936,0.0,0.0,0.0
136,January,public,260.0,0.0,0.0,0.0
136,February,public,260.0,0.0,0.0,0.0
136,March,home,113.36571086039025,0.0,0.0,0.0
136,March,public,397.5,0.0,0.0,0.0
136,April,home,113.36571086039025,0.0,0.0,0.0
136,April,public,397.5,0.0,0.0,0.0
136,May,home,113.36571086039025,0.0,0.0,0.0
136,May,public,397.5,0.0,0.0,0.0
136,June,public,512.5,0.0,0.0,0.0
136,July,public,512.5,0.0,0.0,0.0
136,August,public,512.5,0.0,0.0,0.0
136,September,public,287.5,0.0,0.0,0.0
136,October,public,287.5,0.0,0.0,0.0
136,November,public,287.5,0.0,0.0,0.0
136,December,public,260.0,0.0,0.0,0.0
137,January,public,382.5,0.0,0.0,0.0
137,February,public,382.5,0.0,0.0,0.0
137,March,public,452.5,0.0,0.0,0.0
137,April,public,452.5,0.0,0.0,0.0
137,May,public,452.5,0.0,0.0,0.0
137,June,public,292.5,0.0,0.0,0.0
137,July,public,292.5,0.0,0.0,0.0
137,August,public,292.5,0.0,0.0,0.0
137,September,public,340.0,0.0,0.0,0.0
137,October,public,340.0,0.0,0.0,0.0
137,November,public,340.0,0.0,0.0,0.0
137,December,public,382.5,0.0,0.0,0.0
138,January,public,920.0,0.0,0.0,0.0
138,February,public,920.0,0.0,0.0,0.0
138,March,public,817.5,0.0,0.0,0.0
138,April,public,817.5,0.0,0.0,0.0
138,May,public,817.5,0.0,0.0,0.0
138,June,public,677.5,0.0,0.0,0.0
138,July,public,677.5,0.0,0.0,0.0
138,August,public,677.5,0.0,0.0,0.0
138,September,public,602.5,0.0,0.0,0.0
138,October,public,602.5,0.0,0.0,0.0
138,November,public,602.5,0.0,0.0,0.0
138,December,public,920.0,0.0,0.0,0.0
139,January,public,550.0,0.0,0.0,0.0
139,February,public,550.0,0.0,0.0,0.0
139,March,public,645.0,0.0,0.0,0.0
139,April,public,645.0,0.0,0.0,0.0
139,May,public,645.0,0.0,0.0,0.0
139,June,public,880.0,0.0,0.0,0.0
139,July,public,880.0,0.0,0.0,0.0
139,August,public,880.0,0.0,0.0,0.0
139,September,public,787.5,0.0,0.0,0.0
139,October,public,787.5,0.0,0.0,0.0
139,November,public,787.5,0.0,0.0,0.0
139,December,public,550.0,0.0,0.0,0.0
140,January,public,165.0,0.0,0.0,0.0
140,February,public,165.0,0.0,0.0,0.0
140,March,public,40.0,0.0,0.0,0.0
140,April,public,40.0,0.0,0.0,0.0
140,May,public,40.0,0.0,0.0,0.0
140,June,public,112.5,0.0,0.0,0.0
140,July,public,112.5,0.0,0.0,0.0
140,August,public,112.5,0.0,0.0,0.0
140,September,public,120.0,0.0,0.0,0.0
140,October,public,120.0,0.0,0.0,0.0
140,November,public,120.0,0.0,0.0,0.0
140,December,public,165.0,0.0,0.0,0.0
141,January,public,552.5,0.0,0.0,0.0
141,February,public,552.5,0.0,0.0,0.0
141,March,public,615.0,0.0,0.0,0.0
141,April,public,615.0,0.0,0.0,0.0
141,May,public,615.0,0.0,0.0,0.0
141,June,public,467.5,0.0,0.0,0.0
141,July,public,467.5,0.0,0.0,0.0
141,August,public,467.5,0.0,0.0,0.0
141,September,public,477.5,0.0,0.0,0.0
141,October,public,477.5,0.0,0.0,0.0
141,November,public,477.5,0.0,0.0,0.0
141,December,public,552.5,0.0,0.0,0.0
142,January,public,1723.683648566199,0.0,0.0,0.0
142,February,public,1723.683648566199,0.0,0.0,0.0
142,March,public,1565.0,0.0,0.0,0.0
142,April,public,1565.0,0.0,0.0,0.0
142,May,public,1565.0,0.0,0.0,0.0
142,June,public,1620.815244203256,0.0,0.0,0.0
142,July,public,1620.815244203256,0.0,0.0,0.0
142,August,public,1620.815244203256,0.0,0.0,0.0
142,September,public,1587.5,0.0,0.0,0.0
142,October,public,1587.5,0.0,0.0,0.0
142,November,public,1587.5,0.0,0.0,0.0
142,December,public,1723.683648566199,0.0,0.0,0.0
143,January,home,13.792343839771767,0.0,0.0,0.0
143,January,public,945.0,0.0,0.0,0.0
143,February,home,13.792343839771767,0.0,0.0,0.0
143,February,public,945.0,0.0,0.0,0.0
143,March,home,5.486722290895187,0.0,0.0,0.0
143,March,public,855.0,0.0,0.0,0.0
143,April,home,5.486722290895187,0.0,0.0,0.0
143,April,public,855.0,0.0,0.0,0.0
143,May,home,5.486722290895187,0.0,0.0,0.0
143,May,public,855.0,0.0,0.0,0.0
143,June,public,1087.5,0.0,0.0,0.0
143,July,public,1087.5,0.0,0.0,0.0
143,August,public,1087.5,0.0,0.0,0.0
143,September,public,845.0,0.0,0.0,0.0
143,October,public,845.0,0.0,0.0,0.0
143,November,public,845.0,0.0,0.0,0.0
143,December,home,13.792343839771767,0.0,0.0,0.0
143,December,public,945.0,0.0,0.0,0.0
144,January,public,297.27447216890596,0.0,0.0,0.0
144,February,public,297.27447216890596,0.0,0.0,0.0
144,March,public,460.0,0.0,0.0,0.0
144,April,public,460.0,0.0,0.0,0.0
144,May,public,460.0,0.0,0.0,0.0
144,June,public,189.99999999999997,0.0,0.0,0.0
144,July,public,189.99999999999997,0.0,0.0,0.0
144,August,public,189.99999999999997,0.0,0.0,0.0
144,September,public,305.0,0.0,0.0,0.0
144,October,public,305.0,0.0,0.0,0.0
144,November,public,305.0,0.0,0.0,0.0
144,December,public,297.27447216890596,0.0,0.0,0.0
145,March,public,9.999999999999998,0.0,0.0,0.0
145,April,public,9.999999999999998,0.0,0.0,0.0
145,May,public,9.999999999999998,0.0,0.0,0.0
146,January,public,2.4999999999999996,0.0,0.0,0.0
146,February,public,2.4999999999999996,0.0,0.0,0.0
146,March,public,67.49999999999999,0.0,0.0,0.0
146,April,public,67.49999999999999,0.0,0.0,0.0
146,May,public,67.49999999999999,0.0,0.0,0.0
146,June,public,67.49999999999999,0.0,0.0,0.0
146,July,public,67.49999999999999,0.0,0.0,0.0
146,August,public,67.49999999999999,0.0,0.0,0.0
146,September,public,102.5,0.0,0.0,0.0
146,October,public,102.5,0.0,0.0,0.0
146,November,public,102.5,0.0,0.0,0.0
146,December,public,2.4999999999999996,0.0,0.0,0.0
148,January,home,139.10643489645128,0.0,0.0,0.0
148,January,public,677.5,0.0,0.0,0.0
148,February,home,139.10643489645128,0.0,0.0,0.0
148,February,public,677.5,0.0,0.0,0.0
148,March,home,155.89281009984796,0.0,0.0,0.0
148,March,public,817.5,0.0,0.0,0.0
148,April,home,155.89281009984796,0.0,0.0,0.0
148,April,public,817.5,0.0,0.0,0.0
148,May,home,155.89281009984796,0.0,0.0,0.0
148,May,public,817.5,0.0,0.0,0.0
148,June,home,78.96198576517038,0.0,0.0,0.0
148,June,public,797.5,0.0,0.0,0.0
148,July,home,78.96198576517038,0.0,0.0,0.0
148,July,public,797.5,0.0,0.0,0.0
148,August,home,78.96198576517038,0.0,0.0,0.0
148,August,public,797.5,0.0,0.0,0.0
148,September,home,83.74116616552735,0.0,0.0,0.0
148,September,public,535.0,0.0,0.0,0.0
148,October,home,83.74116616552735,0.0,0.0,0.0
148,October,public,535.0,0.0,0.0,0.0
148,November,home,83.74116616552735,0.0,0.0,0.0
148,November,public,535.0,0.0,0.0,0.0
148,December,home,139.10643489645128,0.0,0.0,0.0
148,December,public,677.5,0.0,0.0,0.0
149,January,home,108.30359485689877,0.0,0.0,0.0
149,January,public,705.0,0.0,0.0,0.0
149,February,home,108.30359485689877,0.0,0.0,0.0
149,February,public,705.0,0.0,0.0,0.0
149,March,home,101.40610123744074,0.0,0.0,0.0
149,March,public,622.5,0.0,0.0,0.0
149,April,home,101.40610123744074,0.0,0.0,0.0
149,April,public,622.5,0.0,0.0,0.0
149,May,home,101.40610123744074,0.0,0.0,0.0
149,May,public,622.5,0.0,0.0,0.0
149,June,home,128.33738155022746,0.0,0.0,0.0
149,June,public,470.0,0.0,0.0,0.0
149,July,home,128.33738155022746,0.0,0.0,0.0
149,July,public,470.0,0.0,0.0,0.0
149,August,home,128.33738155022746,0.0,0.0,0.0
149,August,public,470.0,0.0,0.0,0.0
149,September,home,131.62885144337343,0.0,0.0,0.0
149,September,public,697.5,0.0,0.0,0.0
149,October,home,131.62885144337343,0.0,0.0,0.0
149,October,public,697.5,0.0,0.0,0.0
149,November,home,131.62885144337343,0.0,0.0,0.0
149,November,public,697.5,0.0,0.0,0.0
149,December,home,108.30359485689877,0.0,0.0,0.0
149,December,public,705.0,0.0,0.0,0.0
150,January,home,87.48252248796695,0.0,0.0,0.0
150,January,public,205.0,0.0,0.0,0.0
150,February,home,87.48252248796695,0.0,0.0,0.0
150,February,public,205.0,0.0,0.0,0.0
150,March,home,80.11382502465042,0.0,0.0,0.0
150,March,public,202.49999999999997,0.0,0.0,0.0
150,April,home,80.11382502465042,0.0,0.0,0.0
150,April,public,202.49999999999997,0.0,0.0,0.0
150,May,home,80.11382502465042,0.0,0.0,0.0
150,May,public,202.49999999999997,0.0,0.0,0.0
150,June,home,215.8516644297351,0.0,0.0,0.0
150,June,public,172.5,0.0,0.0,0.0
150,July,home,215.8516644297351,0.0,0.0,0.0
150,July,public,172.5,0.0,0.0,0.0
150,August,home,215.8516644297351,0.0,0.0,0.0
150,August,public,172.5,0.0,0.0,0.0
150,September,home,53.59676122657978,0.0,0.0,0.0
150,September,public,77.5,0.0,0.0,0.0
150,October,home,53.59676122657978,0.0,0.0,0.0
150,October,public,77.5,0.0,0.0,0.0
150,November,home,53.59676122657978,0.0,0.0,0.0
150,November,public,77.5,0.0,0.0,0.0
150,December,home,87.48252248796695,0.0,0.0,0.0
150,December,public,205.0,0.0,0.0,0.0
151,January,public,152.5,0.0,0.0,0.0
151,February,public,152.5,0.0,0.0,0.0
151,March,public,152.5,0.0,0.0,0.0
151,April,public,152.5,0.0,0.0,0.0
151,May,public,152.5,0.0,0.0,0.0
151,June,public,235.0,0.0,0.0,0.0
151,July,public,235.0,0.0,0.0,0.0
151,August,public,235.0,0.0,0.0,0.0
151,September,public,132.5,0.0,0.0,0.0
151,October,public,132.5,0.0,0.0,0.0
151,November,public,132.5,0.0,0.0,0.0
151,December,public,152.5,0.0,0.0,0.0
152,January,public,682.5,0.0,0.0,0.0
152,February,public,682.5,0.0,0.0,0.0
152,March,public,500.0,0.0,0.0,0.0
152,April,public,500.0,0.0,0.0,0.0
152,May,public,500.0,0.0,0.0,0.0
152,June,public,562.4852071005918,0.0,0.0,0.0
152,July,public,562.4852071005918,0.0,0.0,0.0
152,August,public,562.4852071005918,0.0,0.0,0.0
152,September,public,747.5,0.0,0.0,0.0
152,October,public,747.5,0.0,0.0,0.0
152,November,public,747.5,0.0,0.0,0.0
152,December,public,682.5,0.0,0.0,0.0
153,January,public,177.5,0.0,0.0,0.0
153,February,public,177.5,0.0,0.0,0.0
153,March,public,437.5,0.0,0.0,0.0
153,April,public,437.5,0.0,0.0,0.0
153,May,public,437.5,0.0,0.0,0.0
153,June,public,400.0,0.0,0.0,0.0
153,July,public,400.0,0.0,0.0,0.0
153,August,public,400.0,0.0,0.0,0.0
153,September,public,522.5,0.0,0.0,0.0
153,October,public,522.5,0.0,0.0,0.0
153,November,public,522.5,0.0,0.0,0.0
153,December,public,177.5,0.0,0.0,0.0
154,January,public,472.5,0.0,0.0,0.0
154,February,public,472.5,0.0,0.0,0.0
154,March,public,512.5,0.0,0.0,0.0
154,April,public,512.5,0.0,0.0,0.0
154,May,public,512.5,0.0,0.0,0.0
154,June,public,500.0,0.0,0.0,0.0
154,July,public,500.0,0.0,0.0,0.0
154,August,public,500.0,0.0,0.0,0.0
154,September,public,350.0,0.0,0.0,0.0
154,October,public,350.0,0.0,0.0,0.0
154,November,public,350.0,0.0,0.0,0.0
154,December,public,472.5,0.0,0.0,0.0
155,January,public,345.76155599513277,0.0,0.0,0.0
155,February,public,345.76155599513277,0.0,0.0,0.0
155,March,public,330.0,0.0,0.0,0.0
155,April,public,330.0,0.0,0.0,0.0
155,May,public,330.0,0.0,0.0,0.0
155,June,public,330.00239387168847,0.0,0.0,0.0
155,July,public,330.00239387168847,0.0,0.0,0.0
155,August,public,330.00239387168847,0.0,0.0,0.0
155,September,public,360.0,0.0,0.0,0.0
155,October,public,360.0,0.0,0.0,0.0
155,November,public,360.0,0.0,0.0,0.0
155,December,public,345.76155599513277,0.0,0.0,0.0
156,January,public,2372.5,0.0,0.0,0.0
156,February,public,2372.5,0.0,0.0,0.0
156,March,public,2667.5,0.0,0.0,0.0
156,April,public,2667.5,0.0,0.0,0.0
156,May,public,2667.5,0.0,0.0,0.0
156,June,public,2260.0,0.0,0.0,0.0
156,July,public,2260.0,0.0,0.0,0.0
156,August,public,2260.0,0.0,0.0,0.0
156,September,home,20.7542780119672,0.0,0.0,0.0
156,September,public,2402.5,0.0,0.0,0.0
156,October,home,20.7542780119672,0.0,0.0,0.0
156,October,public,2402.5,0.0,0.0,0.0
156,November,home,20.7542780119672,0.0,0.0,0.0
156,November,public,2402.5,0.0,0.0,0.0
156,December,public,2372.5,0.0,0.0,0.0
157,January,public,730.0,0.0,0.0,0.0
157,February,public,730.0,0.0,0.0,0.0
157,March,public,630.0,0.0,0.0,0.0
157,April,public,630.0,0.0,0.0,0.0
157,May,public,630.0,0.0,0.0,0.0
157,June,public,572.5,0.0,0.0,0.0
157,July,public,572.5,0.0,0.0,0.0
157,August,public,572.5,0.0,0.0,0.0
157,September,public,495.0,0.0,0.0,0.0
157,October,public,495.0,0.0,0.0,0.0
157,November,public,495.0,0.0,0.0,0.0
157,December,public,730.0,0.0,0.0,0.0
158,January,public,25.000000000000004,0.0,0.0,0.0
158,February,public,25.000000000000004,0.0,0.0,0.0
158,March,public,57.49999999999999,0.0,0.0,0.0
158,April,public,57.49999999999999,0.0,0.0,0.0
158,May,public,57.49999999999999,0.0,0.0,0.0
158,June,public,67.5,0.0,0.0,0.0
158,July,public,67.5,0.0,0.0,0.0
158,August,public,67.5,0.0,0.0,0.0
158,December,public,25.000000000000004,0.0,0.0,0.0
159,January,public,1105.0,0.0,0.0,0.0
159,February,public,1105.0,0.0,0.0,0.0
159,March,public,1177.5,0.0,0.0,0.0
159,April,public,1177.5,0.0,0.0,0.0
159,May,public,1177.5,0.0,0.0,0.0
159,June,public,1155.0,0.0,0.0,0.0
159,July,public,1155.0,0.0,0.0,0.0
159,August,public,1155.0,0.0,0.0,0.0
159,September,public,1402.5,0.0,0.0,0.0
159,October,public,1402.5,0.0,0.0,0.0
159,November,public,1402.5,0.0,0.0,0.0
159,December,public,1105.0,0.0,0.0,0.0
160,January,home,71.08517168167711,0.0,0.0,0.0
160,January,public,1695.1347289874598,0.0,0.0,0.0
160,February,home,71.08517168167711,0.0,0.0,0.0
160,February,public,1695.1347289874598,0.0,0.0,0.0
160,March,home,28.23310770195455,0.0,0.0,0.0
160,March,public,1645.0,0.0,0.0,0.0
160,April,home,28.23310770195455,0.0,0.0,0.0
160,April,public,1645.0,0.0,0.0,0.0
160,May,home,28.23310770195455,0.0,0.0,0.0
160,May,public,1645.0,0.0,0.0,0.0
160,June,home,60.918211306711896,0.0,0.0,0.0
160,June,public,1425.0,0.0,0.0,0.0
160,July,home,60.918211306711896,0.0,0.0,0.0
160,July,public,1425.0,0.0,0.0,0.0
160,August,home,60.918211306711896,0.0,0.0,0.0
160,August,public,1425.0,0.0,0.0,0.0
160,September,home,7.336791228309323,0.0,0.0,0.0
160,September,public,1960.0,0.0,0.0,0.0
160,October,home,7.336791228309323,0.0,0.0,0.0
160,October,public,1960.0,0.0,0.0,0.0
160,November,home,7.336791228309323,0.0,0.0,0.0
160,November,public,1960.0,0.0,0.0,0.0
160,December,home,71.08517168167711,0.0,0.0,0.0
160,December,public,1695.1347289874598,0.0,0.0,0.0
161,January,public,869.7977819099482,0.0,0.0,0.0
161,February,public,869.7977819099482,0.0,0.0,0.0
161,March,public,855.0,0.0,0.0,0.0
161,April,public,855.0,0.0,0.0,0.0
161,May,public,855.0,0.0,0.0,0.0
161,June,public,862.5,0.0,0.0,0.0
161,July,public,862.5,0.0,0.0,0.0
161,August,public,862.5,0.0,0.0,0.0
161,September,public,1000.0,0.0,0.0,0.0
161,October,public,1000.0,0.0,0.0,0.0
161,November,public,1000.0,0.0,0.0,0.0
161,December,public,869.7977819099482,0.0,0.0,0.0
162,January,home,24.057781109754316,0.0,0.0,0.0
162,January,public,502.5,0.0,0.0,0.0
162,February,home,24.057781109754316,0.0,0.0,0.0
162,February,public,502.5,0.0,0.0,0.0
162,March,home,35.63143062766217,0.0,0.0,0.0
162,March,public,452.5,0.0,0.0,0.0
162,April,home,35.63143062766217,0.0,0.0,0.0
162,April,public,452.5,0.0,0.0,0.0
162,May,home,35.63143062766217,0.0,0.0,0.0
162,May,public,452.5,0.0,0.0,0.0
162,June,home,2.566014174128206,0.0,0.0,0.0
162,June,public,627.5,0.0,0.0,0.0
162,July,home,2.566014174128206,0.0,0.0,0.0
162,July,public,627.5,0.0,0.0,0.0
162,August,home,2.566014174128206,0.0,0.0,0.0
162,August,public,627.5,0.0,0.0,0.0
162,September,public,532.5,0.0,0.0,0.0
162,October,public,532.5,0.0,0.0,0.0
162,November,public,532.5,0.0,0.0,0.0
162,December,home,24.057781109754316,0.0,0.0,0.0
162,December,public,502.5,0.0,0.0,0.0
164,January,home,219.13182560919068,0.0,0.0,0.0
164,January,public,657.5,0.0,0.0,0.0
164,February,home,219.13182560919068,0.0,0.0,0.0
164,February,public,657.5,0.0,0.0,0.0
164,March,home,23.31319556605642,0.0,0.0,0.0
164,March,public,642.5,0.0,0.0,0.0
164,April,home,23.31319556605642,0.0,0.0,0.0
164,April,public,642.5,0.0,0.0,0.0
164,May,home,23.31319556605642,0.0,0.0,0.0
164,May,public,642.5,0.0,0.0,0.0
164,June,home,308.34737444386326,0.0,0.0,0.0
164,June,public,685.0,0.0,0.0,0.0
164,July,home,308.34737444386326,0.0,0.0,0.0
164,July,public,685.0,0.0,0.0,0.0
164,August,home,308.34737444386326,0.0,0.0,0.0
164,August,public,685.0,0.0,0.0,0.0
164,September,home,310.6271219023165,0.0,0.0,0.0
164,September,public,650.0,0.0,0.0,0.0
164,October,home,310.6271219023165,0.0,0.0,0.0
164,October,public,650.0,0.0,0.0,0.0
164,November,home,310.6271219023165,0.0,0.0,0.0
164,November,public,650.0,0.0,0.0,0.0
164,December,home,219.13182560919068,0.0,0.0,0.0
164,December,public,657.5,0.0,0.0,0.0
165,January,home,211.46976916644587,0.0,0.0,0.0
165,January,public,162.5,0.0,0.0,0.0
165,February,home,211.46976916644587,0.0,0.0,0.0
165,February,public,162.5,0.0,0.0,0.0
165,March,home,266.3898214922108,0.0,0.0,0.0
165,March,public,215.0,0.0,0.0,0.0
165,April,home,266.3898214922108,0.0,0.0,0.0
165,April,public,215.0,0.0,0.0,0.0
165,May,home,266.3898214922108,0.0,0.0,0.0
165,May,public,215.0,0.0,0.0,0.0
165,June,home,92.88397059322836,0.0,0.0,0.0
165,June,public,200.0,0.0,0.0,0.0
165,July,home,92.88397059322836,0.0,0.0,0.0
165,July,public,200.0,0.0,0.0,0.0
165,August,home,92.88397059322836,0.0,0.0,0.0
165,August,public,200.0,0.0,0.0,0.0
165,September,home,273.3768566454613,0.0,0.0,0.0
165,September,public,210.0,0.0,0.0,0.0
165,October,home,273.3768566454613,0.0,0.0,0.0
165,October,public,210.0,0.0,0.0,0.0
165,November,home,273.3768566454613,0.0,0.0,0.0
165,November,public,210.0,0.0,0.0,0.0
165,December,home,211.46976916644587,0.0,0.0,0.0
165,December,public,162.5,0.0,0.0,0.0
166,January,public,182.5,0.0,0.0,0.0
166,February,public,182.5,0.0,0.0,0.0
166,March,public,280.0,0.0,0.0,0.0
166,April,public,280.0,0.0,0.0,0.0
166,May,public,280.0,0.0,0.0,0.0
166,June,public,192.5,0.0,0.0,0.0
166,July,public,192.5,0.0,0.0,0.0
166,August,public,192.5,0.0,0.0,0.0
166,September,public,157.5,0.0,0.0,0.0
166,October,public,157.5,0.0,0.0,0.0
166,November,public,157.5,0.0,0.0,0.0
166,December,public,182.5,0.0,0.0,0.0
167,March,public,5.0,0.0,0.0,0.0
167,April,public,5.0,0.0,0.0,0.0
167,May,public,5.0,0.0,0.0,0.0
169,March,public,65.0,0.0,0.0,0.0
169,April,public,65.0,0.0,0.0,0.0
169,May,public,65.0,0.0,0.0,0.0
169,June,public,70.0,0.0,0.0,0.0
169,July,public,70.0,0.0,0.0,0.0
169,August,public,70.0,0.0,0.0,0.0
169,September,public,47.50000000000001,0.0,0.0,0.0
169,October,public,47.50000000000001,0.0,0.0,0.0
169,November,public,47.50000000000001,0.0,0.0,0.0
170,January,public,227.5,0.0,0.0,0.0
170,February,public,227.5,0.0,0.0,0.0
170,March,public,265.0,0.0,0.0,0.0
170,April,public,265.0,0.0,0.0,0.0
170,May,public,265.0,0.0,0.0,0.0
170,June,public,175.0,0.0,0.0,0.0
170,July,public,175.0,0.0,0.0,0.0
170,August,public,175.0,0.0,0.0,0.0
170,September,public,87.5,0.0,0.0,0.0
170,October,public,87.5,0.0,0.0,0.0
170,November,public,87.5,0.0,0.0,0.0
170,December,public,227.5,0.0,0.0,0.0
171,January,public,899.0236686390532,0.0,0.0,0.0
171,February,public,899.0236686390532,0.0,0.0,0.0
171,March,public,710.0,0.0,0.0,0.0
171,April,public,710.0,0.0,0.0,0.0
171,May,public,710.0,0.0,0.0,0.0
171,June,public,765.0,0.0,0.0,0.0
171,July,public,765.0,0.0,0.0,0.0
171,August,public,765.0,0.0,0.0,0.0
171,September,public,920.0,0.0,0.0,0.0
171,October,public,920.0,0.0,0.0,0.0
171,November,public,920.0,0.0,0.0,0.0
171,December,public,899.0236686390532,0.0,0.0,0.0
172,January,public,545.0,0.0,0.0,0.0
172,February,public,545.0,0.0,0.0,0.0
172,March,public,487.5,0.0,0.0,0.0
172,April,public,487.5,0.0,0.0,0.0
172,May,public,487.5,0.0,0.0,0.0
172,June,public,562.5,0.0,0.0,0.0
172,July,public,562.5,0.0,0.0,0.0
172,August,public,562.5,0.0,0.0,0.0
172,September,public,647.5,0.0,0.0,0.0
172,October,public,647.5,0.0,0.0,0.0
172,November,public,647.5,0.0,0.0,0.0
172,December,public,545.0,0.0,0.0,0.0
173,January,public,50.0,0.0,0.0,0.0
173,February,public,50.0,0.0,0.0,0.0
173,March,public,52.5,0.0,0.0,0.0
173,April,public,52.5,0.0,0.0,0.0
173,May,public,52.5,0.0,0.0,0.0
173,June,public,65.0,0.0,0.0,0.0
173,July,public,65.0,0.0,0.0,0.0
173,August,public,65.0,0.0,0.0,0.0
173,September,public,20.0,0.0,0.0,0.0
173,October,public,20.0,0.0,0.0,0.0
173,November,public,20.0,0.0,0.0,0.0
173,December,public,50.0,0.0,0.0,0.0
174,January,public,392.5,0.0,0.0,0.0
174,February,public,392.5,0.0,0.0,0.0
174,March,public,655.0,0.0,0.0,0.0
174,April,public,655.0,0.0,0.0,0.0
174,May,public,655.0,0.0,0.0,0.0
174,June,public,450.0,0.0,0.0,0.0
174,July,public,450.0,0.0,0.0,0.0
174,August,public,450.0,0.0,0.0,0.0
174,September,home,12.912309812505839,0.0,0.0,0.0
174,September,public,420.0,0.0,0.0,0.0
174,October,home,12.912309812505839,0.0,0.0,0.0
174,October,public,420.0,0.0,0.0,0.0
174,November,home,12.912309812505839,0.0,0.0,0.0
174,November,public,420.0,0.0,0.0,0.0
174,December,public,392.5,0.0,0.0,0.0
175,January,public,735.0,0.0,0.0,0.0
175,February,public,735.0,0.0,0.0,0.0
175,March,home,10.088869877450819,0.0,0.0,0.0
175,March,public,1267.5,0.0,0.0,0.0
175,April,home,10.088869877450819,0.0,0.0,0.0
175,April,public,1267.5,0.0,0.0,0.0
175,May,home,10.088869877450819,0.0,0.0,0.0
175,May,public,1267.5,0.0,0.0,0.0
175,June,home,57.78892400420379,0.0,0.0,0.0
175,June,public,987.5,0.0,0.0,0.0
175,July,home,57.78892400420379,0.0,0.0,0.0
175,July,public,987.5,0.0,0.0,0.0
175,August,home,57.78892400420379,0.0,0.0,0.0
175,August,public,987.5,0.0,0.0,0.0
175,September,home,18.998689167228406,0.0,0.0,0.0
175,September,public,912.5,0.0,0.0,0.0
175,October,home,18.998689167228406,0.0,0.0,0.0
175,October,public,912.5,0.0,0.0,0.0
175,November,home,18.998689167228406,0.0,0.0,0.0
175,November,public,912.5,0.0,0.0,0.0
175,December,public,735.0,0.0,0.0,0.0
176,January,public,237.5,0.0,0.0,0.0
176,February,public,237.5,0.0,0.0,0.0
176,March,public,90.0,0.0,0.0,0.0
176,April,public,90.0,0.0,0.0,0.0
176,May,public,90.0,0.0,0.0,0.0
176,June,public,262.5,0.0,0.0,0.0
176,July,public,262.5,0.0,0.0,0.0
176,August,public,262.5,0.0,0.0,0.0
176,September,public,277.5,0.0,0.0,0.0
176,October,public,277.5,0.0,0.0,0.0
176,November,public,277.5,0.0,0.0,0.0
176,December,public,237.5,0.0,0.0,0.0
177,January,public,135.0,0.0,0.0,0.0
177,February,public,135.0,0.0,0.0,0.0
177,March,public,310.0,0.0,0.0,0.0
177,April,public,310.0,0.0,0.0,0.0
177,May,public,310.0,0.0,0.0,0.0
177,June,public,265.0,0.0,0.0,0.0
177,July,public,265.0,0.0,0.0,0.0
177,August,public,265.0,0.0,0.0,0.0
177,September,public,132.5,0.0,0.0,0.0
177,October,public,132.5,0.0,0.0,0.0
177,November,public,132.5,0.0,0.0,0.0
177,December,public,135.0,0.0,0.0,0.0
178,January,public,1035.0,0.0,0.0,0.0
178,February,public,1035.0,0.0,0.0,0.0
178,March,public,1262.5,0.0,0.0,0.0
178,April,public,1262.5,0.0,0.0,0.0
178,May,public,1262.5,0.0,0.0,0.0
178,June,public,987.5,0.0,0.0,0.0
178,July,public,987.5,0.0,0.0,0.0
178,August,public,987.5,0.0,0.0,0.0
178,September,public,1345.0,0.0,0.0,0.0
178,October,public,1345.0,0.0,0.0,0.0
178,November,public,1345.0,0.0,0.0,0.0
178,December,public,1035.0,0.0,0.0,0.0
179,January,public,290.0,0.0,0.0,0.0
179,February,public,290.0,0.0,0.0,0.0
179,March,public,580.0,0.0,0.0,0.0
179,April,public,580.0,0.0,0.0,0.0
179,May,public,580.0,0.0,0.0,0.0
179,June,public,487.5,0.0,0.0,0.0
179,July,public,487.5,0.0,0.0,0.0
179,August,public,487.5,0.0,0.0,0.0
179,September,public,437.5,0.0,0.0,0.0
179,October,public,437.5,0.0,0.0,0.0
179,November,public,437.5,0.0,0.0,0.0
179,December,public,290.0,0.0,0.0,0.0
180,January,public,92.5,0.0,0.0,0.0
180,February,public,92.5,0.0,0.0,0.0
180,March,public,5.0,0.0,0.0,0.0
180,April,public,5.0,0.0,0.0,0.0
180,May,public,5.0,0.0,0.0,0.0
180,September,public,65.0,0.0,0.0,0.0
180,October,public,65.0,0.0,0.0,0.0
180,November,public,65.0,0.0,0.0,0.0
180,December,public,92.5,0.0,0.0,0.0
181,January,public,70.0,0.0,0.0,0.0
181,February,public,70.0,0.0,0.0,0.0
181,December,public,70.0,0.0,0.0,0.0
182,January,public,287.5,0.0,0.0,0.0
182,February,public,287.5,0.0,0.0,0.0
182,March,public,330.0,0.0,0.0,0.0
182,April,public,330.0,0.0,0.0,0.0
182,May,public,330.0,0.0,0.0,0.0
182,June,public,142.5,0.0,0.0,0.0
182,July,public,142.5,0.0,0.0,0.0
182,August,public,142.5,0.0,0.0,0.0
182,September,public,180.0,0.0,0.0,0.0
182,October,public,180.0,0.0,0.0,0.0
182,November,public,180.0,0.0,0.0,0.0
182,December,public,287.5,0.0,0.0,0.0
183,January,public,205.0,0.0,0.0,0.0
183,February,public,205.0,0.0,0.0,0.0
183,March,public,167.5,0.0,0.0,0.0
183,April,public,167.5,0.0,0.0,0.0
183,May,public,167.5,0.0,0.0,0.0
183,June,public,355.0,0.0,0.0,0.0
183,July,public,355.0,0.0,0.0,0.0
183,August,public,355.0,0.0,0.0,0.0
183,September,public,235.0,0.0,0.0,0.0
183,October,public,235.0,0.0,0.0,0.0
183,November,public,235.0,0.0,0.0,0.0
183,December,public,205.0,0.0,0.0,0.0
184,January,public,57.5,0.0,0.0,0.0
184,February,public,57.5,0.0,0.0,0.0
184,March,public,185.00000000000003,0.0,0.0,0.0
184,April,public,185.00000000000003,0.0,0.0,0.0
184,May,public,185.00000000000003,0.0,0.0,0.0
184,June,public,202.5,0.0,0.0,0.0
184,July,public,202.5,0.0,0.0,0.0
184,August,public,202.5,0.0,0.0,0.0
184,September,public,150.0,0.0,0.0,0.0
184,October,public,150.0,0.0,0.0,0.0
184,November,public,150.0,0.0,0.0,0.0
184,December,public,57.5,0.0,0.0,0.0
187,January,public,445.0,0.0,0.0,0.0
187,February,public,445.0,0.0,0.0,0.0
187,March,public,600.0,0.0,0.0,0.0
187,April,public,600.0,0.0,0.0,0.0
187,May,public,600.0,0.0,0.0,0.0
187,June,public,582.5,0.0,0.0,0.0
187,July,public,582.5,0.0,0.0,0.0
187,August,public,582.5,0.0,0.0,0.0
187,September,public,445.0,0.0,0.0,0.0
187,October,public,445.0,0.0,0.0,0.0
187,November,public,445.0,0.0,0.0,0.0
187,December,public,445.0,0.0,0.0,0.0
188,January,public,225.0,0.0,0.0,0.0
188,February,public,225.0,0.0,0.0,0.0
188,March,public,485.0,0.0,0.0,0.0
188,April,public,485.0,0.0,0.0,0.0
188,May,public,485.0,0.0,0.0,0.0
188,June,public,392.5,0.0,0.0,0.0
188,July,public,392.5,0.0,0.0,0.0
188,August,public,392.5,0.0,0.0,0.0
188,September,public,300.0,0.0,0.0,0.0
188,October,public,300.0,0.0,0.0,0.0
188,November,public,300.0,0.0,0.0,0.0
188,December,public,225.0,0.0,0.0,0.0
189,January,public,464.8491379310345,0.0,0.0,0.0
189,February,public,464.8491379310345,0.0,0.0,0.0
189,March,public,357.5,0.0,0.0,0.0
189,April,public,357.5,0.0,0.0,0.0
189,May,public,357.5,0.0,0.0,0.0
189,June,public,420.0,0.0,0.0,0.0
189,July,public,420.0,0.0,0.0,0.0
189,August,public,420.0,0.0,0.0,0.0
189,September,public,317.5,0.0,0.0,0.0
189,October,public,317.5,0.0,0.0,0.0
189,November,public,317.5,0.0,0.0,0.0
189,December,public,464.8491379310345,0.0,0.0,0.0
190,January,public,332.5,0.0,0.0,0.0
190,February,public,332.5,0.0,0.0,0.0
190,March,public,437.5,0.0,0.0,0.0
190,April,public,437.5,0.0,0.0,0.0
190,May,public,437.5,0.0,0.0,0.0
190,June,public,235.0,0.0,0.0,0.0
190,July,public,235.0,0.0,0.0,0.0
190,August,public,235.0,0.0,0.0,0.0
190,September,public,502.5,0.0,0.0,0.0
190,October,public,502.5,0.0,0.0,0.0
190,November,public,502.5,0.0,0.0,0.0
190,December,public,332.5,0.0,0.0,0.0
191,January,public,1132.5,0.0,0.0,0.0
191,February,public,1132.5,0.0,0.0,0.0
191,March,public,1007.5,0.0,0.0,0.0
191,April,public,1007.5,0.0,0.0,0.0
191,May,public,1007.5,0.0,0.0,0.0
191,June,public,752.5,0.0,0.0,0.0
191,July,public,752.5,0.0,0.0,0.0
191,August,public,752.5,0.0,0.0,0.0
191,September,public,1245.0,0.0,0.0,0.0
191,October,public,1245.0,0.0,0.0,0.0
191,November,public,1245.0,0.0,0.0,0.0
191,December,public,1132.5,0.0,0.0,0.0
192,January,public,552.0855614973262,0.0,0.0,0.0
192,February,public,552.0855614973262,0.0,0.0,0.0
192,March,public,1200.0,0.0,0.0,0.0
192,April,public,1200.0,0.0,0.0,0.0
192,May,public,1200.0,0.0,0.0,0.0
192,June,public,1165.0,0.0,0.0,0.0
192,July,public,1165.0,0.0,0.0,0.0
192,August,public,1165.0,0.0,0.0,0.0
192,September,public,1022.5,0.0,0.0,0.0
192,October,public,1022.5,0.0,0.0,0.0
192,November,public,1022.5,0.0,0.0,0.0
192,December,public,552.0855614973262,0.0,0.0,0.0
193,January,public,605.0,0.0,0.0,0.0
193,February,public,605.0,0.0,0.0,0.0
193,March,public,685.0,0.0,0.0,0.0
193,April,public,685.0,0.0,0.0,0.0
193,May,public,685.0,0.0,0.0,0.0
193,June,public,868.3830996511278,0.0,0.0,0.0
193,July,public,868.3830996511278,0.0,0.0,0.0
193,August,public,868.3830996511278,0.0,0.0,0.0
193,September,public,575.0,0.0,0.0,0.0
193,October,public,575.0,0.0,0.0,0.0
193,November,public,575.0,0.0,0.0,0.0
193,December,public,605.0,0.0,0.0,0.0
194,March,public,50.0,0.0,0.0,0.0
194,April,public,50.0,0.0,0.0,0.0
194,May,public,50.0,0.0,0.0,0.0
195,January,public,255.0,0.0,0.0,0.0
195,February,public,255.0,0.0,0.0,0.0
195,March,public,260.0,0.0,0.0,0.0
195,April,public,260.0,0.0,0.0,0.0
195,May,public,260.0,0.0,0.0,0.0
195,June,public,292.5,0.0,0.0,0.0
195,July,public,292.5,0.0,0.0,0.0
195,August,public,292.5,0.0,0.0,0.0
195,September,public,165.0,0.0,0.0,0.0
195,October,public,165.0,0.0,0.0,0.0
195,November,public,165.0,0.0,0.0,0.0
195,December,public,255.0,0.0,0.0,0.0
196,January,public,537.5,0.0,0.0,0.0
196,February,public,537.5,0.0,0.0,0.0
196,March,public,597.5,0.0,0.0,0.0
196,April,public,597.5,0.0,0.0,0.0
196,May,public,597.5,0.0,0.0,0.0
196,June,public,530.0,0.0,0.0,0.0
196,July,public,530.0,0.0,0.0,0.0
196,August,public,530.0,0.0,0.0,0.0
196,September,public,732.5,0.0,0.0,0.0
196,October,public,732.5,0.0,0.0,0.0
196,November,public,732.5,0.0,0.0,0.0
196,December,public,537.5,0.0,0.0,0.0
197,January,public,934.5546558704453,0.0,0.0,0.0
197,February,public,934.5546558704453,0.0,0.0,0.0
197,March,public,1165.0,0.0,0.0,0.0
197,April,public,1165.0,0.0,0.0,0.0
197,May,public,1165.0,0.0,0.0,0.0
197,June,public,1183.9227072486985,0.0,0.0,0.0
197,July,public,1183.9227072486985,0.0,0.0,0.0
197,August,public,1183.9227072486985,0.0,0.0,0.0
197,September,public,922.5,0.0,0.0,0.0
197,October,public,922.5,0.0,0.0,0.0
197,November,public,922.5,0.0,0.0,0.0
197,December,public,934.5546558704453,0.0,0.0,0.0
198,January,public,627.5,0.0,0.0,0.0
198,February,public,627.5,0.0,0.0,0.0
198,March,home,4.064663481287262,0.0,0.0,0.0
198,March,public,822.5,0.0,0.0,0.0
198,April,home,4.064663481287262,0.0,0.0,0.0
198,April,public,822.5,0.0,0.0,0.0
198,May,home,4.064663481287262,0.0,0.0,0.0
198,May,public,822.5,0.0,0.0,0.0
198,June,public,630.0,0.0,0.0,0.0
198,July,public,630.0,0.0,0.0,0.0
198,August,public,630.0,0.0,0.0,0.0
198,September,public,620.0,0.0,0.0,0.0
198,October,public,620.0,0.0,0.0,0.0
198,November,public,620.0,0.0,0.0,0.0
198,December,public,627.5,0.0,0.0,0.0
199,January,public,25.0,0.0,0.0,0.0
199,February,public,25.0,0.0,0.0,0.0
199,March,public,190.0,0.0,0.0,0.0
199,April,public,190.0,0.0,0.0,0.0
199,May,public,190.0,0.0,0.0,0.0
199,June,public,222.5,0.0,0.0,0.0
199,July,public,222.5,0.0,0.0,0.0
199,August,public,222.5,0.0,0.0,0.0
199,September,public,117.5,0.0,0.0,0.0
199,October,public,117.5,0.0,0.0,0.0
199,November,public,117.5,0.0,0.0,0.0
199,December,public,25.0,0.0,0.0,0.0
200,January,public,275.0,0.0,0.0,0.0
200,February,public,275.0,0.0,0.0,0.0
200,March,public,282.5,0.0,0.0,0.0
200,April,public,282.5,0.0,0.0,0.0
200,May,public,282.5,0.0,0.0,0.0
200,June,public,252.5,0.0,0.0,0.0
200,July,public,252.5,0.0,0.0,0.0
200,August,public,252.5,0.0,0.0,0.0
200,September,public,267.5,0.0,0.0,0.0
200,October,public,267.5,0.0,0.0,0.0
200,November,public,267.5,0.0,0.0,0.0
200,December,public,275.0,0.0,0.0,0.0
201,January,public,107.5,0.0,0.0,0.0
201,February,public,107.5,0.0,0.0,0.0
201,March,public,182.5,0.0,0.0,0.0
201,April,public,182.5,0.0,0.0,0.0
201,May,public,182.5,0.0,0.0,0.0
201,June,public,55.00000000000001,0.0,0.0,0.0
201,July,public,55.00000000000001,0.0,0.0,0.0
201,August,public,55.00000000000001,0.0,0.0,0.0
201,September,public,127.5,0.0,0.0,0.0
201,October,public,127.5,0.0,0.0,0.0
201,November,public,127.5,0.0,0.0,0.0
201,December,public,107.5,0.0,0.0,0.0
202,January,public,54.99999999999999,0.0,0.0,0.0
202,February,public,54.99999999999999,0.0,0.0,0.0
202,June,public,10.0,0.0,0.0,0.0
202,July,public,10.0,0.0,0.0,0.0
202,August,public,10.0,0.0,0.0,0.0
202,September,public,44.99999999999999,0.0,0.0,0.0
202,October,public,44.99999999999999,0.0,0.0,0.0
202,November,public,44.99999999999999,0.0,0.0,0.0
202,December,public,54.99999999999999,0.0,0.0,0.0
203,September,public,12.499999999999998,0.0,0.0,0.0
203,October,public,12.499999999999998,0.0,0.0,0.0
203,November,public,12.499999999999998,0.0,0.0,0.0
204,January,public,177.5,0.0,0.0,0.0
204,February,public,177.5,0.0,0.0,0.0
204,March,public,190.00000000000003,0.0,0.0,0.0
204,April,public,190.00000000000003,0.0,0.0,0.0
204,May,public,190.00000000000003,0.0,0.0,0.0
204,June,public,112.49999999999999,0.0,0.0,0.0
204,July,public,112.49999999999999,0.0,0.0,0.0
204,August,public,112.49999999999999,0.0,0.0,0.0
204,September,public,92.5,0.0,0.0,0.0
204,October,public,92.5,0.0,0.0,0.0
204,November,public,92.5,0.0,0.0,0.0
204,December,public,177.5,0.0,0.0,0.0
205,January,public,247.5,0.0,0.0,0.0
205,February,public,247.5,0.0,0.0,0.0
205,March,public,265.0,0.0,0.0,0.0
205,April,public,265.0,0.0,0.0,0.0
205,May,public,265.0,0.0,0.0,0.0
205,June,public,335.0,0.0,0.0,0.0
205,July,public,335.0,0.0,0.0,0.0
205,August,public,335.0,0.0,0.0,0.0
205,September,public,545.0,0.0,0.0,0.0
205,October,public,545.0,0.0,0.0,0.0
205,November,public,545.0,0.0,0.0,0.0
205,December,public,247.5,0.0,0.0,0.0
206,January,public,597.5,0.0,0.0,0.0
206,February,public,597.5,0.0,0.0,0.0
206,March,public,650.0,0.0,0.0,0.0
206,April,public,650.0,0.0,0.0,0.0
206,May,public,650.0,0.0,0.0,0.0
206,June,public,687.5,0.0,0.0,0.0
206,July,public,687.5,0.0,0.0,0.0
206,August,public,687.5,0.0,0.0,0.0
206,September,public,512.5,0.0,0.0,0.0
206,October,public,512.5,0.0,0.0,0.0
206,November,public,512.5,0.0,0.0,0.0
206,December,public,597.5,0.0,0.0,0.0
207,January,public,215.0,0.0,0.0,0.0
207,February,public,215.0,0.0,0.0,0.0
207,March,public,90.0,0.0,0.0,0.0
207,April,public,90.0,0.0,0.0,0.0
207,May,public,90.0,0.0,0.0,0.0
207,June,public,160.0,0.0,0.0,0.0
207,July,public,160.0,0.0,0.0,0.0
207,August,public,160.0,0.0,0.0,0.0
207,September,public,235.00000000000003,0.0,0.0,0.0
207,October,public,235.00000000000003,0.0,0.0,0.0
207,November,public,235.00000000000003,0.0,0.0,0.0
207,December,public,215.0,0.0,0.0,0.0
208,January,public,602.5,0.0,0.0,0.0
208,February,public,602.5,0.0,0.0,0.0
208,March,public,605.0,0.0,0.0,0.0
208,April,public,605.0,0.0,0.0,0.0
208,May,public,605.0,0.0,0.0,0.0
208,June,public,410.0,0.0,0.0,0.0
208,July,public,410.0,0.0,0.0,0.0
208,August,public,410.0,0.0,0.0,0.0
208,September,public,422.5,0.0,0.0,0.0
208,October,public,422.5,0.0,0.0,0.0
208,November,public,422.5,0.0,0.0,0.0
208,December,public,602.5,0.0,0.0,0.0
209,January,public,487.5,0.0,0.0,0.0
209,February,public,487.5,0.0,0.0,0.0
209,March,public,882.5,0.0,0.0,0.0
209,April,public,882.5,0.0,0.0,0.0
209,May,public,882.5,0.0,0.0,0.0
209,June,public,680.0,0.0,0.0,0.0
209,July,public,680.0,0.0,0.0,0.0
209,August,public,680.0,0.0,0.0,0.0
209,September,public,682.5,0.0,0.0,0.0
209,October,public,682.5,0.0,0.0,0.0
209,November,public,682.5,0.0,0.0,0.0
209,December,public,487.5,0.0,0.0,0.0
210,January,public,267.5,0.0,0.0,0.0
210,February,public,267.5,0.0,0.0,0.0
210,March,public,287.5,0.0,0.0,0.0
210,April,public,287.5,0.0,0.0,0.0
210,May,public,287.5,0.0,0.0,0.0
210,June,public,302.5,0.0,0.0,0.0
210,July,public,302.5,0.0,0.0,0.0
210,August,public,302.5,0.0,0.0,0.0
210,September,public,382.5,0.0,0.0,0.0
210,October,public,382.5,0.0,0.0,0.0
210,November,public,382.5,0.0,0.0,0.0
210,December,public,267.5,0.0,0.0,0.0
211,January,public,1902.5,0.0,0.0,0.0
211,February,public,1902.5,0.0,0.0,0.0
211,March,public,2387.5,0.0,0.0,0.0
211,April,public,2387.5,0.0,0.0,0.0
211,May,public,2387.5,0.0,0.0,0.0
211,June,public,1932.5,0.0,0.0,0.0
211,July,public,1932.5,0.0,0.0,0.0
211,August,public,1932.5,0.0,0.0,0.0
211,September,public,1660.0,0.0,0.0,0.0
211,October,public,1660.0,0.0,0.0,0.0
211,November,public,1660.0,0.0,0.0,0.0
211,December,public,1902.5,0.0,0.0,0.0
212,January,public,1205.0,0.0,0.0,0.0
212,February,public,1205.0,0.0,0.0,0.0
212,March,public,915.0,0.0,0.0,0.0
212,April,public,915.0,0.0,0.0,0.0
212,May,public,915.0,0.0,0.0,0.0
212,June,public,970.0,0.0,0.0,0.0
212,July,public,970.0,0.0,0.0,0.0
212,August,public,970.0,0.0,0.0,0.0
212,September,public,825.0,0.0,0.0,0.0
212,October,public,825.0,0.0,0.0,0.0
212,November,public,825.0,0.0,0.0,0.0
212,December,public,1205.0,0.0,0.0,0.0
213,January,public,1582.5,0.0,0.0,0.0
213,February,public,1582.5,0.0,0.0,0.0
213,March,public,1580.0,0.0,0.0,0.0
213,April,public,1580.0,0.0,0.0,0.0
213,May,public,1580.0,0.0,0.0,0.0
213,June,public,1610.0,0.0,0.0,0.0
213,July,public,1610.0,0.0,0.0,0.0
213,August,public,1610.0,0.0,0.0,0.0
213,September,public,1587.5,0.0,0.0,0.0
213,October,public,1587.5,0.0,0.0,0.0
213,November,public,1587.5,0.0,0.0,0.0
213,December,public,1582.5,0.0,0.0,0.0
214,January,home,162.39780280007668,0.0,0.0,0.0
214,January,public,867.5,0.0,0.0,0.0
214,February,home,162.39780280007668,0.0,0.0,0.0
214,February,public,867.5,0.0,0.0,0.0
214,March,home,89.31213987869182,0.0,0.0,0.0
214,March,public,855.0,0.0,0.0,0.0
214,April,home,89.31213987869182,0.0,0.0,0.0
214,April,public,855.0,0.0,0.0,0.0
214,May,home,89.31213987869182,0.0,0.0,0.0
214,May,public,855.0,0.0,0.0,0.0
214,June,home,110.04711985723799,0.0,0.0,0.0
214,June,public,1245.0,0.0,0.0,0.0
214,July,home,110.04711985723799,0.0,0.0,0.0
214,July,public,1245.0,0.0,0.0,0.0
214,August,home,110.04711985723799,0.0,0.0,0.0
214,August,public,1245.0,0.0,0.0,0.0
214,September,home,167.5553914511802,0.0,0.0,0.0
214,September,public,970.0,0.0,0.0,0.0
214,October,home,167.5553914511802,0.0,0.0,0.0
214,October,public,970.0,0.0,0.0,0.0
214,November,home,167.5553914511802,0.0,0.0,0.0
214,November,public,970.0,0.0,0.0,0.0
214,December,home,162.39780280007668,0.0,0.0,0.0
214,December,public,867.5,0.0,0.0,0.0
215,January,public,1067.5,0.0,0.0,0.0
215,February,public,1067.5,0.0,0.0,0.0
215,March,public,880.0,0.0,0.0,0.0
215,April,public,880.0,0.0,0.0,0.0
215,May,public,880.0,0.0,0.0,0.0
215,June,public,1297.5,0.0,0.0,0.0
215,July,public,1297.5,0.0,0.0,0.0
215,August,public,1297.5,0.0,0.0,0.0
215,September,public,1002.5,0.0,0.0,0.0
215,October,public,1002.5,0.0,0.0,0.0
215,November,public,1002.5,0.0,0.0,0.0
215,December,public,1067.5,0.0,0.0,0.0
216,March,public,5.0,0.0,0.0,0.0
216,April,public,5.0,0.0,0.0,0.0
216,May,public,5.0,0.0,0.0,0.0
216,June,public,15.0,0.0,0.0,0.0
216,July,public,15.0,0.0,0.0,0.0
216,August,public,15.0,0.0,0.0,0.0
218,January,public,119.99999999999999,0.0,0.0,0.0
218,February,public,119.99999999999999,0.0,0.0,0.0
218,March,public,65.0,0.0,0.0,0.0
218,April,public,65.0,0.0,0.0,0.0
218,May,public,65.0,0.0,0.0,0.0
218,June,public,162.5,0.0,0.0,0.0
218,July,public,162.5,0.0,0.0,0.0
218,August,public,162.5,0.0,0.0,0.0
218,September,public,130.0,0.0,0.0,0.0
218,October,public,130.0,0.0,0.0,0.0
218,November,public,130.0,0.0,0.0,0.0
218,December,public,119.99999999999999,0.0,0.0,0.0
220,March,public,40.00000000000001,0.0,0.0,0.0
220,April,public,40.00000000000001,0.0,0.0,0.0
220,May,public,40.00000000000001,0.0,0.0,0.0
220,September,public,2.5,0.0,0.0,0.0
220,October,public,2.5,0.0,0.0,0.0
220,November,public,2.5,0.0,0.0,0.0
222,January,public,15.0,0.0,0.0,0.0
222,February,public,15.0,0.0,0.0,0.0
222,September,public,60.0,0.0,0.0,0.0
222,October,public,60.0,0.0,0.0,0.0
222,November,public,60.0,0.0,0.0,0.0
222,December,public,15.0,0.0,0.0,0.0
223,January,public,135.0,0.0,0.0,0.0
223,February,public,135.0,0.0,0.0,0.0
223,March,public,90.0,0.0,0.0,0.0
223,April,public,90.0,0.0,0.0,0.0
223,May,public,90.0,0.0,0.0,0.0
223,June,public,172.5,0.0,0.0,0.0
223,July,public,172.5,0.0,0.0,0.0
223,August,public,172.5,0.0,0.0,0.0
223,September,public,72.5,0.0,0.0,0.0
223,October,public,72.5,0.0,0.0,0.0
223,November,public,72.5,0.0,0.0,0.0
223,December,public,135.0,0.0,0.0,0.0
224,January,public,500.0,0.0,0.0,0.0
224,February,public,500.0,0.0,0.0,0.0
224,March,home,13.619606371588489,0.0,0.0,0.0
224,March,public,390.0,0.0,0.0,0.0
224,April,home,13.619606371588489,0.0,0.0,0.0
224,April,public,390.0,0.0,0.0,0.0
224,May,home,13.619606371588489,0.0,0.0,0.0
224,May,public,390.0,0.0,0.0,0.0
224,June,home,4.538218564811899,0.0,0.0,0.0
224,June,public,447.5,0.0,0.0,0.0
224,July,home,4.538218564811899,0.0,0.0,0.0
224,July,public,447.5,0.0,0.0,0.0
224,August,home,4.538218564811899,0.0,0.0,0.0
224,August,public,447.5,0.0,0.0,0.0
224,September,home,3.1398090590323093,0.0,0.0,0.0
224,September,public,450.0,0.0,0.0,0.0
224,October,home,3.1398090590323093,0.0,0.0,0.0
224,October,public,450.0,0.0,0.0,0.0
224,November,home,3.1398090590323093,0.0,0.0,0.0
224,November,public,450.0,0.0,0.0,0.0
224,December,public,500.0,0.0,0.0,0.0
225,January,home,576.7123290984198,0.0,0.0,0.0
225,January,public,2147.5,0.0,0.0,0.0
225,February,home,576.7123290984198,0.0,0.0,0.0
225,February,public,2147.5,0.0,0.0,0.0
225,March,home,699.8637724338374,0.0,0.0,0.0
225,March,public,2282.5,0.0,0.0,0.0
225,April,home,699.8637724338374,0.0,0.0,0.0
225,April,public,2282.5,0.0,0.0,0.0
225,May,home,699.8637724338374,0.0,0.0,0.0
225,May,public,2282.5,0.0,0.0,0.0
225,June,home,606.2931130875215,0.0,0.0,0.0
225,June,public,2925.0,0.0,0.0,0.0
225,July,home,606.2931130875215,0.0,0.0,0.0
225,July,public,2925.0,0.0,0.0,0.0
225,August,home,606.2931130875215,0.0,0.0,0.0
225,August,public,2925.0,0.0,0.0,0.0
225,September,home,736.9508349524934,0.0,0.0,0.0
225,September,public,2287.5,0.0,0.0,0.0
225,October,home,736.9508349524934,0.0,0.0,0.0
225,October,public,2287.5,0.0,0.0,0.0
225,November,home,736.9508349524934,0.0,0.0,0.0
225,November,public,2287.5,0.0,0.0,0.0
225,December,home,576.7123290984198,0.0,0.0,0.0
225,December,public,2147.5,0.0,0.0,0.0
226,January,home,30.729397353138737,0.0,0.0,0.0
226,January,public,572.5,0.0,0.0,0.0
226,February,home,30.729397353138737,0.0,0.0,0.0
226,February,public,572.5,0.0,0.0,0.0
226,March,home,4.918982317479937,0.0,0.0,0.0
226,March,public,507.5,0.0,0.0,0.0
226,April,home,4.918982317479937,0.0,0.0,0.0
226,April,public,507.5,0.0,0.0,0.0
226,May,home,4.918982317479937,0.0,0.0,0.0
226,May,public,507.5,0.0,0.0,0.0
226,June,home,20.282662483855127,0.0,0.0,0.0
226,June,public,635.0,0.0,0.0,0.0
226,July,home,20.282662483855127,0.0,0.0,0.0
226,July,public,635.0,0.0,0.0,0.0
226,August,home,20.282662483855127,0.0,0.0,0.0
226,August,public,635.0,0.0,0.0,0.0
226,September,home,18.662115046493824,0.0,0.0,0.0
226,September,public,777.5,0.0,0.0,0.0
226,October,home,18.662115046493824,0.0,0.0,0.0
226,October,public,777.5,0.0,0.0,0.0
226,November,home,18.662115046493824,0.0,0.0,0.0
226,November,public,777.5,0.0,0.0,0.0
226,December,home,30.729397353138737,0.0,0.0,0.0
226,December,public,572.5,0.0,0.0,0.0
227,January,home,228.50733357713818,0.0,0.0,0.0
227,January,public,2969.77297844907,0.0,0.0,0.0
227,February,home,228.50733357713818,0.0,0.0,0.0
227,February,public,2969.77297844907,0.0,0.0,0.0
227,March,home,161.80549831960303,0.0,0.0,0.0
227,March,public,2622.5,0.0,0.0,0.0
227,April,home,161.80549831960303,0.0,0.0,0.0
227,April,public,2622.5,0.0,0.0,0.0
227,May,home,161.80549831960303,0.0,0.0,0.0
227,May,public,2622.5,0.0,0.0,0.0
227,June,home,561.4544020788888,0.0,0.0,0.0
227,June,public,3021.1301609517145,0.0,0.0,0.0
227,July,home,561.4544020788888,0.0,0.0,0.0
227,July,public,3021.1301609517145,0.0,0.0,0.0
227,August,home,561.4544020788888,0.0,0.0,0.0
227,August,public,3021.1301609517145,0.0,0.0,0.0
227,September,home,559.4832102478222,0.0,0.0,0.0
227,September,public,2770.0,0.0,0.0,0.0
227,October,home,559.4832102478222,0.0,0.0,0.0
227,October,public,2770.0,0.0,0.0,0.0
227,November,home,559.4832102478222,0.0,0.0,0.0
227,November,public,2770.0,0.0,0.0,0.0
227,December,home,228.50733357713818,0.0,0.0,0.0
227,December,public,2969.77297844907,0.0,0.0,0.0
228,January,home,132.53275844322818,0.0,0.0,0.0
228,January,public,777.5,0.0,0.0,0.0
228,February,home,132.53275844322818,0.0,0.0,0.0
228,February,public,777.5,0.0,0.0,0.0
228,March,home,168.32806067970876,0.0,0.0,0.0
228,March,public,1330.0,0.0,0.0,0.0
228,April,home,168.32806067970876,0.0,0.0,0.0
228,April,public,1330.0,0.0,0.0,0.0
228,May,home,168.32806067970876,0.0,0.0,0.0
228,May,public,1330.0,0.0,0.0,0.0
228,June,home,103.94201935222,0.0,0.0,0.0
228,June,public,877.5,0.0,0.0,0.0
228,July,home,103.94201935222,0.0,0.0,0.0
228,July,public,877.5,0.0,0.0,0.0
228,August,home,103.94201935222,0.0,0.0,0.0
228,August,public,877.5,0.0,0.0,0.0
228,September,home,134.77410674262654,0.0,0.0,0.0
228,September,public,997.5,0.0,0.0,0.0
228,October,home,134.77410674262654,0.0,0.0,0.0
228,October,public,997.5,0.0,0.0,0.0
228,November,home,134.77410674262654,0.0,0.0,0.0
228,November,public,997.5,0.0,0.0,0.0
228,December,home,132.53275844322818,0.0,0.0,0.0
228,December,public,777.5,0.0,0.0,0.0
229,January,home,20.31020394475864,0.0,0.0,0.0
229,January,public,1202.5,0.0,0.0,0.0
229,February,home,20.31020394475864,0.0,0.0,0.0
229,February,public,1202.5,0.0,0.0,0.0
229,March,home,15.173166764241344,0.0,0.0,0.0
229,March,public,1182.5,0.0,0.0,0.0
229,April,home,15.173166764241344,0.0,0.0,0.0
229,April,public,1182.5,0.0,0.0,0.0
229,May,home,15.173166764241344,0.0,0.0,0.0
229,May,public,1182.5,0.0,0.0,0.0
229,June,home,241.0633226706738,0.0,0.0,0.0
229,June,public,1080.0,0.0,0.0,0.0
229,July,home,241.0633226706738,0.0,0.0,0.0
229,July,public,1080.0,0.0,0.0,0.0
229,August,home,241.0633226706738,0.0,0.0,0.0
229,August,public,1080.0,0.0,0.0,0.0
229,September,home,115.44371818470482,0.0,0.0,0.0
229,September,public,797.5,0.0,0.0,0.0
229,October,home,115.44371818470482,0.0,0.0,0.0
229,October,public,797.5,0.0,0.0,0.0
229,November,home,115.44371818470482,0.0,0.0,0.0
229,November,public,797.5,0.0,0.0,0.0
229,December,home,20.31020394475864,0.0,0.0,0.0
229,December,public,1202.5,0.0,0.0,0.0
230,January,public,1740.1005950694248,0.0,0.0,0.0
230,February,public,1740.1005950694248,0.0,0.0,0.0
230,March,public,1500.0,0.0,0.0,0.0
230,April,public,1500.0,0.0,0.0,0.0
230,May,public,1500.0,0.0,0.0,0.0
230,June,public,1733.08853809197,0.0,0.0,0.0
230,July,public,1733.08853809197,0.0,0.0,0.0
230,August,public,1733.08853809197,0.0,0.0,0.0
230,September,public,1615.0,0.0,0.0,0.0
230,October,public,1615.0,0.0,0.0,0.0
230,November,public,1615.0,0.0,0.0,0.0
230,December,public,1740.1005950694248,0.0,0.0,0.0
231,January,public,382.5,0.0,0.0,0.0
231,February,public,382.5,0.0,0.0,0.0
231,March,public,810.0,0.0,0.0,0.0
231,April,public,810.0,0.0,0.0,0.0
231,May,public,810.0,0.0,0.0,0.0
231,June,public,522.5,0.0,0.0,0.0
231,July,public,522.5,0.0,0.0,0.0
231,August,public,522.5,0.0,0.0,0.0
231,September,public,607.5,0.0,0.0,0.0
231,October,public,607.5,0.0,0.0,0.0
231,November,public,607.5,0.0,0.0,0.0
231,December,public,382.5,0.0,0.0,0.0
232,March,public,62.50000000000001,0.0,0.0,0.0
232,April,public,62.50000000000001,0.0,0.0,0.0
232,May,public,62.50000000000001,0.0,0.0,0.0
232,June,public,12.5,0.0,0.0,0.0
232,July,public,12.5,0.0,0.0,0.0
232,August,public,12.5,0.0,0.0,0.0
233,January,home,29.898434694765378,0.0,0.0,0.0
233,January,public,670.1246472248354,0.0,0.0,0.0
233,February,home,29.898434694765378,0.0,0.0,0.0
233,February,public,670.1246472248354,0.0,0.0,0.0
233,March,home,63.110637384478125,0.0,0.0,0.0
233,March,public,442.5,0.0,0.0,0.0
233,April,home,63.110637384478125,0.0,0.0,0.0
233,April,public,442.5,0.0,0.0,0.0
233,May,home,63.110637384478125,0.0,0.0,0.0
233,May,public,442.5,0.0,0.0,0.0
233,June,home,82.05236393365232,0.0,0.0,0.0
233,June,public,562.5,0.0,0.0,0.0
233,July,home,82.05236393365232,0.0,0.0,0.0
233,July,public,562.5,0.0,0.0,0.0
233,August,home,82.05236393365232,0.0,0.0,0.0
233,August,public,562.5,0.0,0.0,0.0
233,September,home,137.83509645901097,0.0,0.0,0.0
233,September,public,275.0,0.0,0.0,0.0
233,October,home,137.83509645901097,0.0,0.0,0.0
233,October,public,275.0,0.0,0.0,0.0
233,November,home,137.83509645901097,0.0,0.0,0.0
233,November,public,275.0,0.0,0.0,0.0
233,December,home,29.898434694765378,0.0,0.0,0.0
233,December,public,670.1246472248354,0.0,0.0,0.0
234,January,public,412.1687370600414,0.0,0.0,0.0
234,February,public,412.1687370600414,0.0,0.0,0.0
234,March,public,340.0,0.0,0.0,0.0
234,April,public,340.0,0.0,0.0,0.0
234,May,public,340.0,0.0,0.0,0.0
234,June,public,404.00621118012424,0.0,0.0,0.0
234,July,public,404.00621118012424,0.0,0.0,0.0
234,August,public,404.00621118012424,0.0,0.0,0.0
234,September,public,452.5,0.0,0.0,0.0
234,October,public,452.5,0.0,0.0,0.0
234,November,public,452.5,0.0,0.0,0.0
234,December,public,412.1687370600414,0.0,0.0,0.0
235,January,home,3.6806362905209227,0.0,0.0,0.0
235,January,public,152.5,0.0,0.0,0.0
235,February,home,3.6806362905209227,0.0,0.0,0.0
235,February,public,152.5,0.0,0.0,0.0
235,March,public,27.5,0.0,0.0,0.0
235,April,public,27.5,0.0,0.0,0.0
235,May,public,27.5,0.0,0.0,0.0
235,June,public,67.5,0.0,0.0,0.0
235,July,public,67.5,0.0,0.0,0.0
235,August,public,67.5,0.0,0.0,0.0
235,September,home,9.547665775091467,0.0,0.0,0.0
235,September,public,100.0,0.0,0.0,0.0
235,October,home,9.547665775091467,0.0,0.0,0.0
235,October,public,100.0,0.0,0.0,0.0
235,November,home,9.547665775091467,0.0,0.0,0.0
235,November,public,100.0,0.0,0.0,0.0
235,December,home,3.6806362905209227,0.0,0.0,0.0
235,December,public,152.5,0.0,0.0,0.0
236,January,home,3.0500772929418787,0.0,0.0,0.0
236,January,public,244.99999999999997,0.0,0.0,0.0
236,February,home,3.0500772929418787,0.0,0.0,0.0
236,February,public,244.99999999999997,0.0,0.0,0.0
236,March,public,150.0,0.0,0.0,0.0
236,April,public,150.0,0.0,0.0,0.0
236,May,public,150.0,0.0,0.0,0.0
236,June,public,152.5,0.0,0.0,0.0
236,July,public,152.5,0.0,0.0,0.0
236,August,public,152.5,0.0,0.0,0.0
236,September,public,85.0,0.0,0.0,0.0
236,October,public,85.0,0.0,0.0,0.0
236,November,public,85.0,0.0,0.0,0.0
236,December,home,3.0500772929418787,0.0,0.0,0.0
236,December,public,244.99999999999997,0.0,0.0,0.0
238,January,public,337.5,0.0,0.0,0.0
238,February,public,337.5,0.0,0.0,0.0
238,March,public,445.0,0.0,0.0,0.0
238,April,public,445.0,0.0,0.0,0.0
238,May,public,445.0,0.0,0.0,0.0
238,June,public,372.5,0.0,0.0,0.0
238,July,public,372.5,0.0,0.0,0.0
238,August,public,372.5,0.0,0.0,0.0
238,September,public,497.49999999999994,0.0,0.0,0.0
238,October,public,497.49999999999994,0.0,0.0,0.0
238,November,public,497.49999999999994,0.0,0.0,0.0
238,December,public,337.5,0.0,0.0,0.0
239,January,public,75.0,0.0,0.0,0.0
239,February,public,75.0,0.0,0.0,0.0
239,March,public,115.0,0.0,0.0,0.0
239,April,public,115.0,0.0,0.0,0.0
239,May,public,115.0,0.0,0.0,0.0
239,June,public,25.0,0.0,0.0,0.0
239,July,public,25.0,0.0,0.0,0.0
239,August,public,25.0,0.0,0.0,0.0
239,September,public,60.0,0.0,0.0,0.0
239,October,public,60.0,0.0,0.0,0.0
239,November,public,60.0,0.0,0.0,0.0
239,December,public,75.0,0.0,0.0,0.0
240,January,public,52.50000000000001,0.0,0.0,0.0
240,February,public,52.50000000000001,0.0,0.0,0.0
240,June,public,27.5,0.0,0.0,0.0
240,July,public,27.5,0.0,0.0,0.0
240,August,public,27.5,0.0,0.0,0.0
240,December,public,52.50000000000001,0.0,0.0,0.0
241,January,public,117.5,0.0,0.0,0.0
241,February,public,117.5,0.0,0.0,0.0
241,March,public,310.0,0.0,0.0,0.0
241,April,public,310.0,0.0,0.0,0.0
241,May,public,310.0,0.0,0.0,0.0
241,June,public,192.5,0.0,0.0,0.0
241,July,public,192.5,0.0,0.0,0.0
241,August,public,192.5,0.0,0.0,0.0
241,September,public,295.0,0.0,0.0,0.0
241,October,public,295.0,0.0,0.0,0.0
241,November,public,295.0,0.0,0.0,0.0
241,December,public,117.5,0.0,0.0,0.0
242,January,public,42.5,0.0,0.0,0.0
242,February,public,42.5,0.0,0.0,0.0
242,March,public,225.0,0.0,0.0,0.0
242,April,public,225.0,0.0,0.0,0.0
242,May,public,225.0,0.0,0.0,0.0
242,June,public,55.00000000000001,0.0,0.0,0.0
242,July,public,55.00000000000001,0.0,0.0,0.0
242,August,public,55.00000000000001,0.0,0.0,0.0
242,September,public,92.5,0.0,0.0,0.0
242,October,public,92.5,0.0,0.0,0.0
242,November,public,92.5,0.0,0.0,0.0
242,December,public,42.5,0.0,0.0,0.0
243,January,home,64.30567630541526,0.0,0.0,0.0
243,January,public,150.0,0.0,0.0,0.0
243,February,home,64.30567630541526,0.0,0.0,0.0
243,February,public,150.0,0.0,0.0,0.0
243,March,home,59.40316281628223,0.0,0.0,0.0
243,March,public,110.0,0.0,0.0,0.0
243,April,home,59.40316281628223,0.0,0.0,0.0
243,April,public,110.0,0.0,0.0,0.0
243,May,home,59.40316281628223,0.0,0.0,0.0
243,May,public,110.0,0.0,0.0,0.0
243,June,home,218.37050586278323,0.0,0.0,0.0
243,June,public,90.0,0.0,0.0,0.0
243,July,home,218.37050586278323,0.0,0.0,0.0
243,July,public,90.0,0.0,0.0,0.0
243,August,home,218.37050586278323,0.0,0.0,0.0
243,August,public,90.0,0.0,0.0,0.0
243,September,home,54.777283146920986,0.0,0.0,0.0
243,September,public,5.0,0.0,0.0,0.0
243,October,home,54.777283146920986,0.0,0.0,0.0
243,October,public,5.0,0.0,0.0,0.0
243,November,home,54.777283146920986,0.0,0.0,0.0
243,November,public,5.0,0.0,0.0,0.0
243,December,home,64.30567630541526,0.0,0.0,0.0
243,December,public,150.0,0.0,0.0,0.0
244,January,home,501.51387193577176,0.0,0.0,0.0
244,January,public,802.5,0.0,0.0,0.0
244,February,home,501.51387193577176,0.0,0.0,0.0
244,February,public,802.5,0.0,0.0,0.0
244,March,home,255.96735960371848,0.0,0.0,0.0
244,March,public,242.5,0.0,0.0,0.0
244,April,home,255.96735960371848,0.0,0.0,0.0
244,April,public,242.5,0.0,0.0,0.0
244,May,home,255.96735960371848,0.0,0.0,0.0
244,May,public,242.5,0.0,0.0,0.0
244,June,home,438.1632712814795,0.0,0.0,0.0
244,June,public,515.0,0.0,0.0,0.0
244,July,home,438.1632712814795,0.0,0.0,0.0
244,July,public,515.0,0.0,0.0,0.0
244,August,home,438.1632712814795,0.0,0.0,0.0
244,August,public,515.0,0.0,0.0,0.0
244,September,home,547.5072622621553,0.0,0.0,0.0
244,September,public,397.5,0.0,0.0,0.0
244,October,home,547.5072622621553,0.0,0.0,0.0
244,October,public,397.5,0.0,0.0,0.0
244,November,home,547.5072622621553,0.0,0.0,0.0
244,November,public,397.5,0.0,0.0,0.0
244,December,home,501.51387193577176,0.0,0.0,0.0
244,December,public,802.5,0.0,0.0,0.0
245,January,home,1191.094462569245,0.0,0.0,0.0
245,January,public,2092.0194922937444,0.0,0.0,0.0
245,February,home,1191.094462569245,0.0,0.0,0.0
245,February,public,2092.0194922937444,0.0,0.0,0.0
245,March,home,995.9539398935873,0.0,0.0,0.0
245,March,public,1842.5,0.0,0.0,0.0
245,April,home,995.9539398935873,0.0,0.0,0.0
245,April,public,1842.5,0.0,0.0,0.0
245,May,home,995.9539398935873,0.0,0.0,0.0
245,May,public,1842.5,0.0,0.0,0.0
245,June,home,1132.5809702306824,0.0,0.0,0.0
245,June,public,2202.5,0.0,0.0,0.0
245,July,home,1132.5809702306824,0.0,0.0,0.0
245,July,public,2202.5,0.0,0.0,0.0
245,August,home,1132.5809702306824,0.0,0.0,0.0
245,August,public,2202.5,0.0,0.0,0.0
245,September,home,967.8194815008094,0.0,0.0,0.0
245,September,public,1712.5,0.0,0.0,0.0
245,October,home,967.8194815008094,0.0,0.0,0.0
245,October,public,1712.5,0.0,0.0,0.0
245,November,home,967.8194815008094,0.0,0.0,0.0
245,November,public,1712.5,0.0,0.0,0.0
245,December,home,1191.094462569245,0.0,0.0,0.0
245,December,public,2092.0194922937444,0.0,0.0,0.0
246,January,home,1009.1384459274777,0.0,0.0,0.0
246,January,public,4057.5,0.0,0.0,0.0
246,February,home,1009.1384459274777,0.0,0.0,0.0
246,February,public,4057.5,0.0,0.0,0.0
246,March,home,974.753746453428,0.0,0.0,0.0
246,March,public,3640.0,0.0,0.0,0.0
246,April,home,974.753746453428,0.0,0.0,0.0
246,April,public,3640.0,0.0,0.0,0.0
246,May,home,974.753746453428,0.0,0.0,0.0
246,May,public,3640.0,0.0,0.0,0.0
246,June,home,765.8118793138243,0.0,0.0,0.0
246,June,public,3920.0,0.0,0.0,0.0
246,July,home,765.8118793138243,0.0,0.0,0.0
246,July,public,3920.0,0.0,0.0,0.0
246,August,home,765.8118793138243,0.0,0.0,0.0
246,August,public,3920.0,0.0,0.0,0.0
246,September,home,750.4570825217046,0.0,0.0,0.0
246,September,public,3705.0,0.0,0.0,0.0
246,October,home,750.4570825217046,0.0,0.0,0.0
246,October,public,3705.0,0.0,0.0,0.0
246,November,home,750.4570825217046,0.0,0.0,0.0
246,November,public,3705.0,0.0,0.0,0.0
246,December,home,1009.1384459274777,0.0,0.0,0.0
246,December,public,4057.5,0.0,0.0,0.0
247,January,home,498.85615932359315,0.0,0.0,0.0
247,January,public,1590.0,0.0,0.0,0.0
247,February,home,498.85615932359315,0.0,0.0,0.0
247,February,public,1590.0,0.0,0.0,0.0
247,March,home,302.339743695245,0.0,0.0,0.0
247,March,public,2270.0,0.0,0.0,0.0
247,April,home,302.339743695245,0.0,0.0,0.0
247,April,public,2270.0,0.0,0.0,0.0
247,May,home,302.339743695245,0.0,0.0,0.0
247,May,public,2270.0,0.0,0.0,0.0
247,June,home,607.4313544513581,0.0,0.0,0.0
247,June,public,1602.5,0.0,0.0,0.0
247,July,home,607.4313544513581,0.0,0.0,0.0
247,July,public,1602.5,0.0,0.0,0.0
247,August,home,607.4313544513581,0.0,0.0,0.0
247,August,public,1602.5,0.0,0.0,0.0
247,September,home,452.84371432323417,0.0,0.0,0.0
247,September,public,1590.0,0.0,0.0,0.0
247,October,home,452.84371432323417,0.0,0.0,0.0
247,October,public,1590.0,0.0,0.0,0.0
247,November,home,452.84371432323417,0.0,0.0,0.0
247,November,public,1590.0,0.0,0.0,0.0
247,December,home,498.85615932359315,0.0,0.0,0.0
247,December,public,1590.0,0.0,0.0,0.0
248,January,home,606.6892294806264,0.0,0.0,0.0
248,January,public,4272.5,0.0,0.0,0.0
248,February,home,606.6892294806264,0.0,0.0,0.0
248,February,public,4272.5,0.0,0.0,0.0
248,March,home,277.48607958439453,0.0,0.0,0.0
248,March,public,3910.0,0.0,0.0,0.0
248,April,home,277.48607958439453,0.0,0.0,0.0
248,April,public,3910.0,0.0,0.0,0.0
248,May,home,277.48607958439453,0.0,0.0,0.0
248,May,public,3910.0,0.0,0.0,0.0
248,June,home,463.4171014072696,0.0,0.0,0.0
248,June,public,3452.5,0.0,0.0,0.0
248,July,home,463.4171014072696,0.0,0.0,0.0
248,July,public,3452.5,0.0,0.0,0.0
248,August,home,463.4171014072696,0.0,0.0,0.0
248,August,public,3452.5,0.0,0.0,0.0
248,September,home,440.58838669058207,0.0,0.0,0.0
248,September,public,3577.5,0.0,0.0,0.0
248,October,home,440.58838669058207,0.0,0.0,0.0
248,October,public,3577.5,0.0,0.0,0.0
248,November,home,440.58838669058207,0.0,0.0,0.0
248,November,public,3577.5,0.0,0.0,0.0
248,December,home,606.6892294806264,0.0,0.0,0.0
248,December,public,4272.5,0.0,0.0,0.0
249,January,home,33.138419767847374,0.0,0.0,0.0
249,January,public,1350.0,0.0,0.0,0.0
249,February,home,33.138419767847374,0.0,0.0,0.0
249,February,public,1350.0,0.0,0.0,0.0
249,March,home,17.33408874549751,0.0,0.0,0.0
249,March,public,1452.5,0.0,0.0,0.0
249,April,home,17.33408874549751,0.0,0.0,0.0
249,April,public,1452.5,0.0,0.0,0.0
249,May,home,17.33408874549751,0.0,0.0,0.0
249,May,public,1452.5,0.0,0.0,0.0
249,June,home,25.317009074260227,0.0,0.0,0.0
249,June,public,1162.5,0.0,0.0,0.0
249,July,home,25.317009074260227,0.0,0.0,0.0
249,July,public,1162.5,0.0,0.0,0.0
249,August,home,25.317009074260227,0.0,0.0,0.0
249,August,public,1162.5,0.0,0.0,0.0
249,September,home,24.396572587893488,0.0,0.0,0.0
249,September,public,1177.5,0.0,0.0,0.0
249,October,home,24.396572587893488,0.0,0.0,0.0
249,October,public,1177.5,0.0,0.0,0.0
249,November,home,24.396572587893488,0.0,0.0,0.0
249,November,public,1177.5,0.0,0.0,0.0
249,December,home,33.138419767847374,0.0,0.0,0.0
249,December,public,1350.0,0.0,0.0,0.0
250,January,public,481.45495787427086,0.0,0.0,0.0
250,February,public,481.45495787427086,0.0,0.0,0.0
250,March,public,467.5,0.0,0.0,0.0
250,April,public,467.5,0.0,0.0,0.0
250,May,public,467.5,0.0,0.0,0.0
250,June,public,557.5,0.0,0.0,0.0
250,July,public,557.5,0.0,0.0,0.0
250,August,public,557.5,0.0,0.0,0.0
250,September,public,732.5,0.0,0.0,0.0
250,October,public,732.5,0.0,0.0,0.0
250,November,public,732.5,0.0,0.0,0.0
250,December,public,481.45495787427086,0.0,0.0,0.0
251,January,public,82.5,0.0,0.0,0.0
251,February,public,82.5,0.0,0.0,0.0
251,March,public,60.0,0.0,0.0,0.0
251,April,public,60.0,0.0,0.0,0.0
251,May,public,60.0,0.0,0.0,0.0
251,June,public,45.00000000000001,0.0,0.0,0.0
251,July,public,45.00000000000001,0.0,0.0,0.0
251,August,public,45.00000000000001,0.0,0.0,0.0
251,September,public,107.5,0.0,0.0,0.0
251,October,public,107.5,0.0,0.0,0.0
251,November,public,107.5,0.0,0.0,0.0
251,December,public,82.5,0.0,0.0,0.0
252,January,public,132.5,0.0,0.0,0.0
252,February,public,132.5,0.0,0.0,0.0
252,March,public,92.5,0.0,0.0,0.0
252,April,public,92.5,0.0,0.0,0.0
252,May,public,92.5,0.0,0.0,0.0
252,June,public,225.0,0.0,0.0,0.0
252,July,public,225.0,0.0,0.0,0.0
252,August,public,225.0,0.0,0.0,0.0
252,September,public,287.5,0.0,0.0,0.0
252,October,public,287.5,0.0,0.0,0.0
252,November,public,287.5,0.0,0.0,0.0
252,December,public,132.5,0.0,0.0,0.0
253,January,public,310.0,0.0,0.0,0.0
253,February,public,310.0,0.0,0.0,0.0
253,March,public,342.5,0.0,0.0,0.0
253,April,public,342.5,0.0,0.0,0.0
253,May,public,342.5,0.0,0.0,0.0
253,June,public,485.0,0.0,0.0,0.0
253,July,public,485.0,0.0,0.0,0.0
253,August,public,485.0,0.0,0.0,0.0
253,September,public,445.0,0.0,0.0,0.0
253,October,public,445.0,0.0,0.0,0.0
253,November,public,445.0,0.0,0.0,0.0
253,December,public,310.0,0.0,0.0,0.0
254,January,home,333.6505903314507,0.0,0.0,0.0
254,January,public,722.5,0.0,0.0,0.0
254,February,home,333.6505903314507,0.0,0.0,0.0
254,February,public,722.5,0.0,0.0,0.0
254,March,home,135.08838511091687,0.0,0.0,0.0
254,March,public,762.5,0.0,0.0,0.0
254,April,home,135.08838511091687,0.0,0.0,0.0
254,April,public,762.5,0.0,0.0,0.0
254,May,home,135.08838511091687,0.0,0.0,0.0
254,May,public,762.5,0.0,0.0,0.0
254,June,home,404.48026029467854,0.0,0.0,0.0
254,June,public,935.0,0.0,0.0,0.0
254,July,home,404.48026029467854,0.0,0.0,0.0
254,July,public,935.0,0.0,0.0,0.0
254,August,home,404.48026029467854,0.0,0.0,0.0
254,August,public,935.0,0.0,0.0,0.0
254,September,home,246.5214960118224,0.0,0.0,0.0
254,September,public,900.0,0.0,0.0,0.0
254,October,home,246.5214960118224,0.0,0.0,0.0
254,October,public,900.0,0.0,0.0,0.0
254,November,home,246.5214960118224,0.0,0.0,0.0
254,November,public,900.0,0.0,0.0,0.0
254,December,home,333.6505903314507,0.0,0.0,0.0
254,December,public,722.5,0.0,0.0,0.0
255,January,public,77.5,0.0,0.0,0.0
255,February,public,77.5,0.0,0.0,0.0
255,March,public,202.50000000000003,0.0,0.0,0.0
255,April,public,202.50000000000003,0.0,0.0,0.0
255,May,public,202.50000000000003,0.0,0.0,0.0
255,June,home,11.308090964243874,0.0,0.0,0.0
255,June,public,80.0,0.0,0.0,0.0
255,July,home,11.308090964243874,0.0,0.0,0.0
255,July,public,80.0,0.0,0.0,0.0
255,August,home,11.308090964243874,0.0,0.0,0.0
255,August,public,80.0,0.0,0.0,0.0
255,September,home,8.982828396620668,0.0,0.0,0.0
255,September,public,157.5,0.0,0.0,0.0
255,October,home,8.982828396620668,0.0,0.0,0.0
255,October,public,157.5,0.0,0.0,0.0
255,November,home,8.982828396620668,0.0,0.0,0.0
255,November,public,157.5,0.0,0.0,0.0
255,December,public,77.5,0.0,0.0,0.0
256,January,home,10.297044471994077,0.0,0.0,0.0
256,January,public,100.0,0.0,0.0,0.0
256,February,home,10.297044471994077,0.0,0.0,0.0
256,February,public,100.0,0.0,0.0,0.0
256,March,home,0.6560907410690433,0.0,0.0,0.0
256,March,public,182.5,0.0,0.0,0.0
256,April,home,0.6560907410690433,0.0,0.0,0.0
256,April,public,182.5,0.0,0.0,0.0
256,May,home,0.6560907410690433,0.0,0.0,0.0
256,May,public,182.5,0.0,0.0,0.0
256,June,home,1.5074148555787374,0.0,0.0,0.0
256,July,home,1.5074148555787374,0.0,0.0,0.0
256,August,home,1.5074148555787374,0.0,0.0,0.0
256,September,public,37.5,0.0,0.0,0.0
256,October,public,37.5,0.0,0.0,0.0
256,November,public,37.5,0.0,0.0,0.0
256,December,home,10.297044471994077,0.0,0.0,0.0
256,December,public,100.0,0.0,0.0,0.0
257,January,public,217.5,0.0,0.0,0.0
257,February,public,217.5,0.0,0.0,0.0
257,March,public,205.0,0.0,0.0,0.0
257,April,public,205.0,0.0,0.0,0.0
257,May,public,205.0,0.0,0.0,0.0
257,June,public,227.5,0.0,0.0,0.0
257,July,public,227.5,0.0,0.0,0.0
257,August,public,227.5,0.0,0.0,0.0
257,September,public,207.5,0.0,0.0,0.0
257,October,public,207.5,0.0,0.0,0.0
257,November,public,207.5,0.0,0.0,0.0
257,December,public,217.5,0.0,0.0,0.0
258,January,home,15.818456325523229,0.0,0.0,0.0
258,January,public,178.41278743690413,0.0,0.0,0.0
258,February,home,15.818456325523229,0.0,0.0,0.0
258,February,public,178.41278743690413,0.0,0.0,0.0
258,March,home,18.263084421997895,0.0,0.0,0.0
258,March,public,59.99999999999999,0.0,0.0,0.0
258,April,home,18.263084421997895,0.0,0.0,0.0
258,April,public,59.99999999999999,0.0,0.0,0.0
258,May,home,18.263084421997895,0.0,0.0,0.0
258,May,public,59.99999999999999,0.0,0.0,0.0
258,June,home,77.42091323086665,0.0,0.0,0.0
258,June,public,145.00000000000003,0.0,0.0,0.0
258,July,home,77.42091323086665,0.0,0.0,0.0
258,July,public,145.00000000000003,0.0,0.0,0.0
258,August,home,77.42091323086665,0.0,0.0,0.0
258,August,public,145.00000000000003,0.0,0.0,0.0
258,September,home,20.376864169603444,0.0,0.0,0.0
258,September,public,77.5,0.0,0.0,0.0
258,October,home,20.376864169603444,0.0,0.0,0.0
258,October,public,77.5,0.0,0.0,0.0
258,November,home,20.376864169603444,0.0,0.0,0.0
258,November,public,77.5,0.0,0.0,0.0
258,December,home,15.818456325523229,0.0,0.0,0.0
258,December,public,178.41278743690413,0.0,0.0,0.0
259,January,public,30.0,0.0,0.0,0.0
259,February,public,30.0,0.0,0.0,0.0
259,June,public,17.5,0.0,0.0,0.0
259,July,public,17.5,0.0,0.0,0.0
259,August,public,17.5,0.0,0.0,0.0
259,December,public,30.0,0.0,0.0,0.0
260,January,public,292.5,0.0,0.0,0.0
260,February,public,292.5,0.0,0.0,0.0
260,March,public,357.5,0.0,0.0,0.0
260,April,public,357.5,0.0,0.0,0.0
260,May,public,357.5,0.0,0.0,0.0
260,June,public,295.0,0.0,0.0,0.0
260,July,public,295.0,0.0,0.0,0.0
260,August,public,295.0,0.0,0.0,0.0
260,September,public,472.5,0.0,0.0,0.0
260,October,public,472.5,0.0,0.0,0.0
260,November,public,472.5,0.0,0.0,0.0
260,December,public,292.5,0.0,0.0,0.0
261,January,public,805.0,0.0,0.0,0.0
261,February,public,805.0,0.0,0.0,0.0
261,March,public,890.0,0.0,0.0,0.0
261,April,public,890.0,0.0,0.0,0.0
261,May,public,890.0,0.0,0.0,0.0
261,June,public,852.5,0.0,0.0,0.0
261,July,public,852.5,0.0,0.0,0.0
261,August,public,852.5,0.0,0.0,0.0
261,September,public,917.5,0.0,0.0,0.0
261,October,public,917.5,0.0,0.0,0.0
261,November,public,917.5,0.0,0.0,0.0
261,December,public,805.0,0.0,0.0,0.0
262,March,public,7.500000000000001,0.0,0.0,0.0
262,April,public,7.500000000000001,0.0,0.0,0.0
262,May,public,7.500000000000001,0.0,0.0,0.0
262,September,public,15.000000000000002,0.0,0.0,0.0
262,October,public,15.000000000000002,0.0,0.0,0.0
262,November,public,15.000000000000002,0.0,0.0,0.0
263,March,public,135.0,0.0,0.0,0.0
263,April,public,135.0,0.0,0.0,0.0
263,May,public,135.0,0.0,0.0,0.0
265,January,public,47.49999999999999,0.0,0.0,0.0
265,February,public,47.49999999999999,0.0,0.0,0.0
265,March,public,59.99999999999999,0.0,0.0,0.0
265,April,public,59.99999999999999,0.0,0.0,0.0
265,May,public,59.99999999999999,0.0,0.0,0.0
265,June,public,5.0,0.0,0.0,0.0
265,July,public,5.0,0.0,0.0,0.0
265,August,public,5.0,0.0,0.0,0.0
265,September,public,10.0,0.0,0.0,0.0
265,October,public,10.0,0.0,0.0,0.0
265,November,public,10.0,0.0,0.0,0.0
265,December,public,47.49999999999999,0.0,0.0,0.0
266,January,public,140.61144839549002,0.0,0.0,0.0
266,February,public,140.61144839549002,0.0,0.0,0.0
266,March,public,327.5,0.0,0.0,0.0
266,April,public,327.5,0.0,0.0,0.0
266,May,public,327.5,0.0,0.0,0.0
266,June,home,3.4270913744909564,0.0,0.0,0.0
266,June,public,232.5,0.0,0.0,0.0
266,July,home,3.4270913744909564,0.0,0.0,0.0
266,July,public,232.5,0.0,0.0,0.0
266,August,home,3.4270913744909564,0.0,0.0,0.0
266,August,public,232.5,0.0,0.0,0.0
266,September,home,6.742034766371695,0.0,0.0,0.0
266,September,public,252.5,0.0,0.0,0.0
266,October,home,6.742034766371695,0.0,0.0,0.0
266,October,public,252.5,0.0,0.0,0.0
266,November,home,6.742034766371695,0.0,0.0,0.0
266,November,public,252.5,0.0,0.0,0.0
266,December,public,140.61144839549002,0.0,0.0,0.0
267,January,public,1654.0656457485543,0.0,0.0,0.0
267,February,public,1654.0656457485543,0.0,0.0,0.0
267,March,public,1560.0,0.0,0.0,0.0
267,April,public,1560.0,0.0,0.0,0.0
267,May,public,1560.0,0.0,0.0,0.0
267,June,public,1594.6758755759756,0.0,0.0,0.0
267,July,public,1594.6758755759756,0.0,0.0,0.0
267,August,public,1594.6758755759756,0.0,0.0,0.0
267,September,public,1992.5,0.0,0.0,0.0
267,October,public,1992.5,0.0,0.0,0.0
267,November,public,1992.5,0.0,0.0,0.0
267,December,public,1654.0656457485543,0.0,0.0,0.0
268,January,home,1017.5742462364635,0.0,0.0,0.0
268,January,public,1250.0,0.0,0.0,0.0
268,February,home,1017.5742462364635,0.0,0.0,0.0
268,February,public,1250.0,0.0,0.0,0.0
268,March,home,1028.1174335922972,0.0,0.0,0.0
268,March,public,1052.5,0.0,0.0,0.0
268,April,home,1028.1174335922972,0.0,0.0,0.0
268,April,public,1052.5,0.0,0.0,0.0
268,May,home,1028.1174335922972,0.0,0.0,0.0
268,May,public,1052.5,0.0,0.0,0.0
268,June,home,1043.5311955981517,0.0,0.0,0.0
268,June,public,910.0,0.0,0.0,0.0
268,July,home,1043.5311955981517,0.0,0.0,0.0
268,July,public,910.0,0.0,0.0,0.0
268,August,home,1043.5311955981517,0.0,0.0,0.0
268,August,public,910.0,0.0,0.0,0.0
268,September,home,1211.8429347460815,0.0,0.0,0.0
268,September,public,1170.0,0.0,0.0,0.0
268,October,home,1211.8429347460815,0.0,0.0,0.0
268,October,public,1170.0,0.0,0.0,0.0
268,November,home,1211.8429347460815,0.0,0.0,0.0
268,November,public,1170.0,0.0,0.0,0.0
268,December,home,1017.5742462364635,0.0,0.0,0.0
268,December,public,1250.0,0.0,0.0,0.0
269,January,public,947.5,0.0,0.0,0.0
269,February,public,947.5,0.0,0.0,0.0
269,March,public,952.5,0.0,0.0,0.0
269,April,public,952.5,0.0,0.0,0.0
269,May,public,952.5,0.0,0.0,0.0
269,June,public,605.0,0.0,0.0,0.0
269,July,public,605.0,0.0,0.0,0.0
269,August,public,605.0,0.0,0.0,0.0
269,September,public,1120.0,0.0,0.0,0.0
269,October,public,1120.0,0.0,0.0,0.0
269,November,public,1120.0,0.0,0.0,0.0
269,December,public,947.5,0.0,0.0,0.0
270,January,home,19.447451737535232,0.0,0.0,0.0
270,January,public,792.5,0.0,0.0,0.0
270,February,home,19.447451737535232,0.0,0.0,0.0
270,February,public,792.5,0.0,0.0,0.0
270,March,home,144.6958410703616,0.0,0.0,0.0
270,March,public,712.5,0.0,0.0,0.0
270,April,home,144.6958410703616,0.0,0.0,0.0
270,April,public,712.5,0.0,0.0,0.0
270,May,home,144.6958410703616,0.0,0.0,0.0
270,May,public,712.5,0.0,0.0,0.0
270,June,public,480.0,0.0,0.0,0.0
270,July,public,480.0,0.0,0.0,0.0
270,August,public,480.0,0.0,0.0,0.0
270,September,home,46.180566388664126,0.0,0.0,0.0
270,September,public,872.5,0.0,0.0,0.0
270,October,home,46.180566388664126,0.0,0.0,0.0
270,October,public,872.5,0.0,0.0,0.0
270,November,home,46.180566388664126,0.0,0.0,0.0
270,November,public,872.5,0.0,0.0,0.0
270,December,home,19.447451737535232,0.0,0.0,0.0
270,December,public,792.5,0.0,0.0,0.0
271,January,public,6052.5,0.0,0.0,0.0
271,February,public,6052.5,0.0,0.0,0.0
271,March,public,6260.0,0.0,0.0,0.0
271,April,public,6260.0,0.0,0.0,0.0
271,May,public,6260.0,0.0,0.0,0.0
271,June,public,6340.0,0.0,0.0,0.0
271,July,public,6340.0,0.0,0.0,0.0
271,August,public,6340.0,0.0,0.0,0.0
271,September,public,5852.5,0.0,0.0,0.0
271,October,public,5852.5,0.0,0.0,0.0
271,November,public,5852.5,0.0,0.0,0.0
271,December,public,6052.5,0.0,0.0,0.0
272,January,home,161.90103944700888,0.0,0.0,0.0
272,January,public,3140.0,0.0,0.0,0.0
272,February,home,161.90103944700888,0.0,0.0,0.0
272,February,public,3140.0,0.0,0.0,0.0
272,March,home,179.0543315028247,0.0,0.0,0.0
272,March,public,2632.5,0.0,0.0,0.0
272,April,home,179.0543315028247,0.0,0.0,0.0
272,April,public,2632.5,0.0,0.0,0.0
272,May,home,179.0543315028247,0.0,0.0,0.0
272,May,public,2632.5,0.0,0.0,0.0
272,June,home,334.39992779562215,0.0,0.0,0.0
272,June,public,3122.5,0.0,0.0,0.0
272,July,home,334.39992779562215,0.0,0.0,0.0
272,July,public,3122.5,0.0,0.0,0.0
272,August,home,334.39992779562215,0.0,0.0,0.0
272,August,public,3122.5,0.0,0.0,0.0
272,September,home,57.1814477428603,0.0,0.0,0.0
272,September,public,3292.5,0.0,0.0,0.0
272,October,home,57.1814477428603,0.0,0.0,0.0
272,October,public,3292.5,0.0,0.0,0.0
272,November,home,57.1814477428603,0.0,0.0,0.0
272,November,public,3292.5,0.0,0.0,0.0
272,December,home,161.90103944700888,0.0,0.0,0.0
272,December,public,3140.0,0.0,0.0,0.0
273,January,public,1427.5,0.0,0.0,0.0
273,February,public,1427.5,0.0,0.0,0.0
273,March,public,1190.0,0.0,0.0,0.0
273,April,public,1190.0,0.0,0.0,0.0
273,May,public,1190.0,0.0,0.0,0.0
273,June,public,1652.5,0.0,0.0,0.0
273,July,public,1652.5,0.0,0.0,0.0
273,August,public,1652.5,0.0,0.0,0.0
273,September,public,1662.5,0.0,0.0,0.0
273,October,public,1662.5,0.0,0.0,0.0
273,November,public,1662.5,0.0,0.0,0.0
273,December,public,1427.5,0.0,0.0,0.0
274,January,public,1225.0,0.0,0.0,0.0
274,February,public,1225.0,0.0,0.0,0.0
274,March,public,1005.0,0.0,0.0,0.0
274,April,public,1005.0,0.0,0.0,0.0
274,May,public,1005.0,0.0,0.0,0.0
274,June,public,872.5,0.0,0.0,0.0
274,July,public,872.5,0.0,0.0,0.0
274,August,public,872.5,0.0,0.0,0.0
274,September,public,697.5,0.0,0.0,0.0
274,October,public,697.5,0.0,0.0,0.0
274,November,public,697.5,0.0,0.0,0.0
274,December,public,1225.0,0.0,0.0,0.0
275,January,public,330.0,0.0,0.0,0.0
275,February,public,330.0,0.0,0.0,0.0
275,March,public,335.0,0.0,0.0,0.0
275,April,public,335.0,0.0,0.0,0.0
275,May,public,335.0,0.0,0.0,0.0
275,June,public,435.0,0.0,0.0,0.0
275,July,public,435.0,0.0,0.0,0.0
275,August,public,435.0,0.0,0.0,0.0
275,September,public,235.0,0.0,0.0,0.0
275,October,public,235.0,0.0,0.0,0.0
275,November,public,235.0,0.0,0.0,0.0
275,December,public,330.0,0.0,0.0,0.0
276,January,public,152.5,0.0,0.0,0.0
276,February,public,152.5,0.0,0.0,0.0
276,March,public,107.5,0.0,0.0,0.0
276,April,public,107.5,0.0,0.0,0.0
276,May,public,107.5,0.0,0.0,0.0
276,June,public,130.0,0.0,0.0,0.0
276,July,public,130.0,0.0,0.0,0.0
276,August,public,130.0,0.0,0.0,0.0
276,September,public,120.0,0.0,0.0,0.0
276,October,public,120.0,0.0,0.0,0.0
276,November,public,120.0,0.0,0.0,0.0
276,December,public,152.5,0.0,0.0,0.0
277,January,home,0.14263830552734902,0.0,0.0,0.0
277,January,public,130.0,0.0,0.0,0.0
277,February,home,0.14263830552734902,0.0,0.0,0.0
277,February,public,130.0,0.0,0.0,0.0
277,March,public,20.0,0.0,0.0,0.0
277,April,public,20.0,0.0,0.0,0.0
277,May,public,20.0,0.0,0.0,0.0
277,June,home,65.78076755533837,0.0,0.0,0.0
277,June,public,100.0,0.0,0.0,0.0
277,July,home,65.78076755533837,0.0,0.0,0.0
277,July,public,100.0,0.0,0.0,0.0
277,August,home,65.78076755533837,0.0,0.0,0.0
277,August,public,100.0,0.0,0.0,0.0
277,September,home,48.710550705803584,0.0,0.0,0.0
277,September,public,32.5,0.0,0.0,0.0
277,October,home,48.710550705803584,0.0,0.0,0.0
277,October,public,32.5,0.0,0.0,0.0
277,November,home,48.710550705803584,0.0,0.0,0.0
277,November,public,32.5,0.0,0.0,0.0
277,December,home,0.14263830552734902,0.0,0.0,0.0
277,December,public,130.0,0.0,0.0,0.0
278,January,home,668.8599690060073,0.0,0.0,0.0
278,January,public,360.0,0.0,0.0,0.0
278,February,home,668.8599690060073,0.0,0.0,0.0
278,February,public,360.0,0.0,0.0,0.0
278,March,home,770.4663675540967,0.0,0.0,0.0
278,March,public,292.5,0.0,0.0,0.0
278,April,home,770.4663675540967,0.0,0.0,0.0
278,April,public,292.5,0.0,0.0,0.0
278,May,home,770.4663675540967,0.0,0.0,0.0
278,May,public,292.5,0.0,0.0,0.0
278,June,home,695.5579207540948,0.0,0.0,0.0
278,June,public,362.5,0.0,0.0,0.0
278,July,home,695.5579207540948,0.0,0.0,0.0
278,July,public,362.5,0.0,0.0,0.0
278,August,home,695.5579207540948,0.0,0.0,0.0
278,August,public,362.5,0.0,0.0,0.0
278,September,home,651.5261702734384,0.0,0.0,0.0
278,September,public,492.5,0.0,0.0,0.0
278,October,home,651.5261702734384,0.0,0.0,0.0
278,October,public,492.5,0.0,0.0,0.0
278,November,home,651.5261702734384,0.0,0.0,0.0
278,November,public,492.5,0.0,0.0,0.0
278,December,home,668.8599690060073,0.0,0.0,0.0
278,December,public,360.0,0.0,0.0,0.0
279,January,home,7.812519259733293,0.0,0.0,0.0
279,January,public,371.48155654641266,0.0,0.0,0.0
279,February,home,7.812519259733293,0.0,0.0,0.0
279,February,public,371.48155654641266,0.0,0.0,0.0
279,March,home,32.68374584236477,0.0,0.0,0.0
279,March,public,175.0,0.0,0.0,0.0
279,April,home,32.68374584236477,0.0,0.0,0.0
279,April,public,175.0,0.0,0.0,0.0
279,May,home,32.68374584236477,0.0,0.0,0.0
279,May,public,175.0,0.0,0.0,0.0
279,June,home,9.288251099777355,0.0,0.0,0.0
279,June,public,390.0,0.0,0.0,0.0
279,July,home,9.288251099777355,0.0,0.0,0.0
279,July,public,390.0,0.0,0.0,0.0
279,August,home,9.288251099777355,0.0,0.0,0.0
279,August,public,390.0,0.0,0.0,0.0
279,September,home,2.1877953805711243,0.0,0.0,0.0
279,September,public,245.00000000000003,0.0,0.0,0.0
279,October,home,2.1877953805711243,0.0,0.0,0.0
279,October,public,245.00000000000003,0.0,0.0,0.0
279,November,home,2.1877953805711243,0.0,0.0,0.0
279,November,public,245.00000000000003,0.0,0.0,0.0
279,December,home,7.812519259733293,0.0,0.0,0.0
279,December,public,371.48155654641266,0.0,0.0,0.0
280,January,public,982.5,0.0,0.0,0.0
280,February,public,982.5,0.0,0.0,0.0
280,March,public,592.5,0.0,0.0,0.0
280,April,public,592.5,0.0,0.0,0.0
280,May,public,592.5,0.0,0.0,0.0
280,June,public,670.0,0.0,0.0,0.0
280,July,public,670.0,0.0,0.0,0.0
280,August,public,670.0,0.0,0.0,0.0
280,September,public,762.5,0.0,0.0,0.0
280,October,public,762.5,0.0,0.0,0.0
280,November,public,762.5,0.0,0.0,0.0
280,December,public,982.5,0.0,0.0,0.0
281,January,public,460.0,0.0,0.0,0.0
281,February,public,460.0,0.0,0.0,0.0
281,March,public,295.0,0.0,0.0,0.0
281,April,public,295.0,0.0,0.0,0.0
281,May,public,295.0,0.0,0.0,0.0
281,June,public,437.5,0.0,0.0,0.0
281,July,public,437.5,0.0,0.0,0.0
281,August,public,437.5,0.0,0.0,0.0
281,September,public,370.0,0.0,0.0,0.0
281,October,public,370.0,0.0,0.0,0.0
281,November,public,370.0,0.0,0.0,0.0
281,December,public,460.0,0.0,0.0,0.0
282,January,public,25.0,0.0,0.0,0.0
282,February,public,25.0,0.0,0.0,0.0
282,March,public,127.5,0.0,0.0,0.0
282,April,public,127.5,0.0,0.0,0.0
282,May,public,127.5,0.0,0.0,0.0
282,June,public,127.5,0.0,0.0,0.0
282,July,public,127.5,0.0,0.0,0.0
282,August,public,127.5,0.0,0.0,0.0
282,September,public,175.0,0.0,0.0,0.0
282,October,public,175.0,0.0,0.0,0.0
282,November,public,175.0,0.0,0.0,0.0
282,December,public,25.0,0.0,0.0,0.0
283,January,public,247.5,0.0,0.0,0.0
283,February,public,247.5,0.0,0.0,0.0
283,March,public,140.0,0.0,0.0,0.0
283,April,public,140.0,0.0,0.0,0.0
283,May,public,140.0,0.0,0.0,0.0
283,June,public,307.5,0.0,0.0,0.0
283,July,public,307.5,0.0,0.0,0.0
283,August,public,307.5,0.0,0.0,0.0
283,September,public,310.0,0.0,0.0,0.0
283,October,public,310.0,0.0,0.0,0.0
283,November,public,310.0,0.0,0.0,0.0
283,December,public,247.5,0.0,0.0,0.0
284,January,public,87.5,0.0,0.0,0.0
284,February,public,87.5,0.0,0.0,0.0
284,March,public,162.5,0.0,0.0,0.0
284,April,public,162.5,0.0,0.0,0.0
284,May,public,162.5,0.0,0.0,0.0
284,June,public,65.0,0.0,0.0,0.0
284,July,public,65.0,0.0,0.0,0.0
284,August,public,65.0,0.0,0.0,0.0
284,September,public,185.0,0.0,0.0,0.0
284,October,public,185.0,0.0,0.0,0.0
284,November,public,185.0,0.0,0.0,0.0
284,December,public,87.5,0.0,0.0,0.0
285,January,public,5.0,0.0,0.0,0.0
285,February,public,5.0,0.0,0.0,0.0
285,March,public,45.0,0.0,0.0,0.0
285,April,public,45.0,0.0,0.0,0.0
285,May,public,45.0,0.0,0.0,0.0
285,September,public,5.0,0.0,0.0,0.0
285,October,public,5.0,0.0,0.0,0.0
285,November,public,5.0,0.0,0.0,0.0
285,December,public,5.0,0.0,0.0,0.0
286,January,public,522.5,0.0,0.0,0.0
286,February,public,522.5,0.0,0.0,0.0
286,March,public,725.0,0.0,0.0,0.0
286,April,public,725.0,0.0,0.0,0.0
286,May,public,725.0,0.0,0.0,0.0
286,June,public,557.5,0.0,0.0,0.0
286,July,public,557.5,0.0,0.0,0.0
286,August,public,557.5,0.0,0.0,0.0
286,September,public,507.5,0.0,0.0,0.0
286,October,public,507.5,0.0,0.0,0.0
286,November,public,507.5,0.0,0.0,0.0
286,December,public,522.5,0.0,0.0,0.0
287,January,public,1204.0205576559547,0.0,0.0,0.0
287,February,public,1204.0205576559547,0.0,0.0,0.0
287,March,public,1095.0,0.0,0.0,0.0
287,April,public,1095.0,0.0,0.0,0.0
287,May,public,1095.0,0.0,0.0,0.0
287,June,public,1222.2164461247637,0.0,0.0,0.0
287,July,public,1222.2164461247637,0.0,0.0,0.0
287,August,public,1222.2164461247637,0.0,0.0,0.0
287,September,public,1255.0,0.0,0.0,0.0
287,October,public,1255.0,0.0,0.0,0.0
287,November,public,1255.0,0.0,0.0,0.0
287,December,public,1204.0205576559547,0.0,0.0,0.0
288,January,home,82.27043126428967,0.0,0.0,0.0
288,January,public,800.0,0.0,0.0,0.0
288,February,home,82.27043126428967,0.0,0.0,0.0
288,February,public,800.0,0.0,0.0,0.0
288,March,home,85.53441328530285,0.0,0.0,0.0
288,March,public,955.0000000000001,0.0,0.0,0.0
288,April,home,85.53441328530285,0.0,0.0,0.0
288,April,public,955.0000000000001,0.0,0.0,0.0
288,May,home,85.53441328530285,0.0,0.0,0.0
288,May,public,955.0000000000001,0.0,0.0,0.0
288,June,home,117.86991503259826,0.0,0.0,0.0
288,June,public,830.0,0.0,0.0,0.0
288,July,home,117.86991503259826,0.0,0.0,0.0
288,July,public,830.0,0.0,0.0,0.0
288,August,home,117.86991503259826,0.0,0.0,0.0
288,August,public,830.0,0.0,0.0,0.0
288,September,home,169.065274583595,0.0,0.0,0.0
288,September,public,762.5,0.0,0.0,0.0
288,October,home,169.065274583595,0.0,0.0,0.0
288,October,public,762.5,0.0,0.0,0.0
288,November,home,169.065274583595,0.0,0.0,0.0
288,November,public,762.5,0.0,0.0,0.0
288,December,home,82.27043126428967,0.0,0.0,0.0
288,December,public,800.0,0.0,0.0,0.0
289,January,home,315.99169188658766,0.0,0.0,0.0
289,January,public,795.0,0.0,0.0,0.0
289,February,home,315.99169188658766,0.0,0.0,0.0
289,February,public,795.0,0.0,0.0,0.0
289,March,home,116.45605042132985,0.0,0.0,0.0
289,March,public,695.0,0.0,0.0,0.0
289,April,home,116.45605042132985,0.0,0.0,0.0
289,April,public,695.0,0.0,0.0,0.0
289,May,home,116.45605042132985,0.0,0.0,0.0
289,May,public,695.0,0.0,0.0,0.0
289,June,home,403.4561170200503,0.0,0.0,0.0
289,June,public,755.0,0.0,0.0,0.0
289,July,home,403.4561170200503,0.0,0.0,0.0
289,July,public,755.0,0.0,0.0,0.0
289,August,home,403.4561170200503,0.0,0.0,0.0
289,August,public,755.0,0.0,0.0,0.0
289,September,home,401.85980674005896,0.0,0.0,0.0
289,September,public,555.0,0.0,0.0,0.0
289,October,home,401.85980674005896,0.0,0.0,0.0
289,October,public,555.0,0.0,0.0,0.0
289,November,home,401.85980674005896,0.0,0.0,0.0
289,November,public,555.0,0.0,0.0,0.0
289,December,home,315.99169188658766,0.0,0.0,0.0
289,December,public,795.0,0.0,0.0,0.0
290,January,public,670.0,0.0,0.0,0.0
290,February,public,670.0,0.0,0.0,0.0
290,March,public,527.5,0.0,0.0,0.0
290,April,public,527.5,0.0,0.0,0.0
290,May,public,527.5,0.0,0.0,0.0
290,June,public,865.0,0.0,0.0,0.0
290,July,public,865.0,0.0,0.0,0.0
290,August,public,865.0,0.0,0.0,0.0
290,September,public,447.5,0.0,0.0,0.0
290,October,public,447.5,0.0,0.0,0.0
290,November,public,447.5,0.0,0.0,0.0
290,December,public,670.0,0.0,0.0,0.0
291,January,public,2017.5,0.0,0.0,0.0
291,February,public,2017.5,0.0,0.0,0.0
291,March,public,1467.5,0.0,0.0,0.0
291,April,public,1467.5,0.0,0.0,0.0
291,May,public,1467.5,0.0,0.0,0.0
291,June,public,1660.0,0.0,0.0,0.0
291,July,public,1660.0,0.0,0.0,0.0
291,August,public,1660.0,0.0,0.0,0.0
291,September,public,1582.5,0.0,0.0,0.0
291,October,public,1582.5,0.0,0.0,0.0
291,November,public,1582.5,0.0,0.0,0.0
291,December,public,2017.5,0.0,0.0,0.0
292,January,public,2852.5,0.0,0.0,0.0
292,February,public,2852.5,0.0,0.0,0.0
292,March,public,3055.0,0.0,0.0,0.0
292,April,public,3055.0,0.0,0.0,0.0
292,May,public,3055.0,0.0,0.0,0.0
292,June,public,2685.0,0.0,0.0,0.0
292,July,public,2685.0,0.0,0.0,0.0
292,August,public,2685.0,0.0,0.0,0.0
292,September,public,2155.0,0.0,0.0,0.0
292,October,public,2155.0,0.0,0.0,0.0
292,November,public,2155.0,0.0,0.0,0.0
292,December,public,2852.5,0.0,0.0,0.0
293,January,home,146.12791649295227,0.0,0.0,0.0
293,January,public,2182.5,0.0,0.0,0.0
293,February,home,146.12791649295227,0.0,0.0,0.0
293,February,public,2182.5,0.0,0.0,0.0
293,March,home,20.875235149148494,0.0,0.0,0.0
293,March,public,1232.5,0.0,0.0,0.0
293,April,home,20.875235149148494,0.0,0.0,0.0
293,April,public,1232.5,0.0,0.0,0.0
293,May,home,20.875235149148494,0.0,0.0,0.0
293,May,public,1232.5,0.0,0.0,0.0
293,June,home,122.68299985168325,0.0,0.0,0.0
293,June,public,1685.0,0.0,0.0,0.0
293,July,home,122.68299985168325,0.0,0.0,0.0
293,July,public,1685.0,0.0,0.0,0.0
293,August,home,122.68299985168325,0.0,0.0,0.0
293,August,public,1685.0,0.0,0.0,0.0
293,September,home,20.371574521133887,0.0,0.0,0.0
293,September,public,1920.0,0.0,0.0,0.0
293,October,home,20.371574521133887,0.0,0.0,0.0
293,October,public,1920.0,0.0,0.0,0.0
293,November,home,20.371574521133887,0.0,0.0,0.0
293,November,public,1920.0,0.0,0.0,0.0
293,December,home,146.12791649295227,0.0,0.0,0.0
293,December,public,2182.5,0.0,0.0,0.0
294,January,home,823.7192010154229,0.0,0.0,0.0
294,January,public,2780.0,0.0,0.0,0.0
294,February,home,823.7192010154229,0.0,0.0,0.0
294,February,public,2780.0,0.0,0.0,0.0
294,March,home,646.5228728516526,0.0,0.0,0.0
294,March,public,2532.5,0.0,0.0,0.0
294,April,home,646.5228728516526,0.0,0.0,0.0
294,April,public,2532.5,0.0,0.0,0.0
294,May,home,646.5228728516526,0.0,0.0,0.0
294,May,public,2532.5,0.0,0.0,0.0
294,June,home,327.9264614840404,0.0,0.0,0.0
294,June,public,2195.0,0.0,0.0,0.0
294,July,home,327.9264614840404,0.0,0.0,0.0
294,July,public,2195.0,0.0,0.0,0.0
294,August,home,327.9264614840404,0.0,0.0,0.0
294,August,public,2195.0,0.0,0.0,0.0
294,September,home,891.2024752112754,0.0,0.0,0.0
294,September,public,2405.0,0.0,0.0,0.0
294,October,home,891.2024752112754,0.0,0.0,0.0
294,October,public,2405.0,0.0,0.0,0.0
294,November,home,891.2024752112754,0.0,0.0,0.0
294,November,public,2405.0,0.0,0.0,0.0
294,December,home,823.7192010154229,0.0,0.0,0.0
294,December,public,2780.0,0.0,0.0,0.0
295,January,public,520.0,0.0,0.0,0.0
295,February,public,520.0,0.0,0.0,0.0
295,March,public,522.5,0.0,0.0,0.0
295,April,public,522.5,0.0,0.0,0.0
295,May,public,522.5,0.0,0.0,0.0
295,June,public,690.0,0.0,0.0,0.0
295,July,public,690.0,0.0,0.0,0.0
295,August,public,690.0,0.0,0.0,0.0
295,September,public,522.5,0.0,0.0,0.0
295,October,public,522.5,0.0,0.0,0.0
295,November,public,522.5,0.0,0.0,0.0
295,December,public,520.0,0.0,0.0,0.0
296,January,public,531.7727807556544,0.0,0.0,0.0
296,February,public,531.7727807556544,0.0,0.0,0.0
296,March,public,437.50000000000006,0.0,0.0,0.0
296,April,public,437.50000000000006,0.0,0.0,0.0
296,May,public,437.50000000000006,0.0,0.0,0.0
296,June,public,580.0,0.0,0.0,0.0
296,July,public,580.0,0.0,0.0,0.0
296,August,public,580.0,0.0,0.0,0.0
296,September,public,307.5,0.0,0.0,0.0
296,October,public,307.5,0.0,0.0,0.0
296,November,public,307.5,0.0,0.0,0.0
296,December,public,531.7727807556544,0.0,0.0,0.0
297,January,public,592.5,0.0,0.0,0.0
297,February,public,592.5,0.0,0.0,0.0
297,March,public,647.5,0.0,0.0,0.0
297,April,public,647.5,0.0,0.0,0.0
297,May,public,647.5,0.0,0.0,0.0
297,June,public,507.5,0.0,0.0,0.0
297,July,public,507.5,0.0,0.0,0.0
297,August,public,507.5,0.0,0.0,0.0
297,September,public,657.5,0.0,0.0,0.0
297,October,public,657.5,0.0,0.0,0.0
297,November,public,657.5,0.0,0.0,0.0
297,December,public,592.5,0.0,0.0,0.0
298,January,public,145.0,0.0,0.0,0.0
298,February,public,145.0,0.0,0.0,0.0
298,March,public,77.5,0.0,0.0,0.0
298,April,public,77.5,0.0,0.0,0.0
298,May,public,77.5,0.0,0.0,0.0
298,June,public,102.5,0.0,0.0,0.0
298,July,public,102.5,0.0,0.0,0.0
298,August,public,102.5,0.0,0.0,0.0
298,September,public,237.5,0.0,0.0,0.0
298,October,public,237.5,0.0,0.0,0.0
298,November,public,237.5,0.0,0.0,0.0
298,December,public,145.0,0.0,0.0,0.0
299,January,public,975.0,0.0,0.0,0.0
299,February,public,975.0,0.0,0.0,0.0
299,March,public,1167.5,0.0,0.0,0.0
299,April,public,1167.5,0.0,0.0,0.0
299,May,public,1167.5,0.0,0.0,0.0
299,June,public,1135.0,0.0,0.0,0.0
299,July,public,1135.0,0.0,0.0,0.0
299,August,public,1135.0,0.0,0.0,0.0
299,September,public,945.0,0.0,0.0,0.0
299,October,public,945.0,0.0,0.0,0.0
299,November,public,945.0,0.0,0.0,0.0
299,December,public,975.0,0.0,0.0,0.0
300,January,public,375.0,0.0,0.0,0.0
300,February,public,375.0,0.0,0.0,0.0
300,March,public,455.0,0.0,0.0,0.0
300,April,public,455.0,0.0,0.0,0.0
300,May,public,455.0,0.0,0.0,0.0
300,June,public,660.0,0.0,0.0,0.0
300,July,public,660.0,0.0,0.0,0.0
300,August,public,660.0,0.0,0.0,0.0
300,September,public,487.5,0.0,0.0,0.0
300,October,public,487.5,0.0,0.0,0.0
300,November,public,487.5,0.0,0.0,0.0
300,December,public,375.0,0.0,0.0,0.0
302,March,public,50.0,0.0,0.0,0.0
302,April,public,50.0,0.0,0.0,0.0
302,May,public,50.0,0.0,0.0,0.0
302,June,public,55.0,0.0,0.0,0.0
302,July,public,55.0,0.0,0.0,0.0
302,August,public,55.0,0.0,0.0,0.0
303,January,public,85.0,0.0,0.0,0.0
303,February,public,85.0,0.0,0.0,0.0
303,March,public,140.0,0.0,0.0,0.0
303,April,public,140.0,0.0,0.0,0.0
303,May,public,140.0,0.0,0.0,0.0
303,June,home,29.760538731804182,0.0,0.0,0.0
303,June,public,112.5,0.0,0.0,0.0
303,July,home,29.760538731804182,0.0,0.0,0.0
303,July,public,112.5,0.0,0.0,0.0
303,August,home,29.760538731804182,0.0,0.0,0.0
303,August,public,112.5,0.0,0.0,0.0
303,September,home,12.856570024518838,0.0,0.0,0.0
303,September,public,20.0,0.0,0.0,0.0
303,October,home,12.856570024518838,0.0,0.0,0.0
303,October,public,20.0,0.0,0.0,0.0
303,November,home,12.856570024518838,0.0,0.0,0.0
303,November,public,20.0,0.0,0.0,0.0
303,December,public,85.0,0.0,0.0,0.0
304,January,public,86.15402341229607,0.0,0.0,0.0
304,February,public,86.15402341229607,0.0,0.0,0.0
304,March,public,125.0,0.0,0.0,0.0
304,April,public,125.0,0.0,0.0,0.0
304,May,public,125.0,0.0,0.0,0.0
304,June,public,114.99999999999999,0.0,0.0,0.0
304,July,public,114.99999999999999,0.0,0.0,0.0
304,August,public,114.99999999999999,0.0,0.0,0.0
304,September,public,142.5,0.0,0.0,0.0
304,October,public,142.5,0.0,0.0,0.0
304,November,public,142.5,0.0,0.0,0.0
304,December,public,86.15402341229607,0.0,0.0,0.0
305,January,home,220.24969276336248,0.0,0.0,0.0
305,January,public,370.0,0.0,0.0,0.0
305,February,home,220.24969276336248,0.0,0.0,0.0
305,February,public,370.0,0.0,0.0,0.0
305,March,home,178.01041989386786,0.0,0.0,0.0
305,March,public,270.0,0.0,0.0,0.0
305,April,home,178.01041989386786,0.0,0.0,0.0
305,April,public,270.0,0.0,0.0,0.0
305,May,home,178.01041989386786,0.0,0.0,0.0
305,May,public,270.0,0.0,0.0,0.0
305,June,home,96.17687084667457,0.0,0.0,0.0
305,June,public,252.5,0.0,0.0,0.0
305,July,home,96.17687084667457,0.0,0.0,0.0
305,July,public,252.5,0.0,0.0,0.0
305,August,home,96.17687084667457,0.0,0.0,0.0
305,August,public,252.5,0.0,0.0,0.0
305,September,home,200.82305847639867,0.0,0.0,0.0
305,September,public,322.5,0.0,0.0,0.0
305,October,home,200.82305847639867,0.0,0.0,0.0
305,October,public,322.5,0.0,0.0,0.0
305,November,home,200.82305847639867,0.0,0.0,0.0
305,November,public,322.5,0.0,0.0,0.0
305,December,home,220.24969276336248,0.0,0.0,0.0
305,December,public,370.0,0.0,0.0,0.0
306,January,public,382.5,0.0,0.0,0.0
306,February,public,382.5,0.0,0.0,0.0
306,March,public,375.0,0.0,0.0,0.0
306,April,public,375.0,0.0,0.0,0.0
306,May,public,375.0,0.0,0.0,0.0
306,June,home,39.68535474888243,0.0,0.0,0.0
306,June,public,317.5,0.0,0.0,0.0
306,July,home,39.68535474888243,0.0,0.0,0.0
306,July,public,317.5,0.0,0.0,0.0
306,August,home,39.68535474888243,0.0,0.0,0.0
306,August,public,317.5,0.0,0.0,0.0
306,September,home,50.63390969758703,0.0,0.0,0.0
306,September,public,162.5,0.0,0.0,0.0
306,October,home,50.63390969758703,0.0,0.0,0.0
306,October,public,162.5,0.0,0.0,0.0
306,November,home,50.63390969758703,0.0,0.0,0.0
306,November,public,162.5,0.0,0.0,0.0
306,December,public,382.5,0.0,0.0,0.0
307,January,public,382.5,0.0,0.0,0.0
307,February,public,382.5,0.0,0.0,0.0
307,March,public,332.5,0.0,0.0,0.0
307,April,public,332.5,0.0,0.0,0.0
307,May,public,332.5,0.0,0.0,0.0
307,June,public,337.5,0.0,0.0,0.0
307,July,public,337.5,0.0,0.0,0.0
307,August,public,337.5,0.0,0.0,0.0
307,September,public,160.0,0.0,0.0,0.0
307,October,public,160.0,0.0,0.0,0.0
307,November,public,160.0,0.0,0.0,0.0
307,December,public,382.5,0.0,0.0,0.0
308,January,public,47.5,0.0,0.0,0.0
308,February,public,47.5,0.0,0.0,0.0
308,March,public,82.5,0.0,0.0,0.0
308,April,public,82.5,0.0,0.0,0.0
308,May,public,82.5,0.0,0.0,0.0
308,June,public,80.0,0.0,0.0,0.0
308,July,public,80.0,0.0,0.0,0.0
308,August,public,80.0,0.0,0.0,0.0
308,December,public,47.5,0.0,0.0,0.0
309,March,public,82.5,0.0,0.0,0.0
309,April,public,82.5,0.0,0.0,0.0
309,May,public,82.5,0.0,0.0,0.0
309,June,public,95.0,0.0,0.0,0.0
309,July,public,95.0,0.0,0.0,0.0
309,August,public,95.0,0.0,0.0,0.0
309,September,public,65.0,0.0,0.0,0.0
309,October,public,65.0,0.0,0.0,0.0
309,November,public,65.0,0.0,0.0,0.0
310,January,public,47.5,0.0,0.0,0.0
310,February,public,47.5,0.0,0.0,0.0
310,June,public,120.0,0.0,0.0,0.0
310,July,public,120.0,0.0,0.0,0.0
310,August,public,120.0,0.0,0.0,0.0
310,September,public,107.5,0.0,0.0,0.0
310,October,public,107.5,0.0,0.0,0.0
310,November,public,107.5,0.0,0.0,0.0
310,December,public,47.5,0.0,0.0,0.0
311,January,public,52.49999999999999,0.0,0.0,0.0
311,February,public,52.49999999999999,0.0,0.0,0.0
311,March,public,25.0,0.0,0.0,0.0
311,April,public,25.0,0.0,0.0,0.0
311,May,public,25.0,0.0,0.0,0.0
311,December,public,52.49999999999999,0.0,0.0,0.0
312,January,home,330.85178866173686,0.0,0.0,0.0
312,January,public,810.0,0.0,0.0,0.0
312,February,home,330.85178866173686,0.0,0.0,0.0
312,February,public,810.0,0.0,0.0,0.0
312,March,home,295.30347202109266,0.0,0.0,0.0
312,March,public,825.0,0.0,0.0,0.0
312,April,home,295.30347202109266,0.0,0.0,0.0
312,April,public,825.0,0.0,0.0,0.0
312,May,home,295.30347202109266,0.0,0.0,0.0
312,May,public,825.0,0.0,0.0,0.0
312,June,home,357.695834669356,0.0,0.0,0.0
312,June,public,880.0,0.0,0.0,0.0
312,July,home,357.695834669356,0.0,0.0,0.0
312,July,public,880.0,0.0,0.0,0.0
312,August,home,357.695834669356,0.0,0.0,0.0
312,August,public,880.0,0.0,0.0,0.0
312,September,home,476.92917533662563,0.0,0.0,0.0
312,September,public,1032.5,0.0,0.0,0.0
312,October,home,476.92917533662563,0.0,0.0,0.0
312,October,public,1032.5,0.0,0.0,0.0
312,November,home,476.92917533662563,0.0,0.0,0.0
312,November,public,1032.5,0.0,0.0,0.0
312,December,home,330.85178866173686,0.0,0.0,0.0
312,December,public,810.0,0.0,0.0,0.0
313,January,public,242.5,0.0,0.0,0.0
313,February,public,242.5,0.0,0.0,0.0
313,March,public,380.0,0.0,0.0,0.0
313,April,public,380.0,0.0,0.0,0.0
313,May,public,380.0,0.0,0.0,0.0
313,June,public,700.0,0.0,0.0,0.0
313,July,public,700.0,0.0,0.0,0.0
313,August,public,700.0,0.0,0.0,0.0
313,September,public,557.5,0.0,0.0,0.0
313,October,public,557.5,0.0,0.0,0.0
313,November,public,557.5,0.0,0.0,0.0
313,December,public,242.5,0.0,0.0,0.0
314,January,public,1100.0,0.0,0.0,0.0
314,February,public,1100.0,0.0,0.0,0.0
314,March,public,1062.5,0.0,0.0,0.0
314,April,public,1062.5,0.0,0.0,0.0
314,May,public,1062.5,0.0,0.0,0.0
314,June,public,660.0,0.0,0.0,0.0
314,July,public,660.0,0.0,0.0,0.0
314,August,public,660.0,0.0,0.0,0.0
314,September,public,812.5,0.0,0.0,0.0
314,October,public,812.5,0.0,0.0,0.0
314,November,public,812.5,0.0,0.0,0.0
314,December,public,1100.0,0.0,0.0,0.0
315,January,public,1592.5,0.0,0.0,0.0
315,February,public,1592.5,0.0,0.0,0.0
315,March,public,1865.0,0.0,0.0,0.0
315,April,public,1865.0,0.0,0.0,0.0
315,May,public,1865.0,0.0,0.0,0.0
315,June,public,1697.5,0.0,0.0,0.0
315,July,public,1697.5,0.0,0.0,0.0
315,August,public,1697.5,0.0,0.0,0.0
315,September,public,2045.0,0.0,0.0,0.0
315,October,public,2045.0,0.0,0.0,0.0
315,November,public,2045.0,0.0,0.0,0.0
315,December,public,1592.5,0.0,0.0,0.0
316,January,home,133.15319625276905,0.0,0.0,0.0
316,January,public,1212.5,0.0,0.0,0.0
316,February,home,133.15319625276905,0.0,0.0,0.0
316,February,public,1212.5,0.0,0.0,0.0
316,March,home,265.28256718638454,0.0,0.0,0.0
316,March,public,705.0,0.0,0.0,0.0
316,April,home,265.28256718638454,0.0,0.0,0.0
316,April,public,705.0,0.0,0.0,0.0
316,May,home,265.28256718638454,0.0,0.0,0.0
316,May,public,705.0,0.0,0.0,0.0
316,June,home,213.3589988144226,0.0,0.0,0.0
316,June,public,1172.5,0.0,0.0,0.0
316,July,home,213.3589988144226,0.0,0.0,0.0
316,July,public,1172.5,0.0,0.0,0.0
316,August,home,213.3589988144226,0.0,0.0,0.0
316,August,public,1172.5,0.0,0.0,0.0
316,September,home,113.54138820406435,0.0,0.0,0.0
316,September,public,927.5,0.0,0.0,0.0
316,October,home,113.54138820406435,0.0,0.0,0.0
316,October,public,927.5,0.0,0.0,0.0
316,November,home,113.54138820406435,0.0,0.0,0.0
316,November,public,927.5,0.0,0.0,0.0
316,December,home,133.15319625276905,0.0,0.0,0.0
316,December,public,1212.5,0.0,0.0,0.0
317,January,public,537.5,0.0,0.0,0.0
317,February,public,537.5,0.0,0.0,0.0
317,March,public,300.0,0.0,0.0,0.0
317,April,public,300.0,0.0,0.0,0.0
317,May,public,300.0,0.0,0.0,0.0
317,June,public,347.5,0.0,0.0,0.0
317,July,public,347.5,0.0,0.0,0.0
317,August,public,347.5,0.0,0.0,0.0
317,September,public,437.5,0.0,0.0,0.0
317,October,public,437.5,0.0,0.0,0.0
317,November,public,437.5,0.0,0.0,0.0
317,December,public,537.5,0.0,0.0,0.0
318,January,public,927.5,0.0,0.0,0.0
318,February,public,927.5,0.0,0.0,0.0
318,March,public,690.0,0.0,0.0,0.0
318,April,public,690.0,0.0,0.0,0.0
318,May,public,690.0,0.0,0.0,0.0
318,June,public,592.5,0.0,0.0,0.0
318,July,public,592.5,0.0,0.0,0.0
318,August,public,592.5,0.0,0.0,0.0
318,September,public,510.0,0.0,0.0,0.0
318,October,public,510.0,0.0,0.0,0.0
318,November,public,510.0,0.0,0.0,0.0
318,December,public,927.5,0.0,0.0,0.0
319,January,public,347.5,0.0,0.0,0.0
319,February,public,347.5,0.0,0.0,0.0
319,March,public,947.5,0.0,0.0,0.0
319,April,public,947.5,0.0,0.0,0.0
319,May,public,947.5,0.0,0.0,0.0
319,June,public,730.0,0.0,0.0,0.0
319,July,public,730.0,0.0,0.0,0.0
319,August,public,730.0,0.0,0.0,0.0
319,September,public,515.0,0.0,0.0,0.0
319,October,public,515.0,0.0,0.0,0.0
319,November,public,515.0,0.0,0.0,0.0
319,December,public,347.5,0.0,0.0,0.0
320,January,home,161.40352892906725,0.0,0.0,0.0
320,January,public,802.5,0.0,0.0,0.0
320,February,home,161.40352892906725,0.0,0.0,0.0
320,February,public,802.5,0.0,0.0,0.0
320,March,home,73.33064635642542,0.0,0.0,0.0
320,March,public,845.0,0.0,0.0,0.0
320,April,home,73.33064635642542,0.0,0.0,0.0
320,April,public,845.0,0.0,0.0,0.0
320,May,home,73.33064635642542,0.0,0.0,0.0
320,May,public,845.0,0.0,0.0,0.0
320,June,home,28.207734914864915,0.0,0.0,0.0
320,June,public,882.293270288102,0.0,0.0,0.0
320,July,home,28.207734914864915,0.0,0.0,0.0
320,July,public,882.293270288102,0.0,0.0,0.0
320,August,home,28.207734914864915,0.0,0.0,0.0
320,August,public,882.293270288102,0.0,0.0,0.0
320,September,home,64.46167996320044,0.0,0.0,0.0
320,September,public,857.5,0.0,0.0,0.0
320,October,home,64.46167996320044,0.0,0.0,0.0
320,October,public,857.5,0.0,0.0,0.0
320,November,home,64.46167996320044,0.0,0.0,0.0
320,November,public,857.5,0.0,0.0,0.0
320,December,home,161.40352892906725,0.0,0.0,0.0
320,December,public,802.5,0.0,0.0,0.0
321,January,public,1975.0,0.0,0.0,0.0
321,February,public,1975.0,0.0,0.0,0.0
321,March,public,1750.0,0.0,0.0,0.0
321,April,public,1750.0,0.0,0.0,0.0
321,May,public,1750.0,0.0,0.0,0.0
321,June,public,2032.5,0.0,0.0,0.0
321,July,public,2032.5,0.0,0.0,0.0
321,August,public,2032.5,0.0,0.0,0.0
321,September,public,1922.5,0.0,0.0,0.0
321,October,public,1922.5,0.0,0.0,0.0
321,November,public,1922.5,0.0,0.0,0.0
321,December,public,1975.0,0.0,0.0,0.0
322,January,public,1085.0,0.0,0.0,0.0
322,February,public,1085.0,0.0,0.0,0.0
322,March,public,1012.5,0.0,0.0,0.0
322,April,public,1012.5,0.0,0.0,0.0
322,May,public,1012.5,0.0,0.0,0.0
322,June,public,1057.5,0.0,0.0,0.0
322,July,public,1057.5,0.0,0.0,0.0
322,August,public,1057.5,0.0,0.0,0.0
322,September,public,770.0,0.0,0.0,0.0
322,October,public,770.0,0.0,0.0,0.0
322,November,public,770.0,0.0,0.0,0.0
322,December,public,1085.0,0.0,0.0,0.0
323,January,public,672.5,0.0,0.0,0.0
323,February,public,672.5,0.0,0.0,0.0
323,March,public,1150.0,0.0,0.0,0.0
323,April,public,1150.0,0.0,0.0,0.0
323,May,public,1150.0,0.0,0.0,0.0
323,June,public,725.0,0.0,0.0,0.0
323,July,public,725.0,0.0,0.0,0.0
323,August,public,725.0,0.0,0.0,0.0
323,September,public,712.5,0.0,0.0,0.0
323,October,public,712.5,0.0,0.0,0.0
323,November,public,712.5,0.0,0.0,0.0
323,December,public,672.5,0.0,0.0,0.0
324,January,public,922.5,0.0,0.0,0.0
324,February,public,922.5,0.0,0.0,0.0
324,March,public,1470.0,0.0,0.0,0.0
324,April,public,1470.0,0.0,0.0,0.0
324,May,public,1470.0,0.0,0.0,0.0
324,June,public,1190.0,0.0,0.0,0.0
324,July,public,1190.0,0.0,0.0,0.0
324,August,public,1190.0,0.0,0.0,0.0
324,September,public,1657.5,0.0,0.0,0.0
324,October,public,1657.5,0.0,0.0,0.0
324,November,public,1657.5,0.0,0.0,0.0
324,December,public,922.5,0.0,0.0,0.0
325,January,home,720.119971848216,0.0,0.0,0.0
325,January,public,50.0,0.0,0.0,0.0
325,February,home,720.119971848216,0.0,0.0,0.0
325,February,public,50.0,0.0,0.0,0.0
325,March,home,486.50473075918154,0.0,0.0,0.0
325,March,public,105.0,0.0,0.0,0.0
325,April,home,486.50473075918154,0.0,0.0,0.0
325,April,public,105.0,0.0,0.0,0.0
325,May,home,486.50473075918154,0.0,0.0,0.0
325,May,public,105.0,0.0,0.0,0.0
325,June,home,731.8744933856763,0.0,0.0,0.0
325,June,public,10.0,0.0,0.0,0.0
325,July,home,731.8744933856763,0.0,0.0,0.0
325,July,public,10.0,0.0,0.0,0.0
325,August,home,731.8744933856763,0.0,0.0,0.0
325,August,public,10.0,0.0,0.0,0.0
325,September,home,459.5705637057424,0.0,0.0,0.0
325,September,public,5.000000000000001,0.0,0.0,0.0
325,October,home,459.5705637057424,0.0,0.0,0.0
325,October,public,5.000000000000001,0.0,0.0,0.0
325,November,home,459.5705637057424,0.0,0.0,0.0
325,November,public,5.000000000000001,0.0,0.0,0.0
325,December,home,720.119971848216,0.0,0.0,0.0
325,December,public,50.0,0.0,0.0,0.0
326,January,home,7.571634059862248,0.0,0.0,0.0
326,February,home,7.571634059862248,0.0,0.0,0.0
326,December,home,7.571634059862248,0.0,0.0,0.0
327,January,public,72.5,0.0,0.0,0.0
327,February,public,72.5,0.0,0.0,0.0
327,March,public,217.5,0.0,0.0,0.0
327,April,public,217.5,0.0,0.0,0.0
327,May,public,217.5,0.0,0.0,0.0
327,June,public,185.0,0.0,0.0,0.0
327,July,public,185.0,0.0,0.0,0.0
327,August,public,185.0,0.0,0.0,0.0
327,September,public,37.5,0.0,0.0,0.0
327,October,public,37.5,0.0,0.0,0.0
327,November,public,37.5,0.0,0.0,0.0
327,December,public,72.5,0.0,0.0,0.0
328,January,public,345.0,0.0,0.0,0.0
328,February,public,345.0,0.0,0.0,0.0
328,March,public,352.5,0.0,0.0,0.0
328,April,public,352.5,0.0,0.0,0.0
328,May,public,352.5,0.0,0.0,0.0
328,June,public,234.99999999999997,0.0,0.0,0.0
328,July,public,234.99999999999997,0.0,0.0,0.0
328,August,public,234.99999999999997,0.0,0.0,0.0
328,September,public,222.5,0.0,0.0,0.0
328,October,public,222.5,0.0,0.0,0.0
328,November,public,222.5,0.0,0.0,0.0
328,December,public,345.0,0.0,0.0,0.0
329,March,public,2.4999999999999996,0.0,0.0,0.0
329,April,public,2.4999999999999996,0.0,0.0,0.0
329,May,public,2.4999999999999996,0.0,0.0,0.0
329,June,public,15.0,0.0,0.0,0.0
329,July,public,15.0,0.0,0.0,0.0
329,August,public,15.0,0.0,0.0,0.0
331,January,home,150.86203948650837,0.0,0.0,0.0
331,January,public,925.0,0.0,0.0,0.0
331,February,home,150.86203948650837,0.0,0.0,0.0
331,February,public,925.0,0.0,0.0,0.0
331,March,home,8.666276538418053,0.0,0.0,0.0
331,March,public,817.5,0.0,0.0,0.0
331,April,home,8.666276538418053,0.0,0.0,0.0
331,April,public,817.5,0.0,0.0,0.0
331,May,home,8.666276538418053,0.0,0.0,0.0
331,May,public,817.5,0.0,0.0,0.0
331,June,home,26.406324156211717,0.0,0.0,0.0
331,June,public,777.5,0.0,0.0,0.0
331,July,home,26.406324156211717,0.0,0.0,0.0
331,July,public,777.5,0.0,0.0,0.0
331,August,home,26.406324156211717,0.0,0.0,0.0
331,August,public,777.5,0.0,0.0,0.0
331,September,home,29.558597921937974,0.0,0.0,0.0
331,September,public,722.5,0.0,0.0,0.0
331,October,home,29.558597921937974,0.0,0.0,0.0
331,October,public,722.5,0.0,0.0,0.0
331,November,home,29.558597921937974,0.0,0.0,0.0
331,November,public,722.5,0.0,0.0,0.0
331,December,home,150.86203948650837,0.0,0.0,0.0
331,December,public,925.0,0.0,0.0,0.0
332,January,public,35.0,0.0,0.0,0.0
332,February,public,35.0,0.0,0.0,0.0
332,March,public,27.5,0.0,0.0,0.0
332,April,public,27.5,0.0,0.0,0.0
332,May,public,27.5,0.0,0.0,0.0
332,September,public,57.5,0.0,0.0,0.0
332,October,public,57.5,0.0,0.0,0.0
332,November,public,57.5,0.0,0.0,0.0
332,December,public,35.0,0.0,0.0,0.0
333,March,public,97.5,0.0,0.0,0.0
333,April,public,97.5,0.0,0.0,0.0
333,May,public,97.5,0.0,0.0,0.0
334,January,public,52.5,0.0,0.0,0.0
334,February,public,52.5,0.0,0.0,0.0
334,March,public,47.5,0.0,0.0,0.0
334,April,public,47.5,0.0,0.0,0.0
334,May,public,47.5,0.0,0.0,0.0
334,June,public,72.50000000000001,0.0,0.0,0.0
334,July,public,72.50000000000001,0.0,0.0,0.0
334,August,public,72.50000000000001,0.0,0.0,0.0
334,September,public,57.5,0.0,0.0,0.0
334,October,public,57.5,0.0,0.0,0.0
334,November,public,57.5,0.0,0.0,0.0
334,December,public,52.5,0.0,0.0,0.0
335,January,public,97.50000000000001,0.0,0.0,0.0
335,February,public,97.50000000000001,0.0,0.0,0.0
335,March,public,7.5,0.0,0.0,0.0
335,April,public,7.5,0.0,0.0,0.0
335,May,public,7.5,0.0,0.0,0.0
335,June,public,60.0,0.0,0.0,0.0
335,July,public,60.0,0.0,0.0,0.0
335,August,public,60.0,0.0,0.0,0.0
335,September,public,5.0,0.0,0.0,0.0
335,October,public,5.0,0.0,0.0,0.0
335,November,public,5.0,0.0,0.0,0.0
335,December,public,97.50000000000001,0.0,0.0,0.0
336,January,public,245.0,0.0,0.0,0.0
336,February,public,245.0,0.0,0.0,0.0
336,March,public,162.5,0.0,0.0,0.0
336,April,public,162.5,0.0,0.0,0.0
336,May,public,162.5,0.0,0.0,0.0
336,June,public,285.0,0.0,0.0,0.0
336,July,public,285.0,0.0,0.0,0.0
336,August,public,285.0,0.0,0.0,0.0
336,September,public,220.0,0.0,0.0,0.0
336,October,public,220.0,0.0,0.0,0.0
336,November,public,220.0,0.0,0.0,0.0
336,December,public,245.0,0.0,0.0,0.0
337,January,home,231.1654247338363,0.0,0.0,0.0
337,January,public,375.0,0.0,0.0,0.0
337,February,home,231.1654247338363,0.0,0.0,0.0
337,February,public,375.0,0.0,0.0,0.0
337,March,home,48.60053553784245,0.0,0.0,0.0
337,March,public,362.5,0.0,0.0,0.0
337,April,home,48.60053553784245,0.0,0.0,0.0
337,April,public,362.5,0.0,0.0,0.0
337,May,home,48.60053553784245,0.0,0.0,0.0
337,May,public,362.5,0.0,0.0,0.0
337,June,home,98.41986504369243,0.0,0.0,0.0
337,June,public,535.0,0.0,0.0,0.0
337,July,home,98.41986504369243,0.0,0.0,0.0
337,July,public,535.0,0.0,0.0,0.0
337,August,home,98.41986504369243,0.0,0.0,0.0
337,August,public,535.0,0.0,0.0,0.0
337,September,home,142.13132643489348,0.0,0.0,0.0
337,September,public,483.43197011403856,0.0,0.0,0.0
337,October,home,142.13132643489348,0.0,0.0,0.0
337,October,public,483.43197011403856,0.0,0.0,0.0
337,November,home,142.13132643489348,0.0,0.0,0.0
337,November,public,483.43197011403856,0.0,0.0,0.0
337,December,home,231.1654247338363,0.0,0.0,0.0
337,December,public,375.0,0.0,0.0,0.0
338,January,public,567.5,0.0,0.0,0.0
338,February,public,567.5,0.0,0.0,0.0
338,March,public,820.0,0.0,0.0,0.0
338,April,public,820.0,0.0,0.0,0.0
338,May,public,820.0,0.0,0.0,0.0
338,June,public,587.5,0.0,0.0,0.0
338,July,public,587.5,0.0,0.0,0.0
338,August,public,587.5,0.0,0.0,0.0
338,September,public,442.5,0.0,0.0,0.0
338,October,public,442.5,0.0,0.0,0.0
338,November,public,442.5,0.0,0.0,0.0
338,December,public,567.5,0.0,0.0,0.0
339,January,public,165.0,0.0,0.0,0.0
339,February,public,165.0,0.0,0.0,0.0
339,March,public,132.5,0.0,0.0,0.0
339,April,public,132.5,0.0,0.0,0.0
339,May,public,132.5,0.0,0.0,0.0
339,June,public,62.5,0.0,0.0,0.0
339,July,public,62.5,0.0,0.0,0.0
339,August,public,62.5,0.0,0.0,0.0
339,September,public,112.5,0.0,0.0,0.0
339,October,public,112.5,0.0,0.0,0.0
339,November,public,112.5,0.0,0.0,0.0
339,December,public,165.0,0.0,0.0,0.0
340,January,public,1132.5,0.0,0.0,0.0
340,February,public,1132.5,0.0,0.0,0.0
340,March,public,1120.0,0.0,0.0,0.0
340,April,public,1120.0,0.0,0.0,0.0
340,May,public,1120.0,0.0,0.0,0.0
340,June,public,1072.5,0.0,0.0,0.0
340,July,public,1072.5,0.0,0.0,0.0
340,August,public,1072.5,0.0,0.0,0.0
340,September,public,970.0,0.0,0.0,0.0
340,October,public,970.0,0.0,0.0,0.0
340,November,public,970.0,0.0,0.0,0.0
340,December,public,1132.5,0.0,0.0,0.0
341,January,public,560.0,0.0,0.0,0.0
341,February,public,560.0,0.0,0.0,0.0
341,March,public,380.0,0.0,0.0,0.0
341,April,public,380.0,0.0,0.0,0.0
341,May,public,380.0,0.0,0.0,0.0
341,June,public,577.5,0.0,0.0,0.0
341,July,public,577.5,0.0,0.0,0.0
341,August,public,577.5,0.0,0.0,0.0
341,September,public,570.0,0.0,0.0,0.0
341,October,public,570.0,0.0,0.0,0.0
341,November,public,570.0,0.0,0.0,0.0
341,December,public,560.0,0.0,0.0,0.0
342,January,public,662.5,0.0,0.0,0.0
342,February,public,662.5,0.0,0.0,0.0
342,March,public,525.0,0.0,0.0,0.0
342,April,public,525.0,0.0,0.0,0.0
342,May,public,525.0,0.0,0.0,0.0
342,June,public,527.5,0.0,0.0,0.0
342,July,public,527.5,0.0,0.0,0.0
342,August,public,527.5,0.0,0.0,0.0
342,September,public,477.5,0.0,0.0,0.0
342,October,public,477.5,0.0,0.0,0.0
342,November,public,477.5,0.0,0.0,0.0
342,December,public,662.5,0.0,0.0,0.0
343,January,public,127.5,0.0,0.0,0.0
343,February,public,127.5,0.0,0.0,0.0
343,March,public,65.0,0.0,0.0,0.0
343,April,public,65.0,0.0,0.0,0.0
343,May,public,65.0,0.0,0.0,0.0
343,June,public,52.5,0.0,0.0,0.0
343,July,public,52.5,0.0,0.0,0.0
343,August,public,52.5,0.0,0.0,0.0
343,September,public,85.0,0.0,0.0,0.0
343,October,public,85.0,0.0,0.0,0.0
343,November,public,85.0,0.0,0.0,0.0
343,December,public,127.5,0.0,0.0,0.0
344,January,public,460.0,0.0,0.0,0.0
344,February,public,460.0,0.0,0.0,0.0
344,March,public,527.5,0.0,0.0,0.0
344,April,public,527.5,0.0,0.0,0.0
344,May,public,527.5,0.0,0.0,0.0
344,June,public,410.0,0.0,0.0,0.0
344,July,public,410.0,0.0,0.0,0.0
344,August,public,410.0,0.0,0.0,0.0
344,September,public,507.5,0.0,0.0,0.0
344,October,public,507.5,0.0,0.0,0.0
344,November,public,507.5,0.0,0.0,0.0
344,December,public,460.0,0.0,0.0,0.0
345,January,public,910.0,0.0,0.0,0.0
345,February,public,910.0,0.0,0.0,0.0
345,March,public,1357.5,0.0,0.0,0.0
345,April,public,1357.5,0.0,0.0,0.0
345,May,public,1357.5,0.0,0.0,0.0
345,June,public,937.5,0.0,0.0,0.0
345,July,public,937.5,0.0,0.0,0.0
345,August,public,937.5,0.0,0.0,0.0
345,September,public,727.5,0.0,0.0,0.0
345,October,public,727.5,0.0,0.0,0.0
345,November,public,727.5,0.0,0.0,0.0
345,December,public,910.0,0.0,0.0,0.0
346,January,public,475.0,0.0,0.0,0.0
346,February,public,475.0,0.0,0.0,0.0
346,March,public,307.5,0.0,0.0,0.0
346,April,public,307.5,0.0,0.0,0.0
346,May,public,307.5,0.0,0.0,0.0
346,June,public,285.0,0.0,0.0,0.0
346,July,public,285.0,0.0,0.0,0.0
346,August,public,285.0,0.0,0.0,0.0
346,September,public,245.0,0.0,0.0,0.0
346,October,public,245.0,0.0,0.0,0.0
346,November,public,245.0,0.0,0.0,0.0
346,December,public,475.0,0.0,0.0,0.0
347,January,public,1187.5,0.0,0.0,0.0
347,February,public,1187.5,0.0,0.0,0.0
347,March,public,1332.5,0.0,0.0,0.0
347,April,public,1332.5,0.0,0.0,0.0
347,May,public,1332.5,0.0,0.0,0.0
347,June,public,1325.0,0.0,0.0,0.0
347,July,public,1325.0,0.0,0.0,0.0
347,August,public,1325.0,0.0,0.0,0.0
347,September,public,1085.0,0.0,0.0,0.0
347,October,public,1085.0,0.0,0.0,0.0
347,November,public,1085.0,0.0,0.0,0.0
347,December,public,1187.5,0.0,0.0,0.0
348,January,public,365.0,0.0,0.0,0.0
348,February,public,365.0,0.0,0.0,0.0
348,March,public,395.0,0.0,0.0,0.0
348,April,public,395.0,0.0,0.0,0.0
348,May,public,395.0,0.0,0.0,0.0
348,June,public,452.5,0.0,0.0,0.0
348,July,public,452.5,0.0,0.0,0.0
348,August,public,452.5,0.0,0.0,0.0
348,September,public,390.0,0.0,0.0,0.0
348,October,public,390.0,0.0,0.0,0.0
348,November,public,390.0,0.0,0.0,0.0
348,December,public,365.0,0.0,0.0,0.0
349,January,public,1372.5,0.0,0.0,0.0
349,February,public,1372.5,0.0,0.0,0.0
349,March,public,1222.5,0.0,0.0,0.0
349,April,public,1222.5,0.0,0.0,0.0
349,May,public,1222.5,0.0,0.0,0.0
349,June,public,1160.0,0.0,0.0,0.0
349,July,public,1160.0,0.0,0.0,0.0
349,August,public,1160.0,0.0,0.0,0.0
349,September,public,1395.0,0.0,0.0,0.0
349,October,public,1395.0,0.0,0.0,0.0
349,November,public,1395.0,0.0,0.0,0.0
349,December,public,1372.5,0.0,0.0,0.0
350,January,home,18.368304994536352,0.0,0.0,0.0
350,January,public,357.5,0.0,0.0,0.0
350,February,home,18.368304994536352,0.0,0.0,0.0
350,February,public,357.5,0.0,0.0,0.0
350,March,home,12.985045246868069,0.0,0.0,0.0
350,March,public,265.0,0.0,0.0,0.0
350,April,home,12.985045246868069,0.0,0.0,0.0
350,April,public,265.0,0.0,0.0,0.0
350,May,home,12.985045246868069,0.0,0.0,0.0
350,May,public,265.0,0.0,0.0,0.0
350,June,home,148.16740171219283,0.0,0.0,0.0
350,June,public,272.5,0.0,0.0,0.0
350,July,home,148.16740171219283,0.0,0.0,0.0
350,July,public,272.5,0.0,0.0,0.0
350,August,home,148.16740171219283,0.0,0.0,0.0
350,August,public,272.5,0.0,0.0,0.0
350,September,home,16.701130519510087,0.0,0.0,0.0
350,September,public,340.0,0.0,0.0,0.0
350,October,home,16.701130519510087,0.0,0.0,0.0
350,October,public,340.0,0.0,0.0,0.0
350,November,home,16.701130519510087,0.0,0.0,0.0
350,November,public,340.0,0.0,0.0,0.0
350,December,home,18.368304994536352,0.0,0.0,0.0
350,December,public,357.5,0.0,0.0,0.0
351,January,home,49.03554320993056,0.0,0.0,0.0
351,January,public,565.0,0.0,0.0,0.0
351,February,home,49.03554320993056,0.0,0.0,0.0
351,February,public,565.0,0.0,0.0,0.0
351,March,home,89.30131072851847,0.0,0.0,0.0
351,March,public,470.0,0.0,0.0,0.0
351,April,home,89.30131072851847,0.0,0.0,0.0
351,April,public,470.0,0.0,0.0,0.0
351,May,home,89.30131072851847,0.0,0.0,0.0
351,May,public,470.0,0.0,0.0,0.0
351,June,home,190.5247639675546,0.0,0.0,0.0
351,June,public,490.0,0.0,0.0,0.0
351,July,home,190.5247639675546,0.0,0.0,0.0
351,July,public,490.0,0.0,0.0,0.0
351,August,home,190.5247639675546,0.0,0.0,0.0
351,August,public,490.0,0.0,0.0,0.0
351,September,home,256.92890250447806,0.0,0.0,0.0
351,September,public,385.0,0.0,0.0,0.0
351,October,home,256.92890250447806,0.0,0.0,0.0
351,October,public,385.0,0.0,0.0,0.0
351,November,home,256.92890250447806,0.0,0.0,0.0
351,November,public,385.0,0.0,0.0,0.0
351,December,home,49.03554320993056,0.0,0.0,0.0
351,December,public,565.0,0.0,0.0,0.0
352,January,public,1508.047305897327,0.0,0.0,0.0
352,February,public,1508.047305897327,0.0,0.0,0.0
352,March,public,1267.5,0.0,0.0,0.0
352,April,public,1267.5,0.0,0.0,0.0
352,May,public,1267.5,0.0,0.0,0.0
352,June,public,1445.0,0.0,0.0,0.0
352,July,public,1445.0,0.0,0.0,0.0
352,August,public,1445.0,0.0,0.0,0.0
352,September,public,1337.5,0.0,0.0,0.0
352,October,public,1337.5,0.0,0.0,0.0
352,November,public,1337.5,0.0,0.0,0.0
352,December,public,1508.047305897327,0.0,0.0,0.0
353,January,public,372.5,0.0,0.0,0.0
353,February,public,372.5,0.0,0.0,0.0
353,March,public,572.5,0.0,0.0,0.0
353,April,public,572.5,0.0,0.0,0.0
353,May,public,572.5,0.0,0.0,0.0
353,June,public,535.0,0.0,0.0,0.0
353,July,public,535.0,0.0,0.0,0.0
353,August,public,535.0,0.0,0.0,0.0
353,September,public,635.0,0.0,0.0,0.0
353,October,public,635.0,0.0,0.0,0.0
353,November,public,635.0,0.0,0.0,0.0
353,December,public,372.5,0.0,0.0,0.0
354,January,public,7.5,0.0,0.0,0.0
354,February,public,7.5,0.0,0.0,0.0
354,March,public,25.0,0.0,0.0,0.0
354,April,public,25.0,0.0,0.0,0.0
354,May,public,25.0,0.0,0.0,0.0
354,June,public,72.5,0.0,0.0,0.0
354,July,public,72.5,0.0,0.0,0.0
354,August,public,72.5,0.0,0.0,0.0
354,September,public,112.49999999999999,0.0,0.0,0.0
354,October,public,112.49999999999999,0.0,0.0,0.0
354,November,public,112.49999999999999,0.0,0.0,0.0
354,December,public,7.5,0.0,0.0,0.0
355,January,public,906.2548058457023,0.0,0.0,0.0
355,February,public,906.2548058457023,0.0,0.0,0.0
355,March,public,672.5,0.0,0.0,0.0
355,April,public,672.5,0.0,0.0,0.0
355,May,public,672.5,0.0,0.0,0.0
355,June,public,670.0,0.0,0.0,0.0
355,July,public,670.0,0.0,0.0,0.0
355,August,public,670.0,0.0,0.0,0.0
355,September,public,697.5,0.0,0.0,0.0
355,October,public,697.5,0.0,0.0,0.0
355,November,public,697.5,0.0,0.0,0.0
355,December,public,906.2548058457023,0.0,0.0,0.0
356,January,public,735.6141741888266,0.0,0.0,0.0
356,February,public,735.6141741888266,0.0,0.0,0.0
356,March,public,675.0,0.0,0.0,0.0
356,April,public,675.0,0.0,0.0,0.0
356,May,public,675.0,0.0,0.0,0.0
356,June,public,397.5,0.0,0.0,0.0
356,July,public,397.5,0.0,0.0,0.0
356,August,public,397.5,0.0,0.0,0.0
356,September,public,542.5,0.0,0.0,0.0
356,October,public,542.5,0.0,0.0,0.0
356,November,public,542.5,0.0,0.0,0.0
356,December,public,735.6141741888266,0.0,0.0,0.0
357,January,public,275.0,0.0,0.0,0.0
357,February,public,275.0,0.0,0.0,0.0
357,March,public,160.0,0.0,0.0,0.0
357,April,public,160.0,0.0,0.0,0.0
357,May,public,160.0,0.0,0.0,0.0
357,June,public,242.5,0.0,0.0,0.0
357,July,public,242.5,0.0,0.0,0.0
357,August,public,242.5,0.0,0.0,0.0
357,September,public,212.5,0.0,0.0,0.0
357,October,public,212.5,0.0,0.0,0.0
357,November,public,212.5,0.0,0.0,0.0
357,December,public,275.0,0.0,0.0,0.0
358,January,public,92.5,0.0,0.0,0.0
358,February,public,92.5,0.0,0.0,0.0
358,March,public,95.0,0.0,0.0,0.0
358,April,public,95.0,0.0,0.0,0.0
358,May,public,95.0,0.0,0.0,0.0
358,June,public,102.5,0.0,0.0,0.0
358,July,public,102.5,0.0,0.0,0.0
358,August,public,102.5,0.0,0.0,0.0
358,September,public,77.5,0.0,0.0,0.0
358,October,public,77.5,0.0,0.0,0.0
358,November,public,77.5,0.0,0.0,0.0
358,December,public,92.5,0.0,0.0,0.0
359,March,public,2.5,0.0,0.0,0.0
359,April,public,2.5,0.0,0.0,0.0
359,May,public,2.5,0.0,0.0,0.0
360,January,public,642.5,0.0,0.0,0.0
360,February,public,642.5,0.0,0.0,0.0
360,March,public,662.5,0.0,0.0,0.0
360,April,public,662.5,0.0,0.0,0.0
360,May,public,662.5,0.0,0.0,0.0
360,June,public,452.5,0.0,0.0,0.0
360,July,public,452.5,0.0,0.0,0.0
360,August,public,452.5,0.0,0.0,0.0
360,September,public,732.5,0.0,0.0,0.0
360,October,public,732.5,0.0,0.0,0.0
360,November,public,732.5,0.0,0.0,0.0
360,December,public,642.5,0.0,0.0,0.0
361,January,public,3245.0,0.0,0.0,0.0
361,February,public,3245.0,0.0,0.0,0.0
361,March,public,3350.0,0.0,0.0,0.0
361,April,public,3350.0,0.0,0.0,0.0
361,May,public,3350.0,0.0,0.0,0.0
361,June,public,3340.0,0.0,0.0,0.0
361,July,public,3340.0,0.0,0.0,0.0
361,August,public,3340.0,0.0,0.0,0.0
361,September,public,3190.0,0.0,0.0,0.0
361,October,public,3190.0,0.0,0.0,0.0
361,November,public,3190.0,0.0,0.0,0.0
361,December,public,3245.0,0.0,0.0,0.0
362,January,home,400.26661788663296,0.0,0.0,0.0
362,January,public,1205.0,0.0,0.0,0.0
362,February,home,400.26661788663296,0.0,0.0,0.0
362,February,public,1205.0,0.0,0.0,0.0
362,March,home,316.4109810218834,0.0,0.0,0.0
362,March,public,967.5,0.0,0.0,0.0
362,April,home,316.4109810218834,0.0,0.0,0.0
362,April,public,967.5,0.0,0.0,0.0
362,May,home,316.4109810218834,0.0,0.0,0.0
362,May,public,967.5,0.0,0.0,0.0
362,June,home,839.4759730522434,0.0,0.0,0.0
362,June,public,1265.0,0.0,0.0,0.0
362,July,home,839.4759730522434,0.0,0.0,0.0
362,July,public,1265.0,0.0,0.0,0.0
362,August,home,839.4759730522434,0.0,0.0,0.0
362,August,public,1265.0,0.0,0.0,0.0
362,September,home,219.7064875462974,0.0,0.0,0.0
362,September,public,785.0,0.0,0.0,0.0
362,October,home,219.7064875462974,0.0,0.0,0.0
362,October,public,785.0,0.0,0.0,0.0
362,November,home,219.7064875462974,0.0,0.0,0.0
362,November,public,785.0,0.0,0.0,0.0
362,December,home,400.26661788663296,0.0,0.0,0.0
362,December,public,1205.0,0.0,0.0,0.0
363,January,public,157.5,0.0,0.0,0.0
363,February,public,157.5,0.0,0.0,0.0
363,March,public,140.0,0.0,0.0,0.0
363,April,public,140.0,0.0,0.0,0.0
363,May,public,140.0,0.0,0.0,0.0
363,June,public,192.5,0.0,0.0,0.0
363,July,public,192.5,0.0,0.0,0.0
363,August,public,192.5,0.0,0.0,0.0
363,September,public,325.0,0.0,0.0,0.0
363,October,public,325.0,0.0,0.0,0.0
363,November,public,325.0,0.0,0.0,0.0
363,December,public,157.5,0.0,0.0,0.0
364,January,public,352.5,0.0,0.0,0.0
364,February,public,352.5,0.0,0.0,0.0
364,March,public,447.5,0.0,0.0,0.0
364,April,public,447.5,0.0,0.0,0.0
364,May,public,447.5,0.0,0.0,0.0
364,June,public,472.5,0.0,0.0,0.0
364,July,public,472.5,0.0,0.0,0.0
364,August,public,472.5,0.0,0.0,0.0
364,September,public,475.0,0.0,0.0,0.0
364,October,public,475.0,0.0,0.0,0.0
364,November,public,475.0,0.0,0.0,0.0
364,December,public,352.5,0.0,0.0,0.0
365,January,public,907.5,0.0,0.0,0.0
365,February,public,907.5,0.0,0.0,0.0
365,March,public,817.5,0.0,0.0,0.0
365,April,public,817.5,0.0,0.0,0.0
365,May,public,817.5,0.0,0.0,0.0
365,June,public,1137.5,0.0,0.0,0.0
365,July,public,1137.5,0.0,0.0,0.0
365,August,public,1137.5,0.0,0.0,0.0
365,September,public,840.0,0.0,0.0,0.0
365,October,public,840.0,0.0,0.0,0.0
365,November,public,840.0,0.0,0.0,0.0
365,December,public,907.5,0.0,0.0,0.0
366,January,public,525.0,0.0,0.0,0.0
366,February,public,525.0,0.0,0.0,0.0
366,March,public,387.5,0.0,0.0,0.0
366,April,public,387.5,0.0,0.0,0.0
366,May,public,387.5,0.0,0.0,0.0
366,June,public,397.5,0.0,0.0,0.0
366,July,public,397.5,0.0,0.0,0.0
366,August,public,397.5,0.0,0.0,0.0
366,September,public,342.5,0.0,0.0,0.0
366,October,public,342.5,0.0,0.0,0.0
366,November,public,342.5,0.0,0.0,0.0
366,December,public,525.0,0.0,0.0,0.0
367,January,public,875.0,0.0,0.0,0.0
367,February,public,875.0,0.0,0.0,0.0
367,March,public,650.0,0.0,0.0,0.0
367,April,public,650.0,0.0,0.0,0.0
367,May,public,650.0,0.0,0.0,0.0
367,June,public,855.0,0.0,0.0,0.0
367,July,public,855.0,0.0,0.0,0.0
367,August,public,855.0,0.0,0.0,0.0
367,September,public,918.6415313225058,0.0,0.0,0.0
367,October,public,918.6415313225058,0.0,0.0,0.0
367,November,public,918.6415313225058,0.0,0.0,0.0
367,December,public,875.0,0.0,0.0,0.0
368,September,public,87.5,0.0,0.0,0.0
368,October,public,87.5,0.0,0.0,0.0
368,November,public,87.5,0.0,0.0,0.0
369,January,public,527.5,0.0,0.0,0.0
369,February,public,527.5,0.0,0.0,0.0
369,March,public,697.5,0.0,0.0,0.0
369,April,public,697.5,0.0,0.0,0.0
369,May,public,697.5,0.0,0.0,0.0
369,June,public,420.0,0.0,0.0,0.0
369,July,public,420.0,0.0,0.0,0.0
369,August,public,420.0,0.0,0.0,0.0
369,September,public,465.0,0.0,0.0,0.0
369,October,public,465.0,0.0,0.0,0.0
369,November,public,465.0,0.0,0.0,0.0
369,December,public,527.5,0.0,0.0,0.0
370,January,home,32.8106489382312,0.0,0.0,0.0
370,January,public,786.6274773261673,0.0,0.0,0.0
370,February,home,32.8106489382312,0.0,0.0,0.0
370,February,public,786.6274773261673,0.0,0.0,0.0
370,March,home,8.668473007111494,0.0,0.0,0.0
370,March,public,1072.5,0.0,0.0,0.0
370,April,home,8.668473007111494,0.0,0.0,0.0
370,April,public,1072.5,0.0,0.0,0.0
370,May,home,8.668473007111494,0.0,0.0,0.0
370,May,public,1072.5,0.0,0.0,0.0
370,June,home,12.399647339993159,0.0,0.0,0.0
370,June,public,795.0,0.0,0.0,0.0
370,July,home,12.399647339993159,0.0,0.0,0.0
370,July,public,795.0,0.0,0.0,0.0
370,August,home,12.399647339993159,0.0,0.0,0.0
370,August,public,795.0,0.0,0.0,0.0
370,September,home,89.38451073697016,0.0,0.0,0.0
370,September,public,1200.0,0.0,0.0,0.0
370,October,home,89.38451073697016,0.0,0.0,0.0
370,October,public,1200.0,0.0,0.0,0.0
370,November,home,89.38451073697016,0.0,0.0,0.0
370,November,public,1200.0,0.0,0.0,0.0
370,December,home,32.8106489382312,0.0,0.0,0.0
370,December,public,786.6274773261673,0.0,0.0,0.0
371,January,home,7.527188107095149,0.0,0.0,0.0
371,January,public,545.0,0.0,0.0,0.0
371,February,home,7.527188107095149,0.0,0.0,0.0
371,February,public,545.0,0.0,0.0,0.0
371,March,public,592.5,0.0,0.0,0.0
371,April,public,592.5,0.0,0.0,0.0
371,May,public,592.5,0.0,0.0,0.0
371,June,home,26.935752098774728,0.0,0.0,0.0
371,June,public,572.5,0.0,0.0,0.0
371,July,home,26.935752098774728,0.0,0.0,0.0
371,July,public,572.5,0.0,0.0,0.0
371,August,home,26.935752098774728,0.0,0.0,0.0
371,August,public,572.5,0.0,0.0,0.0
371,September,home,24.341863805951036,0.0,0.0,0.0
371,September,public,512.5,0.0,0.0,0.0
371,October,home,24.341863805951036,0.0,0.0,0.0
371,October,public,512.5,0.0,0.0,0.0
371,November,home,24.341863805951036,0.0,0.0,0.0
371,November,public,512.5,0.0,0.0,0.0
371,December,home,7.527188107095149,0.0,0.0,0.0
371,December,public,545.0,0.0,0.0,0.0
372,January,public,112.5,0.0,0.0,0.0
372,February,public,112.5,0.0,0.0,0.0
372,March,public,147.5,0.0,0.0,0.0
372,April,public,147.5,0.0,0.0,0.0
372,May,public,147.5,0.0,0.0,0.0
372,June,public,102.5,0.0,0.0,0.0
372,July,public,102.5,0.0,0.0,0.0
372,August,public,102.5,0.0,0.0,0.0
372,September,public,165.0,0.0,0.0,0.0
372,October,public,165.0,0.0,0.0,0.0
372,November,public,165.0,0.0,0.0,0.0
372,December,public,112.5,0.0,0.0,0.0
373,January,public,455.0,0.0,0.0,0.0
373,February,public,455.0,0.0,0.0,0.0
373,March,public,435.0,0.0,0.0,0.0
373,April,public,435.0,0.0,0.0,0.0
373,May,public,435.0,0.0,0.0,0.0
373,June,public,417.5,0.0,0.0,0.0
373,July,public,417.5,0.0,0.0,0.0
373,August,public,417.5,0.0,0.0,0.0
373,September,public,480.0,0.0,0.0,0.0
373,October,public,480.0,0.0,0.0,0.0
373,November,public,480.0,0.0,0.0,0.0
373,December,public,455.0,0.0,0.0,0.0
374,January,public,600.0,0.0,0.0,0.0
374,February,public,600.0,0.0,0.0,0.0
374,March,public,338.9334068010076,0.0,0.0,0.0
374,April,public,338.9334068010076,0.0,0.0,0.0
374,May,public,338.9334068010076,0.0,0.0,0.0
374,June,public,590.0,0.0,0.0,0.0
374,July,public,590.0,0.0,0.0,0.0
374,August,public,590.0,0.0,0.0,0.0
374,September,public,365.0,0.0,0.0,0.0
374,October,public,365.0,0.0,0.0,0.0
374,November,public,365.0,0.0,0.0,0.0
374,December,public,600.0,0.0,0.0,0.0
375,January,home,0.1638148769192327,0.0,0.0,0.0
375,January,public,759.9848024316109,0.0,0.0,0.0
375,February,home,0.1638148769192327,0.0,0.0,0.0
375,February,public,759.9848024316109,0.0,0.0,0.0
375,March,home,0.08851649532427786,0.0,0.0,0.0
375,March,public,577.5,0.0,0.0,0.0
375,April,home,0.08851649532427786,0.0,0.0,0.0
375,April,public,577.5,0.0,0.0,0.0
375,May,home,0.08851649532427786,0.0,0.0,0.0
375,May,public,577.5,0.0,0.0,0.0
375,June,home,6.40811023112137,0.0,0.0,0.0
375,June,public,750.0,0.0,0.0,0.0
375,July,home,6.40811023112137,0.0,0.0,0.0
375,July,public,750.0,0.0,0.0,0.0
375,August,home,6.40811023112137,0.0,0.0,0.0
375,August,public,750.0,0.0,0.0,0.0
375,September,public,805.0,0.0,0.0,0.0
375,October,public,805.0,0.0,0.0,0.0
375,November,public,805.0,0.0,0.0,0.0
375,December,home,0.1638148769192327,0.0,0.0,0.0
375,December,public,759.9848024316109,0.0,0.0,0.0
376,January,public,15.0,0.0,0.0,0.0
376,February,public,15.0,0.0,0.0,0.0
376,March,public,215.0,0.0,0.0,0.0
376,April,public,215.0,0.0,0.0,0.0
376,May,public,215.0,0.0,0.0,0.0
376,June,public,147.5,0.0,0.0,0.0
376,July,public,147.5,0.0,0.0,0.0
376,August,public,147.5,0.0,0.0,0.0
376,September,public,180.0,0.0,0.0,0.0
376,October,public,180.0,0.0,0.0,0.0
376,November,public,180.0,0.0,0.0,0.0
376,December,public,15.0,0.0,0.0,0.0
377,January,home,642.9826469831668,0.0,0.0,0.0
377,January,public,880.0,0.0,0.0,0.0
377,February,home,642.9826469831668,0.0,0.0,0.0
377,February,public,880.0,0.0,0.0,0.0
377,March,home,891.8510063249657,0.0,0.0,0.0
377,March,public,1017.5,0.0,0.0,0.0
377,April,home,891.8510063249657,0.0,0.0,0.0
377,April,public,1017.5,0.0,0.0,0.0
377,May,home,891.8510063249657,0.0,0.0,0.0
377,May,public,1017.5,0.0,0.0,0.0
377,June,home,856.8756240319749,0.0,0.0,0.0
377,June,public,747.5,0.0,0.0,0.0
377,July,home,856.8756240319749,0.0,0.0,0.0
377,July,public,747.5,0.0,0.0,0.0
377,August,home,856.8756240319749,0.0,0.0,0.0
377,August,public,747.5,0.0,0.0,0.0
377,September,home,640.0385110957418,0.0,0.0,0.0
377,September,public,812.5,0.0,0.0,0.0
377,October,home,640.0385110957418,0.0,0.0,0.0
377,October,public,812.5,0.0,0.0,0.0
377,November,home,640.0385110957418,0.0,0.0,0.0
377,November,public,812.5,0.0,0.0,0.0
377,December,home,642.9826469831668,0.0,0.0,0.0
377,December,public,880.0,0.0,0.0,0.0
378,January,home,635.8559551616015,0.0,0.0,0.0
378,January,public,753.3079142621599,0.0,0.0,0.0
378,February,home,635.8559551616015,0.0,0.0,0.0
378,February,public,753.3079142621599,0.0,0.0,0.0
378,March,home,427.9540588999328,0.0,0.0,0.0
378,March,public,862.5,0.0,0.0,0.0
378,April,home,427.9540588999328,0.0,0.0,0.0
378,April,public,862.5,0.0,0.0,0.0
378,May,home,427.9540588999328,0.0,0.0,0.0
378,May,public,862.5,0.0,0.0,0.0
378,June,home,810.5548469604728,0.0,0.0,0.0
378,June,public,557.5,0.0,0.0,0.0
378,July,home,810.5548469604728,0.0,0.0,0.0
378,July,public,557.5,0.0,0.0,0.0
378,August,home,810.5548469604728,0.0,0.0,0.0
378,August,public,557.5,0.0,0.0,0.0
378,September,home,649.2320874406454,0.0,0.0,0.0
378,September,public,530.0,0.0,0.0,0.0
378,October,home,649.2320874406454,0.0,0.0,0.0
378,October,public,530.0,0.0,0.0,0.0
378,November,home,649.2320874406454,0.0,0.0,0.0
378,November,public,530.0,0.0,0.0,0.0
378,December,home,635.8559551616015,0.0,0.0,0.0
378,December,public,753.3079142621599,0.0,0.0,0.0
379,January,public,427.5,0.0,0.0,0.0
379,February,public,427.5,0.0,0.0,0.0
379,March,public,372.5,0.0,0.0,0.0
379,April,public,372.5,0.0,0.0,0.0
379,May,public,372.5,0.0,0.0,0.0
379,June,public,347.5,0.0,0.0,0.0
379,July,public,347.5,0.0,0.0,0.0
379,August,public,347.5,0.0,0.0,0.0
379,September,public,385.0,0.0,0.0,0.0
379,October,public,385.0,0.0,0.0,0.0
379,November,public,385.0,0.0,0.0,0.0
379,December,public,427.5,0.0,0.0,0.0
380,January,public,277.5,0.0,0.0,0.0
380,February,public,277.5,0.0,0.0,0.0
380,March,public,340.0,0.0,0.0,0.0
380,April,public,340.0,0.0,0.0,0.0
380,May,public,340.0,0.0,0.0,0.0
380,June,public,195.0,0.0,0.0,0.0
380,July,public,195.0,0.0,0.0,0.0
380,August,public,195.0,0.0,0.0,0.0
380,September,public,262.5,0.0,0.0,0.0
380,October,public,262.5,0.0,0.0,0.0
380,November,public,262.5,0.0,0.0,0.0
380,December,public,277.5,0.0,0.0,0.0
381,January,home,237.5534827087799,0.0,0.0,0.0
381,January,public,732.5,0.0,0.0,0.0
381,February,home,237.5534827087799,0.0,0.0,0.0
381,February,public,732.5,0.0,0.0,0.0
381,March,home,8.551695451449888,0.0,0.0,0.0
381,March,public,977.5,0.0,0.0,0.0
381,April,home,8.551695451449888,0.0,0.0,0.0
381,April,public,977.5,0.0,0.0,0.0
381,May,home,8.551695451449888,0.0,0.0,0.0
381,May,public,977.5,0.0,0.0,0.0
381,June,home,115.00447549267984,0.0,0.0,0.0
381,June,public,815.0,0.0,0.0,0.0
381,July,home,115.00447549267984,0.0,0.0,0.0
381,July,public,815.0,0.0,0.0,0.0
381,August,home,115.00447549267984,0.0,0.0,0.0
381,August,public,815.0,0.0,0.0,0.0
381,September,home,285.936778155185,0.0,0.0,0.0
381,September,public,732.5,0.0,0.0,0.0
381,October,home,285.936778155185,0.0,0.0,0.0
381,October,public,732.5,0.0,0.0,0.0
381,November,home,285.936778155185,0.0,0.0,0.0
381,November,public,732.5,0.0,0.0,0.0
381,December,home,237.5534827087799,0.0,0.0,0.0
381,December,public,732.5,0.0,0.0,0.0
382,January,home,66.11234099831299,0.0,0.0,0.0
382,January,public,160.0,0.0,0.0,0.0
382,February,home,66.11234099831299,0.0,0.0,0.0
382,February,public,160.0,0.0,0.0,0.0
382,March,home,65.95462157389836,0.0,0.0,0.0
382,March,public,305.0,0.0,0.0,0.0
382,April,home,65.95462157389836,0.0,0.0,0.0
382,April,public,305.0,0.0,0.0,0.0
382,May,home,65.95462157389836,0.0,0.0,0.0
382,May,public,305.0,0.0,0.0,0.0
382,June,home,30.90486835251187,0.0,0.0,0.0
382,June,public,147.5,0.0,0.0,0.0
382,July,home,30.90486835251187,0.0,0.0,0.0
382,July,public,147.5,0.0,0.0,0.0
382,August,home,30.90486835251187,0.0,0.0,0.0
382,August,public,147.5,0.0,0.0,0.0
382,September,public,87.5,0.0,0.0,0.0
382,October,public,87.5,0.0,0.0,0.0
382,November,public,87.5,0.0,0.0,0.0
382,December,home,66.11234099831299,0.0,0.0,0.0
382,December,public,160.0,0.0,0.0,0.0
383,January,home,261.2102727483913,0.0,0.0,0.0
383,February,home,261.2102727483913,0.0,0.0,0.0
383,March,home,327.99559364762183,0.0,0.0,0.0
383,April,home,327.99559364762183,0.0,0.0,0.0
383,May,home,327.99559364762183,0.0,0.0,0.0
383,June,home,163.20742869048473,0.0,0.0,0.0
383,July,home,163.20742869048473,0.0,0.0,0.0
383,August,home,163.20742869048473,0.0,0.0,0.0
383,September,home,226.37128844803144,0.0,0.0,0.0
383,October,home,226.37128844803144,0.0,0.0,0.0
383,November,home,226.37128844803144,0.0,0.0,0.0
383,December,home,261.2102727483913,0.0,0.0,0.0
385,January,public,12.5,0.0,0.0,0.0
385,February,public,12.5,0.0,0.0,0.0
385,March,public,112.5,0.0,0.0,0.0
385,April,public,112.5,0.0,0.0,0.0
385,May,public,112.5,0.0,0.0,0.0
385,June,public,40.0,0.0,0.0,0.0
385,July,public,40.0,0.0,0.0,0.0
385,August,public,40.0,0.0,0.0,0.0
385,September,public,47.5,0.0,0.0,0.0
385,October,public,47.5,0.0,0.0,0.0
385,November,public,47.5,0.0,0.0,0.0
385,December,public,12.5,0.0,0.0,0.0
386,January,public,935.0,0.0,0.0,0.0
386,February,public,935.0,0.0,0.0,0.0
386,March,public,1192.5,0.0,0.0,0.0
386,April,public,1192.5,0.0,0.0,0.0
386,May,public,1192.5,0.0,0.0,0.0
386,June,public,1482.5,0.0,0.0,0.0
386,July,public,1482.5,0.0,0.0,0.0
386,August,public,1482.5,0.0,0.0,0.0
386,September,public,1252.5,0.0,0.0,0.0
386,October,public,1252.5,0.0,0.0,0.0
386,November,public,1252.5,0.0,0.0,0.0
386,December,public,935.0,0.0,0.0,0.0
387,January,public,240.0,0.0,0.0,0.0
387,February,public,240.0,0.0,0.0,0.0
387,March,public,172.5,0.0,0.0,0.0
387,April,public,172.5,0.0,0.0,0.0
387,May,public,172.5,0.0,0.0,0.0
387,June,public,257.5,0.0,0.0,0.0
387,July,public,257.5,0.0,0.0,0.0
387,August,public,257.5,0.0,0.0,0.0
387,September,public,325.0,0.0,0.0,0.0
387,October,public,325.0,0.0,0.0,0.0
387,November,public,325.0,0.0,0.0,0.0
387,December,public,240.0,0.0,0.0,0.0
388,January,public,1015.0,0.0,0.0,0.0
388,February,public,1015.0,0.0,0.0,0.0
388,March,home,30.280323494550487,0.0,0.0,0.0
388,March,public,850.0,0.0,0.0,0.0
388,April,home,30.280323494550487,0.0,0.0,0.0
388,April,public,850.0,0.0,0.0,0.0
388,May,home,30.280323494550487,0.0,0.0,0.0
388,May,public,850.0,0.0,0.0,0.0
388,June,public,1074.6850393700788,0.0,0.0,0.0
388,July,public,1074.6850393700788,0.0,0.0,0.0
388,August,public,1074.6850393700788,0.0,0.0,0.0
388,September,public,700.0,0.0,0.0,0.0
388,October,public,700.0,0.0,0.0,0.0
388,November,public,700.0,0.0,0.0,0.0
388,December,public,1015.0,0.0,0.0,0.0
389,January,public,287.5,0.0,0.0,0.0
389,February,public,287.5,0.0,0.0,0.0
389,March,public,565.0,0.0,0.0,0.0
389,April,public,565.0,0.0,0.0,0.0
389,May,public,565.0,0.0,0.0,0.0
389,June,public,287.5,0.0,0.0,0.0
389,July,public,287.5,0.0,0.0,0.0
389,August,public,287.5,0.0,0.0,0.0
389,September,public,402.5,0.0,0.0,0.0
389,October,public,402.5,0.0,0.0,0.0
389,November,public,402.5,0.0,0.0,0.0
389,December,public,287.5,0.0,0.0,0.0
390,January,public,30.0,0.0,0.0,0.0
390,February,public,30.0,0.0,0.0,0.0
390,March,public,67.5,0.0,0.0,0.0
390,April,public,67.5,0.0,0.0,0.0
390,May,public,67.5,0.0,0.0,0.0
390,June,public,40.0,0.0,0.0,0.0
390,July,public,40.0,0.0,0.0,0.0
390,August,public,40.0,0.0,0.0,0.0
390,December,public,30.0,0.0,0.0,0.0
391,January,public,210.0,0.0,0.0,0.0
391,February,public,210.0,0.0,0.0,0.0
391,March,public,267.5,0.0,0.0,0.0
391,April,public,267.5,0.0,0.0,0.0
391,May,public,267.5,0.0,0.0,0.0
391,June,public,212.5,0.0,0.0,0.0
391,July,public,212.5,0.0,0.0,0.0
391,August,public,212.5,0.0,0.0,0.0
391,September,public,277.5,0.0,0.0,0.0
391,October,public,277.5,0.0,0.0,0.0
391,November,public,277.5,0.0,0.0,0.0
391,December,public,210.0,0.0,0.0,0.0
392,January,public,410.0,0.0,0.0,0.0
392,February,public,410.0,0.0,0.0,0.0
392,March,public,382.5,0.0,0.0,0.0
392,April,public,382.5,0.0,0.0,0.0
392,May,public,382.5,0.0,0.0,0.0
392,June,public,462.5,0.0,0.0,0.0
392,July,public,462.5,0.0,0.0,0.0
392,August,public,462.5,0.0,0.0,0.0
392,September,public,415.0,0.0,0.0,0.0
392,October,public,415.0,0.0,0.0,0.0
392,November,public,415.0,0.0,0.0,0.0
392,December,public,410.0,0.0,0.0,0.0
393,September,public,12.5,0.0,0.0,0.0
393,October,public,12.5,0.0,0.0,0.0
393,November,public,12.5,0.0,0.0,0.0
394,January,public,497.24643685780575,0.0,0.0,0.0
394,February,public,497.24643685780575,0.0,0.0,0.0
394,March,public,627.5,0.0,0.0,0.0
394,April,public,627.5,0.0,0.0,0.0
394,May,public,627.5,0.0,0.0,0.0
394,June,public,497.5,0.0,0.0,0.0
394,July,public,497.5,0.0,0.0,0.0
394,August,public,497.5,0.0,0.0,0.0
394,September,public,667.5,0.0,0.0,0.0
394,October,public,667.5,0.0,0.0,0.0
394,November,public,667.5,0.0,0.0,0.0
394,December,public,497.24643685780575,0.0,0.0,0.0
395,January,public,370.0,0.0,0.0,0.0
395,February,public,370.0,0.0,0.0,0.0
395,March,public,285.0,0.0,0.0,0.0
395,April,public,285.0,0.0,0.0,0.0
395,May,public,285.0,0.0,0.0,0.0
395,June,public,430.0,0.0,0.0,0.0
395,July,public,430.0,0.0,0.0,0.0
395,August,public,430.0,0.0,0.0,0.0
395,September,public,515.0,0.0,0.0,0.0
395,October,public,515.0,0.0,0.0,0.0
395,November,public,515.0,0.0,0.0,0.0
395,December,public,370.0,0.0,0.0,0.0
397,January,public,245.0,0.0,0.0,0.0
397,February,public,245.0,0.0,0.0,0.0
397,March,public,210.0,0.0,0.0,0.0
397,April,public,210.0,0.0,0.0,0.0
397,May,public,210.0,0.0,0.0,0.0
397,June,public,390.0,0.0,0.0,0.0
397,July,public,390.0,0.0,0.0,0.0
397,August,public,390.0,0.0,0.0,0.0
397,September,public,230.0,0.0,0.0,0.0
397,October,public,230.0,0.0,0.0,0.0
397,November,public,230.0,0.0,0.0,0.0
397,December,public,245.0,0.0,0.0,0.0
398,January,public,117.5,0.0,0.0,0.0
398,February,public,117.5,0.0,0.0,0.0
398,March,public,202.5,0.0,0.0,0.0
398,April,public,202.5,0.0,0.0,0.0
398,May,public,202.5,0.0,0.0,0.0
398,June,public,242.5,0.0,0.0,0.0
398,July,public,242.5,0.0,0.0,0.0
398,August,public,242.5,0.0,0.0,0.0
398,September,public,162.5,0.0,0.0,0.0
398,October,public,162.5,0.0,0.0,0.0
398,November,public,162.5,0.0,0.0,0.0
398,December,public,117.5,0.0,0.0,0.0
399,January,public,442.1112440191387,0.0,0.0,0.0
399,February,public,442.1112440191387,0.0,0.0,0.0
399,March,public,697.5,0.0,0.0,0.0
399,April,public,697.5,0.0,0.0,0.0
399,May,public,697.5,0.0,0.0,0.0
399,June,public,510.0,0.0,0.0,0.0
399,July,public,510.0,0.0,0.0,0.0
399,August,public,510.0,0.0,0.0,0.0
399,September,public,455.0,0.0,0.0,0.0
399,October,public,455.0,0.0,0.0,0.0
399,November,public,455.0,0.0,0.0,0.0
399,December,public,442.1112440191387,0.0,0.0,0.0
400,January,home,1.625059669306978,0.0,0.0,0.0
400,January,public,190.0,0.0,0.0,0.0
400,February,home,1.625059669306978,0.0,0.0,0.0
400,February,public,190.0,0.0,0.0,0.0
400,March,public,237.5,0.0,0.0,0.0
400,April,public,237.5,0.0,0.0,0.0
400,May,public,237.5,0.0,0.0,0.0
400,June,home,119.21654693460235,0.0,0.0,0.0
400,June,public,87.5,0.0,0.0,0.0
400,July,home,119.21654693460235,0.0,0.0,0.0
400,July,public,87.5,0.0,0.0,0.0
400,August,home,119.21654693460235,0.0,0.0,0.0
400,August,public,87.5,0.0,0.0,0.0
400,September,home,50.39904159730282,0.0,0.0,0.0
400,September,public,97.5,0.0,0.0,0.0
400,October,home,50.39904159730282,0.0,0.0,0.0
400,October,public,97.5,0.0,0.0,0.0
400,November,home,50.39904159730282,0.0,0.0,0.0
400,November,public,97.5,0.0,0.0,0.0
400,December,home,1.625059669306978,0.0,0.0,0.0
400,December,public,190.0,0.0,0.0,0.0
401,January,public,632.5,0.0,0.0,0.0
401,February,public,632.5,0.0,0.0,0.0
401,March,public,590.0,0.0,0.0,0.0
401,April,public,590.0,0.0,0.0,0.0
401,May,public,590.0,0.0,0.0,0.0
401,June,public,620.0,0.0,0.0,0.0
401,July,public,620.0,0.0,0.0,0.0
401,August,public,620.0,0.0,0.0,0.0
401,September,public,597.5,0.0,0.0,0.0
401,October,public,597.5,0.0,0.0,0.0
401,November,public,597.5,0.0,0.0,0.0
401,December,public,632.5,0.0,0.0,0.0
402,January,public,642.5,0.0,0.0,0.0
402,February,public,642.5,0.0,0.0,0.0
402,March,public,755.0,0.0,0.0,0.0
402,April,public,755.0,0.0,0.0,0.0
402,May,public,755.0,0.0,0.0,0.0
402,June,public,412.5,0.0,0.0,0.0
402,July,public,412.5,0.0,0.0,0.0
402,August,public,412.5,0.0,0.0,0.0
402,September,public,552.5,0.0,0.0,0.0
402,October,public,552.5,0.0,0.0,0.0
402,November,public,552.5,0.0,0.0,0.0
402,December,public,642.5,0.0,0.0,0.0
403,January,public,610.0,0.0,0.0,0.0
403,February,public,610.0,0.0,0.0,0.0
403,March,public,740.0,0.0,0.0,0.0
403,April,public,740.0,0.0,0.0,0.0
403,May,public,740.0,0.0,0.0,0.0
403,June,public,785.0,0.0,0.0,0.0
403,July,public,785.0,0.0,0.0,0.0
403,August,public,785.0,0.0,0.0,0.0
403,September,public,852.5,0.0,0.0,0.0
403,October,public,852.5,0.0,0.0,0.0
403,November,public,852.5,0.0,0.0,0.0
403,December,public,610.0,0.0,0.0,0.0
404,January,public,355.0,0.0,0.0,0.0
404,February,public,355.0,0.0,0.0,0.0
404,March,public,282.5,0.0,0.0,0.0
404,April,public,282.5,0.0,0.0,0.0
404,May,public,282.5,0.0,0.0,0.0
404,June,public,117.50000000000001,0.0,0.0,0.0
404,July,public,117.50000000000001,0.0,0.0,0.0
404,August,public,117.50000000000001,0.0,0.0,0.0
404,September,public,360.0,0.0,0.0,0.0
404,October,public,360.0,0.0,0.0,0.0
404,November,public,360.0,0.0,0.0,0.0
404,December,public,355.0,0.0,0.0,0.0
405,January,home,10.722195288310445,0.0,0.0,0.0
405,January,public,80.0,0.0,0.0,0.0
405,February,home,10.722195288310445,0.0,0.0,0.0
405,February,public,80.0,0.0,0.0,0.0
405,March,public,125.0,0.0,0.0,0.0
405,April,public,125.0,0.0,0.0,0.0
405,May,public,125.0,0.0,0.0,0.0
405,June,home,70.16834084962647,0.0,0.0,0.0
405,June,public,217.5,0.0,0.0,0.0
405,July,home,70.16834084962647,0.0,0.0,0.0
405,July,public,217.5,0.0,0.0,0.0
405,August,home,70.16834084962647,0.0,0.0,0.0
405,August,public,217.5,0.0,0.0,0.0
405,September,public,205.0,0.0,0.0,0.0
405,October,public,205.0,0.0,0.0,0.0
405,November,public,205.0,0.0,0.0,0.0
405,December,home,10.722195288310445,0.0,0.0,0.0
405,December,public,80.0,0.0,0.0,0.0
406,January,public,65.0,0.0,0.0,0.0
406,February,public,65.0,0.0,0.0,0.0
406,March,home,1.4739284218390694,0.0,0.0,0.0
406,March,public,80.0,0.0,0.0,0.0
406,April,home,1.4739284218390694,0.0,0.0,0.0
406,April,public,80.0,0.0,0.0,0.0
406,May,home,1.4739284218390694,0.0,0.0,0.0
406,May,public,80.0,0.0,0.0,0.0
406,June,home,0.39316314162304167,0.0,0.0,0.0
406,June,public,152.5,0.0,0.0,0.0
406,July,home,0.39316314162304167,0.0,0.0,0.0
406,July,public,152.5,0.0,0.0,0.0
406,August,home,0.39316314162304167,0.0,0.0,0.0
406,August,public,152.5,0.0,0.0,0.0
406,September,public,115.0,0.0,0.0,0.0
406,October,public,115.0,0.0,0.0,0.0
406,November,public,115.0,0.0,0.0,0.0
406,December,public,65.0,0.0,0.0,0.0
407,March,public,57.5,0.0,0.0,0.0
407,April,public,57.5,0.0,0.0,0.0
407,May,public,57.5,0.0,0.0,0.0
407,June,public,57.5,0.0,0.0,0.0
407,July,public,57.5,0.0,0.0,0.0
407,August,public,57.5,0.0,0.0,0.0
407,September,public,55.0,0.0,0.0,0.0
407,October,public,55.0,0.0,0.0,0.0
407,November,public,55.0,0.0,0.0,0.0
408,January,home,247.70161999621916,0.0,0.0,0.0
408,January,public,405.0,0.0,0.0,0.0
408,February,home,247.70161999621916,0.0,0.0,0.0
408,February,public,405.0,0.0,0.0,0.0
408,March,home,236.27150740965874,0.0,0.0,0.0
408,March,public,547.5,0.0,0.0,0.0
408,April,home,236.27150740965874,0.0,0.0,0.0
408,April,public,547.5,0.0,0.0,0.0
408,May,home,236.27150740965874,0.0,0.0,0.0
408,May,public,547.5,0.0,0.0,0.0
408,June,home,125.43450804573638,0.0,0.0,0.0
408,June,public,502.5844335277863,0.0,0.0,0.0
408,July,home,125.43450804573638,0.0,0.0,0.0
408,July,public,502.5844335277863,0.0,0.0,0.0
408,August,home,125.43450804573638,0.0,0.0,0.0
408,August,public,502.5844335277863,0.0,0.0,0.0
408,September,home,154.7545122115196,0.0,0.0,0.0
408,September,public,177.5,0.0,0.0,0.0
408,October,home,154.7545122115196,0.0,0.0,0.0
408,October,public,177.5,0.0,0.0,0.0
408,November,home,154.7545122115196,0.0,0.0,0.0
408,November,public,177.5,0.0,0.0,0.0
408,December,home,247.70161999621916,0.0,0.0,0.0
408,December,public,405.0,0.0,0.0,0.0
409,January,home,17.369224216814715,0.0,0.0,0.0
409,January,public,390.0,0.0,0.0,0.0
409,February,home,17.369224216814715,0.0,0.0,0.0
409,February,public,390.0,0.0,0.0,0.0
409,March,home,38.62933701228674,0.0,0.0,0.0
409,March,public,312.5,0.0,0.0,0.0
409,April,home,38.62933701228674,0.0,0.0,0.0
409,April,public,312.5,0.0,0.0,0.0
409,May,home,38.62933701228674,0.0,0.0,0.0
409,May,public,312.5,0.0,0.0,0.0
409,June,home,7.079081080448397,0.0,0.0,0.0
409,June,public,343.04481546572936,0.0,0.0,0.0
409,July,home,7.079081080448397,0.0,0.0,0.0
409,July,public,343.04481546572936,0.0,0.0,0.0
409,August,home,7.079081080448397,0.0,0.0,0.0
409,August,public,343.04481546572936,0.0,0.0,0.0
409,September,home,0.0395484693070145,0.0,0.0,0.0
409,September,public,190.0,0.0,0.0,0.0
409,October,home,0.0395484693070145,0.0,0.0,0.0
409,October,public,190.0,0.0,0.0,0.0
409,November,home,0.0395484693070145,0.0,0.0,0.0
409,November,public,190.0,0.0,0.0,0.0
409,December,home,17.369224216814715,0.0,0.0,0.0
409,December,public,390.0,0.0,0.0,0.0
410,January,public,45.0,0.0,0.0,0.0
410,February,public,45.0,0.0,0.0,0.0
410,March,public,97.5,0.0,0.0,0.0
410,April,public,97.5,0.0,0.0,0.0
410,May,public,97.5,0.0,0.0,0.0
410,September,public,57.5,0.0,0.0,0.0
410,October,public,57.5,0.0,0.0,0.0
410,November,public,57.5,0.0,0.0,0.0
410,December,public,45.0,0.0,0.0,0.0
411,January,public,340.0,0.0,0.0,0.0
411,February,public,340.0,0.0,0.0,0.0
411,March,public,372.5,0.0,0.0,0.0
411,April,public,372.5,0.0,0.0,0.0
411,May,public,372.5,0.0,0.0,0.0
411,June,public,242.5,0.0,0.0,0.0
411,July,public,242.5,0.0,0.0,0.0
411,August,public,242.5,0.0,0.0,0.0
411,September,public,192.5,0.0,0.0,0.0
411,October,public,192.5,0.0,0.0,0.0
411,November,public,192.5,0.0,0.0,0.0
411,December,public,340.0,0.0,0.0,0.0
412,January,public,175.0,0.0,0.0,0.0
412,February,public,175.0,0.0,0.0,0.0
412,March,public,292.5,0.0,0.0,0.0
412,April,public,292.5,0.0,0.0,0.0
412,May,public,292.5,0.0,0.0,0.0
412,June,public,180.0,0.0,0.0,0.0
412,July,public,180.0,0.0,0.0,0.0
412,August,public,180.0,0.0,0.0,0.0
412,September,public,175.0,0.0,0.0,0.0
412,October,public,175.0,0.0,0.0,0.0
412,November,public,175.0,0.0,0.0,0.0
412,December,public,175.0,0.0,0.0,0.0
413,January,public,57.49999999999999,0.0,0.0,0.0
413,February,public,57.49999999999999,0.0,0.0,0.0
413,June,public,45.0,0.0,0.0,0.0
413,July,public,45.0,0.0,0.0,0.0
413,August,public,45.0,0.0,0.0,0.0
413,December,public,57.49999999999999,0.0,0.0,0.0
414,January,public,160.0,0.0,0.0,0.0
414,February,public,160.0,0.0,0.0,0.0
414,March,public,192.5,0.0,0.0,0.0
414,April,public,192.5,0.0,0.0,0.0
414,May,public,192.5,0.0,0.0,0.0
414,June,public,165.0,0.0,0.0,0.0
414,July,public,165.0,0.0,0.0,0.0
414,August,public,165.0,0.0,0.0,0.0
414,September,public,192.5,0.0,0.0,0.0
414,October,public,192.5,0.0,0.0,0.0
414,November,public,192.5,0.0,0.0,0.0
414,December,public,160.0,0.0,0.0,0.0
415,January,public,577.5,0.0,0.0,0.0
415,February,public,577.5,0.0,0.0,0.0
415,March,public,357.5,0.0,0.0,0.0
415,April,public,357.5,0.0,0.0,0.0
415,May,public,357.5,0.0,0.0,0.0
415,June,public,409.99999999999994,0.0,0.0,0.0
415,July,public,409.99999999999994,0.0,0.0,0.0
415,August,public,409.99999999999994,0.0,0.0,0.0
415,September,public,345.0,0.0,0.0,0.0
415,October,public,345.0,0.0,0.0,0.0
415,November,public,345.0,0.0,0.0,0.0
415,December,public,577.5,0.0,0.0,0.0
416,January,public,55.0,0.0,0.0,0.0
416,February,public,55.0,0.0,0.0,0.0
416,March,public,160.0,0.0,0.0,0.0
416,April,public,160.0,0.0,0.0,0.0
416,May,public,160.0,0.0,0.0,0.0
416,June,public,107.5,0.0,0.0,0.0
416,July,public,107.5,0.0,0.0,0.0
416,August,public,107.5,0.0,0.0,0.0
416,September,public,47.5,0.0,0.0,0.0
416,October,public,47.5,0.0,0.0,0.0
416,November,public,47.5,0.0,0.0,0.0
416,December,public,55.0,0.0,0.0,0.0
417,January,public,175.0,0.0,0.0,0.0
417,February,public,175.0,0.0,0.0,0.0
417,March,public,132.5,0.0,0.0,0.0
417,April,public,132.5,0.0,0.0,0.0
417,May,public,132.5,0.0,0.0,0.0
417,June,public,135.0,0.0,0.0,0.0
417,July,public,135.0,0.0,0.0,0.0
417,August,public,135.0,0.0,0.0,0.0
417,September,public,165.0,0.0,0.0,0.0
417,October,public,165.0,0.0,0.0,0.0
417,November,public,165.0,0.0,0.0,0.0
417,December,public,175.0,0.0,0.0,0.0
418,January,public,197.5,0.0,0.0,0.0
418,February,public,197.5,0.0,0.0,0.0
418,March,public,187.5,0.0,0.0,0.0
418,April,public,187.5,0.0,0.0,0.0
418,May,public,187.5,0.0,0.0,0.0
418,June,public,115.00000000000001,0.0,0.0,0.0
418,July,public,115.00000000000001,0.0,0.0,0.0
418,August,public,115.00000000000001,0.0,0.0,0.0
418,September,public,55.0,0.0,0.0,0.0
418,October,public,55.0,0.0,0.0,0.0
418,November,public,55.0,0.0,0.0,0.0
418,December,public,197.5,0.0,0.0,0.0
419,January,public,1147.5,0.0,0.0,0.0
419,February,public,1147.5,0.0,0.0,0.0
419,March,public,1102.5,0.0,0.0,0.0
419,April,public,1102.5,0.0,0.0,0.0
419,May,public,1102.5,0.0,0.0,0.0
419,June,public,1022.9979395604396,0.0,0.0,0.0
419,July,public,1022.9979395604396,0.0,0.0,0.0
419,August,public,1022.9979395604396,0.0,0.0,0.0
419,September,public,1115.0,0.0,0.0,0.0
419,October,public,1115.0,0.0,0.0,0.0
419,November,public,1115.0,0.0,0.0,0.0
419,December,public,1147.5,0.0,0.0,0.0
420,January,public,555.0,0.0,0.0,0.0
420,February,public,555.0,0.0,0.0,0.0
420,March,public,590.0,0.0,0.0,0.0
420,April,public,590.0,0.0,0.0,0.0
420,May,public,590.0,0.0,0.0,0.0
420,June,public,517.5,0.0,0.0,0.0
420,July,public,517.5,0.0,0.0,0.0
420,August,public,517.5,0.0,0.0,0.0
420,September,public,672.5,0.0,0.0,0.0
420,October,public,672.5,0.0,0.0,0.0
420,November,public,672.5,0.0,0.0,0.0
420,December,public,555.0,0.0,0.0,0.0
421,January,public,542.5,0.0,0.0,0.0
421,February,public,542.5,0.0,0.0,0.0
421,March,public,1237.5,0.0,0.0,0.0
421,April,public,1237.5,0.0,0.0,0.0
421,May,public,1237.5,0.0,0.0,0.0
421,June,public,860.0,0.0,0.0,0.0
421,July,public,860.0,0.0,0.0,0.0
421,August,public,860.0,0.0,0.0,0.0
421,September,public,970.0,0.0,0.0,0.0
421,October,public,970.0,0.0,0.0,0.0
421,November,public,970.0,0.0,0.0,0.0
421,December,public,542.5,0.0,0.0,0.0
422,January,public,7.5,0.0,0.0,0.0
422,February,public,7.5,0.0,0.0,0.0
422,March,public,45.0,0.0,0.0,0.0
422,April,public,45.0,0.0,0.0,0.0
422,May,public,45.0,0.0,0.0,0.0
422,June,public,25.0,0.0,0.0,0.0
422,July,public,25.0,0.0,0.0,0.0
422,August,public,25.0,0.0,0.0,0.0
422,September,public,22.5,0.0,0.0,0.0
422,October,public,22.5,0.0,0.0,0.0
422,November,public,22.5,0.0,0.0,0.0
422,December,public,7.5,0.0,0.0,0.0
423,January,public,752.5,0.0,0.0,0.0
423,February,public,752.5,0.0,0.0,0.0
423,March,public,640.0,0.0,0.0,0.0
423,April,public,640.0,0.0,0.0,0.0
423,May,public,640.0,0.0,0.0,0.0
423,June,public,672.5,0.0,0.0,0.0
423,July,public,672.5,0.0,0.0,0.0
423,August,public,672.5,0.0,0.0,0.0
423,September,public,687.5,0.0,0.0,0.0
423,October,public,687.5,0.0,0.0,0.0
423,November,public,687.5,0.0,0.0,0.0
423,December,public,752.5,0.0,0.0,0.0
424,January,public,1057.5,0.0,0.0,0.0
424,February,public,1057.5,0.0,0.0,0.0
424,March,home,15.521776917891401,0.0,0.0,0.0
424,March,public,997.5,0.0,0.0,0.0
424,April,home,15.521776917891401,0.0,0.0,0.0
424,April,public,997.5,0.0,0.0,0.0
424,May,home,15.521776917891401,0.0,0.0,0.0
424,May,public,997.5,0.0,0.0,0.0
424,June,public,667.5,0.0,0.0,0.0
424,July,public,667.5,0.0,0.0,0.0
424,August,public,667.5,0.0,0.0,0.0
424,September,home,12.520398656234562,0.0,0.0,0.0
424,September,public,1042.5,0.0,0.0,0.0
424,October,home,12.520398656234562,0.0,0.0,0.0
424,October,public,1042.5,0.0,0.0,0.0
424,November,home,12.520398656234562,0.0,0.0,0.0
424,November,public,1042.5,0.0,0.0,0.0
424,December,public,1057.5,0.0,0.0,0.0
425,January,public,139.9337748344371,0.0,0.0,0.0
425,February,public,139.9337748344371,0.0,0.0,0.0
425,March,public,130.0,0.0,0.0,0.0
425,April,public,130.0,0.0,0.0,0.0
425,May,public,130.0,0.0,0.0,0.0
425,June,public,87.5,0.0,0.0,0.0
425,July,public,87.5,0.0,0.0,0.0
425,August,public,87.5,0.0,0.0,0.0
425,September,public,355.0,0.0,0.0,0.0
425,October,public,355.0,0.0,0.0,0.0
425,November,public,355.0,0.0,0.0,0.0
425,December,public,139.9337748344371,0.0,0.0,0.0
426,January,public,361.2753098539698,0.0,0.0,0.0
426,February,public,361.2753098539698,0.0,0.0,0.0
426,March,public,527.5,0.0,0.0,0.0
426,April,public,527.5,0.0,0.0,0.0
426,May,public,527.5,0.0,0.0,0.0
426,June,public,359.15597128562104,0.0,0.0,0.0
426,July,public,359.15597128562104,0.0,0.0,0.0
426,August,public,359.15597128562104,0.0,0.0,0.0
426,September,public,345.0,0.0,0.0,0.0
426,October,public,345.0,0.0,0.0,0.0
426,November,public,345.0,0.0,0.0,0.0
426,December,public,361.2753098539698,0.0,0.0,0.0
427,January,public,4.999999999999999,0.0,0.0,0.0
427,February,public,4.999999999999999,0.0,0.0,0.0
427,March,public,57.5,0.0,0.0,0.0
427,April,public,57.5,0.0,0.0,0.0
427,May,public,57.5,0.0,0.0,0.0
427,June,public,7.5,0.0,0.0,0.0
427,July,public,7.5,0.0,0.0,0.0
427,August,public,7.5,0.0,0.0,0.0
427,September,public,10.0,0.0,0.0,0.0
427,October,public,10.0,0.0,0.0,0.0
427,November,public,10.0,0.0,0.0,0.0
427,December,public,4.999999999999999,0.0,0.0,0.0
428,January,public,220.0,0.0,0.0,0.0
428,February,public,220.0,0.0,0.0,0.0
428,March,public,365.0,0.0,0.0,0.0
428,April,public,365.0,0.0,0.0,0.0
428,May,public,365.0,0.0,0.0,0.0
428,June,public,254.99999999999997,0.0,0.0,0.0
428,July,public,254.99999999999997,0.0,0.0,0.0
428,August,public,254.99999999999997,0.0,0.0,0.0
428,September,public,297.5,0.0,0.0,0.0
428,October,public,297.5,0.0,0.0,0.0
428,November,public,297.5,0.0,0.0,0.0
428,December,public,220.0,0.0,0.0,0.0
429,March,public,45.0,0.0,0.0,0.0
429,April,public,45.0,0.0,0.0,0.0
429,May,public,45.0,0.0,0.0,0.0
429,June,public,32.5,0.0,0.0,0.0
429,July,public,32.5,0.0,0.0,0.0
429,August,public,32.5,0.0,0.0,0.0
430,January,public,485.0,0.0,0.0,0.0
430,February,public,485.0,0.0,0.0,0.0
430,March,public,507.5,0.0,0.0,0.0
430,April,public,507.5,0.0,0.0,0.0
430,May,public,507.5,0.0,0.0,0.0
430,June,public,437.5,0.0,0.0,0.0
430,July,public,437.5,0.0,0.0,0.0
430,August,public,437.5,0.0,0.0,0.0
430,September,public,537.5,0.0,0.0,0.0
430,October,public,537.5,0.0,0.0,0.0
430,November,public,537.5,0.0,0.0,0.0
430,December,public,485.0,0.0,0.0,0.0
431,January,public,105.0,0.0,0.0,0.0
431,February,public,105.0,0.0,0.0,0.0
431,March,public,70.0,0.0,0.0,0.0
431,April,public,70.0,0.0,0.0,0.0
431,May,public,70.0,0.0,0.0,0.0
431,June,public,27.5,0.0,0.0,0.0
431,July,public,27.5,0.0,0.0,0.0
431,August,public,27.5,0.0,0.0,0.0
431,September,public,47.5,0.0,0.0,0.0
431,October,public,47.5,0.0,0.0,0.0
431,November,public,47.5,0.0,0.0,0.0
431,December,public,105.0,0.0,0.0,0.0
432,January,home,2.300023459580437,0.0,0.0,0.0
432,January,public,82.5,0.0,0.0,0.0
432,February,home,2.300023459580437,0.0,0.0,0.0
432,February,public,82.5,0.0,0.0,0.0
432,March,home,29.46641521896956,0.0,0.0,0.0
432,March,public,245.0,0.0,0.0,0.0
432,April,home,29.46641521896956,0.0,0.0,0.0
432,April,public,245.0,0.0,0.0,0.0
432,May,home,29.46641521896956,0.0,0.0,0.0
432,May,public,245.0,0.0,0.0,0.0
432,June,public,315.0,0.0,0.0,0.0
432,July,public,315.0,0.0,0.0,0.0
432,August,public,315.0,0.0,0.0,0.0
432,September,home,12.036414694452127,0.0,0.0,0.0
432,September,public,247.5,0.0,0.0,0.0
432,October,home,12.036414694452127,0.0,0.0,0.0
432,October,public,247.5,0.0,0.0,0.0
432,November,home,12.036414694452127,0.0,0.0,0.0
432,November,public,247.5,0.0,0.0,0.0
432,December,home,2.300023459580437,0.0,0.0,0.0
432,December,public,82.5,0.0,0.0,0.0
433,January,public,60.0,0.0,0.0,0.0
433,February,public,60.0,0.0,0.0,0.0
433,December,public,60.0,0.0,0.0,0.0
434,January,public,160.0,0.0,0.0,0.0
434,February,public,160.0,0.0,0.0,0.0
434,March,public,139.99999999999997,0.0,0.0,0.0
434,April,public,139.99999999999997,0.0,0.0,0.0
434,May,public,139.99999999999997,0.0,0.0,0.0
434,June,public,325.0,0.0,0.0,0.0
434,July,public,325.0,0.0,0.0,0.0
434,August,public,325.0,0.0,0.0,0.0
434,September,public,140.0,0.0,0.0,0.0
434,October,public,140.0,0.0,0.0,0.0
434,November,public,140.0,0.0,0.0,0.0
434,December,public,160.0,0.0,0.0,0.0
436,January,public,52.49999999999999,0.0,0.0,0.0
436,February,public,52.49999999999999,0.0,0.0,0.0
436,March,public,55.0,0.0,0.0,0.0
436,April,public,55.0,0.0,0.0,0.0
436,May,public,55.0,0.0,0.0,0.0
436,June,public,190.0,0.0,0.0,0.0
436,July,public,190.0,0.0,0.0,0.0
436,August,public,190.0,0.0,0.0,0.0
436,September,public,130.0,0.0,0.0,0.0
436,October,public,130.0,0.0,0.0,0.0
436,November,public,130.0,0.0,0.0,0.0
436,December,public,52.49999999999999,0.0,0.0,0.0
437,January,public,12.5,0.0,0.0,0.0
437,February,public,12.5,0.0,0.0,0.0
437,June,public,2.5,0.0,0.0,0.0
437,July,public,2.5,0.0,0.0,0.0
437,August,public,2.5,0.0,0.0,0.0
437,September,public,30.0,0.0,0.0,0.0
437,October,public,30.0,0.0,0.0,0.0
437,November,public,30.0,0.0,0.0,0.0
437,December,public,12.5,0.0,0.0,0.0
438,January,public,100.0,0.0,0.0,0.0
438,February,public,100.0,0.0,0.0,0.0
438,March,public,37.5,0.0,0.0,0.0
438,April,public,37.5,0.0,0.0,0.0
438,May,public,37.5,0.0,0.0,0.0
438,June,public,137.5,0.0,0.0,0.0
438,July,public,137.5,0.0,0.0,0.0
438,August,public,137.5,0.0,0.0,0.0
438,December,public,100.0,0.0,0.0,0.0
439,January,public,25.0,0.0,0.0,0.0
439,February,public,25.0,0.0,0.0,0.0
439,December,public,25.0,0.0,0.0,0.0
440,January,public,157.5,0.0,0.0,0.0
440,February,public,157.5,0.0,0.0,0.0
440,March,public,155.0,0.0,0.0,0.0
440,April,public,155.0,0.0,0.0,0.0
440,May,public,155.0,0.0,0.0,0.0
440,June,public,270.0,0.0,0.0,0.0
440,July,public,270.0,0.0,0.0,0.0
440,August,public,270.0,0.0,0.0,0.0
440,September,public,130.0,0.0,0.0,0.0
440,October,public,130.0,0.0,0.0,0.0
440,November,public,130.0,0.0,0.0,0.0
440,December,public,157.5,0.0,0.0,0.0
441,January,public,647.5,0.0,0.0,0.0
441,February,public,647.5,0.0,0.0,0.0
441,March,public,802.5,0.0,0.0,0.0
441,April,public,802.5,0.0,0.0,0.0
441,May,public,802.5,0.0,0.0,0.0
441,June,public,560.0,0.0,0.0,0.0
441,July,public,560.0,0.0,0.0,0.0
441,August,public,560.0,0.0,0.0,0.0
441,September,public,642.5,0.0,0.0,0.0
441,October,public,642.5,0.0,0.0,0.0
441,November,public,642.5,0.0,0.0,0.0
441,December,public,647.5,0.0,0.0,0.0
442,January,home,13.595486902140806,0.0,0.0,0.0
442,January,public,112.5,0.0,0.0,0.0
442,February,home,13.595486902140806,0.0,0.0,0.0
442,February,public,112.5,0.0,0.0,0.0
442,March,public,205.0,0.0,0.0,0.0
442,April,public,205.0,0.0,0.0,0.0
442,May,public,205.0,0.0,0.0,0.0
442,June,public,185.0,0.0,0.0,0.0
442,July,public,185.0,0.0,0.0,0.0
442,August,public,185.0,0.0,0.0,0.0
442,September,public,185.0,0.0,0.0,0.0
442,October,public,185.0,0.0,0.0,0.0
442,November,public,185.0,0.0,0.0,0.0
442,December,home,13.595486902140806,0.0,0.0,0.0
442,December,public,112.5,0.0,0.0,0.0
443,January,public,340.0,0.0,0.0,0.0
443,February,public,340.0,0.0,0.0,0.0
443,March,public,305.0,0.0,0.0,0.0
443,April,public,305.0,0.0,0.0,0.0
443,May,public,305.0,0.0,0.0,0.0
443,June,public,385.0,0.0,0.0,0.0
443,July,public,385.0,0.0,0.0,0.0
443,August,public,385.0,0.0,0.0,0.0
443,September,public,445.0,0.0,0.0,0.0
443,October,public,445.0,0.0,0.0,0.0
443,November,public,445.0,0.0,0.0,0.0
443,December,public,340.0,0.0,0.0,0.0
444,January,public,92.5,0.0,0.0,0.0
444,February,public,92.5,0.0,0.0,0.0
444,March,public,75.0,0.0,0.0,0.0
444,April,public,75.0,0.0,0.0,0.0
444,May,public,75.0,0.0,0.0,0.0
444,June,public,225.0,0.0,0.0,0.0
444,July,public,225.0,0.0,0.0,0.0
444,August,public,225.0,0.0,0.0,0.0
444,September,public,290.0,0.0,0.0,0.0
444,October,public,290.0,0.0,0.0,0.0
444,November,public,290.0,0.0,0.0,0.0
444,December,public,92.5,0.0,0.0,0.0
445,January,public,1872.3935903855784,0.0,0.0,0.0
445,February,public,1872.3935903855784,0.0,0.0,0.0
445,March,public,1517.6469465648854,0.0,0.0,0.0
445,April,public,1517.6469465648854,0.0,0.0,0.0
445,May,public,1517.6469465648854,0.0,0.0,0.0
445,June,public,1951.6097435849408,0.0,0.0,0.0
445,July,public,1951.6097435849408,0.0,0.0,0.0
445,August,public,1951.6097435849408,0.0,0.0,0.0
445,September,public,1875.0,0.0,0.0,0.0
445,October,public,1875.0,0.0,0.0,0.0
445,November,public,1875.0,0.0,0.0,0.0
445,December,public,1872.3935903855784,0.0,0.0,0.0
446,January,public,262.5,0.0,0.0,0.0
446,February,public,262.5,0.0,0.0,0.0
446,March,public,460.0,0.0,0.0,0.0
446,April,public,460.0,0.0,0.0,0.0
446,May,public,460.0,0.0,0.0,0.0
446,June,public,445.0,0.0,0.0,0.0
446,July,public,445.0,0.0,0.0,0.0
446,August,public,445.0,0.0,0.0,0.0
446,September,public,282.5,0.0,0.0,0.0
446,October,public,282.5,0.0,0.0,0.0
446,November,public,282.5,0.0,0.0,0.0
446,December,public,262.5,0.0,0.0,0.0
447,January,public,30.0,0.0,0.0,0.0
447,February,public,30.0,0.0,0.0,0.0
447,March,public,110.0,0.0,0.0,0.0
447,April,public,110.0,0.0,0.0,0.0
447,May,public,110.0,0.0,0.0,0.0
447,June,public,60.0,0.0,0.0,0.0
447,July,public,60.0,0.0,0.0,0.0
447,August,public,60.0,0.0,0.0,0.0
447,September,public,90.0,0.0,0.0,0.0
447,October,public,90.0,0.0,0.0,0.0
447,November,public,90.0,0.0,0.0,0.0
447,December,public,30.0,0.0,0.0,0.0
448,January,public,452.5,0.0,0.0,0.0
448,February,public,452.5,0.0,0.0,0.0
448,March,public,460.0,0.0,0.0,0.0
448,April,public,460.0,0.0,0.0,0.0
448,May,public,460.0,0.0,0.0,0.0
448,June,public,627.5,0.0,0.0,0.0
448,July,public,627.5,0.0,0.0,0.0
448,August,public,627.5,0.0,0.0,0.0
448,September,public,387.5,0.0,0.0,0.0
448,October,public,387.5,0.0,0.0,0.0
448,November,public,387.5,0.0,0.0,0.0
448,December,public,452.5,0.0,0.0,0.0
449,January,home,281.56677510373606,0.0,0.0,0.0
449,January,public,352.5,0.0,0.0,0.0
449,February,home,281.56677510373606,0.0,0.0,0.0
449,February,public,352.5,0.0,0.0,0.0
449,March,home,279.7538731546259,0.0,0.0,0.0
449,March,public,190.0,0.0,0.0,0.0
449,April,home,279.7538731546259,0.0,0.0,0.0
449,April,public,190.0,0.0,0.0,0.0
449,May,home,279.7538731546259,0.0,0.0,0.0
449,May,public,190.0,0.0,0.0,0.0
449,June,home,152.76411476785796,0.0,0.0,0.0
449,June,public,507.5,0.0,0.0,0.0
449,July,home,152.76411476785796,0.0,0.0,0.0
449,July,public,507.5,0.0,0.0,0.0
449,August,home,152.76411476785796,0.0,0.0,0.0
449,August,public,507.5,0.0,0.0,0.0
449,September,home,245.48225999377357,0.0,0.0,0.0
449,September,public,187.5,0.0,0.0,0.0
449,October,home,245.48225999377357,0.0,0.0,0.0
449,October,public,187.5,0.0,0.0,0.0
449,November,home,245.48225999377357,0.0,0.0,0.0
449,November,public,187.5,0.0,0.0,0.0
449,December,home,281.56677510373606,0.0,0.0,0.0
449,December,public,352.5,0.0,0.0,0.0
450,January,public,755.0,0.0,0.0,0.0
450,February,public,755.0,0.0,0.0,0.0
450,March,public,672.5,0.0,0.0,0.0
450,April,public,672.5,0.0,0.0,0.0
450,May,public,672.5,0.0,0.0,0.0
450,June,public,832.5,0.0,0.0,0.0
450,July,public,832.5,0.0,0.0,0.0
450,August,public,832.5,0.0,0.0,0.0
450,September,public,595.0,0.0,0.0,0.0
450,October,public,595.0,0.0,0.0,0.0
450,November,public,595.0,0.0,0.0,0.0
450,December,public,755.0,0.0,0.0,0.0
451,January,home,271.85031921862037,0.0,0.0,0.0
451,January,public,732.5,0.0,0.0,0.0
451,February,home,271.85031921862037,0.0,0.0,0.0
451,February,public,732.5,0.0,0.0,0.0
451,March,home,200.53610338804123,0.0,0.0,0.0
451,March,public,615.0,0.0,0.0,0.0
451,April,home,200.53610338804123,0.0,0.0,0.0
451,April,public,615.0,0.0,0.0,0.0
451,May,home,200.53610338804123,0.0,0.0,0.0
451,May,public,615.0,0.0,0.0,0.0
451,June,home,20.710053200652965,0.0,0.0,0.0
451,June,public,385.0,0.0,0.0,0.0
451,July,home,20.710053200652965,0.0,0.0,0.0
451,July,public,385.0,0.0,0.0,0.0
451,August,home,20.710053200652965,0.0,0.0,0.0
451,August,public,385.0,0.0,0.0,0.0
451,September,home,214.58670239046018,0.0,0.0,0.0
451,September,public,415.0,0.0,0.0,0.0
451,October,home,214.58670239046018,0.0,0.0,0.0
451,October,public,415.0,0.0,0.0,0.0
451,November,home,214.58670239046018,0.0,0.0,0.0
451,November,public,415.0,0.0,0.0,0.0
451,December,home,271.85031921862037,0.0,0.0,0.0
451,December,public,732.5,0.0,0.0,0.0
452,January,home,11.077705775663368,0.0,0.0,0.0
452,February,home,11.077705775663368,0.0,0.0,0.0
452,March,public,2.5,0.0,0.0,0.0
452,April,public,2.5,0.0,0.0,0.0
452,May,public,2.5,0.0,0.0,0.0
452,June,public,2.5,0.0,0.0,0.0
452,July,public,2.5,0.0,0.0,0.0
452,August,public,2.5,0.0,0.0,0.0
452,September,home,23.23009277343958,0.0,0.0,0.0
452,September,public,107.5,0.0,0.0,0.0
452,October,home,23.23009277343958,0.0,0.0,0.0
452,October,public,107.5,0.0,0.0,0.0
452,November,home,23.23009277343958,0.0,0.0,0.0
452,November,public,107.5,0.0,0.0,0.0
452,December,home,11.077705775663368,0.0,0.0,0.0
454,January,public,127.5,0.0,0.0,0.0
454,February,public,127.5,0.0,0.0,0.0
454,March,public,65.0,0.0,0.0,0.0
454,April,public,65.0,0.0,0.0,0.0
454,May,public,65.0,0.0,0.0,0.0
454,June,public,7.5,0.0,0.0,0.0
454,July,public,7.5,0.0,0.0,0.0
454,August,public,7.5,0.0,0.0,0.0
454,September,public,65.0,0.0,0.0,0.0
454,October,public,65.0,0.0,0.0,0.0
454,November,public,65.0,0.0,0.0,0.0
454,December,public,127.5,0.0,0.0,0.0
455,January,public,47.5,0.0,0.0,0.0
455,February,public,47.5,0.0,0.0,0.0
455,September,public,7.5,0.0,0.0,0.0
455,October,public,7.5,0.0,0.0,0.0
455,November,public,7.5,0.0,0.0,0.0
455,December,public,47.5,0.0,0.0,0.0
456,January,public,115.0,0.0,0.0,0.0
456,February,public,115.0,0.0,0.0,0.0
456,March,public,7.5,0.0,0.0,0.0
456,April,public,7.5,0.0,0.0,0.0
456,May,public,7.5,0.0,0.0,0.0
456,June,public,102.5,0.0,0.0,0.0
456,July,public,102.5,0.0,0.0,0.0
456,August,public,102.5,0.0,0.0,0.0
456,September,public,75.0,0.0,0.0,0.0
456,October,public,75.0,0.0,0.0,0.0
456,November,public,75.0,0.0,0.0,0.0
456,December,public,115.0,0.0,0.0,0.0
457,January,public,47.5,0.0,0.0,0.0
457,February,public,47.5,0.0,0.0,0.0
457,March,public,27.5,0.0,0.0,0.0
457,April,public,27.5,0.0,0.0,0.0
457,May,public,27.5,0.0,0.0,0.0
457,June,public,50.0,0.0,0.0,0.0
457,July,public,50.0,0.0,0.0,0.0
457,August,public,50.0,0.0,0.0,0.0
457,September,public,20.0,0.0,0.0,0.0
457,October,public,20.0,0.0,0.0,0.0
457,November,public,20.0,0.0,0.0,0.0
457,December,public,47.5,0.0,0.0,0.0
458,January,public,700.0,0.0,0.0,0.0
458,February,public,700.0,0.0,0.0,0.0
458,March,public,960.0,0.0,0.0,0.0
458,April,public,960.0,0.0,0.0,0.0
458,May,public,960.0,0.0,0.0,0.0
458,June,public,860.0,0.0,0.0,0.0
458,July,public,860.0,0.0,0.0,0.0
458,August,public,860.0,0.0,0.0,0.0
458,September,public,675.0,0.0,0.0,0.0
458,October,public,675.0,0.0,0.0,0.0
458,November,public,675.0,0.0,0.0,0.0
458,December,public,700.0,0.0,0.0,0.0
459,January,public,20.0,0.0,0.0,0.0
459,February,public,20.0,0.0,0.0,0.0
459,March,public,2.5,0.0,0.0,0.0
459,April,public,2.5,0.0,0.0,0.0
459,May,public,2.5,0.0,0.0,0.0
459,September,public,2.5,0.0,0.0,0.0
459,October,public,2.5,0.0,0.0,0.0
459,November,public,2.5,0.0,0.0,0.0
459,December,public,20.0,0.0,0.0,0.0
460,January,public,497.4841491646722,0.0,0.0,0.0
460,February,public,497.4841491646722,0.0,0.0,0.0
460,March,public,725.0,0.0,0.0,0.0
460,April,public,725.0,0.0,0.0,0.0
460,May,public,725.0,0.0,0.0,0.0
460,June,public,700.0,0.0,0.0,0.0
460,July,public,700.0,0.0,0.0,0.0
460,August,public,700.0,0.0,0.0,0.0
460,September,public,905.0,0.0,0.0,0.0
460,October,public,905.0,0.0,0.0,0.0
460,November,public,905.0,0.0,0.0,0.0
460,December,public,497.4841491646722,0.0,0.0,0.0
461,January,public,584.0629557608167,0.0,0.0,0.0
461,February,public,584.0629557608167,0.0,0.0,0.0
461,March,public,832.5,0.0,0.0,0.0
461,April,public,832.5,0.0,0.0,0.0
461,May,public,832.5,0.0,0.0,0.0
461,June,public,400.0,0.0,0.0,0.0
461,July,public,400.0,0.0,0.0,0.0
461,August,public,400.0,0.0,0.0,0.0
461,September,public,622.5,0.0,0.0,0.0
461,October,public,622.5,0.0,0.0,0.0
461,November,public,622.5,0.0,0.0,0.0
461,December,public,584.0629557608167,0.0,0.0,0.0
462,January,home,13.270654420360472,0.0,0.0,0.0
462,January,public,572.2054491899853,0.0,0.0,0.0
462,February,home,13.270654420360472,0.0,0.0,0.0
462,February,public,572.2054491899853,0.0,0.0,0.0
462,March,home,33.45403719507768,0.0,0.0,0.0
462,March,public,490.0,0.0,0.0,0.0
462,April,home,33.45403719507768,0.0,0.0,0.0
462,April,public,490.0,0.0,0.0,0.0
462,May,home,33.45403719507768,0.0,0.0,0.0
462,May,public,490.0,0.0,0.0,0.0
462,June,home,2.5301387163276345,0.0,0.0,0.0
462,June,public,407.5,0.0,0.0,0.0
462,July,home,2.5301387163276345,0.0,0.0,0.0
462,July,public,407.5,0.0,0.0,0.0
462,August,home,2.5301387163276345,0.0,0.0,0.0
462,August,public,407.5,0.0,0.0,0.0
462,September,home,41.86276351711345,0.0,0.0,0.0
462,September,public,495.0,0.0,0.0,0.0
462,October,home,41.86276351711345,0.0,0.0,0.0
462,October,public,495.0,0.0,0.0,0.0
462,November,home,41.86276351711345,0.0,0.0,0.0
462,November,public,495.0,0.0,0.0,0.0
462,December,home,13.270654420360472,0.0,0.0,0.0
462,December,public,572.2054491899853,0.0,0.0,0.0
463,January,public,456.0071681874348,0.0,0.0,0.0
463,February,public,456.0071681874348,0.0,0.0,0.0
463,March,public,227.6282505312152,0.0,0.0,0.0
463,April,public,227.6282505312152,0.0,0.0,0.0
463,May,public,227.6282505312152,0.0,0.0,0.0
463,June,public,460.0,0.0,0.0,0.0
463,July,public,460.0,0.0,0.0,0.0
463,August,public,460.0,0.0,0.0,0.0
463,September,public,470.12825053121526,0.0,0.0,0.0
463,October,public,470.12825053121526,0.0,0.0,0.0
463,November,public,470.12825053121526,0.0,0.0,0.0
463,December,public,456.0071681874348,0.0,0.0,0.0
464,January,public,192.5,0.0,0.0,0.0
464,February,public,192.5,0.0,0.0,0.0
464,March,public,52.5,0.0,0.0,0.0
464,April,public,52.5,0.0,0.0,0.0
464,May,public,52.5,0.0,0.0,0.0
464,June,public,60.0,0.0,0.0,0.0
464,July,public,60.0,0.0,0.0,0.0
464,August,public,60.0,0.0,0.0,0.0
464,September,public,172.5,0.0,0.0,0.0
464,October,public,172.5,0.0,0.0,0.0
464,November,public,172.5,0.0,0.0,0.0
464,December,public,192.5,0.0,0.0,0.0
465,March,public,115.0,0.0,0.0,0.0
465,April,public,115.0,0.0,0.0,0.0
465,May,public,115.0,0.0,0.0,0.0
465,June,public,17.5,0.0,0.0,0.0
465,July,public,17.5,0.0,0.0,0.0
465,August,public,17.5,0.0,0.0,0.0
465,September,public,5.0,0.0,0.0,0.0
465,October,public,5.0,0.0,0.0,0.0
465,November,public,5.0,0.0,0.0,0.0
466,January,public,40.0,0.0,0.0,0.0
466,February,public,40.0,0.0,0.0,0.0
466,March,public,102.5,0.0,0.0,0.0
466,April,public,102.5,0.0,0.0,0.0
466,May,public,102.5,0.0,0.0,0.0
466,June,public,7.5,0.0,0.0,0.0
466,July,public,7.5,0.0,0.0,0.0
466,August,public,7.5,0.0,0.0,0.0
466,September,public,125.0,0.0,0.0,0.0
466,October,public,125.0,0.0,0.0,0.0
466,November,public,125.0,0.0,0.0,0.0
466,December,public,40.0,0.0,0.0,0.0
467,September,public,2.5,0.0,0.0,0.0
467,October,public,2.5,0.0,0.0,0.0
467,November,public,2.5,0.0,0.0,0.0
468,January,public,1508.9487926727727,0.0,0.0,0.0
468,February,public,1508.9487926727727,0.0,0.0,0.0
468,March,public,1500.0,0.0,0.0,0.0
468,April,public,1500.0,0.0,0.0,0.0
468,May,public,1500.0,0.0,0.0,0.0
468,June,public,1283.7247726074195,0.0,0.0,0.0
468,July,public,1283.7247726074195,0.0,0.0,0.0
468,August,public,1283.7247726074195,0.0,0.0,0.0
468,September,public,1350.0,0.0,0.0,0.0
468,October,public,1350.0,0.0,0.0,0.0
468,November,public,1350.0,0.0,0.0,0.0
468,December,public,1508.9487926727727,0.0,0.0,0.0
469,January,public,607.5,0.0,0.0,0.0
469,February,public,607.5,0.0,0.0,0.0
469,March,public,595.0,0.0,0.0,0.0
469,April,public,595.0,0.0,0.0,0.0
469,May,public,595.0,0.0,0.0,0.0
469,June,public,642.5,0.0,0.0,0.0
469,July,public,642.5,0.0,0.0,0.0
469,August,public,642.5,0.0,0.0,0.0
469,September,public,740.0,0.0,0.0,0.0
469,October,public,740.0,0.0,0.0,0.0
469,November,public,740.0,0.0,0.0,0.0
469,December,public,607.5,0.0,0.0,0.0
470,January,public,1763.36010207145,0.0,0.0,0.0
470,February,public,1763.36010207145,0.0,0.0,0.0
470,March,public,1630.0,0.0,0.0,0.0
470,April,public,1630.0,0.0,0.0,0.0
470,May,public,1630.0,0.0,0.0,0.0
470,June,public,1647.5,0.0,0.0,0.0
470,July,public,1647.5,0.0,0.0,0.0
470,August,public,1647.5,0.0,0.0,0.0
470,September,public,2455.0,0.0,0.0,0.0
470,October,public,2455.0,0.0,0.0,0.0
470,November,public,2455.0,0.0,0.0,0.0
470,December,public,1763.36010207145,0.0,0.0,0.0
471,January,public,125.0,0.0,0.0,0.0
471,February,public,125.0,0.0,0.0,0.0
471,March,public,120.0,0.0,0.0,0.0
471,April,public,120.0,0.0,0.0,0.0
471,May,public,120.0,0.0,0.0,0.0
471,June,public,50.00000000000001,0.0,0.0,0.0
471,July,public,50.00000000000001,0.0,0.0,0.0
471,August,public,50.00000000000001,0.0,0.0,0.0
471,September,public,30.000000000000004,0.0,0.0,0.0
471,October,public,30.000000000000004,0.0,0.0,0.0
471,November,public,30.000000000000004,0.0,0.0,0.0
471,December,public,125.0,0.0,0.0,0.0
473,January,public,75.0,0.0,0.0,0.0
473,February,public,75.0,0.0,0.0,0.0
473,March,public,75.0,0.0,0.0,0.0
473,April,public,75.0,0.0,0.0,0.0
473,May,public,75.0,0.0,0.0,0.0
473,June,public,122.50000000000001,0.0,0.0,0.0
473,July,public,122.50000000000001,0.0,0.0,0.0
473,August,public,122.50000000000001,0.0,0.0,0.0
473,September,public,115.0,0.0,0.0,0.0
473,October,public,115.0,0.0,0.0,0.0
473,November,public,115.0,0.0,0.0,0.0
473,December,public,75.0,0.0,0.0,0.0
474,January,public,140.0,0.0,0.0,0.0
474,February,public,140.0,0.0,0.0,0.0
474,March,public,185.0,0.0,0.0,0.0
474,April,public,185.0,0.0,0.0,0.0
474,May,public,185.0,0.0,0.0,0.0
474,June,public,177.5,0.0,0.0,0.0
474,July,public,177.5,0.0,0.0,0.0
474,August,public,177.5,0.0,0.0,0.0
474,September,public,140.0,0.0,0.0,0.0
474,October,public,140.0,0.0,0.0,0.0
474,November,public,140.0,0.0,0.0,0.0
474,December,public,140.0,0.0,0.0,0.0
475,January,public,290.55000959877134,0.0,0.0,0.0
475,February,public,290.55000959877134,0.0,0.0,0.0
475,March,home,34.747685883991934,0.0,0.0,0.0
475,March,public,170.0,0.0,0.0,0.0
475,April,home,34.747685883991934,0.0,0.0,0.0
475,April,public,170.0,0.0,0.0,0.0
475,May,home,34.747685883991934,0.0,0.0,0.0
475,May,public,170.0,0.0,0.0,0.0
475,June,home,1.3734290655562873,0.0,0.0,0.0
475,June,public,205.0,0.0,0.0,0.0
475,July,home,1.3734290655562873,0.0,0.0,0.0
475,July,public,205.0,0.0,0.0,0.0
475,August,home,1.3734290655562873,0.0,0.0,0.0
475,August,public,205.0,0.0,0.0,0.0
475,September,home,14.516181776890889,0.0,0.0,0.0
475,September,public,290.0,0.0,0.0,0.0
475,October,home,14.516181776890889,0.0,0.0,0.0
475,October,public,290.0,0.0,0.0,0.0
475,November,home,14.516181776890889,0.0,0.0,0.0
475,November,public,290.0,0.0,0.0,0.0
475,December,public,290.55000959877134,0.0,0.0,0.0
476,January,home,1.3597080098720085,0.0,0.0,0.0
476,January,public,32.5,0.0,0.0,0.0
476,February,home,1.3597080098720085,0.0,0.0,0.0
476,February,public,32.5,0.0,0.0,0.0
476,March,public,65.0,0.0,0.0,0.0
476,April,public,65.0,0.0,0.0,0.0
476,May,public,65.0,0.0,0.0,0.0
476,June,home,104.60994847387573,0.0,0.0,0.0
476,June,public,52.5,0.0,0.0,0.0
476,July,home,104.60994847387573,0.0,0.0,0.0
476,July,public,52.5,0.0,0.0,0.0
476,August,home,104.60994847387573,0.0,0.0,0.0
476,August,public,52.5,0.0,0.0,0.0
476,September,home,140.66897998293106,0.0,0.0,0.0
476,September,public,67.5,0.0,0.0,0.0
476,October,home,140.66897998293106,0.0,0.0,0.0
476,October,public,67.5,0.0,0.0,0.0
476,November,home,140.66897998293106,0.0,0.0,0.0
476,November,public,67.5,0.0,0.0,0.0
476,December,home,1.3597080098720085,0.0,0.0,0.0
476,December,public,32.5,0.0,0.0,0.0
479,January,public,247.5,0.0,0.0,0.0
479,February,public,247.5,0.0,0.0,0.0
479,March,public,172.5,0.0,0.0,0.0
479,April,public,172.5,0.0,0.0,0.0
479,May,public,172.5,0.0,0.0,0.0
479,June,public,70.0,0.0,0.0,0.0
479,July,public,70.0,0.0,0.0,0.0
479,August,public,70.0,0.0,0.0,0.0
479,September,public,135.0,0.0,0.0,0.0
479,October,public,135.0,0.0,0.0,0.0
479,November,public,135.0,0.0,0.0,0.0
479,December,public,247.5,0.0,0.0,0.0
480,January,public,379.6318493150685,0.0,0.0,0.0
480,February,public,379.6318493150685,0.0,0.0,0.0
480,March,public,380.0,0.0,0.0,0.0
480,April,public,380.0,0.0,0.0,0.0
480,May,public,380.0,0.0,0.0,0.0
480,June,public,335.0,0.0,0.0,0.0
480,July,public,335.0,0.0,0.0,0.0
480,August,public,335.0,0.0,0.0,0.0
480,September,public,285.0,0.0,0.0,0.0
480,October,public,285.0,0.0,0.0,0.0
480,November,public,285.0,0.0,0.0,0.0
480,December,public,379.6318493150685,0.0,0.0,0.0
481,January,public,112.5,0.0,0.0,0.0
481,February,public,112.5,0.0,0.0,0.0
481,March,public,122.5,0.0,0.0,0.0
481,April,public,122.5,0.0,0.0,0.0
481,May,public,122.5,0.0,0.0,0.0
481,June,public,5.0,0.0,0.0,0.0
481,July,public,5.0,0.0,0.0,0.0
481,August,public,5.0,0.0,0.0,0.0
481,September,public,12.5,0.0,0.0,0.0
481,October,public,12.5,0.0,0.0,0.0
481,November,public,12.5,0.0,0.0,0.0
481,December,public,112.5,0.0,0.0,0.0
482,January,public,32.5,0.0,0.0,0.0
482,February,public,32.5,0.0,0.0,0.0
482,March,public,52.5,0.0,0.0,0.0
482,April,public,52.5,0.0,0.0,0.0
482,May,public,52.5,0.0,0.0,0.0
482,June,public,122.5,0.0,0.0,0.0
482,July,public,122.5,0.0,0.0,0.0
482,August,public,122.5,0.0,0.0,0.0
482,September,public,5.0,0.0,0.0,0.0
482,October,public,5.0,0.0,0.0,0.0
482,November,public,5.0,0.0,0.0,0.0
482,December,public,32.5,0.0,0.0,0.0
483,January,public,282.5,0.0,0.0,0.0
483,February,public,282.5,0.0,0.0,0.0
483,March,public,607.5,0.0,0.0,0.0
483,April,public,607.5,0.0,0.0,0.0
483,May,public,607.5,0.0,0.0,0.0
483,June,public,472.5,0.0,0.0,0.0
483,July,public,472.5,0.0,0.0,0.0
483,August,public,472.5,0.0,0.0,0.0
483,September,public,202.5,0.0,0.0,0.0
483,October,public,202.5,0.0,0.0,0.0
483,November,public,202.5,0.0,0.0,0.0
483,December,public,282.5,0.0,0.0,0.0
484,January,public,267.5,0.0,0.0,0.0
484,February,public,267.5,0.0,0.0,0.0
484,March,home,69.45105826281988,0.0,0.0,0.0
484,March,public,170.0,0.0,0.0,0.0
484,April,home,69.45105826281988,0.0,0.0,0.0
484,April,public,170.0,0.0,0.0,0.0
484,May,home,69.45105826281988,0.0,0.0,0.0
484,May,public,170.0,0.0,0.0,0.0
484,June,home,71.28712983055533,0.0,0.0,0.0
484,June,public,262.5,0.0,0.0,0.0
484,July,home,71.28712983055533,0.0,0.0,0.0
484,July,public,262.5,0.0,0.0,0.0
484,August,home,71.28712983055533,0.0,0.0,0.0
484,August,public,262.5,0.0,0.0,0.0
484,September,home,83.80786980453006,0.0,0.0,0.0
484,September,public,197.5,0.0,0.0,0.0
484,October,home,83.80786980453006,0.0,0.0,0.0
484,October,public,197.5,0.0,0.0,0.0
484,November,home,83.80786980453006,0.0,0.0,0.0
484,November,public,197.5,0.0,0.0,0.0
484,December,public,267.5,0.0,0.0,0.0
485,January,public,110.0,0.0,0.0,0.0
485,February,public,110.0,0.0,0.0,0.0
485,March,public,90.0,0.0,0.0,0.0
485,April,public,90.0,0.0,0.0,0.0
485,May,public,90.0,0.0,0.0,0.0
485,June,public,50.0,0.0,0.0,0.0
485,July,public,50.0,0.0,0.0,0.0
485,August,public,50.0,0.0,0.0,0.0
485,September,public,117.5,0.0,0.0,0.0
485,October,public,117.5,0.0,0.0,0.0
485,November,public,117.5,0.0,0.0,0.0
485,December,public,110.0,0.0,0.0,0.0
486,January,public,890.0,0.0,0.0,0.0
486,February,public,890.0,0.0,0.0,0.0
486,March,public,785.0,0.0,0.0,0.0
486,April,public,785.0,0.0,0.0,0.0
486,May,public,785.0,0.0,0.0,0.0
486,June,public,485.0,0.0,0.0,0.0
486,July,public,485.0,0.0,0.0,0.0
486,August,public,485.0,0.0,0.0,0.0
486,September,public,757.5,0.0,0.0,0.0
486,October,public,757.5,0.0,0.0,0.0
486,November,public,757.5,0.0,0.0,0.0
486,December,public,890.0,0.0,0.0,0.0
489,January,public,35.0,0.0,0.0,0.0
489,February,public,35.0,0.0,0.0,0.0
489,March,public,5.0,0.0,0.0,0.0
489,April,public,5.0,0.0,0.0,0.0
489,May,public,5.0,0.0,0.0,0.0
489,September,public,60.0,0.0,0.0,0.0
489,October,public,60.0,0.0,0.0,0.0
489,November,public,60.0,0.0,0.0,0.0
489,December,public,35.0,0.0,0.0,0.0
490,January,public,50.0,0.0,0.0,0.0
490,February,public,50.0,0.0,0.0,0.0
490,March,public,95.0,0.0,0.0,0.0
490,April,public,95.0,0.0,0.0,0.0
490,May,public,95.0,0.0,0.0,0.0
490,June,public,87.5,0.0,0.0,0.0
490,July,public,87.5,0.0,0.0,0.0
490,August,public,87.5,0.0,0.0,0.0
490,December,public,50.0,0.0,0.0,0.0
492,January,public,10.0,0.0,0.0,0.0
492,February,public,10.0,0.0,0.0,0.0
492,June,public,10.0,0.0,0.0,0.0
492,July,public,10.0,0.0,0.0,0.0
492,August,public,10.0,0.0,0.0,0.0
492,September,public,10.0,0.0,0.0,0.0
492,October,public,10.0,0.0,0.0,0.0
492,November,public,10.0,0.0,0.0,0.0
492,December,public,10.0,0.0,0.0,0.0
493,January,public,120.00000000000001,0.0,0.0,0.0
493,February,public,120.00000000000001,0.0,0.0,0.0
493,March,public,47.5,0.0,0.0,0.0
493,April,public,47.5,0.0,0.0,0.0
493,May,public,47.5,0.0,0.0,0.0
493,June,public,47.5,0.0,0.0,0.0
493,July,public,47.5,0.0,0.0,0.0
493,August,public,47.5,0.0,0.0,0.0
493,September,public,105.0,0.0,0.0,0.0
493,October,public,105.0,0.0,0.0,0.0
493,November,public,105.0,0.0,0.0,0.0
493,December,public,120.00000000000001,0.0,0.0,0.0
494,January,public,40.0,0.0,0.0,0.0
494,February,public,40.0,0.0,0.0,0.0
494,March,public,5.0,0.0,0.0,0.0
494,April,public,5.0,0.0,0.0,0.0
494,May,public,5.0,0.0,0.0,0.0
494,December,public,40.0,0.0,0.0,0.0
495,January,public,25.000000000000004,0.0,0.0,0.0
495,February,public,25.000000000000004,0.0,0.0,0.0
495,December,public,25.000000000000004,0.0,0.0,0.0
497,January,public,150.0,0.0,0.0,0.0
497,February,public,150.0,0.0,0.0,0.0
497,March,public,35.0,0.0,0.0,0.0
497,April,public,35.0,0.0,0.0,0.0
497,May,public,35.0,0.0,0.0,0.0
497,June,public,85.0,0.0,0.0,0.0
497,July,public,85.0,0.0,0.0,0.0
497,August,public,85.0,0.0,0.0,0.0
497,September,public,90.00000000000001,0.0,0.0,0.0
497,October,public,90.00000000000001,0.0,0.0,0.0
497,November,public,90.00000000000001,0.0,0.0,0.0
497,December,public,150.0,0.0,0.0,0.0
498,January,public,365.0,0.0,0.0,0.0
498,February,public,365.0,0.0,0.0,0.0
498,March,public,707.5,0.0,0.0,0.0
498,April,public,707.5,0.0,0.0,0.0
498,May,public,707.5,0.0,0.0,0.0
498,June,public,432.5,0.0,0.0,0.0
498,July,public,432.5,0.0,0.0,0.0
498,August,public,432.5,0.0,0.0,0.0
498,September,public,225.0,0.0,0.0,0.0
498,October,public,225.0,0.0,0.0,0.0
498,November,public,225.0,0.0,0.0,0.0
498,December,public,365.0,0.0,0.0,0.0
499,January,home,24.631743942998227,0.0,0.0,0.0
499,January,public,815.0,0.0,0.0,0.0
499,February,home,24.631743942998227,0.0,0.0,0.0
499,February,public,815.0,0.0,0.0,0.0
499,March,home,15.540223056424715,0.0,0.0,0.0
499,March,public,920.0,0.0,0.0,0.0
499,April,home,15.540223056424715,0.0,0.0,0.0
499,April,public,920.0,0.0,0.0,0.0
499,May,home,15.540223056424715,0.0,0.0,0.0
499,May,public,920.0,0.0,0.0,0.0
499,June,home,3.0324007664087063,0.0,0.0,0.0
499,June,public,1086.4977561705311,0.0,0.0,0.0
499,July,home,3.0324007664087063,0.0,0.0,0.0
499,July,public,1086.4977561705311,0.0,0.0,0.0
499,August,home,3.0324007664087063,0.0,0.0,0.0
499,August,public,1086.4977561705311,0.0,0.0,0.0
499,September,home,40.811565667139746,0.0,0.0,0.0
499,September,public,680.0,0.0,0.0,0.0
499,October,home,40.811565667139746,0.0,0.0,0.0
499,October,public,680.0,0.0,0.0,0.0
499,November,home,40.811565667139746,0.0,0.0,0.0
499,November,public,680.0,0.0,0.0,0.0
499,December,home,24.631743942998227,0.0,0.0,0.0
499,December,public,815.0,0.0,0.0,0.0
500,January,home,284.92336479105614,0.0,0.0,0.0
500,January,public,592.5,0.0,0.0,0.0
500,February,home,284.92336479105614,0.0,0.0,0.0
500,February,public,592.5,0.0,0.0,0.0
500,March,home,25.400081363786576,0.0,0.0,0.0
500,March,public,1015.0,0.0,0.0,0.0
500,April,home,25.400081363786576,0.0,0.0,0.0
500,April,public,1015.0,0.0,0.0,0.0
500,May,home,25.400081363786576,0.0,0.0,0.0
500,May,public,1015.0,0.0,0.0,0.0
500,June,home,44.38638231850349,0.0,0.0,0.0
500,June,public,835.0,0.0,0.0,0.0
500,July,home,44.38638231850349,0.0,0.0,0.0
500,July,public,835.0,0.0,0.0,0.0
500,August,home,44.38638231850349,0.0,0.0,0.0
500,August,public,835.0,0.0,0.0,0.0
500,September,home,182.75125976985703,0.0,0.0,0.0
500,September,public,897.5,0.0,0.0,0.0
500,October,home,182.75125976985703,0.0,0.0,0.0
500,October,public,897.5,0.0,0.0,0.0
500,November,home,182.75125976985703,0.0,0.0,0.0
500,November,public,897.5,0.0,0.0,0.0
500,December,home,284.92336479105614,0.0,0.0,0.0
500,December,public,592.5,0.0,0.0,0.0
501,January,home,0.13563545033370872,0.0,0.0,0.0
501,January,public,292.5,0.0,0.0,0.0
501,February,home,0.13563545033370872,0.0,0.0,0.0
501,February,public,292.5,0.0,0.0,0.0
501,March,public,545.0,0.0,0.0,0.0
501,April,public,545.0,0.0,0.0,0.0
501,May,public,545.0,0.0,0.0,0.0
501,June,public,442.5,0.0,0.0,0.0
501,July,public,442.5,0.0,0.0,0.0
501,August,public,442.5,0.0,0.0,0.0
501,September,public,395.0,0.0,0.0,0.0
501,October,public,395.0,0.0,0.0,0.0
501,November,public,395.0,0.0,0.0,0.0
501,December,home,0.13563545033370872,0.0,0.0,0.0
501,December,public,292.5,0.0,0.0,0.0
502,January,public,22.5,0.0,0.0,0.0
502,February,public,22.5,0.0,0.0,0.0
502,March,public,32.50000000000001,0.0,0.0,0.0
502,April,public,32.50000000000001,0.0,0.0,0.0
502,May,public,32.50000000000001,0.0,0.0,0.0
502,June,public,35.0,0.0,0.0,0.0
502,July,public,35.0,0.0,0.0,0.0
502,August,public,35.0,0.0,0.0,0.0
502,September,public,12.5,0.0,0.0,0.0
502,October,public,12.5,0.0,0.0,0.0
502,November,public,12.5,0.0,0.0,0.0
502,December,public,22.5,0.0,0.0,0.0
503,January,public,15.0,0.0,0.0,0.0
503,February,public,15.0,0.0,0.0,0.0
503,September,public,30.0,0.0,0.0,0.0
503,October,public,30.0,0.0,0.0,0.0
503,November,public,30.0,0.0,0.0,0.0
503,December,public,15.0,0.0,0.0,0.0
505,January,home,20.542927815042383,0.0,0.0,0.0
505,January,public,197.5,0.0,0.0,0.0
505,February,home,20.542927815042383,0.0,0.0,0.0
505,February,public,197.5,0.0,0.0,0.0
505,March,home,10.88988154014082,0.0,0.0,0.0
505,March,public,215.0,0.0,0.0,0.0
505,April,home,10.88988154014082,0.0,0.0,0.0
505,April,public,215.0,0.0,0.0,0.0
505,May,home,10.88988154014082,0.0,0.0,0.0
505,May,public,215.0,0.0,0.0,0.0
505,June,public,317.5,0.0,0.0,0.0
505,July,public,317.5,0.0,0.0,0.0
505,August,public,317.5,0.0,0.0,0.0
505,September,public,247.49999999999997,0.0,0.0,0.0
505,October,public,247.49999999999997,0.0,0.0,0.0
505,November,public,247.49999999999997,0.0,0.0,0.0
505,December,home,20.542927815042383,0.0,0.0,0.0
505,December,public,197.5,0.0,0.0,0.0
506,January,home,0.6083151884178051,0.0,0.0,0.0
506,January,public,287.5,0.0,0.0,0.0
506,February,home,0.6083151884178051,0.0,0.0,0.0
506,February,public,287.5,0.0,0.0,0.0
506,March,home,10.114451533705164,0.0,0.0,0.0
506,March,public,270.0,0.0,0.0,0.0
506,April,home,10.114451533705164,0.0,0.0,0.0
506,April,public,270.0,0.0,0.0,0.0
506,May,home,10.114451533705164,0.0,0.0,0.0
506,May,public,270.0,0.0,0.0,0.0
506,June,public,270.0,0.0,0.0,0.0
506,July,public,270.0,0.0,0.0,0.0
506,August,public,270.0,0.0,0.0,0.0
506,September,public,272.5,0.0,0.0,0.0
506,October,public,272.5,0.0,0.0,0.0
506,November,public,272.5,0.0,0.0,0.0
506,December,home,0.6083151884178051,0.0,0.0,0.0
506,December,public,287.5,0.0,0.0,0.0
507,January,public,97.5,0.0,0.0,0.0
507,February,public,97.5,0.0,0.0,0.0
507,June,public,74.20068658378177,0.0,0.0,0.0
507,July,public,74.20068658378177,0.0,0.0,0.0
507,August,public,74.20068658378177,0.0,0.0,0.0
507,September,public,102.50000000000001,0.0,0.0,0.0
507,October,public,102.50000000000001,0.0,0.0,0.0
507,November,public,102.50000000000001,0.0,0.0,0.0
507,December,public,97.5,0.0,0.0,0.0
508,June,public,52.5,0.0,0.0,0.0
508,July,public,52.5,0.0,0.0,0.0
508,August,public,52.5,0.0,0.0,0.0
509,January,public,35.0,0.0,0.0,0.0
509,February,public,35.0,0.0,0.0,0.0
509,June,public,85.0,0.0,0.0,0.0
509,July,public,85.0,0.0,0.0,0.0
509,August,public,85.0,0.0,0.0,0.0
509,September,public,35.0,0.0,0.0,0.0
509,October,public,35.0,0.0,0.0,0.0
509,November,public,35.0,0.0,0.0,0.0
509,December,public,35.0,0.0,0.0,0.0
512,January,public,390.0,0.0,0.0,0.0
512,February,public,390.0,0.0,0.0,0.0
512,March,public,465.0,0.0,0.0,0.0
512,April,public,465.0,0.0,0.0,0.0
512,May,public,465.0,0.0,0.0,0.0
512,June,public,302.5,0.0,0.0,0.0
512,July,public,302.5,0.0,0.0,0.0
512,August,public,302.5,0.0,0.0,0.0
512,September,public,355.0,0.0,0.0,0.0
512,October,public,355.0,0.0,0.0,0.0
512,November,public,355.0,0.0,0.0,0.0
512,December,public,390.0,0.0,0.0,0.0
513,June,public,30.0,0.0,0.0,0.0
513,July,public,30.0,0.0,0.0,0.0
513,August,public,30.0,0.0,0.0,0.0
513,September,public,17.5,0.0,0.0,0.0
513,October,public,17.5,0.0,0.0,0.0
513,November,public,17.5,0.0,0.0,0.0
514,January,home,111.10172596028386,0.0,0.0,0.0
514,January,public,15.0,0.0,0.0,0.0
514,February,home,111.10172596028386,0.0,0.0,0.0
514,February,public,15.0,0.0,0.0,0.0
514,March,home,110.15157342024204,0.0,0.0,0.0
514,March,public,60.0,0.0,0.0,0.0
514,April,home,110.15157342024204,0.0,0.0,0.0
514,April,public,60.0,0.0,0.0,0.0
514,May,home,110.15157342024204,0.0,0.0,0.0
514,May,public,60.0,0.0,0.0,0.0
514,June,home,59.90635299123493,0.0,0.0,0.0
514,June,public,107.5,0.0,0.0,0.0
514,July,home,59.90635299123493,0.0,0.0,0.0
514,July,public,107.5,0.0,0.0,0.0
514,August,home,59.90635299123493,0.0,0.0,0.0
514,August,public,107.5,0.0,0.0,0.0
514,September,home,72.17275129495013,0.0,0.0,0.0
514,October,home,72.17275129495013,0.0,0.0,0.0
514,November,home,72.17275129495013,0.0,0.0,0.0
514,December,home,111.10172596028386,0.0,0.0,0.0
514,December,public,15.0,0.0,0.0,0.0
515,January,public,625.0,0.0,0.0,0.0
515,February,public,625.0,0.0,0.0,0.0
515,March,home,20.772790458235633,0.0,0.0,0.0
515,March,public,1077.5,0.0,0.0,0.0
515,April,home,20.772790458235633,0.0,0.0,0.0
515,April,public,1077.5,0.0,0.0,0.0
515,May,home,20.772790458235633,0.0,0.0,0.0
515,May,public,1077.5,0.0,0.0,0.0
515,June,home,84.34803128516988,0.0,0.0,0.0
515,June,public,837.5,0.0,0.0,0.0
515,July,home,84.34803128516988,0.0,0.0,0.0
515,July,public,837.5,0.0,0.0,0.0
515,August,home,84.34803128516988,0.0,0.0,0.0
515,August,public,837.5,0.0,0.0,0.0
515,September,home,51.16547010460694,0.0,0.0,0.0
515,September,public,822.5,0.0,0.0,0.0
515,October,home,51.16547010460694,0.0,0.0,0.0
515,October,public,822.5,0.0,0.0,0.0
515,November,home,51.16547010460694,0.0,0.0,0.0
515,November,public,822.5,0.0,0.0,0.0
515,December,public,625.0,0.0,0.0,0.0
516,January,public,262.5,0.0,0.0,0.0
516,February,public,262.5,0.0,0.0,0.0
516,March,public,387.5,0.0,0.0,0.0
516,April,public,387.5,0.0,0.0,0.0
516,May,public,387.5,0.0,0.0,0.0
516,June,public,180.0,0.0,0.0,0.0
516,July,public,180.0,0.0,0.0,0.0
516,August,public,180.0,0.0,0.0,0.0
516,September,public,227.5,0.0,0.0,0.0
516,October,public,227.5,0.0,0.0,0.0
516,November,public,227.5,0.0,0.0,0.0
516,December,public,262.5,0.0,0.0,0.0
518,January,public,57.5,0.0,0.0,0.0
518,February,public,57.5,0.0,0.0,0.0
518,March,public,57.49999999999999,0.0,0.0,0.0
518,April,public,57.49999999999999,0.0,0.0,0.0
518,May,public,57.49999999999999,0.0,0.0,0.0
518,June,public,100.0,0.0,0.0,0.0
518,July,public,100.0,0.0,0.0,0.0
518,August,public,100.0,0.0,0.0,0.0
518,September,public,50.0,0.0,0.0,0.0
518,October,public,50.0,0.0,0.0,0.0
518,November,public,50.0,0.0,0.0,0.0
518,December,public,57.5,0.0,0.0,0.0
519,January,public,152.5,0.0,0.0,0.0
519,February,public,152.5,0.0,0.0,0.0
519,March,public,97.5,0.0,0.0,0.0
519,April,public,97.5,0.0,0.0,0.0
519,May,public,97.5,0.0,0.0,0.0
519,June,public,62.5,0.0,0.0,0.0
519,July,public,62.5,0.0,0.0,0.0
519,August,public,62.5,0.0,0.0,0.0
519,September,public,185.0,0.0,0.0,0.0
519,October,public,185.0,0.0,0.0,0.0
519,November,public,185.0,0.0,0.0,0.0
519,December,public,152.5,0.0,0.0,0.0
520,March,public,22.5,0.0,0.0,0.0
520,April,public,22.5,0.0,0.0,0.0
520,May,public,22.5,0.0,0.0,0.0
520,September,public,2.5,0.0,0.0,0.0
520,October,public,2.5,0.0,0.0,0.0
520,November,public,2.5,0.0,0.0,0.0
522,January,home,6.768234702483518,0.0,0.0,0.0
522,January,public,100.0,0.0,0.0,0.0
522,February,home,6.768234702483518,0.0,0.0,0.0
522,February,public,100.0,0.0,0.0,0.0
522,March,public,42.5,0.0,0.0,0.0
522,April,public,42.5,0.0,0.0,0.0
522,May,public,42.5,0.0,0.0,0.0
522,June,home,2.792224743122034,0.0,0.0,0.0
522,June,public,170.0,0.0,0.0,0.0
522,July,home,2.792224743122034,0.0,0.0,0.0
522,July,public,170.0,0.0,0.0,0.0
522,August,home,2.792224743122034,0.0,0.0,0.0
522,August,public,170.0,0.0,0.0,0.0
522,September,home,30.35672474850397,0.0,0.0,0.0
522,September,public,95.0,0.0,0.0,0.0
522,October,home,30.35672474850397,0.0,0.0,0.0
522,October,public,95.0,0.0,0.0,0.0
522,November,home,30.35672474850397,0.0,0.0,0.0
522,November,public,95.0,0.0,0.0,0.0
522,December,home,6.768234702483518,0.0,0.0,0.0
522,December,public,100.0,0.0,0.0,0.0
524,January,public,202.5,0.0,0.0,0.0
524,February,public,202.5,0.0,0.0,0.0
524,March,public,30.0,0.0,0.0,0.0
524,April,public,30.0,0.0,0.0,0.0
524,May,public,30.0,0.0,0.0,0.0
524,June,public,155.0,0.0,0.0,0.0
524,July,public,155.0,0.0,0.0,0.0
524,August,public,155.0,0.0,0.0,0.0
524,September,public,145.0,0.0,0.0,0.0
524,October,public,145.0,0.0,0.0,0.0
524,November,public,145.0,0.0,0.0,0.0
524,December,public,202.5,0.0,0.0,0.0
526,March,public,67.5,0.0,0.0,0.0
526,April,public,67.5,0.0,0.0,0.0
526,May,public,67.5,0.0,0.0,0.0
526,September,public,7.500000000000002,0.0,0.0,0.0
526,October,public,7.500000000000002,0.0,0.0,0.0
526,November,public,7.500000000000002,0.0,0.0,0.0
527,September,public,62.5,0.0,0.0,0.0
527,October,public,62.5,0.0,0.0,0.0
527,November,public,62.5,0.0,0.0,0.0
528,January,public,167.49999999999997,0.0,0.0,0.0
528,February,public,167.49999999999997,0.0,0.0,0.0
528,March,public,135.0,0.0,0.0,0.0
528,April,public,135.0,0.0,0.0,0.0
528,May,public,135.0,0.0,0.0,0.0
528,June,public,167.5,0.0,0.0,0.0
528,July,public,167.5,0.0,0.0,0.0
528,August,public,167.5,0.0,0.0,0.0
528,September,public,167.5,0.0,0.0,0.0
528,October,public,167.5,0.0,0.0,0.0
528,November,public,167.5,0.0,0.0,0.0
528,December,public,167.49999999999997,0.0,0.0,0.0
530,January,public,200.0,0.0,0.0,0.0
530,February,public,200.0,0.0,0.0,0.0
530,March,public,262.5,0.0,0.0,0.0
530,April,public,262.5,0.0,0.0,0.0
530,May,public,262.5,0.0,0.0,0.0
530,June,public,107.50000000000001,0.0,0.0,0.0
530,July,public,107.50000000000001,0.0,0.0,0.0
530,August,public,107.50000000000001,0.0,0.0,0.0
530,September,public,282.5,0.0,0.0,0.0
530,October,public,282.5,0.0,0.0,0.0
530,November,public,282.5,0.0,0.0,0.0
530,December,public,200.0,0.0,0.0,0.0
531,January,public,69.99999999999999,0.0,0.0,0.0
531,February,public,69.99999999999999,0.0,0.0,0.0
531,March,public,137.5,0.0,0.0,0.0
531,April,public,137.5,0.0,0.0,0.0
531,May,public,137.5,0.0,0.0,0.0
531,June,public,82.5,0.0,0.0,0.0
531,July,public,82.5,0.0,0.0,0.0
531,August,public,82.5,0.0,0.0,0.0
531,September,public,32.5,0.0,0.0,0.0
531,October,public,32.5,0.0,0.0,0.0
531,November,public,32.5,0.0,0.0,0.0
531,December,public,69.99999999999999,0.0,0.0,0.0
532,March,public,5.0,0.0,0.0,0.0
532,April,public,5.0,0.0,0.0,0.0
532,May,public,5.0,0.0,0.0,0.0
533,January,home,1.5401978893360422,0.0,0.0,0.0
533,January,public,340.0,0.0,0.0,0.0
533,February,home,1.5401978893360422,0.0,0.0,0.0
533,February,public,340.0,0.0,0.0,0.0
533,March,home,42.948799998312396,0.0,0.0,0.0
533,March,public,345.0,0.0,0.0,0.0
533,April,home,42.948799998312396,0.0,0.0,0.0
533,April,public,345.0,0.0,0.0,0.0
533,May,home,42.948799998312396,0.0,0.0,0.0
533,May,public,345.0,0.0,0.0,0.0
533,June,public,192.50000000000003,0.0,0.0,0.0
533,July,public,192.50000000000003,0.0,0.0,0.0
533,August,public,192.50000000000003,0.0,0.0,0.0
533,September,public,172.5,0.0,0.0,0.0
533,October,public,172.5,0.0,0.0,0.0
533,November,public,172.5,0.0,0.0,0.0
533,December,home,1.5401978893360422,0.0,0.0,0.0
533,December,public,340.0,0.0,0.0,0.0
534,January,public,92.49999999999999,0.0,0.0,0.0
534,February,public,92.49999999999999,0.0,0.0,0.0
534,March,public,62.5,0.0,0.0,0.0
534,April,public,62.5,0.0,0.0,0.0
534,May,public,62.5,0.0,0.0,0.0
534,June,home,11.344206176471772,0.0,0.0,0.0
534,June,public,10.0,0.0,0.0,0.0
534,July,home,11.344206176471772,0.0,0.0,0.0
534,July,public,10.0,0.0,0.0,0.0
534,August,home,11.344206176471772,0.0,0.0,0.0
534,August,public,10.0,0.0,0.0,0.0
534,December,public,92.49999999999999,0.0,0.0,0.0
535,March,public,67.5,0.0,0.0,0.0
535,April,public,67.5,0.0,0.0,0.0
535,May,public,67.5,0.0,0.0,0.0
535,June,public,10.0,0.0,0.0,0.0
535,July,public,10.0,0.0,0.0,0.0
535,August,public,10.0,0.0,0.0,0.0
536,January,public,97.5,0.0,0.0,0.0
536,February,public,97.5,0.0,0.0,0.0
536,March,public,142.5,0.0,0.0,0.0
536,April,public,142.5,0.0,0.0,0.0
536,May,public,142.5,0.0,0.0,0.0
536,June,public,180.0,0.0,0.0,0.0
536,July,public,180.0,0.0,0.0,0.0
536,August,public,180.0,0.0,0.0,0.0
536,September,public,219.99999999999997,0.0,0.0,0.0
536,October,public,219.99999999999997,0.0,0.0,0.0
536,November,public,219.99999999999997,0.0,0.0,0.0
536,December,public,97.5,0.0,0.0,0.0
537,January,public,145.0,0.0,0.0,0.0
537,February,public,145.0,0.0,0.0,0.0
537,March,public,145.0,0.0,0.0,0.0
537,April,public,145.0,0.0,0.0,0.0
537,May,public,145.0,0.0,0.0,0.0
537,June,public,80.0,0.0,0.0,0.0
537,July,public,80.0,0.0,0.0,0.0
537,August,public,80.0,0.0,0.0,0.0
537,September,public,120.00000000000001,0.0,0.0,0.0
537,October,public,120.00000000000001,0.0,0.0,0.0
537,November,public,120.00000000000001,0.0,0.0,0.0
537,December,public,145.0,0.0,0.0,0.0
539,January,home,23.303946810453134,0.0,0.0,0.0
539,January,public,212.5,0.0,0.0,0.0
539,February,home,23.303946810453134,0.0,0.0,0.0
539,February,public,212.5,0.0,0.0,0.0
539,March,home,83.40041698515051,0.0,0.0,0.0
539,March,public,167.5,0.0,0.0,0.0
539,April,home,83.40041698515051,0.0,0.0,0.0
539,April,public,167.5,0.0,0.0,0.0
539,May,home,83.40041698515051,0.0,0.0,0.0
539,May,public,167.5,0.0,0.0,0.0
539,June,home,31.201127934258565,0.0,0.0,0.0
539,June,public,147.5,0.0,0.0,0.0
539,July,home,31.201127934258565,0.0,0.0,0.0
539,July,public,147.5,0.0,0.0,0.0
539,August,home,31.201127934258565,0.0,0.0,0.0
539,August,public,147.5,0.0,0.0,0.0
539,September,home,90.65147054755977,0.0,0.0,0.0
539,September,public,72.5,0.0,0.0,0.0
539,October,home,90.65147054755977,0.0,0.0,0.0
539,October,public,72.5,0.0,0.0,0.0
539,November,home,90.65147054755977,0.0,0.0,0.0
539,November,public,72.5,0.0,0.0,0.0
539,December,home,23.303946810453134,0.0,0.0,0.0
539,December,public,212.5,0.0,0.0,0.0
540,January,home,41.74969025315606,0.0,0.0,0.0
540,January,public,280.0,0.0,0.0,0.0
540,February,home,41.74969025315606,0.0,0.0,0.0
540,February,public,280.0,0.0,0.0,0.0
540,March,home,98.06559726918577,0.0,0.0,0.0
540,March,public,245.0,0.0,0.0,0.0
540,April,home,98.06559726918577,0.0,0.0,0.0
540,April,public,245.0,0.0,0.0,0.0
540,May,home,98.06559726918577,0.0,0.0,0.0
540,May,public,245.0,0.0,0.0,0.0
540,June,public,252.5,0.0,0.0,0.0
540,July,public,252.5,0.0,0.0,0.0
540,August,public,252.5,0.0,0.0,0.0
540,September,home,6.512164536851728,0.0,0.0,0.0
540,September,public,197.5,0.0,0.0,0.0
540,October,home,6.512164536851728,0.0,0.0,0.0
540,October,public,197.5,0.0,0.0,0.0
540,November,home,6.512164536851728,0.0,0.0,0.0
540,November,public,197.5,0.0,0.0,0.0
540,December,home,41.74969025315606,0.0,0.0,0.0
540,December,public,280.0,0.0,0.0,0.0
541,January,public,145.0,0.0,0.0,0.0
541,February,public,145.0,0.0,0.0,0.0
541,March,public,170.0,0.0,0.0,0.0
541,April,public,170.0,0.0,0.0,0.0
541,May,public,170.0,0.0,0.0,0.0
541,June,public,207.5,0.0,0.0,0.0
541,July,public,207.5,0.0,0.0,0.0
541,August,public,207.5,0.0,0.0,0.0
541,September,public,90.0,0.0,0.0,0.0
541,October,public,90.0,0.0,0.0,0.0
541,November,public,90.0,0.0,0.0,0.0
541,December,public,145.0,0.0,0.0,0.0
542,January,public,90.0,0.0,0.0,0.0
542,February,public,90.0,0.0,0.0,0.0
542,March,public,55.0,0.0,0.0,0.0
542,April,public,55.0,0.0,0.0,0.0
542,May,public,55.0,0.0,0.0,0.0
542,June,public,202.5,0.0,0.0,0.0
542,July,public,202.5,0.0,0.0,0.0
542,August,public,202.5,0.0,0.0,0.0
542,September,public,95.0,0.0,0.0,0.0
542,October,public,95.0,0.0,0.0,0.0
542,November,public,95.0,0.0,0.0,0.0
542,December,public,90.0,0.0,0.0,0.0
543,January,public,72.5,0.0,0.0,0.0
543,February,public,72.5,0.0,0.0,0.0
543,March,public,90.0,0.0,0.0,0.0
543,April,public,90.0,0.0,0.0,0.0
543,May,public,90.0,0.0,0.0,0.0
543,June,public,72.5,0.0,0.0,0.0
543,July,public,72.5,0.0,0.0,0.0
543,August,public,72.5,0.0,0.0,0.0
543,September,public,70.0,0.0,0.0,0.0
543,October,public,70.0,0.0,0.0,0.0
543,November,public,70.0,0.0,0.0,0.0
543,December,public,72.5,0.0,0.0,0.0
545,March,public,7.499999999999999,0.0,0.0,0.0
545,April,public,7.499999999999999,0.0,0.0,0.0
545,May,public,7.499999999999999,0.0,0.0,0.0
545,June,public,7.499999999999999,0.0,0.0,0.0
545,July,public,7.499999999999999,0.0,0.0,0.0
545,August,public,7.499999999999999,0.0,0.0,0.0
545,September,public,55.0,0.0,0.0,0.0
545,October,public,55.0,0.0,0.0,0.0
545,November,public,55.0,0.0,0.0,0.0
546,January,public,147.49999999999997,0.0,0.0,0.0
546,February,public,147.49999999999997,0.0,0.0,0.0
546,March,public,147.5,0.0,0.0,0.0
546,April,public,147.5,0.0,0.0,0.0
546,May,public,147.5,0.0,0.0,0.0
546,June,public,147.49999999999997,0.0,0.0,0.0
546,July,public,147.49999999999997,0.0,0.0,0.0
546,August,public,147.49999999999997,0.0,0.0,0.0
546,September,public,149.99999999999997,0.0,0.0,0.0
546,October,public,149.99999999999997,0.0,0.0,0.0
546,November,public,149.99999999999997,0.0,0.0,0.0
546,December,public,147.49999999999997,0.0,0.0,0.0
547,September,public,7.5,0.0,0.0,0.0
547,October,public,7.5,0.0,0.0,0.0
547,November,public,7.5,0.0,0.0,0.0
548,January,public,395.0,0.0,0.0,0.0
548,February,public,395.0,0.0,0.0,0.0
548,March,public,667.5,0.0,0.0,0.0
548,April,public,667.5,0.0,0.0,0.0
548,May,public,667.5,0.0,0.0,0.0
548,June,public,637.5,0.0,0.0,0.0
548,July,public,637.5,0.0,0.0,0.0
548,August,public,637.5,0.0,0.0,0.0
548,September,public,822.5,0.0,0.0,0.0
548,October,public,822.5,0.0,0.0,0.0
548,November,public,822.5,0.0,0.0,0.0
548,December,public,395.0,0.0,0.0,0.0
549,January,public,1225.0,0.0,0.0,0.0
549,February,public,1225.0,0.0,0.0,0.0
549,March,public,962.5,0.0,0.0,0.0
549,April,public,962.5,0.0,0.0,0.0
549,May,public,962.5,0.0,0.0,0.0
549,June,public,1350.0,0.0,0.0,0.0
549,July,public,1350.0,0.0,0.0,0.0
549,August,public,1350.0,0.0,0.0,0.0
549,September,public,955.0,0.0,0.0,0.0
549,October,public,955.0,0.0,0.0,0.0
549,November,public,955.0,0.0,0.0,0.0
549,December,public,1225.0,0.0,0.0,0.0
550,January,public,260.0,0.0,0.0,0.0
550,February,public,260.0,0.0,0.0,0.0
550,March,public,62.50000000000001,0.0,0.0,0.0
550,April,public,62.50000000000001,0.0,0.0,0.0
550,May,public,62.50000000000001,0.0,0.0,0.0
550,June,public,175.00000000000003,0.0,0.0,0.0
550,July,public,175.00000000000003,0.0,0.0,0.0
550,August,public,175.00000000000003,0.0,0.0,0.0
550,September,public,150.0,0.0,0.0,0.0
550,October,public,150.0,0.0,0.0,0.0
550,November,public,150.0,0.0,0.0,0.0
550,December,public,260.0,0.0,0.0,0.0
551,January,public,27.5,0.0,0.0,0.0
551,February,public,27.5,0.0,0.0,0.0
551,March,public,114.99999999999999,0.0,0.0,0.0
551,April,public,114.99999999999999,0.0,0.0,0.0
551,May,public,114.99999999999999,0.0,0.0,0.0
551,September,public,47.49999999999999,0.0,0.0,0.0
551,October,public,47.49999999999999,0.0,0.0,0.0
551,November,public,47.49999999999999,0.0,0.0,0.0
551,December,public,27.5,0.0,0.0,0.0
552,January,public,140.0,0.0,0.0,0.0
552,February,public,140.0,0.0,0.0,0.0
552,March,public,212.5,0.0,0.0,0.0
552,April,public,212.5,0.0,0.0,0.0
552,May,public,212.5,0.0,0.0,0.0
552,June,public,162.5,0.0,0.0,0.0
552,July,public,162.5,0.0,0.0,0.0
552,August,public,162.5,0.0,0.0,0.0
552,September,public,222.5,0.0,0.0,0.0
552,October,public,222.5,0.0,0.0,0.0
552,November,public,222.5,0.0,0.0,0.0
552,December,public,140.0,0.0,0.0,0.0
553,January,home,3.9336275621925623,0.0,0.0,0.0
553,January,public,417.5,0.0,0.0,0.0
553,February,home,3.9336275621925623,0.0,0.0,0.0
553,February,public,417.5,0.0,0.0,0.0
553,March,public,435.0,0.0,0.0,0.0
553,April,public,435.0,0.0,0.0,0.0
553,May,public,435.0,0.0,0.0,0.0
553,June,public,250.0,0.0,0.0,0.0
553,July,public,250.0,0.0,0.0,0.0
553,August,public,250.0,0.0,0.0,0.0
553,September,public,175.0,0.0,0.0,0.0
553,October,public,175.0,0.0,0.0,0.0
553,November,public,175.0,0.0,0.0,0.0
553,December,home,3.9336275621925623,0.0,0.0,0.0
553,December,public,417.5,0.0,0.0,0.0
554,March,public,62.5,0.0,0.0,0.0
554,April,public,62.5,0.0,0.0,0.0
554,May,public,62.5,0.0,0.0,0.0
554,September,public,62.5,0.0,0.0,0.0
554,October,public,62.5,0.0,0.0,0.0
554,November,public,62.5,0.0,0.0,0.0
555,January,public,192.3022151898734,0.0,0.0,0.0
555,February,public,192.3022151898734,0.0,0.0,0.0
555,March,public,177.5,0.0,0.0,0.0
555,April,public,177.5,0.0,0.0,0.0
555,May,public,177.5,0.0,0.0,0.0
555,June,public,157.5,0.0,0.0,0.0
555,July,public,157.5,0.0,0.0,0.0
555,August,public,157.5,0.0,0.0,0.0
555,September,public,257.5,0.0,0.0,0.0
555,October,public,257.5,0.0,0.0,0.0
555,November,public,257.5,0.0,0.0,0.0
555,December,public,192.3022151898734,0.0,0.0,0.0
556,January,public,77.5,0.0,0.0,0.0
556,February,public,77.5,0.0,0.0,0.0
556,June,public,5.0,0.0,0.0,0.0
556,July,public,5.0,0.0,0.0,0.0
556,August,public,5.0,0.0,0.0,0.0
556,September,public,70.0,0.0,0.0,0.0
556,October,public,70.0,0.0,0.0,0.0
556,November,public,70.0,0.0,0.0,0.0
556,December,public,77.5,0.0,0.0,0.0
557,January,home,75.43961885805513,0.0,0.0,0.0
557,January,public,142.5,0.0,0.0,0.0
557,February,home,75.43961885805513,0.0,0.0,0.0
557,February,public,142.5,0.0,0.0,0.0
557,March,home,71.75732067966162,0.0,0.0,0.0
557,March,public,275.0,0.0,0.0,0.0
557,April,home,71.75732067966162,0.0,0.0,0.0
557,April,public,275.0,0.0,0.0,0.0
557,May,home,71.75732067966162,0.0,0.0,0.0
557,May,public,275.0,0.0,0.0,0.0
557,June,home,34.00033596420867,0.0,0.0,0.0
557,June,public,290.0,0.0,0.0,0.0
557,July,home,34.00033596420867,0.0,0.0,0.0
557,July,public,290.0,0.0,0.0,0.0
557,August,home,34.00033596420867,0.0,0.0,0.0
557,August,public,290.0,0.0,0.0,0.0
557,September,home,55.963110245843964,0.0,0.0,0.0
557,September,public,165.0,0.0,0.0,0.0
557,October,home,55.963110245843964,0.0,0.0,0.0
557,October,public,165.0,0.0,0.0,0.0
557,November,home,55.963110245843964,0.0,0.0,0.0
557,November,public,165.0,0.0,0.0,0.0
557,December,home,75.43961885805513,0.0,0.0,0.0
557,December,public,142.5,0.0,0.0,0.0
558,January,home,115.45400182442768,0.0,0.0,0.0
558,January,public,32.5,0.0,0.0,0.0
558,February,home,115.45400182442768,0.0,0.0,0.0
558,February,public,32.5,0.0,0.0,0.0
558,March,home,64.2000418643619,0.0,0.0,0.0
558,March,public,107.50000000000001,0.0,0.0,0.0
558,April,home,64.2000418643619,0.0,0.0,0.0
558,April,public,107.50000000000001,0.0,0.0,0.0
558,May,home,64.2000418643619,0.0,0.0,0.0
558,May,public,107.50000000000001,0.0,0.0,0.0
558,June,home,122.11540005632827,0.0,0.0,0.0
558,June,public,20.0,0.0,0.0,0.0
558,July,home,122.11540005632827,0.0,0.0,0.0
558,July,public,20.0,0.0,0.0,0.0
558,August,home,122.11540005632827,0.0,0.0,0.0
558,August,public,20.0,0.0,0.0,0.0
558,September,home,39.20464951962164,0.0,0.0,0.0
558,September,public,175.0,0.0,0.0,0.0
558,October,home,39.20464951962164,0.0,0.0,0.0
558,October,public,175.0,0.0,0.0,0.0
558,November,home,39.20464951962164,0.0,0.0,0.0
558,November,public,175.0,0.0,0.0,0.0
558,December,home,115.45400182442768,0.0,0.0,0.0
558,December,public,32.5,0.0,0.0,0.0
559,March,public,7.5,0.0,0.0,0.0
559,April,public,7.5,0.0,0.0,0.0
559,May,public,7.5,0.0,0.0,0.0
560,January,public,60.0,0.0,0.0,0.0
560,February,public,60.0,0.0,0.0,0.0
560,March,public,60.0,0.0,0.0,0.0
560,April,public,60.0,0.0,0.0,0.0
560,May,public,60.0,0.0,0.0,0.0
560,June,public,115.0,0.0,0.0,0.0
560,July,public,115.0,0.0,0.0,0.0
560,August,public,115.0,0.0,0.0,0.0
560,September,public,92.5,0.0,0.0,0.0
560,October,public,92.5,0.0,0.0,0.0
560,November,public,92.5,0.0,0.0,0.0
560,December,public,60.0,0.0,0.0,0.0
563,January,home,287.860498436054,0.0,0.0,0.0
563,January,public,65.0,0.0,0.0,0.0
563,February,home,287.860498436054,0.0,0.0,0.0
563,February,public,65.0,0.0,0.0,0.0
563,March,home,308.22342175754807,0.0,0.0,0.0
563,March,public,272.5,0.0,0.0,0.0
563,April,home,308.22342175754807,0.0,0.0,0.0
563,April,public,272.5,0.0,0.0,0.0
563,May,home,308.22342175754807,0.0,0.0,0.0
563,May,public,272.5,0.0,0.0,0.0
563,June,home,324.4737562552508,0.0,0.0,0.0
563,June,public,60.0,0.0,0.0,0.0
563,July,home,324.4737562552508,0.0,0.0,0.0
563,July,public,60.0,0.0,0.0,0.0
563,August,home,324.4737562552508,0.0,0.0,0.0
563,August,public,60.0,0.0,0.0,0.0
563,September,home,253.02376142054328,0.0,0.0,0.0
563,September,public,60.0,0.0,0.0,0.0
563,October,home,253.02376142054328,0.0,0.0,0.0
563,October,public,60.0,0.0,0.0,0.0
563,November,home,253.02376142054328,0.0,0.0,0.0
563,November,public,60.0,0.0,0.0,0.0
563,December,home,287.860498436054,0.0,0.0,0.0
563,December,public,65.0,0.0,0.0,0.0
565,January,public,130.0,0.0,0.0,0.0
565,February,public,130.0,0.0,0.0,0.0
565,March,public,157.5,0.0,0.0,0.0
565,April,public,157.5,0.0,0.0,0.0
565,May,public,157.5,0.0,0.0,0.0
565,June,public,62.5,0.0,0.0,0.0
565,July,public,62.5,0.0,0.0,0.0
565,August,public,62.5,0.0,0.0,0.0
565,September,public,215.0,0.0,0.0,0.0
565,October,public,215.0,0.0,0.0,0.0
565,November,public,215.0,0.0,0.0,0.0
565,December,public,130.0,0.0,0.0,0.0
566,January,home,121.59674431608462,0.0,0.0,0.0
566,January,public,375.0,0.0,0.0,0.0
566,February,home,121.59674431608462,0.0,0.0,0.0
566,February,public,375.0,0.0,0.0,0.0
566,March,home,99.01803341128755,0.0,0.0,0.0
566,March,public,862.5,0.0,0.0,0.0
566,April,home,99.01803341128755,0.0,0.0,0.0
566,April,public,862.5,0.0,0.0,0.0
566,May,home,99.01803341128755,0.0,0.0,0.0
566,May,public,862.5,0.0,0.0,0.0
566,June,home,167.92029884266447,0.0,0.0,0.0
566,June,public,820.0,0.0,0.0,0.0
566,July,home,167.92029884266447,0.0,0.0,0.0
566,July,public,820.0,0.0,0.0,0.0
566,August,home,167.92029884266447,0.0,0.0,0.0
566,August,public,820.0,0.0,0.0,0.0
566,September,home,126.49160806061096,0.0,0.0,0.0
566,September,public,597.5,0.0,0.0,0.0
566,October,home,126.49160806061096,0.0,0.0,0.0
566,October,public,597.5,0.0,0.0,0.0
566,November,home,126.49160806061096,0.0,0.0,0.0
566,November,public,597.5,0.0,0.0,0.0
566,December,home,121.59674431608462,0.0,0.0,0.0
566,December,public,375.0,0.0,0.0,0.0
567,January,public,570.0,0.0,0.0,0.0
567,February,public,570.0,0.0,0.0,0.0
567,March,public,355.0,0.0,0.0,0.0
567,April,public,355.0,0.0,0.0,0.0
567,May,public,355.0,0.0,0.0,0.0
567,June,home,27.129751823251127,0.0,0.0,0.0
567,June,public,412.49999999999994,0.0,0.0,0.0
567,July,home,27.129751823251127,0.0,0.0,0.0
567,July,public,412.49999999999994,0.0,0.0,0.0
567,August,home,27.129751823251127,0.0,0.0,0.0
567,August,public,412.49999999999994,0.0,0.0,0.0
567,September,home,14.139708534915862,0.0,0.0,0.0
567,September,public,450.0,0.0,0.0,0.0
567,October,home,14.139708534915862,0.0,0.0,0.0
567,October,public,450.0,0.0,0.0,0.0
567,November,home,14.139708534915862,0.0,0.0,0.0
567,November,public,450.0,0.0,0.0,0.0
567,December,public,570.0,0.0,0.0,0.0
568,January,home,184.6964880535158,0.0,0.0,0.0
568,January,public,660.0,0.0,0.0,0.0
568,February,home,184.6964880535158,0.0,0.0,0.0
568,February,public,660.0,0.0,0.0,0.0
568,March,home,121.34575474649736,0.0,0.0,0.0
568,March,public,532.5,0.0,0.0,0.0
568,April,home,121.34575474649736,0.0,0.0,0.0
568,April,public,532.5,0.0,0.0,0.0
568,May,home,121.34575474649736,0.0,0.0,0.0
568,May,public,532.5,0.0,0.0,0.0
568,June,home,129.22847300062833,0.0,0.0,0.0
568,June,public,697.5,0.0,0.0,0.0
568,July,home,129.22847300062833,0.0,0.0,0.0
568,July,public,697.5,0.0,0.0,0.0
568,August,home,129.22847300062833,0.0,0.0,0.0
568,August,public,697.5,0.0,0.0,0.0
568,September,home,121.97432293276944,0.0,0.0,0.0
568,September,public,457.5,0.0,0.0,0.0
568,October,home,121.97432293276944,0.0,0.0,0.0
568,October,public,457.5,0.0,0.0,0.0
568,November,home,121.97432293276944,0.0,0.0,0.0
568,November,public,457.5,0.0,0.0,0.0
568,December,home,184.6964880535158,0.0,0.0,0.0
568,December,public,660.0,0.0,0.0,0.0
569,January,home,1749.20420128249,0.0,0.0,0.0
569,January,public,735.0793257312841,0.0,0.0,0.0
569,February,home,1749.20420128249,0.0,0.0,0.0
569,February,public,735.0793257312841,0.0,0.0,0.0
569,March,home,1787.4103778836609,0.0,0.0,0.0
569,March,public,505.0,0.0,0.0,0.0
569,April,home,1787.4103778836609,0.0,0.0,0.0
569,April,public,505.0,0.0,0.0,0.0
569,May,home,1787.4103778836609,0.0,0.0,0.0
569,May,public,505.0,0.0,0.0,0.0
569,June,home,1934.458754427614,0.0,0.0,0.0
569,June,public,626.4246954028873,0.0,0.0,0.0
569,July,home,1934.458754427614,0.0,0.0,0.0
569,July,public,626.4246954028873,0.0,0.0,0.0
569,August,home,1934.458754427614,0.0,0.0,0.0
569,August,public,626.4246954028873,0.0,0.0,0.0
569,September,home,1964.9477791587497,0.0,0.0,0.0
569,September,public,832.5,0.0,0.0,0.0
569,October,home,1964.9477791587497,0.0,0.0,0.0
569,October,public,832.5,0.0,0.0,0.0
569,November,home,1964.9477791587497,0.0,0.0,0.0
569,November,public,832.5,0.0,0.0,0.0
569,December,home,1749.20420128249,0.0,0.0,0.0
569,December,public,735.0793257312841,0.0,0.0,0.0
570,January,home,380.6552265726803,0.0,0.0,0.0
570,January,public,177.5,0.0,0.0,0.0
570,February,home,380.6552265726803,0.0,0.0,0.0
570,February,public,177.5,0.0,0.0,0.0
570,March,home,115.36710325258557,0.0,0.0,0.0
570,March,public,287.5,0.0,0.0,0.0
570,April,home,115.36710325258557,0.0,0.0,0.0
570,April,public,287.5,0.0,0.0,0.0
570,May,home,115.36710325258557,0.0,0.0,0.0
570,May,public,287.5,0.0,0.0,0.0
570,June,home,317.7904650735945,0.0,0.0,0.0
570,June,public,119.0978013646702,0.0,0.0,0.0
570,July,home,317.7904650735945,0.0,0.0,0.0
570,July,public,119.0978013646702,0.0,0.0,0.0
570,August,home,317.7904650735945,0.0,0.0,0.0
570,August,public,119.0978013646702,0.0,0.0,0.0
570,September,home,409.49644639064513,0.0,0.0,0.0
570,September,public,82.5,0.0,0.0,0.0
570,October,home,409.49644639064513,0.0,0.0,0.0
570,October,public,82.5,0.0,0.0,0.0
570,November,home,409.49644639064513,0.0,0.0,0.0
570,November,public,82.5,0.0,0.0,0.0
570,December,home,380.6552265726803,0.0,0.0,0.0
570,December,public,177.5,0.0,0.0,0.0
571,January,home,243.10312282878164,0.0,0.0,0.0
571,January,public,247.5,0.0,0.0,0.0
571,February,home,243.10312282878164,0.0,0.0,0.0
571,February,public,247.5,0.0,0.0,0.0
571,March,home,210.66487850016605,0.0,0.0,0.0
571,March,public,285.0,0.0,0.0,0.0
571,April,home,210.66487850016605,0.0,0.0,0.0
571,April,public,285.0,0.0,0.0,0.0
571,May,home,210.66487850016605,0.0,0.0,0.0
571,May,public,285.0,0.0,0.0,0.0
571,June,home,257.46840453872005,0.0,0.0,0.0
571,June,public,197.5032523850824,0.0,0.0,0.0
571,July,home,257.46840453872005,0.0,0.0,0.0
571,July,public,197.5032523850824,0.0,0.0,0.0
571,August,home,257.46840453872005,0.0,0.0,0.0
571,August,public,197.5032523850824,0.0,0.0,0.0
571,September,home,219.36434695798297,0.0,0.0,0.0
571,September,public,162.5,0.0,0.0,0.0
571,October,home,219.36434695798297,0.0,0.0,0.0
571,October,public,162.5,0.0,0.0,0.0
571,November,home,219.36434695798297,0.0,0.0,0.0
571,November,public,162.5,0.0,0.0,0.0
571,December,home,243.10312282878164,0.0,0.0,0.0
571,December,public,247.5,0.0,0.0,0.0
572,January,public,20.0,0.0,0.0,0.0
572,February,public,20.0,0.0,0.0,0.0
572,March,home,3.6921172744858097,0.0,0.0,0.0
572,April,home,3.6921172744858097,0.0,0.0,0.0
572,May,home,3.6921172744858097,0.0,0.0,0.0
572,December,public,20.0,0.0,0.0,0.0
573,January,public,62.5,0.0,0.0,0.0
573,February,public,62.5,0.0,0.0,0.0
573,December,public,62.5,0.0,0.0,0.0
574,January,home,756.2929703513222,0.0,0.0,0.0
574,January,public,579.6774193548387,0.0,0.0,0.0
574,February,home,756.2929703513222,0.0,0.0,0.0
574,February,public,579.6774193548387,0.0,0.0,0.0
574,March,home,880.86705774292,0.0,0.0,0.0
574,March,public,285.0,0.0,0.0,0.0
574,April,home,880.86705774292,0.0,0.0,0.0
574,April,public,285.0,0.0,0.0,0.0
574,May,home,880.86705774292,0.0,0.0,0.0
574,May,public,285.0,0.0,0.0,0.0
574,June,home,698.1604531363523,0.0,0.0,0.0
574,June,public,510.0,0.0,0.0,0.0
574,July,home,698.1604531363523,0.0,0.0,0.0
574,July,public,510.0,0.0,0.0,0.0
574,August,home,698.1604531363523,0.0,0.0,0.0
574,August,public,510.0,0.0,0.0,0.0
574,September,home,807.6652037090421,0.0,0.0,0.0
574,September,public,484.99999999999994,0.0,0.0,0.0
574,October,home,807.6652037090421,0.0,0.0,0.0
574,October,public,484.99999999999994,0.0,0.0,0.0
574,November,home,807.6652037090421,0.0,0.0,0.0
574,November,public,484.99999999999994,0.0,0.0,0.0
574,December,home,756.2929703513222,0.0,0.0,0.0
574,December,public,579.6774193548387,0.0,0.0,0.0
575,January,home,348.1034128064048,0.0,0.0,0.0
575,January,public,109.99999999999999,0.0,0.0,0.0
575,February,home,348.1034128064048,0.0,0.0,0.0
575,February,public,109.99999999999999,0.0,0.0,0.0
575,March,home,179.2509235985947,0.0,0.0,0.0
575,March,public,162.5,0.0,0.0,0.0
575,April,home,179.2509235985947,0.0,0.0,0.0
575,April,public,162.5,0.0,0.0,0.0
575,May,home,179.2509235985947,0.0,0.0,0.0
575,May,public,162.5,0.0,0.0,0.0
575,June,home,145.8589722004777,0.0,0.0,0.0
575,June,public,87.5,0.0,0.0,0.0
575,July,home,145.8589722004777,0.0,0.0,0.0
575,July,public,87.5,0.0,0.0,0.0
575,August,home,145.8589722004777,0.0,0.0,0.0
575,August,public,87.5,0.0,0.0,0.0
575,September,home,158.05258016935085,0.0,0.0,0.0
575,September,public,55.0,0.0,0.0,0.0
575,October,home,158.05258016935085,0.0,0.0,0.0
575,October,public,55.0,0.0,0.0,0.0
575,November,home,158.05258016935085,0.0,0.0,0.0
575,November,public,55.0,0.0,0.0,0.0
575,December,home,348.1034128064048,0.0,0.0,0.0
575,December,public,109.99999999999999,0.0,0.0,0.0
576,June,public,12.5,0.0,0.0,0.0
576,July,public,12.5,0.0,0.0,0.0
576,August,public,12.5,0.0,0.0,0.0
577,January,home,1337.1330363867373,0.0,0.0,0.0
577,January,public,1327.5,0.0,0.0,0.0
577,February,home,1337.1330363867373,0.0,0.0,0.0
577,February,public,1327.5,0.0,0.0,0.0
577,March,home,1116.434278922057,0.0,0.0,0.0
577,March,public,1355.0,0.0,0.0,0.0
577,April,home,1116.434278922057,0.0,0.0,0.0
577,April,public,1355.0,0.0,0.0,0.0
577,May,home,1116.434278922057,0.0,0.0,0.0
577,May,public,1355.0,0.0,0.0,0.0
577,June,home,996.8512933384895,0.0,0.0,0.0
577,June,public,1199.0642152470966,0.0,0.0,0.0
577,July,home,996.8512933384895,0.0,0.0,0.0
577,July,public,1199.0642152470966,0.0,0.0,0.0
577,August,home,996.8512933384895,0.0,0.0,0.0
577,August,public,1199.0642152470966,0.0,0.0,0.0
577,September,home,1299.6893288263327,0.0,0.0,0.0
577,September,public,1285.0,0.0,0.0,0.0
577,October,home,1299.6893288263327,0.0,0.0,0.0
577,October,public,1285.0,0.0,0.0,0.0
577,November,home,1299.6893288263327,0.0,0.0,0.0
577,November,public,1285.0,0.0,0.0,0.0
577,December,home,1337.1330363867373,0.0,0.0,0.0
577,December,public,1327.5,0.0,0.0,0.0
578,January,home,223.6506361245603,0.0,0.0,0.0
578,January,public,445.0,0.0,0.0,0.0
578,February,home,223.6506361245603,0.0,0.0,0.0
578,February,public,445.0,0.0,0.0,0.0
578,March,home,215.74222211097882,0.0,0.0,0.0
578,March,public,455.0,0.0,0.0,0.0
578,April,home,215.74222211097882,0.0,0.0,0.0
578,April,public,455.0,0.0,0.0,0.0
578,May,home,215.74222211097882,0.0,0.0,0.0
578,May,public,455.0,0.0,0.0,0.0
578,June,home,191.83944006055535,0.0,0.0,0.0
578,June,public,842.5,0.0,0.0,0.0
578,July,home,191.83944006055535,0.0,0.0,0.0
578,July,public,842.5,0.0,0.0,0.0
578,August,home,191.83944006055535,0.0,0.0,0.0
578,August,public,842.5,0.0,0.0,0.0
578,September,home,241.60364358826135,0.0,0.0,0.0
578,September,public,565.0,0.0,0.0,0.0
578,October,home,241.60364358826135,0.0,0.0,0.0
578,October,public,565.0,0.0,0.0,0.0
578,November,home,241.60364358826135,0.0,0.0,0.0
578,November,public,565.0,0.0,0.0,0.0
578,December,home,223.6506361245603,0.0,0.0,0.0
578,December,public,445.0,0.0,0.0,0.0
579,January,public,672.5,0.0,0.0,0.0
579,February,public,672.5,0.0,0.0,0.0
579,March,public,525.0,0.0,0.0,0.0
579,April,public,525.0,0.0,0.0,0.0
579,May,public,525.0,0.0,0.0,0.0
579,June,public,472.5,0.0,0.0,0.0
579,July,public,472.5,0.0,0.0,0.0
579,August,public,472.5,0.0,0.0,0.0
579,September,public,712.5,0.0,0.0,0.0
579,October,public,712.5,0.0,0.0,0.0
579,November,public,712.5,0.0,0.0,0.0
579,December,public,672.5,0.0,0.0,0.0
580,January,home,214.08386066253107,0.0,0.0,0.0
580,January,public,162.5,0.0,0.0,0.0
580,February,home,214.08386066253107,0.0,0.0,0.0
580,February,public,162.5,0.0,0.0,0.0
580,March,home,339.35927533225,0.0,0.0,0.0
580,March,public,177.5,0.0,0.0,0.0
580,April,home,339.35927533225,0.0,0.0,0.0
580,April,public,177.5,0.0,0.0,0.0
580,May,home,339.35927533225,0.0,0.0,0.0
580,May,public,177.5,0.0,0.0,0.0
580,June,home,256.95327474912784,0.0,0.0,0.0
580,June,public,115.96045989904655,0.0,0.0,0.0
580,July,home,256.95327474912784,0.0,0.0,0.0
580,July,public,115.96045989904655,0.0,0.0,0.0
580,August,home,256.95327474912784,0.0,0.0,0.0
580,August,public,115.96045989904655,0.0,0.0,0.0
580,September,home,140.46622112016604,0.0,0.0,0.0
580,September,public,230.0,0.0,0.0,0.0
580,October,home,140.46622112016604,0.0,0.0,0.0
580,October,public,230.0,0.0,0.0,0.0
580,November,home,140.46622112016604,0.0,0.0,0.0
580,November,public,230.0,0.0,0.0,0.0
580,December,home,214.08386066253107,0.0,0.0,0.0
580,December,public,162.5,0.0,0.0,0.0
582,March,public,12.5,0.0,0.0,0.0
582,April,public,12.5,0.0,0.0,0.0
582,May,public,12.5,0.0,0.0,0.0
582,June,public,70.0,0.0,0.0,0.0
582,July,public,70.0,0.0,0.0,0.0
582,August,public,70.0,0.0,0.0,0.0
582,September,public,70.0,0.0,0.0,0.0
582,October,public,70.0,0.0,0.0,0.0
582,November,public,70.0,0.0,0.0,0.0
583,January,home,1.9600584499963247,0.0,0.0,0.0
583,February,home,1.9600584499963247,0.0,0.0,0.0
583,March,public,90.0,0.0,0.0,0.0
583,April,public,90.0,0.0,0.0,0.0
583,May,public,90.0,0.0,0.0,0.0
583,June,home,41.64685239015108,0.0,0.0,0.0
583,July,home,41.64685239015108,0.0,0.0,0.0
583,August,home,41.64685239015108,0.0,0.0,0.0
583,September,home,27.10971860059952,0.0,0.0,0.0
583,October,home,27.10971860059952,0.0,0.0,0.0
583,November,home,27.10971860059952,0.0,0.0,0.0
583,December,home,1.9600584499963247,0.0,0.0,0.0
584,January,home,254.94986513414182,0.0,0.0,0.0
584,January,public,472.5,0.0,0.0,0.0
584,February,home,254.94986513414182,0.0,0.0,0.0
584,February,public,472.5,0.0,0.0,0.0
584,March,home,120.29664054090387,0.0,0.0,0.0
584,March,public,467.5,0.0,0.0,0.0
584,April,home,120.29664054090387,0.0,0.0,0.0
584,April,public,467.5,0.0,0.0,0.0
584,May,home,120.29664054090387,0.0,0.0,0.0
584,May,public,467.5,0.0,0.0,0.0
584,June,home,134.83248316717868,0.0,0.0,0.0
584,June,public,570.0,0.0,0.0,0.0
584,July,home,134.83248316717868,0.0,0.0,0.0
584,July,public,570.0,0.0,0.0,0.0
584,August,home,134.83248316717868,0.0,0.0,0.0
584,August,public,570.0,0.0,0.0,0.0
584,September,home,128.16470801132948,0.0,0.0,0.0
584,September,public,415.0,0.0,0.0,0.0
584,October,home,128.16470801132948,0.0,0.0,0.0
584,October,public,415.0,0.0,0.0,0.0
584,November,home,128.16470801132948,0.0,0.0,0.0
584,November,public,415.0,0.0,0.0,0.0
584,December,home,254.94986513414182,0.0,0.0,0.0
584,December,public,472.5,0.0,0.0,0.0
585,January,home,188.81247123879228,0.0,0.0,0.0
585,February,home,188.81247123879228,0.0,0.0,0.0
585,March,home,293.92244825448785,0.0,0.0,0.0
585,April,home,293.92244825448785,0.0,0.0,0.0
585,May,home,293.92244825448785,0.0,0.0,0.0
585,June,home,305.6004386861422,0.0,0.0,0.0
585,June,public,5.0,0.0,0.0,0.0
585,July,home,305.6004386861422,0.0,0.0,0.0
585,July,public,5.0,0.0,0.0,0.0
585,August,home,305.6004386861422,0.0,0.0,0.0
585,August,public,5.0,0.0,0.0,0.0
585,September,home,272.45352668788627,0.0,0.0,0.0
585,September,public,29.999999999999996,0.0,0.0,0.0
585,October,home,272.45352668788627,0.0,0.0,0.0
585,October,public,29.999999999999996,0.0,0.0,0.0
585,November,home,272.45352668788627,0.0,0.0,0.0
585,November,public,29.999999999999996,0.0,0.0,0.0
585,December,home,188.81247123879228,0.0,0.0,0.0
586,January,home,755.3480004906754,0.0,0.0,0.0
586,January,public,1012.9916567342074,0.0,0.0,0.0
586,February,home,755.3480004906754,0.0,0.0,0.0
586,February,public,1012.9916567342074,0.0,0.0,0.0
586,March,home,777.8946229032547,0.0,0.0,0.0
586,March,public,955.0,0.0,0.0,0.0
586,April,home,777.8946229032547,0.0,0.0,0.0
586,April,public,955.0,0.0,0.0,0.0
586,May,home,777.8946229032547,0.0,0.0,0.0
586,May,public,955.0,0.0,0.0,0.0
586,June,home,971.2450458917547,0.0,0.0,0.0
586,June,public,1010.999661678762,0.0,0.0,0.0
586,July,home,971.2450458917547,0.0,0.0,0.0
586,July,public,1010.999661678762,0.0,0.0,0.0
586,August,home,971.2450458917547,0.0,0.0,0.0
586,August,public,1010.999661678762,0.0,0.0,0.0
586,September,home,755.4683935802935,0.0,0.0,0.0
586,September,public,772.5,0.0,0.0,0.0
586,October,home,755.4683935802935,0.0,0.0,0.0
586,October,public,772.5,0.0,0.0,0.0
586,November,home,755.4683935802935,0.0,0.0,0.0
586,November,public,772.5,0.0,0.0,0.0
586,December,home,755.3480004906754,0.0,0.0,0.0
586,December,public,1012.9916567342074,0.0,0.0,0.0
