chargerId;xCoord;yCoord;vehicleId;startTime_matsim;startTime_24h;startTime;startDay;endTime_matsim;endTime_24h;endTime;endDay;chargingDuration;unplugTime_matsim;unplugTime_24h;unplugTime;unplugDay;pluggedDuration;chargingRatio;startSoc;startSoc_kWh;endSoc;endSoc_kWh;transmittedEnergy_kWh;walkingDistance
public_1476203079;321534.5303999996;6394544.737;2075756;07:52:59;07:52:59;28379.0;1;07:59:20;07:59:20;28760.0;1;381.0;07:59:20;07:59:20;28760.0;1;381.0;1.0;0.592;36.0;0.631;38.0;2.0;0.0
public_1475967198;320568.9325000001;6398391.546499999;2093943;07:50:02;07:50:02;28202.0;1;08:51:53;08:51:53;31913.0;1;3711.0;08:51:53;08:51:53;31913.0;1;3711.0;1.0;0.571;19.0;0.994;34.0;14.0;0.0
public_1476263557;320993.6995000001;6394917.979800001;1857800;08:47:34;08:47:34;31654.0;1;09:04:49;09:04:49;32689.0;1;1035.0;09:04:49;09:04:49;32689.0;1;1035.0;1.0;0.602;36.0;0.707;42.0;6.0;0.0
public_1476335266;320993.7073999997;6394351.7543;1875719;08:17:38;08:17:38;29858.0;1;09:17:49;09:17:49;33469.0;1;3611.0;09:17:49;09:17:49;33469.0;1;3611.0;1.0;0.594;20.0;0.995;34.0;14.0;0.0
public_1476043042;316101.3679999998;6399008.103399999;5589188;08:46:52;08:46:52;31612.0;1;09:37:46;09:37:46;34666.0;1;3054.0;09:37:46;09:37:46;34666.0;1;3054.0;1.0;0.596;31.0;0.939;49.0;18.0;0.0
public_1476304420;318816.81149999984;6399642.367000001;9457475;08:25:57;08:25:57;30357.0;1;09:41:12;09:41:12;34872.0;1;4515.0;09:41:12;09:41:12;34872.0;1;4515.0;1.0;0.763;57.0;1.0;75.0;18.0;0.0
public_1476302412;319944.1727999998;6402379.837099999;3127907;07:23:27;07:23:27;26607.0;1;08:56:34;08:56:34;32194.0;1;5587.0;09:59:58;09:59:58;35998.0;1;9391.0;0.595;0.635;33.0;1.0;52.0;19.0;0.0
public_1476178133;320960.76659999974;6398034.9494;1923602;06:55:17;06:55:17;24917.0;1;08:17:49;08:17:49;29869.0;1;4952.0;10:04:34;10:04:34;36274.0;1;11357.0;0.436;0.731;38.0;1.0;52.0;14.0;0.0
public_1476363725;317107.39499999955;6402608.874299999;2335003;08:21:45;08:21:45;30105.0;1;09:50:04;09:50:04;35404.0;1;5299.0;10:33:47;10:33:47;38027.0;1;7922.0;0.669;0.691;36.0;1.0;52.0;16.0;0.0
2327157_home;311162.21499999985;6406476.887800001;2327157;09:27:20;09:27:20;34040.0;1;10:40:30;10:40:30;38430.0;1;4390.0;10:40:30;10:40:30;38430.0;1;4390.0;1.0;0.456;19.0;0.659;28.0;9.0;0.0
public_1476025321;313561.93879999965;6395976.5504;5880022;10:41:07;10:41:07;38467.0;1;10:58:10;10:58:10;39490.0;1;1023.0;10:58:10;10:58:10;39490.0;1;1023.0;1.0;0.653;22.0;0.837;28.0;6.0;0.0
public_1476070893;323047.5887000002;6393311.756999999;7326174;10:05:35;10:05:35;36335.0;1;11:00:34;11:00:34;39634.0;1;3299.0;11:00:34;11:00:34;39634.0;1;3299.0;1.0;0.54;41.0;0.809;61.0;20.0;0.0
public_1476421452;322454.14740000013;6401312.4966;7413614;10:26:40;10:26:40;37600.0;1;11:02:26;11:02:26;39746.0;1;2146.0;11:02:26;11:02:26;39746.0;1;2146.0;1.0;0.641;38.0;0.859;52.0;13.0;0.0
3255260_work;310843.84250000026;6400665.561000001;3255260;07:17:18;07:17:18;26238.0;1;08:53:24;08:53:24;32004.0;1;5766.0;11:09:08;11:09:08;40148.0;1;13910.0;0.415;0.644;22.0;1.0;34.0;12.0;0.0
public_1475958761;316521.9101;6399959.2237;9460773;10:07:26;10:07:26;36446.0;1;11:20:02;11:20:02;40802.0;1;4356.0;11:20:02;11:20:02;40802.0;1;4356.0;1.0;0.523;18.0;0.997;34.0;16.0;0.0
1931224_home;315805.61230000015;6400721.7006;1931224;11:20:56;11:20:56;40856.0;1;11:40:49;11:40:49;42049.0;1;1193.0;11:40:49;11:40:49;42049.0;1;1193.0;1.0;0.638;27.0;0.695;29.0;2.0;0.0
1860690_home;322183.60199999996;6399501.3675999995;1860690;11:45:35;11:45:35;42335.0;1;11:47:25;11:47:25;42445.0;1;110.0;11:47:25;11:47:25;42445.0;1;110.0;1.0;0.775;58.0;0.777;58.0;0.0;0.0
7495572_home;324270.76180000044;6395263.6877;7495572;11:41:14;11:41:14;42074.0;1;11:51:35;11:51:35;42695.0;1;621.0;11:51:35;11:51:35;42695.0;1;621.0;1.0;0.681;29.0;0.71;30.0;1.0;0.0
9457475_home;314757.30730000045;6391774.8133000005;9457475;09:56:55;09:56:55;35815.0;1;10:34:54;10:34:54;38094.0;1;2279.0;11:56:20;11:56:20;42980.0;1;7165.0;0.318;0.966;72.0;1.0;75.0;3.0;0.0
public_1476157823;322235.00370000023;6402565.094799999;7415743;11:21:28;11:21:28;40888.0;1;11:59:21;11:59:21;43161.0;1;2273.0;11:59:21;11:59:21;43161.0;1;2273.0;1.0;0.585;35.0;0.817;49.0;14.0;0.0
4769145_work;314827.75349999964;6395116.7149;4769145;08:01:26;08:01:26;28886.0;1;10:06:54;10:06:54;36414.0;1;7528.0;11:59:59;11:59:59;43199.0;1;14313.0;0.526;0.676;35.0;1.0;52.0;17.0;0.0
public_1476109719;319587.52699999977;6398360.055;5914140;11:02:00;11:02:00;39720.0;1;11:59:44;11:59:44;43184.0;1;3464.0;12:04:27;12:04:27;43467.0;1;3747.0;0.924;0.729;25.0;1.0;34.0;9.0;0.0
7369383_home;321289.96669999976;6410212.843;7369383;10:26:31;10:26:31;37591.0;1;12:11:06;12:11:06;43866.0;1;6275.0;12:11:06;12:11:06;43866.0;1;6275.0;1.0;0.641;48.0;0.808;61.0;13.0;0.0
4660143_home;317009.2022000002;6391651.8156;4660143;09:42:44;09:42:44;34964.0;1;12:14:16;12:14:16;44056.0;1;9092.0;12:14:16;12:14:16;44056.0;1;9092.0;1.0;0.565;29.0;0.914;48.0;18.0;0.0
public_1476320783;317490.9028000003;6398776.622199999;1875719;11:17:12;11:17:12;40632.0;1;11:59:19;11:59:19;43159.0;1;2527.0;12:17:10;12:17:10;44230.0;1;3598.0;0.702;0.896;30.0;1.0;34.0;4.0;0.0
2030079_home;323329.4506999999;6401026.615599999;2030079;12:33:01;12:33:01;45181.0;1;12:42:43;12:42:43;45763.0;1;582.0;12:42:43;12:42:43;45763.0;1;582.0;1.0;0.583;35.0;0.601;36.0;1.0;0.0
1996902_home;317554.43620000035;6392132.7509;1996902;11:27:24;11:27:24;41244.0;1;12:46:11;12:46:11;45971.0;1;4727.0;12:46:11;12:46:11;45971.0;1;4727.0;1.0;0.671;28.0;0.89;37.0;9.0;0.0
public_1476253627;323406.1270000003;6404946.8114;9674519;11:41:55;11:41:55;42115.0;1;12:53:23;12:53:23;46403.0;1;4288.0;12:53:23;12:53:23;46403.0;1;4288.0;1.0;0.529;18.0;0.997;34.0;16.0;0.0
public_1476439884;316552.1573000001;6400517.5195;5880022;12:55:20;12:55:20;46520.0;1;13:03:32;13:03:32;47012.0;1;492.0;13:03:32;13:03:32;47012.0;1;492.0;1.0;0.768;26.0;0.856;29.0;3.0;0.0
public_1476424204;318784.03220000025;6398588.606000001;1873713;12:19:46;12:19:46;44386.0;1;13:05:16;13:05:16;47116.0;1;2730.0;13:05:16;13:05:16;47116.0;1;2730.0;1.0;0.475;29.0;0.754;45.0;17.0;0.0
7321950_work;312284.5236999998;6398845.1779;7321950;07:43:50;07:43:50;27830.0;1;09:39:44;09:39:44;34784.0;1;6954.0;13:06:21;13:06:21;47181.0;1;19351.0;0.359;0.615;26.0;1.0;42.0;16.0;0.0
public_1476094993;319738.0734000001;6399436.431700001;9456468;09:16:51;09:16:51;33411.0;1;10:24:19;10:24:19;37459.0;1;4048.0;13:06:27;13:06:27;47187.0;1;13776.0;0.294;0.685;23.0;1.0;34.0;11.0;0.0
1943639_home;311122.67229999974;6405847.920499999;1943639;11:43:46;11:43:46;42226.0;1;13:09:01;13:09:01;47341.0;1;5115.0;13:09:01;13:09:01;47341.0;1;5115.0;1.0;0.492;17.0;0.785;27.0;10.0;0.0
9542392_home;315910.61539999954;6390983.782;9542392;11:45:36;11:45:36;42336.0;1;13:17:56;13:17:56;47876.0;1;5540.0;13:17:56;13:17:56;47876.0;1;5540.0;1.0;0.542;18.0;0.859;29.0;11.0;0.0
public_1476420042;316959.1730000004;6391667.6219999995;7494705;12:50:52;12:50:52;46252.0;1;13:20:35;13:20:35;48035.0;1;1783.0;13:20:35;13:20:35;48035.0;1;1783.0;1.0;0.682;35.0;0.891;46.0;11.0;0.0
public_1476025365;317685.7949999999;6399247.267000001;4665978;09:04:54;09:04:54;32694.0;1;10:53:59;10:53:59;39239.0;1;6545.0;13:28:41;13:28:41;48521.0;1;15827.0;0.414;0.544;28.0;1.0;52.0;24.0;0.0
7316844_home;315295.5588999996;6400621.794600001;7316844;11:18:55;11:18:55;40735.0;1;13:31:37;13:31:37;48697.0;1;7962.0;13:31:37;13:31:37;48697.0;1;7962.0;1.0;0.596;20.0;0.997;34.0;14.0;0.0
public_1476394161;313006.61259999964;6396721.1317;4660143;13:03:22;13:03:22;47002.0;1;13:32:59;13:32:59;48779.0;1;1777.0;13:32:59;13:32:59;48779.0;1;1777.0;1.0;0.854;44.0;0.978;51.0;6.0;0.0
public_1476346089;321078.09389999975;6406623.764900001;4769859;13:00:22;13:00:22;46822.0;1;13:37:02;13:37:02;49022.0;1;2200.0;13:37:02;13:37:02;49022.0;1;2200.0;1.0;0.632;33.0;0.893;46.0;14.0;0.0
public_1475958124;320472.8499999996;6397799.482000001;2327157;11:01:21;11:01:21;39681.0;1;12:28:39;12:28:39;44919.0;1;5238.0;13:44:23;13:44:23;49463.0;1;9782.0;0.535;0.55;23.0;1.0;42.0;19.0;0.0
1941613_home;305892.9891999997;6400340.3089000005;1941613;13:07:57;13:07:57;47277.0;1;13:53:31;13:53:31;50011.0;1;2734.0;13:53:31;13:53:31;50011.0;1;2734.0;1.0;0.665;35.0;0.767;40.0;5.0;0.0
4744050_home;321702.1827999996;6394149.396199999;4744050;12:27:12;12:27:12;44832.0;1;13:56:20;13:56:20;50180.0;1;5348.0;13:56:20;13:56:20;50180.0;1;5348.0;1.0;0.611;26.0;0.866;36.0;11.0;0.0
4680502_home;328173.13570000045;6395105.735300001;4680502;13:25:52;13:25:52;48352.0;1;13:56:40;13:56:40;50200.0;1;1848.0;13:56:40;13:56:40;50200.0;1;1848.0;1.0;0.466;24.0;0.537;28.0;4.0;0.0
public_1476157672;319282.90050000045;6397759.0867;2067447;13:19:10;13:19:10;47950.0;1;13:58:03;13:58:03;50283.0;1;2333.0;13:58:03;13:58:03;50283.0;1;2333.0;1.0;0.743;45.0;0.957;57.0;13.0;0.0
public_1476245895;319092.1699000001;6399086.5339;4661211;07:46:45;07:46:45;28005.0;1;08:55:54;08:55:54;32154.0;1;4149.0;13:58:16;13:58:16;50296.0;1;22291.0;0.186;0.709;30.0;1.0;42.0;12.0;0.0
9543495_home;322642.1906000003;6406953.554199999;9543495;14:09:58;14:09:58;50998.0;1;14:23:36;14:23:36;51816.0;1;818.0;14:23:36;14:23:36;51816.0;1;818.0;1.0;0.67;35.0;0.702;36.0;2.0;0.0
1918308_home;320396.9230000004;6397049.709799999;1918308;13:13:46;13:13:46;47626.0;1;14:25:13;14:25:13;51913.0;1;4287.0;14:25:13;14:25:13;51913.0;1;4287.0;1.0;0.639;48.0;0.751;56.0;8.0;0.0
public_1476130412;327025.23950000014;6403069.138800001;4681405;13:40:59;13:40:59;49259.0;1;14:27:23;14:27:23;52043.0;1;2784.0;14:27:23;14:27:23;52043.0;1;2784.0;1.0;0.621;26.0;0.971;41.0;15.0;0.0
4781190_work;320005.2775999997;6401862.023800001;4781190;10:25:40;10:25:40;37540.0;1;12:30:34;12:30:34;45034.0;1;7494.0;14:28:40;14:28:40;52120.0;1;14580.0;0.514;0.715;43.0;1.0;60.0;17.0;0.0
7618090_home;308919.39020000026;6404346.7477;7618090;13:46:00;13:46:00;49560.0;1;14:33:15;14:33:15;52395.0;1;2835.0;14:33:15;14:33:15;52395.0;1;2835.0;1.0;0.574;43.0;0.648;49.0;6.0;0.0
public_1476264978;312993.53920000046;6403296.6105;1944127;12:58:13;12:58:13;46693.0;1;14:30:09;14:30:09;52209.0;1;5516.0;14:34:28;14:34:28;52468.0;1;5775.0;0.955;0.509;21.0;1.0;42.0;21.0;0.0
public_1476255356;318525.2073999997;6392814.6271;1937617;12:45:19;12:45:19;45919.0;1;14:34:44;14:34:44;52484.0;1;6565.0;14:34:44;14:34:44;52484.0;1;6565.0;1.0;0.479;25.0;0.999;52.0;27.0;0.0
public_1476008265;316858.7589999996;6397194.955700001;4623097;06:14:45;06:14:45;22485.0;1;07:20:09;07:20:09;26409.0;1;3924.0;14:40:06;14:40:06;52806.0;1;30321.0;0.129;0.707;24.0;1.0;34.0;10.0;0.0
public_1476123667;328740.9144000001;6393191.247300001;7326174;13:52:19;13:52:19;49939.0;1;14:40:11;14:40:11;52811.0;1;2872.0;14:40:11;14:40:11;52811.0;1;2872.0;1.0;0.733;55.0;0.963;72.0;17.0;0.0
public_1476180250;308170.30140000023;6390756.763;5898192;11:36:21;11:36:21;41781.0;1;13:01:29;13:01:29;46889.0;1;5108.0;14:43:11;14:43:11;52991.0;1;11210.0;0.456;0.738;44.0;1.0;60.0;16.0;0.0
4575456_work;328132.5387000004;6393262.543299999;4575456;08:46:51;08:46:51;31611.0;1;12:12:59;12:12:59;43979.0;1;12368.0;14:45:03;14:45:03;53103.0;1;21492.0;0.575;0.466;28.0;1.0;60.0;32.0;0.0
9416099_home;314325.8287000004;6395412.431;9416099;13:30:24;13:30:24;48624.0;1;14:59:23;14:59:23;53963.0;1;5339.0;14:59:23;14:59:23;53963.0;1;5339.0;1.0;0.34;14.0;0.587;25.0;10.0;0.0
2322184_home;315010.7739000004;6391505.5724;2322184;14:09:20;14:09:20;50960.0;1;15:00:10;15:00:10;54010.0;1;3050.0;15:00:10;15:00:10;54010.0;1;3050.0;1.0;0.606;32.0;0.72;37.0;6.0;0.0
public_1476405782;319102.44689999986;6403667.3477;1929172;14:48:40;14:48:40;53320.0;1;15:00:16;15:00:16;54016.0;1;696.0;15:00:16;15:00:16;54016.0;1;696.0;1.0;0.693;36.0;0.775;40.0;4.0;0.0
9491183_home;314538.44299999997;6394346.082599999;9491183;13:14:21;13:14:21;47661.0;1;15:01:09;15:01:09;54069.0;1;6408.0;15:01:09;15:01:09;54069.0;1;6408.0;1.0;0.639;27.0;0.935;39.0;12.0;0.0
2327157_home;311162.21499999985;6406476.887800001;2327157;14:04:28;14:04:28;50668.0;1;15:01:09;15:01:09;54069.0;1;3401.0;15:14:35;15:14:35;54875.0;1;4207.0;0.808;0.905;38.0;1.0;42.0;4.0;0.0
1966715_work;320816.2076000003;6399870.731799999;1966715;06:13:52;06:13:52;22432.0;1;08:17:24;08:17:24;29844.0;1;7412.0;15:15:55;15:15:55;54955.0;1;32523.0;0.228;0.582;24.0;1.0;42.0;18.0;0.0
1949229_work;318116.1425000001;6394061.190300001;1949229;06:11:53;06:11:53;22313.0;1;08:14:59;08:14:59;29699.0;1;7386.0;15:16:07;15:16:07;54967.0;1;32654.0;0.226;0.685;36.0;1.0;52.0;16.0;0.0
public_1476263557;320993.6995000001;6394917.979800001;1945320;15:08:03;15:08:03;54483.0;1;15:23:41;15:23:41;55421.0;1;938.0;15:23:41;15:23:41;55421.0;1;938.0;1.0;0.574;43.0;0.65;49.0;6.0;0.0
1968103_home;326779.6174999997;6397245.079700001;1968103;14:49:39;14:49:39;53379.0;1;15:32:52;15:32:52;55972.0;1;2593.0;15:32:52;15:32:52;55972.0;1;2593.0;1.0;0.518;27.0;0.615;32.0;5.0;0.0
5464740_home;323010.78949999996;6406918.259;5464740;14:56:06;14:56:06;53766.0;1;15:41:36;15:41:36;56496.0;1;2730.0;15:41:36;15:41:36;56496.0;1;2730.0;1.0;0.356;19.0;0.458;24.0;5.0;0.0
public_1476404680;314799.7916000001;6395311.110099999;1871098;07:36:02;07:36:02;27362.0;1;09:00:39;09:00:39;32439.0;1;5077.0;15:53:35;15:53:35;57215.0;1;29853.0;0.17;0.573;24.0;1.0;42.0;18.0;0.0
3255172_work;320337.2860000003;6392872.211999999;3255172;07:58:30;07:58:30;28710.0;1;09:32:34;09:32:34;34354.0;1;5644.0;15:55:36;15:55:36;57336.0;1;28626.0;0.197;0.655;22.0;1.0;34.0;12.0;0.0
7358855_home;320239.8976999996;6399686.457;7358855;14:51:29;14:51:29;53489.0;1;15:55:52;15:55:52;57352.0;1;3863.0;15:55:52;15:55:52;57352.0;1;3863.0;1.0;0.644;27.0;0.823;35.0;8.0;0.0
public_1476134020;319865.0999999996;6400330.5699000005;5893756;12:48:07;12:48:07;46087.0;1;14:15:19;14:15:19;51319.0;1;5232.0;15:59:49;15:59:49;57589.0;1;11502.0;0.455;0.472;16.0;1.0;34.0;18.0;0.0
2072947_home;317466.2427000003;6405203.1493999995;2072947;15:25:45;15:25:45;55545.0;1;16:01:36;16:01:36;57696.0;1;2151.0;16:01:36;16:01:36;57696.0;1;2151.0;1.0;0.74;31.0;0.842;35.0;4.0;0.0
5589449_home;308092.21970000025;6400999.085899999;5589449;15:13:49;15:13:49;54829.0;1;16:03:50;16:03:50;57830.0;1;3001.0;16:03:50;16:03:50;57830.0;1;3001.0;1.0;0.545;23.0;0.684;29.0;6.0;0.0
2091156_work;317965.08079999965;6404640.414899999;2091156;06:43:22;06:43:22;24202.0;1;09:26:19;09:26:19;33979.0;1;9777.0;16:05:26;16:05:26;57926.0;1;33724.0;0.29;0.653;49.0;1.0;75.0;26.0;0.0
2040830_work;321910.02940000035;6395402.776799999;2040830;07:15:42;07:15:42;26142.0;1;09:10:29;09:10:29;33029.0;1;6887.0;16:07:05;16:07:05;58025.0;1;31883.0;0.216;0.603;25.0;1.0;42.0;17.0;0.0
public_1475992444;314824.6895000003;6402583.526799999;7358660;16:00:53;16:00:53;57653.0;1;16:09:05;16:09:05;58145.0;1;492.0;16:09:05;16:09:05;58145.0;1;492.0;1.0;0.535;22.0;0.607;25.0;3.0;0.0
public_1476051721;326286.09049999993;6404635.502;1967726;15:46:01;15:46:01;56761.0;1;16:12:56;16:12:56;58376.0;1;1615.0;16:12:56;16:12:56;58376.0;1;1615.0;1.0;0.142;6.0;0.377;16.0;10.0;0.0
public_1476358537;321972.7374;6402999.425799999;2017922;15:47:48;15:47:48;56868.0;1;16:16:19;16:16:19;58579.0;1;1711.0;16:16:19;16:16:19;58579.0;1;1711.0;1.0;0.566;24.0;0.817;34.0;11.0;0.0
public_1476149317;312917.0022;6395771.183599999;9491183;15:09:00;15:09:00;54540.0;1;15:56:04;15:56:04;57364.0;1;2824.0;16:21:22;16:21:22;58882.0;1;4342.0;0.65;0.901;38.0;1.0;42.0;4.0;0.0
public_1476177308;329449.79899999965;6401475.433;4922102;07:10:49;07:10:49;25849.0;1;08:26:29;08:26:29;30389.0;1;4540.0;16:22:40;16:22:40;58960.0;1;33111.0;0.137;0.651;27.0;1.0;42.0;15.0;0.0
public_1476151460;322331.09329999983;6395126.409600001;2127986;16:03:32;16:03:32;57812.0;1;16:23:38;16:23:38;59018.0;1;1206.0;16:23:38;16:23:38;59018.0;1;1206.0;1.0;0.562;34.0;0.685;41.0;7.0;0.0
public_1476411636;322906.96690000035;6404263.4789;5464740;15:49:00;15:49:00;56940.0;1;16:25:02;16:25:02;59102.0;1;2162.0;16:25:02;16:25:02;59102.0;1;2162.0;1.0;0.437;23.0;0.692;36.0;13.0;0.0
1943722_work;313203.5602000002;6403617.1182;1943722;09:00:42;09:00:42;32442.0;1;10:32:39;10:32:39;37959.0;1;5517.0;16:25:15;16:25:15;59115.0;1;26673.0;0.207;0.666;23.0;1.0;34.0;11.0;0.0
7495556_work;320157.4769000001;6398259.2173;7495556;08:49:01;08:49:01;31741.0;1;10:32:29;10:32:29;37949.0;1;6208.0;16:27:11;16:27:11;59231.0;1;27490.0;0.226;0.573;19.0;1.0;34.0;15.0;0.0
public_1476261142;323685.1218999997;6393767.3682;1884883;15:14:23;15:14:23;54863.0;1;16:27:27;16:27:27;59247.0;1;4384.0;16:27:27;16:27:27;59247.0;1;4384.0;1.0;0.378;13.0;0.989;34.0;21.0;0.0
2017999_home;324970.7039999999;6401520.6151;2017999;09:26:24;09:26:24;33984.0;1;11:49:34;11:49:34;42574.0;1;8590.0;16:29:19;16:29:19;59359.0;1;25375.0;0.339;0.665;28.0;1.0;42.0;14.0;0.0
public_1476209373;315661.1721000001;6394067.498199999;2075756;08:08:50;08:08:50;29330.0;1;09:51:49;09:51:49;35509.0;1;6179.0;16:33:08;16:33:08;59588.0;1;30258.0;0.204;0.607;36.0;1.0;60.0;24.0;0.0
public_1476094993;319738.0734000001;6399436.431700001;1941613;14:11:33;14:11:33;51093.0;1;15:38:29;15:38:29;56309.0;1;5216.0;16:38:48;16:38:48;59928.0;1;8835.0;0.59;0.7;36.0;1.0;52.0;16.0;0.0
public_1476344213;315720.00600000005;6399377.18;9444177;07:20:52;07:20:52;26452.0;1;09:03:59;09:03:59;32639.0;1;6187.0;16:48:51;16:48:51;60531.0;1;34079.0;0.182;0.637;48.0;1.0;75.0;27.0;0.0
public_1475991567;314702.2148000002;6393463.7754999995;5464758;16:22:09;16:22:09;58929.0;1;16:49:45;16:49:45;60585.0;1;1656.0;16:49:45;16:49:45;60585.0;1;1656.0;1.0;0.58;20.0;0.881;30.0;10.0;0.0
9490619_home;314207.43989999965;6397448.4559;9490619;14:40:16;14:40:16;52816.0;1;16:50:16;16:50:16;60616.0;1;7800.0;16:50:16;16:50:16;60616.0;1;7800.0;1.0;0.681;35.0;0.972;51.0;15.0;0.0
2082244_work;321759.9375;6395775.261700001;2082244;08:11:42;08:11:42;29502.0;1;09:44:09;09:44:09;35049.0;1;5547.0;16:53:33;16:53:33;60813.0;1;31311.0;0.177;0.639;22.0;1.0;34.0;12.0;0.0
4772272_home;320635.26669999957;6396425.7161;4772272;15:52:16;15:52:16;57136.0;1;17:01:58;17:01:58;61318.0;1;4182.0;17:01:58;17:01:58;61318.0;1;4182.0;1.0;0.57;43.0;0.679;51.0;8.0;0.0
7482745_home;320820.63999999966;6397726.085899999;7482745;16:24:23;16:24:23;59063.0;1;17:08:53;17:08:53;61733.0;1;2670.0;17:08:53;17:08:53;61733.0;1;2670.0;1.0;0.601;20.0;0.754;26.0;5.0;0.0
public_1476376345;310241.3289999999;6399370.728;4661792;08:02:49;08:02:49;28969.0;1;09:25:14;09:25:14;33914.0;1;4945.0;17:10:53;17:10:53;61853.0;1;32884.0;0.15;0.592;25.0;1.0;42.0;17.0;0.0
9403888_home;317359.98610000033;6398625.0287;9403888;12:45:44;12:45:44;45944.0;1;15:39:59;15:39:59;56399.0;1;10455.0;17:15:14;17:15:14;62114.0;1;16170.0;0.647;0.578;24.0;1.0;42.0;18.0;0.0
7462778_home;316269.35250000004;6399755.043299999;7462778;16:32:58;16:32:58;59578.0;1;17:17:53;17:17:53;62273.0;1;2695.0;17:17:53;17:17:53;62273.0;1;2695.0;1.0;0.647;27.0;0.772;32.0;5.0;0.0
5591811_work;310819.7115000002;6399676.194;5591811;08:03:44;08:03:44;29024.0;1;10:17:39;10:17:39;37059.0;1;8035.0;17:22:33;17:22:33;62553.0;1;33529.0;0.24;0.647;34.0;1.0;52.0;18.0;0.0
9414251_home;315261.97449999955;6399955.591;9414251;15:14:43;15:14:43;54883.0;1;17:29:20;17:29:20;62960.0;1;8077.0;17:29:20;17:29:20;62960.0;1;8077.0;1.0;0.586;25.0;0.969;41.0;16.0;0.0
4639812_work;321564.25960000046;6404492.068600001;4639812;07:20:19;07:20:19;26419.0;1;08:54:44;08:54:44;32084.0;1;5665.0;17:31:29;17:31:29;63089.0;1;36670.0;0.154;0.708;30.0;1.0;42.0;12.0;0.0
7358660_home;318772.68200000003;6399748.147600001;7358660;16:22:39;16:22:39;58959.0;1;17:34:26;17:34:26;63266.0;1;4307.0;17:34:26;17:34:26;63266.0;1;4307.0;1.0;0.554;23.0;0.754;32.0;8.0;0.0
9494196_work;318834.5296;6403014.6357;9494196;08:58:14;08:58:14;32294.0;1;10:28:29;10:28:29;37709.0;1;5415.0;17:37:20;17:37:20;63440.0;1;31146.0;0.174;0.645;22.0;1.0;34.0;12.0;0.0
public_1476046462;315927.9773000004;6401422.25;7508758;16:55:34;16:55:34;60934.0;1;17:47:55;17:47:55;64075.0;1;3141.0;17:47:55;17:47:55;64075.0;1;3141.0;1.0;0.437;15.0;0.954;32.0;18.0;0.0
2316319_home;313911.6635999996;6390732.7203;2316319;17:44:48;17:44:48;63888.0;1;17:49:28;17:49:28;64168.0;1;280.0;17:49:28;17:49:28;64168.0;1;280.0;1.0;0.586;30.0;0.597;31.0;1.0;0.0
public_1475967198;320568.9325000001;6398391.546499999;4803807;09:02:45;09:02:45;32565.0;1;10:17:49;10:17:49;37069.0;1;4504.0;17:53:08;17:53:08;64388.0;1;31823.0;0.142;0.62;26.0;1.0;42.0;16.0;0.0
public_1476304420;318816.81149999984;6399642.367000001;4803676;14:59:13;14:59:13;53953.0;1;16:56:34;16:56:34;60994.0;1;7041.0;17:57:17;17:57:17;64637.0;1;10684.0;0.659;0.541;32.0;1.0;60.0;28.0;0.0
public_1475992444;314824.6895000003;6402583.526799999;2001171;07:38:45;07:38:45;27525.0;1;09:20:24;09:20:24;33624.0;1;6099.0;17:58:06;17:58:06;64686.0;1;37161.0;0.164;0.645;48.0;1.0;75.0;27.0;0.0
7363045_home;323731.90020000003;6401066.988299999;7363045;17:19:54;17:19:54;62394.0;1;18:00:23;18:00:23;64823.0;1;2429.0;18:00:23;18:00:23;64823.0;1;2429.0;1.0;0.736;44.0;0.814;49.0;5.0;0.0
2093943_work;316693.6754999999;6397205.966;2093943;10:05:11;10:05:11;36311.0;1;10:45:39;10:45:39;38739.0;1;2428.0;18:07:50;18:07:50;65270.0;1;28959.0;0.084;0.944;32.0;1.0;34.0;2.0;0.0
public_1476072704;319365.0099999998;6399863.1022;4696156;16:53:24;16:53:24;60804.0;1;18:10:01;18:10:01;65401.0;1;4597.0;18:10:01;18:10:01;65401.0;1;4597.0;1.0;0.545;33.0;0.97;58.0;26.0;0.0
public_1476339058;315557.1556000002;6400697.361099999;4604173;16:37:31;16:37:31;59851.0;1;18:11:29;18:11:29;65489.0;1;5638.0;18:11:29;18:11:29;65489.0;1;5638.0;1.0;0.337;14.0;0.994;42.0;28.0;0.0
public_1476367203;317475.3247999996;6401812.807399999;2323108;16:20:38;16:20:38;58838.0;1;17:33:44;17:33:44;63224.0;1;4386.0;18:23:01;18:23:01;66181.0;1;7343.0;0.597;0.674;28.0;1.0;42.0;14.0;0.0
public_1476293421;325170.0937999999;6404885.257200001;5883454;09:29:37;09:29:37;34177.0;1;10:39:09;10:39:09;38349.0;1;4172.0;18:28:47;18:28:47;66527.0;1;32350.0;0.129;0.705;30.0;1.0;42.0;12.0;0.0
public_1476269839;312302.6397000002;6403568.8597;2319425;12:36:28;12:36:28;45388.0;1;14:15:19;14:15:19;51319.0;1;5931.0;18:31:48;18:31:48;66708.0;1;21320.0;0.278;0.449;19.0;1.0;42.0;23.0;0.0
public_1476300220;327756.2171;6403439.268200001;2017922;18:07:23;18:07:23;65243.0;1;18:33:56;18:33:56;66836.0;1;1593.0;18:33:56;18:33:56;66836.0;1;1593.0;1.0;0.767;32.0;0.962;40.0;8.0;0.0
2329272_home;320684.4760999996;6410192.153100001;2329272;18:06:13;18:06:13;65173.0;1;18:38:53;18:38:53;67133.0;1;1960.0;18:38:53;18:38:53;67133.0;1;1960.0;1.0;0.31;13.0;0.401;17.0;4.0;0.0
public_1476127570;318225.9935999997;6399292.052100001;9414251;17:36:23;17:36:23;63383.0;1;18:16:29;18:16:29;65789.0;1;2406.0;18:43:24;18:43:24;67404.0;1;4021.0;0.598;0.932;39.0;1.0;42.0;3.0;0.0
public_1475999761;308251.62629999965;6403798.021400001;2071692;07:04:52;07:04:52;25492.0;1;08:11:54;08:11:54;29514.0;1;4022.0;18:51:18;18:51:18;67878.0;1;42386.0;0.095;0.658;22.0;1.0;34.0;12.0;0.0
4781190_work;320005.2775999997;6401862.023800001;4781190;14:55:35;14:55:35;53735.0;1;15:04:29;15:04:29;54269.0;1;534.0;19:05:03;19:05:03;68703.0;1;14968.0;0.036;0.998;60.0;1.0;60.0;0.0;0.0
7451976_home;320219.08079999965;6397885.807600001;7451976;17:30:44;17:30:44;63044.0;1;19:07:06;19:07:06;68826.0;1;5782.0;19:07:06;19:07:06;68826.0;1;5782.0;1.0;0.592;20.0;0.923;31.0;11.0;0.0
public_1476393047;314816.28529999964;6401746.3893;9523368;18:10:21;18:10:21;65421.0;1;19:17:31;19:17:31;69451.0;1;4030.0;19:17:31;19:17:31;69451.0;1;4030.0;1.0;0.582;24.0;0.994;42.0;17.0;0.0
public_1476421083;319453.5351;6400858.7137;5934181;17:11:29;17:11:29;61889.0;1;19:16:24;19:16:24;69384.0;1;7495.0;19:21:15;19:21:15;69675.0;1;7786.0;0.963;0.494;30.0;1.0;60.0;30.0;0.0
public_1476108201;317989.1286000004;6398849.0778;5412001;19:05:01;19:05:01;68701.0;1;19:29:50;19:29:50;70190.0;1;1489.0;19:29:50;19:29:50;70190.0;1;1489.0;1.0;0.708;37.0;0.883;46.0;9.0;0.0
public_1475953896;317952.19570000004;6397239.963099999;1981224;18:21:04;18:21:04;66064.0;1;19:32:14;19:32:14;70334.0;1;4270.0;19:32:14;19:32:14;70334.0;1;4270.0;1.0;0.431;18.0;0.978;41.0;23.0;0.0
4803807_home;328420.23819999956;6392998.5952;4803807;18:06:48;18:06:48;65208.0;1;18:54:14;18:54:14;68054.0;1;2846.0;19:34:27;19:34:27;70467.0;1;5259.0;0.541;0.931;39.0;1.0;42.0;3.0;0.0
public_1476257257;307868.59949999955;6402107.998500001;5589188;19:09:39;19:09:39;68979.0;1;19:44:03;19:44:03;71043.0;1;2064.0;19:44:03;19:44:03;71043.0;1;2064.0;1.0;0.707;37.0;0.936;49.0;12.0;0.0
1968155_work;326860.3532999996;6395579.339400001;1968155;14:29:34;14:29:34;52174.0;1;15:52:34;15:52:34;57154.0;1;4980.0;19:56:30;19:56:30;71790.0;1;19616.0;0.254;0.681;23.0;1.0;34.0;11.0;0.0
2322703_work;320268.7115000002;6400021.0875;2322703;12:04:37;12:04:37;43477.0;1;14:11:54;14:11:54;51114.0;1;7637.0;20:29:21;20:29:21;73761.0;1;30284.0;0.252;0.67;35.0;1.0;52.0;17.0;0.0
public_1476443864;314654.2105999999;6397797.559800001;2323108;18:34:27;18:34:27;66867.0;1;19:13:59;19:13:59;69239.0;1;2372.0;20:29:53;20:29:53;73793.0;1;6926.0;0.342;0.948;40.0;1.0;42.0;2.0;0.0
public_1476123728;307134.4006000003;6402243.534399999;3262427;17:30:17;17:30:17;63017.0;1;19:15:54;19:15:54;69354.0;1;6337.0;20:40:58;20:40:58;74458.0;1;11441.0;0.554;0.39;16.0;1.0;42.0;26.0;0.0
public_1476065604;317287.3872999996;6400280.969699999;2017219;15:01:11;15:01:11;54071.0;1;16:19:44;16:19:44;58784.0;1;4713.0;20:57:53;20:57:53;75473.0;1;21402.0;0.22;0.626;26.0;1.0;42.0;16.0;0.0
public_1476199362;321159.37820000015;6402470.642000001;5883454;20:08:22;20:08:22;72502.0;1;20:53:14;20:53:14;75194.0;1;2692.0;21:43:07;21:43:07;78187.0;1;5685.0;0.474;0.918;39.0;1.0;42.0;3.0;0.0
4703597_work;318310.8629999999;6399453.8467999995;4703597;12:36:03;12:36:03;45363.0;1;14:49:14;14:49:14;53354.0;1;7991.0;22:21:42;22:21:42;80502.0;1;35139.0;0.227;0.444;15.0;1.0;34.0;19.0;0.0
2030913_home;324950.07710000034;6403226.425100001;2030913;09:44:37;09:44:37;35077.0;1;12:04:24;12:04:24;43464.0;1;8387.0;28:46:23;04:46:23;103583.0;2;68506.0;0.122;0.606;21.0;1.0;34.0;13.0;0.0
4657456_home;316281.4620000003;6395708.600099999;4657456;17:18:24;17:18:24;62304.0;1;20:57:04;20:57:04;75424.0;1;13120.0;29:14:27;05:14:27;105267.0;2;42963.0;0.305;0.447;19.0;1.0;42.0;23.0;0.0
10004860_home;323923.82969999965;6411780.592;10004860;17:44:02;17:44:02;63842.0;1;20:38:29;20:38:29;74309.0;1;10467.0;29:38:05;05:38:05;106685.0;2;42843.0;0.244;0.487;17.0;1.0;34.0;17.0;0.0
5464371_home;324114.14690000005;6408070.1841;5464371;18:35:13;18:35:13;66913.0;1;22:04:04;22:04:04;79444.0;1;12531.0;29:44:32;05:44:32;107072.0;2;40159.0;0.312;0.642;39.0;1.0;60.0;21.0;0.0
4760278_home;318252.32799999975;6398606.377900001;4760278;15:08:18;15:08:18;54498.0;1;17:23:44;17:23:44;62624.0;1;8126.0;29:46:58;05:46:58;107218.0;2;52720.0;0.154;0.67;28.0;1.0;42.0;14.0;0.0
5883581_home;328332.4935999997;6402363.8849;5883581;16:18:57;16:18:57;58737.0;1;19:28:59;19:28:59;70139.0;1;11402.0;29:59:38;05:59:38;107978.0;2;49241.0;0.232;0.535;22.0;1.0;42.0;20.0;0.0
9557968_home;315840.84190000035;6402373.8396000005;9557968;16:18:43;16:18:43;58723.0;1;19:30:04;19:30:04;70204.0;1;11481.0;30:00:18;06:00:18;108018.0;2;49295.0;0.233;0.531;22.0;1.0;42.0;20.0;0.0
7365302_home;323558.9929999998;6405651.786;7365302;10:28:29;10:28:29;37709.0;1;14:43:39;14:43:39;53019.0;1;15310.0;30:01:34;06:01:34;108094.0;2;70385.0;0.218;0.552;33.0;1.0;60.0;27.0;0.0
public_1475967296;328279.0519000003;6402263.460999999;4777949;15:37:03;15:37:03;56223.0;1;17:47:34;17:47:34;64054.0;1;7831.0;30:04:31;06:04:31;108271.0;2;52048.0;0.15;0.503;38.0;1.0;75.0;37.0;0.0
4741659_home;315317.31549999956;6392597.9969999995;4741659;16:23:55;16:23:55;59035.0;1;20:11:34;20:11:34;72694.0;1;13659.0;30:07:58;06:07:58;108478.0;2;49443.0;0.276;0.549;29.0;1.0;52.0;23.0;0.0
1990178_home;319868.9238999998;6404401.7063;1990178;15:26:39;15:26:39;55599.0;1;18:01:44;18:01:44;64904.0;1;9305.0;30:08:35;06:08:35;108515.0;2;52916.0;0.176;0.632;27.0;1.0;42.0;15.0;0.0
2315592_home;314197.7220999999;6390817.0002999995;2315592;15:41:34;15:41:34;56494.0;1;18:05:59;18:05:59;65159.0;1;8665.0;30:09:15;06:09:15;108555.0;2;52061.0;0.166;0.59;20.0;1.0;34.0;14.0;0.0
9418222_home;317046.1875;6396439.0076;9418222;15:55:49;15:55:49;57349.0;1;19:42:34;19:42:34;70954.0;1;13605.0;30:10:51;06:10:51;108651.0;2;51302.0;0.265;0.551;29.0;1.0;52.0;23.0;0.0
2129836_home;328467.1074000001;6393418.2809999995;2129836;16:57:08;16:57:08;61028.0;1;20:09:09;20:09:09;72549.0;1;11521.0;30:10:51;06:10:51;108651.0;2;47623.0;0.242;0.629;33.0;1.0;52.0;19.0;0.0
public_1476129700;315136.35780000035;6403347.9793;9672392;16:39:18;16:39:18;59958.0;1;18:12:04;18:12:04;65524.0;1;5566.0;30:13:38;06:13:38;108818.0;2;48860.0;0.114;0.636;33.0;1.0;52.0;19.0;0.0
public_1476212394;326209.48929999955;6403792.665100001;1967295;16:13:06;16:13:06;58386.0;1;17:38:24;17:38:24;63504.0;1;5118.0;30:14:00;06:14:00;108840.0;2;50454.0;0.101;0.493;17.0;1.0;34.0;17.0;0.0
2330931_home;320166.88939999975;6411095.9070999995;2330931;17:17:21;17:17:21;62241.0;1;20:26:24;20:26:24;73584.0;1;11343.0;30:15:00;06:15:00;108900.0;2;46659.0;0.243;0.437;15.0;1.0;34.0;19.0;0.0
1996195_home;315554.59729999956;6394257.203;1996195;17:02:30;17:02:30;61350.0;1;19:47:59;19:47:59;71279.0;1;9929.0;30:15:48;06:15:48;108948.0;2;47598.0;0.209;0.603;25.0;1.0;42.0;17.0;0.0
public_1476229729;324390.2446999997;6404229.569;1925924;14:27:59;14:27:59;52079.0;1;16:18:29;16:18:29;58709.0;1;6630.0;30:17:28;06:17:28;109048.0;2;56969.0;0.116;0.534;28.0;1.0;52.0;24.0;0.0
9413535_home;319780.2898000004;6402841.213099999;9413535;15:43:50;15:43:50;56630.0;1;18:42:54;18:42:54;67374.0;1;10744.0;30:17:51;06:17:51;109071.0;2;52441.0;0.205;0.565;24.0;1.0;42.0;18.0;0.0
7416337_home;324771.25150000025;6400753.5078;7416337;19:52:22;19:52:22;71542.0;1;22:40:29;22:40:29;81629.0;1;10087.0;30:19:33;06:19:33;109173.0;2;37631.0;0.268;0.508;17.0;1.0;34.0;17.0;0.0
1895729_home;328438.38960000034;6404160.908299999;1895729;15:45:54;15:45:54;56754.0;1;20:00:04;20:00:04;72004.0;1;15250.0;30:22:34;06:22:34;109354.0;2;52600.0;0.29;0.49;25.0;1.0;52.0;27.0;0.0
4922801_home;313606.9009999996;6393635.473200001;4922801;16:45:50;16:45:50;60350.0;1;19:44:14;19:44:14;71054.0;1;10704.0;30:28:49;06:28:49;109729.0;2;49379.0;0.217;0.567;24.0;1.0;42.0;18.0;0.0
1996417_home;315088.1275000004;6392900.0217;1996417;16:31:12;16:31:12;59472.0;1;20:17:04;20:17:04;73024.0;1;13552.0;30:30:25;06:30:25;109825.0;2;50353.0;0.269;0.553;29.0;1.0;52.0;23.0;0.0
9664484_home;314380.07550000027;6390999.892000001;9664484;18:25:23;18:25:23;66323.0;1;21:34:49;21:34:49;77689.0;1;11366.0;30:31:38;06:31:38;109898.0;2;43575.0;0.261;0.435;15.0;1.0;34.0;19.0;0.0
9540846_home;317173.43599999975;6400116.2535;9540846;21:23:06;21:23:06;76986.0;1;24:19:54;00:19:54;87594.0;2;10608.0;30:39:11;06:39:11;110351.0;2;33365.0;0.318;0.479;16.0;1.0;34.0;18.0;0.0
9664574_home;314103.0192;6390609.5557;9664574;10:03:06;10:03:06;36186.0;1;13:00:29;13:00:29;46829.0;1;10643.0;30:40:26;06:40:26;110426.0;2;74240.0;0.143;0.477;16.0;1.0;34.0;18.0;0.0
3040240_home;326658.70320000034;6408655.014799999;3040240;14:20:29;14:20:29;51629.0;1;19:41:19;19:41:19;70879.0;1;19250.0;30:41:46;06:41:46;110506.0;2;58877.0;0.327;0.526;39.0;1.0;75.0;36.0;0.0
public_1476401873;320936.36149999965;6400335.489499999;4663510;30:24:42;06:24:42;109482.0;2;30:41:49;06:41:49;110509.0;2;1027.0;30:41:49;06:41:49;110509.0;2;1027.0;1.0;0.355;12.0;0.539;18.0;6.0;0.0
4926680_home;317379.80989999976;6406048.930199999;4926680;17:10:04;17:10:04;61804.0;1;19:08:29;19:08:29;68909.0;1;7105.0;30:42:05;06:42:05;110525.0;2;48721.0;0.146;0.679;23.0;1.0;34.0;11.0;0.0
4642323_home;319152.22250000015;6398618.830499999;4642323;19:19:22;19:19:22;69562.0;1;23:11:59;23:11:59;83519.0;1;13957.0;30:44:04;06:44:04;110644.0;2;41082.0;0.34;0.662;50.0;1.0;75.0;25.0;0.0
4765809_home;318898.94299999997;6404206.2292;4765809;13:02:32;13:02:32;46952.0;1;17:14:39;17:14:39;62079.0;1;15127.0;30:44:26;06:44:26;110666.0;2;63714.0;0.237;0.633;47.0;1.0;75.0;28.0;0.0
public_1476272518;323407.45330000017;6411357.800899999;10006768;17:17:27;17:17:27;62247.0;1;19:12:24;19:12:24;69144.0;1;6897.0;30:47:29;06:47:29;110849.0;2;48602.0;0.142;0.579;43.0;1.0;75.0;32.0;0.0
1943660_home;311100.1476999996;6404846.6785;1943660;16:35:30;16:35:30;59730.0;1;21:10:29;21:10:29;76229.0;1;16499.0;30:47:33;06:47:33;110853.0;2;51123.0;0.323;0.443;23.0;1.0;52.0;29.0;0.0
public_1476434113;314469.3048999999;6391226.7118999995;2322569;16:58:36;16:58:36;61116.0;1;18:41:29;18:41:29;67289.0;1;6173.0;30:48:34;06:48:34;110914.0;2;49798.0;0.124;0.588;31.0;1.0;52.0;21.0;0.0
public_1476276241;318072.1688000001;6398328.3006;4691412;16:17:22;16:17:22;58642.0;1;18:02:29;18:02:29;64949.0;1;6307.0;30:48:49;06:48:49;110929.0;2;52287.0;0.121;0.572;30.0;1.0;52.0;22.0;0.0
7365027_home;324551.1047;6403807.834100001;7365027;16:32:27;16:32:27;59547.0;1;18:17:44;18:17:44;65864.0;1;6317.0;30:49:23;06:49:23;110963.0;2;51416.0;0.123;0.724;25.0;1.0;34.0;9.0;0.0
public_1476151080;316591.76549999975;6405543.7607;4652995;19:58:29;19:58:29;71909.0;1;21:43:04;21:43:04;78184.0;1;6275.0;30:49:33;06:49:33;110973.0;2;39064.0;0.161;0.399;17.0;1.0;42.0;25.0;0.0
7295917_home;316585.1517000003;6397969.591;7295917;20:51:29;20:51:29;75089.0;1;23:09:59;23:09:59;83399.0;1;8310.0;30:52:06;06:52:06;111126.0;2;36037.0;0.231;0.677;28.0;1.0;42.0;14.0;0.0
10006014_home;323523.2363999998;6411247.2147;10006014;17:43:19;17:43:19;63799.0;1;22:08:54;22:08:54;79734.0;1;15935.0;30:52:20;06:52:20;111140.0;2;47341.0;0.337;0.325;14.0;1.0;42.0;28.0;0.0
2017999_home;324970.7039999999;6401520.6151;2017999;18:56:27;18:56:27;68187.0;1;19:35:44;19:35:44;70544.0;1;2357.0;30:56:03;06:56:03;111363.0;2;43176.0;0.055;0.953;40.0;1.0;42.0;2.0;0.0
4795845_home;322335.9589999998;6394700.119999999;4795845;15:23:42;15:23:42;55422.0;1;19:05:49;19:05:49;68749.0;1;13327.0;30:59:06;06:59:06;111546.0;2;56124.0;0.237;0.671;50.0;1.0;75.0;25.0;0.0
public_1476309083;323940.53529999964;6405890.5046999995;1865752;30:52:33;06:52:33;111153.0;2;30:59:32;06:59:32;111572.0;2;419.0;30:59:32;06:59:32;111572.0;2;419.0;1.0;0.388;20.0;0.437;23.0;3.0;0.0
2335840_home;317020.7982000001;6406264.500499999;2335840;16:02:48;16:02:48;57768.0;1;18:48:09;18:48:09;67689.0;1;9921.0;31:02:00;07:02:00;111720.0;2;53952.0;0.184;0.603;25.0;1.0;42.0;17.0;0.0
4598048_home;322654.2934999997;6399796.4296;4598048;19:34:40;19:34:40;70480.0;1;21:19:44;21:19:44;76784.0;1;6304.0;31:02:31;07:02:31;111751.0;2;41271.0;0.153;0.725;25.0;1.0;34.0;9.0;0.0
1838887_home;326557.8392000003;6402430.541300001;1838887;16:19:08;16:19:08;58748.0;1;19:31:34;19:31:34;70294.0;1;11546.0;31:03:21;07:03:21;111801.0;2;53053.0;0.218;0.516;22.0;1.0;42.0;20.0;0.0
2072947_home;317466.2427000003;6405203.1493999995;2072947;17:31:03;17:31:03;63063.0;1;19:23:29;19:23:29;69809.0;1;6746.0;31:03:38;07:03:38;111818.0;2;48755.0;0.138;0.743;31.0;1.0;42.0;11.0;0.0
1932964_home;312840.11369999964;6395132.805299999;1932964;17:13:01;17:13:01;61981.0;1;20:41:09;20:41:09;74469.0;1;12488.0;31:04:14;07:04:14;111854.0;2;49873.0;0.25;0.697;52.0;1.0;75.0;23.0;0.0
7448877_home;315666.65579999983;6397677.7524;7448877;16:43:12;16:43:12;60192.0;1;19:24:09;19:24:09;69849.0;1;9657.0;31:05:12;07:05:12;111912.0;2;51720.0;0.187;0.615;26.0;1.0;42.0;16.0;0.0
9542839_home;323672.8679999998;6411205.032500001;9542839;18:16:14;18:16:14;65774.0;1;20:48:54;20:48:54;74934.0;1;9160.0;31:05:13;07:05:13;111913.0;2;46139.0;0.199;0.561;19.0;1.0;34.0;15.0;0.0
7372567_home;316592.4709000001;6399894.456499999;7372567;13:55:05;13:55:05;50105.0;1;18:02:19;18:02:19;64939.0;1;14834.0;31:05:34;07:05:34;111934.0;2;61829.0;0.24;0.567;34.0;1.0;60.0;26.0;0.0
4920357_home;308426.4475999996;6390683.909600001;4920357;14:46:47;14:46:47;53207.0;1;17:40:09;17:40:09;63609.0;1;10402.0;31:05:52;07:05:52;111952.0;2;58745.0;0.177;0.49;17.0;1.0;34.0;17.0;0.0
public_1476408369;308242.3487;6400926.8608;8273513;17:07:07;17:07:07;61627.0;1;18:51:09;18:51:09;67869.0;1;6242.0;31:06:01;07:06:01;111961.0;2;50334.0;0.124;0.58;30.0;1.0;52.0;22.0;0.0
4680943_home;329416.16339999996;6403172.245200001;4680943;16:44:14;16:44:14;60254.0;1;21:51:49;21:51:49;78709.0;1;18455.0;31:06:53;07:06:53;112013.0;2;51759.0;0.357;0.45;27.0;1.0;60.0;33.0;0.0
public_1475967296;328279.0519000003;6402263.460999999;4623233;15:48:33;15:48:33;56913.0;1;17:51:59;17:51:59;64319.0;1;7406.0;31:07:04;07:07:04;112024.0;2;55111.0;0.134;0.538;40.0;1.0;75.0;35.0;0.0
9455793_home;315788.19680000003;6396497.1798;9455793;15:29:33;15:29:33;55773.0;1;19:23:49;19:23:49;69829.0;1;14056.0;31:07:29;07:07:29;112049.0;2;56276.0;0.25;0.593;36.0;1.0;60.0;24.0;0.0
2330722_home;321507.3794;6410712.554199999;2330722;21:15:51;21:15:51;76551.0;1;25:54:19;01:54:19;93259.0;2;16708.0;31:07:39;07:07:39;112059.0;2;35508.0;0.471;0.592;44.0;1.0;75.0;31.0;0.0
7298191_home;317752.87650000025;6399155.0825;7298191;16:32:12;16:32:12;59532.0;1;19:26:19;19:26:19;69979.0;1;10447.0;31:08:12;07:08:12;112092.0;2;52560.0;0.199;0.579;24.0;1.0;42.0;18.0;0.0
1967249_home;326381.0148;6403922.1515999995;1967249;16:10:51;16:10:51;58251.0;1;18:56:34;18:56:34;68194.0;1;9943.0;31:09:57;07:09:57;112197.0;2;53946.0;0.184;0.589;25.0;1.0;42.0;17.0;0.0
1862586_home;325680.79509999976;6403570.9407;1862586;16:10:46;16:10:46;58246.0;1;18:54:04;18:54:04;68044.0;1;9798.0;31:11:04;07:11:04;112264.0;2;54018.0;0.181;0.609;26.0;1.0;42.0;16.0;0.0
public_1476313852;316616.84300000034;6398594.777000001;4780137;16:05:44;16:05:44;57944.0;1;18:01:14;18:01:14;64874.0;1;6930.0;31:12:32;07:12:32;112352.0;2;54408.0;0.127;0.552;33.0;1.0;60.0;27.0;0.0
1994057_home;314400.6409;6394212.232799999;1994057;13:34:19;13:34:19;48859.0;1;16:06:34;16:06:34;57994.0;1;9135.0;31:12:51;07:12:51;112371.0;2;63512.0;0.144;0.639;27.0;1.0;42.0;15.0;0.0
1881745_home;315321.6506000003;6401958.957699999;1881745;19:45:17;19:45:17;71117.0;1;22:17:14;22:17:14;80234.0;1;9117.0;31:13:59;07:13:59;112439.0;2;41322.0;0.221;0.564;19.0;1.0;34.0;15.0;0.0
1986131_home;325358.5070000002;6405541.2228;1986131;17:43:00;17:43:00;63780.0;1;21:17:24;21:17:24;76644.0;1;12864.0;31:14:44;07:14:44;112484.0;2;48704.0;0.264;0.579;30.0;1.0;52.0;22.0;0.0
1927836_home;317649.1649000002;6402208.445900001;1927836;17:22:54;17:22:54;62574.0;1;19:41:39;19:41:39;70899.0;1;8325.0;31:15:26;07:15:26;112526.0;2;49952.0;0.167;0.677;28.0;1.0;42.0;14.0;0.0
1992661_home;313591.01960000023;6395925.585200001;1992661;16:11:10;16:11:10;58270.0;1;18:53:09;18:53:09;67989.0;1;9719.0;31:16:14;07:16:14;112574.0;2;54304.0;0.179;0.529;18.0;1.0;34.0;16.0;0.0
9461755_home;311175.8629999999;6404478.168;9461755;16:36:51;16:36:51;59811.0;1;20:50:04;20:50:04;75004.0;1;15193.0;31:16:41;07:16:41;112601.0;2;52790.0;0.288;0.556;33.0;1.0;60.0;27.0;0.0
public_1475956613;316984.48330000043;6395061.7819;1874742;15:53:35;15:53:35;57215.0;1;17:09:14;17:09:14;61754.0;1;4539.0;31:20:10;07:20:10;112810.0;2;55595.0;0.082;0.597;20.0;1.0;34.0;14.0;0.0
4600925_home;325005.5080000004;6406214.4837;4600925;15:35:38;15:35:38;56138.0;1;19:02:04;19:02:04;68524.0;1;12386.0;31:22:10;07:22:10;112930.0;2;56792.0;0.218;0.489;21.0;1.0;42.0;21.0;0.0
9666429_home;312550.0806;6396646.038000001;9666429;22:32:00;22:32:00;81120.0;1;27:42:09;03:42:09;99729.0;2;18609.0;31:22:20;07:22:20;112940.0;2;31820.0;0.585;0.543;41.0;1.0;75.0;34.0;0.0
1839970_home;326780.6908999998;6402146.291200001;1839970;14:50:05;14:50:05;53405.0;1;20:37:39;20:37:39;74259.0;1;20854.0;31:23:25;07:23:25;113005.0;2;59600.0;0.35;0.475;36.0;1.0;75.0;39.0;0.0
2125293_home;331233.50600000005;6392181.7831;2125293;12:14:45;12:14:45;44085.0;1;15:59:54;15:59:54;57594.0;1;13509.0;31:25:16;07:25:16;113116.0;2;69031.0;0.196;0.61;37.0;1.0;60.0;23.0;0.0
4704257_home;315954.0259999996;6396476.8686;4704257;17:56:44;17:56:44;64604.0;1;19:56:49;19:56:49;71809.0;1;7205.0;31:25:20;07:25:20;113120.0;2;48516.0;0.149;0.664;23.0;1.0;34.0;11.0;0.0
1996657_home;315186.0741999997;6392759.5867;1996657;21:10:44;21:10:44;76244.0;1;24:08:14;00:08:14;86894.0;2;10650.0;31:27:18;07:27:18;113238.0;2;36994.0;0.288;0.476;16.0;1.0;34.0;18.0;0.0
4744050_home;321702.1827999996;6394149.396199999;4744050;18:55:32;18:55:32;68132.0;1;20:30:19;20:30:19;73819.0;1;5687.0;31:27:34;07:27:34;113254.0;2;45122.0;0.126;0.796;33.0;1.0;42.0;9.0;0.0
7311720_home;323099.43620000035;6404774.0407;7311720;18:19:46;18:19:46;65986.0;1;20:34:09;20:34:09;74049.0;1;8063.0;31:28:04;07:28:04;113284.0;2;47298.0;0.17;0.624;21.0;1.0;34.0;13.0;0.0
public_1476266844;326483.2139999997;6401401.6152;2109124;11:39:41;11:39:41;41981.0;1;12:54:39;12:54:39;46479.0;1;4498.0;31:28:38;07:28:38;113318.0;2;71337.0;0.063;0.604;21.0;1.0;34.0;13.0;0.0
7359352_home;320385.3054999998;6399032.320900001;7359352;14:45:05;14:45:05;53105.0;1;17:41:34;17:41:34;63694.0;1;10589.0;31:29:48;07:29:48;113388.0;2;60283.0;0.176;0.48;16.0;1.0;34.0;18.0;0.0
public_1476010562;313882.98369999975;6391439.9713;9668329;16:25:23;16:25:23;59123.0;1;17:59:39;17:59:39;64779.0;1;5656.0;31:29:53;07:29:53;113393.0;2;54270.0;0.104;0.395;13.0;1.0;34.0;21.0;0.0
public_1476111932;319016.21279999986;6393654.116900001;1945320;15:28:54;15:28:54;55734.0;1;17:08:59;17:08:59;61739.0;1;6005.0;31:31:24;07:31:24;113484.0;2;57750.0;0.104;0.639;48.0;1.0;75.0;27.0;0.0
1988010_home;315805.23000000045;6403795.608999999;1988010;18:55:41;18:55:41;68141.0;1;21:14:34;21:14:34;76474.0;1;8333.0;31:32:34;07:32:34;113554.0;2;45413.0;0.183;0.778;47.0;1.0;60.0;13.0;0.0
public_1476320783;317490.9028000003;6398776.622199999;7321950;30:43:16;06:43:16;110596.0;2;31:28:24;07:28:24;113304.0;2;2708.0;31:33:28;07:33:28;113608.0;2;3012.0;0.899;0.916;38.0;1.0;42.0;4.0;0.0
1996777_home;315262.63850000035;6392859.198000001;1996777;17:15:55;17:15:55;62155.0;1;21:45:34;21:45:34;78334.0;1;16179.0;31:35:42;07:35:42;113742.0;2;51587.0;0.314;0.455;24.0;1.0;52.0;28.0;0.0
2945180_home;324984.16980000027;6411420.9482;2945180;17:42:31;17:42:31;63751.0;1;22:33:19;22:33:19;81199.0;1;17448.0;31:36:09;07:36:09;113769.0;2;50018.0;0.349;0.573;43.0;1.0;75.0;32.0;0.0
public_1476177204;322554.0680999998;6393450.283600001;1949534;16:34:40;16:34:40;59680.0;1;18:26:34;18:26:34;66394.0;1;6714.0;31:37:01;07:37:01;113821.0;2;54141.0;0.124;0.525;27.0;1.0;52.0;25.0;0.0
2029210_home;321510.7215;6401034.3627;2029210;16:00:59;16:00:59;57659.0;1;19:39:14;19:39:14;70754.0;1;13095.0;31:37:03;07:37:03;113823.0;2;56164.0;0.233;0.57;30.0;1.0;52.0;22.0;0.0
2016161_home;329121.0730999997;6401807.5572999995;2016161;18:46:13;18:46:13;67573.0;1;21:32:34;21:32:34;77554.0;1;9981.0;31:38:17;07:38:17;113897.0;2;46324.0;0.215;0.515;17.0;1.0;34.0;17.0;0.0
4769250_home;317148.7832000004;6395450.640699999;4769250;17:17:06;17:17:06;62226.0;1;19:17:04;19:17:04;69424.0;1;7198.0;31:38:40;07:38:40;113920.0;2;51694.0;0.139;0.663;23.0;1.0;34.0;11.0;0.0
2099774_home;315354.95380000025;6403326.9923;2099774;19:38:27;19:38:27;70707.0;1;24:04:19;00:04:19;86659.0;2;15952.0;31:38:46;07:38:46;113926.0;2;43219.0;0.369;0.531;32.0;1.0;60.0;28.0;0.0
public_1476270180;320702.6497999998;6395375.963199999;10006014;31:29:55;07:29:55;113395.0;2;31:40:05;07:40:05;114005.0;2;610.0;31:40:05;07:40:05;114005.0;2;610.0;1.0;0.868;36.0;0.943;40.0;3.0;0.0
2327191_home;312442.53830000013;6408027.4498;2327191;18:39:10;18:39:10;67150.0;1;22:13:29;22:13:29;80009.0;1;12859.0;31:40:09;07:40:09;114009.0;2;46859.0;0.274;0.692;52.0;1.0;75.0;23.0;0.0
4600956_home;325177.98039999977;6406049.2475000005;4600956;16:56:39;16:56:39;60999.0;1;19:38:04;19:38:04;70684.0;1;9685.0;31:40:58;07:40:58;114058.0;2;53059.0;0.183;0.614;26.0;1.0;42.0;16.0;0.0
9512435_home;323378.77329999954;6401473.876499999;9512435;14:44:02;14:44:02;53042.0;1;18:50:19;18:50:19;67819.0;1;14777.0;31:44:26;07:44:26;114266.0;2;61224.0;0.241;0.378;16.0;1.0;42.0;26.0;0.0
1979559_home;317378.4769000001;6399057.516100001;1979559;17:25:59;17:25:59;62759.0;1;19:34:39;19:34:39;70479.0;1;7720.0;31:44:43;07:44:43;114283.0;2;51524.0;0.15;0.644;22.0;1.0;34.0;12.0;0.0
4721522_home;329811.85919999983;6398749.1461;4721522;19:55:03;19:55:03;71703.0;1;23:35:14;23:35:14;84914.0;1;13211.0;31:45:07;07:45:07;114307.0;2;42604.0;0.31;0.451;19.0;1.0;42.0;23.0;0.0
4926634_home;317166.55790000036;6406348.022399999;4926634;17:35:25;17:35:25;63325.0;1;22:24:09;22:24:09;80649.0;1;17324.0;31:45:15;07:45:15;114315.0;2;50990.0;0.34;0.487;29.0;1.0;60.0;31.0;0.0
4743032_home;314749.88150000013;6403190.496200001;4743032;14:00:10;14:00:10;50410.0;1;17:00:39;17:00:39;61239.0;1;10829.0;31:45:46;07:45:46;114346.0;2;63936.0;0.169;0.561;24.0;1.0;42.0;18.0;0.0
1968160_home;328940.36450000014;6399057.632999999;1968160;17:11:02;17:11:02;61862.0;1;21:17:54;21:17:54;76674.0;1;14812.0;31:46:22;07:46:22;114382.0;2;52520.0;0.282;0.568;34.0;1.0;60.0;26.0;0.0
10004086_home;324725.4099000003;6411738.0989;10004086;15:30:36;15:30:36;55836.0;1;18:53:14;18:53:14;67994.0;1;12158.0;31:47:03;07:47:03;114423.0;2;58587.0;0.208;0.5;21.0;1.0;42.0;21.0;0.0
1934774_home;316411.0253999997;6395686.508300001;1934774;18:50:03;18:50:03;67803.0;1;21:52:39;21:52:39;78759.0;1;10956.0;31:47:38;07:47:38;114458.0;2;46655.0;0.235;0.555;23.0;1.0;42.0;19.0;0.0
public_1476123838;327332.58469999954;6392511.0307;4803742;16:12:49;16:12:49;58369.0;1;17:46:49;17:46:49;64009.0;1;5640.0;31:48:20;07:48:20;114500.0;2;56131.0;0.1;0.399;14.0;1.0;34.0;20.0;0.0
5923425_home;323590.5502000004;6393416.1888;5923425;20:02:19;20:02:19;72139.0;1;23:32:44;23:32:44;84764.0;1;12625.0;31:49:24;07:49:24;114564.0;2;42425.0;0.298;0.478;20.0;1.0;42.0;22.0;0.0
2320332_home;313007.7748999996;6396633.7173999995;2320332;17:21:04;17:21:04;62464.0;1;20:15:54;20:15:54;72954.0;1;10490.0;31:49:26;07:49:26;114566.0;2;52102.0;0.201;0.57;24.0;1.0;42.0;18.0;0.0
public_1476129700;315136.35780000035;6403347.9793;4661792;17:21:51;17:21:51;62511.0;1;18:01:19;18:01:19;64879.0;1;2368.0;31:50:58;07:50:58;114658.0;2;52147.0;0.045;0.948;40.0;1.0;42.0;2.0;0.0
1930342_home;320591.74909999967;6404037.073799999;1930342;09:46:26;09:46:26;35186.0;1;12:27:04;12:27:04;44824.0;1;9638.0;31:51:27;07:51:27;114687.0;2;79501.0;0.121;0.594;25.0;1.0;42.0;17.0;0.0
3039696_home;323044.76240000036;6407034.955700001;3039696;20:11:09;20:11:09;72669.0;1;23:54:24;23:54:24;86064.0;1;13395.0;31:52:55;07:52:55;114775.0;2;42106.0;0.318;0.559;29.0;1.0;52.0;23.0;0.0
1988145_home;316146.35730000027;6403528.7129;1988145;13:27:16;13:27:16;48436.0;1;16:06:44;16:06:44;58004.0;1;9568.0;31:53:00;07:53:00;114780.0;2;66344.0;0.144;0.619;26.0;1.0;42.0;16.0;0.0
2017200_home;329987.05480000004;6399596.5744;2017200;19:54:10;19:54:10;71650.0;1;23:01:49;23:01:49;82909.0;1;11259.0;31:56:26;07:56:26;114986.0;2;43336.0;0.26;0.442;15.0;1.0;34.0;19.0;0.0
public_1476429391;325900.2153000003;6400851.2162;7286409;15:15:40;15:15:40;54940.0;1;16:48:49;16:48:49;60529.0;1;5589.0;31:57:22;07:57:22;115042.0;2;60102.0;0.093;0.686;51.0;1.0;75.0;24.0;0.0
1896793_home;329267.9921000004;6401901.366900001;1896793;19:43:07;19:43:07;70987.0;1;23:02:49;23:02:49;82969.0;1;11982.0;31:57:38;07:57:38;115058.0;2;44071.0;0.272;0.508;21.0;1.0;42.0;21.0;0.0
7462409_home;318447.7485999996;6401495.7853;7462409;18:30:05;18:30:05;66605.0;1;21:06:39;21:06:39;75999.0;1;9394.0;31:58:23;07:58:23;115103.0;2;48498.0;0.194;0.548;19.0;1.0;34.0;15.0;0.0
7368354_home;317464.6520999996;6402994.2212000005;7368354;22:00:58;22:00:58;79258.0;1;27:33:29;03:33:29;99209.0;2;19951.0;31:59:04;07:59:04;115144.0;2;35886.0;0.556;0.508;38.0;1.0;75.0;37.0;0.0
4611990_home;315461.02410000004;6402186.3398;4611990;16:22:19;16:22:19;58939.0;1;19:01:34;19:01:34;68494.0;1;9555.0;31:59:06;07:59:06;115146.0;2;56207.0;0.17;0.539;18.0;1.0;34.0;16.0;0.0
7490377_home;315591.3705000002;6399008.9947;7490377;17:14:28;17:14:28;62068.0;1;20:22:59;20:22:59;73379.0;1;11311.0;31:59:38;07:59:38;115178.0;2;53110.0;0.213;0.539;23.0;1.0;42.0;19.0;0.0
10004860_home;323923.82969999965;6411780.592;10004860;31:19:12;07:19:12;112752.0;2;32:03:22;08:03:22;115402.0;2;2650.0;32:03:22;08:03:22;115402.0;2;2650.0;1.0;0.831;28.0;0.978;33.0;5.0;0.0
7297455_home;317271.1238000002;6398662.148399999;7297455;17:23:35;17:23:35;62615.0;1;21:50:04;21:50:04;78604.0;1;15989.0;32:04:20;08:04:20;115460.0;2;52845.0;0.303;0.322;14.0;1.0;42.0;28.0;0.0
public_1476262184;313472.9447999997;6397165.270099999;9402684;31:35:33;07:35:33;113733.0;2;32:04:44;08:04:44;115484.0;2;1751.0;32:04:44;08:04:44;115484.0;2;1751.0;1.0;0.689;41.0;0.868;52.0;11.0;0.0
1875719_home;314189.2355000004;6392818.4287;1875719;15:28:11;15:28:11;55691.0;1;16:28:34;16:28:34;59314.0;1;3623.0;32:06:05;08:06:05;115565.0;2;59874.0;0.061;0.86;29.0;1.0;34.0;5.0;0.0
4922431_home;312813.48450000025;6393865.3771;4922431;20:23:25;20:23:25;73405.0;1;24:05:14;00:05:14;86714.0;2;13309.0;32:07:13;08:07:13;115633.0;2;42228.0;0.315;0.563;29.0;1.0;52.0;23.0;0.0
2069951_home;322549.9741000002;6400998.543400001;2069951;14:12:07;14:12:07;51127.0;1;16:33:19;16:33:19;59599.0;1;8472.0;32:08:18;08:08:18;115698.0;2;64571.0;0.131;0.601;20.0;1.0;34.0;14.0;0.0
public_1476306682;322197.8075000001;6390279.7795;2080804;17:44:04;17:44:04;63844.0;1;19:07:19;19:07:19;68839.0;1;4995.0;32:09:57;08:09:57;115797.0;2;51953.0;0.096;0.585;25.0;1.0;42.0;17.0;0.0
9673358_home;331292.68010000046;6409734.7765;9673358;17:09:21;17:09:21;61761.0;1;22:55:19;22:55:19;82519.0;1;20758.0;32:10:37;08:10:37;115837.0;2;54076.0;0.384;0.487;37.0;1.0;75.0;38.0;0.0
4602304_home;321479.96750000026;6409172.7293;4602304;19:02:48;19:02:48;68568.0;1;22:20:19;22:20:19;80419.0;1;11851.0;32:12:36;08:12:36;115956.0;2;47388.0;0.25;0.616;32.0;1.0;52.0;20.0;0.0
3042474_home;323498.7457999997;6407917.1406;3042474;17:27:51;17:27:51;62871.0;1;20:52:59;20:52:59;75179.0;1;12308.0;32:15:58;08:15:58;116158.0;2;53287.0;0.231;0.649;39.0;1.0;60.0;21.0;0.0
5893756_home;327256.14719999954;6403705.906400001;5893756;16:10:19;16:10:19;58219.0;1;16:50:09;16:50:09;60609.0;1;2390.0;32:17:10;08:17:10;116230.0;2;58011.0;0.041;0.948;32.0;1.0;34.0;2.0;0.0
1895682_home;328217.8147999998;6403733.010299999;1895682;15:23:02;15:23:02;55382.0;1;18:09:59;18:09:59;65399.0;1;10017.0;32:17:21;08:17:21;116241.0;2;60859.0;0.165;0.512;17.0;1.0;34.0;17.0;0.0
public_1475972656;318097.7993999999;6402261.8981;2335003;30:10:31;06:10:31;108631.0;2;31:24:44;07:24:44;113084.0;2;4453.0;32:18:55;08:18:55;116335.0;2;7704.0;0.578;0.79;41.0;1.0;52.0;11.0;0.0
public_1476381951;321234.46520000044;6409352.0425;9412406;09:03:43;09:03:43;32623.0;1;10:30:24;10:30:24;37824.0;1;5201.0;32:21:12;08:21:12;116472.0;2;83849.0;0.062;0.516;22.0;1.0;42.0;20.0;0.0
2027259_home;319985.08550000004;6397151.247300001;2027259;16:08:19;16:08:19;58099.0;1;19:42:24;19:42:24;70944.0;1;12845.0;32:22:46;08:22:46;116566.0;2;58467.0;0.22;0.58;30.0;1.0;52.0;22.0;0.0
public_1476320783;317490.9028000003;6398776.622199999;5412441;31:42:04;07:42:04;114124.0;2;32:22:59;08:22:59;116579.0;2;2455.0;32:22:59;08:22:59;116579.0;2;2455.0;1.0;0.499;17.0;0.926;31.0;15.0;0.0
4655013_home;315857.2737999996;6400935.929300001;4655013;18:53:40;18:53:40;68020.0;1;24:16:19;00:16:19;87379.0;2;19359.0;32:23:52;08:23:52;116632.0;2;48612.0;0.398;0.523;39.0;1.0;75.0;36.0;0.0
4705288_home;315038.6076999996;6393427.9344999995;4705288;18:28:07;18:28:07;66487.0;1;22:35:59;22:35:59;81359.0;1;14872.0;32:24:41;08:24:41;116681.0;2;50194.0;0.296;0.639;48.0;1.0;75.0;27.0;0.0
5465429_home;323859.9732999997;6407687.305199999;5465429;14:36:11;14:36:11;52571.0;1;18:36:59;18:36:59;67019.0;1;14448.0;32:28:38;08:28:38;116918.0;2;64347.0;0.225;0.58;35.0;1.0;60.0;25.0;0.0
public_1476363725;317107.39499999955;6402608.874299999;1864949;14:44:53;14:44:53;53093.0;1;16:07:24;16:07:24;58044.0;1;4951.0;32:32:15;08:32:15;117135.0;2;64042.0;0.077;0.591;25.0;1.0;42.0;17.0;0.0
public_1476162075;315698.9042999996;6392867.8893;4784917;15:13:33;15:13:33;54813.0;1;17:02:39;17:02:39;61359.0;1;6546.0;32:33:11;08:33:11;117191.0;2;62378.0;0.105;0.591;35.0;1.0;60.0;25.0;0.0
public_1476427389;322343.7917999998;6410097.684699999;7518323;15:51:31;15:51:31;57091.0;1;18:02:19;18:02:19;64939.0;1;7848.0;32:36:52;08:36:52;117412.0;2;60321.0;0.13;0.502;38.0;1.0;75.0;37.0;0.0
7495572_home;324270.76180000044;6395263.6877;7495572;17:58:32;17:58:32;64712.0;1;21:00:39;21:00:39;75639.0;1;10927.0;32:37:54;08:37:54;117474.0;2;52762.0;0.207;0.557;23.0;1.0;42.0;19.0;0.0
public_1476160164;316329.15589999966;6398059.6876;9460773;31:27:01;07:27:01;113221.0;2;32:29:09;08:29:09;116949.0;2;3728.0;32:38:23;08:38:23;117503.0;2;4282.0;0.871;0.742;25.0;1.0;34.0;9.0;0.0
public_1476423456;318786.19600000046;6406680.9518;1930342;31:58:49;07:58:49;115129.0;2;32:29:59;08:29:59;116999.0;2;1870.0;32:43:21;08:43:21;117801.0;2;2672.0;0.7;0.969;41.0;1.0;42.0;1.0;0.0
public_1476361959;312768.0022999998;6395155.409399999;4656277;16:40:53;16:40:53;60053.0;1;18:05:49;18:05:49;65149.0;1;5096.0;32:44:17;08:44:17;117857.0;2;57804.0;0.088;0.496;17.0;1.0;34.0;17.0;0.0
public_1476298289;319003.1489000004;6400265.2392;9447277;32:17:52;08:17:52;116272.0;2;32:44:20;08:44:20;117860.0;2;1588.0;32:44:20;08:44:20;117860.0;2;1588.0;1.0;0.648;22.0;0.922;31.0;9.0;0.0
4623910_home;324965.46549999993;6402561.554;4623910;19:10:17;19:10:17;69017.0;1;21:42:34;21:42:34;78154.0;1;9137.0;32:46:32;08:46:32;117992.0;2;48975.0;0.187;0.639;27.0;1.0;42.0;15.0;0.0
5908289_home;322608.2189999996;6401163.177100001;5908289;15:54:12;15:54:12;57252.0;1;19:21:59;19:21:59;69719.0;1;12467.0;32:46:42;08:46:42;118002.0;2;60750.0;0.205;0.594;31.0;1.0;52.0;21.0;0.0
public_1476238549;325496.1283;6402430.0934999995;2109124;31:33:03;07:33:03;113583.0;2;31:57:49;07:57:49;115069.0;2;1486.0;32:47:55;08:47:55;118075.0;2;4492.0;0.331;0.986;34.0;1.0;34.0;0.0;0.0
7411640_home;318798.33550000004;6399576.0943;7411640;20:35:21;20:35:21;74121.0;1;23:18:19;23:18:19;83899.0;1;9778.0;32:48:22;08:48:22;118102.0;2;43981.0;0.222;0.61;26.0;1.0;42.0;16.0;0.0
5411667_home;324674.0069000004;6411638.7226;5411667;14:57:16;14:57:16;53836.0;1;18:31:44;18:31:44;66704.0;1;12868.0;32:49:11;08:49:11;118151.0;2;64315.0;0.2;0.579;30.0;1.0;52.0;22.0;0.0
4765230_home;317691.17899999954;6404765.9595;4765230;18:38:07;18:38:07;67087.0;1;21:15:49;21:15:49;76549.0;1;9462.0;32:51:17;08:51:17;118277.0;2;51190.0;0.185;0.624;26.0;1.0;42.0;16.0;0.0
public_1475949557;317031.70529999956;6390150.6654;1877251;13:26:08;13:26:08;48368.0;1;14:34:39;14:34:39;52479.0;1;4111.0;32:52:18;08:52:18;118338.0;2;69970.0;0.059;0.608;21.0;1.0;34.0;13.0;0.0
9458789_home;325758.80680000037;6410415.2524999995;9458789;11:30:09;11:30:09;41409.0;1;14:38:39;14:38:39;52719.0;1;11310.0;32:58:06;08:58:06;118686.0;2;77277.0;0.146;0.438;15.0;1.0;34.0;19.0;0.0
1981224_home;320282.4653000003;6397524.552999999;1981224;19:37:47;19:37:47;70667.0;1;20:15:54;20:15:54;72954.0;1;2287.0;33:03:22;09:03:22;119002.0;2;48335.0;0.047;0.957;40.0;1.0;42.0;2.0;0.0
5933366_home;313848.84140000027;6392636.217599999;5933366;16:45:00;16:45:00;60300.0;1;21:09:14;21:09:14;76154.0;1;15854.0;33:07:04;09:07:04;119224.0;2;58924.0;0.269;0.534;32.0;1.0;60.0;28.0;0.0
public_1476272518;323407.45330000017;6411357.800899999;2327157;30:24:10;06:24:10;109450.0;2;31:30:09;07:30:09;113409.0;2;3959.0;33:10:18;09:10:18;119418.0;2;9968.0;0.397;0.737;31.0;1.0;42.0;11.0;0.0
2080900_home;322199.28450000007;6390802.2118;2080900;19:09:20;19:09:20;68960.0;1;22:17:04;22:17:04;80224.0;1;11264.0;33:11:00;09:11:00;119460.0;2;50500.0;0.223;0.541;23.0;1.0;42.0;19.0;0.0
public_1476335266;320993.7073999997;6394351.7543;1875719;32:17:38;08:17:38;116258.0;2;32:57:19;08:57:19;118639.0;2;2381.0;33:17:49;09:17:49;119869.0;2;3611.0;0.659;0.947;32.0;1.0;34.0;2.0;0.0
7370761_home;315232.4107999997;6399781.165999999;7370761;13:33:02;13:33:02;48782.0;1;17:00:29;17:00:29;61229.0;1;12447.0;33:18:30;09:18:30;119910.0;2;71128.0;0.175;0.691;52.0;1.0;75.0;23.0;0.0
1877813_home;316867.73139999993;6390405.528999999;1877813;17:39:38;17:39:38;63578.0;1;22:37:14;22:37:14;81434.0;1;17856.0;33:20:10;09:20:10;120010.0;2;56432.0;0.316;0.559;42.0;1.0;75.0;33.0;0.0
2059878_home;328949.2142000003;6393318.241699999;2059878;22:47:28;22:47:28;82048.0;1;28:05:59;04:05:59;101159.0;2;19111.0;33:20:29;09:20:29;120029.0;2;37981.0;0.503;0.429;26.0;1.0;60.0;34.0;0.0
2017659_home;330238.81799999997;6398997.278000001;2017659;19:17:53;19:17:53;69473.0;1;23:14:19;23:14:19;83659.0;1;14186.0;33:27:19;09:27:19;120439.0;2;50966.0;0.278;0.587;35.0;1.0;60.0;25.0;0.0
public_1476251537;313413.2647000002;6402766.123400001;4923723;31:40:30;07:40:30;114030.0;2;33:20:19;09:20:19;120019.0;2;5989.0;33:27:26;09:27:26;120446.0;2;6416.0;0.933;0.336;11.0;1.0;34.0;23.0;0.0
public_1476204089;312496.6704000002;6408352.203299999;2327190;19:39:33;19:39:33;70773.0;1;21:13:39;21:13:39;76419.0;1;5646.0;33:28:12;09:28:12;120492.0;2;49719.0;0.114;0.397;14.0;1.0;34.0;20.0;0.0
4607273_home;315470.85819999967;6396510.363399999;4607273;19:00:48;19:00:48;68448.0;1;21:28:34;21:28:34;77314.0;1;8866.0;33:30:48;09:30:48;120648.0;2;52200.0;0.17;0.578;20.0;1.0;34.0;14.0;0.0
public_1476204834;325429.3375000004;6410138.488500001;1930342;32:55:44;08:55:44;118544.0;2;33:35:09;09:35:09;120909.0;2;2365.0;33:35:14;09:35:14;120914.0;2;2370.0;0.998;0.93;39.0;1.0;42.0;3.0;0.0
5905004_home;314937.7084999997;6401657.1055;5905004;11:23:38;11:23:38;41018.0;1;14:36:04;14:36:04;52564.0;1;11546.0;33:39:53;09:39:53;121193.0;2;80175.0;0.144;0.501;21.0;1.0;42.0;21.0;0.0
2323688_home;307179.1662999997;6402470.8100000005;2323688;17:36:32;17:36:32;63392.0;1;21:09:49;21:09:49;76189.0;1;12797.0;33:48:34;09:48:34;121714.0;2;58322.0;0.219;0.47;20.0;1.0;42.0;22.0;0.0
7298464_home;318083.9840000002;6398522.062000001;7298464;16:25:33;16:25:33;59133.0;1;18:43:09;18:43:09;67389.0;1;8256.0;33:49:17;09:49:17;121757.0;2;62624.0;0.132;0.613;21.0;1.0;34.0;13.0;0.0
4604173_home;316159.1687000003;6401411.4671;4604173;21:33:08;21:33:08;77588.0;1;22:52:39;22:52:39;82359.0;1;4771.0;33:49:58;09:49:58;121798.0;2;44210.0;0.108;0.841;35.0;1.0;42.0;7.0;0.0
9556173_home;315372.21499999985;6393287.6687;9556173;16:19:12;16:19:12;58752.0;1;18:52:14;18:52:14;67934.0;1;9182.0;33:52:53;09:52:53;121973.0;2;63221.0;0.145;0.637;27.0;1.0;42.0;15.0;0.0
4598830_home;321517.8962000003;6400663.3961;4598830;20:16:11;20:16:11;72971.0;1;24:24:14;00:24:14;87854.0;2;14883.0;33:56:26;09:56:26;122186.0;2;49215.0;0.302;0.503;26.0;1.0;52.0;26.0;0.0
public_1475967709;328655.4902999997;6402748.832900001;2015782;11:49:38;11:49:38;42578.0;1;13:55:04;13:55:04;50104.0;1;7526.0;33:57:36;09:57:36;122256.0;2;79678.0;0.094;0.491;29.0;1.0;60.0;31.0;0.0
1983393_home;321350.85720000044;6400523.200999999;1983393;10:51:40;10:51:40;39100.0;1;13:43:34;13:43:34;49414.0;1;10314.0;33:58:56;09:58:56;122336.0;2;83236.0;0.124;0.714;43.0;1.0;60.0;17.0;0.0
7370049_home;320591.74909999967;6404037.073799999;7370049;16:19:17;16:19:17;58757.0;1;19:31:14;19:31:14;70274.0;1;11517.0;34:05:38;10:05:38;122738.0;2;63981.0;0.18;0.63;33.0;1.0;52.0;19.0;0.0
1968589_home;328237.07349999994;6398036.405300001;1968589;21:20:47;21:20:47;76847.0;1;25:34:19;01:34:19;92059.0;2;15212.0;34:06:24;10:06:24;122784.0;2;45937.0;0.331;0.491;26.0;1.0;52.0;26.0;0.0
1924025_home;323731.90020000003;6401066.988299999;1924025;20:17:01;20:17:01;73021.0;1;23:07:04;23:07:04;83224.0;1;10203.0;34:11:05;10:11:05;123065.0;2;50044.0;0.204;0.502;17.0;1.0;34.0;17.0;0.0
5915678_home;325568.4486999996;6393320.5677000005;5915678;22:35:30;22:35:30;81330.0;1;26:18:39;02:18:39;94719.0;2;13389.0;34:16:48;10:16:48;123408.0;2;42078.0;0.318;0.443;19.0;1.0;42.0;23.0;0.0
9420484_home;316659.4715;6390423.122099999;9420484;15:35:29;15:35:29;56129.0;1;19:19:29;19:19:29;69569.0;1;13440.0;34:17:31;10:17:31;123451.0;2;67322.0;0.2;0.558;29.0;1.0;52.0;23.0;0.0
public_1475954464;320820.48500000034;6398909.105699999;1981224;33:07:23;09:07:23;119243.0;2;33:31:29;09:31:29;120689.0;2;1446.0;34:18:50;10:18:50;123530.0;2;4287.0;0.337;0.987;41.0;1.0;42.0;1.0;0.0
public_1476290398;307573.4408999998;6403570.127900001;9416099;29:28:55;05:28:55;106135.0;2;31:15:54;07:15:54;112554.0;2;6419.0;34:18:54;10:18:54;123534.0;2;17399.0;0.369;0.379;16.0;1.0;42.0;26.0;0.0
7508921_home;316080.45749999955;6401983.1983;7508921;11:46:05;11:46:05;42365.0;1;14:56:59;14:56:59;53819.0;1;11454.0;34:22:05;10:22:05;123725.0;2;81360.0;0.141;0.532;22.0;1.0;42.0;20.0;0.0
public_1476094993;319738.0734000001;6399436.431700001;1936067;33:28:57;09:28:57;120537.0;2;34:25:05;10:25:05;123905.0;2;3368.0;34:25:05;10:25:05;123905.0;2;3368.0;1.0;0.522;22.0;0.967;41.0;19.0;0.0
public_1476227930;329095.6671000002;6395098.0901999995;4680502;33:56:43;09:56:43;122203.0;2;34:25:57;10:25:57;123957.0;2;1754.0;34:25:57;10:25:57;123957.0;2;1754.0;1.0;0.562;29.0;0.769;40.0;11.0;0.0
public_1476005260;324642.5215999996;6404837.954399999;4764447;22:32:12;22:32:12;81132.0;1;24:33:24;00:33:24;88404.0;2;7272.0;34:27:40;10:27:40;124060.0;2;42928.0;0.169;0.517;31.0;1.0;60.0;29.0;0.0
9460181_home;315126.8701999998;6403745.619999999;9460181;17:11:47;17:11:47;61907.0;1;20:46:14;20:46:14;74774.0;1;12867.0;34:29:26;10:29:26;124166.0;2;62259.0;0.207;0.691;52.0;1.0;75.0;23.0;0.0
public_1476421083;319453.5351;6400858.7137;7525984;33:24:41;09:24:41;120281.0;2;34:31:17;10:31:17;124277.0;2;3996.0;34:31:17;10:31:17;124277.0;2;3996.0;1.0;0.249;15.0;0.656;39.0;24.0;0.0
public_1475989714;320197.0164999999;6405049.835999999;1944127;33:06:05;09:06:05;119165.0;2;33:56:19;09:56:19;122179.0;2;3014.0;34:31:27;10:31:27;124287.0;2;5122.0;0.588;0.873;37.0;1.0;42.0;5.0;0.0
4643709_home;319372.3191999998;6399092.421700001;4643709;21:50:55;21:50:55;78655.0;1;24:28:49;00:28:49;88129.0;2;9474.0;34:32:34;10:32:34;124354.0;2;45699.0;0.207;0.544;18.0;1.0;34.0;16.0;0.0
public_1476234892;316311.18570000026;6395550.6993;1988145;32:05:02;08:05:02;115502.0;2;32:45:59;08:45:59;117959.0;2;2457.0;34:32:56;10:32:56;124376.0;2;8874.0;0.277;0.941;40.0;1.0;42.0;2.0;0.0
public_1476178133;320960.76659999974;6398034.9494;2098908;34:07:34;10:07:34;122854.0;2;34:39:44;10:39:44;124784.0;2;1930.0;34:39:44;10:39:44;124784.0;2;1930.0;1.0;0.4;14.0;0.747;25.0;12.0;0.0
9669919_work;312789.56819999963;6402809.819;9669919;30:23:23;06:23:23;109403.0;2;33:17:19;09:17:19;119839.0;2;10436.0;34:40:19;10:40:19;124819.0;2;15416.0;0.677;0.343;14.0;1.0;42.0;28.0;0.0
public_1476198808;320565.0893000001;6397119.848999999;7354504;20:49:43;20:49:43;74983.0;1;22:19:54;22:19:54;80394.0;1;5411.0;34:42:04;10:42:04;124924.0;2;49941.0;0.108;0.525;22.0;1.0;42.0;20.0;0.0
public_1476137267;328729.4315999998;6401953.777799999;7442665;32:50:14;08:50:14;118214.0;2;34:46:13;10:46:13;125173.0;2;6959.0;34:46:13;10:46:13;125173.0;2;6959.0;1.0;0.184;8.0;0.996;42.0;34.0;0.0
6047703_home;326654.9534;6395023.913699999;6047703;19:44:40;19:44:40;71080.0;1;24:46:49;00:46:49;89209.0;2;18129.0;34:48:14;10:48:14;125294.0;2;54214.0;0.334;0.461;28.0;1.0;60.0;32.0;0.0
4785915_home;316257.8339999998;6402058.8179;4785915;34:38:30;10:38:30;124710.0;2;35:02:03;11:02:03;126123.0;2;1413.0;35:02:03;11:02:03;126123.0;2;1413.0;1.0;0.323;14.0;0.39;16.0;3.0;0.0
public_1476421452;322454.14740000013;6401312.4966;7413614;34:26:40;10:26:40;124000.0;2;35:02:26;11:02:26;126146.0;2;2146.0;35:02:26;11:02:26;126146.0;2;2146.0;1.0;0.773;46.0;0.962;58.0;11.0;0.0
public_1476273837;308864.66139999963;6393841.6162;9458789;33:24:48;09:24:48;120288.0;2;34:16:19;10:16:19;123379.0;2;3091.0;35:02:59;11:02:59;126179.0;2;5891.0;0.525;0.857;29.0;1.0;34.0;5.0;0.0
4765809_home;318898.94299999997;6404206.2292;4765809;33:35:53;09:35:53;120953.0;2;34:57:24;10:57:24;125844.0;2;4891.0;35:03:22;11:03:22;126202.0;2;5249.0;0.932;0.898;67.0;1.0;75.0;8.0;0.0
7372730_home;312667.4645999996;6395154.857999999;7372730;15:47:27;15:47:27;56847.0;1;18:24:14;18:24:14;66254.0;1;9407.0;35:05:23;11:05:23;126323.0;2;69476.0;0.135;0.627;26.0;1.0;42.0;16.0;0.0
1875719_home;314189.2355000004;6392818.4287;1875719;33:28:51;09:28:51;120531.0;2;34:08:59;10:08:59;122939.0;2;2408.0;35:05:25;11:05:25;126325.0;2;5794.0;0.416;0.948;32.0;1.0;34.0;2.0;0.0
3255260_work;310843.84250000026;6400665.561000001;3255260;31:17:18;07:17:18;112638.0;2;32:47:29;08:47:29;118049.0;2;5411.0;35:09:08;11:09:08;126548.0;2;13910.0;0.389;0.676;23.0;1.0;34.0;11.0;0.0
public_1476375803;320010.1191999996;6396836.6919;2324411;31:40:29;07:40:29;114029.0;2;34:08:34;10:08:34;122914.0;2;8885.0;35:10:57;11:10:57;126657.0;2;12628.0;0.704;0.353;21.0;1.0;60.0;39.0;0.0
public_1476129795;317934.95749999955;6393020.070599999;5905004;33:52:02;09:52:02;121922.0;2;34:34:14;10:34:14;124454.0;2;2532.0;35:11:06;11:11:06;126666.0;2;4744.0;0.534;0.935;39.0;1.0;42.0;3.0;0.0
5933594_home;304251.7675999999;6400954.083000001;5933594;17:31:47;17:31:47;63107.0;1;21:39:19;21:39:19;77959.0;1;14852.0;35:15:28;11:15:28;126928.0;2;63821.0;0.233;0.375;16.0;1.0;42.0;26.0;0.0
public_1476160164;316329.15589999966;6398059.6876;9490619;34:14:59;10:14:59;123299.0;2;35:07:49;11:07:49;126469.0;2;3170.0;35:16:03;11:16:03;126963.0;2;3664.0;0.865;0.93;48.0;1.0;52.0;4.0;0.0
7415743_home;323822.33910000045;6401542.724300001;7415743;34:44:21;10:44:21;125061.0;2;35:16:39;11:16:39;126999.0;2;1938.0;35:16:39;11:16:39;126999.0;2;1938.0;1.0;0.701;42.0;0.763;46.0;4.0;0.0
public_1476304420;318816.81149999984;6399642.367000001;1996902;31:11:36;07:11:36;112296.0;2;32:14:09;08:14:09;116049.0;2;3753.0;35:16:51;11:16:51;127011.0;2;14715.0;0.255;0.766;32.0;1.0;42.0;10.0;0.0
2323062_home;307313.4354999997;6402406.363500001;2323062;12:59:28;12:59:28;46768.0;1;17:54:24;17:54:24;64464.0;1;17696.0;35:19:46;11:19:46;127186.0;2;80418.0;0.22;0.475;28.0;1.0;60.0;32.0;0.0
public_1476404680;314799.7916000001;6395311.110099999;5908289;33:00:20;09:00:20;118820.0;2;33:47:24;09:47:24;121644.0;2;2824.0;35:20:09;11:20:09;127209.0;2;8389.0;0.337;0.952;50.0;1.0;52.0;2.0;0.0
1884883_work;319980.7977999998;6401058.6425;1884883;32:37:08;08:37:08;117428.0;2;33:37:59;09:37:59;121079.0;2;3651.0;35:22:17;11:22:17;127337.0;2;9909.0;0.368;0.811;28.0;1.0;34.0;6.0;0.0
1869969_home;315989.48419999983;6399634.9048999995;1869969;22:00:36;22:00:36;79236.0;1;24:58:04;00:58:04;89884.0;2;10648.0;35:25:40;11:25:40;127540.0;2;48304.0;0.22;0.57;24.0;1.0;42.0;18.0;0.0
9674519_home;317340.4495000001;6406487.554;9674519;17:00:11;17:00:11;61211.0;1;18:31:29;18:31:29;66689.0;1;5478.0;35:25:49;11:25:49;127549.0;2;66338.0;0.083;0.772;26.0;1.0;34.0;8.0;0.0
7419900_home;317045.8831000002;6404888.144099999;7419900;34:11:26;10:11:26;123086.0;2;35:27:15;11:27:15;127635.0;2;4549.0;35:27:15;11:27:15;127635.0;2;4549.0;1.0;0.523;22.0;0.739;31.0;9.0;0.0
public_1476129700;315136.35780000035;6403347.9793;9460311;34:49:22;10:49:22;125362.0;2;35:27:16;11:27:16;127636.0;2;2274.0;35:27:16;11:27:16;127636.0;2;2274.0;1.0;0.599;45.0;0.786;59.0;14.0;0.0
public_1476374593;322402.1481999997;6406517.1359;2321646;30:32:40;06:32:40;109960.0;2;32:06:59;08:06:59;115619.0;2;5659.0;35:29:33;11:29:33;127773.0;2;17813.0;0.318;0.396;13.0;1.0;34.0;21.0;0.0
5908847_home;317089.2821000004;6400884.718599999;5908847;19:42:51;19:42:51;70971.0;1;22:16:14;22:16:14;80174.0;1;9203.0;35:30:14;11:30:14;127814.0;2;56843.0;0.162;0.559;19.0;1.0;34.0;15.0;0.0
7379543_home;309084.5641000001;6403583.2574000005;7379543;14:56:22;14:56:22;53782.0;1;17:28:39;17:28:39;62919.0;1;9137.0;35:30:48;11:30:48;127848.0;2;74066.0;0.123;0.563;19.0;1.0;34.0;15.0;0.0
7489232_home;317064.1326000001;6401177.7008;7489232;17:53:37;17:53:37;64417.0;1;19:54:14;19:54:14;71654.0;1;7237.0;35:31:40;11:31:40;127900.0;2;63483.0;0.114;0.727;31.0;1.0;42.0;11.0;0.0
2017337_home;329971.77359999996;6398967.0319;2017337;12:57:14;12:57:14;46634.0;1;15:49:54;15:49:54;56994.0;1;10360.0;35:31:41;11:31:41;127901.0;2;81267.0;0.127;0.493;17.0;1.0;34.0;17.0;0.0
5904517_home;317834.3541000001;6391485.3137;5904517;14:54:26;14:54:26;53666.0;1;19:22:54;19:22:54;69774.0;1;16108.0;35:31:51;11:31:51;127911.0;2;74245.0;0.217;0.458;24.0;1.0;52.0;28.0;0.0
public_1476358537;321972.7374;6402999.425799999;9396074;34:21:37;10:21:37;123697.0;2;35:36:40;11:36:40;128200.0;2;4503.0;35:36:40;11:36:40;128200.0;2;4503.0;1.0;0.527;32.0;0.962;58.0;26.0;0.0
2125107_home;331711.7012;6391773.2223000005;2125107;14:34:30;14:34:30;52470.0;1;19:43:39;19:43:39;71019.0;1;18549.0;35:36:54;11:36:54;128214.0;2;75744.0;0.245;0.544;41.0;1.0;75.0;34.0;0.0
public_1476422810;319626.9243999999;6402880.804300001;2015782;35:15:24;11:15:24;126924.0;2;35:37:39;11:37:39;128259.0;2;1335.0;35:37:39;11:37:39;128259.0;2;1335.0;1.0;0.88;53.0;0.971;58.0;5.0;0.0
1928782_home;321367.82210000046;6410083.285;1928782;13:04:18;13:04:18;47058.0;1;16:24:39;16:24:39;59079.0;1;12021.0;35:39:10;11:39:10;128350.0;2;81292.0;0.148;0.611;32.0;1.0;52.0;20.0;0.0
public_1476298289;319003.1489000004;6400265.2392;5893756;32:29:47;08:29:47;116987.0;2;33:10:49;09:10:49;119449.0;2;2462.0;35:39:19;11:39:19;128359.0;2;11372.0;0.216;0.941;32.0;1.0;34.0;2.0;0.0
public_1476008265;316858.7589999996;6397194.955700001;3262427;32:37:58;08:37:58;117478.0;2;33:35:19;09:35:19;120919.0;2;3441.0;35:45:49;11:45:49;128749.0;2;11271.0;0.305;0.811;34.0;1.0;42.0;8.0;0.0
public_1476127570;318225.9935999997;6399292.052100001;5464740;35:17:15;11:17:15;127035.0;2;35:50:22;11:50:22;129022.0;2;1987.0;35:50:22;11:50:22;129022.0;2;1987.0;1.0;0.633;33.0;0.866;45.0;12.0;0.0
7495572_home;324270.76180000044;6395263.6877;7495572;35:41:14;11:41:14;128474.0;2;35:51:35;11:51:35;129095.0;2;621.0;35:51:35;11:51:35;129095.0;2;621.0;1.0;0.94;39.0;0.969;41.0;1.0;0.0
7462778_home;316269.35250000004;6399755.043299999;7462778;21:59:15;21:59:15;79155.0;1;24:18:34;00:18:34;87514.0;2;8359.0;35:54:45;11:54:45;129285.0;2;50130.0;0.167;0.676;28.0;1.0;42.0;14.0;0.0
public_1476103257;328237.3701999998;6394044.647500001;2125107;35:43:59;11:43:59;128639.0;2;35:56:52;11:56:52;129412.0;2;773.0;35:56:52;11:56:52;129412.0;2;773.0;1.0;0.984;74.0;0.996;75.0;1.0;0.0
public_1476355162;320332.9748999998;6404429.1285999995;4703597;35:44:09;11:44:09;128649.0;2;35:57:37;11:57:37;129457.0;2;808.0;35:57:37;11:57:37;129457.0;2;808.0;1.0;0.737;25.0;0.882;30.0;5.0;0.0
4660405_home;317117.0884999996;6393018.649900001;4660405;17:06:55;17:06:55;61615.0;1;21:50:59;21:50:59;78659.0;1;17044.0;35:58:32;11:58:32;129512.0;2;67897.0;0.251;0.496;30.0;1.0;60.0;30.0;0.0
public_1476109719;319587.52699999977;6398360.055;1968395;34:49:52;10:49:52;125392.0;2;36:00:17;12:00:17;129617.0;2;4225.0;36:00:17;12:00:17;129617.0;2;4225.0;1.0;0.456;27.0;0.891;53.0;26.0;0.0
1996777_work;316061.48149999976;6399542.5995000005;1996777;31:47:05;07:47:05;114425.0;2;32:30:44;08:30:44;117044.0;2;2619.0;36:03:16;12:03:16;129796.0;2;15371.0;0.17;0.962;50.0;1.0;52.0;2.0;0.0
2128223_home;327060.7882000003;6393736.3018;2128223;22:43:54;22:43:54;81834.0;1;26:08:24;02:08:24;94104.0;2;12270.0;36:03:23;12:03:23;129803.0;2;47969.0;0.256;0.65;39.0;1.0;60.0;21.0;0.0
7369383_home;321289.96669999976;6410212.843;7369383;34:26:31;10:26:31;123991.0;2;36:11:06;12:11:06;130266.0;2;6275.0;36:11:06;12:11:06;130266.0;2;6275.0;1.0;0.608;46.0;0.776;58.0;13.0;0.0
7354267_home;318174.07320000045;6398492.917300001;7354267;16:09:43;16:09:43;58183.0;1;18:58:14;18:58:14;68294.0;1;10111.0;36:11:50;12:11:50;130310.0;2;72127.0;0.14;0.594;25.0;1.0;42.0;17.0;0.0
1968395_home;327823.40699999966;6397563.186899999;1968395;36:13:09;12:13:09;130389.0;2;36:13:56;12:13:56;130436.0;2;47.0;36:13:56;12:13:56;130436.0;2;47.0;1.0;0.854;51.0;0.856;51.0;0.0;0.0
public_1476339058;315557.1556000002;6400697.361099999;2323688;33:59:08;09:59:08;122348.0;2;34:39:29;10:39:29;124769.0;2;2421.0;36:15:23;12:15:23;130523.0;2;8175.0;0.296;0.944;40.0;1.0;42.0;2.0;0.0
public_1476149896;315402.4561999999;6396558.679;1872483;36:02:24;12:02:24;129744.0;2;36:15:28;12:15:28;130528.0;2;784.0;36:15:28;12:15:28;130528.0;2;784.0;1.0;0.688;41.0;0.768;46.0;5.0;0.0
public_1476427389;322343.7917999998;6410097.684699999;7518323;36:07:08;12:07:08;130028.0;2;36:21:27;12:21:27;130887.0;2;859.0;36:21:27;12:21:27;130887.0;2;859.0;1.0;0.914;69.0;0.973;73.0;4.0;0.0
7359352_home;320385.3054999998;6399032.320900001;7359352;34:57:08;10:57:08;125828.0;2;36:03:49;12:03:49;129829.0;2;4001.0;36:26:44;12:26:44;131204.0;2;5376.0;0.744;0.856;29.0;1.0;34.0;5.0;0.0
public_1476272518;323407.45330000017;6411357.800899999;2947304;35:28:53;11:28:53;127733.0;2;36:30:10;12:30:10;131410.0;2;3677.0;36:30:10;12:30:10;131410.0;2;3677.0;1.0;0.593;36.0;0.953;57.0;22.0;0.0
4924686_home;320713.6864;6409908.0079;4924686;13:37:14;13:37:14;49034.0;1;17:08:49;17:08:49;61729.0;1;12695.0;36:30:25;12:30:25;131425.0;2;82391.0;0.154;0.475;20.0;1.0;42.0;22.0;0.0
1937617_home;314846.68379999977;6391569.770400001;1937617;35:55:18;11:55:18;129318.0;2;36:38:33;12:38:33;131913.0;2;2595.0;36:38:33;12:38:33;131913.0;2;2595.0;1.0;0.841;44.0;0.941;49.0;5.0;0.0
public_1476345848;322376.5630999999;6400563.159399999;9545323;35:53:58;11:53:58;129238.0;2;36:40:17;12:40:17;132017.0;2;2779.0;36:40:17;12:40:17;132017.0;2;2779.0;1.0;0.405;14.0;0.901;31.0;17.0;0.0
2207532_home;320557.2982999999;6395328.108899999;2207532;15:31:35;15:31:35;55895.0;1;18:25:14;18:25:14;66314.0;1;10419.0;36:41:22;12:41:22;132082.0;2;76187.0;0.137;0.49;17.0;1.0;34.0;17.0;0.0
public_1476115366;321323.40270000044;6397432.778100001;8253805;14:54:25;14:54:25;53665.0;1;16:00:59;16:00:59;57659.0;1;3994.0;36:50:20;12:50:20;132620.0;2;78955.0;0.051;0.636;22.0;1.0;34.0;12.0;0.0
public_1476315340;319565.24789999984;6398907.1744;7320517;35:52:18;11:52:18;129138.0;2;36:50:35;12:50:35;132635.0;2;3497.0;36:50:35;12:50:35;132635.0;2;3497.0;1.0;0.404;14.0;0.964;33.0;19.0;0.0
1944127_home;311298.59080000035;6404614.8376;1944127;34:49:15;10:49:15;125355.0;2;35:40:49;11:40:49;128449.0;2;3094.0;36:50:37;12:50:37;132637.0;2;7282.0;0.425;0.919;39.0;1.0;42.0;3.0;0.0
9431588_home;325670.26719999965;6401949.025599999;9431588;25:06:55;01:06:55;90415.0;2;27:59:59;03:59:59;100799.0;2;10384.0;36:52:53;12:52:53;132773.0;2;42358.0;0.245;0.492;17.0;1.0;34.0;17.0;0.0
9543495_home;322642.1906000003;6406953.554199999;9543495;23:45:31;23:45:31;85531.0;1;26:44:19;02:44:19;96259.0;2;10728.0;36:56:42;12:56:42;133002.0;2;47471.0;0.226;0.659;34.0;1.0;52.0;18.0;0.0
1941613_work;313186.7923999997;6402890.6165;1941613;32:34:54;08:34:54;117294.0;2;33:38:09;09:38:09;121089.0;2;3795.0;36:58:14;12:58:14;133094.0;2;15800.0;0.24;0.896;47.0;1.0;52.0;5.0;0.0
7358660_home;318772.68200000003;6399748.147600001;7358660;17:57:08;17:57:08;64628.0;1;19:53:34;19:53:34;71614.0;1;6986.0;36:58:18;12:58:18;133098.0;2;68470.0;0.102;0.739;31.0;1.0;42.0;11.0;0.0
public_1475983670;318252.84130000044;6401341.805400001;5933459;36:08:38;12:08:38;130118.0;2;36:59:23;12:59:23;133163.0;2;3045.0;36:59:23;12:59:23;133163.0;2;3045.0;1.0;0.362;27.0;0.61;46.0;19.0;0.0
9418222_home;317046.1875;6396439.0076;9418222;36:01:11;12:01:11;129671.0;2;36:54:49;12:54:49;132889.0;2;3218.0;37:00:45;13:00:45;133245.0;2;3574.0;0.9;0.94;49.0;1.0;52.0;3.0;0.0
5589449_home;308092.21970000025;6400999.085899999;5589449;18:11:58;18:11:58;65518.0;1;21:37:14;21:37:14;77834.0;1;12316.0;37:06:13;13:06:13;133573.0;2;68055.0;0.181;0.488;21.0;1.0;42.0;21.0;0.0
public_1476044137;312573.27190000005;6394153.5075;5923425;32:06:13;08:06:13;115573.0;2;32:50:39;08:50:39;118239.0;2;2666.0;37:08:57;13:08:57;133737.0;2;18164.0;0.147;0.921;39.0;1.0;42.0;3.0;0.0
public_1475983670;318252.84130000044;6401341.805400001;2067447;36:31:55;12:31:55;131515.0;2;37:10:13;13:10:13;133813.0;2;2298.0;37:10:13;13:10:13;133813.0;2;2298.0;1.0;0.734;44.0;0.951;57.0;13.0;0.0
public_1476209373;315661.1721000001;6394067.498199999;9491183;35:54:47;11:54:47;129287.0;2;36:33:59;12:33:59;131639.0;2;2352.0;37:10:28;13:10:28;133828.0;2;4541.0;0.518;0.95;40.0;1.0;42.0;2.0;0.0
public_1476046462;315927.9773000004;6401422.25;7508758;36:20:19;12:20:19;130819.0;2;37:12:29;13:12:29;133949.0;2;3130.0;37:12:33;13:12:33;133953.0;2;3134.0;0.999;0.784;27.0;1.0;34.0;7.0;0.0
public_1476313852;316616.84300000034;6398594.777000001;1877251;33:04:18;09:04:18;119058.0;2;33:44:49;09:44:49;121489.0;2;2431.0;37:14:29;13:14:29;134069.0;2;15011.0;0.162;0.943;32.0;1.0;34.0;2.0;0.0
1939420_home;317255.6564999996;6393171.7325;1939420;14:15:39;14:15:39;51339.0;1;16:20:39;16:20:39;58839.0;1;7500.0;37:14:32;13:14:32;134072.0;2;82733.0;0.091;0.656;22.0;1.0;34.0;12.0;0.0
4857149_home;330254.95600000024;6390511.383199999;4857149;15:05:19;15:05:19;54319.0;1;18:17:59;18:17:59;65879.0;1;11560.0;37:17:34;13:17:34;134254.0;2;79935.0;0.145;0.628;33.0;1.0;52.0;19.0;0.0
public_1476276241;318072.1688000001;6398328.3006;4701806;35:58:42;11:58:42;129522.0;2;37:21:05;13:21:05;134465.0;2;4943.0;37:21:05;13:21:05;134465.0;2;4943.0;1.0;0.384;20.0;0.945;49.0;29.0;0.0
public_1476072704;319365.0099999998;6399863.1022;7420298;35:28:33;11:28:33;127713.0;2;37:18:09;13:18:09;134289.0;2;6576.0;37:26:14;13:26:14;134774.0;2;7061.0;0.931;0.355;15.0;1.0;42.0;27.0;0.0
public_1476123838;327332.58469999954;6392511.0307;4803742;36:17:05;12:17:05;130625.0;2;37:14:49;13:14:49;134089.0;2;3464.0;37:28:33;13:28:33;134913.0;2;4288.0;0.808;0.79;27.0;1.0;34.0;7.0;0.0
2017664_home;329970.9634999996;6400196.2904;2017664;15:12:59;15:12:59;54779.0;1;19:50:49;19:50:49;71449.0;1;16670.0;37:29:30;13:29:30;134970.0;2;80191.0;0.208;0.496;30.0;1.0;60.0;30.0;0.0
7316844_home;315295.5588999996;6400621.794600001;7316844;35:18:55;11:18:55;127135.0;2;36:14:34;12:14:34;130474.0;2;3339.0;37:31:37;13:31:37;135097.0;2;7962.0;0.419;0.894;30.0;1.0;34.0;4.0;0.0
public_1476336585;314904.8547;6404755.1919;7618090;35:22:18;11:22:18;127338.0;2;37:28:54;13:28:54;134934.0;2;7596.0;37:34:20;13:34:20;135260.0;2;7922.0;0.959;0.522;39.0;1.0;75.0;36.0;0.0
3040828_home;323785.9009999996;6407582.0647;3040828;35:46:25;11:46:25;128785.0;2;37:34:43;13:34:43;135283.0;2;6498.0;37:34:43;13:34:43;135283.0;2;6498.0;1.0;0.684;29.0;0.987;41.0;13.0;0.0
public_1476046129;329735.4332999997;6390688.6131;1967726;36:44:14;12:44:14;132254.0;2;37:38:37;13:38:37;135517.0;2;3263.0;37:38:37;13:38:37;135517.0;2;3263.0;1.0;0.008;0.0;0.488;21.0;20.0;0.0
public_1476292090;322771.63599999994;6392791.2545;7326174;36:45:44;12:45:44;132344.0;2;37:39:03;13:39:03;135543.0;2;3199.0;37:39:03;13:39:03;135543.0;2;3199.0;1.0;0.719;54.0;0.97;73.0;19.0;0.0
9409993_home;325055.5535000004;6403640.1895;9409993;35:49:06;11:49:06;128946.0;2;37:41:12;13:41:12;135672.0;2;6726.0;37:41:12;13:41:12;135672.0;2;6726.0;1.0;0.56;19.0;0.945;32.0;13.0;0.0
1945320_work;317406.0281999996;6393257.050100001;1945320;32:05:52;08:05:52;115552.0;2;32:53:49;08:53:49;118429.0;2;2877.0;37:44:26;13:44:26;135866.0;2;20314.0;0.142;0.934;70.0;1.0;75.0;5.0;0.0
9543495_home;322642.1906000003;6406953.554199999;9543495;37:31:23;13:31:23;135083.0;2;37:46:55;13:46:55;136015.0;2;932.0;37:46:55;13:46:55;136015.0;2;932.0;1.0;0.924;48.0;0.96;50.0;2.0;0.0
public_1476112735;321146.03199999966;6400907.6788;7308741;37:48:01;13:48:01;136081.0;2;37:49:02;13:49:02;136142.0;2;61.0;37:49:02;13:49:02;136142.0;2;61.0;1.0;0.8;42.0;0.807;42.0;0.0;0.0
public_1476197380;321710.2089999998;6400207.8992;5886291;37:46:18;13:46:18;135978.0;2;37:49:32;13:49:32;136172.0;2;194.0;37:49:32;13:49:32;136172.0;2;194.0;1.0;0.669;28.0;0.697;29.0;1.0;0.0
9542522_home;316795.9687000001;6392612.4684999995;9542522;33:37:13;09:37:13;121033.0;2;37:47:59;13:47:59;136079.0;2;15046.0;37:51:31;13:51:31;136291.0;2;15258.0;0.986;0.498;26.0;1.0;52.0;26.0;0.0
public_1475958761;316521.9101;6399959.2237;7316844;37:35:41;13:35:41;135341.0;2;37:54:25;13:54:25;136465.0;2;1124.0;37:54:25;13:54:25;136465.0;2;1124.0;1.0;0.986;34.0;0.999;34.0;0.0;0.0
7302393_home;320230.21910000034;6397177.5864;7302393;36:17:30;12:17:30;130650.0;2;37:54:45;13:54:45;136485.0;2;5835.0;37:54:45;13:54:45;136485.0;2;5835.0;1.0;0.747;45.0;0.942;57.0;12.0;0.0
public_1476226510;316601.18840000033;6392231.5222;3040240;31:06:11;07:06:11;111971.0;2;31:48:09;07:48:09;114489.0;2;2518.0;37:56:02;13:56:02;136562.0;2;24591.0;0.102;0.936;70.0;1.0;75.0;5.0;0.0
2326399_home;310900.6763000004;6406542.789100001;2326399;36:18:28;12:18:28;130708.0;2;37:58:43;13:58:43;136723.0;2;6015.0;37:58:43;13:58:43;136723.0;2;6015.0;1.0;0.536;23.0;0.815;34.0;12.0;0.0
public_1476137984;316395.3372999998;6410870.0965;5591830;17:01:20;17:01:20;61280.0;1;18:28:14;18:28:14;66494.0;1;5214.0;37:59:15;13:59:15;136755.0;2;75475.0;0.069;0.476;16.0;1.0;34.0;18.0;0.0
5933459_home;306873.1310999999;6402910.4475;5933459;37:14:14;13:14:14;134054.0;2;38:02:51;14:02:51;136971.0;2;2917.0;38:02:51;14:02:51;136971.0;2;2917.0;1.0;0.572;43.0;0.648;49.0;6.0;0.0
public_1476405782;319102.44689999986;6403667.3477;1929172;37:58:24;13:58:24;136704.0;2;38:03:49;14:03:49;137029.0;2;325.0;38:03:49;14:03:49;137029.0;2;325.0;1.0;0.672;35.0;0.71;37.0;2.0;0.0
public_1476424204;318784.03220000025;6398588.606000001;4765107;37:13:27;13:13:27;134007.0;2;38:07:25;14:07:25;137245.0;2;3238.0;38:07:25;14:07:25;137245.0;2;3238.0;1.0;0.394;17.0;0.865;36.0;20.0;0.0
5879289_home;320974.0508000003;6409157.9091;5879289;19:16:59;19:16:59;69419.0;1;21:40:29;21:40:29;78029.0;1;8610.0;38:09:00;14:09:00;137340.0;2;67921.0;0.127;0.593;20.0;1.0;34.0;14.0;0.0
9673010_home;331229.1032999996;6409657.1351;9673010;16:02:58;16:02:58;57778.0;1;18:48:59;18:48:59;67739.0;1;9961.0;38:12:34;14:12:34;137554.0;2;79776.0;0.125;0.497;17.0;1.0;34.0;17.0;0.0
public_1476298289;319003.1489000004;6400265.2392;1942999;37:32:55;13:32:55;135175.0;2;38:15:56;14:15:56;137756.0;2;2581.0;38:15:56;14:15:56;137756.0;2;2581.0;1.0;0.445;19.0;0.821;34.0;16.0;0.0
1925924_work;319154.3713999996;6399324.085000001;1925924;30:29:47;06:29:47;109787.0;2;31:12:59;07:12:59;112379.0;2;2592.0;38:16:12;14:16:12;137772.0;2;27985.0;0.093;0.963;50.0;1.0;52.0;2.0;0.0
public_1475954259;315561.4790000003;6398226.348099999;7316844;38:01:52;14:01:52;136912.0;2;38:17:13;14:17:13;137833.0;2;921.0;38:17:13;14:17:13;137833.0;2;921.0;1.0;0.97;33.0;0.993;34.0;1.0;0.0
7325876_home;320954.32320000045;6394831.3171999995;7325876;17:24:45;17:24:45;62685.0;1;20:19:24;20:19:24;73164.0;1;10479.0;38:22:46;14:22:46;138166.0;2;75481.0;0.139;0.753;57.0;1.0;75.0;18.0;0.0
public_1476137240;315681.9249999998;6394704.2465;9512435;36:23:01;12:23:01;130981.0;2;37:15:09;13:15:09;134109.0;2;3128.0;38:29:18;14:29:18;138558.0;2;7577.0;0.413;0.857;36.0;1.0;42.0;6.0;0.0
2334915_home;316589.86089999974;6405562.8543;2334915;37:38:31;13:38:31;135511.0;2;38:31:35;14:31:35;138695.0;2;3184.0;38:31:35;14:31:35;138695.0;2;3184.0;1.0;0.417;31.0;0.5;37.0;6.0;0.0
public_1476264978;312993.53920000046;6403296.6105;1944127;36:58:13;12:58:13;133093.0;2;37:30:39;13:30:39;135039.0;2;1946.0;38:34:28;14:34:28;138868.0;2;5775.0;0.337;0.972;41.0;1.0;42.0;1.0;0.0
public_1476242676;317178.8826000001;6399359.473099999;4920357;37:25:10;13:25:10;134710.0;2;38:20:09;14:20:09;138009.0;2;3299.0;38:35:05;14:35:05;138905.0;2;4195.0;0.786;0.82;28.0;1.0;34.0;6.0;0.0
9452178_work;324282.7597000003;6403427.349099999;9452178;31:31:08;07:31:08;113468.0;2;34:10:44;10:10:44;123044.0;2;9576.0;38:36:52;14:36:52;139012.0;2;25544.0;0.375;0.556;29.0;1.0;52.0;23.0;0.0
public_1475997659;320853.3044999996;6399715.852;7359352;37:38:10;13:38:10;135490.0;2;37:38:14;13:38:14;135494.0;2;4.0;38:40:06;14:40:06;139206.0;2;3716.0;0.001;1.0;34.0;1.0;34.0;0.0;147.758
9539278_home;319934.9610000001;6403425.364800001;9539278;16:54:28;16:54:28;60868.0;1;19:04:59;19:04:59;68699.0;1;7831.0;38:42:35;14:42:35;139355.0;2;78487.0;0.1;0.637;22.0;1.0;34.0;12.0;0.0
public_1476313852;316616.84300000034;6398594.777000001;5904517;38:21:07;14:21:07;138067.0;2;38:44:42;14:44:42;139482.0;2;1415.0;38:44:42;14:44:42;139482.0;2;1415.0;1.0;0.875;45.0;0.973;51.0;5.0;0.0
public_1476204089;312496.6704000002;6408352.203299999;2327190;38:21:11;14:21:11;138071.0;2;38:46:34;14:46:34;139594.0;2;1523.0;38:46:34;14:46:34;139594.0;2;1523.0;1.0;0.859;29.0;0.985;33.0;4.0;0.0
public_1476285041;325208.2101999996;6403536.8158;3039696;36:05:00;12:05:00;129900.0;2;36:51:39;12:51:39;132699.0;2;2799.0;38:49:13;14:49:13;139753.0;2;9853.0;0.284;0.954;50.0;1.0;52.0;2.0;0.0
public_1476025321;313561.93879999965;6395976.5504;2017664;37:52:19;13:52:19;136339.0;2;38:39:19;14:39:19;139159.0;2;2820.0;38:49:32;14:49:32;139772.0;2;3433.0;0.821;0.935;56.0;1.0;60.0;4.0;0.0
4781190_work;320005.2775999997;6401862.023800001;4781190;38:28:55;14:28:55;138535.0;2;38:54:58;14:54:58;140098.0;2;1563.0;38:54:58;14:54:58;140098.0;2;1563.0;1.0;0.881;53.0;0.96;58.0;5.0;0.0
4760278_work;321831.66420000046;6392414.367900001;4760278;29:58:21;05:58:21;107901.0;2;30:40:49;06:40:49;110449.0;2;2548.0;38:56:35;14:56:35;140195.0;2;32294.0;0.079;0.935;39.0;1.0;42.0;3.0;0.0
7376042_home;316525.6785000004;6393796.764900001;7376042;17:54:38;17:54:38;64478.0;1;20:53:24;20:53:24;75204.0;1;10726.0;39:00:51;15:00:51;140451.0;2;75973.0;0.141;0.566;24.0;1.0;42.0;18.0;0.0
9491183_home;314538.44299999997;6394346.082599999;9491183;37:14:21;13:14:21;134061.0;2;37:39:39;13:39:39;135579.0;2;1518.0;39:01:09;15:01:09;140469.0;2;6408.0;0.237;0.985;41.0;1.0;42.0;1.0;0.0
public_1475965480;315236.7589999996;6399670.434;7620113;38:06:15;14:06:15;137175.0;2;39:02:11;15:02:11;140531.0;2;3356.0;39:02:11;15:02:11;140531.0;2;3356.0;1.0;0.38;23.0;0.722;43.0;21.0;0.0
1996282_home;315916.801;6394378.386499999;1996282;38:31:52;14:31:52;138712.0;2;39:02:29;15:02:29;140549.0;2;1837.0;39:02:29;15:02:29;140549.0;2;1837.0;1.0;0.549;29.0;0.618;32.0;4.0;0.0
public_1476328953;328965.8503999999;6394062.455600001;4600925;31:44:18;07:44:18;114258.0;2;32:31:19;08:31:19;117079.0;2;2821.0;39:13:35;15:13:35;141215.0;2;26957.0;0.105;0.879;37.0;1.0;42.0;5.0;0.0
2327157_home;311162.21499999985;6406476.887800001;2327157;38:04:28;14:04:28;137068.0;2;39:14:35;15:14:35;141275.0;2;4207.0;39:14:35;15:14:35;141275.0;2;4207.0;1.0;0.704;30.0;0.899;38.0;8.0;0.0
1966715_work;320816.2076000003;6399870.731799999;1966715;30:13:52;06:13:52;108832.0;2;31:12:09;07:12:09;112329.0;2;3497.0;39:15:55;15:15:55;141355.0;2;32523.0;0.108;0.866;36.0;1.0;42.0;6.0;0.0
4922457_work;314489.9194;6400962.8781;4922457;31:17:37;07:17:37;112657.0;2;33:34:24;09:34:24;120864.0;2;8207.0;39:18:05;15:18:05;141485.0;2;28828.0;0.285;0.524;22.0;1.0;42.0;20.0;0.0
public_1476200118;318391.83079999965;6393642.9618999995;4764447;34:47:36;10:47:36;125256.0;2;35:37:24;11:37:24;128244.0;2;2988.0;39:24:53;15:24:53;141893.0;2;16637.0;0.18;0.943;57.0;1.0;60.0;3.0;0.0
9492099_home;315868.3102000002;6396358.6022;9492099;19:43:39;19:43:39;71019.0;1;21:58:59;21:58:59;79139.0;1;8120.0;39:25:38;15:25:38;141938.0;2;70919.0;0.114;0.619;21.0;1.0;34.0;13.0;0.0
public_1476151080;316591.76549999975;6405543.7607;4652995;38:10:10;14:10:10;137410.0;2;38:58:24;14:58:24;140304.0;2;2894.0;39:31:29;15:31:29;142289.0;2;4879.0;0.593;0.892;37.0;1.0;42.0;5.0;0.0
1968103_home;326779.6174999997;6397245.079700001;1968103;38:49:39;14:49:39;139779.0;2;39:32:52;15:32:52;142372.0;2;2593.0;39:32:52;15:32:52;142372.0;2;2593.0;1.0;0.346;18.0;0.443;23.0;5.0;0.0
2335840_work;316694.30879999977;6401442.8862;2335840;31:10:32;07:10:32;112232.0;2;31:45:54;07:45:54;114354.0;2;2122.0;39:33:40;15:33:40;142420.0;2;30188.0;0.07;0.964;40.0;1.0;42.0;2.0;0.0
public_1476218260;323345.7089999998;6394566.0623;4709255;39:06:29;15:06:29;140789.0;2;39:36:30;15:36:30;142590.0;2;1801.0;39:36:30;15:36:30;142590.0;2;1801.0;1.0;0.61;37.0;0.795;48.0;11.0;0.0
4663510_work;322095.4411000004;6395630.6055;4663510;31:10:15;07:10:15;112215.0;2;33:12:34;09:12:34;119554.0;2;7339.0;39:38:36;15:38:36;142716.0;2;30501.0;0.241;0.503;17.0;1.0;34.0;17.0;0.0
2077613_work;318013.9057;6392029.283;2077613;31:22:41;07:22:41;112961.0;2;33:59:59;09:59:59;122399.0;2;9438.0;39:39:01;15:39:01;142741.0;2;29780.0;0.317;0.434;18.0;1.0;42.0;24.0;0.0
public_1476204834;325429.3375000004;6410138.488500001;2099138;37:38:58;13:38:58;135538.0;2;39:20:29;15:20:29;141629.0;2;6091.0;39:41:28;15:41:28;142888.0;2;7350.0;0.829;0.645;48.0;1.0;75.0;27.0;0.0
public_1476019114;320727.63320000004;6405340.1182;5879289;38:14:11;14:14:11;137651.0;2;38:47:24;14:47:24;139644.0;2;1993.0;39:45:37;15:45:37;143137.0;2;5486.0;0.363;0.97;33.0;1.0;34.0;1.0;0.0
1897561_work;317957.74010000005;6399221.6548999995;1897561;30:57:11;06:57:11;111431.0;2;33:54:19;09:54:19;122059.0;2;10628.0;39:48:34;15:48:34;143314.0;2;31883.0;0.333;0.555;33.0;1.0;60.0;27.0;0.0
4575456_home;329490.0011999998;6393422.0393;4575456;39:46:28;15:46:28;143188.0;2;39:52:03;15:52:03;143523.0;2;335.0;39:52:03;15:52:03;143523.0;2;335.0;1.0;0.666;40.0;0.677;41.0;1.0;0.0
7457316_work;321674.37770000007;6405104.304300001;7457316;30:42:03;06:42:03;110523.0;2;32:50:34;08:50:34;118234.0;2;7711.0;39:54:37;15:54:37;143677.0;2;33154.0;0.233;0.449;15.0;1.0;34.0;19.0;0.0
public_1476186294;318281.0625;6406767.736500001;1967295;30:31:50;06:31:50;109910.0;2;31:17:34;07:17:34;112654.0;2;2744.0;39:55:12;15:55:12;143712.0;2;33802.0;0.081;0.912;31.0;1.0;34.0;3.0;0.0
7358855_home;320239.8976999996;6399686.457;7358855;38:51:29;14:51:29;139889.0;2;39:55:52;15:55:52;143752.0;2;3863.0;39:55:52;15:55:52;143752.0;2;3863.0;1.0;0.625;26.0;0.809;34.0;8.0;0.0
public_1475989714;320197.0164999999;6405049.835999999;1862586;31:21:35;07:21:35;112895.0;2;32:00:39;08:00:39;115239.0;2;2344.0;40:00:26;16:00:26;144026.0;2;31131.0;0.075;0.95;40.0;1.0;42.0;2.0;0.0
5411211_home;324758.08579999954;6405365.0977;5411211;17:17:11;17:17:11;62231.0;1;19:45:44;19:45:44;71144.0;1;8913.0;40:04:14;16:04:14;144254.0;2;82023.0;0.109;0.564;19.0;1.0;34.0;15.0;0.0
9668329_work;307504.2846999997;6402515.4409;9668329;31:50:11;07:50:11;114611.0;2;32:39:44;08:39:44;117584.0;2;2973.0;40:04:18;16:04:18;144258.0;2;29647.0;0.1;0.895;30.0;1.0;34.0;4.0;0.0
public_1476119859;318664.15249999985;6408126.0218;2016078;38:54:17;14:54:17;140057.0;2;40:07:00;16:07:00;144420.0;2;4363.0;40:07:00;16:07:00;144420.0;2;4363.0;1.0;0.514;39.0;0.869;65.0;27.0;0.0
public_1475992444;314824.6895000003;6402583.526799999;7358660;40:00:53;16:00:53;144053.0;2;40:09:05;16:09:05;144545.0;2;492.0;40:09:05;16:09:05;144545.0;2;492.0;1.0;0.761;32.0;0.833;35.0;3.0;0.0
public_1476127440;325701.6523000002;6405574.623299999;1943660;31:11:30;07:11:30;112290.0;2;32:08:14;08:08:14;115694.0;2;3404.0;40:10:21;16:10:21;144621.0;2;32331.0;0.105;0.911;47.0;1.0;52.0;5.0;0.0
public_1476165477;320306.7750000004;6400028.7322;9669904;29:58:18;05:58:18;107898.0;2;31:25:54;07:25:54;113154.0;2;5256.0;40:12:32;16:12:32;144752.0;2;36854.0;0.143;0.467;16.0;1.0;34.0;18.0;0.0
1881045_home;307718.29619999975;6403655.348099999;1881045;38:52:53;14:52:53;139973.0;2;40:13:01;16:13:01;144781.0;2;4808.0;40:13:01;16:13:01;144781.0;2;4808.0;1.0;0.359;22.0;0.515;31.0;9.0;0.0
4610082_home;316946.9177000001;6390610.2643;4610082;20:31:23;20:31:23;73883.0;1;23:47:29;23:47:29;85649.0;1;11766.0;40:25:41;16:25:41;145541.0;2;71658.0;0.164;0.412;14.0;1.0;34.0;20.0;0.0
public_1476235678;321830.892;6393880.7425;4656277;37:22:14;13:22:14;134534.0;2;38:17:49;14:17:49;137869.0;2;3335.0;40:29:08;16:29:08;145748.0;2;11214.0;0.297;0.812;28.0;1.0;34.0;6.0;0.0
2017999_home;324970.7039999999;6401520.6151;2017999;33:26:24;09:26:24;120384.0;2;34:16:29;10:16:29;123389.0;2;3005.0;40:29:19;16:29:19;145759.0;2;25375.0;0.118;0.923;39.0;1.0;42.0;3.0;0.0
7311720_work;321076.34530000016;6402295.2064;7311720;36:29:50;12:29:50;131390.0;2;37:10:29;13:10:29;133829.0;2;2439.0;40:38:56;16:38:56;146336.0;2;14946.0;0.163;0.943;32.0;1.0;34.0;2.0;0.0
public_1475956613;316984.48330000043;6395061.7819;7508758;37:22:44;13:22:44;134564.0;2;38:02:04;14:02:04;136924.0;2;2360.0;40:44:55;16:44:55;146695.0;2;12131.0;0.195;0.949;32.0;1.0;34.0;2.0;0.0
4702543_work;313168.60589999985;6403576.838500001;4702543;31:44:03;07:44:03;114243.0;2;34:11:34;10:11:34;123094.0;2;8851.0;40:46:44;16:46:44;146804.0;2;32561.0;0.272;0.367;12.0;1.0;34.0;22.0;0.0
10006521_work;320929.9068;6401882.015000001;10006521;32:03:48;08:03:48;115428.0;2;34:51:09;10:51:09;125469.0;2;10041.0;40:47:28;16:47:28;146848.0;2;31420.0;0.32;0.39;16.0;1.0;42.0;26.0;0.0
4575466_home;329144.2980000004;6393966.4366;4575466;39:16:46;15:16:46;141406.0;2;40:48:04;16:48:04;146884.0;2;5478.0;40:48:04;16:48:04;146884.0;2;5478.0;1.0;0.395;17.0;0.649;27.0;11.0;0.0
public_1475991567;314702.2148000002;6393463.7754999995;5464758;40:22:09;16:22:09;145329.0;2;40:49:45;16:49:45;146985.0;2;1656.0;40:49:45;16:49:45;146985.0;2;1656.0;1.0;0.643;22.0;0.928;32.0;10.0;0.0
5934181_home;330570.8409000002;6409123.7501;5934181;38:03:40;14:03:40;137020.0;2;40:06:29;16:06:29;144389.0;2;7369.0;40:54:20;16:54:20;147260.0;2;10240.0;0.72;0.809;49.0;1.0;60.0;11.0;0.0
9518143_home;314904.36259999964;6396247.635500001;9518143;40:06:42;16:06:42;144402.0;2;40:54:49;16:54:49;147289.0;2;2887.0;40:54:49;16:54:49;147289.0;2;2887.0;1.0;0.644;39.0;0.738;44.0;6.0;0.0
public_1476299422;321892.02550000045;6391281.844799999;7478971;30:50:19;06:50:19;111019.0;2;32:19:14;08:19:14;116354.0;2;5335.0;40:57:17;16:57:17;147437.0;2;36418.0;0.146;0.419;14.0;1.0;34.0;20.0;0.0
1996777_work;316061.48149999976;6399542.5995000005;1996777;36:48:21;12:48:21;132501.0;2;37:43:39;13:43:39;135819.0;2;3318.0;41:04:31;17:04:31;147871.0;2;15370.0;0.216;0.924;48.0;1.0;52.0;4.0;0.0
public_1475947287;328574.04509999976;6404074.5096;9509807;40:29:12;16:29:12;145752.0;2;41:08:38;17:08:38;148118.0;2;2366.0;41:08:38;17:08:38;148118.0;2;2366.0;1.0;0.413;17.0;0.757;32.0;14.0;0.0
public_1476198808;320565.0893000001;6397119.848999999;1936362;40:58:26;16:58:26;147506.0;2;41:11:29;17:11:29;148289.0;2;783.0;41:11:29;17:11:29;148289.0;2;783.0;1.0;0.613;21.0;0.754;26.0;5.0;0.0
public_1475972656;318097.7993999999;6402261.8981;3043275;31:47:02;07:47:02;114422.0;2;33:32:54;09:32:54;120774.0;2;6352.0;41:19:15;17:19:15;148755.0;2;34333.0;0.185;0.27;9.0;1.0;34.0;25.0;0.0
public_1476393047;314816.28529999964;6401746.3893;2082244;41:10:03;17:10:03;148203.0;2;41:21:25;17:21:25;148885.0;2;682.0;41:21:25;17:21:25;148885.0;2;682.0;1.0;0.599;20.0;0.722;25.0;4.0;0.0
9414251_home;315261.97449999955;6399955.591;9414251;39:14:43;15:14:43;141283.0;2;39:51:39;15:51:39;143499.0;2;2216.0;41:29:20;17:29:20;149360.0;2;8077.0;0.274;0.947;40.0;1.0;42.0;2.0;0.0
public_1476377635;313830.15249999985;6395484.3914;7412772;41:00:12;17:00:12;147612.0;2;41:31:27;17:31:27;149487.0;2;1875.0;41:31:27;17:31:27;149487.0;2;1875.0;1.0;0.517;22.0;0.79;33.0;11.0;0.0
7411363_work;321282.87399999984;6395368.9757;7411363;32:14:38;08:14:38;116078.0;2;34:36:29;10:36:29;124589.0;2;8511.0;41:34:05;17:34:05;149645.0;2;33567.0;0.254;0.397;14.0;1.0;34.0;20.0;0.0
2096149_home;324174.9210999999;6400567.152000001;2096149;41:35:55;17:35:55;149755.0;2;41:39:36;17:39:36;149976.0;2;221.0;41:39:36;17:39:36;149976.0;2;221.0;1.0;0.776;26.0;0.789;27.0;0.0;0.0
2077456_home;316245.5480000004;6392664.638;2077456;41:30:15;17:30:15;149415.0;2;41:43:54;17:43:54;150234.0;2;819.0;41:43:54;17:43:54;150234.0;2;819.0;1.0;0.54;23.0;0.578;24.0;2.0;0.0
4704257_work;315991.8487999998;6404363.5067;4704257;31:36:34;07:36:34;113794.0;2;32:13:29;08:13:29;116009.0;2;2215.0;41:45:26;17:45:26;150326.0;2;36532.0;0.061;0.947;32.0;1.0;34.0;2.0;0.0
2335473_home;315924.0122999996;6403872.4673999995;2335473;41:15:05;17:15:05;148505.0;2;41:47:14;17:47:14;150434.0;2;1929.0;41:47:14;17:47:14;150434.0;2;1929.0;1.0;0.573;24.0;0.664;28.0;4.0;0.0
public_1476178654;315463.4908999996;6407950.4694;2329272;41:44:03;17:44:03;150243.0;2;41:55:12;17:55:12;150912.0;2;669.0;41:55:12;17:55:12;150912.0;2;669.0;1.0;0.079;3.0;0.176;7.0;4.0;0.0
public_1476123838;327332.58469999954;6392511.0307;4768346;31:33:24;07:33:24;113604.0;2;32:56:29;08:56:29;118589.0;2;4985.0;41:56:45;17:56:45;151005.0;2;37401.0;0.133;0.48;16.0;1.0;34.0;18.0;0.0
7380571_home;314611.62200000044;6400867.307;7380571;40:11:54;16:11:54;144714.0;2;42:00:39;18:00:39;151239.0;2;6525.0;42:00:39;18:00:39;151239.0;2;6525.0;1.0;0.694;24.0;0.999;34.0;10.0;0.0
2017922_home;324970.7039999999;6401520.6151;2017922;40:22:13;16:22:13;145333.0;2;42:01:02;18:01:02;151262.0;2;5929.0;42:01:02;18:01:02;151262.0;2;5929.0;1.0;0.745;31.0;0.996;42.0;11.0;0.0
4769859_work;321343.9773000004;6408282.772;4769859;37:38:02;13:38:02;135482.0;2;39:13:09;15:13:09;141189.0;2;5707.0;42:01:45;18:01:45;151305.0;2;15823.0;0.361;0.762;40.0;1.0;52.0;12.0;0.0
3043275_home;323221.37930000015;6407573.3287;3043275;41:31:42;17:31:42;149502.0;2;42:05:22;18:05:22;151522.0;2;2020.0;42:05:22;18:05:22;151522.0;2;2020.0;1.0;0.934;32.0;0.997;34.0;2.0;0.0
1942967_home;308843.39460000023;6403259.199899999;1942967;41:10:49;17:10:49;148249.0;2;42:08:02;18:08:02;151682.0;2;3433.0;42:08:02;18:08:02;151682.0;2;3433.0;1.0;0.512;31.0;0.623;37.0;7.0;0.0
public_1476265451;316483.0460999999;6395069.236199999;4655013;41:55:28;17:55:28;150928.0;2;42:09:36;18:09:36;151776.0;2;848.0;42:09:36;18:09:36;151776.0;2;848.0;1.0;0.969;73.0;0.992;74.0;2.0;0.0
9474183_home;327153.4247000003;6403318.6236000005;9474183;19:57:44;19:57:44;71864.0;1;22:50:44;22:50:44;82244.0;1;10380.0;42:12:43;18:12:43;151963.0;2;80099.0;0.13;0.672;35.0;1.0;52.0;17.0;0.0
9666429_work;314907.03949999996;6406031.5375;9666429;31:37:53;07:37:53;113873.0;2;32:15:09;08:15:09;116109.0;2;2236.0;42:16:18;18:16:18;152178.0;2;38305.0;0.058;0.96;72.0;1.0;75.0;3.0;0.0
public_1476078802;313594.68790000025;6392983.2499;2321695;40:58:01;16:58:01;147481.0;2;42:17:25;18:17:25;152245.0;2;4764.0;42:17:25;18:17:25;152245.0;2;4764.0;1.0;0.524;27.0;0.982;51.0;24.0;0.0
public_1476420042;316959.1730000004;6391667.6219999995;1876907;19:00:35;19:00:35;68435.0;1;20:13:09;20:13:09;72789.0;1;4354.0;42:17:25;18:17:25;152245.0;2;83810.0;0.052;0.679;29.0;1.0;42.0;13.0;0.0
10055296_home;323033.1525999997;6407516.3673;10055296;23:16:32;23:16:32;83792.0;1;25:56:04;01:56:04;93364.0;2;9572.0;42:17:37;18:17:37;152257.0;2;68465.0;0.14;0.538;18.0;1.0;34.0;16.0;0.0
7462409_work;314198.48450000025;6397926.761499999;7462409;32:10:35;08:10:35;115835.0;2;32:51:14;08:51:14;118274.0;2;2439.0;42:18:13;18:18:13;152293.0;2;36458.0;0.067;0.943;32.0;1.0;34.0;2.0;0.0
public_1476321252;323354.8520999998;6401451.284399999;2327157;39:32:34;15:32:34;142354.0;2;40:29:34;16:29:34;145774.0;2;3420.0;42:18:27;18:18:27;152307.0;2;9953.0;0.344;0.814;34.0;1.0;42.0;8.0;0.0
public_1476387226;322867.12990000006;6402543.083699999;2323347;32:04:19;08:04:19;115459.0;2;34:06:49;10:06:49;122809.0;2;7350.0;42:23:29;18:23:29;152609.0;2;37150.0;0.198;0.449;23.0;1.0;52.0;29.0;0.0
4704065_home;316654.39240000024;6395182.139599999;4704065;41:55:30;17:55:30;150930.0;2;42:25:17;18:25:17;152717.0;2;1787.0;42:25:17;18:25:17;152717.0;2;1787.0;1.0;0.492;17.0;0.596;20.0;4.0;0.0
public_1476162075;315698.9042999996;6392867.8893;7507349;40:44:37;16:44:37;146677.0;2;42:35:14;18:35:14;153314.0;2;6637.0;42:38:33;18:38:33;153513.0;2;6836.0;0.971;0.322;14.0;1.0;42.0;28.0;0.0
public_1476187491;321710.3996000001;6400785.069;4772272;41:09:30;17:09:30;148170.0;2;42:40:01;18:40:01;153601.0;2;5431.0;42:40:01;18:40:01;153601.0;2;5431.0;1.0;0.456;34.0;0.898;67.0;33.0;0.0
public_1476020078;329414.4375;6406326.385;1895844;20:45:08;20:45:08;74708.0;1;22:42:34;22:42:34;81754.0;1;7046.0;42:47:05;18:47:05;154025.0;2;79317.0;0.089;0.54;32.0;1.0;60.0;28.0;0.0
5412001_home;324228.24990000017;6411547.4033;5412001;20:27:51;20:27:51;73671.0;1;22:44:39;22:44:39;81879.0;1;8208.0;42:49:09;18:49:09;154149.0;2;80478.0;0.102;0.753;39.0;1.0;52.0;13.0;0.0
public_1476049678;320271.5329;6399452.081;4704065;42:34:25;18:34:25;153265.0;2;43:01:00;19:01:00;154860.0;2;1595.0;43:01:00;19:01:00;154860.0;2;1595.0;1.0;0.556;19.0;0.843;29.0;10.0;0.0
1896793_home;329267.9921000004;6401901.366900001;1896793;42:09:09;18:09:09;151749.0;2;43:14:53;19:14:53;155693.0;2;3944.0;43:14:53;19:14:53;155693.0;2;3944.0;1.0;0.839;35.0;0.995;42.0;7.0;0.0
public_1476094993;319738.0734000001;6399436.431700001;2126857;42:15:36;18:15:36;152136.0;2;43:15:07;19:15:07;155707.0;2;3571.0;43:15:07;19:15:07;155707.0;2;3571.0;1.0;0.451;27.0;0.816;49.0;22.0;0.0
2327190_work;310590.63329999987;6400646.991699999;2327190;39:00:53;15:00:53;140453.0;2;39:46:54;15:46:54;143214.0;2;2761.0;43:25:07;19:25:07;156307.0;2;15854.0;0.174;0.914;31.0;1.0;34.0;3.0;0.0
4605109_home;317286.32459999993;6401465.9474;4605109;39:58:37;15:58:37;143917.0;2;43:28:28;19:28:28;156508.0;2;12591.0;43:28:28;19:28:28;156508.0;2;12591.0;1.0;0.497;30.0;0.905;54.0;24.0;0.0
4803807_home;328420.23819999956;6392998.5952;4803807;42:06:48;18:06:48;151608.0;2;43:34:27;19:34:27;156867.0;2;5259.0;43:34:27;19:34:27;156867.0;2;5259.0;1.0;0.747;31.0;0.986;41.0;10.0;0.0
public_1476019114;320727.63320000004;6405340.1182;5908847;42:03:57;18:03:57;151437.0;2;42:44:04;18:44:04;153844.0;2;2407.0;43:35:07;19:35:07;156907.0;2;5470.0;0.44;0.931;32.0;1.0;34.0;2.0;0.0
1881178_home;308685.8351999996;6403612.2498;1881178;41:02:58;17:02:58;147778.0;2;43:46:31;19:46:31;157591.0;2;9813.0;43:46:31;19:46:31;157591.0;2;9813.0;1.0;0.383;13.0;0.952;32.0;19.0;0.0
public_1476137240;315681.9249999998;6394704.2465;3039696;43:13:07;19:13:07;155587.0;2;43:52:30;19:52:30;157950.0;2;2363.0;43:52:30;19:52:30;157950.0;2;2363.0;1.0;0.934;49.0;0.997;52.0;3.0;0.0
public_1476072830;321589.72470000014;6409896.659399999;4781190;43:39:32;19:39:32;157172.0;2;43:57:40;19:57:40;158260.0;2;1088.0;43:57:40;19:57:40;158260.0;2;1088.0;1.0;0.909;55.0;0.972;58.0;4.0;0.0
public_1476270657;328341.16860000044;6398107.388499999;1924025;34:26:19;10:26:19;123979.0;2;35:10:09;11:10:09;126609.0;2;2630.0;44:02:19;20:02:19;158539.0;2;34560.0;0.076;0.925;31.0;1.0;34.0;3.0;0.0
2333631_home;331154.87789999973;6409943.0865;2333631;21:19:17;21:19:17;76757.0;1;25:48:24;01:48:24;92904.0;2;16147.0;44:19:07;20:19:07;159547.0;2;82790.0;0.195;0.606;45.0;1.0;75.0;30.0;0.0
2325706_home;309005.8250000002;6404601.293500001;2325706;43:22:26;19:22:26;156146.0;2;44:29:15;20:29:15;160155.0;2;4009.0;44:29:15;20:29:15;160155.0;2;4009.0;1.0;0.307;13.0;0.493;21.0;8.0;0.0
public_1476165477;320306.7750000004;6400028.7322;4803807;43:47:54;19:47:54;157674.0;2;44:32:39;20:32:39;160359.0;2;2685.0;44:56:00;20:56:00;161760.0;2;4086.0;0.657;0.914;38.0;1.0;42.0;4.0;0.0
public_1476355494;315193.9452999998;6394972.5787;7508758;41:58:11;17:58:11;151091.0;2;42:43:09;18:43:09;153789.0;2;2698.0;45:20:17;21:20:17;163217.0;2;12126.0;0.222;0.895;30.0;1.0;34.0;4.0;0.0
7406774_home;316306.53089999966;6398759.7874;7406774;45:08:46;21:08:46;162526.0;2;45:24:46;21:24:46;163486.0;2;960.0;45:24:46;21:24:46;163486.0;2;960.0;1.0;0.629;47.0;0.654;49.0;2.0;0.0
public_1476293672;321307.8002000004;6408701.6548;4605109;43:39:48;19:39:48;157188.0;2;44:42:49;20:42:49;160969.0;2;3781.0;46:15:55;22:15:55;166555.0;2;9367.0;0.404;0.873;52.0;1.0;60.0;8.0;0.0
public_1476056498;316250.28330000024;6391748.006200001;9666429;42:34:28;18:34:28;153268.0;2;43:11:59;19:11:59;155519.0;2;2251.0;46:22:13;22:22:13;166933.0;2;13665.0;0.165;0.952;71.0;1.0;75.0;4.0;0.0
9431588_work;320674.9451000001;6400034.777000001;9431588;37:01:19;13:01:19;133279.0;2;37:37:59;13:37:59;135479.0;2;2200.0;48:57:56;00:57:56;176276.0;3;42997.0;0.051;0.959;33.0;1.0;34.0;1.0;0.0
9509807_home;318016.74849999975;6398930.236400001;9509807;41:23:04;17:23:04;148984.0;2;43:40:24;19:40:24;157224.0;2;8240.0;52:12:35;04:12:35;187955.0;3;38971.0;0.211;0.681;29.0;1.0;42.0;13.0;0.0
2030913_home;324950.07710000034;6403226.425100001;2030913;33:44:37;09:44:37;121477.0;2;34:40:24;10:40:24;124824.0;2;3347.0;52:46:23;04:46:23;189983.0;3;68506.0;0.049;0.894;30.0;1.0;34.0;4.0;0.0
public_1476172874;316183.9508999996;6394367.510600001;9456468;41:24:25;17:24:25;149065.0;2;42:34:24;18:34:24;153264.0;2;4199.0;53:09:28;05:09:28;191368.0;3;42303.0;0.099;0.658;22.0;1.0;34.0;12.0;0.0
9545089_home;320568.8360000001;6395238.0294;9545089;44:32:48;20:32:48;160368.0;2;47:17:59;23:17:59;170279.0;2;9911.0;53:28:57;05:28:57;192537.0;3;32169.0;0.308;0.518;18.0;1.0;34.0;16.0;0.0
4760278_home;318252.32799999975;6398606.377900001;4760278;39:08:18;15:08:18;140898.0;2;39:43:49;15:43:49;143029.0;2;2131.0;53:46:58;05:46:58;193618.0;3;52720.0;0.04;0.951;40.0;1.0;42.0;2.0;0.0
7368574_home;317227.35080000013;6402830.054;7368574;40:15:32;16:15:32;144932.0;2;44:24:44;20:24:44;159884.0;2;14952.0;53:51:17;05:51:17;193877.0;3;48945.0;0.305;0.501;26.0;1.0;52.0;26.0;0.0
public_1476025365;317685.7949999999;6399247.267000001;9487200;53:39:45;05:39:45;193185.0;3;53:59:53;05:59:53;194393.0;3;1208.0;53:59:53;05:59:53;194393.0;3;1208.0;1.0;0.288;17.0;0.41;25.0;7.0;0.0
9557968_home;315840.84190000035;6402373.8396000005;9557968;40:18:43;16:18:43;145123.0;2;41:17:14;17:17:14;148634.0;2;3511.0;54:00:18;06:00:18;194418.0;3;49295.0;0.071;0.9;38.0;1.0;42.0;4.0;0.0
1931224_home;315805.61230000015;6400721.7006;1931224;40:57:55;16:57:55;147475.0;2;44:33:49;20:33:49;160429.0;2;12954.0;54:04:07;06:04:07;194647.0;3;47172.0;0.275;0.463;19.0;1.0;42.0;23.0;0.0
2033641_home;321258.5219999999;6409703.8136;2033641;40:27:04;16:27:04;145624.0;2;42:31:59;18:31:59;153119.0;2;7495.0;54:07:07;06:07:07;194827.0;3;49203.0;0.152;0.657;22.0;1.0;34.0;12.0;0.0
3257662_home;327656.98890000023;6395383.957599999;3257662;39:13:23;15:13:23;141203.0;2;41:14:39;17:14:39;148479.0;2;7276.0;54:07:13;06:07:13;194833.0;3;53630.0;0.136;0.726;30.0;1.0;42.0;12.0;0.0
2326344_home;308791.47479999997;6404167.352600001;2326344;40:14:37;16:14:37;144877.0;2;43:50:14;19:50:14;157814.0;2;12937.0;54:07:27;06:07:27;194847.0;3;49970.0;0.259;0.345;12.0;1.0;34.0;22.0;0.0
1990178_home;319868.9238999998;6404401.7063;1990178;39:26:39;15:26:39;141999.0;2;40:41:09;16:41:09;146469.0;2;4470.0;54:08:35;06:08:35;194915.0;3;52916.0;0.084;0.855;36.0;1.0;42.0;6.0;0.0
2943901_home;324796.0061999997;6405516.887800001;2943901;41:14:13;17:14:13;148453.0;2;45:43:49;21:43:49;164629.0;2;16176.0;54:10:02;06:10:02;195002.0;3;46549.0;0.348;0.524;31.0;1.0;60.0;29.0;0.0
public_1476374868;326164.59970000014;6410462.483899999;1879340;39:34:30;15:34:30;142470.0;2;41:29:24;17:29:24;149364.0;2;6894.0;54:10:13;06:10:13;195013.0;3;52543.0;0.131;0.556;33.0;1.0;60.0;27.0;0.0
2000357_home;314646.4241000004;6400637.843;2000357;40:41:17;16:41:17;146477.0;2;45:25:59;21:25:59;163559.0;2;17082.0;54:12:10;06:12:10;195130.0;3;48653.0;0.351;0.421;22.0;1.0;52.0;30.0;0.0
2321646_home;313358.7719999999;6393679.8517;2321646;40:48:22;16:48:22;146902.0;2;41:41:49;17:41:49;150109.0;2;3207.0;54:13:44;06:13:44;195224.0;3;48322.0;0.066;0.902;31.0;1.0;34.0;3.0;0.0
2326800_home;311112.9902999997;6406515.050799999;2326800;42:30:50;18:30:50;153050.0;2;46:37:54;22:37:54;167874.0;2;14824.0;54:15:06;06:15:06;195306.0;3;42256.0;0.351;0.376;16.0;1.0;42.0;26.0;0.0
1996195_home;315554.59729999956;6394257.203;1996195;41:02:30;17:02:30;147750.0;2;42:19:39;18:19:39;152379.0;2;4629.0;54:15:48;06:15:48;195348.0;3;47598.0;0.097;0.848;36.0;1.0;42.0;6.0;0.0
9413535_home;319780.2898000004;6402841.213099999;9413535;39:43:50;15:43:50;143030.0;2;40:42:54;16:42:54;146574.0;2;3544.0;54:17:51;06:17:51;195471.0;3;52441.0;0.068;0.898;38.0;1.0;42.0;4.0;0.0
7416337_home;324771.25150000025;6400753.5078;7416337;43:52:22;19:52:22;157942.0;2;44:58:14;20:58:14;161894.0;2;3952.0;54:19:33;06:19:33;195573.0;3;37631.0;0.105;0.859;29.0;1.0;34.0;5.0;0.0
8169511_home;323559.93120000046;6407681.0622000005;8169511;40:32:14;16:32:14;145934.0;2;46:44:14;22:44:14;168254.0;2;22320.0;54:26:02;06:26:02;195962.0;3;50028.0;0.446;0.446;33.0;1.0;75.0;42.0;0.0
public_1476338248;327490.32990000024;6393829.741599999;4804925;40:50:42;16:50:42;147042.0;2;42:53:54;18:53:54;154434.0;2;7392.0;54:27:52;06:27:52;196072.0;3;49030.0;0.151;0.489;29.0;1.0;60.0;31.0;0.0
4795145_home;315282.95100000035;6394802.822899999;4795145;39:32:02;15:32:02;142322.0;2;42:33:29;18:33:29;153209.0;2;10887.0;54:28:13;06:28:13;196093.0;3;53771.0;0.202;0.558;23.0;1.0;42.0;19.0;0.0
4707188_home;315076.6445000004;6401854.6182;4707188;38:31:46;14:31:46;138706.0;2;42:32:44;18:32:44;153164.0;2;14458.0;54:30:16;06:30:16;196216.0;3;57510.0;0.251;0.58;35.0;1.0;60.0;25.0;0.0
1996417_home;315088.1275000004;6392900.0217;1996417;40:31:12;16:31:12;145872.0;2;41:47:04;17:47:04;150424.0;2;4552.0;54:30:25;06:30:25;196225.0;3;50353.0;0.09;0.89;46.0;1.0;52.0;6.0;0.0
8253956_home;321798.40660000034;6397594.6765;8253956;40:18:37;16:18:37;145117.0;2;44:31:59;20:31:59;160319.0;2;15202.0;54:31:07;06:31:07;196267.0;3;51150.0;0.297;0.348;15.0;1.0;42.0;27.0;0.0
4661453_home;315327.26680000033;6403839.7917;4661453;36:52:42;12:52:42;132762.0;2;41:52:04;17:52:04;150724.0;2;17962.0;54:32:47;06:32:47;196367.0;3;63605.0;0.282;0.466;28.0;1.0;60.0;32.0;0.0
4577001_home;326016.0493999999;6402720.992000001;4577001;39:38:07;15:38:07;142687.0;2;42:41:39;18:41:39;153699.0;2;11012.0;54:36:07;06:36:07;196567.0;3;53880.0;0.204;0.553;23.0;1.0;42.0;19.0;0.0
7321950_home;316860.14919999987;6394798.678099999;7321950;37:18:00;13:18:00;134280.0;2;38:17:24;14:17:24;137844.0;2;3564.0;54:36:53;06:36:53;196613.0;3;62333.0;0.057;0.898;38.0;1.0;42.0;4.0;0.0
3040376_home;326846.4417000003;6408840.146;3040376;40:51:28;16:51:28;147088.0;2;45:15:24;21:15:24;162924.0;2;15836.0;54:37:13;06:37:13;196633.0;3;49545.0;0.32;0.61;46.0;1.0;75.0;29.0;0.0
1865752_home;321480.08949999977;6409595.385600001;1865752;40:04:47;16:04:47;144287.0;2;45:34:34;21:34:34;164074.0;2;19787.0;54:37:22;06:37:22;196642.0;3;52355.0;0.378;0.311;16.0;1.0;52.0;36.0;0.0
2073959_home;319947.909;6402641.823100001;2073959;40:24:52;16:24:52;145492.0;2;42:50:04;18:50:04;154204.0;2;8712.0;54:37:38;06:37:38;196658.0;3;51166.0;0.17;0.587;20.0;1.0;34.0;14.0;0.0
9538939_home;320002.4115000004;6403002.261600001;9538939;45:06:31;21:06:31;162391.0;2;48:20:59;00:20:59;174059.0;3;11668.0;54:38:46;06:38:46;196726.0;3;34335.0;0.34;0.723;54.0;1.0;75.0;21.0;0.0
3040240_home;326658.70320000034;6408655.014799999;3040240;38:20:29;14:20:29;138029.0;2;39:17:34;15:17:34;141454.0;2;3425.0;54:41:46;06:41:46;196906.0;3;58877.0;0.058;0.936;70.0;1.0;75.0;5.0;0.0
public_1476023513;321586.2309999997;6398464.912900001;2068881;40:38:12;16:38:12;146292.0;2;42:26:29;18:26:29;152789.0;2;6497.0;54:44:04;06:44:04;197044.0;3;50752.0;0.128;0.366;15.0;1.0;42.0;27.0;0.0
1926043_home;324798.80480000004;6403462.5175;1926043;39:17:11;15:17:11;141431.0;2;42:39:24;18:39:24;153564.0;2;12133.0;54:47:03;06:47:03;197223.0;3;55792.0;0.217;0.484;20.0;1.0;42.0;22.0;0.0
public_1476429391;325900.2153000003;6400851.2162;1840473;39:23:31;15:23:31;141811.0;2;41:20:49;17:20:49;148849.0;2;7038.0;54:48:05;06:48:05;197285.0;3;55474.0;0.127;0.456;24.0;1.0;52.0;28.0;0.0
public_1476276241;318072.1688000001;6398328.3006;4691412;40:17:22;16:17:22;145042.0;2;41:17:29;17:17:29;148649.0;2;3607.0;54:48:49;06:48:49;197329.0;3;52287.0;0.069;0.89;46.0;1.0;52.0;6.0;0.0
2045441_home;321521.1325000003;6396551.181299999;2045441;41:31:17;17:31:17;149477.0;2;43:49:39;19:49:39;157779.0;2;8302.0;54:50:14;06:50:14;197414.0;3;47937.0;0.173;0.61;21.0;1.0;34.0;13.0;0.0
10006014_home;323523.2363999998;6411247.2147;10006014;41:43:19;17:43:19;150199.0;2;43:42:14;19:42:14;157334.0;2;7135.0;54:52:20;06:52:20;197540.0;3;47341.0;0.151;0.725;30.0;1.0;42.0;12.0;0.0
9541379_home;315121.17250000034;6394266.221100001;9541379;43:44:10;19:44:10;157450.0;2;49:45:59;01:45:59;179159.0;3;21709.0;54:56:15;06:56:15;197775.0;3;40325.0;0.538;0.462;35.0;1.0;75.0;40.0;0.0
2335840_home;317020.7982000001;6406264.500499999;2335840;40:02:48;16:02:48;144168.0;2;40:42:49;16:42:49;146569.0;2;2401.0;55:02:00;07:02:00;198120.0;3;53952.0;0.045;0.951;40.0;1.0;42.0;2.0;0.0
public_1476229729;324390.2446999997;6404229.569;1926380;43:37:18;19:37:18;157038.0;2;45:08:49;21:08:49;162529.0;2;5491.0;55:02:03;07:02:03;198123.0;3;41085.0;0.134;0.425;14.0;1.0;34.0;20.0;0.0
4607727_home;317058.2664999999;6396129.8982;4607727;40:06:46;16:06:46;144406.0;2;44:00:29;20:00:29;158429.0;2;14023.0;55:04:56;07:04:56;198296.0;3;53890.0;0.26;0.536;28.0;1.0;52.0;24.0;0.0
7448877_home;315666.65579999983;6397677.7524;7448877;40:43:12;16:43:12;146592.0;2;41:35:19;17:35:19;149719.0;2;3127.0;55:05:12;07:05:12;198312.0;3;51720.0;0.06;0.918;39.0;1.0;42.0;3.0;0.0
7372567_home;316592.4709000001;6399894.456499999;7372567;37:55:05;13:55:05;136505.0;2;38:52:54;14:52:54;139974.0;2;3469.0;55:05:34;07:05:34;198334.0;3;61829.0;0.056;0.936;56.0;1.0;60.0;4.0;0.0
public_1475967296;328279.0519000003;6402263.460999999;4623233;39:48:33;15:48:33;143313.0;2;40:32:34;16:32:34;145954.0;2;2641.0;55:07:04;07:07:04;198424.0;3;55111.0;0.048;0.926;69.0;1.0;75.0;6.0;0.0
2330722_home;321507.3794;6410712.554199999;2330722;45:15:51;21:15:51;162951.0;2;47:00:44;23:00:44;169244.0;2;6293.0;55:07:39;07:07:39;198459.0;3;35508.0;0.177;0.862;65.0;1.0;75.0;10.0;0.0
1942967_home;308843.39460000023;6403259.199899999;1942967;43:19:28;19:19:28;155968.0;2;47:41:09;23:41:09;171669.0;2;15701.0;55:08:52;07:08:52;198532.0;3;42564.0;0.369;0.539;32.0;1.0;60.0;28.0;0.0
2033206_home;315985.8635;6402502.9836;2033206;42:15:57;18:15:57;152157.0;2;46:51:19;22:51:19;168679.0;2;16522.0;55:10:32;07:10:32;198632.0;3;46475.0;0.356;0.298;12.0;1.0;42.0;30.0;0.0
4639812_home;318384.8224999998;6399015.367000001;4639812;41:41:03;17:41:03;150063.0;2;42:53:09;18:53:09;154389.0;2;4326.0;55:11:15;07:11:15;198675.0;3;48612.0;0.089;0.862;36.0;1.0;42.0;6.0;0.0
9460773_home;305174.8901000004;6400432.123299999;9460773;37:07:43;13:07:43;133663.0;2;39:08:59;15:08:59;140939.0;2;7276.0;55:11:27;07:11:27;198687.0;3;65024.0;0.112;0.669;23.0;1.0;34.0;11.0;0.0
1989025_home;316629.5700000003;6405039.8144000005;1989025;40:36:55;16:36:55;146215.0;2;45:30:54;21:30:54;163854.0;2;17639.0;55:12:13;07:12:13;198733.0;3;52518.0;0.336;0.401;21.0;1.0;52.0;31.0;0.0
4770792_home;315394.1842;6402929.1032;4770792;33:01:20;09:01:20;118880.0;2;36:40:54;12:40:54;132054.0;2;13174.0;55:12:24;07:12:24;198744.0;3;79864.0;0.165;0.426;18.0;1.0;42.0;24.0;0.0
4699077_home;319974.9957999997;6401561.944399999;4699077;38:50:23;14:50:23;139823.0;2;42:51:49;18:51:49;154309.0;2;14486.0;55:12:24;07:12:24;198744.0;3;58921.0;0.246;0.518;27.0;1.0;52.0;25.0;0.0
1881745_home;315321.6506000003;6401958.957699999;1881745;43:45:17;19:45:17;157517.0;2;44:48:59;20:48:59;161339.0;2;3822.0;55:13:59;07:13:59;198839.0;3;41322.0;0.092;0.867;29.0;1.0;34.0;5.0;0.0
7410489_home;320715.10890000034;6397072.91;7410489;40:12:45;16:12:45;144765.0;2;44:46:34;20:46:34;161194.0;2;16429.0;55:14:09;07:14:09;198849.0;3;54084.0;0.304;0.516;31.0;1.0;60.0;29.0;0.0
1927836_home;317649.1649000002;6402208.445900001;1927836;41:22:54;17:22:54;148974.0;2;42:20:09;18:20:09;152409.0;2;3435.0;55:15:26;07:15:26;198926.0;3;49952.0;0.069;0.903;38.0;1.0;42.0;4.0;0.0
2017963_home;325345.7237999998;6400493.486400001;2017963;35:48:11;11:48:11;128891.0;2;39:52:39;15:52:39;143559.0;2;14668.0;55:16:55;07:16:55;199015.0;3;70124.0;0.209;0.512;27.0;1.0;52.0;25.0;0.0
4769145_home;316969.8085000003;6395324.919299999;4769145;41:29:24;17:29:24;149364.0;2;43:38:29;19:38:29;157109.0;2;7745.0;55:17:22;07:17:22;199042.0;3;49678.0;0.156;0.771;40.0;1.0;52.0;12.0;0.0
7314224_home;317933.2176999999;6401778.4026999995;7314224;39:34:52;15:34:52;142492.0;2;43:00:54;19:00:54;154854.0;2;12362.0;55:17:51;07:17:51;199071.0;3;56579.0;0.218;0.474;20.0;1.0;42.0;22.0;0.0
2033250_home;315988.1229999997;6402771.079;2033250;40:46:09;16:46:09;146769.0;2;44:08:54;20:08:54;158934.0;2;12165.0;55:21:07;07:21:07;199267.0;3;52498.0;0.232;0.389;13.0;1.0;34.0;21.0;0.0
7416223_home;324493.25299999956;6400745.598300001;7416223;42:22:49;18:22:49;152569.0;2;47:12:34;23:12:34;169954.0;2;17385.0;55:22:21;07:22:21;199341.0;3;46772.0;0.372;0.258;11.0;1.0;42.0;31.0;0.0
2316319_home;313911.6635999996;6390732.7203;2316319;42:46:56;18:46:56;154016.0;2;48:36:44;00:36:44;175004.0;3;20988.0;55:23:36;07:23:36;199416.0;3;45400.0;0.462;0.274;14.0;1.0;52.0;38.0;0.0
2125293_home;331233.50600000005;6392181.7831;2125293;36:14:45;12:14:45;130485.0;2;37:29:54;13:29:54;134994.0;2;4509.0;55:25:16;07:25:16;199516.0;3;69031.0;0.065;0.902;54.0;1.0;60.0;6.0;0.0
1838625_home;327948.6612999998;6403011.553200001;1838625;42:40:49;18:40:49;153649.0;2;47:55:44;23:55:44;172544.0;2;18895.0;55:25:41;07:25:41;199541.0;3;45892.0;0.412;0.436;26.0;1.0;60.0;34.0;0.0
1996657_home;315186.0741999997;6392759.5867;1996657;45:10:44;21:10:44;162644.0;2;46:52:09;22:52:09;168729.0;2;6085.0;55:27:18;07:27:18;199638.0;3;36994.0;0.164;0.737;25.0;1.0;34.0;9.0;0.0
4923723_home;304319.34420000017;6400777.7905;4923723;37:57:04;13:57:04;136624.0;2;39:37:39;15:37:39;142659.0;2;6035.0;55:27:19;07:27:19;199639.0;3;63015.0;0.096;0.715;24.0;1.0;34.0;10.0;0.0
1994334_home;313791.6235999996;6394032.231699999;1994334;40:04:40;16:04:40;144280.0;2;44:40:29;20:40:29;160829.0;2;16549.0;55:29:46;07:29:46;199786.0;3;55506.0;0.298;0.441;23.0;1.0;52.0;29.0;0.0
2080733_home;321976.9151999997;6390245.376499999;2080733;40:29:21;16:29:21;145761.0;2;43:43:24;19:43:24;157404.0;2;11643.0;55:31:27;07:31:27;199887.0;3;54126.0;0.215;0.42;14.0;1.0;34.0;20.0;0.0
2325330_home;309053.4104000004;6404043.125399999;2325330;41:13:58;17:13:58;148438.0;2;45:07:14;21:07:14;162434.0;2;13996.0;55:32:17;07:32:17;199937.0;3;51499.0;0.272;0.276;9.0;1.0;34.0;25.0;0.0
public_1476250731;323904.5070000002;6408370.640000001;4661211;38:12:28;14:12:28;137548.0;2;39:12:49;15:12:49;141169.0;2;3621.0;55:32:56;07:32:56;199976.0;3;62428.0;0.058;0.785;33.0;1.0;42.0;9.0;0.0
7298193_home;317584.4939000001;6399003.723999999;7298193;41:49:35;17:49:35;150575.0;2;46:29:59;22:29:59;167399.0;2;16824.0;55:33:49;07:33:49;200029.0;3;49454.0;0.34;0.431;22.0;1.0;52.0;30.0;0.0
9671992_home;314780.55119999964;6403424.835100001;9671992;41:35:03;17:35:03;149703.0;2;46:57:44;22:57:44;169064.0;2;19361.0;55:34:44;07:34:44;200084.0;3;50381.0;0.384;0.523;39.0;1.0;75.0;36.0;0.0
public_1476311373;309598.2909000004;6403763.364800001;3255172;40:18:57;16:18:57;145137.0;2;41:31:49;17:31:49;149509.0;2;4372.0;55:35:26;07:35:26;200126.0;3;54989.0;0.08;0.627;21.0;1.0;34.0;13.0;0.0
1993456_home;314259.17370000016;6397495.127599999;1993456;38:27:36;14:27:36;138456.0;2;40:56:49;16:56:49;147409.0;2;8953.0;55:36:08;07:36:08;200168.0;3;61712.0;0.145;0.546;19.0;1.0;34.0;15.0;0.0
2029210_home;321510.7215;6401034.3627;2029210;40:00:59;16:00:59;144059.0;2;41:05:49;17:05:49;147949.0;2;3890.0;55:37:03;07:37:03;200223.0;3;56164.0;0.069;0.915;48.0;1.0;52.0;4.0;0.0
2016161_home;329121.0730999997;6401807.5572999995;2016161;42:46:13;18:46:13;153973.0;2;44:06:24;20:06:24;158784.0;2;4811.0;55:38:17;07:38:17;200297.0;3;46324.0;0.104;0.804;27.0;1.0;34.0;7.0;0.0
2099774_home;315354.95380000025;6403326.9923;2099774;43:38:27;19:38:27;157107.0;2;44:47:09;20:47:09;161229.0;2;4122.0;55:38:46;07:38:46;200326.0;3;43219.0;0.095;0.914;55.0;1.0;60.0;5.0;0.0
1986675_home;325634.4177000001;6405947.6809;1986675;36:10:58;12:10:58;130258.0;2;39:52:34;15:52:34;143554.0;2;13296.0;55:39:12;07:39:12;200352.0;3;70094.0;0.19;0.563;29.0;1.0;52.0;23.0;0.0
3256128_home;312042.0067999996;6404010.6996;3256128;41:44:58;17:44:58;150298.0;2;46:04:54;22:04:54;165894.0;2;15596.0;55:39:19;07:39:19;200359.0;3;50061.0;0.312;0.539;32.0;1.0;60.0;28.0;0.0
2002326_home;319658.58770000003;6396392.6435;2002326;44:12:38;20:12:38;159158.0;2;48:57:44;00:57:44;176264.0;3;17106.0;55:39:25;07:39:25;200365.0;3;41207.0;0.415;0.27;11.0;1.0;42.0;31.0;0.0
2210280_home;323359.7982000001;6391683.8485;2210280;41:54:40;17:54:40;150880.0;2;47:08:39;23:08:39;169719.0;2;18839.0;55:40:31;07:40:31;200431.0;3;49551.0;0.38;0.438;26.0;1.0;60.0;34.0;0.0
2059158_home;329769.2329000002;6394000.3078000005;2059158;40:34:15;16:34:15;146055.0;2;47:20:49;23:20:49;170449.0;2;24394.0;55:40:46;07:40:46;200446.0;3;54391.0;0.448;0.148;8.0;1.0;52.0;44.0;0.0
4600956_home;325177.98039999977;6406049.2475000005;4600956;40:56:39;16:56:39;147399.0;2;42:21:54;18:21:54;152514.0;2;5115.0;55:40:58;07:40:58;200458.0;3;53059.0;0.096;0.825;35.0;1.0;42.0;7.0;0.0
7310458_home;324172.4045000002;6401163.9405000005;7310458;32:36:06;08:36:06;117366.0;2;36:21:24;12:21:24;130884.0;2;13518.0;55:41:11;07:41:11;200471.0;3;83105.0;0.163;0.312;11.0;1.0;34.0;23.0;0.0
public_1476104029;316423.3071999997;6396608.2852;4609799;55:15:14;07:15:14;198914.0;3;55:42:27;07:42:27;200547.0;3;1633.0;55:42:27;07:42:27;200547.0;3;1633.0;1.0;0.482;36.0;0.615;46.0;10.0;0.0
public_1476360415;328203.10390000045;6403042.1083;9430738;42:08:21;18:08:21;151701.0;2;44:48:19;20:48:19;161299.0;2;9598.0;55:42:33;07:42:33;200553.0;3;48852.0;0.196;0.275;16.0;1.0;60.0;44.0;0.0
5914140_home;315345.4458999997;6394583.089400001;5914140;41:37:17;17:37:17;149837.0;2;43:07:09;19:07:09;155229.0;2;5392.0;55:42:34;07:42:34;200554.0;3;50717.0;0.106;0.766;26.0;1.0;34.0;8.0;0.0
1942038_home;308618.1068000002;6403168.310799999;1942038;41:26:59;17:26:59;149219.0;2;45:41:49;21:41:49;164509.0;2;15290.0;55:43:26;07:43:26;200606.0;3;51387.0;0.298;0.354;15.0;1.0;42.0;27.0;0.0
public_1476051721;326286.09049999993;6404635.502;9537952;40:40:29;16:40:29;146429.0;2;42:29:04;18:29:04;152944.0;2;6515.0;55:44:07;07:44:07;200647.0;3;54218.0;0.12;0.602;45.0;1.0;75.0;30.0;0.0
2073998_home;320027.09389999975;6403456.4856;2073998;40:42:44;16:42:44;146564.0;2;44:05:09;20:05:09;158709.0;2;12145.0;55:44:32;07:44:32;200672.0;3;54108.0;0.224;0.391;13.0;1.0;34.0;21.0;0.0
4721522_home;329811.85919999983;6398749.1461;4721522;43:55:03;19:55:03;158103.0;2;45:13:49;21:13:49;162829.0;2;4726.0;55:45:07;07:45:07;200707.0;3;42604.0;0.111;0.844;35.0;1.0;42.0;7.0;0.0
2321911_home;313484.2681;6392696.2773;2321911;42:55:18;18:55:18;154518.0;2;46:13:49;22:13:49;166429.0;2;11911.0;55:45:15;07:45:15;200715.0;3;46197.0;0.258;0.402;14.0;1.0;34.0;20.0;0.0
2000774_home;315051.7089999998;6401903.008400001;2000774;41:36:42;17:36:42;149802.0;2;44:32:14;20:32:14;160334.0;2;10532.0;55:46:08;07:46:08;200768.0;3;50966.0;0.207;0.666;35.0;1.0;52.0;17.0;0.0
5591811_home;316549.09920000006;6411207.351199999;5591811;41:37:47;17:37:47;149867.0;2;43:03:19;19:03:19;154999.0;2;5132.0;55:48:29;07:48:29;200909.0;3;51042.0;0.101;0.862;45.0;1.0;52.0;7.0;0.0
1946683_home;319405.61120000016;6393921.2378;1946683;43:54:37;19:54:37;158077.0;2;46:16:54;22:16:54;166614.0;2;8537.0;55:51:49;07:51:49;201109.0;3;43032.0;0.198;0.597;20.0;1.0;34.0;14.0;0.0
4586987_home;316572.3021999998;6398029.792300001;4586987;43:27:54;19:27:54;156474.0;2;47:45:19;23:45:19;171919.0;2;15445.0;55:52:51;07:52:51;201171.0;3;44697.0;0.346;0.482;25.0;1.0;52.0;27.0;0.0
public_1476276241;318072.1688000001;6398328.3006;4769145;55:23:47;07:23:47;199427.0;3;55:52:59;07:52:59;201179.0;3;1752.0;55:52:59;07:52:59;201179.0;3;1752.0;1.0;0.982;51.0;1.0;52.0;1.0;0.0
1988145_home;316146.35730000027;6403528.7129;1988145;37:27:16;13:27:16;134836.0;2;38:27:39;14:27:39;138459.0;2;3623.0;55:53:00;07:53:00;201180.0;3;66344.0;0.055;0.895;38.0;1.0;42.0;4.0;0.0
public_1476414988;316226.2687999997;6400914.9191;1945320;55:43:38;07:43:38;200618.0;3;55:53:14;07:53:14;201194.0;3;576.0;55:53:14;07:53:14;201194.0;3;576.0;1.0;0.876;66.0;0.923;69.0;4.0;0.0
2335473_home;315924.0122999996;6403872.4673999995;2335473;42:36:23;18:36:23;153383.0;2;45:34:19;21:34:19;164059.0;2;10676.0;55:55:02;07:55:02;201302.0;3;47919.0;0.223;0.568;24.0;1.0;42.0;18.0;0.0
7316759_home;320147.8047000002;6404331.7763;7316759;42:15:37;18:15:37;152137.0;2;46:41:59;22:41:59;168119.0;2;15982.0;55:55:22;07:55:22;201322.0;3;49185.0;0.325;0.46;24.0;1.0;52.0;28.0;0.0
public_1476127570;318225.9935999997;6399292.052100001;7310458;55:51:54;07:51:54;201114.0;3;55:55:27;07:55:27;201327.0;3;213.0;55:55:27;07:55:27;201327.0;3;213.0;1.0;0.948;32.0;0.962;33.0;0.0;0.0
public_1476078802;313594.68790000025;6392983.2499;2321695;43:24:17;19:24:17;156257.0;2;43:56:49;19:56:49;158209.0;2;1952.0;55:58:08;07:58:08;201488.0;3;45231.0;0.043;0.982;51.0;1.0;52.0;1.0;0.0
4611990_home;315461.02410000004;6402186.3398;4611990;40:22:19;16:22:19;145339.0;2;41:31:34;17:31:34;149494.0;2;4155.0;55:59:06;07:59:06;201546.0;3;56207.0;0.074;0.848;29.0;1.0;34.0;5.0;0.0
9672036_home;314728.2675000001;6403322.735200001;9672036;43:31:46;19:31:46;156706.0;2;50:43:54;02:43:54;182634.0;3;25928.0;55:59:12;07:59:12;201552.0;3;44846.0;0.578;0.352;26.0;1.0;75.0;49.0;0.0
public_1476203079;321534.5303999996;6394544.737;2075756;55:52:59;07:52:59;201179.0;3;55:59:20;07:59:20;201560.0;3;381.0;55:59:20;07:59:20;201560.0;3;381.0;1.0;0.74;44.0;0.779;47.0;2.0;0.0
7525984_home;327587.0580000002;6394607.9243;7525984;40:35:20;16:35:20;146120.0;2;46:09:49;22:09:49;166189.0;2;20069.0;56:03:48;08:03:48;201828.0;3;55708.0;0.36;0.398;24.0;1.0;60.0;36.0;0.0
public_1476298289;319003.1489000004;6400265.2392;7320517;55:12:20;07:12:20;198740.0;3;56:05:09;08:05:09;201909.0;3;3169.0;56:05:09;08:05:09;201909.0;3;3169.0;1.0;0.815;28.0;1.0;34.0;6.0;0.0
7380534_home;314994.2132000001;6400792.838500001;7380534;42:50:43;18:50:43;154243.0;2;46:39:29;22:39:29;167969.0;2;13726.0;56:07:43;08:07:43;202063.0;3;47820.0;0.287;0.427;18.0;1.0;42.0;24.0;0.0
1920973_home;320313.3021999998;6399077.480699999;1920973;43:11:47;19:11:47;155507.0;2;49:13:14;01:13:14;177194.0;3;21687.0;56:11:51;08:11:51;202311.0;3;46804.0;0.463;0.248;13.0;1.0;52.0;39.0;0.0
5893756_home;327256.14719999954;6403705.906400001;5893756;40:10:19;16:10:19;144619.0;2;41:23:14;17:23:14;148994.0;2;4375.0;56:17:10;08:17:10;202630.0;3;58011.0;0.075;0.835;28.0;1.0;34.0;6.0;0.0
public_1475972656;318097.7993999999;6402261.8981;2335003;54:10:31;06:10:31;195031.0;3;55:25:39;07:25:39;199539.0;3;4508.0;56:18:55;08:18:55;202735.0;3;7704.0;0.585;0.783;41.0;1.0;52.0;11.0;0.0
9542392_home;315910.61539999954;6390983.782;9542392;40:42:38;16:42:38;146558.0;2;43:28:14;19:28:14;156494.0;2;9936.0;56:23:52;08:23:52;203032.0;3;56474.0;0.176;0.517;18.0;1.0;34.0;16.0;0.0
4655013_home;315857.2737999996;6400935.929300001;4655013;42:53:40;18:53:40;154420.0;2;44:12:24;20:12:24;159144.0;2;4724.0;56:23:52;08:23:52;203032.0;3;48612.0;0.097;0.903;68.0;1.0;75.0;7.0;0.0
public_1476261142;323685.1218999997;6393767.3682;1884883;42:30:12;18:30:12;153012.0;2;43:35:19;19:35:19;156919.0;2;3907.0;56:24:35;08:24:35;203075.0;3;50063.0;0.078;0.71;24.0;1.0;34.0;10.0;0.0
4705288_home;315038.6076999996;6393427.9344999995;4705288;42:28:07;18:28:07;152887.0;2;43:38:34;19:38:34;157114.0;2;4227.0;56:24:41;08:24:41;203081.0;3;50194.0;0.084;0.915;69.0;1.0;75.0;6.0;0.0
1997792_home;317186.5398000004;6390501.809599999;1997792;42:33:12;18:33:12;153192.0;2;46:36:44;22:36:44;167804.0;2;14612.0;56:26:24;08:26:24;203184.0;3;49992.0;0.292;0.386;16.0;1.0;42.0;26.0;0.0
public_1476297853;312718.07349999994;6411185.363;4665978;38:00:09;14:00:09;136809.0;2;39:39:54;15:39:54;142794.0;2;5985.0;56:33:55;08:33:55;203635.0;3;66826.0;0.09;0.609;32.0;1.0;52.0;20.0;0.0
5903381_home;317036.50100000016;6402652.494000001;5903381;43:11:46;19:11:46;155506.0;2;47:35:39;23:35:39;171339.0;2;15833.0;56:35:03;08:35:03;203703.0;3;48197.0;0.329;0.467;24.0;1.0;52.0;28.0;0.0
2324135_home;304522.91920000035;6400766.567399999;2324135;43:30:37;19:30:37;156637.0;2;48:46:54;00:46:54;175614.0;3;18977.0;56:35:03;08:35:03;203703.0;3;47066.0;0.403;0.0;0.0;1.0;34.0;34.0;0.0
4644951_home;320275.4445000002;6399615.179;4644951;36:10:51;12:10:51;130251.0;2;42:05:34;18:05:34;151534.0;2;21283.0;56:42:20;08:42:20;204140.0;3;73889.0;0.288;0.473;35.0;1.0;75.0;40.0;0.0
1933694_home;314494.6793999998;6397148.757200001;1933694;42:46:08;18:46:08;153968.0;2;48:01:29;00:01:29;172889.0;3;18921.0;56:43:15;08:43:15;204195.0;3;50227.0;0.377;0.433;26.0;1.0;60.0;34.0;0.0
9491221_home;314495.6807000004;6394265.006899999;9491221;40:43:17;16:43:17;146597.0;2;44:29:24;20:29:24;160164.0;2;13567.0;56:44:13;08:44:13;204253.0;3;57656.0;0.235;0.434;18.0;1.0;42.0;24.0;0.0
2026750_home;320762.1919999998;6398206.3179;2026750;36:32:11;12:32:11;131531.0;2;39:21:39;15:21:39;141699.0;2;10168.0;56:45:58;08:45:58;204358.0;3;72827.0;0.14;0.567;24.0;1.0;42.0;18.0;0.0
5908289_home;322608.2189999996;6401163.177100001;5908289;39:54:12;15:54:12;143652.0;2;41:27:19;17:27:19;149239.0;2;5587.0;56:46:42;08:46:42;204402.0;3;60750.0;0.092;0.851;44.0;1.0;52.0;8.0;0.0
public_1476012593;310057.2915000003;6404073.242000001;1944127;55:06:26;07:06:26;198386.0;3;55:43:29;07:43:29;200609.0;3;2223.0;56:47:36;08:47:36;204456.0;3;6070.0;0.366;0.958;40.0;1.0;42.0;2.0;0.0
1941262_home;305892.9891999997;6400340.3089000005;1941262;42:45:46;18:45:46;153946.0;2;46:14:19;22:14:19;166459.0;2;12513.0;56:47:50;08:47:50;204470.0;3;50524.0;0.248;0.37;13.0;1.0;34.0;21.0;0.0
5411667_home;324674.0069000004;6411638.7226;5411667;38:57:16;14:57:16;140236.0;2;40:29:59;16:29:59;145799.0;2;5563.0;56:49:11;08:49:11;204551.0;3;64315.0;0.086;0.852;44.0;1.0;52.0;8.0;0.0
7525839_home;327656.03450000007;6395260.4025;7525839;40:43:45;16:43:45;146625.0;2;44:23:44;20:23:44;159824.0;2;13199.0;56:54:58;08:54:58;204898.0;3;58273.0;0.227;0.33;11.0;1.0;34.0;23.0;0.0
public_1476127968;327534.4642000003;6394689.7399;2079661;55:58:27;07:58:27;201507.0;3;56:59:49;08:59:49;205189.0;3;3682.0;56:59:49;08:59:49;205189.0;3;3682.0;1.0;0.512;17.0;0.99;34.0;16.0;0.0
1981224_home;320282.4653000003;6397524.552999999;1981224;43:37:47;19:37:47;157067.0;2;45:17:49;21:17:49;163069.0;2;6002.0;57:03:22;09:03:22;205402.0;3;48335.0;0.124;0.785;33.0;1.0;42.0;9.0;0.0
public_1476263557;320993.6995000001;6394917.979800001;1857800;56:47:34;08:47:34;204454.0;3;57:04:49;09:04:49;205489.0;3;1035.0;57:04:49;09:04:49;205489.0;3;1035.0;1.0;0.37;22.0;0.476;29.0;6.0;0.0
public_1476245895;319092.1699000001;6399086.5339;7373836;55:28:54;07:28:54;199734.0;3;57:07:24;09:07:24;205644.0;3;5910.0;57:07:24;09:07:24;205644.0;3;5910.0;1.0;0.283;10.0;0.999;34.0;24.0;0.0
7376589_home;314826.64350000024;6393101.805;7376589;35:04:18;11:04:18;126258.0;2;38:12:24;14:12:24;137544.0;2;11286.0;57:07:45;09:07:45;205665.0;3;79407.0;0.142;0.513;22.0;1.0;42.0;20.0;0.0
4653888_home;319123.5664999997;6403533.671;4653888;44:04:56;20:04:56;158696.0;2;47:21:34;23:21:34;170494.0;2;11798.0;57:07:52;09:07:52;205672.0;3;46976.0;0.251;0.516;22.0;1.0;42.0;20.0;0.0
2080900_home;322199.28450000007;6390802.2118;2080900;43:09:20;19:09:20;155360.0;2;44:14:44;20:14:44;159284.0;2;3924.0;57:11:00;09:11:00;205860.0;3;50500.0;0.078;0.878;37.0;1.0;42.0;5.0;0.0
8170504_home;322797.1429000003;6407058.3939;8170504;35:25:04;11:25:04;127504.0;2;39:08:54;15:08:54;140934.0;2;13430.0;57:11:36;09:11:36;205896.0;3;78392.0;0.171;0.317;11.0;1.0;34.0;23.0;0.0
1895035_home;327338.48500000034;6404220.3728;1895035;45:51:02;21:51:02;165062.0;2;49:58:49;01:58:49;179929.0;3;14867.0;57:17:03;09:17:03;206223.0;3;41161.0;0.361;0.566;34.0;1.0;60.0;26.0;0.0
4785915_home;316257.8339999998;6402058.8179;4785915;36:22:04;12:22:04;130924.0;2;40:57:44;16:57:44;147464.0;2;16540.0;57:18:29;09:18:29;206309.0;3;75385.0;0.219;0.296;12.0;1.0;42.0;30.0;0.0
5883454_home;328427.38879999984;6403939.1269000005;5883454;45:52:53;21:52:53;165173.0;2;47:32:49;23:32:49;171169.0;2;5996.0;57:21:46;09:21:46;206506.0;3;41333.0;0.145;0.785;33.0;1.0;42.0;9.0;0.0
public_1476161891;328949.71910000034;6401362.679199999;7514812;57:19:19;09:19:19;206359.0;3;57:26:20;09:26:20;206780.0;3;421.0;57:26:20;09:26:20;206780.0;3;421.0;1.0;0.671;50.0;0.706;53.0;3.0;0.0
2017659_home;330238.81799999997;6398997.278000001;2017659;43:17:53;19:17:53;155873.0;2;44:35:59;20:35:59;160559.0;2;4686.0;57:27:19;09:27:19;206839.0;3;50966.0;0.092;0.896;54.0;1.0;60.0;6.0;0.0
1942173_home;308007.142;6403093.046700001;1942173;42:57:23;18:57:23;154643.0;2;46:53:34;22:53:34;168814.0;2;14171.0;57:37:29;09:37:29;207449.0;3;52806.0;0.268;0.275;9.0;1.0;34.0;25.0;0.0
7365302_home;323558.9929999998;6405651.786;7365302;54:49:06;06:49:06;197346.0;3;56:47:09;08:47:09;204429.0;3;7083.0;57:39:28;09:39:28;207568.0;3;10222.0;0.693;0.819;49.0;1.0;60.0;11.0;0.0
4646269_home;321602.7679000003;6398656.4021000005;4646269;41:12:04;17:12:04;148324.0;2;46:53:49;22:53:49;168829.0;2;20505.0;57:41:14;09:41:14;207674.0;3;59350.0;0.345;0.379;23.0;1.0;60.0;37.0;0.0
public_1476203259;307222.36450000014;6390410.243000001;9541379;55:01:57;07:01:57;198117.0;3;55:25:19;07:25:19;199519.0;3;1402.0;57:43:48;09:43:48;207828.0;3;9711.0;0.144;0.988;74.0;1.0;75.0;1.0;0.0
2323688_home;307179.1662999997;6402470.8100000005;2323688;41:36:32;17:36:32;149792.0;2;43:19:44;19:19:44;155984.0;2;6192.0;57:48:34;09:48:34;208114.0;3;58322.0;0.106;0.776;33.0;1.0;42.0;9.0;0.0
4680502_home;328173.13570000045;6395105.735300001;4680502;39:28:22;15:28:22;142102.0;2;43:23:39;19:23:39;156219.0;2;14117.0;57:52:21;09:52:21;208341.0;3;66239.0;0.213;0.52;27.0;1.0;52.0;25.0;0.0
9460773_home;305174.8901000004;6400432.123299999;9460773;56:53:15;08:53:15;204795.0;3;57:53:06;09:53:06;208386.0;3;3591.0;57:53:06;09:53:06;208386.0;3;3591.0;1.0;0.836;28.0;0.996;34.0;5.0;0.0
9504313_home;329280.01439999975;6394520.080800001;9504313;36:37:58;12:37:58;131878.0;2;41:07:09;17:07:09;148029.0;2;16151.0;57:55:35;09:55:35;208535.0;3;76657.0;0.211;0.432;22.0;1.0;52.0;30.0;0.0
4696156_work;319991.90490000043;6401989.4158;4696156;55:22:01;07:22:01;199321.0;3;56:50:19;08:50:19;204619.0;3;5298.0;57:55:37;09:55:37;208537.0;3;9216.0;0.575;0.827;50.0;1.0;60.0;10.0;0.0
public_1476187491;321710.3996000001;6400785.069;2071723;57:42:16;09:42:16;207736.0;3;58:00:42;10:00:42;208842.0;3;1106.0;58:00:42;10:00:42;208842.0;3;1106.0;1.0;0.521;31.0;0.634;38.0;7.0;0.0
public_1476009174;316894.4979999997;6395616.101;2093943;57:01:17;09:01:17;205277.0;3;58:02:36;10:02:36;208956.0;3;3679.0;58:02:36;10:02:36;208956.0;3;3679.0;1.0;0.578;20.0;0.994;34.0;14.0;0.0
1943706_home;311288.9951999998;6405624.982999999;1943706;57:22:56;09:22:56;206576.0;3;58:03:33;10:03:33;209013.0;3;2437.0;58:03:33;10:03:33;209013.0;3;2437.0;1.0;0.337;11.0;0.479;16.0;5.0;0.0
public_1476178133;320960.76659999974;6398034.9494;1923602;54:55:17;06:55:17;197717.0;3;56:08:34;08:08:34;202114.0;3;4397.0;58:04:34;10:04:34;209074.0;3;11357.0;0.387;0.78;41.0;1.0;52.0;11.0;0.0
public_1476177308;329449.79899999965;6401475.433;1896799;37:06:41;13:06:41;133601.0;2;38:34:24;14:34:24;138864.0;2;5263.0;58:05:06;10:05:06;209106.0;3;75505.0;0.07;0.5;21.0;1.0;42.0;21.0;0.0
1968589_home;328237.07349999994;6398036.405300001;1968589;45:20:47;21:20:47;163247.0;2;46:36:54;22:36:54;167814.0;2;4567.0;58:06:24;10:06:24;209184.0;3;45937.0;0.099;0.89;46.0;1.0;52.0;6.0;0.0
1916504_home;316617.9565000003;6398986.762599999;1916504;56:27:24;08:27:24;203244.0;3;58:07:52;10:07:52;209272.0;3;6028.0;58:07:52;10:07:52;209272.0;3;6028.0;1.0;0.723;30.0;0.99;42.0;11.0;0.0
public_1475958761;316521.9101;6399959.2237;7372583;35:26:05;11:26:05;127565.0;2;37:16:59;13:16:59;134219.0;2;6654.0;58:13:17;10:13:17;209597.0;3;82032.0;0.081;0.58;35.0;1.0;60.0;25.0;0.0
2045115_home;321234.01800000016;6394038.889799999;2045115;36:09:19;12:09:19;130159.0;2;40:35:19;16:35:19;146119.0;2;15960.0;58:15:05;10:15:05;209705.0;3;79546.0;0.201;0.463;24.0;1.0;52.0;28.0;0.0
public_1475954464;320820.48500000034;6398909.105699999;1981224;57:07:23;09:07:23;205643.0;3;57:31:29;09:31:29;207089.0;3;1446.0;58:18:50;10:18:50;209930.0;3;4287.0;0.337;0.987;41.0;1.0;42.0;1.0;0.0
7508921_home;316080.45749999955;6401983.1983;7508921;35:46:05;11:46:05;128765.0;2;36:50:04;12:50:04;132604.0;2;3839.0;58:22:05;10:22:05;210125.0;3;81360.0;0.047;0.885;37.0;1.0;42.0;5.0;0.0
public_1476421083;319453.5351;6400858.7137;7525984;57:24:41;09:24:41;206681.0;3;58:13:44;10:13:44;209624.0;3;2943.0;58:31:17;10:31:17;210677.0;3;3996.0;0.736;0.931;56.0;1.0;60.0;4.0;0.0
4703580_home;313593.0926999999;6394284.1149;4703580;46:25:20;22:25:20;167120.0;2;51:26:34;03:26:34;185194.0;3;18074.0;58:32:04;10:32:04;210724.0;3;43604.0;0.415;0.226;9.0;1.0;42.0;33.0;0.0
public_1476363725;317107.39499999955;6402608.874299999;2335003;56:21:45;08:21:45;202905.0;3;56:42:14;08:42:14;204134.0;3;1229.0;58:33:47;10:33:47;210827.0;3;7922.0;0.155;0.993;52.0;1.0;52.0;0.0;0.0
public_1475983670;318252.84130000044;6401341.805400001;2045651;57:56:06;09:56:06;208566.0;3;58:38:40;10:38:40;211120.0;3;2554.0;58:38:40;10:38:40;211120.0;3;2554.0;1.0;0.228;8.0;0.687;23.0;16.0;0.0
public_1476262184;313472.9447999997;6397165.270099999;5880022;37:12:49;13:12:49;133969.0;2;38:20:19;14:20:19;138019.0;2;4050.0;58:39:05;10:39:05;211145.0;3;77176.0;0.052;0.684;23.0;1.0;34.0;11.0;0.0
public_1476178133;320960.76659999974;6398034.9494;2098908;58:07:34;10:07:34;209254.0;3;58:39:44;10:39:44;211184.0;3;1930.0;58:39:44;10:39:44;211184.0;3;1930.0;1.0;0.514;17.0;0.861;29.0;12.0;0.0
7286338_home;326002.2441999996;6400996.9465;7286338;40:30:29;16:30:29;145829.0;2;44:43:19;20:43:19;160999.0;2;15170.0;58:44:40;10:44:40;211480.0;3;65651.0;0.231;0.36;15.0;1.0;42.0;27.0;0.0
public_1476049678;320271.5329;6399452.081;5411667;57:06:51;09:06:51;205611.0;3;57:57:54;09:57:54;208674.0;3;3063.0;58:45:49;10:45:49;211549.0;3;5938.0;0.516;0.938;49.0;1.0;52.0;3.0;0.0
public_1476160164;316329.15589999966;6398059.6876;9671992;55:44:52;07:44:52;200692.0;3;56:14:54;08:14:54;202494.0;3;1802.0;58:46:31;10:46:31;211591.0;3;10899.0;0.165;0.978;73.0;1.0;75.0;2.0;0.0
6047703_home;326654.9534;6395023.913699999;6047703;43:44:40;19:44:40;157480.0;2;45:21:54;21:21:54;163314.0;2;5834.0;58:48:14;10:48:14;211694.0;3;54214.0;0.108;0.859;52.0;1.0;60.0;8.0;0.0
5589188_home;311827.64829999954;6404222.2346;5589188;57:50:13;09:50:13;208213.0;3;58:50:24;10:50:24;211824.0;3;3611.0;58:50:24;10:50:24;211824.0;3;3611.0;1.0;0.535;28.0;0.67;35.0;7.0;0.0
public_1476129700;315136.35780000035;6403347.9793;1940658;39:37:25;15:37:25;142645.0;2;41:18:29;17:18:29;148709.0;2;6064.0;58:50:31;10:50:31;211831.0;3;69186.0;0.088;0.323;11.0;1.0;34.0;23.0;0.0
7337868_home;329283.3236999996;6401834.149599999;7337868;39:18:43;15:18:43;141523.0;2;42:31:49;18:31:49;153109.0;2;11586.0;58:53:13;10:53:13;211993.0;3;70470.0;0.164;0.526;22.0;1.0;42.0;20.0;0.0
2325568_home;308398.7355000004;6405001.045;2325568;45:15:20;21:15:20;162920.0;2;51:03:54;03:03:54;183834.0;3;20914.0;58:53:27;10:53:27;212007.0;3;49087.0;0.426;0.483;36.0;1.0;75.0;39.0;0.0
5933459_home;306873.1310999999;6402910.4475;5933459;39:18:50;15:18:50;141530.0;2;44:06:49;20:06:49;158809.0;2;17279.0;58:55:45;10:55:45;212145.0;3;70615.0;0.245;0.577;43.0;1.0;75.0;32.0;0.0
1968103_home;326779.6174999997;6397245.079700001;1968103;40:42:43;16:42:43;146563.0;2;45:54:24;21:54:24;165264.0;2;18701.0;58:57:00;10:57:00;212220.0;3;65657.0;0.285;0.361;19.0;1.0;52.0;33.0;0.0
public_1476383373;312054.31790000014;6407238.7916;9669919;58:50:21;10:50:21;211821.0;3;58:59:48;10:59:48;212388.0;3;567.0;58:59:48;10:59:48;212388.0;3;567.0;1.0;0.662;28.0;0.745;31.0;3.0;0.0
4785915_home;316257.8339999998;6402058.8179;4785915;58:38:30;10:38:30;211110.0;3;59:02:03;11:02:03;212523.0;3;1413.0;59:02:03;11:02:03;212523.0;3;1413.0;1.0;0.91;38.0;0.975;41.0;3.0;0.0
public_1476135410;329207.1747000003;6402593.460999999;2015782;58:44:55;10:44:55;211495.0;3;59:04:18;11:04:18;212658.0;3;1163.0;59:04:18;11:04:18;212658.0;3;1163.0;1.0;0.852;51.0;0.952;57.0;6.0;0.0
public_1476345179;322832.32940000016;6407140.9453;1838625;55:39:20;07:39:20;200360.0;3;56:24:09;08:24:09;203049.0;3;2689.0;59:05:07;11:05:07;212707.0;3;12347.0;0.218;0.959;58.0;1.0;60.0;2.0;0.0
public_1476137240;315681.9249999998;6394704.2465;8170504;57:29:37;09:29:37;206977.0;3;58:11:59;10:11:59;209519.0;3;2542.0;59:06:51;11:06:51;212811.0;3;5834.0;0.436;0.901;31.0;1.0;34.0;3.0;0.0
2098360_work;317311.0131999999;6395004.1785;2098360;56:24:02;08:24:02;203042.0;3;59:10:17;11:10:17;213017.0;3;9975.0;59:10:17;11:10:17;213017.0;3;9975.0;1.0;0.527;27.0;1.0;52.0;25.0;0.0
1922491_home;322613.4698000001;6400465.0023;1922491;41:27:00;17:27:00;149220.0;2;46:48:39;22:48:39;168519.0;2;19299.0;59:11:58;11:11:58;213118.0;3;63898.0;0.302;0.423;25.0;1.0;60.0;35.0;0.0
7415743_home;323822.33910000045;6401542.724300001;7415743;58:44:21;10:44:21;211461.0;3;59:16:39;11:16:39;213399.0;3;1938.0;59:16:39;11:16:39;213399.0;3;1938.0;1.0;0.636;38.0;0.698;42.0;4.0;0.0
public_1476112735;321146.03199999966;6400907.6788;4646269;57:46:42;09:46:42;208002.0;3;58:08:49;10:08:49;209329.0;3;1327.0;59:17:45;11:17:45;213465.0;3;5463.0;0.243;0.99;59.0;1.0;60.0;1.0;0.0
7372378_home;316505.6246999996;6399708.832699999;7372378;41:31:23;17:31:23;149483.0;2;45:15:39;21:15:39;162939.0;2;13456.0;59:18:14;11:18:14;213494.0;3;64011.0;0.21;0.557;29.0;1.0;52.0;23.0;0.0
5934181_home;330570.8409000002;6409123.7501;5934181;46:10:15;22:10:15;166215.0;2;47:47:29;23:47:29;172049.0;2;5834.0;59:18:59;11:18:59;213539.0;3;47324.0;0.123;0.859;52.0;1.0;60.0;8.0;0.0
2323062_home;307313.4354999997;6402406.363500001;2323062;36:59:28;12:59:28;133168.0;2;38:39:49;14:39:49;139189.0;2;6021.0;59:19:46;11:19:46;213586.0;3;80418.0;0.075;0.853;51.0;1.0;60.0;9.0;0.0
public_1476404680;314799.7916000001;6395311.110099999;5908289;57:00:20;09:00:20;205220.0;3;57:47:24;09:47:24;208044.0;3;2824.0;59:20:09;11:20:09;213609.0;3;8389.0;0.337;0.952;50.0;1.0;52.0;2.0;0.0
public_1476300220;327756.2171;6403439.268200001;2059158;56:01:16;08:01:16;201676.0;3;56:54:49;08:54:49;204889.0;3;3213.0;59:23:41;11:23:41;213821.0;3;12145.0;0.265;0.927;48.0;1.0;52.0;4.0;0.0
1869969_home;315989.48419999983;6399634.9048999995;1869969;46:00:36;22:00:36;165636.0;2;46:58:54;22:58:54;169134.0;2;3498.0;59:25:40;11:25:40;213940.0;3;48304.0;0.072;0.9;38.0;1.0;42.0;4.0;0.0
4703597_home;313593.0926999999;6394284.1149;4703597;47:44:29;23:44:29;171869.0;2;49:55:59;01:55:59;179759.0;3;7890.0;59:26:05;11:26:05;213965.0;3;42096.0;0.187;0.634;22.0;1.0;34.0;12.0;0.0
public_1476407693;317414.23950000014;6391192.829500001;5898192;42:23:08;18:23:08;152588.0;2;43:49:39;19:49:39;157779.0;2;5191.0;59:26:31;11:26:31;213991.0;3;61403.0;0.085;0.729;44.0;1.0;60.0;16.0;0.0
public_1476162075;315698.9042999996;6392867.8893;4604173;58:02:44;10:02:44;208964.0;3;59:26:59;11:26:59;214019.0;3;5055.0;59:26:59;11:26:59;214019.0;3;5055.0;1.0;0.536;23.0;0.999;42.0;19.0;0.0
7419900_home;317045.8831000002;6404888.144099999;7419900;58:11:26;10:11:26;209486.0;3;59:27:15;11:27:15;214035.0;3;4549.0;59:27:15;11:27:15;214035.0;3;4549.0;1.0;0.561;24.0;0.771;32.0;9.0;0.0
3042712_home;322751.7346000001;6407157.1723;3042712;57:20:23;09:20:23;206423.0;3;59:28:15;11:28:15;214095.0;3;7672.0;59:28:15;11:28:15;214095.0;3;7672.0;1.0;0.669;50.0;0.868;65.0;15.0;0.0
7399493_home;328652.7845999999;6402806.7107;7399493;44:15:18;20:15:18;159318.0;2;48:43:29;00:43:29;175409.0;3;16091.0;59:30:07;11:30:07;214207.0;3;54889.0;0.293;0.458;24.0;1.0;52.0;28.0;0.0
7379543_home;309084.5641000001;6403583.2574000005;7379543;38:56:22;14:56:22;140182.0;2;40:12:24;16:12:24;144744.0;2;4562.0;59:30:48;11:30:48;214248.0;3;74066.0;0.062;0.804;27.0;1.0;34.0;7.0;0.0
1895682_home;328217.8147999998;6403733.010299999;1895682;58:04:13;10:04:13;209053.0;3;59:33:10;11:33:10;214390.0;3;5337.0;59:33:10;11:33:10;214390.0;3;5337.0;1.0;0.668;23.0;0.971;33.0;10.0;0.0
public_1476008692;319792.52139999997;6397675.052300001;1874742;58:21:09;10:21:09;210069.0;3;59:09:59;11:09:59;212999.0;3;2930.0;59:46:52;11:46:52;215212.0;3;5143.0;0.57;0.885;30.0;1.0;34.0;4.0;0.0
public_1476377635;313830.15249999985;6395484.3914;9490351;58:14:34;10:14:34;209674.0;3;59:51:26;11:51:26;215486.0;3;5812.0;59:51:26;11:51:26;215486.0;3;5812.0;1.0;0.41;21.0;0.984;51.0;30.0;0.0
public_1476197696;324990.6042999998;6405608.475199999;2045115;59:23:44;11:23:44;213824.0;3;59:53:05;11:53:05;215585.0;3;1761.0;59:53:05;11:53:05;215585.0;3;1761.0;1.0;0.909;47.0;0.988;51.0;4.0;0.0
public_1476394161;313006.61259999964;6396721.1317;4656378;58:56:08;10:56:08;212168.0;3;59:56:33;11:56:33;215793.0;3;3625.0;59:56:33;11:56:33;215793.0;3;3625.0;1.0;0.278;17.0;0.647;39.0;22.0;0.0
public_1476134020;319865.0999999996;6400330.5699000005;2125293;55:42:23;07:42:23;200543.0;3;56:29:59;08:29:59;203399.0;3;2856.0;59:58:08;11:58:08;215888.0;3;15345.0;0.186;0.951;57.0;1.0;60.0;3.0;0.0
1989025_home;316629.5700000003;6405039.8144000005;1989025;59:49:14;11:49:14;215354.0;3;59:59:38;11:59:38;215978.0;3;624.0;59:59:38;11:59:38;215978.0;3;624.0;1.0;0.944;49.0;0.968;50.0;1.0;0.0
public_1476108201;317989.1286000004;6398849.0778;1855744;37:34:22;13:34:22;135262.0;2;39:36:39;15:36:39;142599.0;2;7337.0;60:01:54;12:01:54;216114.0;3;80852.0;0.091;0.511;31.0;1.0;60.0;29.0;0.0
9474516_home;329390.50850000046;6398624.5691;9474516;44:41:49;20:41:49;160909.0;2;49:00:24;01:00:24;176424.0;3;15515.0;60:02:49;12:02:49;216169.0;3;55260.0;0.281;0.344;14.0;1.0;42.0;28.0;0.0
9462562_home;314625.3212000001;6400910.066;9462562;59:42:00;11:42:00;214920.0;3;60:06:01;12:06:01;216361.0;3;1441.0;60:06:01;12:06:01;216361.0;3;1441.0;1.0;0.588;31.0;0.642;33.0;3.0;0.0
public_1476044137;312573.27190000005;6394153.5075;4922508;44:45:14;20:45:14;161114.0;2;46:12:04;22:12:04;166324.0;2;5210.0;60:08:56;12:08:56;216536.0;3;55422.0;0.094;0.476;16.0;1.0;34.0;18.0;0.0
1968395_home;327823.40699999966;6397563.186899999;1968395;60:13:09;12:13:09;216789.0;3;60:13:56;12:13:56;216836.0;3;47.0;60:13:56;12:13:56;216836.0;3;47.0;1.0;0.619;37.0;0.621;37.0;0.0;0.0
public_1476127570;318225.9935999997;6399292.052100001;9512435;58:07:30;10:07:30;209250.0;3;59:03:49;11:03:49;212629.0;3;3379.0;60:14:21;12:14:21;216861.0;3;7611.0;0.444;0.821;34.0;1.0;42.0;8.0;0.0
public_1476302412;319944.1727999998;6402379.837099999;7368354;57:05:07;09:05:07;205507.0;3;57:53:44;09:53:44;208424.0;3;2917.0;60:15:30;12:15:30;216930.0;3;11423.0;0.255;0.904;68.0;1.0;75.0;7.0;0.0
public_1476320783;317490.9028000003;6398776.622199999;1875719;59:17:12;11:17:12;213432.0;3;60:17:10;12:17:10;217030.0;3;3598.0;60:17:10;12:17:10;217030.0;3;3598.0;1.0;0.659;22.0;0.997;34.0;12.0;0.0
1996282_home;315916.801;6394378.386499999;1996282;40:58:24;16:58:24;147504.0;2;45:20:24;21:20:24;163224.0;2;15720.0;60:27:36;12:27:36;217656.0;3;70152.0;0.224;0.472;25.0;1.0;52.0;27.0;0.0
public_1476023513;321586.2309999997;6398464.912900001;7286338;58:56:18;10:56:18;212178.0;3;59:36:09;11:36:09;214569.0;3;2391.0;60:29:51;12:29:51;217791.0;3;5613.0;0.426;0.946;40.0;1.0;42.0;2.0;0.0
public_1476135410;329207.1747000003;6402593.460999999;4923754;60:11:10;12:11:10;216670.0;3;60:31:13;12:31:13;217873.0;3;1203.0;60:31:13;12:31:13;217873.0;3;1203.0;1.0;0.0;0.0;0.216;7.0;7.0;0.0
public_1476097853;322858.94049999956;6401015.2793000005;4782906;60:36:47;12:36:47;218207.0;3;60:38:27;12:38:27;218307.0;3;100.0;60:38:27;12:38:27;218307.0;3;100.0;1.0;0.62;26.0;0.635;27.0;1.0;0.0
public_1476087166;322271.7449000003;6399756.6894000005;2210280;55:52:20;07:52:20;201140.0;3;56:33:14;08:33:14;203594.0;3;2454.0;60:38:54;12:38:54;218334.0;3;17194.0;0.143;0.969;58.0;1.0;60.0;2.0;0.0
public_1476115366;321323.40270000044;6397432.778100001;5589188;60:05:18;12:05:18;216318.0;3;60:41:22;12:41:22;218482.0;3;2164.0;60:41:22;12:41:22;218482.0;3;2164.0;1.0;0.67;35.0;0.919;48.0;13.0;0.0
public_1475993063;317768.7401999999;6392208.569599999;1876762;46:27:27;22:27:27;167247.0;2;48:03:19;00:03:19;172999.0;3;5752.0;60:44:54;12:44:54;218694.0;3;51447.0;0.112;0.475;20.0;1.0;42.0;22.0;0.0
1968103_home;326779.6174999997;6397245.079700001;1968103;60:04:31;12:04:31;216271.0;3;60:47:14;12:47:14;218834.0;3;2563.0;60:47:14;12:47:14;218834.0;3;2563.0;1.0;0.928;48.0;0.995;52.0;3.0;0.0
7305559_home;320905.53830000013;6400550.3245;7305559;40:02:25;16:02:25;144145.0;2;43:11:59;19:11:59;155519.0;2;11374.0;60:49:46;12:49:46;218986.0;3;74841.0;0.152;0.435;15.0;1.0;34.0;19.0;0.0
4769859_work;321343.9773000004;6408282.772;4769859;56:47:03;08:47:03;204423.0;3;57:56:24;09:56:24;208584.0;3;4161.0;60:58:38;12:58:38;219518.0;3;15095.0;0.276;0.874;45.0;1.0;52.0;7.0;0.0
public_1476044137;312573.27190000005;6394153.5075;5923425;56:06:08;08:06:08;201968.0;3;56:59:59;08:59:59;205199.0;3;3231.0;61:08:57;13:08:57;220137.0;3;18169.0;0.178;0.842;35.0;1.0;42.0;7.0;0.0
public_1476096263;323314.0538999997;6401972.4893;7457545;43:22:19;19:22:19;156139.0;2;45:25:14;21:25:14;163514.0;2;7375.0;61:15:05;13:15:05;220505.0;3;64366.0;0.115;0.506;30.0;1.0;60.0;30.0;0.0
4857149_home;330254.95600000024;6390511.383199999;4857149;39:05:19;15:05:19;140719.0;2;40:45:24;16:45:24;146724.0;2;6005.0;61:17:34;13:17:34;220654.0;3;79935.0;0.075;0.836;43.0;1.0;52.0;9.0;0.0
public_1476257276;316743.8037999999;6399103.082599999;7358660;61:02:59;13:02:59;219779.0;3;61:19:23;13:19:23;220763.0;3;984.0;61:19:23;13:19:23;220763.0;3;984.0;1.0;0.749;31.0;0.894;38.0;6.0;0.0
public_1476276241;318072.1688000001;6398328.3006;4701806;59:58:42;11:58:42;215922.0;3;61:21:05;13:21:05;220865.0;3;4943.0;61:21:05;13:21:05;220865.0;3;4943.0;1.0;0.721;37.0;1.0;52.0;14.0;0.0
public_1476151648;322521.88850000035;6394546.750499999;2209674;56:43:12;08:43:12;204192.0;3;59:12:09;11:12:09;213129.0;3;8937.0;61:26:20;13:26:20;221180.0;3;16988.0;0.526;0.396;30.0;1.0;75.0;45.0;0.0
4604548_home;316375.74349999987;6400654.8961;4604548;41:45:23;17:45:23;150323.0;2;45:34:39;21:34:39;164079.0;2;13756.0;61:28:32;13:28:32;221312.0;3;70989.0;0.194;0.546;28.0;1.0;52.0;24.0;0.0
4922431_work;318270.3800999997;6392536.297599999;4922431;56:15:50;08:15:50;202550.0;3;57:27:04;09:27:04;206824.0;3;4274.0;61:33:48;13:33:48;221628.0;3;19078.0;0.224;0.868;45.0;1.0;52.0;7.0;0.0
5933673_home;309216.96630000044;6404497.919399999;5933673;38:18:53;14:18:53;137933.0;2;41:41:39;17:41:39;150099.0;2;12166.0;61:36:29;13:36:29;221789.0;3;83856.0;0.145;0.499;21.0;1.0;42.0;21.0;0.0
public_1476280827;324500.9771999996;6405829.903100001;4743032;58:54:46;10:54:46;212086.0;3;60:03:34;12:03:34;216214.0;3;4128.0;61:36:31;13:36:31;221791.0;3;9705.0;0.425;0.711;30.0;1.0;42.0;12.0;0.0
7619940_home;316318.6638000002;6403878.813100001;7619940;38:41:33;14:41:33;139293.0;2;44:26:29;20:26:29;159989.0;2;20696.0;61:39:18;13:39:18;221958.0;3;82665.0;0.25;0.377;23.0;1.0;60.0;37.0;0.0
2032960_home;315745.83970000036;6402794.945800001;2032960;38:38:10;14:38:10;139090.0;2;41:33:04;17:33:04;149584.0;2;10494.0;61:43:30;13:43:30;222210.0;3;83120.0;0.126;0.577;24.0;1.0;42.0;18.0;0.0
7411398_home;318750.59339999966;6399688.989600001;7411398;60:14:56;12:14:56;216896.0;3;61:44:07;13:44:07;222247.0;3;5351.0;61:44:07;13:44:07;222247.0;3;5351.0;1.0;0.739;55.0;0.882;66.0;11.0;0.0
public_1476421083;319453.5351;6400858.7137;5934181;59:35:57;11:35:57;214557.0;3;60:23:29;12:23:29;217409.0;3;2852.0;61:45:54;13:45:54;222354.0;3;7797.0;0.366;0.951;57.0;1.0;60.0;3.0;0.0
9420023_home;314367.7292999998;6393564.285800001;9420023;46:26:51;22:26:51;167211.0;2;50:47:24;02:47:24;182844.0;3;15633.0;61:48:24;13:48:24;222504.0;3;55293.0;0.283;0.339;14.0;1.0;42.0;28.0;0.0
9674519_home;317340.4495000001;6406487.554;9674519;61:08:43;13:08:43;220123.0;3;61:52:06;13:52:06;222726.0;3;2603.0;61:52:06;13:52:06;222726.0;3;2603.0;1.0;0.557;19.0;0.706;24.0;5.0;0.0
5933459_home;306873.1310999999;6402910.4475;5933459;61:14:14;13:14:14;220454.0;3;62:02:51;14:02:51;223371.0;3;2917.0;62:02:51;14:02:51;223371.0;3;2917.0;1.0;0.893;67.0;0.968;73.0;6.0;0.0
public_1476304420;318816.81149999984;6399642.367000001;9542950;58:47:53;10:47:53;211673.0;3;60:52:49;12:52:49;219169.0;3;7496.0;62:03:09;14:03:09;223389.0;3;11716.0;0.64;0.221;9.0;1.0;42.0;33.0;0.0
7360295_home;321979.80599999987;6401196.406099999;7360295;38:48:30;14:48:30;139710.0;2;41:36:34;17:36:34;149794.0;2;10084.0;62:07:06;14:07:06;223626.0;3;83916.0;0.12;0.509;17.0;1.0;34.0;17.0;0.0
public_1476424204;318784.03220000025;6398588.606000001;4705212;61:50:56;13:50:56;222656.0;3;62:11:39;14:11:39;223899.0;3;1243.0;62:11:39;14:11:39;223899.0;3;1243.0;1.0;0.597;45.0;0.698;52.0;8.0;0.0
9673010_home;331229.1032999996;6409657.1351;9673010;40:02:58;16:02:58;144178.0;2;41:28:14;17:28:14;149294.0;2;5116.0;62:12:34;14:12:34;223954.0;3;79776.0;0.064;0.793;27.0;1.0;34.0;7.0;0.0
2322015_home;314281.3705000002;6391434.506100001;2322015;45:53:53;21:53:53;165233.0;2;49:45:49;01:45:49;179149.0;3;13916.0;62:17:06;14:17:06;224226.0;3;58993.0;0.236;0.54;28.0;1.0;52.0;24.0;0.0
7618090_home;308919.39020000026;6404346.7477;7618090;61:46:00;13:46:00;222360.0;3;62:33:15;14:33:15;225195.0;3;2835.0;62:33:15;14:33:15;225195.0;3;2835.0;1.0;0.826;62.0;0.9;67.0;6.0;0.0
7514729_home;325939.4258000003;6401915.476299999;7514729;61:29:58;13:29:58;221398.0;3;62:36:05;14:36:05;225365.0;3;3967.0;62:36:05;14:36:05;225365.0;3;3967.0;1.0;0.44;33.0;0.543;41.0;8.0;0.0
9452178_work;324282.7597000003;6403427.349099999;9452178;55:31:08;07:31:08;199868.0;3;56:51:39;08:51:39;204699.0;3;4831.0;62:36:52;14:36:52;225412.0;3;25544.0;0.189;0.835;43.0;1.0;52.0;9.0;0.0
1881045_work;304260.3446000004;6400387.4022;1881045;55:29:55;07:29:55;199795.0;3;59:36:19;11:36:19;214579.0;3;14784.0;62:40:03;14:40:03;225603.0;3;25808.0;0.573;0.344;21.0;1.0;60.0;39.0;0.0
public_1476180250;308170.30140000023;6390756.763;5898192;59:36:21;11:36:21;214581.0;3;60:14:14;12:14:14;216854.0;3;2273.0;62:43:11;14:43:11;225791.0;3;11210.0;0.203;0.974;58.0;1.0;60.0;2.0;0.0
7320021_home;315287.5071999999;6396553.0359000005;7320021;45:28:11;21:28:11;163691.0;2;47:53:04;23:53:04;172384.0;2;8693.0;62:44:06;14:44:06;225846.0;3;62155.0;0.14;0.588;20.0;1.0;34.0;14.0;0.0
public_1476025321;313561.93879999965;6395976.5504;2017664;61:52:19;13:52:19;222739.0;3;62:49:32;14:49:32;226172.0;3;3433.0;62:49:32;14:49:32;226172.0;3;3433.0;1.0;0.87;52.0;0.999;60.0;8.0;0.0
public_1476043036;329112.0906999996;6393583.8453;2059253;40:01:45;16:01:45;144105.0;2;42:02:34;18:02:34;151354.0;2;7249.0;62:55:10;14:55:10;226510.0;3;82405.0;0.088;0.462;24.0;1.0;52.0;28.0;0.0
9416099_home;314325.8287000004;6395412.431;9416099;61:30:24;13:30:24;221424.0;3;62:59:23;14:59:23;226763.0;3;5339.0;62:59:23;14:59:23;226763.0;3;5339.0;1.0;0.421;18.0;0.668;28.0;10.0;0.0
2322184_home;315010.7739000004;6391505.5724;2322184;62:09:20;14:09:20;223760.0;3;63:00:10;15:00:10;226810.0;3;3050.0;63:00:10;15:00:10;226810.0;3;3050.0;1.0;0.546;28.0;0.664;35.0;6.0;0.0
1931047_home;315928.92399999965;6400170.713500001;1931047;61:47:28;13:47:28;222448.0;3;63:00:45;15:00:45;226845.0;3;4397.0;63:00:45;15:00:45;226845.0;3;4397.0;1.0;0.579;24.0;0.783;33.0;9.0;0.0
7376042_home;316525.6785000004;6393796.764900001;7376042;41:54:38;17:54:38;150878.0;2;43:06:14;19:06:14;155174.0;2;4296.0;63:00:51;15:00:51;226851.0;3;75973.0;0.057;0.864;36.0;1.0;42.0;6.0;0.0
public_1476323984;320102.5647;6398763.4081;2082236;62:31:07;14:31:07;225067.0;3;63:04:10;15:04:10;227050.0;3;1983.0;63:04:10;15:04:10;227050.0;3;1983.0;1.0;0.399;24.0;0.601;36.0;12.0;0.0
public_1476223449;319933.2193;6401170.750399999;4680943;55:17:50;07:17:50;199070.0;3;56:30:29;08:30:29;203429.0;3;4359.0;63:12:37;15:12:37;227557.0;3;28487.0;0.153;0.814;49.0;1.0;60.0;11.0;0.0
public_1476411636;322906.96690000035;6404263.4789;3262427;60:02:44;12:02:44;216164.0;3;61:39:49;13:39:49;221989.0;3;5825.0;63:14:12;15:14:12;227652.0;3;11488.0;0.507;0.464;20.0;1.0;42.0;22.0;0.0
public_1476096807;322532.3998999996;6398982.919299999;4765107;62:14:20;14:14:20;224060.0;3;63:16:39;15:16:39;227799.0;3;3739.0;63:16:39;15:16:39;227799.0;3;3739.0;1.0;0.623;26.0;0.994;42.0;16.0;0.0
4922457_work;314489.9194;6400962.8781;4922457;55:17:37;07:17:37;199057.0;3;56:08:09;08:08:09;202089.0;3;3032.0;63:18:05;15:18:05;227885.0;3;28828.0;0.105;0.9;38.0;1.0;42.0;4.0;0.0
4922801_work;320081.01769999973;6392687.3935;4922801;54:37:02;06:37:02;196622.0;3;55:47:34;07:47:34;200854.0;3;4232.0;63:19:19;15:19:19;227959.0;3;31337.0;0.135;0.813;34.0;1.0;42.0;8.0;0.0
2207532_home;320557.2982999999;6395328.108899999;2207532;62:26:50;14:26:50;224810.0;3;63:19:50;15:19:50;227990.0;3;3180.0;63:19:50;15:19:50;227990.0;3;3180.0;1.0;0.762;26.0;0.949;32.0;6.0;0.0
4651380_home;316899.9369999999;6401684.5011;4651380;61:46:48;13:46:48;222408.0;3;63:23:18;15:23:18;228198.0;3;5790.0;63:23:18;15:23:18;228198.0;3;5790.0;1.0;0.543;41.0;0.693;52.0;11.0;0.0
1865752_work;323219.4363000002;6411245.012;1865752;55:12:42;07:12:42;198762.0;3;56:11:19;08:11:19;202279.0;3;3517.0;63:24:43;15:24:43;228283.0;3;29521.0;0.119;0.912;47.0;1.0;52.0;5.0;0.0
4586987_work;316333.25;6396379.9375;4586987;55:57:58;07:57:58;201478.0;3;56:22:54;08:22:54;202974.0;3;1496.0;63:25:12;15:25:12;228312.0;3;26834.0;0.056;0.988;51.0;1.0;52.0;1.0;0.0
9669919_work;312789.56819999963;6402809.819;9669919;59:09:39;11:09:39;212979.0;3;60:40:39;12:40:39;218439.0;3;5460.0;63:26:35;15:26:35;228395.0;3;15416.0;0.354;0.698;29.0;1.0;42.0;13.0;0.0
4696156_work;319991.90490000043;6401989.4158;4696156;60:54:40;12:54:40;219280.0;3;61:38:59;13:38:59;221939.0;3;2659.0;63:29:36;15:29:36;228576.0;3;9296.0;0.286;0.96;58.0;1.0;60.0;2.0;0.0
1968103_home;326779.6174999997;6397245.079700001;1968103;62:49:39;14:49:39;226179.0;3;63:32:52;15:32:52;228772.0;3;2593.0;63:32:52;15:32:52;228772.0;3;2593.0;1.0;0.879;46.0;0.975;51.0;5.0;0.0
2077456_home;316245.5480000004;6392664.638;2077456;43:22:27;19:22:27;156147.0;2;46:31:59;22:31:59;167519.0;2;11372.0;63:36:30;15:36:30;228990.0;3;72843.0;0.156;0.536;23.0;1.0;42.0;19.0;0.0
7305559_home;320905.53830000013;6400550.3245;7305559;61:30:07;13:30:07;221407.0;3;62:25:49;14:25:49;224749.0;3;3342.0;63:37:28;15:37:28;229048.0;3;7641.0;0.437;0.894;30.0;1.0;34.0;4.0;0.0
public_1476358537;321972.7374;6402999.425799999;7419900;62:31:09;14:31:09;225069.0;3;63:38:14;15:38:14;229094.0;3;4025.0;63:53:27;15:53:27;230007.0;3;4938.0;0.815;0.685;29.0;1.0;42.0;13.0;0.0
7416337_home;324771.25150000025;6400753.5078;7416337;63:12:05;15:12:05;227525.0;3;63:46:34;15:46:34;229594.0;3;2069.0;63:53:32;15:53:32;230012.0;3;2487.0;0.832;0.967;33.0;1.0;34.0;1.0;0.0
4638279_work;317910.9294999996;6399263.0791;4638279;55:28:16;07:28:16;199696.0;3;57:36:44;09:36:44;207404.0;3;7708.0;63:53:32;15:53:32;230012.0;3;30316.0;0.254;0.56;24.0;1.0;42.0;18.0;0.0
public_1476186294;318281.0625;6406767.736500001;1967295;54:31:50;06:31:50;196310.0;3;55:23:59;07:23:59;199439.0;3;3129.0;63:55:12;15:55:12;230112.0;3;33802.0;0.093;0.828;28.0;1.0;34.0;6.0;0.0
4703580_home;313593.0926999999;6394284.1149;4703580;61:49:52;13:49:52;222592.0;3;62:51:49;14:51:49;226309.0;3;3717.0;63:59:21;15:59:21;230361.0;3;7769.0;0.478;0.89;37.0;1.0;42.0;5.0;0.0
public_1476197380;321710.2089999998;6400207.8992;7305559;63:52:22;15:52:22;229942.0;3;63:59:29;15:59:29;230369.0;3;427.0;63:59:29;15:59:29;230369.0;3;427.0;1.0;0.968;33.0;0.983;33.0;1.0;0.0
5589449_home;308092.21970000025;6400999.085899999;5589449;63:13:49;15:13:49;227629.0;3;64:03:50;16:03:50;230630.0;3;3001.0;64:03:50;16:03:50;230630.0;3;3001.0;1.0;0.435;18.0;0.574;24.0;6.0;0.0
1992661_work;316846.2335000001;6396267.205;1992661;60:13:19;12:13:19;216799.0;3;61:06:19;13:06:19;219979.0;3;3180.0;64:04:03;16:04:03;230643.0;3;13844.0;0.23;0.876;30.0;1.0;34.0;4.0;0.0
5411211_home;324758.08579999954;6405365.0977;5411211;41:17:11;17:17:11;148631.0;2;42:30:24;18:30:24;153024.0;2;4393.0;64:04:14;16:04:14;230654.0;3;82023.0;0.054;0.822;28.0;1.0;34.0;6.0;0.0
9487200_work;317433.2411000002;6400459.9869;9487200;55:31:32;07:31:32;199892.0;3;59:32:19;11:32:19;214339.0;3;14447.0;64:08:32;16:08:32;230912.0;3;31020.0;0.466;0.361;22.0;1.0;60.0;38.0;0.0
public_1475992444;314824.6895000003;6402583.526799999;7358660;64:00:53;16:00:53;230453.0;3;64:09:05;16:09:05;230945.0;3;492.0;64:09:05;16:09:05;230945.0;3;492.0;1.0;0.666;28.0;0.738;31.0;3.0;0.0
public_1476009174;316894.4979999997;6395616.101;4643709;63:19:33;15:19:33;227973.0;3;63:59:59;15:59:59;230399.0;3;2426.0;64:10:11;16:10:11;231011.0;3;3038.0;0.799;0.912;31.0;1.0;34.0;3.0;0.0
2335003_home;316589.86089999974;6405562.8543;2335003;63:47:14;15:47:14;229634.0;3;64:14:41;16:14:41;231281.0;3;1647.0;64:14:41;16:14:41;231281.0;3;1647.0;1.0;0.835;43.0;0.897;47.0;3.0;0.0
9554247_home;322185.4715999998;6402817.8487;9554247;62:27:46;14:27:46;224866.0;3;64:18:37;16:18:37;231517.0;3;6651.0;64:18:37;16:18:37;231517.0;3;6651.0;1.0;0.432;15.0;0.812;28.0;13.0;0.0
public_1476418067;321267.5246000001;6399237.5671;7286338;62:46:32;14:46:32;225992.0;3;63:29:04;15:29:04;228544.0;3;2552.0;64:20:29;16:20:29;231629.0;3;5637.0;0.453;0.902;38.0;1.0;42.0;4.0;0.0
public_1476168894;319299.16610000003;6402493.6647;1994103;64:00:30;16:00:30;230430.0;3;64:22:49;16:22:49;231769.0;3;1339.0;64:22:49;16:22:49;231769.0;3;1339.0;1.0;0.491;29.0;0.627;38.0;8.0;0.0
public_1475963355;319055.13999999966;6397269.9267;9491221;61:39:29;13:39:29;221969.0;3;62:27:09;14:27:09;224829.0;3;2860.0;64:24:53;16:24:53;231893.0;3;9924.0;0.288;0.896;38.0;1.0;42.0;4.0;0.0
public_1476008692;319792.52139999997;6397675.052300001;9542392;61:33:32;13:33:32;221612.0;3;62:28:44;14:28:44;224924.0;3;3312.0;64:26:45;16:26:45;232005.0;3;10393.0;0.319;0.817;28.0;1.0;34.0;6.0;0.0
public_1476300220;327756.2171;6403439.268200001;1968103;63:47:01;15:47:01;229621.0;3;64:28:15;16:28:15;232095.0;3;2474.0;64:28:15;16:28:15;232095.0;3;2474.0;1.0;0.934;49.0;0.997;52.0;3.0;0.0
2033250_work;323747.5815000003;6407969.2947;2033250;55:37:14;07:37:14;200234.0;3;56:19:14;08:19:14;202754.0;3;2520.0;64:30:06;16:30:06;232206.0;3;31972.0;0.079;0.919;31.0;1.0;34.0;3.0;0.0
3040376_work;321229.2577999998;6394824.93;3040376;54:57:23;06:57:23;197843.0;3;55:40:14;07:40:14;200414.0;3;2571.0;64:31:12;16:31:12;232272.0;3;34429.0;0.075;0.947;71.0;1.0;75.0;4.0;0.0
2067447_home;320676.8701999998;6397834.6316;2067447;64:08:27;16:08:27;230907.0;3;64:34:46;16:34:46;232486.0;3;1579.0;64:34:46;16:34:46;232486.0;3;1579.0;1.0;0.606;36.0;0.659;40.0;3.0;0.0
public_1476177973;329737.65699999966;6398541.218;1923602;61:39:40;13:39:40;221980.0;3;62:22:39;14:22:39;224559.0;3;2579.0;64:38:02;16:38:02;232682.0;3;10702.0;0.241;0.948;49.0;1.0;52.0;3.0;0.0
public_1476224224;321379.73319999967;6396355.6888999995;4600956;55:58:58;07:58:58;201538.0;3;56:45:54;08:45:54;204354.0;3;2816.0;64:40:51;16:40:51;232851.0;3;31313.0;0.09;0.902;38.0;1.0;42.0;4.0;0.0
public_1476369035;319248.1955000004;6406051.2818;3127907;62:07:38;14:07:38;223658.0;3;63:45:54;15:45:54;229554.0;3;5896.0;64:42:33;16:42:33;232953.0;3;9295.0;0.634;0.62;32.0;1.0;52.0;20.0;0.0
4610795_work;319423.15359999985;6400390.196;4610795;55:50:53;07:50:53;201053.0;3;58:39:24;10:39:24;211164.0;3;10111.0;64:46:32;16:46:32;233192.0;3;32139.0;0.315;0.254;9.0;1.0;34.0;25.0;0.0
public_1476424204;318784.03220000025;6398588.606000001;9674519;63:29:25;15:29:25;228565.0;3;64:43:54;16:43:54;233034.0;3;4469.0;64:47:14;16:47:14;233234.0;3;4669.0;0.957;0.61;21.0;1.0;34.0;13.0;0.0
2129836_work;322302.7390999999;6396735.0561999995;2129836;59:57:59;11:57:59;215879.0;3;61:15:39;13:15:39;220539.0;3;4660.0;64:48:37;16:48:37;233317.0;3;17438.0;0.267;0.845;44.0;1.0;52.0;8.0;0.0
4622766_work;320929.21630000044;6398009.829399999;4622766;56:03:29;08:03:29;201809.0;3;59:04:14;11:04:14;212654.0;3;10845.0;64:49:48;16:49:48;233388.0;3;31579.0;0.343;0.526;32.0;1.0;60.0;28.0;0.0
7412772_work;319601.41750000045;6399305.051100001;7412772;60:36:39;12:36:39;218199.0;3;62:12:39;14:12:39;223959.0;3;5760.0;64:50:09;16:50:09;233409.0;3;15210.0;0.379;0.701;29.0;1.0;42.0;13.0;0.0
2082244_work;321759.9375;6395775.261700001;2082244;56:11:42;08:11:42;202302.0;3;58:20:59;10:20:59;210059.0;3;7757.0;64:53:33;16:53:33;233613.0;3;31311.0;0.248;0.434;15.0;1.0;34.0;19.0;0.0
public_1475997659;320853.3044999996;6399715.852;4638279;64:00:16;16:00:16;230416.0;3;64:30:14;16:30:14;232214.0;3;1798.0;64:54:22;16:54:22;233662.0;3;3246.0;0.554;0.978;41.0;1.0;42.0;1.0;0.0
7490377_work;316552.9079;6410483.562999999;7490377;56:15:19;08:15:19;202519.0;3;57:34:59;09:34:59;207299.0;3;4780.0;64:57:09;16:57:09;233829.0;3;31310.0;0.153;0.773;32.0;1.0;42.0;10.0;0.0
public_1476361959;312768.0022999998;6395155.409399999;1932498;63:28:52;15:28:52;228532.0;3;64:57:52;16:57:52;233872.0;3;5340.0;64:57:52;16:57:52;233872.0;3;5340.0;1.0;0.149;5.0;0.981;33.0;28.0;0.0
public_1476280827;324500.9771999996;6405829.903100001;2323688;62:56:25;14:56:25;226585.0;3;63:47:34;15:47:34;229654.0;3;3069.0;65:09:00;17:09:00;234540.0;3;7955.0;0.386;0.866;36.0;1.0;42.0;6.0;0.0
7494733_home;320931.8605000004;6395287.4657000005;7494733;64:44:15;16:44:15;233055.0;3;65:09:38;17:09:38;234578.0;3;1523.0;65:09:38;17:09:38;234578.0;3;1523.0;1.0;0.451;27.0;0.5;30.0;3.0;0.0
public_1476198808;320565.0893000001;6397119.848999999;1936362;64:58:26;16:58:26;233906.0;3;65:11:29;17:11:29;234689.0;3;783.0;65:11:29;17:11:29;234689.0;3;783.0;1.0;0.697;24.0;0.837;28.0;5.0;0.0
3262427_home;318453.77990000043;6409916.0055;3262427;63:36:21;15:36:21;228981.0;3;64:36:34;16:36:34;232594.0;3;3613.0;65:12:35;17:12:35;234755.0;3;5774.0;0.626;0.895;38.0;1.0;42.0;4.0;0.0
9403888_home;317359.98610000033;6398625.0287;9403888;60:45:44;12:45:44;218744.0;3;63:37:34;15:37:34;229054.0;3;10310.0;65:15:14;17:15:14;234914.0;3;16170.0;0.638;0.585;25.0;1.0;42.0;17.0;0.0
7400203_work;322251.63599999994;6392563.232999999;7400203;56:06:08;08:06:08;201968.0;3;59:09:39;11:09:39;212979.0;3;11011.0;65:19:01;17:19:01;235141.0;3;33173.0;0.332;0.472;25.0;1.0;52.0;27.0;0.0
9554976_home;325264.1062000003;6405110.642000001;9554976;63:22:52;15:22:52;228172.0;3;65:19:10;17:19:10;235150.0;3;6978.0;65:19:10;17:19:10;235150.0;3;6978.0;1.0;0.298;16.0;0.559;29.0;14.0;0.0
2313708_work;319848.8702999996;6401758.5788;2313708;55:31:50;07:31:50;199910.0;3;57:57:04;09:57:04;208624.0;3;8714.0;65:19:46;17:19:46;235186.0;3;35276.0;0.247;0.352;12.0;1.0;34.0;22.0;0.0
public_1476393047;314816.28529999964;6401746.3893;2082244;65:10:03;17:10:03;234603.0;3;65:21:25;17:21:25;235285.0;3;682.0;65:21:25;17:21:25;235285.0;3;682.0;1.0;0.919;31.0;0.97;33.0;2.0;0.0
7451976_work;318841.21609999985;6397293.1721;7451976;55:53:10;07:53:10;201190.0;3;57:23:59;09:23:59;206639.0;3;5449.0;65:24:55;17:24:55;235495.0;3;34305.0;0.159;0.673;23.0;1.0;34.0;11.0;0.0
4638279_home;317118.91449999996;6399185.704600001;4638279;65:00:37;17:00:37;234037.0;3;65:31:59;17:31:59;235919.0;3;1882.0;65:32:54;17:32:54;235974.0;3;1937.0;0.972;0.975;41.0;1.0;42.0;1.0;0.0
7358660_home;318772.68200000003;6399748.147600001;7358660;64:22:39;16:22:39;231759.0;3;65:34:26;17:34:26;236066.0;3;4307.0;65:34:26;17:34:26;236066.0;3;4307.0;1.0;0.686;29.0;0.89;37.0;9.0;0.0
public_1476320783;317490.9028000003;6398776.622199999;2210280;60:48:43;12:48:43;218923.0;3;61:23:49;13:23:49;221029.0;3;2106.0;65:37:16;17:37:16;236236.0;3;17313.0;0.122;0.979;59.0;1.0;60.0;1.0;0.0
4785109_home;325314.3842000002;6410331.5118;4785109;64:37:47;16:37:47;232667.0;3;65:39:34;17:39:34;236374.0;3;3707.0;65:39:34;17:39:34;236374.0;3;3707.0;1.0;0.316;19.0;0.436;26.0;7.0;0.0
9396074_home;328259.99619999994;6403013.2424;9396074;64:11:59;16:11:59;231119.0;3;65:40:01;17:40:01;236401.0;3;5282.0;65:40:01;17:40:01;236401.0;3;5282.0;1.0;0.746;45.0;0.921;55.0;10.0;0.0
4655013_work;317520.4419999998;6402132.8707;4655013;56:28:03;08:28:03;203283.0;3;56:47:59;08:47:59;204479.0;3;1196.0;65:42:44;17:42:44;236564.0;3;33281.0;0.036;0.991;74.0;1.0;75.0;1.0;0.0
public_1476231147;329677.70100000035;6393541.6162;4575456;65:01:09;17:01:09;234069.0;3;65:42:47;17:42:47;236567.0;3;2498.0;65:42:47;17:42:47;236567.0;3;2498.0;1.0;0.427;26.0;0.681;41.0;15.0;0.0
2077456_home;316245.5480000004;6392664.638;2077456;65:30:15;17:30:15;235815.0;3;65:43:54;17:43:54;236634.0;3;819.0;65:43:54;17:43:54;236634.0;3;819.0;1.0;0.947;40.0;0.981;41.0;1.0;0.0
2067447_home;320676.8701999998;6397834.6316;2067447;65:28:51;17:28:51;235731.0;3;65:53:08;17:53:08;237188.0;3;1457.0;65:53:08;17:53:08;237188.0;3;1457.0;1.0;0.637;38.0;0.684;41.0;3.0;0.0
7420298_home;316843.5410000002;6405798.7195999995;7420298;63:51:17;15:51:17;229877.0;3;65:54:26;17:54:26;237266.0;3;7389.0;65:54:26;17:54:26;237266.0;3;7389.0;1.0;0.644;27.0;0.986;41.0;14.0;0.0
public_1476077143;312722.4956;6402428.275699999;9416099;63:10:21;15:10:21;227421.0;3;64:30:49;16:30:49;232249.0;3;4828.0;65:55:58;17:55:58;237358.0;3;9937.0;0.486;0.61;26.0;1.0;42.0;16.0;0.0
2033206_work;329046.79279999994;6395900.8002;2033206;55:31:51;07:31:51;199911.0;3;56:23:34;08:23:34;203014.0;3;3103.0;65:56:05;17:56:05;237365.0;3;37454.0;0.083;0.895;38.0;1.0;42.0;4.0;0.0
public_1476421083;319453.5351;6400858.7137;5908847;64:23:37;16:23:37;231817.0;3;65:05:09;17:05:09;234309.0;3;2492.0;65:56:50;17:56:50;237410.0;3;5593.0;0.446;0.91;31.0;1.0;34.0;3.0;0.0
public_1476304420;318816.81149999984;6399642.367000001;4803676;62:59:13;14:59:13;226753.0;3;64:32:29;16:32:29;232349.0;3;5596.0;65:57:17;17:57:17;237437.0;3;10684.0;0.524;0.688;41.0;1.0;60.0;19.0;0.0
public_1476339058;315557.1556000002;6400697.361099999;4604173;64:37:31;16:37:31;232651.0;3;65:34:09;17:34:09;236049.0;3;3398.0;66:11:29;18:11:29;238289.0;3;5638.0;0.603;0.789;33.0;1.0;42.0;9.0;0.0
2326800_work;320462.31209999975;6398789.2698;2326800;54:35:27;06:35:27;196527.0;3;55:23:14;07:23:14;199394.0;3;2867.0;66:11:42;18:11:42;238302.0;3;41775.0;0.069;0.912;38.0;1.0;42.0;4.0;0.0
1997792_work;313158.9193000002;6403572.5571;1997792;56:45:14;08:45:14;204314.0;3;57:36:19;09:36:19;207379.0;3;3065.0;66:15:42;18:15:42;238542.0;3;34228.0;0.09;0.898;38.0;1.0;42.0;4.0;0.0
4598048_home;322654.2934999997;6399796.4296;4598048;65:15:27;17:15:27;234927.0;3;66:17:30;18:17:30;238650.0;3;3723.0;66:17:30;18:17:30;238650.0;3;3723.0;1.0;0.826;28.0;0.996;34.0;6.0;0.0
public_1476367203;317475.3247999996;6401812.807399999;2323108;64:20:38;16:20:38;231638.0;3;65:39:19;17:39:19;236359.0;3;4721.0;66:23:01;18:23:01;238981.0;3;7343.0;0.643;0.625;26.0;1.0;42.0;16.0;0.0
7411640_work;317646.9776999997;6401354.9099;7411640;56:55:40;08:55:40;204940.0;3;57:42:54;09:42:54;207774.0;3;2834.0;66:34:28;18:34:28;239668.0;3;34728.0;0.082;0.915;38.0;1.0;42.0;4.0;0.0
public_1476401873;320936.36149999965;6400335.489499999;4638257;65:30:06;17:30:06;235806.0;3;66:35:11;18:35:11;239711.0;3;3905.0;66:35:11;18:35:11;239711.0;3;3905.0;1.0;0.339;14.0;0.906;38.0;24.0;0.0
public_1476162075;315698.9042999996;6392867.8893;7507349;64:44:37;16:44:37;233077.0;3;65:41:44;17:41:44;236504.0;3;3427.0;66:38:33;18:38:33;239913.0;3;6836.0;0.501;0.785;33.0;1.0;42.0;9.0;0.0
public_1476096807;322532.3998999996;6398982.919299999;1881045;65:47:04;17:47:04;236824.0;3;66:41:31;18:41:31;240091.0;3;3267.0;66:41:31;18:41:31;240091.0;3;3267.0;1.0;0.895;54.0;0.999;60.0;6.0;0.0
public_1476020078;329414.4375;6406326.385;1895844;44:45:08;20:45:08;161108.0;2;45:43:09;21:43:09;164589.0;2;3481.0;66:47:05;18:47:05;240425.0;3;79317.0;0.044;0.903;54.0;1.0;60.0;6.0;0.0
2017659_work;322975.89630000014;6407001.494200001;2017659;57:47:06;09:47:06;208026.0;3;58:34:29;10:34:29;210869.0;3;2843.0;66:58:37;18:58:37;241117.0;3;33091.0;0.086;0.951;57.0;1.0;60.0;3.0;0.0
public_1476094993;319738.0734000001;6399436.431700001;4703580;64:13:40;16:13:40;231220.0;3;64:55:59;16:55:59;233759.0;3;2539.0;67:04:17;19:04:17;241457.0;3;10237.0;0.248;0.934;39.0;1.0;42.0;3.0;0.0
public_1476003122;314452.12040000036;6400937.1417;2017922;66:48:07;18:48:07;240487.0;3;67:06:49;19:06:49;241609.0;3;1122.0;67:06:49;19:06:49;241609.0;3;1122.0;1.0;0.644;27.0;0.807;34.0;7.0;0.0
public_1476094081;317139.9598000003;6394338.497099999;2324135;66:39:56;18:39:56;239996.0;3;67:10:17;19:10:17;241817.0;3;1821.0;67:10:17;19:10:17;241817.0;3;1821.0;1.0;0.695;24.0;0.961;33.0;9.0;0.0
1896793_home;329267.9921000004;6401901.366900001;1896793;66:09:09;18:09:09;238149.0;3;67:14:53;19:14:53;242093.0;3;3944.0;67:14:53;19:14:53;242093.0;3;3944.0;1.0;0.834;35.0;0.994;42.0;7.0;0.0
public_1476375803;320010.1191999996;6396836.6919;5589721;66:53:17;18:53:17;240797.0;3;67:22:49;19:22:49;242569.0;3;1772.0;67:22:49;19:22:49;242569.0;3;1772.0;1.0;0.471;28.0;0.651;39.0;11.0;0.0
public_1476203079;321534.5303999996;6394544.737;4610082;66:46:50;18:46:50;240410.0;3;67:26:40;19:26:40;242800.0;3;2390.0;67:26:40;19:26:40;242800.0;3;2390.0;1.0;0.603;21.0;0.964;33.0;12.0;0.0
4605109_home;317286.32459999993;6401465.9474;4605109;63:58:37;15:58:37;230317.0;3;65:05:24;17:05:24;234324.0;3;4007.0;67:28:28;19:28:28;242908.0;3;12591.0;0.318;0.918;55.0;1.0;60.0;5.0;0.0
public_1476019114;320727.63320000004;6405340.1182;5908847;66:03:57;18:03:57;237837.0;3;66:36:14;18:36:14;239774.0;3;1937.0;67:35:07;19:35:07;243307.0;3;5470.0;0.354;0.965;33.0;1.0;34.0;1.0;0.0
1881178_home;308685.8351999996;6403612.2498;1881178;65:02:58;17:02:58;234178.0;3;67:04:09;19:04:09;241449.0;3;7271.0;67:46:31;19:46:31;243991.0;3;9813.0;0.741;0.669;23.0;1.0;34.0;11.0;0.0
1968155_work;326860.3532999996;6395579.339400001;1968155;62:29:34;14:29:34;224974.0;3;65:15:34;17:15:34;234934.0;3;9960.0;67:56:30;19:56:30;244590.0;3;19616.0;0.508;0.267;9.0;1.0;34.0;25.0;0.0
2325706_home;309005.8250000002;6404601.293500001;2325706;67:22:26;19:22:26;242546.0;3;68:29:15;20:29:15;246555.0;3;4009.0;68:29:15;20:29:15;246555.0;3;4009.0;1.0;0.201;8.0;0.386;16.0;8.0;0.0
4640936_home;321243.12349999975;6397118.1767;4640936;67:31:33;19:31:33;243093.0;3;68:39:08;20:39:08;247148.0;3;4055.0;68:39:08;20:39:08;247148.0;3;4055.0;1.0;0.707;24.0;0.939;32.0;8.0;0.0
public_1476428745;319498.6796000004;6401884.5024;4732865;68:12:35;20:12:35;245555.0;3;68:46:55;20:46:55;247615.0;3;2060.0;68:46:55;20:46:55;247615.0;3;2060.0;1.0;0.258;15.0;0.468;28.0;13.0;0.0
public_1476034079;322703.7105999999;6401769.2029;1869969;59:35:39;11:35:39;214539.0;3;60:14:44;12:14:44;216884.0;3;2345.0;69:50:40;21:50:40;251440.0;3;36901.0;0.064;0.95;40.0;1.0;42.0;2.0;0.0
4703597_work;318310.8629999999;6399453.8467999995;4703597;60:36:03;12:36:03;218163.0;3;61:39:24;13:39:24;221964.0;3;3801.0;70:21:42;22:21:42;253302.0;3;35139.0;0.108;0.821;28.0;1.0;34.0;6.0;0.0
4730932_home;319089.36849999987;6398077.2782000005;4730932;68:52:47;20:52:47;247967.0;3;73:30:54;01:30:54;264654.0;4;16687.0;76:04:55;04:04:55;273895.0;4;25928.0;0.644;0.436;23.0;1.0;52.0;29.0;0.0
4661436_home;314956.0870000003;6403678.3912;4661436;64:23:57;16:23:57;231837.0;3;70:26:39;22:26:39;253599.0;3;21762.0;76:35:18;04:35:18;275718.0;4;43881.0;0.496;0.343;21.0;1.0;60.0;39.0;0.0
9416099_home;314325.8287000004;6395412.431;9416099;66:06:27;18:06:27;237987.0;3;66:49:04;18:49:04;240544.0;3;2557.0;77:11:29;05:11:29;277889.0;4;39902.0;0.064;0.944;40.0;1.0;42.0;2.0;0.0
10164431_home;316368.40249999985;6407017.024900001;10164431;67:25:03;19:25:03;242703.0;3;71:12:19;23:12:19;256339.0;3;13636.0;77:30:10;05:30:10;279010.0;4;36307.0;0.376;0.305;10.0;1.0;34.0;24.0;0.0
4623097_home;328672.36000000034;6404050.9935;4623097;62:57:40;14:57:40;226660.0;3;65:31:39;17:31:39;235899.0;3;9239.0;77:57:20;05:57:20;280640.0;4;53980.0;0.171;0.557;19.0;1.0;34.0;15.0;0.0
5883581_home;328332.4935999997;6402363.8849;5883581;64:18:57;16:18:57;231537.0;3;66:31:54;18:31:54;239514.0;3;7977.0;77:59:38;05:59:38;280778.0;4;49241.0;0.162;0.693;29.0;1.0;42.0;13.0;0.0
1966715_home;329035.59250000026;6403203.294;1966715;63:53:34;15:53:34;230014.0;3;65:31:54;17:31:54;235914.0;3;5900.0;78:03:06;06:03:06;280986.0;4;50972.0;0.116;0.789;33.0;1.0;42.0;9.0;0.0
1931224_home;315805.61230000015;6400721.7006;1931224;64:57:55;16:57:55;233875.0;3;66:07:39;18:07:39;238059.0;3;4184.0;78:04:07;06:04:07;281047.0;4;47172.0;0.089;0.859;36.0;1.0;42.0;6.0;0.0
3257662_home;327656.98890000023;6395383.957599999;3257662;63:13:23;15:13:23;227603.0;3;63:49:14;15:49:14;229754.0;3;2151.0;78:07:13;06:07:13;281233.0;4;53630.0;0.04;0.963;40.0;1.0;42.0;2.0;0.0
2321646_home;313358.7719999999;6393679.8517;2321646;64:48:22;16:48:22;233302.0;3;66:10:59;18:10:59;238259.0;3;4957.0;78:13:44;06:13:44;281624.0;4;48322.0;0.103;0.802;27.0;1.0;34.0;7.0;0.0
public_1476212394;326209.48929999955;6403792.665100001;1967295;64:13:06;16:13:06;231186.0;3;64:58:09;16:58:09;233889.0;3;2703.0;78:14:00;06:14:00;281640.0;4;50454.0;0.054;0.916;31.0;1.0;34.0;3.0;0.0
9521447_home;322938.11209999956;6410908.1974;9521447;65:12:14;17:12:14;234734.0;3;70:31:39;22:31:39;253899.0;3;19165.0;78:14:05;06:14:05;281645.0;4;46911.0;0.409;0.343;18.0;1.0;52.0;34.0;0.0
2326800_home;311112.9902999997;6406515.050799999;2326800;66:30:50;18:30:50;239450.0;3;67:25:59;19:25:59;242759.0;3;3309.0;78:15:06;06:15:06;281706.0;4;42256.0;0.078;0.909;38.0;1.0;42.0;4.0;0.0
public_1476348425;316060.0471000001;6396218.7128;4704389;64:49:20;16:49:20;233360.0;3;67:05:09;19:05:09;241509.0;3;8149.0;78:25:55;06:25:55;282355.0;4;48995.0;0.166;0.478;36.0;1.0;75.0;39.0;0.0
1996417_home;315088.1275000004;6392900.0217;1996417;64:30:57;16:30:57;232257.0;3;65:46:49;17:46:49;236809.0;3;4552.0;78:30:25;06:30:25;282625.0;4;50368.0;0.09;0.89;46.0;1.0;52.0;6.0;0.0
8253956_home;321798.40660000034;6397594.6765;8253956;64:18:37;16:18:37;231517.0;3;65:40:09;17:40:09;236409.0;3;4892.0;78:31:07;06:31:07;282667.0;4;51150.0;0.096;0.824;35.0;1.0;42.0;7.0;0.0
9664484_home;314380.07550000027;6390999.892000001;9664484;66:25:23;18:25:23;239123.0;3;69:22:54;21:22:54;249774.0;3;10651.0;78:31:38;06:31:38;282698.0;4;43575.0;0.244;0.476;16.0;1.0;34.0;18.0;0.0
7478971_home;327915.05009999964;6403405.9361000005;7478971;65:15:06;17:15:06;234906.0;3;66:45:39;18:45:39;240339.0;3;5433.0;78:32:31;06:32:31;282751.0;4;47845.0;0.114;0.762;26.0;1.0;34.0;8.0;0.0
1865752_home;321480.08949999977;6409595.385600001;1865752;64:04:47;16:04:47;230687.0;3;65:17:49;17:17:49;235069.0;3;4382.0;78:37:22;06:37:22;283042.0;4;52355.0;0.084;0.887;46.0;1.0;52.0;6.0;0.0
public_1476108201;317989.1286000004;6398849.0778;1916724;61:58:00;13:58:00;223080.0;3;63:47:34;15:47:34;229654.0;3;6574.0;78:41:58;06:41:58;283318.0;4;60238.0;0.109;0.502;26.0;1.0;52.0;26.0;0.0
public_1476023513;321586.2309999997;6398464.912900001;2068881;64:38:12;16:38:12;232692.0;3;65:30:59;17:30:59;235859.0;3;3167.0;78:44:04;06:44:04;283444.0;4;50752.0;0.062;0.851;36.0;1.0;42.0;6.0;0.0
1926043_home;324798.80480000004;6403462.5175;1926043;63:17:11;15:17:11;227831.0;3;64:20:39;16:20:39;231639.0;3;3808.0;78:47:03;06:47:03;283623.0;4;55792.0;0.068;0.873;37.0;1.0;42.0;5.0;0.0
public_1476272518;323407.45330000017;6411357.800899999;10006768;65:17:27;17:17:27;235047.0;3;66:06:49;18:06:49;238009.0;3;2962.0;78:47:29;06:47:29;283649.0;4;48602.0;0.061;0.9;68.0;1.0;75.0;7.0;0.0
1943660_home;311100.1476999996;6404846.6785;1943660;64:35:30;16:35:30;232530.0;3;67:04:34;19:04:34;241474.0;3;8944.0;78:47:33;06:47:33;283653.0;4;51123.0;0.175;0.726;38.0;1.0;52.0;14.0;0.0
4922102_home;312494.0672000004;6396388.6391;4922102;64:45:35;16:45:35;233135.0;3;68:40:04;20:40:04;247204.0;3;14069.0;78:48:45;06:48:45;283725.0;4;50590.0;0.278;0.411;17.0;1.0;42.0;25.0;0.0
4601394_home;317394.1656999998;6402214.979800001;4601394;64:19:56;16:19:56;231596.0;3;68:32:34;20:32:34;246754.0;3;15158.0;78:49:16;06:49:16;283756.0;4;52160.0;0.291;0.361;15.0;1.0;42.0;27.0;0.0
2045441_home;321521.1325000003;6396551.181299999;2045441;65:31:17;17:31:17;235877.0;3;66:11:14;18:11:14;238274.0;3;2397.0;78:50:14;06:50:14;283814.0;4;47937.0;0.05;0.937;32.0;1.0;34.0;2.0;0.0
4782568_home;321683.6560000004;6399949.578;4782568;68:14:14;20:14:14;245654.0;3;75:20:24;03:20:24;271224.0;4;25570.0;78:51:21;06:51:21;283881.0;4;38227.0;0.669;0.362;27.0;1.0;75.0;48.0;0.0
10006014_home;323523.2363999998;6411247.2147;10006014;65:43:19;17:43:19;236599.0;3;67:55:19;19:55:19;244519.0;3;7920.0;78:52:20;06:52:20;283940.0;4;47341.0;0.167;0.688;29.0;1.0;42.0;13.0;0.0
1943639_home;311122.67229999974;6405847.920499999;1943639;66:09:18;18:09:18;238158.0;3;69:20:39;21:20:39;249639.0;3;11481.0;78:52:34;06:52:34;283954.0;4;45796.0;0.251;0.429;15.0;1.0;34.0;19.0;0.0
9396643_home;326757.8195000002;6402383.2644;9396643;66:38:29;18:38:29;239909.0;3;72:02:14;00:02:14;259334.0;4;19425.0;79:00:45;07:00:45;284445.0;4;44536.0;0.436;0.334;17.0;1.0;52.0;35.0;0.0
2209674_home;322963.81379999965;6392997.7839;2209674;66:20:10;18:20:10;238810.0;3;67:21:24;19:21:24;242484.0;3;3674.0;79:01:45;07:01:45;284505.0;4;45695.0;0.08;0.928;70.0;1.0;75.0;5.0;0.0
7320517_home;316621.05790000036;6395551.0984000005;7320517;64:44:08;16:44:08;233048.0;3;66:04:34;18:04:34;237874.0;3;4826.0;79:02:31;07:02:31;284551.0;4;51503.0;0.094;0.809;28.0;1.0;34.0;6.0;0.0
2040830_home;318588.2505000001;6391753.476299999;2040830;68:27:16;20:27:16;246436.0;3;72:08:04;00:08:04;259684.0;4;13248.0;79:03:53;07:03:53;284633.0;4;38197.0;0.347;0.449;19.0;1.0;42.0;23.0;0.0
public_1476049678;320271.5329;6399452.081;10004860;77:54:21;05:54:21;280461.0;4;78:58:29;06:58:29;284309.0;4;3848.0;79:03:56;07:03:56;284636.0;4;4175.0;0.922;0.721;25.0;1.0;34.0;9.0;0.0
public_1476044137;312573.27190000005;6394153.5075;4922457;63:27:47;15:27:47;228467.0;3;64:06:44;16:06:44;230804.0;3;2337.0;79:06:27;07:06:27;284787.0;4;56320.0;0.041;0.951;40.0;1.0;42.0;2.0;0.0
4680943_home;329416.16339999996;6403172.245200001;4680943;64:44:14;16:44:14;233054.0;3;66:11:04;18:11:04;238264.0;3;5210.0;79:06:53;07:06:53;284813.0;4;51759.0;0.101;0.879;53.0;1.0;60.0;7.0;0.0
public_1476197696;324990.6042999998;6405608.475199999;2071824;58:52:48;10:52:48;211968.0;3;60:31:34;12:31:34;217894.0;3;5926.0;79:07:24;07:07:24;284844.0;4;72876.0;0.081;0.347;12.0;1.0;34.0;22.0;0.0
2096488_home;325159.2340000002;6400665.3972;2096488;56:46:19;08:46:19;204379.0;3;60:49:09;12:49:09;218949.0;3;14570.0;79:08:59;07:08:59;284939.0;4;80560.0;0.181;0.36;15.0;1.0;42.0;27.0;0.0
1927923_home;317830.2774;6402212.6042;1927923;64:41:48;16:41:48;232908.0;3;69:33:09;21:33:09;250389.0;3;17481.0;79:09:21;07:09:21;284961.0;4;52053.0;0.336;0.572;43.0;1.0;75.0;32.0;0.0
2209754_home;323480.29559999984;6390555.0019000005;2209754;64:17:46;16:17:46;231466.0;3;70:47:29;22:47:29;254849.0;3;23383.0;79:09:22;07:09:22;284962.0;4;53496.0;0.437;0.419;31.0;1.0;75.0;44.0;0.0
1943706_home;311288.9951999998;6405624.982999999;1943706;60:15:01;12:15:01;216901.0;3;62:58:14;14:58:14;226694.0;3;9793.0;79:09:45;07:09:45;284985.0;4;68084.0;0.144;0.492;17.0;1.0;34.0;17.0;0.0
1967249_home;326381.0148;6403922.1515999995;1967249;64:10:51;16:10:51;231051.0;3;66:19:14;18:19:14;238754.0;3;7703.0;79:09:57;07:09:57;284997.0;4;53946.0;0.143;0.694;29.0;1.0;42.0;13.0;0.0
1966722_home;328575.2407999998;6402743.3171999995;1966722;63:49:57;15:49:57;229797.0;3;69:35:19;21:35:19;250519.0;3;20722.0;79:11:40;07:11:40;285100.0;4;55303.0;0.375;0.368;22.0;1.0;60.0;38.0;0.0
4785109_home;325314.3842000002;6410331.5118;4785109;66:36:52;18:36:52;239812.0;3;72:39:54;00:39:54;261594.0;4;21782.0;79:11:46;07:11:46;285106.0;4;45294.0;0.481;0.342;21.0;1.0;60.0;39.0;0.0
1994057_home;314400.6409;6394212.232799999;1994057;61:34:19;13:34:19;221659.0;3;63:11:14;15:11:14;227474.0;3;5815.0;79:12:51;07:12:51;285171.0;4;63512.0;0.092;0.793;33.0;1.0;42.0;9.0;0.0
2127986_home;325402.50270000007;6393373.5086;2127986;65:26:23;17:26:23;235583.0;3;71:58:44;23:58:44;259124.0;3;23541.0;79:14:27;07:14:27;285267.0;4;49684.0;0.474;0.285;17.0;1.0;60.0;43.0;0.0
public_1476166354;314854.7056999998;6394602.3763999995;4768346;66:15:20;18:15:20;238520.0;3;67:18:29;19:18:29;242309.0;3;3789.0;79:15:12;07:15:12;285312.0;4;46792.0;0.081;0.732;25.0;1.0;34.0;9.0;0.0
2313708_home;309300.14800000004;6391469.8179;2313708;65:36:13;17:36:13;236173.0;3;66:24:09;18:24:09;239049.0;3;2876.0;79:15:44;07:15:44;285344.0;4;49171.0;0.058;0.921;31.0;1.0;34.0;3.0;0.0
2017265_home;329939.13379999995;6399812.3024;2017265;67:52:37;19:52:37;244357.0;3;74:59:04;02:59:04;269944.0;4;25587.0;79:19:02;07:19:02;285542.0;4;41185.0;0.621;0.361;27.0;1.0;75.0;48.0;0.0
4644491_home;320223.4051000001;6399509.029999999;4644491;65:28:34;17:28:34;235714.0;3;69:48:34;21:48:34;251314.0;3;15600.0;79:21:44;07:21:44;285704.0;4;49990.0;0.312;0.34;14.0;1.0;42.0;28.0;0.0
public_1476355162;320332.9748999998;6404429.1285999995;9452178;68:38:42;20:38:42;247122.0;3;69:42:14;21:42:14;250934.0;3;3812.0;79:21:46;07:21:46;285706.0;4;38584.0;0.099;0.865;45.0;1.0;52.0;7.0;0.0
2040745_home;317672.99120000005;6391419.2917;2040745;64:14:37;16:14:37;231277.0;3;68:05:29;20:05:29;245129.0;3;13852.0;79:22:39;07:22:39;285759.0;4;54482.0;0.254;0.293;10.0;1.0;34.0;24.0;0.0
public_1476105302;316472.1551000001;6404766.7414;9487200;78:11:41;06:11:41;281501.0;4;79:15:14;07:15:14;285314.0;4;3813.0;79:22:58;07:22:58;285778.0;4;4277.0;0.892;0.87;52.0;1.0;60.0;8.0;0.0
public_1476309135;324114.25009999983;6411712.375700001;5412441;56:41:03;08:41:03;204063.0;3;57:43:29;09:43:29;207809.0;3;3746.0;79:23:21;07:23:21;285801.0;4;81738.0;0.046;0.692;24.0;1.0;34.0;10.0;0.0
9430697_home;328455.58609999996;6404066.8046;9430697;67:44:07;19:44:07;243847.0;3;74:09:44;02:09:44;266984.0;4;23137.0;79:24:01;07:24:01;285841.0;4;41994.0;0.551;0.298;18.0;1.0;60.0;42.0;0.0
7359830_home;321209.2385;6400618.294399999;7359830;65:39:20;17:39:20;236360.0;3;69:13:34;21:13:34;249214.0;3;12854.0;79:24:11;07:24:11;285851.0;4;49491.0;0.26;0.35;12.0;1.0;34.0;22.0;0.0
2026654_home;320609.6179999998;6398121.9013;2026654;65:14:22;17:14:22;234862.0;3;68:05:39;20:05:39;245139.0;3;10277.0;79:24:43;07:24:43;285883.0;4;51021.0;0.201;0.487;17.0;1.0;34.0;17.0;0.0
5563006_home;321917.1059999997;6397369.3343;5563006;56:45:55;08:45:55;204355.0;3;61:56:54;13:56:54;223014.0;3;18659.0;79:24:51;07:24:51;285891.0;4;81536.0;0.229;0.334;17.0;1.0;52.0;35.0;0.0
4638279_home;317118.91449999996;6399185.704600001;4638279;66:36:36;18:36:36;239796.0;3;67:06:44;19:06:44;241604.0;3;1808.0;79:26:14;07:26:14;285974.0;4;46178.0;0.039;0.977;41.0;1.0;42.0;1.0;0.0
4923723_home;304319.34420000017;6400777.7905;4923723;61:57:04;13:57:04;223024.0;3;64:02:09;16:02:09;230529.0;3;7505.0;79:27:19;07:27:19;286039.0;4;63015.0;0.119;0.656;22.0;1.0;34.0;12.0;0.0
1994334_home;313791.6235999996;6394032.231699999;1994334;64:04:40;16:04:40;230680.0;3;65:15:54;17:15:54;234954.0;3;4274.0;79:29:46;07:29:46;286186.0;4;55506.0;0.077;0.901;47.0;1.0;52.0;5.0;0.0
public_1476010562;313882.98369999975;6391439.9713;9668329;64:25:23;16:25:23;231923.0;3;65:32:54;17:32:54;235974.0;3;4051.0;79:29:53;07:29:53;286193.0;4;54270.0;0.075;0.684;23.0;1.0;34.0;11.0;0.0
4702543_home;315828.16889999993;6400310.1654;4702543;66:22:37;18:22:37;238957.0;3;68:23:44;20:23:44;246224.0;3;7267.0;79:33:59;07:33:59;286439.0;4;47482.0;0.153;0.67;23.0;1.0;34.0;11.0;0.0
public_1476311373;309598.2909000004;6403763.364800001;3255172;64:18:57;16:18:57;231537.0;3;65:20:14;17:20:14;235214.0;3;3677.0;79:35:26;07:35:26;286526.0;4;54989.0;0.067;0.751;26.0;1.0;34.0;8.0;0.0
4598777_home;321474.26910000015;6400655.366699999;4598777;68:16:46;20:16:46;245806.0;3;72:08:44;00:08:44;259724.0;4;13918.0;79:36:46;07:36:46;286606.0;4;40800.0;0.341;0.418;18.0;1.0;42.0;24.0;0.0
2016161_home;329121.0730999997;6401807.5572999995;2016161;66:46:13;18:46:13;240373.0;3;68:08:09;20:08:09;245289.0;3;4916.0;79:38:17;07:38:17;286697.0;4;46324.0;0.106;0.804;27.0;1.0;34.0;7.0;0.0
5934086_home;314901.0267000003;6403576.2807;5934086;68:00:14;20:00:14;244814.0;3;74:31:34;02:31:34;268294.0;4;23480.0;79:39:52;07:39:52;286792.0;4;41978.0;0.559;0.416;31.0;1.0;75.0;44.0;0.0
7310458_home;324172.4045000002;6401163.9405000005;7310458;56:36:06;08:36:06;203766.0;3;57:50:49;09:50:49;208249.0;3;4483.0;79:41:11;07:41:11;286871.0;4;83105.0;0.054;0.829;28.0;1.0;34.0;6.0;0.0
4772341_home;320920.3432;6396230.035499999;4772341;61:57:48;13:57:48;223068.0;3;65:53:14;17:53:14;237194.0;3;14126.0;79:41:29;07:41:29;286889.0;4;63821.0;0.221;0.659;49.0;1.0;75.0;26.0;0.0
1942038_home;308618.1068000002;6403168.310799999;1942038;65:26:59;17:26:59;235619.0;3;66:59:19;18:59:19;241159.0;3;5540.0;79:43:26;07:43:26;287006.0;4;51387.0;0.108;0.806;34.0;1.0;42.0;8.0;0.0
7454011_home;319803.1047;6399061.3082;7454011;67:55:13;19:55:13;244513.0;3;70:53:29;22:53:29;255209.0;3;10696.0;79:44:56;07:44:56;287096.0;4;42583.0;0.251;0.473;16.0;1.0;34.0;18.0;0.0
10004086_home;324725.4099000003;6411738.0989;10004086;63:30:36;15:30:36;228636.0;3;65:56:49;17:56:49;237409.0;3;8773.0;79:47:03;07:47:03;287223.0;4;58587.0;0.15;0.656;28.0;1.0;42.0;14.0;0.0
9505250_home;325378.6662999997;6401830.6;9505250;62:41:59;14:41:59;225719.0;3;66:29:54;18:29:54;239394.0;3;13675.0;79:47:50;07:47:50;287270.0;4;61551.0;0.222;0.549;29.0;1.0;52.0;23.0;0.0
7451976_home;320219.08079999965;6397885.807600001;7451976;71:05:24;23:05:24;255924.0;3;72:04:24;00:04:24;259464.0;4;3540.0;79:49:09;07:49:09;287349.0;4;31425.0;0.113;0.883;30.0;1.0;34.0;4.0;0.0
9454731_home;314323.2544;6397034.4201;9454731;61:46:42;13:46:42;222402.0;3;63:21:09;15:21:09;228069.0;3;5667.0;79:49:25;07:49:25;287365.0;4;64963.0;0.087;0.782;33.0;1.0;42.0;9.0;0.0
2320332_home;313007.7748999996;6396633.7173999995;2320332;65:21:04;17:21:04;235264.0;3;67:38:44;19:38:44;243524.0;3;8260.0;79:49:26;07:49:26;287366.0;4;52102.0;0.159;0.672;28.0;1.0;42.0;14.0;0.0
1871017_home;313514.5373999998;6395157.881200001;1871017;65:50:07;17:50:07;237007.0;3;69:45:44;21:45:44;251144.0;3;14137.0;79:52:10;07:52:10;287530.0;4;50523.0;0.28;0.408;17.0;1.0;42.0;25.0;0.0
4586987_home;316572.3021999998;6398029.792300001;4586987;67:27:54;19:27:54;242874.0;3;68:32:34;20:32:34;246754.0;3;3880.0;79:52:51;07:52:51;287571.0;4;44697.0;0.087;0.915;48.0;1.0;52.0;4.0;0.0
2331122_home;320444.3711000001;6411240.955800001;2331122;64:36:49;16:36:49;232609.0;3;71:41:49;23:41:49;258109.0;3;25500.0;79:53:00;07:53:00;287580.0;4;54971.0;0.464;0.222;13.0;1.0;60.0;47.0;0.0
public_1476104029;316423.3071999997;6396608.2852;7491449;67:17:17;19:17:17;242237.0;3;69:06:34;21:06:34;248794.0;3;6557.0;79:53:48;07:53:48;287628.0;4;45391.0;0.144;0.358;15.0;1.0;42.0;27.0;0.0
2335473_home;315924.0122999996;6403872.4673999995;2335473;66:36:23;18:36:23;239783.0;3;67:59:34;19:59:34;244774.0;3;4991.0;79:55:02;07:55:02;287702.0;4;47919.0;0.104;0.826;35.0;1.0;42.0;7.0;0.0
7316759_home;320147.8047000002;6404331.7763;7316759;66:15:37;18:15:37;238537.0;3;67:45:34;19:45:34;243934.0;3;5397.0;79:55:22;07:55:22;287722.0;4;49185.0;0.11;0.854;44.0;1.0;52.0;8.0;0.0
2323108_home;306794.42200000025;6402833.237500001;2323108;68:44:53;20:44:53;247493.0;3;69:54:19;21:54:19;251659.0;3;4166.0;79:56:16;07:56:16;287776.0;4;40283.0;0.103;0.869;37.0;1.0;42.0;5.0;0.0
2003179_home;323411.57079999987;6394591.2248;2003179;67:29:04;19:29:04;242944.0;3;72:49:34;00:49:34;262174.0;4;19230.0;79:56:42;07:56:42;287802.0;4;44858.0;0.429;0.172;7.0;1.0;42.0;35.0;0.0
public_1476429391;325900.2153000003;6400851.2162;7286409;63:15:40;15:15:40;227740.0;3;64:24:39;16:24:39;231879.0;3;4139.0;79:57:22;07:57:22;287842.0;4;60102.0;0.069;0.805;60.0;1.0;75.0;15.0;0.0
2329272_home;320684.4760999996;6410192.153100001;2329272;67:08:18;19:08:18;241698.0;3;73:30:44;01:30:44;264644.0;4;22946.0;79:57:47;07:57:47;287867.0;4;46169.0;0.497;0.0;0.0;1.0;42.0;42.0;0.0
2045651_home;318755.0349000003;6394548.306;2045651;58:53:19;10:53:19;211999.0;3;61:08:34;13:08:34;220114.0;3;8115.0;80:04:17;08:04:17;288257.0;4;76258.0;0.106;0.621;21.0;1.0;34.0;13.0;0.0
7297455_home;317271.1238000002;6398662.148399999;7297455;65:23:35;17:23:35;235415.0;3;69:52:24;21:52:24;251544.0;3;16129.0;80:04:20;08:04:20;288260.0;4;52845.0;0.305;0.316;13.0;1.0;42.0;29.0;0.0
1875719_home;314189.2355000004;6392818.4287;1875719;63:28:11;15:28:11;228491.0;3;64:34:39;16:34:39;232479.0;3;3988.0;80:06:05;08:06:05;288365.0;4;59874.0;0.067;0.857;29.0;1.0;34.0;5.0;0.0
3262427_home;318453.77990000043;6409916.0055;3262427;69:00:56;21:00:56;248456.0;3;70:29:49;22:29:49;253789.0;3;5333.0;80:17:26;08:17:26;289046.0;4;40590.0;0.131;0.815;34.0;1.0;42.0;8.0;0.0
4740567_home;316763.6473000003;6393973.485300001;4740567;66:46:36;18:46:36;240396.0;3;70:18:04;22:18:04;253084.0;3;12688.0;80:18:06;08:18:06;289086.0;4;48690.0;0.261;0.475;20.0;1.0;42.0;22.0;0.0
7361686_home;321637.20050000027;6400707.91;7361686;67:01:43;19:01:43;241303.0;3;71:20:54;23:20:54;256854.0;3;15551.0;80:19:13;08:19:13;289153.0;4;47850.0;0.325;0.194;7.0;1.0;34.0;27.0;0.0
9521384_home;322979.31909999996;6410636.6581;9521384;62:36:26;14:36:26;225386.0;3;66:37:29;18:37:29;239849.0;3;14463.0;80:20:37;08:20:37;289237.0;4;63851.0;0.227;0.232;8.0;1.0;34.0;26.0;0.0
2319425_home;305639.7845999999;6399902.185900001;2319425;66:42:42;18:42:42;240162.0;3;70:57:19;22:57:19;255439.0;3;15277.0;80:21:55;08:21:55;289315.0;4;49153.0;0.311;0.355;15.0;1.0;42.0;27.0;0.0
2325706_home;309005.8250000002;6404601.293500001;2325706;69:13:50;21:13:50;249230.0;3;74:21:34;02:21:34;267694.0;4;18464.0;80:22:50;08:22:50;289370.0;4;40140.0;0.46;0.208;9.0;1.0;42.0;33.0;0.0
9542392_home;315910.61539999954;6390983.782;9542392;64:42:38;16:42:38;232958.0;3;65:23:14;17:23:14;235394.0;3;2436.0;80:23:52;08:23:52;289432.0;4;56474.0;0.043;0.932;32.0;1.0;34.0;2.0;0.0
1941613_home;305892.9891999997;6400340.3089000005;1941613;64:57:39;16:57:39;233859.0;3;68:13:09;20:13:09;245589.0;3;11730.0;80:25:01;08:25:01;289501.0;4;55642.0;0.211;0.621;32.0;1.0;52.0;20.0;0.0
4643748_home;319355.65550000034;6399150.761399999;4643748;57:30:22;09:30:22;207022.0;3;60:50:14;12:50:14;219014.0;3;11992.0;80:25:49;08:25:49;289549.0;4;82527.0;0.145;0.4;14.0;1.0;34.0;20.0;0.0
1997792_home;317186.5398000004;6390501.809599999;1997792;66:33:12;18:33:12;239592.0;3;67:28:34;19:28:34;242914.0;3;3322.0;80:26:24;08:26:24;289584.0;4;49992.0;0.066;0.904;38.0;1.0;42.0;4.0;0.0
2045831_home;318810.8585999999;6393820.5842;2045831;66:06:45;18:06:45;238005.0;3;70:49:44;22:49:44;254984.0;3;16979.0;80:26:51;08:26:51;289611.0;4;51606.0;0.329;0.422;22.0;1.0;52.0;30.0;0.0
public_1476346624;321946.39070000034;6397325.2446;3212352;68:17:36;20:17:36;245856.0;3;70:22:19;22:22:19;253339.0;3;7483.0;80:31:43;08:31:43;289903.0;4;44047.0;0.17;0.496;30.0;1.0;60.0;30.0;0.0
7316665_home;319979.98950000014;6404070.054500001;7316665;62:01:01;14:01:01;223261.0;3;67:13:49;19:13:49;242029.0;3;18768.0;80:32:15;08:32:15;289935.0;4;66674.0;0.281;0.358;19.0;1.0;52.0;33.0;0.0
public_1475967296;328279.0519000003;6402263.460999999;5563006;79:40:09;07:40:09;286809.0;4;80:28:09;08:28:09;289689.0;4;2880.0;80:32:18;08:32:18;289938.0;4;3129.0;0.92;0.949;49.0;1.0;52.0;3.0;0.0
public_1476162075;315698.9042999996;6392867.8893;4784917;63:13:33;15:13:33;227613.0;3;64:23:19;16:23:19;231799.0;3;4186.0;80:33:11;08:33:11;289991.0;4;62378.0;0.067;0.806;48.0;1.0;60.0;12.0;0.0
public_1476427389;322343.7917999998;6410097.684699999;7518323;63:51:31;15:51:31;229891.0;3;65:19:04;17:19:04;235144.0;3;5253.0;80:36:52;08:36:52;290212.0;4;60321.0;0.087;0.714;54.0;1.0;75.0;21.0;0.0
9494196_home;317911.32710000034;6390302.2149;9494196;65:55:28;17:55:28;237328.0;3;68:06:29;20:06:29;245189.0;3;7861.0;80:39:06;08:39:06;290346.0;4;53018.0;0.148;0.636;22.0;1.0;34.0;12.0;0.0
public_1476315340;319565.24789999984;6398907.1744;1857800;67:00:28;19:00:28;241228.0;3;69:30:34;21:30:34;250234.0;3;9006.0;80:39:50;08:39:50;290390.0;4;49162.0;0.183;0.338;20.0;1.0;60.0;40.0;0.0
9670429_home;311243.43649999984;6406079.6285;9670429;58:56:46;10:56:46;212206.0;3;64:36:09;16:36:09;232569.0;3;20363.0;80:41:12;08:41:12;290472.0;4;78266.0;0.26;0.388;23.0;1.0;60.0;37.0;0.0
2037906_home;316529.02190000005;6396017.7491999995;2037906;66:25:17;18:25:17;239117.0;3;70:58:14;22:58:14;255494.0;3;16377.0;80:41:23;08:41:23;290483.0;4;51366.0;0.319;0.448;23.0;1.0;52.0;29.0;0.0
public_1476361959;312768.0022999998;6395155.409399999;4656277;64:40:53;16:40:53;232853.0;3;65:48:14;17:48:14;236894.0;3;4041.0;80:44:17;08:44:17;290657.0;4;57804.0;0.07;0.686;23.0;1.0;34.0;11.0;0.0
5908289_home;322608.2189999996;6401163.177100001;5908289;63:54:12;15:54:12;230052.0;3;65:27:19;17:27:19;235639.0;3;5587.0;80:46:42;08:46:42;290802.0;4;60750.0;0.092;0.851;44.0;1.0;52.0;8.0;0.0
1941262_home;305892.9891999997;6400340.3089000005;1941262;66:45:46;18:45:46;240346.0;3;68:00:04;20:00:04;244804.0;3;4458.0;80:47:50;08:47:50;290870.0;4;50524.0;0.088;0.83;28.0;1.0;34.0;6.0;0.0
7369383_home;321289.96669999976;6410212.843;7369383;64:59:54;16:59:54;233994.0;3;71:22:44;23:22:44;256964.0;3;22970.0;80:55:44;08:55:44;291344.0;4;57350.0;0.401;0.429;32.0;1.0;75.0;43.0;0.0
2015215_home;328895.4770999998;6394841.232799999;2015215;64:27:01;16:27:01;232021.0;3;70:51:39;22:51:39;255099.0;3;23078.0;80:57:37;08:57:37;291457.0;4;59436.0;0.388;0.427;32.0;1.0;75.0;43.0;0.0
9523870_home;321505.4491999997;6393672.2676;9523870;62:28:25;14:28:25;224905.0;3;66:45:44;18:45:44;240344.0;3;15439.0;80:58:17;08:58:17;291497.0;4;66592.0;0.232;0.175;6.0;1.0;34.0;28.0;0.0
1873713_home;316479.98599999957;6395461.661900001;1873713;64:14:57;16:14:57;231297.0;3;71:18:24;23:18:24;256704.0;3;25407.0;81:07:37;09:07:37;292057.0;4;60760.0;0.418;0.225;13.0;1.0;60.0;47.0;0.0
public_1476149896;315402.4561999999;6396558.679;9456468;77:15:31;05:15:31;278131.0;4;78:15:44;06:15:44;281744.0;4;3613.0;81:07:58;09:07:58;292078.0;4;13947.0;0.259;0.763;26.0;1.0;34.0;8.0;0.0
public_1476272518;323407.45330000017;6411357.800899999;2327157;78:24:10;06:24:10;282250.0;4;80:24:34;08:24:34;289474.0;4;7224.0;81:10:18;09:10:18;292218.0;4;9968.0;0.725;0.261;11.0;1.0;42.0;31.0;0.0
8170504_home;322797.1429000003;6407058.3939;8170504;59:25:04;11:25:04;213904.0;3;60:12:19;12:12:19;216739.0;3;2835.0;81:11:36;09:11:36;292296.0;4;78392.0;0.036;0.903;31.0;1.0;34.0;3.0;0.0
1895035_home;327338.48500000034;6404220.3728;1895035;69:51:02;21:51:02;251462.0;3;71:10:19;23:10:19;256219.0;3;4757.0;81:17:03;09:17:03;292623.0;4;41161.0;0.116;0.894;54.0;1.0;60.0;6.0;0.0
4785915_home;316257.8339999998;6402058.8179;4785915;60:22:04;12:22:04;217324.0;3;61:25:34;13:25:34;221134.0;3;3810.0;81:18:29;09:18:29;292709.0;4;75385.0;0.051;0.886;37.0;1.0;42.0;5.0;0.0
7370761_home;315232.4107999997;6399781.165999999;7370761;61:33:02;13:33:02;221582.0;3;63:17:29;15:17:29;227849.0;3;6267.0;81:18:30;09:18:30;292710.0;4;71128.0;0.088;0.855;64.0;1.0;75.0;11.0;0.0
public_1476115366;321323.40270000044;6397432.778100001;1968395;80:07:05;08:07:05;288425.0;4;81:19:03;09:19:03;292743.0;4;4318.0;81:19:03;09:19:03;292743.0;4;4318.0;1.0;0.466;28.0;0.906;54.0;26.0;0.0
4607273_home;315470.85819999967;6396510.363399999;4607273;67:00:48;19:00:48;241248.0;3;68:26:24;20:26:24;246384.0;3;5136.0;81:30:48;09:30:48;293448.0;4;52200.0;0.098;0.792;27.0;1.0;34.0;7.0;0.0
public_1476204834;325429.3375000004;6410138.488500001;1930342;80:55:44;08:55:44;291344.0;4;81:35:14;09:35:14;293714.0;4;2370.0;81:35:14;09:35:14;293714.0;4;2370.0;1.0;0.721;30.0;0.981;41.0;11.0;0.0
public_1476320783;317490.9028000003;6398776.622199999;1855465;80:55:11;08:55:11;291311.0;4;81:37:24;09:37:24;293844.0;4;2533.0;81:37:24;09:37:24;293844.0;4;2533.0;1.0;0.372;16.0;0.74;31.0;15.0;0.0
1942173_home;308007.142;6403093.046700001;1942173;66:57:23;18:57:23;241043.0;3;68:21:09;20:21:09;246069.0;3;5026.0;81:37:29;09:37:29;293849.0;4;52806.0;0.095;0.798;27.0;1.0;34.0;7.0;0.0
8169177_home;323122.69379999954;6407096.6504;8169177;81:20:51;09:20:51;292851.0;4;81:45:21;09:45:21;294321.0;4;1470.0;81:45:21;09:45:21;294321.0;4;1470.0;1.0;0.269;11.0;0.337;14.0;3.0;0.0
4609799_home;317069.5384999998;6391755.4275;4609799;80:28:48;08:28:48;289728.0;4;81:45:23;09:45:23;294323.0;4;4595.0;81:45:23;09:45:23;294323.0;4;4595.0;1.0;0.452;34.0;0.574;43.0;9.0;0.0
1981057_home;320480.0455;6397468.602399999;1981057;65:22:13;17:22:13;235333.0;3;68:36:49;20:36:49;247009.0;3;11676.0;81:45:46;09:45:46;294346.0;4;59013.0;0.198;0.417;14.0;1.0;34.0;20.0;0.0
7514729_home;325939.4258000003;6401915.476299999;7514729;64:31:25;16:31:25;232285.0;3;70:07:14;22:07:14;252434.0;3;20149.0;81:49:21;09:49:21;294561.0;4;62276.0;0.324;0.503;38.0;1.0;75.0;37.0;0.0
7425822_home;317851.2757000001;6391935.5877;7425822;64:46:20;16:46:20;233180.0;3;69:44:34;21:44:34;251074.0;3;17894.0;81:49:24;09:49:24;294564.0;4;61384.0;0.292;0.391;20.0;1.0;52.0;32.0;0.0
4604173_home;316159.1687000003;6401411.4671;4604173;69:33:08;21:33:08;250388.0;3;70:50:19;22:50:19;255019.0;3;4631.0;81:49:58;09:49:58;294598.0;4;44210.0;0.105;0.848;36.0;1.0;42.0;6.0;0.0
public_1475966375;314761.4367000004;6393985.5846;4704389;78:32:59;06:32:59;282779.0;4;79:00:09;07:00:09;284409.0;4;1630.0;81:51:20;09:51:20;294680.0;4;11901.0;0.137;0.983;74.0;1.0;75.0;1.0;0.0
2098908_home;324347.65380000044;6409811.0843;2098908;59:44:20;11:44:20;215060.0;3;61:26:34;13:26:34;221194.0;3;6134.0;81:51:50;09:51:50;294710.0;4;79650.0;0.077;0.707;24.0;1.0;34.0;10.0;0.0
public_1476187491;321710.3996000001;6400785.069;1895682;80:26:22;08:26:22;289582.0;4;81:25:24;09:25:24;293124.0;4;3542.0;81:55:15;09:55:15;294915.0;4;5333.0;0.664;0.775;26.0;1.0;34.0;8.0;0.0
2329574_home;320844.1629999997;6409471.2443;2329574;68:32:22;20:32:22;246742.0;3;74:00:59;02:00:59;266459.0;4;19717.0;81:55:27;09:55:27;294927.0;4;48185.0;0.409;0.409;25.0;1.0;60.0;35.0;0.0
public_1476072830;321589.72470000014;6409896.659399999;7369432;65:39:17;17:39:17;236357.0;3;67:17:14;19:17:14;242234.0;3;5877.0;82:00:22;10:00:22;295222.0;4;58865.0;0.1;0.356;12.0;1.0;34.0;22.0;0.0
public_1475983670;318252.84130000044;6401341.805400001;7419900;80:43:00;08:43:00;290580.0;4;81:23:19;09:23:19;292999.0;4;2419.0;82:05:50;10:05:50;295550.0;4;4970.0;0.487;0.944;40.0;1.0;42.0;2.0;0.0
7326427_home;321737.44739999995;6391597.546700001;7326427;66:12:42;18:12:42;238362.0;3;69:52:09;21:52:09;251529.0;3;13167.0;82:13:44;10:13:44;296024.0;4;57662.0;0.228;0.449;19.0;1.0;42.0;23.0;0.0
7373836_home;316281.4620000003;6395708.600099999;7373836;81:30:31;09:30:31;293431.0;4;82:19:54;10:19:54;296394.0;4;2963.0;82:19:54;10:19:54;296394.0;4;2963.0;1.0;0.821;28.0;0.982;33.0;5.0;0.0
public_1476005260;324642.5215999996;6404837.954399999;4764447;70:32:12;22:32:12;253932.0;3;72:14:14;00:14:14;260054.0;4;6122.0;82:27:40;10:27:40;296860.0;4;42928.0;0.143;0.634;38.0;1.0;60.0;22.0;0.0
7358855_home;320239.8976999996;6399686.457;7358855;66:12:49;18:12:49;238369.0;3;69:26:49;21:26:49;250009.0;3;11640.0;82:30:52;10:30:52;297052.0;4;58683.0;0.198;0.523;22.0;1.0;42.0;20.0;0.0
9542950_home;323804.05319999997;6411163.5701;9542950;65:47:27;17:47:27;236847.0;3;66:54:59;18:54:59;240899.0;3;4052.0;82:31:41;10:31:41;297101.0;4;60254.0;0.067;0.875;37.0;1.0;42.0;5.0;0.0
5464436_home;324148.0734000001;6408251.342499999;5464436;68:45:14;20:45:14;247514.0;3;73:59:44;01:59:44;266384.0;4;18870.0;82:31:41;10:31:41;297101.0;4;49587.0;0.381;0.436;26.0;1.0;60.0;34.0;0.0
4703580_home;313593.0926999999;6394284.1149;4703580;70:25:20;22:25:20;253520.0;3;71:30:24;23:30:24;257424.0;3;3904.0;82:32:04;10:32:04;297124.0;4;43604.0;0.09;0.882;37.0;1.0;42.0;5.0;0.0
9403888_work;316820.0664999997;6395721.466499999;9403888;81:29:15;09:29:15;293355.0;4;82:03:49;10:03:49;295429.0;4;2074.0;82:33:04;10:33:04;297184.0;4;3829.0;0.542;0.966;41.0;1.0;42.0;1.0;0.0
8273608_home;307335.97140000015;6401270.5229;8273608;69:12:10;21:12:10;249130.0;3;73:59:39;01:59:39;266379.0;4;17249.0;82:39:15;10:39:15;297555.0;4;48425.0;0.356;0.264;11.0;1.0;42.0;31.0;0.0
public_1476049678;320271.5329;6399452.081;2071824;79:19:22;07:19:22;285562.0;4;79:59:29;07:59:29;287969.0;4;2407.0;82:40:37;10:40:37;297637.0;4;12075.0;0.199;0.945;32.0;1.0;34.0;2.0;0.0
7620113_home;317162.52639999986;6406631.7083;7620113;63:14:03;15:14:03;227643.0;3;67:36:49;19:36:49;243409.0;3;15766.0;82:40:57;10:40:57;297657.0;4;70014.0;0.225;0.537;32.0;1.0;60.0;28.0;0.0
7458801_home;323412.45660000015;6404817.2793000005;7458801;69:36:28;21:36:28;250588.0;3;74:56:04;02:56:04;269764.0;4;19176.0;82:44:54;10:44:54;297894.0;4;47306.0;0.405;0.427;26.0;1.0;60.0;34.0;0.0
7320517_home;316621.05790000036;6395551.0984000005;7320517;81:11:18;09:11:18;292278.0;4;81:54:14;09:54:14;294854.0;4;2576.0;82:45:19;10:45:19;297919.0;4;5641.0;0.457;0.923;31.0;1.0;34.0;3.0;0.0
public_1476137267;328729.4315999998;6401953.777799999;7442665;80:50:14;08:50:14;291014.0;4;82:45:49;10:45:49;297949.0;4;6935.0;82:46:13;10:46:13;297973.0;4;6959.0;0.997;0.303;13.0;1.0;42.0;29.0;0.0
4923754_home;305047.8191999998;6401839.6226;4923754;60:59:42;12:59:42;219582.0;3;65:47:09;17:47:09;236829.0;3;17247.0;82:48:04;10:48:04;298084.0;4;78502.0;0.22;0.062;2.0;1.0;34.0;32.0;0.0
6047703_home;326654.9534;6395023.913699999;6047703;67:44:40;19:44:40;243880.0;3;69:21:54;21:21:54;249714.0;3;5834.0;82:48:14;10:48:14;298094.0;4;54214.0;0.108;0.859;52.0;1.0;60.0;8.0;0.0
2334915_home;316589.86089999974;6405562.8543;2334915;68:59:24;20:59:24;248364.0;3;78:30:59;06:30:59;282659.0;4;34295.0;82:50:17;10:50:17;298217.0;4;49853.0;0.688;0.136;10.0;1.0;75.0;65.0;0.0
2325568_home;308398.7355000004;6405001.045;2325568;69:15:20;21:15:20;249320.0;3;70:28:14;22:28:14;253694.0;3;4374.0;82:53:27;10:53:27;298407.0;4;49087.0;0.089;0.912;68.0;1.0;75.0;7.0;0.0
public_1476363725;317107.39499999955;6402608.874299999;7313493;61:57:21;13:57:21;223041.0;3;63:48:34;15:48:34;229714.0;3;6673.0;83:03:52;11:03:52;299032.0;4;75991.0;0.088;0.341;14.0;1.0;42.0;28.0;0.0
5464740_home;323010.78949999996;6406918.259;5464740;64:32:04;16:32:04;232324.0;3;70:12:39;22:12:39;252759.0;3;20435.0;83:06:55;11:06:55;299215.0;4;66891.0;0.305;0.296;15.0;1.0;52.0;37.0;0.0
2098360_work;317311.0131999999;6395004.1785;2098360;80:24:02;08:24:02;289442.0;4;81:27:49;09:27:49;293269.0;4;3827.0;83:10:17;11:10:17;299417.0;4;9975.0;0.384;0.894;46.0;1.0;52.0;6.0;0.0
public_1476375803;320010.1191999996;6396836.6919;2324411;79:40:29;07:40:29;286829.0;4;81:50:59;09:50:59;294659.0;4;7830.0;83:10:57;11:10:57;299457.0;4;12628.0;0.62;0.438;26.0;1.0;60.0;34.0;0.0
7618090_home;308919.39020000026;6404346.7477;7618090;67:37:44;19:37:44;243464.0;3;70:02:24;22:02:24;252144.0;3;8680.0;83:11:04;11:11:04;299464.0;4;56000.0;0.155;0.8;60.0;1.0;75.0;15.0;0.0
public_1476177308;329449.79899999965;6401475.433;1896799;82:56:54;10:56:54;298614.0;4;83:11:29;11:11:29;299489.0;4;875.0;83:11:29;11:11:29;299489.0;4;875.0;1.0;0.879;37.0;0.965;41.0;4.0;0.0
1922491_home;322613.4698000001;6400465.0023;1922491;65:27:00;17:27:00;235620.0;3;66:48:29;18:48:29;240509.0;3;4889.0;83:11:58;11:11:58;299518.0;4;63898.0;0.077;0.89;53.0;1.0;60.0;7.0;0.0
5933594_home;304251.7675999999;6400954.083000001;5933594;65:31:47;17:31:47;235907.0;3;69:32:54;21:32:54;250374.0;3;14467.0;83:15:28;11:15:28;299728.0;4;63821.0;0.227;0.393;16.0;1.0;42.0;26.0;0.0
7420298_home;316843.5410000002;6405798.7195999995;7420298;68:05:56;20:05:56;245156.0;3;68:26:39;20:26:39;246399.0;3;1243.0;83:17:19;11:17:19;299839.0;4;54683.0;0.023;0.99;42.0;1.0;42.0;0.0;0.0
4923864_home;304522.91920000035;6400766.567399999;4923864;72:33:21;00:33:21;261201.0;4;81:01:24;09:01:24;291684.0;4;30483.0;83:18:47;11:18:47;299927.0;4;38726.0;0.787;0.235;18.0;1.0;75.0;57.0;0.0
8169511_home;323559.93120000046;6407681.0622000005;8169511;83:03:31;11:03:31;299011.0;4;83:22:03;11:22:03;300123.0;4;1112.0;83:22:03;11:22:03;300123.0;4;1112.0;1.0;0.857;64.0;0.886;66.0;2.0;0.0
1869969_home;315989.48419999983;6399634.9048999995;1869969;70:00:36;22:00:36;252036.0;3;70:40:54;22:40:54;254454.0;3;2418.0;83:25:40;11:25:40;300340.0;4;48304.0;0.05;0.951;40.0;1.0;42.0;2.0;0.0
7399493_home;328652.7845999999;6402806.7107;7399493;68:15:18;20:15:18;245718.0;3;69:38:04;21:38:04;250684.0;3;4966.0;83:30:07;11:30:07;300607.0;4;54889.0;0.09;0.874;45.0;1.0;52.0;7.0;0.0
5908847_home;317089.2821000004;6400884.718599999;5908847;67:42:51;19:42:51;243771.0;3;68:18:39;20:18:39;245919.0;3;2148.0;83:30:14;11:30:14;300614.0;4;56843.0;0.038;0.96;33.0;1.0;34.0;1.0;0.0
7379543_home;309084.5641000001;6403583.2574000005;7379543;62:56:22;14:56:22;226582.0;3;64:18:19;16:18:19;231499.0;3;4917.0;83:30:48;11:30:48;300648.0;4;74066.0;0.066;0.804;27.0;1.0;34.0;7.0;0.0
2017337_home;329971.77359999996;6398967.0319;2017337;60:57:14;12:57:14;219434.0;3;63:07:29;15:07:29;227249.0;3;7815.0;83:31:41;11:31:41;300701.0;4;81267.0;0.096;0.638;22.0;1.0;34.0;12.0;0.0
1895682_home;328217.8147999998;6403733.010299999;1895682;82:04:13;10:04:13;295453.0;4;82:42:04;10:42:04;297724.0;4;2271.0;83:33:10;11:33:10;300790.0;4;5337.0;0.426;0.955;32.0;1.0;34.0;2.0;0.0
7461163_home;320723.6867000004;6405055.3873;7461163;61:50:04;13:50:04;222604.0;3;65:17:19;17:17:19;235039.0;3;12435.0;83:34:01;11:34:01;300841.0;4;78237.0;0.159;0.374;13.0;1.0;34.0;21.0;0.0
public_1476298289;319003.1489000004;6400265.2392;5893756;80:29:47;08:29:47;289787.0;4;81:34:19;09:34:19;293659.0;4;3872.0;83:39:19;11:39:19;301159.0;4;11372.0;0.34;0.717;24.0;1.0;34.0;10.0;0.0
1931224_home;315805.61230000015;6400721.7006;1931224;83:20:56;11:20:56;300056.0;4;83:40:49;11:40:49;301249.0;4;1193.0;83:40:49;11:40:49;301249.0;4;1193.0;1.0;0.923;39.0;0.978;41.0;2.0;0.0
9556173_home;315372.21499999985;6393287.6687;9556173;83:30:07;11:30:07;300607.0;4;83:41:16;11:41:16;301276.0;4;669.0;83:41:16;11:41:16;301276.0;4;669.0;1.0;0.666;28.0;0.697;29.0;1.0;0.0
public_1476384585;325991.0582999997;6405111.531199999;7525984;82:44:12;10:44:12;297852.0;4;83:45:02;11:45:02;301502.0;4;3650.0;83:45:02;11:45:02;301502.0;4;3650.0;1.0;0.647;39.0;0.972;58.0;19.0;0.0
9430738_work;326017.33079999965;6401019.9564;9430738;79:48:51;07:48:51;287331.0;4;81:19:29;09:19:29;292769.0;4;5438.0;83:50:21;11:50:21;301821.0;4;14490.0;0.375;0.819;49.0;1.0;60.0;11.0;0.0
7462778_home;316269.35250000004;6399755.043299999;7462778;69:59:15;21:59:15;251955.0;3;72:10:54;00:10:54;259854.0;4;7899.0;83:54:45;11:54:45;302085.0;4;50130.0;0.158;0.697;29.0;1.0;42.0;13.0;0.0
public_1476394161;313006.61259999964;6396721.1317;4656378;82:56:08;10:56:08;298568.0;4;83:56:33;11:56:33;302193.0;4;3625.0;83:56:33;11:56:33;302193.0;4;3625.0;1.0;0.467;28.0;0.836;50.0;22.0;0.0
2331122_home;320444.3711000001;6411240.955800001;2331122;82:23:32;10:23:32;296612.0;4;83:27:59;11:27:59;300479.0;4;3867.0;83:57:05;11:57:05;302225.0;4;5613.0;0.689;0.923;55.0;1.0;60.0;5.0;0.0
public_1476025321;313561.93879999965;6395976.5504;5933459;83:11:34;11:11:34;299494.0;4;83:57:34;11:57:34;302254.0;4;2760.0;83:57:34;11:57:34;302254.0;4;2760.0;1.0;0.856;64.0;0.996;75.0;11.0;0.0
4660405_home;317117.0884999996;6393018.649900001;4660405;65:06:55;17:06:55;234415.0;3;67:44:29;19:44:29;243869.0;3;9454.0;83:58:32;11:58:32;302312.0;4;67897.0;0.139;0.742;45.0;1.0;60.0;15.0;0.0
public_1476235678;321830.892;6393880.7425;4656277;80:55:58;08:55:58;291358.0;4;81:37:39;09:37:39;293859.0;4;2501.0;84:02:24;12:02:24;302544.0;4;11186.0;0.224;0.937;32.0;1.0;34.0;2.0;0.0
9474516_home;329390.50850000046;6398624.5691;9474516;68:41:49;20:41:49;247309.0;3;70:19:29;22:19:29;253169.0;3;5860.0;84:02:49;12:02:49;302569.0;4;55260.0;0.106;0.791;33.0;1.0;42.0;9.0;0.0
public_1476110935;324373.1716;6400637.6021;7360814;83:40:23;11:40:23;301223.0;4;84:16:48;12:16:48;303408.0;4;2185.0;84:16:48;12:16:48;303408.0;4;2185.0;1.0;0.237;8.0;0.63;21.0;13.0;0.0
public_1476320783;317490.9028000003;6398776.622199999;1875719;83:17:12;11:17:12;299832.0;4;84:04:39;12:04:39;302679.0;4;2847.0;84:17:10;12:17:10;303430.0;4;3598.0;0.791;0.84;29.0;1.0;34.0;5.0;0.0
public_1476023513;321586.2309999997;6398464.912900001;5933366;81:22:33;09:22:33;292953.0;4;83:07:34;11:07:34;299254.0;4;6301.0;84:19:55;12:19:55;303595.0;4;10642.0;0.592;0.616;37.0;1.0;60.0;23.0;0.0
public_1476157766;316385.1347000003;6403603.957699999;4926489;67:46:31;19:46:31;243991.0;3;70:10:49;22:10:49;252649.0;3;8658.0;84:26:41;12:26:41;304001.0;4;60010.0;0.144;0.376;23.0;1.0;60.0;37.0;0.0
9563502_home;323582.5217000004;6405490.327500001;9563502;66:44:04;18:44:04;240244.0;3;69:55:59;21:55:59;251759.0;3;11515.0;84:34:28;12:34:28;304468.0;4;64224.0;0.179;0.529;22.0;1.0;42.0;20.0;0.0
public_1476197696;324990.6042999998;6405608.475199999;7358855;82:42:29;10:42:29;297749.0;4;83:17:24;11:17:24;299844.0;4;2095.0;84:36:51;12:36:51;304611.0;4;6862.0;0.305;0.948;40.0;1.0;42.0;2.0;0.0
7326174_home;320733.01400000043;6394516.990900001;7326174;84:06:36;12:06:36;302796.0;4;84:37:55;12:37:55;304675.0;4;1879.0;84:37:55;12:37:55;304675.0;4;1879.0;1.0;0.441;33.0;0.49;37.0;4.0;0.0
public_1476160164;316329.15589999966;6398059.6876;4607273;81:34:36;09:34:36;293676.0;4;82:00:29;10:00:29;295229.0;4;1553.0;84:40:18;12:40:18;304818.0;4;11142.0;0.139;0.985;33.0;1.0;34.0;1.0;0.0
2030079_home;323329.4506999999;6401026.615599999;2030079;84:33:01;12:33:01;304381.0;4;84:42:43;12:42:43;304963.0;4;582.0;84:42:43;12:42:43;304963.0;4;582.0;1.0;0.407;24.0;0.426;26.0;1.0;0.0
public_1476165477;320306.7750000004;6400028.7322;2017337;83:46:11;11:46:11;301571.0;4;84:32:14;12:32:14;304334.0;4;2763.0;84:43:17;12:43:17;304997.0;4;3426.0;0.806;0.909;31.0;1.0;34.0;3.0;0.0
2074029_home;319682.91050000023;6403198.719900001;2074029;84:02:17;12:02:17;302537.0;4;84:45:17;12:45:17;305117.0;4;2580.0;84:45:17;12:45:17;305117.0;4;2580.0;1.0;0.476;36.0;0.545;41.0;5.0;0.0
1996902_home;317554.43620000035;6392132.7509;1996902;83:27:24;11:27:24;300444.0;4;84:46:11;12:46:11;305171.0;4;4727.0;84:46:11;12:46:11;305171.0;4;4727.0;1.0;0.597;25.0;0.816;34.0;9.0;0.0
public_1476099392;316984.8420000002;6393059.2643;9460773;83:31:28;11:31:28;300688.0;4;84:46:59;12:46:59;305219.0;4;4531.0;84:46:59;12:46:59;305219.0;4;4531.0;1.0;0.447;15.0;0.996;34.0;19.0;0.0
public_1476115366;321323.40270000044;6397432.778100001;8253805;62:54:25;14:54:25;226465.0;3;63:51:39;15:51:39;229899.0;3;3434.0;84:50:20;12:50:20;305420.0;4;78955.0;0.043;0.737;25.0;1.0;34.0;9.0;0.0
1944127_home;311298.59080000035;6404614.8376;1944127;82:49:15;10:49:15;298155.0;4;84:50:37;12:50:37;305437.0;4;7282.0;84:50:37;12:50:37;305437.0;4;7282.0;1.0;0.599;25.0;0.936;39.0;14.0;0.0
1981224_home;320282.4653000003;6397524.552999999;1981224;83:41:31;11:41:31;301291.0;4;85:02:20;13:02:20;306140.0;4;4849.0;85:02:20;13:02:20;306140.0;4;4849.0;1.0;0.726;31.0;0.951;40.0;9.0;0.0
public_1476243217;330062.7271999996;6399457.9212;1896799;84:21:47;12:21:47;303707.0;4;85:02:29;13:02:29;306149.0;4;2442.0;85:03:04;13:03:04;306184.0;4;2477.0;0.986;0.912;38.0;1.0;42.0;4.0;0.0
public_1476439884;316552.1573000001;6400517.5195;5880022;84:55:20;12:55:20;305720.0;4;85:03:32;13:03:32;306212.0;4;492.0;85:03:32;13:03:32;306212.0;4;492.0;1.0;0.797;27.0;0.885;30.0;3.0;0.0
public_1476355494;315193.9452999998;6394972.5787;2098770;84:50:22;12:50:22;305422.0;4;85:07:44;13:07:44;306464.0;4;1042.0;85:07:44;13:07:44;306464.0;4;1042.0;1.0;0.681;23.0;0.87;30.0;6.0;0.0
public_1476361959;312768.0022999998;6395155.409399999;4656277;84:14:23;12:14:23;303263.0;4;84:56:24;12:56:24;305784.0;4;2521.0;85:11:01;13:11:01;306661.0;4;3398.0;0.742;0.936;32.0;1.0;34.0;2.0;0.0
1939420_home;317255.6564999996;6393171.7325;1939420;62:15:39;14:15:39;224139.0;3;63:36:54;15:36:54;229014.0;3;4875.0;85:14:32;13:14:32;306872.0;4;82733.0;0.059;0.806;27.0;1.0;34.0;7.0;0.0
1942999_home;307812.6655000001;6402682.075999999;1942999;62:33:31;14:33:31;225211.0;3;65:39:59;17:39:59;236399.0;3;11188.0;85:15:17;13:15:17;306917.0;4;81706.0;0.137;0.544;23.0;1.0;42.0;19.0;0.0
7414392_home;321474.0954999998;6400433.963500001;7414392;73:11:27;01:11:27;263487.0;4;79:51:24;07:51:24;287484.0;4;23997.0;85:19:57;13:19:57;307197.0;4;43710.0;0.549;0.403;30.0;1.0;75.0;45.0;0.0
7325836_home;320910.7960000001;6394717.090399999;7325836;82:44:01;10:44:01;297841.0;4;85:20:15;13:20:15;307215.0;4;9374.0;85:20:15;13:20:15;307215.0;4;9374.0;1.0;0.4;21.0;0.75;39.0;18.0;0.0
7373611_home;314508.6615000004;6394991.6456;7373611;83:54:08;11:54:08;302048.0;4;85:21:10;13:21:10;307270.0;4;5222.0;85:21:10;13:21:10;307270.0;4;5222.0;1.0;0.416;31.0;0.551;41.0;10.0;0.0
2335003_home;316589.86089999974;6405562.8543;2335003;85:08:09;13:08:09;306489.0;4;85:24:14;13:24:14;307454.0;4;965.0;85:24:14;13:24:14;307454.0;4;965.0;1.0;0.73;38.0;0.766;40.0;2.0;0.0
2313613_home;307220.9364;6391085.6295;2313613;63:55:57;15:55:57;230157.0;3;70:00:39;22:00:39;252039.0;3;21882.0;85:25:02;13:25:02;307502.0;4;77345.0;0.283;0.339;20.0;1.0;60.0;40.0;0.0
4575466_home;329144.2980000004;6393966.4366;4575466;65:51:00;17:51:00;237060.0;3;69:19:24;21:19:24;249564.0;3;12504.0;85:31:06;13:31:06;307866.0;4;70806.0;0.177;0.484;20.0;1.0;42.0;22.0;0.0
public_1476393047;314816.28529999964;6401746.3893;9523368;71:56:38;23:56:38;258998.0;3;73:25:39;01:25:39;264339.0;4;5341.0;85:31:13;13:31:13;307873.0;4;48875.0;0.109;0.535;22.0;1.0;42.0;20.0;0.0
3040828_home;323785.9009999996;6407582.0647;3040828;83:46:25;11:46:25;301585.0;4;85:34:43;13:34:43;308083.0;4;6498.0;85:34:43;13:34:43;308083.0;4;6498.0;1.0;0.72;30.0;0.995;42.0;12.0;0.0
public_1476046129;329735.4332999997;6390688.6131;1967726;84:44:14;12:44:14;305054.0;4;85:38:37;13:38:37;308317.0;4;3263.0;85:38:37;13:38:37;308317.0;4;3263.0;1.0;0.0;0.0;0.475;20.0;20.0;0.0
public_1476137984;316395.3372999998;6410870.0965;5591830;65:01:20;17:01:20;234080.0;3;66:14:09;18:14:09;238449.0;3;4369.0;85:59:15;13:59:15;309555.0;4;75475.0;0.058;0.628;21.0;1.0;34.0;13.0;0.0
public_1476304420;318816.81149999984;6399642.367000001;9542950;82:47:53;10:47:53;298073.0;4;83:33:09;11:33:09;300789.0;4;2716.0;86:03:09;14:03:09;309789.0;4;11716.0;0.232;0.915;38.0;1.0;42.0;4.0;0.0
1968155_work;326860.3532999996;6395579.339400001;1968155;80:40:10;08:40:10;290410.0;4;82:12:24;10:12:24;295944.0;4;5534.0;86:04:06;14:04:06;309846.0;4;19436.0;0.285;0.665;23.0;1.0;34.0;11.0;0.0
2327190_work;310590.63329999987;6400646.991699999;2327190;81:42:31;09:42:31;294151.0;4;83:31:04;11:31:04;300664.0;4;6513.0;86:06:45;14:06:45;310005.0;4;15854.0;0.411;0.577;20.0;1.0;34.0;14.0;0.0
9673010_home;331229.1032999996;6409657.1351;9673010;64:02:58;16:02:58;230578.0;3;65:28:14;17:28:14;235694.0;3;5116.0;86:12:34;14:12:34;310354.0;4;79776.0;0.064;0.793;27.0;1.0;34.0;7.0;0.0
1918308_home;320396.9230000004;6397049.709799999;1918308;85:13:46;13:13:46;306826.0;4;86:25:13;14:25:13;311113.0;4;4287.0;86:25:13;14:25:13;311113.0;4;4287.0;1.0;0.453;34.0;0.564;42.0;8.0;0.0
public_1476127968;327534.4642000003;6394689.7399;1968155;86:07:17;14:07:17;310037.0;4;86:26:34;14:26:34;311194.0;4;1157.0;86:26:34;14:26:34;311194.0;4;1157.0;1.0;0.985;33.0;0.998;34.0;0.0;0.0
public_1476304420;318816.81149999984;6399642.367000001;2313613;85:38:26;13:38:26;308306.0;4;86:15:49;14:15:49;310549.0;4;2243.0;86:32:20;14:32:20;311540.0;4;3234.0;0.694;0.966;58.0;1.0;60.0;2.0;0.0
public_1475989714;320197.0164999999;6405049.835999999;4702344;86:05:56;14:05:56;309956.0;4;86:32:41;14:32:41;311561.0;4;1605.0;86:32:41;14:32:41;311561.0;4;1605.0;1.0;0.397;30.0;0.528;40.0;10.0;0.0
1920973_work;324494.09640000015;6401466.084799999;1920973;82:04:52;10:04:52;295492.0;4;84:01:24;12:01:24;302484.0;4;6992.0;86:32:43;14:32:43;311563.0;4;16071.0;0.435;0.686;36.0;1.0;52.0;16.0;0.0
public_1476072704;319365.0099999998;6399863.1022;4857149;85:42:13;13:42:13;308533.0;4;86:39:46;14:39:46;311986.0;4;3453.0;86:39:46;14:39:46;311986.0;4;3453.0;1.0;0.753;39.0;0.992;52.0;12.0;0.0
5908847_home;317089.2821000004;6400884.718599999;5908847;85:41:49;13:41:49;308509.0;4;85:41:49;13:41:49;308509.0;4;0.0;86:40:17;14:40:17;312017.0;4;3508.0;0.0;1.0;34.0;1.0;34.0;0.0;0.0
public_1476439884;316552.1573000001;6400517.5195;2323688;84:17:41;12:17:41;303461.0;4;85:17:29;13:17:29;307049.0;4;3588.0;86:42:12;14:42:12;312132.0;4;8671.0;0.414;0.79;33.0;1.0;42.0;9.0;0.0
public_1476180250;308170.30140000023;6390756.763;5898192;83:36:21;11:36:21;300981.0;4;84:42:49;12:42:49;304969.0;4;3988.0;86:43:11;14:43:11;312191.0;4;11210.0;0.356;0.852;51.0;1.0;60.0;9.0;0.0
4575456_work;328132.5387000004;6393262.543299999;4575456;80:46:51;08:46:51;290811.0;4;83:47:09;11:47:09;301629.0;4;10818.0;86:45:03;14:45:03;312303.0;4;21492.0;0.503;0.526;32.0;1.0;60.0;28.0;0.0
public_1476285041;325208.2101999996;6403536.8158;3039696;84:05:00;12:05:00;302700.0;4;85:31:54;13:31:54;307914.0;4;5214.0;86:49:13;14:49:13;312553.0;4;9853.0;0.529;0.701;36.0;1.0;52.0;16.0;0.0
1925819_home;324546.00239999965;6403148.6559999995;1925819;64:30:15;16:30:15;232215.0;3;66:35:54;18:35:54;239754.0;3;7539.0;86:54:04;14:54:04;312844.0;4;80629.0;0.094;0.778;40.0;1.0;52.0;12.0;0.0
public_1476043036;329112.0906999996;6393583.8453;2059253;64:01:45;16:01:45;230505.0;3;65:01:19;17:01:19;234079.0;3;3574.0;86:55:10;14:55:10;312910.0;4;82405.0;0.043;0.863;45.0;1.0;52.0;7.0;0.0
public_1475989714;320197.0164999999;6405049.835999999;5589449;85:23:05;13:23:05;307385.0;4;86:56:39;14:56:39;312999.0;4;5614.0;86:56:39;14:56:39;312999.0;4;5614.0;1.0;0.284;12.0;0.987;41.0;30.0;0.0
public_1476365075;331040.21169999987;6403313.397500001;7525984;86:02:58;14:02:58;309778.0;4;86:58:13;14:58:13;313093.0;4;3315.0;86:58:13;14:58:13;313093.0;4;3315.0;1.0;0.864;52.0;0.999;60.0;8.0;0.0
public_1475984246;321428.9495000001;6392761.329500001;1926043;79:02:25;07:02:25;284545.0;4;79:46:54;07:46:54;287214.0;4;2669.0;87:01:45;15:01:45;313305.0;4;28760.0;0.093;0.921;39.0;1.0;42.0;3.0;0.0
1996282_home;315916.801;6394378.386499999;1996282;86:31:52;14:31:52;311512.0;4;87:02:29;15:02:29;313349.0;4;1837.0;87:02:29;15:02:29;313349.0;4;1837.0;1.0;0.855;44.0;0.923;48.0;4.0;0.0
public_1476345848;322376.5630999999;6400563.159399999;1884883;85:27:51;13:27:51;307671.0;4;87:00:49;15:00:49;313249.0;4;5578.0;87:02:33;15:02:33;313353.0;4;5682.0;0.982;0.41;14.0;1.0;34.0;20.0;0.0
public_1476300220;327756.2171;6403439.268200001;7297455;80:18:24;08:18:24;289104.0;4;81:02:09;09:02:09;291729.0;4;2625.0;87:03:11;15:03:11;313391.0;4;24287.0;0.108;0.925;39.0;1.0;42.0;3.0;0.0
5464371_home;324114.14690000005;6408070.1841;5464371;85:53:34;13:53:34;309214.0;4;87:07:25;15:07:25;313645.0;4;4431.0;87:07:25;15:07:25;313645.0;4;4431.0;1.0;0.673;40.0;0.817;49.0;9.0;0.0
7494705_home;320964.8729999997;6395272.369100001;7494705;85:29:17;13:29:17;307757.0;4;87:08:38;15:08:38;313718.0;4;5961.0;87:08:38;15:08:38;313718.0;4;5961.0;1.0;0.435;23.0;0.658;34.0;12.0;0.0
public_1476110935;324373.1716;6400637.6021;1922491;85:15:53;13:15:53;306953.0;4;85:46:29;13:46:29;308789.0;4;1836.0;87:11:36;15:11:36;313896.0;4;6943.0;0.264;0.985;59.0;1.0;60.0;1.0;0.0
1966715_work;320816.2076000003;6399870.731799999;1966715;78:13:52;06:13:52;281632.0;4;78:54:29;06:54:29;284069.0;4;2437.0;87:15:55;15:15:55;314155.0;4;32523.0;0.075;0.943;40.0;1.0;42.0;2.0;0.0
public_1476151457;325046.8515999997;6406126.579299999;7313329;81:16:11;09:16:11;292571.0;4;83:34:34;11:34:34;300874.0;4;8303.0;87:21:05;15:21:05;314465.0;4;21894.0;0.379;0.297;15.0;1.0;52.0;37.0;0.0
2315592_work;313020.21839999966;6402866.1982;2315592;78:27:44;06:27:44;282464.0;4;80:18:59;08:18:59;289139.0;4;6675.0;87:22:49;15:22:49;314569.0;4;32105.0;0.208;0.562;19.0;1.0;34.0;15.0;0.0
public_1476200118;318391.83079999965;6393642.9618999995;4764447;82:47:36;10:47:36;298056.0;4;83:37:24;11:37:24;301044.0;4;2988.0;87:24:53;15:24:53;314693.0;4;16637.0;0.18;0.943;57.0;1.0;60.0;3.0;0.0
7358660_home;318772.68200000003;6399748.147600001;7358660;86:17:26;14:17:26;310646.0;4;87:26:54;15:26:54;314814.0;4;4168.0;87:26:54;15:26:54;314814.0;4;4168.0;1.0;0.723;30.0;0.916;38.0;8.0;0.0
1966722_work;312618.284;6403021.7851;1966722;79:33:49;07:33:49;286429.0;4;80:22:59;08:22:59;289379.0;4;2950.0;87:29:16;15:29:16;314956.0;4;28527.0;0.103;0.939;56.0;1.0;60.0;4.0;0.0
public_1476137267;328729.4315999998;6401953.777799999;1967726;86:20:32;14:20:32;310832.0;4;87:38:42;15:38:42;315522.0;4;4690.0;87:38:42;15:38:42;315522.0;4;4690.0;1.0;0.271;11.0;0.944;40.0;28.0;0.0
public_1476404680;314799.7916000001;6395311.110099999;1871098;79:36:02;07:36:02;286562.0;4;81:20:04;09:20:04;292804.0;4;6242.0;87:53:35;15:53:35;316415.0;4;29853.0;0.209;0.404;17.0;1.0;42.0;25.0;0.0
3255172_work;320337.2860000003;6392872.211999999;3255172;79:58:30;07:58:30;287910.0;4;80:48:24;08:48:24;290904.0;4;2994.0;87:55:36;15:55:36;316536.0;4;28626.0;0.105;0.876;30.0;1.0;34.0;4.0;0.0
public_1476257276;316743.8037999999;6399103.082599999;1967249;79:23:46;07:23:46;285826.0;4;80:05:44;08:05:44;288344.0;4;2518.0;87:56:36;15:56:36;316596.0;4;30770.0;0.082;0.923;39.0;1.0;42.0;3.0;0.0
7368574_work;318597.02329999954;6393776.589;7368574;78:08:19;06:08:19;281299.0;4;79:27:34;07:27:34;286054.0;4;4755.0;87:58:59;15:58:59;316739.0;4;35440.0;0.134;0.839;44.0;1.0;52.0;8.0;0.0
4703580_home;313593.0926999999;6394284.1149;4703580;85:49:52;13:49:52;308992.0;4;86:51:49;14:51:49;312709.0;4;3717.0;87:59:21;15:59:21;316761.0;4;7769.0;0.478;0.89;37.0;1.0;42.0;5.0;0.0
2127986_work;321865.6288999999;6393283.843800001;2127986;79:48:34;07:48:34;287314.0;4;80:28:24;08:28:24;289704.0;4;2390.0;87:59:21;15:59:21;316761.0;4;29447.0;0.081;0.971;58.0;1.0;60.0;2.0;0.0
2316319_work;317649.88069999963;6393019.466600001;2316319;80:16:06;08:16:06;288966.0;4;82:07:59;10:07:59;295679.0;4;6713.0;87:59:54;15:59:54;316794.0;4;27828.0;0.241;0.724;38.0;1.0;52.0;14.0;0.0
4661436_work;329000.39219999965;6401209.6303;4661436;76:56:29;04:56:29;276989.0;4;77:45:34;05:45:34;279934.0;4;2945.0;88:02:14;16:02:14;316934.0;4;39945.0;0.074;0.946;57.0;1.0;60.0;3.0;0.0
5589449_home;308092.21970000025;6400999.085899999;5589449;87:13:49;15:13:49;314029.0;4;88:03:50;16:03:50;317030.0;4;3001.0;88:03:50;16:03:50;317030.0;4;3001.0;1.0;0.89;37.0;0.998;42.0;5.0;0.0
9668329_work;307504.2846999997;6402515.4409;9668329;79:50:11;07:50:11;287411.0;4;80:39:44;08:39:44;290384.0;4;2973.0;88:04:18;16:04:18;317058.0;4;29647.0;0.1;0.895;30.0;1.0;34.0;4.0;0.0
public_1476298289;319003.1489000004;6400265.2392;7373836;86:14:42;14:14:42;310482.0;4;87:07:24;15:07:24;313644.0;4;3162.0;88:04:26;16:04:26;317066.0;4;6584.0;0.48;0.844;29.0;1.0;34.0;5.0;0.0
2040830_work;321910.02940000035;6395402.776799999;2040830;79:15:42;07:15:42;285342.0;4;79:57:44;07:57:44;287864.0;4;2522.0;88:07:05;16:07:05;317225.0;4;31883.0;0.079;0.93;39.0;1.0;42.0;3.0;0.0
5464758_work;318886.6012000004;6400009.1592999995;5464758;80:54:19;08:54:19;291259.0;4;82:48:09;10:48:09;298089.0;4;6830.0;88:09:58;16:09:58;317398.0;4;26139.0;0.261;0.548;19.0;1.0;34.0;15.0;0.0
public_1476276077;324982.88829999976;6411496.678400001;7525984;87:18:31;15:18:31;314311.0;4;88:07:04;16:07:04;317224.0;4;2913.0;88:11:58;16:11:58;317518.0;4;3207.0;0.908;0.947;57.0;1.0;60.0;3.0;0.0
1881045_home;307718.29619999975;6403655.348099999;1881045;86:52:53;14:52:53;312773.0;4;88:13:01;16:13:01;317581.0;4;4808.0;88:13:01;16:13:01;317581.0;4;4808.0;1.0;0.868;52.0;0.997;60.0;8.0;0.0
2335003_home;316589.86089999974;6405562.8543;2335003;87:47:14;15:47:14;316034.0;4;88:14:41;16:14:41;317681.0;4;1647.0;88:14:41;16:14:41;317681.0;4;1647.0;1.0;0.716;37.0;0.778;40.0;3.0;0.0
1996417_work;313206.55030000024;6403577.171399999;1996417;78:46:59;06:46:59;283619.0;4;79:36:24;07:36:24;286584.0;4;2965.0;88:15:21;16:15:21;317721.0;4;34102.0;0.087;0.944;49.0;1.0;52.0;3.0;0.0
public_1476236966;315043.6824000003;6400880.5418;1877014;87:49:29;15:49:29;316169.0;4;88:15:54;16:15:54;317754.0;4;1585.0;88:15:54;16:15:54;317754.0;4;1585.0;1.0;0.431;26.0;0.592;36.0;10.0;0.0
2323108_work;315053.57359999977;6401555.9285;2323108;80:08:47;08:08:47;288527.0;4;80:50:49;08:50:49;291049.0;4;2522.0;88:16:08;16:16:08;317768.0;4;29241.0;0.086;0.937;39.0;1.0;42.0;3.0;0.0
public_1475966018;306844.1732999999;6401110.743000001;4680943;87:28:44;15:28:44;314924.0;4;88:20:53;16:20:53;318053.0;4;3129.0;88:20:53;16:20:53;318053.0;4;3129.0;1.0;0.92;55.0;0.999;60.0;5.0;0.0
2329272_work;318570.26300000027;6406815.3235;2329272;80:04:39;08:04:39;288279.0;4;80:37:39;08:37:39;290259.0;4;1980.0;88:27:12;16:27:12;318432.0;4;30153.0;0.066;0.971;41.0;1.0;42.0;1.0;0.0
7457316_home;323172.5630000001;6401065.446799999;7457316;88:02:01;16:02:01;316921.0;4;88:28:13;16:28:13;318493.0;4;1572.0;88:28:13;16:28:13;318493.0;4;1572.0;1.0;0.708;24.0;0.8;27.0;3.0;0.0
public_1475983670;318252.84130000044;6401341.805400001;4663510;88:12:48;16:12:48;317568.0;4;88:30:11;16:30:11;318611.0;4;1043.0;88:30:11;16:30:11;318611.0;4;1043.0;1.0;0.564;19.0;0.753;26.0;6.0;0.0
public_1475997659;320853.3044999996;6399715.852;7368354;85:30:26;13:30:26;307826.0;4;86:12:49;14:12:49;310369.0;4;2543.0;88:31:56;16:31:56;318716.0;4;10890.0;0.234;0.92;69.0;1.0;75.0;6.0;0.0
2330931_home;320166.88939999975;6411095.9070999995;2330931;87:38:13;15:38:13;315493.0;4;88:37:48;16:37:48;319068.0;4;3575.0;88:37:48;16:37:48;319068.0;4;3575.0;1.0;0.5;17.0;0.705;24.0;7.0;0.0
10006014_work;321972.1693000002;6403845.829;10006014;79:53:23;07:53:23;287603.0;4;81:06:19;09:06:19;291979.0;4;4376.0;88:39:18;16:39:18;319158.0;4;31555.0;0.139;0.802;34.0;1.0;42.0;8.0;0.0
4610795_work;319423.15359999985;6400390.196;4610795;79:50:53;07:50:53;287453.0;4;81:02:09;09:02:09;291729.0;4;4276.0;88:46:32;16:46:32;319592.0;4;32139.0;0.133;0.778;26.0;1.0;34.0;8.0;0.0
public_1476388882;316033.875;6399782.748500001;5591830;87:58:57;15:58:57;316737.0;4;88:46:33;16:46:33;319593.0;4;2856.0;88:46:33;16:46:33;319593.0;4;2856.0;1.0;0.886;30.0;1.0;34.0;4.0;0.0
4702543_work;313168.60589999985;6403576.838500001;4702543;79:44:03;07:44:03;287043.0;4;80:22:04;08:22:04;289324.0;4;2281.0;88:46:44;16:46:44;319604.0;4;32561.0;0.07;0.954;32.0;1.0;34.0;2.0;0.0
10006521_work;320929.9068;6401882.015000001;10006521;80:03:48;08:03:48;288228.0;4;82:05:49;10:05:49;295549.0;4;7321.0;88:47:28;16:47:28;319648.0;4;31420.0;0.233;0.588;25.0;1.0;42.0;17.0;0.0
public_1476003122;314452.12040000036;6400937.1417;1943722;88:32:59;16:32:59;318779.0;4;88:48:46;16:48:46;319726.0;4;947.0;88:48:46;16:48:46;319726.0;4;947.0;1.0;0.46;16.0;0.631;21.0;6.0;0.0
1989140_work;321312.45320000034;6404697.896299999;1989140;80:20:58;08:20:58;289258.0;4;85:14:29;13:14:29;306869.0;4;17611.0;88:51:44;16:51:44;319904.0;4;30646.0;0.575;0.334;25.0;1.0;75.0;50.0;0.0
2082244_work;321759.9375;6395775.261700001;2082244;80:11:42;08:11:42;288702.0;4;81:34:44;09:34:44;293684.0;4;4982.0;88:53:33;16:53:33;320013.0;4;31311.0;0.159;0.69;23.0;1.0;34.0;11.0;0.0
7490377_work;316552.9079;6410483.562999999;7490377;80:15:19;08:15:19;288919.0;4;81:17:44;09:17:44;292664.0;4;3745.0;88:57:09;16:57:09;320229.0;4;31310.0;0.12;0.848;36.0;1.0;42.0;6.0;0.0
7506596_home;315718.89269999973;6395192.287599999;7506596;87:11:38;15:11:38;313898.0;4;88:57:49;16:57:49;320269.0;4;6371.0;88:57:49;16:57:49;320269.0;4;6371.0;1.0;0.456;27.0;0.663;40.0;12.0;0.0
public_1476229729;324390.2446999997;6404229.569;4657456;87:50:21;15:50:21;316221.0;4;88:59:21;16:59:21;320361.0;4;4140.0;88:59:21;16:59:21;320361.0;4;4140.0;1.0;0.548;23.0;0.994;42.0;19.0;0.0
public_1476274925;316816.94010000024;6396205.7497000005;2077613;88:03:50;16:03:50;317030.0;4;88:59:58;16:59:58;320398.0;4;3368.0;88:59:58;16:59:58;320398.0;4;3368.0;1.0;0.488;21.0;0.955;40.0;20.0;0.0
2324411_home;304089.5016000001;6402685.125700001;2324411;87:33:42;15:33:42;315222.0;4;88:39:14;16:39:14;319154.0;4;3932.0;89:00:12;17:00:12;320412.0;4;5190.0;0.758;0.921;55.0;1.0;60.0;5.0;0.0
9430738_work;326017.33079999965;6401019.9564;9430738;85:13:31;13:13:31;306811.0;4;86:18:49;14:18:49;310729.0;4;3918.0;89:05:31;17:05:31;320731.0;4;13920.0;0.281;0.897;54.0;1.0;60.0;6.0;0.0
public_1476274630;326488.0207000002;6400867.542199999;1981057;82:00:06;10:00:06;295206.0;4;82:41:14;10:41:14;297674.0;4;2468.0;89:06:35;17:06:35;320795.0;4;25589.0;0.096;0.941;32.0;1.0;34.0;2.0;0.0
4857361_home;320101.2126000002;6395627.540200001;4857361;88:24:43;16:24:43;318283.0;4;89:10:01;17:10:01;321001.0;4;2718.0;89:10:01;17:10:01;321001.0;4;2718.0;1.0;0.63;38.0;0.718;43.0;5.0;0.0
4638257_work;318553.84049999993;6394254.804300001;4638257;79:57:45;07:57:45;287865.0;4;81:02:14;09:02:14;291734.0;4;3869.0;89:18:00;17:18:00;321480.0;4;33615.0;0.115;0.839;35.0;1.0;42.0;7.0;0.0
9554976_home;325264.1062000003;6405110.642000001;9554976;87:22:52;15:22:52;314572.0;4;89:19:10;17:19:10;321550.0;4;6978.0;89:19:10;17:19:10;321550.0;4;6978.0;1.0;0.423;22.0;0.684;36.0;14.0;0.0
4926489_work;317457.42069999967;6404416.6917;4926489;84:33:50;12:33:50;304430.0;4;85:05:49;13:05:49;306349.0;4;1919.0;89:19:15;17:19:15;321555.0;4;17125.0;0.112;0.983;59.0;1.0;60.0;1.0;0.0
7359830_work;315799.35780000035;6394287.5962000005;7359830;79:36:35;07:36:35;286595.0;4;80:16:39;08:16:39;288999.0;4;2404.0;89:26:09;17:26:09;321969.0;4;35374.0;0.068;0.946;32.0;1.0;34.0;2.0;0.0
public_1476187491;321710.3996000001;6400785.069;10006014;89:11:44;17:11:44;321104.0;4;89:27:03;17:27:03;322023.0;4;919.0;89:27:03;17:27:03;322023.0;4;919.0;1.0;0.922;39.0;0.98;41.0;2.0;0.0
4732865_work;322148.22250000015;6402450.941400001;4732865;79:48:32;07:48:32;287312.0;4;83:32:44;11:32:44;300764.0;4;13452.0;89:29:38;17:29:38;322178.0;4;34866.0;0.386;0.411;25.0;1.0;60.0;35.0;0.0
4785109_home;325314.3842000002;6410331.5118;4785109;88:37:47;16:37:47;319067.0;4;89:39:34;17:39:34;322774.0;4;3707.0;89:39:34;17:39:34;322774.0;4;3707.0;1.0;0.905;54.0;0.997;60.0;6.0;0.0
public_1476212770;308022.7485999996;6403300.808700001;1943722;89:25:46;17:25:46;321946.0;4;89:42:36;17:42:36;322956.0;4;1010.0;89:42:36;17:42:36;322956.0;4;1010.0;1.0;0.549;19.0;0.731;25.0;6.0;0.0
public_1476072704;319365.0099999998;6399863.1022;7458801;86:27:46;14:27:46;311266.0;4;87:11:39;15:11:39;313899.0;4;2633.0;89:51:29;17:51:29;323489.0;4;12223.0;0.215;0.962;58.0;1.0;60.0;2.0;0.0
2067447_home;320676.8701999998;6397834.6316;2067447;89:28:51;17:28:51;322131.0;4;89:53:08;17:53:08;323588.0;4;1457.0;89:53:08;17:53:08;323588.0;4;1457.0;1.0;0.456;27.0;0.504;30.0;3.0;0.0
public_1476257276;316743.8037999999;6399103.082599999;1941262;81:02:07;09:02:07;291727.0;4;81:46:34;09:46:34;294394.0;4;2667.0;89:54:12;17:54:12;323652.0;4;31925.0;0.084;0.921;31.0;1.0;34.0;3.0;0.0
7316759_work;307677.8507000003;6403576.386399999;7316759;80:16:26;08:16:26;288986.0;4;81:11:04;09:11:04;292264.0;4;3278.0;89:54:48;17:54:48;323688.0;4;34702.0;0.094;0.926;48.0;1.0;52.0;4.0;0.0
public_1476178654;315463.4908999996;6407950.4694;2329272;89:44:03;17:44:03;323043.0;4;89:55:12;17:55:12;323712.0;4;669.0;89:55:12;17:55:12;323712.0;4;669.0;1.0;0.786;33.0;0.884;37.0;4.0;0.0
2033206_work;329046.79279999994;6395900.8002;2033206;79:31:51;07:31:51;286311.0;4;80:48:04;08:48:04;290884.0;4;4573.0;89:56:05;17:56:05;323765.0;4;37454.0;0.122;0.788;33.0;1.0;42.0;9.0;0.0
public_1476008692;319792.52139999997;6397675.052300001;2316095;89:12:46;17:12:46;321166.0;4;89:57:52;17:57:52;323872.0;4;2706.0;89:57:52;17:57:52;323872.0;4;2706.0;1.0;0.412;25.0;0.688;41.0;17.0;0.0
2017922_home;324970.7039999999;6401520.6151;2017922;88:22:13;16:22:13;318133.0;4;90:01:02;18:01:02;324062.0;4;5929.0;90:01:02;18:01:02;324062.0;4;5929.0;1.0;0.675;28.0;0.955;40.0;12.0;0.0
public_1476203079;321534.5303999996;6394544.737;7326427;88:37:49;16:37:49;319069.0;4;89:21:34;17:21:34;321694.0;4;2625.0;90:07:26;18:07:26;324446.0;4;5377.0;0.488;0.925;39.0;1.0;42.0;3.0;0.0
4623910_work;319790.90419999976;6398068.3685;4623910;80:58:55;08:58:55;291535.0;4;82:33:34;10:33:34;297214.0;4;5679.0;90:08:01;18:08:01;324481.0;4;32946.0;0.172;0.708;30.0;1.0;42.0;12.0;0.0
public_1476265451;316483.0460999999;6395069.236199999;4655013;89:55:28;17:55:28;323728.0;4;90:09:36;18:09:36;324576.0;4;848.0;90:09:36;18:09:36;324576.0;4;848.0;1.0;0.844;63.0;0.914;69.0;5.0;0.0
2326800_work;320462.31209999975;6398789.2698;2326800;78:35:27;06:35:27;282927.0;4;79:23:14;07:23:14;285794.0;4;2867.0;90:11:42;18:11:42;324702.0;4;41775.0;0.069;0.912;38.0;1.0;42.0;4.0;0.0
10055296_home;323033.1525999997;6407516.3673;10055296;71:16:32;23:16:32;256592.0;3;72:31:14;00:31:14;261074.0;4;4482.0;90:17:37;18:17:37;325057.0;4;68465.0;0.065;0.829;28.0;1.0;34.0;6.0;0.0
7462409_work;314198.48450000025;6397926.761499999;7462409;80:10:35;08:10:35;288635.0;4;81:21:44;09:21:44;292904.0;4;4269.0;90:18:13;18:18:13;325093.0;4;36458.0;0.117;0.779;26.0;1.0;34.0;8.0;0.0
2017265_home;329939.13379999995;6399812.3024;2017265;89:46:27;17:46:27;323187.0;4;90:18:25;18:18:25;325105.0;4;1918.0;90:18:25;18:18:25;325105.0;4;1918.0;1.0;0.902;68.0;0.953;71.0;4.0;0.0
public_1476321252;323354.8520999998;6401451.284399999;2327157;87:32:34;15:32:34;315154.0;4;88:51:54;16:51:54;319914.0;4;4760.0;90:18:27;18:18:27;325107.0;4;9953.0;0.478;0.619;26.0;1.0;42.0;16.0;0.0
1933694_work;304434.76049999986;6401852.502699999;1933694;81:01:15;09:01:15;291675.0;4;82:20:34;10:20:34;296434.0;4;4759.0;90:29:22;18:29:22;325762.0;4;34087.0;0.14;0.854;51.0;1.0;60.0;9.0;0.0
4610082_home;316946.9177000001;6390610.2643;4610082;89:26:35;17:26:35;321995.0;4;90:36:22;18:36:22;326182.0;4;4187.0;90:36:22;18:36:22;326182.0;4;4187.0;1.0;0.74;25.0;0.978;33.0;8.0;0.0
9672036_home;314728.2675000001;6403322.735200001;9672036;89:25:28;17:25:28;321928.0;4;90:38:32;18:38:32;326312.0;4;4384.0;90:38:32;18:38:32;326312.0;4;4384.0;1.0;0.797;60.0;0.911;68.0;9.0;0.0
public_1476020078;329414.4375;6406326.385;1895844;68:45:08;20:45:08;247508.0;3;69:43:09;21:43:09;250989.0;3;3481.0;90:47:05;18:47:05;326825.0;4;79317.0;0.044;0.903;54.0;1.0;60.0;6.0;0.0
public_1476328953;328965.8503999999;6394062.455600001;4575456;90:09:02;18:09:02;324542.0;4;90:49:47;18:49:47;326987.0;4;2445.0;90:49:47;18:49:47;326987.0;4;2445.0;1.0;0.888;53.0;0.994;60.0;6.0;0.0
public_1476313852;316616.84300000034;6398594.777000001;4732865;90:13:41;18:13:41;324821.0;4;90:50:37;18:50:37;327037.0;4;2216.0;90:50:37;18:50:37;327037.0;4;2216.0;1.0;0.968;58.0;0.999;60.0;2.0;0.0
7491449_work;317742.09619999956;6400014.5427;7491449;80:03:19;08:03:19;288199.0;4;80:42:19;08:42:19;290539.0;4;2340.0;91:07:17;19:07:17;328037.0;4;39838.0;0.059;0.95;40.0;1.0;42.0;2.0;0.0
public_1476094081;317139.9598000003;6394338.497099999;2324135;90:39:56;18:39:56;326396.0;4;91:10:17;19:10:17;328217.0;4;1821.0;91:10:17;19:10:17;328217.0;4;1821.0;1.0;0.546;19.0;0.873;30.0;11.0;0.0
public_1476094993;319738.0734000001;6399436.431700001;2126857;90:15:36;18:15:36;324936.0;4;91:15:07;19:15:07;328507.0;4;3571.0;91:15:07;19:15:07;328507.0;4;3571.0;1.0;0.519;31.0;0.884;53.0;22.0;0.0
public_1476393047;314816.28529999964;6401746.3893;9523368;90:10:21;18:10:21;324621.0;4;90:54:49;18:54:49;327289.0;4;2668.0;91:17:31;19:17:31;328651.0;4;4030.0;0.662;0.904;38.0;1.0;42.0;4.0;0.0
public_1476381951;321234.46520000044;6409352.0425;1926380;88:29:06;16:29:06;318546.0;4;89:23:29;17:23:29;321809.0;4;3263.0;91:21:57;19:21:57;328917.0;4;10371.0;0.315;0.826;28.0;1.0;34.0;6.0;0.0
public_1476408435;318564.47059999965;6397467.224199999;6047703;88:32:05;16:32:05;318725.0;4;89:31:39;17:31:39;322299.0;4;3574.0;91:32:53;19:32:53;329573.0;4;10848.0;0.329;0.894;54.0;1.0;60.0;6.0;0.0
public_1476043042;316101.3679999998;6399008.103399999;1881745;91:12:48;19:12:48;328368.0;4;91:36:33;19:36:33;329793.0;4;1425.0;91:36:33;19:36:33;329793.0;4;1425.0;1.0;0.774;26.0;0.964;33.0;6.0;0.0
public_1476257257;307868.59949999955;6402107.998500001;5589188;91:09:39;19:09:39;328179.0;4;91:44:03;19:44:03;330243.0;4;2064.0;91:44:03;19:44:03;330243.0;4;2064.0;1.0;0.434;23.0;0.676;35.0;13.0;0.0
4653888_work;313249.29470000044;6402098.7259;4653888;81:19:57;09:19:57;292797.0;4;82:27:34;10:27:34;296854.0;4;4057.0;91:53:11;19:53:11;330791.0;4;37994.0;0.107;0.825;35.0;1.0;42.0;7.0;0.0
5883454_home;328427.38879999984;6403939.1269000005;5883454;90:36:36;18:36:36;326196.0;4;91:59:31;19:59:31;331171.0;4;4975.0;91:59:31;19:59:31;331171.0;4;4975.0;1.0;0.762;32.0;0.986;41.0;9.0;0.0
4732865_home;321293.42090000026;6400950.841399999;4732865;90:57:47;18:57:47;327467.0;4;91:32:39;19:32:39;329559.0;4;2092.0;92:06:26;20:06:26;331586.0;4;4119.0;0.508;0.979;59.0;1.0;60.0;1.0;0.0
1968155_home;328717.6030000001;6397984.832;1968155;92:02:24;20:02:24;331344.0;4;92:16:59;20:16:59;332219.0;4;875.0;92:16:59;20:16:59;332219.0;4;875.0;1.0;0.958;33.0;0.989;34.0;1.0;0.0
2059878_home;328949.2142000003;6393318.241699999;2059878;91:33:01;19:33:01;329581.0;4;92:17:42;20:17:42;332262.0;4;2681.0;92:17:42;20:17:42;332262.0;4;2681.0;1.0;0.593;36.0;0.68;41.0;5.0;0.0
public_1476251537;313413.2647000002;6402766.123400001;9420023;86:00:56;14:00:56;309656.0;4;86:59:59;14:59:59;313199.0;4;3543.0;94:14:03;22:14:03;339243.0;4;29587.0;0.12;0.797;33.0;1.0;42.0;9.0;0.0
4703597_work;318310.8629999999;6399453.8467999995;4703597;84:36:03;12:36:03;304563.0;4;86:10:09;14:10:09;310209.0;4;5646.0;94:21:42;22:21:42;339702.0;4;35139.0;0.161;0.655;22.0;1.0;34.0;12.0;0.0
1938243_home;314158.58440000005;6392110.022399999;1938243;86:33:50;14:33:50;311630.0;4;93:01:09;21:01:09;334869.0;4;23239.0;100:26:43;04:26:43;361603.0;5;49973.0;0.465;0.423;32.0;1.0;75.0;43.0;0.0
2030913_home;324950.07710000034;6403226.425100001;2030913;81:44:37;09:44:37;294277.0;4;83:11:14;11:11:14;299474.0;4;5197.0;100:46:23;04:46:23;362783.0;5;68506.0;0.076;0.788;27.0;1.0;34.0;7.0;0.0
public_1476105302;316472.1551000001;6404766.7414;9487200;88:57:57;16:57:57;320277.0;4;89:55:19;17:55:19;323719.0;4;3442.0;101:28:21;05:28:21;365301.0;5;45024.0;0.076;0.907;54.0;1.0;60.0;6.0;0.0
9545089_home;320568.8360000001;6395238.0294;9545089;92:32:48;20:32:48;333168.0;4;93:57:19;21:57:19;338239.0;4;5071.0;101:28:57;05:28:57;365337.0;5;32169.0;0.158;0.795;27.0;1.0;34.0;7.0;0.0
5464371_home;324114.14690000005;6408070.1841;5464371;90:35:13;18:35:13;326113.0;4;93:21:29;21:21:29;336089.0;4;9976.0;101:44:32;05:44:32;366272.0;5;40159.0;0.248;0.725;43.0;1.0;60.0;17.0;0.0
public_1476332404;307119.9084999999;6401599.6778;2319409;88:32:41;16:32:41;318761.0;4;91:22:24;19:22:24;328944.0;4;10183.0;101:54:52;05:54:52;366892.0;5;48131.0;0.212;0.221;13.0;1.0;60.0;47.0;0.0
5883581_home;328332.4935999997;6402363.8849;5883581;88:18:57;16:18:57;317937.0;4;89:36:39;17:36:39;322599.0;4;4662.0;101:59:38;05:59:38;367178.0;5;49241.0;0.095;0.847;36.0;1.0;42.0;6.0;0.0
9557968_home;315840.84190000035;6402373.8396000005;9557968;88:18:43;16:18:43;317923.0;4;89:53:19;17:53:19;323599.0;4;5676.0;102:00:18;06:00:18;367218.0;5;49295.0;0.115;0.8;34.0;1.0;42.0;8.0;0.0
7365302_home;323558.9929999998;6405651.786;7365302;82:28:29;10:28:29;296909.0;4;84:34:59;12:34:59;304499.0;4;7590.0;102:01:34;06:01:34;367294.0;5;70385.0;0.108;0.788;47.0;1.0;60.0;13.0;0.0
1931224_home;315805.61230000015;6400721.7006;1931224;88:57:55;16:57:55;320275.0;4;90:00:34;18:00:34;324034.0;4;3759.0;102:04:07;06:04:07;367447.0;5;47172.0;0.08;0.888;37.0;1.0;42.0;5.0;0.0
1928999_home;319028.62799999956;6403672.5469;1928999;88:51:38;16:51:38;319898.0;4;92:28:04;20:28:04;332884.0;4;12986.0;102:07:08;06:07:08;367628.0;5;47730.0;0.272;0.343;12.0;1.0;34.0;22.0;0.0
2315592_home;314197.7220999999;6390817.0002999995;2315592;87:41:34;15:41:34;315694.0;4;88:31:44;16:31:44;318704.0;4;3010.0;102:09:15;06:09:15;367755.0;5;52061.0;0.058;0.913;31.0;1.0;34.0;3.0;0.0
2321646_home;313358.7719999999;6393679.8517;2321646;88:48:22;16:48:22;319702.0;4;90:10:59;18:10:59;324659.0;4;4957.0;102:13:44;06:13:44;368024.0;5;48322.0;0.103;0.802;27.0;1.0;34.0;7.0;0.0
3255260_home;309923.2385;6403891.039899999;3255260;88:30:09;16:30:09;318609.0;4;93:04:49;21:04:49;335089.0;4;16480.0;102:20:43;06:20:43;368443.0;5;49834.0;0.331;0.143;5.0;1.0;34.0;29.0;0.0
2126857_home;327285.14159999974;6392540.0978;2126857;91:28:25;19:28:25;329305.0;4;93:12:49;21:12:49;335569.0;4;6264.0;102:29:58;06:29:58;368998.0;5;39693.0;0.158;0.845;51.0;1.0;60.0;9.0;0.0
9664484_home;314380.07550000027;6390999.892000001;9664484;90:25:23;18:25:23;325523.0;4;92:06:34;20:06:34;331594.0;4;6071.0;102:31:38;06:31:38;369098.0;5;43575.0;0.139;0.738;25.0;1.0;34.0;9.0;0.0
7457316_home;323172.5630000001;6401065.446799999;7457316;89:45:48;17:45:48;323148.0;4;91:33:44;19:33:44;329624.0;4;6476.0;102:32:26;06:32:26;369146.0;5;45998.0;0.141;0.706;24.0;1.0;34.0;10.0;0.0
4661453_home;315327.26680000033;6403839.7917;4661453;84:52:42;12:52:42;305562.0;4;87:02:24;15:02:24;313344.0;4;7782.0;102:32:47;06:32:47;369167.0;5;63605.0;0.122;0.796;48.0;1.0;60.0;12.0;0.0
public_1476257276;316743.8037999999;6399103.082599999;7365302;102:16:33;06:16:33;368193.0;5;102:34:49;06:34:49;369289.0;5;1096.0;102:34:49;06:34:49;369289.0;5;1096.0;1.0;0.964;58.0;0.99;59.0;2.0;0.0
1865752_home;321480.08949999977;6409595.385600001;1865752;88:04:47;16:04:47;317087.0;4;89:48:59;17:48:59;323339.0;4;6252.0;102:37:22;06:37:22;369442.0;5;52355.0;0.119;0.827;43.0;1.0;52.0;9.0;0.0
2073959_home;319947.909;6402641.823100001;2073959;88:24:52;16:24:52;318292.0;4;89:33:44;17:33:44;322424.0;4;4132.0;102:37:38;06:37:38;369458.0;5;51166.0;0.081;0.849;29.0;1.0;34.0;5.0;0.0
2071692_home;324365.43649999984;6405154.825300001;2071692;91:19:39;19:19:39;328779.0;4;95:50:59;23:50:59;345059.0;4;16280.0;102:38:00;06:38:00;369480.0;5;40701.0;0.4;0.154;5.0;1.0;34.0;29.0;0.0
9540846_home;317173.43599999975;6400116.2535;9540846;93:23:06;21:23:06;336186.0;4;97:34:59;01:34:59;351299.0;5;15113.0;102:39:11;06:39:11;369551.0;5;33365.0;0.453;0.221;8.0;1.0;34.0;26.0;0.0
9664574_home;314103.0192;6390609.5557;9664574;82:03:06;10:03:06;295386.0;4;85:53:24;13:53:24;309204.0;4;13818.0;102:40:26;06:40:26;369626.0;5;74240.0;0.186;0.295;10.0;1.0;34.0;24.0;0.0
public_1476108201;317989.1286000004;6398849.0778;1916724;85:58:00;13:58:00;309480.0;4;86:43:59;14:43:59;312239.0;4;2759.0;102:41:58;06:41:58;369718.0;5;60238.0;0.046;0.937;49.0;1.0;52.0;3.0;0.0
1926043_home;324798.80480000004;6403462.5175;1926043;87:17:11;15:17:11;314231.0;4;88:04:04;16:04:04;317044.0;4;2813.0;102:47:03;06:47:03;370023.0;5;55792.0;0.05;0.92;39.0;1.0;42.0;3.0;0.0
4922102_home;312494.0672000004;6396388.6391;4922102;88:45:35;16:45:35;319535.0;4;90:32:54;18:32:54;325974.0;4;6439.0;102:48:45;06:48:45;370125.0;5;50590.0;0.127;0.764;32.0;1.0;42.0;10.0;0.0
2072947_home;317466.2427000003;6405203.1493999995;2072947;89:31:03;17:31:03;322263.0;4;92:44:49;20:44:49;333889.0;4;11626.0;103:03:38;07:03:38;371018.0;5;48755.0;0.238;0.524;22.0;1.0;42.0;20.0;0.0
2330722_home;321507.3794;6410712.554199999;2330722;93:15:51;21:15:51;335751.0;4;95:55:19;23:55:19;345319.0;4;9568.0;103:07:39;07:07:39;371259.0;5;35508.0;0.269;0.777;58.0;1.0;75.0;17.0;0.0
7298191_home;317752.87650000025;6399155.0825;7298191;88:32:12;16:32:12;318732.0;4;91:13:14;19:13:14;328394.0;4;9662.0;103:08:12;07:08:12;371292.0;5;52560.0;0.184;0.615;26.0;1.0;42.0;16.0;0.0
2041052_home;318209.41110000014;6391713.7826000005;2041052;89:56:44;17:56:44;323804.0;4;94:24:24;22:24:24;339864.0;4;16060.0;103:08:20;07:08:20;371300.0;5;47496.0;0.338;0.319;13.0;1.0;42.0;29.0;0.0
1943706_home;311288.9951999998;6405624.982999999;1943706;84:15:01;12:15:01;303301.0;4;85:19:14;13:19:14;307154.0;4;3853.0;103:09:45;07:09:45;371385.0;5;68084.0;0.057;0.865;29.0;1.0;34.0;5.0;0.0
2208172_home;323694.8113000002;6393310.5436;2208172;88:55:41;16:55:41;320141.0;4;94:00:39;22:00:39;338439.0;4;18298.0;103:10:21;07:10:21;371421.0;5;51280.0;0.357;0.376;20.0;1.0;52.0;32.0;0.0
9460773_home;305174.8901000004;6400432.123299999;9460773;85:07:43;13:07:43;306463.0;4;86:07:19;14:07:19;310039.0;4;3576.0;103:11:27;07:11:27;371487.0;5;65024.0;0.055;0.881;30.0;1.0;34.0;4.0;0.0
4770792_home;315394.1842;6402929.1032;4770792;81:01:20;09:01:20;291680.0;4;82:32:09;10:32:09;297129.0;4;5449.0;103:12:24;07:12:24;371544.0;5;79864.0;0.068;0.81;34.0;1.0;42.0;8.0;0.0
1994057_home;314400.6409;6394212.232799999;1994057;85:34:19;13:34:19;308059.0;4;86:33:59;14:33:59;311639.0;4;3580.0;103:12:51;07:12:51;371571.0;5;63512.0;0.056;0.897;38.0;1.0;42.0;4.0;0.0
4772271_home;320887.6749999998;6396465.4361000005;4772271;88:04:54;16:04:54;317094.0;4;90:20:54;18:20:54;325254.0;4;8160.0;103:13:18;07:13:18;371598.0;5;54504.0;0.15;0.618;21.0;1.0;34.0;13.0;0.0
1881745_home;315321.6506000003;6401958.957699999;1881745;91:45:17;19:45:17;330317.0;4;92:32:34;20:32:34;333154.0;4;2837.0;103:13:59;07:13:59;371639.0;5;41322.0;0.069;0.923;31.0;1.0;34.0;3.0;0.0
7410489_home;320715.10890000034;6397072.91;7410489;88:12:45;16:12:45;317565.0;4;89:42:19;17:42:19;322939.0;4;5374.0;103:14:09;07:14:09;371649.0;5;54084.0;0.099;0.874;52.0;1.0;60.0;8.0;0.0
4704065_home;316654.39240000024;6395182.139599999;4704065;91:09:23;19:09:23;328163.0;4;94:24:14;22:24:14;339854.0;4;11691.0;103:15:18;07:15:18;371718.0;5;43555.0;0.268;0.414;14.0;1.0;34.0;20.0;0.0
1881045_home;307718.29619999975;6403655.348099999;1881045;91:05:13;19:05:13;327913.0;4;92:43:44;20:43:44;333824.0;4;5911.0;103:17:22;07:17:22;371842.0;5;43929.0;0.135;0.856;51.0;1.0;60.0;9.0;0.0
2017265_home;329939.13379999995;6399812.3024;2017265;91:52:37;19:52:37;330757.0;4;92:37:39;20:37:39;333459.0;4;2702.0;103:19:02;07:19:02;371942.0;5;41185.0;0.066;0.954;72.0;1.0;75.0;3.0;0.0
7411363_home;318839.2874999996;6399569.3467;7411363;89:44:31;17:44:31;323071.0;4;91:27:54;19:27:54;329274.0;4;6203.0;103:20:18;07:20:18;372018.0;5;48947.0;0.127;0.721;25.0;1.0;34.0;9.0;0.0
7326174_home;320733.01400000043;6394516.990900001;7326174;89:25:07;17:25:07;321907.0;4;96:20:04;00:20:04;346804.0;5;24897.0;103:20:56;07:20:56;372056.0;5;50149.0;0.496;0.38;28.0;1.0;75.0;47.0;0.0
4600925_home;325005.5080000004;6406214.4837;4600925;87:35:38;15:35:38;315338.0;4;91:22:39;19:22:39;328959.0;4;13621.0;103:22:10;07:22:10;372130.0;5;56792.0;0.24;0.432;18.0;1.0;42.0;24.0;0.0
2040745_home;317672.99120000005;6391419.2917;2040745;88:14:37;16:14:37;317677.0;4;89:01:04;17:01:04;320464.0;4;2787.0;103:22:39;07:22:39;372159.0;5;54482.0;0.051;0.926;31.0;1.0;34.0;3.0;0.0
1839970_home;326780.6908999998;6402146.291200001;1839970;86:50:05;14:50:05;312605.0;4;91:27:39;19:27:39;329259.0;4;16654.0;103:23:25;07:23:25;372205.0;5;59600.0;0.279;0.593;44.0;1.0;75.0;31.0;0.0
4923723_home;304319.34420000017;6400777.7905;4923723;85:57:04;13:57:04;309424.0;4;87:59:19;15:59:19;316759.0;4;7335.0;103:27:19;07:27:19;372439.0;5;63015.0;0.116;0.666;23.0;1.0;34.0;11.0;0.0
4744050_home;321702.1827999996;6394149.396199999;4744050;90:55:32;18:55:32;327332.0;4;93:25:54;21:25:54;336354.0;4;9022.0;103:27:34;07:27:34;372454.0;5;45122.0;0.2;0.643;27.0;1.0;42.0;15.0;0.0
9483319_home;323566.1133000003;6401374.403100001;9483319;90:58:23;18:58:23;327503.0;4;100:10:14;04:10:14;360614.0;5;33111.0;103:27:53;07:27:53;372473.0;5;44970.0;0.736;0.166;12.0;1.0;75.0;63.0;0.0
7311720_home;323099.43620000035;6404774.0407;7311720;90:19:46;18:19:46;325186.0;4;92:41:09;20:41:09;333669.0;4;8483.0;103:28:04;07:28:04;372484.0;5;47298.0;0.179;0.6;20.0;1.0;34.0;14.0;0.0
9557721_home;315812.19299999997;6402373.169600001;9557721;89:59:58;17:59:58;323998.0;4;92:52:44;20:52:44;334364.0;4;10366.0;103:29:49;07:29:49;372589.0;5;48591.0;0.213;0.582;24.0;1.0;42.0;18.0;0.0
2325330_home;309053.4104000004;6404043.125399999;2325330;89:13:58;17:13:58;321238.0;4;91:25:09;19:25:09;329109.0;4;7871.0;103:32:17;07:32:17;372737.0;5;51499.0;0.153;0.624;21.0;1.0;34.0;13.0;0.0
public_1476363725;317107.39499999955;6402608.874299999;4652092;91:01:54;19:01:54;327714.0;4;93:32:39;21:32:39;336759.0;4;9045.0;103:33:09;07:33:09;372789.0;5;45075.0;0.201;0.248;13.0;1.0;52.0;39.0;0.0
public_1476182836;325587.5264999997;6411025.6581999995;4610795;90:05:19;18:05:19;324319.0;4;90:55:44;18:55:44;327344.0;4;3025.0;103:33:33;07:33:33;372813.0;5;48494.0;0.062;0.868;30.0;1.0;34.0;4.0;0.0
4702543_home;315828.16889999993;6400310.1654;4702543;90:22:37;18:22:37;325357.0;4;91:28:59;19:28:59;329339.0;4;3982.0;103:33:59;07:33:59;372839.0;5;47482.0;0.084;0.858;29.0;1.0;34.0;5.0;0.0
3043275_home;323221.37930000015;6407573.3287;3043275;91:10:39;19:10:39;328239.0;4;94:56:44;22:56:44;341804.0;4;13565.0;103:35:22;07:35:22;372922.0;5;44683.0;0.304;0.309;11.0;1.0;34.0;23.0;0.0
1996777_home;315262.63850000035;6392859.198000001;1996777;89:15:55;17:15:55;321355.0;4;92:15:39;20:15:39;332139.0;4;10784.0;103:35:42;07:35:42;372942.0;5;51587.0;0.209;0.657;34.0;1.0;52.0;18.0;0.0
public_1476160164;316329.15589999966;6398059.6876;2093943;91:32:41;19:32:41;329561.0;4;92:44:29;20:44:29;333869.0;4;4308.0;103:41:10;07:41:10;373270.0;5;43709.0;0.099;0.638;22.0;1.0;34.0;12.0;0.0
2075756_home;314782.0530000003;6394580.7534;2075756;89:09:32;17:09:32;320972.0;4;93:42:44;21:42:44;337364.0;4;16392.0;103:41:53;07:41:53;373313.0;5;52341.0;0.313;0.512;31.0;1.0;60.0;29.0;0.0
1937617_home;314846.68379999977;6391569.770400001;1937617;86:43:19;14:43:19;312199.0;4;89:59:29;17:59:29;323969.0;4;11770.0;103:42:17;07:42:17;373337.0;5;61138.0;0.193;0.604;31.0;1.0;52.0;21.0;0.0
9512435_home;323378.77329999954;6401473.876499999;9512435;86:44:02;14:44:02;312242.0;4;89:12:29;17:12:29;321149.0;4;8907.0;103:44:26;07:44:26;373466.0;5;61224.0;0.145;0.65;27.0;1.0;42.0;15.0;0.0
public_1476032490;325184.7207000004;6400562.935799999;4575456;103:21:15;07:21:15;372075.0;5;103:45:05;07:45:05;373505.0;5;1430.0;103:45:05;07:45:05;373505.0;5;1430.0;1.0;0.933;56.0;0.987;59.0;3.0;0.0
4653799_home;318889.6397000002;6403563.940400001;4653799;87:30:25;15:30:25;315025.0;4;93:45:49;21:45:49;337549.0;4;22524.0;103:46:33;07:46:33;373593.0;5;58568.0;0.385;0.441;33.0;1.0;75.0;42.0;0.0
public_1476221442;314025.3596999999;6396976.9001;4607018;92:12:16;20:12:16;331936.0;4;93:58:19;21:58:19;338299.0;4;6363.0;103:47:32;07:47:32;373652.0;5;41716.0;0.153;0.385;16.0;1.0;42.0;26.0;0.0
2017219_home;329930.56539999973;6399367.3825;2017219;93:14:56;21:14:56;335696.0;4;97:00:29;01:00:29;349229.0;5;13533.0;103:48:06;07:48:06;373686.0;5;37990.0;0.356;0.436;18.0;1.0;42.0;24.0;0.0
2077950_home;323672.8679999998;6411205.032500001;2077950;88:28:18;16:28:18;318498.0;4;95:24:59;23:24:59;343499.0;4;25001.0;103:53:22;07:53:22;374002.0;5;55504.0;0.45;0.371;28.0;1.0;75.0;47.0;0.0
public_1476137267;328729.4315999998;6401953.777799999;7442665;84:33:26;12:33:26;304406.0;4;85:33:19;13:33:19;307999.0;4;3593.0;103:53:40;07:53:40;374020.0;5;69614.0;0.052;0.789;33.0;1.0;42.0;9.0;0.0
public_1476104029;316423.3071999997;6396608.2852;7491449;91:17:17;19:17:17;328637.0;4;91:56:59;19:56:59;331019.0;4;2382.0;103:53:48;07:53:48;374028.0;5;45391.0;0.052;0.947;40.0;1.0;42.0;2.0;0.0
7316759_home;320147.8047000002;6404331.7763;7316759;90:15:37;18:15:37;324937.0;4;91:12:44;19:12:44;328364.0;4;3427.0;103:55:22;07:55:22;374122.0;5;49185.0;0.07;0.927;48.0;1.0;52.0;4.0;0.0
2323108_home;306794.42200000025;6402833.237500001;2323108;92:44:53;20:44:53;333893.0;4;94:01:39;22:01:39;338499.0;4;4606.0;103:56:16;07:56:16;374176.0;5;40283.0;0.114;0.849;36.0;1.0;42.0;6.0;0.0
1896793_home;329267.9921000004;6401901.366900001;1896793;91:43:07;19:43:07;330187.0;4;93:05:49;21:05:49;335149.0;4;4962.0;103:57:38;07:57:38;374258.0;5;44071.0;0.113;0.833;35.0;1.0;42.0;7.0;0.0
public_1476424204;318784.03220000025;6398588.606000001;4642351;91:30:31;19:30:31;329431.0;4;94:33:54;22:33:54;340434.0;4;11003.0;103:58:09;07:58:09;374289.0;5;44858.0;0.245;0.245;18.0;1.0;75.0;57.0;0.0
public_1476203079;321534.5303999996;6394544.737;2075756;103:52:59;07:52:59;373979.0;5;103:59:20;07:59:20;374360.0;5;381.0;103:59:20;07:59:20;374360.0;5;381.0;1.0;0.97;58.0;0.981;59.0;1.0;0.0
9407968_home;321824.78050000034;6397438.062999999;9407968;86:07:29;14:07:29;310049.0;4;90:04:14;18:04:14;324254.0;4;14205.0;103:59:21;07:59:21;374361.0;5;64312.0;0.221;0.51;27.0;1.0;52.0;25.0;0.0
7490377_home;315591.3705000002;6399008.9947;7490377;89:14:28;17:14:28;321268.0;4;90:04:29;18:04:29;324269.0;4;3001.0;103:59:38;07:59:38;374378.0;5;53110.0;0.057;0.924;39.0;1.0;42.0;3.0;0.0
10004860_home;323923.82969999965;6411780.592;10004860;103:19:12;07:19:12;371952.0;5;104:03:22;08:03:22;374602.0;5;2650.0;104:03:22;08:03:22;374602.0;5;2650.0;1.0;0.749;25.0;0.901;31.0;5.0;0.0
7380534_home;314994.2132000001;6400792.838500001;7380534;90:50:43;18:50:43;327043.0;4;92:34:19;20:34:19;333259.0;4;6216.0;104:07:43;08:07:43;374863.0;5;47820.0;0.13;0.775;33.0;1.0;42.0;9.0;0.0
7373611_home;314508.6615000004;6394991.6456;7373611;87:14:27;15:14:27;314067.0;4;92:35:59;20:35:59;333359.0;4;19292.0;104:12:14;08:12:14;375134.0;5;61067.0;0.316;0.525;39.0;1.0;75.0;36.0;0.0
3262427_home;318453.77990000043;6409916.0055;3262427;93:00:56;21:00:56;334856.0;4;96:08:49;00:08:49;346129.0;5;11273.0;104:17:26;08:17:26;375446.0;5;40590.0;0.278;0.54;23.0;1.0;42.0;19.0;0.0
1936067_home;317000.4082000004;6396713.4516;1936067;87:42:10;15:42:10;315730.0;4;89:37:09;17:37:09;322629.0;4;6899.0;104:23:26;08:23:26;375806.0;5;60076.0;0.115;0.729;31.0;1.0;42.0;11.0;0.0
1942554_home;307973.2185000004;6403040.1833999995;1942554;86:44:29;14:44:29;312269.0;4;90:26:09;18:26:09;325569.0;4;13300.0;104:27:07;08:27:07;376027.0;5;63758.0;0.209;0.427;18.0;1.0;42.0;24.0;0.0
5465429_home;323859.9732999997;6407687.305199999;5465429;86:36:11;14:36:11;311771.0;4;90:18:59;18:18:59;325139.0;4;13368.0;104:28:38;08:28:38;376118.0;5;64347.0;0.208;0.615;37.0;1.0;60.0;23.0;0.0
7316665_home;319979.98950000014;6404070.054500001;7316665;86:01:01;14:01:01;309661.0;4;87:23:54;15:23:54;314634.0;4;4973.0;104:32:15;08:32:15;376335.0;5;66674.0;0.075;0.86;45.0;1.0;52.0;7.0;0.0
public_1476146696;322888.63100000005;6400511.8628;2017200;104:08:38;08:08:38;374918.0;5;104:32:41;08:32:41;376361.0;5;1443.0;104:32:41;08:32:41;376361.0;5;1443.0;1.0;0.454;15.0;0.714;24.0;9.0;0.0
public_1476297853;312718.07349999994;6411185.363;4665978;86:00:09;14:00:09;309609.0;4;87:57:59;15:57:59;316679.0;4;7070.0;104:33:55;08:33:55;376435.0;5;66826.0;0.106;0.482;25.0;1.0;52.0;27.0;0.0
public_1476046462;315927.9773000004;6401422.25;7508758;93:29:57;21:29:57;336597.0;4;95:05:29;23:05:29;342329.0;4;5732.0;104:37:11;08:37:11;376631.0;5;40034.0;0.143;0.382;13.0;1.0;34.0;21.0;0.0
2037906_home;316529.02190000005;6396017.7491999995;2037906;90:25:17;18:25:17;325517.0;4;91:20:44;19:20:44;328844.0;4;3327.0;104:41:23;08:41:23;376883.0;5;51366.0;0.065;0.936;49.0;1.0;52.0;3.0;0.0
public_1476073893;308763.25430000015;6403616.123500001;1943722;104:32:53;08:32:53;376373.0;5;104:50:44;08:50:44;377444.0;5;1071.0;104:50:44;08:50:44;377444.0;5;1071.0;1.0;0.68;23.0;0.872;30.0;7.0;0.0
4765230_home;317691.17899999954;6404765.9595;4765230;90:38:07;18:38:07;326287.0;4;93:49:39;21:49:39;337779.0;4;11492.0;104:51:17;08:51:17;377477.0;5;51190.0;0.224;0.53;22.0;1.0;42.0;20.0;0.0
1877372_home;316784.06099999975;6391043.250600001;1877372;90:44:38;18:44:38;326678.0;4;94:11:39;22:11:39;339099.0;4;12421.0;104:54:36;08:54:36;377676.0;5;50998.0;0.244;0.375;13.0;1.0;34.0;21.0;0.0
1993118_home;314882.09609999973;6397305.072000001;1993118;89:59:31;17:59:31;323971.0;4;96:40:49;00:40:49;348049.0;5;24078.0;104:56:24;08:56:24;377784.0;5;53813.0;0.447;0.265;16.0;1.0;60.0;44.0;0.0
9458789_home;325758.80680000037;6410415.2524999995;9458789;83:30:09;11:30:09;300609.0;4;87:25:04;15:25:04;314704.0;4;14095.0;104:58:06;08:58:06;377886.0;5;77277.0;0.182;0.279;9.0;1.0;34.0;25.0;0.0
public_1476043042;316101.3679999998;6399008.103399999;9418222;102:15:16;06:15:16;368116.0;5;103:30:34;07:30:34;372634.0;5;4518.0;105:01:01;09:01:01;378061.0;5;9945.0;0.454;0.782;41.0;1.0;52.0;11.0;0.0
1873713_home;316479.98599999957;6395461.661900001;1873713;88:14:57;16:14:57;317697.0;4;90:37:39;18:37:39;326259.0;4;8562.0;105:07:37;09:07:37;378457.0;5;60760.0;0.141;0.771;46.0;1.0;60.0;14.0;0.0
public_1476149896;315402.4561999999;6396558.679;9456468;101:15:31;05:15:31;364531.0;5;102:12:54;06:12:54;367974.0;5;3443.0;105:07:58;09:07:58;378478.0;5;13947.0;0.247;0.794;27.0;1.0;34.0;7.0;0.0
2080900_home;322199.28450000007;6390802.2118;2080900;91:09:20;19:09:20;328160.0;4;92:55:49;20:55:49;334549.0;4;6389.0;105:11:00;09:11:00;378660.0;5;50500.0;0.127;0.764;32.0;1.0;42.0;10.0;0.0
7313329_home;325145.2673000004;6405769.8518;7313329;93:45:52;21:45:52;337552.0;4;95:06:59;23:06:59;342419.0;4;4867.0;105:13:58;09:13:58;378838.0;5;41286.0;0.118;0.878;46.0;1.0;52.0;6.0;0.0
2059878_home;328949.2142000003;6393318.241699999;2059878;94:47:28;22:47:28;341248.0;4;98:55:29;02:55:29;356129.0;5;14881.0;105:20:29;09:20:29;379229.0;5;37981.0;0.392;0.566;34.0;1.0;60.0;26.0;0.0
public_1476005260;324642.5215999996;6404837.954399999;2071723;87:20:09;15:20:09;314409.0;4;89:30:59;17:30:59;322259.0;4;7850.0;105:31:54;09:31:54;379914.0;5;65505.0;0.12;0.458;27.0;1.0;60.0;33.0;0.0
9417336_home;315470.85819999967;6396510.363399999;9417336;84:18:41;12:18:41;303521.0;4;89:13:39;17:13:39;321219.0;4;17698.0;105:34:41;09:34:41;380081.0;5;76560.0;0.231;0.399;21.0;1.0;52.0;31.0;0.0
1942173_home;308007.142;6403093.046700001;1942173;90:57:23;18:57:23;327443.0;4;92:21:09;20:21:09;332469.0;4;5026.0;105:37:29;09:37:29;380249.0;5;52806.0;0.095;0.798;27.0;1.0;34.0;7.0;0.0
5905004_home;314937.7084999997;6401657.1055;5905004;83:23:38;11:23:38;300218.0;4;85:16:54;13:16:54;307014.0;4;6796.0;105:39:53;09:39:53;380393.0;5;80175.0;0.085;0.727;31.0;1.0;42.0;11.0;0.0
4609799_home;317069.5384999998;6391755.4275;4609799;104:28:48;08:28:48;376128.0;5;105:45:23;09:45:23;380723.0;5;4595.0;105:45:23;09:45:23;380723.0;5;4595.0;1.0;0.456;34.0;0.577;43.0;9.0;0.0
1981057_home;320480.0455;6397468.602399999;1981057;89:22:13;17:22:13;321733.0;4;90:05:29;18:05:29;324329.0;4;2596.0;105:45:46;09:45:46;380746.0;5;59013.0;0.044;0.937;32.0;1.0;34.0;2.0;0.0
7425822_home;317851.2757000001;6391935.5877;7425822;88:46:20;16:46:20;319580.0;4;89:51:24;17:51:24;323484.0;4;3904.0;105:49:24;09:49:24;380964.0;5;61384.0;0.064;0.914;48.0;1.0;52.0;4.0;0.0
4604173_home;316159.1687000003;6401411.4671;4604173;93:33:08;21:33:08;336788.0;4;96:25:59;00:25:59;347159.0;5;10371.0;105:49:58;09:49:58;380998.0;5;44210.0;0.235;0.582;24.0;1.0;42.0;18.0;0.0
4680502_home;328173.13570000045;6395105.735300001;4680502;87:28:22;15:28:22;314902.0;4;91:34:04;19:34:04;329644.0;4;14742.0;105:52:21;09:52:21;381141.0;5;66239.0;0.223;0.509;26.0;1.0;52.0;26.0;0.0
2329574_home;320844.1629999997;6409471.2443;2329574;92:32:22;20:32:22;333142.0;4;93:46:24;21:46:24;337584.0;4;4442.0;105:55:27;09:55:27;381327.0;5;48185.0;0.092;0.904;54.0;1.0;60.0;6.0;0.0
4598830_home;321517.8962000003;6400663.3961;4598830;92:16:11;20:16:11;332171.0;4;95:33:04;23:33:04;343984.0;4;11813.0;105:56:26;09:56:26;381386.0;5;49215.0;0.24;0.619;32.0;1.0;52.0;20.0;0.0
1924025_home;323731.90020000003;6401066.988299999;1924025;92:17:01;20:17:01;332221.0;4;94:32:04;22:32:04;340324.0;4;8103.0;106:11:05;10:11:05;382265.0;5;50044.0;0.162;0.622;21.0;1.0;34.0;13.0;0.0
2045115_home;321234.01800000016;6394038.889799999;2045115;84:09:19;12:09:19;302959.0;4;86:13:09;14:13:09;310389.0;4;7430.0;106:15:05;10:15:05;382505.0;5;79546.0;0.093;0.782;41.0;1.0;52.0;11.0;0.0
5915678_home;325568.4486999996;6393320.5677000005;5915678;94:35:30;22:35:30;340530.0;4;99:27:29;03:27:29;358049.0;5;17519.0;106:16:48;10:16:48;382608.0;5;42078.0;0.416;0.251;11.0;1.0;42.0;31.0;0.0
9420484_home;316659.4715;6390423.122099999;9420484;87:35:29;15:35:29;315329.0;4;90:26:14;18:26:14;325574.0;4;10245.0;106:17:31;10:17:31;382651.0;5;67322.0;0.152;0.665;35.0;1.0;52.0;17.0;0.0
public_1476227930;329095.6671000002;6395098.0901999995;4680502;105:56:43;09:56:43;381403.0;5;105:56:44;09:56:44;381404.0;5;1.0;106:25:57;10:25:57;383157.0;5;1754.0;0.001;1.0;52.0;1.0;52.0;0.0;277.692
public_1476363725;317107.39499999955;6402608.874299999;2335003;104:21:45;08:21:45;375705.0;5;105:45:04;09:45:04;380704.0;5;4999.0;106:33:47;10:33:47;383627.0;5;7922.0;0.631;0.726;38.0;1.0;52.0;14.0;0.0
public_1475983670;318252.84130000044;6401341.805400001;2045651;105:56:06;09:56:06;381366.0;5;106:38:40;10:38:40;383920.0;5;2554.0;106:38:40;10:38:40;383920.0;5;2554.0;1.0;0.725;25.0;0.99;34.0;9.0;0.0
public_1476249189;324481.80599999987;6401260.8715;1968395;105:28:30;09:28:30;379710.0;5;106:39:40;10:39:40;383980.0;5;4270.0;106:39:40;10:39:40;383980.0;5;4270.0;1.0;0.644;39.0;0.986;59.0;21.0;0.0
public_1476178133;320960.76659999974;6398034.9494;2098908;106:07:34;10:07:34;382054.0;5;106:39:44;10:39:44;383984.0;5;1930.0;106:39:44;10:39:44;383984.0;5;1930.0;1.0;0.735;25.0;0.977;33.0;8.0;0.0
7620113_home;317162.52639999986;6406631.7083;7620113;87:14:03;15:14:03;314043.0;4;88:59:34;16:59:34;320374.0;4;6331.0;106:40:57;10:40:57;384057.0;5;70014.0;0.09;0.843;51.0;1.0;60.0;9.0;0.0
7458801_home;323412.45660000015;6404817.2793000005;7458801;93:36:28;21:36:28;336988.0;4;94:33:44;22:33:44;340424.0;4;3436.0;106:44:54;10:44:54;384294.0;5;47306.0;0.073;0.937;56.0;1.0;60.0;4.0;0.0
public_1476218260;323345.7089999998;6394566.0623;1967726;105:39:28;09:39:28;380368.0;5;106:37:09;10:37:09;383829.0;5;3461.0;106:46:57;10:46:57;384417.0;5;4049.0;0.855;0.771;32.0;1.0;42.0;10.0;0.0
4923754_home;305047.8191999998;6401839.6226;4923754;84:59:42;12:59:42;305982.0;4;87:08:44;15:08:44;313724.0;4;7742.0;106:48:04;10:48:04;384484.0;5;78502.0;0.099;0.643;22.0;1.0;34.0;12.0;0.0
5589188_home;311827.64829999954;6404222.2346;5589188;105:50:13;09:50:13;381013.0;5;106:50:24;10:50:24;384624.0;5;3611.0;106:50:24;10:50:24;384624.0;5;3611.0;1.0;0.571;30.0;0.706;37.0;7.0;0.0
7316844_home;315295.5588999996;6400621.794600001;7316844;86:22:40;14:22:40;310960.0;4;87:57:09;15:57:09;316629.0;4;5669.0;106:52:13;10:52:13;384733.0;5;73773.0;0.077;0.761;26.0;1.0;34.0;8.0;0.0
2325568_home;308398.7355000004;6405001.045;2325568;93:15:20;21:15:20;335720.0;4;94:19:39;22:19:39;339579.0;4;3859.0;106:53:27;10:53:27;384807.0;5;49087.0;0.079;0.925;69.0;1.0;75.0;6.0;0.0
1968103_home;326779.6174999997;6397245.079700001;1968103;88:42:43;16:42:43;319363.0;4;91:29:09;19:29:09;329349.0;4;9986.0;106:57:00;10:57:00;385020.0;5;65657.0;0.152;0.687;36.0;1.0;52.0;16.0;0.0
public_1476273837;308864.66139999963;6393841.6162;9458789;105:24:48;09:24:48;379488.0;5;106:16:19;10:16:19;382579.0;5;3091.0;107:02:59;11:02:59;385379.0;5;5891.0;0.525;0.857;29.0;1.0;34.0;5.0;0.0
public_1476073862;324169.7061999999;6402319.0415;7360814;106:28:03;10:28:03;383283.0;5;107:04:22;11:04:22;385462.0;5;2179.0;107:04:22;11:04:22;385462.0;5;2179.0;1.0;0.512;17.0;0.901;31.0;13.0;0.0
1875719_home;314189.2355000004;6392818.4287;1875719;105:28:51;09:28:51;379731.0;5;106:55:09;10:55:09;384909.0;5;5178.0;107:05:25;11:05:25;385525.0;5;5794.0;0.894;0.769;26.0;1.0;34.0;8.0;0.0
5464740_home;323010.78949999996;6406918.259;5464740;88:32:04;16:32:04;318724.0;4;91:15:09;19:15:09;328509.0;4;9785.0;107:06:55;11:06:55;385615.0;5;66891.0;0.146;0.694;36.0;1.0;52.0;16.0;0.0
3255260_work;310843.84250000026;6400665.561000001;3255260;103:17:18;07:17:18;371838.0;5;104:08:44;08:08:44;374924.0;5;3086.0;107:09:08;11:09:08;385748.0;5;13910.0;0.222;0.885;30.0;1.0;34.0;4.0;0.0
7420298_home;316843.5410000002;6405798.7195999995;7420298;92:05:56;20:05:56;331556.0;4;93:39:54;21:39:54;337194.0;4;5638.0;107:17:19;11:17:19;386239.0;5;54683.0;0.103;0.801;34.0;1.0;42.0;8.0;0.0
2323062_home;307313.4354999997;6402406.363500001;2323062;84:59:28;12:59:28;305968.0;4;87:55:29;15:55:29;316529.0;4;10561.0;107:19:46;11:19:46;386386.0;5;80418.0;0.131;0.706;42.0;1.0;60.0;18.0;0.0
public_1476404680;314799.7916000001;6395311.110099999;5908289;105:00:20;09:00:20;378020.0;5;106:19:24;10:19:24;382764.0;5;4744.0;107:20:09;11:20:09;386409.0;5;8389.0;0.566;0.756;39.0;1.0;52.0;13.0;0.0
4696156_work;319991.90490000043;6401989.4158;4696156;105:55:59;09:55:59;381359.0;5;107:21:26;11:21:26;386486.0;5;5127.0;107:21:26;11:21:26;386486.0;5;5127.0;1.0;0.823;49.0;0.999;60.0;11.0;0.0
public_1476162075;315698.9042999996;6392867.8893;4604173;106:02:44;10:02:44;381764.0;5;106:44:49;10:44:49;384289.0;5;2525.0;107:26:59;11:26:59;386819.0;5;5055.0;0.5;0.935;39.0;1.0;42.0;3.0;0.0
public_1476162075;315698.9042999996;6392867.8893;2098360;107:15:22;11:15:22;386122.0;5;107:29:57;11:29:57;386997.0;5;875.0;107:29:57;11:29:57;386997.0;5;875.0;1.0;0.878;46.0;0.952;50.0;4.0;0.0
7379543_home;309084.5641000001;6403583.2574000005;7379543;86:56:22;14:56:22;312982.0;4;88:17:29;16:17:29;317849.0;4;4867.0;107:30:48;11:30:48;387048.0;5;74066.0;0.066;0.786;27.0;1.0;34.0;7.0;0.0
2017337_home;329971.77359999996;6398967.0319;2017337;84:57:14;12:57:14;305834.0;4;85:48:19;13:48:19;308899.0;4;3065.0;107:31:41;11:31:41;387101.0;5;81267.0;0.038;0.91;31.0;1.0;34.0;3.0;0.0
2125107_home;331711.7012;6391773.2223000005;2125107;86:34:30;14:34:30;311670.0;4;94:01:39;22:01:39;338499.0;4;26829.0;107:36:54;11:36:54;387414.0;5;75744.0;0.354;0.329;25.0;1.0;75.0;50.0;0.0
7311720_work;321076.34530000016;6402295.2064;7311720;103:34:44;07:34:44;372884.0;5;104:07:09;08:07:09;374829.0;5;1945.0;107:39:55;11:39:55;387595.0;5;14711.0;0.132;0.972;33.0;1.0;34.0;1.0;0.0
4744657_home;320649.78330000024;6393687.734099999;4744657;106:59:11;10:59:11;385151.0;5;107:46:51;11:46:51;388011.0;5;2860.0;107:46:51;11:46:51;388011.0;5;2860.0;1.0;0.509;31.0;0.602;36.0;6.0;0.0
public_1476111114;317304.6244999999;6400803.5809;4701806;106:21:56;10:21:56;382916.0;5;107:50:25;11:50:25;388225.0;5;5309.0;107:50:25;11:50:25;388225.0;5;5309.0;1.0;0.579;30.0;0.996;52.0;22.0;0.0
public_1476025321;313561.93879999965;6395976.5504;5933459;107:11:34;11:11:34;385894.0;5;107:57:34;11:57:34;388654.0;5;2760.0;107:57:34;11:57:34;388654.0;5;2760.0;1.0;0.818;61.0;0.991;74.0;13.0;0.0
4660405_home;317117.0884999996;6393018.649900001;4660405;89:06:55;17:06:55;320815.0;4;90:38:04;18:38:04;326284.0;4;5469.0;107:58:32;11:58:32;388712.0;5;67897.0;0.081;0.871;52.0;1.0;60.0;8.0;0.0
1996777_work;316061.48149999976;6399542.5995000005;1996777;103:47:05;07:47:05;373625.0;5;104:30:44;08:30:44;376244.0;5;2619.0;108:03:16;12:03:16;388996.0;5;15371.0;0.17;0.962;50.0;1.0;52.0;2.0;0.0
public_1476265451;316483.0460999999;6395069.236199999;7508758;104:47:37;08:47:37;377257.0;5;105:26:39;09:26:39;379599.0;5;2342.0;108:09:33;12:09:33;389373.0;5;12116.0;0.193;0.95;32.0;1.0;34.0;2.0;0.0
public_1476085982;323703.4336000001;6407621.854900001;7518300;108:07:50;12:07:50;389270.0;5;108:12:05;12:12:05;389525.0;5;255.0;108:12:05;12:12:05;389525.0;5;255.0;1.0;0.424;25.0;0.45;27.0;2.0;0.0
public_1476127570;318225.9935999997;6399292.052100001;9512435;106:07:30;10:07:30;382050.0;5;106:54:29;10:54:29;384869.0;5;2819.0;108:14:21;12:14:21;389661.0;5;7611.0;0.37;0.902;38.0;1.0;42.0;4.0;0.0
public_1476320783;317490.9028000003;6398776.622199999;1875719;107:17:12;11:17:12;386232.0;5;107:57:24;11:57:24;388644.0;5;2412.0;108:17:10;12:17:10;389830.0;5;3598.0;0.67;0.945;32.0;1.0;34.0;2.0;0.0
4744050_work;319821.01740000024;6398390.026699999;4744050;103:36:53;07:36:53;373013.0;5;104:11:09;08:11:09;375069.0;5;2056.0;108:18:51;12:18:51;389931.0;5;16918.0;0.122;0.967;41.0;1.0;42.0;1.0;0.0
2319425_home;305639.7845999999;6399902.185900001;2319425;107:12:30;11:12:30;385950.0;5;108:24:18;12:24:18;390258.0;5;4308.0;108:24:18;12:24:18;390258.0;5;4308.0;1.0;0.533;22.0;0.732;31.0;8.0;0.0
public_1476135410;329207.1747000003;6402593.460999999;4923754;108:11:10;12:11:10;389470.0;5;108:31:13;12:31:13;390673.0;5;1203.0;108:31:13;12:31:13;390673.0;5;1203.0;1.0;0.798;27.0;0.958;33.0;5.0;0.0
8169177_home;323122.69379999954;6407096.6504;8169177;107:31:52;11:31:52;387112.0;5;108:34:05;12:34:05;390845.0;5;3733.0;108:34:05;12:34:05;390845.0;5;3733.0;1.0;0.221;9.0;0.394;17.0;7.0;0.0
public_1476424204;318784.03220000025;6398588.606000001;7300259;94:17:19;22:17:19;339439.0;4;96:02:39;00:02:39;345759.0;5;6320.0;108:35:28;12:35:28;390928.0;5;51489.0;0.123;0.614;37.0;1.0;60.0;23.0;0.0
public_1476253627;323406.1270000003;6404946.8114;9674519;107:41:55;11:41:55;387715.0;5;108:53:23;12:53:23;392003.0;5;4288.0;108:53:23;12:53:23;392003.0;5;4288.0;1.0;0.569;19.0;0.998;34.0;15.0;0.0
9543495_home;322642.1906000003;6406953.554199999;9543495;95:45:31;23:45:31;344731.0;4;100:06:54;04:06:54;360414.0;5;15683.0;108:56:42;12:56:42;392202.0;5;47471.0;0.33;0.474;25.0;1.0;52.0;27.0;0.0
4765107_home;325828.5499999998;6405235.989600001;4765107;88:34:22;16:34:22;318862.0;4;90:57:14;18:57:14;327434.0;4;8572.0;108:58:12;12:58:12;392292.0;5;73430.0;0.117;0.666;28.0;1.0;42.0;14.0;0.0
4769859_work;321343.9773000004;6408282.772;4769859;104:47:03;08:47:03;377223.0;5;106:35:14;10:35:14;383714.0;5;6491.0;108:58:38;12:58:38;392318.0;5;15095.0;0.43;0.737;38.0;1.0;52.0;14.0;0.0
1981224_home;320282.4653000003;6397524.552999999;1981224;107:41:31;11:41:31;387691.0;5;109:02:20;13:02:20;392540.0;5;4849.0;109:02:20;13:02:20;392540.0;5;4849.0;1.0;0.722;30.0;0.947;40.0;9.0;0.0
public_1476029197;305961.2951999996;6400363.7905;1941915;86:03:16;14:03:16;309796.0;4;87:27:24;15:27:24;314844.0;4;5048.0;109:06:02;13:06:02;392762.0;5;82966.0;0.061;0.443;15.0;1.0;34.0;19.0;0.0
public_1476361959;312768.0022999998;6395155.409399999;4656277;108:14:23;12:14:23;389663.0;5;109:11:01;13:11:01;393061.0;5;3398.0;109:11:01;13:11:01;393061.0;5;3398.0;1.0;0.749;25.0;0.999;34.0;8.0;0.0
public_1476046462;315927.9773000004;6401422.25;7508758;108:20:19;12:20:19;390019.0;5;108:59:24;12:59:24;392364.0;5;2345.0;109:12:33;13:12:33;393153.0;5;3134.0;0.748;0.95;32.0;1.0;34.0;2.0;0.0
public_1476014856;313679.68769999966;6396501.9165;5933594;107:32:19;11:32:19;387139.0;5;108:53:29;12:53:29;392009.0;5;4870.0;109:13:35;13:13:35;393215.0;5;6076.0;0.802;0.603;25.0;1.0;42.0;17.0;0.0
public_1476240726;321785.03720000014;6399579.9055;9416099;106:41:27;10:41:27;384087.0;5;108:26:39;12:26:39;390399.0;5;6312.0;109:15:29;13:15:29;393329.0;5;9242.0;0.683;0.394;17.0;1.0;42.0;25.0;0.0
4857149_home;330254.95600000024;6390511.383199999;4857149;87:05:19;15:05:19;313519.0;4;88:11:59;16:11:59;317519.0;4;4000.0;109:17:34;13:17:34;393454.0;5;79935.0;0.05;0.911;47.0;1.0;52.0;5.0;0.0
public_1476298289;319003.1489000004;6400265.2392;7620113;108:31:36;12:31:36;390696.0;5;109:25:44;13:25:44;393944.0;5;3248.0;109:25:44;13:25:44;393944.0;5;3248.0;1.0;0.923;55.0;1.0;60.0;5.0;0.0
7359352_home;320385.3054999998;6399032.320900001;7359352;108:27:39;12:27:39;390459.0;5;109:33:25;13:33:25;394405.0;5;3946.0;109:33:25;13:33:25;394405.0;5;3946.0;1.0;0.569;19.0;0.795;27.0;8.0;0.0
1895682_home;328217.8147999998;6403733.010299999;1895682;109:22:52;13:22:52;393772.0;5;109:41:38;13:41:38;394898.0;5;1126.0;109:41:38;13:41:38;394898.0;5;1126.0;1.0;0.637;22.0;0.702;24.0;2.0;0.0
public_1476300220;327756.2171;6403439.268200001;1968103;108:59:26;12:59:26;392366.0;5;109:42:38;13:42:38;394958.0;5;2592.0;109:42:38;13:42:38;394958.0;5;2592.0;1.0;0.892;46.0;0.995;52.0;5.0;0.0
public_1475958124;320472.8499999996;6397799.482000001;2327157;107:01:21;11:01:21;385281.0;5;108:20:39;12:20:39;390039.0;5;4758.0;109:44:23;13:44:23;395063.0;5;9782.0;0.486;0.62;26.0;1.0;42.0;16.0;0.0
7620113_home;317162.52639999986;6406631.7083;7620113;109:36:23;13:36:23;394583.0;5;109:53:50;13:53:50;395630.0;5;1047.0;109:53:50;13:53:50;395630.0;5;1047.0;1.0;0.976;59.0;0.994;60.0;1.0;0.0
5589188_home;311827.64829999954;6404222.2346;5589188;109:18:30;13:18:30;393510.0;5;109:54:00;13:54:00;395640.0;5;2130.0;109:54:00;13:54:00;395640.0;5;2130.0;1.0;0.706;37.0;0.785;41.0;4.0;0.0
public_1476067117;320436.34800000023;6400718.8138;7316665;108:53:42;12:53:42;392022.0;5;109:49:19;13:49:19;395359.0;5;3337.0;109:54:07;13:54:07;395647.0;5;3625.0;0.921;0.881;46.0;1.0;52.0;6.0;0.0
public_1476157672;319282.90050000045;6397759.0867;2067447;109:19:10;13:19:10;393550.0;5;109:58:03;13:58:03;395883.0;5;2333.0;109:58:03;13:58:03;395883.0;5;2333.0;1.0;0.374;22.0;0.613;37.0;14.0;0.0
2326399_home;310900.6763000004;6406542.789100001;2326399;108:18:28;12:18:28;389908.0;5;109:58:43;13:58:43;395923.0;5;6015.0;109:58:43;13:58:43;395923.0;5;6015.0;1.0;0.391;16.0;0.669;28.0;12.0;0.0
7360814_home;322312.5175000001;6400506.4120000005;7360814;109:34:43;13:34:43;394483.0;5;110:00:46;14:00:46;396046.0;5;1563.0;110:00:46;14:00:46;396046.0;5;1563.0;1.0;0.799;27.0;0.889;30.0;3.0;0.0
public_1476155615;328598.68039999995;6394930.6306;7358660;109:57:21;13:57:21;395841.0;5;110:01:34;14:01:34;396094.0;5;253.0;110:01:34;14:01:34;396094.0;5;253.0;1.0;0.678;28.0;0.715;30.0;2.0;0.0
public_1476014117;321627.6791000003;6401407.725400001;2017219;104:10:41;08:10:41;375041.0;5;104:10:44;08:10:44;375044.0;5;3.0;110:02:05;14:02:05;396125.0;5;21084.0;0.0;1.0;42.0;1.0;42.0;0.0;326.606
5933459_home;306873.1310999999;6402910.4475;5933459;109:14:14;13:14:14;393254.0;5;110:02:51;14:02:51;396171.0;5;2917.0;110:02:51;14:02:51;396171.0;5;2917.0;1.0;0.925;69.0;0.995;75.0;5.0;0.0
public_1476034079;322703.7105999999;6401769.2029;1945320;109:57:37;13:57:37;395857.0;5;110:06:16;14:06:16;396376.0;5;519.0;110:06:16;14:06:16;396376.0;5;519.0;1.0;0.563;42.0;0.606;45.0;3.0;0.0
7360295_home;321979.80599999987;6401196.406099999;7360295;86:48:30;14:48:30;312510.0;4;87:57:09;15:57:09;316629.0;4;4119.0;110:07:06;14:07:06;396426.0;5;83916.0;0.049;0.85;29.0;1.0;34.0;5.0;0.0
5879289_home;320974.0508000003;6409157.9091;5879289;91:16:59;19:16:59;328619.0;4;93:57:34;21:57:34;338254.0;4;9635.0;110:09:00;14:09:00;396540.0;5;67921.0;0.142;0.534;18.0;1.0;34.0;16.0;0.0
public_1476236966;315043.6824000003;6400880.5418;2125107;110:08:03;14:08:03;396483.0;5;110:09:33;14:09:33;396573.0;5;90.0;110:09:33;14:09:33;396573.0;5;90.0;1.0;0.83;62.0;0.837;63.0;1.0;0.0
public_1476421452;322454.14740000013;6401312.4966;7413614;109:40:32;13:40:32;394832.0;5;110:17:33;14:17:33;397053.0;5;2221.0;110:17:33;14:17:33;397053.0;5;2221.0;1.0;0.705;42.0;0.928;56.0;13.0;0.0
public_1476165477;320306.7750000004;6400028.7322;9483319;109:18:40;13:18:40;393520.0;5;109:48:09;13:48:09;395289.0;5;1769.0;110:17:45;14:17:45;397065.0;5;3545.0;0.499;0.979;73.0;1.0;75.0;2.0;0.0
public_1476321252;323354.8520999998;6401451.284399999;7458801;106:52:35;10:52:35;384755.0;5;107:25:04;11:25:04;386704.0;5;1949.0;110:18:12;14:18:12;397092.0;5;12337.0;0.158;0.982;59.0;1.0;60.0;1.0;0.0
9543495_home;322642.1906000003;6406953.554199999;9543495;110:09:58;14:09:58;396598.0;5;110:23:36;14:23:36;397416.0;5;818.0;110:23:36;14:23:36;397416.0;5;818.0;1.0;0.858;45.0;0.889;46.0;2.0;0.0
5923425_home;323590.5502000004;6393416.1888;5923425;109:24:42;13:24:42;393882.0;5;110:24:13;14:24:13;397453.0;5;3571.0;110:24:13;14:24:13;397453.0;5;3571.0;1.0;0.605;25.0;0.771;32.0;7.0;0.0
1918308_home;320396.9230000004;6397049.709799999;1918308;109:13:46;13:13:46;393226.0;5;110:25:13;14:25:13;397513.0;5;4287.0;110:25:13;14:25:13;397513.0;5;4287.0;1.0;0.461;35.0;0.572;43.0;8.0;0.0
public_1476137240;315681.9249999998;6394704.2465;1873713;109:37:55;13:37:55;394675.0;5;110:26:06;14:26:06;397566.0;5;2891.0;110:26:06;14:26:06;397566.0;5;2891.0;1.0;0.817;49.0;0.991;59.0;10.0;0.0
7320517_home;316621.05790000036;6395551.0984000005;7320517;108:57:34;12:57:34;392254.0;5;110:28:08;14:28:08;397688.0;5;5434.0;110:28:08;14:28:08;397688.0;5;5434.0;1.0;0.686;23.0;0.989;34.0;10.0;0.0
public_1476137240;315681.9249999998;6394704.2465;9512435;108:23:01;12:23:01;390181.0;5;109:00:54;13:00:54;392454.0;5;2273.0;110:29:18;14:29:18;397758.0;5;7577.0;0.3;0.955;40.0;1.0;42.0;2.0;0.0
public_1476250731;323904.5070000002;6408370.640000001;1839970;107:20:16;11:20:16;386416.0;5;108:09:09;12:09:09;389349.0;5;2933.0;110:35:22;14:35:22;398122.0;5;11706.0;0.251;0.888;67.0;1.0;75.0;8.0;0.0
public_1476056498;316250.28330000024;6391748.006200001;7379543;107:51:50;11:51:50;388310.0;5;108:39:54;12:39:54;391194.0;5;2884.0;110:35:38;14:35:38;398138.0;5;9828.0;0.293;0.893;30.0;1.0;34.0;4.0;0.0
public_1476360415;328203.10390000045;6403042.1083;2067447;110:13:20;14:13:20;396800.0;5;110:45:53;14:45:53;398753.0;5;1953.0;110:45:53;14:45:53;398753.0;5;1953.0;1.0;0.57;34.0;0.769;46.0;12.0;0.0
4588354_home;317240.99450000003;6398878.168;4588354;110:37:16;14:37:16;398236.0;5;110:47:22;14:47:22;398842.0;5;606.0;110:47:22;14:47:22;398842.0;5;606.0;1.0;0.683;23.0;0.717;24.0;1.0;0.0
4922431_home;312813.48450000025;6393865.3771;4922431;109:42:23;13:42:23;394943.0;5;110:48:15;14:48:15;398895.0;5;3952.0;110:48:15;14:48:15;398895.0;5;3952.0;1.0;0.759;39.0;0.907;47.0;8.0;0.0
public_1476014117;321627.6791000003;6401407.725400001;5589188;110:11:51;14:11:51;396711.0;5;110:49:29;14:49:29;398969.0;5;2258.0;110:49:29;14:49:29;398969.0;5;2258.0;1.0;0.726;38.0;0.957;50.0;12.0;0.0
9491183_home;314538.44299999997;6394346.082599999;9491183;109:14:21;13:14:21;393261.0;5;111:01:09;15:01:09;399669.0;5;6408.0;111:01:09;15:01:09;399669.0;5;6408.0;1.0;0.703;30.0;0.989;42.0;12.0;0.0
public_1475997659;320853.3044999996;6399715.852;7416337;102:27:54;06:27:54;368874.0;5;103:34:14;07:34:14;372854.0;5;3980.0;111:03:56;15:03:56;399836.0;5;30962.0;0.129;0.697;24.0;1.0;34.0;10.0;0.0
public_1476411636;322906.96690000035;6404263.4789;3262427;108:02:44;12:02:44;388964.0;5;108:57:54;12:57:54;392274.0;5;3310.0;111:14:12;15:14:12;400452.0;5;11488.0;0.288;0.83;35.0;1.0;42.0;7.0;0.0
public_1476263557;320993.6995000001;6394917.979800001;1945320;111:08:03;15:08:03;400083.0;5;111:23:41;15:23:41;401021.0;5;938.0;111:23:41;15:23:41;401021.0;5;938.0;1.0;0.556;42.0;0.633;47.0;6.0;0.0
2000357_home;314646.4241000004;6400637.843;2000357;104:47:13;08:47:13;377233.0;5;107:33:14;11:33:14;387194.0;5;9961.0;111:25:41;15:25:41;401141.0;5;23908.0;0.417;0.688;36.0;1.0;52.0;16.0;0.0
9669919_work;312789.56819999963;6402809.819;9669919;107:09:39;11:09:39;385779.0;5;109:41:54;13:41:54;394914.0;5;9135.0;111:26:35;15:26:35;401195.0;5;15416.0;0.593;0.424;18.0;1.0;42.0;24.0;0.0
2330931_work;321167.5527999997;6404756.128699999;2330931;102:23:02;06:23:02;368582.0;5;104:17:09;08:17:09;375429.0;5;6847.0;111:29:39;15:29:39;401379.0;5;32797.0;0.209;0.547;19.0;1.0;34.0;15.0;0.0
public_1476151080;316591.76549999975;6405543.7607;4652995;110:10:10;14:10:10;396610.0;5;111:31:29;15:31:29;401489.0;5;4879.0;111:31:29;15:31:29;401489.0;5;4879.0;1.0;0.361;15.0;0.982;41.0;26.0;0.0
2017922_work;324282.7597000003;6403427.349099999;2017922;103:00:15;07:00:15;370815.0;5;104:21:29;08:21:29;375689.0;5;4874.0;111:43:25;15:43:25;402205.0;5;31390.0;0.155;0.754;32.0;1.0;42.0;10.0;0.0
public_1476299422;321892.02550000045;6391281.844799999;4598830;110:50:28;14:50:28;399028.0;5;111:37:39;15:37:39;401859.0;5;2831.0;111:44:10;15:44:10;402250.0;5;3222.0;0.879;0.952;50.0;1.0;52.0;2.0;0.0
public_1475997659;320853.3044999996;6399715.852;4607273;108:49:22;12:49:22;391762.0;5;109:40:44;13:40:44;394844.0;5;3082.0;111:49:49;15:49:49;402589.0;5;10827.0;0.285;0.859;29.0;1.0;34.0;5.0;0.0
7457316_work;321674.37770000007;6405104.304300001;7457316;102:42:03;06:42:03;369723.0;5;103:17:34;07:17:34;371854.0;5;2131.0;111:54:37;15:54:37;402877.0;5;33154.0;0.064;0.963;33.0;1.0;34.0;1.0;0.0
public_1476405782;319102.44689999986;6403667.3477;1929172;111:45:52;15:45:52;402352.0;5;111:56:43;15:56:43;403003.0;5;651.0;111:56:43;15:56:43;403003.0;5;651.0;1.0;0.305;16.0;0.381;20.0;4.0;0.0
2323108_work;315053.57359999977;6401555.9285;2323108;104:08:47;08:08:47;374927.0;5;104:50:49;08:50:49;377449.0;5;2522.0;112:16:08;16:16:08;404168.0;5;29241.0;0.086;0.937;39.0;1.0;42.0;3.0;0.0
public_1476188575;321627.9994000001;6404899.5371;1996657;108:09:45;12:09:45;389385.0;5;109:46:19;13:46:19;395179.0;5;5794.0;112:18:31;16:18:31;404311.0;5;14926.0;0.388;0.301;10.0;1.0;34.0;24.0;0.0
6047703_home;326654.9534;6395023.913699999;6047703;110:12:21;14:12:21;396741.0;5;111:30:54;15:30:54;401454.0;5;4713.0;112:18:57;16:18:57;404337.0;5;7596.0;0.62;0.895;54.0;1.0;60.0;6.0;0.0
1943722_work;313203.5602000002;6403617.1182;1943722;105:00:42;09:00:42;378042.0;5;106:01:29;10:01:29;381689.0;5;3647.0;112:25:15;16:25:15;404715.0;5;26673.0;0.137;0.835;28.0;1.0;34.0;6.0;0.0
1989025_work;312987.03000000026;6403178.936799999;1989025;108:10:20;12:10:20;389420.0;5;110:06:39;14:06:39;396399.0;5;6979.0;112:25:40;16:25:40;404740.0;5;15320.0;0.456;0.709;37.0;1.0;52.0;15.0;0.0
2320332_work;317031.12689999957;6391605.0338;2320332;103:57:56;07:57:56;374276.0;5;105:03:49;09:03:49;378229.0;5;3953.0;112:25:58;16:25:58;404758.0;5;30482.0;0.13;0.833;35.0;1.0;42.0;7.0;0.0
2329272_work;318570.26300000027;6406815.3235;2329272;104:04:39;08:04:39;374679.0;5;105:34:54;09:34:54;380094.0;5;5415.0;112:27:12;16:27:12;404832.0;5;30153.0;0.18;0.727;31.0;1.0;42.0;11.0;0.0
7311720_work;321076.34530000016;6402295.2064;7311720;108:29:50;12:29:50;390590.0;5;109:02:49;13:02:49;392569.0;5;1979.0;112:38:56;16:38:56;405536.0;5;14946.0;0.132;0.971;33.0;1.0;34.0;1.0;0.0
10006014_work;321972.1693000002;6403845.829;10006014;103:53:23;07:53:23;374003.0;5;105:28:14;09:28:14;379694.0;5;5691.0;112:39:18;16:39:18;405558.0;5;31555.0;0.18;0.706;30.0;1.0;42.0;12.0;0.0
public_1476008692;319792.52139999997;6397675.052300001;5589188;111:59:12;15:59:12;403152.0;5;112:40:27;16:40:27;405627.0;5;2475.0;112:40:27;16:40:27;405627.0;5;2475.0;1.0;0.889;46.0;0.994;52.0;5.0;0.0
public_1476281439;304697.7496999996;6401916.253699999;4660405;108:20:56;12:20:56;390056.0;5;109:12:39;13:12:39;393159.0;5;3103.0;112:44:40;16:44:40;405880.0;5;15824.0;0.196;0.935;56.0;1.0;60.0;4.0;0.0
2082244_work;321759.9375;6395775.261700001;2082244;104:11:42;08:11:42;375102.0;5;105:44:14;09:44:14;380654.0;5;5552.0;112:53:33;16:53:33;406413.0;5;31311.0;0.177;0.638;22.0;1.0;34.0;12.0;0.0
public_1476115366;321323.40270000044;6397432.778100001;9521447;102:30:46;06:30:46;369046.0;5;103:40:49;07:40:49;373249.0;5;4203.0;112:55:32;16:55:32;406532.0;5;37486.0;0.112;0.82;43.0;1.0;52.0;9.0;0.0
public_1476118777;318224.77219999954;6394251.602399999;2126857;102:44:38;06:44:38;369878.0;5;103:27:49;07:27:49;372469.0;5;2591.0;112:56:40;16:56:40;406600.0;5;36722.0;0.071;0.963;58.0;1.0;60.0;2.0;0.0
7490377_work;316552.9079;6410483.562999999;7490377;104:15:19;08:15:19;375319.0;5;105:00:14;09:00:14;378014.0;5;2695.0;112:57:09;16:57:09;406629.0;5;31310.0;0.086;0.925;39.0;1.0;42.0;3.0;0.0
public_1476229729;324390.2446999997;6404229.569;4657456;111:50:21;15:50:21;402621.0;5;112:40:29;16:40:29;405629.0;5;3008.0;112:59:21;16:59:21;406761.0;5;4140.0;0.727;0.84;35.0;1.0;42.0;7.0;0.0
2324411_home;304089.5016000001;6402685.125700001;2324411;111:33:42;15:33:42;401622.0;5;113:00:12;17:00:12;406812.0;5;5190.0;113:00:12;17:00:12;406812.0;5;5190.0;1.0;0.719;43.0;0.891;53.0;10.0;0.0
public_1476344354;317813.05590000004;6406013.3456999995;5411211;112:45:02;16:45:02;405902.0;5;113:00:40;17:00:40;406840.0;5;938.0;113:00:40;17:00:40;406840.0;5;938.0;1.0;0.597;20.0;0.767;26.0;6.0;0.0
public_1476264978;312993.53920000046;6403296.6105;1942967;108:42:17;12:42:17;391337.0;5;110:33:39;14:33:39;398019.0;5;6682.0;113:00:40;17:00:40;406840.0;5;15503.0;0.431;0.577;35.0;1.0;60.0;25.0;0.0
public_1476424204;318784.03220000025;6398588.606000001;4642351;112:07:24;16:07:24;403644.0;5;112:53:24;16:53:24;406404.0;5;2760.0;113:04:12;17:04:12;407052.0;5;3408.0;0.81;0.916;69.0;1.0;75.0;6.0;0.0
9396643_home;326757.8195000002;6402383.2644;9396643;111:31:48;15:31:48;401508.0;5;112:52:09;16:52:09;406329.0;5;4821.0;113:06:41;17:06:41;407201.0;5;5693.0;0.847;0.88;46.0;1.0;52.0;6.0;0.0
public_1476005260;324642.5215999996;6404837.954399999;4764447;111:44:57;15:44:57;402297.0;5;113:11:04;17:11:04;407464.0;5;5167.0;113:17:08;17:17:08;407828.0;5;5531.0;0.934;0.732;44.0;1.0;60.0;16.0;0.0
public_1476056498;316250.28330000024;6391748.006200001;2077613;113:07:38;17:07:38;407258.0;5;113:17:29;17:17:29;407849.0;5;591.0;113:17:29;17:17:29;407849.0;5;591.0;1.0;0.679;29.0;0.766;32.0;4.0;0.0
4638257_work;318553.84049999993;6394254.804300001;4638257;103:57:45;07:57:45;374265.0;5;104:55:19;08:55:19;377719.0;5;3454.0;113:18:00;17:18:00;407880.0;5;33615.0;0.103;0.87;37.0;1.0;42.0;5.0;0.0
10004860_work;319749.017;6401027.649499999;10004860;104:28:50;08:28:50;376130.0;5;105:17:19;09:17:19;379039.0;5;2909.0;113:19:04;17:19:04;407944.0;5;31814.0;0.091;0.901;31.0;1.0;34.0;3.0;0.0
7451976_work;318841.21609999985;6397293.1721;7451976;103:53:10;07:53:10;373990.0;5;104:51:14;08:51:14;377474.0;5;3484.0;113:24:55;17:24:55;408295.0;5;34305.0;0.102;0.849;29.0;1.0;34.0;5.0;0.0
7298193_home;317584.4939000001;6399003.723999999;7298193;113:20:04;17:20:04;408004.0;5;113:25:18;17:25:18;408318.0;5;314.0;113:25:18;17:25:18;408318.0;5;314.0;1.0;0.632;33.0;0.643;33.0;1.0;0.0
2329272_home;320684.4760999996;6410192.153100001;2329272;113:05:31;17:05:31;407131.0;5;113:33:02;17:33:02;408782.0;5;1651.0;113:33:02;17:33:02;408782.0;5;1651.0;1.0;0.835;35.0;0.912;38.0;3.0;0.0
public_1476209373;315661.1721000001;6394067.498199999;4656378;112:33:14;16:33:14;405194.0;5;113:33:58;17:33:58;408838.0;5;3644.0;113:33:58;17:33:58;408838.0;5;3644.0;1.0;0.494;30.0;0.865;52.0;22.0;0.0
public_1476128733;327381.8986999998;6395239.193299999;2017265;108:58:02;12:58:02;392282.0;5;109:43:39;13:43:39;395019.0;5;2737.0;113:35:55;17:35:55;408955.0;5;16673.0;0.164;0.918;69.0;1.0;75.0;6.0;0.0
public_1476074915;323534.5480000004;6402518.4332;1967726;112:20:16;16:20:16;404416.0;5;113:38:47;17:38:47;409127.0;5;4711.0;113:38:47;17:38:47;409127.0;5;4711.0;1.0;0.521;22.0;0.996;42.0;20.0;0.0
9396074_home;328259.99619999994;6403013.2424;9396074;112:11:59;16:11:59;403919.0;5;113:40:01;17:40:01;409201.0;5;5282.0;113:40:01;17:40:01;409201.0;5;5282.0;1.0;0.661;40.0;0.836;50.0;10.0;0.0
2041052_work;318684.74789999984;6397806.260299999;2041052;103:19:55;07:19:55;371995.0;5;104:00:04;08:00:04;374404.0;5;2409.0;113:43:42;17:43:42;409422.0;5;37427.0;0.064;0.945;40.0;1.0;42.0;2.0;0.0
2335473_home;315924.0122999996;6403872.4673999995;2335473;113:15:05;17:15:05;407705.0;5;113:47:14;17:47:14;409634.0;5;1929.0;113:47:14;17:47:14;409634.0;5;1929.0;1.0;0.788;33.0;0.879;37.0;4.0;0.0
public_1476362439;323556.1021999996;6406309.4278;5898192;111:06:54;15:06:54;400014.0;5;112:23:29;16:23:29;404609.0;5;4595.0;113:59:52;17:59:52;410392.0;5;10378.0;0.443;0.789;47.0;1.0;60.0;13.0;0.0
4769859_work;321343.9773000004;6408282.772;4769859;109:38:02;13:38:02;394682.0;5;110:00:54;14:00:54;396054.0;5;1372.0;114:01:45;18:01:45;410505.0;5;15823.0;0.087;0.992;52.0;1.0;52.0;0.0;0.0
2093943_work;316693.6754999999;6397205.966;2093943;106:05:11;10:05:11;381911.0;5;106:51:39;10:51:39;384699.0;5;2788.0;114:07:50;18:07:50;410870.0;5;28959.0;0.096;0.912;31.0;1.0;34.0;3.0;0.0
public_1476072704;319365.0099999998;6399863.1022;4696156;112:53:24;16:53:24;406404.0;5;113:47:04;17:47:04;409624.0;5;3220.0;114:10:01;18:10:01;411001.0;5;4597.0;0.7;0.927;56.0;1.0;60.0;4.0;0.0
4598777_work;319754.7854000004;6399196.7316;4598777;103:45:28;07:45:28;373528.0;5;104:28:59;08:28:59;376139.0;5;2611.0;114:18:03;18:18:03;411483.0;5;37955.0;0.069;0.919;39.0;1.0;42.0;3.0;0.0
2016161_work;317084.233;6392879.1438;2016161;104:00:58;08:00:58;374458.0;5;105:35:14;09:35:14;380114.0;5;5656.0;114:24:54;18:24:54;411894.0;5;37436.0;0.151;0.629;21.0;1.0;34.0;13.0;0.0
4704065_home;316654.39240000024;6395182.139599999;4704065;113:55:30;17:55:30;410130.0;5;114:25:17;18:25:17;411917.0;5;1787.0;114:25:17;18:25:17;411917.0;5;1787.0;1.0;0.931;32.0;0.995;34.0;2.0;0.0
public_1476144174;316845.91050000023;6401765.2707;1857800;114:11:48;18:11:48;411108.0;5;114:27:04;18:27:04;412024.0;5;916.0;114:27:04;18:27:04;412024.0;5;916.0;1.0;0.688;41.0;0.781;47.0;6.0;0.0
public_1476162075;315698.9042999996;6392867.8893;7507349;112:44:37;16:44:37;405877.0;5;114:13:19;18:13:19;411199.0;5;5322.0;114:38:33;18:38:33;412713.0;5;6836.0;0.779;0.538;23.0;1.0;42.0;19.0;0.0
2329272_home;320684.4760999996;6410192.153100001;2329272;114:06:13;18:06:13;410773.0;5;114:38:53;18:38:53;412733.0;5;1960.0;114:38:53;18:38:53;412733.0;5;1960.0;1.0;0.813;34.0;0.904;38.0;4.0;0.0
public_1476187491;321710.3996000001;6400785.069;4772272;113:09:30;17:09:30;407370.0;5;114:40:01;18:40:01;412801.0;5;5431.0;114:40:01;18:40:01;412801.0;5;5431.0;1.0;0.279;21.0;0.722;54.0;33.0;0.0
5412001_home;324228.24990000017;6411547.4033;5412001;92:27:51;20:27:51;332871.0;4;97:10:09;01:10:09;349809.0;5;16938.0;114:49:09;18:49:09;413349.0;5;80478.0;0.21;0.427;22.0;1.0;52.0;30.0;0.0
public_1475999761;308251.62629999965;6403798.021400001;2071692;103:04:52;07:04:52;371092.0;5;103:53:34;07:53:34;374014.0;5;2922.0;114:51:18;18:51:18;413478.0;5;42386.0;0.069;0.864;29.0;1.0;34.0;5.0;0.0
public_1476355162;320332.9748999998;6404429.1285999995;2329272;114:45:36;18:45:36;413136.0;5;115:01:02;19:01:02;414062.0;5;926.0;115:01:02;19:01:02;414062.0;5;926.0;1.0;0.866;36.0;0.963;40.0;4.0;0.0
public_1476003122;314452.12040000036;6400937.1417;2017922;114:48:07;18:48:07;413287.0;5;115:06:49;19:06:49;414409.0;5;1122.0;115:06:49;19:06:49;414409.0;5;1122.0;1.0;0.85;36.0;0.967;41.0;5.0;0.0
public_1476049678;320271.5329;6399452.081;7413614;113:07:41;17:07:41;407261.0;5;114:01:09;18:01:09;410469.0;5;3208.0;115:08:40;19:08:40;414520.0;5;7259.0;0.442;0.928;56.0;1.0;60.0;4.0;0.0
public_1476231226;306379.34580000024;6400787.7962;9672036;114:53:01;18:53:01;413581.0;5;115:17:08;19:17:08;415028.0;5;1447.0;115:17:08;19:17:08;415028.0;5;1447.0;1.0;0.733;55.0;0.85;64.0;9.0;0.0
public_1476393047;314816.28529999964;6401746.3893;9523368;114:10:21;18:10:21;411021.0;5;115:03:54;19:03:54;414234.0;5;3213.0;115:17:31;19:17:31;415051.0;5;4030.0;0.797;0.826;35.0;1.0;42.0;7.0;0.0
4605109_home;317286.32459999993;6401465.9474;4605109;111:58:37;15:58:37;403117.0;5;114:19:54;18:19:54;411594.0;5;8477.0;115:28:28;19:28:28;415708.0;5;12591.0;0.673;0.765;46.0;1.0;60.0;14.0;0.0
4803807_home;328420.23819999956;6392998.5952;4803807;114:06:48;18:06:48;410808.0;5;115:34:27;19:34:27;416067.0;5;5259.0;115:34:27;19:34:27;416067.0;5;5259.0;1.0;0.243;10.0;0.489;21.0;10.0;0.0
1881178_home;308685.8351999996;6403612.2498;1881178;113:02:58;17:02:58;406978.0;5;115:46:31;19:46:31;416791.0;5;9813.0;115:46:31;19:46:31;416791.0;5;9813.0;1.0;0.486;17.0;0.997;34.0;17.0;0.0
public_1476355494;315193.9452999998;6394972.5787;4604173;114:21:05;18:21:05;411665.0;5;115:24:24;19:24:24;415464.0;5;3799.0;115:48:30;19:48:30;416910.0;5;5245.0;0.724;0.745;31.0;1.0;42.0;11.0;0.0
4922431_work;318270.3800999997;6392536.297599999;4922431;110:56:03;14:56:03;399363.0;5;112:03:14;16:03:14;403394.0;5;4031.0;116:14:50;20:14:50;418490.0;5;19127.0;0.211;0.882;46.0;1.0;52.0;6.0;0.0
public_1476025365;317685.7949999999;6399247.267000001;2067447;115:34:18;19:34:18;416058.0;5;116:16:38;20:16:38;418598.0;5;2540.0;116:16:38;20:16:38;418598.0;5;2540.0;1.0;0.625;38.0;0.884;53.0;16.0;0.0
2325706_home;309005.8250000002;6404601.293500001;2325706;115:22:26;19:22:26;415346.0;5;116:29:15;20:29:15;419355.0;5;4009.0;116:29:15;20:29:15;419355.0;5;4009.0;1.0;0.592;25.0;0.779;33.0;8.0;0.0
public_1475986653;314437.4013;6397296.207699999;2325706;116:47:10;20:47:10;420430.0;5;116:56:10;20:56:10;420970.0;5;540.0;116:56:10;20:56:10;420970.0;5;540.0;1.0;0.689;29.0;0.768;32.0;3.0;0.0
public_1476315340;319565.24789999984;6398907.1744;7462778;113:28:16;17:28:16;408496.0;5;114:33:09;18:33:09;412389.0;5;3893.0;117:48:30;21:48:30;424110.0;5;15614.0;0.249;0.746;31.0;1.0;42.0;11.0;0.0
4703597_work;318310.8629999999;6399453.8467999995;4703597;108:36:03;12:36:03;390963.0;5;110:10:09;14:10:09;396609.0;5;5646.0;118:21:42;22:21:42;426102.0;5;35139.0;0.161;0.655;22.0;1.0;34.0;12.0;0.0
9509807_home;318016.74849999975;6398930.236400001;9509807;113:23:04;17:23:04;408184.0;5;116:48:49;20:48:49;420529.0;5;12345.0;124:12:35;04:12:35;447155.0;6;38971.0;0.317;0.491;21.0;1.0;42.0;21.0;0.0
9669904_home;308156.70720000006;6403901.6326;9669904;112:35:24;16:35:24;405324.0;5;116:25:49;20:25:49;419149.0;5;13825.0;125:35:46;05:35:46;452146.0;6;46822.0;0.295;0.295;10.0;1.0;34.0;24.0;0.0
9557968_home;315840.84190000035;6402373.8396000005;9557968;112:18:43;16:18:43;404323.0;5;113:17:14;17:17:14;407834.0;5;3511.0;126:00:18;06:00:18;453618.0;6;49295.0;0.071;0.9;38.0;1.0;42.0;4.0;0.0
1966715_home;329035.59250000026;6403203.294;1966715;111:53:34;15:53:34;402814.0;5;113:31:54;17:31:54;408714.0;5;5900.0;126:03:06;06:03:06;453786.0;6;50972.0;0.116;0.789;33.0;1.0;42.0;9.0;0.0
2326344_home;308791.47479999997;6404167.352600001;2326344;112:14:37;16:14:37;404077.0;5;115:46:39;19:46:39;416799.0;5;12722.0;126:07:27;06:07:27;454047.0;6;49970.0;0.255;0.358;12.0;1.0;34.0;22.0;0.0
2330931_home;320166.88939999975;6411095.9070999995;2330931;113:17:21;17:17:21;407841.0;5;114:28:59;18:28:59;412139.0;5;4298.0;126:15:00;06:15:00;454500.0;6;46659.0;0.092;0.839;29.0;1.0;34.0;5.0;0.0
3255260_home;309923.2385;6403891.039899999;3255260;112:30:09;16:30:09;405009.0;5;113:55:54;17:55:54;410154.0;5;5145.0;126:20:43;06:20:43;454843.0;6;49834.0;0.103;0.791;27.0;1.0;34.0;7.0;0.0
8169511_home;323559.93120000046;6407681.0622000005;8169511;112:32:14;16:32:14;405134.0;5;117:05:14;21:05:14;421514.0;5;16380.0;126:26:02;06:26:02;455162.0;6;50028.0;0.327;0.6;45.0;1.0;75.0;30.0;0.0
4795145_home;315282.95100000035;6394802.822899999;4795145;111:32:02;15:32:02;401522.0;5;113:48:14;17:48:14;409694.0;5;8172.0;126:28:13;06:28:13;455293.0;6;53771.0;0.152;0.684;29.0;1.0;42.0;13.0;0.0
2126857_home;327285.14159999974;6392540.0978;2126857;115:28:25;19:28:25;415705.0;5;116:50:09;20:50:09;420609.0;5;4904.0;126:29:58;06:29:58;455398.0;6;39693.0;0.124;0.889;53.0;1.0;60.0;7.0;0.0
8253956_home;321798.40660000034;6397594.6765;8253956;112:18:37;16:18:37;404317.0;5;114:47:34;18:47:34;413254.0;5;8937.0;126:31:07;06:31:07;455467.0;6;51150.0;0.175;0.649;27.0;1.0;42.0;15.0;0.0
9664484_home;314380.07550000027;6390999.892000001;9664484;114:25:23;18:25:23;411923.0;5;116:06:34;20:06:34;417994.0;5;6071.0;126:31:38;06:31:38;455498.0;6;43575.0;0.139;0.738;25.0;1.0;34.0;9.0;0.0
7457316_home;323172.5630000001;6401065.446799999;7457316;113:45:48;17:45:48;409548.0;5;114:42:44;18:42:44;412964.0;5;3416.0;126:32:26;06:32:26;455546.0;6;45998.0;0.074;0.879;30.0;1.0;34.0;4.0;0.0
7478971_home;327915.05009999964;6403405.9361000005;7478971;113:15:06;17:15:06;407706.0;5;115:17:54;19:17:54;415074.0;5;7368.0;126:32:31;06:32:31;455551.0;6;47845.0;0.154;0.664;23.0;1.0;34.0;11.0;0.0
1839223_home;326011.2145999996;6402131.692500001;1839223;111:48:44;15:48:44;402524.0;5;113:31:59;17:31:59;408719.0;5;6195.0;126:33:17;06:33:17;455597.0;6;53073.0;0.117;0.731;25.0;1.0;34.0;9.0;0.0
9540846_home;317173.43599999975;6400116.2535;9540846;117:23:06;21:23:06;422586.0;5;119:03:39;23:03:39;428619.0;5;6033.0;126:39:11;06:39:11;455951.0;6;33365.0;0.181;0.74;25.0;1.0;34.0;9.0;0.0
9664574_home;314103.0192;6390609.5557;9664574;106:03:06;10:03:06;381786.0;5;107:36:29;11:36:29;387389.0;5;5603.0;126:40:26;06:40:26;456026.0;6;74240.0;0.075;0.765;26.0;1.0;34.0;8.0;0.0
public_1476401873;320936.36149999965;6400335.489499999;4663510;126:24:42;06:24:42;455082.0;6;126:41:49;06:41:49;456109.0;6;1027.0;126:41:49;06:41:49;456109.0;6;1027.0;1.0;0.494;17.0;0.678;23.0;6.0;0.0
4922102_home;312494.0672000004;6396388.6391;4922102;112:45:35;16:45:35;405935.0;5;114:32:54;18:32:54;412374.0;5;6439.0;126:48:45;06:48:45;456525.0;6;50590.0;0.127;0.764;32.0;1.0;42.0;10.0;0.0
2072947_home;317466.2427000003;6405203.1493999995;2072947;113:31:03;17:31:03;408663.0;5;114:58:24;18:58:24;413904.0;5;5241.0;127:03:38;07:03:38;457418.0;6;48755.0;0.107;0.82;34.0;1.0;42.0;8.0;0.0
2040830_home;318588.2505000001;6391753.476299999;2040830;116:27:16;20:27:16;419236.0;5;118:52:29;22:52:29;427949.0;5;8713.0;127:03:53;07:03:53;457433.0;6;38197.0;0.228;0.659;28.0;1.0;42.0;14.0;0.0
7373836_home;316281.4620000003;6395708.600099999;7373836;112:14:04;16:14:04;404044.0;5;113:42:14;17:42:14;409334.0;5;5290.0;127:05:47;07:05:47;457547.0;6;53503.0;0.099;0.783;27.0;1.0;34.0;7.0;0.0
4920357_home;308426.4475999996;6390683.909600001;4920357;110:46:47;14:46:47;398807.0;5;114:50:59;18:50:59;413459.0;5;14652.0;127:05:52;07:05:52;457552.0;6;58745.0;0.249;0.247;8.0;1.0;34.0;26.0;0.0
public_1476197696;324990.6042999998;6405608.475199999;2071824;106:52:48;10:52:48;384768.0;5;107:45:59;11:45:59;387959.0;5;3191.0;127:07:24;07:07:24;457644.0;6;72876.0;0.044;0.839;29.0;1.0;34.0;5.0;0.0
2208172_home;323694.8113000002;6393310.5436;2208172;112:55:41;16:55:41;406541.0;5;114:02:19;18:02:19;410539.0;5;3998.0;127:10:21;07:10:21;457821.0;6;51280.0;0.078;0.911;47.0;1.0;52.0;5.0;0.0
1862586_home;325680.79509999976;6403570.9407;1862586;112:10:46;16:10:46;403846.0;5;114:40:09;18:40:09;412809.0;5;8963.0;127:11:04;07:11:04;457864.0;6;54018.0;0.166;0.647;27.0;1.0;42.0;15.0;0.0
9460773_home;305174.8901000004;6400432.123299999;9460773;109:07:43;13:07:43;392863.0;5;111:33:14;15:33:14;401594.0;5;8731.0;127:11:27;07:11:27;457887.0;6;65024.0;0.134;0.586;20.0;1.0;34.0;14.0;0.0
1989025_home;316629.5700000003;6405039.8144000005;1989025;112:36:55;16:36:55;405415.0;5;113:15:14;17:15:14;407714.0;5;2299.0;127:12:13;07:12:13;457933.0;6;52518.0;0.044;0.966;50.0;1.0;52.0;2.0;0.0
public_1476203079;321534.5303999996;6394544.737;2077613;126:21:06;06:21:06;454866.0;6;127:13:07;07:13:07;457987.0;6;3121.0;127:13:07;07:13:07;457987.0;6;3121.0;1.0;0.647;27.0;0.987;41.0;14.0;0.0
4704065_home;316654.39240000024;6395182.139599999;4704065;115:09:23;19:09:23;414563.0;5;115:56:39;19:56:39;417399.0;5;2836.0;127:15:18;07:15:18;458118.0;6;43555.0;0.065;0.917;31.0;1.0;34.0;3.0;0.0
1871098_home;313935.1564999996;6395667.003900001;1871098;112:16:56;16:16:56;404216.0;5;114:19:39;18:19:39;411579.0;5;7363.0;127:15:27;07:15:27;458127.0;6;53911.0;0.137;0.71;30.0;1.0;42.0;12.0;0.0
4644491_home;320223.4051000001;6399509.029999999;4644491;113:28:34;17:28:34;408514.0;5;114:48:29;18:48:29;413309.0;5;4795.0;127:21:44;07:21:44;458504.0;6;49990.0;0.096;0.832;35.0;1.0;42.0;7.0;0.0
public_1476309135;324114.25009999983;6411712.375700001;5412441;104:41:03;08:41:03;376863.0;5;105:45:39;09:45:39;380739.0;5;3876.0;127:23:21;07:23:21;458601.0;6;81738.0;0.047;0.669;23.0;1.0;34.0;11.0;0.0
1839970_home;326780.6908999998;6402146.291200001;1839970;110:50:05;14:50:05;399005.0;5;111:27:54;15:27:54;401274.0;5;2269.0;127:23:25;07:23:25;458605.0;6;59600.0;0.038;0.966;72.0;1.0;75.0;3.0;0.0
9483319_home;323566.1133000003;6401374.403100001;9483319;114:58:23;18:58:23;413903.0;5;116:20:14;20:20:14;418814.0;5;4911.0;127:27:53;07:27:53;458873.0;6;44970.0;0.109;0.898;67.0;1.0;75.0;8.0;0.0
2082244_home;323421.98709999956;6395201.5699000005;2082244;114:05:00;18:05:00;410700.0;5;115:34:44;19:34:44;416084.0;5;5384.0;127:29:47;07:29:47;458987.0;6;48287.0;0.111;0.778;26.0;1.0;34.0;8.0;0.0
public_1476363725;317107.39499999955;6402608.874299999;4652092;115:01:54;19:01:54;414114.0;5;116:00:39;20:00:39;417639.0;5;3525.0;127:33:09;07:33:09;459189.0;6;45075.0;0.078;0.888;46.0;1.0;52.0;6.0;0.0
public_1476311373;309598.2909000004;6403763.364800001;3255172;112:18:57;16:18:57;404337.0;5;113:30:24;17:30:24;408624.0;5;4287.0;127:35:26;07:35:26;459326.0;6;54989.0;0.078;0.642;22.0;1.0;34.0;12.0;0.0
3256128_home;312042.0067999996;6404010.6996;3256128;113:44:58;17:44:58;409498.0;5;116:27:29;20:27:29;419249.0;5;9751.0;127:39:19;07:39:19;459559.0;6;50061.0;0.195;0.732;44.0;1.0;60.0;16.0;0.0
2002326_home;319658.58770000003;6396392.6435;2002326;116:12:38;20:12:38;418358.0;5;119:48:34;23:48:34;431314.0;5;12956.0;127:39:25;07:39:25;459565.0;6;41207.0;0.314;0.462;19.0;1.0;42.0;23.0;0.0
2059158_home;329769.2329000002;6394000.3078000005;2059158;112:34:15;16:34:15;405255.0;5;118:15:54;22:15:54;425754.0;5;20499.0;127:40:46;07:40:46;459646.0;6;54391.0;0.377;0.294;15.0;1.0;52.0;37.0;0.0
public_1476160164;316329.15589999966;6398059.6876;2093943;115:32:41;19:32:41;415961.0;5;116:22:49;20:22:49;418969.0;5;3008.0;127:41:10;07:41:10;459670.0;6;43709.0;0.069;0.872;30.0;1.0;34.0;4.0;0.0
1937617_home;314846.68379999977;6391569.770400001;1937617;110:43:19;14:43:19;398599.0;5;112:21:49;16:21:49;404509.0;5;5910.0;127:42:17;07:42:17;459737.0;6;61138.0;0.097;0.826;43.0;1.0;52.0;9.0;0.0
1942038_home;308618.1068000002;6403168.310799999;1942038;113:26:59;17:26:59;408419.0;5;116:09:14;20:09:14;418154.0;5;9735.0;127:43:26;07:43:26;459806.0;6;51387.0;0.189;0.612;26.0;1.0;42.0;16.0;0.0
9512435_home;323378.77329999954;6401473.876499999;9512435;110:44:02;14:44:02;398642.0;5;111:35:39;15:35:39;401739.0;5;3097.0;127:44:26;07:44:26;459866.0;6;61224.0;0.051;0.919;39.0;1.0;42.0;3.0;0.0
2321911_home;313484.2681;6392696.2773;2321911;114:55:18;18:55:18;413718.0;5;118:31:34;22:31:34;426694.0;5;12976.0;127:45:15;07:45:15;459915.0;6;46197.0;0.281;0.341;12.0;1.0;34.0;22.0;0.0
2079661_home;320529.1183000002;6395261.707800001;2079661;106:16:59;10:16:59;382619.0;5;107:49:59;11:49:59;388199.0;5;5580.0;127:46:33;07:46:33;459993.0;6;77374.0;0.072;0.766;26.0;1.0;34.0;8.0;0.0
public_1476123838;327332.58469999954;6392511.0307;4803742;112:12:49;16:12:49;403969.0;5;113:49:29;17:49:29;409769.0;5;5800.0;127:48:20;07:48:20;460100.0;6;56131.0;0.103;0.369;13.0;1.0;34.0;21.0;0.0
9454731_home;314323.2544;6397034.4201;9454731;109:46:42;13:46:42;395202.0;5;110:09:14;14:09:14;396554.0;5;1352.0;127:49:25;07:49:25;460165.0;6;64963.0;0.021;0.989;42.0;1.0;42.0;0.0;0.0
7316759_home;320147.8047000002;6404331.7763;7316759;114:15:37;18:15:37;411337.0;5;115:32:34;19:32:34;415954.0;5;4617.0;127:55:22;07:55:22;460522.0;6;49185.0;0.094;0.888;46.0;1.0;52.0;6.0;0.0
public_1476197380;321710.2089999998;6400207.8992;7361407;116:11:00;20:11:00;418260.0;5;118:17:44;22:17:44;425864.0;5;7604.0;127:57:24;07:57:24;460644.0;6;42384.0;0.179;0.42;22.0;1.0;52.0;30.0;0.0
1896793_home;329267.9921000004;6401901.366900001;1896793;115:43:07;19:43:07;416587.0;5;117:03:39;21:03:39;421419.0;5;4832.0;127:57:38;07:57:38;460658.0;6;44071.0;0.11;0.839;35.0;1.0;42.0;7.0;0.0
4611990_home;315461.02410000004;6402186.3398;4611990;112:22:19;16:22:19;404539.0;5;115:00:29;19:00:29;414029.0;5;9490.0;127:59:06;07:59:06;460746.0;6;56207.0;0.169;0.543;18.0;1.0;34.0;16.0;0.0
public_1476203079;321534.5303999996;6394544.737;2075756;127:52:59;07:52:59;460379.0;6;127:59:20;07:59:20;460760.0;6;381.0;127:59:20;07:59:20;460760.0;6;381.0;1.0;0.839;50.0;0.878;53.0;2.0;0.0
9545323_home;321272.8841000004;6396437.3254;9545323;108:47:59;12:47:59;391679.0;5;111:45:39;15:45:39;402339.0;5;10660.0;128:01:17;08:01:17;460877.0;6;69198.0;0.154;0.475;16.0;1.0;34.0;18.0;0.0
7297455_home;317271.1238000002;6398662.148399999;7297455;113:23:35;17:23:35;408215.0;5;117:25:24;21:25:24;422724.0;5;14509.0;128:04:20;08:04:20;461060.0;6;52845.0;0.275;0.391;16.0;1.0;42.0;26.0;0.0
9457475_home;314757.30730000045;6391774.8133000005;9457475;113:26:07;17:26:07;408367.0;5;120:02:24;00:02:24;432144.0;6;23777.0;128:11:36;08:11:36;461496.0;6;53129.0;0.448;0.409;31.0;1.0;75.0;44.0;0.0
1920973_home;320313.3021999998;6399077.480699999;1920973;115:11:47;19:11:47;414707.0;5;118:11:34;22:11:34;425494.0;5;10787.0;128:11:51;08:11:51;461511.0;6;46804.0;0.23;0.657;34.0;1.0;52.0;18.0;0.0
4602304_home;321479.96750000026;6409172.7293;4602304;115:02:48;19:02:48;414168.0;5;118:17:29;22:17:29;425849.0;5;11681.0;128:12:36;08:12:36;461556.0;6;47388.0;0.246;0.623;32.0;1.0;52.0;20.0;0.0
3262427_home;318453.77990000043;6409916.0055;3262427;117:00:56;21:00:56;421256.0;5;119:07:34;23:07:34;428854.0;5;7598.0;128:17:26;08:17:26;461846.0;6;40590.0;0.187;0.711;30.0;1.0;42.0;12.0;0.0
7361686_home;321637.20050000027;6400707.91;7361686;115:01:43;19:01:43;414103.0;5;117:18:34;21:18:34;422314.0;5;8211.0;128:19:13;08:19:13;461953.0;6;47850.0;0.172;0.613;21.0;1.0;34.0;13.0;0.0
2319425_home;305639.7845999999;6399902.185900001;2319425;114:42:42;18:42:42;412962.0;5;117:25:04;21:25:04;422704.0;5;9742.0;128:21:55;08:21:55;462115.0;6;49153.0;0.198;0.611;26.0;1.0;42.0;16.0;0.0
public_1476261142;323685.1218999997;6393767.3682;1884883;114:30:12;18:30:12;412212.0;5;115:56:59;19:56:59;417419.0;5;5207.0;128:24:35;08:24:35;462275.0;6;50063.0;0.104;0.477;16.0;1.0;34.0;18.0;0.0
4577107_home;326202.81060000043;6402340.4552;4577107;108:14:30;12:14:30;389670.0;5;113:44:39;17:44:39;409479.0;5;19809.0;128:26:39;08:26:39;462399.0;6;72729.0;0.272;0.293;15.0;1.0;52.0;37.0;0.0
2045831_home;318810.8585999999;6393820.5842;2045831;114:06:45;18:06:45;410805.0;5;116:00:34;20:00:34;417634.0;5;6829.0;128:26:51;08:26:51;462411.0;6;51606.0;0.132;0.8;42.0;1.0;52.0;10.0;0.0
2324135_home;304522.91920000035;6400766.567399999;2324135;115:30:37;19:30:37;415837.0;5;119:05:59;23:05:59;428759.0;5;12922.0;128:35:03;08:35:03;462903.0;6;47066.0;0.275;0.346;12.0;1.0;34.0;22.0;0.0
7482745_home;320820.63999999966;6397726.085899999;7482745;113:42:48;17:42:48;409368.0;5;117:37:44;21:37:44;423464.0;5;14096.0;128:36:00;08:36:00;462960.0;6;53592.0;0.263;0.279;9.0;1.0;34.0;25.0;0.0
7495572_home;324270.76180000044;6395263.6877;7495572;113:58:32;17:58:32;410312.0;5;119:17:09;23:17:09;429429.0;5;19117.0;128:37:54;08:37:54;463074.0;6;52762.0;0.362;0.177;7.0;1.0;42.0;35.0;0.0
public_1476361959;312768.0022999998;6395155.409399999;4656277;112:40:53;16:40:53;405653.0;5;113:30:39;17:30:39;408639.0;5;2986.0;128:44:17;08:44:17;463457.0;6;57804.0;0.052;0.875;30.0;1.0;34.0;4.0;0.0
4803807_home;328420.23819999956;6392998.5952;4803807;117:11:28;21:11:28;421888.0;5;121:32:39;01:32:39;437559.0;6;15671.0;128:49:16;08:49:16;463756.0;6;41868.0;0.374;0.337;14.0;1.0;42.0;28.0;0.0
public_1476073893;308763.25430000015;6403616.123500001;1943722;128:32:53;08:32:53;462773.0;6;128:50:44;08:50:44;463844.0;6;1071.0;128:50:44;08:50:44;463844.0;6;1071.0;1.0;0.835;28.0;0.963;33.0;4.0;0.0
public_1476094993;319738.0734000001;6399436.431700001;1855465;128:36:42;08:36:42;463002.0;6;128:51:12;08:51:12;463872.0;6;870.0;128:51:12;08:51:12;463872.0;6;870.0;1.0;0.536;23.0;0.663;28.0;5.0;0.0
1877372_home;316784.06099999975;6391043.250600001;1877372;114:44:38;18:44:38;413078.0;5;115:34:54;19:34:54;416094.0;5;3016.0;128:54:36;08:54:36;464076.0;6;50998.0;0.059;0.913;31.0;1.0;34.0;3.0;0.0
7525839_home;327656.03450000007;6395260.4025;7525839;112:43:45;16:43:45;405825.0;5;116:24:24;20:24:24;419064.0;5;13239.0;128:54:58;08:54:58;464098.0;6;58273.0;0.227;0.328;11.0;1.0;34.0;23.0;0.0
public_1476293672;321307.8002000004;6408701.6548;5464371;125:51:13;05:51:13;453073.0;6;126:59:24;06:59:24;457164.0;6;4091.0;128:56:33;08:56:33;464193.0;6;11120.0;0.368;0.841;50.0;1.0;60.0;10.0;0.0
9523870_home;321505.4491999997;6393672.2676;9523870;110:28:25;14:28:25;397705.0;5;112:38:59;16:38:59;405539.0;5;7834.0;128:58:17;08:58:17;464297.0;6;66592.0;0.118;0.612;21.0;1.0;34.0;13.0;0.0
1932457_home;313090.03419999965;6394490.5755;1932457;115:09:15;19:09:15;414555.0;5;121:04:39;01:04:39;435879.0;6;21324.0;128:58:35;08:58:35;464315.0;6;49760.0;0.429;0.357;21.0;1.0;60.0;39.0;0.0
public_1476043042;316101.3679999998;6399008.103399999;9418222;126:15:16;06:15:16;454516.0;6;127:11:54;07:11:54;457914.0;6;3398.0;129:01:01;09:01:01;464461.0;6;9945.0;0.342;0.911;47.0;1.0;52.0;5.0;0.0
5933366_home;313848.84140000027;6392636.217599999;5933366;112:45:00;16:45:00;405900.0;5;115:39:44;19:39:44;416384.0;5;10484.0;129:07:04;09:07:04;464824.0;6;58924.0;0.178;0.708;43.0;1.0;60.0;17.0;0.0
4653888_home;319123.5664999997;6403533.671;4653888;116:04:56;20:04:56;417896.0;5;117:30:44;21:30:44;423044.0;5;5148.0;129:07:52;09:07:52;464872.0;6;46976.0;0.11;0.824;35.0;1.0;42.0;7.0;0.0
public_1476272518;323407.45330000017;6411357.800899999;2327157;126:24:10;06:24:10;455050.0;6;127:40:59;07:40:59;459659.0;6;4609.0;129:10:18;09:10:18;465018.0;6;9968.0;0.462;0.641;27.0;1.0;42.0;15.0;0.0
2017659_home;330238.81799999997;6398997.278000001;2017659;115:17:53;19:17:53;415073.0;5;117:53:59;21:53:59;424439.0;5;9366.0;129:27:19;09:27:19;466039.0;6;50966.0;0.184;0.743;45.0;1.0;60.0;15.0;0.0
public_1476204089;312496.6704000002;6408352.203299999;2327190;115:39:33;19:39:33;416373.0;5;117:03:34;21:03:34;421414.0;5;5041.0;129:28:12;09:28:12;466092.0;6;49719.0;0.101;0.506;17.0;1.0;34.0;17.0;0.0
public_1476245895;319092.1699000001;6399086.5339;1874742;129:27:45;09:27:45;466065.0;6;129:33:31;09:33:31;466411.0;6;346.0;129:33:31;09:33:31;466411.0;6;346.0;1.0;0.654;22.0;0.716;24.0;2.0;0.0
public_1476348425;316060.0471000001;6396218.7128;7424417;112:30:38;16:30:38;405038.0;5;114:12:54;18:12:54;411174.0;5;6136.0;129:33:46;09:33:46;466426.0;6;61388.0;0.1;0.569;30.0;1.0;52.0;22.0;0.0
9417336_home;315470.85819999967;6396510.363399999;9417336;108:18:41;12:18:41;389921.0;5;109:22:59;13:22:59;393779.0;5;3858.0;129:34:41;09:34:41;466481.0;6;76560.0;0.05;0.916;48.0;1.0;52.0;4.0;0.0
5905004_home;314937.7084999997;6401657.1055;5905004;107:23:38;11:23:38;386618.0;5;108:25:24;12:25:24;390324.0;5;3706.0;129:39:53;09:39:53;466793.0;6;80175.0;0.046;0.875;37.0;1.0;42.0;5.0;0.0
public_1475992444;314824.6895000003;6402583.526799999;2319425;128:36:36;08:36:36;462996.0;6;129:20:44;09:20:44;465644.0;6;2648.0;129:40:12;09:40:12;466812.0;6;3816.0;0.694;0.923;39.0;1.0;42.0;3.0;0.0
public_1476374593;322402.1481999997;6406517.1359;7361686;128:27:24;08:27:24;462444.0;6;129:04:29;09:04:29;464669.0;6;2225.0;129:44:00;09:44:00;467040.0;6;4596.0;0.484;0.958;33.0;1.0;34.0;1.0;0.0
2323688_home;307179.1662999997;6402470.8100000005;2323688;113:36:32;17:36:32;408992.0;5;116:57:29;20:57:29;421049.0;5;12057.0;129:48:34;09:48:34;467314.0;6;58322.0;0.207;0.504;21.0;1.0;42.0;21.0;0.0
9460773_home;305174.8901000004;6400432.123299999;9460773;128:53:15;08:53:15;463995.0;6;129:53:06;09:53:06;467586.0;6;3591.0;129:53:06;09:53:06;467586.0;6;3591.0;1.0;0.836;28.0;0.996;34.0;5.0;0.0
public_1476109719;319587.52699999977;6398360.055;4803742;128:04:22;08:04:22;461062.0;6;128:48:59;08:48:59;463739.0;6;2677.0;129:54:18;09:54:18;467658.0;6;6596.0;0.406;0.92;31.0;1.0;34.0;3.0;0.0
9504313_home;329280.01439999975;6394520.080800001;9504313;108:37:58;12:37:58;391078.0;5;112:26:44;16:26:44;404804.0;5;13726.0;129:55:35;09:55:35;467735.0;6;76657.0;0.179;0.547;28.0;1.0;52.0;24.0;0.0
4696156_work;319991.90490000043;6401989.4158;4696156;127:22:01;07:22:01;458521.0;6;128:04:34;08:04:34;461074.0;6;2553.0;129:55:37;09:55:37;467737.0;6;9216.0;0.277;0.965;58.0;1.0;60.0;2.0;0.0
7370049_home;320591.74909999967;6404037.073799999;7370049;112:19:17;16:19:17;404357.0;5;115:08:54;19:08:54;414534.0;5;10177.0;130:05:38;10:05:38;468338.0;6;63981.0;0.159;0.68;35.0;1.0;52.0;17.0;0.0
9490619_home;314207.43989999965;6397448.4559;9490619;114:00:36;18:00:36;410436.0;5;116:46:04;20:46:04;420364.0;5;9928.0;130:11:02;10:11:02;468662.0;6;58226.0;0.171;0.689;36.0;1.0;52.0;16.0;0.0
7373836_home;316281.4620000003;6395708.600099999;7373836;129:30:31;09:30:31;466231.0;6;129:30:34;09:30:34;466234.0;6;3.0;130:19:54;10:19:54;469194.0;6;2963.0;0.001;1.0;34.0;1.0;34.0;0.0;0.0
public_1476094993;319738.0734000001;6399436.431700001;1936067;129:28:57;09:28:57;466137.0;6;130:16:54;10:16:54;469014.0;6;2877.0;130:25:05;10:25:05;469505.0;6;3368.0;0.854;0.858;36.0;1.0;42.0;6.0;0.0
9542950_home;323804.05319999997;6411163.5701;9542950;113:47:27;17:47:27;409647.0;5;116:10:34;20:10:34;418234.0;5;8587.0;130:31:41;10:31:41;469901.0;6;60254.0;0.143;0.665;28.0;1.0;42.0;14.0;0.0
4703580_home;313593.0926999999;6394284.1149;4703580;118:25:20;22:25:20;426320.0;5;121:30:54;01:30:54;437454.0;6;11134.0;130:32:04;10:32:04;469924.0;6;43604.0;0.255;0.547;23.0;1.0;42.0;19.0;0.0
public_1476381951;321234.46520000044;6409352.0425;5464371;128:59:25;08:59:25;464365.0;6;129:12:24;09:12:24;465144.0;6;779.0;130:33:40;10:33:40;470020.0;6;5655.0;0.138;0.997;60.0;1.0;60.0;0.0;0.0
9669919_work;312789.56819999963;6402809.819;9669919;126:23:23;06:23:23;455003.0;6;127:37:44;07:37:44;459464.0;6;4461.0;130:40:19;10:40:19;470419.0;6;15416.0;0.289;0.796;33.0;1.0;42.0;9.0;0.0
public_1476137267;328729.4315999998;6401953.777799999;7442665;128:50:14;08:50:14;463814.0;6;130:21:14;10:21:14;469274.0;6;5460.0;130:46:13;10:46:13;470773.0;6;6959.0;0.785;0.517;22.0;1.0;42.0;20.0;0.0
4656378_home;313293.7494999999;6395338.1929;4656378;113:37:56;17:37:56;409076.0;5;115:17:04;19:17:04;415024.0;5;5948.0;130:51:41;10:51:41;471101.0;6;62025.0;0.096;0.855;51.0;1.0;60.0;9.0;0.0
public_1476379538;319780.4314000001;6394696.4046;1873713;130:05:13;10:05:13;468313.0;6;130:52:09;10:52:09;471129.0;6;2816.0;130:52:09;10:52:09;471129.0;6;2816.0;1.0;0.907;54.0;0.998;60.0;5.0;0.0
public_1476383373;312054.31790000014;6407238.7916;9669919;130:50:21;10:50:21;471021.0;6;130:59:48;10:59:48;471588.0;6;567.0;130:59:48;10:59:48;471588.0;6;567.0;1.0;0.951;40.0;0.979;41.0;1.0;0.0
7427894_home;321531.75650000013;6393339.871200001;7427894;107:46:44;11:46:44;388004.0;5;114:09:09;18:09:09;410949.0;5;22945.0;131:03:07;11:03:07;471787.0;6;83783.0;0.274;0.0;0.0;1.0;42.0;42.0;0.0
public_1476236966;315043.6824000003;6400880.5418;7462846;131:08:00;11:08:00;472080.0;6;131:11:22;11:11:22;472282.0;6;202.0;131:11:22;11:11:22;472282.0;6;202.0;1.0;0.293;18.0;0.313;19.0;1.0;0.0
1922491_home;322613.4698000001;6400465.0023;1922491;113:27:00;17:27:00;408420.0;5;115:37:19;19:37:19;416239.0;5;7819.0;131:11:58;11:11:58;472318.0;6;63898.0;0.122;0.795;48.0;1.0;60.0;12.0;0.0
5933594_home;304251.7675999999;6400954.083000001;5933594;113:31:47;17:31:47;408707.0;5;115:09:54;19:09:54;414594.0;5;5887.0;131:15:28;11:15:28;472528.0;6;63821.0;0.092;0.79;33.0;1.0;42.0;9.0;0.0
public_1476160164;316329.15589999966;6398059.6876;9490619;130:14:59;10:14:59;468899.0;6;130:41:09;10:41:09;470469.0;6;1570.0;131:16:03;11:16:03;472563.0;6;3664.0;0.428;0.989;51.0;1.0;52.0;1.0;0.0
5934181_home;330570.8409000002;6409123.7501;5934181;118:10:15;22:10:15;425415.0;5;124:20:24;04:20:24;447624.0;6;22209.0;131:18:59;11:18:59;472739.0;6;47324.0;0.469;0.328;20.0;1.0;60.0;40.0;0.0
1884883_work;319980.7977999998;6401058.6425;1884883;128:37:08;08:37:08;463028.0;6;129:18:24;09:18:24;465504.0;6;2476.0;131:22:17;11:22:17;472937.0;6;9909.0;0.25;0.94;32.0;1.0;34.0;2.0;0.0
4703597_home;313593.0926999999;6394284.1149;4703597;119:44:29;23:44:29;431069.0;5;120:57:39;00:57:39;435459.0;6;4390.0;131:26:05;11:26:05;473165.0;6;42096.0;0.104;0.834;28.0;1.0;34.0;6.0;0.0
public_1476162075;315698.9042999996;6392867.8893;4604173;130:02:44;10:02:44;468164.0;6;130:54:14;10:54:14;471254.0;6;3090.0;131:26:59;11:26:59;473219.0;6;5055.0;0.611;0.825;35.0;1.0;42.0;7.0;0.0
public_1475965480;315236.7589999996;6399670.434;4923723;129:34:45;09:34:45;466485.0;6;130:51:19;10:51:19;471079.0;6;4594.0;131:27:26;11:27:26;473246.0;6;6761.0;0.679;0.587;20.0;1.0;34.0;14.0;0.0
7399493_home;328652.7845999999;6402806.7107;7399493;116:15:18;20:15:18;418518.0;5;118:34:04;22:34:04;426844.0;5;8326.0;131:30:07;11:30:07;473407.0;6;54889.0;0.152;0.749;39.0;1.0;52.0;13.0;0.0
public_1475990679;320777.30140000023;6396133.103;7495572;128:45:50;08:45:50;463550.0;6;129:19:09;09:19:09;465549.0;6;1999.0;131:33:18;11:33:18;473598.0;6;10048.0;0.199;0.97;41.0;1.0;42.0;1.0;0.0
7461163_home;320723.6867000004;6405055.3873;7461163;109:50:04;13:50:04;395404.0;5;111:29:04;15:29:04;401344.0;5;5940.0;131:34:01;11:34:01;473641.0;6;78237.0;0.076;0.745;25.0;1.0;34.0;9.0;0.0
9411662_home;317324.7340000002;6402425.048800001;9411662;108:29:45;12:29:45;390585.0;5;111:58:04;15:58:04;403084.0;5;12499.0;131:44:42;11:44:42;474282.0;6;83697.0;0.149;0.643;39.0;1.0;60.0;21.0;0.0
7495572_home;324270.76180000044;6395263.6877;7495572;131:41:14;11:41:14;474074.0;6;131:51:35;11:51:35;474695.0;6;621.0;131:51:35;11:51:35;474695.0;6;621.0;1.0;0.97;41.0;0.989;42.0;1.0;0.0
10004086_home;324725.4099000003;6411738.0989;10004086;131:12:49;11:12:49;472369.0;6;131:52:32;11:52:32;474752.0;6;2383.0;131:52:32;11:52:32;474752.0;6;2383.0;1.0;0.484;20.0;0.595;25.0;5.0;0.0
4660405_home;317117.0884999996;6393018.649900001;4660405;113:06:55;17:06:55;407215.0;5;114:04:54;18:04:54;410694.0;5;3479.0;131:58:32;11:58:32;475112.0;6;67897.0;0.051;0.935;56.0;1.0;60.0;4.0;0.0
public_1476157823;322235.00370000023;6402565.094799999;7415743;131:21:28;11:21:28;472888.0;6;131:59:21;11:59:21;475161.0;6;2273.0;131:59:21;11:59:21;475161.0;6;2273.0;1.0;0.305;18.0;0.536;32.0;14.0;0.0
public_1475954259;315561.4790000003;6398226.348099999;5904517;131:42:22;11:42:22;474142.0;6;132:01:12;12:01:12;475272.0;6;1130.0;132:01:12;12:01:12;475272.0;6;1130.0;1.0;0.431;22.0;0.564;29.0;7.0;0.0
9417336_work;321553.2076000003;6393599.553099999;9417336;129:46:33;09:46:33;467193.0;6;130:31:54;10:31:54;469914.0;6;2721.0;132:07:08;12:07:08;475628.0;6;8435.0;0.323;0.957;50.0;1.0;52.0;2.0;0.0
7369383_home;321289.96669999976;6410212.843;7369383;130:26:31;10:26:31;469591.0;6;132:11:06;12:11:06;475866.0;6;6275.0;132:11:06;12:11:06;475866.0;6;6275.0;1.0;0.539;40.0;0.706;53.0;13.0;0.0
1968395_home;327823.40699999966;6397563.186899999;1968395;132:13:09;12:13:09;475989.0;6;132:13:56;12:13:56;476036.0;6;47.0;132:13:56;12:13:56;476036.0;6;47.0;1.0;0.69;41.0;0.692;42.0;0.0;0.0
4660143_home;317009.2022000002;6391651.8156;4660143;129:42:44;09:42:44;466964.0;6;132:14:16;12:14:16;476056.0;6;9092.0;132:14:16;12:14:16;476056.0;6;9092.0;1.0;0.322;17.0;0.662;34.0;18.0;0.0
7620113_home;317162.52639999986;6406631.7083;7620113;131:59:41;11:59:41;475181.0;6;132:17:23;12:17:23;476243.0;6;1062.0;132:17:23;12:17:23;476243.0;6;1062.0;1.0;0.89;53.0;0.925;55.0;2.0;0.0
public_1476177308;329449.79899999965;6401475.433;1896799;132:01:43;12:01:43;475303.0;6;132:17:51;12:17:51;476271.0;6;968.0;132:17:51;12:17:51;476271.0;6;968.0;1.0;0.829;35.0;0.951;40.0;5.0;0.0
public_1475967296;328279.0519000003;6402263.460999999;9430738;132:21:59;12:21:59;476519.0;6;132:24:02;12:24:02;476642.0;6;123.0;132:24:02;12:24:02;476642.0;6;123.0;1.0;0.716;43.0;0.729;44.0;1.0;0.0
public_1475965842;320814.63549999986;6401693.745999999;7311720;131:44:48;11:44:48;474288.0;6;132:27:05;12:27:05;476825.0;6;2537.0;132:27:05;12:27:05;476825.0;6;2537.0;1.0;0.857;29.0;0.998;34.0;5.0;0.0
1996777_home;315262.63850000035;6392859.198000001;1996777;132:14:40;12:14:40;476080.0;6;132:36:58;12:36:58;477418.0;6;1338.0;132:36:58;12:36:58;477418.0;6;1338.0;1.0;0.809;42.0;0.859;45.0;3.0;0.0
public_1476339058;315557.1556000002;6400697.361099999;4920357;127:18:58;07:18:58;458338.0;6;128:00:24;08:00:24;460824.0;6;2486.0;132:40:43;12:40:43;477643.0;6;19305.0;0.129;0.939;32.0;1.0;34.0;2.0;0.0
1996902_home;317554.43620000035;6392132.7509;1996902;131:27:24;11:27:24;473244.0;6;132:46:11;12:46:11;477971.0;6;4727.0;132:46:11;12:46:11;477971.0;6;4727.0;1.0;0.453;19.0;0.672;28.0;9.0;0.0
9431588_home;325670.26719999965;6401949.025599999;9431588;121:06:55;01:06:55;436015.0;6;122:55:24;02:55:24;442524.0;6;6509.0;132:52:53;12:52:53;478373.0;6;42358.0;0.154;0.713;24.0;1.0;34.0;10.0;0.0
public_1476253627;323406.1270000003;6404946.8114;9674519;131:41:55;11:41:55;474115.0;6;132:48:04;12:48:04;478084.0;6;3969.0;132:53:23;12:53:23;478403.0;6;4288.0;0.926;0.7;24.0;1.0;34.0;10.0;0.0
4765107_home;325828.5499999998;6405235.989600001;4765107;112:34:22;16:34:22;405262.0;5;114:14:14;18:14:14;411254.0;5;5992.0;132:58:12;12:58:12;478692.0;6;73430.0;0.082;0.785;33.0;1.0;42.0;9.0;0.0
public_1476439884;316552.1573000001;6400517.5195;7370049;130:12:55;10:12:55;468775.0;6;130:50:19;10:50:19;471019.0;6;2244.0;133:08:02;13:08:02;479282.0;6;10507.0;0.214;0.975;51.0;1.0;52.0;1.0;0.0
public_1475997659;320853.3044999996;6399715.852;7305559;133:06:33;13:06:33;479193.0;6;133:11:47;13:11:47;479507.0;6;314.0;133:11:47;13:11:47;479507.0;6;314.0;1.0;0.635;22.0;0.692;24.0;2.0;0.0
public_1476096263;323314.0538999997;6401972.4893;1922491;131:14:29;11:14:29;472469.0;6;131:33:34;11:33:34;473614.0;6;1145.0;133:11:47;13:11:47;479507.0;6;7038.0;0.163;0.994;60.0;1.0;60.0;0.0;0.0
public_1476240726;321785.03720000014;6399579.9055;9416099;130:41:27;10:41:27;470487.0;6;132:02:19;12:02:19;475339.0;6;4852.0;133:15:29;13:15:29;479729.0;6;9242.0;0.525;0.606;25.0;1.0;42.0;17.0;0.0
public_1476362439;323556.1021999996;6406309.4278;9543495;133:18:08;13:18:08;479888.0;6;133:23:44;13:23:44;480224.0;6;336.0;133:23:44;13:23:44;480224.0;6;336.0;1.0;0.791;41.0;0.831;43.0;2.0;0.0
public_1476393047;314816.28529999964;6401746.3893;9523368;119:56:38;23:56:38;431798.0;5;120:43:19;00:43:19;434599.0;6;2801.0;133:31:13;13:31:13;480673.0;6;48875.0;0.057;0.904;38.0;1.0;42.0;4.0;0.0
7525984_home;327587.0580000002;6394607.9243;7525984;132:03:07;12:03:07;475387.0;6;133:44:28;13:44:28;481468.0;6;6081.0;133:44:28;13:44:28;481468.0;6;6081.0;1.0;0.445;27.0;0.648;39.0;12.0;0.0
5904517_home;317834.3541000001;6391485.3137;5904517;132:11:12;12:11:12;475872.0;6;133:46:00;13:46:00;481560.0;6;5688.0;133:46:00;13:46:00;481560.0;6;5688.0;1.0;0.528;27.0;0.741;39.0;11.0;0.0
public_1476129700;315136.35780000035;6403347.9793;1940658;132:40:19;12:40:19;477619.0;6;133:46:30;13:46:30;481590.0;6;3971.0;133:46:30;13:46:30;481590.0;6;3971.0;1.0;0.47;16.0;0.99;34.0;18.0;0.0
9543495_home;322642.1906000003;6406953.554199999;9543495;133:31:23;13:31:23;480683.0;6;133:46:55;13:46:55;481615.0;6;932.0;133:46:55;13:46:55;481615.0;6;932.0;1.0;0.809;42.0;0.844;44.0;2.0;0.0
4652995_work;319463.5310000004;6400237.915999999;4652995;127:01:38;07:01:38;457298.0;6;128:10:14;08:10:14;461414.0;6;4116.0;133:58:17;13:58:17;482297.0;6;24999.0;0.165;0.821;34.0;1.0;42.0;8.0;0.0
public_1476322695;321855.84339999966;6395459.395;2207532;133:58:50;13:58:50;482330.0;6;134:04:50;14:04:50;482690.0;6;360.0;134:04:50;14:04:50;482690.0;6;360.0;1.0;0.677;23.0;0.743;25.0;2.0;0.0
2327190_work;310590.63329999987;6400646.991699999;2327190;129:42:31;09:42:31;466951.0;6;130:25:39;10:25:39;469539.0;6;2588.0;134:06:45;14:06:45;482805.0;6;15854.0;0.163;0.93;32.0;1.0;34.0;2.0;0.0
9673010_home;331229.1032999996;6409657.1351;9673010;112:02:58;16:02:58;403378.0;5;114:32:34;18:32:34;412354.0;5;8976.0;134:12:34;14:12:34;483154.0;6;79776.0;0.113;0.572;19.0;1.0;34.0;15.0;0.0
7286338_home;326002.2441999996;6400996.9465;7286338;134:22:18;14:22:18;483738.0;6;134:35:18;14:35:18;484518.0;6;780.0;134:35:18;14:35:18;484518.0;6;780.0;1.0;0.499;21.0;0.536;23.0;2.0;0.0
public_1476250731;323904.5070000002;6408370.640000001;1839970;131:20:16;11:20:16;472816.0;6;132:12:09;12:12:09;475929.0;6;3113.0;134:35:22;14:35:22;484522.0;6;11706.0;0.266;0.888;67.0;1.0;75.0;8.0;0.0
public_1476019114;320727.63320000004;6405340.1182;4604173;133:19:30;13:19:30;479970.0;6;134:08:19;14:08:19;482899.0;6;2929.0;134:41:00;14:41:00;484860.0;6;4890.0;0.599;0.843;35.0;1.0;42.0;7.0;0.0
2017219_home;329930.56539999973;6399367.3825;2017219;134:24:02;14:24:02;483842.0;6;134:43:55;14:43:55;485035.0;6;1193.0;134:43:55;14:43:55;485035.0;6;1193.0;1.0;0.842;35.0;0.899;38.0;2.0;0.0
public_1476313852;316616.84300000034;6398594.777000001;3256128;130:42:19;10:42:19;470539.0;6;131:24:19;11:24:19;473059.0;6;2520.0;134:46:31;14:46:31;485191.0;6;14652.0;0.172;0.954;57.0;1.0;60.0;3.0;0.0
public_1476204089;312496.6704000002;6408352.203299999;2327190;134:21:11;14:21:11;483671.0;6;134:46:34;14:46:34;485194.0;6;1523.0;134:46:34;14:46:34;485194.0;6;1523.0;1.0;0.929;32.0;0.993;34.0;2.0;0.0
public_1476405782;319102.44689999986;6403667.3477;1929172;134:48:40;14:48:40;485320.0;6;135:00:16;15:00:16;486016.0;6;696.0;135:00:16;15:00:16;486016.0;6;696.0;1.0;0.28;15.0;0.361;19.0;4.0;0.0
1876713_home;317415.89240000024;6391762.3906;1876713;133:50:19;13:50:19;481819.0;6;135:00:20;15:00:20;486020.0;6;4201.0;135:00:20;15:00:20;486020.0;6;4201.0;1.0;0.287;15.0;0.444;23.0;8.0;0.0
public_1476323984;320102.5647;6398763.4081;2082236;134:31:07;14:31:07;484267.0;6;135:04:10;15:04:10;486250.0;6;1983.0;135:04:10;15:04:10;486250.0;6;1983.0;1.0;0.253;15.0;0.455;27.0;12.0;0.0
public_1475983670;318252.84130000044;6401341.805400001;9414251;134:02:13;14:02:13;482533.0;6;135:09:58;15:09:58;486598.0;6;4065.0;135:09:58;15:09:58;486598.0;6;4065.0;1.0;0.596;25.0;0.995;42.0;17.0;0.0
public_1475997659;320853.3044999996;6399715.852;9396643;127:17:01;07:17:01;458221.0;6;128:18:29;08:18:29;461909.0;6;3688.0;135:15:29;15:15:29;486929.0;6;28708.0;0.128;0.88;46.0;1.0;52.0;6.0;0.0
1865752_work;323219.4363000002;6411245.012;1865752;127:12:42;07:12:42;457962.0;6;129:04:54;09:04:54;464694.0;6;6732.0;135:24:43;15:24:43;487483.0;6;29521.0;0.228;0.71;37.0;1.0;52.0;15.0;0.0
2000357_home;314646.4241000004;6400637.843;2000357;128:47:13;08:47:13;463633.0;6;130:01:34;10:01:34;468094.0;6;4461.0;135:25:41;15:25:41;487541.0;6;23908.0;0.187;0.883;46.0;1.0;52.0;6.0;0.0
7358660_home;318772.68200000003;6399748.147600001;7358660;134:17:26;14:17:26;483446.0;6;135:26:54;15:26:54;487614.0;6;4168.0;135:26:54;15:26:54;487614.0;6;4168.0;1.0;0.359;15.0;0.552;23.0;8.0;0.0
public_1476242676;317178.8826000001;6399359.473099999;4575456;135:03:04;15:03:04;486184.0;6;135:28:47;15:28:47;487727.0;6;1543.0;135:28:47;15:28:47;487727.0;6;1543.0;1.0;0.592;36.0;0.749;45.0;9.0;0.0
2330931_work;321167.5527999997;6404756.128699999;2330931;126:23:02;06:23:02;454982.0;6;127:00:39;07:00:39;457239.0;6;2257.0;135:29:39;15:29:39;487779.0;6;32797.0;0.069;0.956;33.0;1.0;34.0;1.0;0.0
7311651_home;322972.67899999954;6404523.2565;7311651;114:06:36;18:06:36;410796.0;5;119:20:54;23:20:54;429654.0;5;18858.0;135:31:09;15:31:09;487869.0;6;77073.0;0.245;0.355;18.0;1.0;52.0;34.0;0.0
public_1476151080;316591.76549999975;6405543.7607;4652995;134:10:10;14:10:10;483010.0;6;134:49:49;14:49:49;485389.0;6;2379.0;135:31:29;15:31:29;487889.0;6;4879.0;0.488;0.948;40.0;1.0;42.0;2.0;0.0
1926380_work;320780.89630000014;6400694.2432;1926380;127:18:04;07:18:04;458284.0;6;128:20:44;08:20:44;462044.0;6;3760.0;135:34:10;15:34:10;488050.0;6;29766.0;0.126;0.824;28.0;1.0;34.0;6.0;0.0
7305559_home;320905.53830000013;6400550.3245;7305559;133:30:07;13:30:07;480607.0;6;135:37:28;15:37:28;488248.0;6;7641.0;135:37:28;15:37:28;488248.0;6;7641.0;1.0;0.63;21.0;0.999;34.0;13.0;0.0
9409024_home;321418.5667000003;6400570.933599999;9409024;135:22:32;15:22:32;487352.0;6;135:38:10;15:38:10;488290.0;6;938.0;135:38:10;15:38:10;488290.0;6;938.0;1.0;0.353;18.0;0.388;20.0;2.0;0.0
2017922_work;324282.7597000003;6403427.349099999;2017922;127:00:15;07:00:15;457215.0;6;127:55:29;07:55:29;460529.0;6;3314.0;135:43:25;15:43:25;488605.0;6;31390.0;0.106;0.88;37.0;1.0;42.0;5.0;0.0
1920973_home;320313.3021999998;6399077.480699999;1920973;134:41:46;14:41:46;484906.0;6;135:46:33;15:46:33;488793.0;6;3887.0;135:46:33;15:46:33;488793.0;6;3887.0;1.0;0.887;46.0;0.998;52.0;6.0;0.0
public_1476418067;321267.5246000001;6399237.5671;7305559;135:42:04;15:42:04;488524.0;6;135:48:29;15:48:29;488909.0;6;385.0;135:48:29;15:48:29;488909.0;6;385.0;1.0;0.983;33.0;0.991;34.0;0.0;0.0
7358855_home;320239.8976999996;6399686.457;7358855;134:51:29;14:51:29;485489.0;6;135:55:52;15:55:52;489352.0;6;3863.0;135:55:52;15:55:52;489352.0;6;3863.0;1.0;0.554;23.0;0.732;31.0;8.0;0.0
4703580_home;313593.0926999999;6394284.1149;4703580;133:49:52;13:49:52;481792.0;6;134:46:24;14:46:24;485184.0;6;3392.0;135:59:21;15:59:21;489561.0;6;7769.0;0.437;0.89;37.0;1.0;42.0;5.0;0.0
9557968_work;309775.9110000003;6399908.729499999;9557968;126:11:26;06:11:26;454286.0;6;126:50:54;06:50:54;456654.0;6;2368.0;136:08:28;16:08:28;490108.0;6;35822.0;0.066;0.949;40.0;1.0;42.0;2.0;0.0
1881045_home;307718.29619999975;6403655.348099999;1881045;134:52:53;14:52:53;485573.0;6;136:13:01;16:13:01;490381.0;6;4808.0;136:13:01;16:13:01;490381.0;6;4808.0;1.0;0.734;44.0;0.89;53.0;9.0;0.0
public_1476229729;324390.2446999997;6404229.569;1926380;135:50:02;15:50:02;489002.0;6;135:50:04;15:50:04;489004.0;6;2.0;136:14:12;16:14:12;490452.0;6;1450.0;0.001;1.0;34.0;1.0;34.0;0.0;106.282
public_1476236966;315043.6824000003;6400880.5418;1877014;135:49:29;15:49:29;488969.0;6;136:15:54;16:15:54;490554.0;6;1585.0;136:15:54;16:15:54;490554.0;6;1585.0;1.0;0.392;24.0;0.554;33.0;10.0;0.0
2323108_work;315053.57359999977;6401555.9285;2323108;128:08:47;08:08:47;461327.0;6;129:25:24;09:25:24;465924.0;6;4597.0;136:16:08;16:16:08;490568.0;6;29241.0;0.157;0.786;33.0;1.0;42.0;9.0;0.0
public_1476358537;321972.7374;6402999.425799999;2017922;135:47:48;15:47:48;488868.0;6;136:12:04;16:12:04;490324.0;6;1456.0;136:16:19;16:16:19;490579.0;6;1711.0;0.851;0.981;41.0;1.0;42.0;1.0;0.0
9554247_home;322185.4715999998;6402817.8487;9554247;134:27:46;14:27:46;484066.0;6;136:18:37;16:18:37;490717.0;6;6651.0;136:18:37;16:18:37;490717.0;6;6651.0;1.0;0.379;13.0;0.76;26.0;13.0;0.0
public_1476168894;319299.16610000003;6402493.6647;1994103;136:00:30;16:00:30;489630.0;6;136:22:49;16:22:49;490969.0;6;1339.0;136:22:49;16:22:49;490969.0;6;1339.0;1.0;0.35;21.0;0.486;29.0;8.0;0.0
public_1476411636;322906.96690000035;6404263.4789;5464740;135:49:00;15:49:00;488940.0;6;136:25:02;16:25:02;491102.0;6;2162.0;136:25:02;16:25:02;491102.0;6;2162.0;1.0;0.415;22.0;0.671;35.0;13.0;0.0
4610082_home;316946.9177000001;6390610.2643;4610082;116:31:23;20:31:23;419483.0;5;119:11:44;23:11:44;429104.0;5;9621.0;136:25:41;16:25:41;491141.0;6;71658.0;0.134;0.535;18.0;1.0;34.0;16.0;0.0
public_1476008692;319792.52139999997;6397675.052300001;9542392;133:33:32;13:33:32;480812.0;6;135:04:44;15:04:44;486284.0;6;5472.0;136:26:45;16:26:45;491205.0;6;10393.0;0.527;0.363;12.0;1.0;34.0;22.0;0.0
2329272_work;318570.26300000027;6406815.3235;2329272;128:04:39;08:04:39;461079.0;6;128:56:44;08:56:44;464204.0;6;3125.0;136:27:12;16:27:12;491232.0;6;30153.0;0.104;0.893;38.0;1.0;42.0;4.0;0.0
public_1476261142;323685.1218999997;6393767.3682;1884883;135:14:23;15:14:23;486863.0;6;136:04:39;16:04:39;489879.0;6;3016.0;136:27:27;16:27:27;491247.0;6;4384.0;0.688;0.814;28.0;1.0;34.0;6.0;0.0
public_1476231147;329677.70100000035;6393541.6162;4575456;135:54:09;15:54:09;489249.0;6;136:35:47;16:35:47;491747.0;6;2498.0;136:35:47;16:35:47;491747.0;6;2498.0;1.0;0.697;42.0;0.942;57.0;15.0;0.0
7311720_work;321076.34530000016;6402295.2064;7311720;132:29:50;12:29:50;476990.0;6;132:52:39;12:52:39;478359.0;6;1369.0;136:38:56;16:38:56;491936.0;6;14946.0;0.092;0.989;34.0;1.0;34.0;0.0;0.0
2209674_home;322963.81379999965;6392997.7839;2209674;135:11:39;15:11:39;486699.0;6;136:40:42;16:40:42;492042.0;6;5343.0;136:40:42;16:40:42;492042.0;6;5343.0;1.0;0.728;55.0;0.867;65.0;10.0;0.0
public_1476281439;304697.7496999996;6401916.253699999;4660405;132:20:56;12:20:56;476456.0;6;133:12:39;13:12:39;479559.0;6;3103.0;136:44:40;16:44:40;492280.0;6;15824.0;0.196;0.935;56.0;1.0;60.0;4.0;0.0
public_1476361959;312768.0022999998;6395155.409399999;1932498;135:28:52;15:28:52;487732.0;6;136:57:52;16:57:52;493072.0;6;5340.0;136:57:52;16:57:52;493072.0;6;5340.0;1.0;0.33;11.0;0.997;34.0;23.0;0.0
public_1476198808;320565.0893000001;6397119.848999999;1936362;136:58:26;16:58:26;493106.0;6;137:11:29;17:11:29;493889.0;6;783.0;137:11:29;17:11:29;493889.0;6;783.0;1.0;0.578;20.0;0.719;24.0;5.0;0.0
public_1476096263;323314.0538999997;6401972.4893;7457545;135:29:09;15:29:09;487749.0;6;137:12:19;17:12:19;493939.0;6;6190.0;137:12:40;17:12:40;493960.0;6;6211.0;0.997;0.627;38.0;1.0;60.0;22.0;0.0
2040830_home;318588.2505000001;6391753.476299999;2040830;136:16:03;16:16:03;490563.0;6;137:16:49;17:16:49;494209.0;6;3646.0;137:17:00;17:17:00;494220.0;6;3657.0;0.997;0.883;37.0;1.0;42.0;5.0;0.0
public_1476005260;324642.5215999996;6404837.954399999;4764447;135:44:57;15:44:57;488697.0;6;137:01:44;17:01:44;493304.0;6;4607.0;137:17:08;17:17:08;494228.0;6;5531.0;0.833;0.789;47.0;1.0;60.0;13.0;0.0
4644491_work;326930.7516000001;6395673.117900001;4644491;127:31:29;07:31:29;459089.0;6;128:11:34;08:11:34;461494.0;6;2405.0;137:18:45;17:18:45;494325.0;6;35236.0;0.068;0.946;40.0;1.0;42.0;2.0;0.0
9554976_home;325264.1062000003;6405110.642000001;9554976;135:22:52;15:22:52;487372.0;6;137:19:10;17:19:10;494350.0;6;6978.0;137:19:10;17:19:10;494350.0;6;6978.0;1.0;0.41;21.0;0.671;35.0;14.0;0.0
public_1476276241;318072.1688000001;6398328.3006;2072947;136:13:08;16:13:08;490388.0;6;137:03:39;17:03:39;493419.0;6;3031.0;137:19:21;17:19:21;494361.0;6;3973.0;0.763;0.87;37.0;1.0;42.0;5.0;0.0
public_1476159862;321386.1096000001;6393302.0615;4586987;135:36:22;15:36:22;488182.0;6;136:49:44;16:49:44;492584.0;6;4402.0;137:23:39;17:23:39;494619.0;6;6437.0;0.684;0.764;40.0;1.0;52.0;12.0;0.0
public_1476293421;325170.0937999999;6404885.257200001;9542950;134:16:32;14:16:32;483392.0;6;135:08:59;15:08:59;486539.0;6;3147.0;137:34:38;17:34:38;495278.0;6;11886.0;0.265;0.854;36.0;1.0;42.0;6.0;0.0
public_1476074915;323534.5480000004;6402518.4332;1967726;136:20:16;16:20:16;490816.0;6;137:38:47;17:38:47;495527.0;6;4711.0;137:38:47;17:38:47;495527.0;6;4711.0;1.0;0.39;16.0;0.983;41.0;25.0;0.0
2041052_work;318684.74789999984;6397806.260299999;2041052;127:19:55;07:19:55;458395.0;6;128:14:29;08:14:29;461669.0;6;3274.0;137:43:42;17:43:42;495822.0;6;37427.0;0.087;0.883;37.0;1.0;42.0;5.0;0.0
public_1476046462;315927.9773000004;6401422.25;7508758;136:55:34;16:55:34;492934.0;6;137:47:55;17:47:55;496075.0;6;3141.0;137:47:55;17:47:55;496075.0;6;3141.0;1.0;0.645;22.0;0.992;34.0;12.0;0.0
public_1476302571;319904.7012;6405455.8079;5589449;136:21:15;16:21:15;490875.0;6;137:54:15;17:54:15;496455.0;6;5580.0;137:54:15;17:54:15;496455.0;6;5580.0;1.0;0.185;8.0;0.964;40.0;33.0;0.0
7420298_home;316843.5410000002;6405798.7195999995;7420298;135:51:17;15:51:17;489077.0;6;137:54:26;17:54:26;496466.0;6;7389.0;137:54:26;17:54:26;496466.0;6;7389.0;1.0;0.644;27.0;0.982;41.0;14.0;0.0
7316759_work;307677.8507000003;6403576.386399999;7316759;128:16:26;08:16:26;461786.0;6;129:11:04;09:11:04;465064.0;6;3278.0;137:54:48;17:54:48;496488.0;6;34702.0;0.094;0.926;48.0;1.0;52.0;4.0;0.0
public_1476302412;319944.1727999998;6402379.837099999;1896793;137:45:28;17:45:28;495928.0;6;137:57:19;17:57:19;496639.0;6;711.0;137:57:19;17:57:19;496639.0;6;711.0;1.0;0.905;38.0;0.966;41.0;3.0;0.0
1997792_work;313158.9193000002;6403572.5571;1997792;128:45:14;08:45:14;463514.0;6;130:49:24;10:49:24;470964.0;6;7450.0;138:15:42;18:15:42;497742.0;6;34228.0;0.218;0.556;23.0;1.0;42.0;19.0;0.0
public_1476269839;312302.6397000002;6403568.8597;2319425;132:36:28;12:36:28;477388.0;6;133:30:29;13:30:29;480629.0;6;3241.0;138:31:48;18:31:48;498708.0;6;21320.0;0.152;0.84;35.0;1.0;42.0;7.0;0.0
public_1475999761;308251.62629999965;6403798.021400001;2071692;127:04:52;07:04:52;457492.0;6;128:06:59;08:06:59;461219.0;6;3727.0;138:51:18;18:51:18;499878.0;6;42386.0;0.088;0.742;25.0;1.0;34.0;9.0;0.0
1881745_home;315321.6506000003;6401958.957699999;1881745;137:09:05;17:09:05;493745.0;6;138:27:49;18:27:49;498469.0;6;4724.0;139:03:41;19:03:41;500621.0;6;6876.0;0.687;0.815;28.0;1.0;34.0;6.0;0.0
public_1476094993;319738.0734000001;6399436.431700001;2126857;138:15:36;18:15:36;497736.0;6;139:14:09;19:14:09;501249.0;6;3513.0;139:15:07;19:15:07;501307.0;6;3571.0;0.984;0.89;53.0;1.0;60.0;7.0;0.0
2334915_home;316589.86089999974;6405562.8543;2334915;138:27:53;18:27:53;498473.0;6;139:29:52;19:29:52;502192.0;6;3719.0;139:29:52;19:29:52;502192.0;6;3719.0;1.0;0.356;27.0;0.453;34.0;7.0;0.0
public_1476043042;316101.3679999998;6399008.103399999;1881745;139:12:48;19:12:48;501168.0;6;139:36:33;19:36:33;502593.0;6;1425.0;139:36:33;19:36:33;502593.0;6;1425.0;1.0;0.959;33.0;0.996;34.0;1.0;0.0
public_1475967296;328279.0519000003;6402263.460999999;1896793;139:20:26;19:20:26;501626.0;6;139:37:34;19:37:34;502654.0;6;1028.0;139:37:34;19:37:34;502654.0;6;1028.0;1.0;0.9;38.0;0.977;41.0;3.0;0.0
public_1476134020;319865.0999999996;6400330.5699000005;2017200;128:38:49;08:38:49;463129.0;6;130:00:44;10:00:44;468044.0;6;4915.0;139:38:07;19:38:07;502687.0;6;39558.0;0.124;0.529;18.0;1.0;34.0;16.0;0.0
1881178_home;308685.8351999996;6403612.2498;1881178;137:02:58;17:02:58;493378.0;6;138:50:19;18:50:19;499819.0;6;6441.0;139:46:31;19:46:31;503191.0;6;9813.0;0.656;0.717;24.0;1.0;34.0;10.0;0.0
1968155_home;328717.6030000001;6397984.832;1968155;140:02:24;20:02:24;504144.0;6;140:16:59;20:16:59;505019.0;6;875.0;140:16:59;20:16:59;505019.0;6;875.0;1.0;0.276;9.0;0.326;11.0;2.0;0.0
public_1475979706;315606.4101;6404019.021299999;5589188;140:07:24;20:07:24;504444.0;6;140:39:32;20:39:32;506372.0;6;1928.0;140:39:32;20:39:32;506372.0;6;1928.0;1.0;0.635;33.0;0.862;45.0;12.0;0.0
public_1476165477;320306.7750000004;6400028.7322;4803807;139:47:54;19:47:54;503274.0;6;140:42:24;20:42:24;506544.0;6;3270.0;140:56:00;20:56:00;507360.0;6;4086.0;0.8;0.83;35.0;1.0;42.0;7.0;0.0
public_1476065604;317287.3872999996;6400280.969699999;2017219;135:01:11;15:01:11;486071.0;6;135:59:19;15:59:19;489559.0;6;3488.0;140:57:53;20:57:53;507473.0;6;21402.0;0.163;0.805;34.0;1.0;42.0;8.0;0.0
4588932_home;317695.8197999997;6399263.199100001;4588932;141:05:43;21:05:43;507943.0;6;141:17:12;21:17:12;508632.0;6;689.0;141:17:12;21:17:12;508632.0;6;689.0;1.0;0.517;31.0;0.54;32.0;1.0;0.0
public_1476160164;316329.15589999966;6398059.6876;5915678;136:33:35;16:33:35;491615.0;6;137:55:39;17:55:39;496539.0;6;4924.0;142:17:57;22:17:57;512277.0;6;20662.0;0.238;0.596;25.0;1.0;42.0;17.0;0.0
public_1476110935;324373.1716;6400637.6021;4703597;142:59:22;22:59:22;514762.0;6;143:24:46;23:24:46;516286.0;6;1524.0;143:24:46;23:24:46;516286.0;6;1524.0;1.0;0.76;26.0;0.965;33.0;7.0;0.0
9431588_work;320674.9451000001;6400034.777000001;9431588;133:01:19;13:01:19;478879.0;6;133:37:59;13:37:59;481079.0;6;2200.0;144:57:56;00:57:56;521876.0;7;42997.0;0.051;0.959;33.0;1.0;34.0;1.0;0.0
5883581_home;328332.4935999997;6402363.8849;5883581;136:18:57;16:18:57;490737.0;6;138:31:54;18:31:54;498714.0;6;7977.0;149:59:38;05:59:38;539978.0;7;49241.0;0.162;0.693;29.0;1.0;42.0;13.0;0.0
public_1476025365;317685.7949999999;6399247.267000001;9487200;149:39:45;05:39:45;538785.0;7;149:59:53;05:59:53;539993.0;7;1208.0;149:59:53;05:59:53;539993.0;7;1208.0;1.0;0.671;40.0;0.794;48.0;7.0;0.0
2326344_home;308791.47479999997;6404167.352600001;2326344;136:14:37;16:14:37;490477.0;6;137:41:54;17:41:54;495714.0;6;5237.0;150:07:27;06:07:27;540447.0;7;49970.0;0.105;0.786;27.0;1.0;34.0;7.0;0.0
1990178_home;319868.9238999998;6404401.7063;1990178;135:26:39;15:26:39;487599.0;6;139:17:24;19:17:24;501444.0;6;13845.0;150:08:35;06:08:35;540515.0;7;52916.0;0.262;0.421;18.0;1.0;42.0;24.0;0.0
8169511_home;323559.93120000046;6407681.0622000005;8169511;136:32:14;16:32:14;491534.0;6;138:20:04;18:20:04;498004.0;6;6470.0;150:26:02;06:26:02;541562.0;7;50028.0;0.129;0.857;64.0;1.0;75.0;11.0;0.0
4795145_home;315282.95100000035;6394802.822899999;4795145;135:32:02;15:32:02;487922.0;6;136:32:24;16:32:24;491544.0;6;3622.0;150:28:13;06:28:13;541693.0;7;53771.0;0.067;0.895;38.0;1.0;42.0;4.0;0.0
8253956_home;321798.40660000034;6397594.6765;8253956;136:18:37;16:18:37;490717.0;6;137:40:09;17:40:09;495609.0;6;4892.0;150:31:07;06:31:07;541867.0;7;51150.0;0.096;0.824;35.0;1.0;42.0;7.0;0.0
7478971_home;327915.05009999964;6403405.9361000005;7478971;137:15:06;17:15:06;494106.0;6;138:22:49;18:22:49;498169.0;6;4063.0;150:32:31;06:32:31;541951.0;7;47845.0;0.085;0.853;29.0;1.0;34.0;5.0;0.0
2071692_home;324365.43649999984;6405154.825300001;2071692;139:19:39;19:19:39;501579.0;6;140:20:44;20:20:44;505244.0;6;3665.0;150:38:00;06:38:00;542280.0;7;40701.0;0.09;0.876;30.0;1.0;34.0;4.0;0.0
public_1476309083;323940.53529999964;6405890.5046999995;1865752;150:52:33;06:52:33;543153.0;7;150:59:32;06:59:32;543572.0;7;419.0;150:59:32;06:59:32;543572.0;7;419.0;1.0;0.848;44.0;0.897;47.0;3.0;0.0
1996902_home;317554.43620000035;6392132.7509;1996902;137:12:58;17:12:58;493978.0;6;140:02:44;20:02:44;504164.0;6;10186.0;151:00:36;07:00:36;543636.0;7;49658.0;0.205;0.591;25.0;1.0;42.0;17.0;0.0
2209674_home;322963.81379999965;6392997.7839;2209674;138:20:10;18:20:10;498010.0;6;140:16:49;20:16:49;505009.0;6;6999.0;151:01:45;07:01:45;543705.0;7;45695.0;0.153;0.842;63.0;1.0;75.0;12.0;0.0
2072947_home;317466.2427000003;6405203.1493999995;2072947;137:31:03;17:31:03;495063.0;6;138:09:34;18:09:34;497374.0;6;2311.0;151:03:38;07:03:38;543818.0;7;48755.0;0.047;0.948;40.0;1.0;42.0;2.0;0.0
2040830_home;318588.2505000001;6391753.476299999;2040830;140:27:16;20:27:16;505636.0;6;141:28:59;21:28:59;509339.0;6;3703.0;151:03:53;07:03:53;543833.0;7;38197.0;0.097;0.891;37.0;1.0;42.0;5.0;0.0
7373836_home;316281.4620000003;6395708.600099999;7373836;136:14:04;16:14:04;490444.0;6;137:30:39;17:30:39;495039.0;6;4595.0;151:05:47;07:05:47;543947.0;7;53503.0;0.086;0.823;28.0;1.0;34.0;6.0;0.0
public_1476408369;308242.3487;6400926.8608;8273513;137:07:07;17:07:07;493627.0;6;139:11:29;19:11:29;501089.0;6;7462.0;151:06:01;07:06:01;543961.0;7;50334.0;0.148;0.437;23.0;1.0;52.0;29.0;0.0
2330722_home;321507.3794;6410712.554199999;2330722;141:15:51;21:15:51;508551.0;6;143:55:19;23:55:19;518119.0;6;9568.0;151:07:39;07:07:39;544059.0;7;35508.0;0.269;0.777;58.0;1.0;75.0;17.0;0.0
2041052_home;318209.41110000014;6391713.7826000005;2041052;137:56:44;17:56:44;496604.0;6;138:41:44;18:41:44;499304.0;6;2700.0;151:08:20;07:08:20;544100.0;7;47496.0;0.057;0.937;39.0;1.0;42.0;3.0;0.0
1862586_home;325680.79509999976;6403570.9407;1862586;136:10:46;16:10:46;490246.0;6;137:09:29;17:09:29;493769.0;6;3523.0;151:11:04;07:11:04;544264.0;7;54018.0;0.065;0.899;38.0;1.0;42.0;4.0;0.0
1994057_home;314400.6409;6394212.232799999;1994057;133:34:19;13:34:19;480859.0;6;135:11:14;15:11:14;486674.0;6;5815.0;151:12:51;07:12:51;544371.0;7;63512.0;0.092;0.793;33.0;1.0;42.0;9.0;0.0
1881745_home;315321.6506000003;6401958.957699999;1881745;139:45:17;19:45:17;503117.0;6;140:23:04;20:23:04;505384.0;6;2267.0;151:13:59;07:13:59;544439.0;7;41322.0;0.055;0.956;32.0;1.0;34.0;2.0;0.0
1986131_home;325358.5070000002;6405541.2228;1986131;137:43:00;17:43:00;495780.0;6;141:43:04;21:43:04;510184.0;6;14404.0;151:14:44;07:14:44;544484.0;7;48704.0;0.296;0.522;27.0;1.0;52.0;25.0;0.0
9403888_home;317359.98610000033;6398625.0287;9403888;138:27:50;18:27:50;498470.0;6;142:22:19;22:22:19;512539.0;6;14069.0;151:19:24;07:19:24;544764.0;7;46294.0;0.304;0.411;17.0;1.0;42.0;25.0;0.0
7416223_home;324493.25299999956;6400745.598300001;7416223;138:22:49;18:22:49;498169.0;6;142:51:49;22:51:49;514309.0;6;16140.0;151:22:21;07:22:21;544941.0;7;46772.0;0.345;0.315;13.0;1.0;42.0;29.0;0.0
1996657_home;315186.0741999997;6392759.5867;1996657;141:10:44;21:10:44;508244.0;6;143:55:34;23:55:34;518134.0;6;9890.0;151:27:18;07:27:18;545238.0;7;36994.0;0.267;0.52;18.0;1.0;34.0;16.0;0.0
2080733_home;321976.9151999997;6390245.376499999;2080733;136:29:21;16:29:21;491361.0;6;139:22:19;19:22:19;501739.0;6;10378.0;151:31:27;07:31:27;545487.0;7;54126.0;0.192;0.477;16.0;1.0;34.0;18.0;0.0
public_1476363725;317107.39499999955;6402608.874299999;4652092;139:01:54;19:01:54;500514.0;6;140:01:44;20:01:44;504104.0;6;3590.0;151:33:09;07:33:09;545589.0;7;45075.0;0.08;0.891;46.0;1.0;52.0;6.0;0.0
2016161_home;329121.0730999997;6401807.5572999995;2016161;138:46:13;18:46:13;499573.0;6;140:58:09;20:58:09;507489.0;6;7916.0;151:38:17;07:38:17;545897.0;7;46324.0;0.171;0.628;21.0;1.0;34.0;13.0;0.0
2059158_home;329769.2329000002;6394000.3078000005;2059158;136:34:15;16:34:15;491655.0;6;138:56:49;18:56:49;500209.0;6;8554.0;151:40:46;07:40:46;546046.0;7;54391.0;0.157;0.74;39.0;1.0;52.0;13.0;0.0
4743032_home;314749.88150000013;6403190.496200001;4743032;134:00:10;14:00:10;482410.0;6;138:35:44;18:35:44;498944.0;6;16534.0;151:45:46;07:45:46;546346.0;7;63936.0;0.259;0.297;12.0;1.0;42.0;30.0;0.0
1881178_home;308685.8351999996;6403612.2498;1881178;141:27:22;21:27:22;509242.0;6;142:52:39;22:52:39;514359.0;6;5117.0;151:47:15;07:47:15;546435.0;7;37193.0;0.138;0.793;27.0;1.0;34.0;7.0;0.0
9505250_home;325378.6662999997;6401830.6;9505250;134:41:59;14:41:59;484919.0;6;136:45:49;16:45:49;492349.0;6;7430.0;151:47:50;07:47:50;546470.0;7;61551.0;0.121;0.768;40.0;1.0;52.0;12.0;0.0
2331122_home;320444.3711000001;6411240.955800001;2331122;136:36:49;16:36:49;491809.0;6;140:15:49;20:15:49;504949.0;6;13140.0;151:53:00;07:53:00;546780.0;7;54971.0;0.239;0.622;37.0;1.0;60.0;23.0;0.0
2068775_home;321433.2298999997;6398647.628900001;2068775;137:32:28;17:32:28;495148.0;6;145:45:54;01:45:54;524754.0;7;29606.0;151:54:27;07:54:27;546867.0;7;51719.0;0.572;0.254;19.0;1.0;75.0;56.0;0.0
public_1476162075;315698.9042999996;6392867.8893;7507349;139:36:43;19:36:43;502603.0;6;140:49:59;20:49:59;506999.0;6;4396.0;151:54:39;07:54:39;546879.0;7;44276.0;0.099;0.666;28.0;1.0;42.0;14.0;0.0
public_1475958761;316521.9101;6399959.2237;2082244;151:46:13;07:46:13;546373.0;7;151:57:40;07:57:40;547060.0;7;687.0;151:57:40;07:57:40;547060.0;7;687.0;1.0;0.559;19.0;0.683;23.0;4.0;0.0
4611990_home;315461.02410000004;6402186.3398;4611990;136:22:19;16:22:19;490939.0;6;137:31:34;17:31:34;495094.0;6;4155.0;151:59:06;07:59:06;547146.0;7;56207.0;0.074;0.848;29.0;1.0;34.0;5.0;0.0
7525984_home;327587.0580000002;6394607.9243;7525984;136:35:20;16:35:20;491720.0;6;141:25:34;21:25:34;509134.0;6;17414.0;152:03:48;08:03:48;547428.0;7;55708.0;0.313;0.477;29.0;1.0;60.0;31.0;0.0
2069951_home;322549.9741000002;6400998.543400001;2069951;134:12:07;14:12:07;483127.0;6;136:27:19;16:27:19;491239.0;6;8112.0;152:08:18;08:08:18;547698.0;7;64571.0;0.126;0.621;21.0;1.0;34.0;13.0;0.0
1920973_home;320313.3021999998;6399077.480699999;1920973;139:11:47;19:11:47;501107.0;6;140:32:39;20:32:39;505959.0;6;4852.0;152:11:51;08:11:51;547911.0;7;46804.0;0.104;0.879;46.0;1.0;52.0;6.0;0.0
4594067_home;319638.90670000017;6399257.296399999;4594067;142:16:32;22:16:32;512192.0;6;149:04:14;05:04:14;536654.0;7;24462.0;152:12:10;08:12:10;547930.0;7;35738.0;0.684;0.255;15.0;1.0;60.0;45.0;0.0
1895682_home;328217.8147999998;6403733.010299999;1895682;135:23:02;15:23:02;487382.0;6;138:32:39;18:32:39;498759.0;6;11377.0;152:17:21;08:17:21;548241.0;7;60859.0;0.187;0.435;15.0;1.0;34.0;19.0;0.0
4803676_home;330460.1924999999;6393214.366599999;4803676;138:14:59;18:14:59;497699.0;6;143:05:34;23:05:34;515134.0;6;17435.0;152:28:56;08:28:56;548936.0;7;51237.0;0.34;0.483;29.0;1.0;60.0;31.0;0.0
2324135_home;304522.91920000035;6400766.567399999;2324135;139:30:37;19:30:37;502237.0;6;141:56:34;21:56:34;510994.0;6;8757.0;152:35:03;08:35:03;549303.0;7;47066.0;0.186;0.584;20.0;1.0;34.0;14.0;0.0
7495572_home;324270.76180000044;6395263.6877;7495572;137:58:32;17:58:32;496712.0;6;139:20:14;19:20:14;501614.0;6;4902.0;152:37:54;08:37:54;549474.0;7;52762.0;0.093;0.836;35.0;1.0;42.0;7.0;0.0
5464758_home;323539.07299999986;6407164.673;5464758;137:39:57;17:39:57;495597.0;6;141:04:39;21:04:39;507879.0;6;12282.0;152:43:48;08:43:48;549828.0;7;54231.0;0.226;0.383;13.0;1.0;34.0;21.0;0.0
5908289_home;322608.2189999996;6401163.177100001;5908289;135:54:12;15:54:12;489252.0;6;138:54:54;18:54:54;500094.0;6;10842.0;152:46:42;08:46:42;550002.0;7;60750.0;0.178;0.655;34.0;1.0;52.0;18.0;0.0
public_1476421452;322454.14740000013;6401312.4966;1840473;150:54:13;06:54:13;543253.0;7;152:25:34;08:25:34;548734.0;7;5481.0;152:54:38;08:54:38;550478.0;7;7225.0;0.759;0.669;35.0;1.0;52.0;17.0;0.0
7525839_home;327656.03450000007;6395260.4025;7525839;136:43:45;16:43:45;492225.0;6;138:10:19;18:10:19;497419.0;6;5194.0;152:54:58;08:54:58;550498.0;7;58273.0;0.089;0.788;27.0;1.0;34.0;7.0;0.0
1932457_home;313090.03419999965;6394490.5755;1932457;139:09:15;19:09:15;500955.0;6;140:22:39;20:22:39;505359.0;6;4404.0;152:58:35;08:58:35;550715.0;7;49760.0;0.089;0.905;54.0;1.0;60.0;6.0;0.0
7313329_home;325145.2673000004;6405769.8518;7313329;141:45:52;21:45:52;510352.0;6;143:42:29;23:42:29;517349.0;6;6997.0;153:13:58;09:13:58;551638.0;7;41286.0;0.169;0.799;42.0;1.0;52.0;10.0;0.0
1942173_home;308007.142;6403093.046700001;1942173;138:57:23;18:57:23;500243.0;6;141:20:09;21:20:09;508809.0;6;8566.0;153:37:29;09:37:29;553049.0;7;52806.0;0.162;0.596;20.0;1.0;34.0;14.0;0.0
5905004_home;314937.7084999997;6401657.1055;5905004;131:23:38;11:23:38;473018.0;6;132:25:24;12:25:24;476724.0;6;3706.0;153:39:53;09:39:53;553193.0;7;80175.0;0.046;0.875;37.0;1.0;42.0;5.0;0.0
public_1476374593;322402.1481999997;6406517.1359;7361686;152:27:24;08:27:24;548844.0;7;153:17:44;09:17:44;551864.0;7;3020.0;153:44:00;09:44:00;553440.0;7;4596.0;0.657;0.825;28.0;1.0;34.0;6.0;0.0
7425822_home;317851.2757000001;6391935.5877;7425822;136:46:20;16:46:20;492380.0;6;138:29:34;18:29:34;498574.0;6;6194.0;153:49:24;09:49:24;553764.0;7;61384.0;0.101;0.829;43.0;1.0;52.0;9.0;0.0
4604173_home;316159.1687000003;6401411.4671;4604173;141:33:08;21:33:08;509588.0;6;143:12:34;23:12:34;515554.0;6;5966.0;153:49:58;09:49:58;553798.0;7;44210.0;0.135;0.786;33.0;1.0;42.0;9.0;0.0
public_1476187491;321710.3996000001;6400785.069;1895682;152:26:22;08:26:22;548782.0;7;153:04:49;09:04:49;551089.0;7;2307.0;153:55:15;09:55:15;554115.0;7;5333.0;0.433;0.953;32.0;1.0;34.0;2.0;0.0
9504313_home;329280.01439999975;6394520.080800001;9504313;132:37:58;12:37:58;477478.0;6;134:07:24;14:07:24;482844.0;6;5366.0;153:55:35;09:55:35;554135.0;7;76657.0;0.07;0.844;44.0;1.0;52.0;8.0;0.0
public_1476193693;315389.53479999956;6401325.5693;9512435;151:55:45;07:55:45;546945.0;7;153:03:29;09:03:29;551009.0;7;4064.0;153:59:23;09:59:23;554363.0;7;7418.0;0.548;0.721;30.0;1.0;42.0;12.0;0.0
7326174_home;320733.01400000043;6394516.990900001;7326174;153:39:28;09:39:28;553168.0;7;153:59:25;09:59:25;554365.0;7;1197.0;153:59:25;09:59:25;554365.0;7;1197.0;1.0;0.339;25.0;0.37;28.0;2.0;0.0
public_1476072830;321589.72470000014;6409896.659399999;7369432;137:39:17;17:39:17;495557.0;6;138:56:14;18:56:14;500174.0;6;4617.0;154:00:22;10:00:22;554422.0;7;58865.0;0.078;0.582;20.0;1.0;34.0;14.0;0.0
public_1476245895;319092.1699000001;6399086.5339;9505250;151:59:57;07:59:57;547197.0;7;152:40:09;08:40:09;549609.0;7;2412.0;154:01:44;10:01:44;554504.0;7;7307.0;0.33;0.964;50.0;1.0;52.0;2.0;0.0
1924025_home;323731.90020000003;6401066.988299999;1924025;140:17:01;20:17:01;505021.0;6;142:09:59;22:09:59;511799.0;6;6778.0;154:11:05;10:11:05;555065.0;7;50044.0;0.135;0.698;24.0;1.0;34.0;10.0;0.0
5915678_home;325568.4486999996;6393320.5677000005;5915678;142:35:30;22:35:30;513330.0;6;143:24:04;23:24:04;516244.0;6;2914.0;154:16:48;10:16:48;555408.0;7;42078.0;0.069;0.928;39.0;1.0;42.0;3.0;0.0
7360814_home;322312.5175000001;6400506.4120000005;7360814;134:46:10;14:46:10;485170.0;6;136:39:39;16:39:39;491979.0;6;6809.0;154:23:28;10:23:28;555808.0;7;70638.0;0.096;0.696;24.0;1.0;34.0;10.0;0.0
public_1476227930;329095.6671000002;6395098.0901999995;4680502;153:56:43;09:56:43;554203.0;7;154:25:57;10:25:57;555957.0;7;1754.0;154:25:57;10:25:57;555957.0;7;1754.0;1.0;0.476;25.0;0.682;35.0;11.0;0.0
7358855_home;320239.8976999996;6399686.457;7358855;138:12:49;18:12:49;497569.0;6;140:47:54;20:47:54;506874.0;6;9305.0;154:30:52;10:30:52;556252.0;7;58683.0;0.159;0.627;26.0;1.0;42.0;16.0;0.0
9542950_home;323804.05319999997;6411163.5701;9542950;137:47:27;17:47:27;496047.0;6;138:32:54;18:32:54;498774.0;6;2727.0;154:31:41;10:31:41;556301.0;7;60254.0;0.045;0.936;39.0;1.0;42.0;3.0;0.0
4643709_home;319372.3191999998;6399092.421700001;4643709;141:50:55;21:50:55;510655.0;6;143:08:44;23:08:44;515324.0;6;4669.0;154:32:34;10:32:34;556354.0;7;45699.0;0.102;0.819;28.0;1.0;34.0;6.0;0.0
2327157_home;311162.21499999985;6406476.887800001;2327157;153:27:20;09:27:20;552440.0;7;154:40:30;10:40:30;556830.0;7;4390.0;154:40:30;10:40:30;556830.0;7;4390.0;1.0;0.348;15.0;0.552;23.0;9.0;0.0
public_1475997659;320853.3044999996;6399715.852;8169511;152:38:55;08:38:55;549535.0;7;152:38:59;08:38:59;549539.0;7;4.0;154:41:35;10:41:35;556895.0;7;7360.0;0.001;1.0;75.0;1.0;75.0;0.0;112.617
public_1476308599;314906.05429999996;6395893.283399999;7411921;153:47:36;09:47:36;553656.0;7;154:45:15;10:45:15;557115.0;7;3459.0;154:45:15;10:45:15;557115.0;7;3459.0;1.0;0.29;17.0;0.643;39.0;21.0;0.0
public_1476017451;315555.0086000003;6400076.2311;2319425;153:46:20;09:46:20;553580.0;7;154:40:14;10:40:14;556814.0;7;3234.0;154:58:30;10:58:30;557910.0;7;4330.0;0.747;0.842;35.0;1.0;42.0;7.0;0.0
4785915_home;316257.8339999998;6402058.8179;4785915;154:38:30;10:38:30;556710.0;7;155:02:03;11:02:03;558123.0;7;1413.0;155:02:03;11:02:03;558123.0;7;1413.0;1.0;0.437;18.0;0.502;21.0;3.0;0.0
2031786_home;324238.9570000004;6406216.7477;2031786;139:09:27;19:09:27;500967.0;6;145:22:09;01:22:09;523329.0;7;22362.0;155:03:07;11:03:07;558187.0;7;57220.0;0.391;0.027;1.0;1.0;42.0;41.0;0.0
4680502_home;328173.13570000045;6395105.735300001;4680502;154:30:19;10:30:19;556219.0;7;155:04:07;11:04:07;558247.0;7;2028.0;155:04:07;11:04:07;558247.0;7;2028.0;1.0;0.682;35.0;0.758;39.0;4.0;0.0
7618090_home;308919.39020000026;6404346.7477;7618090;139:37:44;19:37:44;502664.0;6;144:42:14;00:42:14;520934.0;7;18270.0;155:11:04;11:11:04;558664.0;7;56000.0;0.326;0.551;41.0;1.0;75.0;34.0;0.0
public_1475958761;316521.9101;6399959.2237;9460773;154:07:26;10:07:26;554846.0;7;155:20:02;11:20:02;559202.0;7;4356.0;155:20:02;11:20:02;559202.0;7;4356.0;1.0;0.504;17.0;0.997;34.0;17.0;0.0
public_1475956613;316984.48330000043;6395061.7819;4923754;155:07:21;11:07:21;558441.0;7;155:22:27;11:22:27;559347.0;7;906.0;155:22:27;11:22:27;559347.0;7;906.0;1.0;0.391;13.0;0.554;19.0;6.0;0.0
public_1476300220;327756.2171;6403439.268200001;2059158;152:01:16;08:01:16;547276.0;7;152:54:49;08:54:49;550489.0;7;3213.0;155:23:41;11:23:41;559421.0;7;12145.0;0.265;0.927;48.0;1.0;52.0;4.0;0.0
public_1476146696;322888.63100000005;6400511.8628;7525839;153:07:05;09:07:05;551225.0;7;153:49:19;09:49:19;553759.0;7;2534.0;155:25:59;11:25:59;559559.0;7;8334.0;0.304;0.935;32.0;1.0;34.0;2.0;0.0
5908847_home;317089.2821000004;6400884.718599999;5908847;139:42:51;19:42:51;502971.0;6;141:36:49;21:36:49;509809.0;6;6838.0;155:30:14;11:30:14;559814.0;7;56843.0;0.12;0.693;24.0;1.0;34.0;10.0;0.0
7360814_home;322312.5175000001;6400506.4120000005;7360814;155:09:21;11:09:21;558561.0;7;155:35:54;11:35:54;560154.0;7;1593.0;155:35:54;11:35:54;560154.0;7;1593.0;1.0;0.959;33.0;0.997;34.0;1.0;0.0
1931224_home;315805.61230000015;6400721.7006;1931224;155:20:56;11:20:56;559256.0;7;155:40:49;11:40:49;560449.0;7;1193.0;155:40:49;11:40:49;560449.0;7;1193.0;1.0;0.584;25.0;0.641;27.0;2.0;0.0
public_1476384585;325991.0582999997;6405111.531199999;7525984;154:44:12;10:44:12;557052.0;7;155:38:09;11:38:09;560289.0;7;3237.0;155:45:02;11:45:02;560702.0;7;3650.0;0.887;0.9;54.0;1.0;60.0;6.0;0.0
public_1476144174;316845.91050000023;6401765.2707;5589188;155:11:30;11:11:30;558690.0;7;155:45:53;11:45:53;560753.0;7;2063.0;155:45:53;11:45:53;560753.0;7;2063.0;1.0;0.756;39.0;0.959;50.0;11.0;0.0
4660405_home;317117.0884999996;6393018.649900001;4660405;137:06:55;17:06:55;493615.0;6;138:04:54;18:04:54;497094.0;6;3479.0;155:58:32;11:58:32;561512.0;7;67897.0;0.051;0.935;56.0;1.0;60.0;4.0;0.0
public_1476137267;328729.4315999998;6401953.777799999;1967726;155:03:49;11:03:49;558229.0;7;156:03:34;12:03:34;561814.0;7;3585.0;156:12:47;12:12:47;562367.0;7;4138.0;0.866;0.79;33.0;1.0;42.0;9.0;0.0
public_1476127570;318225.9935999997;6399292.052100001;9512435;154:07:30;10:07:30;554850.0;7;154:44:54;10:44:54;557094.0;7;2244.0;156:14:21;12:14:21;562461.0;7;7611.0;0.295;0.957;40.0;1.0;42.0;2.0;0.0
7620113_home;317162.52639999986;6406631.7083;7620113;155:59:41;11:59:41;561581.0;7;156:17:23;12:17:23;562643.0;7;1062.0;156:17:23;12:17:23;562643.0;7;1062.0;1.0;0.768;46.0;0.802;48.0;2.0;0.0
5893756_home;327256.14719999954;6403705.906400001;5893756;155:50:24;11:50:24;561024.0;7;156:37:40;12:37:40;563860.0;7;2836.0;156:37:40;12:37:40;563860.0;7;2836.0;1.0;0.27;9.0;0.432;15.0;6.0;0.0
2074029_home;319682.91050000023;6403198.719900001;2074029;156:02:17;12:02:17;561737.0;7;156:45:17;12:45:17;564317.0;7;2580.0;156:45:17;12:45:17;564317.0;7;2580.0;1.0;0.311;23.0;0.378;28.0;5.0;0.0
4694999_home;322591.1849999996;6401580.606799999;4694999;155:21:01;11:21:01;559261.0;7;156:47:10;12:47:10;564430.0;7;5169.0;156:47:10;12:47:10;564430.0;7;5169.0;1.0;0.243;10.0;0.483;20.0;10.0;0.0
9431588_home;325670.26719999965;6401949.025599999;9431588;145:06:55;01:06:55;522415.0;7;145:43:49;01:43:49;524629.0;7;2214.0;156:52:53;12:52:53;564773.0;7;42358.0;0.052;0.959;33.0;1.0;34.0;1.0;0.0
9543495_home;322642.1906000003;6406953.554199999;9543495;143:45:31;23:45:31;517531.0;6;146:09:44;02:09:44;526184.0;7;8653.0;156:56:42;12:56:42;565002.0;7;47471.0;0.182;0.737;38.0;1.0;52.0;14.0;0.0
public_1475983670;318252.84130000044;6401341.805400001;2067447;156:31:55;12:31:55;563515.0;7;157:10:13;13:10:13;565813.0;7;2298.0;157:10:13;13:10:13;565813.0;7;2298.0;1.0;0.625;38.0;0.859;52.0;14.0;0.0
4920357_home;308426.4475999996;6390683.909600001;4920357;156:54:00;12:54:00;564840.0;7;157:12:46;13:12:46;565966.0;7;1126.0;157:12:46;13:12:46;565966.0;7;1126.0;1.0;0.707;24.0;0.771;26.0;2.0;0.0
public_1476096263;323314.0538999997;6401972.4893;7457545;139:22:19;19:22:19;501739.0;6;140:24:49;20:24:49;505489.0;6;3750.0;157:15:05;13:15:05;566105.0;7;64366.0;0.058;0.876;53.0;1.0;60.0;7.0;0.0
public_1476322695;321855.84339999966;6395459.395;4709255;156:51:53;12:51:53;564713.0;7;157:16:51;13:16:51;566211.0;7;1498.0;157:16:51;13:16:51;566211.0;7;1498.0;1.0;0.375;22.0;0.528;32.0;9.0;0.0
4857149_home;330254.95600000024;6390511.383199999;4857149;135:05:19;15:05:19;486319.0;6;137:58:44;17:58:44;496724.0;6;10405.0;157:17:34;13:17:34;566254.0;7;79935.0;0.13;0.671;35.0;1.0;52.0;17.0;0.0
public_1476362439;323556.1021999996;6406309.4278;9543495;157:18:08;13:18:08;566288.0;7;157:23:44;13:23:44;566624.0;7;336.0;157:23:44;13:23:44;566624.0;7;336.0;1.0;0.945;49.0;0.962;50.0;1.0;0.0
public_1476245895;319092.1699000001;6399086.5339;7358660;157:23:17;13:23:17;566597.0;7;157:40:28;13:40:28;567628.0;7;1031.0;157:40:28;13:40:28;567628.0;7;1031.0;1.0;0.416;17.0;0.565;24.0;6.0;0.0
public_1476129700;315136.35780000035;6403347.9793;1940658;156:40:19;12:40:19;564019.0;7;157:33:39;13:33:39;567219.0;7;3200.0;157:46:30;13:46:30;567990.0;7;3971.0;0.806;0.837;28.0;1.0;34.0;6.0;0.0
public_1476034079;322703.7105999999;6401769.2029;7457545;157:16:36;13:16:36;566196.0;7;157:16:39;13:16:39;566199.0;7;3.0;157:52:49;13:52:49;568369.0;7;2173.0;0.001;1.0;60.0;1.0;60.0;0.0;311.795
5888321_home;319228.80869999994;6402470.039100001;5888321;157:45:31;13:45:31;567931.0;7;158:00:57;14:00:57;568857.0;7;926.0;158:00:57;14:00:57;568857.0;7;926.0;1.0;0.286;10.0;0.34;12.0;2.0;0.0
public_1475972656;318097.7993999999;6402261.8981;2069951;152:18:16;08:18:16;548296.0;7;152:54:14;08:54:14;550454.0;7;2158.0;158:03:41;14:03:41;569021.0;7;20725.0;0.104;0.962;33.0;1.0;34.0;1.0;0.0
1968155_work;326860.3532999996;6395579.339400001;1968155;152:40:10;08:40:10;549610.0;7;156:04:34;12:04:34;561874.0;7;12264.0;158:04:06;14:04:06;569046.0;7;19436.0;0.631;0.017;1.0;1.0;34.0;33.0;0.0
public_1476421452;322454.14740000013;6401312.4966;7286338;156:35:50;12:35:50;563750.0;7;158:15:02;14:15:02;569702.0;7;5952.0;158:15:02;14:15:02;569702.0;7;5952.0;1.0;0.357;15.0;0.999;42.0;27.0;0.0
9543495_home;322642.1906000003;6406953.554199999;9543495;158:09:58;14:09:58;569398.0;7;158:23:36;14:23:36;570216.0;7;818.0;158:23:36;14:23:36;570216.0;7;818.0;1.0;0.876;46.0;0.906;47.0;2.0;0.0
7618090_home;308919.39020000026;6404346.7477;7618090;157:46:00;13:46:00;567960.0;7;158:33:15;14:33:15;570795.0;7;2835.0;158:33:15;14:33:15;570795.0;7;2835.0;1.0;0.95;71.0;1.0;75.0;4.0;0.0
2071723_work;326155.15299999993;6402798.233999999;2071723;154:08:21;10:08:21;554901.0;7;155:54:09;11:54:09;561249.0;7;6348.0;158:36:10;14:36:10;570970.0;7;16069.0;0.395;0.773;46.0;1.0;60.0;14.0;0.0
public_1476203079;321534.5303999996;6394544.737;4642351;152:05:59;08:05:59;547559.0;7;153:01:49;09:01:49;550909.0;7;3350.0;158:42:44;14:42:44;571364.0;7;23805.0;0.141;0.868;65.0;1.0;75.0;10.0;0.0
4575456_work;328132.5387000004;6393262.543299999;4575456;152:46:51;08:46:51;550011.0;7;154:26:49;10:26:49;556009.0;7;5998.0;158:45:03;14:45:03;571503.0;7;21492.0;0.279;0.777;47.0;1.0;60.0;13.0;0.0
1925819_home;324546.00239999965;6403148.6559999995;1925819;136:30:15;16:30:15;491415.0;6;137:08:29;17:08:29;493709.0;6;2294.0;158:54:04;14:54:04;572044.0;7;80629.0;0.028;0.974;51.0;1.0;52.0;1.0;0.0
public_1476280827;324500.9771999996;6405829.903100001;7457545;158:39:35;14:39:35;571175.0;7;158:39:39;14:39:39;571179.0;7;4.0;159:08:16;15:08:16;572896.0;7;1721.0;0.002;1.0;60.0;1.0;60.0;0.0;297.626
7494705_home;320964.8729999997;6395272.369100001;7494705;157:29:17;13:29:17;566957.0;7;159:08:38;15:08:38;572918.0;7;5961.0;159:08:38;15:08:38;572918.0;7;5961.0;1.0;0.196;10.0;0.419;22.0;12.0;0.0
public_1476411636;322906.96690000035;6404263.4789;3262427;156:02:44;12:02:44;561764.0;7;157:50:34;13:50:34;568234.0;7;6470.0;159:14:12;15:14:12;573252.0;7;11488.0;0.563;0.37;16.0;1.0;42.0;26.0;0.0
2327157_home;311162.21499999985;6406476.887800001;2327157;158:04:28;14:04:28;569068.0;7;159:14:35;15:14:35;573275.0;7;4207.0;159:14:35;15:14:35;573275.0;7;4207.0;1.0;0.347;15.0;0.542;23.0;8.0;0.0
1932498_work;318549.8044999996;6394269.0715;1932498;151:21:48;07:21:48;544908.0;7;152:24:34;08:24:34;548674.0;7;3766.0;159:19:35;15:19:35;573575.0;7;28667.0;0.131;0.824;28.0;1.0;34.0;6.0;0.0
7358660_home;318772.68200000003;6399748.147600001;7358660;158:17:09;14:17:09;569829.0;7;159:26:54;15:26:54;574014.0;7;4185.0;159:26:54;15:26:54;574014.0;7;4185.0;1.0;0.418;18.0;0.618;26.0;8.0;0.0
1968103_home;326779.6174999997;6397245.079700001;1968103;158:49:39;14:49:39;571779.0;7;159:32:52;15:32:52;574372.0;7;2593.0;159:32:52;15:32:52;574372.0;7;2593.0;1.0;0.376;20.0;0.473;25.0;5.0;0.0
7305559_home;320905.53830000013;6400550.3245;7305559;157:30:07;13:30:07;567007.0;7;158:35:49;14:35:49;570949.0;7;3942.0;159:37:28;15:37:28;574648.0;7;7641.0;0.516;0.86;29.0;1.0;34.0;5.0;0.0
public_1476383373;312054.31790000014;6407238.7916;9669919;159:36:37;15:36:37;574597.0;7;159:46:05;15:46:05;575165.0;7;568.0;159:46:05;15:46:05;575165.0;7;568.0;1.0;0.616;26.0;0.699;29.0;3.0;0.0
public_1476404680;314799.7916000001;6395311.110099999;1871098;151:36:02;07:36:02;545762.0;7;152:39:59;08:39:59;549599.0;7;3837.0;159:53:35;15:53:35;575615.0;7;29853.0;0.129;0.73;31.0;1.0;42.0;11.0;0.0
7358855_home;320239.8976999996;6399686.457;7358855;158:51:29;14:51:29;571889.0;7;159:49:39;15:49:39;575379.0;7;3490.0;159:55:52;15:55:52;575752.0;7;3863.0;0.903;0.887;37.0;1.0;42.0;5.0;0.0
public_1476056498;316250.28330000024;6391748.006200001;2077613;159:45:10;15:45:10;575110.0;7;159:56:33;15:56:33;575793.0;7;683.0;159:56:33;15:56:33;575793.0;7;683.0;1.0;0.672;28.0;0.771;32.0;4.0;0.0
1949229_home;323019.3764000004;6393576.3303;1949229;159:26:13;15:26:13;573973.0;7;160:01:08;16:01:08;576068.0;7;2095.0;160:01:08;16:01:08;576068.0;7;2095.0;1.0;0.388;20.0;0.466;24.0;4.0;0.0
5589449_home;308092.21970000025;6400999.085899999;5589449;159:13:49;15:13:49;573229.0;7;160:03:50;16:03:50;576230.0;7;3001.0;160:03:50;16:03:50;576230.0;7;3001.0;1.0;0.709;30.0;0.849;36.0;6.0;0.0
public_1475967198;320568.9325000001;6398391.546499999;4663510;159:44:21;15:44:21;575061.0;7;160:04:24;16:04:24;576264.0;7;1203.0;160:04:24;16:04:24;576264.0;7;1203.0;1.0;0.499;17.0;0.714;24.0;7.0;0.0
9404694_home;318407.1349999998;6399334.523;9404694;160:02:00;16:02:00;576120.0;7;160:10:46;16:10:46;576646.0;7;526.0;160:10:46;16:10:46;576646.0;7;526.0;1.0;0.477;29.0;0.494;30.0;1.0;0.0
2323108_work;315053.57359999977;6401555.9285;2323108;152:08:47;08:08:47;547727.0;7;153:25:24;09:25:24;552324.0;7;4597.0;160:16:08;16:16:08;576968.0;7;29241.0;0.157;0.786;33.0;1.0;42.0;9.0;0.0
public_1476422810;319626.9243999999;6402880.804300001;5908847;158:46:43;14:46:43;571603.0;7;159:18:54;15:18:54;573534.0;7;1931.0;160:18:34;16:18:34;577114.0;7;5511.0;0.35;0.973;33.0;1.0;34.0;1.0;0.0
2068881_work;320460.00490000006;6405203.4964000005;2068881;151:40:46;07:40:46;546046.0;7;154:13:54;10:13:54;555234.0;7;9188.0;160:29:06;16:29:06;577746.0;7;31700.0;0.29;0.452;19.0;1.0;42.0;23.0;0.0
public_1476104029;316423.3071999997;6396608.2852;7491719;137:29:23;17:29:23;494963.0;6;139:34:54;19:34:54;502494.0;6;7531.0;160:34:03;16:34:03;578043.0;7;83080.0;0.091;0.216;9.0;1.0;42.0;33.0;0.0
2076082_home;314456.5769999996;6394118.773;2076082;160:26:24;16:26:24;577584.0;7;160:34:58;16:34:58;578098.0;7;514.0;160:34:58;16:34:58;578098.0;7;514.0;1.0;0.815;49.0;0.831;50.0;1.0;0.0
2330931_home;320166.88939999975;6411095.9070999995;2330931;159:38:13;15:38:13;574693.0;7;160:37:48;16:37:48;578268.0;7;3575.0;160:37:48;16:37:48;578268.0;7;3575.0;1.0;0.749;25.0;0.953;32.0;7.0;0.0
10006014_work;321972.1693000002;6403845.829;10006014;151:53:23;07:53:23;546803.0;7;154:55:29;10:55:29;557729.0;7;10926.0;160:39:18;16:39:18;578358.0;7;31555.0;0.346;0.3;13.0;1.0;42.0;29.0;0.0
2209674_home;322963.81379999965;6392997.7839;2209674;159:11:39;15:11:39;573099.0;7;160:14:34;16:14:34;576874.0;7;3775.0;160:40:42;16:40:42;578442.0;7;5343.0;0.707;0.927;70.0;1.0;75.0;5.0;0.0
public_1476345848;322376.5630999999;6400563.159399999;1996282;160:26:00;16:26:00;577560.0;7;160:43:37;16:43:37;578617.0;7;1057.0;160:43:37;16:43:37;578617.0;7;1057.0;1.0;0.385;20.0;0.509;26.0;6.0;0.0
4575466_home;329144.2980000004;6393966.4366;4575466;159:16:46;15:16:46;573406.0;7;160:48:04;16:48:04;578884.0;7;5478.0;160:48:04;16:48:04;578884.0;7;5478.0;1.0;0.339;14.0;0.592;25.0;11.0;0.0
1881178_work;312895.82189999986;6403089.975400001;1881178;151:57:50;07:57:50;547070.0;7;152:33:34;08:33:34;549214.0;7;2144.0;160:52:50;16:52:50;579170.0;7;32100.0;0.067;0.963;33.0;1.0;34.0;1.0;0.0
4740650_home;316448.00519999955;6394950.763599999;4740650;159:55:30;15:55:30;575730.0;7;160:54:08;16:54:08;579248.0;7;3518.0;160:54:08;16:54:08;579248.0;7;3518.0;1.0;0.472;35.0;0.565;42.0;7.0;0.0
7494733_home;320931.8605000004;6395287.4657000005;7494733;160:44:15;16:44:15;578655.0;7;161:09:38;17:09:38;580178.0;7;1523.0;161:09:38;17:09:38;580178.0;7;1523.0;1.0;0.237;14.0;0.287;17.0;3.0;0.0
3262427_home;318453.77990000043;6409916.0055;3262427;159:36:21;15:36:21;574581.0;7;160:36:34;16:36:34;578194.0;7;3613.0;161:12:35;17:12:35;580355.0;7;5774.0;0.626;0.895;38.0;1.0;42.0;4.0;0.0
7298193_home;317584.4939000001;6399003.723999999;7298193;161:20:04;17:20:04;580804.0;7;161:25:18;17:25:18;581118.0;7;314.0;161:25:18;17:25:18;581118.0;7;314.0;1.0;0.38;20.0;0.392;20.0;1.0;0.0
9414251_home;315261.97449999955;6399955.591;9414251;159:14:43;15:14:43;573283.0;7;160:24:24;16:24:24;577464.0;7;4181.0;161:29:20;17:29:20;581360.0;7;8077.0;0.518;0.869;36.0;1.0;42.0;6.0;0.0
public_1476077143;312722.4956;6402428.275699999;9416099;159:10:21;15:10:21;573021.0;7;160:45:34;16:45:34;578734.0;7;5713.0;161:55:58;17:55:58;582958.0;7;9937.0;0.575;0.481;20.0;1.0;42.0;22.0;0.0
public_1476304420;318816.81149999984;6399642.367000001;4803676;158:59:13;14:59:13;572353.0;7;159:59:04;15:59:04;575944.0;7;3591.0;161:57:17;17:57:17;583037.0;7;10684.0;0.336;0.892;54.0;1.0;60.0;6.0;0.0
7363045_home;323731.90020000003;6401066.988299999;7363045;161:19:54;17:19:54;580794.0;7;162:00:23;18:00:23;583223.0;7;2429.0;162:00:23;18:00:23;583223.0;7;2429.0;1.0;0.317;19.0;0.395;24.0;5.0;0.0
4721760_home;325130.3071999997;6401538.375;4721760;161:39:43;17:39:43;581983.0;7;162:06:16;18:06:16;583576.0;7;1593.0;162:06:16;18:06:16;583576.0;7;1593.0;1.0;0.508;26.0;0.568;30.0;3.0;0.0
2017265_home;329939.13379999995;6399812.3024;2017265;161:46:27;17:46:27;582387.0;7;162:18:25;18:18:25;584305.0;7;1918.0;162:18:25;18:18:25;584305.0;7;1918.0;1.0;0.794;60.0;0.844;63.0;4.0;0.0
public_1476367203;317475.3247999996;6401812.807399999;2323108;160:20:38;16:20:38;577238.0;7;160:49:34;16:49:34;578974.0;7;1736.0;162:23:01;18:23:01;584581.0;7;7343.0;0.236;0.98;41.0;1.0;42.0;1.0;0.0
2016161_work;317084.233;6392879.1438;2016161;152:00:58;08:00:58;547258.0;7;152:51:19;08:51:19;550279.0;7;3021.0;162:24:54;18:24:54;584694.0;7;37436.0;0.081;0.873;30.0;1.0;34.0;4.0;0.0
public_1476162075;315698.9042999996;6392867.8893;7507349;160:44:37;16:44:37;578677.0;7;161:31:14;17:31:14;581474.0;7;2797.0;162:38:33;18:38:33;585513.0;7;6836.0;0.409;0.877;37.0;1.0;42.0;5.0;0.0
2329272_home;320684.4760999996;6410192.153100001;2329272;162:06:13;18:06:13;583573.0;7;162:38:53;18:38:53;585533.0;7;1960.0;162:38:53;18:38:53;585533.0;7;1960.0;1.0;0.366;15.0;0.457;19.0;4.0;0.0
public_1476257012;317984.39520000014;6400620.455499999;2002326;151:51:46;07:51:46;546706.0;7;152:47:49;08:47:49;550069.0;7;3363.0;162:45:57;18:45:57;585957.0;7;39251.0;0.086;0.799;34.0;1.0;42.0;8.0;0.0
public_1476355162;320332.9748999998;6404429.1285999995;2329272;162:45:36;18:45:36;585936.0;7;163:01:02;19:01:02;586862.0;7;926.0;163:01:02;19:01:02;586862.0;7;926.0;1.0;0.419;18.0;0.553;23.0;6.0;0.0
1881745_home;315321.6506000003;6401958.957699999;1881745;161:09:05;17:09:05;580145.0;7;161:48:59;17:48:59;582539.0;7;2394.0;163:03:41;19:03:41;587021.0;7;6876.0;0.348;0.949;32.0;1.0;34.0;2.0;0.0
public_1476231226;306379.34580000024;6400787.7962;9672036;162:53:01;18:53:01;586381.0;7;163:17:08;19:17:08;587828.0;7;1447.0;163:17:08;19:17:08;587828.0;7;1447.0;1.0;0.599;45.0;0.717;54.0;9.0;0.0
public_1476359936;316982.40500000026;6404771.351;2093943;162:22:51;18:22:51;584571.0;7;163:18:33;19:18:33;587913.0;7;3342.0;163:18:33;19:18:33;587913.0;7;3342.0;1.0;0.628;21.0;0.994;34.0;12.0;0.0
2334915_home;316589.86089999974;6405562.8543;2334915;162:27:53;18:27:53;584873.0;7;163:29:52;19:29:52;588592.0;7;3719.0;163:29:52;19:29:52;588592.0;7;3719.0;1.0;0.219;16.0;0.316;24.0;7.0;0.0
public_1476022330;317405.69820000045;6403747.876599999;1881178;164:02:54;20:02:54;590574.0;7;164:14:11;20:14:11;591251.0;7;677.0;164:14:11;20:14:11;591251.0;7;677.0;1.0;0.89;30.0;0.958;33.0;2.0;0.0
2325706_home;309005.8250000002;6404601.293500001;2325706;163:22:26;19:22:26;588146.0;7;164:29:15;20:29:15;592155.0;7;4009.0;164:29:15;20:29:15;592155.0;7;4009.0;1.0;0.309;13.0;0.496;21.0;8.0;0.0
public_1476123728;307134.4006000003;6402243.534399999;3262427;161:30:17;17:30:17;581417.0;7;162:16:09;18:16:09;584169.0;7;2752.0;164:40:58;20:40:58;592858.0;7;11441.0;0.241;0.91;38.0;1.0;42.0;4.0;0.0
public_1475986653;314437.4013;6397296.207699999;2325706;164:47:10;20:47:10;593230.0;7;164:56:10;20:56:10;593770.0;7;540.0;164:56:10;20:56:10;593770.0;7;540.0;1.0;0.406;17.0;0.485;20.0;3.0;0.0
