time	7368354	9460181	4680502	9430738	4575456	2067447	5908847	1968395	7326427	2017219
00:05	45.2	59.7	37.2	40.0	36.6	46.1	21.5	45.9	28.7	28.9
00:10	45.2	59.7	37.2	40.0	36.6	46.1	21.5	45.9	28.7	28.9
00:15	45.2	59.7	37.2	40.0	36.6	46.1	21.5	45.9	28.7	28.9
00:20	45.2	59.7	37.2	40.0	36.6	46.1	21.5	45.9	28.7	28.9
00:25	45.2	59.7	37.2	40.0	36.6	46.1	21.5	45.9	28.7	28.9
00:30	45.2	59.7	37.2	40.0	36.6	46.1	21.5	45.9	28.7	28.9
00:35	45.2	59.7	37.2	40.0	36.6	46.1	21.5	45.9	28.7	28.9
00:40	45.2	59.7	37.2	40.0	36.6	46.1	21.5	45.9	28.7	28.9
00:45	45.2	59.7	37.2	40.0	36.6	46.1	21.5	45.9	28.7	28.9
00:50	45.2	59.7	37.2	40.0	36.6	46.1	21.5	45.9	28.7	28.9
00:55	45.2	59.7	37.2	40.0	36.6	46.1	21.5	45.9	28.7	28.9
01:00	45.2	59.7	37.2	40.0	36.6	46.1	21.5	45.9	28.7	28.9
01:05	45.2	59.7	37.2	40.0	36.6	46.1	21.5	45.9	28.7	28.9
01:10	45.2	59.7	37.2	40.0	36.6	46.1	21.5	45.9	28.7	28.9
01:15	45.2	59.7	37.2	40.0	36.6	46.1	21.5	45.9	28.7	28.9
01:20	45.2	59.7	37.2	40.0	36.6	46.1	21.5	45.9	28.7	28.9
01:25	45.2	59.7	37.2	40.0	36.6	46.1	21.5	45.9	28.7	28.9
01:30	45.2	59.7	37.2	40.0	36.6	46.1	21.5	45.9	28.7	28.9
01:35	45.2	59.7	37.2	40.0	36.6	46.1	21.5	45.9	28.7	28.9
01:40	45.2	59.7	37.2	40.0	36.6	46.1	21.5	45.9	28.7	28.9
01:45	45.2	59.7	37.2	40.0	36.6	46.1	21.5	45.9	28.7	28.9
01:50	45.2	59.7	37.2	40.0	36.6	46.1	21.5	45.9	28.7	28.9
01:55	45.2	59.7	37.2	40.0	36.6	46.1	21.5	45.9	28.7	28.9
02:00	45.2	59.7	37.2	40.0	36.6	46.1	21.5	45.9	28.7	28.9
02:05	45.2	59.7	37.2	40.0	36.6	46.1	21.5	45.9	28.7	28.9
02:10	45.2	59.7	37.2	40.0	36.6	46.1	21.5	45.9	28.7	28.9
02:15	45.2	59.7	37.2	40.0	36.6	46.1	21.5	45.9	28.7	28.9
02:20	45.2	59.7	37.2	40.0	36.6	46.1	21.5	45.9	28.7	28.9
02:25	45.2	59.7	37.2	40.0	36.6	46.1	21.5	45.9	28.7	28.9
02:30	45.2	59.7	37.2	40.0	36.6	46.1	21.5	45.9	28.7	28.9
02:35	45.2	59.7	37.2	40.0	36.6	46.1	21.5	45.9	28.7	28.9
02:40	45.2	59.7	37.2	40.0	36.6	46.1	21.5	45.9	28.7	28.9
02:45	45.2	59.7	37.2	40.0	36.6	46.1	21.5	45.9	28.7	28.9
02:50	45.2	59.7	37.2	40.0	36.6	46.1	21.5	45.9	28.7	28.9
02:55	45.2	59.7	37.2	40.0	36.6	46.1	21.5	45.9	28.7	28.9
03:00	45.2	59.7	37.2	40.0	36.6	46.1	21.5	45.9	28.7	28.9
03:05	45.2	59.7	37.2	40.0	36.6	46.1	21.5	45.9	28.7	28.9
03:10	45.2	59.7	37.2	40.0	36.6	46.1	21.5	45.9	28.7	28.9
03:15	45.2	59.7	37.2	40.0	36.6	46.1	21.5	45.9	28.7	28.9
03:20	45.2	59.7	37.2	40.0	36.6	46.1	21.5	45.9	28.7	28.9
03:25	45.2	59.7	37.2	40.0	36.6	46.1	21.5	45.9	28.7	28.9
03:30	45.2	59.7	37.2	40.0	36.6	46.1	21.5	45.9	28.7	28.9
03:35	45.2	59.7	37.2	40.0	36.6	46.1	21.5	45.9	28.7	28.9
03:40	45.2	59.7	37.2	40.0	36.6	46.1	21.5	45.9	28.7	28.9
03:45	45.2	59.7	37.2	40.0	36.6	46.1	21.5	45.9	28.7	28.9
03:50	45.2	59.7	37.2	40.0	36.6	46.1	21.5	45.9	28.7	28.9
03:55	45.2	59.7	37.2	40.0	36.6	46.1	21.5	45.9	28.7	28.9
04:00	45.2	59.7	37.2	40.0	36.6	46.1	21.5	45.9	28.7	28.9
04:05	45.2	59.70005956666668	37.20005956666669	40.000059566666685	36.6	46.10005956666668	21.500059566666682	45.9	28.70005956666668	28.900059566666684
04:10	45.2	59.70011913333337	37.20011913333337	40.000119133333364	36.6	46.100119133333365	21.500119133333364	45.9	28.700119133333367	28.900119133333366
04:15	45.2	59.700178700000045	37.20017870000005	40.00017870000005	36.6	46.10017870000005	21.50017870000005	45.9	28.70017870000005	28.900178700000048
04:20	45.2	59.70023826666673	37.20023826666674	40.00023826666673	36.6	46.10023826666673	21.50023826666673	45.9	28.70023826666673	28.90023826666673
04:25	45.2	59.700297833333416	37.200297833333416	40.00029783333341	36.6	46.100297833333414	21.500297833333413	45.9	28.700297833333412	28.90029783333341
04:30	45.2	59.700357400000094	37.2003574000001	40.0003574000001	36.6	46.10035740000009	21.500357400000095	45.9	28.700357400000094	28.900357400000097
04:35	45.2	59.70041696666678	37.20041696666678	40.000416966666776	36.6	46.10041696666678	21.500416966666776	45.9	28.70041696666678	28.90041696666678
04:40	45.2	59.70047653333346	37.200476533333465	40.00047653333346	36.6	46.10047653333346	21.50047653333346	45.9	28.70047653333346	28.90047653333346
04:45	45.2	59.70053610000014	37.20053610000015	40.00053610000014	36.6	46.10053610000014	21.500536100000144	45.9	28.700536100000143	28.900536100000142
04:50	45.2	59.70059566666683	37.20059566666683	40.000595666666825	36.6	46.10059566666683	21.500595666666825	45.9	28.700595666666825	28.900595666666824
04:55	45.2	59.70065523333351	37.200655233333514	40.00065523333351	36.6	46.100655233333505	21.500655233333507	45.9	28.700655233333507	28.90065523333351
05:00	45.2	59.70071480000019	37.20071480000019	40.00071480000019	36.6	46.10071480000019	21.50071480000019	45.9	28.700714800000192	28.90071480000019
05:05	45.2	59.70166856666654	37.20166856666655	40.001668566666545	36.6	46.10166856666655	21.501668566666545	45.9	28.701668566666545	28.901668566666544
05:10	45.2	59.7026223333329	37.2026223333329	40.002622333332894	36.6	46.102622333332896	21.502622333332898	45.9	28.702622333332897	28.902622333332896
05:15	45.2	59.703576099999246	37.20357609999925	40.00357609999925	36.6	46.10357609999925	21.50357609999925	45.9	28.70357609999925	28.90357609999925
05:20	45.2	59.7045298666656	37.2045298666656	40.0045298666656	36.6	46.1045298666656	21.504529866665603	45.9	28.704529866665602	28.9045298666656
05:25	45.2	59.70548363333195	37.20548363333196	40.005483633331956	36.6	46.10548363333196	21.505483633331956	45.9	28.705483633331955	28.905483633331954
05:30	45.2	59.70643739999831	37.206437399998315	40.006437399998305	36.6	46.106437399998306	21.50643739999831	45.9	28.706437399998308	28.906437399998307
05:35	45.2	59.70739116666466	37.207391166664664	40.00739116666466	36.6	46.10739116666466	21.50739116666466	45.9	28.70739116666466	28.90739116666466
05:40	45.2	59.70834493333101	37.20834493333102	40.00834493333101	36.6	46.10834493333101	21.508344933331013	45.9	28.708344933331013	28.908344933331012
05:45	45.2	59.70929869999737	37.20929869999737	40.009298699997366	36.6	46.10929869999737	21.509298699997366	45.9	28.709298699997365	28.909298699997365
05:50	45.2	59.71025246666372	37.210252466663725	40.010252466663715	36.6	46.11025246666372	21.51025246666372	45.9	28.710252466663718	28.910252466663717
05:55	45.2	59.711206233330074	37.211206233330074	40.01120623333007	36.6	46.11120623333007	21.51120623333007	45.9	28.71120623333007	28.91120623333007
06:00	45.2	59.71215999999642	37.21215999999643	40.01215999999642	36.6	46.11215999999642	21.512159999996424	45.9	28.712159999996423	28.912159999996422
06:05	45.2	59.715077033331	37.215077033329756	40.015077033330996	36.6	46.115077033331	21.515077033329757	45.9	28.715077033329756	28.915077033329755
06:10	45.2	59.71799406666557	37.21799406666309	40.01799406666557	36.6	46.11799406666557	21.517994066663086	45.9	28.717994066663085	28.917994066663088
06:15	45.2	59.720911100000144	37.22091109999642	40.02091110000014	36.6	46.12091110000014	21.520911099996418	45.9	28.720911099996417	28.920911099996417
06:20	45.2	59.72382813333471	37.223828133329754	40.02382813333472	36.6	46.12382813333472	21.52382813332975	45.9	28.72382813332975	28.92382813332975
06:25	45.2	59.72674516666929	37.226745166663086	40.026745166669286	36.6	46.12674516666929	21.52674516666308	45.9	28.72674516666308	28.926745166663082
06:30	45.2	59.729662200003865	37.22966219999642	40.02966220000386	36.6	46.129662200003864	21.529662199996412	45.9	28.72966219999641	28.92966219999641
06:35	45.2	59.732579233338434	37.232579233329744	40.03257923333844	36.6	46.13257923333843	21.53257923332974	45.9	28.732579233329744	28.932579233329744
06:40	45.2	59.73549626667301	37.23549626666308	40.03549626667301	36.6	46.13549626667301	21.535496266663074	45.9	28.735496266663073	28.935496266663076
06:45	45.2	59.73841330000758	37.23841329999641	40.03841330000758	36.6	46.138413300007585	21.538413299996407	45.9	28.738413299996406	28.938413299996405
06:50	45.2	59.741330333342155	37.24133033332974	40.04133033334215	36.6	46.141330333342154	21.541330333329736	45.9	28.74133033332974	28.941330333329738
06:55	45.2	59.74424736667673	37.244247366663075	40.04424736667673	36.6	46.14424736667673	21.54424736666307	45.9	28.744247366663068	28.944247366663067
07:00	45.2	59.7471644000113	37.24716439999641	40.047164400011305	36.6	46.1471644000113	21.5471643999964	45.9	28.7471643999964	28.9471643999964
07:05	45.2	59.752810200010735	37.25281019999584	40.05281020001074	36.07082991518961	46.152810200010734	21.552810199995836	45.9	28.752810199995835	28.952810199995834
07:10	45.2	59.75845600001017	37.25845599999528	40.058456000010175	34.95934966885421	46.158456000010176	21.55845599999527	45.9	28.75845599999527	28.958455999995273
07:15	45.2	59.764101800009605	37.26410179999471	40.06410180000961	34.0237642685841	46.16410180000961	21.564101799994706	45.9	28.76410179999471	28.964101799994708
07:20	45.2	59.76974760000905	37.26974759999415	40.069747600009045	33.27134091039252	46.169747600009046	21.569747599994145	45.9	28.769747599994144	28.969747599994143
07:25	45.2	59.77539340000848	37.27539339999358	40.07539340000848	33.17401746088094	46.17539340000848	21.57539339999358	45.9	28.77539339999358	28.975393399993578
07:30	45.2	59.78103920000792	37.28103919999302	40.081039200007915	33.179663260880375	46.181039200007916	21.581039199993015	45.9	28.781039199993014	28.981039199993013
07:35	45.2	59.78668500000735	37.28668499999246	40.08668500000735	33.18530906087981	46.18668500000735	21.58668499999245	45.9	28.78668499999245	28.986684999992452
07:40	45.2	59.79233080000679	37.292330799991895	40.092330800006785	33.190954860879245	46.192330800006786	21.592330799991885	45.9	28.792330799991884	28.992330799991887
07:45	45.2	59.79797660000622	37.29797659999133	39.74735611156729	33.19660066087868	46.19797660000622	21.59797659999132	45.9	28.797976599991323	28.997976599991322
07:50	45.2	59.80362240000566	37.303622399990765	39.30410896386549	32.58216064115324	46.203622400005656	21.60362239999076	45.9	28.803622399990758	29.003622399990757
07:55	45.2	59.80926820000509	37.3092681999902	39.30410896386549	31.713686984937706	46.20926820000509	21.609268199990193	45.9	28.809268199990193	29.009268199990192
08:00	45.2	59.81491400000453	37.314913999989635	39.30410896386549	30.985481628017865	46.214914000004526	21.61491399998963	45.741664889779635	28.814913999989628	29.014913999989627
08:05	45.2	59.82390716667225	37.32390716665736	39.30410896386549	30.844586838109706	46.22390716667225	21.623907166656107	44.60266697983625	28.823907166656106	29.023907166656105
08:10	45.2	59.83290033333997	37.33290033332508	39.30410896386549	30.853580004776184	46.23290033333997	21.632900333322585	44.30686149241155	28.832900333322584	29.032900333322583
08:15	45.2	59.841893500007686	37.34189349999279	39.30410896386549	30.86257317144266	46.24189350000769	21.641893499989063	44.31585465907927	28.841893499989062	29.04189349998906
08:20	45.2	59.85088666667541	37.350886666660514	39.30410896386549	30.871566338109137	46.250886666675406	21.65088666665554	44.32484782574699	28.85088666665554	29.05088666665554
08:25	45.2	59.85987983334313	37.359879833328236	39.30410896386549	30.880559504775615	46.25987983334313	21.65987983332202	44.333840992414714	28.85987983332202	29.059879833322018
08:30	45.2	59.86887300001085	37.36887299999596	39.30410896386549	30.768258179808303	46.26887300001085	21.668872999988498	44.34283415908243	28.868872999988497	29.068872999988496
08:35	45.2	59.877866166678565	37.37786616666367	39.30410896386549	30.079185038164013	46.27786616667857	21.677866166654976	44.35182732575015	28.877866166654975	29.077866166654974
08:40	45.2	59.88685933334629	37.386859333331394	39.30410896386549	29.302537063402532	46.286859333346285	21.68685933332145	44.36082049241787	28.886859333321453	29.086859333321453
08:45	45.2	59.89585250001401	37.395852499999116	39.30410896386549	28.197622391520092	46.29585250001401	21.69585249998793	44.36981365908559	28.89585249998793	29.09585249998793
08:50	45.2	59.90484566668173	37.40484566666684	39.30410896386549	28.562583939915545	46.30484566668173	21.704845666654407	44.37880682575331	28.904845666654406	29.10484566665441
08:55	45.2	59.913838833349445	37.41383883333455	39.30410896386549	29.47925060658221	46.31383883334944	21.713838833320885	44.38779999242103	28.913838833320884	29.113838833320887
09:00	45.2	59.922832000017166	37.42283200000227	39.30410896386549	30.395917273248877	46.322832000017165	21.722831999987363	44.39679315908875	28.922831999987363	29.122831999987365
09:05	45.2	59.93507446668297	37.43507446666808	39.30410896386549	31.312583939915545	46.33507446668297	21.73507446665441	44.409035625754555	28.93507446665441	29.13507446665441
09:10	45.2	59.94731693334877	37.44731693333388	39.30410896386549	32.22925060658221	46.34731693334877	21.747316933321457	44.42127809242036	28.947316933321456	29.147316933321456
09:15	45.2	59.95955940001458	37.459559399999684	39.30410896386549	33.14591727324888	46.35955940001458	21.759559399988504	44.43352055908616	28.959559399988503	29.159559399988503
09:20	45.2	59.97180186668039	37.471801866665494	39.30410896386549	34.06258393991554	46.371801866680386	21.771801866655547	44.35321953925277	28.97180186665555	29.17180186665555
09:25	45.2	59.98404433334619	37.4840443333313	39.30410896386549	34.97925060658221	46.38404433334619	21.784044333322594	43.45298597880001	28.984044333322593	29.184044333322596
09:30	45.2	59.996286800011994	37.4962867999971	39.30410896386549	35.89591727324888	46.39628680001199	21.79628679998964	42.967769795834016	28.99628679998964	29.19628679998964
09:35	45.2	60.0085292666778	37.508529266662904	39.30410896386549	36.81258393991554	46.408529266677796	21.808529266656688	42.967769795834016	29.008529266656687	29.208529266656686
09:40	45.2	60.0207717333436	37.52077173332871	39.30410896386549	37.72925060658221	46.4207717333436	21.820771733323735	42.967769795834016	29.020771733323734	29.220771733323733
09:45	45.2	60.033014200009404	37.53301419999451	39.30410896386549	38.645917273248884	46.4330142000094	21.833014199990778	42.967769795834016	29.03301419999078	29.23301419999078
09:50	45.2	60.04525666667521	37.545256666660315	39.30410896386549	39.56258393991555	46.44525666667521	21.845256666657825	42.967769795834016	29.045256666657824	29.245256666657827
09:55	45.2	60.05749913334101	37.55749913332612	39.30410896386549	40.47925060658221	46.45749913334102	21.857499133324872	42.967769795834016	29.05749913332487	29.25749913332487
10:00	45.2	60.06974160000682	37.56974159999193	39.30410896386549	41.395917273248884	46.46974160000682	21.86974159999192	42.967769795834016	29.069741599991918	29.269741599991917
10:05	45.2	60.084736866672834	37.58473686665794	39.30410896386549	42.31258393991555	46.48473686667283	21.884736866659175	42.967769795834016	29.084736866659174	29.284736866659173
10:10	45.2	60.09973213333885	37.599732133323954	39.30410896386549	43.22925060658221	46.499732133338846	21.89973213332643	42.967769795834016	29.09973213332643	29.29973213332643
10:15	45.2	60.11472740000487	37.614727399989974	39.30410896386549	44.145917273248884	46.514727400004865	21.914727399993687	42.967769795834016	29.114727399993686	29.31472739999369
10:20	45.2	60.12972266667088	37.62972266665599	39.30410896386549	45.06258393991555	46.52972266667088	21.929722666660943	42.967769795834016	29.129722666660946	29.329722666660945
10:25	45.2	60.14471793333689	37.644717933322	39.30410896386549	45.97925060658221	46.54471793333689	21.944717933328203	42.967769795834016	29.144717933328202	29.3447179333282
10:30	45.2	60.15971320000291	37.65971319998802	39.30410896386549	46.895917273248884	46.55971320000291	21.95971319999546	42.967769795834016	29.15971319999546	29.359713199995458
10:35	45.2	60.174708466668925	37.67470846665403	39.30410896386549	47.81258393991555	46.57470846666892	21.974708466662715	42.967769795834016	29.174708466662715	29.374708466662714
10:40	45.2	60.18970373333494	37.689703733320044	39.30410896386549	48.72925060658221	46.589703733334936	21.98970373332997	42.9423926897597	29.18970373332997	29.38970373332997
10:45	45.2	60.20469900000096	37.704698999986064	39.30410896386549	49.645917273248884	46.604699000000956	22.004698999997228	42.211991822676616	29.204698999997227	29.40469899999723
10:50	45.2	60.21969426666697	37.71969426665208	39.30410896386549	50.56258393991555	46.61969426666697	22.019694266664484	41.5375837905244	29.219694266664487	29.419694266664486
10:55	45.2	60.23468953333298	37.73468953331809	39.30410896386549	51.47925060658221	46.63468953333298	22.034689533331743	41.5375837905244	29.234689533331743	29.434689533331742
11:00	45.2	60.249684799998995	37.7496847999841	39.30410896386549	52.395917273248884	46.649684799999	22.049684799999	41.5375837905244	29.249684799999	29.449684799998998
11:05	45.2	60.266873566664756	37.69975868498561	39.30410896386549	53.31258393991555	46.666873566664755	22.066873566665997	41.5375837905244	29.266873566665996	29.466873566665996
11:10	45.2	60.28406233333051	36.58111251133044	39.30410896386549	54.22925060658221	46.68406233333051	22.084062333332994	41.5375837905244	29.284062333332997	29.484062333332997
11:15	45.2	60.30125109999627	35.55152064196311	39.30410896386549	55.145917273248884	46.70125109999627	22.101251099999995	41.5375837905244	29.301251099999995	29.501251099999994
11:20	45.2	60.318439866662025	34.75401842502249	39.30410896386549	56.06258393991555	46.718439866662024	22.118439866666993	41.5375837905244	29.318439866666992	29.51843986666699
11:25	45.2	60.33562863332778	34.63113445705501	39.30410896386549	56.97925060658221	46.735628633327785	22.13562863333399	41.5375837905244	29.33562863333399	29.535628633333992
11:30	45.2	60.35281739999354	34.64832322372201	39.30410896386549	57.8230911212037	46.75281739999354	22.15281740000099	41.5375837905244	29.35281740000099	29.55281740000099
11:35	45.2	60.370006166659294	34.66551199038901	39.30410896386549	58.44838246067631	46.77000616665929	22.17000616666799	41.5375837905244	29.370006166667988	29.570006166667987
11:40	45.2	60.387194933325056	34.372612425828834	39.30410896386549	58.90644020235523	46.787194933325054	22.187194933334986	41.5375837905244	29.387194933334985	29.587194933334985
11:45	45.2	60.40438369999081	33.50848804481169	39.30410896386549	59.24199081927077	46.80438369999081	22.204383700001983	41.5375837905244	29.404383700001986	29.604383700001986
11:50	45.2	60.42157246665656	32.38606272961502	39.30410896386549	59.48779873008074	46.82157246665657	22.221572466668984	41.5375837905244	29.421572466668984	29.621572466668983
11:55	45.2	60.438761233322325	31.52711251544235	38.763014760056976	59.66786553958971	46.83876123332232	22.238761233335982	41.5375837905244	29.43876123333598	29.63876123333598
12:00	45.2	60.45594999998808	31.52711251544235	38.53190674802402	59.799773645312996	46.85594999998808	22.25595000000298	41.5375837905244	29.45595000000298	29.65595000000298
12:05	45.2	60.4742629333213	31.52711251544235	38.550219681357234	59.89640304860478	46.8742629333213	22.2742629333362	40.94118666765588	29.4742629333362	29.6742629333362
12:10	45.2	60.49257586665451	31.52711251544235	38.568532614690454	59.96718900621766	46.89257586665452	22.292575866669416	39.80933301473628	29.492575866669416	29.692575866669415
12:15	45.2	60.51088879998773	31.05657660302085	38.586845548023675	60.0	46.91088879998773	22.310888800002633	39.305092431877625	29.510888800002636	29.710888800002635
12:20	45.2	60.52920173332095	29.877292224638836	38.60515848135689	60.0	46.92920173332095	22.329201733335854	38.18037266738972	29.529201733335853	29.729201733335852
12:25	45.2	60.547514666654166	28.813888755646563	38.62347141469011	60.0	46.72519663507941	22.34751466666907	37.24928670594059	28.390390326429998	29.74751466666907
12:30	45.2	60.56582759998739	27.876523941583333	38.64178434802333	60.0	45.93798780462497	22.365827600002287	36.7137151556377	28.408703259763218	29.76582760000229
12:35	45.2	60.58414053332061	27.766470172366308	38.66009728135654	60.0	45.630276061338954	22.384140533335508	36.732028088970914	28.427016193096435	29.784140533335506
12:40	45.2	60.60245346665383	27.766470172366308	38.67841021468976	60.0	45.648588994672174	22.402453466668725	36.750341022304134	28.44532912642965	29.802453466668727
12:45	45.2	60.62076639998704	27.766836431032974	38.11402877680752	60.0	45.666901928005394	22.420766400001945	36.768653955637355	28.463642059762872	29.820766400001943
12:50	45.2	60.63907933332026	26.917146737798642	37.12231827076724	60.0	45.68521486133861	22.43907933333516	36.78696688897057	28.48195499309609	29.83907933333516
12:55	45.2	60.65739226665348	25.731596779948223	36.166965303591375	60.0	45.70352779467183	22.45739226666838	36.80527982230379	28.500267926429306	29.85739226666838
13:00	45.2	60.675705199986695	24.47144805862625	35.519205051216424	60.0	45.72184072800505	22.4757052000016	36.82359275563701	28.518580859762526	29.875705200001597
13:05	45.2	60.69472159998615	24.146876337466626	34.57823528849797	60.0	45.74085712800451	22.494721600001057	36.84260915563647	28.537597259761984	29.894721600001056
13:10	45.2	60.71373799998562	24.165892737466084	33.70745458560522	60.0	45.759873528003965	22.513738000000515	36.861625555635925	28.556613659761446	29.913738000000517
13:15	45.2	60.732754399985076	24.184909137465542	33.26860631047076	60.0	45.09287105597276	22.532754399999977	36.88064195563538	28.575630059760904	29.932754399999975
13:20	45.2	60.751770799984534	24.203925537465004	33.26860631047076	60.0	44.861750278751195	22.551770799999435	36.89965835563485	28.594646459760362	29.951770799999437
13:25	45.2	60.77078719998399	24.222941937464462	33.26860631047076	60.0	46.69508361208453	22.570787199998897	36.91867475563431	28.613662859759824	29.970787199998895
13:30	45.2	60.78980359998345	24.728069448575035	33.26860631047076	60.0	48.52841694541786	22.589803599998355	36.937691155633765	28.632679259759282	29.989803599998353
13:35	45.2	60.808819999982916	25.33041918190783	33.26860631047076	60.0	50.361750278751195	22.608819999997813	36.91871977998523	28.651695659758744	30.008819999997815
13:40	45.2	60.827836399982374	25.93276891524062	33.26860631047076	60.0	52.19508361208453	22.627836399997275	36.082960561583995	28.670712059758202	30.027836399997273
13:45	45.2	60.84685279998183	26.535118648573413	33.26860631047076	60.0	54.02841694541786	22.646852799996733	35.06009591059081	28.68972845975766	30.046852799996735
13:50	45.2	60.86586919998129	27.137468381906206	33.26860631047076	60.0	55.664901905794345	22.665869199996195	34.21042995800898	28.70874485975712	30.065869199996193
13:55	45.2	60.88488559998075	27.739818115239	33.26860631047076	60.0	56.86739898030375	22.684885599995653	33.56517163311852	28.72776125975658	30.08488559999565
14:00	45.2	60.903901999980214	27.9532789596829	33.26860631047076	60.0	57.22191184158665	22.70390199999511	32.680863318932566	27.656860449151562	30.103901999995113
14:05	45.2	60.92190033331265	27.971277293016584	33.26860631047076	60.0	56.569060991297164	22.721900333328794	32.525383656375595	27.446011931905883	30.121900333328792
14:10	45.2	60.93989866664509	27.989275626350263	33.26860631047076	60.0	55.51667039723081	22.739898666662473	32.54338198970928	27.446011931905883	30.139898666662475
14:15	45.2	60.95789699997753	28.007273959683946	33.26860631047076	60.0	54.828747086991164	22.757896999996156	32.56138032304296	27.446011931905883	30.157896999996154
14:20	45.2	60.97589533330997	28.025272293017625	33.26860631047076	60.0	54.828747086991164	22.775895333329835	32.57937865637664	27.446011931905883	30.175895333329837
14:25	45.2	60.99389366664241	28.04327062635131	33.26860631047076	60.0	54.828747086991164	22.793893666663518	32.59737698971032	27.446011931905883	30.193893666663516
14:30	45.2	61.01189199997485	28.061268959684988	33.26860631047076	60.0	54.828747086991164	22.811891999997197	32.615375323044006	27.446011931905883	30.2118919999972
14:35	45.2	61.029890333307286	28.07926729301867	33.26860631047076	60.0	54.828747086991164	22.82989033333088	32.633373656377685	27.446011931905883	30.22989033333088
14:40	45.2	60.647323170426255	28.09726562635235	33.26860631047076	60.0	54.828747086991164	22.84788866666456	32.651371989711365	27.446011931905883	30.24788866666456
14:45	45.2	59.87152368552304	28.115263959686033	33.26860631047076	60.0	54.828747086991164	22.119936277293395	32.669370323045044	27.446011931905883	30.097986656648274
14:50	45.2	59.026716473792305	28.133262293019712	33.26860631047076	59.35345402994228	53.95432548719779	21.93523378668719	32.68736865637873	27.446011931905883	28.960842028983986
14:55	45.2	57.944631599316274	28.151260626353395	33.26860631047076	58.27286086808086	53.17919176276855	21.95323212002087	32.70536698971241	27.446011931905883	27.62702488923575
15:00	45.2	56.92763614677805	28.169258959687074	33.26860631047076	57.61894067512773	52.804238243709705	21.97123045335455	32.72336532304609	27.446011931905883	26.514812952518234
15:05	45.2	56.49366318930508	28.18562412635368	33.26860631047076	57.196312255819656	52.82060341037631	21.987595620021157	32.7397304897127	27.446011931905883	27.712885619040232
15:10	45.2	56.49366318930508	28.20198929302029	33.26860631047076	57.196312255819656	52.83696857704292	22.003960786687763	32.671165292432505	27.446011931905883	29.546218952373565
15:15	45.2	56.49366318930508	28.218354459686896	33.26860631047076	57.196312255819656	52.85333374370953	22.020325953354373	31.863163681391296	27.446011931905883	31.379552285706897
15:20	45.2	56.49366318930508	28.234719626353503	33.26860631047076	57.196312255819656	52.462740354125806	22.03669112002098	31.15389128846003	27.446011931905883	33.21288561904023
15:25	45.2	56.49366318930508	28.25108479302011	33.26860631047076	57.196312255819656	52.42669906275474	22.053056286687585	30.98897852330259	27.446011931905883	35.046218952373565
15:30	45.2	56.49366318930508	28.26744995968672	33.26860631047076	57.0167159432075	52.42669906275474	22.06942145335419	31.005343689969195	27.446011931905883	36.8795522857069
15:35	45.2	56.49366318930508	28.283815126353325	33.26860631047076	56.38585678970996	52.42669906275474	22.0857866200208	31.0217088566358	27.446011931905883	38.60026840138683
15:40	45.2	56.49366318930508	28.30018029301993	33.26860631047076	55.531573361241385	52.42669906275474	22.102151786687408	31.038074023302407	27.446011931905883	39.78604588880233
15:45	45.2	56.49366318930508	28.316545459686537	33.26860631047076	54.56871275041207	52.42669906275474	22.118516953354014	31.054439189969017	27.446011931905883	40.568262463861274
15:50	45.2	56.49366318930508	28.332910626353147	33.26860631047076	54.300407628368355	52.42669906275474	22.13488212002062	31.070804356635623	27.446011931905883	41.08426380204707
15:55	45.2	56.49366318930508	28.349275793019753	33.26860631047076	54.04630197809486	52.42669906275474	22.15124728668723	31.08716952330223	27.446011931905883	41.424652115845504
16:00	45.2	56.49366318930508	28.36564095968636	33.26860631047076	54.06266714476147	52.42669906275474	22.167612453353836	31.103534689968836	27.446011931905883	41.64919456485914
16:05	45.2	56.49366318930508	28.37975245968632	33.26860631047076	54.076778644761426	52.376465171256314	22.181723953353796	31.1176461899688	27.446011931905883	41.797317486138134
16:10	45.2	56.49366318930508	28.39386395968628	33.26860631047076	54.09089014476139	51.97099955819752	22.195835453353755	31.131757689968758	27.446011931905883	41.895029076550514
16:15	45.2	56.49366318930508	28.40797545968624	33.26860631047076	54.105001644761344	51.985111058197475	22.209946953353715	31.145869189968717	27.446011931905883	41.95948604795289
16:20	45.2	56.49366318930508	28.4220869596862	33.26860631047076	54.11911314476131	51.99922255819744	22.041736873780216	31.159980689968677	27.446011931905883	42.0
16:25	45.2	56.49366318930508	28.43619845968616	33.26860631047076	54.13322464476127	52.013334058197394	21.455896870394337	31.17409218996864	27.446011931905883	42.0
16:30	45.2	56.49366318930508	28.45030995968612	33.26860631047076	54.147336144761226	52.02744555819736	21.455896870394337	31.1882036899686	27.446011931905883	42.0
16:35	45.2	56.49366318930508	28.464421459686083	33.26860631047076	54.16144764476119	52.030771164404314	21.455896870394337	31.20231518996856	26.863334154905317	42.0
16:40	45.2	56.49366318930508	28.478532959686042	33.26860631047076	53.93951712484548	51.42383661756964	21.455896870394337	31.216426689968518	26.395135787713496	42.0
16:45	45.2	56.49366318930508	28.492644459686	33.26860631047076	53.93951712484548	51.400844472531936	21.455896870394337	31.230538189968478	26.395135787713496	42.0
16:50	45.2	55.95664695514197	28.50675595968596	33.26860631047076	53.93951712484548	51.400844472531936	21.455896870394337	31.24464968996844	26.395135787713496	42.0
16:55	45.2	54.982760233952334	28.520867459685924	33.26860631047076	53.93951712484548	51.400844472531936	21.455896870394337	31.2587611899684	26.395135787713496	42.0
17:00	45.2	53.86552562529098	28.534978959685883	33.26860631047076	53.84454325289801	51.400844472531936	21.455896870394337	31.27287268996836	26.395135787713496	42.0
17:05	45.2	52.94035356505477	28.545947359686167	33.26860631047076	53.68269589290441	51.400844472531936	21.455896870394337	31.283841089968643	26.395135787713496	42.0
17:10	45.2	52.15024778779175	28.55691575968645	32.67858616528671	53.69366429290345	51.400844472531936	21.455896870394337	31.294809489968927	26.395135787713496	42.0
17:15	45.2	52.23097462188418	28.567884159686734	31.78503889278738	53.70463269290249	51.400844472531936	21.455896870394337	31.305777889969214	26.395135787713496	42.0
17:20	45.2	52.81430795521751	28.578852559687018	31.02315785740585	53.71560109290154	51.400844472531936	21.455896870394337	31.316746289969497	26.395135787713496	42.0
17:25	45.2	53.397641288550844	28.5898209596873	30.89792041157758	53.72656949290058	51.120408767355514	21.455896870394337	31.32771468996978	26.395135787713496	42.0
17:30	45.2	53.98097462188418	28.60078935968759	30.224215053276204	53.737537892899624	50.629347886024355	21.455896870394337	31.338683089970065	26.395135787713496	42.0
17:35	45.2	54.56430795521751	28.611757759687872	29.394996242862316	53.74850629289866	50.6403162860234	21.455896870394337	31.34965148997035	26.395135787713496	42.0
17:40	45.2	55.147641288550844	28.622726159688156	28.38778561333961	53.759474692897705	50.65128468602244	21.455896870394337	31.360619889970632	26.395135787713496	42.0
17:45	45.2	55.73097462188418	28.63369455968844	28.3473752352791	53.540370459981155	50.66225308602149	21.455896870394337	31.371588289970916	26.395135787713496	42.0
17:50	45.2	56.31430795521751	28.644662959688723	28.3473752352791	53.540370459981155	50.67322148602053	21.455896870394337	31.3825566899712	26.395135787713496	42.0
17:55	45.2	56.897641288550844	28.655631359689007	28.3473752352791	53.540370459981155	50.4425931112089	21.455896870394337	31.393525089971487	26.395135787713496	42.0
18:00	45.2	57.48097462188418	28.66659975968929	28.3473752352791	53.540370459981155	49.79613676266155	20.95590844680066	31.40449348997177	26.395135787713496	42.0
18:05	45.2	58.06430795521751	28.67432115968945	28.3473752352791	53.540370459981155	48.96360302604373	20.26864581218158	31.412214889971924	26.395135787713496	42.0
18:10	45.2	58.647641288550844	28.682042559689602	28.3473752352791	53.2159748825602	48.69752328280242	20.276367212181732	31.419936289972078	25.93444134399893	42.0
18:15	45.2	59.23097462188418	28.689763959689756	28.3473752352791	53.223696282560354	48.70524468280257	20.284088612181886	31.427657689972236	25.34192240136122	42.0
18:20	45.2	59.81430795521751	28.697485359689914	28.3473752352791	53.23141768256051	48.71296608280273	20.291810012182044	31.43537908997239	25.349643801361378	42.0
18:25	45.2	60.397641288550844	28.705206759690068	28.3473752352791	53.23913908256066	48.72068748280289	20.299531412182198	31.443100489972544	25.35736520136153	42.0
18:30	45.2	60.98097462188418	28.71292815969022	28.3473752352791	53.24686048256082	48.72840888280304	20.30725281218235	31.450821889972698	25.365086601361686	42.0
18:35	45.12087136376842	61.56430795521751	28.720649559690376	28.3473752352791	53.25458188256097	48.736130282803195	20.31497421218251	31.458543289972855	25.37280800136184	42.0
18:40	44.34244099006533	62.147641288550844	28.728370959690533	28.3473752352791	53.26230328256113	48.74385168280335	20.322695612182663	31.46626468997301	25.380529401361997	42.0
18:45	43.2616883190687	62.73097462188418	28.736092359690687	28.3473752352791	53.270024682561285	48.21361121892783	20.330417012182817	31.473986089973163	25.38825080136215	42.0
18:50	42.137397536543155	63.31430795521751	28.74381375969084	28.3473752352791	53.256114303380045	47.36681688608193	20.33813841218297	31.48170748997332	25.395972201362305	42.0
18:55	41.59244109488077	63.897641288550844	28.751535159690995	28.3473752352791	52.92167909993968	46.89701561568684	20.34585981218313	31.489428889973475	25.403693601362463	42.0
19:00	41.60016249488092	64.48097462188417	28.759256559691153	28.3473752352791	52.92940049993984	46.904737015687	20.353581212183283	31.49715028997363	25.411415001362617	42.0
19:05	41.604679528214504	65.06430795521752	28.76377359302473	28.3473752352791	52.933917533273416	46.909254049020575	20.358098245516864	31.50166732330721	25.415932034696194	42.0
19:10	41.60919656154808	65.64764128855084	28.76829062635831	28.3473752352791	52.93843456660699	46.91377108235415	20.36261527885044	31.506184356640787	25.420449068029775	42.0
19:15	41.61371359488166	66.23097462188417	28.772807659691892	28.3473752352791	52.94295159994058	46.91828811568774	20.367132312184022	31.51070138997437	25.424966101363356	42.0
19:20	41.61823062821524	66.81430795521752	28.77732469302547	28.3473752352791	52.947468633274156	46.922805149021315	20.3716493455176	31.51521842330795	25.429483134696934	42.0
19:25	41.62274766154882	67.39764128855084	28.78184172635905	28.3473752352791	52.95198566660773	46.92732218235489	20.37616637885118	31.519735456641527	25.434000168030515	42.0
19:30	41.6272646948824	67.98097462188417	28.78635875969263	28.3473752352791	52.95650269994131	46.83077858359956	20.380683412184762	31.524252489975108	25.438517201364093	42.0
19:35	41.63178172821598	68.56430795521752	28.79087579302621	28.3473752352791	52.961019733274895	46.25650695990594	20.38520044551834	31.528769523308686	25.443034234697674	42.0
19:40	41.63629876154956	69.14764128855084	28.79539282635979	28.3473752352791	52.96553676660847	46.25650695990594	19.552588681321144	31.533286556642267	25.447551268031255	42.0
19:45	41.64081579488314	69.73097462188417	28.79990985969337	28.3473752352791	52.97005379994205	46.25650695990594	19.264263083230556	31.537803589975848	25.452068301364832	42.0
19:50	41.645332828216716	70.31430795521752	28.80442689302695	28.3473752352791	52.974570833275635	46.25650695990594	19.84759641656389	31.542320623309426	25.456585334698413	42.0
19:55	41.6498498615503	70.89764128855084	28.808943926360527	28.3473752352791	52.97908786660921	46.25650695990594	20.43092974989722	31.546837656643007	25.46110236803199	42.0
20:00	41.65436689488388	71.48097462188417	28.81346095969411	28.3473752352791	52.98360489994279	46.25650695990594	21.014263083230556	31.551354689976584	25.465619401365572	42.0
20:05	41.65624529488431	72.06430795521752	28.81533935969454	28.3473752352791	52.985483299943226	46.25650695990594	21.59759641656389	31.55323308997702	25.467497801366004	42.0
20:10	41.65812369488474	72.64764128855084	28.817217759694973	28.3473752352791	52.987361699943655	46.25650695990594	22.18092974989722	31.555111489977453	25.469376201366437	42.0
20:15	41.66000209488518	73.23097462188417	28.81909615969541	28.3473752352791	52.98924009994409	46.25650695990594	22.764263083230556	31.556989889977885	25.471254601366873	42.0
20:20	41.66188049488561	73.8127933108927	28.82097455969584	28.3473752352791	52.99111849994453	45.83902833516758	23.34759641656389	31.558868289978317	25.473133001367305	42.0
20:25	41.663758894886044	74.2681473286897	28.822852959696274	28.3473752352791	52.992996899944956	45.37670382491128	23.93092974989722	31.56074668997875	25.475011401367738	42.0
20:30	41.66563729488648	74.56852869367653	28.824731359696706	28.3473752352791	52.99487529994539	45.37670382491128	24.514263083230556	31.562625089979186	25.47688980136817	42.0
20:35	41.66751569488691	74.76667993623688	28.82660975969714	28.3473752352791	52.99675369994583	45.37670382491128	25.09759641656389	31.564503489979618	25.478768201368606	42.0
20:40	41.669394094887345	74.89739348742528	28.828488159697574	28.3473752352791	52.998632099946256	45.37670382491128	25.68092974989722	31.56638188998005	25.48064660136904	42.0
20:45	41.67127249488777	74.98362071589726	28.830366559698007	28.3473752352791	53.00051049994669	45.37670382491128	26.264263083230556	31.568260289980483	25.48252500136947	42.0
20:50	41.67315089488821	75.0	28.83224495969844	28.3473752352791	53.00238889994712	45.37670382491128	26.84759641656389	31.570138689980915	25.484403401369903	42.0
20:55	41.675029294888645	75.0	28.83412335969887	28.3473752352791	53.00426729994756	45.37670382491128	27.43092974989722	31.57201708998135	25.486281801370335	42.0
21:00	41.676907694889074	75.0	28.836001759699307	28.3473752352791	53.00614569994799	45.37670382491128	28.014263083230556	31.573895489981783	25.48816020137077	41.634557966012956
21:05	41.67723409488843	75.0	28.836328159699907	28.3473752352791	53.00647209994735	45.37670382491128	28.59759641656389	31.574221889982386	25.48848660137137	40.46737452311699
21:10	41.67756049488779	75.0	28.83665455970051	28.3473752352791	53.00679849994671	45.37670382491128	29.18092974989722	31.574548289982985	25.488813001371973	39.131770513358084
21:15	41.67788689488716	75.0	28.836980959701112	28.3473752352791	53.00712489994607	45.37670382491128	29.764263083230556	31.574874689983588	25.489139401372576	38.0293304183593
21:20	41.67821329488652	75.0	28.837307359701715	28.3473752352791	53.00745129994543	45.37670382491128	30.34759641656389	31.57520108998419	25.48946580137318	38.02965681835866
21:25	41.67853969488588	75.0	28.837633759702317	28.3473752352791	53.00777769994479	45.37670382491128	30.93092974989722	31.575527489984793	25.48979220137378	38.02998321835802
21:30	41.67886609488524	75.0	28.837960159702916	28.3473752352791	53.00810409994415	45.37670382491128	31.514263083230556	31.575853889985396	25.49011860137438	38.03030961835738
21:35	41.679192494884596	75.0	28.83828655970352	28.3473752352791	53.008430499943515	45.37670382491128	32.09759641656389	31.576180289986	25.490445001374983	38.03063601835674
21:40	41.679518894883955	75.0	28.838612959704122	28.3473752352791	53.008756899942874	45.37670382491128	32.680860110037024	31.576506689986598	25.490771401375586	38.0309624183561
21:45	41.15947563631704	75.0	28.838939359704725	28.3473752352791	53.00908329994223	45.37670382491128	33.15306787727275	31.5768330899872	25.49109780137619	38.031288818355456
21:50	40.03430434621236	75.0	28.839265759705327	28.3473752352791	53.00940969994159	45.37670382491128	33.46456708038921	31.577159489987803	25.49142420137679	38.03161521835482
21:55	39.05517201173738	75.0	28.839592159705926	28.3473752352791	53.00973609994095	45.37670382491128	33.670052377910274	31.577485889988406	25.49175060137739	38.03194161835418
22:00	38.2165906709261	75.0	28.83991855970653	28.3473752352791	53.01006249994031	45.37670382491128	33.80560395260093	31.57781228998901	25.492077001377993	38.03226801835354
22:05	38.55092234401728	75.0	28.83991855970653	28.3473752352791	53.01006249994031	45.37670382491128	33.89502265857543	31.57781228998901	25.492077001377993	38.03226801835354
22:10	39.13425567735061	75.0	28.83991855970653	28.3473752352791	53.01006249994031	45.37670382491128	33.95400909968758	31.57781228998901	25.492077001377993	38.03226801835354
22:15	39.717589010683945	75.0	28.83991855970653	28.3473752352791	53.01006249994031	45.37670382491128	33.9929204236344	31.57781228998901	25.492077001377993	38.03226801835354
22:20	40.30092234401728	75.0	28.83991855970653	28.3473752352791	53.01006249994031	45.37670382491128	34.0	31.57781228998901	25.492077001377993	38.03226801835354
22:25	40.88425567735061	75.0	28.83991855970653	28.3473752352791	53.01006249994031	45.37670382491128	34.0	31.57781228998901	25.492077001377993	38.03226801835354
22:30	41.467589010683945	75.0	28.83991855970653	28.3473752352791	53.01006249994031	45.37670382491128	34.0	31.57781228998901	25.492077001377993	38.03226801835354
22:35	42.05092234401728	75.0	28.83991855970653	28.3473752352791	53.01006249994031	45.37670382491128	34.0	31.57781228998901	25.492077001377993	38.03226801835354
22:40	42.63425567735061	75.0	28.83991855970653	28.3473752352791	53.01006249994031	45.37670382491128	34.0	31.57781228998901	25.492077001377993	38.03226801835354
22:45	43.217589010683945	75.0	28.83991855970653	28.3473752352791	53.01006249994031	45.37670382491128	34.0	31.57781228998901	25.492077001377993	38.03226801835354
22:50	43.80092234401728	75.0	28.83991855970653	28.3473752352791	53.01006249994031	45.37670382491128	34.0	31.57781228998901	25.492077001377993	38.03226801835354
22:55	44.38425567735061	75.0	28.83991855970653	28.3473752352791	53.01006249994031	45.37670382491128	34.0	31.57781228998901	25.492077001377993	38.03226801835354
23:00	44.967589010683945	75.0	28.83991855970653	28.3473752352791	53.01006249994031	45.37670382491128	34.0	31.57781228998901	25.492077001377993	38.03226801835354
23:05	45.55092234401728	75.0	28.83991855970653	28.3473752352791	53.01006249994031	45.37670382491128	34.0	31.57781228998901	25.492077001377993	38.03226801835354
23:10	46.13425567735061	75.0	28.83991855970653	28.3473752352791	53.01006249994031	45.37670382491128	34.0	31.57781228998901	25.492077001377993	38.03226801835354
23:15	46.717589010683945	75.0	28.83991855970653	28.3473752352791	53.01006249994031	45.37670382491128	34.0	31.57781228998901	25.492077001377993	38.03226801835354
23:20	47.30092234401728	75.0	28.83991855970653	28.3473752352791	53.01006249994031	45.37670382491128	34.0	31.57781228998901	25.492077001377993	38.03226801835354
23:25	47.88425567735061	75.0	28.83991855970653	28.3473752352791	53.01006249994031	45.37670382491128	34.0	31.57781228998901	25.492077001377993	38.03226801835354
23:30	48.467589010683945	75.0	28.83991855970653	28.3473752352791	53.01006249994031	45.37670382491128	34.0	31.57781228998901	25.492077001377993	38.03226801835354
23:35	49.05092234401728	75.0	28.83991855970653	28.3473752352791	53.01006249994031	45.37670382491128	34.0	31.57781228998901	25.492077001377993	38.03226801835354
23:40	49.63425567735061	75.0	28.83991855970653	28.3473752352791	53.01006249994031	45.37670382491128	34.0	31.57781228998901	25.492077001377993	38.03226801835354
23:45	50.217589010683945	75.0	28.83991855970653	28.3473752352791	53.01006249994031	45.37670382491128	34.0	31.57781228998901	25.492077001377993	38.03226801835354
23:50	50.80092234401728	75.0	28.83991855970653	28.3473752352791	53.01006249994031	45.37670382491128	34.0	31.57781228998901	25.492077001377993	38.03226801835354
23:55	51.38425567735061	75.0	28.83991855970653	28.3473752352791	53.01006249994031	45.37670382491128	34.0	31.57781228998901	25.492077001377993	38.03226801835354
24:00	51.967589010683945	75.0	28.83991855970653	28.3473752352791	53.01006249994031	45.37670382491128	34.0	31.57781228998901	25.492077001377993	38.03226801835354
24:05	52.55092234401728	75.0	28.83991855970653	28.3473752352791	53.01006249994031	45.37670382491128	34.0	31.57781228998901	25.492077001377993	38.03226801835354
24:10	53.13425567735061	75.0	28.83991855970653	28.3473752352791	53.01006249994031	45.37670382491128	34.0	31.57781228998901	25.492077001377993	38.03226801835354
24:15	53.717589010683945	75.0	28.83991855970653	28.3473752352791	53.01006249994031	45.37670382491128	34.0	31.57781228998901	25.492077001377993	38.03226801835354
24:20	54.30092234401728	75.0	28.83991855970653	28.3473752352791	53.01006249994031	45.37670382491128	34.0	31.57781228998901	25.492077001377993	38.03226801835354
24:25	54.88425567735061	75.0	28.83991855970653	28.3473752352791	53.01006249994031	45.37670382491128	34.0	31.57781228998901	25.492077001377993	38.03226801835354
24:30	55.467589010683945	75.0	28.83991855970653	28.3473752352791	53.01006249994031	45.37670382491128	34.0	31.57781228998901	25.492077001377993	38.03226801835354
24:35	56.05092234401728	75.0	28.83991855970653	28.3473752352791	53.01006249994031	45.37670382491128	34.0	31.57781228998901	25.492077001377993	38.03226801835354
24:40	56.63425567735061	75.0	28.83991855970653	28.3473752352791	53.01006249994031	45.37670382491128	34.0	31.57781228998901	25.492077001377993	38.03226801835354
24:45	57.217589010683945	75.0	28.83991855970653	28.3473752352791	53.01006249994031	45.37670382491128	34.0	31.57781228998901	25.492077001377993	38.03226801835354
24:50	57.80092234401728	75.0	28.83991855970653	28.3473752352791	53.01006249994031	45.37670382491128	34.0	31.57781228998901	25.492077001377993	38.03226801835354
24:55	58.38425567735061	75.0	28.83991855970653	28.3473752352791	53.01006249994031	45.37670382491128	34.0	31.57781228998901	25.492077001377993	38.03226801835354
25:00	58.967589010683945	75.0	28.83991855970653	28.3473752352791	53.01006249994031	45.37670382491128	34.0	31.57781228998901	25.492077001377993	38.03226801835354
25:05	59.55092234401728	75.0	28.83991855970653	28.3473752352791	53.01006249994031	45.37670382491128	34.0	31.57781228998901	25.492077001377993	38.03226801835354
25:10	60.13425567735061	75.0	28.83991855970653	28.3473752352791	53.01006249994031	45.37670382491128	34.0	31.57781228998901	25.492077001377993	38.03226801835354
25:15	60.717589010683945	75.0	28.83991855970653	28.3473752352791	53.01006249994031	45.37670382491128	34.0	31.57781228998901	25.492077001377993	38.03226801835354
25:20	61.30092234401728	75.0	28.83991855970653	28.3473752352791	53.01006249994031	45.37670382491128	34.0	31.57781228998901	25.492077001377993	38.03226801835354
25:25	61.88425567735061	75.0	28.83991855970653	28.3473752352791	53.01006249994031	45.37670382491128	34.0	31.57781228998901	25.492077001377993	38.03226801835354
25:30	62.467589010683945	75.0	28.83991855970653	28.3473752352791	53.01006249994031	45.37670382491128	34.0	31.57781228998901	25.492077001377993	38.03226801835354
25:35	63.05092234401728	75.0	28.83991855970653	28.3473752352791	53.01006249994031	45.37670382491128	34.0	31.57781228998901	25.492077001377993	38.03226801835354
25:40	63.63425567735061	75.0	28.83991855970653	28.3473752352791	53.01006249994031	45.37670382491128	34.0	31.57781228998901	25.492077001377993	38.03226801835354
25:45	64.21758901068394	75.0	28.83991855970653	28.3473752352791	53.01006249994031	45.37670382491128	34.0	31.57781228998901	25.492077001377993	38.03226801835354
25:50	64.80092234401728	75.0	28.83991855970653	28.3473752352791	53.01006249994031	45.37670382491128	34.0	31.57781228998901	25.492077001377993	38.03226801835354
25:55	65.38425567735061	75.0	28.83991855970653	28.3473752352791	53.01006249994031	45.37670382491128	34.0	31.57781228998901	25.492077001377993	38.03226801835354
26:00	65.96758901068394	75.0	28.83991855970653	28.3473752352791	53.01006249994031	45.37670382491128	34.0	31.57781228998901	25.492077001377993	38.03226801835354
26:05	66.55092234401728	75.0	28.83991855970653	28.3473752352791	53.01006249994031	45.37670382491128	34.0	31.57781228998901	25.492077001377993	38.03226801835354
26:10	67.13425567735061	75.0	28.83991855970653	28.3473752352791	53.01006249994031	45.37670382491128	34.0	31.57781228998901	25.492077001377993	38.03226801835354
26:15	67.71758901068394	75.0	28.83991855970653	28.3473752352791	53.01006249994031	45.37670382491128	34.0	31.57781228998901	25.492077001377993	38.03226801835354
26:20	68.30092234401728	75.0	28.83991855970653	28.3473752352791	53.01006249994031	45.37670382491128	34.0	31.57781228998901	25.492077001377993	38.03226801835354
26:25	68.88425567735061	75.0	28.83991855970653	28.3473752352791	53.01006249994031	45.37670382491128	34.0	31.57781228998901	25.492077001377993	38.03226801835354
26:30	69.46758901068394	75.0	28.83991855970653	28.3473752352791	53.01006249994031	45.37670382491128	34.0	31.57781228998901	25.492077001377993	38.03226801835354
26:35	70.05092234401728	75.0	28.83991855970653	28.3473752352791	53.01006249994031	45.37670382491128	34.0	31.57781228998901	25.492077001377993	38.03226801835354
26:40	70.63425567735061	75.0	28.83991855970653	28.3473752352791	53.01006249994031	45.37670382491128	34.0	31.57781228998901	25.492077001377993	38.03226801835354
26:45	71.21758901068394	75.0	28.83991855970653	28.3473752352791	53.01006249994031	45.37670382491128	34.0	31.57781228998901	25.492077001377993	38.03226801835354
26:50	71.80092234401728	75.0	28.83991855970653	28.3473752352791	53.01006249994031	45.37670382491128	34.0	31.57781228998901	25.492077001377993	38.03226801835354
26:55	72.38425567735061	75.0	28.83991855970653	28.3473752352791	53.01006249994031	45.37670382491128	34.0	31.57781228998901	25.492077001377993	38.03226801835354
27:00	72.96758901068394	75.0	28.83991855970653	28.3473752352791	53.01006249994031	45.37670382491128	34.0	31.57781228998901	25.492077001377993	38.03226801835354
27:05	73.55092234401728	75.0	28.83991855970653	28.3473752352791	53.01006249994031	45.37670382491128	34.0	31.57781228998901	25.492077001377993	38.03226801835354
27:10	74.08576473734863	75.0	28.83991855970653	28.3473752352791	53.01006249994031	45.37670382491128	34.0	31.57781228998901	25.492077001377993	38.03226801835354
27:15	74.44821717868888	75.0	28.83991855970653	28.3473752352791	53.01006249994031	45.37670382491128	34.0	31.57781228998901	25.492077001377993	38.03226801835354
27:20	74.68731457284235	75.0	28.83991855970653	28.3473752352791	53.01006249994031	45.37670382491128	34.0	31.57781228998901	25.492077001377993	38.03226801835354
27:25	74.8450388902166	75.0	28.83991855970653	28.3473752352791	53.01006249994031	45.37670382491128	34.0	31.57781228998901	25.492077001377993	38.03226801835354
27:30	74.94908419099967	75.0	28.83991855970653	28.3473752352791	53.01006249994031	45.37670382491128	34.0	31.57781228998901	25.492077001377993	38.03226801835354
27:35	75.0	75.0	28.83991855970653	28.3473752352791	53.01006249994031	45.37670382491128	34.0	31.57781228998901	25.492077001377993	38.03226801835354
27:40	75.0	75.0	28.83991855970653	28.3473752352791	53.01006249994031	45.37670382491128	34.0	31.57781228998901	25.492077001377993	38.03226801835354
27:45	75.0	75.0	28.83991855970653	28.3473752352791	53.01006249994031	45.37670382491128	34.0	31.57781228998901	25.492077001377993	38.03226801835354
27:50	75.0	75.0	28.83991855970653	28.3473752352791	53.01006249994031	45.37670382491128	34.0	31.57781228998901	25.492077001377993	38.03226801835354
27:55	75.0	75.0	28.83991855970653	28.3473752352791	53.01006249994031	45.37670382491128	34.0	31.57781228998901	25.492077001377993	38.03226801835354
28:00	75.0	75.0	28.83991855970653	28.3473752352791	53.01006249994031	45.37670382491128	34.0	31.57781228998901	25.492077001377993	38.03226801835354
28:05	75.0	75.0	28.83997812637321	28.3473752352791	53.010122066606996	45.37670382491128	34.0	31.57787185665569	25.49213656804468	38.03232758502022
28:10	75.0	75.0	28.840037693039896	28.3473752352791	53.010181633273675	45.37670382491128	34.0	31.577931423322372	25.49219613471136	38.032387151686905
28:15	75.0	75.0	28.840097259706578	28.3473752352791	53.01024119994036	45.37670382491128	34.0	31.577990989989054	25.492255701378042	38.03244671835359
28:20	75.0	75.0	28.84015682637326	28.3473752352791	53.010300766607045	45.37670382491128	34.0	31.578050556655736	25.492315268044724	38.03250628502027
28:25	75.0	75.0	28.840216393039942	28.3473752352791	53.010360333273724	45.37670382491128	34.0	31.57811012332242	25.492374834711406	38.032565851686954
28:30	75.0	75.0	28.840275959706624	28.3473752352791	53.01041989994041	45.37670382491128	34.0	31.578169689989103	25.49243440137809	38.03262541835363
28:35	75.0	75.0	28.84033552637331	28.3473752352791	53.01047946660709	45.37670382491128	34.0	31.578229256655785	25.492493968044773	38.03268498502032
28:40	75.0	75.0	28.84039509303999	28.3473752352791	53.01053903327377	45.37670382491128	34.0	31.578288823322467	25.492553534711455	38.032744551687
28:45	75.0	75.0	28.840454659706673	28.3473752352791	53.01059859994046	45.37670382491128	34.0	31.57834838998915	25.492613101378137	38.03280411835368
28:50	75.0	75.0	28.840514226373354	28.3473752352791	53.010658166607136	45.37670382491128	34.0	31.578407956655834	25.49267266804482	38.03286368502037
28:55	75.0	75.0	28.840573793040036	28.3473752352791	53.01071773327382	45.37670382491128	34.0	31.578467523322516	25.492732234711504	38.032923251687045
29:00	75.0	75.0	28.84063335970672	28.3473752352791	53.0107772999405	45.37670382491128	34.0	31.578527089989198	25.492791801378186	38.03298281835373
29:05	75.0	75.0	28.841587126373074	28.3473752352791	53.011731066606856	45.37670382491128	34.0	31.57948085665555	25.493745568044538	38.033936585020086
29:10	75.0	75.0	28.842540893039427	28.3473752352791	53.01268483327321	45.37670382491128	34.0	31.580434623321903	25.49469933471089	38.034890351686435
29:15	75.0	75.0	28.84349465970578	28.3473752352791	53.01363859993956	45.37670382491128	34.0	31.581388389988255	25.495653101377243	38.03584411835279
29:20	75.0	75.0	28.844448426372132	28.3473752352791	53.01459236660592	45.37670382491128	34.0	31.582342156654608	25.496606868043596	38.03679788501914
29:25	75.0	75.0	28.845402193038485	28.3473752352791	53.01554613327227	45.37670382491128	34.0	31.58329592332096	25.49756063470995	38.0377516516855
29:30	75.0	75.0	28.846355959704837	28.3473752352791	53.01649989993862	45.37670382491128	34.0	31.584249689987313	25.4985144013763	38.038705418351846
29:35	75.0	75.0	28.84730972637119	28.3473752352791	53.01745366660497	45.37670382491128	34.0	31.585203456653666	25.499468168042654	38.0396591850182
29:40	75.0	75.0	28.848263493037543	28.3473752352791	53.01840743327133	45.37670382491128	34.0	31.58615722332002	25.500421934709006	38.04061295168455
29:45	75.0	75.0	28.849217259703895	28.3473752352791	53.01936119993768	45.37670382491128	34.0	31.58711098998637	25.50137570137536	38.04156671835091
29:50	75.0	75.0	28.850171026370248	28.3473752352791	53.02031496660403	45.37670382491128	34.0	31.588064756652724	25.50232946804171	38.042520485017256
29:55	75.0	75.0	28.8511247930366	28.3473752352791	53.02126873327038	45.37670382491128	34.0	31.589018523319076	25.503283234708064	38.04347425168361
30:00	75.0	75.0	28.852078559702953	28.3473752352791	53.02222249993674	45.37670382491128	34.0	31.589972289985432	25.504237001374417	38.04442801834996
30:05	75.0	75.0	28.854995593036286	28.3473752352791	53.02513953327131	45.37670382491128	34.0	31.59288932331876	25.50715403470775	38.04734505168454
30:10	75.0	75.0	28.857912626369615	28.3473752352791	53.02805656660588	45.37670382491128	34.0	31.595806356652094	25.510071068041082	38.05026208501911
30:15	75.0	75.0	28.860829659702947	28.3473752352791	53.03097359994045	45.37670382491128	34.0	31.598723389985423	25.51298810137441	38.05317911835368
30:20	75.0	75.0	28.86374669303628	28.3473752352791	53.03389063327503	45.37670382491128	34.0	31.601640423318756	25.515905134707744	38.05609615168826
30:25	75.0	75.0	28.86666372636961	28.3473752352791	53.036807666609604	45.37670382491128	34.0	31.60455745665209	25.518822168041073	38.05901318502283
30:30	75.0	75.0	28.86958075970294	28.3473752352791	53.03972469994417	45.37670382491128	34.0	31.607474489985417	25.521739201374405	38.0619302183574
30:35	75.0	75.0	28.872497793036274	28.3473752352791	53.04264173327875	45.37670382491128	34.0	31.61039152331875	25.524656234707738	38.06484725169197
30:40	75.0	75.0	28.875414826369603	28.3473752352791	53.04555876661332	45.37670382491128	34.0	31.613308556652083	25.527573268041067	38.06776428502655
30:45	75.0	75.0	28.878331859702936	28.3473752352791	53.048475799947894	45.37670382491128	34.0	31.61622558998541	25.5304903013744	38.070681318361125
30:50	75.0	75.0	28.88124889303627	28.3473752352791	53.05139283328247	45.37670382491128	34.0	31.619142623318744	25.533407334707732	38.07359835169569
30:55	75.0	75.0	28.884165926369597	28.3473752352791	53.05430986661704	45.37670382491128	34.0	31.622059656652077	25.53632436804106	38.07651538503027
31:00	75.0	75.0	28.88708295970293	28.3473752352791	53.057226899951615	45.37670382491128	34.0	31.624976689985406	25.539241401374394	38.07943241836484
31:05	75.0	75.0	28.892728759702365	28.3473752352791	52.529562361807734	45.37670382491128	34.0	31.63062248998484	25.54488720137383	38.08507821836427
31:10	75.0	75.0	28.8983745597018	28.3473752352791	51.41808211547234	45.37670382491128	34.0	31.63626828998428	25.550533001373264	38.090724018363716
31:15	75.0	75.0	28.90402035970124	28.3473752352791	50.482496715202245	45.37670382491128	34.0	31.641914089983715	25.556178801372702	38.09636981836315
31:20	75.0	75.0	28.909666159700674	28.3473752352791	49.73007335701066	45.37670382491128	34.0	31.64755988998315	25.561824601372138	38.102015618362586
31:25	75.0	75.0	28.91531195970011	28.3473752352791	49.63274990749907	45.37670382491128	34.0	31.653205689982585	25.567470401371573	38.10766141836202
31:30	75.0	75.0	28.920957759699544	28.3473752352791	49.63839570749851	45.37670382491128	34.0	31.65885148998202	25.573116201371008	38.113307218361456
31:35	75.0	75.0	28.92660355969898	28.3473752352791	49.644041507497946	45.37670382491128	34.0	31.66449728998146	25.578762001370443	38.11895301836089
31:40	75.0	75.0	28.932249359698417	28.3473752352791	49.64968730749738	45.37670382491128	34.0	31.670143089980893	25.58440780136988	38.124598818360326
31:45	75.0	75.0	28.937895159697852	27.999521188839893	49.655333107496816	45.37670382491128	34.0	31.67578888998033	25.590053601369316	38.13024461835976
31:50	75.0	75.0	28.943540959697287	27.556274041138085	49.04089308777136	45.37670382491128	34.0	31.681434689979763	25.59569940136875	38.135890418359196
31:55	75.0	75.0	28.949186759696723	27.556274041138085	48.172419431555824	45.37670382491128	34.0	31.6870804899792	25.601345201368186	38.14153621835863
32:00	75.0	75.0	28.954832559696158	27.556274041138085	47.44421407463595	45.37670382491128	34.0	31.532603343091772	25.60699100136762	38.14718201835807
32:05	75.0	75.0	28.963825726362636	27.556274041138085	47.30331928472903	45.37670382491128	34.0	30.393605433147144	25.6159841680341	38.15617518502579
32:10	75.0	75.0	28.972818893029114	27.556274041138085	47.31231245139675	45.37670382491128	34.0	30.09255393183242	25.624977334700578	38.16516835169351
32:15	75.0	75.0	28.981812059695592	27.556274041138085	47.32130561806447	45.37670382491128	34.0	30.09255393183242	25.633970501367056	38.17416151836123
32:20	75.0	75.0	28.99080522636207	27.556274041138085	47.33029878473219	45.37670382491128	34.0	30.09255393183242	25.642963668033534	38.183154685028946
32:25	75.0	75.0	28.99979839302855	27.556274041138085	47.33929195139991	45.37670382491128	34.0	30.09255393183242	25.651956834700012	38.19214785169667
32:30	75.0	75.0	29.008791559695027	27.556274041138085	47.22699062643382	45.37670382491128	34.0	30.09255393183242	25.66095000136649	38.20114101836439
32:35	75.0	75.0	29.017784726361505	27.556274041138085	46.53791748479077	45.37670382491128	34.0	30.09255393183242	25.66994316803297	38.21013418503211
32:40	75.0	75.0	29.026777893027983	27.556274041138085	45.76126951003057	45.37670382491128	34.0	30.09255393183242	25.678936334699447	38.219127351699825
32:45	75.0	75.0	29.03577105969446	27.556274041138085	44.65635483814938	45.37670382491128	34.0	30.09255393183242	25.687929501365925	38.22812051836755
32:50	75.0	75.0	29.044764226360936	27.556274041138085	44.4464265259904	45.37670382491128	34.0	30.09255393183242	25.696922668032403	38.23711368503527
32:55	75.0	75.0	29.053757393027414	27.556274041138085	44.45541969265812	45.37670382491128	34.0	30.09255393183242	25.70591583469888	38.24610685170298
33:00	75.0	75.0	29.062750559693892	27.556274041138085	44.46441285932584	45.37670382491128	34.0	30.09255393183242	25.714909001365356	38.255100018370705
33:05	75.0	75.0	29.07499302636094	27.556274041138085	44.47665532599164	45.37670382491128	34.0	30.09255393183242	25.727151468032403	38.26734248503651
33:10	75.0	75.0	29.087235493027986	27.556274041138085	44.48889779265745	45.37670382491128	34.0	30.09255393183242	25.73939393469945	38.27958495170231
33:15	75.0	75.0	29.099477959695033	27.556274041138085	44.50114025932325	45.37670382491128	34.0	30.09255393183242	25.751636401366497	38.29182741836812
33:20	75.0	75.0	29.11172042636208	27.556274041138085	44.513382725989054	45.37670382491128	34.0	30.002336513999957	25.763878868033544	38.304069885033925
33:25	75.0	75.0	29.123962893029123	27.556274041138085	44.525625192654864	45.37670382491128	34.0	29.102102953548435	25.776121334700587	38.31631235169973
33:30	75.0	75.0	29.13620535969617	27.556274041138085	44.53786765932067	45.37670382491128	34.0	28.62055951058343	25.788363801367634	38.32855481836553
33:35	75.0	75.0	29.148447826363217	27.556274041138085	44.55011012598647	45.37670382491128	34.0	28.632801977250477	25.80060626803468	38.340797285031336
33:40	75.0	75.0	29.160690293030264	27.556274041138085	44.562352592652275	45.37670382491128	34.0	28.645044443917524	25.812848734701728	38.35303975169714
33:45	75.0	75.0	29.17293275969731	27.556274041138085	44.57459505931808	45.37670382491128	34.0	28.65728691058457	25.825091201368775	38.36528221836294
33:50	75.0	75.0	29.185175226364354	27.556274041138085	44.58683752598388	45.37670382491128	34.0	28.669529377251614	25.837333668035818	38.37752468502875
33:55	75.0	75.0	29.1974176930314	27.556274041138085	44.599079992649685	45.37670382491128	34.0	28.68177184391866	25.849576134702865	38.389767151694556
34:00	75.0	75.0	30.43188238192067	27.556274041138085	44.611322459315495	45.37670382491128	34.0	28.694014310585708	25.86181860136991	38.40200961836036
34:05	75.0	75.0	32.28021098192126	27.556274041138085	44.62631772598151	45.37670382491128	34.0	28.709009577252964	25.876813868037168	38.41700488502637
34:10	75.0	75.0	34.12853958192185	27.556274041138085	44.64131299264752	45.37670382491128	34.0	28.72400484392022	25.891809134704424	38.432000151692385
34:15	75.0	75.0	35.97686818192244	27.556274041138085	44.65630825931354	45.37670382491128	34.0	28.739000110587476	25.906804401371684	38.446995418358405
34:20	75.0	75.0	37.82519678192268	27.556274041138085	44.67130352597955	45.37670382491128	34.0	28.753995377254736	25.92179966803894	38.46199068502442
34:25	75.0	75.0	39.673525381922026	27.556274041138085	44.686298792645566	45.37670382491128	34.0	28.768990643921992	25.936794934706196	38.47698595169043
34:30	75.0	75.0	40.024631759699155	27.556274041138085	44.70129405931158	45.37670382491128	34.0	28.783985910589248	25.951790201373452	38.49198121835645
34:35	75.0	75.0	40.03962702636517	27.556274041138085	44.7162893259776	45.37670382491128	34.0	28.798981177256504	25.966785468040708	38.50697648502246
34:40	75.0	75.0	40.05462229303118	27.556274041138085	44.73128459264361	45.37670382491128	34.0	28.787599653405042	25.981780734707964	38.521971751688476
34:45	75.0	75.0	40.0696175596972	27.556274041138085	44.746279859309624	45.37670382491128	34.0	28.057198786323212	25.996776001375224	38.536967018354495
34:50	75.0	75.0	40.08461282636321	27.556274041138085	44.761275125975644	45.37670382491128	34.0	27.444301739061107	26.01177126804248	38.55196228502051
34:55	75.0	75.0	40.099608093029225	27.556274041138085	44.776270392641656	45.37670382491128	34.0	29.292630339061695	26.026766534709736	38.56695755168652
35:00	75.0	75.0	40.114603359695245	27.556274041138085	44.79126565930767	45.37670382491128	34.0	31.140958939062287	26.041761801376992	38.58195281835254
35:05	75.0	75.0	40.064677244696746	27.556274041138085	44.80845442597343	45.37670382491128	34.0	32.99148103906262	26.05895056804399	38.599141585018295
35:10	75.0	75.0	38.946031071040935	27.556274041138085	44.825643192639184	45.37670382491128	34.0	34.84200313906295	26.07613933471099	38.61633035168405
35:15	75.0	75.0	37.91643920167236	27.556274041138085	44.842831959304945	45.37670382491128	34.0	36.69252523906328	26.09332810137799	38.63351911834981
35:20	75.0	75.0	37.118936984730695	27.556274041138085	44.8600207259707	45.37670382491128	34.0	38.54304733906279	26.110516868044986	38.650707885015564
35:25	75.0	75.0	36.98207281987406	27.556274041138085	44.87720949263645	45.37670382491128	34.0	40.39356943906188	26.127705634711987	38.667896651681325
35:30	75.0	75.0	36.98207281987406	27.556274041138085	44.894398259302214	45.37670382491128	34.0	42.24409153906097	26.144894401378984	38.68508541834708
35:35	75.0	75.0	36.98207281987406	27.556274041138085	44.91158702596797	45.37670382491128	34.0	44.09461363906006	26.16208316804598	38.70227418501283
35:40	75.0	75.0	36.679834025424825	27.556274041138085	44.92877579263372	45.37670382491128	34.0	45.94513573905915	26.17927193471298	38.719462951678594
35:45	75.0	75.0	35.81570964440768	27.556274041138085	44.94596455929948	45.37670382491128	34.0	47.795657839058244	26.19646070137998	38.73665171834435
35:50	75.0	75.0	34.693284329211004	27.556274041138085	44.96315332596524	45.37670382491128	34.0	49.64617993905733	26.213649468046977	38.75384048501011
35:55	75.0	75.0	33.83433411503834	27.01517983733072	44.980342092631	45.37670382491128	34.0	51.49670203905642	26.230838234713975	38.77102925167586
36:00	75.0	75.0	33.83433411503834	26.772669943409905	44.99753085929675	45.37670382491128	34.0	53.34722413905551	26.248027001380976	38.78821801834162
36:05	75.0	75.0	33.83433411503834	26.772669943409905	45.01584379262997	45.37670382491128	34.0	52.84353141574254	26.266339934714193	38.80653095167484
36:10	75.0	75.0	33.83433411503834	26.772669943409905	45.034156725963186	45.37670382491128	34.0	51.71167776282294	26.28465286804741	38.82484388500806
36:15	75.0	75.0	33.363798202616834	26.772669943409905	45.052469659296406	45.37670382491128	34.0	51.30752842840871	26.30296580138063	38.84315681834127
36:20	75.0	75.0	32.18451382423482	26.772669943409905	45.07078259262963	45.37670382491128	34.0	50.1828086639208	26.321278734713847	38.86146975167449
36:25	75.0	75.0	31.12111035524255	26.772669943409905	45.08909552596284	45.16396956178092	34.0	49.251722702471675	25.18246732780799	38.87978268500771
36:30	75.0	75.0	30.183745541179317	26.772669943409905	45.10740845929606	44.37676073132646	34.0	48.71615115216877	25.20078026114121	38.898095618340925
36:35	75.0	75.0	30.089501937739975	26.772669943409905	45.12572139262928	45.188311568040525	34.0	48.73446408550199	25.21909319447443	38.916408551674145
36:40	75.0	75.0	30.10781487107319	26.772669943409905	45.144034325962494	47.02164490137386	34.0	48.752777018835204	25.237406127807645	38.934721485007366
36:45	75.0	75.0	30.12612780440641	26.203038797972166	45.162347259295714	48.85497823470719	34.0	48.771089952168424	25.255719061140866	38.95303441834058
36:50	75.0	75.0	29.276438111172077	25.2113282919319	45.180660192628935	50.688311568040525	34.0	48.789402885501644	25.274031994474083	38.9713473516738
36:55	75.0	75.0	28.09088815332166	24.255975324756037	45.19897312596215	52.52164490137386	34.0	48.80771581883486	25.292344927807303	38.98966028500702
37:00	75.0	75.0	26.830739431999685	23.608215072381082	45.21728605929537	54.354376986818394	34.0	48.82602875216808	25.31065786114052	39.00797321834023
37:05	75.0	75.0	26.50616771084006	22.667245309662633	45.236302459294826	55.9073727542787	34.0	48.845045152167536	25.329674261139978	39.0269896183397
37:10	75.0	75.0	26.52518411083952	21.79646460676988	45.25531885929429	57.045021221759065	34.0	48.864061552166994	25.34869066113944	39.046006018339156
37:15	75.0	75.0	26.54420051083898	21.35761633163542	45.27433525929375	56.40935378942594	34.0	48.88307795216646	25.367707061138898	39.065022418338614
37:20	75.0	75.0	26.563216910838438	21.35761633163542	45.29335165929321	55.87584685664873	34.0	48.90209435216592	25.38672346113836	39.08403881833807
37:25	75.0	75.0	26.5822333108379	21.35761633163542	45.312368059292666	55.89486325664819	34.0	48.921110752165376	25.405739861137818	39.10305521833754
37:30	75.0	75.0	26.601249710837358	21.35761633163542	45.331384459292124	55.91387965664765	34.0	48.940127152164834	25.424756261137276	39.122071618336996
37:35	75.0	75.0	26.62026611083682	21.35761633163542	45.35040085929159	55.93289605664711	34.0	48.9211557765163	25.443772661136737	39.141088018336454
37:40	75.0	75.0	26.639282510836278	21.35761633163542	45.36941725929105	55.95191245664657	34.0	48.08539655811506	25.462789061136196	39.16010441833591
37:45	75.0	75.0	26.658298910835736	21.35761633163542	45.388433659290506	55.97092885664603	34.0	47.06253190712185	25.481805461135657	39.17912081833537
37:50	75.0	75.0	26.677315310835198	21.35761633163542	45.407450059289964	55.98994525664549	34.0	46.212865954540064	25.500821861135115	39.198137218334836
37:55	75.0	75.0	26.696331710834656	21.35761633163542	45.42646645928942	56.00896165664495	34.0	45.56760762964957	25.519838261134574	39.217153618334294
38:00	75.0	75.0	26.715348110834118	21.35761633163542	45.44548285928889	55.81404590719305	34.0	44.683299315463614	24.448937450529556	39.23617001833375
38:05	75.0	75.0	26.733346444167797	21.35761633163542	45.46348119262132	55.16119505690356	34.0	44.5278196529054	24.252487599950822	39.25416835166619
38:10	75.0	75.0	26.75134477750148	21.35761633163542	45.481479525953766	54.108804462837206	34.0	44.545817986237836	24.270485933284505	39.27216668499863
38:15	75.0	75.0	26.76934311083516	21.35761633163542	45.4994778592862	53.4268805970417	34.0	44.56381631957028	24.288484266618184	39.29016501833107
38:20	75.0	75.0	26.78734144416884	21.35761633163542	45.517476192618645	53.444878930374145	34.0	44.581814652902715	24.306482599951863	39.30816335166351
38:25	75.0	75.0	26.80533977750252	21.35761633163542	45.53547452595108	53.46287726370658	34.0	44.59981298623516	24.324480933285546	39.326161684995945
38:30	75.0	75.0	26.8233381108362	21.35761633163542	45.553472859283524	53.480875597039024	34.0	44.61781131956759	24.342479266619225	39.34416001832839
38:35	75.0	75.0	26.841336444169883	21.35761633163542	45.57147119261596	53.49887393037146	34.0	44.635809652900036	24.360477599952908	39.362158351660824
38:40	75.0	74.6094535760096	26.859334777503562	21.35761633163542	45.589469525948395	53.5168722637039	34.0	44.65380798623247	24.378475933286587	39.38015668499327
38:45	75.0	73.83365409110664	26.877333110837245	21.35761633163542	45.60746785928084	53.53487059703634	33.27066773840659	44.671806319564915	24.39647426662027	39.23025467497575
38:50	75.0	72.98884687937591	26.895331444170925	21.35761633163542	44.9617618114453	52.66362870279837	33.08596524780038	44.68980465289735	24.41447259995395	38.09311004731023
38:55	75.0	71.90676200489987	26.913329777504607	21.35761633163542	43.881168649583884	51.888494978369124	33.10396358113406	44.707802986229794	24.432470933287632	36.75929290756124
39:00	75.0	70.88976655236165	26.931328110838287	21.35761633163542	43.22724845663075	51.513541459310275	33.12196191446774	44.72580131956223	24.45046926662131	35.647080970843724
39:05	75.0	70.46577634655532	26.947693277504897	21.35761633163542	42.81094790176709	51.529906625976885	33.13832708113435	44.74216648622884	24.46683443328792	35.45209015903234
39:10	75.0	70.48214151322193	26.964058444171503	21.35761633163542	42.8273130684337	51.546271792643495	33.15469224780095	44.67360128894865	24.483199599954528	35.46845532569895
39:15	75.0	70.49850667988854	26.98042361083811	21.35761633163542	42.843678235100306	51.5626369593101	33.17105741446756	43.86559967790743	24.499564766621134	35.48482049236556
39:20	75.0	70.51487184655514	26.996788777504715	21.35761633163542	42.860043401766916	51.172043569726384	33.18742258113417	43.156327284976165	24.51592993328774	35.50118565903216
39:25	75.0	70.53123701322174	27.013153944171325	21.35761633163542	42.876408568433526	51.13600227835532	33.203787747800774	42.99141451981873	24.53229509995435	35.51755082569877
39:30	75.0	70.54760217988836	27.223963555282374	21.35761633163542	42.70919523193243	51.13600227835532	33.220152914467384	43.007779686485335	24.548660266620956	35.53391599236537
39:35	75.0	70.56396734655496	27.823662055282316	21.35761633163542	42.078336078434894	51.13600227835532	33.236518081133994	43.024144853151945	24.565025433287563	35.55028115903198
39:40	75.0	70.58033251322156	28.423360555282255	21.35761633163542	41.22405264996632	51.13600227835532	33.2528832478006	43.040510019818555	24.58139059995417	35.56664632569859
39:45	75.0	70.59669767988818	29.023059055282197	21.35761633163542	40.261192039137	51.13600227835532	33.26924841446721	43.05687518648516	24.597755766620775	35.583011492365195
39:50	75.0	70.61306284655478	29.622757555282135	21.35761633163542	40.39937775487111	51.13600227835532	33.28561358113381	43.07324035315177	24.614120933287385	35.599376659031805
39:55	75.0	70.62942801322139	30.222456055282077	21.35761633163542	40.36911364126431	51.13600227835532	33.30197874780042	43.08960551981838	24.63048609995399	35.615741825698414
40:00	75.0	70.645793179888	30.82215455528202	21.35761633163542	40.36911364126431	51.13600227835532	33.31834391446703	43.10597068648498	24.646851266620597	35.63210699236502
40:05	75.0	70.65990467988796	31.41959938861531	21.35761633163542	40.36911364126431	51.08576838685689	33.332455414466985	43.12008218648494	24.660962766620557	35.64621849236498
40:10	75.0	70.67401617988791	32.0170442219486	21.35761633163542	40.36911364126431	50.675928208798105	33.34656691446695	43.1341936864849	24.67507426662052	35.660329992364936
40:15	75.0	70.68812767988788	32.6144890552819	21.35761633163542	40.36911364126431	50.675928208798105	33.3606784144669	43.14830518648486	24.68918576662048	35.6744414923649
40:20	75.0	70.70223917988784	33.21193388861519	21.35761633163542	40.36911364126431	50.675928208798105	33.192468334893405	43.162416686484825	24.70329726662044	35.68855299236486
40:25	75.0	70.7163506798878	33.809378721948484	21.35761633163542	40.36911364126431	50.675928208798105	32.610532513174185	43.17652818648478	24.717408766620398	35.70266449236482
40:30	75.0	70.73046217988775	34.40682355528178	21.35761633163542	40.36911364126431	50.675928208798105	32.62464401317414	43.190639686484744	24.73152026662036	35.71677599236478
40:35	75.0	70.74457367988772	35.004268388615074	21.35761633163542	40.36911364126431	50.66580085167176	32.638755513174104	43.2047511864847	24.155051549619774	35.730887492364744
40:40	75.0	70.75868517988768	35.601713221948366	21.35761633163542	40.14497231968194	50.058866304837096	32.65286701317407	43.21886268648466	23.693015204094603	35.7449989923647
40:45	75.0	70.77279667988763	36.19915805528166	21.35761633163542	40.14497231968194	50.04998565979935	32.66697851317402	43.232974186484626	23.707126704094563	35.75911049236466
40:50	75.0	70.24222469739118	36.796602888614956	21.35761633163542	40.14497231968194	50.0640971597993	32.681090013173986	43.24708568648458	23.721238204094522	35.77322199236462
40:55	75.0	69.26833797620154	37.39404772194824	21.35761633163542	40.14497231968194	50.078208659799266	32.69520151317394	43.261197186484544	23.735349704094485	35.78733349236458
41:00	75.0	68.15110336754019	37.99149255528154	21.35761633163542	40.04999844773448	50.09232015979922	32.709313013173904	43.27530868648451	23.749461204094445	35.801444992364544
41:05	75.0	67.22593130730397	38.58579428861391	21.35761633163542	39.88815108774087	50.103288559798266	32.72028141317419	43.286277086483544	23.76042960409473	35.812413392364824
41:10	75.0	66.43582553004096	39.18009602194629	20.767596186451375	39.89911948773992	50.11425695979731	32.73124981317447	43.29724548648259	23.771398004095012	35.82338179236511
41:15	75.0	66.13738569746671	39.77439775527866	19.87404891395204	39.91008788773896	50.12522535979635	32.74221821317476	43.30821388648163	23.782366404095296	35.83435019236539
41:20	75.0	66.13738569746671	40.36869948861104	19.11216787857051	39.921056287738004	50.1361937597954	32.75318661317504	43.319182286480675	23.79333480409558	35.84531859236568
41:25	75.0	66.13738569746671	40.963001221943415	18.98693043274224	39.93202468773704	49.86146162261848	32.764155013175326	43.33015068647972	23.804303204095863	35.85628699236596
41:30	75.0	66.13738569746671	41.55730295527579	18.31322507444087	39.942993087736085	49.37040074128731	32.775123413175606	43.341119086478756	23.81527160409615	35.867255392366246
41:35	75.0	66.13738569746671	42.15160468860817	17.484006264026995	39.95396148773513	49.381369141286356	32.786091813175894	43.3520874864778	23.826240004096434	35.87822379236653
41:40	75.0	66.13738569746671	42.74590642194054	16.47679563450429	39.96492988773417	49.3923375412854	32.79706021317618	43.36305588647684	23.837208404096717	35.889192192366814
41:45	75.0	66.13738569746671	43.34020815527292	16.44647618444404	39.74695905615086	49.40330594128444	32.80802861317646	43.37402428647589	23.848176804097	35.9001605923671
41:50	75.0	66.13738569746671	43.93450988860529	16.45744458444433	39.7579274561499	49.41427434128348	32.81899701317675	43.38499268647493	23.859145204097285	35.91112899236738
41:55	75.0	66.13738569746671	44.52881162193767	16.468412984444612	39.76889585614894	49.18364596647186	32.82996541317703	43.39596108647397	23.87011360409757	35.92209739236767
42:00	75.0	66.13738569746671	45.12311335527004	16.479381384444896	39.77986425614798	48.5371896179245	32.33399873625012	43.40692948647301	23.881082004097852	35.93306579236795
42:05	75.0	66.13738569746671	45.714168088603536	16.48710278444505	39.78758565614814	47.704655881306685	31.855532063926	43.41465088647317	23.88880340409801	35.940787192368106
42:10	75.0	66.13738569746671	46.30522282193702	17.105935295556314	39.464811572727214	47.43857613806537	32.61492214129727	43.42237228647332	23.43186670838352	35.94850859236826
42:15	75.0	66.13738569746671	46.89627755527051	18.946990028889804	39.47253297272737	47.44629753806553	33.11586562501092	43.43009368647348	22.83579592174574	35.956229992368414
42:20	75.0	66.13738569746671	47.487332288603994	20.788044762223294	39.48025437272752	47.45401893806569	33.44632079074581	43.437815086473634	22.83579592174574	35.96395139236857
42:25	75.0	66.13738569746671	48.07838702193749	22.62909949555678	39.48797577272768	47.46174033806584	33.664310684039435	43.445536486473785	22.83579592174574	35.97167279236873
42:30	75.0	66.13738569746671	48.669441755270974	24.47015422889027	39.49569717272783	47.469461738065995	33.80811110995346	43.45325788647394	22.83579592174574	35.97939419236888
42:35	74.9198933197683	66.13738569746671	49.26049648860446	26.31120896222376	39.50341857272799	47.47718313806615	33.90297129902287	43.4609792864741	22.83579592174574	35.98711559236904
42:40	74.14146294606391	66.13738569746671	49.85155122193795	28.152263695557245	39.511139972728145	47.4849045380663	33.96554729915005	43.46870068647425	22.83579592174574	35.994836992369194
42:45	73.0607102750673	66.13738569746671	50.43457229614384	29.993318428890735	39.518861372728296	46.95466407419079	34.0	43.47642208647441	22.83579592174574	36.002558392369345
42:50	71.93641949254175	66.13738569746671	50.89719787384267	31.83437316222422	39.504950993547055	46.107869741344885	34.0	43.484143486474565	22.83579592174574	36.0102797923695
42:55	71.3888120368793	66.13738569746671	51.23609466320547	33.67542789555771	39.1705157901067	45.63696173694977	34.0	43.491864886474715	22.83579592174574	36.01800119236965
43:00	71.3888120368793	66.13738569746671	51.484353815697	35.5164826288912	39.17823719010685	45.63696173694977	34.0	43.49958628647487	22.83579592174574	36.02572259236981
43:05	71.3888120368793	66.13738569746671	51.66346974667335	37.35433299555812	39.18275422344043	45.63696173694977	34.0	43.50410331980845	22.83579592174574	36.03023962570339
43:10	71.3888120368793	66.13738569746671	51.794681285459326	39.19218336222503	39.18727125677401	45.63696173694977	34.0	43.50862035314203	22.83579592174574	36.03475665903697
43:15	71.3888120368793	66.13738569746671	51.89080041800514	41.030033728891944	39.19178829010759	45.63696173694977	34.0	43.51313738647561	22.83579592174574	36.03927369237055
43:20	71.3888120368793	66.13738569746671	51.96121257631716	42.86788409555886	39.196305323441166	45.63696173694977	34.0	43.51765441980919	22.83579592174574	36.04379072570413
43:25	71.3888120368793	66.13738569746671	52.0	44.70573446222577	39.20082235677475	45.63696173694977	34.0	43.52217145314277	22.83579592174574	36.04830775903771
43:30	71.3888120368793	66.13738569746671	52.0	46.54358482889268	39.20533939010833	45.53698519286092	34.0	43.52668848647635	22.83579592174574	36.05282479237129
43:35	71.3888120368793	66.13738569746671	52.0	48.3814351955596	39.209856423441906	44.9627135691673	34.0	43.53120551980993	22.83579592174574	36.05734182570487
43:40	71.3888120368793	66.13738569746671	52.0	50.21928556222651	39.21437345677549	44.9627135691673	33.16722261124724	43.53572255314351	22.83579592174574	36.061858859038445
43:45	71.3888120368793	66.13738569746671	52.0	52.05713592889342	39.21889049010907	44.9627135691673	32.62611923537887	43.54023958647709	22.83579592174574	36.06637589237203
43:50	71.3888120368793	66.13738569746671	52.0	53.89498629556034	39.223407523442646	44.9627135691673	32.62611923537887	43.54475661981067	22.83579592174574	36.07089292570561
43:55	71.3888120368793	66.13738569746671	52.0	55.56579694060292	39.22792455677623	44.9627135691673	32.62611923537887	43.54927365314425	22.83579592174574	36.075409959039185
44:00	71.3888120368793	66.13738569746671	52.0	56.79867120282928	39.23244159010981	44.9627135691673	32.62611923537887	43.553790686477825	22.83579592174574	36.07992699237277
44:05	71.3888120368793	66.13738569746671	52.0	57.69955273480143	39.23431999011024	44.9627135691673	32.62611923537887	43.55566908647826	22.83579592174574	36.0818053923732
44:10	71.3888120368793	66.13738569746671	52.0	58.35949432363498	39.23619839011067	44.9627135691673	32.62611923537887	43.5575474864787	22.83579592174574	36.083683792373634
44:15	71.3888120368793	66.13738569746671	52.0	58.84293513712214	39.23807679011111	44.9627135691673	32.62611923537887	43.559425886479126	22.83579592174574	36.08556219237406
44:20	71.3888120368793	66.13738569746671	52.0	59.19708014646787	39.23995519011154	44.54523494442894	32.62611923537887	43.56130428647956	22.83579592174574	36.0874405923745
44:25	71.3888120368793	66.13738569746671	52.0	59.45650939643093	39.24183359011197	44.08291043417264	32.62611923537887	43.56318268647999	22.83579592174574	36.089318992374935
44:30	71.3888120368793	66.13738569746671	52.0	59.646554530374026	39.24371199011241	44.08291043417264	32.62611923537887	43.565061086480426	22.83579592174574	36.09119739237536
44:35	71.3888120368793	66.13738569746671	52.0	59.78577226677265	39.24559039011284	44.08291043417264	32.62611923537887	43.56693948648086	22.83579592174574	36.0930757923758
44:40	71.3888120368793	66.13738569746671	52.0	59.887756346690004	39.247468790113274	44.08291043417264	32.62611923537887	43.56881788648129	22.83579592174574	36.094954192376235
44:45	71.3888120368793	66.13738569746671	52.0	59.96246487755425	39.2493471901137	44.08291043417264	32.62611923537887	43.57069628648173	22.83579592174574	36.096832592376664
44:50	71.3888120368793	66.13738569746671	52.0	60.0	39.25122559011414	44.08291043417264	32.62611923537887	43.57257468648216	22.83579592174574	36.0987109923771
44:55	71.3888120368793	66.13738569746671	52.0	60.0	39.253103990114575	44.08291043417264	32.62611923537887	43.57445308648259	22.83579592174574	36.10058939237753
45:00	71.3888120368793	66.13738569746671	52.0	60.0	39.254982390115	44.08291043417264	32.62611923537887	43.57633148648303	22.83579592174574	35.73634327305742
45:05	71.3888120368793	66.13738569746671	52.0	60.0	39.25530879011436	44.08291043417264	32.62611923537887	43.57665788648239	22.83579592174574	34.5691598301627
45:10	71.3888120368793	66.13738569746671	52.0	60.0	39.25563519011372	44.08291043417264	32.62611923537887	43.576984286481746	22.83579592174574	33.23355582040503
45:15	71.3888120368793	66.13738569746671	52.0	60.0	39.25596159011309	44.08291043417264	32.62611923537887	43.577310686481106	22.83579592174574	32.13111137340746
45:20	71.3888120368793	66.13738569746671	52.0	60.0	39.25628799011245	44.08291043417264	32.62611923537887	43.577637086480465	22.83579592174574	32.13111137340746
45:25	71.3888120368793	66.13738569746671	52.0	60.0	39.25661439011181	44.08291043417264	32.62611923537887	43.577963486479824	22.83579592174574	32.13111137340746
45:30	71.3888120368793	66.13738569746671	52.0	60.0	39.256940790111166	44.08291043417264	32.62611923537887	43.57828988647919	22.83579592174574	32.13111137340746
45:35	71.3888120368793	66.13738569746671	52.0	60.0	39.257267190110525	44.08291043417264	32.62611923537887	43.57861628647855	22.83579592174574	32.13111137340746
45:40	71.3888120368793	66.13738569746671	52.0	60.0	39.257593590109884	44.08291043417264	32.62611923537887	43.57894268647791	22.83579592174574	32.13111137340746
45:45	70.86864692231262	66.13738569746671	52.0	60.0	39.257919990109244	44.08291043417264	32.62611923537887	43.57926908647727	22.83579592174574	32.13111137340746
45:50	69.74347563220795	66.13738569746671	52.0	60.0	39.25824639010861	44.08291043417264	32.62611923537887	43.57959548647663	22.83579592174574	32.13111137340746
45:55	68.76434329773296	66.13738569746671	52.0	60.0	39.25857279010797	44.08291043417264	32.62611923537887	43.57992188647599	22.83579592174574	32.13111137340746
46:00	67.92576195692169	66.13738569746671	52.0	60.0	39.25889919010733	44.08291043417264	32.62611923537887	43.580248286475346	22.83579592174574	32.13111137340746
46:05	67.78370474112397	66.13738569746671	52.0	60.0	39.25889919010733	44.08291043417264	32.62611923537887	43.580248286475346	22.83579592174574	32.13111137340746
46:10	67.78370474112397	66.13738569746671	52.0	60.0	39.25889919010733	44.08291043417264	32.62611923537887	43.580248286475346	22.83579592174574	32.13111137340746
46:15	67.78370474112397	66.13738569746671	52.0	60.0	39.25889919010733	44.08291043417264	32.62611923537887	43.580248286475346	22.83579592174574	32.13111137340746
46:20	67.78370474112397	66.13738569746671	52.0	60.0	39.25889919010733	44.08291043417264	32.62611923537887	43.580248286475346	22.83579592174574	32.13111137340746
46:25	67.78370474112397	66.13738569746671	52.0	60.0	39.25889919010733	44.08291043417264	32.62611923537887	43.580248286475346	22.83579592174574	32.13111137340746
46:30	67.78370474112397	66.13738569746671	52.0	60.0	39.25889919010733	44.08291043417264	32.62611923537887	43.580248286475346	22.83579592174574	32.13111137340746
46:35	67.78370474112397	66.13738569746671	52.0	60.0	39.25889919010733	44.08291043417264	32.62611923537887	43.580248286475346	22.83579592174574	32.13111137340746
46:40	67.78370474112397	66.13738569746671	52.0	60.0	39.25889919010733	44.08291043417264	32.62611923537887	43.580248286475346	22.83579592174574	32.13111137340746
46:45	67.78370474112397	66.13738569746671	52.0	60.0	39.25889919010733	44.08291043417264	32.62611923537887	43.580248286475346	22.83579592174574	32.13111137340746
46:50	67.78370474112397	66.13738569746671	52.0	60.0	39.25889919010733	44.08291043417264	32.62611923537887	43.580248286475346	22.83579592174574	32.13111137340746
46:55	67.78370474112397	66.13738569746671	52.0	60.0	39.25889919010733	44.08291043417264	32.62611923537887	43.580248286475346	22.83579592174574	32.13111137340746
47:00	67.78370474112397	66.13738569746671	52.0	60.0	39.25889919010733	44.08291043417264	32.62611923537887	43.580248286475346	22.83579592174574	32.13111137340746
47:05	67.78370474112397	66.13738569746671	52.0	60.0	39.25889919010733	44.08291043417264	32.62611923537887	43.580248286475346	22.83579592174574	32.13111137340746
47:10	67.78370474112397	66.13738569746671	52.0	60.0	39.25889919010733	44.08291043417264	32.62611923537887	43.580248286475346	22.83579592174574	32.13111137340746
47:15	67.78370474112397	66.13738569746671	52.0	60.0	39.25889919010733	44.08291043417264	32.62611923537887	43.580248286475346	22.83579592174574	32.13111137340746
47:20	67.78370474112397	66.13738569746671	52.0	60.0	39.25889919010733	44.08291043417264	32.62611923537887	43.580248286475346	22.83579592174574	32.13111137340746
47:25	67.78370474112397	66.13738569746671	52.0	60.0	39.25889919010733	44.08291043417264	32.62611923537887	43.580248286475346	22.83579592174574	32.13111137340746
47:30	67.78370474112397	66.13738569746671	52.0	60.0	39.25889919010733	44.08291043417264	32.62611923537887	43.580248286475346	22.83579592174574	32.13111137340746
47:35	67.78370474112397	66.13738569746671	52.0	60.0	39.25889919010733	44.08291043417264	32.62611923537887	43.580248286475346	22.83579592174574	32.13111137340746
47:40	67.78370474112397	66.13738569746671	52.0	60.0	39.25889919010733	44.08291043417264	32.62611923537887	43.580248286475346	22.83579592174574	32.13111137340746
47:45	67.78370474112397	66.13738569746671	52.0	60.0	39.25889919010733	44.08291043417264	32.62611923537887	43.580248286475346	22.83579592174574	32.13111137340746
47:50	67.78370474112397	66.13738569746671	52.0	60.0	39.25889919010733	44.08291043417264	32.62611923537887	43.580248286475346	22.83579592174574	32.13111137340746
47:55	67.78370474112397	66.13738569746671	52.0	60.0	39.25889919010733	44.08291043417264	32.62611923537887	43.580248286475346	22.83579592174574	32.13111137340746
48:00	67.78370474112397	66.13738569746671	52.0	60.0	39.25889919010733	44.08291043417264	32.62611923537887	43.580248286475346	22.83579592174574	32.13111137340746
48:05	67.78370474112397	66.13738569746671	52.0	60.0	39.25889919010733	44.08291043417264	32.62611923537887	43.580248286475346	22.83579592174574	32.13111137340746
48:10	67.78370474112397	66.13738569746671	52.0	60.0	39.25889919010733	44.08291043417264	32.62611923537887	43.580248286475346	22.83579592174574	32.13111137340746
48:15	67.78370474112397	66.13738569746671	52.0	60.0	39.25889919010733	44.08291043417264	32.62611923537887	43.580248286475346	22.83579592174574	32.13111137340746
48:20	67.78370474112397	66.13738569746671	52.0	60.0	39.25889919010733	44.08291043417264	32.62611923537887	43.580248286475346	22.83579592174574	32.13111137340746
48:25	67.78370474112397	66.13738569746671	52.0	60.0	39.25889919010733	44.08291043417264	32.62611923537887	43.580248286475346	22.83579592174574	32.13111137340746
48:30	67.78370474112397	66.13738569746671	52.0	60.0	39.25889919010733	44.08291043417264	32.62611923537887	43.580248286475346	22.83579592174574	32.13111137340746
48:35	67.78370474112397	66.13738569746671	52.0	60.0	39.25889919010733	44.08291043417264	32.62611923537887	43.580248286475346	22.83579592174574	32.13111137340746
48:40	67.78370474112397	66.13738569746671	52.0	60.0	39.25889919010733	44.08291043417264	32.62611923537887	43.580248286475346	22.83579592174574	32.13111137340746
48:45	67.78370474112397	66.13738569746671	52.0	60.0	39.25889919010733	44.08291043417264	32.62611923537887	43.580248286475346	22.83579592174574	32.13111137340746
48:50	67.78370474112397	66.13738569746671	52.0	60.0	39.25889919010733	44.08291043417264	32.62611923537887	43.580248286475346	22.83579592174574	32.13111137340746
48:55	67.78370474112397	66.13738569746671	52.0	60.0	39.25889919010733	44.08291043417264	32.62611923537887	43.580248286475346	22.83579592174574	32.13111137340746
49:00	67.78370474112397	66.13738569746671	52.0	60.0	39.25889919010733	44.08291043417264	32.62611923537887	43.580248286475346	22.83579592174574	32.13111137340746
49:05	67.78370474112397	66.13738569746671	52.0	60.0	39.25889919010733	44.08291043417264	32.62611923537887	43.580248286475346	22.83579592174574	32.13111137340746
49:10	67.78370474112397	66.13738569746671	52.0	60.0	39.25889919010733	44.08291043417264	32.62611923537887	43.580248286475346	22.83579592174574	32.13111137340746
49:15	67.78370474112397	66.13738569746671	52.0	60.0	39.25889919010733	44.08291043417264	32.62611923537887	43.580248286475346	22.83579592174574	32.13111137340746
49:20	67.78370474112397	66.13738569746671	52.0	60.0	39.25889919010733	44.08291043417264	32.62611923537887	43.580248286475346	22.83579592174574	32.13111137340746
49:25	67.78370474112397	66.13738569746671	52.0	60.0	39.25889919010733	44.08291043417264	32.62611923537887	43.580248286475346	22.83579592174574	32.13111137340746
49:30	67.78370474112397	66.13738569746671	52.0	60.0	39.25889919010733	44.08291043417264	32.62611923537887	43.580248286475346	22.83579592174574	32.13111137340746
49:35	67.78370474112397	66.13738569746671	52.0	60.0	39.25889919010733	44.08291043417264	32.62611923537887	43.580248286475346	22.83579592174574	32.13111137340746
49:40	67.78370474112397	66.13738569746671	52.0	60.0	39.25889919010733	44.08291043417264	32.62611923537887	43.580248286475346	22.83579592174574	32.13111137340746
49:45	67.78370474112397	66.13738569746671	52.0	60.0	39.25889919010733	44.08291043417264	32.62611923537887	43.580248286475346	22.83579592174574	32.13111137340746
49:50	67.78370474112397	66.13738569746671	52.0	60.0	39.25889919010733	44.08291043417264	32.62611923537887	43.580248286475346	22.83579592174574	32.13111137340746
49:55	67.78370474112397	66.13738569746671	52.0	60.0	39.25889919010733	44.08291043417264	32.62611923537887	43.580248286475346	22.83579592174574	32.13111137340746
50:00	67.78370474112397	66.13738569746671	52.0	60.0	39.25889919010733	44.08291043417264	32.62611923537887	43.580248286475346	22.83579592174574	32.13111137340746
50:05	67.78370474112397	66.13738569746671	52.0	60.0	39.25889919010733	44.08291043417264	32.62611923537887	43.580248286475346	22.83579592174574	32.13111137340746
50:10	67.78370474112397	66.13738569746671	52.0	60.0	39.25889919010733	44.08291043417264	32.62611923537887	43.580248286475346	22.83579592174574	32.13111137340746
50:15	67.78370474112397	66.13738569746671	52.0	60.0	39.25889919010733	44.08291043417264	32.62611923537887	43.580248286475346	22.83579592174574	32.13111137340746
50:20	67.78370474112397	66.13738569746671	52.0	60.0	39.25889919010733	44.08291043417264	32.62611923537887	43.580248286475346	22.83579592174574	32.13111137340746
50:25	67.78370474112397	66.13738569746671	52.0	60.0	39.25889919010733	44.08291043417264	32.62611923537887	43.580248286475346	22.83579592174574	32.13111137340746
50:30	67.78370474112397	66.13738569746671	52.0	60.0	39.25889919010733	44.08291043417264	32.62611923537887	43.580248286475346	22.83579592174574	32.13111137340746
50:35	67.78370474112397	66.13738569746671	52.0	60.0	39.25889919010733	44.08291043417264	32.62611923537887	43.580248286475346	22.83579592174574	32.13111137340746
50:40	67.78370474112397	66.13738569746671	52.0	60.0	39.25889919010733	44.08291043417264	32.62611923537887	43.580248286475346	22.83579592174574	32.13111137340746
50:45	67.78370474112397	66.13738569746671	52.0	60.0	39.25889919010733	44.08291043417264	32.62611923537887	43.580248286475346	22.83579592174574	32.13111137340746
50:50	67.78370474112397	66.13738569746671	52.0	60.0	39.25889919010733	44.08291043417264	32.62611923537887	43.580248286475346	22.83579592174574	32.13111137340746
50:55	67.78370474112397	66.13738569746671	52.0	60.0	39.25889919010733	44.08291043417264	32.62611923537887	43.580248286475346	22.83579592174574	32.13111137340746
51:00	67.78370474112397	66.13738569746671	52.0	60.0	39.25889919010733	44.08291043417264	32.62611923537887	43.580248286475346	22.83579592174574	32.13111137340746
51:05	67.78370474112397	66.13738569746671	52.0	60.0	39.25889919010733	44.08291043417264	32.62611923537887	43.580248286475346	22.83579592174574	32.13111137340746
51:10	67.78370474112397	66.13738569746671	52.0	60.0	39.25889919010733	44.08291043417264	32.62611923537887	43.580248286475346	22.83579592174574	32.13111137340746
51:15	67.78370474112397	66.13738569746671	52.0	60.0	39.25889919010733	44.08291043417264	32.62611923537887	43.580248286475346	22.83579592174574	32.13111137340746
51:20	67.78370474112397	66.13738569746671	52.0	60.0	39.25889919010733	44.08291043417264	32.62611923537887	43.580248286475346	22.83579592174574	32.13111137340746
51:25	67.78370474112397	66.13738569746671	52.0	60.0	39.25889919010733	44.08291043417264	32.62611923537887	43.580248286475346	22.83579592174574	32.13111137340746
51:30	67.78370474112397	66.13738569746671	52.0	60.0	39.25889919010733	44.08291043417264	32.62611923537887	43.580248286475346	22.83579592174574	32.13111137340746
51:35	67.78370474112397	66.13738569746671	52.0	60.0	39.25889919010733	44.08291043417264	32.62611923537887	43.580248286475346	22.83579592174574	32.13111137340746
51:40	67.78370474112397	66.13738569746671	52.0	60.0	39.25889919010733	44.08291043417264	32.62611923537887	43.580248286475346	22.83579592174574	32.13111137340746
51:45	67.78370474112397	66.13738569746671	52.0	60.0	39.25889919010733	44.08291043417264	32.62611923537887	43.580248286475346	22.83579592174574	32.13111137340746
51:50	67.78370474112397	66.13738569746671	52.0	60.0	39.25889919010733	44.08291043417264	32.62611923537887	43.580248286475346	22.83579592174574	32.13111137340746
51:55	67.78370474112397	66.13738569746671	52.0	60.0	39.25889919010733	44.08291043417264	32.62611923537887	43.580248286475346	22.83579592174574	32.13111137340746
52:00	67.78370474112397	66.13738569746671	52.0	60.0	39.25889919010733	44.08291043417264	32.62611923537887	43.580248286475346	22.83579592174574	32.13111137340746
52:05	67.78370474112397	66.13738569746671	52.0	60.0	39.25895875677401	44.08291043417264	32.62611923537887	43.58030785314203	22.83579592174574	32.13111137340746
52:10	67.78370474112397	66.13738569746671	52.0	60.0	39.25901832344069	44.08291043417264	32.62611923537887	43.58036741980872	22.83579592174574	32.13111137340746
52:15	67.78370474112397	66.13738569746671	52.0	60.0	39.25907789010738	44.08291043417264	32.62611923537887	43.580426986475395	22.83579592174574	32.13111137340746
52:20	67.78370474112397	66.13738569746671	52.0	60.0	39.259137456774056	44.08291043417264	32.62611923537887	43.58048655314208	22.83579592174574	32.13111137340746
52:25	67.78370474112397	66.13738569746671	52.0	60.0	39.25919702344074	44.08291043417264	32.62611923537887	43.58054611980876	22.83579592174574	32.13111137340746
52:30	67.78370474112397	66.13738569746671	52.0	60.0	39.25925659010742	44.08291043417264	32.62611923537887	43.580605686475444	22.83579592174574	32.13111137340746
52:35	67.78370474112397	66.13738569746671	52.0	60.0	39.259316156774105	44.08291043417264	32.62611923537887	43.58066525314213	22.83579592174574	32.13111137340746
52:40	67.78370474112397	66.13738569746671	52.0	60.0	39.25937572344079	44.08291043417264	32.62611923537887	43.58072481980881	22.83579592174574	32.13111137340746
52:45	67.78370474112397	66.13738569746671	52.0	60.0	39.25943529010747	44.08291043417264	32.62611923537887	43.58078438647549	22.83579592174574	32.13111137340746
52:50	67.78370474112397	66.13738569746671	52.0	60.0	39.259494856774154	44.08291043417264	32.62611923537887	43.58084395314217	22.83579592174574	32.13111137340746
52:55	67.78370474112397	66.13738569746671	52.0	60.0	39.25955442344083	44.08291043417264	32.62611923537887	43.58090351980886	22.83579592174574	32.13111137340746
53:00	67.78370474112397	66.13738569746671	52.0	60.0	39.25961399010752	44.08291043417264	32.62611923537887	43.58096308647554	22.83579592174574	32.13111137340746
53:05	67.78370474112397	66.13738569746671	52.0	60.0	39.260567756773874	44.08291043417264	32.62611923537887	43.58191685314189	22.83579592174574	32.13111137340746
53:10	67.78370474112397	66.13738569746671	52.0	60.0	39.26152152344022	44.08291043417264	32.62611923537887	43.58287061980825	22.83579592174574	32.13111137340746
53:15	67.78370474112397	66.13738569746671	52.0	60.0	39.26247529010658	44.08291043417264	32.62611923537887	43.583824386474596	22.83579592174574	32.13111137340746
53:20	67.78370474112397	66.13738569746671	52.0	60.0	39.26342905677293	44.08291043417264	32.62611923537887	43.58477815314095	22.83579592174574	32.13111137340746
53:25	67.78370474112397	66.13738569746671	52.0	60.0	39.264382823439284	44.08291043417264	32.62611923537887	43.5857319198073	22.83579592174574	32.13111137340746
53:30	67.78370474112397	66.13738569746671	52.0	60.0	39.26533659010563	44.08291043417264	32.62611923537887	43.58668568647366	22.83579592174574	32.13111137340746
53:35	67.78370474112397	66.13738569746671	52.0	60.0	39.26629035677199	44.08291043417264	32.62611923537887	43.58763945314001	22.83579592174574	32.13111137340746
53:40	67.78370474112397	66.13738569746671	52.0	60.0	39.26724412343834	44.08291043417264	32.62611923537887	43.58859321980636	22.83579592174574	32.13111137340746
53:45	67.78370474112397	66.13738569746671	52.0	60.0	39.268197890104695	44.08291043417264	32.62611923537887	43.58954698647271	22.83579592174574	32.13111137340746
53:50	67.78370474112397	66.13738569746671	52.0	60.0	39.269151656771044	44.08291043417264	32.62611923537887	43.59050075313907	22.83579592174574	32.13111137340746
53:55	67.78370474112397	66.13738569746671	52.0	60.0	39.2701054234374	44.08291043417264	32.62611923537887	43.59145451980542	22.83579592174574	32.13111137340746
54:00	67.78370474112397	66.13738569746671	52.0	60.0	39.27105919010375	44.08291043417264	32.62611923537887	43.59240828647177	22.83579592174574	32.13111137340746
54:05	67.78370474112397	66.13738569746671	52.0	60.0	39.273976223438325	44.08291043417264	32.62611923537887	43.59532531980634	22.83579592174574	32.13111137340746
54:10	67.78370474112397	66.13738569746671	52.0	60.0	39.276893256772894	44.08291043417264	32.62611923537887	43.59824235314092	22.83579592174574	32.13111137340746
54:15	67.78370474112397	66.13738569746671	52.0	60.0	39.27981029010747	44.08291043417264	32.62611923537887	43.601159386475494	22.83579592174574	32.13111137340746
54:20	67.78370474112397	66.13738569746671	52.0	60.0	39.282727323442046	44.08291043417264	32.62611923537887	43.60407641981006	22.83579592174574	32.13111137340746
54:25	67.78370474112397	66.13738569746671	52.0	60.0	39.285644356776615	44.08291043417264	32.62611923537887	43.60699345314464	22.83579592174574	32.13111137340746
54:30	67.78370474112397	66.13738569746671	52.0	60.0	39.28856139011119	44.08291043417264	32.62611923537887	43.60991048647921	22.83579592174574	32.13111137340746
54:35	67.78370474112397	66.13738569746671	52.0	60.0	39.29147842344576	44.08291043417264	32.62611923537887	43.612827519813784	22.83579592174574	32.13111137340746
54:40	67.78370474112397	66.13738569746671	52.0	60.0	39.294395456780336	44.08291043417264	32.62611923537887	43.61574455314836	22.83579592174574	32.13111137340746
54:45	67.78370474112397	66.13738569746671	52.0	60.0	39.29731249011491	44.08291043417264	32.62611923537887	43.61866158648293	22.83579592174574	32.13111137340746
54:50	67.78370474112397	66.13738569746671	52.0	60.0	39.30022952344948	44.08291043417264	32.62611923537887	43.621578619817505	22.83579592174574	32.13111137340746
54:55	67.78370474112397	66.13738569746671	52.0	60.0	39.30314655678406	44.08291043417264	32.62611923537887	43.624495653152074	22.83579592174574	32.13111137340746
55:00	67.78370474112397	66.13738569746671	52.0	60.0	39.306063590118626	44.08291043417264	32.62611923537887	43.62741268648665	22.83579592174574	32.13111137340746
55:05	67.78370474112397	66.13738569746671	52.0	60.0	38.778399051974745	44.08291043417264	32.62611923537887	43.633058486486085	22.83579592174574	32.13111137340746
55:10	67.78370474112397	66.13738569746671	52.0	60.0	37.666918805639355	44.08291043417264	32.62611923537887	43.63870428648552	22.83579592174574	32.13111137340746
55:15	67.78370474112397	66.13738569746671	52.0	60.0	36.73133340536925	44.08291043417264	32.62611923537887	43.644350086484955	22.83579592174574	32.13111137340746
55:20	67.78370474112397	66.13738569746671	52.0	60.0	35.97891004717767	44.08291043417264	32.62611923537887	43.64999588648439	22.83579592174574	32.13111137340746
55:25	67.78370474112397	66.13738569746671	52.0	60.0	35.87735224766651	44.08291043417264	32.62611923537887	43.655641686483825	22.83579592174574	32.13111137340746
55:30	67.78370474112397	66.13738569746671	52.0	60.0	35.87735224766651	44.08291043417264	32.62611923537887	43.66128748648327	22.83579592174574	32.13111137340746
55:35	67.78370474112397	66.13738569746671	52.0	60.0	35.87735224766651	44.08291043417264	32.62611923537887	43.6669332864827	22.83579592174574	32.13111137340746
55:40	67.78370474112397	66.13738569746671	52.0	60.0	35.87735224766651	44.08291043417264	32.62611923537887	43.67257908648214	22.83579592174574	32.13111137340746
55:45	67.78370474112397	66.13738569746671	52.0	59.65163783156085	35.87735224766651	44.08291043417264	32.62611923537887	43.67822488648157	22.83579592174574	32.13111137340746
55:50	67.78370474112397	66.13738569746671	52.0	59.20968921785891	35.262818131274415	44.08291043417264	32.62611923537887	43.68387068648101	22.83579592174574	32.13111137340746
55:55	67.78370474112397	66.13738569746671	52.0	59.215335017858344	34.39434447505887	44.08291043417264	32.62611923537887	43.68951648648044	22.83579592174574	32.13111137340746
56:00	67.78370474112397	66.13738569746671	52.0	59.22098081785778	33.666139118139036	44.08291043417264	32.62611923537887	43.53503933959303	22.83579592174574	32.13111137340746
56:05	67.78370474112397	66.13738569746671	52.0	59.2299739845255	33.51828961267547	44.08291043417264	32.62611923537887	42.39604142964964	22.83579592174574	32.13111137340746
56:10	67.78370474112397	66.13738569746671	52.0	59.23896715119322	33.51828961267547	44.08291043417264	32.62611923537887	42.10023594222494	22.83579592174574	32.13111137340746
56:15	67.78370474112397	66.13738569746671	52.0	59.247960317860944	33.51828961267547	44.08291043417264	32.62611923537887	42.10922910889266	22.83579592174574	32.13111137340746
56:20	67.78370474112397	66.13738569746671	52.0	59.25695348452866	33.51828961267547	44.08291043417264	32.62611923537887	42.118222275560385	22.83579592174574	32.13111137340746
56:25	67.78370474112397	66.13738569746671	52.0	59.26594665119638	33.51828961267547	44.08291043417264	32.62611923537887	42.1272154422281	22.83579592174574	32.13111137340746
56:30	67.78370474112397	66.13738569746671	52.0	59.2749398178641	33.39912350381941	44.08291043417264	32.62611923537887	42.13620860889582	22.83579592174574	32.13111137340746
56:35	67.78370474112397	66.13738569746671	52.0	59.28393298453182	32.71005036217512	44.08291043417264	32.62611923537887	42.14520177556354	22.83579592174574	32.13111137340746
56:40	67.78370474112397	66.13738569746671	52.0	59.29292615119954	31.93340238741364	44.08291043417264	32.62611923537887	42.154194942231264	22.83579592174574	32.13111137340746
56:45	67.78370474112397	66.13738569746671	52.0	59.30191931786726	30.8284877155312	44.08291043417264	32.62611923537887	42.16318810889898	22.83579592174574	32.13111137340746
56:50	67.78370474112397	66.13738569746671	52.0	59.31091248453498	30.618559403370973	44.08291043417264	32.62611923537887	42.1721812755667	22.83579592174574	32.13111137340746
56:55	67.78370474112397	66.13738569746671	52.0	59.319905651202696	30.62755257003745	44.08291043417264	32.62611923537887	42.18117444223442	22.83579592174574	32.13111137340746
57:00	67.78370474112397	66.13738569746671	52.0	59.32889881787042	30.63654573670393	44.08291043417264	32.62611923537887	42.19016760890214	22.83579592174574	32.13111137340746
57:05	67.78370474112397	66.13738569746671	52.0	59.34114128453622	30.648788203370977	44.08291043417264	32.62611923537887	42.20241007556795	22.83579592174574	32.13111137340746
57:10	69.58648251890175	66.13738569746671	52.0	59.353383751202024	30.661030670038024	44.08291043417264	32.62611923537887	42.21465254223375	22.83579592174574	32.13111137340746
57:15	71.37053838118422	66.13738569746671	52.0	59.365626217867835	30.67327313670507	44.08291043417264	32.62611923537887	42.226895008899554	22.83579592174574	32.13111137340746
57:20	72.6570758529601	66.13738569746671	52.0	59.37786868453364	30.685515603372114	44.08291043417264	32.62611923537887	42.14659398906616	22.83579592174574	32.13111137340746
57:25	73.50576031993458	66.13738569746671	52.0	59.39011115119944	30.69775807003916	44.08291043417264	32.62611923537887	41.2463604286134	22.83579592174574	32.13111137340746
57:30	74.06560823753121	66.13738569746671	52.0	59.402353617865245	30.710000536706207	44.08291043417264	32.62611923537887	40.76114424564741	22.83579592174574	32.13111137340746
57:35	74.43492062986782	66.13738569746671	52.0	59.41459608453105	30.722243003373254	44.08291043417264	32.62611923537887	40.76114424564741	22.83579592174574	32.13111137340746
57:40	74.6785432974646	66.13738569746671	52.0	59.42683855119685	30.7344854700403	44.08291043417264	32.62611923537887	40.76114424564741	22.83579592174574	32.13111137340746
57:45	74.83925278189706	66.13738569746671	52.0	59.439081017862655	30.746727936707344	44.08291043417264	32.62611923537887	40.76114424564741	22.83579592174574	32.13111137340746
57:50	74.94526729459146	66.13738569746671	52.0	59.45132348452846	30.75897040337439	44.08291043417264	32.62611923537887	40.76114424564741	22.83579592174574	32.13111137340746
57:55	75.0	66.13738569746671	52.0	59.46356595119427	30.77121287004144	44.08291043417264	32.62611923537887	40.76114424564741	22.83579592174574	32.13111137340746
58:00	75.0	66.13738569746671	52.0	59.47580841786007	30.783455336708485	44.08291043417264	32.62611923537887	40.76114424564741	22.83579592174574	32.13111137340746
58:05	75.0	66.13738569746671	52.0	59.490803684526085	30.79845060337574	44.08291043417264	32.62611923537887	40.76114424564741	22.83579592174574	32.13111137340746
58:10	75.0	66.13738569746671	52.0	59.5057989511921	30.813445870042997	44.08291043417264	32.62611923537887	40.76114424564741	22.83579592174574	32.13111137340746
58:15	75.0	66.13738569746671	52.0	59.52079421785812	30.828441136710254	44.08291043417264	32.62611923537887	40.76114424564741	22.83579592174574	32.13111137340746
58:20	75.0	66.13738569746671	52.0	59.53578948452413	30.84343640337751	44.08291043417264	32.62611923537887	40.76114424564741	22.83579592174574	32.13111137340746
58:25	75.0	66.13738569746671	52.0	59.55078475119014	30.85843167004477	44.08291043417264	32.62611923537887	40.76114424564741	22.83579592174574	32.13111137340746
58:30	75.0	66.13738569746671	52.0	59.56578001785616	30.873426936712026	44.08291043417264	32.62611923537887	40.76114424564741	22.83579592174574	32.13111137340746
58:35	75.0	66.13738569746671	52.0	59.580775284522176	30.88842220337928	44.08291043417264	32.62611923537887	40.76114424564741	22.83579592174574	32.13111137340746
58:40	75.0	66.13738569746671	52.0	59.59577055118819	30.903417470046538	44.08291043417264	32.62611923537887	40.73576713957309	22.83579592174574	32.13111137340746
58:45	75.0	66.13738569746671	52.0	59.61076581785421	30.918412736713794	44.08291043417264	32.62611923537887	40.00536627249001	22.83579592174574	32.13111137340746
58:50	75.0	66.13738569746671	52.0	59.62576108452022	30.933408003381054	44.08291043417264	32.62611923537887	39.33095824033779	22.83579592174574	32.13111137340746
58:55	75.0	66.13738569746671	52.0	59.64075635118623	30.94840327004831	44.08291043417264	32.62611923537887	39.33095824033779	22.83579592174574	32.13111137340746
59:00	75.0	66.13738569746671	52.0	59.65575161785225	30.963398536715566	44.08291043417264	32.62611923537887	39.33095824033779	22.83579592174574	32.13111137340746
59:05	75.0	66.13738569746671	51.93529154566895	59.67294038451801	30.980587303382563	44.08291043417264	32.62611923537887	39.33095824033779	22.83579592174574	32.13111137340746
59:10	75.0	66.13738569746671	50.81664537201314	59.69012915118376	30.99777607004956	44.08291043417264	32.62611923537887	39.33095824033779	22.83579592174574	32.13111137340746
59:15	75.0	66.13738569746671	49.78705350264457	59.70731791784952	31.014964836716562	44.08291043417264	32.62611923537887	39.33095824033779	22.83579592174574	32.13111137340746
59:20	75.0	66.13738569746671	48.989551285702696	59.724506684515276	31.03215360338356	44.08291043417264	32.62611923537887	39.33095824033779	22.83579592174574	32.13111137340746
59:25	75.0	66.13738569746671	48.866667317734006	59.74169545118104	31.049342370050557	44.08291043417264	32.62611923537887	39.33095824033779	22.83579592174574	32.13111137340746
59:30	75.0	66.13738569746671	48.88385608439976	59.75888421784679	31.066531136717558	44.08291043417264	32.62611923537887	39.33095824033779	22.83579592174574	32.13111137340746
59:35	75.0	66.13738569746671	48.90104485106552	59.776072984512545	31.083719903384555	44.08291043417264	32.62611923537887	39.33095824033779	22.83579592174574	32.13111137340746
59:40	75.0	66.13738569746671	48.60814528650411	59.793261751178306	31.100908670051552	44.08291043417264	32.62611923537887	39.33095824033779	22.83579592174574	32.13111137340746
59:45	75.0	66.13738569746671	47.744020905485726	59.81045051784406	31.11809743671855	44.08291043417264	32.62611923537887	39.33095824033779	22.83579592174574	32.13111137340746
59:50	75.0	66.13738569746671	46.621595590287804	59.827639284509814	31.13528620338555	44.08291043417264	32.62611923537887	39.33095824033779	22.83579592174574	32.13111137340746
59:55	75.0	66.13738569746671	45.76264537611395	59.28774829436791	31.15247497005255	44.08291043417264	32.62611923537887	39.33095824033779	22.83579592174574	32.13111137340746
60:00	75.0	66.13738569746671	45.76264537611395	59.05664028233495	31.169663736719546	44.08291043417264	32.62611923537887	39.33095824033779	22.83579592174574	32.13111137340746
60:05	75.0	66.13738569746671	45.76264537611395	59.07495321566817	31.187976670052766	44.08291043417264	32.62611923537887	38.73456111746927	22.83579592174574	32.13111137340746
60:10	75.0	66.13738569746671	45.76264537611395	59.09326614900139	31.206289603385983	44.08291043417264	32.62611923537887	37.602707464549674	22.83579592174574	32.13111137340746
60:15	75.0	66.13738569746671	45.29210946369245	59.11157908233461	31.2246025367192	44.08291043417264	32.62611923537887	37.19568910391321	22.83579592174574	32.13111137340746
60:20	75.0	66.13738569746671	44.11282508531046	59.12989201566782	31.24291547005242	44.08291043417264	32.62611923537887	36.0709693394253	22.836223223523515	32.13111137340746
60:25	75.0	66.13738569746671	43.04942161631822	59.14820494900104	31.261228403385637	43.870176171042274	32.62611923537887	35.13988337797615	21.69741181661766	32.13111137340746
60:30	75.0	66.13738569746671	42.112056802255	59.16651788233426	31.279541336718857	43.08296734058782	32.62611923537887	34.60431182767326	21.71572474995088	32.13111137340746
60:35	75.0	66.13738569746671	42.01781319881566	59.184830815667475	31.297854270052074	42.76396262174633	32.62611923537887	34.62262476100648	21.734037683284097	32.13111137340746
60:40	75.0	66.13738569746671	42.03612613214888	59.203143749000695	31.31616720338529	42.76396262174633	32.62611923537887	34.64093769433969	21.752350616617314	32.13111137340746
60:45	75.0	66.13738569746671	42.05443906548209	58.638762311118455	31.33448013671851	42.76396262174633	32.62611923537887	34.65925062767291	21.770663549950534	32.13111137340746
60:50	75.0	66.13738569746671	41.204749372247726	57.64705180507816	31.352793070051728	42.76396262174633	32.62611923537887	34.67756356100613	21.78897648328375	32.13111137340746
60:55	75.0	66.13738569746671	40.019199414397285	56.69169883790231	31.371106003384945	42.76396262174633	32.62611923537887	34.69587649433935	21.807289416616968	32.13111137340746
61:00	75.0	66.13738569746671	38.7590506930753	56.04290085263845	31.389418936718165	42.76396262174633	32.62611923537887	34.714189427672565	21.825602349950188	32.13111137340746
61:05	75.0	66.13738569746671	38.43447897191567	55.10193108992003	31.408435336717623	42.76396262174633	32.62611923537887	34.73320582767202	21.844618749949646	32.13111137340746
61:10	75.0	66.13738569746671	38.453495371915125	54.23115038702727	31.427451736717085	42.76396262174633	32.62611923537887	34.75222222767149	21.863635149949108	32.13111137340746
61:15	75.0	66.13738569746671	38.47251177191459	53.79794364389264	31.446468136716543	42.096136105715146	32.62611923537887	34.77123862767095	21.882651549948566	32.13111137340746
61:20	75.0	66.13738569746671	38.49152817191405	53.8169600438921	31.465484536716	41.56262917293794	32.62611923537887	34.790255027670405	21.901667949948024	32.13111137340746
61:25	75.0	66.13738569746671	38.510544571913506	53.83597644389156	31.484500936715463	41.5816455729374	32.62611923537887	34.80927142766986	21.920684349947486	32.13111137340746
61:30	75.0	66.13738569746671	38.529560971912964	53.85499284389102	31.50351733671492	41.600661972936855	32.62611923537887	34.82828782766932	21.939700749946944	32.13111137340746
61:35	75.0	66.13738569746671	38.54857737191242	53.87400924389048	31.522533736714383	41.61967837293631	32.62611923537887	34.80931645202079	21.958717149946406	32.13111137340746
61:40	75.0	66.13738569746671	38.56759377191189	53.893025643889935	31.54155013671384	41.63869477293577	32.62611923537887	33.97355723361956	21.977733549945864	32.13111137340746
61:45	75.0	66.13738569746671	38.586610171911346	53.9120420438894	31.5605665367133	41.65771117293524	32.62611923537887	32.95069258262637	21.996749949945322	32.13111137340746
61:50	75.0	66.13738569746671	38.605626571910804	53.93105844388886	31.57958293671276	41.676727572934695	32.62611923537887	32.10102663004454	22.015766349944784	32.13111137340746
61:55	75.0	66.13738569746671	38.62464297191026	53.950074843888316	31.59859933671222	41.69574397293415	32.62611923537887	31.455768305154074	22.03478274994424	32.13111137340746
62:00	75.0	66.13738569746671	38.64365937190972	53.969091243887775	31.61761573671168	41.50082822348225	32.62611923537887	30.571459990968126	20.963881939339224	32.13111137340746
62:05	75.0	66.13738569746671	38.66165770524216	53.98708957722022	31.63561407004536	40.84797737319276	32.62611923537887	30.41598032841116	20.753033422093544	32.13111137340746
62:10	75.0	66.13738569746671	38.6796560385746	54.00508791055265	31.653612403379043	39.79558677912641	32.62611923537887	30.43397866174484	20.753033422093544	32.13111137340746
62:15	75.0	66.13738569746671	38.69765437190704	54.023086243885096	31.671610736712722	39.10766346888676	32.62611923537887	30.45197699507852	20.753033422093544	32.13111137340746
62:20	75.0	66.13738569746671	38.71565270523948	54.04108457721753	31.689609070046405	39.10766346888676	32.62611923537887	30.4699753284122	20.753033422093544	32.13111137340746
62:25	75.0	66.13738569746671	38.73365103857192	54.059082910549975	31.707607403380084	39.10766346888676	32.62611923537887	30.487973661745883	20.753033422093544	32.13111137340746
62:30	75.0	66.13738569746671	38.75164937190436	54.07708124388241	31.725605736713767	39.10766346888676	32.62611923537887	30.505971995079562	20.753033422093544	32.13111137340746
62:35	75.0	66.13738569746671	38.7696477052368	54.095079577214854	31.743604070047446	39.10766346888676	32.62611923537887	30.523970328413245	20.753033422093544	32.13111137340746
62:40	75.0	65.7470192568083	38.787646038569235	54.11307791054729	31.761602403381126	39.10766346888676	32.62611923537887	30.541968661746925	20.753033422093544	32.13111137340746
62:45	75.0	64.97121977190508	38.80564437190168	54.131076243879725	31.77960073671481	39.10766346888676	31.897146940452128	30.559966995080607	20.753033422093544	31.967110668946454
62:50	75.0	64.12641256017434	38.823642705234114	54.14907457721217	31.133894688880527	38.2332418690934	31.70062554429014	30.577965328414287	20.753033422093544	30.829966041282166
62:55	75.0	63.04432768569831	38.84164103856656	54.167072910544604	30.053301527020356	37.45810814466415	31.70062554429014	30.59596366174797	20.753033422093544	29.49614890153393
63:00	75.0	62.02733223316009	38.85963937189899	54.18507124387705	29.399381334068423	37.08315462560627	31.70062554429014	30.61396199508165	20.753033422093544	28.383936964816417
63:05	75.0	61.59335927568712	38.8760045385656	54.20143641054366	28.983080779204766	37.09951979227287	31.70062554429014	30.630327161748255	20.753033422093544	28.176454075782857
63:10	75.0	61.59335927568712	38.892369705232205	54.21780157721026	28.999445945871372	37.11588495893948	31.70062554429014	30.561761964468065	20.753033422093544	28.176454075782857
63:15	75.0	61.59335927568712	38.908734871898815	54.23416674387687	29.015811112537982	37.13225012560609	31.70062554429014	29.753760353426856	20.753033422093544	28.176454075782857
63:20	75.0	61.59335927568712	38.925100038565425	54.25053191054347	29.032176279204588	36.741656736022385	31.70062554429014	29.044487960495587	20.753033422093544	28.176454075782857
63:25	75.0	61.59335927568712	38.94146520523203	54.26689707721008	29.048541445871194	36.72154420687349	31.70062554429014	28.87957519533815	20.753033422093544	28.176454075782857
63:30	75.0	61.59335927568712	38.95783037189864	54.28326224387669	28.8813281093701	36.7379093735401	31.70062554429014	28.895940362004755	20.753033422093544	28.176454075782857
63:35	75.0	61.59335927568712	38.97419553856524	54.299627410543295	28.250468955872552	36.7542745402067	31.70062554429014	28.91230552867136	20.753033422093544	28.176454075782857
63:40	75.0	61.59335927568712	38.99056070523185	54.315992577209904	27.396185527403972	36.77063970687331	31.70062554429014	28.928670695337967	20.753033422093544	28.176454075782857
63:45	75.0	61.59335927568712	39.00692587189846	54.33235774387651	26.433324916574648	36.787004873539914	31.70062554429014	28.945035862004573	20.753033422093544	28.176454075782857
63:50	75.0	61.59335927568712	39.02329103856506	54.34872291054312	26.165019794530927	36.803370040206524	31.70062554429014	28.961401028671183	20.753033422093544	28.176454075782857
63:55	75.0	61.59335927568712	39.03965620523167	54.36508807720973	25.910914144257422	36.81973520687313	31.70062554429014	28.97776619533779	20.753033422093544	28.176454075782857
64:00	75.0	61.59335927568712	39.056021371898275	54.38145324387633	25.92727931092403	36.836100373539736	31.70062554429014	28.994131362004396	20.753033422093544	28.176454075782857
64:05	75.0	61.59335927568712	39.07013287189824	54.39556474387629	25.94139081092399	36.797814218707934	31.70062554429014	29.008242862004355	20.753033422093544	28.176454075782857
64:10	75.0	61.59335927568712	39.0842443718982	54.409676243876255	25.95550231092395	36.5770708278714	31.70062554429014	29.022354362004318	20.753033422093544	28.176454075782857
64:15	75.0	61.59335927568712	39.09835587189816	54.42378774387621	25.96961381092391	37.174515661204694	31.70062554429014	29.036465862004277	20.753033422093544	28.176454075782857
64:20	75.0	61.59335927568712	39.11246737189812	54.437899243876174	25.98372531092387	37.771960494537986	31.522349261383336	29.050577362004237	20.753033422093544	28.176454075782857
64:25	75.0	61.59335927568712	39.12657887189808	54.45201074387613	25.997836810923832	38.36940532787128	31.288415961082745	29.064688862004196	20.753033422093544	28.176454075782857
64:30	75.0	61.59335927568712	39.14069037189804	54.46612224387609	26.011948310923792	38.96685016120457	32.2460246102407	29.07880036200416	20.753033422093544	28.176454075782857
64:35	75.0	61.59335927568712	39.154801871898	54.480233743876056	26.02605981092375	39.52434243407819	32.87772605991471	29.09291186200412	20.17035564509298	28.176454075782857
64:40	75.0	61.59335927568712	39.16891337189796	54.49434524387601	25.811232079341355	38.91740788724352	33.294437753017256	29.107023362004078	19.708319299567805	28.176454075782857
64:45	75.0	61.59335927568712	39.18302487189792	54.508456743875975	25.825343579341315	38.90852724220577	33.56932810708878	29.121134862004038	19.722430799567764	28.176454075782857
64:50	75.0	61.05634304152401	39.197136371897884	54.52256824387593	25.839455079341274	38.922638742205734	33.75066380755586	29.135246362003997	19.736542299567727	28.176454075782857
64:55	75.0	60.08245632033437	39.21124787189784	54.536679743875894	25.853566579341233	38.93675024220569	33.870284724684616	29.14935786200396	19.750653799567687	28.176454075782857
65:00	75.0	58.96522171167302	39.2253593718978	54.55079124387586	25.77002302239374	38.95086174220565	33.94919452445305	29.16346936200392	19.764765299567646	28.176454075782857
65:05	75.0	58.0400496514368	39.236327771896846	54.5617596438749	27.03584110551226	38.9618301422047	33.998686237080626	29.174437762004203	19.77573369956793	28.176454075782857
65:10	75.0	57.24994387417379	39.24729617189589	53.97287290002296	28.869174438845594	38.97279854220374	34.0	29.185406162004487	19.786702099568213	28.176454075782857
65:15	75.0	56.95150404159955	39.25826457189493	53.07932562752239	30.702507772178926	38.98376694220278	34.0	29.19637456200477	19.7976704995685	28.176454075782857
65:20	75.0	56.95150404159955	39.26923297189397	52.31744459213962	32.53584110551226	38.99473534220182	34.0	29.207342962005054	19.808638899568784	28.176454075782857
65:25	75.0	56.95150404159955	39.280201371893014	52.18343242631088	34.3691744388456	38.72000320502491	34.0	29.21831136200534	19.819607299569068	28.176454075782857
65:30	75.0	56.95150404159955	39.29116977189206	51.50972706800823	36.202507772178926	38.362530702805074	34.0	29.229279762005625	19.83057569956935	28.176454075782857
65:35	75.0	56.95150404159955	39.3021381718911	50.6805082575931	38.03584110551226	38.9458640361384	34.0	29.24024816200591	19.841544099569635	28.176454075782857
65:40	75.0	56.95150404159955	39.31310657189014	49.673297628069164	39.8691744388456	39.52919736947174	34.0	29.251216562006192	19.85251249956992	28.176454075782857
65:45	75.0	56.95150404159955	39.32407497188918	49.642978178007674	40.65343119792948	40.112530702805074	34.0	29.262184962006476	19.863480899570202	28.176454075782857
65:50	75.0	56.95150404159955	39.335043371888226	49.65394657800672	40.66439959792852	40.6958640361384	34.0	29.27315336200676	19.874449299570486	28.176454075782857
65:55	75.0	56.95150404159955	39.34601177188727	49.66491497800576	40.675367997927566	40.818084352882934	34.0	29.284121762007043	19.885417699570773	28.176454075782857
66:00	75.0	56.95150404159955	39.35698017188631	49.675883378004805	40.68633639792661	40.17162800433558	33.49939003373964	29.29509016200733	19.896386099571057	28.176454075782857
66:05	75.0	56.95150404159955	39.364701571886464	49.68360477800496	40.69405779792676	39.33909426771776	32.92047236759319	29.302811562007484	19.90410749957121	28.176454075782857
66:10	75.0	56.95150404159955	39.37242297188662	49.69132617800511	40.37128371450584	39.073014524476456	33.31742658738221	29.31053296200764	19.44717080385672	28.176454075782857
66:15	75.0	56.95150404159955	39.38014437188677	49.69904757800527	40.37900511450599	39.080735924476606	33.57928361667642	29.318254362007792	19.126874083441233	28.176454075782857
66:20	75.0	56.95150404159955	39.38786577188693	49.70676897800542	40.38672651450615	39.088457324476764	33.75202168160297	29.32597576200795	19.717928816774723	28.176454075782857
66:25	75.0	56.95150404159955	39.39558717188709	49.71449037800558	40.3944479145063	39.09617872447692	33.865971034633496	29.333697162008104	20.308983550108213	28.176454075782857
66:30	75.0	56.95150404159955	39.40330857188724	49.722211778005736	40.40216931450646	39.10390012447707	33.9411394988721	29.341418562008258	20.9000382834417	28.176454075782857
66:35	74.9198933197683	56.95150404159955	39.411029971887395	49.729933178005886	40.409890714506616	39.11162152447723	33.99072554623189	29.34913996200841	21.49109301677519	28.176454075782857
66:40	74.14146294606391	56.95150404159955	39.41875137188755	49.737654578006044	40.41761211450677	39.11934292447739	34.0	29.35686136200857	22.08214775010868	28.176454075782857
66:45	73.0607102750673	56.95150404159955	39.4264727718877	49.7453759780062	40.425333514506924	38.589102460601865	34.0	29.364582762008723	22.673202483442164	28.176454075782857
66:50	71.93641949254175	56.95150404159955	39.43419417188786	49.75309737800635	40.411423135325684	37.74230812775596	34.0	29.372304162008877	23.264257216775654	28.176454075782857
66:55	71.39146305087935	56.95150404159955	39.44191557188802	49.76081877800651	40.07698793188532	37.272506857360874	34.0	29.380025562009035	23.85531195010914	28.176454075782857
67:00	71.39918445087952	56.95150404159955	39.44963697188817	49.76854017800667	40.08470933188548	37.280228257361024	34.0	29.38774696200919	24.44636668344263	28.176454075782857
67:05	71.40370148421309	56.95150404159955	39.45415400522175	49.773057211340245	40.089226365219055	37.2847452906946	34.0	29.392263995342766	25.034217050109543	28.176454075782857
67:10	71.40821851754667	56.95150404159955	39.45867103855533	49.77757424467382	40.09374339855264	37.28926232402818	34.0	29.396781028676347	25.622067416776456	28.176454075782857
67:15	71.41273555088026	56.95150404159955	39.46318807188891	49.7820912780074	40.09826043188622	37.29377935736176	34.0	29.40129806200993	26.20991778344337	28.176454075782857
67:20	71.41725258421383	56.95150404159955	39.467705105222485	49.786608311340984	40.102777465219795	37.29829639069534	34.0	29.405815095343506	26.797768150110283	28.176454075782857
67:25	71.42176961754741	56.95150404159955	39.47222213855607	49.79112534467456	40.10729449855337	37.30281342402892	34.0	29.410332128677087	27.385618516777196	28.176454075782857
67:30	71.42628665088098	56.95150404159955	39.47673917188965	49.79564237800814	40.11181153188696	37.20626982527357	34.0	29.414849162010665	27.97346888344411	28.176454075782857
67:35	71.43080368421457	56.95150404159955	39.481256205223225	49.800159411341724	40.116328565220535	36.63199820157997	34.0	29.419366195344246	28.561319250111023	28.176454075782857
67:40	71.43532071754815	56.95150404159955	39.48577323855681	49.8046764446753	40.12084559855411	36.63199820157997	33.16722261124724	29.423883228677827	29.149169616777932	28.176454075782857
67:45	71.43983775088172	56.95150404159955	39.49029027189039	49.80919347800888	40.1253626318877	36.63199820157997	32.86532358172832	29.428400262011404	29.737019983444846	28.176454075782857
67:50	71.4443547842153	56.95150404159955	39.494807305223965	49.813710511342464	40.129879665221274	36.63199820157997	33.2784345207763	29.432917295344986	30.32487035011176	28.176454075782857
67:55	71.44887181754889	56.95150404159955	39.49932433855755	49.81822754467604	40.13439669855485	36.63199820157997	33.55094958139348	29.437434328678563	30.912720716778672	28.176454075782857
68:00	71.45338885088246	56.95150404159955	39.50384137189113	49.82274457800962	40.13891373188844	36.63199820157997	33.73071838256423	29.441951362012144	31.500571083445585	28.176454075782857
68:05	71.4552672508829	56.95150404159955	39.505719771891556	49.824622978010055	40.140792131888865	36.63199820157997	33.84715456409358	29.443829762012577	32.08578281677935	28.176454075782857
68:10	71.45714565088333	56.95150404159955	39.50759817189199	49.826501378010484	40.1426705318893	36.63199820157997	33.923963503456505	29.445708162013013	32.67099455011312	28.176454075782857
68:15	71.45902405088377	56.95150404159955	39.50947657189243	49.82837977801092	40.14454893188973	36.63199820157997	33.97463171576448	29.447586562013445	33.256206283446886	28.176454075782857
68:20	71.4609024508842	56.95150404159955	39.51135497189286	49.830258178011356	40.146427331890166	36.21451957684161	34.0	29.449464962013877	33.84141801678065	28.176454075782857
68:25	71.46278085088463	56.95150404159955	39.51323337189329	49.832136578011784	40.1483057318906	35.75283998391879	34.0	29.45134336201431	34.426629750114415	28.176454075782857
68:30	71.46465925088506	56.95150404159955	39.51511177189372	49.83401497801222	40.15018413189103	35.75471838391922	34.0	29.453221762014742	35.01184148344819	28.176454075782857
68:35	71.4665376508855	56.95150404159955	39.51699017189416	49.83589337801265	40.15206253189147	35.756596783919655	34.0	29.455100162015178	35.59705321678195	28.176454075782857
68:40	71.46841605088593	56.95150404159955	39.51886857189459	49.837771778013085	40.153940931891896	35.75847518392008	34.0	29.45697856201561	36.182264950115716	28.176454075782857
68:45	71.47029445088637	56.95150404159955	39.52074697189502	49.83965017801352	40.15581933189233	35.76035358392052	34.0	29.458856962016043	36.76747668344949	28.176454075782857
68:50	71.47217285088679	56.95150404159955	39.52262537189546	49.84152857801395	40.15769773189277	35.762231983920955	34.0	29.460735362016475	37.35268841678325	28.176454075782857
68:55	71.47405125088723	56.95150404159955	39.52450377189589	49.843406978014386	40.159576131893196	35.764110383921384	34.0	29.462613762016908	37.937900150117024	28.176454075782857
69:00	71.47592965088766	56.95150404159955	39.52638217189632	49.845285378014815	40.16145453189363	35.76598878392182	34.0	29.464492162017343	38.52311188345079	27.811124745795833
69:05	71.47625605088703	56.95150404159955	39.52670857189568	49.84561177801418	40.16178093189299	35.76631518392242	34.0	29.464818562017943	39.10677161678348	26.643941302901105
69:10	71.47658245088638	56.95150404159955	39.52703497189504	49.84593817801354	40.16210733189235	35.766641583923025	34.0	29.465144962018545	39.69043135011618	25.308337293143442
69:15	71.47690885088575	56.95150404159955	39.52736137189441	49.8462645780129	40.16243373189171	35.76696798392363	34.0	29.465471362019148	40.274091083448866	24.205897198145877
69:20	71.4772352508851	56.95150404159955	39.52768777189377	49.84659097801226	40.16276013189107	35.767294383924224	34.0	29.46579776201975	40.847217697425904	24.20622359814648
69:25	71.47756165088447	56.95150404159955	39.528014171893126	49.84691737801162	40.163086531890436	35.767620783924826	34.0	29.466124162020353	41.268547056222125	24.206549998147082
69:30	71.47788805088382	56.95150404159955	39.528340571892485	49.84724377801098	40.163412931889795	35.76794718392543	34.0	29.466450562020952	41.546483525338004	24.206876398147685
69:35	71.47821445088319	56.95150404159955	39.528666971891845	49.847570178010336	40.163739331889154	35.76827358392603	34.0	29.466776962021555	41.729828643003934	24.207202798148288
69:40	71.47854085088255	56.95150404159955	39.528993371891204	49.8478965780097	40.16406573188851	35.768599983926634	34.0	29.467103362022158	41.85077510346259	24.207529198148887
69:45	70.95849759231564	56.95150404159955	39.52931977189056	49.84822297800906	40.16439213188787	35.76892638392724	34.0	29.46742976202276	41.930559318519364	24.20785559814949
69:50	69.83332630221095	56.95150404159955	39.52964617188993	49.84854937800842	40.16471853188723	35.76925278392784	34.0	29.467756162023363	41.9831902177461	24.208181998150092
69:55	68.85419396773598	56.95150404159955	39.52997257188929	49.84887577800778	40.16504493188659	35.76957918392844	34.0	29.468082562023966	42.0	24.208508398150695
70:00	68.01561262692469	56.95150404159955	39.53029897188865	49.84920217800714	40.16537133188595	35.769905583929045	34.0	29.468408962024565	42.0	24.208834798151297
70:05	67.87355541112697	56.95150404159955	39.53029897188865	49.84920217800714	40.16537133188595	35.769905583929045	34.0	29.468408962024565	42.0	24.208834798151297
70:10	67.87355541112697	56.95150404159955	39.53029897188865	49.84920217800714	40.16537133188595	35.769905583929045	34.0	29.468408962024565	42.0	24.208834798151297
70:15	67.87355541112697	56.95150404159955	39.53029897188865	49.84920217800714	40.16537133188595	35.769905583929045	34.0	29.468408962024565	42.0	24.208834798151297
70:20	67.87355541112697	56.95150404159955	39.53029897188865	49.84920217800714	40.16537133188595	35.769905583929045	34.0	29.468408962024565	42.0	24.208834798151297
70:25	67.87355541112697	56.95150404159955	39.53029897188865	49.84920217800714	40.16537133188595	35.769905583929045	34.0	29.468408962024565	42.0	24.208834798151297
70:30	67.87355541112697	56.95150404159955	39.53029897188865	49.84920217800714	40.16537133188595	35.769905583929045	34.0	29.468408962024565	42.0	24.208834798151297
70:35	67.87355541112697	56.95150404159955	39.53029897188865	49.84920217800714	40.16537133188595	35.769905583929045	34.0	29.468408962024565	42.0	24.208834798151297
70:40	67.87355541112697	56.95150404159955	39.53029897188865	49.84920217800714	40.16537133188595	35.769905583929045	34.0	29.468408962024565	42.0	24.208834798151297
70:45	67.87355541112697	56.95150404159955	39.53029897188865	49.84920217800714	40.16537133188595	35.769905583929045	34.0	29.468408962024565	42.0	24.208834798151297
70:50	67.87355541112697	56.95150404159955	39.53029897188865	49.84920217800714	40.16537133188595	35.769905583929045	34.0	29.468408962024565	42.0	24.208834798151297
70:55	67.87355541112697	56.95150404159955	39.53029897188865	49.84920217800714	40.16537133188595	35.769905583929045	34.0	29.468408962024565	42.0	24.208834798151297
71:00	67.87355541112697	56.95150404159955	39.53029897188865	49.84920217800714	40.16537133188595	35.769905583929045	34.0	29.468408962024565	42.0	24.208834798151297
71:05	67.87355541112697	56.95150404159955	39.53029897188865	49.84920217800714	40.16537133188595	35.769905583929045	34.0	29.468408962024565	42.0	24.208834798151297
71:10	67.87355541112697	56.95150404159955	39.53029897188865	49.84920217800714	40.16537133188595	35.769905583929045	34.0	29.468408962024565	42.0	24.208834798151297
71:15	67.87355541112697	56.95150404159955	39.53029897188865	49.84920217800714	40.16537133188595	35.769905583929045	34.0	29.468408962024565	42.0	24.208834798151297
71:20	67.87355541112697	56.95150404159955	39.53029897188865	49.84920217800714	40.16537133188595	35.769905583929045	34.0	29.468408962024565	42.0	24.208834798151297
71:25	67.87355541112697	56.95150404159955	39.53029897188865	49.84920217800714	40.16537133188595	35.769905583929045	34.0	29.468408962024565	42.0	24.208834798151297
71:30	67.87355541112697	56.95150404159955	39.53029897188865	49.84920217800714	40.16537133188595	35.769905583929045	34.0	29.468408962024565	42.0	24.208834798151297
71:35	67.87355541112697	56.95150404159955	39.53029897188865	49.84920217800714	40.16537133188595	35.769905583929045	34.0	29.468408962024565	42.0	24.208834798151297
71:40	67.87355541112697	56.95150404159955	39.53029897188865	49.84920217800714	40.16537133188595	35.769905583929045	34.0	29.468408962024565	42.0	24.208834798151297
71:45	67.87355541112697	56.95150404159955	39.53029897188865	49.84920217800714	40.16537133188595	35.769905583929045	34.0	29.468408962024565	42.0	24.208834798151297
71:50	67.87355541112697	56.95150404159955	39.53029897188865	49.84920217800714	40.16537133188595	35.769905583929045	34.0	29.468408962024565	42.0	24.208834798151297
71:55	67.87355541112697	56.95150404159955	39.53029897188865	49.84920217800714	40.16537133188595	35.769905583929045	34.0	29.468408962024565	42.0	24.208834798151297
72:00	67.87355541112697	56.95150404159955	39.53029897188865	49.84920217800714	40.16537133188595	35.769905583929045	34.0	29.468408962024565	42.0	24.208834798151297
72:05	67.87355541112697	56.95150404159955	39.53029897188865	49.84920217800714	40.16537133188595	35.769905583929045	34.0	29.468408962024565	42.0	24.208834798151297
72:10	67.87355541112697	56.95150404159955	39.53029897188865	49.84920217800714	40.16537133188595	35.769905583929045	34.0	29.468408962024565	42.0	24.208834798151297
72:15	67.87355541112697	56.95150404159955	39.53029897188865	49.84920217800714	40.16537133188595	35.769905583929045	34.0	29.468408962024565	42.0	24.208834798151297
72:20	67.87355541112697	56.95150404159955	39.53029897188865	49.84920217800714	40.16537133188595	35.769905583929045	34.0	29.468408962024565	42.0	24.208834798151297
72:25	67.87355541112697	56.95150404159955	39.53029897188865	49.84920217800714	40.16537133188595	35.769905583929045	34.0	29.468408962024565	42.0	24.208834798151297
72:30	67.87355541112697	56.95150404159955	39.53029897188865	49.84920217800714	40.16537133188595	35.769905583929045	34.0	29.468408962024565	42.0	24.208834798151297
72:35	67.87355541112697	56.95150404159955	39.53029897188865	49.84920217800714	40.16537133188595	35.769905583929045	34.0	29.468408962024565	42.0	24.208834798151297
72:40	67.87355541112697	56.95150404159955	39.53029897188865	49.84920217800714	40.16537133188595	35.769905583929045	34.0	29.468408962024565	42.0	24.208834798151297
72:45	67.87355541112697	56.95150404159955	39.53029897188865	49.84920217800714	40.16537133188595	35.769905583929045	34.0	29.468408962024565	42.0	24.208834798151297
72:50	67.87355541112697	56.95150404159955	39.53029897188865	49.84920217800714	40.16537133188595	35.769905583929045	34.0	29.468408962024565	42.0	24.208834798151297
72:55	67.87355541112697	56.95150404159955	39.53029897188865	49.84920217800714	40.16537133188595	35.769905583929045	34.0	29.468408962024565	42.0	24.208834798151297
73:00	67.87355541112697	56.95150404159955	39.53029897188865	49.84920217800714	40.16537133188595	35.769905583929045	34.0	29.468408962024565	42.0	24.208834798151297
73:05	67.87355541112697	56.95150404159955	39.53029897188865	49.84920217800714	40.16537133188595	35.769905583929045	34.0	29.468408962024565	42.0	24.208834798151297
73:10	67.87355541112697	56.95150404159955	39.53029897188865	49.84920217800714	40.16537133188595	35.769905583929045	34.0	29.468408962024565	42.0	24.208834798151297
73:15	67.87355541112697	56.95150404159955	39.53029897188865	49.84920217800714	40.16537133188595	35.769905583929045	34.0	29.468408962024565	42.0	24.208834798151297
73:20	67.87355541112697	56.95150404159955	39.53029897188865	49.84920217800714	40.16537133188595	35.769905583929045	34.0	29.468408962024565	42.0	24.208834798151297
73:25	67.87355541112697	56.95150404159955	39.53029897188865	49.84920217800714	40.16537133188595	35.769905583929045	34.0	29.468408962024565	42.0	24.208834798151297
73:30	67.87355541112697	56.95150404159955	39.53029897188865	49.84920217800714	40.16537133188595	35.769905583929045	34.0	29.468408962024565	42.0	24.208834798151297
73:35	67.87355541112697	56.95150404159955	39.53029897188865	49.84920217800714	40.16537133188595	35.769905583929045	34.0	29.468408962024565	42.0	24.208834798151297
73:40	67.87355541112697	56.95150404159955	39.53029897188865	49.84920217800714	40.16537133188595	35.769905583929045	34.0	29.468408962024565	42.0	24.208834798151297
73:45	67.87355541112697	56.95150404159955	39.53029897188865	49.84920217800714	40.16537133188595	35.769905583929045	34.0	29.468408962024565	42.0	24.208834798151297
73:50	67.87355541112697	56.95150404159955	39.53029897188865	49.84920217800714	40.16537133188595	35.769905583929045	34.0	29.468408962024565	42.0	24.208834798151297
73:55	67.87355541112697	56.95150404159955	39.53029897188865	49.84920217800714	40.16537133188595	35.769905583929045	34.0	29.468408962024565	42.0	24.208834798151297
74:00	67.87355541112697	56.95150404159955	39.53029897188865	49.84920217800714	40.16537133188595	35.769905583929045	34.0	29.468408962024565	42.0	24.208834798151297
74:05	67.87355541112697	56.95150404159955	39.53029897188865	49.84920217800714	40.16537133188595	35.769905583929045	34.0	29.468408962024565	42.0	24.208834798151297
74:10	67.87355541112697	56.95150404159955	39.53029897188865	49.84920217800714	40.16537133188595	35.769905583929045	34.0	29.468408962024565	42.0	24.208834798151297
74:15	67.87355541112697	56.95150404159955	39.53029897188865	49.84920217800714	40.16537133188595	35.769905583929045	34.0	29.468408962024565	42.0	24.208834798151297
74:20	67.87355541112697	56.95150404159955	39.53029897188865	49.84920217800714	40.16537133188595	35.769905583929045	34.0	29.468408962024565	42.0	24.208834798151297
74:25	67.87355541112697	56.95150404159955	39.53029897188865	49.84920217800714	40.16537133188595	35.769905583929045	34.0	29.468408962024565	42.0	24.208834798151297
74:30	67.87355541112697	56.95150404159955	39.53029897188865	49.84920217800714	40.16537133188595	35.769905583929045	34.0	29.468408962024565	42.0	24.208834798151297
74:35	67.87355541112697	56.95150404159955	39.53029897188865	49.84920217800714	40.16537133188595	35.769905583929045	34.0	29.468408962024565	42.0	24.208834798151297
74:40	67.87355541112697	56.95150404159955	39.53029897188865	49.84920217800714	40.16537133188595	35.769905583929045	34.0	29.468408962024565	42.0	24.208834798151297
74:45	67.87355541112697	56.95150404159955	39.53029897188865	49.84920217800714	40.16537133188595	35.769905583929045	34.0	29.468408962024565	42.0	24.208834798151297
74:50	67.87355541112697	56.95150404159955	39.53029897188865	49.84920217800714	40.16537133188595	35.769905583929045	34.0	29.468408962024565	42.0	24.208834798151297
74:55	67.87355541112697	56.95150404159955	39.53029897188865	49.84920217800714	40.16537133188595	35.769905583929045	34.0	29.468408962024565	42.0	24.208834798151297
75:00	67.87355541112697	56.95150404159955	39.53029897188865	49.84920217800714	40.16537133188595	35.769905583929045	34.0	29.468408962024565	42.0	24.208834798151297
75:05	67.87355541112697	56.95150404159955	39.53029897188865	49.84920217800714	40.16537133188595	35.769905583929045	34.0	29.468408962024565	42.0	24.208834798151297
75:10	67.87355541112697	56.95150404159955	39.53029897188865	49.84920217800714	40.16537133188595	35.769905583929045	34.0	29.468408962024565	42.0	24.208834798151297
75:15	67.87355541112697	56.95150404159955	39.53029897188865	49.84920217800714	40.16537133188595	35.769905583929045	34.0	29.468408962024565	42.0	24.208834798151297
75:20	67.87355541112697	56.95150404159955	39.53029897188865	49.84920217800714	40.16537133188595	35.769905583929045	34.0	29.468408962024565	42.0	24.208834798151297
75:25	67.87355541112697	56.95150404159955	39.53029897188865	49.84920217800714	40.16537133188595	35.769905583929045	34.0	29.468408962024565	42.0	24.208834798151297
75:30	67.87355541112697	56.95150404159955	39.53029897188865	49.84920217800714	40.16537133188595	35.769905583929045	34.0	29.468408962024565	42.0	24.208834798151297
75:35	67.87355541112697	56.95150404159955	39.53029897188865	49.84920217800714	40.16537133188595	35.769905583929045	34.0	29.468408962024565	42.0	24.208834798151297
75:40	67.87355541112697	56.95150404159955	39.53029897188865	49.84920217800714	40.16537133188595	35.769905583929045	34.0	29.468408962024565	42.0	24.208834798151297
75:45	67.87355541112697	56.95150404159955	39.53029897188865	49.84920217800714	40.16537133188595	35.769905583929045	34.0	29.468408962024565	42.0	24.208834798151297
75:50	67.87355541112697	56.95150404159955	39.53029897188865	49.84920217800714	40.16537133188595	35.769905583929045	34.0	29.468408962024565	42.0	24.208834798151297
75:55	67.87355541112697	56.95150404159955	39.53029897188865	49.84920217800714	40.16537133188595	35.769905583929045	34.0	29.468408962024565	42.0	24.208834798151297
76:00	67.87355541112697	56.95150404159955	39.53029897188865	49.84920217800714	40.16537133188595	35.769905583929045	34.0	29.468408962024565	42.0	24.208834798151297
76:05	67.87361497779366	56.95150404159955	39.530358538555326	49.849261744673825	40.165430898552636	35.76996515059572	34.0	29.46846852869125	42.0	24.20889436481798
76:10	67.87367454446034	56.95150404159955	39.53041810522201	49.8493213113405	40.16549046521932	35.77002471726241	34.0	29.468528095357932	42.0	24.20895393148466
76:15	67.87373411112702	56.95150404159955	39.5304776718887	49.84938087800719	40.165550031886	35.77008428392909	34.0	29.468587662024614	42.0	24.209013498151343
76:20	67.87379367779371	56.95150404159955	39.530537238555375	49.849440444673874	40.165609598552685	35.77014385059577	34.0	29.468647228691296	42.0	24.209073064818025
76:25	67.87385324446039	56.95150404159955	39.53059680522206	49.84950001134055	40.16566916521937	35.77020341726246	34.0	29.468706795357978	42.0	24.20913263148471
76:30	67.87391281112707	56.95150404159955	39.53065637188874	49.84955957800724	40.16572873188605	35.770262983929136	34.0	29.468766362024663	42.0	24.209192198151392
76:35	67.87397237779376	56.95150404159955	39.530715938555424	49.849619144673916	40.165788298552734	35.77032255059582	34.0	29.468825928691345	42.0	24.209251764818074
76:40	67.87403194446044	56.95150404159955	39.53077550522211	49.8496787113406	40.16584786521941	35.7703821172625	34.0	29.468885495358027	42.0	24.209311331484756
76:45	67.87409151112712	56.95150404159955	39.53083507188879	49.84973827800729	40.1659074318861	35.770441683929185	34.0	29.46894506202471	42.0	24.209370898151438
76:50	67.8741510777938	56.95150404159955	39.53089463855547	49.849797844673965	40.16596699855278	35.77050125059587	34.0	29.46900462869139	42.0	24.209430464818123
76:55	67.87421064446049	56.95150404159955	39.53095420522215	49.84985741134065	40.16602656521946	35.77056081726255	34.0	29.469064195358076	42.0	24.209490031484805
77:00	67.87427021112717	56.95150404159955	39.53101377188884	49.84991697800733	40.166086131886146	35.770620383929234	34.0	29.469123762024758	42.0	24.209549598151487
77:05	67.87522397779352	56.95150404159955	39.53196753855519	49.850870744673685	40.167039898552495	35.77157415059558	34.0	29.47007752869111	42.0	24.21050336481784
77:10	67.87617774445988	56.95150404159955	39.53292130522154	49.851824511340034	40.16799366521885	35.77252791726194	34.0	29.471031295357463	42.0	24.21145713148419
77:15	67.87713151112622	56.95150404159955	39.5338750718879	49.85277827800639	40.1689474318852	35.77348168392829	34.0	29.471985062023816	42.0	24.212410898150544
77:20	67.87808527779258	56.95150404159955	39.53482883855425	49.85373204467274	40.16990119855156	35.774435450594645	34.0	29.472938828690168	42.0	24.213364664816897
77:25	67.87903904445893	56.95150404159955	39.535782605220604	49.854685811339095	40.170854965217906	35.775389217261	34.0	29.47389259535652	42.0	24.21431843148325
77:30	67.87999281112529	56.95150404159955	39.53673637188695	49.855639578005444	40.17180873188426	35.77634298392735	34.0	29.474846362022873	42.0	24.215272198149602
77:35	67.88094657779163	56.95150404159955	39.53769013855331	49.8565933446718	40.17276249855061	35.777296750593706	34.0	29.475800128689226	42.0	24.216225964815955
77:40	67.88190034445799	56.95150404159955	39.53864390521966	49.85754711133816	40.17371626521697	35.778250517260055	34.0	29.47675389535558	42.0	24.217179731482307
77:45	67.88285411112435	56.95150404159955	39.539597671886014	49.858500878004506	40.174670031883316	35.77920428392641	34.0	29.47770766202193	42.0	24.21813349814866
77:50	67.8838078777907	56.95150404159955	39.54055143855236	49.85945464467086	40.17562379854967	35.78015805059276	34.0	29.478661428688284	42.0	24.219087264815013
77:55	67.88476164445704	56.95150404159955	39.54150520521872	49.86040841133721	40.17657756521602	35.78111181725912	34.0	29.479615195354636	42.0	24.22004103148137
78:00	67.8857154111234	56.95150404159955	39.54245897188507	49.86136217800357	40.17753133188238	35.782065583925466	34.0	29.48056896202099	42.0	24.22099479814772
78:05	67.88863244445797	56.95150404159955	39.545376005219644	49.864279211338136	40.180448365216954	35.7849826172588	34.0	29.48348599535432	42.0	24.22391183148105
78:10	67.89154947779255	56.95150404159955	39.54829303855421	49.86719624467271	40.18336539855152	35.78789965059213	34.0	29.486403028687654	42.0	24.226828864814383
78:15	67.89446651112712	56.95150404159955	39.55121007188879	49.87011327800728	40.1862824318861	35.79081668392546	34.0	29.489320062020983	42.0	24.229745898147712
78:20	67.89738354446169	56.95150404159955	39.554127105223365	49.87303031134186	40.18919946522067	35.79373371725879	34.0	29.492237095354316	42.0	24.232662931481045
78:25	67.90030057779627	56.95150404159955	39.557044138557934	49.87594734467643	40.192116498555244	35.79665075059212	34.0	29.49515412868765	42.0	24.235579964814377
78:30	67.90321761113084	56.95150404159955	39.55996117189251	49.878864378011	40.19503353188981	35.799567783925454	34.0	29.498071162020977	42.0	24.238496998147706
78:35	67.90613464446541	56.95150404159955	39.56287820522708	49.88178141134558	40.19795056522439	35.80248481725879	34.0	29.50098819535431	42.0	24.24141403148104
78:40	67.90905167779998	56.95150404159955	39.565795238561655	49.88469844468015	40.200867598558965	35.80540185059212	34.0	29.50390522868764	42.0	24.24433106481437
78:45	67.91196871113456	56.95150404159955	39.56871227189623	49.88761547801472	40.203784631893534	35.80831888392545	34.0	29.50682226202097	42.0	24.2472480981477
78:50	67.91488574446913	56.95150404159955	39.5716293052308	49.89053251134929	40.20670166522811	35.81123591725878	34.0	29.509739295354304	42.0	24.250165131481033
78:55	67.9178027778037	56.95150404159955	39.574546338565376	49.89344954468387	40.20961869856268	35.81415295059211	34.0	29.512656328687633	42.0	24.253082164814366
79:00	67.92071981113828	56.95150404159955	39.577463371899945	49.896366578018444	40.212535731897255	35.81706998392544	34.0	29.515573362020966	42.0	24.255999198147695
79:05	67.92636561113771	56.95150404159955	39.58310917189938	49.90201237801788	39.684871193753374	35.82271578392488	34.0	29.5212191620204	42.0	24.261644998147133
79:10	67.93201141113715	56.95150404159955	39.58875497189882	49.907658178017314	38.573390947417984	35.82836158392431	34.0	29.526864962019836	42.0	24.26729079814657
79:15	67.93765721113658	56.95150404159955	39.59440077189826	49.91330397801675	37.63780554714789	35.83400738392375	34.0	29.532510762019275	42.0	24.272936598146003
79:20	67.94330301113602	56.95150404159955	39.60004657189769	49.918949778016184	36.88538218895629	35.83965318392318	34.0	29.53815656201871	42.0	24.27858239814544
79:25	67.94894881113545	56.95150404159955	39.60569237189713	49.92459557801562	36.78805873944471	35.845298983922625	34.0	29.543802362018145	42.0	24.284228198144874
79:30	67.9545946111349	56.95150404159955	39.61133817189656	49.930241378015054	36.79370453944414	35.85094478392206	34.0	29.54944816201758	42.0	24.289873998144312
79:35	67.96024041113434	56.95150404159955	39.616983971896	49.93588717801449	36.79935033944358	35.856590583921495	34.0	29.555093962017015	42.0	24.295519798143747
79:40	67.96588621113376	56.95150404159955	39.62262977189543	49.941532978013925	36.80499613944301	35.86223638392093	34.0	29.560739762016453	42.0	24.301165598143182
79:45	67.9715320111332	56.95150404159955	39.62827557189487	49.59655828957443	36.810641939442455	35.867882183920365	34.0	29.56638556201589	42.0	24.306811398142617
79:50	67.97717781113263	56.95150404159955	39.6339213718943	49.367200030761516	36.19620191971701	35.8735279839198	34.0	29.572031362015323	42.0	24.312457198142052
79:55	67.98282361113208	56.95150404159955	39.63956717189374	50.28386669742819	35.32772826350148	35.879173783919235	34.0	29.57767716201476	42.0	24.318102998141487
80:00	67.9884694111315	56.95150404159955	39.64521297189317	51.20053336409485	34.59952290658163	35.88481958391867	34.0	29.423200015127332	42.0	24.323748798140926
80:05	67.99746257779923	56.95150404159955	39.654206138560895	52.117200030761516	34.451673401118065	35.89381275058515	34.0	28.284202105182704	42.0	24.332741964807404
80:10	68.00645574446695	56.95150404159955	39.663199305228616	53.03386669742819	34.451673401118065	35.90280591725163	34.0	29.052595048312426	42.0	24.341735131473882
80:15	68.01544891113467	56.95150404159955	39.67219247189634	53.95053336409485	34.451673401118065	35.911799083918105	34.0	30.88592838164576	42.0	24.350728298140357
80:20	68.02444207780239	56.95150404159955	39.68118563856405	54.867200030761516	34.451673401118065	35.92079225058458	34.0	32.71926171497909	42.0	24.359721464806835
80:25	68.03343524447011	56.95150404159955	39.690178805231774	55.78386669742819	34.451673401118065	35.92978541725106	34.0	34.552595048312426	42.0	24.368714631473313
80:30	68.04242841113782	56.95150404159955	39.699171971899496	56.70053336409485	34.33250729226201	35.93877858391754	34.0	36.385928381645755	42.0	24.37770779813979
80:35	68.05142157780554	56.95150404159955	39.70816513856722	57.591039508387794	33.64343415061772	35.94777175058402	34.0	38.2192617149791	42.0	24.38670096480627
80:40	68.06041474447326	56.95150404159955	39.71715830523493	58.27839283982364	32.86678617585624	35.956764917250496	34.0	40.052595048312426	42.0	24.395694131472748
80:45	68.06940791114098	56.95150404159955	39.726151471902654	58.78191415038351	31.761871503973797	35.965758083916974	34.0	41.88592838164576	42.0	24.404687298139226
80:50	68.0784010778087	56.95150404159955	39.735144638570375	59.15076914619523	32.13249874736913	35.97475125058345	34.0	43.7192617149791	42.0	24.413680464805704
80:55	68.08739424447643	56.95150404159955	39.74413780523809	59.42097421017548	33.058158580702276	35.98374441724993	34.0	45.552595048312426	42.0	24.422673631472183
81:00	68.09638741114415	56.95150404159955	39.75313097190581	59.61891317651619	33.98381841403542	35.99273758391641	34.0	47.38592838164576	42.0	24.43166679813866
81:05	68.10862987780995	56.95150404159955	39.765373438571615	59.7639135470455	34.91272754736913	36.004980050583455	34.0	49.2192617149791	42.0	24.443909264805708
81:10	68.12087234447576	56.95150404159955	39.77761590523742	59.87013370087534	35.84163668070284	36.0172225172505	34.0	51.052595048312426	42.0	24.45615173147275
81:15	68.13311481114155	56.95150404159955	39.78985837190323	59.9479453715521	36.77054581403656	36.02946498391754	34.0	52.88592838164576	42.0	24.468394198139798
81:20	68.14535727780736	56.95150404159955	39.80210083856903	60.0	37.69945494736973	36.04170745058459	34.0	54.261813180592895	42.0	24.480636664806845
81:25	68.15759974447316	56.95150404159955	39.814343305234836	60.0	38.6283640807022	36.053949917251636	34.0	53.361579620140134	42.0	24.49287913147389
81:30	68.16984221113897	56.95150404159955	39.82658577190064	60.0	39.55727321403467	36.06619238391868	34.0	52.880036177173885	42.0	24.50512159814094
81:35	68.18208467780478	56.95150404159955	39.83882823856644	60.0	40.48618234736714	36.07843485058573	34.0	52.89227864383969	42.0	24.517364064807982
81:40	68.19432714447058	56.95150404159955	39.851070705232246	60.0	41.415091480699616	36.090677317252776	34.0	52.90452111050549	42.0	24.52960653147503
81:45	68.20656961113639	56.95150404159955	39.86331317189805	60.0	42.34400061403208	36.10291978391982	34.0	52.9167635771713	42.0	24.541848998142076
81:50	68.21881207780218	56.95150404159955	39.87555563856386	60.0	43.27290974736455	36.11516225058687	34.0	52.929006043837106	42.0	24.554091464809122
81:55	68.231054544468	56.95150404159955	39.88779810522966	60.0	44.201818880697026	36.12740471725392	34.0	52.94124851050291	42.0	24.566333931476166
82:00	68.24329701113379	56.95150404159955	39.90004057189547	60.0	45.13072801402949	36.139647183920964	34.0	52.95349097716871	42.0	24.578576398143213
82:05	68.25829227779981	56.95150404159955	39.91503583856148	60.0	46.06238994736218	36.15464245058822	34.0	52.968486243834725	42.0	24.59357166481047
82:10	68.27328754446583	56.95150404159955	39.93003110522749	60.0	46.99405188069486	36.169637717255476	34.0	52.983481510500745	42.0	24.60856693147773
82:15	68.28828281113184	56.95150404159955	39.94502637189351	60.0	47.92571381402754	36.18463298392273	34.0	52.99847677716676	42.0	24.623562198144985
82:20	68.30327807779786	56.95150404159955	39.960021638559525	60.0	48.85737574736022	36.19962825058999	34.0	53.01347204383277	42.0	24.63855746481224
82:25	68.31827334446388	56.95150404159955	39.97501690522554	60.0	49.78903768069291	36.214623517257245	34.0	53.02846731049879	42.0	24.653552731479497
82:30	68.33326861112988	56.95150404159955	39.99001217189156	60.0	50.720699614025584	36.2296187839245	34.0	53.0434625771648	42.0	24.668547998146753
82:35	68.3482638777959	56.95150404159955	40.00500743855757	60.0	51.65236154735827	36.24461405059176	34.0	53.058457843830816	42.0	24.68354326481401
82:40	68.36325914446192	56.95150404159955	40.02000270522358	60.0	52.58402348069095	36.25960931725901	34.0	53.04707631997811	42.0	24.69853853148127
82:45	68.37825441112793	56.95150404159955	40.0349979718896	60.0	53.51568541402363	36.27460458392627	34.0	52.31667545289503	42.0	24.713533798148525
82:50	68.39324967779395	56.95150404159955	40.049993238555615	60.0	54.44734734735631	36.289599850593525	34.0	51.64266729452058	42.0	24.72852906481578
82:55	68.40824494445997	56.95150404159955	40.06498850522163	60.0	55.379009280689	36.30459511726078	34.0	51.65766256118659	42.0	24.743524331483037
83:00	68.42324021112597	56.95150404159955	40.07998377188765	60.0	56.310671214021674	36.319590383928045	34.0	51.67265782785261	42.0	24.758519598150293
83:05	68.44042897779174	56.95150404159955	40.030057656889156	60.0	57.24438801026693	36.33677915059504	34.0	51.689846594518364	42.0	24.775708364817294
83:10	68.4576177444575	56.95150404159955	38.91141148323334	60.0	58.039185863617156	36.35396791726204	34.0	51.70703536118412	42.0	24.792897131484292
83:15	68.47480651112325	56.95150404159955	37.881819613864764	60.0	58.621415756812105	36.37115668392904	34.0	51.72422412784988	42.0	24.81008589815129
83:20	68.491995277789	56.95150404159955	37.0843173969231	60.0	59.04792879670126	36.388345450596034	34.0	51.74141289451563	42.0	24.82727466481829
83:25	68.50918404445476	56.95150404159955	36.947453232066465	60.0	59.36037131351757	36.40553421726303	34.0	51.758601661181395	42.0	24.844463431485288
83:30	68.52637281112051	56.95150404159955	36.947453232066465	60.0	59.5892513645	36.42272298393003	34.0	51.77579042784715	42.0	24.861652198152285
83:35	68.54356157778628	56.95150404159955	36.947453232066465	60.0	59.75691765483559	36.439911750597034	34.0	51.7929791945129	42.0	24.878840964819283
83:40	68.56075034445203	56.95150404159955	36.64521443761723	60.0	59.879741748915585	36.45710051726403	34.0	51.810167961178664	42.0	24.896029731486284
83:45	68.57793911111779	56.95150404159955	35.781090056600085	60.0	59.96971665118358	36.47428928393103	34.0	51.82735672784442	42.0	24.91321849815328
83:50	68.59512787778354	56.95150404159955	34.658664741403406	60.0	60.0	36.491478050598026	34.0	51.84454549451018	42.0	24.93040726482028
83:55	68.6123166444493	56.95150404159955	33.80068855734187	59.45873390852483	60.0	36.50866681726502	34.0	51.86173426117593	42.0	24.94759603148728
84:00	68.62950541111506	56.95150404159955	33.81787732400887	59.21622401460359	60.0	36.52585558393202	34.0	51.87892302784169	42.0	24.964784798154277
84:05	68.64781834444827	56.95150404159955	33.83619025734208	59.21622401460359	60.0	36.54416851726524	34.0	51.283563637862045	42.0	24.983097731487494
84:10	68.66613127778149	56.95150404159955	33.8545031906753	59.21622401460359	60.0	36.56248145059846	34.0	50.15170998494245	42.0	25.001410664820714
84:15	68.68444421111471	56.95150404159955	33.38878968403155	59.21622401460359	60.0	36.580794383931675	34.0	49.650338428306	42.0	25.01972359815393
84:20	68.70275714444793	56.95150404159955	32.209505305649536	59.21622401460359	60.0	36.599107317264895	34.0	48.52561866381809	42.0	25.038036531487148
84:25	68.72107007778115	56.95150404159955	31.146101836657262	59.21622401460359	60.0	36.39510221902337	34.0	47.59453270236896	40.85990668776082	25.056349464820368
84:30	68.73938301111437	56.95150404159955	30.208737022594033	59.21622401460359	60.0	35.60789338856886	34.0	47.053284142732764	40.87821962109403	25.074662398153585
84:35	68.75769594444759	56.95150404159955	30.09868325337701	59.21622401460359	60.0	35.30018164528286	34.0	47.053284142732764	40.89653255442725	25.0929753314868
84:40	68.7760088777808	56.95150404159955	30.09868325337701	59.21622401460359	60.0	35.318494578616075	34.0	47.053284142732764	40.91484548776047	25.111288264820022
84:45	68.79432181111402	56.95150404159955	30.099049512043674	58.64659286916582	60.0	35.336807511949296	34.0	47.053284142732764	40.93315842109369	25.12960119815324
84:50	68.81263474444724	56.95150404159955	29.249359818809342	57.65488236312553	60.0	35.355120445282516	34.0	47.053284142732764	40.95147135442691	25.147914131486456
84:55	68.83094767778046	56.95150404159955	28.063809860958926	56.699529395949675	60.0	35.37343337861573	34.0	47.053284142732764	40.96978428776013	25.166227064819676
85:00	68.84926061111368	56.95150404159955	26.80366113963695	56.0517691435747	60.0	35.39174631194895	34.0	47.053284142732764	40.98809722109334	25.184539998152893
85:05	68.86827701111314	56.95150404159955	26.469200890477605	55.11079938085628	60.0	35.41076271194841	34.0	47.053284142732764	41.007113621092806	25.203556398152354
85:10	68.8872934111126	56.95150404159955	26.469200890477605	54.240018677963526	60.0	35.429779111947866	34.0	47.053284142732764	41.026130021092264	25.222572798151813
85:15	68.90630981111205	56.95150404159955	26.469200890477605	54.07617040282905	60.0	34.762776639916666	34.0	47.053284142732764	41.04514642109172	25.24158919815127
85:20	68.92532621111151	56.95150404159955	26.469200890477605	54.99283706949572	60.0	34.22610030713957	34.0	47.053284142732764	41.06416282109118	25.260605598150732
85:25	68.94434261111097	56.95150404159955	26.469200890477605	55.909503736162385	60.0	34.22610030713957	34.0	47.053284142732764	41.08317922109064	25.27962199815019
85:30	68.96335901111043	56.95150404159955	26.469200890477605	56.82617040282905	60.0	34.22610030713957	34.0	47.053284142732764	41.102195621090104	25.298638398149652
85:35	70.66293096666544	56.95150404159955	26.469200890477605	57.69836648197691	60.0	34.22610030713957	34.0	47.01700784308471	41.12121202108956	25.31765479814911
85:40	72.20531774551883	56.95150404159955	26.469200890477605	58.3570153123257	60.0	34.22610030713957	34.0	46.18124862468348	41.14022842108902	25.33667119814857
85:45	73.2232538869242	56.95150404159955	26.469200890477605	58.83950911440444	60.0	34.22610030713957	34.0	45.15838397369027	41.15924482108848	25.35568759814803
85:50	73.8947513057986	56.95150404159955	26.469200890477605	59.19296038967822	60.0	34.22610030713957	34.0	44.308781409108484	41.178261221087936	25.37470399814749
85:55	74.33771502937009	56.95150404159955	26.469200890477605	59.45188144411345	60.0	34.22610030713957	34.0	43.66352308421799	41.1972776210874	25.39372039814695
86:00	74.62992294392804	56.95150404159955	26.469200890477605	59.64155429895859	60.0	34.01958455368801	34.0	42.77921477003203	40.12637681048239	25.41273679814641
86:05	74.82185247918336	56.95150404159955	26.469200890477605	59.780499321964065	60.0	33.36673370339973	34.0	42.61161622969664	39.91552829323647	25.43073513148009
86:10	74.94846178431301	56.95150404159955	26.469200890477605	59.88228362543625	60.0	32.314343109334644	34.0	42.61161622969664	39.91552829323647	25.44873346481377
86:15	75.0	56.95150404159955	26.469200890477605	59.95684580988319	60.0	31.626419799095814	34.0	42.61161622969664	39.91552829323647	25.466731798147453
86:20	75.0	56.95150404159955	26.469200890477605	60.0	60.0	31.626419799095814	34.0	42.61161622969664	39.91552829323647	25.484730131481133
86:25	75.0	56.95150404159955	26.469200890477605	60.0	60.0	31.626419799095814	34.0	42.61161622969664	39.91552829323647	25.502728464814815
86:30	75.0	56.95150404159955	26.469200890477605	60.0	60.0	31.626419799095814	34.0	42.61161622969664	39.91552829323647	25.520726798148495
86:35	75.0	56.95150404159955	26.469200890477605	60.0	60.0	31.626419799095814	34.0	42.61161622969664	39.91552829323647	25.538725131482174
86:40	75.0	56.56113760094113	26.469200890477605	60.0	60.0	31.626419799095814	34.0	42.61161622969664	39.91552829323647	25.556723464815857
86:45	75.0	55.78533811603791	26.469200890477605	60.0	60.0	31.626419799095814	33.27066773840659	42.61161622969664	39.91552829323647	25.40682145479957
86:50	75.0	54.940530904307174	26.469200890477605	60.0	59.35345402994228	30.751998199303465	33.074146342244596	42.61161622969664	39.91552829323647	24.26967682713528
86:55	75.0	53.85844602983114	26.469200890477605	60.0	58.27286086808086	29.9768644748755	33.074146342244596	42.61161622969664	39.91552829323647	22.935859687387044
87:00	75.0	52.841450577292925	26.469200890477605	60.0	57.61894067512773	29.593931694706654	33.074146342244596	42.61161622969664	39.91552829323647	21.823647750669533
87:05	75.0	52.417460371486584	26.469200890477605	60.0	57.20264012026408	29.593931694706654	33.074146342244596	42.61161622969664	39.91552829323647	21.62865693885815
87:10	75.0	52.433825538153194	26.469200890477605	60.0	57.21900528693068	29.593931694706654	33.074146342244596	42.53055895519428	39.91552829323647	21.645022105524756
87:15	75.0	52.4501907048198	26.469200890477605	60.0	57.23537045359729	29.593931694706654	33.074146342244596	41.72255734415306	39.91552829323647	21.661387272191362
87:20	75.0	52.466555871486406	26.469200890477605	60.0	57.2517356202639	29.1987560584563	33.074146342244596	41.013284951221785	39.91552829323647	21.67775243885797
87:25	75.0	52.482921038153016	26.469200890477605	60.0	57.2681007869305	29.16271476708524	33.074146342244596	40.84837218606435	39.91552829323647	21.694117605524575
87:30	75.0	52.49928620481962	26.66364533492205	60.0	57.10088745042942	29.16271476708524	33.074146342244596	40.86473735273096	39.91552829323647	21.710482772191185
87:35	75.0	52.51565137148623	27.246978668255384	60.0	56.47002829693187	29.16271476708524	33.074146342244596	40.88110251939757	39.91552829323647	21.72684793885779
87:40	75.0	52.53201653815284	27.830312001588716	60.0	55.6157448684633	29.16271476708524	33.074146342244596	40.897467686064175	39.91552829323647	21.743213105524397
87:45	75.0	52.54838170481944	28.41364533492205	60.0	54.652884257633985	29.16271476708524	33.074146342244596	40.913832852730785	39.91552829323647	21.759578272191003
87:50	75.0	52.56474687148605	28.996978668255384	60.0	54.38457913559027	29.16271476708524	33.074146342244596	40.930198019397395	39.91552829323647	21.775943438857613
87:55	75.0	52.581112038152654	29.580312001588716	60.0	54.13047348531678	29.16271476708524	33.074146342244596	40.946563186064	39.91552829323647	21.79230860552422
88:00	75.0	52.59747720481926	30.16364533492205	60.0	54.14683865198338	29.16271476708524	33.074146342244596	40.96292835273061	39.91552829323647	21.808673772190826
88:05	75.0	52.611588704819226	30.746978668255384	60.0	54.16095015198334	29.112480875586805	33.074146342244596	40.97703985273056	39.91552829323647	21.822785272190785
88:10	75.0	52.62570020481918	31.330312001588716	60.0	54.175061651983306	28.707015262528046	33.074146342244596	40.991151352730526	39.91552829323647	21.836896772190748
88:15	75.0	52.639811704819145	31.91364533492205	60.0	54.18917315198326	28.721126762528005	33.074146342244596	41.00526285273049	39.91552829323647	21.851008272190708
88:20	75.0	52.65392320481911	32.49697866825538	60.0	54.203284651983225	28.735238262527965	32.89587005933779	41.019374352730445	39.91552829323647	21.865119772190667
88:25	75.0	52.668034704819064	33.080312001588716	60.0	54.21739615198318	28.749349762527928	32.31393423761857	41.03348585273041	39.91552829323647	21.879231272190626
88:30	75.0	52.68214620481903	33.66364533492205	60.0	54.231507651983144	28.763461262527887	32.328045737618524	41.047597352730364	39.91552829323647	21.893342772190586
88:35	75.0	52.69625770481898	34.24697866825538	60.0	54.24561915198311	28.76678686873484	32.34215723761849	41.06170885273033	39.332850516235894	21.90745427219055
88:40	75.0	52.710369204818946	34.830312001588716	60.0	54.02368863206739	28.159852321900217	32.35626873761845	41.07582035273029	39.41436493997451	21.921565772190508
88:45	75.0	52.72448070481891	35.41364533492205	60.0	54.02368863206739	28.136860176862506	32.370380237618406	41.089931852730246	40.32307734111077	21.935677272190468
88:50	75.0	52.19390872232244	35.99697866825538	60.0	54.02368863206739	28.136860176862506	32.38449173761837	41.10404335273021	40.92252361975422	21.949788772190427
88:55	75.0	51.22002200113281	36.580312001588716	60.0	54.02368863206739	28.136860176862506	32.398603237618325	41.11815485273017	41.31795768726579	21.96390027219039
89:00	75.0	50.10278739247145	37.16364533492205	60.0	53.92871476011993	28.136860176862506	32.41271473761829	41.13226635273013	41.57881192445046	21.97801177219035
89:05	75.0	49.17761533223524	37.74697866825538	60.0	53.76686740012632	28.136860176862506	32.423683137618575	41.14323475272917	41.75088848195447	21.988980172190633
89:10	75.0	48.38750955497222	38.330312001588716	59.40987017081484	53.77783580012537	28.136860176862506	32.434651537618855	41.154203152728215	41.86440146131796	21.999948572190917
89:15	75.0	48.08906972239798	38.91364533492205	58.516322898314264	53.78880420012441	28.136860176862506	32.44561993761914	41.16517155272726	41.939282064875364	22.0109169721912
89:20	75.0	48.08906972239798	39.49697866825538	57.7544418629315	53.799772600123454	28.136860176862506	32.45658833761942	41.176139952726295	41.988678220456535	22.021885372191484
89:25	75.0	48.08906972239798	40.080312001588716	57.62920441710199	53.81074100012249	27.856424471686672	32.46755673761971	41.18710835272534	42.0	22.03285377219177
89:30	75.0	48.08906972239798	40.66364533492205	56.95549905879935	53.821709400121534	27.501474701467874	32.47852513761999	41.19807675272438	42.0	22.043822172192055
89:35	75.0	48.08906972239798	41.24697866825538	56.12628024838421	53.83267780012058	28.09577643480149	32.48949353762028	41.20904515272343	42.0	22.05479057219234
89:40	75.0	48.08906972239798	41.830312001588716	55.11906961886027	53.84364620011962	28.69007816813511	32.500461937620564	41.22001355272247	42.0	22.065758972192622
89:45	75.0	48.08906972239798	42.41364533492205	55.078659240799674	53.62454196720307	29.284379901468725	32.511430337620844	41.23098195272151	42.0	22.076727372192906
89:50	75.0	48.08906972239798	42.99697866825538	55.078659240799674	53.62454196720307	29.87868163480234	32.52239873762113	41.24195035272055	42.0	22.08769577219319
89:55	75.0	48.08906972239798	43.580312001588716	55.078659240799674	53.62454196720307	30.0077754822142	32.53336713762141	41.252918752719594	42.0	22.098664172193473
90:00	75.0	48.08906972239798	44.16364533492205	55.078659240799674	53.62454196720307	29.361319133668143	32.037400460694506	41.26388715271864	42.0	22.109632572193757
90:05	75.0	48.08906972239798	44.74697866825538	55.078659240799674	53.62454196720307	28.528785397050317	31.348516332075395	41.27160855271879	42.0	22.117353972193914
90:10	75.0	48.08906972239798	45.330312001588716	55.078659240799674	53.66532025244875	28.262705653809018	31.348516332075395	41.279329952718946	41.53925408028543	22.12507537219407
90:15	75.0	48.08906972239798	45.91364533492205	55.078659240799674	55.3790475595913	28.270427053809176	31.348516332075395	41.287051352719104	40.94673513764771	22.132796772194222
90:20	75.0	48.08906972239798	46.49697866825538	55.078659240799674	56.65799611798153	28.27814845380933	31.348516332075395	41.294772752719254	40.95445653764786	22.14051817219438
90:25	75.0	48.08906972239798	47.080312001588716	55.078659240799674	57.594891052227474	28.285869853809483	31.348516332075395	41.30249415271941	40.962177937648015	22.148239572194534
90:30	75.0	48.08906972239798	47.66364533492205	55.078659240799674	58.28121429178022	28.293591253809637	31.348516332075395	41.31021555271957	40.96989933764817	22.155960972194688
90:35	74.9198933197683	48.08906972239798	48.24697866825538	55.078659240799674	58.78398100759053	28.301312653809795	31.348516332075395	41.31793695271972	40.97762073764832	22.16368237219484
90:40	74.14146294606391	48.08906972239798	48.830312001588716	55.078659240799674	59.15228322432945	28.30903405380995	31.348516332075395	41.32565835271988	40.98534213764848	22.171403772195
90:45	73.0607102750673	48.08906972239798	49.41364533492205	55.078659240799674	59.42208334949522	27.778793589934406	31.348516332075395	41.333379752720035	40.99306353764864	22.179125172195153
90:50	71.93641949254175	48.08906972239798	49.99697866825538	55.078659240799674	59.58993862330181	26.93199925708852	31.348516332075395	41.341101152720185	41.00078493764879	22.186846572195307
90:55	71.3888120368793	48.08906972239798	50.55526177520451	55.078659240799674	59.25550341986145	26.46109125269342	31.348516332075395	41.34882255272034	41.008506337648946	22.194567972195465
91:00	71.3888120368793	48.08906972239798	50.97899086879602	55.078659240799674	59.2632248198616	26.46109125269342	31.348516332075395	41.35654395272049	41.016227737649096	22.20228937219562
91:05	71.3888120368793	48.08906972239798	51.28939400320998	55.078659240799674	59.26774185319518	26.46109125269342	31.348516332075395	41.36106098605408	41.02074477098268	22.206806405529196
91:10	71.3888120368793	48.08906972239798	51.5167801027514	55.078659240799674	59.27225888652876	26.46109125269342	31.348516332075395	41.365578019387655	41.02526180431626	22.211323438862777
91:15	71.3888120368793	48.08906972239798	51.683351997594805	55.078659240799674	59.27677591986234	26.46109125269342	31.348516332075395	41.37009505272123	41.029778837649836	22.21584047219636
91:20	71.3888120368793	48.08906972239798	51.805374391257715	55.078659240799674	59.28129295319592	26.46109125269342	31.348516332075395	41.37461208605482	41.03429587098342	22.220357505529936
91:25	71.3888120368793	48.08906972239798	51.89476200715312	55.078659240799674	59.2858099865295	26.46109125269342	31.348516332075395	41.379129119388395	41.038812904317	22.224874538863517
91:30	71.3888120368793	48.08906972239798	51.960242986796416	55.078659240799674	59.29032701986308	26.36111470860456	31.348516332075395	41.38364615272197	41.043329937650576	22.229391572197095
91:35	71.3888120368793	48.08906972239798	52.0	55.078659240799674	59.294844053196655	25.78747546957765	31.348516332075395	41.38816318605556	41.04784697098416	22.233908605530676
91:40	71.3888120368793	48.08906972239798	52.0	55.078659240799674	59.29936108653024	25.79199250291123	30.515799170433745	41.392680219389135	41.05236400431774	22.238425638864257
91:45	71.3888120368793	48.08906972239798	52.0	55.078659240799674	59.30387811986382	25.796509536244812	29.97663811889882	41.39719725272271	41.056881037651316	22.242942672197834
91:50	71.3888120368793	48.08906972239798	52.0	55.078659240799674	59.308395153197395	25.80102656957839	29.9811551522324	41.40171428605629	41.06139807098489	22.247459705531416
91:55	71.3888120368793	48.08906972239798	52.0	55.078659240799674	59.31291218653098	25.80554360291197	29.985672185565978	41.406231319389875	41.06591510431848	22.251976738864993
92:00	71.3888120368793	48.08906972239798	52.0	55.078659240799674	59.31742921986456	25.81006063624555	29.99018921889956	41.41074835272345	41.070432137652055	22.256493772198574
92:05	71.3888120368793	48.08906972239798	52.0	55.078659240799674	59.31930761986499	25.811939036245985	29.99206761889999	41.41262675272389	41.07231053765249	22.258372172199007
92:10	71.3888120368793	48.08906972239798	52.0	55.078659240799674	59.32118601986542	25.813817436246417	29.993946018900424	41.41450515272432	41.07418893765292	22.26025057219944
92:15	71.3888120368793	48.08906972239798	52.0	55.078659240799674	59.32306441986586	25.81569583624685	29.995824418900856	41.41638355272475	41.076067337653356	22.262128972199875
92:20	71.3888120368793	48.08906972239798	52.0	55.078659240799674	59.32494281986629	25.398830822175306	29.997702818901292	41.41826195272519	41.07794573765379	22.264007372200307
92:25	71.3888120368793	48.08906972239798	52.0	55.078659240799674	59.32682121986672	24.936506311918997	29.999581218901724	41.42014035272562	41.07982413765422	22.26588577220074
92:30	71.3888120368793	48.08906972239798	52.0	55.078659240799674	59.32869961986716	24.936506311918997	30.001459618902157	41.42201875272605	41.08170253765466	22.267764172201172
92:35	71.3888120368793	48.08906972239798	52.0	55.078659240799674	59.33057801986759	24.936506311918997	30.00333801890259	41.42389715272648	41.083580937655086	22.269642572201608
92:40	71.3888120368793	48.08906972239798	52.0	55.078659240799674	59.33245641986802	24.936506311918997	30.00521641890302	41.42577555272692	41.08545933765552	22.27152097220204
92:45	71.3888120368793	48.08906972239798	52.0	55.078659240799674	59.33433481986845	24.936506311918997	30.007094818903457	41.427653952727354	41.08733773765596	22.273399372202473
92:50	71.3888120368793	48.08906972239798	52.0	55.078659240799674	59.33621321986889	24.936506311918997	30.00897321890389	41.42953235272778	41.089216137656386	22.275277772202905
92:55	71.3888120368793	48.08906972239798	52.0	55.078659240799674	59.338091619869324	24.936506311918997	30.010851618904322	41.43141075272822	41.09109453765682	22.277156172203338
93:00	71.3888120368793	48.08906972239798	52.0	55.078659240799674	59.33997001986975	24.936506311918997	30.012730018904755	41.43328915272865	41.09297293765725	21.91291005288323
93:05	71.3888120368793	48.08906972239798	52.0	55.078659240799674	59.34029641986911	24.936506311918997	30.013056418905357	41.43361555272801	41.09329933765662	20.745726609988502
93:10	71.3888120368793	48.08906972239798	52.0	55.078659240799674	59.34062281986848	24.936506311918997	30.01338281890596	41.43394195272737	41.09362573765598	19.41012260023084
93:15	71.3888120368793	48.08906972239798	52.0	55.078659240799674	59.34094921986784	24.936506311918997	30.013709218906563	41.43426835272673	41.093952137655336	18.317404727455298
93:20	71.3888120368793	48.08906972239798	52.0	55.078659240799674	59.3412756198672	24.936506311918997	30.014035618907165	41.43459475272609	41.094278537654695	18.90106446078888
93:25	71.3888120368793	48.08906972239798	52.0	55.078659240799674	59.341602019866556	24.936506311918997	30.014362018907764	41.43492115272545	41.094604937654054	19.48472419412282
93:30	71.3888120368793	48.08906972239798	52.0	55.078659240799674	59.341928419865916	24.936506311918997	30.014688418908367	41.43524755272481	41.09493133765341	20.068383927456754
93:35	71.3888120368793	48.08906972239798	52.0	55.078659240799674	59.342254819865275	24.936506311918997	30.01501481890897	41.43557395272417	41.09525773765277	20.65204366079069
93:40	71.3888120368793	48.08906972239798	52.0	55.078659240799674	59.342581219864634	24.936506311918997	30.015341218909573	41.43590035272353	41.09558413765213	21.235703394124624
93:45	70.86864692231262	48.08906972239798	52.0	55.078659240799674	59.342907619864	24.936506311918997	30.015667618910175	41.436226752722895	41.0959105376515	21.81936312745856
93:50	69.74347563220795	48.08906972239798	52.0	55.078659240799674	59.34323401986336	24.936506311918997	30.015994018910774	41.436553152722254	41.09623693765086	22.403022860792493
93:55	68.76434329773296	48.08906972239798	52.0	55.078659240799674	59.34356041986272	24.936506311918997	30.016320418911377	41.436879552721614	41.09656333765022	22.986682594126428
94:00	67.92576195692169	48.08906972239798	52.0	55.078659240799674	59.34388681986208	24.936506311918997	30.01664681891198	41.43720595272097	41.096889737649576	23.570342327460367
94:05	67.78370474112397	48.08906972239798	52.0	55.078659240799674	59.34388681986208	24.936506311918997	30.01664681891198	41.43720595272097	41.096889737649576	24.1536756607937
94:10	67.78370474112397	48.08906972239798	52.0	55.078659240799674	59.34388681986208	24.936506311918997	30.01664681891198	41.43720595272097	41.096889737649576	24.73700899412703
94:15	67.78370474112397	48.08906972239798	52.0	55.078659240799674	59.34388681986208	24.936506311918997	30.01664681891198	41.43720595272097	41.096889737649576	25.320342327460367
94:20	67.78370474112397	48.08906972239798	52.0	55.078659240799674	59.34388681986208	24.936506311918997	30.01664681891198	41.43720595272097	41.096889737649576	25.9036756607937
94:25	67.78370474112397	48.08906972239798	52.0	55.078659240799674	59.34388681986208	24.936506311918997	30.01664681891198	41.43720595272097	41.096889737649576	26.48700899412703
94:30	67.78370474112397	48.08906972239798	52.0	55.078659240799674	59.34388681986208	24.936506311918997	30.01664681891198	41.43720595272097	41.096889737649576	27.070342327460367
94:35	67.78370474112397	48.08906972239798	52.0	55.078659240799674	59.34388681986208	24.936506311918997	30.01664681891198	41.43720595272097	41.096889737649576	27.6536756607937
94:40	67.78370474112397	48.08906972239798	52.0	55.078659240799674	59.34388681986208	24.936506311918997	30.01664681891198	41.43720595272097	41.096889737649576	28.23700899412703
94:45	67.78370474112397	48.08906972239798	52.0	55.078659240799674	59.34388681986208	24.936506311918997	30.01664681891198	41.43720595272097	41.096889737649576	28.820342327460367
94:50	67.78370474112397	48.08906972239798	52.0	55.078659240799674	59.34388681986208	24.936506311918997	30.01664681891198	41.43720595272097	41.096889737649576	29.4036756607937
94:55	67.78370474112397	48.08906972239798	52.0	55.078659240799674	59.34388681986208	24.936506311918997	30.01664681891198	41.43720595272097	41.096889737649576	29.98700899412703
95:00	67.78370474112397	48.08906972239798	52.0	55.078659240799674	59.34388681986208	24.936506311918997	30.01664681891198	41.43720595272097	41.096889737649576	30.570342327460367
95:05	67.78370474112397	48.08906972239798	52.0	55.078659240799674	59.34388681986208	24.936506311918997	30.01664681891198	41.43720595272097	41.096889737649576	31.1536756607937
95:10	67.78370474112397	48.08906972239798	52.0	55.078659240799674	59.34388681986208	24.936506311918997	30.01664681891198	41.43720595272097	41.096889737649576	31.73700899412703
95:15	67.78370474112397	48.08906972239798	52.0	55.078659240799674	59.34388681986208	24.936506311918997	30.01664681891198	41.43720595272097	41.096889737649576	32.32034232746037
95:20	67.78370474112397	48.08906972239798	52.0	55.078659240799674	59.34388681986208	24.936506311918997	30.01664681891198	41.43720595272097	41.096889737649576	32.903675660793695
95:25	67.78370474112397	48.08906972239798	52.0	55.078659240799674	59.34388681986208	24.936506311918997	30.01664681891198	41.43720595272097	41.096889737649576	33.48700899412703
95:30	67.78370474112397	48.08906972239798	52.0	55.078659240799674	59.34388681986208	24.936506311918997	30.01664681891198	41.43720595272097	41.096889737649576	34.07034232746037
95:35	67.78370474112397	48.08906972239798	52.0	55.078659240799674	59.34388681986208	24.936506311918997	30.01664681891198	41.43720595272097	41.096889737649576	34.653675660793695
95:40	67.78370474112397	48.08906972239798	52.0	55.078659240799674	59.34388681986208	24.936506311918997	30.01664681891198	41.43720595272097	41.096889737649576	35.23700899412703
95:45	67.78370474112397	48.08906972239798	52.0	55.078659240799674	59.34388681986208	24.936506311918997	30.01664681891198	41.43720595272097	41.096889737649576	35.82034232746037
95:50	67.78370474112397	48.08906972239798	52.0	55.078659240799674	59.34388681986208	24.936506311918997	30.01664681891198	41.43720595272097	41.096889737649576	36.403675660793695
95:55	67.78370474112397	48.08906972239798	52.0	55.078659240799674	59.34388681986208	24.936506311918997	30.01664681891198	41.43720595272097	41.096889737649576	36.98700899412703
96:00	67.78370474112397	48.08906972239798	52.0	55.078659240799674	59.34388681986208	24.936506311918997	30.01664681891198	41.43720595272097	41.096889737649576	37.57034232746037
96:05	67.78370474112397	48.08906972239798	52.0	55.078659240799674	59.34388681986208	24.936506311918997	30.01664681891198	41.43720595272097	41.096889737649576	38.153675660793695
96:10	67.78370474112397	48.08906972239798	52.0	55.078659240799674	59.34388681986208	24.936506311918997	30.01664681891198	41.43720595272097	41.096889737649576	38.73700899412703
96:15	67.78370474112397	48.08906972239798	52.0	55.078659240799674	59.34388681986208	24.936506311918997	30.01664681891198	41.43720595272097	41.096889737649576	39.32034232746037
96:20	67.78370474112397	48.08906972239798	52.0	55.078659240799674	59.34388681986208	24.936506311918997	30.01664681891198	41.43720595272097	41.096889737649576	39.903675660793695
96:25	67.78370474112397	48.08906972239798	52.0	55.078659240799674	59.34388681986208	24.936506311918997	30.01664681891198	41.43720595272097	41.096889737649576	40.48700899412703
96:30	67.78370474112397	48.08906972239798	52.0	55.078659240799674	59.34388681986208	24.936506311918997	30.01664681891198	41.43720595272097	41.096889737649576	41.021265650411564
96:35	67.78370474112397	48.08906972239798	52.0	55.078659240799674	59.34388681986208	24.936506311918997	30.01664681891198	41.43720595272097	41.096889737649576	41.38309440461355
96:40	67.78370474112397	48.08906972239798	52.0	55.078659240799674	59.34388681986208	24.936506311918997	30.01664681891198	41.43720595272097	41.096889737649576	41.621780373839215
96:45	67.78370474112397	48.08906972239798	52.0	55.078659240799674	59.34388681986208	24.936506311918997	30.01664681891198	41.43720595272097	41.096889737649576	41.779233288356295
96:50	67.78370474112397	48.08906972239798	52.0	55.078659240799674	59.34388681986208	24.936506311918997	30.01664681891198	41.43720595272097	41.096889737649576	41.88309955402058
96:55	67.78370474112397	48.08906972239798	52.0	55.078659240799674	59.34388681986208	24.936506311918997	30.01664681891198	41.43720595272097	41.096889737649576	41.95161655274449
97:00	67.78370474112397	48.08906972239798	52.0	55.078659240799674	59.34388681986208	24.936506311918997	30.01664681891198	41.43720595272097	41.096889737649576	41.99681485735386
97:05	67.78370474112397	48.08906972239798	52.0	55.078659240799674	59.34388681986208	24.936506311918997	30.01664681891198	41.43720595272097	41.096889737649576	42.0
97:10	67.78370474112397	48.08906972239798	52.0	55.078659240799674	59.34388681986208	24.936506311918997	30.01664681891198	41.43720595272097	41.096889737649576	42.0
97:15	67.78370474112397	48.08906972239798	52.0	55.078659240799674	59.34388681986208	24.936506311918997	30.01664681891198	41.43720595272097	41.096889737649576	42.0
97:20	67.78370474112397	48.08906972239798	52.0	55.078659240799674	59.34388681986208	24.936506311918997	30.01664681891198	41.43720595272097	41.096889737649576	42.0
97:25	67.78370474112397	48.08906972239798	52.0	55.078659240799674	59.34388681986208	24.936506311918997	30.01664681891198	41.43720595272097	41.096889737649576	42.0
97:30	67.78370474112397	48.08906972239798	52.0	55.078659240799674	59.34388681986208	24.936506311918997	30.01664681891198	41.43720595272097	41.096889737649576	42.0
97:35	67.78370474112397	48.08906972239798	52.0	55.078659240799674	59.34388681986208	24.936506311918997	30.01664681891198	41.43720595272097	41.096889737649576	42.0
97:40	67.78370474112397	48.08906972239798	52.0	55.078659240799674	59.34388681986208	24.936506311918997	30.01664681891198	41.43720595272097	41.096889737649576	42.0
97:45	67.78370474112397	48.08906972239798	52.0	55.078659240799674	59.34388681986208	24.936506311918997	30.01664681891198	41.43720595272097	41.096889737649576	42.0
97:50	67.78370474112397	48.08906972239798	52.0	55.078659240799674	59.34388681986208	24.936506311918997	30.01664681891198	41.43720595272097	41.096889737649576	42.0
97:55	67.78370474112397	48.08906972239798	52.0	55.078659240799674	59.34388681986208	24.936506311918997	30.01664681891198	41.43720595272097	41.096889737649576	42.0
98:00	67.78370474112397	48.08906972239798	52.0	55.078659240799674	59.34388681986208	24.936506311918997	30.01664681891198	41.43720595272097	41.096889737649576	42.0
98:05	67.78370474112397	48.08906972239798	52.0	55.078659240799674	59.34388681986208	24.936506311918997	30.01664681891198	41.43720595272097	41.096889737649576	42.0
98:10	67.78370474112397	48.08906972239798	52.0	55.078659240799674	59.34388681986208	24.936506311918997	30.01664681891198	41.43720595272097	41.096889737649576	42.0
98:15	67.78370474112397	48.08906972239798	52.0	55.078659240799674	59.34388681986208	24.936506311918997	30.01664681891198	41.43720595272097	41.096889737649576	42.0
98:20	67.78370474112397	48.08906972239798	52.0	55.078659240799674	59.34388681986208	24.936506311918997	30.01664681891198	41.43720595272097	41.096889737649576	42.0
98:25	67.78370474112397	48.08906972239798	52.0	55.078659240799674	59.34388681986208	24.936506311918997	30.01664681891198	41.43720595272097	41.096889737649576	42.0
98:30	67.78370474112397	48.08906972239798	52.0	55.078659240799674	59.34388681986208	24.936506311918997	30.01664681891198	41.43720595272097	41.096889737649576	42.0
98:35	67.78370474112397	48.08906972239798	52.0	55.078659240799674	59.34388681986208	24.936506311918997	30.01664681891198	41.43720595272097	41.096889737649576	42.0
98:40	67.78370474112397	48.08906972239798	52.0	55.078659240799674	59.34388681986208	24.936506311918997	30.01664681891198	41.43720595272097	41.096889737649576	42.0
98:45	67.78370474112397	48.08906972239798	52.0	55.078659240799674	59.34388681986208	24.936506311918997	30.01664681891198	41.43720595272097	41.096889737649576	42.0
98:50	67.78370474112397	48.08906972239798	52.0	55.078659240799674	59.34388681986208	24.936506311918997	30.01664681891198	41.43720595272097	41.096889737649576	42.0
98:55	67.78370474112397	48.08906972239798	52.0	55.078659240799674	59.34388681986208	24.936506311918997	30.01664681891198	41.43720595272097	41.096889737649576	42.0
99:00	67.78370474112397	48.08906972239798	52.0	55.078659240799674	59.34388681986208	24.936506311918997	30.01664681891198	41.43720595272097	41.096889737649576	42.0
99:05	67.78370474112397	48.08906972239798	52.0	55.078659240799674	59.34388681986208	24.936506311918997	30.01664681891198	41.43720595272097	41.096889737649576	42.0
99:10	67.78370474112397	48.08906972239798	52.0	55.078659240799674	59.34388681986208	24.936506311918997	30.01664681891198	41.43720595272097	41.096889737649576	42.0
99:15	67.78370474112397	48.08906972239798	52.0	55.078659240799674	59.34388681986208	24.936506311918997	30.01664681891198	41.43720595272097	41.096889737649576	42.0
99:20	67.78370474112397	48.08906972239798	52.0	55.078659240799674	59.34388681986208	24.936506311918997	30.01664681891198	41.43720595272097	41.096889737649576	42.0
99:25	67.78370474112397	48.08906972239798	52.0	55.078659240799674	59.34388681986208	24.936506311918997	30.01664681891198	41.43720595272097	41.096889737649576	42.0
99:30	67.78370474112397	48.08906972239798	52.0	55.078659240799674	59.34388681986208	24.936506311918997	30.01664681891198	41.43720595272097	41.096889737649576	42.0
99:35	67.78370474112397	48.08906972239798	52.0	55.078659240799674	59.34388681986208	24.936506311918997	30.01664681891198	41.43720595272097	41.096889737649576	42.0
99:40	67.78370474112397	48.08906972239798	52.0	55.078659240799674	59.34388681986208	24.936506311918997	30.01664681891198	41.43720595272097	41.096889737649576	42.0
99:45	67.78370474112397	48.08906972239798	52.0	55.078659240799674	59.34388681986208	24.936506311918997	30.01664681891198	41.43720595272097	41.096889737649576	42.0
99:50	67.78370474112397	48.08906972239798	52.0	55.078659240799674	59.34388681986208	24.936506311918997	30.01664681891198	41.43720595272097	41.096889737649576	42.0
99:55	67.78370474112397	48.08906972239798	52.0	55.078659240799674	59.34388681986208	24.936506311918997	30.01664681891198	41.43720595272097	41.096889737649576	42.0
100:00	67.78370474112397	48.08906972239798	52.0	55.078659240799674	59.34388681986208	24.936506311918997	30.01664681891198	41.43720595272097	41.096889737649576	42.0
100:05	67.78370474112397	48.08906972239798	52.0	55.078659240799674	59.34394638652876	24.936506311918997	30.01670638557866	41.43726551938766	41.09694930431626	42.0
100:10	67.78370474112397	48.08906972239798	52.0	55.078659240799674	59.34400595319544	24.936506311918997	30.016765952245343	41.43732508605434	41.09700887098294	42.0
100:15	67.78370474112397	48.08906972239798	52.0	55.078659240799674	59.34406551986213	24.936506311918997	30.01682551891203	41.43738465272102	41.097068437649625	42.0
100:20	67.78370474112397	48.08906972239798	52.0	55.078659240799674	59.344125086528805	24.936506311918997	30.01688508557871	41.4374442193877	41.0971280043163	42.0
100:25	67.78370474112397	48.08906972239798	52.0	55.078659240799674	59.34418465319549	24.936506311918997	30.016944652245392	41.437503786054386	41.09718757098299	42.0
100:30	67.78370474112397	48.08906972239798	52.0	55.078659240799674	59.344244219862176	24.936506311918997	30.017004218912074	41.43756335272107	41.097247137649674	42.0
100:35	67.78370474112397	48.08906972239798	52.0	55.078659240799674	59.344303786528855	24.936506311918997	30.017063785578756	41.43762291938775	41.09730670431635	42.0
100:40	67.78370474112397	48.08906972239798	52.0	55.078659240799674	59.34436335319554	24.936506311918997	30.01712335224544	41.437682486054435	41.09736627098304	42.0
100:45	67.78370474112397	48.08906972239798	52.0	55.078659240799674	59.34442291986222	24.936506311918997	30.017182918912123	41.43774205272111	41.097425837649716	42.0
100:50	67.78370474112397	48.08906972239798	52.0	55.078659240799674	59.344482486528904	24.936506311918997	30.017242485578805	41.4378016193878	41.0974854043164	42.0
100:55	67.78370474112397	48.08906972239798	52.0	55.078659240799674	59.34454205319559	24.936506311918997	30.017302052245487	41.437861186054484	41.09754497098309	42.0
101:00	67.78370474112397	48.08906972239798	52.0	55.078659240799674	59.34460161986227	24.936506311918997	30.01736161891217	41.43792075272116	41.097604537649765	42.0
101:05	67.78370474112397	48.08906972239798	52.0	55.078659240799674	59.34555538652862	24.936506311918997	30.01831538557852	41.43887451938752	41.09855830431612	42.0
101:10	67.78370474112397	48.08906972239798	52.0	55.078659240799674	59.34650915319497	24.936506311918997	30.019269152244878	41.43982828605387	41.09951207098247	42.0
101:15	67.78370474112397	48.08906972239798	52.0	55.078659240799674	59.34746291986133	24.936506311918997	30.02022291891123	41.44078205272022	41.10046583764883	42.0
101:20	67.78370474112397	48.08906972239798	52.0	55.078659240799674	59.34841668652768	24.936506311918997	30.021176685577583	41.44173581938657	41.101419604315176	42.0
101:25	67.78370474112397	48.08906972239798	52.0	55.078659240799674	59.349370453194034	24.936506311918997	30.022130452243935	41.44268958605293	41.10237337098153	42.0
101:30	67.78370474112397	48.08906972239798	52.0	55.078659240799674	59.35032421986038	24.936506311918997	30.023084218910288	41.44364335271928	41.10332713764788	42.0
101:35	67.78370474112397	48.08906972239798	52.0	55.078659240799674	59.35127798652674	24.936506311918997	30.02403798557664	41.444597119385634	41.10428090431424	42.0
101:40	67.78370474112397	48.08906972239798	52.0	55.078659240799674	59.35223175319309	24.936506311918997	30.024991752242993	41.44555088605198	41.105234670980586	42.0
101:45	67.78370474112397	48.08906972239798	52.0	55.078659240799674	59.353185519859444	24.936506311918997	30.025945518909346	41.44650465271834	41.10618843764694	42.0
101:50	67.78370474112397	48.08906972239798	52.0	55.078659240799674	59.35413928652579	24.936506311918997	30.0268992855757	41.44745841938469	41.10714220431329	42.0
101:55	67.78370474112397	48.08906972239798	52.0	55.078659240799674	59.35509305319215	24.936506311918997	30.02785305224205	41.448412186051044	41.10809597097965	42.0
102:00	67.78370474112397	48.08906972239798	52.0	55.078659240799674	59.3560468198585	24.936506311918997	30.028806818908404	41.4493659527174	41.109049737646004	42.0
102:05	67.78370474112397	48.08906972239798	52.0	55.078659240799674	59.358963853193075	24.936506311918997	30.031723852241736	41.45228298605197	41.11196677098057	42.0
102:10	67.78370474112397	48.08906972239798	52.0	55.078659240799674	59.36188088652765	24.936506311918997	30.034640885575065	41.455200019386545	41.11488380431515	42.0
102:15	67.78370474112397	48.08906972239798	52.0	55.078659240799674	59.36479791986222	24.936506311918997	30.037557918908398	41.458117052721114	41.11780083764972	42.0
102:20	67.78370474112397	48.08906972239798	52.0	55.078659240799674	59.367714953196796	24.936506311918997	30.04047495224173	41.46103408605569	41.12071787098429	42.0
102:25	67.78370474112397	48.08906972239798	52.0	55.078659240799674	59.370631986531365	24.936506311918997	30.04339198557506	41.46395111939026	41.12363490431886	42.0
102:30	67.78370474112397	48.08906972239798	52.0	55.078659240799674	59.37354901986594	24.936506311918997	30.046309018908392	41.466868152724835	41.12655193765344	42.0
102:35	67.78370474112397	48.08906972239798	52.0	55.078659240799674	59.37646605320052	24.936506311918997	30.04922605224172	41.46978518605941	41.129468970988015	42.0
102:40	67.78370474112397	48.08906972239798	52.0	55.078659240799674	59.379383086535086	24.936506311918997	30.052143085575054	41.47270221939398	41.13238600432258	42.0
102:45	67.78370474112397	48.08906972239798	52.0	55.078659240799674	59.38230011986966	24.936506311918997	30.055060118908386	41.475619252728556	41.13530303765716	42.0
102:50	67.78370474112397	48.08906972239798	52.0	55.078659240799674	59.38521715320423	24.936506311918997	30.057977152241715	41.478536286063125	41.13822007099173	42.0
102:55	67.78370474112397	48.08906972239798	52.0	55.078659240799674	59.38813418653881	24.936506311918997	30.060894185575048	41.4814533193977	41.141137104326305	42.0
103:00	67.78370474112397	48.08906972239798	52.0	55.078659240799674	59.391051219873376	24.936506311918997	30.06381121890838	41.48437035273228	41.14405413766088	42.0
103:05	67.78370474112397	48.08906972239798	52.0	55.078659240799674	58.863386681729494	24.936506311918997	30.069457018907816	41.49001615273171	41.149699937660316	42.0
103:10	67.78370474112397	48.08906972239798	52.0	55.078659240799674	57.751906435394105	24.936506311918997	30.07510281890725	41.49566195273115	41.15534573765975	42.0
103:15	67.78370474112397	48.08906972239798	52.0	55.078659240799674	56.81632103512401	24.936506311918997	30.080748618906686	41.50130775273058	41.160991537659186	42.0
103:20	67.78370474112397	48.08906972239798	52.0	55.078659240799674	56.06389767693242	24.936506311918997	30.08639441890612	41.50695355273002	41.16663733765862	42.0
103:25	67.78370474112397	48.08906972239798	52.0	55.078659240799674	56.836417815959564	24.936506311918997	30.09204021890556	41.51259935272945	41.172283137658056	42.0
103:30	67.78370474112397	48.08906972239798	52.0	55.078659240799674	57.72559402999661	24.936506311918997	30.097686018904994	41.51824515272889	41.17792893765749	42.0
103:35	67.78370474112397	48.08906972239798	52.0	55.078659240799674	58.376960877488784	24.936506311918997	30.10333181890443	41.52389095272832	41.183574737656926	42.0
103:40	67.78370474112397	48.08906972239798	52.0	55.078659240799674	58.854120256376774	24.936506311918997	30.108977618903864	41.52953675272776	41.18922053765636	42.0
103:45	67.78370474112397	48.08906972239798	52.0	54.730805194360464	59.20366379507136	24.936506311918997	30.1146234189033	41.53518255272719	41.194866337655796	42.0
103:50	67.78370474112397	48.08906972239798	52.0	54.28755804665866	58.59408294585058	24.936506311918997	30.120269218902738	41.540828352726635	41.20051213765524	42.0
103:55	67.78370474112397	48.08906972239798	52.0	54.28755804665866	57.725609289635045	24.936506311918997	30.125915018902173	41.54647415272607	41.20615793765467	42.0
104:00	67.78370474112397	48.08906972239798	52.0	54.28755804665866	56.99740393271517	24.936506311918997	30.131560818901608	41.391997005838654	41.21180373765411	42.0
104:05	67.78370474112397	48.08906972239798	52.0	54.28755804665866	56.85650914280825	24.936506311918997	30.140553985568086	40.25299909589526	41.22079690432182	42.0
104:10	67.78370474112397	48.08906972239798	52.0	54.28755804665866	56.86550230947597	24.936506311918997	30.149547152234565	39.95719360847057	41.229790070989544	42.0
104:15	67.78370474112397	48.08906972239798	52.0	54.28755804665866	56.87449547614369	24.936506311918997	30.158540318901043	39.96618677513829	41.238783237657266	42.0
104:20	67.78370474112397	48.08906972239798	52.0	54.28755804665866	56.88348864281141	24.936506311918997	30.16753348556752	39.975179941806005	41.24777640432499	42.0
104:25	67.78370474112397	48.08906972239798	52.0	54.28755804665866	56.89248180947913	24.936506311918997	30.176526652234	39.984173108473726	41.2567695709927	42.0
104:30	67.78370474112397	48.08906972239798	52.0	54.28755804665866	56.78018048451304	24.936506311918997	30.185519818900477	39.99316627514145	41.265762737660424	42.0
104:35	67.78370474112397	48.08906972239798	52.0	54.28755804665866	56.09110734286999	24.936506311918997	30.194512985566952	40.00215944180916	41.274755904328146	42.0
104:40	67.78370474112397	48.08906972239798	52.0	54.28755804665866	55.314459368109794	24.936506311918997	30.20350615223343	40.011152608476884	41.28374907099587	42.0
104:45	67.78370474112397	48.08906972239798	52.0	54.28755804665866	54.209544696228605	24.936506311918997	30.21249931889991	40.020145775144606	41.29274223766358	42.0
104:50	67.78370474112397	48.08906972239798	52.0	54.28755804665866	53.99395068906896	24.936506311918997	30.221492485566387	40.02913894181233	41.3017354043313	42.0
104:55	67.78370474112397	48.08906972239798	52.0	54.28755804665866	53.99395068906896	24.936506311918997	30.230485652232865	40.03813210848004	41.310728570999025	42.0
105:00	67.78370474112397	48.08906972239798	52.0	54.28755804665866	53.99395068906896	24.936506311918997	30.239478818899343	40.04712527514776	41.31972173766674	42.0
105:05	67.78370474112397	48.08906972239798	52.0	54.28755804665866	53.99395068906896	24.936506311918997	30.25172128556639	40.05936774181357	41.33196420433255	42.0
105:10	67.78370474112397	48.08906972239798	52.0	54.28755804665866	53.99395068906896	24.936506311918997	30.263963752233437	40.07161020847937	41.344206670998354	42.0
105:15	67.78370474112397	48.08906972239798	52.0	54.28755804665866	53.99395068906896	24.936506311918997	30.27620621890048	40.08385267514518	41.35644913766416	42.0
105:20	67.78370474112397	48.08906972239798	52.0	54.28755804665866	53.99395068906896	24.936506311918997	30.288448685567527	40.00355165531178	41.36869160432996	42.0
105:25	67.78370474112397	48.08906972239798	52.0	54.28755804665866	53.99395068906896	24.936506311918997	30.300691152234574	39.10331809485903	41.380934070995764	42.0
105:30	67.78370474112397	48.08906972239798	52.0	54.28755804665866	53.99395068906896	24.936506311918997	30.31293361890162	39.16810191189303	41.39317653766157	42.0
105:35	67.78370474112397	48.08906972239798	52.0	54.28755804665866	53.99395068906896	24.936506311918997	30.325176085568668	41.00143524522637	41.40541900432737	42.0
105:40	67.78370474112397	48.08906972239798	52.0	54.28755804665866	53.99395068906896	24.936506311918997	30.33741855223571	42.8347685785597	41.41766147099318	42.0
105:45	67.78370474112397	48.08906972239798	52.0	54.28755804665866	53.99395068906896	24.936506311918997	30.349661018902758	44.66810191189303	41.429903937658985	42.0
105:50	67.78370474112397	48.08906972239798	52.0	54.28755804665866	53.99395068906896	24.936506311918997	30.361903485569805	46.50143524522637	41.44214640432479	42.0
105:55	67.78370474112397	48.08906972239798	52.0	54.28755804665866	53.99395068906896	24.936506311918997	30.37414595223685	48.3347685785597	41.45438887099059	42.0
106:00	67.78370474112397	48.08906972239798	52.0	54.28755804665866	53.99395068906896	24.936506311918997	30.3863884189039	50.16810191189303	41.466631337656395	42.0
106:05	67.78370474112397	48.08906972239798	52.0	54.28755804665866	53.99395068906896	24.936506311918997	30.401383685571155	52.00143524522637	41.48162660432241	42.0
106:10	67.78370474112397	48.08906972239798	52.0	54.28755804665866	53.99395068906896	24.936506311918997	30.41637895223841	53.8347685785597	41.49662187098843	42.0
106:15	67.78370474112397	48.08906972239798	52.0	54.28755804665866	53.99395068906896	24.936506311918997	30.431374218905667	55.514645270756866	41.51161713765444	42.0
106:20	67.78370474112397	48.08906972239798	52.0	54.28755804665866	53.99395068906896	24.936506311918997	30.446369485572923	56.75732834510901	41.52661240432045	42.0
106:25	67.78370474112397	48.08906972239798	52.0	54.28755804665866	53.99395068906896	24.936506311918997	30.461364752240183	57.6676569659091	41.54160767098647	42.0
106:30	67.78370474112397	48.08906972239798	52.0	54.28755804665866	53.99395068906896	24.936506311918997	30.47636001890744	58.334519028289634	41.556602937652485	42.0
106:35	67.78370474112397	48.08906972239798	52.0	54.28755804665866	53.99395068906896	24.936506311918997	30.491355285574695	58.823029440992634	41.5715982043185	42.0
106:40	67.78370474112397	48.08906972239798	52.0	54.28755804665866	53.99395068906896	24.936506311918997	30.50635055224195	59.134961588190485	41.58659347098452	42.0
106:45	67.78370474112397	48.08906972239798	52.0	54.28755804665866	53.99395068906896	24.936506311918997	30.521345818909207	58.40456072110741	41.60158873765053	42.0
106:50	67.78370474112397	48.08906972239798	52.0	54.28755804665866	53.99395068906896	24.936506311918997	30.536341085576463	57.73055256273295	41.61658400431654	42.0
106:55	67.78370474112397	48.08906972239798	52.0	54.28755804665866	53.99395068906896	24.936506311918997	30.551336352243723	57.745547829398966	41.63157927098256	42.0
107:00	67.78370474112397	48.08906972239798	52.0	54.28755804665866	53.99395068906896	24.936506311918997	30.56633161891098	57.760543096064985	41.646574537648576	42.0
107:05	67.78370474112397	48.08906972239798	51.93529154566895	54.28755804665866	53.99395068906896	24.936506311918997	30.583520385577977	57.77773186273074	41.66376330431433	42.0
107:10	67.78370474112397	48.08906972239798	50.81664537201314	54.28755804665866	53.99395068906896	24.936506311918997	30.600709152244974	57.79492062939649	41.68095207098009	42.0
107:15	67.78370474112397	48.08906972239798	49.78705350264457	54.28755804665866	53.99395068906896	24.936506311918997	30.617897918911975	57.812109396062255	41.698140837645845	42.0
107:20	67.78370474112397	48.08906972239798	48.989551285702696	54.28755804665866	53.99395068906896	24.936506311918997	30.635086685578973	57.82929816272801	41.7153296043116	42.0
107:25	67.78370474112397	48.08906972239798	48.85268712084586	54.28755804665866	53.99395068906896	24.936506311918997	30.65227545224597	57.84648692939377	41.73251837097736	42.0
107:30	67.78370474112397	48.08906972239798	48.85268712084586	54.28755804665866	53.99395068906896	24.936506311918997	30.669464218912967	57.86367569605952	41.749707137643114	42.0
107:35	67.78370474112397	48.08906972239798	48.85268712084586	54.28755804665866	53.99395068906896	24.936506311918997	30.68665298557997	57.88086446272528	41.766895904308875	42.0
107:40	67.78370474112397	48.08906972239798	48.55044832639606	54.28755804665866	53.99395068906896	24.936506311918997	30.703841752246966	57.89805322939104	41.78408467097463	42.0
107:45	67.78370474112397	48.08906972239798	47.686323945377666	54.28755804665866	53.99395068906896	24.936506311918997	30.721030518913963	57.91524199605679	41.80127343764038	42.0
107:50	67.78370474112397	48.08906972239798	46.56389863017974	54.28755804665866	53.99395068906896	24.936506311918997	30.738219285580964	57.932430762722554	41.818462204306144	42.0
107:55	67.78370474112397	48.08906972239798	45.70592244611695	53.74646384285015	53.99395068906896	24.936506311918997	30.75540805224796	57.94961952938831	41.8356509709719	42.0
108:00	67.78370474112397	48.08906972239798	45.72311121278271	53.5039539489289	53.99395068906896	24.936506311918997	30.77259681891496	57.96680829605406	41.85283973763766	42.0
108:05	67.78370474112397	48.08906972239798	45.74142414611593	53.5039539489289	53.99395068906896	24.936506311918997	30.79090975224818	57.37144890607442	41.87115267097087	42.0
108:10	67.78370474112397	48.08906972239798	45.759737079449145	53.5039539489289	53.99395068906896	24.936506311918997	30.809222685581396	56.239595253154825	41.88946560430409	42.0
108:15	67.78370474112397	48.08906972239798	45.29402357280539	53.5039539489289	53.99395068906896	24.936506311918997	30.827535618914613	55.73535467029617	41.90777853763731	42.0
108:20	67.78370474112397	48.08906972239798	44.11473919442341	53.5039539489289	53.99395068906896	24.936506311918997	30.845848552247833	54.61063490580826	41.926091470970526	42.0
108:25	67.78370474112397	48.08906972239798	43.05133572543116	53.5039539489289	53.99395068906896	24.723772048788643	30.86416148558105	53.679548944359134	40.78728006406467	42.0
108:30	67.78370474112397	48.08906972239798	42.11397091136794	53.5039539489289	53.99395068906896	23.936563218334125	30.882474418914267	53.14397739405623	40.80559299739789	42.0
108:35	67.78370474112397	48.08906972239798	42.003917142150925	53.5039539489289	53.99395068906896	23.61755849949264	30.900787352247487	53.16229032738945	40.82390593073111	42.0
108:40	67.78370474112397	48.08906972239798	42.003917142150925	53.5039539489289	53.99395068906896	23.61755849949264	30.919100285580704	53.18060326072266	40.84221886406432	42.0
108:45	67.78370474112397	48.08906972239798	42.004283400817584	52.93432280349114	53.99395068906896	23.61755849949264	30.93741321891392	53.19891619405588	40.86053179739754	42.0
108:50	67.78370474112397	48.08906972239798	41.15459370758322	51.94261229745085	53.99395068906896	23.61755849949264	30.95572615224714	53.2172291273891	40.87884473073076	42.0
108:55	67.78370474112397	48.08906972239798	39.96904374973278	50.987259330274995	53.99395068906896	23.61755849949264	30.97403908558036	53.23554206072232	40.897157664063975	42.0
109:00	67.78370474112397	48.08906972239798	38.708895028410794	50.33846134501113	53.99395068906896	23.61755849949264	30.99235201891358	53.25385499405554	40.915470597397196	42.0
109:05	67.78370474112397	48.08906972239798	38.374434779251445	49.397491582292716	53.99395068906896	23.61755849949264	31.011368418913037	53.272871394054995	40.934486997396654	42.0
109:10	67.78370474112397	48.08906972239798	38.374434779251445	48.52671087939996	53.99395068906896	23.61755849949264	31.030384818912495	53.29188779405446	40.95350339739612	42.0
109:15	67.78370474112397	48.08906972239798	38.374434779251445	48.093504136265324	53.99395068906896	22.94973198346147	31.049401218911957	53.31090419405392	40.97251979739558	42.0
109:20	67.78370474112397	48.08906972239798	38.374434779251445	48.11252053626479	53.99395068906896	22.721780606239832	31.068417618911415	53.32992059405338	40.991536197395035	42.0
109:25	67.78370474112397	48.08906972239798	38.374434779251445	48.13153693626425	53.99395068906896	24.574130339572623	31.087434018910876	53.348936994052835	41.01055259739449	42.0
109:30	67.78370474112397	48.08906972239798	38.374434779251445	48.150553336263705	53.99395068906896	26.426480072905417	31.106450418910335	53.36795339405229	41.02956899739395	42.0
109:35	67.78370474112397	48.08906972239798	38.374434779251445	48.16956973626316	53.99395068906896	28.27882980623821	31.125466818909793	53.34898201840376	41.04858539739342	42.0
109:40	67.78370474112397	48.08906972239798	38.374434779251445	48.18858613626262	53.99395068906896	30.131179539571004	31.144483218909254	52.513222800002524	41.067601797392875	42.0
109:45	67.78370474112397	48.08906972239798	38.374434779251445	48.20760253626209	53.99395068906896	31.983529272903795	31.163499618908713	51.49035814900931	41.08661819739233	42.0
109:50	67.78370474112397	48.08906972239798	38.374434779251445	48.226618936261545	53.99395068906896	33.83587900623659	31.182516018908174	50.64069219642752	41.10563459739179	42.0
109:55	67.78370474112397	48.08906972239798	38.374434779251445	48.245635336261	53.99395068906896	35.68822873956938	31.201532418907632	49.99543387153703	41.12465099739125	42.0
110:00	67.78370474112397	48.08906972239798	38.374434779251445	48.26465173626046	53.99395068906896	36.5933129901175	31.22054881890709	49.11112555735107	40.053750186786246	42.0
110:05	67.78370474112397	48.08906972239798	38.374434779251445	48.282650069592904	53.99395068906896	35.940462139829215	31.238547152240773	48.94352701701568	39.842901669540325	42.0
110:10	67.78370474112397	48.08906972239798	38.374434779251445	48.30064840292534	53.99395068906896	34.88807154576413	31.256545485574453	48.94352701701568	39.842901669540325	42.0
110:15	67.78370474112397	48.08906972239798	38.374434779251445	48.31864673625778	53.99395068906896	34.81125934663641	31.274543818908136	48.94352701701568	39.842901669540325	42.0
110:20	67.78370474112397	48.08906972239798	38.374434779251445	48.33664506959022	53.99395068906896	36.64459267996974	31.292542152241815	48.94352701701568	39.842901669540325	42.0
110:25	67.78370474112397	48.08906972239798	38.374434779251445	48.35464340292266	53.99395068906896	38.477926013303076	31.310540485575498	48.94352701701568	39.842901669540325	42.0
110:30	67.78370474112397	48.08906972239798	38.374434779251445	48.3726417362551	53.99395068906896	40.31125934663641	31.328538818909177	48.94352701701568	39.842901669540325	42.0
110:35	67.78370474112397	48.08906972239798	38.374434779251445	48.39064006958754	53.99395068906896	42.14459267996974	31.34653715224286	48.94352701701568	39.842901669540325	42.0
110:40	67.78370474112397	47.69870328173956	38.374434779251445	48.408638402919976	53.99395068906896	43.977926013303076	31.36453548557654	48.94352701701568	39.842901669540325	42.0
110:45	67.78370474112397	46.922903796836344	38.374434779251445	48.42663673625241	53.99395068906896	45.81125934663641	30.636583096205374	48.94352701701568	39.842901669540325	41.83563932887209
110:50	67.78370474112397	46.078096585105605	38.374434779251445	48.444635069584855	53.348064657900096	45.2423933023986	30.440061700043383	48.94352701701568	39.842901669540325	40.69849470120658
110:55	67.78370474112397	44.99601171062958	38.374434779251445	48.46263340291729	52.267471496038674	44.46725957796935	30.440061700043383	48.94352701701568	39.842901669540325	39.36467756145707
111:00	67.78370474112397	43.979016258091356	38.374434779251445	48.480631736249734	51.61355130308554	44.08432679779979	30.440061700043383	48.94352701701568	39.842901669540325	38.25246562473833
111:05	67.78370474112397	43.55502605228502	38.374434779251445	48.496996902916344	51.19725074822189	44.08432679779979	30.440061700043383	48.94352701701568	39.842901669540325	38.04498273570478
111:10	67.78370474112397	43.571391218951625	38.374434779251445	48.513362069582946	51.2136159148885	44.08432679779979	30.440061700043383	48.862469742513326	39.842901669540325	38.04498273570478
111:15	67.78370474112397	43.587756385618235	38.374434779251445	48.529727236249556	51.2299810815551	44.08432679779979	30.440061700043383	48.054468131472106	39.842901669540325	38.04498273570478
111:20	67.78370474112397	43.60412155228484	38.374434779251445	48.54609240291616	51.24634624822171	43.689151161549425	30.440061700043383	47.34519573854083	39.842901669540325	38.04498273570478
111:25	67.78370474112397	43.62048671895145	38.374434779251445	48.56245756958277	51.26271141488832	43.65310987017836	30.440061700043383	47.1802829733834	39.842901669540325	38.04498273570478
111:30	67.78370474112397	43.63685188561806	38.374434779251445	48.57882273624938	51.09549807838723	43.65310987017836	30.440061700043383	47.19664814005001	39.842901669540325	38.04498273570478
111:35	67.78370474112397	43.65321705228466	38.374434779251445	48.59518790291598	50.46463892488969	43.65310987017836	30.440061700043383	47.21301330671661	39.842901669540325	38.04498273570478
111:40	67.78370474112397	43.66958221895127	38.374434779251445	48.61155306958259	49.610355496421114	43.65310987017836	30.440061700043383	47.22937847338322	39.842901669540325	38.04498273570478
111:45	67.78370474112397	43.68594738561787	38.374434779251445	48.627918236249194	48.6474948855918	43.65310987017836	30.440061700043383	47.24574364004983	39.842901669540325	38.04498273570478
111:50	67.78370474112397	43.70231255228448	38.374434779251445	48.6442834029158	48.379189763548084	43.65310987017836	30.440061700043383	47.262108806716434	39.842901669540325	38.04498273570478
111:55	67.78370474112397	43.71867771895109	38.374434779251445	48.66064856958241	48.122302034941264	43.65310987017836	30.440061700043383	47.27847397338304	39.842901669540325	38.04498273570478
112:00	67.78370474112397	43.735042885617695	38.374434779251445	48.677013736249016	48.122302034941264	43.65310987017836	30.440061700043383	47.294839140049646	39.842901669540325	38.04498273570478
112:05	67.78370474112397	43.74915438561766	38.374434779251445	48.69112523624898	48.122302034941264	43.60287597867993	30.440061700043383	47.30895064004961	39.842901669540325	38.04498273570478
112:10	67.78370474112397	43.76326588561762	38.374434779251445	48.70523673624894	48.122302034941264	43.19741036562113	30.440061700043383	47.32306214004957	39.842901669540325	38.04498273570478
112:15	67.78370474112397	43.77737738561758	38.374434779251445	48.7193482362489	48.122302034941264	43.211521865621094	30.440061700043383	47.33717364004953	39.842901669540325	38.04498273570478
112:20	67.78370474112397	43.79148888561754	38.374434779251445	48.73345973624886	48.122302034941264	43.22563336562105	30.26178541713658	47.35128514004949	39.842901669540325	38.04498273570478
112:25	67.78370474112397	43.805600385617495	38.374434779251445	48.74757123624882	48.122302034941264	43.23974486562101	29.679849595417355	47.365396640049454	39.842901669540325	38.04498273570478
112:30	67.78370474112397	43.81971188561746	38.374434779251445	48.76168273624878	48.122302034941264	43.253856365620976	29.693961095417315	47.37950814004941	39.842901669540325	38.04498273570478
112:35	67.78370474112397	43.83382338561742	38.374434779251445	48.77579423624874	48.122302034941264	43.257181971827926	29.708072595417278	47.39361964004937	39.26022389253975	38.04498273570478
112:40	67.78370474112397	43.84793488561738	38.374434779251445	48.7899057362487	47.905263501692204	42.65024742499326	29.722184095417237	47.40773114004933	38.79202552534793	38.04498273570478
112:45	67.78370474112397	43.86204638561734	38.374434779251445	48.80401723624866	47.91937500169217	42.64136677995551	29.736295595417197	47.42184264004929	38.79202552534793	38.04498273570478
112:50	67.78370474112397	43.33147440312087	38.374434779251445	48.81812873624862	47.93348650169213	42.65547827995547	29.750407095417156	47.435954140049255	38.79202552534793	38.04498273570478
112:55	67.78370474112397	42.35758768193124	38.374434779251445	48.83224023624858	47.947598001692086	42.66958977995543	29.764518595417115	47.45006564004921	38.79202552534793	38.04498273570478
113:00	67.78370474112397	41.24035307326988	38.374434779251445	48.84635173624854	47.864054444744596	42.68370127995539	29.77863009541708	47.46417714004917	38.79202552534793	38.04498273570478
113:05	67.78370474112397	40.31518101303367	38.374434779251445	48.85732013624759	47.70220708475099	42.69466967995443	29.789598495417362	47.47514554004822	38.79202552534793	38.04498273570478
113:10	67.78370474112397	39.52507523577065	38.374434779251445	48.26843339239565	47.71317548475003	42.705638079953474	29.800566895417646	47.48611394004726	38.79202552534793	38.04498273570478
113:15	67.78370474112397	39.23369174052913	38.374434779251445	47.37488611989507	47.724143884749076	42.71660647995252	29.81153529541793	47.4970823400463	38.79202552534793	38.04498273570478
113:20	67.78370474112397	39.244660140528175	38.374434779251445	46.61300508451231	47.73511228474811	42.72757487995156	29.822503695418213	47.50805074004534	38.79202552534793	38.04498273570478
113:25	67.78370474112397	39.25562854052722	38.374434779251445	46.478992918683566	47.746080684747156	42.45284274277464	29.833472095418497	47.519019140044385	38.79202552534793	38.04498273570478
113:30	67.78370474112397	39.266596940526256	38.374434779251445	45.80528756038092	47.7570490847462	41.9592591294437	29.84444049541878	47.52998754004343	38.79202552534793	38.04498273570478
113:35	67.78370474112397	39.2775653405253	38.374434779251445	44.97606874996578	47.76801748474524	41.9592591294437	29.855408895419068	47.54095594004247	38.79202552534793	38.04498273570478
113:40	67.78370474112397	39.28853374052434	38.374434779251445	43.96885812044185	47.77898588474429	41.9592591294437	29.86637729541935	47.55192434004151	38.79202552534793	38.04498273570478
113:45	67.78370474112397	39.29950214052339	38.374434779251445	43.928447742381245	47.56101505316097	41.9592591294437	29.877345695419635	47.56289274004055	38.79202552534793	38.04498273570478
113:50	67.78370474112397	39.31047054052243	38.374434779251445	43.928447742381245	47.57198345316001	41.9592591294437	29.88831409541992	47.5738611400396	38.79202552534793	38.04498273570478
113:55	67.78370474112397	39.32143894052147	38.374434779251445	43.928447742381245	47.58295185315905	41.72175722396601	29.899282495420202	47.58482954003864	38.79202552534793	38.04498273570478
114:00	67.78370474112397	39.33240734052051	38.374434779251445	43.928447742381245	47.593920253158096	41.07530087541865	29.403315818493297	47.595797940037684	38.79202552534793	38.04498273570478
114:05	67.78370474112397	39.34012874052067	38.374434779251445	43.928447742381245	47.601641653158254	40.242767138800836	28.716053183874216	47.603519340037835	38.79202552534793	38.04498273570478
114:10	67.78370474112397	39.34785014052082	38.374434779251445	43.928447742381245	47.27886756973733	39.97668739555952	28.72377458387437	47.61124074003799	38.33133108163336	38.04498273570478
114:15	67.78370474112397	39.35557154052098	38.374434779251445	43.928447742381245	47.28658896973748	39.98440879555968	28.731495983874524	47.61896214003814	37.73526029499556	38.04498273570478
114:20	67.78370474112397	39.363292940521134	38.374434779251445	43.928447742381245	47.29431036973764	39.99213019555983	28.739217383874678	47.6266835400383	37.73526029499556	38.04498273570478
114:25	67.78370474112397	39.371014340521285	38.374434779251445	43.928447742381245	47.302031769737795	39.99985159555999	28.746938783874835	47.63440494003846	37.73526029499556	38.04498273570478
114:30	67.78370474112397	39.37873574052144	38.374434779251445	43.928447742381245	47.309753169737945	40.007572995560146	28.75466018387499	47.64212634003861	37.73526029499556	38.04498273570478
114:35	67.7045761048924	39.3864571405216	38.374434779251445	43.928447742381245	47.3174745697381	40.015294395560296	28.762381583875143	47.649847740038766	37.73526029499556	38.04498273570478
114:40	66.9261457311893	39.39417854052175	38.374434779251445	43.928447742381245	47.32519596973825	40.023015795560454	28.7701029838753	47.65756914003892	37.73526029499556	38.04498273570478
114:45	65.84539306019268	39.40189994052191	38.374434779251445	43.928447742381245	47.33291736973841	39.49277533168494	28.777824383875455	47.665290540039074	37.73526029499556	38.04498273570478
114:50	64.72110227766713	39.409621340522065	38.374434779251445	43.928447742381245	47.31900699055717	38.64598099883903	28.78554578387561	47.67301194003923	37.73526029499556	38.04498273570478
114:55	64.17349482200468	39.417342740522216	38.374434779251445	43.928447742381245	46.98148322711675	38.17507299444392	28.793267183875763	47.68073334003939	37.73526029499556	38.04498273570478
115:00	64.17349482200468	39.42506414052237	38.374434779251445	43.928447742381245	46.98148322711675	38.17507299444392	28.80098858387592	47.68845474003954	37.73526029499556	38.04498273570478
115:05	64.17349482200468	39.42958117385595	38.374434779251445	43.928447742381245	46.98148322711675	38.17507299444392	28.805505617209498	47.692971773373124	37.73526029499556	38.04498273570478
115:10	64.17349482200468	39.43409820718953	38.374434779251445	43.928447742381245	46.98148322711675	38.17507299444392	28.81002265054308	47.6974888067067	37.73526029499556	38.04498273570478
115:15	64.17349482200468	39.43861524052311	38.374434779251445	43.928447742381245	46.98148322711675	38.17507299444392	28.81453968387666	47.70200584004028	37.73526029499556	38.04498273570478
115:20	64.17349482200468	39.44313227385669	38.374434779251445	43.928447742381245	46.98148322711675	38.17507299444392	28.819056717210238	47.706522873373856	37.73526029499556	38.04498273570478
115:25	64.17349482200468	39.44764930719027	38.374434779251445	43.928447742381245	46.98148322711675	38.17507299444392	28.82357375054382	47.71103990670744	37.73526029499556	38.04498273570478
115:30	64.17349482200468	39.45216634052385	38.374434779251445	43.928447742381245	46.98148322711675	38.07509645035507	28.828090783877396	47.71555694004102	37.73526029499556	38.04498273570478
115:35	64.17349482200468	39.45668337385743	38.374434779251445	43.928447742381245	46.98148322711675	37.77582482666145	28.832607817210977	47.720073973374596	37.73526029499556	38.04498273570478
115:40	64.17349482200468	39.46120040719101	38.374434779251445	43.928447742381245	46.98148322711675	39.609158159994784	27.99999605301378	47.72459100670818	37.73526029499556	38.04498273570478
115:45	64.17349482200468	39.46571744052459	38.374434779251445	43.928447742381245	46.98148322711675	41.44249149332811	27.458892677145414	47.72910804004176	37.73526029499556	38.04498273570478
115:50	64.17349482200468	39.47023447385817	38.374434779251445	43.928447742381245	46.98148322711675	43.27582482666145	27.458892677145414	47.733625073375336	37.73526029499556	38.04498273570478
115:55	64.17349482200468	39.47475150719175	38.374434779251445	43.928447742381245	46.98148322711675	45.109158159994784	27.458892677145414	47.73814210670892	37.73526029499556	38.04498273570478
116:00	64.17349482200468	39.47926854052533	38.374434779251445	43.928447742381245	46.98148322711675	46.94249149332811	27.458892677145414	47.7426591400425	37.73526029499556	38.04498273570478
116:05	64.17349482200468	39.48114694052576	38.374434779251445	43.928447742381245	46.98148322711675	48.77582482666145	27.458892677145414	47.74453754004293	37.73526029499556	38.04498273570478
116:10	64.17349482200468	39.4830253405262	38.374434779251445	43.928447742381245	46.98148322711675	50.609158159994784	27.458892677145414	47.74641594004336	37.73526029499556	38.04498273570478
116:15	64.17349482200468	39.484903740526626	38.374434779251445	43.928447742381245	46.98148322711675	52.44249149332811	27.458892677145414	47.7482943400438	37.73526029499556	38.04498273570478
116:20	64.17349482200468	39.48678214052706	38.374434779251445	43.928447742381245	46.98148322711675	52.60556842414532	27.458892677145414	47.75017274004423	37.73526029499556	38.04498273570478
116:25	64.17349482200468	39.4886605405275	38.374434779251445	43.928447742381245	46.98148322711675	52.143243913889016	27.458892677145414	47.752051140044664	37.73526029499556	38.04498273570478
116:30	64.17349482200468	39.49053894052793	38.374434779251445	43.928447742381245	46.98148322711675	52.143243913889016	27.458892677145414	47.75392954004509	37.73526029499556	38.04498273570478
116:35	64.17349482200468	39.49241734052836	38.374434779251445	43.928447742381245	46.98148322711675	52.143243913889016	27.458892677145414	47.75580794004553	37.73526029499556	38.04498273570478
116:40	64.17349482200468	39.49429574052879	38.374434779251445	43.928447742381245	46.98148322711675	52.143243913889016	27.458892677145414	47.757686340045964	37.73526029499556	38.04498273570478
116:45	64.17349482200468	39.49617414052923	38.374434779251445	43.928447742381245	46.98148322711675	52.143243913889016	27.458892677145414	47.75956474004639	37.73526029499556	38.04498273570478
116:50	64.17349482200468	39.49805254052966	38.374434779251445	43.928447742381245	46.98148322711675	52.143243913889016	27.458892677145414	47.76144314004683	37.73526029499556	38.04498273570478
116:55	64.17349482200468	39.49993094053009	38.374434779251445	43.928447742381245	46.98148322711675	52.143243913889016	27.458892677145414	47.76332154004726	37.73526029499556	38.04498273570478
117:00	64.17349482200468	39.50180934053053	38.374434779251445	43.928447742381245	46.98148322711675	52.143243913889016	27.458892677145414	47.765199940047694	37.73526029499556	37.67965340571776
117:05	64.17349482200468	39.50213574052989	38.374434779251445	43.928447742381245	46.98148322711675	52.143243913889016	27.458892677145414	47.76552634004705	37.73526029499556	36.51246996282256
117:10	64.17349482200468	39.502462140529246	38.374434779251445	43.928447742381245	46.98148322711675	52.143243913889016	27.458892677145414	47.76585274004641	37.73526029499556	35.1768659530649
117:15	64.17349482200468	39.502788540528606	38.374434779251445	43.928447742381245	46.98148322711675	52.143243913889016	27.458892677145414	47.76617914004578	37.73526029499556	34.07442585806733
117:20	64.17349482200468	39.503114940527965	38.374434779251445	43.928447742381245	46.98148322711675	52.143243913889016	27.458892677145414	47.76650554004514	37.73526029499556	34.07475225806793
117:25	64.17349482200468	39.503441340527324	38.374434779251445	43.928447742381245	46.98148322711675	52.143243913889016	27.458892677145414	47.7668319400445	37.73526029499556	34.075078658068534
117:30	64.17349482200468	39.50376774052669	38.374434779251445	43.928447742381245	46.98148322711675	52.143243913889016	27.458892677145414	47.767158340043856	37.73526029499556	34.07540505806914
117:35	64.17349482200468	39.50409414052605	38.374434779251445	43.928447742381245	46.98148322711675	52.143243913889016	27.458892677145414	47.767484740043216	37.73526029499556	34.07573145806974
117:40	64.17349482200468	39.50442054052541	38.374434779251445	43.928447742381245	46.98148322711675	52.143243913889016	27.458892677145414	47.767811140042575	37.73526029499556	34.07605785807034
117:45	63.65332970743801	39.50474694052477	38.374434779251445	43.928447742381245	46.98148322711675	52.143243913889016	27.458892677145414	47.768137540041934	37.73526029499556	34.076384258070945
117:50	62.52815841733332	39.50507334052413	38.374434779251445	43.928447742381245	46.98148322711675	52.143243913889016	27.458892677145414	47.7684639400413	37.73526029499556	34.07671065807155
117:55	61.549026082858354	39.50539974052349	38.374434779251445	43.928447742381245	46.98148322711675	52.143243913889016	27.458892677145414	47.76879034004066	37.73526029499556	34.07703705807215
118:00	60.710444742047066	39.505726140522846	38.374434779251445	43.928447742381245	46.98148322711675	52.143243913889016	27.458892677145414	47.76911674004002	37.73526029499556	34.07736345807275
118:05	60.56838752624935	39.505726140522846	38.374434779251445	43.928447742381245	46.98148322711675	52.143243913889016	27.458892677145414	47.76911674004002	37.73526029499556	34.07736345807275
118:10	60.56838752624935	39.505726140522846	38.374434779251445	43.928447742381245	46.98148322711675	52.143243913889016	27.458892677145414	47.76911674004002	37.73526029499556	34.07736345807275
118:15	60.56838752624935	39.505726140522846	38.374434779251445	43.928447742381245	46.98148322711675	52.143243913889016	27.458892677145414	47.76911674004002	37.73526029499556	34.07736345807275
118:20	60.56838752624935	39.505726140522846	38.374434779251445	43.928447742381245	46.98148322711675	52.143243913889016	27.458892677145414	47.76911674004002	37.73526029499556	34.07736345807275
118:25	60.56838752624935	39.505726140522846	38.374434779251445	43.928447742381245	46.98148322711675	52.143243913889016	27.458892677145414	47.76911674004002	37.73526029499556	34.07736345807275
118:30	60.56838752624935	39.505726140522846	38.374434779251445	43.928447742381245	46.98148322711675	52.143243913889016	27.458892677145414	47.76911674004002	37.73526029499556	34.07736345807275
118:35	60.56838752624935	39.505726140522846	38.374434779251445	43.928447742381245	46.98148322711675	52.143243913889016	27.458892677145414	47.76911674004002	37.73526029499556	34.07736345807275
118:40	60.56838752624935	39.505726140522846	38.374434779251445	43.928447742381245	46.98148322711675	52.143243913889016	27.458892677145414	47.76911674004002	37.73526029499556	34.07736345807275
118:45	60.56838752624935	39.505726140522846	38.374434779251445	43.928447742381245	46.98148322711675	52.143243913889016	27.458892677145414	47.76911674004002	37.73526029499556	34.07736345807275
118:50	60.56838752624935	39.505726140522846	38.374434779251445	43.928447742381245	46.98148322711675	52.143243913889016	27.458892677145414	47.76911674004002	37.73526029499556	34.07736345807275
118:55	60.56838752624935	39.505726140522846	38.374434779251445	43.928447742381245	46.98148322711675	52.143243913889016	27.458892677145414	47.76911674004002	37.73526029499556	34.07736345807275
119:00	60.56838752624935	39.505726140522846	38.374434779251445	43.928447742381245	46.98148322711675	52.143243913889016	27.458892677145414	47.76911674004002	37.73526029499556	34.07736345807275
119:05	60.56838752624935	39.505726140522846	38.374434779251445	43.928447742381245	46.98148322711675	52.143243913889016	27.458892677145414	47.76911674004002	37.73526029499556	34.07736345807275
119:10	60.56838752624935	39.505726140522846	38.374434779251445	43.928447742381245	46.98148322711675	52.143243913889016	27.458892677145414	47.76911674004002	37.73526029499556	34.07736345807275
119:15	60.56838752624935	39.505726140522846	38.374434779251445	43.928447742381245	46.98148322711675	52.143243913889016	27.458892677145414	47.76911674004002	37.73526029499556	34.07736345807275
119:20	60.56838752624935	39.505726140522846	38.374434779251445	43.928447742381245	46.98148322711675	52.143243913889016	27.458892677145414	47.76911674004002	37.73526029499556	34.07736345807275
119:25	60.56838752624935	39.505726140522846	38.374434779251445	43.928447742381245	46.98148322711675	52.143243913889016	27.458892677145414	47.76911674004002	37.73526029499556	34.07736345807275
119:30	60.56838752624935	39.505726140522846	38.374434779251445	43.928447742381245	46.98148322711675	52.143243913889016	27.458892677145414	47.76911674004002	37.73526029499556	34.07736345807275
119:35	60.56838752624935	39.505726140522846	38.374434779251445	43.928447742381245	46.98148322711675	52.143243913889016	27.458892677145414	47.76911674004002	37.73526029499556	34.07736345807275
119:40	60.56838752624935	39.505726140522846	38.374434779251445	43.928447742381245	46.98148322711675	52.143243913889016	27.458892677145414	47.76911674004002	37.73526029499556	34.07736345807275
119:45	60.56838752624935	39.505726140522846	38.374434779251445	43.928447742381245	46.98148322711675	52.143243913889016	27.458892677145414	47.76911674004002	37.73526029499556	34.07736345807275
119:50	60.56838752624935	39.505726140522846	38.374434779251445	43.928447742381245	46.98148322711675	52.143243913889016	27.458892677145414	47.76911674004002	37.73526029499556	34.07736345807275
119:55	60.56838752624935	39.505726140522846	38.374434779251445	43.928447742381245	46.98148322711675	52.143243913889016	27.458892677145414	47.76911674004002	37.73526029499556	34.07736345807275
120:00	60.56838752624935	39.505726140522846	38.374434779251445	43.928447742381245	46.98148322711675	52.143243913889016	27.458892677145414	47.76911674004002	37.73526029499556	34.07736345807275
120:05	60.56838752624935	39.505726140522846	38.374434779251445	43.928447742381245	46.98148322711675	52.143243913889016	27.458892677145414	47.76911674004002	37.73526029499556	34.07736345807275
120:10	60.56838752624935	39.505726140522846	38.374434779251445	43.928447742381245	46.98148322711675	52.143243913889016	27.458892677145414	47.76911674004002	37.73526029499556	34.07736345807275
120:15	60.56838752624935	39.505726140522846	38.374434779251445	43.928447742381245	46.98148322711675	52.143243913889016	27.458892677145414	47.76911674004002	37.73526029499556	34.07736345807275
120:20	60.56838752624935	39.505726140522846	38.374434779251445	43.928447742381245	46.98148322711675	52.143243913889016	27.458892677145414	47.76911674004002	37.73526029499556	34.07736345807275
120:25	60.56838752624935	39.505726140522846	38.374434779251445	43.928447742381245	46.98148322711675	52.143243913889016	27.458892677145414	47.76911674004002	37.73526029499556	34.07736345807275
120:30	60.56838752624935	39.505726140522846	38.374434779251445	43.928447742381245	46.98148322711675	52.143243913889016	27.458892677145414	47.76911674004002	37.73526029499556	34.07736345807275
120:35	60.56838752624935	39.505726140522846	38.374434779251445	43.928447742381245	46.98148322711675	52.143243913889016	27.458892677145414	47.76911674004002	37.73526029499556	34.07736345807275
120:40	60.56838752624935	39.505726140522846	38.374434779251445	43.928447742381245	46.98148322711675	52.143243913889016	27.458892677145414	47.76911674004002	37.73526029499556	34.07736345807275
120:45	60.56838752624935	39.505726140522846	38.374434779251445	43.928447742381245	46.98148322711675	52.143243913889016	27.458892677145414	47.76911674004002	37.73526029499556	34.07736345807275
120:50	60.56838752624935	39.505726140522846	38.374434779251445	43.928447742381245	46.98148322711675	52.143243913889016	27.458892677145414	47.76911674004002	37.73526029499556	34.07736345807275
120:55	60.56838752624935	39.505726140522846	38.374434779251445	43.928447742381245	46.98148322711675	52.143243913889016	27.458892677145414	47.76911674004002	37.73526029499556	34.07736345807275
121:00	60.56838752624935	39.505726140522846	38.374434779251445	43.928447742381245	46.98148322711675	52.143243913889016	27.458892677145414	47.76911674004002	37.73526029499556	34.07736345807275
121:05	60.56838752624935	39.505726140522846	38.374434779251445	43.928447742381245	46.98148322711675	52.143243913889016	27.458892677145414	47.76911674004002	37.73526029499556	34.07736345807275
121:10	60.56838752624935	39.505726140522846	38.374434779251445	43.928447742381245	46.98148322711675	52.143243913889016	27.458892677145414	47.76911674004002	37.73526029499556	34.07736345807275
121:15	60.56838752624935	39.505726140522846	38.374434779251445	43.928447742381245	46.98148322711675	52.143243913889016	27.458892677145414	47.76911674004002	37.73526029499556	34.07736345807275
121:20	60.56838752624935	39.505726140522846	38.374434779251445	43.928447742381245	46.98148322711675	52.143243913889016	27.458892677145414	47.76911674004002	37.73526029499556	34.07736345807275
121:25	60.56838752624935	39.505726140522846	38.374434779251445	43.928447742381245	46.98148322711675	52.143243913889016	27.458892677145414	47.76911674004002	37.73526029499556	34.07736345807275
121:30	60.56838752624935	39.505726140522846	38.374434779251445	43.928447742381245	46.98148322711675	52.143243913889016	27.458892677145414	47.76911674004002	37.73526029499556	34.07736345807275
121:35	60.56838752624935	39.505726140522846	38.374434779251445	43.928447742381245	46.98148322711675	52.143243913889016	27.458892677145414	47.76911674004002	37.73526029499556	34.07736345807275
121:40	60.56838752624935	39.505726140522846	38.374434779251445	43.928447742381245	46.98148322711675	52.143243913889016	27.458892677145414	47.76911674004002	37.73526029499556	34.07736345807275
121:45	60.56838752624935	39.505726140522846	38.374434779251445	43.928447742381245	46.98148322711675	52.143243913889016	27.458892677145414	47.76911674004002	37.73526029499556	34.07736345807275
121:50	60.56838752624935	39.505726140522846	38.374434779251445	43.928447742381245	46.98148322711675	52.143243913889016	27.458892677145414	47.76911674004002	37.73526029499556	34.07736345807275
121:55	60.56838752624935	39.505726140522846	38.374434779251445	43.928447742381245	46.98148322711675	52.143243913889016	27.458892677145414	47.76911674004002	37.73526029499556	34.07736345807275
122:00	60.56838752624935	39.505726140522846	38.374434779251445	43.928447742381245	46.98148322711675	52.143243913889016	27.458892677145414	47.76911674004002	37.73526029499556	34.07736345807275
122:05	60.56838752624935	39.505726140522846	38.374434779251445	43.928447742381245	46.98148322711675	52.143243913889016	27.458892677145414	47.76911674004002	37.73526029499556	34.07736345807275
122:10	60.56838752624935	39.505726140522846	38.374434779251445	43.928447742381245	46.98148322711675	52.143243913889016	27.458892677145414	47.76911674004002	37.73526029499556	34.07736345807275
122:15	60.56838752624935	39.505726140522846	38.374434779251445	43.928447742381245	46.98148322711675	52.143243913889016	27.458892677145414	47.76911674004002	37.73526029499556	34.07736345807275
122:20	60.56838752624935	39.505726140522846	38.374434779251445	43.928447742381245	46.98148322711675	52.143243913889016	27.458892677145414	47.76911674004002	37.73526029499556	34.07736345807275
122:25	60.56838752624935	39.505726140522846	38.374434779251445	43.928447742381245	46.98148322711675	52.143243913889016	27.458892677145414	47.76911674004002	37.73526029499556	34.07736345807275
122:30	60.56838752624935	39.505726140522846	38.374434779251445	43.928447742381245	46.98148322711675	52.143243913889016	27.458892677145414	47.76911674004002	37.73526029499556	34.07736345807275
122:35	60.56838752624935	39.505726140522846	38.374434779251445	43.928447742381245	46.98148322711675	52.143243913889016	27.458892677145414	47.76911674004002	37.73526029499556	34.07736345807275
122:40	60.56838752624935	39.505726140522846	38.374434779251445	43.928447742381245	46.98148322711675	52.143243913889016	27.458892677145414	47.76911674004002	37.73526029499556	34.07736345807275
122:45	60.56838752624935	39.505726140522846	38.374434779251445	43.928447742381245	46.98148322711675	52.143243913889016	27.458892677145414	47.76911674004002	37.73526029499556	34.07736345807275
122:50	60.56838752624935	39.505726140522846	38.374434779251445	43.928447742381245	46.98148322711675	52.143243913889016	27.458892677145414	47.76911674004002	37.73526029499556	34.07736345807275
122:55	60.56838752624935	39.505726140522846	38.374434779251445	43.928447742381245	46.98148322711675	52.143243913889016	27.458892677145414	47.76911674004002	37.73526029499556	34.07736345807275
123:00	60.56838752624935	39.505726140522846	38.374434779251445	43.928447742381245	46.98148322711675	52.143243913889016	27.458892677145414	47.76911674004002	37.73526029499556	34.07736345807275
123:05	60.56838752624935	39.505726140522846	38.374434779251445	43.928447742381245	46.98148322711675	52.143243913889016	27.458892677145414	47.76911674004002	37.73526029499556	34.07736345807275
123:10	60.56838752624935	39.505726140522846	38.374434779251445	43.928447742381245	46.98148322711675	52.143243913889016	27.458892677145414	47.76911674004002	37.73526029499556	34.07736345807275
123:15	60.56838752624935	39.505726140522846	38.374434779251445	43.928447742381245	46.98148322711675	52.143243913889016	27.458892677145414	47.76911674004002	37.73526029499556	34.07736345807275
123:20	60.56838752624935	39.505726140522846	38.374434779251445	43.928447742381245	46.98148322711675	52.143243913889016	27.458892677145414	47.76911674004002	37.73526029499556	34.07736345807275
123:25	60.56838752624935	39.505726140522846	38.374434779251445	43.928447742381245	46.98148322711675	52.143243913889016	27.458892677145414	47.76911674004002	37.73526029499556	34.07736345807275
123:30	60.56838752624935	39.505726140522846	38.374434779251445	43.928447742381245	46.98148322711675	52.143243913889016	27.458892677145414	47.76911674004002	37.73526029499556	34.07736345807275
123:35	60.56838752624935	39.505726140522846	38.374434779251445	43.928447742381245	46.98148322711675	52.143243913889016	27.458892677145414	47.76911674004002	37.73526029499556	34.07736345807275
123:40	60.56838752624935	39.505726140522846	38.374434779251445	43.928447742381245	46.98148322711675	52.143243913889016	27.458892677145414	47.76911674004002	37.73526029499556	34.07736345807275
123:45	60.56838752624935	39.505726140522846	38.374434779251445	43.928447742381245	46.98148322711675	52.143243913889016	27.458892677145414	47.76911674004002	37.73526029499556	34.07736345807275
123:50	60.56838752624935	39.505726140522846	38.374434779251445	43.928447742381245	46.98148322711675	52.143243913889016	27.458892677145414	47.76911674004002	37.73526029499556	34.07736345807275
123:55	60.56838752624935	39.505726140522846	38.374434779251445	43.928447742381245	46.98148322711675	52.143243913889016	27.458892677145414	47.76911674004002	37.73526029499556	34.07736345807275
124:00	60.56838752624935	39.505726140522846	38.374434779251445	43.928447742381245	46.98148322711675	52.143243913889016	27.458892677145414	47.76911674004002	37.73526029499556	34.07736345807275
124:05	60.56838752624935	39.50578570718953	38.374434779251445	43.928447742381245	46.98148322711675	52.143243913889016	27.458892677145414	47.7691763067067	37.73526029499556	34.07742302473943
124:10	60.56838752624935	39.50584527385622	38.374434779251445	43.928447742381245	46.98148322711675	52.143243913889016	27.458892677145414	47.76923587337338	37.73526029499556	34.07748259140612
124:15	60.56838752624935	39.505904840522895	38.374434779251445	43.928447742381245	46.98148322711675	52.143243913889016	27.458892677145414	47.76929544004007	37.73526029499556	34.077542158072795
124:20	60.56838752624935	39.50596440718958	38.374434779251445	43.928447742381245	46.98148322711675	52.143243913889016	27.458892677145414	47.769355006706746	37.73526029499556	34.07760172473948
124:25	60.56838752624935	39.50602397385626	38.374434779251445	43.928447742381245	46.98148322711675	52.143243913889016	27.458892677145414	47.76941457337343	37.73526029499556	34.077661291406166
124:30	60.56838752624935	39.506083540522944	38.374434779251445	43.928447742381245	46.98148322711675	52.143243913889016	27.458892677145414	47.76947414004011	37.73526029499556	34.077720858072844
124:35	60.56838752624935	39.50614310718963	38.374434779251445	43.928447742381245	46.98148322711675	52.143243913889016	27.458892677145414	47.769533706706795	37.73526029499556	34.07778042473953
124:40	60.56838752624935	39.50620267385631	38.374434779251445	43.928447742381245	46.98148322711675	52.143243913889016	27.458892677145414	47.76959327337348	37.73526029499556	34.07783999140621
124:45	60.56838752624935	39.50626224052299	38.374434779251445	43.928447742381245	46.98148322711675	52.143243913889016	27.458892677145414	47.76965284004016	37.73526029499556	34.07789955807289
124:50	60.56838752624935	39.50632180718967	38.374434779251445	43.928447742381245	46.98148322711675	52.143243913889016	27.458892677145414	47.769712406706844	37.73526029499556	34.07795912473958
124:55	60.56838752624935	39.50638137385636	38.374434779251445	43.928447742381245	46.98148322711675	52.143243913889016	27.458892677145414	47.76977197337352	37.73526029499556	34.07801869140626
125:00	60.56838752624935	39.50644094052304	38.374434779251445	43.928447742381245	46.98148322711675	52.143243913889016	27.458892677145414	47.76983154004021	37.73526029499556	34.07807825807294
125:05	60.56838752624935	39.50739470718939	38.374434779251445	43.928447742381245	46.98148322711675	52.143243913889016	27.458892677145414	47.770785306706564	37.73526029499556	34.07903202473929
125:10	60.56838752624935	39.50834847385575	38.374434779251445	43.928447742381245	46.98148322711675	52.143243913889016	27.458892677145414	47.77173907337291	37.73526029499556	34.07998579140565
125:15	60.56838752624935	39.509302240522096	38.374434779251445	43.928447742381245	46.98148322711675	52.143243913889016	27.458892677145414	47.77269284003927	37.73526029499556	34.080939558072
125:20	60.56838752624935	39.51025600718845	38.374434779251445	43.928447742381245	46.98148322711675	52.143243913889016	27.458892677145414	47.77364660670562	37.73526029499556	34.08189332473835
125:25	60.56838752624935	39.5112097738548	38.374434779251445	43.928447742381245	46.98148322711675	52.143243913889016	27.458892677145414	47.774600373371975	37.73526029499556	34.0828470914047
125:30	60.56838752624935	39.51216354052116	38.374434779251445	43.928447742381245	46.98148322711675	52.143243913889016	27.458892677145414	47.775554140038324	37.73526029499556	34.08380085807106
125:35	60.56838752624935	39.51311730718751	38.374434779251445	43.928447742381245	46.98148322711675	52.143243913889016	27.458892677145414	47.77650790670468	37.73526029499556	34.08475462473741
125:40	60.56838752624935	39.51407107385386	38.374434779251445	43.928447742381245	46.98148322711675	52.143243913889016	27.458892677145414	47.77746167337103	37.73526029499556	34.08570839140376
125:45	60.56838752624935	39.51502484052021	38.374434779251445	43.928447742381245	46.98148322711675	52.143243913889016	27.458892677145414	47.778415440037385	37.73526029499556	34.08666215807011
125:50	60.56838752624935	39.51597860718657	38.374434779251445	43.928447742381245	46.98148322711675	52.143243913889016	27.458892677145414	47.779369206703734	37.73526029499556	34.08761592473647
125:55	60.56838752624935	39.51693237385292	38.374434779251445	43.928447742381245	46.98148322711675	52.143243913889016	27.458892677145414	47.78032297337009	37.73526029499556	34.088569691402824
126:00	60.56838752624935	39.51788614051927	38.374434779251445	43.928447742381245	46.98148322711675	52.143243913889016	27.458892677145414	47.78127674003644	37.73526029499556	34.08952345806917
126:05	60.56838752624935	39.52080317385385	38.374434779251445	43.928447742381245	46.98148322711675	52.143243913889016	27.458892677145414	47.784193773371015	37.73526029499556	34.092440491402506
126:10	60.56838752624935	39.52372020718842	38.374434779251445	43.928447742381245	46.98148322711675	52.143243913889016	27.458892677145414	47.787110806705584	37.73526029499556	34.09535752473584
126:15	60.56838752624935	39.526637240522994	38.374434779251445	43.928447742381245	46.98148322711675	52.143243913889016	27.458892677145414	47.79002784004016	37.73526029499556	34.09827455806917
126:20	60.56838752624935	39.52955427385756	38.374434779251445	43.928447742381245	46.98148322711675	52.143243913889016	27.458892677145414	47.792944873374736	37.73526029499556	34.1011915914025
126:25	60.56838752624935	39.53247130719214	38.374434779251445	43.928447742381245	46.98148322711675	52.143243913889016	27.458892677145414	47.795861906709305	37.73526029499556	34.10410862473583
126:30	60.56838752624935	39.53538834052671	38.374434779251445	43.928447742381245	46.98148322711675	52.143243913889016	27.458892677145414	47.79877894004388	37.73526029499556	34.10702565806916
126:35	60.56838752624935	39.538305373861284	38.374434779251445	43.928447742381245	46.98148322711675	52.143243913889016	27.458892677145414	47.80169597337845	37.73526029499556	34.109942691402495
126:40	60.56838752624935	39.54122240719586	38.374434779251445	43.928447742381245	46.98148322711675	52.143243913889016	27.458892677145414	47.804613006713026	37.73526029499556	34.11285972473583
126:45	60.56838752624935	39.54413944053043	38.374434779251445	43.928447742381245	46.98148322711675	52.143243913889016	27.458892677145414	47.8075300400476	37.73526029499556	34.11577675806915
126:50	60.56838752624935	39.547056473865005	38.374434779251445	43.928447742381245	46.98148322711675	52.143243913889016	27.458892677145414	47.81044707338217	37.73526029499556	34.118693791402485
126:55	60.56838752624935	39.549973507199574	38.374434779251445	43.928447742381245	46.98148322711675	52.143243913889016	27.458892677145414	47.81336410671675	37.73526029499556	34.12161082473582
127:00	60.56838752624935	39.55289054053415	38.374434779251445	43.928447742381245	46.98148322711675	52.143243913889016	27.458892677145414	47.816281140051316	37.73526029499556	34.12452785806915
127:05	60.56838752624935	39.558536340533585	38.374434779251445	43.928447742381245	46.45231314230635	52.143243913889016	27.458892677145414	47.82192694005075	37.73526029499556	34.130173658068585
127:10	60.56838752624935	39.56418214053302	38.374434779251445	43.928447742381245	45.340832895970955	52.143243913889016	27.458892677145414	47.82757274005019	37.73526029499556	34.13581945806802
127:15	60.56838752624935	39.569827940532456	38.374434779251445	43.928447742381245	44.40524749570086	52.143243913889016	27.458892677145414	47.83321854004963	37.73526029499556	34.141465258067456
127:20	60.56838752624935	39.57547374053189	38.374434779251445	43.928447742381245	43.65282413750928	52.143243913889016	27.458892677145414	47.838864340049064	37.73526029499556	34.14711105806689
127:25	60.56838752624935	39.581119540531326	38.374434779251445	43.928447742381245	43.555500687997686	52.143243913889016	27.458892677145414	47.8445101400485	37.73526029499556	34.152756858066326
127:30	60.56838752624935	39.58676534053077	38.374434779251445	43.928447742381245	43.56114648799713	52.143243913889016	27.458892677145414	47.850155940047934	37.73526029499556	34.15840265806577
127:35	60.56838752624935	39.5924111405302	38.374434779251445	43.928447742381245	43.56679228799656	52.143243913889016	27.458892677145414	47.85580174004737	37.73526029499556	34.1640484580652
127:40	60.56838752624935	39.59805694052964	38.374434779251445	43.928447742381245	43.572438087996	52.143243913889016	27.458892677145414	47.861447540046804	37.73526029499556	34.16969425806464
127:45	60.56838752624935	39.60370274052907	38.374434779251445	43.58059369594204	43.57808388799543	52.143243913889016	27.458892677145414	47.86709334004624	37.73526029499556	34.17534005806407
127:50	60.56838752624935	39.60934854052851	38.374434779251445	43.1386450822401	42.963643868269976	52.143243913889016	27.458892677145414	47.872739140045674	37.73526029499556	34.18098585806351
127:55	60.56838752624935	39.61499434052794	38.374434779251445	43.14429088223954	42.09517021205444	52.143243913889016	27.458892677145414	47.87838494004511	37.73526029499556	34.18663165806294
128:00	60.56838752624935	39.62064014052738	38.374434779251445	43.14993668223897	41.36696485513457	52.143243913889016	27.458892677145414	47.7239077931577	37.73526029499556	34.19227745806238
128:05	60.56838752624935	39.6296333071951	38.374434779251445	43.158929848906695	41.21911534967128	52.143243913889016	27.458892677145414	46.58490988321431	37.73526029499556	34.201270624728856
128:10	60.56838752624935	39.63862647386282	38.374434779251445	43.16792301557442	41.21911534967128	52.143243913889016	27.458892677145414	46.28385838190011	37.73526029499556	34.210263791395334
128:15	60.56838752624935	39.647619640530536	38.374434779251445	43.17691618224214	41.21911534967128	52.143243913889016	27.458892677145414	46.28385838190011	37.73526029499556	34.21925695806181
128:20	60.56838752624935	39.65661280719826	38.374434779251445	43.18590934890985	41.21911534967128	52.143243913889016	27.458892677145414	46.28385838190011	37.73526029499556	34.22825012472829
128:25	60.56838752624935	39.66560597386598	38.374434779251445	43.194902515577574	41.21911534967128	52.143243913889016	27.458892677145414	46.28385838190011	37.73526029499556	34.23724329139477
128:30	60.56838752624935	39.674599140533694	38.374434779251445	43.203895682245296	41.09994924081549	52.143243913889016	27.458892677145414	46.28385838190011	37.73526029499556	34.24623645806125
128:35	60.56838752624935	39.683592307201415	38.374434779251445	43.21288884891301	40.41087609917244	52.143243913889016	27.458892677145414	46.28385838190011	37.73526029499556	34.255229624727725
128:40	60.56838752624935	39.69258547386914	38.374434779251445	43.22188201558073	39.634228124412246	52.143243913889016	27.458892677145414	46.28385838190011	37.73526029499556	34.264222791394204
128:45	60.56838752624935	39.70157864053686	38.374434779251445	43.230875182248454	38.529313452531056	52.143243913889016	27.458892677145414	46.28385838190011	37.73526029499556	34.27321595806068
128:50	60.56838752624935	39.71057180720457	38.374434779251445	43.239868348916175	38.31371944537141	52.143243913889016	27.458892677145414	46.28385838190011	37.73526029499556	34.28220912472716
128:55	60.56838752624935	39.719564973872295	38.374434779251445	43.24886151558389	38.31371944537141	52.143243913889016	27.458892677145414	46.28385838190011	37.73526029499556	34.29120229139364
129:00	60.56838752624935	39.72855814054002	38.374434779251445	43.25785468225161	38.31371944537141	52.143243913889016	27.458892677145414	46.28385838190011	37.73526029499556	34.30019545806012
129:05	60.56838752624935	39.74080060720582	38.374434779251445	43.270097148917415	38.31371944537141	52.143243913889016	27.458892677145414	46.28385838190011	37.73526029499556	34.31243792472716
129:10	60.56838752624935	39.75304307387162	38.374434779251445	43.28233961558322	38.31371944537141	52.143243913889016	27.458892677145414	46.28385838190011	37.73526029499556	34.3246803913942
129:15	60.56838752624935	39.76528554053743	38.374434779251445	43.29458208224903	38.31371944537141	52.143243913889016	27.458892677145414	46.28385838190011	37.73526029499556	34.33692285806125
129:20	60.56838752624935	39.77752800720323	38.374434779251445	43.30682454891483	38.31371944537141	52.143243913889016	27.458892677145414	46.19364096406741	37.73526029499556	34.3491653247283
129:25	60.56838752624935	39.78977047386904	38.374434779251445	43.319067015580636	38.31371944537141	52.143243913889016	27.458892677145414	45.29340740361465	37.73526029499556	34.361407791395344
129:30	60.56838752624935	39.802012940534844	38.374434779251445	43.33130948224644	38.31371944537141	52.143243913889016	27.458892677145414	44.80819122064866	37.73526029499556	34.37365025806239
129:35	60.56838752624935	39.81425540720065	38.374434779251445	43.34355194891224	38.31371944537141	52.143243913889016	27.458892677145414	44.80819122064866	37.73526029499556	34.38589272472944
129:40	60.56838752624935	39.82649787386645	38.374434779251445	43.355794415578046	38.31371944537141	52.143243913889016	27.458892677145414	44.80819122064866	37.73526029499556	34.398135191396484
129:45	60.56838752624935	39.838740340532254	38.374434779251445	43.36803688224385	38.31371944537141	52.143243913889016	27.458892677145414	44.80819122064866	37.73526029499556	34.41037765806353
129:50	60.56838752624935	39.85098280719806	38.374434779251445	43.38027934890965	38.31371944537141	52.143243913889016	27.458892677145414	44.80819122064866	37.73526029499556	34.42262012473058
129:55	60.56838752624935	39.86322527386386	38.374434779251445	43.39252181557546	38.31371944537141	52.143243913889016	27.458892677145414	44.80819122064866	37.73526029499556	34.434862591397625
130:00	60.56838752624935	39.875467740529665	38.374434779251445	43.40476428224127	38.31371944537141	52.143243913889016	27.458892677145414	44.80819122064866	37.73526029499556	34.447105058064665
130:05	60.56838752624935	39.890463007195684	38.374434779251445	43.41975954890728	38.31371944537141	52.143243913889016	27.458892677145414	44.80819122064866	37.73526029499556	34.46210032473193
130:10	60.56838752624935	39.9054582738617	38.374434779251445	43.43475481557329	38.31371944537141	52.143243913889016	27.458892677145414	44.80819122064866	37.73526029499556	34.477095591399184
130:15	60.56838752624935	39.92045354052771	38.374434779251445	43.44975008223931	38.31371944537141	52.143243913889016	27.458892677145414	44.80819122064866	37.73526029499556	34.49209085806644
130:20	60.56838752624935	39.93544880719373	38.374434779251445	43.464745348905325	38.31371944537141	52.143243913889016	27.458892677145414	44.80819122064866	37.73526029499556	34.507086124733696
130:25	60.56838752624935	39.95044407385974	38.374434779251445	43.47974061557134	38.31371944537141	52.143243913889016	27.458892677145414	44.80819122064866	37.73526029499556	34.52208139140095
130:30	60.56838752624935	39.965439340525755	38.374434779251445	43.49473588223736	38.31371944537141	52.143243913889016	27.458892677145414	44.80819122064866	37.73526029499556	34.53707665806821
130:35	60.56838752624935	39.980434607191775	38.374434779251445	43.50973114890337	38.31371944537141	52.143243913889016	27.458892677145414	44.80819122064866	37.73526029499556	34.552071924735465
130:40	60.56838752624935	39.99542987385779	38.374434779251445	43.52472641556938	38.31371944537141	52.143243913889016	27.458892677145414	44.78281411457434	37.73526029499556	34.56706719140272
130:45	60.56838752624935	40.0104251405238	38.374434779251445	43.5397216822354	38.31371944537141	52.143243913889016	27.458892677145414	44.05241324749126	37.73526029499556	34.58206245806998
130:50	60.56838752624935	40.02542040718982	38.374434779251445	43.554716948901415	38.31371944537141	52.143243913889016	27.458892677145414	43.37840508911681	37.73526029499556	34.59705772473723
130:55	60.56838752624935	40.04041567385583	38.374434779251445	43.56971221556743	38.31371944537141	52.143243913889016	27.458892677145414	43.39340035578282	37.73526029499556	34.61205299140449
131:00	60.56838752624935	40.055410940521845	38.374434779251445	43.58470748223345	38.31371944537141	52.143243913889016	27.458892677145414	43.408395622448836	37.73526029499556	34.627048258071746
131:05	60.56838752624935	40.07259970718761	38.310356579698144	43.6018962488992	38.31371944537141	52.143243913889016	27.458892677145414	43.4255843891146	37.73526029499556	34.64423702473875
131:10	60.56838752624935	40.08978847385336	37.19171040604245	43.619085015564956	38.31371944537141	52.143243913889016	27.458892677145414	43.44277315578035	37.73526029499556	34.66142579140575
131:15	60.56838752624935	40.106977240519115	36.16211853667512	43.63627378223072	38.31371944537141	52.143243913889016	27.458892677145414	43.459961922446105	37.73526029499556	34.678614558072745
131:20	60.56838752624935	40.124166007184876	35.3646163197345	43.65346254889647	38.31371944537141	52.143243913889016	27.458892677145414	43.477150689111866	37.73526029499556	34.69580332473974
131:25	60.56838752624935	40.14135477385063	35.22775215487786	43.67065131556223	38.31371944537141	52.143243913889016	27.458892677145414	43.49433945577762	37.73526029499556	34.71299209140674
131:30	60.56838752624935	40.15854354051639	35.22775215487786	43.687840082227986	38.31371944537141	52.143243913889016	27.458892677145414	43.51152822244338	37.73526029499556	34.73018085807374
131:35	60.56838752624935	40.175732307182145	35.22775215487786	43.70502884889374	38.31371944537141	52.143243913889016	27.458892677145414	43.528716989109135	37.73526029499556	34.747369624740735
131:40	60.56838752624935	40.1929210738479	34.925513360428624	43.7222176155595	38.31371944537141	52.143243913889016	27.458892677145414	43.54590575577489	37.73526029499556	34.76455839140774
131:45	60.56838752624935	40.21010984051366	34.06138897941148	43.739406382225255	38.31371944537141	52.143243913889016	27.458892677145414	43.56309452244065	37.73526029499556	34.78174715807474
131:50	60.56838752624935	40.227298607179414	32.9389636642148	43.75659514889101	38.31371944537141	52.143243913889016	27.458892677145414	43.580283289106404	37.73526029499556	34.798935924741734
131:55	60.56838752624935	40.244487373845175	32.08098748015327	43.2167041587491	38.31371944537141	52.143243913889016	27.458892677145414	43.597472055772165	37.73526029499556	34.81612469140873
132:00	60.56838752624935	40.26167614051093	32.098176246820266	42.97419426482786	38.31371944537141	52.143243913889016	27.458892677145414	43.61466082243792	37.73526029499556	34.83331345807573
132:05	60.56838752624935	40.27998907384415	32.116489180153486	42.97419426482786	38.31371944537141	52.143243913889016	27.458892677145414	43.01930143245828	37.73526029499556	34.85162639140895
132:10	60.56838752624935	40.29830200717736	32.1348021134867	42.97419426482786	38.31371944537141	52.143243913889016	27.458892677145414	41.88744777953868	37.73526029499556	34.86993932474217
132:15	60.56838752624935	40.31661494051058	31.66908860684295	42.97419426482786	38.31371944537141	52.143243913889016	27.458892677145414	41.48042941890225	37.73526029499556	34.88825225807538
132:20	60.56838752624935	40.3349278738438	30.489804228460933	42.97419426482786	38.31371944537141	52.143243913889016	27.458892677145414	40.35570965441434	37.73568759677334	34.9065651914086
132:25	60.56838752624935	40.353240807177016	29.426400759468663	43.73808315371675	38.31371944537141	51.930509650758644	27.458892677145414	39.42462369296521	36.595838456978605	34.924878124741824
132:30	60.56838752624935	40.37155374051024	28.48903594540543	43.73808315371675	38.31371944537141	51.1433008203042	27.458892677145414	38.88337513332901	36.595838456978605	34.94319105807504
132:35	60.56838752624935	40.38986667384346	28.37898217618841	43.73808315371675	38.31371944537141	50.835589077018184	27.458892677145414	38.88337513332901	36.595838456978605	34.96150399140826
132:40	60.56838752624935	40.40817960717667	28.37898217618841	43.73808315371675	38.31371944537141	50.853902010351405	27.458892677145414	38.88337513332901	36.595838456978605	34.97981692474148
132:45	60.56838752624935	40.42649254050989	28.37934843485507	43.16845200827898	38.31371944537141	50.87221494368462	27.458892677145414	38.88337513332901	36.595838456978605	34.99812985807469
132:50	60.56838752624935	40.44480547384311	27.529658741620743	42.17674150223869	38.31371944537141	50.89052787701784	27.458892677145414	38.88337513332901	36.595838456978605	35.01644279140791
132:55	60.56838752624935	40.463118407176324	26.344108783770324	41.221388535062836	38.31371944537141	50.90884081035106	27.458892677145414	38.88337513332901	36.595838456978605	35.03475572474113
133:00	60.56838752624935	40.481431340509545	25.083960062448348	40.573628282687864	38.31371944537141	50.92715374368427	27.458892677145414	38.88337513332901	36.595838456978605	35.053068658074345
133:05	60.56838752624935	40.500447740509	24.749499813289006	39.63265851996944	38.31371944537141	50.94617014368374	27.458892677145414	38.88337513332901	36.595838456978605	35.07208505807381
133:10	60.56838752624935	40.51946414050847	24.749499813289006	38.76187781707669	38.31371944537141	50.965186543683195	27.458892677145414	38.88337513332901	36.595838456978605	35.09110145807327
133:15	60.56838752624935	40.538480540507926	24.749499813289006	38.32302954194221	38.31371944537141	50.29818407165199	27.458892677145414	38.88337513332901	36.595838456978605	35.11011785807273
133:20	60.56838752624935	40.557496940507384	24.749499813289006	38.32302954194221	38.31371944537141	49.76467713887478	27.458892677145414	38.88337513332901	36.595838456978605	35.129134258072185
133:25	60.56838752624935	40.57651334050684	24.749499813289006	38.32302954194221	38.31371944537141	49.78369353887424	27.458892677145414	38.88337513332901	36.595838456978605	35.14815065807164
133:30	60.56838752624935	40.5955297405063	24.749499813289006	38.32302954194221	38.31371944537141	49.8027099388737	27.458892677145414	38.88337513332901	36.595838456978605	35.16716705807111
133:35	60.56838752624935	40.614546140505766	24.749499813289006	38.32302954194221	38.31371944537141	49.821726338873155	27.458892677145414	38.84709883368097	36.595838456978605	35.186183458070566
133:40	60.56838752624935	40.633562540505224	24.749499813289006	38.32302954194221	38.31371944537141	49.84074273887262	27.458892677145414	38.011339615279724	36.595838456978605	35.205199858070024
133:45	60.56838752624935	40.65257894050468	24.749499813289006	38.32302954194221	38.31371944537141	49.85975913887208	27.458892677145414	36.98847496428652	36.595838456978605	35.22421625806948
133:50	60.56838752624935	40.67159534050414	24.749499813289006	38.32302954194221	38.31371944537141	49.87877553887154	27.458892677145414	36.13880901170469	36.595838456978605	35.24323265806894
133:55	60.56838752624935	40.6906117405036	24.749499813289006	38.32302954194221	38.31371944537141	49.897791938870995	27.458892677145414	35.493550686814224	36.595838456978605	35.262249058068406
134:00	60.56838752624935	40.709628140503064	24.749499813289006	38.32302954194221	38.31371944537141	49.7028761894191	27.458892677145414	34.60924237262827	35.5244305423736	35.281265458067864
134:05	60.56838752624935	40.7276264738355	24.749499813289006	38.32302954194221	38.31371944537141	49.05002533912961	27.458892677145414	34.441643832293295	35.31358202512792	35.29926379140154
134:10	60.56838752624935	40.74562480716794	24.749499813289006	38.32302954194221	38.31371944537141	47.99763474506325	27.458892677145414	34.441643832293295	35.31358202512792	35.31726212473522
134:15	60.56838752624935	40.76362314050038	24.749499813289006	38.32302954194221	38.31371944537141	47.309711434823605	27.458892677145414	34.441643832293295	35.31358202512792	35.33526045806891
134:20	60.56838752624935	40.781621473832814	24.749499813289006	38.32302954194221	38.31371944537141	47.309711434823605	27.458892677145414	34.441643832293295	35.31358202512792	35.35325879140259
134:25	60.56838752624935	40.79961980716526	24.749499813289006	38.32302954194221	38.31371944537141	47.309711434823605	27.458892677145414	34.441643832293295	35.31358202512792	35.487923791402935
134:30	60.56838752624935	40.81761814049769	24.749499813289006	38.32302954194221	38.31371944537141	47.309711434823605	27.458892677145414	34.441643832293295	35.31358202512792	36.08925545806995
134:35	60.56838752624935	40.835616473830136	24.749499813289006	38.32302954194221	38.31371944537141	47.309711434823605	27.458892677145414	34.441643832293295	35.31358202512792	36.690587124736965
134:40	60.56838752624935	40.453049310949105	24.749499813289006	38.32302954194221	38.31371944537141	47.309711434823605	27.458892677145414	34.441643832293295	35.31358202512792	37.29191879140398
134:45	60.56838752624935	39.67724982604589	24.749499813289006	38.32302954194221	38.31371944537141	47.309711434823605	26.729920382218673	34.441643832293295	35.31358202512792	37.598961225830905
134:50	60.56838752624935	38.832442614315156	24.749499813289006	38.32302954194221	37.66783341420255	46.43528983503024	26.53339898605668	34.441643832293295	35.31358202512792	36.46181659816635
134:55	60.56838752624935	37.750357739839124	24.749499813289006	38.32302954194221	36.58724025234191	45.660156110600994	26.53339898605668	34.441643832293295	35.31358202512792	35.12799945841812
135:00	60.56838752624935	36.73336228730156	24.749499813289006	38.32302954194221	35.93332005938997	45.285202591542145	26.53339898605668	34.441643832293295	35.31358202512792	34.0157875217006
135:05	60.56838752624935	36.29938932982861	24.749499813289006	38.32302954194221	36.24402497341523	45.301567758208755	26.53339898605668	34.441643832293295	35.31358202512792	35.2138601882226
135:10	60.56838752624935	36.29938932982861	24.749499813289006	38.32302954194221	38.07735830674856	45.31793292487536	26.53339898605668	34.36058655779093	35.31358202512792	37.04719352155593
135:15	60.56838752624935	36.29938932982861	24.749499813289006	38.32302954194221	39.91069164008189	45.33429809154197	26.53339898605668	33.55258494674972	35.31358202512792	38.7303308011197
135:20	60.56838752624935	36.29938932982861	24.749499813289006	38.32302954194221	41.74402497341523	44.94370470195825	26.53339898605668	32.84331255381846	35.31358202512792	39.871843575082195
135:25	60.56838752624935	36.29938932982861	24.749499813289006	38.32302954194221	43.57735830674856	44.92359217280935	26.53339898605668	32.66596226199439	35.31358202512792	40.62486024297424
135:30	60.56838752624935	36.29938932982861	24.749499813289006	38.32302954194221	44.77276199413641	44.93995733947596	26.53339898605668	32.66596226199439	35.31358202512792	41.12159940792889
135:35	60.56838752624935	36.29938932982861	24.749499813289006	38.32302954194221	44.14190284063886	44.95632250614256	26.53339898605668	32.66596226199439	35.31358202512792	41.44928112935823
135:40	60.56838752624935	36.29938932982861	24.749499813289006	38.32302954194221	43.287619412170294	44.97268767280917	26.53339898605668	32.66596226199439	35.31358202512792	41.6654414769497
135:45	60.56838752624935	36.29938932982861	24.749499813289006	38.32302954194221	42.32475880134098	44.98905283947578	26.53339898605668	32.66596226199439	35.31358202512792	41.80803501456617
135:50	60.56838752624935	36.29938932982861	24.749499813289006	38.32302954194221	42.05645367929726	45.005418006142385	26.53339898605668	32.66596226199439	35.31358202512792	41.90209906098609
135:55	60.56838752624935	36.29938932982861	24.749499813289006	38.32302954194221	42.13567706180155	45.021783172808995	26.53339898605668	32.66596226199439	35.31358202512792	41.964149873223334
136:00	60.56838752624935	36.29938932982861	24.749499813289006	38.32302954194221	43.96901039513489	45.0381483394756	26.53339898605668	32.66596226199439	35.31358202512792	42.0
136:05	60.56838752624935	36.29938932982861	24.749499813289006	38.32302954194221	45.802343728468216	44.9998621846438	26.53339898605668	32.66596226199439	35.31358202512792	42.0
136:10	60.56838752624935	36.29938932982861	24.749499813289006	38.32302954194221	47.63567706180155	44.590022006585016	26.53339898605668	32.66596226199439	35.31358202512792	42.0
136:15	60.56838752624935	36.29938932982861	24.749499813289006	38.32302954194221	49.46901039513489	44.590022006585016	26.53339898605668	32.66596226199439	35.31358202512792	42.0
136:20	60.56838752624935	36.29938932982861	24.749499813289006	38.32302954194221	51.302343728468216	44.590022006585016	26.355122703149878	32.66596226199439	35.31358202512792	42.0
136:25	60.56838752624935	36.29938932982861	24.749499813289006	38.32302954194221	53.13567706180155	44.590022006585016	25.773186881430654	32.66596226199439	35.31358202512792	42.0
136:30	60.56838752624935	36.29938932982861	24.749499813289006	38.32302954194221	54.929167741597816	44.590022006585016	25.787298381430613	32.66596226199439	35.31358202512792	42.0
136:35	60.56838752624935	36.29938932982861	24.749499813289006	38.32302954194221	56.32843624652892	44.57989464945868	25.801409881430576	32.66596226199439	34.73090424812735	42.0
136:40	60.56838752624935	36.29938932982861	24.749499813289006	38.32302954194221	56.27910327755997	43.97296010262401	25.815521381430536	32.66596226199439	34.262705880935535	42.0
136:45	60.56838752624935	36.29938932982861	24.749499813289006	38.32302954194221	56.27910327755997	43.96407945758626	25.829632881430495	32.66596226199439	34.262705880935535	42.0
136:50	60.56838752624935	35.76237309566551	24.749499813289006	38.32302954194221	56.27910327755997	43.97819095758622	25.843744381430454	32.66596226199439	34.262705880935535	42.0
136:55	60.56838752624935	34.78848637447586	24.749499813289006	38.32302954194221	56.27910327755997	43.99230245758618	25.857855881430417	32.66596226199439	34.262705880935535	42.0
137:00	60.56838752624935	33.67125176581451	24.749499813289006	38.32302954194221	56.18412940561251	44.00641395758614	25.871967381430377	32.66596226199439	34.262705880935535	42.0
137:05	60.56838752624935	32.74607970557957	24.749499813289006	38.32302954194221	56.01383637761964	44.017382357585184	25.88293578143066	32.66596226199439	34.262705880935535	42.0
137:10	60.56838752624935	31.955973928317814	24.749499813289006	37.73300939675705	56.01383637761964	44.02835075758422	25.893904181430944	32.66596226199439	34.262705880935535	42.0
137:15	60.56838752624935	31.657534095744005	24.749499813289006	36.8394621242571	56.01383637761964	44.039319157583265	25.904872581431228	32.66596226199439	34.262705880935535	42.0
137:20	60.56838752624935	31.657534095744005	24.749499813289006	36.07758108887557	56.01383637761964	44.05028755758231	25.91584098143151	32.66596226199439	34.262705880935535	42.0
137:25	60.56838752624935	31.657534095744005	24.749499813289006	35.9523436430473	56.01383637761964	43.77555542040539	25.926809381431795	32.66596226199439	34.262705880935535	42.0
137:30	60.56838752624935	31.657534095744005	24.749499813289006	35.278638284745924	56.01383637761964	43.284494539074224	25.937777781432082	32.66596226199439	34.262705880935535	42.0
137:35	60.56838752624935	31.657534095744005	24.749499813289006	34.44941947433203	56.01383637761964	43.29546293907327	25.948746181432366	32.66596226199439	34.262705880935535	42.0
137:40	60.56838752624935	31.657534095744005	24.749499813289006	33.44220884480933	56.01383637761964	43.30643133907231	25.95971458143265	32.66596226199439	34.262705880935535	42.0
137:45	60.56838752624935	31.657534095744005	24.749499813289006	33.41188939474908	55.788626402036954	43.317399739071355	25.970682981432933	32.66596226199439	34.262705880935535	42.0
137:50	60.56838752624935	31.657534095744005	24.749499813289006	33.42285779474936	55.788626402036954	43.3283681390704	25.981651381433217	32.66596226199439	34.262705880935535	42.0
137:55	60.56838752624935	31.657534095744005	24.749499813289006	33.43382619474965	55.788626402036954	43.09773976425877	25.9926197814335	32.66596226199439	34.262705880935535	42.0
138:00	60.56838752624935	31.657534095744005	24.749499813289006	33.44479459474993	55.788626402036954	42.451283415711416	25.496653104506596	32.66596226199439	34.262705880935535	42.0
138:05	60.56838752624935	31.657534095744005	24.749499813289006	33.45251599475009	55.788626402036954	41.618749679093604	24.809390469887514	32.66596226199439	34.262705880935535	42.0
138:10	60.56838752624935	31.657534095744005	24.749499813289006	33.460237394750244	55.464230824615996	41.3482172618522	24.81711186988767	32.66596226199439	33.80201143722097	42.0
138:15	60.56838752624935	31.657534095744005	24.749499813289006	33.467958794750395	55.47195222461615	41.3482172618522	24.824833269887822	32.66596226199439	33.20594065058319	42.0
138:20	60.56838752624935	31.657534095744005	24.749499813289006	33.47568019475055	55.479673624616304	41.3482172618522	24.83255466988798	32.66596226199439	33.20594065058319	42.0
138:25	60.56838752624935	31.657534095744005	24.749499813289006	33.48340159475071	55.48739502461646	41.3482172618522	24.840276069888134	32.66596226199439	33.20594065058319	42.0
138:30	60.56838752624935	31.657534095744005	24.749499813289006	33.49112299475086	55.49511642461662	41.3482172618522	24.847997469888288	32.66596226199439	33.20594065058319	42.0
138:35	60.48925889001777	31.657534095744005	24.749499813289006	33.49884439475102	55.50283782461677	41.3482172618522	24.85571886988844	32.66596226199439	33.20594065058319	42.0
138:40	59.710828516314685	31.657534095744005	24.749499813289006	33.506565794751175	55.51055922461693	41.3482172618522	24.8634402698886	32.66596226199439	33.20594065058319	42.0
138:45	58.63007584531805	31.657534095744005	24.749499813289006	33.514287194751326	55.518280624617084	40.816483993976654	24.871161669888753	32.66596226199439	33.20594065058319	42.0
138:50	57.505785062792505	31.657534095744005	24.749499813289006	33.52200859475148	55.504370245435844	39.96968966113075	24.878883069888907	32.66596226199439	33.20594065058319	42.0
138:55	56.96082862113012	31.657534095744005	24.749499813289006	33.52972999475164	55.16993504199548	39.49878165673564	24.886604469889065	32.66596226199439	33.20594065058319	42.0
139:00	56.96855002113028	31.657534095744005	24.749499813289006	33.53745139475179	55.17765644199564	39.49878165673564	24.89432586988922	32.66596226199439	33.20594065058319	42.0
139:05	56.973067054463854	31.657534095744005	24.749499813289006	33.54196842808537	55.182173475329215	39.49878165673564	24.898842903222796	32.66596226199439	33.20594065058319	42.0
139:10	56.97758408779744	31.657534095744005	24.749499813289006	33.54648546141895	55.18669050866279	39.49878165673564	24.903359936556377	32.66596226199439	33.20594065058319	42.0
139:15	56.982101121131016	31.657534095744005	24.749499813289006	33.55100249475253	55.19120754199637	39.49878165673564	24.90787696988996	32.66596226199439	33.20594065058319	42.0
139:20	56.986618154464594	31.657534095744005	24.749499813289006	33.55551952808611	55.195724575329955	39.49878165673564	24.912394003223536	32.66596226199439	33.20594065058319	42.0
139:25	56.99113518779818	31.657534095744005	24.749499813289006	33.56003656141969	55.20024160866353	39.49878165673564	24.916911036557117	32.66596226199439	33.20594065058319	42.0
139:30	56.995652221131756	31.657534095744005	24.749499813289006	33.56455359475327	55.20475864199711	39.398805112646784	24.921428069890695	32.66596226199439	33.20594065058319	42.0
139:35	57.000169254465334	31.657534095744005	24.749499813289006	33.56907062808685	55.209275675330694	38.825165873619866	24.925945103224276	32.66596226199439	33.20594065058319	42.0
139:40	57.00468628779891	31.657534095744005	24.749499813289006	33.57358766142043	55.21379270866427	38.829682906953444	24.09333333902708	32.66596226199439	33.20594065058319	42.0
139:45	57.009203321132496	31.657534095744005	24.749499813289006	33.57810469475401	55.21830974199785	38.83419994028702	23.80695006526993	32.66596226199439	33.20594065058319	42.0
139:50	57.013720354466074	31.657534095744005	24.749499813289006	33.58262172808759	55.222826775331434	38.838716973620606	24.394800431936844	32.66596226199439	33.20594065058319	42.0
139:55	57.01823738779965	31.657534095744005	24.749499813289006	33.587138761421166	55.22734380866501	38.843234006954184	24.982650798603757	32.66596226199439	33.20594065058319	42.0
140:00	57.022754421133236	31.657534095744005	24.749499813289006	33.59165579475475	55.23186084199859	38.84775104028776	25.57050116527067	32.66596226199439	33.20594065058319	42.0
140:05	57.024632821133665	31.657534095744005	24.749499813289006	33.59353419475518	55.233739241999025	38.8496294402882	26.155712898604435	32.66596226199439	33.20594065058319	42.0
140:10	57.0265112211341	31.657534095744005	24.749499813289006	33.595412594755615	55.235617641999454	38.851507840288626	26.740924631938203	32.66596226199439	33.20594065058319	42.0
140:15	57.02838962113453	31.657534095744005	24.749499813289006	33.59729099475605	55.23749604199989	38.85338624028906	27.326136365271967	32.66596226199439	33.20594065058319	42.0
140:20	57.030268021134965	31.657534095744005	24.749499813289006	33.59916939475648	55.239374442000326	38.436521226217515	27.911348098605735	32.66596226199439	33.20594065058319	42.0
140:25	57.0321464211354	31.657534095744005	24.749499813289006	33.601047794756916	55.241252842000755	37.974841633294695	28.4965598319395	32.66596226199439	33.20594065058319	42.0
140:30	57.03402482113583	31.657534095744005	24.749499813289006	33.602926194757345	55.24313124200119	37.97672003329513	29.081771565273268	32.66596226199439	33.20594065058319	42.0
140:35	57.035903221136266	31.657534095744005	24.749499813289006	33.60480459475778	55.24500964200162	37.978598433295566	29.666983298607033	32.66596226199439	33.20594065058319	42.0
140:40	57.0377816211367	31.657534095744005	24.749499813289006	33.606682994758216	55.246888042002055	37.980476833295995	30.2521950319408	32.66596226199439	33.20594065058319	42.0
140:45	57.03966002113713	31.657534095744005	24.749499813289006	33.608561394758645	55.24876644200249	37.98235523329643	30.837406765274565	32.66596226199439	33.20594065058319	42.0
140:50	57.04153842113757	31.657534095744005	24.749499813289006	33.61043979475908	55.25064484200292	37.98423363329686	31.422618498608333	32.66596226199439	33.20594065058319	42.0
140:55	57.043416821137995	31.657534095744005	24.749499813289006	33.61231819475951	55.252523242003356	37.986112033297296	32.0078302319421	32.66596226199439	33.20594065058319	42.0
141:00	57.04529522113843	31.657534095744005	24.749499813289006	33.614196594759946	55.254401642003785	37.98799043329773	32.593041965275866	32.66596226199439	33.20594065058319	41.634557966012956
141:05	57.04562162113779	31.657534095744005	24.749499813289006	33.61452299476055	55.25472804200315	37.98831683329709	33.09412943837562	32.66596226199439	33.20594065058319	40.46737452311699
141:10	57.04594802113715	31.657534095744005	24.749499813289006	33.61484939476115	55.25505444200251	37.98864323329645	33.42595351453608	32.66596226199439	33.20594065058319	39.131770513358084
141:15	57.04627442113651	31.657534095744005	24.749499813289006	33.615175794761754	55.25538084200187	37.98896963329581	33.6448464308977	32.66596226199439	33.20594065058319	38.0293260663593
141:20	57.046600821135875	31.657534095744005	24.749499813289006	33.61550219476236	55.25570724200123	37.98929603329517	33.78924255003323	32.66596226199439	33.20594065058319	38.0293260663593
141:25	57.046927221135235	31.657534095744005	24.749499813289006	33.61582859476296	55.25603364200059	37.98962243329453	33.88449569740758	32.66596226199439	33.20594065058319	38.0293260663593
141:30	57.047253621134594	31.657534095744005	24.749499813289006	33.616154994763555	55.25636004199995	37.98994883329389	33.94733091859664	32.66596226199439	33.20594065058319	38.0293260663593
141:35	57.04758002113395	31.657534095744005	24.749499813289006	33.61648139476416	55.25668644199931	37.990275233293254	33.98878115022375	32.66596226199439	33.20594065058319	38.0293260663593
141:40	57.04790642113331	31.657534095744005	24.749499813289006	33.61680779476476	55.25701284199867	37.99060163329261	34.0	32.66596226199439	33.20594065058319	38.0293260663593
141:45	56.5278631625664	31.657534095744005	24.749499813289006	33.61713419476536	55.25733924199803	37.99092803329197	34.0	32.66596226199439	33.20594065058319	38.0293260663593
141:50	55.40269187246171	31.657534095744005	24.749499813289006	33.617460594765966	55.25766564199739	37.99125443329133	34.0	32.66596226199439	33.20594065058319	38.0293260663593
141:55	54.42355953798674	31.657534095744005	24.749499813289006	33.61778699476657	55.25799204199675	37.99158083329069	34.0	32.66596226199439	33.20594065058319	38.0293260663593
142:00	53.58497819717545	31.657534095744005	24.749499813289006	33.61811339476717	55.25831844199611	37.99190723329005	34.0	32.66596226199439	33.20594065058319	38.0293260663593
142:05	53.442920981377746	31.657534095744005	24.749499813289006	33.61811339476717	55.25831844199611	37.99190723329005	34.0	32.66596226199439	33.20594065058319	38.0293260663593
142:10	53.442920981377746	31.657534095744005	24.749499813289006	33.61811339476717	55.25831844199611	37.99190723329005	34.0	32.66596226199439	33.20594065058319	38.0293260663593
142:15	53.442920981377746	31.657534095744005	24.749499813289006	33.61811339476717	55.25831844199611	37.99190723329005	34.0	32.66596226199439	33.20594065058319	38.0293260663593
142:20	53.442920981377746	31.657534095744005	24.749499813289006	33.61811339476717	55.25831844199611	37.99190723329005	34.0	32.66596226199439	33.20594065058319	38.0293260663593
142:25	53.442920981377746	31.657534095744005	24.749499813289006	33.61811339476717	55.25831844199611	37.99190723329005	34.0	32.66596226199439	33.20594065058319	38.0293260663593
142:30	53.442920981377746	31.657534095744005	24.749499813289006	33.61811339476717	55.25831844199611	37.99190723329005	34.0	32.66596226199439	33.20594065058319	38.0293260663593
142:35	53.442920981377746	31.657534095744005	24.749499813289006	33.61811339476717	55.25831844199611	37.99190723329005	34.0	32.66596226199439	33.20594065058319	38.0293260663593
142:40	53.442920981377746	31.657534095744005	24.749499813289006	33.61811339476717	55.25831844199611	37.99190723329005	34.0	32.66596226199439	33.20594065058319	38.0293260663593
142:45	53.442920981377746	31.657534095744005	24.749499813289006	33.61811339476717	55.25831844199611	37.99190723329005	34.0	32.66596226199439	33.20594065058319	38.0293260663593
142:50	53.442920981377746	31.657534095744005	24.749499813289006	33.61811339476717	55.25831844199611	37.99190723329005	34.0	32.66596226199439	33.20594065058319	38.0293260663593
142:55	53.442920981377746	31.657534095744005	24.749499813289006	33.61811339476717	55.25831844199611	37.99190723329005	34.0	32.66596226199439	33.20594065058319	38.0293260663593
143:00	53.442920981377746	31.657534095744005	24.749499813289006	33.61811339476717	55.25831844199611	37.99190723329005	34.0	32.66596226199439	33.20594065058319	38.0293260663593
143:05	53.442920981377746	31.657534095744005	24.749499813289006	33.61811339476717	55.25831844199611	37.99190723329005	34.0	32.66596226199439	33.20594065058319	38.0293260663593
143:10	53.442920981377746	31.657534095744005	24.749499813289006	33.61811339476717	55.25831844199611	37.99190723329005	34.0	32.66596226199439	33.20594065058319	38.0293260663593
143:15	53.442920981377746	31.657534095744005	24.749499813289006	33.61811339476717	55.25831844199611	37.99190723329005	34.0	32.66596226199439	33.20594065058319	38.0293260663593
143:20	53.442920981377746	31.657534095744005	24.749499813289006	33.61811339476717	55.25831844199611	37.99190723329005	34.0	32.66596226199439	33.20594065058319	38.0293260663593
143:25	53.442920981377746	31.657534095744005	24.749499813289006	33.61811339476717	55.25831844199611	37.99190723329005	34.0	32.66596226199439	33.20594065058319	38.0293260663593
143:30	53.442920981377746	31.657534095744005	24.749499813289006	33.61811339476717	55.25831844199611	37.99190723329005	34.0	32.66596226199439	33.20594065058319	38.0293260663593
143:35	53.442920981377746	31.657534095744005	24.749499813289006	33.61811339476717	55.25831844199611	37.99190723329005	34.0	32.66596226199439	33.20594065058319	38.0293260663593
143:40	53.442920981377746	31.657534095744005	24.749499813289006	33.61811339476717	55.25831844199611	37.99190723329005	34.0	32.66596226199439	33.20594065058319	38.0293260663593
143:45	53.442920981377746	31.657534095744005	24.749499813289006	33.61811339476717	55.25831844199611	37.99190723329005	34.0	32.66596226199439	33.20594065058319	38.0293260663593
143:50	53.442920981377746	31.657534095744005	24.749499813289006	33.61811339476717	55.25831844199611	37.99190723329005	34.0	32.66596226199439	33.20594065058319	38.0293260663593
143:55	53.442920981377746	31.657534095744005	24.749499813289006	33.61811339476717	55.25831844199611	37.99190723329005	34.0	32.66596226199439	33.20594065058319	38.0293260663593
144:00	53.442920981377746	31.657534095744005	24.749499813289006	33.61811339476717	55.25831844199611	37.99190723329005	34.0	32.66596226199439	33.20594065058319	38.0293260663593
144:05	53.442920981377746	31.657534095744005	24.749499813289006	33.61811339476717	55.25831844199611	37.99190723329005	34.0	32.66596226199439	33.20594065058319	38.0293260663593
144:10	53.442920981377746	31.657534095744005	24.749499813289006	33.61811339476717	55.25831844199611	37.99190723329005	34.0	32.66596226199439	33.20594065058319	38.0293260663593
144:15	53.442920981377746	31.657534095744005	24.749499813289006	33.61811339476717	55.25831844199611	37.99190723329005	34.0	32.66596226199439	33.20594065058319	38.0293260663593
144:20	53.442920981377746	31.657534095744005	24.749499813289006	33.61811339476717	55.25831844199611	37.99190723329005	34.0	32.66596226199439	33.20594065058319	38.0293260663593
144:25	53.442920981377746	31.657534095744005	24.749499813289006	33.61811339476717	55.25831844199611	37.99190723329005	34.0	32.66596226199439	33.20594065058319	38.0293260663593
144:30	53.442920981377746	31.657534095744005	24.749499813289006	33.61811339476717	55.25831844199611	37.99190723329005	34.0	32.66596226199439	33.20594065058319	38.0293260663593
144:35	53.442920981377746	31.657534095744005	24.749499813289006	33.61811339476717	55.25831844199611	37.99190723329005	34.0	32.66596226199439	33.20594065058319	38.0293260663593
144:40	53.442920981377746	31.657534095744005	24.749499813289006	33.61811339476717	55.25831844199611	37.99190723329005	34.0	32.66596226199439	33.20594065058319	38.0293260663593
144:45	53.442920981377746	31.657534095744005	24.749499813289006	33.61811339476717	55.25831844199611	37.99190723329005	34.0	32.66596226199439	33.20594065058319	38.0293260663593
144:50	53.442920981377746	31.657534095744005	24.749499813289006	33.61811339476717	55.25831844199611	37.99190723329005	34.0	32.66596226199439	33.20594065058319	38.0293260663593
144:55	53.442920981377746	31.657534095744005	24.749499813289006	33.61811339476717	55.25831844199611	37.99190723329005	34.0	32.66596226199439	33.20594065058319	38.0293260663593
145:00	53.442920981377746	31.657534095744005	24.749499813289006	33.61811339476717	55.25831844199611	37.99190723329005	34.0	32.66596226199439	33.20594065058319	38.0293260663593
145:05	53.442920981377746	31.657534095744005	24.749499813289006	33.61811339476717	55.25831844199611	37.99190723329005	34.0	32.66596226199439	33.20594065058319	38.0293260663593
145:10	53.442920981377746	31.657534095744005	24.749499813289006	33.61811339476717	55.25831844199611	37.99190723329005	34.0	32.66596226199439	33.20594065058319	38.0293260663593
145:15	53.442920981377746	31.657534095744005	24.749499813289006	33.61811339476717	55.25831844199611	37.99190723329005	34.0	32.66596226199439	33.20594065058319	38.0293260663593
145:20	53.442920981377746	31.657534095744005	24.749499813289006	33.61811339476717	55.25831844199611	37.99190723329005	34.0	32.66596226199439	33.20594065058319	38.0293260663593
145:25	53.442920981377746	31.657534095744005	24.749499813289006	33.61811339476717	55.25831844199611	37.99190723329005	34.0	32.66596226199439	33.20594065058319	38.0293260663593
145:30	53.442920981377746	31.657534095744005	24.749499813289006	33.61811339476717	55.25831844199611	37.99190723329005	34.0	32.66596226199439	33.20594065058319	38.0293260663593
145:35	53.442920981377746	31.657534095744005	24.749499813289006	33.61811339476717	55.25831844199611	37.99190723329005	34.0	32.66596226199439	33.20594065058319	38.0293260663593
145:40	53.442920981377746	31.657534095744005	24.749499813289006	33.61811339476717	55.25831844199611	37.99190723329005	34.0	32.66596226199439	33.20594065058319	38.0293260663593
145:45	53.442920981377746	31.657534095744005	24.749499813289006	33.61811339476717	55.25831844199611	37.99190723329005	34.0	32.66596226199439	33.20594065058319	38.0293260663593
145:50	53.442920981377746	31.657534095744005	24.749499813289006	33.61811339476717	55.25831844199611	37.99190723329005	34.0	32.66596226199439	33.20594065058319	38.0293260663593
145:55	53.442920981377746	31.657534095744005	24.749499813289006	33.61811339476717	55.25831844199611	37.99190723329005	34.0	32.66596226199439	33.20594065058319	38.0293260663593
146:00	53.442920981377746	31.657534095744005	24.749499813289006	33.61811339476717	55.25831844199611	37.99190723329005	34.0	32.66596226199439	33.20594065058319	38.0293260663593
146:05	53.442920981377746	31.657534095744005	24.749499813289006	33.61811339476717	55.25831844199611	37.99190723329005	34.0	32.66596226199439	33.20594065058319	38.0293260663593
146:10	53.442920981377746	31.657534095744005	24.749499813289006	33.61811339476717	55.25831844199611	37.99190723329005	34.0	32.66596226199439	33.20594065058319	38.0293260663593
146:15	53.442920981377746	31.657534095744005	24.749499813289006	33.61811339476717	55.25831844199611	37.99190723329005	34.0	32.66596226199439	33.20594065058319	38.0293260663593
146:20	53.442920981377746	31.657534095744005	24.749499813289006	33.61811339476717	55.25831844199611	37.99190723329005	34.0	32.66596226199439	33.20594065058319	38.0293260663593
146:25	53.442920981377746	31.657534095744005	24.749499813289006	33.61811339476717	55.25831844199611	37.99190723329005	34.0	32.66596226199439	33.20594065058319	38.0293260663593
146:30	53.442920981377746	31.657534095744005	24.749499813289006	33.61811339476717	55.25831844199611	37.99190723329005	34.0	32.66596226199439	33.20594065058319	38.0293260663593
146:35	53.442920981377746	31.657534095744005	24.749499813289006	33.61811339476717	55.25831844199611	37.99190723329005	34.0	32.66596226199439	33.20594065058319	38.0293260663593
146:40	53.442920981377746	31.657534095744005	24.749499813289006	33.61811339476717	55.25831844199611	37.99190723329005	34.0	32.66596226199439	33.20594065058319	38.0293260663593
146:45	53.442920981377746	31.657534095744005	24.749499813289006	33.61811339476717	55.25831844199611	37.99190723329005	34.0	32.66596226199439	33.20594065058319	38.0293260663593
146:50	53.442920981377746	31.657534095744005	24.749499813289006	33.61811339476717	55.25831844199611	37.99190723329005	34.0	32.66596226199439	33.20594065058319	38.0293260663593
146:55	53.442920981377746	31.657534095744005	24.749499813289006	33.61811339476717	55.25831844199611	37.99190723329005	34.0	32.66596226199439	33.20594065058319	38.0293260663593
147:00	53.442920981377746	31.657534095744005	24.749499813289006	33.61811339476717	55.25831844199611	37.99190723329005	34.0	32.66596226199439	33.20594065058319	38.0293260663593
147:05	53.442920981377746	31.657534095744005	24.749499813289006	33.61811339476717	55.25831844199611	37.99190723329005	34.0	32.66596226199439	33.20594065058319	38.0293260663593
147:10	53.442920981377746	31.657534095744005	24.749499813289006	33.61811339476717	55.25831844199611	37.99190723329005	34.0	32.66596226199439	33.20594065058319	38.0293260663593
147:15	53.442920981377746	31.657534095744005	24.749499813289006	33.61811339476717	55.25831844199611	37.99190723329005	34.0	32.66596226199439	33.20594065058319	38.0293260663593
147:20	53.442920981377746	31.657534095744005	24.749499813289006	33.61811339476717	55.25831844199611	37.99190723329005	34.0	32.66596226199439	33.20594065058319	38.0293260663593
147:25	53.442920981377746	31.657534095744005	24.749499813289006	33.61811339476717	55.25831844199611	37.99190723329005	34.0	32.66596226199439	33.20594065058319	38.0293260663593
147:30	53.442920981377746	31.657534095744005	24.749499813289006	33.61811339476717	55.25831844199611	37.99190723329005	34.0	32.66596226199439	33.20594065058319	38.0293260663593
147:35	53.442920981377746	31.657534095744005	24.749499813289006	33.61811339476717	55.25831844199611	37.99190723329005	34.0	32.66596226199439	33.20594065058319	38.0293260663593
147:40	53.442920981377746	31.657534095744005	24.749499813289006	33.61811339476717	55.25831844199611	37.99190723329005	34.0	32.66596226199439	33.20594065058319	38.0293260663593
147:45	53.442920981377746	31.657534095744005	24.749499813289006	33.61811339476717	55.25831844199611	37.99190723329005	34.0	32.66596226199439	33.20594065058319	38.0293260663593
147:50	53.442920981377746	31.657534095744005	24.749499813289006	33.61811339476717	55.25831844199611	37.99190723329005	34.0	32.66596226199439	33.20594065058319	38.0293260663593
147:55	53.442920981377746	31.657534095744005	24.749499813289006	33.61811339476717	55.25831844199611	37.99190723329005	34.0	32.66596226199439	33.20594065058319	38.0293260663593
148:00	53.442920981377746	31.657534095744005	24.749499813289006	33.61811339476717	55.25831844199611	37.99190723329005	34.0	32.66596226199439	33.20594065058319	38.0293260663593
148:05	53.442980548044424	31.657534095744005	24.749499813289006	33.61817296143385	55.258378008662795	37.991966799956735	34.0	32.66596226199439	33.20594065058319	38.0293260663593
148:10	53.44304011471111	31.657534095744005	24.749499813289006	33.618232528100535	55.258437575329474	37.99202636662341	34.0	32.66596226199439	33.20594065058319	38.0293260663593
148:15	53.443099681377795	31.657534095744005	24.749499813289006	33.61829209476722	55.25849714199616	37.9920859332901	34.0	32.66596226199439	33.20594065058319	38.0293260663593
148:20	53.44315924804447	31.657534095744005	24.749499813289006	33.6183516614339	55.258556708662844	37.992145499956784	34.0	32.66596226199439	33.20594065058319	38.0293260663593
148:25	53.44321881471116	31.657534095744005	24.749499813289006	33.618411228100584	55.25861627532952	37.99220506662346	34.0	32.66596226199439	33.20594065058319	38.0293260663593
148:30	53.44327838137784	31.657534095744005	24.749499813289006	33.61847079476726	55.25867584199621	37.99226463329015	34.0	32.66596226199439	33.20594065058319	38.0293260663593
148:35	53.44333794804452	31.657534095744005	24.749499813289006	33.61853036143395	55.258735408662886	37.992324199956826	34.0	32.66596226199439	33.20594065058319	38.0293260663593
148:40	53.44339751471121	31.657534095744005	24.749499813289006	33.61858992810063	55.25879497532957	37.99238376662351	34.0	32.66596226199439	33.20594065058319	38.0293260663593
148:45	53.443457081377886	31.657534095744005	24.749499813289006	33.61864949476731	55.25885454199626	37.9924433332902	34.0	32.66596226199439	33.20594065058319	38.0293260663593
148:50	53.44351664804457	31.657534095744005	24.749499813289006	33.618709061434	55.258914108662935	37.992502899956875	34.0	32.66596226199439	33.20594065058319	38.0293260663593
148:55	53.44357621471125	31.657534095744005	24.749499813289006	33.618768628100675	55.25897367532962	37.99256246662356	34.0	32.66596226199439	33.20594065058319	38.0293260663593
149:00	53.443635781377935	31.657534095744005	24.749499813289006	33.61882819476736	55.2590332419963	37.99262203329024	34.0	32.66596226199439	33.20594065058319	38.0293260663593
149:05	53.444589548044284	31.657534095744005	24.749499813289006	33.619781961433716	55.259987008662655	37.993575799956595	34.0	32.66596226199439	33.20594065058319	38.0293260663593
149:10	53.44554331471064	31.657534095744005	24.749499813289006	33.620735728100065	55.260940775329004	37.994529566622944	34.0	32.66596226199439	33.20594065058319	38.0293260663593
149:15	53.44649708137699	31.657534095744005	24.749499813289006	33.62168949476642	55.26189454199536	37.9954833332893	34.0	32.66596226199439	33.20594065058319	38.0293260663593
149:20	53.447450848043346	31.657534095744005	24.749499813289006	33.62264326143277	55.26284830866171	37.996437099955656	34.0	32.66596226199439	33.20594065058319	38.0293260663593
149:25	53.4484046147097	31.657534095744005	24.749499813289006	33.62359702809913	55.263802075328066	37.997390866622005	34.0	32.66596226199439	33.20594065058319	38.0293260663593
149:30	53.44935838137605	31.657534095744005	24.749499813289006	33.624550794765476	55.264755841994415	37.99834463328836	34.0	32.66596226199439	33.20594065058319	38.0293260663593
149:35	53.45031214804241	31.657534095744005	24.749499813289006	33.62550456143183	55.26570960866077	37.99929839995471	34.0	32.66596226199439	33.20594065058319	38.0293260663593
149:40	53.451265914708756	31.657534095744005	24.749499813289006	33.62645832809818	55.26666337532713	38.00025216662107	34.0	32.66596226199439	33.20594065058319	38.0293260663593
149:45	53.45221968137511	31.657534095744005	24.749499813289006	33.62741209476454	55.267617141993476	38.001205933287416	34.0	32.66596226199439	33.20594065058319	38.0293260663593
149:50	53.45317344804146	31.657534095744005	24.749499813289006	33.628365861430886	55.26857090865983	38.00215969995377	34.0	32.66596226199439	33.20594065058319	38.0293260663593
149:55	53.45412721470782	31.657534095744005	24.749499813289006	33.62931962809724	55.26952467532618	38.00311346662012	34.0	32.66596226199439	33.20594065058319	38.0293260663593
150:00	53.45508098137417	31.657534095744005	24.749499813289006	33.63027339476359	55.27047844199254	38.00406723328648	34.0	32.66596226199439	33.20594065058319	38.0293260663593
150:05	53.45799801470874	31.657534095744005	24.749499813289006	33.633190428096924	55.273395475327106	38.006984266621046	34.0	32.66596226199439	33.20594065058319	38.0293260663593
150:10	53.46091504804331	31.657534095744005	24.749499813289006	33.63610746143026	55.27631250866168	38.00990129995562	34.0	32.66596226199439	33.20594065058319	38.0293260663593
150:15	53.46383208137789	31.657534095744005	24.749499813289006	33.63902449476359	55.27922954199625	38.01281833329019	34.0	32.66596226199439	33.20594065058319	38.0293260663593
150:20	53.466749114712464	31.657534095744005	24.749499813289006	33.64194152809692	55.28214657533083	38.01573536662477	34.0	32.66596226199439	33.20594065058319	38.0293260663593
150:25	53.46966614804703	31.657534095744005	24.749499813289006	33.64485856143025	55.2850636086654	38.01865239995934	34.0	32.66596226199439	33.20594065058319	38.0293260663593
150:30	53.47258318138161	31.657534095744005	24.749499813289006	33.64777559476358	55.28798064199997	38.02156943329391	34.0	32.66596226199439	33.20594065058319	38.0293260663593
150:35	53.47550021471618	31.657534095744005	24.749499813289006	33.65069262809691	55.29089767533455	38.02448646662849	34.0	32.66596226199439	33.20594065058319	38.0293260663593
150:40	53.478417248050754	31.657534095744005	24.749499813289006	33.653609661430245	55.29381470866912	38.02740349996306	34.0	32.66596226199439	33.20594065058319	38.0293260663593
150:45	53.48133428138532	31.657534095744005	24.749499813289006	33.65652669476358	55.29673174200369	38.03032053329763	34.0	32.66596226199439	33.20594065058319	38.0293260663593
150:50	53.4842513147199	31.657534095744005	24.749499813289006	33.65944372809691	55.29964877533826	38.03323756663221	34.0	32.66596226199439	33.20594065058319	38.0293260663593
150:55	53.487168348054475	31.657534095744005	24.749499813289006	33.662360761430236	55.30256580867284	38.03615459996678	34.0	32.66596226199439	33.20594065058319	38.0293260663593
151:00	53.490085381389044	31.657534095744005	24.749499813289006	33.66527779476357	55.305482842007414	38.039071633301354	34.0	32.66596226199439	33.20594065058319	38.0293260663593
151:05	53.49573118138848	31.657534095744005	24.749499813289006	33.670923594763	54.77781830386353	38.04471743330079	34.0	32.66596226199439	33.20594065058319	38.0293260663593
151:10	53.501376981387914	31.657534095744005	24.749499813289006	33.67656939476244	53.66633805752814	38.050363233300224	34.0	32.66596226199439	33.20594065058319	38.0293260663593
151:15	53.507022781387356	31.657534095744005	24.749499813289006	33.68221519476188	52.730752657258044	38.05600903329966	34.0	32.66596226199439	33.20594065058319	38.0293260663593
151:20	53.51266858138679	31.657534095744005	24.749499813289006	33.687860994761316	51.97832929906646	38.061654833299094	34.0	32.66596226199439	33.20594065058319	38.0293260663593
151:25	53.518314381386226	31.657534095744005	24.749499813289006	33.69350679476075	51.876771499555296	38.06730063329853	34.0	32.66596226199439	33.20594065058319	38.0293260663593
151:30	53.52396018138566	31.657534095744005	24.749499813289006	33.699152594760186	51.876771499555296	38.072946433297965	34.0	32.66596226199439	33.20594065058319	38.0293260663593
151:35	53.529605981385096	31.657534095744005	24.749499813289006	33.70479839475962	51.876771499555296	38.0785922332974	34.0	32.66596226199439	33.20594065058319	38.0293260663593
151:40	53.53525178138453	31.657534095744005	24.749499813289006	33.710444194759056	51.876771499555296	38.08423803329684	34.0	32.66596226199439	33.20594065058319	38.0293260663593
151:45	53.540897581383966	31.657534095744005	24.749499813289006	33.36546950631956	51.876771499555296	38.08988383329628	34.0	32.66596226199439	33.20594065058319	38.0293260663593
151:50	53.5465433813834	31.657534095744005	24.749499813289006	32.923520892617624	51.26223738316318	38.09552963329571	34.0	32.66596226199439	33.20594065058319	38.0293260663593
151:55	53.552189181382836	31.657534095744005	24.749499813289006	32.92916669261706	50.39376372694765	38.10117543329515	34.0	32.66596226199439	33.20594065058319	38.0293260663593
152:00	53.55783498138227	31.657534095744005	24.749499813289006	32.934812492616494	49.665558370027775	38.10682123329458	34.0	32.50762715177402	33.20594065058319	38.0293260663593
152:05	53.56682814804999	31.657534095744005	24.749499813289006	32.94380565928297	49.51770886456448	38.115814399962304	34.0	31.368629241829385	33.20594065058319	38.0293260663593
152:10	53.575821314717714	31.657534095744005	24.749499813289006	32.95279882594945	49.51770886456448	38.12480756663002	34.0	31.067577740514665	33.20594065058319	38.0293260663593
152:15	53.584814481385436	31.657534095744005	24.749499813289006	32.96179199261593	49.51770886456448	38.13380073329774	34.0	31.067577740514665	33.20594065058319	38.0293260663593
152:20	53.59380764805315	31.657534095744005	24.749499813289006	32.97078515928241	49.51770886456448	38.14279389996546	34.0	31.067577740514665	33.20594065058319	38.0293260663593
152:25	53.60280081472087	31.657534095744005	24.749499813289006	32.979778325948885	49.51770886456448	38.15178706663318	34.0	31.067577740514665	33.20594065058319	38.0293260663593
152:30	53.611793981388594	31.657534095744005	24.749499813289006	32.98877149261536	49.3985427557087	38.1607802333009	34.0	31.067577740514665	33.20594065058319	38.0293260663593
152:35	53.62078714805631	31.657534095744005	24.749499813289006	32.99776465928184	48.70946961406565	38.16977339996862	34.0	31.067577740514665	33.20594065058319	38.0293260663593
152:40	53.62978031472403	31.657534095744005	24.749499813289006	33.00675782594832	47.93282163930545	38.17876656663634	34.0	31.067577740514665	33.20594065058319	38.0293260663593
152:45	53.63877348139175	31.657534095744005	24.749499813289006	33.0157509926148	46.82790696742426	38.187759733304055	34.0	31.067577740514665	33.20594065058319	38.0293260663593
152:50	53.64776664805947	31.657534095744005	24.749499813289006	33.024744159281276	47.19853421082084	38.19675289997178	34.0	31.067577740514665	33.20594065058319	38.0293260663593
152:55	53.65675981472719	31.657534095744005	24.749499813289006	33.033737325947754	48.124194044155225	38.2057460666395	34.0	31.067577740514665	33.20594065058319	38.0293260663593
153:00	53.66575298139491	31.657534095744005	24.749499813289006	33.04273049261423	49.04985387748961	38.21473923330722	34.0	31.067577740514665	33.20594065058319	38.0293260663593
153:05	53.67799544806071	31.657534095744005	24.749499813289006	33.05497295928128	49.97876301082208	38.226981699973024	34.0	31.067577740514665	33.20594065058319	38.0293260663593
153:10	53.69023791472652	31.657534095744005	24.749499813289006	33.06721542594832	50.90767214415455	38.23922416663883	34.0	31.067577740514665	33.20594065058319	38.0293260663593
153:15	53.70248038139232	31.657534095744005	24.749499813289006	33.079457892615366	51.83658127748702	38.25146663330463	34.0	31.067577740514665	33.20594065058319	38.0293260663593
153:20	53.71472284805813	31.657534095744005	24.749499813289006	33.09170035928241	52.765490410819496	38.263709099970434	34.0	30.9773603226822	33.20594065058319	38.0293260663593
153:25	53.726965314723934	31.657534095744005	24.749499813289006	33.10394282594946	53.69439954415196	38.27595156663624	34.0	30.077126762230677	33.20594065058319	38.0293260663593
153:30	53.73920778138974	31.657534095744005	24.749499813289006	33.11618529261651	54.62330867748443	38.28819403330204	34.0	29.59558331926567	33.20594065058319	38.0293260663593
153:35	53.75145024805554	31.657534095744005	24.749499813289006	33.128427759283554	55.552217810816906	38.30043649996785	34.0	29.607825785932718	33.20594065058319	38.0293260663593
153:40	53.763692714721344	31.657534095744005	24.749499813289006	33.1406702259506	56.48112694414937	38.312678966633655	34.0	29.620068252599765	33.20594065058319	38.0293260663593
153:45	53.77593518138715	31.657534095744005	24.749499813289006	33.15291269261765	57.40384534238682	38.32492143329946	34.0	29.632310719266812	33.20594065058319	38.0293260663593
153:50	53.78817764805295	31.657534095744005	24.749499813289006	33.165155159284694	58.15175688805927	38.33716389996526	34.0	29.64455318593386	33.20594065058319	38.0293260663593
153:55	53.80042011471876	31.657534095744005	24.749499813289006	33.17739762595174	58.69964017375334	38.349406366631065	34.0	29.656795652600902	33.20594065058319	38.0293260663593
154:00	53.812662581384565	31.657534095744005	25.971722035511227	33.18964009261878	59.10099257495614	38.36164883329687	34.0	29.66903811926795	33.20594065058319	38.0293260663593
154:05	53.82765784805058	31.657534095744005	27.80505536884456	33.204635359286044	59.39736313240708	38.37664409996289	34.0	29.684033385935205	33.20594065058319	38.0293260663593
154:10	53.84265311471659	31.657534095744005	29.638388702177895	33.2196306259533	59.614469654881226	38.3916393666289	34.0	29.699028652602465	33.20594065058319	38.0293260663593
154:15	53.85764838138261	31.657534095744005	31.471722035511227	33.234625892620556	59.773511236157795	38.406634633294914	34.0	29.71402391926972	33.20594065058319	38.0293260663593
154:20	53.87264364804862	31.657534095744005	33.30505536884456	33.24962115928781	59.89001729174148	38.421629899960934	34.0	29.729019185936977	33.20594065058319	38.0293260663593
154:25	53.887638914714636	31.657534095744005	35.13838870217789	33.26461642595507	59.975363909140015	38.436625166626946	34.0	29.744014452604233	33.20594065058319	38.0293260663593
154:30	53.902634181380655	31.657534095744005	35.47449981328901	33.279611692622325	60.0	38.45162043329296	34.0	29.75900971927149	33.20594065058319	38.0293260663593
154:35	53.91762944804667	31.657534095744005	36.028666479955675	33.29460695928958	60.0	38.46661569995897	34.0	29.774004985938745	33.20594065058319	38.0293260663593
154:40	53.93262471471268	31.657534095744005	36.611999813289	33.30960222595684	60.0	38.48161096662499	34.0	29.762623462087284	33.20594065058319	38.0293260663593
154:45	53.9476199813787	31.657534095744005	37.19533314662234	33.32459749262409	60.0	38.496606233291004	34.0	29.032222595005454	33.20594065058319	38.0293260663593
154:50	53.96261524804471	31.657534095744005	37.778666479955675	33.33959275929135	60.0	38.51160149995702	34.0	28.358214436632238	33.20594065058319	38.0293260663593
154:55	53.977610514710726	31.657534095744005	38.361999813289	33.354588025958606	60.0	38.52659676662304	34.0	28.373209703299494	33.20594065058319	38.0293260663593
155:00	53.992605781376746	31.657534095744005	38.94533314662234	33.36958329262586	60.0	38.54159203328905	34.0	28.38820496996675	33.20594065058319	38.0293260663593
155:05	54.0097945480425	31.657534095744005	39.35764383595793	33.386772059292866	60.0	38.5587807999548	34.0	28.405393736633748	33.20594065058319	38.0293260663593
155:10	54.026983314708254	31.657534095744005	38.23899766230212	33.403960825959864	60.0	38.575969566620564	34.0	28.42258250330075	33.20594065058319	38.0293260663593
155:15	54.044172081374015	31.657534095744005	37.209405792933666	33.42114959262686	60.0	38.59315833328632	34.0	28.439771269967746	33.20594065058319	38.0293260663593
155:20	54.06136084803977	31.657534095744005	36.411903575993044	33.43833835929386	60.0	38.61034709995208	34.0	28.456960036634744	33.20594065058319	38.0293260663593
155:25	54.07854961470552	31.657534095744005	36.28901960802557	33.455527125960856	60.0	38.62753586661783	34.0	28.474148803301745	33.20594065058319	38.0293260663593
155:30	54.095738381371284	31.657534095744005	36.30620837469257	33.47271589262785	60.0	38.64472463328359	34.0	28.491337569968742	33.20594065058319	38.0293260663593
155:35	54.11292714803704	31.657534095744005	36.323397141359564	33.48990465929486	60.0	38.66191339994935	34.0	28.50852633663574	33.20594065058319	38.0293260663593
155:40	54.1301159147028	31.657534095744005	36.03049757679939	33.507093425961855	60.0	38.6791021666151	34.0	28.525715103302737	33.20594065058319	38.0293260663593
155:45	54.14730468136855	31.657534095744005	35.16637319578225	33.52428219262885	60.0	38.696290933280864	34.0	28.542903869969738	33.20594065058319	38.0293260663593
155:50	54.16449344803431	31.657534095744005	34.04394788058558	33.54147095929585	60.0	38.71347969994662	34.0	28.560092636636735	33.20594065058319	38.0293260663593
155:55	54.18168221470007	31.657534095744005	33.185971696524035	33.00157996915517	60.0	38.73066846661237	34.0	28.577281403303733	33.20594065058319	38.0293260663593
156:00	54.19887098136582	31.657534095744005	33.20316046319103	32.75907007523436	60.0	38.74785723327813	34.0	28.594470169970734	33.20594065058319	38.0293260663593
156:05	54.21718391469904	31.657534095744005	33.22147339652425	32.75907007523436	60.0	38.766170166611346	34.0	27.999110779991042	33.20594065058319	38.0293260663593
156:10	54.23549684803226	31.657534095744005	33.23978632985747	32.75907007523436	60.0	38.784483099944566	34.0	26.86725712707145	33.20594065058319	38.0293260663593
156:15	54.253809781365476	31.657534095744005	32.77407282321372	32.75907007523436	60.0	38.80279603327779	34.0	26.363016544212762	33.20594065058319	38.0293260663593
156:20	54.272122714698696	31.657534095744005	31.594788444831703	32.75907007523436	60.0	38.821108966611	34.0	25.23829677972485	33.206367952360964	38.0293260663593
156:25	54.29043564803192	31.657534095744005	30.53138497583943	32.75907007523436	60.0	38.61710386836947	34.0	24.3072108182757	32.067556545455105	38.0293260663593
156:30	54.30874858136513	31.657534095744005	29.5940201617762	32.75907007523436	60.0	37.82989503791502	34.0	23.765962258639508	32.085869478788325	38.0293260663593
156:35	54.32706151469835	31.657534095744005	29.48396639255918	32.75907007523436	60.0	38.64144587462908	34.0	23.765962258639508	32.104182412121546	38.0293260663593
156:40	54.34537444803157	31.657534095744005	29.48396639255918	32.75907007523436	60.0	40.47477920796241	34.0	23.765962258639508	32.122495345454766	38.0293260663593
156:45	54.363687381364784	31.657534095744005	29.48433265122584	32.18943892979662	60.0	42.30811254129574	34.0	23.765962258639508	32.14080827878798	38.0293260663593
156:50	54.382000314698004	31.657534095744005	28.63464295799151	31.197728423756352	60.0	44.14144587462908	34.0	23.765962258639508	32.1591212121212	38.0293260663593
156:55	54.400313248031225	31.657534095744005	27.449093000141094	30.24237545658049	60.0	45.97477920796241	34.0	23.765962258639508	32.17743414545442	38.0293260663593
157:00	54.41862618136444	31.657534095744005	26.18894427881912	29.59461520420554	60.0	47.80811254129574	34.0	23.765962258639508	32.19574707878763	38.0293260663593
157:05	54.4376425813639	31.657534095744005	25.864372557659493	28.65364544148709	60.0	49.64144587462908	34.0	23.765962258639508	32.21476347878709	38.0293260663593
157:10	54.45665898136336	31.657534095744005	25.88338895765895	27.782864738594334	60.0	51.47477920796241	34.0	23.765962258639508	32.23377987878656	38.0293260663593
157:15	54.47567538136282	31.657534095744005	25.902405357658413	27.344016463459877	60.0	50.86806380304234	34.0	23.765962258639508	32.252796278786015	38.0293260663593
157:20	54.49469178136228	31.657534095744005	25.92142175765787	27.344016463459877	60.0	50.33138747026522	34.0	23.765962258639508	32.27181267878547	38.0293260663593
157:25	54.513708181361736	31.657534095744005	25.94043815765733	27.344016463459877	60.0	50.33138747026522	34.0	23.765962258639508	32.29082907878493	38.0293260663593
157:30	54.5327245813612	31.657534095744005	25.95945455765679	27.344016463459877	60.0	50.33138747026522	34.0	23.765962258639508	32.30984547878439	38.0293260663593
157:35	54.55174098136066	31.657534095744005	25.97847095765625	27.344016463459877	60.0	50.33138747026522	34.0	23.729685958991464	32.328861878783854	38.0293260663593
157:40	54.57075738136012	31.657534095744005	25.99748735765571	27.344016463459877	60.0	50.33138747026522	34.0	22.893926740590235	32.34787827878331	38.0293260663593
157:45	54.589773781359575	31.657534095744005	26.01650375765517	27.344016463459877	60.0	50.33138747026522	34.0	21.871062089597046	32.36689467878277	38.0293260663593
157:50	54.60879018135903	31.657534095744005	26.03552015765463	27.344016463459877	60.0	50.33138747026522	34.0	21.021396137015216	32.38591107878223	38.0293260663593
157:55	54.6278065813585	31.657534095744005	26.05453655765409	27.344016463459877	60.0	50.33138747026522	34.0	20.376137812124753	32.40492747878169	38.0293260663593
158:00	54.64682298135796	31.657534095744005	26.073552957653547	27.344016463459877	60.0	50.12487171681365	34.0	19.491829497938802	31.334026668176673	38.0293260663593
158:05	54.66482131469039	31.657534095744005	26.09155129098723	27.344016463459877	60.0	49.47202086652416	34.0	19.324230957603824	31.123178150930993	38.0293260663593
158:10	54.682819648022836	31.657534095744005	26.10954962432091	27.344016463459877	60.0	48.41963027245781	34.0	19.324230957603824	31.123178150930993	38.0293260663593
158:15	54.70081798135527	31.657534095744005	26.127547957654592	27.344016463459877	60.0	47.73170696221816	34.0	19.324230957603824	31.123178150930993	38.0293260663593
158:20	54.718816314687714	31.657534095744005	26.14554629098827	27.344016463459877	60.0	47.73170696221816	34.0	19.324230957603824	31.123178150930993	38.0293260663593
158:25	54.73681464802015	31.657534095744005	26.163544624321954	27.344016463459877	60.0	47.73170696221816	34.0	19.324230957603824	31.123178150930993	38.0293260663593
158:30	54.75481298135259	31.657534095744005	26.181542957655633	27.344016463459877	60.0	47.73170696221816	34.0	19.324230957603824	31.123178150930993	38.0293260663593
158:35	54.77281131468503	31.657534095744005	26.199541290989316	27.344016463459877	60.0	47.73170696221816	34.0	19.324230957603824	31.123178150930993	38.0293260663593
158:40	54.79080964801747	31.267167655086286	26.217539624322995	27.344016463459877	60.0	47.73170696221816	34.0	19.324230957603824	31.123178150930993	38.0293260663593
158:45	54.80880798134991	30.491368170184323	26.23553795765668	27.344016463459877	60.0	47.73170696221816	33.27066773840659	19.324230957603824	31.123178150930993	37.865325361898044
158:50	54.82680631468235	29.64656095845485	26.253536290990358	27.344016463459877	59.35345402994228	46.85728536242479	33.31494981360495	19.324230957603824	31.123178150930993	36.728180734233206
158:55	54.84480464801479	28.56447608398003	26.27153462432404	27.344016463459877	58.27286086808086	46.08215163799555	33.57135501922729	19.324230957603824	31.123178150930993	35.39436359448497
159:00	54.86280298134723	27.547480631443065	26.28953295765772	27.344016463459877	57.61894067512773	45.69921885782598	33.740496703816305	19.324230957603824	31.123178150930993	34.28215165776746
159:05	54.87916814801383	27.113507673970105	26.305898124324326	27.344016463459877	57.20264012026408	45.69921885782598	33.85207364858298	19.324230957603824	31.123178150930993	34.08716084595607
159:10	54.89553331468044	27.113507673970105	26.322263290990936	27.344016463459877	57.21900528693068	45.69921885782598	33.92567711678608	19.243173683101457	31.123178150930993	34.10352601262268
159:15	54.911898481347045	27.113507673970105	26.338628457657542	27.344016463459877	57.23537045359729	45.69921885782598	33.974230790153385	18.435172072060247	31.123178150930993	34.11989117928929
159:20	54.928263648013655	27.113507673970105	26.35499362432415	27.344016463459877	57.2517356202639	45.30404322157562	34.0	17.725899679128972	31.123178150930993	34.13625634595589
159:25	54.944628814680264	27.113507673970105	26.371358790990755	27.344016463459877	57.2681007869305	45.268001930204555	34.0	17.560986913971533	31.123178150930993	34.1526215126225
159:30	54.96099398134687	27.113507673970105	26.387723957657364	27.344016463459877	57.10088745042942	45.268001930204555	34.0	17.577352080638143	31.123178150930993	34.16898667928911
159:35	54.97735914801348	27.113507673970105	26.40408912432397	27.344016463459877	56.47002829693187	45.268001930204555	34.0	17.59371724730475	31.123178150930993	34.185351845955715
159:40	54.99372431468008	27.113507673970105	26.420454290990577	27.344016463459877	55.6157448684633	45.268001930204555	34.0	17.610082413971355	31.123178150930993	34.201717012622325
159:45	55.01008948134669	27.113507673970105	26.436819457657183	27.344016463459877	54.652884257633985	45.268001930204555	34.0	17.62644758063796	31.123178150930993	34.21808217928893
159:50	55.0264546480133	27.113507673970105	26.45318462432379	27.344016463459877	54.38457913559027	45.268001930204555	34.0	17.64281274730457	31.123178150930993	34.23444734595554
159:55	55.0428198146799	27.113507673970105	26.4695497909904	27.344016463459877	54.12769140698345	45.268001930204555	34.0	17.659177913971178	31.123178150930993	34.25081251262215
160:00	55.05918498134651	27.113507673970105	26.485914957657005	27.344016463459877	54.12769140698345	45.268001930204555	34.0	17.675543080637784	31.123178150930993	34.26717767928875
160:05	55.073296481346475	27.113507673970105	26.500026457656965	27.344016463459877	54.12769140698345	45.217768038706126	34.0	17.689654580637743	31.123178150930993	34.28128917928871
160:10	55.08740798134643	27.113507673970105	26.514137957656924	27.344016463459877	54.12769140698345	44.80792786064734	34.0	17.703766080637706	31.123178150930993	34.29540067928867
160:15	55.10151948134639	27.113507673970105	26.528249457656887	27.344016463459877	54.12769140698345	44.80792786064734	34.0	17.717877580637666	31.123178150930993	34.30951217928863
160:20	55.11563098134635	27.113507673970105	26.542360957656847	27.344016463459877	54.12769140698345	44.80792786064734	33.82148852542653	17.731989080637625	31.123178150930993	34.323623679288595
160:25	55.12974248134631	27.113507673970105	26.556472457656806	27.344016463459877	54.12769140698345	44.80792786064734	33.239552703707304	17.746100580637584	31.123178150930993	34.33773517928855
160:30	55.143853981346275	27.113507673970105	26.570583957656766	27.344016463459877	54.12769140698345	44.80792786064734	33.25366420370727	17.760212080637544	31.123178150930993	34.35184667928851
160:35	55.15796548134623	27.113507673970105	26.58469545765673	27.344016463459877	54.12769140698345	44.797800503520996	33.26777570370722	17.774323580637507	30.540500373930428	34.36595817928848
160:40	55.172076981346194	27.113507673970105	26.598806957656688	27.344016463459877	53.91065287373439	44.19086595668633	33.281887203707186	17.788435080637466	30.078464028405254	34.38006967928843
160:45	55.18618848134615	27.113507673970105	26.612918457656647	27.344016463459877	53.924764373734355	44.16787381164862	33.29599870370715	17.802546580637426	30.092575528405213	34.394181179288395
160:50	55.20029998134611	26.57649143980701	26.627029957656607	27.344016463459877	53.93887587373431	44.16787381164862	33.310110203707104	17.816658080637385	30.106687028405172	34.40829267928835
160:55	55.214411481346076	25.60260471861736	26.64114145765657	27.344016463459877	53.952987373734274	44.16787381164862	33.32422170370707	17.830769580637348	30.120798528405135	34.422404179288314
161:00	55.22852298134603	24.485370109956012	26.65525295765653	27.344016463459877	53.869443816786784	44.16787381164862	33.33833320370703	17.844881080637307	30.134910028405095	34.43651567928828
161:05	55.239491381345076	23.56019804972107	26.666221357656813	27.344016463459877	53.699150788793915	44.16787381164862	33.34930160370731	17.85584948063759	30.14587842840538	34.44748407928856
161:10	55.25045978134412	22.770092272459316	26.677189757657096	26.753996318275828	53.699150788793915	44.16787381164862	33.3602700037076	17.866817880637875	30.156846828405662	34.458452479288844
161:15	55.26142818134316	22.85787544388569	26.68815815765738	25.860449045776498	53.699150788793915	44.16787381164862	33.37123840370788	17.87778628063816	30.167815228405946	34.469420879289125
161:20	55.27239658134221	23.45217717721931	26.699126557657664	25.098568010394967	53.699150788793915	44.16787381164862	33.382206803708165	17.888754680638442	30.17878362840623	34.48038927928941
161:25	55.28336498134124	24.046478910552924	26.710094957657947	24.96455584456647	53.699150788793915	43.8874381064722	33.393175203708445	17.89972308063873	30.189752028406517	34.49135767928969
161:30	55.29433338134029	24.640780643886544	26.721063357658235	24.290850486265093	53.699150788793915	43.39637722514104	33.40414360370873	17.910691480639013	30.2007204284068	34.50232607928998
161:35	55.30530178133933	25.23508237722016	26.73203175765852	23.461631675851205	53.699150788793915	43.40734562514008	33.41511200370901	17.921659880639297	30.211688828407084	34.513294479290266
161:40	55.316270181338375	25.82938411055378	26.743000157658802	22.4544210463285	53.699150788793915	43.418314025139125	33.4260804037093	17.93262828063958	30.222657228407368	34.524262879290546
161:45	55.32723858133742	26.423685843887394	26.753968557659086	22.414010668267988	53.47507421454446	43.42928242513816	33.43704880370959	17.943596680639864	30.23362562840765	34.535231279290834
161:50	55.338206981336455	27.017987577221014	26.76493695765937	22.414010668267988	53.48604261454351	43.440250825137205	33.44801720370987	17.954565080640148	30.244594028407935	34.546199679291114
161:55	55.3491753813355	27.61228931055463	26.775905357659653	22.414010668267988	53.497011014542544	43.20962245032558	33.458985603710154	17.96553348064043	30.25556242840822	34.5571680792914
162:00	55.36014378133454	28.20659104388825	26.786873757659937	22.414010668267988	53.50797941454159	42.56316610177822	32.96301892678324	17.976501880640715	30.266530828408502	34.56813647929168
162:05	55.3678651813347	28.797645777221735	26.794595157660094	22.414010668267988	53.515700814541745	41.73063236516041	32.274134798164134	17.984223280640872	30.27425222840866	34.57585787929184
162:10	55.37558658133485	29.388700510555225	26.802316557660248	22.414010668267988	53.19292673112082	41.4645526219191	32.274134798164134	17.991944680641026	29.81731553269417	34.583579279291996
162:15	55.38330798133501	29.97975524388871	26.810037957660402	22.414010668267988	53.20064813112098	41.472274021919254	32.274134798164134	17.99966608064118	29.22479659005646	34.59130067929215
162:20	55.391029381335166	30.5708099772222	26.817759357660556	22.414010668267988	53.20836953112113	41.47999542191941	32.274134798164134	18.007387480641338	29.232517990056614	34.599022079292304
162:25	55.398750781335316	31.16186471055569	26.825480757660713	22.414010668267988	53.216090931121286	41.48771682191956	32.274134798164134	18.015108880641492	29.24023939005677	34.60674347929246
162:30	55.406472181335474	31.752919443889176	26.833202157660867	22.414010668267988	53.22381233112144	41.49543822191972	32.274134798164134	18.022830280641646	29.247960790056926	34.61446487929261
162:35	55.33382952110402	32.34397417722266	26.84092355766102	22.414010668267988	53.231533731121594	41.50315962191987	32.274134798164134	18.0305516806418	29.25568219005708	34.62218627929277
162:40	54.555399147400934	32.935028910556156	26.84864495766118	22.414010668267988	53.23925513112175	41.51088102192003	32.274134798164134	18.038273080641957	29.263403590057237	34.62990767929293
162:45	53.4746464764043	33.52608364388964	26.856366357661333	22.414010668267988	53.2469765311219	40.98064055804451	32.274134798164134	18.04599448064211	29.27112499005739	34.63762907929308
162:50	52.350355693878754	34.11713837722313	26.864087757661487	22.414010668267988	53.23306615194066	40.13384622519861	32.274134798164134	18.053715880642265	29.278846390057545	34.645350479293235
162:55	51.80539925221637	34.70819311055662	26.87180915766164	22.414010668267988	52.898630948500305	39.66404495480352	32.274134798164134	18.061437280642423	29.2865677900577	34.653071879293385
163:00	51.813120652216526	35.29924784389011	26.8795305576618	22.414010668267988	52.906352348500455	39.67176635480367	32.274134798164134	18.069158680642577	29.294289190057857	34.66079327929354
163:05	51.8176376855501	35.88709821055702	26.884047590995376	22.414010668267988	52.91086938183404	39.67628338813726	32.274134798164134	18.073675713976154	29.298806223391434	34.66531031262712
163:10	51.82215471888368	36.474948577223934	26.888564624328957	22.414010668267988	52.91538641516762	39.680800421470835	32.274134798164134	18.078192747309735	29.303323256725015	34.669827345960705
163:15	51.826671752217266	37.06279894389085	26.893081657662538	22.414010668267988	52.919903448501195	39.68531745480441	32.274134798164134	18.082709780643317	29.307840290058596	34.67434437929428
163:20	51.83118878555084	37.65064931055776	26.897598690996116	22.414010668267988	52.92442048183477	39.689834488138	32.274134798164134	18.087226813976894	29.312357323392174	34.67886141262786
163:25	51.83570581888442	38.238499677224674	26.902115724329697	22.414010668267988	52.92893751516836	39.694351521471575	32.274134798164134	18.091743847310475	29.316874356725755	34.683378445961445
163:30	51.840222852218005	38.82635004389159	26.906632757663274	22.414010668267988	52.933454548501935	39.59780792271624	32.274134798164134	18.096260880644053	29.321391390059333	34.68789547929502
163:35	51.84473988555158	39.4142004105585	26.911149790996856	22.414010668267988	52.93797158183551	39.02416868368932	32.274134798164134	18.100777913977634	29.325908423392914	34.6924125126286
163:40	51.84925691888516	40.00205077722541	26.915666824330437	22.414010668267988	52.9424886151691	39.028685717022896	31.441417636522484	18.105294947311215	29.330425456726495	34.696929545962185
163:45	51.85377395221874	40.58990114389233	26.920183857664014	22.414010668267988	52.947005648502675	39.03320275035648	31.155034362765335	18.109811980644793	29.334942490060072	34.70144657929576
163:50	51.85829098555232	41.17775151055924	26.924700890997595	22.414010668267988	52.95152268183625	39.03771978369006	31.742884729432248	18.114329013978374	29.339459523393653	34.70596361262934
163:55	51.8628080188859	41.76560187722615	26.929217924331173	22.414010668267988	52.95603971516984	39.042236817023635	32.33073509609916	18.11884604731195	29.34397655672723	34.71048064596292
164:00	51.86732505221948	42.35345224389307	26.933734957664754	22.414010668267988	52.960556748503414	39.04675385035722	32.89732088427636	18.123363080645532	29.348493590060812	34.7149976792965
164:05	51.869203452219914	42.93866397722683	26.935613357665186	22.414010668267988	52.96243514850384	39.04863225035765	33.297390933318034	18.125241480645347	29.350371990061245	34.71687607929693
164:10	51.87108185222035	43.523875710560596	26.93749175766562	22.414010668267988	52.96431354850428	39.050510650358085	33.56130336787363	18.127119880645157	29.352250390061677	34.71875447929737
164:15	51.87296025222078	44.10908744389436	26.939370157666055	22.414010668267988	52.966191948504715	39.05238905035852	33.73539731287128	18.128998280644968	29.354128790062113	34.7206328792978
164:20	51.874838652221214	44.69429917722813	26.941248557666487	22.414010668267988	52.968070348505144	38.63552403628697	33.85024109329367	18.130876680644782	29.356007190062545	34.72251127929823
164:25	51.87671705222164	45.279510910561896	26.94312695766692	22.414010668267988	52.96994874850558	38.17319952603067	33.92599958048222	18.132755080644593	29.357885590062978	34.72438967929867
164:30	51.87859545222208	45.86472264389566	26.945005357667352	22.414010668267988	52.971827148506016	38.17319952603067	33.975974845664076	18.134633480644407	29.35976399006341	34.726268079299096
164:35	51.880473852222515	46.44993437722943	26.946883757667784	22.414010668267988	52.973705548506445	38.17319952603067	34.0	18.136511880644218	29.361642390063842	34.72814647929953
164:40	51.882352252222944	47.0351461105632	26.94876215766822	22.414010668267988	52.97558394850688	38.17319952603067	34.0	18.138390280644032	29.36352079006428	34.73002487929997
164:45	51.88423065222338	47.62035784389696	26.950640557668653	22.414010668267988	52.97746234850731	38.17319952603067	34.0	18.140268680643842	29.36539919006471	34.7319032793004
164:50	51.88610905222381	48.205569577230726	26.952518957669085	22.414010668267988	52.979340748507745	38.17319952603067	34.0	18.142147080643657	29.367277590065143	34.73378167930083
164:55	51.887987452224245	48.7907813105645	26.954397357669517	22.414010668267988	52.98121914850818	38.17319952603067	34.0	18.144025480643467	29.369155990065575	34.73566007930126
165:00	51.88986585222468	49.37599304389826	26.95627575766995	22.414010668267988	52.98309754850861	38.17319952603067	34.0	18.145903880643278	29.371034390066008	34.371413959981155
165:05	51.89019225222404	49.95965277723096	26.956602157670552	22.414010668267988	52.98342394850797	38.17319952603067	34.0	18.146230280643262	29.37136079006661	33.20423051708643
165:10	51.8905186522234	50.543312510563645	26.956928557671155	22.414010668267988	52.98375034850733	38.17319952603067	34.0	18.146556680643243	29.371687190067213	31.868626507328766
165:15	51.89084505222276	51.12697224389634	26.957254957671758	22.414010668267988	52.984076748506695	38.17319952603067	34.0	18.146883080643224	29.372013590067816	30.775908634553424
165:20	51.89117145222212	51.710631977229035	26.95758135767236	22.414010668267988	52.984403148506054	38.17319952603067	34.0	18.147209480643205	29.37233999006842	31.35956836788736
165:25	51.89149785222148	52.29429171056173	26.957907757672963	22.414010668267988	52.98472954850541	38.17319952603067	34.0	18.147535880643186	29.372666390069018	31.943228101221294
165:30	51.891824252220836	52.877951443894425	26.958234157673562	22.414010668267988	52.98505594850477	38.17319952603067	34.0	18.147862280643167	29.37299279006962	32.52688783455523
165:35	51.8921506522202	53.46161117722712	26.958560557674165	22.414010668267988	52.98538234850413	38.17319952603067	34.0	18.14818868064315	29.373319190070223	33.110547567889164
165:40	51.89247705221956	54.04527091055981	26.958886957674768	22.414010668267988	52.98570874850349	38.17319952603067	34.0	18.14851508064313	29.373645590070826	33.6942073012231
165:45	51.37243379365265	54.6289306438925	26.95921335767537	22.414010668267988	52.98603514850285	38.17319952603067	34.0	18.14884148064311	29.37397199007143	34.27786703455703
165:50	50.24726250354796	55.2125903772252	26.959539757675973	22.414010668267988	52.98636154850222	38.17319952603067	34.0	18.14916788064309	29.37429839007203	34.86152676789097
165:55	49.26813016907299	55.79625011055789	26.959866157676572	22.414010668267988	52.986687948501576	38.17319952603067	34.0	18.149494280643072	29.37462479007263	35.4451865012249
166:00	48.4295488282617	56.37990984389059	26.960192557677175	22.414010668267988	52.987014348500935	38.17319952603067	34.0	18.149820680643053	29.374951190073233	36.02884623455884
166:05	48.76388050135288	56.963243177223916	26.960192557677175	22.414010668267988	52.987014348500935	38.17319952603067	34.0	18.149820680643053	29.374951190073233	36.61217956789218
166:10	49.347213834686215	57.54657651055725	26.960192557677175	22.414010668267988	52.987014348500935	38.17319952603067	34.0	18.149820680643053	29.374951190073233	37.195512901225506
166:15	49.930547168019544	58.12990984389059	26.960192557677175	22.414010668267988	52.987014348500935	38.17319952603067	34.0	18.149820680643053	29.374951190073233	37.778846234558834
166:20	50.51388050135288	58.713243177223916	26.960192557677175	22.414010668267988	52.987014348500935	38.17319952603067	34.0	18.149820680643053	29.374951190073233	38.36217956789217
166:25	51.097213834686215	59.29657651055725	26.960192557677175	22.414010668267988	52.987014348500935	38.17319952603067	34.0	18.149820680643053	29.374951190073233	38.945512901225506
166:30	51.680547168019544	59.87990984389059	26.960192557677175	22.414010668267988	52.987014348500935	38.17319952603067	34.0	18.149820680643053	29.374951190073233	39.528846234558834
166:35	52.26388050135288	60.463243177223916	26.960192557677175	22.414010668267988	52.987014348500935	38.17319952603067	34.0	18.149820680643053	29.374951190073233	40.11217956789217
166:40	52.847213834686215	61.04657651055725	26.960192557677175	22.414010668267988	52.987014348500935	38.17319952603067	34.0	18.149820680643053	29.374951190073233	40.69545483368656
166:45	53.430547168019544	61.62990984389059	26.960192557677175	22.414010668267988	52.987014348500935	38.17319952603067	34.0	18.149820680643053	29.374951190073233	41.16816822842913
166:50	54.01388050135288	62.213243177223916	26.960192557677175	22.414010668267988	52.987014348500935	38.17319952603067	34.0	18.149820680643053	29.374951190073233	41.48000097660008
166:55	54.597213834686215	62.79657651055725	26.960192557677175	22.414010668267988	52.987014348500935	38.17319952603067	34.0	18.149820680643053	29.374951190073233	41.68570630230762
167:00	55.180547168019544	63.37990984389059	26.960192557677175	22.414010668267988	52.987014348500935	38.17319952603067	34.0	18.149820680643053	29.374951190073233	41.82140302201607
167:05	55.76388050135288	63.963243177223916	26.960192557677175	22.414010668267988	52.987014348500935	38.17319952603067	34.0	18.149820680643053	29.374951190073233	41.91091747516057
167:10	56.347213834686215	64.54657651055724	26.960192557677175	22.414010668267988	52.987014348500935	38.17319952603067	34.0	18.149820680643053	29.374951190073233	41.96996707738365
167:15	56.930547168019544	65.12990984389059	26.960192557677175	22.414010668267988	52.987014348500935	38.17319952603067	34.0	18.149820680643053	29.374951190073233	42.0
167:20	57.51388050135288	65.71324317722392	26.960192557677175	22.414010668267988	52.987014348500935	38.17319952603067	34.0	18.149820680643053	29.374951190073233	42.0
167:25	58.097213834686215	66.29657651055724	26.960192557677175	22.414010668267988	52.987014348500935	38.17319952603067	34.0	18.149820680643053	29.374951190073233	42.0
167:30	58.680547168019544	66.87990984389059	26.960192557677175	22.414010668267988	52.987014348500935	38.17319952603067	34.0	18.149820680643053	29.374951190073233	42.0
167:35	59.26388050135288	67.46324317722392	26.960192557677175	22.414010668267988	52.987014348500935	38.17319952603067	34.0	18.149820680643053	29.374951190073233	42.0
167:40	59.847213834686215	68.04657651055724	26.960192557677175	22.414010668267988	52.987014348500935	38.17319952603067	34.0	18.149820680643053	29.374951190073233	42.0
167:45	60.430547168019544	68.62990984389059	26.960192557677175	22.414010668267988	52.987014348500935	38.17319952603067	34.0	18.149820680643053	29.374951190073233	42.0
167:50	61.01388050135288	69.21324317722392	26.960192557677175	22.414010668267988	52.987014348500935	38.17319952603067	34.0	18.149820680643053	29.374951190073233	42.0
167:55	61.597213834686215	69.79657651055724	26.960192557677175	22.414010668267988	52.987014348500935	38.17319952603067	34.0	18.149820680643053	29.374951190073233	42.0
168:00	62.180547168019544	70.37990984389059	26.960192557677175	22.414010668267988	52.987014348500935	38.17319952603067	34.0	18.149820680643053	29.374951190073233	42.0
