vehicle_id,pv_wp,pv_area_m2,pv_eff
1835429,400.0,2.0,0.2
1836600,400.0,2.0,0.2
1836663,400.0,2.0,0.2
1836678,400.0,2.0,0.2
1836718,400.0,2.0,0.2
1836745,400.0,2.0,0.2
1836811,400.0,2.0,0.2
1836827,400.0,2.0,0.2
1836828,400.0,2.0,0.2
1836839,400.0,2.0,0.2
1836843,400.0,2.0,0.2
1836844,400.0,2.0,0.2
1836878,400.0,2.0,0.2
1837004,400.0,2.0,0.2
1837038,400.0,2.0,0.2
1837042,400.0,2.0,0.2
1837132,400.0,2.0,0.2
1837158,400.0,2.0,0.2
1837159,400.0,2.0,0.2
1837171,400.0,2.0,0.2
1837203,400.0,2.0,0.2
1837209,400.0,2.0,0.2
1837227,400.0,2.0,0.2
1837332,400.0,2.0,0.2
1837338,400.0,2.0,0.2
1837345,400.0,2.0,0.2
1837356,400.0,2.0,0.2
1837399,400.0,2.0,0.2
1837400,400.0,2.0,0.2
1837454,400.0,2.0,0.2
1837519,400.0,2.0,0.2
1837555,400.0,2.0,0.2
1837573,400.0,2.0,0.2
1837575,400.0,2.0,0.2
1837617,400.0,2.0,0.2
1837768,400.0,2.0,0.2
1837808,400.0,2.0,0.2
1837820,400.0,2.0,0.2
1837860,400.0,2.0,0.2
1837916,400.0,2.0,0.2
1837952,400.0,2.0,0.2
1837968,400.0,2.0,0.2
1837992,400.0,2.0,0.2
1838028,400.0,2.0,0.2
1838075,400.0,2.0,0.2
1838099,400.0,2.0,0.2
1838160,400.0,2.0,0.2
1838175,400.0,2.0,0.2
1838194,400.0,2.0,0.2
1838232,400.0,2.0,0.2
1838297,400.0,2.0,0.2
1838343,400.0,2.0,0.2
1838367,400.0,2.0,0.2
1838405,400.0,2.0,0.2
1838448,400.0,2.0,0.2
1838493,400.0,2.0,0.2
1838632,400.0,2.0,0.2
1838656,400.0,2.0,0.2
1838759,400.0,2.0,0.2
1838760,400.0,2.0,0.2
1838772,400.0,2.0,0.2
1838788,400.0,2.0,0.2
1838807,400.0,2.0,0.2
1838878,400.0,2.0,0.2
1838993,400.0,2.0,0.2
1838998,400.0,2.0,0.2
1839066,400.0,2.0,0.2
1839092,400.0,2.0,0.2
1839162,400.0,2.0,0.2
1839163,400.0,2.0,0.2
1839171,400.0,2.0,0.2
1839193,400.0,2.0,0.2
1839389,400.0,2.0,0.2
1839452,400.0,2.0,0.2
1839502,400.0,2.0,0.2
1839535,400.0,2.0,0.2
1839646,400.0,2.0,0.2
1839685,400.0,2.0,0.2
1839715,400.0,2.0,0.2
1839738,400.0,2.0,0.2
1839753,400.0,2.0,0.2
1839766,400.0,2.0,0.2
1839774,400.0,2.0,0.2
1839829,400.0,2.0,0.2
1839923,400.0,2.0,0.2
1839949,400.0,2.0,0.2
1839969,400.0,2.0,0.2
1840055,400.0,2.0,0.2
1840146,400.0,2.0,0.2
1840149,400.0,2.0,0.2
1840161,400.0,2.0,0.2
1840166,400.0,2.0,0.2
1840227,400.0,2.0,0.2
1840278,400.0,2.0,0.2
1840284,400.0,2.0,0.2
1840291,400.0,2.0,0.2
1840319,400.0,2.0,0.2
1840332,400.0,2.0,0.2
1840522,400.0,2.0,0.2
1840561,400.0,2.0,0.2
1840644,400.0,2.0,0.2
1840706,400.0,2.0,0.2
1853272,400.0,2.0,0.2
1853303,400.0,2.0,0.2
1853366,400.0,2.0,0.2
1853413,400.0,2.0,0.2
1853458,400.0,2.0,0.2
1853515,400.0,2.0,0.2
1853594,400.0,2.0,0.2
1853600,400.0,2.0,0.2
1853665,400.0,2.0,0.2
1853667,400.0,2.0,0.2
1853871,400.0,2.0,0.2
1854026,400.0,2.0,0.2
1854277,400.0,2.0,0.2
1854308,400.0,2.0,0.2
1854413,400.0,2.0,0.2
1854475,400.0,2.0,0.2
1854600,400.0,2.0,0.2
1854800,400.0,2.0,0.2
1855077,400.0,2.0,0.2
1855125,400.0,2.0,0.2
1855414,400.0,2.0,0.2
1855509,400.0,2.0,0.2
1855517,400.0,2.0,0.2
1855519,400.0,2.0,0.2
1855583,400.0,2.0,0.2
1855667,400.0,2.0,0.2
1855724,400.0,2.0,0.2
1855772,400.0,2.0,0.2
1855775,400.0,2.0,0.2
1855965,400.0,2.0,0.2
1856046,400.0,2.0,0.2
1856102,400.0,2.0,0.2
1856273,400.0,2.0,0.2
1856295,400.0,2.0,0.2
1856464,400.0,2.0,0.2
1856529,400.0,2.0,0.2
1856621,400.0,2.0,0.2
1856701,400.0,2.0,0.2
1856730,400.0,2.0,0.2
1856749,400.0,2.0,0.2
1856768,400.0,2.0,0.2
1856965,400.0,2.0,0.2
1857063,400.0,2.0,0.2
1857162,400.0,2.0,0.2
1857270,400.0,2.0,0.2
1857422,400.0,2.0,0.2
1857570,400.0,2.0,0.2
1857831,400.0,2.0,0.2
1857902,400.0,2.0,0.2
1858195,400.0,2.0,0.2
1858342,400.0,2.0,0.2
1858461,400.0,2.0,0.2
1858536,400.0,2.0,0.2
1858607,400.0,2.0,0.2
1858608,400.0,2.0,0.2
1858677,400.0,2.0,0.2
1858732,400.0,2.0,0.2
1858818,400.0,2.0,0.2
1859040,400.0,2.0,0.2
1859201,400.0,2.0,0.2
1859228,400.0,2.0,0.2
1859483,400.0,2.0,0.2
1859518,400.0,2.0,0.2
1859706,400.0,2.0,0.2
1859798,400.0,2.0,0.2
1859843,400.0,2.0,0.2
1859872,400.0,2.0,0.2
1860162,400.0,2.0,0.2
1860164,400.0,2.0,0.2
1860301,400.0,2.0,0.2
1860305,400.0,2.0,0.2
1860455,400.0,2.0,0.2
1860478,400.0,2.0,0.2
1860579,400.0,2.0,0.2
1860612,400.0,2.0,0.2
1860645,400.0,2.0,0.2
1860750,400.0,2.0,0.2
1860808,400.0,2.0,0.2
1860898,400.0,2.0,0.2
1860985,400.0,2.0,0.2
1861019,400.0,2.0,0.2
1861022,400.0,2.0,0.2
1861095,400.0,2.0,0.2
1861210,400.0,2.0,0.2
1861293,400.0,2.0,0.2
1861350,400.0,2.0,0.2
1861415,400.0,2.0,0.2
1861422,400.0,2.0,0.2
1861550,400.0,2.0,0.2
1861612,400.0,2.0,0.2
1861865,400.0,2.0,0.2
1861903,400.0,2.0,0.2
1862134,400.0,2.0,0.2
1862149,400.0,2.0,0.2
1862239,400.0,2.0,0.2
1862246,400.0,2.0,0.2
1862280,400.0,2.0,0.2
1862340,400.0,2.0,0.2
1862395,400.0,2.0,0.2
1862539,400.0,2.0,0.2
1862594,400.0,2.0,0.2
1862618,400.0,2.0,0.2
1862705,400.0,2.0,0.2
1862724,400.0,2.0,0.2
1862758,400.0,2.0,0.2
1862804,400.0,2.0,0.2
1862812,400.0,2.0,0.2
1862850,400.0,2.0,0.2
1862858,400.0,2.0,0.2
1862918,400.0,2.0,0.2
1862999,400.0,2.0,0.2
1863032,400.0,2.0,0.2
1863058,400.0,2.0,0.2
1863071,400.0,2.0,0.2
1863221,400.0,2.0,0.2
1863297,400.0,2.0,0.2
1863329,400.0,2.0,0.2
1863333,400.0,2.0,0.2
1863379,400.0,2.0,0.2
1863421,400.0,2.0,0.2
1863428,400.0,2.0,0.2
1863496,400.0,2.0,0.2
1863513,400.0,2.0,0.2
1863615,400.0,2.0,0.2
1863736,400.0,2.0,0.2
1863809,400.0,2.0,0.2
1863811,400.0,2.0,0.2
1864249,400.0,2.0,0.2
1864266,400.0,2.0,0.2
1864297,400.0,2.0,0.2
1864399,400.0,2.0,0.2
1864480,400.0,2.0,0.2
1864526,400.0,2.0,0.2
1864676,400.0,2.0,0.2
1864710,400.0,2.0,0.2
1864719,400.0,2.0,0.2
1864737,400.0,2.0,0.2
1864897,400.0,2.0,0.2
1864915,400.0,2.0,0.2
1864985,400.0,2.0,0.2
1865042,400.0,2.0,0.2
1865068,400.0,2.0,0.2
1865142,400.0,2.0,0.2
1865158,400.0,2.0,0.2
1865296,400.0,2.0,0.2
1865302,400.0,2.0,0.2
1865372,400.0,2.0,0.2
1865423,400.0,2.0,0.2
1865450,400.0,2.0,0.2
1865518,400.0,2.0,0.2
1865716,400.0,2.0,0.2
1865752,400.0,2.0,0.2
1865779,400.0,2.0,0.2
1865822,400.0,2.0,0.2
1865844,400.0,2.0,0.2
1865867,400.0,2.0,0.2
1866032,400.0,2.0,0.2
1866077,400.0,2.0,0.2
1866088,400.0,2.0,0.2
1866134,400.0,2.0,0.2
1866147,400.0,2.0,0.2
1866151,400.0,2.0,0.2
1866162,400.0,2.0,0.2
1866176,400.0,2.0,0.2
1866210,400.0,2.0,0.2
1866213,400.0,2.0,0.2
1866215,400.0,2.0,0.2
1866226,400.0,2.0,0.2
1866352,400.0,2.0,0.2
1866408,400.0,2.0,0.2
1866416,400.0,2.0,0.2
1866500,400.0,2.0,0.2
1866541,400.0,2.0,0.2
1866585,400.0,2.0,0.2
1866629,400.0,2.0,0.2
1866708,400.0,2.0,0.2
1866825,400.0,2.0,0.2
1866871,400.0,2.0,0.2
1866896,400.0,2.0,0.2
1866928,400.0,2.0,0.2
1866990,400.0,2.0,0.2
1867014,400.0,2.0,0.2
1867025,400.0,2.0,0.2
1867040,400.0,2.0,0.2
1867056,400.0,2.0,0.2
1867111,400.0,2.0,0.2
1867121,400.0,2.0,0.2
1867248,400.0,2.0,0.2
1867296,400.0,2.0,0.2
1867330,400.0,2.0,0.2
1867333,400.0,2.0,0.2
1867355,400.0,2.0,0.2
1867374,400.0,2.0,0.2
1867430,400.0,2.0,0.2
1867508,400.0,2.0,0.2
1867571,400.0,2.0,0.2
1867636,400.0,2.0,0.2
1867665,400.0,2.0,0.2
1867695,400.0,2.0,0.2
1867811,400.0,2.0,0.2
1867855,400.0,2.0,0.2
1867877,400.0,2.0,0.2
1868008,400.0,2.0,0.2
1868123,400.0,2.0,0.2
1868314,400.0,2.0,0.2
1868325,400.0,2.0,0.2
1868406,400.0,2.0,0.2
1868467,400.0,2.0,0.2
1868538,400.0,2.0,0.2
1868548,400.0,2.0,0.2
1868559,400.0,2.0,0.2
1868581,400.0,2.0,0.2
1868606,400.0,2.0,0.2
1868633,400.0,2.0,0.2
1868643,400.0,2.0,0.2
1868694,400.0,2.0,0.2
1868697,400.0,2.0,0.2
1868792,400.0,2.0,0.2
1868821,400.0,2.0,0.2
1868837,400.0,2.0,0.2
1868839,400.0,2.0,0.2
1868922,400.0,2.0,0.2
1868935,400.0,2.0,0.2
1868943,400.0,2.0,0.2
1869019,400.0,2.0,0.2
1869124,400.0,2.0,0.2
1869232,400.0,2.0,0.2
1869279,400.0,2.0,0.2
1869528,400.0,2.0,0.2
1869552,400.0,2.0,0.2
1869659,400.0,2.0,0.2
1869806,400.0,2.0,0.2
1869807,400.0,2.0,0.2
1869904,400.0,2.0,0.2
1869913,400.0,2.0,0.2
1869940,400.0,2.0,0.2
1870076,400.0,2.0,0.2
1870093,400.0,2.0,0.2
1870094,400.0,2.0,0.2
1870116,400.0,2.0,0.2
1870171,400.0,2.0,0.2
1870298,400.0,2.0,0.2
1870315,400.0,2.0,0.2
1870344,400.0,2.0,0.2
1870346,400.0,2.0,0.2
1870370,400.0,2.0,0.2
1870377,400.0,2.0,0.2
1870472,400.0,2.0,0.2
1870597,400.0,2.0,0.2
1870619,400.0,2.0,0.2
1870648,400.0,2.0,0.2
1870658,400.0,2.0,0.2
1870661,400.0,2.0,0.2
1870679,400.0,2.0,0.2
1870726,400.0,2.0,0.2
1870886,400.0,2.0,0.2
1870904,400.0,2.0,0.2
1870945,400.0,2.0,0.2
1870974,400.0,2.0,0.2
1870983,400.0,2.0,0.2
1871025,400.0,2.0,0.2
1871071,400.0,2.0,0.2
1871079,400.0,2.0,0.2
1871093,400.0,2.0,0.2
1871098,400.0,2.0,0.2
1871113,400.0,2.0,0.2
1871123,400.0,2.0,0.2
1871126,400.0,2.0,0.2
1871182,400.0,2.0,0.2
1871266,400.0,2.0,0.2
1871277,400.0,2.0,0.2
1871281,400.0,2.0,0.2
1871299,400.0,2.0,0.2
1871328,400.0,2.0,0.2
1871358,400.0,2.0,0.2
1871364,400.0,2.0,0.2
1871406,400.0,2.0,0.2
1871420,400.0,2.0,0.2
1871439,400.0,2.0,0.2
1871493,400.0,2.0,0.2
1871552,400.0,2.0,0.2
1871663,400.0,2.0,0.2
1871758,400.0,2.0,0.2
1871764,400.0,2.0,0.2
1871819,400.0,2.0,0.2
1871875,400.0,2.0,0.2
1871898,400.0,2.0,0.2
1871903,400.0,2.0,0.2
1871909,400.0,2.0,0.2
1871930,400.0,2.0,0.2
1871931,400.0,2.0,0.2
1871933,400.0,2.0,0.2
1871990,400.0,2.0,0.2
1872004,400.0,2.0,0.2
1872018,400.0,2.0,0.2
1872084,400.0,2.0,0.2
1872157,400.0,2.0,0.2
1872172,400.0,2.0,0.2
1872181,400.0,2.0,0.2
1872201,400.0,2.0,0.2
1872246,400.0,2.0,0.2
1872327,400.0,2.0,0.2
1872354,400.0,2.0,0.2
1872375,400.0,2.0,0.2
1872380,400.0,2.0,0.2
1872381,400.0,2.0,0.2
1872487,400.0,2.0,0.2
1872553,400.0,2.0,0.2
1872563,400.0,2.0,0.2
1872580,400.0,2.0,0.2
1872615,400.0,2.0,0.2
1872629,400.0,2.0,0.2
1872638,400.0,2.0,0.2
1872678,400.0,2.0,0.2
1872694,400.0,2.0,0.2
1872721,400.0,2.0,0.2
1872751,400.0,2.0,0.2
1872819,400.0,2.0,0.2
1872828,400.0,2.0,0.2
1872834,400.0,2.0,0.2
1872850,400.0,2.0,0.2
1872853,400.0,2.0,0.2
1872878,400.0,2.0,0.2
1872904,400.0,2.0,0.2
1872987,400.0,2.0,0.2
1872999,400.0,2.0,0.2
1873022,400.0,2.0,0.2
1873052,400.0,2.0,0.2
1873063,400.0,2.0,0.2
1873069,400.0,2.0,0.2
1873082,400.0,2.0,0.2
1873083,400.0,2.0,0.2
1873089,400.0,2.0,0.2
1873092,400.0,2.0,0.2
1873151,400.0,2.0,0.2
1873158,400.0,2.0,0.2
1873159,400.0,2.0,0.2
1873197,400.0,2.0,0.2
1873227,400.0,2.0,0.2
1873231,400.0,2.0,0.2
1873235,400.0,2.0,0.2
1873257,400.0,2.0,0.2
1873325,400.0,2.0,0.2
1873370,400.0,2.0,0.2
1873488,400.0,2.0,0.2
1873510,400.0,2.0,0.2
1873530,400.0,2.0,0.2
1873637,400.0,2.0,0.2
1873648,400.0,2.0,0.2
1873656,400.0,2.0,0.2
1873717,400.0,2.0,0.2
1873757,400.0,2.0,0.2
1873768,400.0,2.0,0.2
1873787,400.0,2.0,0.2
1873872,400.0,2.0,0.2
1873978,400.0,2.0,0.2
1874060,400.0,2.0,0.2
1874068,400.0,2.0,0.2
1874140,400.0,2.0,0.2
1874345,400.0,2.0,0.2
1874473,400.0,2.0,0.2
1874539,400.0,2.0,0.2
1874649,400.0,2.0,0.2
1874729,400.0,2.0,0.2
1874804,400.0,2.0,0.2
1874816,400.0,2.0,0.2
1874973,400.0,2.0,0.2
1875057,400.0,2.0,0.2
1875078,400.0,2.0,0.2
1875113,400.0,2.0,0.2
1875171,400.0,2.0,0.2
1875335,400.0,2.0,0.2
1875506,400.0,2.0,0.2
1875582,400.0,2.0,0.2
1875710,400.0,2.0,0.2
1875870,400.0,2.0,0.2
1875891,400.0,2.0,0.2
1875942,400.0,2.0,0.2
1876094,400.0,2.0,0.2
1876095,400.0,2.0,0.2
1876107,400.0,2.0,0.2
1876124,400.0,2.0,0.2
1876291,400.0,2.0,0.2
1876363,400.0,2.0,0.2
1876391,400.0,2.0,0.2
1876418,400.0,2.0,0.2
1876458,400.0,2.0,0.2
1876471,400.0,2.0,0.2
1876504,400.0,2.0,0.2
1876527,400.0,2.0,0.2
1876550,400.0,2.0,0.2
1876592,400.0,2.0,0.2
1876607,400.0,2.0,0.2
1876650,400.0,2.0,0.2
1876667,400.0,2.0,0.2
1876716,400.0,2.0,0.2
1876742,400.0,2.0,0.2
1876759,400.0,2.0,0.2
1876802,400.0,2.0,0.2
1876836,400.0,2.0,0.2
1876906,400.0,2.0,0.2
1876911,400.0,2.0,0.2
1876921,400.0,2.0,0.2
1876928,400.0,2.0,0.2
1876938,400.0,2.0,0.2
1876942,400.0,2.0,0.2
1876946,400.0,2.0,0.2
1876956,400.0,2.0,0.2
1876961,400.0,2.0,0.2
1876981,400.0,2.0,0.2
1876986,400.0,2.0,0.2
1877017,400.0,2.0,0.2
1877079,400.0,2.0,0.2
1877082,400.0,2.0,0.2
1877085,400.0,2.0,0.2
1877148,400.0,2.0,0.2
1877175,400.0,2.0,0.2
1877241,400.0,2.0,0.2
1877296,400.0,2.0,0.2
1877350,400.0,2.0,0.2
1877360,400.0,2.0,0.2
1877361,400.0,2.0,0.2
1877438,400.0,2.0,0.2
1877441,400.0,2.0,0.2
1877473,400.0,2.0,0.2
1877533,400.0,2.0,0.2
1877576,400.0,2.0,0.2
1877581,400.0,2.0,0.2
1877590,400.0,2.0,0.2
1877617,400.0,2.0,0.2
1877622,400.0,2.0,0.2
1877645,400.0,2.0,0.2
1877651,400.0,2.0,0.2
1877679,400.0,2.0,0.2
1877683,400.0,2.0,0.2
1877722,400.0,2.0,0.2
1877760,400.0,2.0,0.2
1877795,400.0,2.0,0.2
1877834,400.0,2.0,0.2
1877837,400.0,2.0,0.2
1877957,400.0,2.0,0.2
1877997,400.0,2.0,0.2
1878027,400.0,2.0,0.2
1878049,400.0,2.0,0.2
1878125,400.0,2.0,0.2
1878228,400.0,2.0,0.2
1878235,400.0,2.0,0.2
1878255,400.0,2.0,0.2
1878267,400.0,2.0,0.2
1878322,400.0,2.0,0.2
1878378,400.0,2.0,0.2
1878390,400.0,2.0,0.2
1878408,400.0,2.0,0.2
1878497,400.0,2.0,0.2
1878654,400.0,2.0,0.2
1878665,400.0,2.0,0.2
1878679,400.0,2.0,0.2
1878952,400.0,2.0,0.2
1878998,400.0,2.0,0.2
1879006,400.0,2.0,0.2
1879046,400.0,2.0,0.2
1879061,400.0,2.0,0.2
1879130,400.0,2.0,0.2
1879155,400.0,2.0,0.2
1879179,400.0,2.0,0.2
1879186,400.0,2.0,0.2
1879201,400.0,2.0,0.2
1879223,400.0,2.0,0.2
1879232,400.0,2.0,0.2
1879270,400.0,2.0,0.2
1879323,400.0,2.0,0.2
1879325,400.0,2.0,0.2
1879328,400.0,2.0,0.2
1879354,400.0,2.0,0.2
1879555,400.0,2.0,0.2
1879563,400.0,2.0,0.2
1879588,400.0,2.0,0.2
1879605,400.0,2.0,0.2
1879729,400.0,2.0,0.2
1879770,400.0,2.0,0.2
1879970,400.0,2.0,0.2
1879978,400.0,2.0,0.2
1880012,400.0,2.0,0.2
1880086,400.0,2.0,0.2
1880155,400.0,2.0,0.2
1880358,400.0,2.0,0.2
1880431,400.0,2.0,0.2
1880531,400.0,2.0,0.2
1880561,400.0,2.0,0.2
1880600,400.0,2.0,0.2
1880683,400.0,2.0,0.2
1880698,400.0,2.0,0.2
1880799,400.0,2.0,0.2
1880820,400.0,2.0,0.2
1880918,400.0,2.0,0.2
1880930,400.0,2.0,0.2
1881018,400.0,2.0,0.2
1881030,400.0,2.0,0.2
1881037,400.0,2.0,0.2
1881073,400.0,2.0,0.2
1881074,400.0,2.0,0.2
1881132,400.0,2.0,0.2
1881138,400.0,2.0,0.2
1881266,400.0,2.0,0.2
1881288,400.0,2.0,0.2
1881319,400.0,2.0,0.2
1881330,400.0,2.0,0.2
1881380,400.0,2.0,0.2
1881390,400.0,2.0,0.2
1881408,400.0,2.0,0.2
1881410,400.0,2.0,0.2
1881462,400.0,2.0,0.2
1881468,400.0,2.0,0.2
1881489,400.0,2.0,0.2
1881544,400.0,2.0,0.2
1881677,400.0,2.0,0.2
1881712,400.0,2.0,0.2
1881744,400.0,2.0,0.2
1881769,400.0,2.0,0.2
1881832,400.0,2.0,0.2
1881873,400.0,2.0,0.2
1881921,400.0,2.0,0.2
1881924,400.0,2.0,0.2
1881928,400.0,2.0,0.2
1881966,400.0,2.0,0.2
1882072,400.0,2.0,0.2
1882084,400.0,2.0,0.2
1882133,400.0,2.0,0.2
1882208,400.0,2.0,0.2
1882209,400.0,2.0,0.2
1882466,400.0,2.0,0.2
1882475,400.0,2.0,0.2
1882535,400.0,2.0,0.2
1882537,400.0,2.0,0.2
1882561,400.0,2.0,0.2
1882589,400.0,2.0,0.2
1882590,400.0,2.0,0.2
1882652,400.0,2.0,0.2
1882655,400.0,2.0,0.2
1882697,400.0,2.0,0.2
1882713,400.0,2.0,0.2
1882799,400.0,2.0,0.2
1882879,400.0,2.0,0.2
1882894,400.0,2.0,0.2
1882969,400.0,2.0,0.2
1883027,400.0,2.0,0.2
1883077,400.0,2.0,0.2
1883103,400.0,2.0,0.2
1883123,400.0,2.0,0.2
1883131,400.0,2.0,0.2
1883152,400.0,2.0,0.2
1883209,400.0,2.0,0.2
1883241,400.0,2.0,0.2
1883255,400.0,2.0,0.2
1883257,400.0,2.0,0.2
1883341,400.0,2.0,0.2
1883375,400.0,2.0,0.2
1883383,400.0,2.0,0.2
1883426,400.0,2.0,0.2
1884277,400.0,2.0,0.2
1884284,400.0,2.0,0.2
1884339,400.0,2.0,0.2
1884424,400.0,2.0,0.2
1884433,400.0,2.0,0.2
1884453,400.0,2.0,0.2
1884463,400.0,2.0,0.2
1884483,400.0,2.0,0.2
1884486,400.0,2.0,0.2
1884545,400.0,2.0,0.2
1884582,400.0,2.0,0.2
1884637,400.0,2.0,0.2
1884739,400.0,2.0,0.2
1884894,400.0,2.0,0.2
1895029,400.0,2.0,0.2
1895045,400.0,2.0,0.2
1895059,400.0,2.0,0.2
1895260,400.0,2.0,0.2
1895286,400.0,2.0,0.2
1895387,400.0,2.0,0.2
1895430,400.0,2.0,0.2
1895463,400.0,2.0,0.2
1895469,400.0,2.0,0.2
1895490,400.0,2.0,0.2
1895576,400.0,2.0,0.2
1895583,400.0,2.0,0.2
1895602,400.0,2.0,0.2
1895603,400.0,2.0,0.2
1895605,400.0,2.0,0.2
1895691,400.0,2.0,0.2
1895712,400.0,2.0,0.2
1895734,400.0,2.0,0.2
1895789,400.0,2.0,0.2
1895818,400.0,2.0,0.2
1895838,400.0,2.0,0.2
1895858,400.0,2.0,0.2
1895898,400.0,2.0,0.2
1895951,400.0,2.0,0.2
1896026,400.0,2.0,0.2
1896031,400.0,2.0,0.2
1896081,400.0,2.0,0.2
1896096,400.0,2.0,0.2
1896185,400.0,2.0,0.2
1896246,400.0,2.0,0.2
1896288,400.0,2.0,0.2
1896304,400.0,2.0,0.2
1896318,400.0,2.0,0.2
1896358,400.0,2.0,0.2
1896433,400.0,2.0,0.2
1896481,400.0,2.0,0.2
1896495,400.0,2.0,0.2
1896544,400.0,2.0,0.2
1896709,400.0,2.0,0.2
1896721,400.0,2.0,0.2
1896733,400.0,2.0,0.2
1896738,400.0,2.0,0.2
1896747,400.0,2.0,0.2
1896753,400.0,2.0,0.2
1896840,400.0,2.0,0.2
1896883,400.0,2.0,0.2
1896892,400.0,2.0,0.2
1896917,400.0,2.0,0.2
1896926,400.0,2.0,0.2
1896972,400.0,2.0,0.2
1897002,400.0,2.0,0.2
1897006,400.0,2.0,0.2
1897023,400.0,2.0,0.2
1897204,400.0,2.0,0.2
1897238,400.0,2.0,0.2
1897245,400.0,2.0,0.2
1897267,400.0,2.0,0.2
1897268,400.0,2.0,0.2
1897307,400.0,2.0,0.2
1897346,400.0,2.0,0.2
1897393,400.0,2.0,0.2
1897419,400.0,2.0,0.2
1897467,400.0,2.0,0.2
1897471,400.0,2.0,0.2
1897490,400.0,2.0,0.2
1897491,400.0,2.0,0.2
1897551,400.0,2.0,0.2
1897600,400.0,2.0,0.2
1897633,400.0,2.0,0.2
1897649,400.0,2.0,0.2
1897651,400.0,2.0,0.2
1897667,400.0,2.0,0.2
1897683,400.0,2.0,0.2
1897685,400.0,2.0,0.2
1897724,400.0,2.0,0.2
1897796,400.0,2.0,0.2
1897878,400.0,2.0,0.2
1897893,400.0,2.0,0.2
1897917,400.0,2.0,0.2
1898024,400.0,2.0,0.2
1898026,400.0,2.0,0.2
1898055,400.0,2.0,0.2
1898066,400.0,2.0,0.2
1898072,400.0,2.0,0.2
1898098,400.0,2.0,0.2
1898104,400.0,2.0,0.2
1898127,400.0,2.0,0.2
1898133,400.0,2.0,0.2
1898162,400.0,2.0,0.2
1898163,400.0,2.0,0.2
1898260,400.0,2.0,0.2
1898261,400.0,2.0,0.2
1898262,400.0,2.0,0.2
1905576,400.0,2.0,0.2
1905759,400.0,2.0,0.2
1905820,400.0,2.0,0.2
1905873,400.0,2.0,0.2
1905932,400.0,2.0,0.2
1905933,400.0,2.0,0.2
1905991,400.0,2.0,0.2
1905994,400.0,2.0,0.2
1906059,400.0,2.0,0.2
1915815,400.0,2.0,0.2
1915862,400.0,2.0,0.2
1915968,400.0,2.0,0.2
1916081,400.0,2.0,0.2
1916100,400.0,2.0,0.2
1916156,400.0,2.0,0.2
1916200,400.0,2.0,0.2
1916328,400.0,2.0,0.2
1916479,400.0,2.0,0.2
1916493,400.0,2.0,0.2
1916552,400.0,2.0,0.2
1916559,400.0,2.0,0.2
1916813,400.0,2.0,0.2
1916974,400.0,2.0,0.2
1917063,400.0,2.0,0.2
1917077,400.0,2.0,0.2
1917152,400.0,2.0,0.2
1917413,400.0,2.0,0.2
1917509,400.0,2.0,0.2
1917536,400.0,2.0,0.2
1917572,400.0,2.0,0.2
1917695,400.0,2.0,0.2
1917698,400.0,2.0,0.2
1917701,400.0,2.0,0.2
1917818,400.0,2.0,0.2
1917874,400.0,2.0,0.2
1917918,400.0,2.0,0.2
1918035,400.0,2.0,0.2
1918052,400.0,2.0,0.2
1918138,400.0,2.0,0.2
1918178,400.0,2.0,0.2
1918224,400.0,2.0,0.2
1918299,400.0,2.0,0.2
1918348,400.0,2.0,0.2
1918353,400.0,2.0,0.2
1918354,400.0,2.0,0.2
1918387,400.0,2.0,0.2
1918487,400.0,2.0,0.2
1918593,400.0,2.0,0.2
1918608,400.0,2.0,0.2
1918676,400.0,2.0,0.2
1918728,400.0,2.0,0.2
1918735,400.0,2.0,0.2
1918769,400.0,2.0,0.2
1918904,400.0,2.0,0.2
1919002,400.0,2.0,0.2
1919232,400.0,2.0,0.2
1919525,400.0,2.0,0.2
1919532,400.0,2.0,0.2
1919641,400.0,2.0,0.2
1919765,400.0,2.0,0.2
1919822,400.0,2.0,0.2
1919893,400.0,2.0,0.2
1919951,400.0,2.0,0.2
1920183,400.0,2.0,0.2
1920282,400.0,2.0,0.2
1920453,400.0,2.0,0.2
1920523,400.0,2.0,0.2
1920549,400.0,2.0,0.2
1920621,400.0,2.0,0.2
1920629,400.0,2.0,0.2
1920753,400.0,2.0,0.2
1920768,400.0,2.0,0.2
1920787,400.0,2.0,0.2
1920796,400.0,2.0,0.2
1920807,400.0,2.0,0.2
1920833,400.0,2.0,0.2
1920878,400.0,2.0,0.2
1920936,400.0,2.0,0.2
1921002,400.0,2.0,0.2
1921051,400.0,2.0,0.2
1921105,400.0,2.0,0.2
1921137,400.0,2.0,0.2
1921199,400.0,2.0,0.2
1921337,400.0,2.0,0.2
1921477,400.0,2.0,0.2
1921504,400.0,2.0,0.2
1921621,400.0,2.0,0.2
1921629,400.0,2.0,0.2
1921630,400.0,2.0,0.2
1921654,400.0,2.0,0.2
1921689,400.0,2.0,0.2
1921745,400.0,2.0,0.2
1921839,400.0,2.0,0.2
1921845,400.0,2.0,0.2
1921881,400.0,2.0,0.2
1921911,400.0,2.0,0.2
1921963,400.0,2.0,0.2
1921977,400.0,2.0,0.2
1922011,400.0,2.0,0.2
1922021,400.0,2.0,0.2
1922022,400.0,2.0,0.2
1922108,400.0,2.0,0.2
1922151,400.0,2.0,0.2
1922154,400.0,2.0,0.2
1922165,400.0,2.0,0.2
1922309,400.0,2.0,0.2
1922434,400.0,2.0,0.2
1922478,400.0,2.0,0.2
1922497,400.0,2.0,0.2
1922507,400.0,2.0,0.2
1922518,400.0,2.0,0.2
1922573,400.0,2.0,0.2
1922588,400.0,2.0,0.2
1922647,400.0,2.0,0.2
1922746,400.0,2.0,0.2
1922755,400.0,2.0,0.2
1922767,400.0,2.0,0.2
1922838,400.0,2.0,0.2
1922897,400.0,2.0,0.2
1923044,400.0,2.0,0.2
1923135,400.0,2.0,0.2
1923160,400.0,2.0,0.2
1923334,400.0,2.0,0.2
1923416,400.0,2.0,0.2
1923503,400.0,2.0,0.2
1923514,400.0,2.0,0.2
1923530,400.0,2.0,0.2
1923574,400.0,2.0,0.2
1923602,400.0,2.0,0.2
1923832,400.0,2.0,0.2
1923911,400.0,2.0,0.2
1923972,400.0,2.0,0.2
1923995,400.0,2.0,0.2
1924039,400.0,2.0,0.2
1924077,400.0,2.0,0.2
1924166,400.0,2.0,0.2
1924173,400.0,2.0,0.2
1924282,400.0,2.0,0.2
1924323,400.0,2.0,0.2
1924348,400.0,2.0,0.2
1924369,400.0,2.0,0.2
1924371,400.0,2.0,0.2
1924451,400.0,2.0,0.2
1924710,400.0,2.0,0.2
1924755,400.0,2.0,0.2
1924884,400.0,2.0,0.2
1924943,400.0,2.0,0.2
1925082,400.0,2.0,0.2
1925226,400.0,2.0,0.2
1925276,400.0,2.0,0.2
1925282,400.0,2.0,0.2
1925314,400.0,2.0,0.2
1925317,400.0,2.0,0.2
1925333,400.0,2.0,0.2
1925355,400.0,2.0,0.2
1925371,400.0,2.0,0.2
1925490,400.0,2.0,0.2
1925629,400.0,2.0,0.2
1925639,400.0,2.0,0.2
1925642,400.0,2.0,0.2
1925648,400.0,2.0,0.2
1925651,400.0,2.0,0.2
1925668,400.0,2.0,0.2
1925680,400.0,2.0,0.2
1925698,400.0,2.0,0.2
1925778,400.0,2.0,0.2
1925779,400.0,2.0,0.2
1925781,400.0,2.0,0.2
1925813,400.0,2.0,0.2
1925818,400.0,2.0,0.2
1925820,400.0,2.0,0.2
1925905,400.0,2.0,0.2
1925967,400.0,2.0,0.2
1925984,400.0,2.0,0.2
1926022,400.0,2.0,0.2
1926053,400.0,2.0,0.2
1926079,400.0,2.0,0.2
1926084,400.0,2.0,0.2
1926097,400.0,2.0,0.2
1926128,400.0,2.0,0.2
1926167,400.0,2.0,0.2
1926175,400.0,2.0,0.2
1926270,400.0,2.0,0.2
1926302,400.0,2.0,0.2
1926342,400.0,2.0,0.2
1926418,400.0,2.0,0.2
1926709,400.0,2.0,0.2
1926820,400.0,2.0,0.2
1926845,400.0,2.0,0.2
1926965,400.0,2.0,0.2
1927179,400.0,2.0,0.2
1927283,400.0,2.0,0.2
1927412,400.0,2.0,0.2
1927562,400.0,2.0,0.2
1927747,400.0,2.0,0.2
1927801,400.0,2.0,0.2
1927938,400.0,2.0,0.2
1927977,400.0,2.0,0.2
1928010,400.0,2.0,0.2
1928142,400.0,2.0,0.2
1928155,400.0,2.0,0.2
1928347,400.0,2.0,0.2
1928362,400.0,2.0,0.2
1928370,400.0,2.0,0.2
1928457,400.0,2.0,0.2
1928494,400.0,2.0,0.2
1928515,400.0,2.0,0.2
1928645,400.0,2.0,0.2
1928667,400.0,2.0,0.2
1928717,400.0,2.0,0.2
1928808,400.0,2.0,0.2
1928821,400.0,2.0,0.2
1928950,400.0,2.0,0.2
1928970,400.0,2.0,0.2
1929033,400.0,2.0,0.2
1929202,400.0,2.0,0.2
1929211,400.0,2.0,0.2
1929242,400.0,2.0,0.2
1929250,400.0,2.0,0.2
1929281,400.0,2.0,0.2
1929418,400.0,2.0,0.2
1929427,400.0,2.0,0.2
1929443,400.0,2.0,0.2
1929492,400.0,2.0,0.2
1929493,400.0,2.0,0.2
1929530,400.0,2.0,0.2
1929535,400.0,2.0,0.2
1929536,400.0,2.0,0.2
1929595,400.0,2.0,0.2
1929621,400.0,2.0,0.2
1929632,400.0,2.0,0.2
1929657,400.0,2.0,0.2
1929723,400.0,2.0,0.2
1929751,400.0,2.0,0.2
1929760,400.0,2.0,0.2
1929806,400.0,2.0,0.2
1929850,400.0,2.0,0.2
1929896,400.0,2.0,0.2
1929959,400.0,2.0,0.2
1930008,400.0,2.0,0.2
1930024,400.0,2.0,0.2
1930043,400.0,2.0,0.2
1930055,400.0,2.0,0.2
1930066,400.0,2.0,0.2
1930090,400.0,2.0,0.2
1930105,400.0,2.0,0.2
1930221,400.0,2.0,0.2
1930269,400.0,2.0,0.2
1930271,400.0,2.0,0.2
1930289,400.0,2.0,0.2
1930296,400.0,2.0,0.2
1930309,400.0,2.0,0.2
1930340,400.0,2.0,0.2
1930350,400.0,2.0,0.2
1930375,400.0,2.0,0.2
1930383,400.0,2.0,0.2
1930386,400.0,2.0,0.2
1930398,400.0,2.0,0.2
1930432,400.0,2.0,0.2
1930640,400.0,2.0,0.2
1930651,400.0,2.0,0.2
1930661,400.0,2.0,0.2
1930706,400.0,2.0,0.2
1930770,400.0,2.0,0.2
1930799,400.0,2.0,0.2
1930876,400.0,2.0,0.2
1930883,400.0,2.0,0.2
1930896,400.0,2.0,0.2
1930972,400.0,2.0,0.2
1931065,400.0,2.0,0.2
1931092,400.0,2.0,0.2
1931154,400.0,2.0,0.2
1931377,400.0,2.0,0.2
1931473,400.0,2.0,0.2
1931511,400.0,2.0,0.2
1931568,400.0,2.0,0.2
1931570,400.0,2.0,0.2
1931821,400.0,2.0,0.2
1931865,400.0,2.0,0.2
1931868,400.0,2.0,0.2
1931907,400.0,2.0,0.2
1932048,400.0,2.0,0.2
1932072,400.0,2.0,0.2
1932134,400.0,2.0,0.2
1932284,400.0,2.0,0.2
1932320,400.0,2.0,0.2
1932442,400.0,2.0,0.2
1932480,400.0,2.0,0.2
1932502,400.0,2.0,0.2
1932533,400.0,2.0,0.2
1932600,400.0,2.0,0.2
1932608,400.0,2.0,0.2
1932738,400.0,2.0,0.2
1932811,400.0,2.0,0.2
1932969,400.0,2.0,0.2
1932993,400.0,2.0,0.2
1933152,400.0,2.0,0.2
1933162,400.0,2.0,0.2
1933169,400.0,2.0,0.2
1933202,400.0,2.0,0.2
1933213,400.0,2.0,0.2
1933240,400.0,2.0,0.2
1933248,400.0,2.0,0.2
1933258,400.0,2.0,0.2
1933345,400.0,2.0,0.2
1933346,400.0,2.0,0.2
1933354,400.0,2.0,0.2
1933398,400.0,2.0,0.2
1933440,400.0,2.0,0.2
1933502,400.0,2.0,0.2
1933530,400.0,2.0,0.2
1933536,400.0,2.0,0.2
1933542,400.0,2.0,0.2
1933546,400.0,2.0,0.2
1933642,400.0,2.0,0.2
1933734,400.0,2.0,0.2
1933749,400.0,2.0,0.2
1933827,400.0,2.0,0.2
1933838,400.0,2.0,0.2
1933956,400.0,2.0,0.2
1933967,400.0,2.0,0.2
1934011,400.0,2.0,0.2
1934104,400.0,2.0,0.2
1934109,400.0,2.0,0.2
1934111,400.0,2.0,0.2
1934118,400.0,2.0,0.2
1934151,400.0,2.0,0.2
1934196,400.0,2.0,0.2
1934222,400.0,2.0,0.2
1934232,400.0,2.0,0.2
1934255,400.0,2.0,0.2
1934299,400.0,2.0,0.2
1934387,400.0,2.0,0.2
1934400,400.0,2.0,0.2
1934415,400.0,2.0,0.2
1934568,400.0,2.0,0.2
1934642,400.0,2.0,0.2
1934657,400.0,2.0,0.2
1934806,400.0,2.0,0.2
1934829,400.0,2.0,0.2
1935133,400.0,2.0,0.2
1935154,400.0,2.0,0.2
1935213,400.0,2.0,0.2
1935384,400.0,2.0,0.2
1935487,400.0,2.0,0.2
1935504,400.0,2.0,0.2
1935533,400.0,2.0,0.2
1935539,400.0,2.0,0.2
1935587,400.0,2.0,0.2
1935589,400.0,2.0,0.2
1935896,400.0,2.0,0.2
1935938,400.0,2.0,0.2
1936073,400.0,2.0,0.2
1936122,400.0,2.0,0.2
1936351,400.0,2.0,0.2
1936360,400.0,2.0,0.2
1936452,400.0,2.0,0.2
1936462,400.0,2.0,0.2
1936603,400.0,2.0,0.2
1936629,400.0,2.0,0.2
1936715,400.0,2.0,0.2
1936745,400.0,2.0,0.2
1936749,400.0,2.0,0.2
1936801,400.0,2.0,0.2
1936822,400.0,2.0,0.2
1936853,400.0,2.0,0.2
1936976,400.0,2.0,0.2
1937106,400.0,2.0,0.2
1937249,400.0,2.0,0.2
1937267,400.0,2.0,0.2
1937342,400.0,2.0,0.2
1937357,400.0,2.0,0.2
1937413,400.0,2.0,0.2
1937416,400.0,2.0,0.2
1937506,400.0,2.0,0.2
1937537,400.0,2.0,0.2
1937555,400.0,2.0,0.2
1937596,400.0,2.0,0.2
1937628,400.0,2.0,0.2
1937685,400.0,2.0,0.2
1937715,400.0,2.0,0.2
1937726,400.0,2.0,0.2
1937774,400.0,2.0,0.2
1937779,400.0,2.0,0.2
1937860,400.0,2.0,0.2
1937861,400.0,2.0,0.2
1937891,400.0,2.0,0.2
1937899,400.0,2.0,0.2
1937936,400.0,2.0,0.2
1937954,400.0,2.0,0.2
1938055,400.0,2.0,0.2
1938073,400.0,2.0,0.2
1938097,400.0,2.0,0.2
1938165,400.0,2.0,0.2
1938185,400.0,2.0,0.2
1938231,400.0,2.0,0.2
1938254,400.0,2.0,0.2
1938331,400.0,2.0,0.2
1938361,400.0,2.0,0.2
1938375,400.0,2.0,0.2
1938392,400.0,2.0,0.2
1938495,400.0,2.0,0.2
1938513,400.0,2.0,0.2
1938573,400.0,2.0,0.2
1938575,400.0,2.0,0.2
1938579,400.0,2.0,0.2
1938595,400.0,2.0,0.2
1938655,400.0,2.0,0.2
1938684,400.0,2.0,0.2
1938685,400.0,2.0,0.2
1938732,400.0,2.0,0.2
1938733,400.0,2.0,0.2
1938735,400.0,2.0,0.2
1938740,400.0,2.0,0.2
1938786,400.0,2.0,0.2
1938803,400.0,2.0,0.2
1938877,400.0,2.0,0.2
1938933,400.0,2.0,0.2
1939040,400.0,2.0,0.2
1939103,400.0,2.0,0.2
1939213,400.0,2.0,0.2
1939247,400.0,2.0,0.2
1939342,400.0,2.0,0.2
1939475,400.0,2.0,0.2
1939921,400.0,2.0,0.2
1940093,400.0,2.0,0.2
1940395,400.0,2.0,0.2
1940514,400.0,2.0,0.2
1940536,400.0,2.0,0.2
1940543,400.0,2.0,0.2
1940598,400.0,2.0,0.2
1940602,400.0,2.0,0.2
1940604,400.0,2.0,0.2
1940709,400.0,2.0,0.2
1940753,400.0,2.0,0.2
1940784,400.0,2.0,0.2
1940785,400.0,2.0,0.2
1940812,400.0,2.0,0.2
1940818,400.0,2.0,0.2
1940828,400.0,2.0,0.2
1940862,400.0,2.0,0.2
1940918,400.0,2.0,0.2
1940976,400.0,2.0,0.2
1940981,400.0,2.0,0.2
1941028,400.0,2.0,0.2
1941033,400.0,2.0,0.2
1941041,400.0,2.0,0.2
1941043,400.0,2.0,0.2
1941170,400.0,2.0,0.2
1941238,400.0,2.0,0.2
1941313,400.0,2.0,0.2
1941364,400.0,2.0,0.2
1941454,400.0,2.0,0.2
1941475,400.0,2.0,0.2
1941482,400.0,2.0,0.2
1941491,400.0,2.0,0.2
1941583,400.0,2.0,0.2
1941602,400.0,2.0,0.2
1941618,400.0,2.0,0.2
1941649,400.0,2.0,0.2
1941675,400.0,2.0,0.2
1941733,400.0,2.0,0.2
1941755,400.0,2.0,0.2
1941893,400.0,2.0,0.2
1941948,400.0,2.0,0.2
1941979,400.0,2.0,0.2
1942028,400.0,2.0,0.2
1942060,400.0,2.0,0.2
1942106,400.0,2.0,0.2
1942107,400.0,2.0,0.2
1942163,400.0,2.0,0.2
1942232,400.0,2.0,0.2
1942289,400.0,2.0,0.2
1942312,400.0,2.0,0.2
1942347,400.0,2.0,0.2
1942350,400.0,2.0,0.2
1942358,400.0,2.0,0.2
1942377,400.0,2.0,0.2
1942429,400.0,2.0,0.2
1942487,400.0,2.0,0.2
1942497,400.0,2.0,0.2
1942509,400.0,2.0,0.2
1942513,400.0,2.0,0.2
1942523,400.0,2.0,0.2
1942527,400.0,2.0,0.2
1942607,400.0,2.0,0.2
1942825,400.0,2.0,0.2
1942927,400.0,2.0,0.2
1942929,400.0,2.0,0.2
1943087,400.0,2.0,0.2
1943093,400.0,2.0,0.2
1943156,400.0,2.0,0.2
1943251,400.0,2.0,0.2
1943254,400.0,2.0,0.2
1943257,400.0,2.0,0.2
1943278,400.0,2.0,0.2
1943301,400.0,2.0,0.2
1943303,400.0,2.0,0.2
1943431,400.0,2.0,0.2
1943444,400.0,2.0,0.2
1943458,400.0,2.0,0.2
1943535,400.0,2.0,0.2
1943550,400.0,2.0,0.2
1943575,400.0,2.0,0.2
1943586,400.0,2.0,0.2
1943624,400.0,2.0,0.2
1943641,400.0,2.0,0.2
1943655,400.0,2.0,0.2
1943686,400.0,2.0,0.2
1943726,400.0,2.0,0.2
1943739,400.0,2.0,0.2
1943780,400.0,2.0,0.2
1943813,400.0,2.0,0.2
1943857,400.0,2.0,0.2
1943881,400.0,2.0,0.2
1943899,400.0,2.0,0.2
1943983,400.0,2.0,0.2
1943985,400.0,2.0,0.2
1944021,400.0,2.0,0.2
1944069,400.0,2.0,0.2
1944153,400.0,2.0,0.2
1944172,400.0,2.0,0.2
1944178,400.0,2.0,0.2
1944216,400.0,2.0,0.2
1944275,400.0,2.0,0.2
1944291,400.0,2.0,0.2
1944342,400.0,2.0,0.2
1944377,400.0,2.0,0.2
1944398,400.0,2.0,0.2
1944489,400.0,2.0,0.2
1944565,400.0,2.0,0.2
1944623,400.0,2.0,0.2
1944626,400.0,2.0,0.2
1944658,400.0,2.0,0.2
1944670,400.0,2.0,0.2
1944720,400.0,2.0,0.2
1944757,400.0,2.0,0.2
1944850,400.0,2.0,0.2
1944869,400.0,2.0,0.2
1944908,400.0,2.0,0.2
1944973,400.0,2.0,0.2
1944996,400.0,2.0,0.2
1945013,400.0,2.0,0.2
1945089,400.0,2.0,0.2
1945121,400.0,2.0,0.2
1945126,400.0,2.0,0.2
1945183,400.0,2.0,0.2
1945194,400.0,2.0,0.2
1945212,400.0,2.0,0.2
1945290,400.0,2.0,0.2
1945301,400.0,2.0,0.2
1945320,400.0,2.0,0.2
1945386,400.0,2.0,0.2
1945389,400.0,2.0,0.2
1945396,400.0,2.0,0.2
1945446,400.0,2.0,0.2
1945586,400.0,2.0,0.2
1945647,400.0,2.0,0.2
1945681,400.0,2.0,0.2
1945759,400.0,2.0,0.2
1945889,400.0,2.0,0.2
1945901,400.0,2.0,0.2
1945903,400.0,2.0,0.2
1945934,400.0,2.0,0.2
1945956,400.0,2.0,0.2
1945959,400.0,2.0,0.2
1946053,400.0,2.0,0.2
1946097,400.0,2.0,0.2
1946224,400.0,2.0,0.2
1946321,400.0,2.0,0.2
1946363,400.0,2.0,0.2
1946365,400.0,2.0,0.2
1946403,400.0,2.0,0.2
1946479,400.0,2.0,0.2
1946542,400.0,2.0,0.2
1946561,400.0,2.0,0.2
1946578,400.0,2.0,0.2
1946683,400.0,2.0,0.2
1946731,400.0,2.0,0.2
1946901,400.0,2.0,0.2
1946924,400.0,2.0,0.2
1946945,400.0,2.0,0.2
1947015,400.0,2.0,0.2
1947041,400.0,2.0,0.2
1947092,400.0,2.0,0.2
1947098,400.0,2.0,0.2
1947226,400.0,2.0,0.2
1947234,400.0,2.0,0.2
1947248,400.0,2.0,0.2
1947303,400.0,2.0,0.2
1947362,400.0,2.0,0.2
1947415,400.0,2.0,0.2
1947445,400.0,2.0,0.2
1947448,400.0,2.0,0.2
1947449,400.0,2.0,0.2
1947533,400.0,2.0,0.2
1947627,400.0,2.0,0.2
1947646,400.0,2.0,0.2
1947721,400.0,2.0,0.2
1947783,400.0,2.0,0.2
1947829,400.0,2.0,0.2
1947907,400.0,2.0,0.2
1947927,400.0,2.0,0.2
1947985,400.0,2.0,0.2
1947997,400.0,2.0,0.2
1948000,400.0,2.0,0.2
1948026,400.0,2.0,0.2
1948095,400.0,2.0,0.2
1948120,400.0,2.0,0.2
1948125,400.0,2.0,0.2
1948126,400.0,2.0,0.2
1948127,400.0,2.0,0.2
1948130,400.0,2.0,0.2
1948134,400.0,2.0,0.2
1948150,400.0,2.0,0.2
1948896,400.0,2.0,0.2
1948933,400.0,2.0,0.2
1948957,400.0,2.0,0.2
1949017,400.0,2.0,0.2
1949036,400.0,2.0,0.2
1949131,400.0,2.0,0.2
1949167,400.0,2.0,0.2
1949251,400.0,2.0,0.2
1949257,400.0,2.0,0.2
1949263,400.0,2.0,0.2
1949265,400.0,2.0,0.2
1949277,400.0,2.0,0.2
1949365,400.0,2.0,0.2
1949462,400.0,2.0,0.2
1949561,400.0,2.0,0.2
1949568,400.0,2.0,0.2
1949581,400.0,2.0,0.2
1949650,400.0,2.0,0.2
1949656,400.0,2.0,0.2
1949662,400.0,2.0,0.2
1951291,400.0,2.0,0.2
1951324,400.0,2.0,0.2
1951393,400.0,2.0,0.2
1951459,400.0,2.0,0.2
1951557,400.0,2.0,0.2
1951564,400.0,2.0,0.2
1965770,400.0,2.0,0.2
1965777,400.0,2.0,0.2
1965784,400.0,2.0,0.2
1965881,400.0,2.0,0.2
1966097,400.0,2.0,0.2
1966108,400.0,2.0,0.2
1966113,400.0,2.0,0.2
1966300,400.0,2.0,0.2
1966301,400.0,2.0,0.2
1966339,400.0,2.0,0.2
1966340,400.0,2.0,0.2
1966356,400.0,2.0,0.2
1966369,400.0,2.0,0.2
1966418,400.0,2.0,0.2
1966453,400.0,2.0,0.2
1966494,400.0,2.0,0.2
1966513,400.0,2.0,0.2
1966551,400.0,2.0,0.2
1966563,400.0,2.0,0.2
1966583,400.0,2.0,0.2
1966598,400.0,2.0,0.2
1966607,400.0,2.0,0.2
1966667,400.0,2.0,0.2
1966768,400.0,2.0,0.2
1966796,400.0,2.0,0.2
1966814,400.0,2.0,0.2
1966900,400.0,2.0,0.2
1966913,400.0,2.0,0.2
1966929,400.0,2.0,0.2
1966955,400.0,2.0,0.2
1966957,400.0,2.0,0.2
1966977,400.0,2.0,0.2
1967029,400.0,2.0,0.2
1967054,400.0,2.0,0.2
1967056,400.0,2.0,0.2
1967064,400.0,2.0,0.2
1967104,400.0,2.0,0.2
1967132,400.0,2.0,0.2
1967133,400.0,2.0,0.2
1967138,400.0,2.0,0.2
1967162,400.0,2.0,0.2
1967168,400.0,2.0,0.2
1967213,400.0,2.0,0.2
1967297,400.0,2.0,0.2
1967332,400.0,2.0,0.2
1967405,400.0,2.0,0.2
1967465,400.0,2.0,0.2
1967478,400.0,2.0,0.2
1967514,400.0,2.0,0.2
1967577,400.0,2.0,0.2
1967584,400.0,2.0,0.2
1967590,400.0,2.0,0.2
1967595,400.0,2.0,0.2
1967682,400.0,2.0,0.2
1967695,400.0,2.0,0.2
1967721,400.0,2.0,0.2
1967734,400.0,2.0,0.2
1967884,400.0,2.0,0.2
1967917,400.0,2.0,0.2
1967946,400.0,2.0,0.2
1967959,400.0,2.0,0.2
1967965,400.0,2.0,0.2
1967984,400.0,2.0,0.2
1968003,400.0,2.0,0.2
1968047,400.0,2.0,0.2
1968059,400.0,2.0,0.2
1968061,400.0,2.0,0.2
1968067,400.0,2.0,0.2
1968072,400.0,2.0,0.2
1968119,400.0,2.0,0.2
1968135,400.0,2.0,0.2
1968153,400.0,2.0,0.2
1968177,400.0,2.0,0.2
1968203,400.0,2.0,0.2
1968251,400.0,2.0,0.2
1968310,400.0,2.0,0.2
1968363,400.0,2.0,0.2
1968408,400.0,2.0,0.2
1968423,400.0,2.0,0.2
1968443,400.0,2.0,0.2
1968450,400.0,2.0,0.2
1968454,400.0,2.0,0.2
1968496,400.0,2.0,0.2
1968533,400.0,2.0,0.2
1968622,400.0,2.0,0.2
1968642,400.0,2.0,0.2
1968732,400.0,2.0,0.2
1968733,400.0,2.0,0.2
1968767,400.0,2.0,0.2
1968783,400.0,2.0,0.2
1968785,400.0,2.0,0.2
1968839,400.0,2.0,0.2
1968863,400.0,2.0,0.2
1968895,400.0,2.0,0.2
1968916,400.0,2.0,0.2
1968921,400.0,2.0,0.2
1968974,400.0,2.0,0.2
1968975,400.0,2.0,0.2
1969066,400.0,2.0,0.2
1969068,400.0,2.0,0.2
1969150,400.0,2.0,0.2
1969169,400.0,2.0,0.2
1969170,400.0,2.0,0.2
1969292,400.0,2.0,0.2
1969302,400.0,2.0,0.2
1969486,400.0,2.0,0.2
1969506,400.0,2.0,0.2
1977940,400.0,2.0,0.2
1977989,400.0,2.0,0.2
1978005,400.0,2.0,0.2
1978045,400.0,2.0,0.2
1978077,400.0,2.0,0.2
1978134,400.0,2.0,0.2
1978156,400.0,2.0,0.2
1978167,400.0,2.0,0.2
1978269,400.0,2.0,0.2
1978379,400.0,2.0,0.2
1978418,400.0,2.0,0.2
1978478,400.0,2.0,0.2
1978512,400.0,2.0,0.2
1978514,400.0,2.0,0.2
1978613,400.0,2.0,0.2
1978767,400.0,2.0,0.2
1978844,400.0,2.0,0.2
1978958,400.0,2.0,0.2
1978969,400.0,2.0,0.2
1979003,400.0,2.0,0.2
1979071,400.0,2.0,0.2
1979077,400.0,2.0,0.2
1979239,400.0,2.0,0.2
1979308,400.0,2.0,0.2
1979418,400.0,2.0,0.2
1979515,400.0,2.0,0.2
1979623,400.0,2.0,0.2
1979971,400.0,2.0,0.2
1980038,400.0,2.0,0.2
1980121,400.0,2.0,0.2
1980143,400.0,2.0,0.2
1980272,400.0,2.0,0.2
1980289,400.0,2.0,0.2
1980342,400.0,2.0,0.2
1980384,400.0,2.0,0.2
1980573,400.0,2.0,0.2
1980580,400.0,2.0,0.2
1980868,400.0,2.0,0.2
1981211,400.0,2.0,0.2
1981234,400.0,2.0,0.2
1981287,400.0,2.0,0.2
1981390,400.0,2.0,0.2
1981392,400.0,2.0,0.2
1981516,400.0,2.0,0.2
1981536,400.0,2.0,0.2
1981766,400.0,2.0,0.2
1981771,400.0,2.0,0.2
1982028,400.0,2.0,0.2
1982127,400.0,2.0,0.2
1982196,400.0,2.0,0.2
1982281,400.0,2.0,0.2
1982390,400.0,2.0,0.2
1982672,400.0,2.0,0.2
1982725,400.0,2.0,0.2
1982781,400.0,2.0,0.2
1982797,400.0,2.0,0.2
1982966,400.0,2.0,0.2
1982968,400.0,2.0,0.2
1983041,400.0,2.0,0.2
1983094,400.0,2.0,0.2
1983188,400.0,2.0,0.2
1983201,400.0,2.0,0.2
1983326,400.0,2.0,0.2
1983421,400.0,2.0,0.2
1983480,400.0,2.0,0.2
1983705,400.0,2.0,0.2
1983809,400.0,2.0,0.2
1983900,400.0,2.0,0.2
1983987,400.0,2.0,0.2
1984006,400.0,2.0,0.2
1984029,400.0,2.0,0.2
1984065,400.0,2.0,0.2
1984155,400.0,2.0,0.2
1984224,400.0,2.0,0.2
1984233,400.0,2.0,0.2
1984318,400.0,2.0,0.2
1984339,400.0,2.0,0.2
1984367,400.0,2.0,0.2
1984396,400.0,2.0,0.2
1984553,400.0,2.0,0.2
1984554,400.0,2.0,0.2
1984789,400.0,2.0,0.2
1984795,400.0,2.0,0.2
1984959,400.0,2.0,0.2
1985016,400.0,2.0,0.2
1985348,400.0,2.0,0.2
1985387,400.0,2.0,0.2
1985522,400.0,2.0,0.2
1985673,400.0,2.0,0.2
1985697,400.0,2.0,0.2
1985708,400.0,2.0,0.2
1985846,400.0,2.0,0.2
1985930,400.0,2.0,0.2
1985975,400.0,2.0,0.2
1986001,400.0,2.0,0.2
1986069,400.0,2.0,0.2
1986358,400.0,2.0,0.2
1986378,400.0,2.0,0.2
1986682,400.0,2.0,0.2
1986808,400.0,2.0,0.2
1986848,400.0,2.0,0.2
1987161,400.0,2.0,0.2
1987256,400.0,2.0,0.2
1987317,400.0,2.0,0.2
1987410,400.0,2.0,0.2
1987487,400.0,2.0,0.2
1987497,400.0,2.0,0.2
1987575,400.0,2.0,0.2
1987618,400.0,2.0,0.2
1987644,400.0,2.0,0.2
1987745,400.0,2.0,0.2
1987972,400.0,2.0,0.2
1987992,400.0,2.0,0.2
1988006,400.0,2.0,0.2
1988016,400.0,2.0,0.2
1988035,400.0,2.0,0.2
1988080,400.0,2.0,0.2
1988081,400.0,2.0,0.2
1988183,400.0,2.0,0.2
1988185,400.0,2.0,0.2
1988207,400.0,2.0,0.2
1988209,400.0,2.0,0.2
1988237,400.0,2.0,0.2
1988246,400.0,2.0,0.2
1988272,400.0,2.0,0.2
1988288,400.0,2.0,0.2
1988308,400.0,2.0,0.2
1988330,400.0,2.0,0.2
1988360,400.0,2.0,0.2
1988412,400.0,2.0,0.2
1988422,400.0,2.0,0.2
1988569,400.0,2.0,0.2
1988573,400.0,2.0,0.2
1988626,400.0,2.0,0.2
1988637,400.0,2.0,0.2
1988782,400.0,2.0,0.2
1988871,400.0,2.0,0.2
1988900,400.0,2.0,0.2
1988964,400.0,2.0,0.2
1988975,400.0,2.0,0.2
1988988,400.0,2.0,0.2
1989079,400.0,2.0,0.2
1989219,400.0,2.0,0.2
1989265,400.0,2.0,0.2
1989273,400.0,2.0,0.2
1989304,400.0,2.0,0.2
1989319,400.0,2.0,0.2
1989432,400.0,2.0,0.2
1989474,400.0,2.0,0.2
1989851,400.0,2.0,0.2
1989984,400.0,2.0,0.2
1990108,400.0,2.0,0.2
1990131,400.0,2.0,0.2
1990140,400.0,2.0,0.2
1990142,400.0,2.0,0.2
1990156,400.0,2.0,0.2
1990203,400.0,2.0,0.2
1990296,400.0,2.0,0.2
1990310,400.0,2.0,0.2
1990321,400.0,2.0,0.2
1990351,400.0,2.0,0.2
1990396,400.0,2.0,0.2
1990422,400.0,2.0,0.2
1990447,400.0,2.0,0.2
1990454,400.0,2.0,0.2
1990471,400.0,2.0,0.2
1990526,400.0,2.0,0.2
1990616,400.0,2.0,0.2
1990617,400.0,2.0,0.2
1990674,400.0,2.0,0.2
1990739,400.0,2.0,0.2
1990759,400.0,2.0,0.2
1990792,400.0,2.0,0.2
1990846,400.0,2.0,0.2
1990874,400.0,2.0,0.2
1990906,400.0,2.0,0.2
1990910,400.0,2.0,0.2
1990990,400.0,2.0,0.2
1991011,400.0,2.0,0.2
1991040,400.0,2.0,0.2
1991087,400.0,2.0,0.2
1991124,400.0,2.0,0.2
1991129,400.0,2.0,0.2
1991194,400.0,2.0,0.2
1991197,400.0,2.0,0.2
1991258,400.0,2.0,0.2
1991264,400.0,2.0,0.2
1991289,400.0,2.0,0.2
1991293,400.0,2.0,0.2
1991414,400.0,2.0,0.2
1991421,400.0,2.0,0.2
1991455,400.0,2.0,0.2
1991467,400.0,2.0,0.2
1991482,400.0,2.0,0.2
1991496,400.0,2.0,0.2
1991555,400.0,2.0,0.2
1991608,400.0,2.0,0.2
1991746,400.0,2.0,0.2
1991845,400.0,2.0,0.2
1991963,400.0,2.0,0.2
1992021,400.0,2.0,0.2
1992046,400.0,2.0,0.2
1992051,400.0,2.0,0.2
1992055,400.0,2.0,0.2
1992061,400.0,2.0,0.2
1992123,400.0,2.0,0.2
1992135,400.0,2.0,0.2
1992148,400.0,2.0,0.2
1992198,400.0,2.0,0.2
1992202,400.0,2.0,0.2
1992267,400.0,2.0,0.2
1992278,400.0,2.0,0.2
1992293,400.0,2.0,0.2
1992310,400.0,2.0,0.2
1992313,400.0,2.0,0.2
1992359,400.0,2.0,0.2
1992398,400.0,2.0,0.2
1992460,400.0,2.0,0.2
1992619,400.0,2.0,0.2
1992669,400.0,2.0,0.2
1992727,400.0,2.0,0.2
1992767,400.0,2.0,0.2
1992772,400.0,2.0,0.2
1992840,400.0,2.0,0.2
1992991,400.0,2.0,0.2
1993027,400.0,2.0,0.2
1993045,400.0,2.0,0.2
1993108,400.0,2.0,0.2
1993118,400.0,2.0,0.2
1993137,400.0,2.0,0.2
1993251,400.0,2.0,0.2
1993270,400.0,2.0,0.2
1993337,400.0,2.0,0.2
1993341,400.0,2.0,0.2
1993355,400.0,2.0,0.2
1993379,400.0,2.0,0.2
1993397,400.0,2.0,0.2
1993398,400.0,2.0,0.2
1993409,400.0,2.0,0.2
1993468,400.0,2.0,0.2
1993490,400.0,2.0,0.2
1993546,400.0,2.0,0.2
1993579,400.0,2.0,0.2
1993622,400.0,2.0,0.2
1993750,400.0,2.0,0.2
1993822,400.0,2.0,0.2
1993841,400.0,2.0,0.2
1993934,400.0,2.0,0.2
1993963,400.0,2.0,0.2
1993984,400.0,2.0,0.2
1994044,400.0,2.0,0.2
1994204,400.0,2.0,0.2
1994227,400.0,2.0,0.2
1994230,400.0,2.0,0.2
1994294,400.0,2.0,0.2
1994346,400.0,2.0,0.2
1994363,400.0,2.0,0.2
1994390,400.0,2.0,0.2
1994401,400.0,2.0,0.2
1994410,400.0,2.0,0.2
1994418,400.0,2.0,0.2
1994437,400.0,2.0,0.2
1994565,400.0,2.0,0.2
1994717,400.0,2.0,0.2
1994732,400.0,2.0,0.2
1994784,400.0,2.0,0.2
1994793,400.0,2.0,0.2
1994847,400.0,2.0,0.2
1994848,400.0,2.0,0.2
1994941,400.0,2.0,0.2
1995078,400.0,2.0,0.2
1995138,400.0,2.0,0.2
1995192,400.0,2.0,0.2
1995335,400.0,2.0,0.2
1995386,400.0,2.0,0.2
1995475,400.0,2.0,0.2
1995542,400.0,2.0,0.2
1995614,400.0,2.0,0.2
1995707,400.0,2.0,0.2
1995709,400.0,2.0,0.2
1995778,400.0,2.0,0.2
1995815,400.0,2.0,0.2
1995818,400.0,2.0,0.2
1995893,400.0,2.0,0.2
1995965,400.0,2.0,0.2
1995972,400.0,2.0,0.2
1996076,400.0,2.0,0.2
1996092,400.0,2.0,0.2
1996285,400.0,2.0,0.2
1996310,400.0,2.0,0.2
1996427,400.0,2.0,0.2
1996657,400.0,2.0,0.2
1996684,400.0,2.0,0.2
1996702,400.0,2.0,0.2
1996814,400.0,2.0,0.2
1996823,400.0,2.0,0.2
1996940,400.0,2.0,0.2
1997025,400.0,2.0,0.2
1997135,400.0,2.0,0.2
1997290,400.0,2.0,0.2
1997331,400.0,2.0,0.2
1997371,400.0,2.0,0.2
1997383,400.0,2.0,0.2
1997388,400.0,2.0,0.2
1997419,400.0,2.0,0.2
1997479,400.0,2.0,0.2
1997513,400.0,2.0,0.2
1997606,400.0,2.0,0.2
1997683,400.0,2.0,0.2
1997728,400.0,2.0,0.2
1997788,400.0,2.0,0.2
1997835,400.0,2.0,0.2
1997883,400.0,2.0,0.2
1997888,400.0,2.0,0.2
1997983,400.0,2.0,0.2
1997984,400.0,2.0,0.2
1997995,400.0,2.0,0.2
1998037,400.0,2.0,0.2
1998062,400.0,2.0,0.2
1998145,400.0,2.0,0.2
1998171,400.0,2.0,0.2
1998175,400.0,2.0,0.2
1998259,400.0,2.0,0.2
1998282,400.0,2.0,0.2
1998324,400.0,2.0,0.2
1998343,400.0,2.0,0.2
1998362,400.0,2.0,0.2
1998375,400.0,2.0,0.2
1998399,400.0,2.0,0.2
1998433,400.0,2.0,0.2
1998482,400.0,2.0,0.2
1998509,400.0,2.0,0.2
1998510,400.0,2.0,0.2
1998525,400.0,2.0,0.2
1998552,400.0,2.0,0.2
1998629,400.0,2.0,0.2
1998750,400.0,2.0,0.2
1998757,400.0,2.0,0.2
1998802,400.0,2.0,0.2
1998830,400.0,2.0,0.2
1998933,400.0,2.0,0.2
1998957,400.0,2.0,0.2
1999014,400.0,2.0,0.2
1999067,400.0,2.0,0.2
1999141,400.0,2.0,0.2
1999230,400.0,2.0,0.2
1999382,400.0,2.0,0.2
1999400,400.0,2.0,0.2
1999419,400.0,2.0,0.2
1999533,400.0,2.0,0.2
1999620,400.0,2.0,0.2
1999729,400.0,2.0,0.2
1999747,400.0,2.0,0.2
1999768,400.0,2.0,0.2
1999838,400.0,2.0,0.2
2000075,400.0,2.0,0.2
2000286,400.0,2.0,0.2
2000287,400.0,2.0,0.2
2000319,400.0,2.0,0.2
2000453,400.0,2.0,0.2
2000521,400.0,2.0,0.2
2000547,400.0,2.0,0.2
2000642,400.0,2.0,0.2
2000658,400.0,2.0,0.2
2000731,400.0,2.0,0.2
2000786,400.0,2.0,0.2
2000792,400.0,2.0,0.2
2000871,400.0,2.0,0.2
2000888,400.0,2.0,0.2
2000892,400.0,2.0,0.2
2000916,400.0,2.0,0.2
2000984,400.0,2.0,0.2
2000997,400.0,2.0,0.2
2001055,400.0,2.0,0.2
2001108,400.0,2.0,0.2
2001121,400.0,2.0,0.2
2001122,400.0,2.0,0.2
2001167,400.0,2.0,0.2
2001176,400.0,2.0,0.2
2001243,400.0,2.0,0.2
2001347,400.0,2.0,0.2
2001356,400.0,2.0,0.2
2001367,400.0,2.0,0.2
2001387,400.0,2.0,0.2
2001396,400.0,2.0,0.2
2001397,400.0,2.0,0.2
2001442,400.0,2.0,0.2
2001474,400.0,2.0,0.2
2001502,400.0,2.0,0.2
2001514,400.0,2.0,0.2
2001594,400.0,2.0,0.2
2001599,400.0,2.0,0.2
2001618,400.0,2.0,0.2
2001636,400.0,2.0,0.2
2001651,400.0,2.0,0.2
2001706,400.0,2.0,0.2
2001729,400.0,2.0,0.2
2001795,400.0,2.0,0.2
2001796,400.0,2.0,0.2
2001822,400.0,2.0,0.2
2001865,400.0,2.0,0.2
2001893,400.0,2.0,0.2
2001954,400.0,2.0,0.2
2001981,400.0,2.0,0.2
2002040,400.0,2.0,0.2
2002126,400.0,2.0,0.2
2002222,400.0,2.0,0.2
2002236,400.0,2.0,0.2
2002317,400.0,2.0,0.2
2002326,400.0,2.0,0.2
2002358,400.0,2.0,0.2
2002387,400.0,2.0,0.2
2002446,400.0,2.0,0.2
2002481,400.0,2.0,0.2
2002482,400.0,2.0,0.2
2002540,400.0,2.0,0.2
2002545,400.0,2.0,0.2
2002549,400.0,2.0,0.2
2002605,400.0,2.0,0.2
2002645,400.0,2.0,0.2
2002685,400.0,2.0,0.2
2002698,400.0,2.0,0.2
2002733,400.0,2.0,0.2
2002742,400.0,2.0,0.2
2002776,400.0,2.0,0.2
2002827,400.0,2.0,0.2
2002852,400.0,2.0,0.2
2002884,400.0,2.0,0.2
2002901,400.0,2.0,0.2
2002938,400.0,2.0,0.2
2002993,400.0,2.0,0.2
2002994,400.0,2.0,0.2
2003051,400.0,2.0,0.2
2003127,400.0,2.0,0.2
2003229,400.0,2.0,0.2
2003237,400.0,2.0,0.2
2003265,400.0,2.0,0.2
2003312,400.0,2.0,0.2
2003320,400.0,2.0,0.2
2003331,400.0,2.0,0.2
2003338,400.0,2.0,0.2
2003397,400.0,2.0,0.2
2003446,400.0,2.0,0.2
2003488,400.0,2.0,0.2
2003507,400.0,2.0,0.2
2003510,400.0,2.0,0.2
2003565,400.0,2.0,0.2
2003650,400.0,2.0,0.2
2003670,400.0,2.0,0.2
2003690,400.0,2.0,0.2
2003753,400.0,2.0,0.2
2003823,400.0,2.0,0.2
2014810,400.0,2.0,0.2
2014832,400.0,2.0,0.2
2014867,400.0,2.0,0.2
2014948,400.0,2.0,0.2
2014975,400.0,2.0,0.2
2015042,400.0,2.0,0.2
2015053,400.0,2.0,0.2
2015073,400.0,2.0,0.2
2015133,400.0,2.0,0.2
2015169,400.0,2.0,0.2
2015170,400.0,2.0,0.2
2015270,400.0,2.0,0.2
2015276,400.0,2.0,0.2
2015340,400.0,2.0,0.2
2015381,400.0,2.0,0.2
2015415,400.0,2.0,0.2
2015461,400.0,2.0,0.2
2015512,400.0,2.0,0.2
2015689,400.0,2.0,0.2
2015874,400.0,2.0,0.2
2015880,400.0,2.0,0.2
2015920,400.0,2.0,0.2
2015979,400.0,2.0,0.2
2015987,400.0,2.0,0.2
2016003,400.0,2.0,0.2
2016042,400.0,2.0,0.2
2016056,400.0,2.0,0.2
2016060,400.0,2.0,0.2
2016175,400.0,2.0,0.2
2016180,400.0,2.0,0.2
2016202,400.0,2.0,0.2
2016242,400.0,2.0,0.2
2016272,400.0,2.0,0.2
2016286,400.0,2.0,0.2
2016409,400.0,2.0,0.2
2016416,400.0,2.0,0.2
2016451,400.0,2.0,0.2
2016552,400.0,2.0,0.2
2016613,400.0,2.0,0.2
2016636,400.0,2.0,0.2
2016660,400.0,2.0,0.2
2016690,400.0,2.0,0.2
2016729,400.0,2.0,0.2
2016807,400.0,2.0,0.2
2016812,400.0,2.0,0.2
2016858,400.0,2.0,0.2
2016868,400.0,2.0,0.2
2016911,400.0,2.0,0.2
2016920,400.0,2.0,0.2
2016922,400.0,2.0,0.2
2016941,400.0,2.0,0.2
2016954,400.0,2.0,0.2
2016998,400.0,2.0,0.2
2017010,400.0,2.0,0.2
2017046,400.0,2.0,0.2
2017063,400.0,2.0,0.2
2017066,400.0,2.0,0.2
2017153,400.0,2.0,0.2
2017171,400.0,2.0,0.2
2017209,400.0,2.0,0.2
2017241,400.0,2.0,0.2
2017280,400.0,2.0,0.2
2017293,400.0,2.0,0.2
2017347,400.0,2.0,0.2
2017373,400.0,2.0,0.2
2017591,400.0,2.0,0.2
2017607,400.0,2.0,0.2
2017623,400.0,2.0,0.2
2017663,400.0,2.0,0.2
2017706,400.0,2.0,0.2
2017717,400.0,2.0,0.2
2017724,400.0,2.0,0.2
2017794,400.0,2.0,0.2
2017811,400.0,2.0,0.2
2017817,400.0,2.0,0.2
2017821,400.0,2.0,0.2
2017868,400.0,2.0,0.2
2017882,400.0,2.0,0.2
2017887,400.0,2.0,0.2
2017898,400.0,2.0,0.2
2017932,400.0,2.0,0.2
2017941,400.0,2.0,0.2
2017993,400.0,2.0,0.2
2017998,400.0,2.0,0.2
2018015,400.0,2.0,0.2
2018052,400.0,2.0,0.2
2018083,400.0,2.0,0.2
2018104,400.0,2.0,0.2
2018113,400.0,2.0,0.2
2018181,400.0,2.0,0.2
2018185,400.0,2.0,0.2
2018189,400.0,2.0,0.2
2018192,400.0,2.0,0.2
2018236,400.0,2.0,0.2
2018254,400.0,2.0,0.2
2018278,400.0,2.0,0.2
2018334,400.0,2.0,0.2
2018354,400.0,2.0,0.2
2018387,400.0,2.0,0.2
2025326,400.0,2.0,0.2
2025808,400.0,2.0,0.2
2025864,400.0,2.0,0.2
2026085,400.0,2.0,0.2
2026125,400.0,2.0,0.2
2026165,400.0,2.0,0.2
2026231,400.0,2.0,0.2
2026310,400.0,2.0,0.2
2026436,400.0,2.0,0.2
2026452,400.0,2.0,0.2
2026475,400.0,2.0,0.2
2026498,400.0,2.0,0.2
2026688,400.0,2.0,0.2
2026719,400.0,2.0,0.2
2026804,400.0,2.0,0.2
2026899,400.0,2.0,0.2
2026968,400.0,2.0,0.2
2027092,400.0,2.0,0.2
2027131,400.0,2.0,0.2
2027152,400.0,2.0,0.2
2027163,400.0,2.0,0.2
2027250,400.0,2.0,0.2
2027306,400.0,2.0,0.2
2027477,400.0,2.0,0.2
2027688,400.0,2.0,0.2
2027914,400.0,2.0,0.2
2028032,400.0,2.0,0.2
2028211,400.0,2.0,0.2
2028256,400.0,2.0,0.2
2028599,400.0,2.0,0.2
2028663,400.0,2.0,0.2
2028904,400.0,2.0,0.2
2029151,400.0,2.0,0.2
2029188,400.0,2.0,0.2
2029224,400.0,2.0,0.2
2029264,400.0,2.0,0.2
2029304,400.0,2.0,0.2
2029426,400.0,2.0,0.2
2029433,400.0,2.0,0.2
2029521,400.0,2.0,0.2
2029664,400.0,2.0,0.2
2029751,400.0,2.0,0.2
2029927,400.0,2.0,0.2
2029947,400.0,2.0,0.2
2030026,400.0,2.0,0.2
2030031,400.0,2.0,0.2
2030315,400.0,2.0,0.2
2030456,400.0,2.0,0.2
2030522,400.0,2.0,0.2
2030593,400.0,2.0,0.2
2030594,400.0,2.0,0.2
2030630,400.0,2.0,0.2
2030661,400.0,2.0,0.2
2030709,400.0,2.0,0.2
2030759,400.0,2.0,0.2
2030766,400.0,2.0,0.2
2030775,400.0,2.0,0.2
2030782,400.0,2.0,0.2
2030801,400.0,2.0,0.2
2030846,400.0,2.0,0.2
2030876,400.0,2.0,0.2
2030902,400.0,2.0,0.2
2031073,400.0,2.0,0.2
2031097,400.0,2.0,0.2
2031132,400.0,2.0,0.2
2031151,400.0,2.0,0.2
2031176,400.0,2.0,0.2
2031182,400.0,2.0,0.2
2031262,400.0,2.0,0.2
2031508,400.0,2.0,0.2
2031571,400.0,2.0,0.2
2031677,400.0,2.0,0.2
2031760,400.0,2.0,0.2
2031818,400.0,2.0,0.2
2031829,400.0,2.0,0.2
2031861,400.0,2.0,0.2
2031949,400.0,2.0,0.2
2032044,400.0,2.0,0.2
2032071,400.0,2.0,0.2
2032098,400.0,2.0,0.2
2032117,400.0,2.0,0.2
2032242,400.0,2.0,0.2
2032303,400.0,2.0,0.2
2032393,400.0,2.0,0.2
2032421,400.0,2.0,0.2
2032441,400.0,2.0,0.2
2032483,400.0,2.0,0.2
2032535,400.0,2.0,0.2
2032557,400.0,2.0,0.2
2032614,400.0,2.0,0.2
2032616,400.0,2.0,0.2
2032622,400.0,2.0,0.2
2032668,400.0,2.0,0.2
2032712,400.0,2.0,0.2
2032750,400.0,2.0,0.2
2032881,400.0,2.0,0.2
2032929,400.0,2.0,0.2
2033011,400.0,2.0,0.2
2033017,400.0,2.0,0.2
2033044,400.0,2.0,0.2
2033074,400.0,2.0,0.2
2033085,400.0,2.0,0.2
2033139,400.0,2.0,0.2
2033147,400.0,2.0,0.2
2033179,400.0,2.0,0.2
2033260,400.0,2.0,0.2
2033270,400.0,2.0,0.2
2033291,400.0,2.0,0.2
2033354,400.0,2.0,0.2
2033410,400.0,2.0,0.2
2033441,400.0,2.0,0.2
2033514,400.0,2.0,0.2
2033557,400.0,2.0,0.2
2033619,400.0,2.0,0.2
2033627,400.0,2.0,0.2
2033636,400.0,2.0,0.2
2033707,400.0,2.0,0.2
2033718,400.0,2.0,0.2
2033759,400.0,2.0,0.2
2034000,400.0,2.0,0.2
2034034,400.0,2.0,0.2
2034075,400.0,2.0,0.2
2034107,400.0,2.0,0.2
2034109,400.0,2.0,0.2
2034305,400.0,2.0,0.2
2034351,400.0,2.0,0.2
2034417,400.0,2.0,0.2
2034429,400.0,2.0,0.2
2034649,400.0,2.0,0.2
2034717,400.0,2.0,0.2
2034786,400.0,2.0,0.2
2034800,400.0,2.0,0.2
2034874,400.0,2.0,0.2
2034935,400.0,2.0,0.2
2034964,400.0,2.0,0.2
2034986,400.0,2.0,0.2
2034997,400.0,2.0,0.2
2034999,400.0,2.0,0.2
2035008,400.0,2.0,0.2
2035374,400.0,2.0,0.2
2035389,400.0,2.0,0.2
2035435,400.0,2.0,0.2
2035524,400.0,2.0,0.2
2035567,400.0,2.0,0.2
2035736,400.0,2.0,0.2
2035836,400.0,2.0,0.2
2035923,400.0,2.0,0.2
2035950,400.0,2.0,0.2
2035965,400.0,2.0,0.2
2035984,400.0,2.0,0.2
2036087,400.0,2.0,0.2
2036172,400.0,2.0,0.2
2036220,400.0,2.0,0.2
2036229,400.0,2.0,0.2
2036262,400.0,2.0,0.2
2036350,400.0,2.0,0.2
2036382,400.0,2.0,0.2
2036469,400.0,2.0,0.2
2036475,400.0,2.0,0.2
2036504,400.0,2.0,0.2
2036512,400.0,2.0,0.2
2036513,400.0,2.0,0.2
2036586,400.0,2.0,0.2
2036592,400.0,2.0,0.2
2036618,400.0,2.0,0.2
2036628,400.0,2.0,0.2
2036643,400.0,2.0,0.2
2036658,400.0,2.0,0.2
2036668,400.0,2.0,0.2
2036783,400.0,2.0,0.2
2036787,400.0,2.0,0.2
2036833,400.0,2.0,0.2
2036866,400.0,2.0,0.2
2037001,400.0,2.0,0.2
2037019,400.0,2.0,0.2
2037022,400.0,2.0,0.2
2037110,400.0,2.0,0.2
2037121,400.0,2.0,0.2
2037137,400.0,2.0,0.2
2037153,400.0,2.0,0.2
2037159,400.0,2.0,0.2
2037163,400.0,2.0,0.2
2037173,400.0,2.0,0.2
2037196,400.0,2.0,0.2
2037197,400.0,2.0,0.2
2037202,400.0,2.0,0.2
2037204,400.0,2.0,0.2
2037224,400.0,2.0,0.2
2037246,400.0,2.0,0.2
2037254,400.0,2.0,0.2
2037268,400.0,2.0,0.2
2037273,400.0,2.0,0.2
2037332,400.0,2.0,0.2
2037384,400.0,2.0,0.2
2037425,400.0,2.0,0.2
2037448,400.0,2.0,0.2
2037537,400.0,2.0,0.2
2037543,400.0,2.0,0.2
2037655,400.0,2.0,0.2
2037826,400.0,2.0,0.2
2037877,400.0,2.0,0.2
2037886,400.0,2.0,0.2
2037934,400.0,2.0,0.2
2037968,400.0,2.0,0.2
2038191,400.0,2.0,0.2
2038241,400.0,2.0,0.2
2038261,400.0,2.0,0.2
2038296,400.0,2.0,0.2
2038300,400.0,2.0,0.2
2038381,400.0,2.0,0.2
2038382,400.0,2.0,0.2
2038433,400.0,2.0,0.2
2038455,400.0,2.0,0.2
2038492,400.0,2.0,0.2
2038529,400.0,2.0,0.2
2038559,400.0,2.0,0.2
2038657,400.0,2.0,0.2
2038691,400.0,2.0,0.2
2038849,400.0,2.0,0.2
2038873,400.0,2.0,0.2
2039078,400.0,2.0,0.2
2039099,400.0,2.0,0.2
2039198,400.0,2.0,0.2
2039391,400.0,2.0,0.2
2039526,400.0,2.0,0.2
2039679,400.0,2.0,0.2
2039735,400.0,2.0,0.2
2039808,400.0,2.0,0.2
2039817,400.0,2.0,0.2
2039915,400.0,2.0,0.2
2039943,400.0,2.0,0.2
2040079,400.0,2.0,0.2
2040087,400.0,2.0,0.2
2040175,400.0,2.0,0.2
2040222,400.0,2.0,0.2
2040230,400.0,2.0,0.2
2040288,400.0,2.0,0.2
2040355,400.0,2.0,0.2
2040360,400.0,2.0,0.2
2040391,400.0,2.0,0.2
2040481,400.0,2.0,0.2
2040504,400.0,2.0,0.2
2040600,400.0,2.0,0.2
2040700,400.0,2.0,0.2
2040703,400.0,2.0,0.2
2040745,400.0,2.0,0.2
2040873,400.0,2.0,0.2
2040895,400.0,2.0,0.2
2041022,400.0,2.0,0.2
2041024,400.0,2.0,0.2
2041032,400.0,2.0,0.2
2041067,400.0,2.0,0.2
2041113,400.0,2.0,0.2
2041130,400.0,2.0,0.2
2041136,400.0,2.0,0.2
2041188,400.0,2.0,0.2
2041277,400.0,2.0,0.2
2041280,400.0,2.0,0.2
2041309,400.0,2.0,0.2
2041317,400.0,2.0,0.2
2041351,400.0,2.0,0.2
2041404,400.0,2.0,0.2
2041483,400.0,2.0,0.2
2041520,400.0,2.0,0.2
2041717,400.0,2.0,0.2
2041722,400.0,2.0,0.2
2041728,400.0,2.0,0.2
2041778,400.0,2.0,0.2
2041934,400.0,2.0,0.2
2041956,400.0,2.0,0.2
2041961,400.0,2.0,0.2
2041986,400.0,2.0,0.2
2042175,400.0,2.0,0.2
2042467,400.0,2.0,0.2
2042543,400.0,2.0,0.2
2042645,400.0,2.0,0.2
2042659,400.0,2.0,0.2
2042772,400.0,2.0,0.2
2042874,400.0,2.0,0.2
2042912,400.0,2.0,0.2
2042992,400.0,2.0,0.2
2043077,400.0,2.0,0.2
2043181,400.0,2.0,0.2
2043252,400.0,2.0,0.2
2043268,400.0,2.0,0.2
2043458,400.0,2.0,0.2
2043573,400.0,2.0,0.2
2043747,400.0,2.0,0.2
2043800,400.0,2.0,0.2
2043840,400.0,2.0,0.2
2043944,400.0,2.0,0.2
2043976,400.0,2.0,0.2
2044002,400.0,2.0,0.2
2044061,400.0,2.0,0.2
2044076,400.0,2.0,0.2
2044112,400.0,2.0,0.2
2044130,400.0,2.0,0.2
2044149,400.0,2.0,0.2
2044274,400.0,2.0,0.2
2044310,400.0,2.0,0.2
2044431,400.0,2.0,0.2
2044446,400.0,2.0,0.2
2044447,400.0,2.0,0.2
2044478,400.0,2.0,0.2
2044497,400.0,2.0,0.2
2044536,400.0,2.0,0.2
2044572,400.0,2.0,0.2
2044639,400.0,2.0,0.2
2044645,400.0,2.0,0.2
2044661,400.0,2.0,0.2
2044677,400.0,2.0,0.2
2044766,400.0,2.0,0.2
2044884,400.0,2.0,0.2
2044947,400.0,2.0,0.2
2045215,400.0,2.0,0.2
2045232,400.0,2.0,0.2
2045291,400.0,2.0,0.2
2045356,400.0,2.0,0.2
2045644,400.0,2.0,0.2
2045728,400.0,2.0,0.2
2045836,400.0,2.0,0.2
2045918,400.0,2.0,0.2
2045940,400.0,2.0,0.2
2045964,400.0,2.0,0.2
2045994,400.0,2.0,0.2
2046006,400.0,2.0,0.2
2046039,400.0,2.0,0.2
2046071,400.0,2.0,0.2
2046159,400.0,2.0,0.2
2046181,400.0,2.0,0.2
2046224,400.0,2.0,0.2
2046231,400.0,2.0,0.2
2046239,400.0,2.0,0.2
2046263,400.0,2.0,0.2
2046274,400.0,2.0,0.2
2046335,400.0,2.0,0.2
2046337,400.0,2.0,0.2
2046345,400.0,2.0,0.2
2046403,400.0,2.0,0.2
2046410,400.0,2.0,0.2
2046423,400.0,2.0,0.2
2046449,400.0,2.0,0.2
2046473,400.0,2.0,0.2
2046576,400.0,2.0,0.2
2046597,400.0,2.0,0.2
2046601,400.0,2.0,0.2
2046606,400.0,2.0,0.2
2046643,400.0,2.0,0.2
2046831,400.0,2.0,0.2
2046851,400.0,2.0,0.2
2046967,400.0,2.0,0.2
2047028,400.0,2.0,0.2
2047039,400.0,2.0,0.2
2047106,400.0,2.0,0.2
2047109,400.0,2.0,0.2
2047110,400.0,2.0,0.2
2047116,400.0,2.0,0.2
2047171,400.0,2.0,0.2
2047224,400.0,2.0,0.2
2047252,400.0,2.0,0.2
2047399,400.0,2.0,0.2
2047508,400.0,2.0,0.2
2047562,400.0,2.0,0.2
2047565,400.0,2.0,0.2
2047569,400.0,2.0,0.2
2047606,400.0,2.0,0.2
2058926,400.0,2.0,0.2
2058968,400.0,2.0,0.2
2059083,400.0,2.0,0.2
2059112,400.0,2.0,0.2
2059173,400.0,2.0,0.2
2059249,400.0,2.0,0.2
2059257,400.0,2.0,0.2
2059288,400.0,2.0,0.2
2059352,400.0,2.0,0.2
2059583,400.0,2.0,0.2
2059594,400.0,2.0,0.2
2059612,400.0,2.0,0.2
2059627,400.0,2.0,0.2
2059646,400.0,2.0,0.2
2059683,400.0,2.0,0.2
2059730,400.0,2.0,0.2
2059800,400.0,2.0,0.2
2059825,400.0,2.0,0.2
2059962,400.0,2.0,0.2
2059975,400.0,2.0,0.2
2060021,400.0,2.0,0.2
2060040,400.0,2.0,0.2
2060086,400.0,2.0,0.2
2060104,400.0,2.0,0.2
2060145,400.0,2.0,0.2
2060204,400.0,2.0,0.2
2060208,400.0,2.0,0.2
2060258,400.0,2.0,0.2
2060271,400.0,2.0,0.2
2060279,400.0,2.0,0.2
2060341,400.0,2.0,0.2
2060500,400.0,2.0,0.2
2060506,400.0,2.0,0.2
2060547,400.0,2.0,0.2
2060585,400.0,2.0,0.2
2060596,400.0,2.0,0.2
2060655,400.0,2.0,0.2
2060703,400.0,2.0,0.2
2060706,400.0,2.0,0.2
2060707,400.0,2.0,0.2
2060782,400.0,2.0,0.2
2060811,400.0,2.0,0.2
2060850,400.0,2.0,0.2
2060967,400.0,2.0,0.2
2061001,400.0,2.0,0.2
2061033,400.0,2.0,0.2
2061067,400.0,2.0,0.2
2061085,400.0,2.0,0.2
2061092,400.0,2.0,0.2
2061101,400.0,2.0,0.2
2061181,400.0,2.0,0.2
2061191,400.0,2.0,0.2
2061246,400.0,2.0,0.2
2061247,400.0,2.0,0.2
2061300,400.0,2.0,0.2
2061320,400.0,2.0,0.2
2061352,400.0,2.0,0.2
2061360,400.0,2.0,0.2
2061367,400.0,2.0,0.2
2061373,400.0,2.0,0.2
2061387,400.0,2.0,0.2
2061525,400.0,2.0,0.2
2061595,400.0,2.0,0.2
2061605,400.0,2.0,0.2
2061607,400.0,2.0,0.2
2061614,400.0,2.0,0.2
2061719,400.0,2.0,0.2
2061720,400.0,2.0,0.2
2061753,400.0,2.0,0.2
2061755,400.0,2.0,0.2
2066109,400.0,2.0,0.2
2066134,400.0,2.0,0.2
2066308,400.0,2.0,0.2
2066320,400.0,2.0,0.2
2066392,400.0,2.0,0.2
2066492,400.0,2.0,0.2
2066759,400.0,2.0,0.2
2066843,400.0,2.0,0.2
2066899,400.0,2.0,0.2
2066926,400.0,2.0,0.2
2066937,400.0,2.0,0.2
2067354,400.0,2.0,0.2
2067413,400.0,2.0,0.2
2067554,400.0,2.0,0.2
2067598,400.0,2.0,0.2
2067743,400.0,2.0,0.2
2067997,400.0,2.0,0.2
2068119,400.0,2.0,0.2
2068266,400.0,2.0,0.2
2068304,400.0,2.0,0.2
2068357,400.0,2.0,0.2
2068404,400.0,2.0,0.2
2068484,400.0,2.0,0.2
2068604,400.0,2.0,0.2
2068625,400.0,2.0,0.2
2068670,400.0,2.0,0.2
2068689,400.0,2.0,0.2
2068788,400.0,2.0,0.2
2068791,400.0,2.0,0.2
2068824,400.0,2.0,0.2
2068843,400.0,2.0,0.2
2068872,400.0,2.0,0.2
2068877,400.0,2.0,0.2
2068897,400.0,2.0,0.2
2068912,400.0,2.0,0.2
2069106,400.0,2.0,0.2
2069107,400.0,2.0,0.2
2069125,400.0,2.0,0.2
2069131,400.0,2.0,0.2
2069164,400.0,2.0,0.2
2069293,400.0,2.0,0.2
2069464,400.0,2.0,0.2
2069522,400.0,2.0,0.2
2069552,400.0,2.0,0.2
2069584,400.0,2.0,0.2
2069595,400.0,2.0,0.2
2069644,400.0,2.0,0.2
2069692,400.0,2.0,0.2
2069737,400.0,2.0,0.2
2069782,400.0,2.0,0.2
2069917,400.0,2.0,0.2
2069939,400.0,2.0,0.2
2069990,400.0,2.0,0.2
2069991,400.0,2.0,0.2
2070044,400.0,2.0,0.2
2070046,400.0,2.0,0.2
2070125,400.0,2.0,0.2
2070153,400.0,2.0,0.2
2070168,400.0,2.0,0.2
2070276,400.0,2.0,0.2
2070324,400.0,2.0,0.2
2070382,400.0,2.0,0.2
2070409,400.0,2.0,0.2
2070546,400.0,2.0,0.2
2070560,400.0,2.0,0.2
2070642,400.0,2.0,0.2
2070643,400.0,2.0,0.2
2070762,400.0,2.0,0.2
2070859,400.0,2.0,0.2
2070901,400.0,2.0,0.2
2070945,400.0,2.0,0.2
2070988,400.0,2.0,0.2
2070990,400.0,2.0,0.2
2071029,400.0,2.0,0.2
2071069,400.0,2.0,0.2
2071104,400.0,2.0,0.2
2071106,400.0,2.0,0.2
2071177,400.0,2.0,0.2
2071210,400.0,2.0,0.2
2071322,400.0,2.0,0.2
2071430,400.0,2.0,0.2
2071487,400.0,2.0,0.2
2071517,400.0,2.0,0.2
2071524,400.0,2.0,0.2
2071560,400.0,2.0,0.2
2071630,400.0,2.0,0.2
2071634,400.0,2.0,0.2
2071659,400.0,2.0,0.2
2071690,400.0,2.0,0.2
2071710,400.0,2.0,0.2
2071729,400.0,2.0,0.2
2071788,400.0,2.0,0.2
2071818,400.0,2.0,0.2
2071947,400.0,2.0,0.2
2071968,400.0,2.0,0.2
2072008,400.0,2.0,0.2
2072018,400.0,2.0,0.2
2072061,400.0,2.0,0.2
2072145,400.0,2.0,0.2
2072245,400.0,2.0,0.2
2072356,400.0,2.0,0.2
2072375,400.0,2.0,0.2
2072483,400.0,2.0,0.2
2072490,400.0,2.0,0.2
2072540,400.0,2.0,0.2
2072633,400.0,2.0,0.2
2072634,400.0,2.0,0.2
2072648,400.0,2.0,0.2
2072658,400.0,2.0,0.2
2072662,400.0,2.0,0.2
2072700,400.0,2.0,0.2
2072740,400.0,2.0,0.2
2072741,400.0,2.0,0.2
2072760,400.0,2.0,0.2
2072809,400.0,2.0,0.2
2072930,400.0,2.0,0.2
2072931,400.0,2.0,0.2
2073046,400.0,2.0,0.2
2073064,400.0,2.0,0.2
2073079,400.0,2.0,0.2
2073111,400.0,2.0,0.2
2073136,400.0,2.0,0.2
2073183,400.0,2.0,0.2
2073218,400.0,2.0,0.2
2073268,400.0,2.0,0.2
2073301,400.0,2.0,0.2
2073318,400.0,2.0,0.2
2073323,400.0,2.0,0.2
2073385,400.0,2.0,0.2
2073444,400.0,2.0,0.2
2073546,400.0,2.0,0.2
2073585,400.0,2.0,0.2
2073723,400.0,2.0,0.2
2073746,400.0,2.0,0.2
2073825,400.0,2.0,0.2
2073847,400.0,2.0,0.2
2073887,400.0,2.0,0.2
2073910,400.0,2.0,0.2
2073924,400.0,2.0,0.2
2073963,400.0,2.0,0.2
2074009,400.0,2.0,0.2
2074039,400.0,2.0,0.2
2074050,400.0,2.0,0.2
2074057,400.0,2.0,0.2
2074076,400.0,2.0,0.2
2074077,400.0,2.0,0.2
2074112,400.0,2.0,0.2
2074130,400.0,2.0,0.2
2074158,400.0,2.0,0.2
2074217,400.0,2.0,0.2
2074244,400.0,2.0,0.2
2074313,400.0,2.0,0.2
2074315,400.0,2.0,0.2
2074323,400.0,2.0,0.2
2074344,400.0,2.0,0.2
2074347,400.0,2.0,0.2
2074391,400.0,2.0,0.2
2074428,400.0,2.0,0.2
2074546,400.0,2.0,0.2
2074581,400.0,2.0,0.2
2074626,400.0,2.0,0.2
2074742,400.0,2.0,0.2
2074789,400.0,2.0,0.2
2074850,400.0,2.0,0.2
2074899,400.0,2.0,0.2
2074920,400.0,2.0,0.2
2074929,400.0,2.0,0.2
2074940,400.0,2.0,0.2
2074979,400.0,2.0,0.2
2074992,400.0,2.0,0.2
2075228,400.0,2.0,0.2
2075248,400.0,2.0,0.2
2075381,400.0,2.0,0.2
2075393,400.0,2.0,0.2
2075480,400.0,2.0,0.2
2075571,400.0,2.0,0.2
2075616,400.0,2.0,0.2
2075648,400.0,2.0,0.2
2075704,400.0,2.0,0.2
2075793,400.0,2.0,0.2
2075856,400.0,2.0,0.2
2075889,400.0,2.0,0.2
2075893,400.0,2.0,0.2
2075941,400.0,2.0,0.2
2075952,400.0,2.0,0.2
2075956,400.0,2.0,0.2
2076043,400.0,2.0,0.2
2076082,400.0,2.0,0.2
2076096,400.0,2.0,0.2
2076182,400.0,2.0,0.2
2076359,400.0,2.0,0.2
2076450,400.0,2.0,0.2
2076522,400.0,2.0,0.2
2076608,400.0,2.0,0.2
2076681,400.0,2.0,0.2
2076713,400.0,2.0,0.2
2076826,400.0,2.0,0.2
2076957,400.0,2.0,0.2
2076967,400.0,2.0,0.2
2077207,400.0,2.0,0.2
2077230,400.0,2.0,0.2
2077293,400.0,2.0,0.2
2077304,400.0,2.0,0.2
2077338,400.0,2.0,0.2
2077363,400.0,2.0,0.2
2077387,400.0,2.0,0.2
2077408,400.0,2.0,0.2
2077421,400.0,2.0,0.2
2077448,400.0,2.0,0.2
2077455,400.0,2.0,0.2
2077567,400.0,2.0,0.2
2077572,400.0,2.0,0.2
2077611,400.0,2.0,0.2
2077798,400.0,2.0,0.2
2077869,400.0,2.0,0.2
2077887,400.0,2.0,0.2
2078071,400.0,2.0,0.2
2078167,400.0,2.0,0.2
2078188,400.0,2.0,0.2
2078251,400.0,2.0,0.2
2078378,400.0,2.0,0.2
2078404,400.0,2.0,0.2
2078458,400.0,2.0,0.2
2078465,400.0,2.0,0.2
2078538,400.0,2.0,0.2
2078599,400.0,2.0,0.2
2078603,400.0,2.0,0.2
2078796,400.0,2.0,0.2
2078835,400.0,2.0,0.2
2078985,400.0,2.0,0.2
2079035,400.0,2.0,0.2
2079164,400.0,2.0,0.2
2079172,400.0,2.0,0.2
2079282,400.0,2.0,0.2
2079433,400.0,2.0,0.2
2079440,400.0,2.0,0.2
2079640,400.0,2.0,0.2
2079646,400.0,2.0,0.2
2079652,400.0,2.0,0.2
2079684,400.0,2.0,0.2
2079721,400.0,2.0,0.2
2079748,400.0,2.0,0.2
2079750,400.0,2.0,0.2
2079822,400.0,2.0,0.2
2079871,400.0,2.0,0.2
2079883,400.0,2.0,0.2
2079922,400.0,2.0,0.2
2079932,400.0,2.0,0.2
2079953,400.0,2.0,0.2
2080145,400.0,2.0,0.2
2080200,400.0,2.0,0.2
2080209,400.0,2.0,0.2
2080213,400.0,2.0,0.2
2080308,400.0,2.0,0.2
2080347,400.0,2.0,0.2
2080420,400.0,2.0,0.2
2080501,400.0,2.0,0.2
2080523,400.0,2.0,0.2
2080620,400.0,2.0,0.2
2080662,400.0,2.0,0.2
2080716,400.0,2.0,0.2
2080728,400.0,2.0,0.2
2080833,400.0,2.0,0.2
2080849,400.0,2.0,0.2
2080856,400.0,2.0,0.2
2080871,400.0,2.0,0.2
2080874,400.0,2.0,0.2
2080916,400.0,2.0,0.2
2081031,400.0,2.0,0.2
2081042,400.0,2.0,0.2
2081058,400.0,2.0,0.2
2081063,400.0,2.0,0.2
2081088,400.0,2.0,0.2
2081187,400.0,2.0,0.2
2081944,400.0,2.0,0.2
2081965,400.0,2.0,0.2
2081977,400.0,2.0,0.2
2082013,400.0,2.0,0.2
2082082,400.0,2.0,0.2
2082103,400.0,2.0,0.2
2082134,400.0,2.0,0.2
2082135,400.0,2.0,0.2
2082143,400.0,2.0,0.2
2082157,400.0,2.0,0.2
2082184,400.0,2.0,0.2
2082199,400.0,2.0,0.2
2082267,400.0,2.0,0.2
2082271,400.0,2.0,0.2
2082284,400.0,2.0,0.2
2082316,400.0,2.0,0.2
2082318,400.0,2.0,0.2
2082366,400.0,2.0,0.2
2082369,400.0,2.0,0.2
2082456,400.0,2.0,0.2
2082505,400.0,2.0,0.2
2082514,400.0,2.0,0.2
2082530,400.0,2.0,0.2
2082535,400.0,2.0,0.2
2082540,400.0,2.0,0.2
2082556,400.0,2.0,0.2
2082593,400.0,2.0,0.2
2082625,400.0,2.0,0.2
2082627,400.0,2.0,0.2
2082641,400.0,2.0,0.2
2082724,400.0,2.0,0.2
2082745,400.0,2.0,0.2
2082751,400.0,2.0,0.2
2082797,400.0,2.0,0.2
2082833,400.0,2.0,0.2
2082881,400.0,2.0,0.2
2082922,400.0,2.0,0.2
2082926,400.0,2.0,0.2
2082936,400.0,2.0,0.2
2082983,400.0,2.0,0.2
2082986,400.0,2.0,0.2
2083013,400.0,2.0,0.2
2090784,400.0,2.0,0.2
2090788,400.0,2.0,0.2
2090890,400.0,2.0,0.2
2090896,400.0,2.0,0.2
2090924,400.0,2.0,0.2
2090935,400.0,2.0,0.2
2090940,400.0,2.0,0.2
2091041,400.0,2.0,0.2
2091102,400.0,2.0,0.2
2091103,400.0,2.0,0.2
2091225,400.0,2.0,0.2
2093955,400.0,2.0,0.2
2094067,400.0,2.0,0.2
2094120,400.0,2.0,0.2
2094165,400.0,2.0,0.2
2094377,400.0,2.0,0.2
2094384,400.0,2.0,0.2
2094418,400.0,2.0,0.2
2094507,400.0,2.0,0.2
2094557,400.0,2.0,0.2
2094585,400.0,2.0,0.2
2094625,400.0,2.0,0.2
2094785,400.0,2.0,0.2
2094818,400.0,2.0,0.2
2094992,400.0,2.0,0.2
2095010,400.0,2.0,0.2
2095081,400.0,2.0,0.2
2095102,400.0,2.0,0.2
2095187,400.0,2.0,0.2
2095291,400.0,2.0,0.2
2095372,400.0,2.0,0.2
2095385,400.0,2.0,0.2
2095424,400.0,2.0,0.2
2095474,400.0,2.0,0.2
2095516,400.0,2.0,0.2
2095649,400.0,2.0,0.2
2095676,400.0,2.0,0.2
2095691,400.0,2.0,0.2
2095736,400.0,2.0,0.2
2095831,400.0,2.0,0.2
2095861,400.0,2.0,0.2
2095904,400.0,2.0,0.2
2095927,400.0,2.0,0.2
2095931,400.0,2.0,0.2
2095938,400.0,2.0,0.2
2096157,400.0,2.0,0.2
2096168,400.0,2.0,0.2
2096177,400.0,2.0,0.2
2096222,400.0,2.0,0.2
2096248,400.0,2.0,0.2
2096323,400.0,2.0,0.2
2096345,400.0,2.0,0.2
2096346,400.0,2.0,0.2
2096403,400.0,2.0,0.2
2096445,400.0,2.0,0.2
2096465,400.0,2.0,0.2
2096493,400.0,2.0,0.2
2096506,400.0,2.0,0.2
2096570,400.0,2.0,0.2
2096696,400.0,2.0,0.2
2096769,400.0,2.0,0.2
2096775,400.0,2.0,0.2
2096782,400.0,2.0,0.2
2096977,400.0,2.0,0.2
2097059,400.0,2.0,0.2
2097296,400.0,2.0,0.2
2097405,400.0,2.0,0.2
2097444,400.0,2.0,0.2
2097630,400.0,2.0,0.2
2097696,400.0,2.0,0.2
2097702,400.0,2.0,0.2
2097839,400.0,2.0,0.2
2097998,400.0,2.0,0.2
2098100,400.0,2.0,0.2
2098200,400.0,2.0,0.2
2098240,400.0,2.0,0.2
2098281,400.0,2.0,0.2
2098301,400.0,2.0,0.2
2098375,400.0,2.0,0.2
2098402,400.0,2.0,0.2
2098470,400.0,2.0,0.2
2098532,400.0,2.0,0.2
2098627,400.0,2.0,0.2
2098688,400.0,2.0,0.2
2098722,400.0,2.0,0.2
2098737,400.0,2.0,0.2
2098740,400.0,2.0,0.2
2098787,400.0,2.0,0.2
2098790,400.0,2.0,0.2
2098791,400.0,2.0,0.2
2098815,400.0,2.0,0.2
2098932,400.0,2.0,0.2
2098999,400.0,2.0,0.2
2099000,400.0,2.0,0.2
2099033,400.0,2.0,0.2
2099074,400.0,2.0,0.2
2099160,400.0,2.0,0.2
2099226,400.0,2.0,0.2
2099375,400.0,2.0,0.2
2099523,400.0,2.0,0.2
2099817,400.0,2.0,0.2
2099835,400.0,2.0,0.2
2100005,400.0,2.0,0.2
2100009,400.0,2.0,0.2
2100051,400.0,2.0,0.2
2100054,400.0,2.0,0.2
2100097,400.0,2.0,0.2
2100152,400.0,2.0,0.2
2100347,400.0,2.0,0.2
2100390,400.0,2.0,0.2
2100467,400.0,2.0,0.2
2100485,400.0,2.0,0.2
2100552,400.0,2.0,0.2
2100580,400.0,2.0,0.2
2100589,400.0,2.0,0.2
2100658,400.0,2.0,0.2
2100756,400.0,2.0,0.2
2100761,400.0,2.0,0.2
2100766,400.0,2.0,0.2
2100767,400.0,2.0,0.2
2100769,400.0,2.0,0.2
2101068,400.0,2.0,0.2
2101187,400.0,2.0,0.2
2108511,400.0,2.0,0.2
2108541,400.0,2.0,0.2
2108569,400.0,2.0,0.2
2108575,400.0,2.0,0.2
2108611,400.0,2.0,0.2
2108624,400.0,2.0,0.2
2108638,400.0,2.0,0.2
2108700,400.0,2.0,0.2
2108703,400.0,2.0,0.2
2108720,400.0,2.0,0.2
2108732,400.0,2.0,0.2
2108761,400.0,2.0,0.2
2108767,400.0,2.0,0.2
2108783,400.0,2.0,0.2
2108795,400.0,2.0,0.2
2108831,400.0,2.0,0.2
2108832,400.0,2.0,0.2
2108915,400.0,2.0,0.2
2108941,400.0,2.0,0.2
2109012,400.0,2.0,0.2
2109113,400.0,2.0,0.2
2109195,400.0,2.0,0.2
2109227,400.0,2.0,0.2
2109235,400.0,2.0,0.2
2109293,400.0,2.0,0.2
2109294,400.0,2.0,0.2
2109321,400.0,2.0,0.2
2109336,400.0,2.0,0.2
2109425,400.0,2.0,0.2
2109439,400.0,2.0,0.2
2109443,400.0,2.0,0.2
2109510,400.0,2.0,0.2
2109531,400.0,2.0,0.2
2109626,400.0,2.0,0.2
2109631,400.0,2.0,0.2
2109714,400.0,2.0,0.2
2109725,400.0,2.0,0.2
2109850,400.0,2.0,0.2
2109868,400.0,2.0,0.2
2110056,400.0,2.0,0.2
2110080,400.0,2.0,0.2
2110205,400.0,2.0,0.2
2110232,400.0,2.0,0.2
2110358,400.0,2.0,0.2
2110363,400.0,2.0,0.2
2110394,400.0,2.0,0.2
2110508,400.0,2.0,0.2
2110684,400.0,2.0,0.2
2110763,400.0,2.0,0.2
2110852,400.0,2.0,0.2
2111107,400.0,2.0,0.2
2111211,400.0,2.0,0.2
2111528,400.0,2.0,0.2
2111533,400.0,2.0,0.2
2111665,400.0,2.0,0.2
2111884,400.0,2.0,0.2
2111941,400.0,2.0,0.2
2111974,400.0,2.0,0.2
2112101,400.0,2.0,0.2
2112116,400.0,2.0,0.2
2112140,400.0,2.0,0.2
2112164,400.0,2.0,0.2
2112198,400.0,2.0,0.2
2112286,400.0,2.0,0.2
2112306,400.0,2.0,0.2
2112398,400.0,2.0,0.2
2112415,400.0,2.0,0.2
2112456,400.0,2.0,0.2
2112551,400.0,2.0,0.2
2112607,400.0,2.0,0.2
2112620,400.0,2.0,0.2
2112659,400.0,2.0,0.2
2112685,400.0,2.0,0.2
2112706,400.0,2.0,0.2
2112718,400.0,2.0,0.2
2112764,400.0,2.0,0.2
2112771,400.0,2.0,0.2
2119494,400.0,2.0,0.2
2125030,400.0,2.0,0.2
2125059,400.0,2.0,0.2
2125098,400.0,2.0,0.2
2125146,400.0,2.0,0.2
2125171,400.0,2.0,0.2
2125183,400.0,2.0,0.2
2125254,400.0,2.0,0.2
2125368,400.0,2.0,0.2
2125454,400.0,2.0,0.2
2125529,400.0,2.0,0.2
2125601,400.0,2.0,0.2
2125613,400.0,2.0,0.2
2125628,400.0,2.0,0.2
2125715,400.0,2.0,0.2
2125732,400.0,2.0,0.2
2125756,400.0,2.0,0.2
2125770,400.0,2.0,0.2
2125804,400.0,2.0,0.2
2125805,400.0,2.0,0.2
2125840,400.0,2.0,0.2
2125854,400.0,2.0,0.2
2125866,400.0,2.0,0.2
2126001,400.0,2.0,0.2
2126028,400.0,2.0,0.2
2126039,400.0,2.0,0.2
2126062,400.0,2.0,0.2
2126129,400.0,2.0,0.2
2126159,400.0,2.0,0.2
2126201,400.0,2.0,0.2
2126265,400.0,2.0,0.2
2126313,400.0,2.0,0.2
2126356,400.0,2.0,0.2
2126375,400.0,2.0,0.2
2126459,400.0,2.0,0.2
2126473,400.0,2.0,0.2
2126511,400.0,2.0,0.2
2126545,400.0,2.0,0.2
2126607,400.0,2.0,0.2
2126631,400.0,2.0,0.2
2126635,400.0,2.0,0.2
2126670,400.0,2.0,0.2
2126684,400.0,2.0,0.2
2126782,400.0,2.0,0.2
2126841,400.0,2.0,0.2
2126978,400.0,2.0,0.2
2127049,400.0,2.0,0.2
2127074,400.0,2.0,0.2
2127139,400.0,2.0,0.2
2127174,400.0,2.0,0.2
2127179,400.0,2.0,0.2
2127250,400.0,2.0,0.2
2127277,400.0,2.0,0.2
2127381,400.0,2.0,0.2
2127391,400.0,2.0,0.2
2127399,400.0,2.0,0.2
2127471,400.0,2.0,0.2
2127478,400.0,2.0,0.2
2127487,400.0,2.0,0.2
2127621,400.0,2.0,0.2
2127667,400.0,2.0,0.2
2127707,400.0,2.0,0.2
2127763,400.0,2.0,0.2
2127830,400.0,2.0,0.2
2127875,400.0,2.0,0.2
2127881,400.0,2.0,0.2
2127888,400.0,2.0,0.2
2128015,400.0,2.0,0.2
2128020,400.0,2.0,0.2
2128070,400.0,2.0,0.2
2128077,400.0,2.0,0.2
2128104,400.0,2.0,0.2
2128126,400.0,2.0,0.2
2128164,400.0,2.0,0.2
2128167,400.0,2.0,0.2
2128230,400.0,2.0,0.2
2128245,400.0,2.0,0.2
2128319,400.0,2.0,0.2
2128337,400.0,2.0,0.2
2128343,400.0,2.0,0.2
2128396,400.0,2.0,0.2
2128432,400.0,2.0,0.2
2128495,400.0,2.0,0.2
2128500,400.0,2.0,0.2
2128506,400.0,2.0,0.2
2128559,400.0,2.0,0.2
2128572,400.0,2.0,0.2
2128586,400.0,2.0,0.2
2128659,400.0,2.0,0.2
2128703,400.0,2.0,0.2
2128705,400.0,2.0,0.2
2128779,400.0,2.0,0.2
2128941,400.0,2.0,0.2
2129004,400.0,2.0,0.2
2129006,400.0,2.0,0.2
2129020,400.0,2.0,0.2
2129048,400.0,2.0,0.2
2129141,400.0,2.0,0.2
2129295,400.0,2.0,0.2
2129318,400.0,2.0,0.2
2129332,400.0,2.0,0.2
2129490,400.0,2.0,0.2
2129528,400.0,2.0,0.2
2129538,400.0,2.0,0.2
2129551,400.0,2.0,0.2
2129618,400.0,2.0,0.2
2129623,400.0,2.0,0.2
2129649,400.0,2.0,0.2
2129662,400.0,2.0,0.2
2129684,400.0,2.0,0.2
2129701,400.0,2.0,0.2
2129705,400.0,2.0,0.2
2129745,400.0,2.0,0.2
2129845,400.0,2.0,0.2
2129995,400.0,2.0,0.2
2206243,400.0,2.0,0.2
2206297,400.0,2.0,0.2
2206308,400.0,2.0,0.2
2206432,400.0,2.0,0.2
2206483,400.0,2.0,0.2
2206533,400.0,2.0,0.2
2206537,400.0,2.0,0.2
2206539,400.0,2.0,0.2
2206694,400.0,2.0,0.2
2206903,400.0,2.0,0.2
2207040,400.0,2.0,0.2
2207060,400.0,2.0,0.2
2207108,400.0,2.0,0.2
2207163,400.0,2.0,0.2
2207231,400.0,2.0,0.2
2207265,400.0,2.0,0.2
2207279,400.0,2.0,0.2
2207354,400.0,2.0,0.2
2207368,400.0,2.0,0.2
2207443,400.0,2.0,0.2
2207459,400.0,2.0,0.2
2207483,400.0,2.0,0.2
2207513,400.0,2.0,0.2
2207523,400.0,2.0,0.2
2207550,400.0,2.0,0.2
2207580,400.0,2.0,0.2
2207612,400.0,2.0,0.2
2207633,400.0,2.0,0.2
2207698,400.0,2.0,0.2
2207718,400.0,2.0,0.2
2207753,400.0,2.0,0.2
2207805,400.0,2.0,0.2
2207830,400.0,2.0,0.2
2207841,400.0,2.0,0.2
2207848,400.0,2.0,0.2
2207918,400.0,2.0,0.2
2207928,400.0,2.0,0.2
2207938,400.0,2.0,0.2
2207939,400.0,2.0,0.2
2207954,400.0,2.0,0.2
2207971,400.0,2.0,0.2
2207974,400.0,2.0,0.2
2207984,400.0,2.0,0.2
2208017,400.0,2.0,0.2
2208027,400.0,2.0,0.2
2208038,400.0,2.0,0.2
2208062,400.0,2.0,0.2
2208066,400.0,2.0,0.2
2208090,400.0,2.0,0.2
2208138,400.0,2.0,0.2
2208182,400.0,2.0,0.2
2208204,400.0,2.0,0.2
2208344,400.0,2.0,0.2
2208426,400.0,2.0,0.2
2208449,400.0,2.0,0.2
2208520,400.0,2.0,0.2
2208531,400.0,2.0,0.2
2208545,400.0,2.0,0.2
2208602,400.0,2.0,0.2
2208697,400.0,2.0,0.2
2208856,400.0,2.0,0.2
2208986,400.0,2.0,0.2
2208993,400.0,2.0,0.2
2209023,400.0,2.0,0.2
2209116,400.0,2.0,0.2
2209130,400.0,2.0,0.2
2209151,400.0,2.0,0.2
2209290,400.0,2.0,0.2
2209297,400.0,2.0,0.2
2209325,400.0,2.0,0.2
2209377,400.0,2.0,0.2
2209402,400.0,2.0,0.2
2209445,400.0,2.0,0.2
2209534,400.0,2.0,0.2
2209569,400.0,2.0,0.2
2209627,400.0,2.0,0.2
2209660,400.0,2.0,0.2
2209683,400.0,2.0,0.2
2209685,400.0,2.0,0.2
2209813,400.0,2.0,0.2
2209831,400.0,2.0,0.2
2209894,400.0,2.0,0.2
2209908,400.0,2.0,0.2
2209925,400.0,2.0,0.2
2209931,400.0,2.0,0.2
2209935,400.0,2.0,0.2
2209950,400.0,2.0,0.2
2210012,400.0,2.0,0.2
2210154,400.0,2.0,0.2
2210202,400.0,2.0,0.2
2210203,400.0,2.0,0.2
2210322,400.0,2.0,0.2
2210518,400.0,2.0,0.2
2210560,400.0,2.0,0.2
2210563,400.0,2.0,0.2
2210614,400.0,2.0,0.2
2210712,400.0,2.0,0.2
2210853,400.0,2.0,0.2
2312825,400.0,2.0,0.2
2312891,400.0,2.0,0.2
2312906,400.0,2.0,0.2
2312998,400.0,2.0,0.2
2313038,400.0,2.0,0.2
2313078,400.0,2.0,0.2
2313093,400.0,2.0,0.2
2313147,400.0,2.0,0.2
2313215,400.0,2.0,0.2
2313282,400.0,2.0,0.2
2313340,400.0,2.0,0.2
2313367,400.0,2.0,0.2
2313394,400.0,2.0,0.2
2313433,400.0,2.0,0.2
2313528,400.0,2.0,0.2
2313555,400.0,2.0,0.2
2313610,400.0,2.0,0.2
2313653,400.0,2.0,0.2
2313672,400.0,2.0,0.2
2313678,400.0,2.0,0.2
2313684,400.0,2.0,0.2
2313691,400.0,2.0,0.2
2313857,400.0,2.0,0.2
2313907,400.0,2.0,0.2
2314104,400.0,2.0,0.2
2314144,400.0,2.0,0.2
2315588,400.0,2.0,0.2
2315593,400.0,2.0,0.2
2315595,400.0,2.0,0.2
2315625,400.0,2.0,0.2
2315636,400.0,2.0,0.2
2315676,400.0,2.0,0.2
2315700,400.0,2.0,0.2
2315716,400.0,2.0,0.2
2315737,400.0,2.0,0.2
2315807,400.0,2.0,0.2
2315838,400.0,2.0,0.2
2315854,400.0,2.0,0.2
2315949,400.0,2.0,0.2
2315950,400.0,2.0,0.2
2316063,400.0,2.0,0.2
2316091,400.0,2.0,0.2
2316155,400.0,2.0,0.2
2316178,400.0,2.0,0.2
2316237,400.0,2.0,0.2
2316270,400.0,2.0,0.2
2316310,400.0,2.0,0.2
2316388,400.0,2.0,0.2
2316557,400.0,2.0,0.2
2316564,400.0,2.0,0.2
2316567,400.0,2.0,0.2
2316599,400.0,2.0,0.2
2316618,400.0,2.0,0.2
2316622,400.0,2.0,0.2
2316634,400.0,2.0,0.2
2316647,400.0,2.0,0.2
2316660,400.0,2.0,0.2
2316696,400.0,2.0,0.2
2316738,400.0,2.0,0.2
2316753,400.0,2.0,0.2
2316760,400.0,2.0,0.2
2316855,400.0,2.0,0.2
2316864,400.0,2.0,0.2
2316866,400.0,2.0,0.2
2316949,400.0,2.0,0.2
2316955,400.0,2.0,0.2
2317004,400.0,2.0,0.2
2317194,400.0,2.0,0.2
2317213,400.0,2.0,0.2
2317215,400.0,2.0,0.2
2317259,400.0,2.0,0.2
2317318,400.0,2.0,0.2
2317344,400.0,2.0,0.2
2317350,400.0,2.0,0.2
2317375,400.0,2.0,0.2
2317444,400.0,2.0,0.2
2317445,400.0,2.0,0.2
2317488,400.0,2.0,0.2
2317509,400.0,2.0,0.2
2317523,400.0,2.0,0.2
2317525,400.0,2.0,0.2
2317555,400.0,2.0,0.2
2317637,400.0,2.0,0.2
2317660,400.0,2.0,0.2
2317683,400.0,2.0,0.2
2317708,400.0,2.0,0.2
2317713,400.0,2.0,0.2
2317726,400.0,2.0,0.2
2317773,400.0,2.0,0.2
2317817,400.0,2.0,0.2
2317827,400.0,2.0,0.2
2317944,400.0,2.0,0.2
2317989,400.0,2.0,0.2
2317990,400.0,2.0,0.2
2318023,400.0,2.0,0.2
2318037,400.0,2.0,0.2
2318114,400.0,2.0,0.2
2318183,400.0,2.0,0.2
2318206,400.0,2.0,0.2
2318226,400.0,2.0,0.2
2318229,400.0,2.0,0.2
2318265,400.0,2.0,0.2
2318343,400.0,2.0,0.2
2318344,400.0,2.0,0.2
2318366,400.0,2.0,0.2
2318403,400.0,2.0,0.2
2318414,400.0,2.0,0.2
2318418,400.0,2.0,0.2
2318421,400.0,2.0,0.2
2318435,400.0,2.0,0.2
2318437,400.0,2.0,0.2
2318439,400.0,2.0,0.2
2318480,400.0,2.0,0.2
2318507,400.0,2.0,0.2
2318541,400.0,2.0,0.2
2318577,400.0,2.0,0.2
2318580,400.0,2.0,0.2
2318630,400.0,2.0,0.2
2318660,400.0,2.0,0.2
2318673,400.0,2.0,0.2
2318748,400.0,2.0,0.2
2318752,400.0,2.0,0.2
2318861,400.0,2.0,0.2
2318864,400.0,2.0,0.2
2318875,400.0,2.0,0.2
2318965,400.0,2.0,0.2
2318986,400.0,2.0,0.2
2319008,400.0,2.0,0.2
2319029,400.0,2.0,0.2
2319133,400.0,2.0,0.2
2319148,400.0,2.0,0.2
2319154,400.0,2.0,0.2
2319158,400.0,2.0,0.2
2319179,400.0,2.0,0.2
2319243,400.0,2.0,0.2
2319338,400.0,2.0,0.2
2319347,400.0,2.0,0.2
2319350,400.0,2.0,0.2
2319404,400.0,2.0,0.2
2319426,400.0,2.0,0.2
2319428,400.0,2.0,0.2
2319449,400.0,2.0,0.2
2319469,400.0,2.0,0.2
2319557,400.0,2.0,0.2
2319615,400.0,2.0,0.2
2319631,400.0,2.0,0.2
2319636,400.0,2.0,0.2
2319696,400.0,2.0,0.2
2319743,400.0,2.0,0.2
2319770,400.0,2.0,0.2
2319835,400.0,2.0,0.2
2319903,400.0,2.0,0.2
2319909,400.0,2.0,0.2
2319933,400.0,2.0,0.2
2319979,400.0,2.0,0.2
2320031,400.0,2.0,0.2
2320157,400.0,2.0,0.2
2320225,400.0,2.0,0.2
2320239,400.0,2.0,0.2
2320248,400.0,2.0,0.2
2320265,400.0,2.0,0.2
2320390,400.0,2.0,0.2
2320538,400.0,2.0,0.2
2320574,400.0,2.0,0.2
2320593,400.0,2.0,0.2
2320667,400.0,2.0,0.2
2320702,400.0,2.0,0.2
2320706,400.0,2.0,0.2
2320709,400.0,2.0,0.2
2320714,400.0,2.0,0.2
2320730,400.0,2.0,0.2
2320733,400.0,2.0,0.2
2320740,400.0,2.0,0.2
2320772,400.0,2.0,0.2
2320786,400.0,2.0,0.2
2320842,400.0,2.0,0.2
2320887,400.0,2.0,0.2
2320889,400.0,2.0,0.2
2320933,400.0,2.0,0.2
2320937,400.0,2.0,0.2
2321010,400.0,2.0,0.2
2321071,400.0,2.0,0.2
2321095,400.0,2.0,0.2
2321110,400.0,2.0,0.2
2321182,400.0,2.0,0.2
2321217,400.0,2.0,0.2
2321228,400.0,2.0,0.2
2321283,400.0,2.0,0.2
2321291,400.0,2.0,0.2
2321352,400.0,2.0,0.2
2321433,400.0,2.0,0.2
2321463,400.0,2.0,0.2
2321464,400.0,2.0,0.2
2321518,400.0,2.0,0.2
2321547,400.0,2.0,0.2
2321561,400.0,2.0,0.2
2321574,400.0,2.0,0.2
2321576,400.0,2.0,0.2
2321578,400.0,2.0,0.2
2321585,400.0,2.0,0.2
2321616,400.0,2.0,0.2
2321651,400.0,2.0,0.2
2321673,400.0,2.0,0.2
2321676,400.0,2.0,0.2
2321701,400.0,2.0,0.2
2321722,400.0,2.0,0.2
2321729,400.0,2.0,0.2
2321791,400.0,2.0,0.2
2321847,400.0,2.0,0.2
2321877,400.0,2.0,0.2
2321976,400.0,2.0,0.2
2321984,400.0,2.0,0.2
2322010,400.0,2.0,0.2
2322165,400.0,2.0,0.2
2322166,400.0,2.0,0.2
2322180,400.0,2.0,0.2
2322241,400.0,2.0,0.2
2322243,400.0,2.0,0.2
2322248,400.0,2.0,0.2
2322254,400.0,2.0,0.2
2322260,400.0,2.0,0.2
2322308,400.0,2.0,0.2
2322343,400.0,2.0,0.2
2322361,400.0,2.0,0.2
2322366,400.0,2.0,0.2
2322414,400.0,2.0,0.2
2322506,400.0,2.0,0.2
2322699,400.0,2.0,0.2
2322741,400.0,2.0,0.2
2322786,400.0,2.0,0.2
2322841,400.0,2.0,0.2
2322868,400.0,2.0,0.2
2322932,400.0,2.0,0.2
2322959,400.0,2.0,0.2
2323042,400.0,2.0,0.2
2323067,400.0,2.0,0.2
2323127,400.0,2.0,0.2
2323209,400.0,2.0,0.2
2323217,400.0,2.0,0.2
2323234,400.0,2.0,0.2
2323301,400.0,2.0,0.2
2323466,400.0,2.0,0.2
2323577,400.0,2.0,0.2
2323646,400.0,2.0,0.2
2323650,400.0,2.0,0.2
2323686,400.0,2.0,0.2
2323695,400.0,2.0,0.2
2323715,400.0,2.0,0.2
2323818,400.0,2.0,0.2
2323829,400.0,2.0,0.2
2323833,400.0,2.0,0.2
2323839,400.0,2.0,0.2
2323932,400.0,2.0,0.2
2323979,400.0,2.0,0.2
2324032,400.0,2.0,0.2
2324063,400.0,2.0,0.2
2324083,400.0,2.0,0.2
2324139,400.0,2.0,0.2
2324168,400.0,2.0,0.2
2324275,400.0,2.0,0.2
2324316,400.0,2.0,0.2
2324393,400.0,2.0,0.2
2324394,400.0,2.0,0.2
2324414,400.0,2.0,0.2
2324506,400.0,2.0,0.2
2324568,400.0,2.0,0.2
2324653,400.0,2.0,0.2
2324754,400.0,2.0,0.2
2324776,400.0,2.0,0.2
2324805,400.0,2.0,0.2
2324884,400.0,2.0,0.2
2325034,400.0,2.0,0.2
2325088,400.0,2.0,0.2
2325116,400.0,2.0,0.2
2325149,400.0,2.0,0.2
2325174,400.0,2.0,0.2
2325176,400.0,2.0,0.2
2325182,400.0,2.0,0.2
2325241,400.0,2.0,0.2
2325251,400.0,2.0,0.2
2325257,400.0,2.0,0.2
2325377,400.0,2.0,0.2
2325404,400.0,2.0,0.2
2325441,400.0,2.0,0.2
2325458,400.0,2.0,0.2
2325525,400.0,2.0,0.2
2325535,400.0,2.0,0.2
2325612,400.0,2.0,0.2
2325645,400.0,2.0,0.2
2325658,400.0,2.0,0.2
2325703,400.0,2.0,0.2
2325766,400.0,2.0,0.2
2325770,400.0,2.0,0.2
2325774,400.0,2.0,0.2
2325795,400.0,2.0,0.2
2325888,400.0,2.0,0.2
2325934,400.0,2.0,0.2
2325985,400.0,2.0,0.2
2326032,400.0,2.0,0.2
2326239,400.0,2.0,0.2
2326260,400.0,2.0,0.2
2326262,400.0,2.0,0.2
2326271,400.0,2.0,0.2
2326315,400.0,2.0,0.2
2326404,400.0,2.0,0.2
2326435,400.0,2.0,0.2
2326519,400.0,2.0,0.2
2326551,400.0,2.0,0.2
2326597,400.0,2.0,0.2
2326636,400.0,2.0,0.2
2326639,400.0,2.0,0.2
2326791,400.0,2.0,0.2
2326836,400.0,2.0,0.2
2326837,400.0,2.0,0.2
2326849,400.0,2.0,0.2
2326899,400.0,2.0,0.2
2326913,400.0,2.0,0.2
2326969,400.0,2.0,0.2
2327002,400.0,2.0,0.2
2327025,400.0,2.0,0.2
2327091,400.0,2.0,0.2
2327131,400.0,2.0,0.2
2327152,400.0,2.0,0.2
2327182,400.0,2.0,0.2
2327221,400.0,2.0,0.2
2327277,400.0,2.0,0.2
2327286,400.0,2.0,0.2
2327311,400.0,2.0,0.2
2327326,400.0,2.0,0.2
2327389,400.0,2.0,0.2
2327421,400.0,2.0,0.2
2327424,400.0,2.0,0.2
2327473,400.0,2.0,0.2
2327516,400.0,2.0,0.2
2327538,400.0,2.0,0.2
2327586,400.0,2.0,0.2
2327593,400.0,2.0,0.2
2327597,400.0,2.0,0.2
2327692,400.0,2.0,0.2
2327711,400.0,2.0,0.2
2327729,400.0,2.0,0.2
2327733,400.0,2.0,0.2
2327764,400.0,2.0,0.2
2327795,400.0,2.0,0.2
2327800,400.0,2.0,0.2
2327820,400.0,2.0,0.2
2327879,400.0,2.0,0.2
2327941,400.0,2.0,0.2
2327956,400.0,2.0,0.2
2327970,400.0,2.0,0.2
2328024,400.0,2.0,0.2
2328075,400.0,2.0,0.2
2328090,400.0,2.0,0.2
2328095,400.0,2.0,0.2
2328096,400.0,2.0,0.2
2328210,400.0,2.0,0.2
2328213,400.0,2.0,0.2
2328292,400.0,2.0,0.2
2328318,400.0,2.0,0.2
2328360,400.0,2.0,0.2
2328383,400.0,2.0,0.2
2328504,400.0,2.0,0.2
2328595,400.0,2.0,0.2
2328631,400.0,2.0,0.2
2328640,400.0,2.0,0.2
2328660,400.0,2.0,0.2
2328675,400.0,2.0,0.2
2328724,400.0,2.0,0.2
2328786,400.0,2.0,0.2
2328802,400.0,2.0,0.2
2328804,400.0,2.0,0.2
2328818,400.0,2.0,0.2
2328849,400.0,2.0,0.2
2328868,400.0,2.0,0.2
2328870,400.0,2.0,0.2
2328947,400.0,2.0,0.2
2328950,400.0,2.0,0.2
2328953,400.0,2.0,0.2
2328954,400.0,2.0,0.2
2329004,400.0,2.0,0.2
2329006,400.0,2.0,0.2
2329085,400.0,2.0,0.2
2329138,400.0,2.0,0.2
2329195,400.0,2.0,0.2
2329330,400.0,2.0,0.2
2329439,400.0,2.0,0.2
2329461,400.0,2.0,0.2
2329482,400.0,2.0,0.2
2329507,400.0,2.0,0.2
2329518,400.0,2.0,0.2
2329542,400.0,2.0,0.2
2329567,400.0,2.0,0.2
2329637,400.0,2.0,0.2
2329704,400.0,2.0,0.2
2329732,400.0,2.0,0.2
2329976,400.0,2.0,0.2
2330005,400.0,2.0,0.2
2330082,400.0,2.0,0.2
2330128,400.0,2.0,0.2
2330144,400.0,2.0,0.2
2330227,400.0,2.0,0.2
2330274,400.0,2.0,0.2
2330326,400.0,2.0,0.2
2330342,400.0,2.0,0.2
2330397,400.0,2.0,0.2
2330421,400.0,2.0,0.2
2330569,400.0,2.0,0.2
2330610,400.0,2.0,0.2
2330618,400.0,2.0,0.2
2330658,400.0,2.0,0.2
2330670,400.0,2.0,0.2
2330705,400.0,2.0,0.2
2330857,400.0,2.0,0.2
2330891,400.0,2.0,0.2
2330913,400.0,2.0,0.2
2330941,400.0,2.0,0.2
2330964,400.0,2.0,0.2
2331110,400.0,2.0,0.2
2331111,400.0,2.0,0.2
2331115,400.0,2.0,0.2
2331143,400.0,2.0,0.2
2331169,400.0,2.0,0.2
2331596,400.0,2.0,0.2
2331848,400.0,2.0,0.2
2331849,400.0,2.0,0.2
2331910,400.0,2.0,0.2
2331915,400.0,2.0,0.2
2331926,400.0,2.0,0.2
2331947,400.0,2.0,0.2
2332034,400.0,2.0,0.2
2332115,400.0,2.0,0.2
2332249,400.0,2.0,0.2
2332251,400.0,2.0,0.2
2332308,400.0,2.0,0.2
2332325,400.0,2.0,0.2
2332403,400.0,2.0,0.2
2332488,400.0,2.0,0.2
2332499,400.0,2.0,0.2
2332501,400.0,2.0,0.2
2332543,400.0,2.0,0.2
2332564,400.0,2.0,0.2
2332582,400.0,2.0,0.2
2332670,400.0,2.0,0.2
2332713,400.0,2.0,0.2
2332724,400.0,2.0,0.2
2332788,400.0,2.0,0.2
2332795,400.0,2.0,0.2
2332799,400.0,2.0,0.2
2332802,400.0,2.0,0.2
2332812,400.0,2.0,0.2
2332870,400.0,2.0,0.2
2332879,400.0,2.0,0.2
2332931,400.0,2.0,0.2
2333016,400.0,2.0,0.2
2333040,400.0,2.0,0.2
2333076,400.0,2.0,0.2
2333152,400.0,2.0,0.2
2333158,400.0,2.0,0.2
2333169,400.0,2.0,0.2
2333410,400.0,2.0,0.2
2333458,400.0,2.0,0.2
2333533,400.0,2.0,0.2
2333548,400.0,2.0,0.2
2333688,400.0,2.0,0.2
2333690,400.0,2.0,0.2
2333708,400.0,2.0,0.2
2333713,400.0,2.0,0.2
2333731,400.0,2.0,0.2
2333770,400.0,2.0,0.2
2333775,400.0,2.0,0.2
2333812,400.0,2.0,0.2
2333831,400.0,2.0,0.2
2333931,400.0,2.0,0.2
2333960,400.0,2.0,0.2
2333981,400.0,2.0,0.2
2333986,400.0,2.0,0.2
2334061,400.0,2.0,0.2
2334077,400.0,2.0,0.2
2334088,400.0,2.0,0.2
2334090,400.0,2.0,0.2
2334120,400.0,2.0,0.2
2334136,400.0,2.0,0.2
2334200,400.0,2.0,0.2
2334215,400.0,2.0,0.2
2334244,400.0,2.0,0.2
2334361,400.0,2.0,0.2
2334370,400.0,2.0,0.2
2334427,400.0,2.0,0.2
2334445,400.0,2.0,0.2
2334492,400.0,2.0,0.2
2334687,400.0,2.0,0.2
2334812,400.0,2.0,0.2
2334818,400.0,2.0,0.2
2334824,400.0,2.0,0.2
2334850,400.0,2.0,0.2
2334857,400.0,2.0,0.2
2334879,400.0,2.0,0.2
2334889,400.0,2.0,0.2
2334896,400.0,2.0,0.2
2334918,400.0,2.0,0.2
2335003,400.0,2.0,0.2
2335112,400.0,2.0,0.2
2335154,400.0,2.0,0.2
2335179,400.0,2.0,0.2
2335209,400.0,2.0,0.2
2335255,400.0,2.0,0.2
2335262,400.0,2.0,0.2
2335359,400.0,2.0,0.2
2335366,400.0,2.0,0.2
2335387,400.0,2.0,0.2
2335392,400.0,2.0,0.2
2335415,400.0,2.0,0.2
2335421,400.0,2.0,0.2
2335427,400.0,2.0,0.2
2335444,400.0,2.0,0.2
2335455,400.0,2.0,0.2
2335492,400.0,2.0,0.2
2335520,400.0,2.0,0.2
2335586,400.0,2.0,0.2
2335592,400.0,2.0,0.2
2335633,400.0,2.0,0.2
2335735,400.0,2.0,0.2
2335756,400.0,2.0,0.2
2335789,400.0,2.0,0.2
2335794,400.0,2.0,0.2
2335798,400.0,2.0,0.2
2335889,400.0,2.0,0.2
2335917,400.0,2.0,0.2
2335943,400.0,2.0,0.2
2335949,400.0,2.0,0.2
2335950,400.0,2.0,0.2
2335975,400.0,2.0,0.2
2335984,400.0,2.0,0.2
2336069,400.0,2.0,0.2
2336070,400.0,2.0,0.2
2336078,400.0,2.0,0.2
2336086,400.0,2.0,0.2
2336102,400.0,2.0,0.2
2336121,400.0,2.0,0.2
2336124,400.0,2.0,0.2
2336192,400.0,2.0,0.2
2336214,400.0,2.0,0.2
2336241,400.0,2.0,0.2
2944186,400.0,2.0,0.2
2944271,400.0,2.0,0.2
2944460,400.0,2.0,0.2
2944502,400.0,2.0,0.2
2944505,400.0,2.0,0.2
2944515,400.0,2.0,0.2
2944516,400.0,2.0,0.2
2944558,400.0,2.0,0.2
2944584,400.0,2.0,0.2
2944614,400.0,2.0,0.2
2944785,400.0,2.0,0.2
2944837,400.0,2.0,0.2
2944902,400.0,2.0,0.2
2944903,400.0,2.0,0.2
2945086,400.0,2.0,0.2
2945106,400.0,2.0,0.2
2945114,400.0,2.0,0.2
2945212,400.0,2.0,0.2
2945278,400.0,2.0,0.2
2945335,400.0,2.0,0.2
2945368,400.0,2.0,0.2
2945373,400.0,2.0,0.2
2945379,400.0,2.0,0.2
2945444,400.0,2.0,0.2
2945697,400.0,2.0,0.2
2945734,400.0,2.0,0.2
2945740,400.0,2.0,0.2
2945796,400.0,2.0,0.2
2945848,400.0,2.0,0.2
2946081,400.0,2.0,0.2
2946097,400.0,2.0,0.2
2946111,400.0,2.0,0.2
2946258,400.0,2.0,0.2
2946306,400.0,2.0,0.2
2946307,400.0,2.0,0.2
2946539,400.0,2.0,0.2
2946717,400.0,2.0,0.2
2946805,400.0,2.0,0.2
2946821,400.0,2.0,0.2
2946832,400.0,2.0,0.2
2946944,400.0,2.0,0.2
2946958,400.0,2.0,0.2
2947074,400.0,2.0,0.2
2947105,400.0,2.0,0.2
2947141,400.0,2.0,0.2
2947228,400.0,2.0,0.2
2947239,400.0,2.0,0.2
3038948,400.0,2.0,0.2
3039010,400.0,2.0,0.2
3039022,400.0,2.0,0.2
3039031,400.0,2.0,0.2
3039048,400.0,2.0,0.2
3039049,400.0,2.0,0.2
3039067,400.0,2.0,0.2
3039077,400.0,2.0,0.2
3039116,400.0,2.0,0.2
3039136,400.0,2.0,0.2
3039138,400.0,2.0,0.2
3039153,400.0,2.0,0.2
3039167,400.0,2.0,0.2
3039183,400.0,2.0,0.2
3039186,400.0,2.0,0.2
3039242,400.0,2.0,0.2
3039450,400.0,2.0,0.2
3039578,400.0,2.0,0.2
3039786,400.0,2.0,0.2
3039791,400.0,2.0,0.2
3039822,400.0,2.0,0.2
3039890,400.0,2.0,0.2
3039930,400.0,2.0,0.2
3039939,400.0,2.0,0.2
3040010,400.0,2.0,0.2
3040044,400.0,2.0,0.2
3040066,400.0,2.0,0.2
3040075,400.0,2.0,0.2
3040155,400.0,2.0,0.2
3040228,400.0,2.0,0.2
3040285,400.0,2.0,0.2
3040304,400.0,2.0,0.2
3040426,400.0,2.0,0.2
3040432,400.0,2.0,0.2
3040458,400.0,2.0,0.2
3040499,400.0,2.0,0.2
3040503,400.0,2.0,0.2
3040526,400.0,2.0,0.2
3040562,400.0,2.0,0.2
3040575,400.0,2.0,0.2
3040641,400.0,2.0,0.2
3040667,400.0,2.0,0.2
3040726,400.0,2.0,0.2
3040728,400.0,2.0,0.2
3040743,400.0,2.0,0.2
3040768,400.0,2.0,0.2
3040787,400.0,2.0,0.2
3040799,400.0,2.0,0.2
3040829,400.0,2.0,0.2
3041030,400.0,2.0,0.2
3041131,400.0,2.0,0.2
3041145,400.0,2.0,0.2
3041177,400.0,2.0,0.2
3041221,400.0,2.0,0.2
3041259,400.0,2.0,0.2
3041342,400.0,2.0,0.2
3041374,400.0,2.0,0.2
3041485,400.0,2.0,0.2
3041516,400.0,2.0,0.2
3041667,400.0,2.0,0.2
3041668,400.0,2.0,0.2
3041760,400.0,2.0,0.2
3041909,400.0,2.0,0.2
3041972,400.0,2.0,0.2
3042018,400.0,2.0,0.2
3042095,400.0,2.0,0.2
3042114,400.0,2.0,0.2
3042537,400.0,2.0,0.2
3042944,400.0,2.0,0.2
3042957,400.0,2.0,0.2
3042966,400.0,2.0,0.2
3043135,400.0,2.0,0.2
3043213,400.0,2.0,0.2
3043268,400.0,2.0,0.2
3043302,400.0,2.0,0.2
3043312,400.0,2.0,0.2
3043344,400.0,2.0,0.2
3043437,400.0,2.0,0.2
3043461,400.0,2.0,0.2
3043463,400.0,2.0,0.2
3043484,400.0,2.0,0.2
3043519,400.0,2.0,0.2
3126899,400.0,2.0,0.2
3127114,400.0,2.0,0.2
3127342,400.0,2.0,0.2
3127398,400.0,2.0,0.2
3127721,400.0,2.0,0.2
3127747,400.0,2.0,0.2
3127893,400.0,2.0,0.2
3127916,400.0,2.0,0.2
3127925,400.0,2.0,0.2
3127944,400.0,2.0,0.2
3127970,400.0,2.0,0.2
3212090,400.0,2.0,0.2
3212114,400.0,2.0,0.2
3212236,400.0,2.0,0.2
3212320,400.0,2.0,0.2
3212360,400.0,2.0,0.2
3212369,400.0,2.0,0.2
3230933,400.0,2.0,0.2
3231076,400.0,2.0,0.2
3255196,400.0,2.0,0.2
3255207,400.0,2.0,0.2
3255279,400.0,2.0,0.2
3255283,400.0,2.0,0.2
3255293,400.0,2.0,0.2
3255389,400.0,2.0,0.2
3255392,400.0,2.0,0.2
3255437,400.0,2.0,0.2
3255442,400.0,2.0,0.2
3255473,400.0,2.0,0.2
3255508,400.0,2.0,0.2
3255515,400.0,2.0,0.2
3255529,400.0,2.0,0.2
3255565,400.0,2.0,0.2
3255586,400.0,2.0,0.2
3255607,400.0,2.0,0.2
3255610,400.0,2.0,0.2
3255706,400.0,2.0,0.2
3255729,400.0,2.0,0.2
3255773,400.0,2.0,0.2
3255801,400.0,2.0,0.2
3255806,400.0,2.0,0.2
3255812,400.0,2.0,0.2
3255821,400.0,2.0,0.2
3255822,400.0,2.0,0.2
3255845,400.0,2.0,0.2
3255850,400.0,2.0,0.2
3255860,400.0,2.0,0.2
3255894,400.0,2.0,0.2
3255926,400.0,2.0,0.2
3255942,400.0,2.0,0.2
3256045,400.0,2.0,0.2
3256131,400.0,2.0,0.2
3256142,400.0,2.0,0.2
3256233,400.0,2.0,0.2
3256292,400.0,2.0,0.2
3256391,400.0,2.0,0.2
3256398,400.0,2.0,0.2
3256401,400.0,2.0,0.2
3256437,400.0,2.0,0.2
3256521,400.0,2.0,0.2
3256624,400.0,2.0,0.2
3256648,400.0,2.0,0.2
3256681,400.0,2.0,0.2
3256803,400.0,2.0,0.2
3256855,400.0,2.0,0.2
3257014,400.0,2.0,0.2
3257100,400.0,2.0,0.2
3257101,400.0,2.0,0.2
3257108,400.0,2.0,0.2
3257120,400.0,2.0,0.2
3257156,400.0,2.0,0.2
3257176,400.0,2.0,0.2
3257299,400.0,2.0,0.2
3257322,400.0,2.0,0.2
3257389,400.0,2.0,0.2
3257390,400.0,2.0,0.2
3257396,400.0,2.0,0.2
3257408,400.0,2.0,0.2
3257441,400.0,2.0,0.2
3257466,400.0,2.0,0.2
3257555,400.0,2.0,0.2
3257825,400.0,2.0,0.2
3257844,400.0,2.0,0.2
3257942,400.0,2.0,0.2
3258082,400.0,2.0,0.2
3258273,400.0,2.0,0.2
3258291,400.0,2.0,0.2
3258303,400.0,2.0,0.2
3258410,400.0,2.0,0.2
3258446,400.0,2.0,0.2
3258624,400.0,2.0,0.2
3258682,400.0,2.0,0.2
3258747,400.0,2.0,0.2
3258808,400.0,2.0,0.2
3258813,400.0,2.0,0.2
3258824,400.0,2.0,0.2
3258894,400.0,2.0,0.2
3258979,400.0,2.0,0.2
3259057,400.0,2.0,0.2
3259120,400.0,2.0,0.2
3259135,400.0,2.0,0.2
3261692,400.0,2.0,0.2
3261707,400.0,2.0,0.2
3261735,400.0,2.0,0.2
3261773,400.0,2.0,0.2
3261822,400.0,2.0,0.2
3261869,400.0,2.0,0.2
3261907,400.0,2.0,0.2
3262032,400.0,2.0,0.2
3262054,400.0,2.0,0.2
3262075,400.0,2.0,0.2
3262077,400.0,2.0,0.2
3262085,400.0,2.0,0.2
3262193,400.0,2.0,0.2
3262195,400.0,2.0,0.2
3262196,400.0,2.0,0.2
3262205,400.0,2.0,0.2
3262208,400.0,2.0,0.2
3262248,400.0,2.0,0.2
3262259,400.0,2.0,0.2
3262354,400.0,2.0,0.2
3262456,400.0,2.0,0.2
3262516,400.0,2.0,0.2
3262520,400.0,2.0,0.2
3262627,400.0,2.0,0.2
4575454,400.0,2.0,0.2
4575556,400.0,2.0,0.2
4575560,400.0,2.0,0.2
4575561,400.0,2.0,0.2
4575677,400.0,2.0,0.2
4575729,400.0,2.0,0.2
4575827,400.0,2.0,0.2
4575864,400.0,2.0,0.2
4575981,400.0,2.0,0.2
4576083,400.0,2.0,0.2
4576085,400.0,2.0,0.2
4576254,400.0,2.0,0.2
4576305,400.0,2.0,0.2
4576451,400.0,2.0,0.2
4576529,400.0,2.0,0.2
4576556,400.0,2.0,0.2
4576558,400.0,2.0,0.2
4576589,400.0,2.0,0.2
4576749,400.0,2.0,0.2
4576857,400.0,2.0,0.2
4576935,400.0,2.0,0.2
4576991,400.0,2.0,0.2
4577003,400.0,2.0,0.2
4577086,400.0,2.0,0.2
4577124,400.0,2.0,0.2
4577172,400.0,2.0,0.2
4577200,400.0,2.0,0.2
4577201,400.0,2.0,0.2
4577218,400.0,2.0,0.2
4577230,400.0,2.0,0.2
4577282,400.0,2.0,0.2
4577289,400.0,2.0,0.2
4577335,400.0,2.0,0.2
4577345,400.0,2.0,0.2
4577387,400.0,2.0,0.2
4577516,400.0,2.0,0.2
4577528,400.0,2.0,0.2
4577558,400.0,2.0,0.2
4577571,400.0,2.0,0.2
4577644,400.0,2.0,0.2
4577646,400.0,2.0,0.2
4577663,400.0,2.0,0.2
4577718,400.0,2.0,0.2
4577738,400.0,2.0,0.2
4577755,400.0,2.0,0.2
4577762,400.0,2.0,0.2
4577786,400.0,2.0,0.2
4577809,400.0,2.0,0.2
4586505,400.0,2.0,0.2
4586578,400.0,2.0,0.2
4586612,400.0,2.0,0.2
4586729,400.0,2.0,0.2
4586944,400.0,2.0,0.2
4587049,400.0,2.0,0.2
4587086,400.0,2.0,0.2
4587405,400.0,2.0,0.2
4587492,400.0,2.0,0.2
4587552,400.0,2.0,0.2
4587614,400.0,2.0,0.2
4587658,400.0,2.0,0.2
4587686,400.0,2.0,0.2
4587700,400.0,2.0,0.2
4587740,400.0,2.0,0.2
4587805,400.0,2.0,0.2
4587811,400.0,2.0,0.2
4587839,400.0,2.0,0.2
4588102,400.0,2.0,0.2
4588161,400.0,2.0,0.2
4588184,400.0,2.0,0.2
4588200,400.0,2.0,0.2
4588279,400.0,2.0,0.2
4588293,400.0,2.0,0.2
4588303,400.0,2.0,0.2
4588315,400.0,2.0,0.2
4588433,400.0,2.0,0.2
4588471,400.0,2.0,0.2
4588781,400.0,2.0,0.2
4588812,400.0,2.0,0.2
4588819,400.0,2.0,0.2
4588935,400.0,2.0,0.2
4588940,400.0,2.0,0.2
4588971,400.0,2.0,0.2
4589157,400.0,2.0,0.2
4589310,400.0,2.0,0.2
4589354,400.0,2.0,0.2
4589451,400.0,2.0,0.2
4589508,400.0,2.0,0.2
4589534,400.0,2.0,0.2
4589613,400.0,2.0,0.2
4589848,400.0,2.0,0.2
4590011,400.0,2.0,0.2
4590021,400.0,2.0,0.2
4590085,400.0,2.0,0.2
4590122,400.0,2.0,0.2
4590190,400.0,2.0,0.2
4590247,400.0,2.0,0.2
4590314,400.0,2.0,0.2
4590401,400.0,2.0,0.2
4590459,400.0,2.0,0.2
4590766,400.0,2.0,0.2
4590927,400.0,2.0,0.2
4591018,400.0,2.0,0.2
4591080,400.0,2.0,0.2
4591093,400.0,2.0,0.2
4591137,400.0,2.0,0.2
4591207,400.0,2.0,0.2
4591224,400.0,2.0,0.2
4591243,400.0,2.0,0.2
4591257,400.0,2.0,0.2
4591378,400.0,2.0,0.2
4591380,400.0,2.0,0.2
4591466,400.0,2.0,0.2
4591564,400.0,2.0,0.2
4591586,400.0,2.0,0.2
4591613,400.0,2.0,0.2
4591619,400.0,2.0,0.2
4591641,400.0,2.0,0.2
4591643,400.0,2.0,0.2
4592034,400.0,2.0,0.2
4592215,400.0,2.0,0.2
4592262,400.0,2.0,0.2
4592265,400.0,2.0,0.2
4592305,400.0,2.0,0.2
4592385,400.0,2.0,0.2
4592580,400.0,2.0,0.2
4592614,400.0,2.0,0.2
4592718,400.0,2.0,0.2
4592789,400.0,2.0,0.2
4592899,400.0,2.0,0.2
4592950,400.0,2.0,0.2
4593004,400.0,2.0,0.2
4593042,400.0,2.0,0.2
4593117,400.0,2.0,0.2
4593256,400.0,2.0,0.2
4593376,400.0,2.0,0.2
4593399,400.0,2.0,0.2
4593540,400.0,2.0,0.2
4593570,400.0,2.0,0.2
4593596,400.0,2.0,0.2
4593843,400.0,2.0,0.2
4593995,400.0,2.0,0.2
4594007,400.0,2.0,0.2
4594052,400.0,2.0,0.2
4594097,400.0,2.0,0.2
4594210,400.0,2.0,0.2
4594274,400.0,2.0,0.2
4594290,400.0,2.0,0.2
4594400,400.0,2.0,0.2
4594421,400.0,2.0,0.2
4594440,400.0,2.0,0.2
4594481,400.0,2.0,0.2
4594503,400.0,2.0,0.2
4594546,400.0,2.0,0.2
4594561,400.0,2.0,0.2
4594675,400.0,2.0,0.2
4594877,400.0,2.0,0.2
4594885,400.0,2.0,0.2
4594897,400.0,2.0,0.2
4594927,400.0,2.0,0.2
4595013,400.0,2.0,0.2
4595152,400.0,2.0,0.2
4595277,400.0,2.0,0.2
4595298,400.0,2.0,0.2
4595585,400.0,2.0,0.2
4595587,400.0,2.0,0.2
4595637,400.0,2.0,0.2
4595652,400.0,2.0,0.2
4595653,400.0,2.0,0.2
4595705,400.0,2.0,0.2
4595750,400.0,2.0,0.2
4595836,400.0,2.0,0.2
4595926,400.0,2.0,0.2
4596043,400.0,2.0,0.2
4596055,400.0,2.0,0.2
4596149,400.0,2.0,0.2
4596199,400.0,2.0,0.2
4596233,400.0,2.0,0.2
4596307,400.0,2.0,0.2
4596310,400.0,2.0,0.2
4596323,400.0,2.0,0.2
4596382,400.0,2.0,0.2
4596420,400.0,2.0,0.2
4596436,400.0,2.0,0.2
4596442,400.0,2.0,0.2
4596581,400.0,2.0,0.2
4596676,400.0,2.0,0.2
4596693,400.0,2.0,0.2
4596698,400.0,2.0,0.2
4596702,400.0,2.0,0.2
4596856,400.0,2.0,0.2
4596919,400.0,2.0,0.2
4596930,400.0,2.0,0.2
4596949,400.0,2.0,0.2
4596992,400.0,2.0,0.2
4597022,400.0,2.0,0.2
4597078,400.0,2.0,0.2
4597148,400.0,2.0,0.2
4597180,400.0,2.0,0.2
4597247,400.0,2.0,0.2
4597267,400.0,2.0,0.2
4597319,400.0,2.0,0.2
4597339,400.0,2.0,0.2
4597343,400.0,2.0,0.2
4597378,400.0,2.0,0.2
4597496,400.0,2.0,0.2
4597503,400.0,2.0,0.2
4597570,400.0,2.0,0.2
4597640,400.0,2.0,0.2
4597674,400.0,2.0,0.2
4597801,400.0,2.0,0.2
4597849,400.0,2.0,0.2
4597927,400.0,2.0,0.2
4597941,400.0,2.0,0.2
4597969,400.0,2.0,0.2
4598035,400.0,2.0,0.2
4598094,400.0,2.0,0.2
4598108,400.0,2.0,0.2
4598125,400.0,2.0,0.2
4598168,400.0,2.0,0.2
4598213,400.0,2.0,0.2
4598354,400.0,2.0,0.2
4598582,400.0,2.0,0.2
4598611,400.0,2.0,0.2
4598646,400.0,2.0,0.2
4598737,400.0,2.0,0.2
4598765,400.0,2.0,0.2
4598865,400.0,2.0,0.2
4598961,400.0,2.0,0.2
4599204,400.0,2.0,0.2
4599214,400.0,2.0,0.2
4599358,400.0,2.0,0.2
4599428,400.0,2.0,0.2
4599519,400.0,2.0,0.2
4599669,400.0,2.0,0.2
4599850,400.0,2.0,0.2
4599946,400.0,2.0,0.2
4599989,400.0,2.0,0.2
4600032,400.0,2.0,0.2
4600048,400.0,2.0,0.2
4600100,400.0,2.0,0.2
4600130,400.0,2.0,0.2
4600136,400.0,2.0,0.2
4600211,400.0,2.0,0.2
4600330,400.0,2.0,0.2
4600559,400.0,2.0,0.2
4600624,400.0,2.0,0.2
4600642,400.0,2.0,0.2
4600808,400.0,2.0,0.2
4600891,400.0,2.0,0.2
4600971,400.0,2.0,0.2
4601105,400.0,2.0,0.2
4601165,400.0,2.0,0.2
4601311,400.0,2.0,0.2
4601394,400.0,2.0,0.2
4601479,400.0,2.0,0.2
4601528,400.0,2.0,0.2
4601577,400.0,2.0,0.2
4601607,400.0,2.0,0.2
4601972,400.0,2.0,0.2
4601985,400.0,2.0,0.2
4602120,400.0,2.0,0.2
4602164,400.0,2.0,0.2
4602214,400.0,2.0,0.2
4602257,400.0,2.0,0.2
4602278,400.0,2.0,0.2
4602305,400.0,2.0,0.2
4602358,400.0,2.0,0.2
4602377,400.0,2.0,0.2
4602506,400.0,2.0,0.2
4602581,400.0,2.0,0.2
4602636,400.0,2.0,0.2
4602661,400.0,2.0,0.2
4602676,400.0,2.0,0.2
4602729,400.0,2.0,0.2
4602815,400.0,2.0,0.2
4602887,400.0,2.0,0.2
4602888,400.0,2.0,0.2
4602892,400.0,2.0,0.2
4602984,400.0,2.0,0.2
4603020,400.0,2.0,0.2
4603368,400.0,2.0,0.2
4603393,400.0,2.0,0.2
4603406,400.0,2.0,0.2
4603519,400.0,2.0,0.2
4603562,400.0,2.0,0.2
4603640,400.0,2.0,0.2
4603648,400.0,2.0,0.2
4603817,400.0,2.0,0.2
4603870,400.0,2.0,0.2
4603879,400.0,2.0,0.2
4603884,400.0,2.0,0.2
4603913,400.0,2.0,0.2
4603914,400.0,2.0,0.2
4604023,400.0,2.0,0.2
4604052,400.0,2.0,0.2
4604108,400.0,2.0,0.2
4604205,400.0,2.0,0.2
4604344,400.0,2.0,0.2
4604403,400.0,2.0,0.2
4604518,400.0,2.0,0.2
4604826,400.0,2.0,0.2
4604905,400.0,2.0,0.2
4604987,400.0,2.0,0.2
4605049,400.0,2.0,0.2
4605100,400.0,2.0,0.2
4605198,400.0,2.0,0.2
4605233,400.0,2.0,0.2
4605261,400.0,2.0,0.2
4605289,400.0,2.0,0.2
4605345,400.0,2.0,0.2
4605385,400.0,2.0,0.2
4605386,400.0,2.0,0.2
4605506,400.0,2.0,0.2
4605545,400.0,2.0,0.2
4605599,400.0,2.0,0.2
4605645,400.0,2.0,0.2
4605788,400.0,2.0,0.2
4605794,400.0,2.0,0.2
4605903,400.0,2.0,0.2
4605952,400.0,2.0,0.2
4606014,400.0,2.0,0.2
4606026,400.0,2.0,0.2
4606104,400.0,2.0,0.2
4606145,400.0,2.0,0.2
4606186,400.0,2.0,0.2
4606224,400.0,2.0,0.2
4606227,400.0,2.0,0.2
4606359,400.0,2.0,0.2
4606384,400.0,2.0,0.2
4606417,400.0,2.0,0.2
4606419,400.0,2.0,0.2
4606458,400.0,2.0,0.2
4606463,400.0,2.0,0.2
4606540,400.0,2.0,0.2
4606780,400.0,2.0,0.2
4606781,400.0,2.0,0.2
4606794,400.0,2.0,0.2
4606848,400.0,2.0,0.2
4606875,400.0,2.0,0.2
4606931,400.0,2.0,0.2
4607078,400.0,2.0,0.2
4607110,400.0,2.0,0.2
4607141,400.0,2.0,0.2
4607157,400.0,2.0,0.2
4607191,400.0,2.0,0.2
4607234,400.0,2.0,0.2
4607263,400.0,2.0,0.2
4607310,400.0,2.0,0.2
4607323,400.0,2.0,0.2
4607339,400.0,2.0,0.2
4607403,400.0,2.0,0.2
4607432,400.0,2.0,0.2
4607446,400.0,2.0,0.2
4607449,400.0,2.0,0.2
4607468,400.0,2.0,0.2
4607494,400.0,2.0,0.2
4607501,400.0,2.0,0.2
4607579,400.0,2.0,0.2
4607600,400.0,2.0,0.2
4607612,400.0,2.0,0.2
4607781,400.0,2.0,0.2
4607827,400.0,2.0,0.2
4607890,400.0,2.0,0.2
4608051,400.0,2.0,0.2
4608096,400.0,2.0,0.2
4608138,400.0,2.0,0.2
4608385,400.0,2.0,0.2
4608541,400.0,2.0,0.2
4608572,400.0,2.0,0.2
4608653,400.0,2.0,0.2
4608796,400.0,2.0,0.2
4608983,400.0,2.0,0.2
4609053,400.0,2.0,0.2
4609060,400.0,2.0,0.2
4609075,400.0,2.0,0.2
4609141,400.0,2.0,0.2
4609251,400.0,2.0,0.2
4609296,400.0,2.0,0.2
4609362,400.0,2.0,0.2
4609390,400.0,2.0,0.2
4609430,400.0,2.0,0.2
4609443,400.0,2.0,0.2
4609450,400.0,2.0,0.2
4609510,400.0,2.0,0.2
4609518,400.0,2.0,0.2
4609653,400.0,2.0,0.2
4609669,400.0,2.0,0.2
4609755,400.0,2.0,0.2
4609773,400.0,2.0,0.2
4609802,400.0,2.0,0.2
4609831,400.0,2.0,0.2
4609886,400.0,2.0,0.2
4609901,400.0,2.0,0.2
4609912,400.0,2.0,0.2
4609929,400.0,2.0,0.2
4609985,400.0,2.0,0.2
4610266,400.0,2.0,0.2
4610395,400.0,2.0,0.2
4610473,400.0,2.0,0.2
4610603,400.0,2.0,0.2
4610624,400.0,2.0,0.2
4610630,400.0,2.0,0.2
4610745,400.0,2.0,0.2
4610823,400.0,2.0,0.2
4610871,400.0,2.0,0.2
4610884,400.0,2.0,0.2
4610886,400.0,2.0,0.2
4611024,400.0,2.0,0.2
4611047,400.0,2.0,0.2
4611202,400.0,2.0,0.2
4611327,400.0,2.0,0.2
4611358,400.0,2.0,0.2
4611443,400.0,2.0,0.2
4611466,400.0,2.0,0.2
4611468,400.0,2.0,0.2
4611477,400.0,2.0,0.2
4611495,400.0,2.0,0.2
4611643,400.0,2.0,0.2
4611702,400.0,2.0,0.2
4611766,400.0,2.0,0.2
4611783,400.0,2.0,0.2
4611845,400.0,2.0,0.2
4611912,400.0,2.0,0.2
4612097,400.0,2.0,0.2
4612136,400.0,2.0,0.2
4612158,400.0,2.0,0.2
4612286,400.0,2.0,0.2
4612295,400.0,2.0,0.2
4612302,400.0,2.0,0.2
4612350,400.0,2.0,0.2
4612354,400.0,2.0,0.2
4612392,400.0,2.0,0.2
4612416,400.0,2.0,0.2
4612521,400.0,2.0,0.2
4612551,400.0,2.0,0.2
4612565,400.0,2.0,0.2
4612578,400.0,2.0,0.2
4612595,400.0,2.0,0.2
4612626,400.0,2.0,0.2
4612647,400.0,2.0,0.2
4612660,400.0,2.0,0.2
4612673,400.0,2.0,0.2
4612695,400.0,2.0,0.2
4612762,400.0,2.0,0.2
4612777,400.0,2.0,0.2
4612822,400.0,2.0,0.2
4612860,400.0,2.0,0.2
4612898,400.0,2.0,0.2
4612919,400.0,2.0,0.2
4612926,400.0,2.0,0.2
4612944,400.0,2.0,0.2
4612963,400.0,2.0,0.2
4612965,400.0,2.0,0.2
4612982,400.0,2.0,0.2
4613010,400.0,2.0,0.2
4613012,400.0,2.0,0.2
4613038,400.0,2.0,0.2
4613108,400.0,2.0,0.2
4613244,400.0,2.0,0.2
4613362,400.0,2.0,0.2
4613369,400.0,2.0,0.2
4613378,400.0,2.0,0.2
4613472,400.0,2.0,0.2
4613505,400.0,2.0,0.2
4613548,400.0,2.0,0.2
4613599,400.0,2.0,0.2
4613652,400.0,2.0,0.2
4613681,400.0,2.0,0.2
4613716,400.0,2.0,0.2
4613837,400.0,2.0,0.2
4614291,400.0,2.0,0.2
4614339,400.0,2.0,0.2
4614411,400.0,2.0,0.2
4614449,400.0,2.0,0.2
4614469,400.0,2.0,0.2
4622807,400.0,2.0,0.2
4622818,400.0,2.0,0.2
4622825,400.0,2.0,0.2
4622862,400.0,2.0,0.2
4622870,400.0,2.0,0.2
4622888,400.0,2.0,0.2
4622915,400.0,2.0,0.2
4622924,400.0,2.0,0.2
4622931,400.0,2.0,0.2
4623013,400.0,2.0,0.2
4623030,400.0,2.0,0.2
4623071,400.0,2.0,0.2
4623125,400.0,2.0,0.2
4623167,400.0,2.0,0.2
4623179,400.0,2.0,0.2
4623226,400.0,2.0,0.2
4623290,400.0,2.0,0.2
4623393,400.0,2.0,0.2
4623528,400.0,2.0,0.2
4623535,400.0,2.0,0.2
4623636,400.0,2.0,0.2
4623763,400.0,2.0,0.2
4623936,400.0,2.0,0.2
4623940,400.0,2.0,0.2
4623946,400.0,2.0,0.2
4624014,400.0,2.0,0.2
4624024,400.0,2.0,0.2
4624062,400.0,2.0,0.2
4624079,400.0,2.0,0.2
4624127,400.0,2.0,0.2
4624135,400.0,2.0,0.2
4624155,400.0,2.0,0.2
4624217,400.0,2.0,0.2
4624320,400.0,2.0,0.2
4624325,400.0,2.0,0.2
4624332,400.0,2.0,0.2
4624333,400.0,2.0,0.2
4630907,400.0,2.0,0.2
4630975,400.0,2.0,0.2
4637397,400.0,2.0,0.2
4637405,400.0,2.0,0.2
4637437,400.0,2.0,0.2
4637444,400.0,2.0,0.2
4637500,400.0,2.0,0.2
4637636,400.0,2.0,0.2
4637678,400.0,2.0,0.2
4637680,400.0,2.0,0.2
4637696,400.0,2.0,0.2
4637709,400.0,2.0,0.2
4637722,400.0,2.0,0.2
4637910,400.0,2.0,0.2
4637992,400.0,2.0,0.2
4638012,400.0,2.0,0.2
4638122,400.0,2.0,0.2
4638139,400.0,2.0,0.2
4638440,400.0,2.0,0.2
4638488,400.0,2.0,0.2
4638769,400.0,2.0,0.2
4639047,400.0,2.0,0.2
4639260,400.0,2.0,0.2
4639357,400.0,2.0,0.2
4639767,400.0,2.0,0.2
4639859,400.0,2.0,0.2
4639872,400.0,2.0,0.2
4639950,400.0,2.0,0.2
4640009,400.0,2.0,0.2
4640177,400.0,2.0,0.2
4640194,400.0,2.0,0.2
4640204,400.0,2.0,0.2
4640383,400.0,2.0,0.2
4640445,400.0,2.0,0.2
4640612,400.0,2.0,0.2
4640776,400.0,2.0,0.2
4640849,400.0,2.0,0.2
4640994,400.0,2.0,0.2
4641009,400.0,2.0,0.2
4641107,400.0,2.0,0.2
4641342,400.0,2.0,0.2
4641516,400.0,2.0,0.2
4641561,400.0,2.0,0.2
4641696,400.0,2.0,0.2
4642055,400.0,2.0,0.2
4642219,400.0,2.0,0.2
4642277,400.0,2.0,0.2
4642309,400.0,2.0,0.2
4642330,400.0,2.0,0.2
4642359,400.0,2.0,0.2
4642465,400.0,2.0,0.2
4642641,400.0,2.0,0.2
4642918,400.0,2.0,0.2
4643063,400.0,2.0,0.2
4643127,400.0,2.0,0.2
4643395,400.0,2.0,0.2
4643457,400.0,2.0,0.2
4643563,400.0,2.0,0.2
4643581,400.0,2.0,0.2
4643681,400.0,2.0,0.2
4643684,400.0,2.0,0.2
4643750,400.0,2.0,0.2
4643833,400.0,2.0,0.2
4643860,400.0,2.0,0.2
4643924,400.0,2.0,0.2
4643955,400.0,2.0,0.2
4644020,400.0,2.0,0.2
4644115,400.0,2.0,0.2
4644152,400.0,2.0,0.2
4644216,400.0,2.0,0.2
4644369,400.0,2.0,0.2
4644406,400.0,2.0,0.2
4644511,400.0,2.0,0.2
4644538,400.0,2.0,0.2
4644570,400.0,2.0,0.2
4644760,400.0,2.0,0.2
4644780,400.0,2.0,0.2
4644802,400.0,2.0,0.2
4644914,400.0,2.0,0.2
4644939,400.0,2.0,0.2
4644998,400.0,2.0,0.2
4645133,400.0,2.0,0.2
4645276,400.0,2.0,0.2
4645323,400.0,2.0,0.2
4645414,400.0,2.0,0.2
4645736,400.0,2.0,0.2
4645766,400.0,2.0,0.2
4645786,400.0,2.0,0.2
4645839,400.0,2.0,0.2
4645883,400.0,2.0,0.2
4646005,400.0,2.0,0.2
4646054,400.0,2.0,0.2
4646086,400.0,2.0,0.2
4646092,400.0,2.0,0.2
4646151,400.0,2.0,0.2
4646189,400.0,2.0,0.2
4646208,400.0,2.0,0.2
4646210,400.0,2.0,0.2
4646231,400.0,2.0,0.2
4646263,400.0,2.0,0.2
4646288,400.0,2.0,0.2
4646315,400.0,2.0,0.2
4646359,400.0,2.0,0.2
4646481,400.0,2.0,0.2
4646522,400.0,2.0,0.2
4646536,400.0,2.0,0.2
4646589,400.0,2.0,0.2
4646696,400.0,2.0,0.2
4646738,400.0,2.0,0.2
4646768,400.0,2.0,0.2
4646864,400.0,2.0,0.2
4646919,400.0,2.0,0.2
4647104,400.0,2.0,0.2
4647116,400.0,2.0,0.2
4647292,400.0,2.0,0.2
4647331,400.0,2.0,0.2
4647378,400.0,2.0,0.2
4647379,400.0,2.0,0.2
4647451,400.0,2.0,0.2
4647524,400.0,2.0,0.2
4647528,400.0,2.0,0.2
4647554,400.0,2.0,0.2
4647599,400.0,2.0,0.2
4647610,400.0,2.0,0.2
4647698,400.0,2.0,0.2
4647718,400.0,2.0,0.2
4647977,400.0,2.0,0.2
4648280,400.0,2.0,0.2
4648330,400.0,2.0,0.2
4648363,400.0,2.0,0.2
4648722,400.0,2.0,0.2
4648872,400.0,2.0,0.2
4649067,400.0,2.0,0.2
4649302,400.0,2.0,0.2
4649461,400.0,2.0,0.2
4649508,400.0,2.0,0.2
4649511,400.0,2.0,0.2
4649709,400.0,2.0,0.2
4649823,400.0,2.0,0.2
4649866,400.0,2.0,0.2
4649896,400.0,2.0,0.2
4649915,400.0,2.0,0.2
4649966,400.0,2.0,0.2
4650037,400.0,2.0,0.2
4650070,400.0,2.0,0.2
4650119,400.0,2.0,0.2
4650140,400.0,2.0,0.2
4650141,400.0,2.0,0.2
4650311,400.0,2.0,0.2
4650472,400.0,2.0,0.2
4650547,400.0,2.0,0.2
4650584,400.0,2.0,0.2
4650630,400.0,2.0,0.2
4650635,400.0,2.0,0.2
4650830,400.0,2.0,0.2
4651026,400.0,2.0,0.2
4651108,400.0,2.0,0.2
4651141,400.0,2.0,0.2
4651163,400.0,2.0,0.2
4651183,400.0,2.0,0.2
4651493,400.0,2.0,0.2
4651959,400.0,2.0,0.2
4652100,400.0,2.0,0.2
4652172,400.0,2.0,0.2
4652173,400.0,2.0,0.2
4652351,400.0,2.0,0.2
4652487,400.0,2.0,0.2
4652495,400.0,2.0,0.2
4652619,400.0,2.0,0.2
4652635,400.0,2.0,0.2
4652639,400.0,2.0,0.2
4652643,400.0,2.0,0.2
4652671,400.0,2.0,0.2
4652747,400.0,2.0,0.2
4652767,400.0,2.0,0.2
4652810,400.0,2.0,0.2
4652856,400.0,2.0,0.2
4652867,400.0,2.0,0.2
4652900,400.0,2.0,0.2
4652917,400.0,2.0,0.2
4652991,400.0,2.0,0.2
4653061,400.0,2.0,0.2
4653149,400.0,2.0,0.2
4653158,400.0,2.0,0.2
4653175,400.0,2.0,0.2
4653182,400.0,2.0,0.2
4653183,400.0,2.0,0.2
4653263,400.0,2.0,0.2
4653277,400.0,2.0,0.2
4653377,400.0,2.0,0.2
4653441,400.0,2.0,0.2
4653485,400.0,2.0,0.2
4653514,400.0,2.0,0.2
4653557,400.0,2.0,0.2
4653650,400.0,2.0,0.2
4653710,400.0,2.0,0.2
4653775,400.0,2.0,0.2
4653780,400.0,2.0,0.2
4653817,400.0,2.0,0.2
4653845,400.0,2.0,0.2
4653997,400.0,2.0,0.2
4654032,400.0,2.0,0.2
4654059,400.0,2.0,0.2
4654062,400.0,2.0,0.2
4654114,400.0,2.0,0.2
4654165,400.0,2.0,0.2
4654240,400.0,2.0,0.2
4654348,400.0,2.0,0.2
4654369,400.0,2.0,0.2
4654384,400.0,2.0,0.2
4654392,400.0,2.0,0.2
4654436,400.0,2.0,0.2
4654520,400.0,2.0,0.2
4654527,400.0,2.0,0.2
4654530,400.0,2.0,0.2
4654622,400.0,2.0,0.2
4654650,400.0,2.0,0.2
4654682,400.0,2.0,0.2
4654781,400.0,2.0,0.2
4654843,400.0,2.0,0.2
4654850,400.0,2.0,0.2
4655001,400.0,2.0,0.2
4655033,400.0,2.0,0.2
4655116,400.0,2.0,0.2
4655243,400.0,2.0,0.2
4655401,400.0,2.0,0.2
4655504,400.0,2.0,0.2
4655592,400.0,2.0,0.2
4655611,400.0,2.0,0.2
4655674,400.0,2.0,0.2
4655687,400.0,2.0,0.2
4655706,400.0,2.0,0.2
4655729,400.0,2.0,0.2
4655806,400.0,2.0,0.2
4655850,400.0,2.0,0.2
4655893,400.0,2.0,0.2
4655940,400.0,2.0,0.2
4656000,400.0,2.0,0.2
4656039,400.0,2.0,0.2
4656076,400.0,2.0,0.2
4656089,400.0,2.0,0.2
4656100,400.0,2.0,0.2
4656183,400.0,2.0,0.2
4656198,400.0,2.0,0.2
4656236,400.0,2.0,0.2
4656295,400.0,2.0,0.2
4656296,400.0,2.0,0.2
4656400,400.0,2.0,0.2
4656416,400.0,2.0,0.2
4656432,400.0,2.0,0.2
4656474,400.0,2.0,0.2
4656507,400.0,2.0,0.2
4656542,400.0,2.0,0.2
4656546,400.0,2.0,0.2
4656562,400.0,2.0,0.2
4656603,400.0,2.0,0.2
4656621,400.0,2.0,0.2
4656633,400.0,2.0,0.2
4656673,400.0,2.0,0.2
4656679,400.0,2.0,0.2
4656697,400.0,2.0,0.2
4656722,400.0,2.0,0.2
4656865,400.0,2.0,0.2
4656913,400.0,2.0,0.2
4656944,400.0,2.0,0.2
4656960,400.0,2.0,0.2
4657012,400.0,2.0,0.2
4657171,400.0,2.0,0.2
4657181,400.0,2.0,0.2
4657245,400.0,2.0,0.2
4657333,400.0,2.0,0.2
4657364,400.0,2.0,0.2
4657530,400.0,2.0,0.2
4657540,400.0,2.0,0.2
4657567,400.0,2.0,0.2
4657642,400.0,2.0,0.2
4657693,400.0,2.0,0.2
4657755,400.0,2.0,0.2
4657792,400.0,2.0,0.2
4657908,400.0,2.0,0.2
4657919,400.0,2.0,0.2
4658053,400.0,2.0,0.2
4658129,400.0,2.0,0.2
4658260,400.0,2.0,0.2
4658572,400.0,2.0,0.2
4658707,400.0,2.0,0.2
4658744,400.0,2.0,0.2
4658851,400.0,2.0,0.2
4658876,400.0,2.0,0.2
4658937,400.0,2.0,0.2
4659012,400.0,2.0,0.2
4659044,400.0,2.0,0.2
4659058,400.0,2.0,0.2
4659061,400.0,2.0,0.2
4659219,400.0,2.0,0.2
4659274,400.0,2.0,0.2
4659607,400.0,2.0,0.2
4659746,400.0,2.0,0.2
4659841,400.0,2.0,0.2
4659880,400.0,2.0,0.2
4659887,400.0,2.0,0.2
4659893,400.0,2.0,0.2
4659931,400.0,2.0,0.2
4660049,400.0,2.0,0.2
4660143,400.0,2.0,0.2
4660190,400.0,2.0,0.2
4660208,400.0,2.0,0.2
4660212,400.0,2.0,0.2
4660303,400.0,2.0,0.2
4660439,400.0,2.0,0.2
4660470,400.0,2.0,0.2
4660516,400.0,2.0,0.2
4660618,400.0,2.0,0.2
4660635,400.0,2.0,0.2
4660682,400.0,2.0,0.2
4660756,400.0,2.0,0.2
4660802,400.0,2.0,0.2
4660978,400.0,2.0,0.2
4661114,400.0,2.0,0.2
4661145,400.0,2.0,0.2
4661454,400.0,2.0,0.2
4661564,400.0,2.0,0.2
4661584,400.0,2.0,0.2
4661877,400.0,2.0,0.2
4661878,400.0,2.0,0.2
4661897,400.0,2.0,0.2
4661905,400.0,2.0,0.2
4661917,400.0,2.0,0.2
4661964,400.0,2.0,0.2
4661966,400.0,2.0,0.2
4662066,400.0,2.0,0.2
4662080,400.0,2.0,0.2
4662141,400.0,2.0,0.2
4662158,400.0,2.0,0.2
4662176,400.0,2.0,0.2
4662259,400.0,2.0,0.2
4662292,400.0,2.0,0.2
4662327,400.0,2.0,0.2
4662365,400.0,2.0,0.2
4662380,400.0,2.0,0.2
4662383,400.0,2.0,0.2
4662444,400.0,2.0,0.2
4662457,400.0,2.0,0.2
4662462,400.0,2.0,0.2
4662512,400.0,2.0,0.2
4662535,400.0,2.0,0.2
4662536,400.0,2.0,0.2
4662659,400.0,2.0,0.2
4662795,400.0,2.0,0.2
4662939,400.0,2.0,0.2
4663064,400.0,2.0,0.2
4663119,400.0,2.0,0.2
4663145,400.0,2.0,0.2
4663234,400.0,2.0,0.2
4663276,400.0,2.0,0.2
4663330,400.0,2.0,0.2
4663437,400.0,2.0,0.2
4663605,400.0,2.0,0.2
4663666,400.0,2.0,0.2
4663716,400.0,2.0,0.2
4663728,400.0,2.0,0.2
4663755,400.0,2.0,0.2
4663760,400.0,2.0,0.2
4663852,400.0,2.0,0.2
4663911,400.0,2.0,0.2
4663930,400.0,2.0,0.2
4663950,400.0,2.0,0.2
4663979,400.0,2.0,0.2
4664039,400.0,2.0,0.2
4664071,400.0,2.0,0.2
4664076,400.0,2.0,0.2
4664101,400.0,2.0,0.2
4664109,400.0,2.0,0.2
4664142,400.0,2.0,0.2
4664179,400.0,2.0,0.2
4664208,400.0,2.0,0.2
4664590,400.0,2.0,0.2
4664628,400.0,2.0,0.2
4664649,400.0,2.0,0.2
4664686,400.0,2.0,0.2
4664703,400.0,2.0,0.2
4664765,400.0,2.0,0.2
4664783,400.0,2.0,0.2
4664798,400.0,2.0,0.2
4680203,400.0,2.0,0.2
4680261,400.0,2.0,0.2
4680306,400.0,2.0,0.2
4680324,400.0,2.0,0.2
4680442,400.0,2.0,0.2
4680544,400.0,2.0,0.2
4680574,400.0,2.0,0.2
4680594,400.0,2.0,0.2
4680618,400.0,2.0,0.2
4680829,400.0,2.0,0.2
4680834,400.0,2.0,0.2
4680870,400.0,2.0,0.2
4680882,400.0,2.0,0.2
4680891,400.0,2.0,0.2
4681011,400.0,2.0,0.2
4681068,400.0,2.0,0.2
4681099,400.0,2.0,0.2
4681106,400.0,2.0,0.2
4681163,400.0,2.0,0.2
4681178,400.0,2.0,0.2
4681313,400.0,2.0,0.2
4681333,400.0,2.0,0.2
4681389,400.0,2.0,0.2
4681448,400.0,2.0,0.2
4681481,400.0,2.0,0.2
4681660,400.0,2.0,0.2
4681799,400.0,2.0,0.2
4687940,400.0,2.0,0.2
4688043,400.0,2.0,0.2
4688105,400.0,2.0,0.2
4688302,400.0,2.0,0.2
4688499,400.0,2.0,0.2
4688505,400.0,2.0,0.2
4688592,400.0,2.0,0.2
4688601,400.0,2.0,0.2
4688655,400.0,2.0,0.2
4688669,400.0,2.0,0.2
4688700,400.0,2.0,0.2
4688822,400.0,2.0,0.2
4688879,400.0,2.0,0.2
4689116,400.0,2.0,0.2
4689182,400.0,2.0,0.2
4689310,400.0,2.0,0.2
4689343,400.0,2.0,0.2
4689432,400.0,2.0,0.2
4689519,400.0,2.0,0.2
4689711,400.0,2.0,0.2
4689815,400.0,2.0,0.2
4689924,400.0,2.0,0.2
4690146,400.0,2.0,0.2
4690188,400.0,2.0,0.2
4690195,400.0,2.0,0.2
4690236,400.0,2.0,0.2
4690383,400.0,2.0,0.2
4690589,400.0,2.0,0.2
4690618,400.0,2.0,0.2
4690691,400.0,2.0,0.2
4690705,400.0,2.0,0.2
4690765,400.0,2.0,0.2
4690778,400.0,2.0,0.2
4690827,400.0,2.0,0.2
4690950,400.0,2.0,0.2
4690985,400.0,2.0,0.2
4690993,400.0,2.0,0.2
4691022,400.0,2.0,0.2
4691062,400.0,2.0,0.2
4691073,400.0,2.0,0.2
4691120,400.0,2.0,0.2
4691213,400.0,2.0,0.2
4691261,400.0,2.0,0.2
4691314,400.0,2.0,0.2
4691474,400.0,2.0,0.2
4692030,400.0,2.0,0.2
4692034,400.0,2.0,0.2
4692108,400.0,2.0,0.2
4692144,400.0,2.0,0.2
4692226,400.0,2.0,0.2
4692228,400.0,2.0,0.2
4692344,400.0,2.0,0.2
4692525,400.0,2.0,0.2
4692700,400.0,2.0,0.2
4692889,400.0,2.0,0.2
4692905,400.0,2.0,0.2
4692921,400.0,2.0,0.2
4693167,400.0,2.0,0.2
4693306,400.0,2.0,0.2
4693371,400.0,2.0,0.2
4693428,400.0,2.0,0.2
4693586,400.0,2.0,0.2
4693688,400.0,2.0,0.2
4694027,400.0,2.0,0.2
4694075,400.0,2.0,0.2
4694158,400.0,2.0,0.2
4694392,400.0,2.0,0.2
4694411,400.0,2.0,0.2
4694628,400.0,2.0,0.2
4694704,400.0,2.0,0.2
4694777,400.0,2.0,0.2
4694783,400.0,2.0,0.2
4694784,400.0,2.0,0.2
4694785,400.0,2.0,0.2
4694830,400.0,2.0,0.2
4694906,400.0,2.0,0.2
4694963,400.0,2.0,0.2
4694970,400.0,2.0,0.2
4695014,400.0,2.0,0.2
4695038,400.0,2.0,0.2
4695085,400.0,2.0,0.2
4695119,400.0,2.0,0.2
4695288,400.0,2.0,0.2
4695384,400.0,2.0,0.2
4695483,400.0,2.0,0.2
4695592,400.0,2.0,0.2
4695859,400.0,2.0,0.2
4695880,400.0,2.0,0.2
4695925,400.0,2.0,0.2
4695945,400.0,2.0,0.2
4695962,400.0,2.0,0.2
4696025,400.0,2.0,0.2
4696051,400.0,2.0,0.2
4696062,400.0,2.0,0.2
4696091,400.0,2.0,0.2
4696233,400.0,2.0,0.2
4696422,400.0,2.0,0.2
4696439,400.0,2.0,0.2
4696447,400.0,2.0,0.2
4696453,400.0,2.0,0.2
4696467,400.0,2.0,0.2
4696494,400.0,2.0,0.2
4696584,400.0,2.0,0.2
4696621,400.0,2.0,0.2
4696632,400.0,2.0,0.2
4696684,400.0,2.0,0.2
4696706,400.0,2.0,0.2
4696731,400.0,2.0,0.2
4696766,400.0,2.0,0.2
4696822,400.0,2.0,0.2
4696855,400.0,2.0,0.2
4696903,400.0,2.0,0.2
4696936,400.0,2.0,0.2
4696946,400.0,2.0,0.2
4697033,400.0,2.0,0.2
4697088,400.0,2.0,0.2
4697131,400.0,2.0,0.2
4697199,400.0,2.0,0.2
4697227,400.0,2.0,0.2
4697678,400.0,2.0,0.2
4697888,400.0,2.0,0.2
4698098,400.0,2.0,0.2
4698234,400.0,2.0,0.2
4698273,400.0,2.0,0.2
4698292,400.0,2.0,0.2
4698319,400.0,2.0,0.2
4698330,400.0,2.0,0.2
4698518,400.0,2.0,0.2
4698617,400.0,2.0,0.2
4698741,400.0,2.0,0.2
4698788,400.0,2.0,0.2
4698800,400.0,2.0,0.2
4698822,400.0,2.0,0.2
4698825,400.0,2.0,0.2
4698871,400.0,2.0,0.2
4699356,400.0,2.0,0.2
4699492,400.0,2.0,0.2
4699609,400.0,2.0,0.2
4699664,400.0,2.0,0.2
4699692,400.0,2.0,0.2
4699821,400.0,2.0,0.2
4699902,400.0,2.0,0.2
4700040,400.0,2.0,0.2
4700110,400.0,2.0,0.2
4700193,400.0,2.0,0.2
4700358,400.0,2.0,0.2
4700486,400.0,2.0,0.2
4700638,400.0,2.0,0.2
4700727,400.0,2.0,0.2
4700738,400.0,2.0,0.2
4700740,400.0,2.0,0.2
4700786,400.0,2.0,0.2
4700900,400.0,2.0,0.2
4700969,400.0,2.0,0.2
4701071,400.0,2.0,0.2
4701087,400.0,2.0,0.2
4701093,400.0,2.0,0.2
4701144,400.0,2.0,0.2
4701179,400.0,2.0,0.2
4701202,400.0,2.0,0.2
4701240,400.0,2.0,0.2
4701280,400.0,2.0,0.2
4701409,400.0,2.0,0.2
4701413,400.0,2.0,0.2
4701525,400.0,2.0,0.2
4701542,400.0,2.0,0.2
4701552,400.0,2.0,0.2
4701628,400.0,2.0,0.2
4701650,400.0,2.0,0.2
4701724,400.0,2.0,0.2
4701729,400.0,2.0,0.2
4701796,400.0,2.0,0.2
4701844,400.0,2.0,0.2
4701856,400.0,2.0,0.2
4701941,400.0,2.0,0.2
4702090,400.0,2.0,0.2
4702114,400.0,2.0,0.2
4702516,400.0,2.0,0.2
4702521,400.0,2.0,0.2
4702527,400.0,2.0,0.2
4702651,400.0,2.0,0.2
4702681,400.0,2.0,0.2
4702691,400.0,2.0,0.2
4702716,400.0,2.0,0.2
4702781,400.0,2.0,0.2
4702809,400.0,2.0,0.2
4702829,400.0,2.0,0.2
4702840,400.0,2.0,0.2
4702903,400.0,2.0,0.2
4702937,400.0,2.0,0.2
4702939,400.0,2.0,0.2
4702974,400.0,2.0,0.2
4703020,400.0,2.0,0.2
4703078,400.0,2.0,0.2
4703081,400.0,2.0,0.2
4703084,400.0,2.0,0.2
4703124,400.0,2.0,0.2
4703164,400.0,2.0,0.2
4703274,400.0,2.0,0.2
4703304,400.0,2.0,0.2
4703321,400.0,2.0,0.2
4703357,400.0,2.0,0.2
4703359,400.0,2.0,0.2
4703362,400.0,2.0,0.2
4703501,400.0,2.0,0.2
4703601,400.0,2.0,0.2
4703624,400.0,2.0,0.2
4703628,400.0,2.0,0.2
4703632,400.0,2.0,0.2
4703637,400.0,2.0,0.2
4703722,400.0,2.0,0.2
4703783,400.0,2.0,0.2
4703903,400.0,2.0,0.2
4703959,400.0,2.0,0.2
4703961,400.0,2.0,0.2
4704045,400.0,2.0,0.2
4704093,400.0,2.0,0.2
4704318,400.0,2.0,0.2
4704404,400.0,2.0,0.2
4704494,400.0,2.0,0.2
4704520,400.0,2.0,0.2
4704534,400.0,2.0,0.2
4704667,400.0,2.0,0.2
4704935,400.0,2.0,0.2
4704992,400.0,2.0,0.2
4705004,400.0,2.0,0.2
4705165,400.0,2.0,0.2
4705177,400.0,2.0,0.2
4705334,400.0,2.0,0.2
4705416,400.0,2.0,0.2
4705449,400.0,2.0,0.2
4705451,400.0,2.0,0.2
4705693,400.0,2.0,0.2
4705784,400.0,2.0,0.2
4705791,400.0,2.0,0.2
4705871,400.0,2.0,0.2
4705873,400.0,2.0,0.2
4705932,400.0,2.0,0.2
4706056,400.0,2.0,0.2
4706058,400.0,2.0,0.2
4706072,400.0,2.0,0.2
4706205,400.0,2.0,0.2
4706213,400.0,2.0,0.2
4706224,400.0,2.0,0.2
4706253,400.0,2.0,0.2
4706264,400.0,2.0,0.2
4706533,400.0,2.0,0.2
4706612,400.0,2.0,0.2
4706646,400.0,2.0,0.2
4706658,400.0,2.0,0.2
4706777,400.0,2.0,0.2
4706780,400.0,2.0,0.2
4706823,400.0,2.0,0.2
4707018,400.0,2.0,0.2
4707027,400.0,2.0,0.2
4707051,400.0,2.0,0.2
4707115,400.0,2.0,0.2
4707207,400.0,2.0,0.2
4707220,400.0,2.0,0.2
4707229,400.0,2.0,0.2
4707371,400.0,2.0,0.2
4707395,400.0,2.0,0.2
4707438,400.0,2.0,0.2
4707483,400.0,2.0,0.2
4707493,400.0,2.0,0.2
4707573,400.0,2.0,0.2
4707584,400.0,2.0,0.2
4707655,400.0,2.0,0.2
4707718,400.0,2.0,0.2
4707719,400.0,2.0,0.2
4707761,400.0,2.0,0.2
4707791,400.0,2.0,0.2
4707801,400.0,2.0,0.2
4707872,400.0,2.0,0.2
4707889,400.0,2.0,0.2
4707906,400.0,2.0,0.2
4707910,400.0,2.0,0.2
4707915,400.0,2.0,0.2
4707947,400.0,2.0,0.2
4707963,400.0,2.0,0.2
4708108,400.0,2.0,0.2
4708231,400.0,2.0,0.2
4708246,400.0,2.0,0.2
4708319,400.0,2.0,0.2
4708359,400.0,2.0,0.2
4708399,400.0,2.0,0.2
4708418,400.0,2.0,0.2
4708428,400.0,2.0,0.2
4708492,400.0,2.0,0.2
4708503,400.0,2.0,0.2
4708518,400.0,2.0,0.2
4708530,400.0,2.0,0.2
4708535,400.0,2.0,0.2
4708570,400.0,2.0,0.2
4708623,400.0,2.0,0.2
4708693,400.0,2.0,0.2
4708694,400.0,2.0,0.2
4708734,400.0,2.0,0.2
4708762,400.0,2.0,0.2
4708853,400.0,2.0,0.2
4708870,400.0,2.0,0.2
4708957,400.0,2.0,0.2
4709123,400.0,2.0,0.2
4709189,400.0,2.0,0.2
4709215,400.0,2.0,0.2
4709216,400.0,2.0,0.2
4709291,400.0,2.0,0.2
4709335,400.0,2.0,0.2
4709364,400.0,2.0,0.2
4720613,400.0,2.0,0.2
4720647,400.0,2.0,0.2
4720723,400.0,2.0,0.2
4720884,400.0,2.0,0.2
4720909,400.0,2.0,0.2
4720923,400.0,2.0,0.2
4720941,400.0,2.0,0.2
4720979,400.0,2.0,0.2
4720991,400.0,2.0,0.2
4721007,400.0,2.0,0.2
4721021,400.0,2.0,0.2
4721022,400.0,2.0,0.2
4721042,400.0,2.0,0.2
4721058,400.0,2.0,0.2
4721150,400.0,2.0,0.2
4721286,400.0,2.0,0.2
4721367,400.0,2.0,0.2
4721472,400.0,2.0,0.2
4721523,400.0,2.0,0.2
4721547,400.0,2.0,0.2
4721551,400.0,2.0,0.2
4721572,400.0,2.0,0.2
4721583,400.0,2.0,0.2
4721602,400.0,2.0,0.2
4721742,400.0,2.0,0.2
4721783,400.0,2.0,0.2
4721799,400.0,2.0,0.2
4721862,400.0,2.0,0.2
4721863,400.0,2.0,0.2
4721903,400.0,2.0,0.2
4727660,400.0,2.0,0.2
4727948,400.0,2.0,0.2
4728084,400.0,2.0,0.2
4728143,400.0,2.0,0.2
4728340,400.0,2.0,0.2
4728483,400.0,2.0,0.2
4728668,400.0,2.0,0.2
4728687,400.0,2.0,0.2
4728816,400.0,2.0,0.2
4728821,400.0,2.0,0.2
4728897,400.0,2.0,0.2
4729154,400.0,2.0,0.2
4729362,400.0,2.0,0.2
4729425,400.0,2.0,0.2
4729435,400.0,2.0,0.2
4729570,400.0,2.0,0.2
4729583,400.0,2.0,0.2
4729690,400.0,2.0,0.2
4729821,400.0,2.0,0.2
4729881,400.0,2.0,0.2
4729976,400.0,2.0,0.2
4730121,400.0,2.0,0.2
4730219,400.0,2.0,0.2
4730354,400.0,2.0,0.2
4730386,400.0,2.0,0.2
4730456,400.0,2.0,0.2
4730534,400.0,2.0,0.2
4730647,400.0,2.0,0.2
4730725,400.0,2.0,0.2
4730866,400.0,2.0,0.2
4731055,400.0,2.0,0.2
4731214,400.0,2.0,0.2
4731273,400.0,2.0,0.2
4731292,400.0,2.0,0.2
4731474,400.0,2.0,0.2
4731506,400.0,2.0,0.2
4731527,400.0,2.0,0.2
4731542,400.0,2.0,0.2
4731584,400.0,2.0,0.2
4731644,400.0,2.0,0.2
4731948,400.0,2.0,0.2
4732048,400.0,2.0,0.2
4732140,400.0,2.0,0.2
4732189,400.0,2.0,0.2
4732200,400.0,2.0,0.2
4732211,400.0,2.0,0.2
4732582,400.0,2.0,0.2
4732852,400.0,2.0,0.2
4732946,400.0,2.0,0.2
4733173,400.0,2.0,0.2
4733200,400.0,2.0,0.2
4733437,400.0,2.0,0.2
4733495,400.0,2.0,0.2
4733528,400.0,2.0,0.2
4733591,400.0,2.0,0.2
4733624,400.0,2.0,0.2
4733776,400.0,2.0,0.2
4733971,400.0,2.0,0.2
4733996,400.0,2.0,0.2
4734157,400.0,2.0,0.2
4734195,400.0,2.0,0.2
4734514,400.0,2.0,0.2
4734574,400.0,2.0,0.2
4734694,400.0,2.0,0.2
4734695,400.0,2.0,0.2
4734724,400.0,2.0,0.2
4734757,400.0,2.0,0.2
4734762,400.0,2.0,0.2
4734793,400.0,2.0,0.2
4734884,400.0,2.0,0.2
4734893,400.0,2.0,0.2
4734938,400.0,2.0,0.2
4734945,400.0,2.0,0.2
4734956,400.0,2.0,0.2
4734984,400.0,2.0,0.2
4735006,400.0,2.0,0.2
4735060,400.0,2.0,0.2
4735066,400.0,2.0,0.2
4735079,400.0,2.0,0.2
4735096,400.0,2.0,0.2
4735135,400.0,2.0,0.2
4735194,400.0,2.0,0.2
4735195,400.0,2.0,0.2
4735209,400.0,2.0,0.2
4735213,400.0,2.0,0.2
4735236,400.0,2.0,0.2
4735346,400.0,2.0,0.2
4735383,400.0,2.0,0.2
4735523,400.0,2.0,0.2
4735651,400.0,2.0,0.2
4735754,400.0,2.0,0.2
4735768,400.0,2.0,0.2
4735771,400.0,2.0,0.2
4735866,400.0,2.0,0.2
4735907,400.0,2.0,0.2
4735991,400.0,2.0,0.2
4735993,400.0,2.0,0.2
4736038,400.0,2.0,0.2
4736078,400.0,2.0,0.2
4736133,400.0,2.0,0.2
4736194,400.0,2.0,0.2
4736204,400.0,2.0,0.2
4736314,400.0,2.0,0.2
4736341,400.0,2.0,0.2
4736387,400.0,2.0,0.2
4736444,400.0,2.0,0.2
4736468,400.0,2.0,0.2
4736479,400.0,2.0,0.2
4736530,400.0,2.0,0.2
4736541,400.0,2.0,0.2
4736625,400.0,2.0,0.2
4736627,400.0,2.0,0.2
4736664,400.0,2.0,0.2
4736713,400.0,2.0,0.2
4736767,400.0,2.0,0.2
4736779,400.0,2.0,0.2
4736791,400.0,2.0,0.2
4736832,400.0,2.0,0.2
4736841,400.0,2.0,0.2
4736843,400.0,2.0,0.2
4736947,400.0,2.0,0.2
4736952,400.0,2.0,0.2
4736985,400.0,2.0,0.2
4737024,400.0,2.0,0.2
4737059,400.0,2.0,0.2
4737069,400.0,2.0,0.2
4737109,400.0,2.0,0.2
4737137,400.0,2.0,0.2
4737162,400.0,2.0,0.2
4737437,400.0,2.0,0.2
4737438,400.0,2.0,0.2
4737500,400.0,2.0,0.2
4737578,400.0,2.0,0.2
4737585,400.0,2.0,0.2
4737640,400.0,2.0,0.2
4737647,400.0,2.0,0.2
4737817,400.0,2.0,0.2
4737907,400.0,2.0,0.2
4737920,400.0,2.0,0.2
4737944,400.0,2.0,0.2
4738081,400.0,2.0,0.2
4738128,400.0,2.0,0.2
4738133,400.0,2.0,0.2
4738185,400.0,2.0,0.2
4738346,400.0,2.0,0.2
4738406,400.0,2.0,0.2
4738542,400.0,2.0,0.2
4738585,400.0,2.0,0.2
4738594,400.0,2.0,0.2
4738801,400.0,2.0,0.2
4738922,400.0,2.0,0.2
4738941,400.0,2.0,0.2
4738954,400.0,2.0,0.2
4739044,400.0,2.0,0.2
4739206,400.0,2.0,0.2
4739215,400.0,2.0,0.2
4739334,400.0,2.0,0.2
4739498,400.0,2.0,0.2
4739512,400.0,2.0,0.2
4739519,400.0,2.0,0.2
4739561,400.0,2.0,0.2
4739575,400.0,2.0,0.2
4739599,400.0,2.0,0.2
4739668,400.0,2.0,0.2
4739689,400.0,2.0,0.2
4739730,400.0,2.0,0.2
4739768,400.0,2.0,0.2
4739791,400.0,2.0,0.2
4739887,400.0,2.0,0.2
4739934,400.0,2.0,0.2
4740007,400.0,2.0,0.2
4740067,400.0,2.0,0.2
4740097,400.0,2.0,0.2
4740110,400.0,2.0,0.2
4740136,400.0,2.0,0.2
4740460,400.0,2.0,0.2
4740465,400.0,2.0,0.2
4740498,400.0,2.0,0.2
4740529,400.0,2.0,0.2
4740628,400.0,2.0,0.2
4740646,400.0,2.0,0.2
4740657,400.0,2.0,0.2
4740706,400.0,2.0,0.2
4740714,400.0,2.0,0.2
4740752,400.0,2.0,0.2
4740760,400.0,2.0,0.2
4740784,400.0,2.0,0.2
4740787,400.0,2.0,0.2
4741020,400.0,2.0,0.2
4741033,400.0,2.0,0.2
4741061,400.0,2.0,0.2
4741072,400.0,2.0,0.2
4741215,400.0,2.0,0.2
4741266,400.0,2.0,0.2
4741272,400.0,2.0,0.2
4741377,400.0,2.0,0.2
4741384,400.0,2.0,0.2
4741391,400.0,2.0,0.2
4741615,400.0,2.0,0.2
4741622,400.0,2.0,0.2
4741641,400.0,2.0,0.2
4741724,400.0,2.0,0.2
4741864,400.0,2.0,0.2
4741923,400.0,2.0,0.2
4741964,400.0,2.0,0.2
4741966,400.0,2.0,0.2
4741967,400.0,2.0,0.2
4741990,400.0,2.0,0.2
4742029,400.0,2.0,0.2
4742085,400.0,2.0,0.2
4742249,400.0,2.0,0.2
4742268,400.0,2.0,0.2
4742289,400.0,2.0,0.2
4742344,400.0,2.0,0.2
4742347,400.0,2.0,0.2
4742404,400.0,2.0,0.2
4742659,400.0,2.0,0.2
4742763,400.0,2.0,0.2
4742802,400.0,2.0,0.2
4742871,400.0,2.0,0.2
4742921,400.0,2.0,0.2
4742956,400.0,2.0,0.2
4743114,400.0,2.0,0.2
4743257,400.0,2.0,0.2
4743324,400.0,2.0,0.2
4743345,400.0,2.0,0.2
4743368,400.0,2.0,0.2
4743473,400.0,2.0,0.2
4743531,400.0,2.0,0.2
4743581,400.0,2.0,0.2
4743671,400.0,2.0,0.2
4743765,400.0,2.0,0.2
4743830,400.0,2.0,0.2
4743838,400.0,2.0,0.2
4743855,400.0,2.0,0.2
4743864,400.0,2.0,0.2
4743872,400.0,2.0,0.2
4743950,400.0,2.0,0.2
4743966,400.0,2.0,0.2
4743987,400.0,2.0,0.2
4744092,400.0,2.0,0.2
4744335,400.0,2.0,0.2
4744482,400.0,2.0,0.2
4744488,400.0,2.0,0.2
4744503,400.0,2.0,0.2
4744526,400.0,2.0,0.2
4744547,400.0,2.0,0.2
4744578,400.0,2.0,0.2
4744587,400.0,2.0,0.2
4744647,400.0,2.0,0.2
4744661,400.0,2.0,0.2
4744667,400.0,2.0,0.2
4744761,400.0,2.0,0.2
4744885,400.0,2.0,0.2
4744943,400.0,2.0,0.2
4744962,400.0,2.0,0.2
4744965,400.0,2.0,0.2
4745169,400.0,2.0,0.2
4745210,400.0,2.0,0.2
4745330,400.0,2.0,0.2
4745339,400.0,2.0,0.2
4745364,400.0,2.0,0.2
4745471,400.0,2.0,0.2
4745546,400.0,2.0,0.2
4745624,400.0,2.0,0.2
4745657,400.0,2.0,0.2
4745688,400.0,2.0,0.2
4745745,400.0,2.0,0.2
4745815,400.0,2.0,0.2
4745854,400.0,2.0,0.2
4747062,400.0,2.0,0.2
4747177,400.0,2.0,0.2
4755855,400.0,2.0,0.2
4755891,400.0,2.0,0.2
4756082,400.0,2.0,0.2
4756160,400.0,2.0,0.2
4756161,400.0,2.0,0.2
4756231,400.0,2.0,0.2
4756252,400.0,2.0,0.2
4756296,400.0,2.0,0.2
4756356,400.0,2.0,0.2
4756367,400.0,2.0,0.2
4756430,400.0,2.0,0.2
4756542,400.0,2.0,0.2
4756732,400.0,2.0,0.2
4756761,400.0,2.0,0.2
4756806,400.0,2.0,0.2
4759074,400.0,2.0,0.2
4759144,400.0,2.0,0.2
4759280,400.0,2.0,0.2
4759327,400.0,2.0,0.2
4759436,400.0,2.0,0.2
4759531,400.0,2.0,0.2
4759884,400.0,2.0,0.2
4760009,400.0,2.0,0.2
4760088,400.0,2.0,0.2
4760128,400.0,2.0,0.2
4760154,400.0,2.0,0.2
4760215,400.0,2.0,0.2
4760217,400.0,2.0,0.2
4760227,400.0,2.0,0.2
4760249,400.0,2.0,0.2
4760263,400.0,2.0,0.2
4760321,400.0,2.0,0.2
4760325,400.0,2.0,0.2
4760339,400.0,2.0,0.2
4760927,400.0,2.0,0.2
4761209,400.0,2.0,0.2
4761246,400.0,2.0,0.2
4761572,400.0,2.0,0.2
4761603,400.0,2.0,0.2
4761711,400.0,2.0,0.2
4761838,400.0,2.0,0.2
4761843,400.0,2.0,0.2
4761852,400.0,2.0,0.2
4761920,400.0,2.0,0.2
4761923,400.0,2.0,0.2
4762035,400.0,2.0,0.2
4762082,400.0,2.0,0.2
4762095,400.0,2.0,0.2
4762396,400.0,2.0,0.2
4762623,400.0,2.0,0.2
4762741,400.0,2.0,0.2
4762795,400.0,2.0,0.2
4762806,400.0,2.0,0.2
4762824,400.0,2.0,0.2
4762965,400.0,2.0,0.2
4763065,400.0,2.0,0.2
4763081,400.0,2.0,0.2
4763102,400.0,2.0,0.2
4763116,400.0,2.0,0.2
4763175,400.0,2.0,0.2
4763181,400.0,2.0,0.2
4763193,400.0,2.0,0.2
4763317,400.0,2.0,0.2
4763323,400.0,2.0,0.2
4763361,400.0,2.0,0.2
4763365,400.0,2.0,0.2
4763386,400.0,2.0,0.2
4763419,400.0,2.0,0.2
4763437,400.0,2.0,0.2
4763474,400.0,2.0,0.2
4763482,400.0,2.0,0.2
4763580,400.0,2.0,0.2
4763627,400.0,2.0,0.2
4763665,400.0,2.0,0.2
4763725,400.0,2.0,0.2
4763740,400.0,2.0,0.2
4763904,400.0,2.0,0.2
4763924,400.0,2.0,0.2
4764000,400.0,2.0,0.2
4764081,400.0,2.0,0.2
4764085,400.0,2.0,0.2
4764177,400.0,2.0,0.2
4764210,400.0,2.0,0.2
4764276,400.0,2.0,0.2
4764277,400.0,2.0,0.2
4764336,400.0,2.0,0.2
4764349,400.0,2.0,0.2
4764422,400.0,2.0,0.2
4764447,400.0,2.0,0.2
4764506,400.0,2.0,0.2
4764517,400.0,2.0,0.2
4764543,400.0,2.0,0.2
4764570,400.0,2.0,0.2
4764683,400.0,2.0,0.2
4764695,400.0,2.0,0.2
4764706,400.0,2.0,0.2
4764716,400.0,2.0,0.2
4764744,400.0,2.0,0.2
4764868,400.0,2.0,0.2
4764993,400.0,2.0,0.2
4765097,400.0,2.0,0.2
4765146,400.0,2.0,0.2
4765190,400.0,2.0,0.2
4765236,400.0,2.0,0.2
4765255,400.0,2.0,0.2
4765267,400.0,2.0,0.2
4765281,400.0,2.0,0.2
4765377,400.0,2.0,0.2
4765492,400.0,2.0,0.2
4765603,400.0,2.0,0.2
4765627,400.0,2.0,0.2
4765670,400.0,2.0,0.2
4765671,400.0,2.0,0.2
4765700,400.0,2.0,0.2
4765764,400.0,2.0,0.2
4765774,400.0,2.0,0.2
4765795,400.0,2.0,0.2
4765804,400.0,2.0,0.2
4765902,400.0,2.0,0.2
4765949,400.0,2.0,0.2
4766182,400.0,2.0,0.2
4766193,400.0,2.0,0.2
4766195,400.0,2.0,0.2
4766220,400.0,2.0,0.2
4766245,400.0,2.0,0.2
4766272,400.0,2.0,0.2
4766283,400.0,2.0,0.2
4766343,400.0,2.0,0.2
4766344,400.0,2.0,0.2
4766360,400.0,2.0,0.2
4766459,400.0,2.0,0.2
4766484,400.0,2.0,0.2
4766567,400.0,2.0,0.2
4766685,400.0,2.0,0.2
4766709,400.0,2.0,0.2
4766827,400.0,2.0,0.2
4766847,400.0,2.0,0.2
4766901,400.0,2.0,0.2
4767023,400.0,2.0,0.2
4767033,400.0,2.0,0.2
4767108,400.0,2.0,0.2
4767141,400.0,2.0,0.2
4767164,400.0,2.0,0.2
4767175,400.0,2.0,0.2
4767220,400.0,2.0,0.2
4767257,400.0,2.0,0.2
4767283,400.0,2.0,0.2
4767396,400.0,2.0,0.2
4767418,400.0,2.0,0.2
4767549,400.0,2.0,0.2
4767639,400.0,2.0,0.2
4767832,400.0,2.0,0.2
4767876,400.0,2.0,0.2
4768062,400.0,2.0,0.2
4768066,400.0,2.0,0.2
4768090,400.0,2.0,0.2
4768093,400.0,2.0,0.2
4768125,400.0,2.0,0.2
4768198,400.0,2.0,0.2
4768254,400.0,2.0,0.2
4768335,400.0,2.0,0.2
4768348,400.0,2.0,0.2
4768402,400.0,2.0,0.2
4768472,400.0,2.0,0.2
4768502,400.0,2.0,0.2
4768599,400.0,2.0,0.2
4768695,400.0,2.0,0.2
4768984,400.0,2.0,0.2
4769065,400.0,2.0,0.2
4769102,400.0,2.0,0.2
4769131,400.0,2.0,0.2
4769156,400.0,2.0,0.2
4769164,400.0,2.0,0.2
4769228,400.0,2.0,0.2
4769245,400.0,2.0,0.2
4769334,400.0,2.0,0.2
4769439,400.0,2.0,0.2
4769505,400.0,2.0,0.2
4769585,400.0,2.0,0.2
4769596,400.0,2.0,0.2
4769633,400.0,2.0,0.2
4769715,400.0,2.0,0.2
4769735,400.0,2.0,0.2
4769778,400.0,2.0,0.2
4769850,400.0,2.0,0.2
4769864,400.0,2.0,0.2
4769936,400.0,2.0,0.2
4769950,400.0,2.0,0.2
4769995,400.0,2.0,0.2
4770041,400.0,2.0,0.2
4770058,400.0,2.0,0.2
4770061,400.0,2.0,0.2
4770160,400.0,2.0,0.2
4770273,400.0,2.0,0.2
4770588,400.0,2.0,0.2
4770646,400.0,2.0,0.2
4770669,400.0,2.0,0.2
4770703,400.0,2.0,0.2
4770716,400.0,2.0,0.2
4770735,400.0,2.0,0.2
4770803,400.0,2.0,0.2
4771018,400.0,2.0,0.2
4771108,400.0,2.0,0.2
4771115,400.0,2.0,0.2
4771181,400.0,2.0,0.2
4771362,400.0,2.0,0.2
4771380,400.0,2.0,0.2
4771396,400.0,2.0,0.2
4771406,400.0,2.0,0.2
4771435,400.0,2.0,0.2
4771514,400.0,2.0,0.2
4771537,400.0,2.0,0.2
4771545,400.0,2.0,0.2
4771697,400.0,2.0,0.2
4771705,400.0,2.0,0.2
4771738,400.0,2.0,0.2
4771757,400.0,2.0,0.2
4771929,400.0,2.0,0.2
4771984,400.0,2.0,0.2
4772006,400.0,2.0,0.2
4772055,400.0,2.0,0.2
4772110,400.0,2.0,0.2
4772121,400.0,2.0,0.2
4772129,400.0,2.0,0.2
4772169,400.0,2.0,0.2
4772179,400.0,2.0,0.2
4772187,400.0,2.0,0.2
4772190,400.0,2.0,0.2
4772217,400.0,2.0,0.2
4772292,400.0,2.0,0.2
4772421,400.0,2.0,0.2
4772424,400.0,2.0,0.2
4772428,400.0,2.0,0.2
4772469,400.0,2.0,0.2
4772474,400.0,2.0,0.2
4772481,400.0,2.0,0.2
4772482,400.0,2.0,0.2
4772874,400.0,2.0,0.2
4772913,400.0,2.0,0.2
4772918,400.0,2.0,0.2
4772940,400.0,2.0,0.2
4772973,400.0,2.0,0.2
4773005,400.0,2.0,0.2
4773028,400.0,2.0,0.2
4773038,400.0,2.0,0.2
4777831,400.0,2.0,0.2
4777850,400.0,2.0,0.2
4777905,400.0,2.0,0.2
4777964,400.0,2.0,0.2
4777997,400.0,2.0,0.2
4778034,400.0,2.0,0.2
4778048,400.0,2.0,0.2
4778061,400.0,2.0,0.2
4778072,400.0,2.0,0.2
4778166,400.0,2.0,0.2
4779775,400.0,2.0,0.2
4779969,400.0,2.0,0.2
4780101,400.0,2.0,0.2
4780164,400.0,2.0,0.2
4780166,400.0,2.0,0.2
4780202,400.0,2.0,0.2
4780209,400.0,2.0,0.2
4780217,400.0,2.0,0.2
4780235,400.0,2.0,0.2
4780237,400.0,2.0,0.2
4780254,400.0,2.0,0.2
4780331,400.0,2.0,0.2
4780635,400.0,2.0,0.2
4780648,400.0,2.0,0.2
4781036,400.0,2.0,0.2
4781181,400.0,2.0,0.2
4781260,400.0,2.0,0.2
4781373,400.0,2.0,0.2
4781420,400.0,2.0,0.2
4781443,400.0,2.0,0.2
4782147,400.0,2.0,0.2
4782263,400.0,2.0,0.2
4782264,400.0,2.0,0.2
4782413,400.0,2.0,0.2
4782431,400.0,2.0,0.2
4782452,400.0,2.0,0.2
4782453,400.0,2.0,0.2
4782501,400.0,2.0,0.2
4782542,400.0,2.0,0.2
4782681,400.0,2.0,0.2
4782859,400.0,2.0,0.2
4782927,400.0,2.0,0.2
4782950,400.0,2.0,0.2
4782952,400.0,2.0,0.2
4782958,400.0,2.0,0.2
4783014,400.0,2.0,0.2
4783067,400.0,2.0,0.2
4783069,400.0,2.0,0.2
4783159,400.0,2.0,0.2
4783195,400.0,2.0,0.2
4783300,400.0,2.0,0.2
4783692,400.0,2.0,0.2
4783698,400.0,2.0,0.2
4784107,400.0,2.0,0.2
4784218,400.0,2.0,0.2
4784603,400.0,2.0,0.2
4784659,400.0,2.0,0.2
4784747,400.0,2.0,0.2
4784831,400.0,2.0,0.2
4784898,400.0,2.0,0.2
4784904,400.0,2.0,0.2
4784946,400.0,2.0,0.2
4784950,400.0,2.0,0.2
4784965,400.0,2.0,0.2
4784966,400.0,2.0,0.2
4785111,400.0,2.0,0.2
4785132,400.0,2.0,0.2
4785137,400.0,2.0,0.2
4785450,400.0,2.0,0.2
4785511,400.0,2.0,0.2
4785521,400.0,2.0,0.2
4785639,400.0,2.0,0.2
4785666,400.0,2.0,0.2
4785751,400.0,2.0,0.2
4785854,400.0,2.0,0.2
4785865,400.0,2.0,0.2
4785867,400.0,2.0,0.2
4785870,400.0,2.0,0.2
4785925,400.0,2.0,0.2
4786000,400.0,2.0,0.2
4786022,400.0,2.0,0.2
4786068,400.0,2.0,0.2
4786069,400.0,2.0,0.2
4786182,400.0,2.0,0.2
4786261,400.0,2.0,0.2
4786349,400.0,2.0,0.2
4786404,400.0,2.0,0.2
4786445,400.0,2.0,0.2
4792327,400.0,2.0,0.2
4792455,400.0,2.0,0.2
4792458,400.0,2.0,0.2
4792484,400.0,2.0,0.2
4792528,400.0,2.0,0.2
4792634,400.0,2.0,0.2
4792657,400.0,2.0,0.2
4792703,400.0,2.0,0.2
4792717,400.0,2.0,0.2
4792722,400.0,2.0,0.2
4792786,400.0,2.0,0.2
4792890,400.0,2.0,0.2
4792914,400.0,2.0,0.2
4793255,400.0,2.0,0.2
4793491,400.0,2.0,0.2
4793544,400.0,2.0,0.2
4793573,400.0,2.0,0.2
4793629,400.0,2.0,0.2
4793630,400.0,2.0,0.2
4793809,400.0,2.0,0.2
4793844,400.0,2.0,0.2
4793874,400.0,2.0,0.2
4794097,400.0,2.0,0.2
4794244,400.0,2.0,0.2
4794811,400.0,2.0,0.2
4794934,400.0,2.0,0.2
4795106,400.0,2.0,0.2
4795135,400.0,2.0,0.2
4795199,400.0,2.0,0.2
4795247,400.0,2.0,0.2
4795307,400.0,2.0,0.2
4795436,400.0,2.0,0.2
4795442,400.0,2.0,0.2
4795452,400.0,2.0,0.2
4795490,400.0,2.0,0.2
4795576,400.0,2.0,0.2
4795700,400.0,2.0,0.2
4795780,400.0,2.0,0.2
4795828,400.0,2.0,0.2
4795849,400.0,2.0,0.2
4795871,400.0,2.0,0.2
4795945,400.0,2.0,0.2
4796002,400.0,2.0,0.2
4796014,400.0,2.0,0.2
4796021,400.0,2.0,0.2
4796066,400.0,2.0,0.2
4796083,400.0,2.0,0.2
4796088,400.0,2.0,0.2
4796092,400.0,2.0,0.2
4796123,400.0,2.0,0.2
4796133,400.0,2.0,0.2
4796156,400.0,2.0,0.2
4800744,400.0,2.0,0.2
4800760,400.0,2.0,0.2
4803541,400.0,2.0,0.2
4803573,400.0,2.0,0.2
4803624,400.0,2.0,0.2
4803711,400.0,2.0,0.2
4803756,400.0,2.0,0.2
4803768,400.0,2.0,0.2
4803796,400.0,2.0,0.2
4803814,400.0,2.0,0.2
4803847,400.0,2.0,0.2
4803980,400.0,2.0,0.2
4804005,400.0,2.0,0.2
4804008,400.0,2.0,0.2
4804022,400.0,2.0,0.2
4804034,400.0,2.0,0.2
4804071,400.0,2.0,0.2
4804072,400.0,2.0,0.2
4804117,400.0,2.0,0.2
4804192,400.0,2.0,0.2
4804221,400.0,2.0,0.2
4804223,400.0,2.0,0.2
4804251,400.0,2.0,0.2
4804259,400.0,2.0,0.2
4804280,400.0,2.0,0.2
4804325,400.0,2.0,0.2
4804333,400.0,2.0,0.2
4804343,400.0,2.0,0.2
4804348,400.0,2.0,0.2
4804362,400.0,2.0,0.2
4804414,400.0,2.0,0.2
4804443,400.0,2.0,0.2
4804486,400.0,2.0,0.2
4804488,400.0,2.0,0.2
4804508,400.0,2.0,0.2
4804537,400.0,2.0,0.2
4804561,400.0,2.0,0.2
4804572,400.0,2.0,0.2
4804668,400.0,2.0,0.2
4804684,400.0,2.0,0.2
4804704,400.0,2.0,0.2
4804740,400.0,2.0,0.2
4804753,400.0,2.0,0.2
4804761,400.0,2.0,0.2
4804764,400.0,2.0,0.2
4804777,400.0,2.0,0.2
4804823,400.0,2.0,0.2
4804833,400.0,2.0,0.2
4804885,400.0,2.0,0.2
4804903,400.0,2.0,0.2
4804991,400.0,2.0,0.2
4804998,400.0,2.0,0.2
4805018,400.0,2.0,0.2
4856827,400.0,2.0,0.2
4856929,400.0,2.0,0.2
4856948,400.0,2.0,0.2
4857256,400.0,2.0,0.2
4857321,400.0,2.0,0.2
4857424,400.0,2.0,0.2
4857479,400.0,2.0,0.2
4857527,400.0,2.0,0.2
4857591,400.0,2.0,0.2
4857741,400.0,2.0,0.2
4857825,400.0,2.0,0.2
4857849,400.0,2.0,0.2
4857861,400.0,2.0,0.2
4857888,400.0,2.0,0.2
4857906,400.0,2.0,0.2
4857953,400.0,2.0,0.2
4857969,400.0,2.0,0.2
4858007,400.0,2.0,0.2
4858093,400.0,2.0,0.2
4858124,400.0,2.0,0.2
4858187,400.0,2.0,0.2
4858222,400.0,2.0,0.2
4858296,400.0,2.0,0.2
4858394,400.0,2.0,0.2
4858467,400.0,2.0,0.2
4858521,400.0,2.0,0.2
4858648,400.0,2.0,0.2
4858659,400.0,2.0,0.2
4858708,400.0,2.0,0.2
4858726,400.0,2.0,0.2
4858884,400.0,2.0,0.2
4919991,400.0,2.0,0.2
4920164,400.0,2.0,0.2
4920291,400.0,2.0,0.2
4920318,400.0,2.0,0.2
4920346,400.0,2.0,0.2
4920371,400.0,2.0,0.2
4920500,400.0,2.0,0.2
4920544,400.0,2.0,0.2
4920557,400.0,2.0,0.2
4920611,400.0,2.0,0.2
4920679,400.0,2.0,0.2
4920737,400.0,2.0,0.2
4921170,400.0,2.0,0.2
4921186,400.0,2.0,0.2
4921229,400.0,2.0,0.2
4921245,400.0,2.0,0.2
4921285,400.0,2.0,0.2
4921286,400.0,2.0,0.2
4921336,400.0,2.0,0.2
4921349,400.0,2.0,0.2
4921413,400.0,2.0,0.2
4921502,400.0,2.0,0.2
4921574,400.0,2.0,0.2
4921611,400.0,2.0,0.2
4921614,400.0,2.0,0.2
4921803,400.0,2.0,0.2
4921883,400.0,2.0,0.2
4921938,400.0,2.0,0.2
4921956,400.0,2.0,0.2
4921973,400.0,2.0,0.2
4921990,400.0,2.0,0.2
4921995,400.0,2.0,0.2
4922015,400.0,2.0,0.2
4922046,400.0,2.0,0.2
4922092,400.0,2.0,0.2
4922159,400.0,2.0,0.2
4922171,400.0,2.0,0.2
4922218,400.0,2.0,0.2
4922238,400.0,2.0,0.2
4922350,400.0,2.0,0.2
4922357,400.0,2.0,0.2
4922472,400.0,2.0,0.2
4922555,400.0,2.0,0.2
4922590,400.0,2.0,0.2
4922681,400.0,2.0,0.2
4922792,400.0,2.0,0.2
4922804,400.0,2.0,0.2
4922840,400.0,2.0,0.2
4922842,400.0,2.0,0.2
4923039,400.0,2.0,0.2
4923064,400.0,2.0,0.2
4923075,400.0,2.0,0.2
4923081,400.0,2.0,0.2
4923112,400.0,2.0,0.2
4923206,400.0,2.0,0.2
4923211,400.0,2.0,0.2
4923261,400.0,2.0,0.2
4923270,400.0,2.0,0.2
4923323,400.0,2.0,0.2
4923355,400.0,2.0,0.2
4923386,400.0,2.0,0.2
4923431,400.0,2.0,0.2
4923618,400.0,2.0,0.2
4923628,400.0,2.0,0.2
4923688,400.0,2.0,0.2
4923726,400.0,2.0,0.2
4923767,400.0,2.0,0.2
4923787,400.0,2.0,0.2
4923820,400.0,2.0,0.2
4923888,400.0,2.0,0.2
4923905,400.0,2.0,0.2
4923936,400.0,2.0,0.2
4923939,400.0,2.0,0.2
4923963,400.0,2.0,0.2
4923970,400.0,2.0,0.2
4923995,400.0,2.0,0.2
4924006,400.0,2.0,0.2
4924036,400.0,2.0,0.2
4924224,400.0,2.0,0.2
4924239,400.0,2.0,0.2
4924241,400.0,2.0,0.2
4924271,400.0,2.0,0.2
4924282,400.0,2.0,0.2
4924304,400.0,2.0,0.2
4924320,400.0,2.0,0.2
4924338,400.0,2.0,0.2
4924348,400.0,2.0,0.2
4924361,400.0,2.0,0.2
4924450,400.0,2.0,0.2
4924468,400.0,2.0,0.2
4924504,400.0,2.0,0.2
4924730,400.0,2.0,0.2
4924749,400.0,2.0,0.2
4924764,400.0,2.0,0.2
4924771,400.0,2.0,0.2
4924799,400.0,2.0,0.2
4924848,400.0,2.0,0.2
4924874,400.0,2.0,0.2
4924884,400.0,2.0,0.2
4924965,400.0,2.0,0.2
4924981,400.0,2.0,0.2
4925006,400.0,2.0,0.2
4925026,400.0,2.0,0.2
4925101,400.0,2.0,0.2
4925338,400.0,2.0,0.2
4925348,400.0,2.0,0.2
4925397,400.0,2.0,0.2
4925431,400.0,2.0,0.2
4925740,400.0,2.0,0.2
4925748,400.0,2.0,0.2
4925919,400.0,2.0,0.2
4925925,400.0,2.0,0.2
4926003,400.0,2.0,0.2
4926067,400.0,2.0,0.2
4926083,400.0,2.0,0.2
4926130,400.0,2.0,0.2
4926160,400.0,2.0,0.2
4926211,400.0,2.0,0.2
4926256,400.0,2.0,0.2
4926345,400.0,2.0,0.2
4926397,400.0,2.0,0.2
4926450,400.0,2.0,0.2
4926451,400.0,2.0,0.2
4926497,400.0,2.0,0.2
4926532,400.0,2.0,0.2
4926546,400.0,2.0,0.2
4926641,400.0,2.0,0.2
4926674,400.0,2.0,0.2
4926760,400.0,2.0,0.2
4926815,400.0,2.0,0.2
4926846,400.0,2.0,0.2
5411038,400.0,2.0,0.2
5411080,400.0,2.0,0.2
5411130,400.0,2.0,0.2
5411156,400.0,2.0,0.2
5411174,400.0,2.0,0.2
5411206,400.0,2.0,0.2
5411541,400.0,2.0,0.2
5411667,400.0,2.0,0.2
5411671,400.0,2.0,0.2
5411758,400.0,2.0,0.2
5411800,400.0,2.0,0.2
5411827,400.0,2.0,0.2
5411843,400.0,2.0,0.2
5411901,400.0,2.0,0.2
5411948,400.0,2.0,0.2
5411977,400.0,2.0,0.2
5412061,400.0,2.0,0.2
5412262,400.0,2.0,0.2
5412301,400.0,2.0,0.2
5412333,400.0,2.0,0.2
5412407,400.0,2.0,0.2
5412471,400.0,2.0,0.2
5412509,400.0,2.0,0.2
5412736,400.0,2.0,0.2
5412819,400.0,2.0,0.2
5412962,400.0,2.0,0.2
5412967,400.0,2.0,0.2
5412980,400.0,2.0,0.2
5412996,400.0,2.0,0.2
5413037,400.0,2.0,0.2
5413076,400.0,2.0,0.2
5413100,400.0,2.0,0.2
5413140,400.0,2.0,0.2
5464338,400.0,2.0,0.2
5464382,400.0,2.0,0.2
5464384,400.0,2.0,0.2
5464395,400.0,2.0,0.2
5464440,400.0,2.0,0.2
5464490,400.0,2.0,0.2
5464642,400.0,2.0,0.2
5464663,400.0,2.0,0.2
5464698,400.0,2.0,0.2
5464783,400.0,2.0,0.2
5464795,400.0,2.0,0.2
5464835,400.0,2.0,0.2
5464875,400.0,2.0,0.2
5464899,400.0,2.0,0.2
5464935,400.0,2.0,0.2
5465094,400.0,2.0,0.2
5465143,400.0,2.0,0.2
5465241,400.0,2.0,0.2
5465432,400.0,2.0,0.2
5465550,400.0,2.0,0.2
5465783,400.0,2.0,0.2
5465911,400.0,2.0,0.2
5466078,400.0,2.0,0.2
5466128,400.0,2.0,0.2
5466365,400.0,2.0,0.2
5466411,400.0,2.0,0.2
5466460,400.0,2.0,0.2
5466468,400.0,2.0,0.2
5466479,400.0,2.0,0.2
5466484,400.0,2.0,0.2
5517286,400.0,2.0,0.2
5517459,400.0,2.0,0.2
5517474,400.0,2.0,0.2
5517497,400.0,2.0,0.2
5517594,400.0,2.0,0.2
5517609,400.0,2.0,0.2
5517771,400.0,2.0,0.2
5517854,400.0,2.0,0.2
5563032,400.0,2.0,0.2
5563076,400.0,2.0,0.2
5563181,400.0,2.0,0.2
5563207,400.0,2.0,0.2
5563354,400.0,2.0,0.2
5563386,400.0,2.0,0.2
5563399,400.0,2.0,0.2
5563404,400.0,2.0,0.2
5563501,400.0,2.0,0.2
5563514,400.0,2.0,0.2
5576748,400.0,2.0,0.2
5589182,400.0,2.0,0.2
5589282,400.0,2.0,0.2
5589331,400.0,2.0,0.2
5589363,400.0,2.0,0.2
5589420,400.0,2.0,0.2
5589455,400.0,2.0,0.2
5589556,400.0,2.0,0.2
5589573,400.0,2.0,0.2
5589576,400.0,2.0,0.2
5589628,400.0,2.0,0.2
5589631,400.0,2.0,0.2
5589727,400.0,2.0,0.2
5589968,400.0,2.0,0.2
5589982,400.0,2.0,0.2
5589985,400.0,2.0,0.2
5590296,400.0,2.0,0.2
5590309,400.0,2.0,0.2
5590364,400.0,2.0,0.2
5591587,400.0,2.0,0.2
5591615,400.0,2.0,0.2
5591667,400.0,2.0,0.2
5591691,400.0,2.0,0.2
5591715,400.0,2.0,0.2
5591732,400.0,2.0,0.2
5591739,400.0,2.0,0.2
5591802,400.0,2.0,0.2
5591816,400.0,2.0,0.2
5591861,400.0,2.0,0.2
5591972,400.0,2.0,0.2
5591980,400.0,2.0,0.2
5591987,400.0,2.0,0.2
5592038,400.0,2.0,0.2
5874804,400.0,2.0,0.2
5874830,400.0,2.0,0.2
5874846,400.0,2.0,0.2
5874857,400.0,2.0,0.2
5874977,400.0,2.0,0.2
5875173,400.0,2.0,0.2
5875181,400.0,2.0,0.2
5875199,400.0,2.0,0.2
5875354,400.0,2.0,0.2
5876933,400.0,2.0,0.2
5877035,400.0,2.0,0.2
5877081,400.0,2.0,0.2
5877127,400.0,2.0,0.2
5877166,400.0,2.0,0.2
5877594,400.0,2.0,0.2
5877687,400.0,2.0,0.2
5877702,400.0,2.0,0.2
5877834,400.0,2.0,0.2
5878015,400.0,2.0,0.2
5878277,400.0,2.0,0.2
5878376,400.0,2.0,0.2
5878414,400.0,2.0,0.2
5878427,400.0,2.0,0.2
5878447,400.0,2.0,0.2
5878745,400.0,2.0,0.2
5878775,400.0,2.0,0.2
5878857,400.0,2.0,0.2
5878930,400.0,2.0,0.2
5879005,400.0,2.0,0.2
5879034,400.0,2.0,0.2
5879280,400.0,2.0,0.2
5879305,400.0,2.0,0.2
5879396,400.0,2.0,0.2
5879399,400.0,2.0,0.2
5879536,400.0,2.0,0.2
5879821,400.0,2.0,0.2
5879992,400.0,2.0,0.2
5880021,400.0,2.0,0.2
5880127,400.0,2.0,0.2
5880174,400.0,2.0,0.2
5880181,400.0,2.0,0.2
5880464,400.0,2.0,0.2
5880480,400.0,2.0,0.2
5880617,400.0,2.0,0.2
5880661,400.0,2.0,0.2
5880705,400.0,2.0,0.2
5880714,400.0,2.0,0.2
5880718,400.0,2.0,0.2
5880746,400.0,2.0,0.2
5880808,400.0,2.0,0.2
5881054,400.0,2.0,0.2
5881243,400.0,2.0,0.2
5881365,400.0,2.0,0.2
5881476,400.0,2.0,0.2
5881531,400.0,2.0,0.2
5881662,400.0,2.0,0.2
5883447,400.0,2.0,0.2
5883454,400.0,2.0,0.2
5883461,400.0,2.0,0.2
5883535,400.0,2.0,0.2
5883604,400.0,2.0,0.2
5883694,400.0,2.0,0.2
5885927,400.0,2.0,0.2
5886164,400.0,2.0,0.2
5886216,400.0,2.0,0.2
5886425,400.0,2.0,0.2
5886479,400.0,2.0,0.2
5886549,400.0,2.0,0.2
5886621,400.0,2.0,0.2
5886923,400.0,2.0,0.2
5886934,400.0,2.0,0.2
5886978,400.0,2.0,0.2
5887034,400.0,2.0,0.2
5887047,400.0,2.0,0.2
5887288,400.0,2.0,0.2
5887381,400.0,2.0,0.2
5887399,400.0,2.0,0.2
5887469,400.0,2.0,0.2
5887477,400.0,2.0,0.2
5887593,400.0,2.0,0.2
5887724,400.0,2.0,0.2
5888077,400.0,2.0,0.2
5888268,400.0,2.0,0.2
5888309,400.0,2.0,0.2
5888324,400.0,2.0,0.2
5888367,400.0,2.0,0.2
5888495,400.0,2.0,0.2
5888508,400.0,2.0,0.2
5888558,400.0,2.0,0.2
5888595,400.0,2.0,0.2
5888800,400.0,2.0,0.2
5888857,400.0,2.0,0.2
5888883,400.0,2.0,0.2
5888938,400.0,2.0,0.2
5888946,400.0,2.0,0.2
5888955,400.0,2.0,0.2
5889061,400.0,2.0,0.2
5889103,400.0,2.0,0.2
5889105,400.0,2.0,0.2
5889229,400.0,2.0,0.2
5889285,400.0,2.0,0.2
5889300,400.0,2.0,0.2
5889342,400.0,2.0,0.2
5889584,400.0,2.0,0.2
5889883,400.0,2.0,0.2
5889925,400.0,2.0,0.2
5890391,400.0,2.0,0.2
5890495,400.0,2.0,0.2
5890642,400.0,2.0,0.2
5890811,400.0,2.0,0.2
5890962,400.0,2.0,0.2
5891341,400.0,2.0,0.2
5893581,400.0,2.0,0.2
5893610,400.0,2.0,0.2
5893683,400.0,2.0,0.2
5893728,400.0,2.0,0.2
5893817,400.0,2.0,0.2
5893859,400.0,2.0,0.2
5893881,400.0,2.0,0.2
5894902,400.0,2.0,0.2
5894987,400.0,2.0,0.2
5895079,400.0,2.0,0.2
5895150,400.0,2.0,0.2
5895201,400.0,2.0,0.2
5895205,400.0,2.0,0.2
5895310,400.0,2.0,0.2
5895565,400.0,2.0,0.2
5895974,400.0,2.0,0.2
5896017,400.0,2.0,0.2
5896092,400.0,2.0,0.2
5896283,400.0,2.0,0.2
5896453,400.0,2.0,0.2
5896483,400.0,2.0,0.2
5896532,400.0,2.0,0.2
5896608,400.0,2.0,0.2
5896773,400.0,2.0,0.2
5896832,400.0,2.0,0.2
5896926,400.0,2.0,0.2
5896989,400.0,2.0,0.2
5896993,400.0,2.0,0.2
5897186,400.0,2.0,0.2
5897192,400.0,2.0,0.2
5897307,400.0,2.0,0.2
5897316,400.0,2.0,0.2
5897342,400.0,2.0,0.2
5897366,400.0,2.0,0.2
5897430,400.0,2.0,0.2
5897466,400.0,2.0,0.2
5897485,400.0,2.0,0.2
5897492,400.0,2.0,0.2
5897562,400.0,2.0,0.2
5897697,400.0,2.0,0.2
5897841,400.0,2.0,0.2
5897903,400.0,2.0,0.2
5897905,400.0,2.0,0.2
5898052,400.0,2.0,0.2
5898139,400.0,2.0,0.2
5898205,400.0,2.0,0.2
5898207,400.0,2.0,0.2
5898449,400.0,2.0,0.2
5898808,400.0,2.0,0.2
5900876,400.0,2.0,0.2
5900964,400.0,2.0,0.2
5900977,400.0,2.0,0.2
5901002,400.0,2.0,0.2
5901033,400.0,2.0,0.2
5901052,400.0,2.0,0.2
5901054,400.0,2.0,0.2
5902059,400.0,2.0,0.2
5902250,400.0,2.0,0.2
5902364,400.0,2.0,0.2
5902519,400.0,2.0,0.2
5902534,400.0,2.0,0.2
5902737,400.0,2.0,0.2
5902891,400.0,2.0,0.2
5902944,400.0,2.0,0.2
5903029,400.0,2.0,0.2
5903119,400.0,2.0,0.2
5903136,400.0,2.0,0.2
5903232,400.0,2.0,0.2
5903316,400.0,2.0,0.2
5903397,400.0,2.0,0.2
5903401,400.0,2.0,0.2
5903420,400.0,2.0,0.2
5903469,400.0,2.0,0.2
5903529,400.0,2.0,0.2
5903654,400.0,2.0,0.2
5903683,400.0,2.0,0.2
5903760,400.0,2.0,0.2
5903941,400.0,2.0,0.2
5904032,400.0,2.0,0.2
5904043,400.0,2.0,0.2
5904314,400.0,2.0,0.2
5904480,400.0,2.0,0.2
5904492,400.0,2.0,0.2
5904500,400.0,2.0,0.2
5904510,400.0,2.0,0.2
5904582,400.0,2.0,0.2
5904610,400.0,2.0,0.2
5904653,400.0,2.0,0.2
5904669,400.0,2.0,0.2
5904730,400.0,2.0,0.2
5904776,400.0,2.0,0.2
5905018,400.0,2.0,0.2
5905071,400.0,2.0,0.2
5905190,400.0,2.0,0.2
5905211,400.0,2.0,0.2
5905227,400.0,2.0,0.2
5905289,400.0,2.0,0.2
5905456,400.0,2.0,0.2
5905493,400.0,2.0,0.2
5905494,400.0,2.0,0.2
5907077,400.0,2.0,0.2
5907590,400.0,2.0,0.2
5907695,400.0,2.0,0.2
5907791,400.0,2.0,0.2
5907850,400.0,2.0,0.2
5907854,400.0,2.0,0.2
5907855,400.0,2.0,0.2
5908060,400.0,2.0,0.2
5908066,400.0,2.0,0.2
5908096,400.0,2.0,0.2
5908102,400.0,2.0,0.2
5908107,400.0,2.0,0.2
5908110,400.0,2.0,0.2
5908182,400.0,2.0,0.2
5908224,400.0,2.0,0.2
5908225,400.0,2.0,0.2
5908267,400.0,2.0,0.2
5908370,400.0,2.0,0.2
5908412,400.0,2.0,0.2
5908421,400.0,2.0,0.2
5908496,400.0,2.0,0.2
5908603,400.0,2.0,0.2
5908698,400.0,2.0,0.2
5908784,400.0,2.0,0.2
5908944,400.0,2.0,0.2
5909082,400.0,2.0,0.2
5909293,400.0,2.0,0.2
5909297,400.0,2.0,0.2
5909346,400.0,2.0,0.2
5909563,400.0,2.0,0.2
5909588,400.0,2.0,0.2
5909637,400.0,2.0,0.2
5909643,400.0,2.0,0.2
5909695,400.0,2.0,0.2
5909699,400.0,2.0,0.2
5909712,400.0,2.0,0.2
5909802,400.0,2.0,0.2
5909811,400.0,2.0,0.2
5909848,400.0,2.0,0.2
5909879,400.0,2.0,0.2
5909933,400.0,2.0,0.2
5909958,400.0,2.0,0.2
5911031,400.0,2.0,0.2
5911039,400.0,2.0,0.2
5911054,400.0,2.0,0.2
5911069,400.0,2.0,0.2
5911087,400.0,2.0,0.2
5911418,400.0,2.0,0.2
5911490,400.0,2.0,0.2
5911548,400.0,2.0,0.2
5911705,400.0,2.0,0.2
5911787,400.0,2.0,0.2
5911976,400.0,2.0,0.2
5912021,400.0,2.0,0.2
5912112,400.0,2.0,0.2
5912172,400.0,2.0,0.2
5912203,400.0,2.0,0.2
5912213,400.0,2.0,0.2
5912217,400.0,2.0,0.2
5912225,400.0,2.0,0.2
5912287,400.0,2.0,0.2
5912289,400.0,2.0,0.2
5912369,400.0,2.0,0.2
5912374,400.0,2.0,0.2
5912450,400.0,2.0,0.2
5913673,400.0,2.0,0.2
5913731,400.0,2.0,0.2
5913765,400.0,2.0,0.2
5913838,400.0,2.0,0.2
5914001,400.0,2.0,0.2
5914221,400.0,2.0,0.2
5915505,400.0,2.0,0.2
5915507,400.0,2.0,0.2
5915532,400.0,2.0,0.2
5915597,400.0,2.0,0.2
5915675,400.0,2.0,0.2
5915678,400.0,2.0,0.2
5915695,400.0,2.0,0.2
5915696,400.0,2.0,0.2
5915698,400.0,2.0,0.2
5915735,400.0,2.0,0.2
5915760,400.0,2.0,0.2
5923317,400.0,2.0,0.2
5923422,400.0,2.0,0.2
5923518,400.0,2.0,0.2
5923555,400.0,2.0,0.2
5923597,400.0,2.0,0.2
5923637,400.0,2.0,0.2
5932974,400.0,2.0,0.2
5933136,400.0,2.0,0.2
5933220,400.0,2.0,0.2
5933254,400.0,2.0,0.2
5933277,400.0,2.0,0.2
5933293,400.0,2.0,0.2
5933418,400.0,2.0,0.2
5933592,400.0,2.0,0.2
5933666,400.0,2.0,0.2
5933711,400.0,2.0,0.2
5933743,400.0,2.0,0.2
5933755,400.0,2.0,0.2
5933792,400.0,2.0,0.2
5933941,400.0,2.0,0.2
5934055,400.0,2.0,0.2
5934169,400.0,2.0,0.2
5934179,400.0,2.0,0.2
5934269,400.0,2.0,0.2
5934279,400.0,2.0,0.2
5934346,400.0,2.0,0.2
6016449,400.0,2.0,0.2
6016604,400.0,2.0,0.2
6016614,400.0,2.0,0.2
6016648,400.0,2.0,0.2
6016670,400.0,2.0,0.2
6016896,400.0,2.0,0.2
6016942,400.0,2.0,0.2
6016954,400.0,2.0,0.2
6026411,400.0,2.0,0.2
6026524,400.0,2.0,0.2
6026713,400.0,2.0,0.2
6026842,400.0,2.0,0.2
6036396,400.0,2.0,0.2
6036494,400.0,2.0,0.2
6047587,400.0,2.0,0.2
6047619,400.0,2.0,0.2
6047643,400.0,2.0,0.2
6047703,400.0,2.0,0.2
6047867,400.0,2.0,0.2
6048064,400.0,2.0,0.2
6048092,400.0,2.0,0.2
7284606,400.0,2.0,0.2
7284675,400.0,2.0,0.2
7284836,400.0,2.0,0.2
7284888,400.0,2.0,0.2
7285047,400.0,2.0,0.2
7285063,400.0,2.0,0.2
7285082,400.0,2.0,0.2
7285146,400.0,2.0,0.2
7285384,400.0,2.0,0.2
7285495,400.0,2.0,0.2
7285525,400.0,2.0,0.2
7285532,400.0,2.0,0.2
7285615,400.0,2.0,0.2
7285646,400.0,2.0,0.2
7285862,400.0,2.0,0.2
7285877,400.0,2.0,0.2
7285924,400.0,2.0,0.2
7285926,400.0,2.0,0.2
7285935,400.0,2.0,0.2
7285936,400.0,2.0,0.2
7286123,400.0,2.0,0.2
7286157,400.0,2.0,0.2
7286159,400.0,2.0,0.2
7286242,400.0,2.0,0.2
7286324,400.0,2.0,0.2
7286436,400.0,2.0,0.2
7286489,400.0,2.0,0.2
7286500,400.0,2.0,0.2
7286564,400.0,2.0,0.2
7286566,400.0,2.0,0.2
7286575,400.0,2.0,0.2
7286626,400.0,2.0,0.2
7286678,400.0,2.0,0.2
7286703,400.0,2.0,0.2
7286792,400.0,2.0,0.2
7286835,400.0,2.0,0.2
7286838,400.0,2.0,0.2
7286843,400.0,2.0,0.2
7294825,400.0,2.0,0.2
7294865,400.0,2.0,0.2
7294904,400.0,2.0,0.2
7294914,400.0,2.0,0.2
7295187,400.0,2.0,0.2
7295223,400.0,2.0,0.2
7295273,400.0,2.0,0.2
7295282,400.0,2.0,0.2
7295344,400.0,2.0,0.2
7295369,400.0,2.0,0.2
7295378,400.0,2.0,0.2
7295435,400.0,2.0,0.2
7295452,400.0,2.0,0.2
7295673,400.0,2.0,0.2
7295732,400.0,2.0,0.2
7295792,400.0,2.0,0.2
7295873,400.0,2.0,0.2
7296066,400.0,2.0,0.2
7296085,400.0,2.0,0.2
7296095,400.0,2.0,0.2
7296129,400.0,2.0,0.2
7296254,400.0,2.0,0.2
7296334,400.0,2.0,0.2
7296347,400.0,2.0,0.2
7296358,400.0,2.0,0.2
7296602,400.0,2.0,0.2
7296806,400.0,2.0,0.2
7296831,400.0,2.0,0.2
7296922,400.0,2.0,0.2
7297034,400.0,2.0,0.2
7297045,400.0,2.0,0.2
7297176,400.0,2.0,0.2
7297229,400.0,2.0,0.2
7297238,400.0,2.0,0.2
7297242,400.0,2.0,0.2
7297272,400.0,2.0,0.2
7297522,400.0,2.0,0.2
7297557,400.0,2.0,0.2
7297615,400.0,2.0,0.2
7298026,400.0,2.0,0.2
7298051,400.0,2.0,0.2
7298156,400.0,2.0,0.2
7298261,400.0,2.0,0.2
7298265,400.0,2.0,0.2
7298284,400.0,2.0,0.2
7298357,400.0,2.0,0.2
7298444,400.0,2.0,0.2
7298451,400.0,2.0,0.2
7298464,400.0,2.0,0.2
7298538,400.0,2.0,0.2
7298855,400.0,2.0,0.2
7298978,400.0,2.0,0.2
7299121,400.0,2.0,0.2
7299203,400.0,2.0,0.2
7299206,400.0,2.0,0.2
7299237,400.0,2.0,0.2
7299329,400.0,2.0,0.2
7299779,400.0,2.0,0.2
7299872,400.0,2.0,0.2
7300107,400.0,2.0,0.2
7300226,400.0,2.0,0.2
7300333,400.0,2.0,0.2
7300369,400.0,2.0,0.2
7300374,400.0,2.0,0.2
7300383,400.0,2.0,0.2
7300521,400.0,2.0,0.2
7300574,400.0,2.0,0.2
7300641,400.0,2.0,0.2
7300709,400.0,2.0,0.2
7300829,400.0,2.0,0.2
7300962,400.0,2.0,0.2
7301179,400.0,2.0,0.2
7301189,400.0,2.0,0.2
7301205,400.0,2.0,0.2
7301256,400.0,2.0,0.2
7301296,400.0,2.0,0.2
7301332,400.0,2.0,0.2
7301361,400.0,2.0,0.2
7301445,400.0,2.0,0.2
7301486,400.0,2.0,0.2
7301953,400.0,2.0,0.2
7302157,400.0,2.0,0.2
7302185,400.0,2.0,0.2
7302574,400.0,2.0,0.2
7302727,400.0,2.0,0.2
7302938,400.0,2.0,0.2
7303365,400.0,2.0,0.2
7303373,400.0,2.0,0.2
7303446,400.0,2.0,0.2
7303499,400.0,2.0,0.2
7303601,400.0,2.0,0.2
7303660,400.0,2.0,0.2
7303752,400.0,2.0,0.2
7303875,400.0,2.0,0.2
7303968,400.0,2.0,0.2
7304008,400.0,2.0,0.2
7304098,400.0,2.0,0.2
7304214,400.0,2.0,0.2
7304406,400.0,2.0,0.2
7304540,400.0,2.0,0.2
7304575,400.0,2.0,0.2
7304656,400.0,2.0,0.2
7304674,400.0,2.0,0.2
7304864,400.0,2.0,0.2
7305024,400.0,2.0,0.2
7305156,400.0,2.0,0.2
7305232,400.0,2.0,0.2
7305242,400.0,2.0,0.2
7305262,400.0,2.0,0.2
7305286,400.0,2.0,0.2
7305380,400.0,2.0,0.2
7305414,400.0,2.0,0.2
7305423,400.0,2.0,0.2
7305478,400.0,2.0,0.2
7305491,400.0,2.0,0.2
7305518,400.0,2.0,0.2
7305626,400.0,2.0,0.2
7305659,400.0,2.0,0.2
7305700,400.0,2.0,0.2
7305857,400.0,2.0,0.2
7305883,400.0,2.0,0.2
7305884,400.0,2.0,0.2
7305941,400.0,2.0,0.2
7306237,400.0,2.0,0.2
7306386,400.0,2.0,0.2
7306477,400.0,2.0,0.2
7306484,400.0,2.0,0.2
7306575,400.0,2.0,0.2
7306689,400.0,2.0,0.2
7306708,400.0,2.0,0.2
7306781,400.0,2.0,0.2
7306835,400.0,2.0,0.2
7306841,400.0,2.0,0.2
7306853,400.0,2.0,0.2
7306868,400.0,2.0,0.2
7306945,400.0,2.0,0.2
7307005,400.0,2.0,0.2
7307086,400.0,2.0,0.2
7307126,400.0,2.0,0.2
7307412,400.0,2.0,0.2
7307467,400.0,2.0,0.2
7307579,400.0,2.0,0.2
7307619,400.0,2.0,0.2
7307628,400.0,2.0,0.2
7307707,400.0,2.0,0.2
7307746,400.0,2.0,0.2
7307754,400.0,2.0,0.2
7307771,400.0,2.0,0.2
7307878,400.0,2.0,0.2
7307898,400.0,2.0,0.2
7307901,400.0,2.0,0.2
7308206,400.0,2.0,0.2
7308266,400.0,2.0,0.2
7308280,400.0,2.0,0.2
7308290,400.0,2.0,0.2
7308347,400.0,2.0,0.2
7308400,400.0,2.0,0.2
7308535,400.0,2.0,0.2
7308554,400.0,2.0,0.2
7308579,400.0,2.0,0.2
7308588,400.0,2.0,0.2
7308688,400.0,2.0,0.2
7308861,400.0,2.0,0.2
7308903,400.0,2.0,0.2
7309044,400.0,2.0,0.2
7309180,400.0,2.0,0.2
7309330,400.0,2.0,0.2
7309423,400.0,2.0,0.2
7309501,400.0,2.0,0.2
7309509,400.0,2.0,0.2
7309693,400.0,2.0,0.2
7309960,400.0,2.0,0.2
7309994,400.0,2.0,0.2
7310206,400.0,2.0,0.2
7310290,400.0,2.0,0.2
7310296,400.0,2.0,0.2
7310340,400.0,2.0,0.2
7310383,400.0,2.0,0.2
7310398,400.0,2.0,0.2
7310423,400.0,2.0,0.2
7310594,400.0,2.0,0.2
7310665,400.0,2.0,0.2
7310776,400.0,2.0,0.2
7310806,400.0,2.0,0.2
7310977,400.0,2.0,0.2
7311137,400.0,2.0,0.2
7311167,400.0,2.0,0.2
7311216,400.0,2.0,0.2
7311312,400.0,2.0,0.2
7311320,400.0,2.0,0.2
7311370,400.0,2.0,0.2
7311584,400.0,2.0,0.2
7311679,400.0,2.0,0.2
7311717,400.0,2.0,0.2
7311959,400.0,2.0,0.2
7312028,400.0,2.0,0.2
7312069,400.0,2.0,0.2
7312121,400.0,2.0,0.2
7312225,400.0,2.0,0.2
7312503,400.0,2.0,0.2
7312527,400.0,2.0,0.2
7312529,400.0,2.0,0.2
7312573,400.0,2.0,0.2
7312812,400.0,2.0,0.2
7312845,400.0,2.0,0.2
7312851,400.0,2.0,0.2
7313013,400.0,2.0,0.2
7313082,400.0,2.0,0.2
7313141,400.0,2.0,0.2
7313229,400.0,2.0,0.2
7313341,400.0,2.0,0.2
7313350,400.0,2.0,0.2
7313465,400.0,2.0,0.2
7313481,400.0,2.0,0.2
7313519,400.0,2.0,0.2
7313524,400.0,2.0,0.2
7313565,400.0,2.0,0.2
7313603,400.0,2.0,0.2
7313622,400.0,2.0,0.2
7313634,400.0,2.0,0.2
7313705,400.0,2.0,0.2
7313838,400.0,2.0,0.2
7314101,400.0,2.0,0.2
7314187,400.0,2.0,0.2
7314253,400.0,2.0,0.2
7314337,400.0,2.0,0.2
7314490,400.0,2.0,0.2
7314546,400.0,2.0,0.2
7314583,400.0,2.0,0.2
7314585,400.0,2.0,0.2
7314606,400.0,2.0,0.2
7314711,400.0,2.0,0.2
7314759,400.0,2.0,0.2
7314891,400.0,2.0,0.2
7314979,400.0,2.0,0.2
7315003,400.0,2.0,0.2
7315009,400.0,2.0,0.2
7315039,400.0,2.0,0.2
7315186,400.0,2.0,0.2
7315289,400.0,2.0,0.2
7315350,400.0,2.0,0.2
7315351,400.0,2.0,0.2
7315369,400.0,2.0,0.2
7315455,400.0,2.0,0.2
7316128,400.0,2.0,0.2
7316214,400.0,2.0,0.2
7316282,400.0,2.0,0.2
7316376,400.0,2.0,0.2
7316415,400.0,2.0,0.2
7316455,400.0,2.0,0.2
7316465,400.0,2.0,0.2
7316522,400.0,2.0,0.2
7316531,400.0,2.0,0.2
7316565,400.0,2.0,0.2
7316601,400.0,2.0,0.2
7316639,400.0,2.0,0.2
7316654,400.0,2.0,0.2
7316671,400.0,2.0,0.2
7316775,400.0,2.0,0.2
7316826,400.0,2.0,0.2
7316841,400.0,2.0,0.2
7316890,400.0,2.0,0.2
7316895,400.0,2.0,0.2
7316915,400.0,2.0,0.2
7316991,400.0,2.0,0.2
7317049,400.0,2.0,0.2
7317092,400.0,2.0,0.2
7317111,400.0,2.0,0.2
7317113,400.0,2.0,0.2
7317421,400.0,2.0,0.2
7317457,400.0,2.0,0.2
7317512,400.0,2.0,0.2
7317522,400.0,2.0,0.2
7317531,400.0,2.0,0.2
7317551,400.0,2.0,0.2
7317587,400.0,2.0,0.2
7317868,400.0,2.0,0.2
7317873,400.0,2.0,0.2
7317882,400.0,2.0,0.2
7317946,400.0,2.0,0.2
7318041,400.0,2.0,0.2
7318264,400.0,2.0,0.2
7318278,400.0,2.0,0.2
7318294,400.0,2.0,0.2
7318397,400.0,2.0,0.2
7318418,400.0,2.0,0.2
7318574,400.0,2.0,0.2
7318587,400.0,2.0,0.2
7318592,400.0,2.0,0.2
7318601,400.0,2.0,0.2
7318627,400.0,2.0,0.2
7318718,400.0,2.0,0.2
7318726,400.0,2.0,0.2
7318857,400.0,2.0,0.2
7319024,400.0,2.0,0.2
7319142,400.0,2.0,0.2
7319221,400.0,2.0,0.2
7319352,400.0,2.0,0.2
7319487,400.0,2.0,0.2
7319489,400.0,2.0,0.2
7319539,400.0,2.0,0.2
7319565,400.0,2.0,0.2
7319606,400.0,2.0,0.2
7319810,400.0,2.0,0.2
7319832,400.0,2.0,0.2
7319840,400.0,2.0,0.2
7319843,400.0,2.0,0.2
7319888,400.0,2.0,0.2
7319894,400.0,2.0,0.2
7319956,400.0,2.0,0.2
7320015,400.0,2.0,0.2
7320033,400.0,2.0,0.2
7320042,400.0,2.0,0.2
7320133,400.0,2.0,0.2
7320142,400.0,2.0,0.2
7320217,400.0,2.0,0.2
7320331,400.0,2.0,0.2
7320588,400.0,2.0,0.2
7320632,400.0,2.0,0.2
7320663,400.0,2.0,0.2
7320715,400.0,2.0,0.2
7320852,400.0,2.0,0.2
7320890,400.0,2.0,0.2
7320906,400.0,2.0,0.2
7320930,400.0,2.0,0.2
7320959,400.0,2.0,0.2
7321027,400.0,2.0,0.2
7321258,400.0,2.0,0.2
7321574,400.0,2.0,0.2
7321608,400.0,2.0,0.2
7321826,400.0,2.0,0.2
7321838,400.0,2.0,0.2
7321884,400.0,2.0,0.2
7321894,400.0,2.0,0.2
7321924,400.0,2.0,0.2
7321984,400.0,2.0,0.2
7321988,400.0,2.0,0.2
7322142,400.0,2.0,0.2
7322288,400.0,2.0,0.2
7322339,400.0,2.0,0.2
7322351,400.0,2.0,0.2
7322565,400.0,2.0,0.2
7322678,400.0,2.0,0.2
7322706,400.0,2.0,0.2
7322754,400.0,2.0,0.2
7322919,400.0,2.0,0.2
7322959,400.0,2.0,0.2
7322977,400.0,2.0,0.2
7323027,400.0,2.0,0.2
7323036,400.0,2.0,0.2
7323050,400.0,2.0,0.2
7323167,400.0,2.0,0.2
7323281,400.0,2.0,0.2
7323417,400.0,2.0,0.2
7323450,400.0,2.0,0.2
7323525,400.0,2.0,0.2
7323722,400.0,2.0,0.2
7323727,400.0,2.0,0.2
7323787,400.0,2.0,0.2
7323846,400.0,2.0,0.2
7323854,400.0,2.0,0.2
7323865,400.0,2.0,0.2
7323933,400.0,2.0,0.2
7323940,400.0,2.0,0.2
7323963,400.0,2.0,0.2
7324029,400.0,2.0,0.2
7324132,400.0,2.0,0.2
7324168,400.0,2.0,0.2
7324233,400.0,2.0,0.2
7324304,400.0,2.0,0.2
7324305,400.0,2.0,0.2
7324445,400.0,2.0,0.2
7324466,400.0,2.0,0.2
7324712,400.0,2.0,0.2
7324809,400.0,2.0,0.2
7324816,400.0,2.0,0.2
7324883,400.0,2.0,0.2
7324884,400.0,2.0,0.2
7324950,400.0,2.0,0.2
7324966,400.0,2.0,0.2
7325168,400.0,2.0,0.2
7325179,400.0,2.0,0.2
7325236,400.0,2.0,0.2
7325250,400.0,2.0,0.2
7325255,400.0,2.0,0.2
7325323,400.0,2.0,0.2
7325434,400.0,2.0,0.2
7325521,400.0,2.0,0.2
7325591,400.0,2.0,0.2
7325722,400.0,2.0,0.2
7325764,400.0,2.0,0.2
7325778,400.0,2.0,0.2
7325819,400.0,2.0,0.2
7325866,400.0,2.0,0.2
7325928,400.0,2.0,0.2
7325953,400.0,2.0,0.2
7325969,400.0,2.0,0.2
7325997,400.0,2.0,0.2
7326174,400.0,2.0,0.2
7326201,400.0,2.0,0.2
7326263,400.0,2.0,0.2
7326272,400.0,2.0,0.2
7326316,400.0,2.0,0.2
7326342,400.0,2.0,0.2
7326383,400.0,2.0,0.2
7326397,400.0,2.0,0.2
7326454,400.0,2.0,0.2
7326524,400.0,2.0,0.2
7326620,400.0,2.0,0.2
7326643,400.0,2.0,0.2
7326755,400.0,2.0,0.2
7326782,400.0,2.0,0.2
7326783,400.0,2.0,0.2
7326827,400.0,2.0,0.2
7326831,400.0,2.0,0.2
7326873,400.0,2.0,0.2
7326892,400.0,2.0,0.2
7326898,400.0,2.0,0.2
7326943,400.0,2.0,0.2
7327318,400.0,2.0,0.2
7327339,400.0,2.0,0.2
7327362,400.0,2.0,0.2
7327373,400.0,2.0,0.2
7327395,400.0,2.0,0.2
7327410,400.0,2.0,0.2
7327427,400.0,2.0,0.2
7327439,400.0,2.0,0.2
7327468,400.0,2.0,0.2
7327485,400.0,2.0,0.2
7327486,400.0,2.0,0.2
7336989,400.0,2.0,0.2
7337161,400.0,2.0,0.2
7337174,400.0,2.0,0.2
7337321,400.0,2.0,0.2
7337322,400.0,2.0,0.2
7337342,400.0,2.0,0.2
7337441,400.0,2.0,0.2
7337462,400.0,2.0,0.2
7337582,400.0,2.0,0.2
7337588,400.0,2.0,0.2
7337589,400.0,2.0,0.2
7337633,400.0,2.0,0.2
7337635,400.0,2.0,0.2
7337680,400.0,2.0,0.2
7337700,400.0,2.0,0.2
7337716,400.0,2.0,0.2
7337814,400.0,2.0,0.2
7337818,400.0,2.0,0.2
7337821,400.0,2.0,0.2
7337846,400.0,2.0,0.2
7337857,400.0,2.0,0.2
7337940,400.0,2.0,0.2
7337945,400.0,2.0,0.2
7337948,400.0,2.0,0.2
7338137,400.0,2.0,0.2
7338186,400.0,2.0,0.2
7338229,400.0,2.0,0.2
7338255,400.0,2.0,0.2
7338287,400.0,2.0,0.2
7338300,400.0,2.0,0.2
7338361,400.0,2.0,0.2
7338364,400.0,2.0,0.2
7345167,400.0,2.0,0.2
7345384,400.0,2.0,0.2
7351065,400.0,2.0,0.2
7351093,400.0,2.0,0.2
7351191,400.0,2.0,0.2
7351210,400.0,2.0,0.2
7351254,400.0,2.0,0.2
7351316,400.0,2.0,0.2
7351459,400.0,2.0,0.2
7351474,400.0,2.0,0.2
7351688,400.0,2.0,0.2
7351820,400.0,2.0,0.2
7351826,400.0,2.0,0.2
7351831,400.0,2.0,0.2
7352045,400.0,2.0,0.2
7352051,400.0,2.0,0.2
7352150,400.0,2.0,0.2
7352221,400.0,2.0,0.2
7352247,400.0,2.0,0.2
7352267,400.0,2.0,0.2
7352467,400.0,2.0,0.2
7352493,400.0,2.0,0.2
7352630,400.0,2.0,0.2
7352739,400.0,2.0,0.2
7352754,400.0,2.0,0.2
7352756,400.0,2.0,0.2
7352780,400.0,2.0,0.2
7352783,400.0,2.0,0.2
7352854,400.0,2.0,0.2
7352943,400.0,2.0,0.2
7353178,400.0,2.0,0.2
7353193,400.0,2.0,0.2
7353418,400.0,2.0,0.2
7353476,400.0,2.0,0.2
7353488,400.0,2.0,0.2
7353656,400.0,2.0,0.2
7353707,400.0,2.0,0.2
7353832,400.0,2.0,0.2
7354114,400.0,2.0,0.2
7354346,400.0,2.0,0.2
7354376,400.0,2.0,0.2
7354388,400.0,2.0,0.2
7354499,400.0,2.0,0.2
7354506,400.0,2.0,0.2
7354513,400.0,2.0,0.2
7354686,400.0,2.0,0.2
7354747,400.0,2.0,0.2
7355047,400.0,2.0,0.2
7355087,400.0,2.0,0.2
7355341,400.0,2.0,0.2
7355364,400.0,2.0,0.2
7355601,400.0,2.0,0.2
7355623,400.0,2.0,0.2
7355634,400.0,2.0,0.2
7355677,400.0,2.0,0.2
7355860,400.0,2.0,0.2
7355933,400.0,2.0,0.2
7355997,400.0,2.0,0.2
7356071,400.0,2.0,0.2
7356103,400.0,2.0,0.2
7356400,400.0,2.0,0.2
7356423,400.0,2.0,0.2
7356644,400.0,2.0,0.2
7356721,400.0,2.0,0.2
7356781,400.0,2.0,0.2
7356835,400.0,2.0,0.2
7356949,400.0,2.0,0.2
7357105,400.0,2.0,0.2
7357207,400.0,2.0,0.2
7357232,400.0,2.0,0.2
7357257,400.0,2.0,0.2
7357375,400.0,2.0,0.2
7357395,400.0,2.0,0.2
7357476,400.0,2.0,0.2
7357517,400.0,2.0,0.2
7357649,400.0,2.0,0.2
7357800,400.0,2.0,0.2
7357941,400.0,2.0,0.2
7358111,400.0,2.0,0.2
7358307,400.0,2.0,0.2
7358412,400.0,2.0,0.2
7358526,400.0,2.0,0.2
7358537,400.0,2.0,0.2
7358631,400.0,2.0,0.2
7358674,400.0,2.0,0.2
7358680,400.0,2.0,0.2
7358685,400.0,2.0,0.2
7358779,400.0,2.0,0.2
7358872,400.0,2.0,0.2
7358893,400.0,2.0,0.2
7358993,400.0,2.0,0.2
7359036,400.0,2.0,0.2
7359071,400.0,2.0,0.2
7359085,400.0,2.0,0.2
7359093,400.0,2.0,0.2
7359104,400.0,2.0,0.2
7359105,400.0,2.0,0.2
7359196,400.0,2.0,0.2
7359200,400.0,2.0,0.2
7359204,400.0,2.0,0.2
7359245,400.0,2.0,0.2
7359446,400.0,2.0,0.2
7359450,400.0,2.0,0.2
7359459,400.0,2.0,0.2
7359885,400.0,2.0,0.2
7359887,400.0,2.0,0.2
7360107,400.0,2.0,0.2
7360156,400.0,2.0,0.2
7360249,400.0,2.0,0.2
7360273,400.0,2.0,0.2
7360307,400.0,2.0,0.2
7360383,400.0,2.0,0.2
7360449,400.0,2.0,0.2
7360576,400.0,2.0,0.2
7360650,400.0,2.0,0.2
7360669,400.0,2.0,0.2
7360828,400.0,2.0,0.2
7360842,400.0,2.0,0.2
7360846,400.0,2.0,0.2
7360958,400.0,2.0,0.2
7361037,400.0,2.0,0.2
7361086,400.0,2.0,0.2
7361129,400.0,2.0,0.2
7361189,400.0,2.0,0.2
7361198,400.0,2.0,0.2
7361290,400.0,2.0,0.2
7361407,400.0,2.0,0.2
7361479,400.0,2.0,0.2
7361645,400.0,2.0,0.2
7361656,400.0,2.0,0.2
7361856,400.0,2.0,0.2
7361989,400.0,2.0,0.2
7362011,400.0,2.0,0.2
7362043,400.0,2.0,0.2
7362110,400.0,2.0,0.2
7362115,400.0,2.0,0.2
7362249,400.0,2.0,0.2
7362252,400.0,2.0,0.2
7362310,400.0,2.0,0.2
7362333,400.0,2.0,0.2
7362451,400.0,2.0,0.2
7362460,400.0,2.0,0.2
7362501,400.0,2.0,0.2
7362531,400.0,2.0,0.2
7362609,400.0,2.0,0.2
7362627,400.0,2.0,0.2
7362644,400.0,2.0,0.2
7362685,400.0,2.0,0.2
7362758,400.0,2.0,0.2
7362804,400.0,2.0,0.2
7362854,400.0,2.0,0.2
7362993,400.0,2.0,0.2
7363007,400.0,2.0,0.2
7363030,400.0,2.0,0.2
7363119,400.0,2.0,0.2
7363178,400.0,2.0,0.2
7363193,400.0,2.0,0.2
7363278,400.0,2.0,0.2
7363369,400.0,2.0,0.2
7363426,400.0,2.0,0.2
7363549,400.0,2.0,0.2
7363617,400.0,2.0,0.2
7363687,400.0,2.0,0.2
7363708,400.0,2.0,0.2
7363712,400.0,2.0,0.2
7363914,400.0,2.0,0.2
7363929,400.0,2.0,0.2
7364219,400.0,2.0,0.2
7364249,400.0,2.0,0.2
7364254,400.0,2.0,0.2
7364320,400.0,2.0,0.2
7364334,400.0,2.0,0.2
7364404,400.0,2.0,0.2
7365055,400.0,2.0,0.2
7365099,400.0,2.0,0.2
7365171,400.0,2.0,0.2
7365378,400.0,2.0,0.2
7365416,400.0,2.0,0.2
7365530,400.0,2.0,0.2
7365753,400.0,2.0,0.2
7365856,400.0,2.0,0.2
7365858,400.0,2.0,0.2
7365970,400.0,2.0,0.2
7365973,400.0,2.0,0.2
7366065,400.0,2.0,0.2
7366140,400.0,2.0,0.2
7366184,400.0,2.0,0.2
7366410,400.0,2.0,0.2
7366429,400.0,2.0,0.2
7366482,400.0,2.0,0.2
7366653,400.0,2.0,0.2
7366654,400.0,2.0,0.2
7366864,400.0,2.0,0.2
7366972,400.0,2.0,0.2
7367015,400.0,2.0,0.2
7367139,400.0,2.0,0.2
7367382,400.0,2.0,0.2
7367400,400.0,2.0,0.2
7367435,400.0,2.0,0.2
7367786,400.0,2.0,0.2
7367789,400.0,2.0,0.2
7367803,400.0,2.0,0.2
7367879,400.0,2.0,0.2
7368034,400.0,2.0,0.2
7368080,400.0,2.0,0.2
7368293,400.0,2.0,0.2
7368407,400.0,2.0,0.2
7368467,400.0,2.0,0.2
7368529,400.0,2.0,0.2
7368583,400.0,2.0,0.2
7368602,400.0,2.0,0.2
7368622,400.0,2.0,0.2
7368663,400.0,2.0,0.2
7368702,400.0,2.0,0.2
7368965,400.0,2.0,0.2
7368974,400.0,2.0,0.2
7369033,400.0,2.0,0.2
7369100,400.0,2.0,0.2
7369116,400.0,2.0,0.2
7369122,400.0,2.0,0.2
7369152,400.0,2.0,0.2
7369172,400.0,2.0,0.2
7369303,400.0,2.0,0.2
7369330,400.0,2.0,0.2
7369377,400.0,2.0,0.2
7369397,400.0,2.0,0.2
7369648,400.0,2.0,0.2
7369700,400.0,2.0,0.2
7369890,400.0,2.0,0.2
7369970,400.0,2.0,0.2
7370052,400.0,2.0,0.2
7370057,400.0,2.0,0.2
7370075,400.0,2.0,0.2
7370130,400.0,2.0,0.2
7370137,400.0,2.0,0.2
7370142,400.0,2.0,0.2
7370206,400.0,2.0,0.2
7370233,400.0,2.0,0.2
7370379,400.0,2.0,0.2
7370408,400.0,2.0,0.2
7370423,400.0,2.0,0.2
7370496,400.0,2.0,0.2
7370590,400.0,2.0,0.2
7370632,400.0,2.0,0.2
7370635,400.0,2.0,0.2
7370715,400.0,2.0,0.2
7370717,400.0,2.0,0.2
7370756,400.0,2.0,0.2
7370803,400.0,2.0,0.2
7370809,400.0,2.0,0.2
7370823,400.0,2.0,0.2
7370830,400.0,2.0,0.2
7370890,400.0,2.0,0.2
7370895,400.0,2.0,0.2
7370935,400.0,2.0,0.2
7371088,400.0,2.0,0.2
7371098,400.0,2.0,0.2
7371109,400.0,2.0,0.2
7371184,400.0,2.0,0.2
7371230,400.0,2.0,0.2
7371351,400.0,2.0,0.2
7371404,400.0,2.0,0.2
7371413,400.0,2.0,0.2
7371499,400.0,2.0,0.2
7371557,400.0,2.0,0.2
7371811,400.0,2.0,0.2
7371843,400.0,2.0,0.2
7372091,400.0,2.0,0.2
7372177,400.0,2.0,0.2
7372204,400.0,2.0,0.2
7372299,400.0,2.0,0.2
7372311,400.0,2.0,0.2
7372380,400.0,2.0,0.2
7372455,400.0,2.0,0.2
7372506,400.0,2.0,0.2
7372516,400.0,2.0,0.2
7372608,400.0,2.0,0.2
7372705,400.0,2.0,0.2
7372713,400.0,2.0,0.2
7372761,400.0,2.0,0.2
7372894,400.0,2.0,0.2
7372903,400.0,2.0,0.2
7372911,400.0,2.0,0.2
7372924,400.0,2.0,0.2
7372999,400.0,2.0,0.2
7373009,400.0,2.0,0.2
7373070,400.0,2.0,0.2
7373091,400.0,2.0,0.2
7373164,400.0,2.0,0.2
7373184,400.0,2.0,0.2
7373188,400.0,2.0,0.2
7373219,400.0,2.0,0.2
7373229,400.0,2.0,0.2
7373234,400.0,2.0,0.2
7373320,400.0,2.0,0.2
7373356,400.0,2.0,0.2
7373358,400.0,2.0,0.2
7373492,400.0,2.0,0.2
7373657,400.0,2.0,0.2
7373663,400.0,2.0,0.2
7373752,400.0,2.0,0.2
7373786,400.0,2.0,0.2
7373818,400.0,2.0,0.2
7373836,400.0,2.0,0.2
7373940,400.0,2.0,0.2
7373995,400.0,2.0,0.2
7374015,400.0,2.0,0.2
7374028,400.0,2.0,0.2
7374082,400.0,2.0,0.2
7374098,400.0,2.0,0.2
7374219,400.0,2.0,0.2
7374265,400.0,2.0,0.2
7374401,400.0,2.0,0.2
7374464,400.0,2.0,0.2
7374543,400.0,2.0,0.2
7374644,400.0,2.0,0.2
7374773,400.0,2.0,0.2
7374780,400.0,2.0,0.2
7374832,400.0,2.0,0.2
7374873,400.0,2.0,0.2
7374979,400.0,2.0,0.2
7375006,400.0,2.0,0.2
7375026,400.0,2.0,0.2
7375103,400.0,2.0,0.2
7375118,400.0,2.0,0.2
7375131,400.0,2.0,0.2
7375205,400.0,2.0,0.2
7375266,400.0,2.0,0.2
7375301,400.0,2.0,0.2
7375380,400.0,2.0,0.2
7375397,400.0,2.0,0.2
7375422,400.0,2.0,0.2
7375613,400.0,2.0,0.2
7375629,400.0,2.0,0.2
7375649,400.0,2.0,0.2
7375660,400.0,2.0,0.2
7375692,400.0,2.0,0.2
7375734,400.0,2.0,0.2
7375781,400.0,2.0,0.2
7375901,400.0,2.0,0.2
7375923,400.0,2.0,0.2
7376023,400.0,2.0,0.2
7376170,400.0,2.0,0.2
7376172,400.0,2.0,0.2
7376207,400.0,2.0,0.2
7376237,400.0,2.0,0.2
7376312,400.0,2.0,0.2
7376465,400.0,2.0,0.2
7376589,400.0,2.0,0.2
7376665,400.0,2.0,0.2
7376725,400.0,2.0,0.2
7376748,400.0,2.0,0.2
7376757,400.0,2.0,0.2
7376884,400.0,2.0,0.2
7376898,400.0,2.0,0.2
7376992,400.0,2.0,0.2
7377027,400.0,2.0,0.2
7377090,400.0,2.0,0.2
7377135,400.0,2.0,0.2
7377140,400.0,2.0,0.2
7377173,400.0,2.0,0.2
7377315,400.0,2.0,0.2
7377338,400.0,2.0,0.2
7377397,400.0,2.0,0.2
7377488,400.0,2.0,0.2
7377627,400.0,2.0,0.2
7377629,400.0,2.0,0.2
7378105,400.0,2.0,0.2
7378190,400.0,2.0,0.2
7378339,400.0,2.0,0.2
7378432,400.0,2.0,0.2
7378902,400.0,2.0,0.2
7378908,400.0,2.0,0.2
7378990,400.0,2.0,0.2
7379062,400.0,2.0,0.2
7379080,400.0,2.0,0.2
7379205,400.0,2.0,0.2
7379240,400.0,2.0,0.2
7379290,400.0,2.0,0.2
7379293,400.0,2.0,0.2
7379339,400.0,2.0,0.2
7379352,400.0,2.0,0.2
7379353,400.0,2.0,0.2
7379375,400.0,2.0,0.2
7379402,400.0,2.0,0.2
7379414,400.0,2.0,0.2
7379487,400.0,2.0,0.2
7379569,400.0,2.0,0.2
7379627,400.0,2.0,0.2
7379649,400.0,2.0,0.2
7379824,400.0,2.0,0.2
7379879,400.0,2.0,0.2
7379894,400.0,2.0,0.2
7379969,400.0,2.0,0.2
7380193,400.0,2.0,0.2
7380266,400.0,2.0,0.2
7380323,400.0,2.0,0.2
7380408,400.0,2.0,0.2
7380505,400.0,2.0,0.2
7380647,400.0,2.0,0.2
7380710,400.0,2.0,0.2
7380812,400.0,2.0,0.2
7380895,400.0,2.0,0.2
7380926,400.0,2.0,0.2
7380942,400.0,2.0,0.2
7381016,400.0,2.0,0.2
7381079,400.0,2.0,0.2
7381129,400.0,2.0,0.2
7381180,400.0,2.0,0.2
7381373,400.0,2.0,0.2
7381402,400.0,2.0,0.2
7381413,400.0,2.0,0.2
7381421,400.0,2.0,0.2
7381424,400.0,2.0,0.2
7381570,400.0,2.0,0.2
7381577,400.0,2.0,0.2
7381595,400.0,2.0,0.2
7381659,400.0,2.0,0.2
7381678,400.0,2.0,0.2
7381754,400.0,2.0,0.2
7381780,400.0,2.0,0.2
7382008,400.0,2.0,0.2
7382027,400.0,2.0,0.2
7382042,400.0,2.0,0.2
7382067,400.0,2.0,0.2
7382138,400.0,2.0,0.2
7382140,400.0,2.0,0.2
7383473,400.0,2.0,0.2
7383481,400.0,2.0,0.2
7383488,400.0,2.0,0.2
7398887,400.0,2.0,0.2
7399028,400.0,2.0,0.2
7399078,400.0,2.0,0.2
7399093,400.0,2.0,0.2
7399233,400.0,2.0,0.2
7399258,400.0,2.0,0.2
7399314,400.0,2.0,0.2
7399315,400.0,2.0,0.2
7399338,400.0,2.0,0.2
7399363,400.0,2.0,0.2
7399390,400.0,2.0,0.2
7399534,400.0,2.0,0.2
7399563,400.0,2.0,0.2
7399629,400.0,2.0,0.2
7399762,400.0,2.0,0.2
7399764,400.0,2.0,0.2
7399796,400.0,2.0,0.2
7399813,400.0,2.0,0.2
7399895,400.0,2.0,0.2
7399931,400.0,2.0,0.2
7399953,400.0,2.0,0.2
7400001,400.0,2.0,0.2
7400041,400.0,2.0,0.2
7400078,400.0,2.0,0.2
7400091,400.0,2.0,0.2
7400139,400.0,2.0,0.2
7400158,400.0,2.0,0.2
7400228,400.0,2.0,0.2
7405256,400.0,2.0,0.2
7405432,400.0,2.0,0.2
7405463,400.0,2.0,0.2
7405574,400.0,2.0,0.2
7405646,400.0,2.0,0.2
7405694,400.0,2.0,0.2
7405710,400.0,2.0,0.2
7405834,400.0,2.0,0.2
7406131,400.0,2.0,0.2
7406145,400.0,2.0,0.2
7406172,400.0,2.0,0.2
7406213,400.0,2.0,0.2
7406384,400.0,2.0,0.2
7406385,400.0,2.0,0.2
7406509,400.0,2.0,0.2
7406585,400.0,2.0,0.2
7406676,400.0,2.0,0.2
7406719,400.0,2.0,0.2
7406750,400.0,2.0,0.2
7407096,400.0,2.0,0.2
7407327,400.0,2.0,0.2
7407360,400.0,2.0,0.2
7407398,400.0,2.0,0.2
7407826,400.0,2.0,0.2
7407856,400.0,2.0,0.2
7408029,400.0,2.0,0.2
7408066,400.0,2.0,0.2
7408122,400.0,2.0,0.2
7408246,400.0,2.0,0.2
7408302,400.0,2.0,0.2
7408309,400.0,2.0,0.2
7408425,400.0,2.0,0.2
7408447,400.0,2.0,0.2
7408463,400.0,2.0,0.2
7408474,400.0,2.0,0.2
7408572,400.0,2.0,0.2
7408614,400.0,2.0,0.2
7408662,400.0,2.0,0.2
7408737,400.0,2.0,0.2
7408739,400.0,2.0,0.2
7408746,400.0,2.0,0.2
7408816,400.0,2.0,0.2
7408936,400.0,2.0,0.2
7408957,400.0,2.0,0.2
7409097,400.0,2.0,0.2
7409165,400.0,2.0,0.2
7409387,400.0,2.0,0.2
7409439,400.0,2.0,0.2
7409474,400.0,2.0,0.2
7409609,400.0,2.0,0.2
7410045,400.0,2.0,0.2
7410218,400.0,2.0,0.2
7410454,400.0,2.0,0.2
7410490,400.0,2.0,0.2
7410516,400.0,2.0,0.2
7410590,400.0,2.0,0.2
7410614,400.0,2.0,0.2
7410645,400.0,2.0,0.2
7410933,400.0,2.0,0.2
7411083,400.0,2.0,0.2
7411281,400.0,2.0,0.2
7411335,400.0,2.0,0.2
7411355,400.0,2.0,0.2
7411380,400.0,2.0,0.2
7411459,400.0,2.0,0.2
7411529,400.0,2.0,0.2
7411586,400.0,2.0,0.2
7411780,400.0,2.0,0.2
7411896,400.0,2.0,0.2
7411913,400.0,2.0,0.2
7411926,400.0,2.0,0.2
7412030,400.0,2.0,0.2
7412140,400.0,2.0,0.2
7412157,400.0,2.0,0.2
7412363,400.0,2.0,0.2
7412479,400.0,2.0,0.2
7412484,400.0,2.0,0.2
7412583,400.0,2.0,0.2
7412613,400.0,2.0,0.2
7413108,400.0,2.0,0.2
7413115,400.0,2.0,0.2
7413236,400.0,2.0,0.2
7413261,400.0,2.0,0.2
7413279,400.0,2.0,0.2
7413518,400.0,2.0,0.2
7413598,400.0,2.0,0.2
7413618,400.0,2.0,0.2
7413620,400.0,2.0,0.2
7413625,400.0,2.0,0.2
7413663,400.0,2.0,0.2
7413679,400.0,2.0,0.2
7413686,400.0,2.0,0.2
7413698,400.0,2.0,0.2
7413746,400.0,2.0,0.2
7413820,400.0,2.0,0.2
7413849,400.0,2.0,0.2
7413889,400.0,2.0,0.2
7413991,400.0,2.0,0.2
7414037,400.0,2.0,0.2
7414269,400.0,2.0,0.2
7414274,400.0,2.0,0.2
7414282,400.0,2.0,0.2
7414320,400.0,2.0,0.2
7414338,400.0,2.0,0.2
7414373,400.0,2.0,0.2
7414391,400.0,2.0,0.2
7414400,400.0,2.0,0.2
7414423,400.0,2.0,0.2
7414514,400.0,2.0,0.2
7414566,400.0,2.0,0.2
7414574,400.0,2.0,0.2
7414594,400.0,2.0,0.2
7414662,400.0,2.0,0.2
7414830,400.0,2.0,0.2
7414890,400.0,2.0,0.2
7414921,400.0,2.0,0.2
7414947,400.0,2.0,0.2
7414958,400.0,2.0,0.2
7415021,400.0,2.0,0.2
7415112,400.0,2.0,0.2
7415150,400.0,2.0,0.2
7415250,400.0,2.0,0.2
7415369,400.0,2.0,0.2
7415428,400.0,2.0,0.2
7415554,400.0,2.0,0.2
7415566,400.0,2.0,0.2
7415713,400.0,2.0,0.2
7415724,400.0,2.0,0.2
7415787,400.0,2.0,0.2
7415868,400.0,2.0,0.2
7416014,400.0,2.0,0.2
7416034,400.0,2.0,0.2
7416109,400.0,2.0,0.2
7416188,400.0,2.0,0.2
7416203,400.0,2.0,0.2
7416293,400.0,2.0,0.2
7416354,400.0,2.0,0.2
7416395,400.0,2.0,0.2
7416748,400.0,2.0,0.2
7417356,400.0,2.0,0.2
7417391,400.0,2.0,0.2
7417429,400.0,2.0,0.2
7417634,400.0,2.0,0.2
7417701,400.0,2.0,0.2
7417959,400.0,2.0,0.2
7417979,400.0,2.0,0.2
7418092,400.0,2.0,0.2
7418168,400.0,2.0,0.2
7418202,400.0,2.0,0.2
7418207,400.0,2.0,0.2
7418276,400.0,2.0,0.2
7418437,400.0,2.0,0.2
7418517,400.0,2.0,0.2
7418523,400.0,2.0,0.2
7418799,400.0,2.0,0.2
7419023,400.0,2.0,0.2
7419081,400.0,2.0,0.2
7419133,400.0,2.0,0.2
7419345,400.0,2.0,0.2
7419358,400.0,2.0,0.2
7419401,400.0,2.0,0.2
7419489,400.0,2.0,0.2
7419532,400.0,2.0,0.2
7419760,400.0,2.0,0.2
7419767,400.0,2.0,0.2
7419816,400.0,2.0,0.2
7419825,400.0,2.0,0.2
7419884,400.0,2.0,0.2
7419943,400.0,2.0,0.2
7419961,400.0,2.0,0.2
7419994,400.0,2.0,0.2
7420002,400.0,2.0,0.2
7420045,400.0,2.0,0.2
7420062,400.0,2.0,0.2
7420066,400.0,2.0,0.2
7420076,400.0,2.0,0.2
7420137,400.0,2.0,0.2
7420250,400.0,2.0,0.2
7420268,400.0,2.0,0.2
7420348,400.0,2.0,0.2
7420588,400.0,2.0,0.2
7420817,400.0,2.0,0.2
7420818,400.0,2.0,0.2
7420884,400.0,2.0,0.2
7420922,400.0,2.0,0.2
7420932,400.0,2.0,0.2
7420940,400.0,2.0,0.2
7421034,400.0,2.0,0.2
7421036,400.0,2.0,0.2
7421296,400.0,2.0,0.2
7421493,400.0,2.0,0.2
7421548,400.0,2.0,0.2
7421671,400.0,2.0,0.2
7421720,400.0,2.0,0.2
7421743,400.0,2.0,0.2
7421804,400.0,2.0,0.2
7421818,400.0,2.0,0.2
7421833,400.0,2.0,0.2
7421868,400.0,2.0,0.2
7421870,400.0,2.0,0.2
7421871,400.0,2.0,0.2
7421872,400.0,2.0,0.2
7421898,400.0,2.0,0.2
7421924,400.0,2.0,0.2
7421984,400.0,2.0,0.2
7422006,400.0,2.0,0.2
7422037,400.0,2.0,0.2
7422054,400.0,2.0,0.2
7422108,400.0,2.0,0.2
7422129,400.0,2.0,0.2
7422162,400.0,2.0,0.2
7422282,400.0,2.0,0.2
7422435,400.0,2.0,0.2
7422508,400.0,2.0,0.2
7422608,400.0,2.0,0.2
7422649,400.0,2.0,0.2
7422722,400.0,2.0,0.2
7422867,400.0,2.0,0.2
7422891,400.0,2.0,0.2
7422904,400.0,2.0,0.2
7422978,400.0,2.0,0.2
7423060,400.0,2.0,0.2
7423139,400.0,2.0,0.2
7423245,400.0,2.0,0.2
7423764,400.0,2.0,0.2
7423956,400.0,2.0,0.2
7424023,400.0,2.0,0.2
7424068,400.0,2.0,0.2
7424145,400.0,2.0,0.2
7424169,400.0,2.0,0.2
7424206,400.0,2.0,0.2
7424233,400.0,2.0,0.2
7424246,400.0,2.0,0.2
7424387,400.0,2.0,0.2
7424625,400.0,2.0,0.2
7425130,400.0,2.0,0.2
7425174,400.0,2.0,0.2
7425211,400.0,2.0,0.2
7425448,400.0,2.0,0.2
7425453,400.0,2.0,0.2
7425461,400.0,2.0,0.2
7425482,400.0,2.0,0.2
7425491,400.0,2.0,0.2
7425540,400.0,2.0,0.2
7425572,400.0,2.0,0.2
7425666,400.0,2.0,0.2
7425758,400.0,2.0,0.2
7425775,400.0,2.0,0.2
7425866,400.0,2.0,0.2
7425943,400.0,2.0,0.2
7425976,400.0,2.0,0.2
7426001,400.0,2.0,0.2
7426067,400.0,2.0,0.2
7426309,400.0,2.0,0.2
7426322,400.0,2.0,0.2
7426394,400.0,2.0,0.2
7426404,400.0,2.0,0.2
7426419,400.0,2.0,0.2
7426483,400.0,2.0,0.2
7426487,400.0,2.0,0.2
7426567,400.0,2.0,0.2
7426602,400.0,2.0,0.2
7426613,400.0,2.0,0.2
7426836,400.0,2.0,0.2
7426857,400.0,2.0,0.2
7426917,400.0,2.0,0.2
7426985,400.0,2.0,0.2
7427035,400.0,2.0,0.2
7427218,400.0,2.0,0.2
7427324,400.0,2.0,0.2
7427393,400.0,2.0,0.2
7427435,400.0,2.0,0.2
7427743,400.0,2.0,0.2
7427859,400.0,2.0,0.2
7427916,400.0,2.0,0.2
7427962,400.0,2.0,0.2
7428122,400.0,2.0,0.2
7428145,400.0,2.0,0.2
7428154,400.0,2.0,0.2
7428155,400.0,2.0,0.2
7428181,400.0,2.0,0.2
7428228,400.0,2.0,0.2
7428273,400.0,2.0,0.2
7428324,400.0,2.0,0.2
7428353,400.0,2.0,0.2
7428395,400.0,2.0,0.2
7428397,400.0,2.0,0.2
7428418,400.0,2.0,0.2
7428419,400.0,2.0,0.2
7428430,400.0,2.0,0.2
7428431,400.0,2.0,0.2
7428464,400.0,2.0,0.2
7428736,400.0,2.0,0.2
7428768,400.0,2.0,0.2
7428831,400.0,2.0,0.2
7428899,400.0,2.0,0.2
7428915,400.0,2.0,0.2
7429067,400.0,2.0,0.2
7442525,400.0,2.0,0.2
7442558,400.0,2.0,0.2
7442578,400.0,2.0,0.2
7442601,400.0,2.0,0.2
7442602,400.0,2.0,0.2
7442633,400.0,2.0,0.2
7442667,400.0,2.0,0.2
7442766,400.0,2.0,0.2
7442795,400.0,2.0,0.2
7442804,400.0,2.0,0.2
7442815,400.0,2.0,0.2
7442893,400.0,2.0,0.2
7442912,400.0,2.0,0.2
7442924,400.0,2.0,0.2
7442943,400.0,2.0,0.2
7443049,400.0,2.0,0.2
7443075,400.0,2.0,0.2
7443116,400.0,2.0,0.2
7443169,400.0,2.0,0.2
7443175,400.0,2.0,0.2
7443230,400.0,2.0,0.2
7443298,400.0,2.0,0.2
7443399,400.0,2.0,0.2
7443412,400.0,2.0,0.2
7443426,400.0,2.0,0.2
7443474,400.0,2.0,0.2
7448514,400.0,2.0,0.2
7448625,400.0,2.0,0.2
7448852,400.0,2.0,0.2
7448905,400.0,2.0,0.2
7448913,400.0,2.0,0.2
7449154,400.0,2.0,0.2
7449288,400.0,2.0,0.2
7449397,400.0,2.0,0.2
7449415,400.0,2.0,0.2
7449443,400.0,2.0,0.2
7449489,400.0,2.0,0.2
7449665,400.0,2.0,0.2
7449863,400.0,2.0,0.2
7449936,400.0,2.0,0.2
7449948,400.0,2.0,0.2
7449993,400.0,2.0,0.2
7450019,400.0,2.0,0.2
7450076,400.0,2.0,0.2
7450167,400.0,2.0,0.2
7450656,400.0,2.0,0.2
7450711,400.0,2.0,0.2
7450817,400.0,2.0,0.2
7450853,400.0,2.0,0.2
7450863,400.0,2.0,0.2
7450912,400.0,2.0,0.2
7451091,400.0,2.0,0.2
7451117,400.0,2.0,0.2
7451163,400.0,2.0,0.2
7451183,400.0,2.0,0.2
7451228,400.0,2.0,0.2
7451282,400.0,2.0,0.2
7451301,400.0,2.0,0.2
7451517,400.0,2.0,0.2
7451588,400.0,2.0,0.2
7451597,400.0,2.0,0.2
7451627,400.0,2.0,0.2
7451732,400.0,2.0,0.2
7451881,400.0,2.0,0.2
7451906,400.0,2.0,0.2
7452030,400.0,2.0,0.2
7452099,400.0,2.0,0.2
7452110,400.0,2.0,0.2
7452113,400.0,2.0,0.2
7452132,400.0,2.0,0.2
7452167,400.0,2.0,0.2
7452241,400.0,2.0,0.2
7452267,400.0,2.0,0.2
7452283,400.0,2.0,0.2
7452285,400.0,2.0,0.2
7452364,400.0,2.0,0.2
7452449,400.0,2.0,0.2
7452490,400.0,2.0,0.2
7452527,400.0,2.0,0.2
7452543,400.0,2.0,0.2
7452624,400.0,2.0,0.2
7452721,400.0,2.0,0.2
7452862,400.0,2.0,0.2
7453107,400.0,2.0,0.2
7453108,400.0,2.0,0.2
7453367,400.0,2.0,0.2
7453436,400.0,2.0,0.2
7453612,400.0,2.0,0.2
7453665,400.0,2.0,0.2
7453735,400.0,2.0,0.2
7453820,400.0,2.0,0.2
7453848,400.0,2.0,0.2
7453883,400.0,2.0,0.2
7454139,400.0,2.0,0.2
7454315,400.0,2.0,0.2
7454414,400.0,2.0,0.2
7454544,400.0,2.0,0.2
7454827,400.0,2.0,0.2
7454846,400.0,2.0,0.2
7454984,400.0,2.0,0.2
7455034,400.0,2.0,0.2
7455128,400.0,2.0,0.2
7455275,400.0,2.0,0.2
7455280,400.0,2.0,0.2
7455325,400.0,2.0,0.2
7455585,400.0,2.0,0.2
7455663,400.0,2.0,0.2
7455677,400.0,2.0,0.2
7455763,400.0,2.0,0.2
7456021,400.0,2.0,0.2
7456102,400.0,2.0,0.2
7456320,400.0,2.0,0.2
7456395,400.0,2.0,0.2
7456399,400.0,2.0,0.2
7456405,400.0,2.0,0.2
7456433,400.0,2.0,0.2
7456488,400.0,2.0,0.2
7456540,400.0,2.0,0.2
7456561,400.0,2.0,0.2
7456634,400.0,2.0,0.2
7456718,400.0,2.0,0.2
7456751,400.0,2.0,0.2
7456799,400.0,2.0,0.2
7456870,400.0,2.0,0.2
7456875,400.0,2.0,0.2
7457047,400.0,2.0,0.2
7457054,400.0,2.0,0.2
7457243,400.0,2.0,0.2
7457539,400.0,2.0,0.2
7457558,400.0,2.0,0.2
7457612,400.0,2.0,0.2
7457615,400.0,2.0,0.2
7457753,400.0,2.0,0.2
7457847,400.0,2.0,0.2
7457852,400.0,2.0,0.2
7457892,400.0,2.0,0.2
7458048,400.0,2.0,0.2
7458054,400.0,2.0,0.2
7458115,400.0,2.0,0.2
7458299,400.0,2.0,0.2
7458803,400.0,2.0,0.2
7458856,400.0,2.0,0.2
7458892,400.0,2.0,0.2
7458899,400.0,2.0,0.2
7458919,400.0,2.0,0.2
7458975,400.0,2.0,0.2
7459035,400.0,2.0,0.2
7459049,400.0,2.0,0.2
7459058,400.0,2.0,0.2
7459255,400.0,2.0,0.2
7459432,400.0,2.0,0.2
7459548,400.0,2.0,0.2
7459558,400.0,2.0,0.2
7459609,400.0,2.0,0.2
7459668,400.0,2.0,0.2
7459730,400.0,2.0,0.2
7459766,400.0,2.0,0.2
7459827,400.0,2.0,0.2
7459831,400.0,2.0,0.2
7459844,400.0,2.0,0.2
7459901,400.0,2.0,0.2
7459902,400.0,2.0,0.2
7459905,400.0,2.0,0.2
7459967,400.0,2.0,0.2
7460056,400.0,2.0,0.2
7460136,400.0,2.0,0.2
7460161,400.0,2.0,0.2
7460212,400.0,2.0,0.2
7460213,400.0,2.0,0.2
7460216,400.0,2.0,0.2
7460307,400.0,2.0,0.2
7460570,400.0,2.0,0.2
7460625,400.0,2.0,0.2
7460640,400.0,2.0,0.2
7460685,400.0,2.0,0.2
7460717,400.0,2.0,0.2
7460803,400.0,2.0,0.2
7460928,400.0,2.0,0.2
7460969,400.0,2.0,0.2
7461029,400.0,2.0,0.2
7461101,400.0,2.0,0.2
7461114,400.0,2.0,0.2
7461141,400.0,2.0,0.2
7461244,400.0,2.0,0.2
7461276,400.0,2.0,0.2
7461281,400.0,2.0,0.2
7461314,400.0,2.0,0.2
7461448,400.0,2.0,0.2
7461651,400.0,2.0,0.2
7461745,400.0,2.0,0.2
7461792,400.0,2.0,0.2
7461896,400.0,2.0,0.2
7462024,400.0,2.0,0.2
7462062,400.0,2.0,0.2
7462145,400.0,2.0,0.2
7462175,400.0,2.0,0.2
7462254,400.0,2.0,0.2
7462551,400.0,2.0,0.2
7462602,400.0,2.0,0.2
7462629,400.0,2.0,0.2
7462687,400.0,2.0,0.2
7462693,400.0,2.0,0.2
7462806,400.0,2.0,0.2
7462822,400.0,2.0,0.2
7462854,400.0,2.0,0.2
7462952,400.0,2.0,0.2
7463000,400.0,2.0,0.2
7463001,400.0,2.0,0.2
7463002,400.0,2.0,0.2
7463007,400.0,2.0,0.2
7463244,400.0,2.0,0.2
7463261,400.0,2.0,0.2
7463283,400.0,2.0,0.2
7463481,400.0,2.0,0.2
7463492,400.0,2.0,0.2
7463536,400.0,2.0,0.2
7463596,400.0,2.0,0.2
7463871,400.0,2.0,0.2
7463908,400.0,2.0,0.2
7463923,400.0,2.0,0.2
7463927,400.0,2.0,0.2
7464004,400.0,2.0,0.2
7464098,400.0,2.0,0.2
7464107,400.0,2.0,0.2
7464257,400.0,2.0,0.2
7464313,400.0,2.0,0.2
7464369,400.0,2.0,0.2
7464408,400.0,2.0,0.2
7464453,400.0,2.0,0.2
7464565,400.0,2.0,0.2
7464593,400.0,2.0,0.2
7464594,400.0,2.0,0.2
7464647,400.0,2.0,0.2
7464650,400.0,2.0,0.2
7464667,400.0,2.0,0.2
7464683,400.0,2.0,0.2
7464723,400.0,2.0,0.2
7464882,400.0,2.0,0.2
7465032,400.0,2.0,0.2
7465241,400.0,2.0,0.2
7465491,400.0,2.0,0.2
7465531,400.0,2.0,0.2
7465602,400.0,2.0,0.2
7465671,400.0,2.0,0.2
7465727,400.0,2.0,0.2
7465736,400.0,2.0,0.2
7465779,400.0,2.0,0.2
7465797,400.0,2.0,0.2
7465815,400.0,2.0,0.2
7465945,400.0,2.0,0.2
7465977,400.0,2.0,0.2
7465994,400.0,2.0,0.2
7465995,400.0,2.0,0.2
7465997,400.0,2.0,0.2
7466159,400.0,2.0,0.2
7466187,400.0,2.0,0.2
7466262,400.0,2.0,0.2
7466359,400.0,2.0,0.2
7466386,400.0,2.0,0.2
7466512,400.0,2.0,0.2
7466560,400.0,2.0,0.2
7466619,400.0,2.0,0.2
7466647,400.0,2.0,0.2
7466810,400.0,2.0,0.2
7466813,400.0,2.0,0.2
7466847,400.0,2.0,0.2
7467071,400.0,2.0,0.2
7467081,400.0,2.0,0.2
7467140,400.0,2.0,0.2
7467293,400.0,2.0,0.2
7467301,400.0,2.0,0.2
7467324,400.0,2.0,0.2
7467350,400.0,2.0,0.2
7467501,400.0,2.0,0.2
7467554,400.0,2.0,0.2
7467642,400.0,2.0,0.2
7467682,400.0,2.0,0.2
7467746,400.0,2.0,0.2
7467774,400.0,2.0,0.2
7467864,400.0,2.0,0.2
7467884,400.0,2.0,0.2
7468012,400.0,2.0,0.2
7468041,400.0,2.0,0.2
7468062,400.0,2.0,0.2
7468160,400.0,2.0,0.2
7468205,400.0,2.0,0.2
7468224,400.0,2.0,0.2
7468233,400.0,2.0,0.2
7468338,400.0,2.0,0.2
7468347,400.0,2.0,0.2
7468374,400.0,2.0,0.2
7468395,400.0,2.0,0.2
7468398,400.0,2.0,0.2
7468435,400.0,2.0,0.2
7468451,400.0,2.0,0.2
7468492,400.0,2.0,0.2
7468511,400.0,2.0,0.2
7468627,400.0,2.0,0.2
7468675,400.0,2.0,0.2
7468954,400.0,2.0,0.2
7468991,400.0,2.0,0.2
7469050,400.0,2.0,0.2
7469057,400.0,2.0,0.2
7469112,400.0,2.0,0.2
7469140,400.0,2.0,0.2
7469159,400.0,2.0,0.2
7469290,400.0,2.0,0.2
7469316,400.0,2.0,0.2
7469321,400.0,2.0,0.2
7478374,400.0,2.0,0.2
7478392,400.0,2.0,0.2
7478476,400.0,2.0,0.2
7478544,400.0,2.0,0.2
7478612,400.0,2.0,0.2
7478624,400.0,2.0,0.2
7478676,400.0,2.0,0.2
7478678,400.0,2.0,0.2
7478703,400.0,2.0,0.2
7478704,400.0,2.0,0.2
7478824,400.0,2.0,0.2
7478879,400.0,2.0,0.2
7478942,400.0,2.0,0.2
7479040,400.0,2.0,0.2
7479072,400.0,2.0,0.2
7479110,400.0,2.0,0.2
7479169,400.0,2.0,0.2
7479238,400.0,2.0,0.2
7481001,400.0,2.0,0.2
7481058,400.0,2.0,0.2
7481113,400.0,2.0,0.2
7481133,400.0,2.0,0.2
7481152,400.0,2.0,0.2
7481168,400.0,2.0,0.2
7481179,400.0,2.0,0.2
7481250,400.0,2.0,0.2
7481597,400.0,2.0,0.2
7481664,400.0,2.0,0.2
7481765,400.0,2.0,0.2
7481774,400.0,2.0,0.2
7481917,400.0,2.0,0.2
7482010,400.0,2.0,0.2
7482163,400.0,2.0,0.2
7482635,400.0,2.0,0.2
7482881,400.0,2.0,0.2
7483164,400.0,2.0,0.2
7483186,400.0,2.0,0.2
7483262,400.0,2.0,0.2
7483409,400.0,2.0,0.2
7483753,400.0,2.0,0.2
7483755,400.0,2.0,0.2
7483824,400.0,2.0,0.2
7483864,400.0,2.0,0.2
7483941,400.0,2.0,0.2
7484121,400.0,2.0,0.2
7484143,400.0,2.0,0.2
7484291,400.0,2.0,0.2
7484295,400.0,2.0,0.2
7484436,400.0,2.0,0.2
7484449,400.0,2.0,0.2
7484465,400.0,2.0,0.2
7484550,400.0,2.0,0.2
7484645,400.0,2.0,0.2
7484861,400.0,2.0,0.2
7484964,400.0,2.0,0.2
7485012,400.0,2.0,0.2
7485047,400.0,2.0,0.2
7485056,400.0,2.0,0.2
7485070,400.0,2.0,0.2
7485153,400.0,2.0,0.2
7485183,400.0,2.0,0.2
7485274,400.0,2.0,0.2
7485424,400.0,2.0,0.2
7485484,400.0,2.0,0.2
7485592,400.0,2.0,0.2
7485670,400.0,2.0,0.2
7485735,400.0,2.0,0.2
7485881,400.0,2.0,0.2
7486009,400.0,2.0,0.2
7486129,400.0,2.0,0.2
7486212,400.0,2.0,0.2
7486334,400.0,2.0,0.2
7486433,400.0,2.0,0.2
7486550,400.0,2.0,0.2
7486636,400.0,2.0,0.2
7486694,400.0,2.0,0.2
7486718,400.0,2.0,0.2
7486749,400.0,2.0,0.2
7486849,400.0,2.0,0.2
7486850,400.0,2.0,0.2
7486878,400.0,2.0,0.2
7487028,400.0,2.0,0.2
7487035,400.0,2.0,0.2
7487070,400.0,2.0,0.2
7487102,400.0,2.0,0.2
7487113,400.0,2.0,0.2
7487154,400.0,2.0,0.2
7487415,400.0,2.0,0.2
7487622,400.0,2.0,0.2
7487711,400.0,2.0,0.2
7487763,400.0,2.0,0.2
7487830,400.0,2.0,0.2
7487847,400.0,2.0,0.2
7487895,400.0,2.0,0.2
7488067,400.0,2.0,0.2
7488078,400.0,2.0,0.2
7488104,400.0,2.0,0.2
7488128,400.0,2.0,0.2
7488140,400.0,2.0,0.2
7488239,400.0,2.0,0.2
7488240,400.0,2.0,0.2
7488283,400.0,2.0,0.2
7488306,400.0,2.0,0.2
7488328,400.0,2.0,0.2
7488331,400.0,2.0,0.2
7488374,400.0,2.0,0.2
7488435,400.0,2.0,0.2
7488540,400.0,2.0,0.2
7488598,400.0,2.0,0.2
7488619,400.0,2.0,0.2
7488739,400.0,2.0,0.2
7488771,400.0,2.0,0.2
7488838,400.0,2.0,0.2
7488845,400.0,2.0,0.2
7488883,400.0,2.0,0.2
7488994,400.0,2.0,0.2
7489028,400.0,2.0,0.2
7489054,400.0,2.0,0.2
7489063,400.0,2.0,0.2
7489085,400.0,2.0,0.2
7489230,400.0,2.0,0.2
7489244,400.0,2.0,0.2
7489255,400.0,2.0,0.2
7489491,400.0,2.0,0.2
7489564,400.0,2.0,0.2
7489795,400.0,2.0,0.2
7489924,400.0,2.0,0.2
7489988,400.0,2.0,0.2
7490020,400.0,2.0,0.2
7490087,400.0,2.0,0.2
7490197,400.0,2.0,0.2
7490217,400.0,2.0,0.2
7490370,400.0,2.0,0.2
7490437,400.0,2.0,0.2
7490524,400.0,2.0,0.2
7490533,400.0,2.0,0.2
7490642,400.0,2.0,0.2
7490683,400.0,2.0,0.2
7490775,400.0,2.0,0.2
7490935,400.0,2.0,0.2
7490946,400.0,2.0,0.2
7491033,400.0,2.0,0.2
7491333,400.0,2.0,0.2
7491372,400.0,2.0,0.2
7491399,400.0,2.0,0.2
7491523,400.0,2.0,0.2
7491602,400.0,2.0,0.2
7491700,400.0,2.0,0.2
7491730,400.0,2.0,0.2
7491736,400.0,2.0,0.2
7491788,400.0,2.0,0.2
7491888,400.0,2.0,0.2
7491895,400.0,2.0,0.2
7491913,400.0,2.0,0.2
7491970,400.0,2.0,0.2
7491998,400.0,2.0,0.2
7492062,400.0,2.0,0.2
7492196,400.0,2.0,0.2
7492240,400.0,2.0,0.2
7492371,400.0,2.0,0.2
7492411,400.0,2.0,0.2
7492431,400.0,2.0,0.2
7492443,400.0,2.0,0.2
7492572,400.0,2.0,0.2
7492643,400.0,2.0,0.2
7492732,400.0,2.0,0.2
7492761,400.0,2.0,0.2
7492791,400.0,2.0,0.2
7492806,400.0,2.0,0.2
7492948,400.0,2.0,0.2
7493137,400.0,2.0,0.2
7493149,400.0,2.0,0.2
7493236,400.0,2.0,0.2
7493261,400.0,2.0,0.2
7493584,400.0,2.0,0.2
7493697,400.0,2.0,0.2
7493725,400.0,2.0,0.2
7493849,400.0,2.0,0.2
7493853,400.0,2.0,0.2
7493873,400.0,2.0,0.2
7493908,400.0,2.0,0.2
7494014,400.0,2.0,0.2
7494196,400.0,2.0,0.2
7494349,400.0,2.0,0.2
7494391,400.0,2.0,0.2
7494396,400.0,2.0,0.2
7494411,400.0,2.0,0.2
7494449,400.0,2.0,0.2
7494510,400.0,2.0,0.2
7494649,400.0,2.0,0.2
7494657,400.0,2.0,0.2
7494667,400.0,2.0,0.2
7494689,400.0,2.0,0.2
7494733,400.0,2.0,0.2
7494857,400.0,2.0,0.2
7494901,400.0,2.0,0.2
7494918,400.0,2.0,0.2
7494976,400.0,2.0,0.2
7495005,400.0,2.0,0.2
7495172,400.0,2.0,0.2
7495196,400.0,2.0,0.2
7495300,400.0,2.0,0.2
7495446,400.0,2.0,0.2
7495465,400.0,2.0,0.2
7495541,400.0,2.0,0.2
7495602,400.0,2.0,0.2
7500564,400.0,2.0,0.2
7500628,400.0,2.0,0.2
7500659,400.0,2.0,0.2
7500720,400.0,2.0,0.2
7500777,400.0,2.0,0.2
7500816,400.0,2.0,0.2
7501669,400.0,2.0,0.2
7501701,400.0,2.0,0.2
7501723,400.0,2.0,0.2
7501981,400.0,2.0,0.2
7502072,400.0,2.0,0.2
7502167,400.0,2.0,0.2
7502251,400.0,2.0,0.2
7502274,400.0,2.0,0.2
7502333,400.0,2.0,0.2
7502348,400.0,2.0,0.2
7502365,400.0,2.0,0.2
7502426,400.0,2.0,0.2
7502481,400.0,2.0,0.2
7502613,400.0,2.0,0.2
7502647,400.0,2.0,0.2
7502688,400.0,2.0,0.2
7502812,400.0,2.0,0.2
7502930,400.0,2.0,0.2
7502974,400.0,2.0,0.2
7503112,400.0,2.0,0.2
7503156,400.0,2.0,0.2
7503265,400.0,2.0,0.2
7503337,400.0,2.0,0.2
7503346,400.0,2.0,0.2
7503371,400.0,2.0,0.2
7503423,400.0,2.0,0.2
7503567,400.0,2.0,0.2
7503613,400.0,2.0,0.2
7503709,400.0,2.0,0.2
7503811,400.0,2.0,0.2
7503833,400.0,2.0,0.2
7504017,400.0,2.0,0.2
7504109,400.0,2.0,0.2
7504130,400.0,2.0,0.2
7504133,400.0,2.0,0.2
7504205,400.0,2.0,0.2
7504218,400.0,2.0,0.2
7504284,400.0,2.0,0.2
7504298,400.0,2.0,0.2
7504322,400.0,2.0,0.2
7504330,400.0,2.0,0.2
7504535,400.0,2.0,0.2
7504546,400.0,2.0,0.2
7504751,400.0,2.0,0.2
7504865,400.0,2.0,0.2
7504884,400.0,2.0,0.2
7505136,400.0,2.0,0.2
7505223,400.0,2.0,0.2
7505225,400.0,2.0,0.2
7505305,400.0,2.0,0.2
7505549,400.0,2.0,0.2
7505591,400.0,2.0,0.2
7505652,400.0,2.0,0.2
7505768,400.0,2.0,0.2
7505881,400.0,2.0,0.2
7505967,400.0,2.0,0.2
7506016,400.0,2.0,0.2
7506065,400.0,2.0,0.2
7506181,400.0,2.0,0.2
7506245,400.0,2.0,0.2
7506294,400.0,2.0,0.2
7506330,400.0,2.0,0.2
7506371,400.0,2.0,0.2
7506930,400.0,2.0,0.2
7507091,400.0,2.0,0.2
7507278,400.0,2.0,0.2
7507358,400.0,2.0,0.2
7507388,400.0,2.0,0.2
7507453,400.0,2.0,0.2
7507457,400.0,2.0,0.2
7507771,400.0,2.0,0.2
7507868,400.0,2.0,0.2
7507918,400.0,2.0,0.2
7508124,400.0,2.0,0.2
7508188,400.0,2.0,0.2
7508264,400.0,2.0,0.2
7508275,400.0,2.0,0.2
7508307,400.0,2.0,0.2
7508322,400.0,2.0,0.2
7508637,400.0,2.0,0.2
7508725,400.0,2.0,0.2
7508769,400.0,2.0,0.2
7508921,400.0,2.0,0.2
7508938,400.0,2.0,0.2
7508940,400.0,2.0,0.2
7508988,400.0,2.0,0.2
7509100,400.0,2.0,0.2
7509133,400.0,2.0,0.2
7509313,400.0,2.0,0.2
7514743,400.0,2.0,0.2
7514769,400.0,2.0,0.2
7514838,400.0,2.0,0.2
7514859,400.0,2.0,0.2
7514896,400.0,2.0,0.2
7515058,400.0,2.0,0.2
7515191,400.0,2.0,0.2
7515247,400.0,2.0,0.2
7515293,400.0,2.0,0.2
7515461,400.0,2.0,0.2
7515567,400.0,2.0,0.2
7515646,400.0,2.0,0.2
7515799,400.0,2.0,0.2
7515804,400.0,2.0,0.2
7515836,400.0,2.0,0.2
7515970,400.0,2.0,0.2
7516053,400.0,2.0,0.2
7516197,400.0,2.0,0.2
7516242,400.0,2.0,0.2
7516291,400.0,2.0,0.2
7516326,400.0,2.0,0.2
7516457,400.0,2.0,0.2
7516467,400.0,2.0,0.2
7516572,400.0,2.0,0.2
7516682,400.0,2.0,0.2
7516737,400.0,2.0,0.2
7516820,400.0,2.0,0.2
7516834,400.0,2.0,0.2
7517202,400.0,2.0,0.2
7517363,400.0,2.0,0.2
7517391,400.0,2.0,0.2
7517410,400.0,2.0,0.2
7517577,400.0,2.0,0.2
7517599,400.0,2.0,0.2
7517612,400.0,2.0,0.2
7517869,400.0,2.0,0.2
7517927,400.0,2.0,0.2
7517994,400.0,2.0,0.2
7518054,400.0,2.0,0.2
7518140,400.0,2.0,0.2
7518208,400.0,2.0,0.2
7518264,400.0,2.0,0.2
7518338,400.0,2.0,0.2
7518395,400.0,2.0,0.2
7518557,400.0,2.0,0.2
7518646,400.0,2.0,0.2
7518713,400.0,2.0,0.2
7518725,400.0,2.0,0.2
7518788,400.0,2.0,0.2
7518798,400.0,2.0,0.2
7518854,400.0,2.0,0.2
7518880,400.0,2.0,0.2
7518894,400.0,2.0,0.2
7518996,400.0,2.0,0.2
7519063,400.0,2.0,0.2
7519123,400.0,2.0,0.2
7519147,400.0,2.0,0.2
7519152,400.0,2.0,0.2
7519198,400.0,2.0,0.2
7523766,400.0,2.0,0.2
7525432,400.0,2.0,0.2
7525496,400.0,2.0,0.2
7525497,400.0,2.0,0.2
7525513,400.0,2.0,0.2
7525546,400.0,2.0,0.2
7525551,400.0,2.0,0.2
7525567,400.0,2.0,0.2
7525579,400.0,2.0,0.2
7525582,400.0,2.0,0.2
7525673,400.0,2.0,0.2
7525697,400.0,2.0,0.2
7525702,400.0,2.0,0.2
7525708,400.0,2.0,0.2
7525830,400.0,2.0,0.2
7525916,400.0,2.0,0.2
7525953,400.0,2.0,0.2
7525965,400.0,2.0,0.2
7525984,400.0,2.0,0.2
7525988,400.0,2.0,0.2
7526001,400.0,2.0,0.2
7526073,400.0,2.0,0.2
7526119,400.0,2.0,0.2
7526138,400.0,2.0,0.2
7526179,400.0,2.0,0.2
7526214,400.0,2.0,0.2
7526217,400.0,2.0,0.2
7526294,400.0,2.0,0.2
7526347,400.0,2.0,0.2
7526375,400.0,2.0,0.2
7565535,400.0,2.0,0.2
7565642,400.0,2.0,0.2
7565713,400.0,2.0,0.2
7565728,400.0,2.0,0.2
7565776,400.0,2.0,0.2
7565910,400.0,2.0,0.2
7565991,400.0,2.0,0.2
7565999,400.0,2.0,0.2
7566010,400.0,2.0,0.2
7566027,400.0,2.0,0.2
7566087,400.0,2.0,0.2
7566114,400.0,2.0,0.2
7566121,400.0,2.0,0.2
7566188,400.0,2.0,0.2
7566228,400.0,2.0,0.2
7566258,400.0,2.0,0.2
7566399,400.0,2.0,0.2
7566451,400.0,2.0,0.2
7566452,400.0,2.0,0.2
7566465,400.0,2.0,0.2
7566525,400.0,2.0,0.2
7566552,400.0,2.0,0.2
7566623,400.0,2.0,0.2
7566649,400.0,2.0,0.2
7566767,400.0,2.0,0.2
7566818,400.0,2.0,0.2
7566834,400.0,2.0,0.2
7566868,400.0,2.0,0.2
7566869,400.0,2.0,0.2
7567004,400.0,2.0,0.2
7567081,400.0,2.0,0.2
7567127,400.0,2.0,0.2
7567129,400.0,2.0,0.2
7567141,400.0,2.0,0.2
7567204,400.0,2.0,0.2
7567216,400.0,2.0,0.2
7567320,400.0,2.0,0.2
7567343,400.0,2.0,0.2
7567408,400.0,2.0,0.2
7614991,400.0,2.0,0.2
7615024,400.0,2.0,0.2
7615248,400.0,2.0,0.2
7615296,400.0,2.0,0.2
7615311,400.0,2.0,0.2
7615417,400.0,2.0,0.2
7615439,400.0,2.0,0.2
7615442,400.0,2.0,0.2
7615472,400.0,2.0,0.2
7615482,400.0,2.0,0.2
7615566,400.0,2.0,0.2
7615830,400.0,2.0,0.2
7615868,400.0,2.0,0.2
7615882,400.0,2.0,0.2
7615898,400.0,2.0,0.2
7615912,400.0,2.0,0.2
7615936,400.0,2.0,0.2
7616088,400.0,2.0,0.2
7616110,400.0,2.0,0.2
7616145,400.0,2.0,0.2
7616272,400.0,2.0,0.2
7616333,400.0,2.0,0.2
7616373,400.0,2.0,0.2
7616397,400.0,2.0,0.2
7616464,400.0,2.0,0.2
7616476,400.0,2.0,0.2
7616496,400.0,2.0,0.2
7616519,400.0,2.0,0.2
7616542,400.0,2.0,0.2
7616573,400.0,2.0,0.2
7616592,400.0,2.0,0.2
7616622,400.0,2.0,0.2
7616634,400.0,2.0,0.2
7616878,400.0,2.0,0.2
7616992,400.0,2.0,0.2
7617048,400.0,2.0,0.2
7617114,400.0,2.0,0.2
7617137,400.0,2.0,0.2
7617176,400.0,2.0,0.2
7617178,400.0,2.0,0.2
7617304,400.0,2.0,0.2
7617331,400.0,2.0,0.2
7617366,400.0,2.0,0.2
7617369,400.0,2.0,0.2
7617387,400.0,2.0,0.2
7617408,400.0,2.0,0.2
7617516,400.0,2.0,0.2
7617538,400.0,2.0,0.2
7617567,400.0,2.0,0.2
7617608,400.0,2.0,0.2
7617622,400.0,2.0,0.2
7617642,400.0,2.0,0.2
7617661,400.0,2.0,0.2
7617724,400.0,2.0,0.2
7617784,400.0,2.0,0.2
7617798,400.0,2.0,0.2
7617830,400.0,2.0,0.2
7617833,400.0,2.0,0.2
7617878,400.0,2.0,0.2
7617975,400.0,2.0,0.2
7618010,400.0,2.0,0.2
7618016,400.0,2.0,0.2
7618034,400.0,2.0,0.2
7618054,400.0,2.0,0.2
7618129,400.0,2.0,0.2
7618246,400.0,2.0,0.2
7618270,400.0,2.0,0.2
7618338,400.0,2.0,0.2
7618345,400.0,2.0,0.2
7618407,400.0,2.0,0.2
7618422,400.0,2.0,0.2
7618467,400.0,2.0,0.2
7618469,400.0,2.0,0.2
7618497,400.0,2.0,0.2
7618792,400.0,2.0,0.2
7619049,400.0,2.0,0.2
7619128,400.0,2.0,0.2
7619146,400.0,2.0,0.2
7619164,400.0,2.0,0.2
7619169,400.0,2.0,0.2
7619176,400.0,2.0,0.2
7619199,400.0,2.0,0.2
7619495,400.0,2.0,0.2
7619503,400.0,2.0,0.2
7619522,400.0,2.0,0.2
7619543,400.0,2.0,0.2
7619559,400.0,2.0,0.2
7619659,400.0,2.0,0.2
7619704,400.0,2.0,0.2
7619731,400.0,2.0,0.2
7619739,400.0,2.0,0.2
7619813,400.0,2.0,0.2
7619833,400.0,2.0,0.2
7619845,400.0,2.0,0.2
7619949,400.0,2.0,0.2
7620062,400.0,2.0,0.2
7620134,400.0,2.0,0.2
7620139,400.0,2.0,0.2
7620183,400.0,2.0,0.2
7620222,400.0,2.0,0.2
8119689,400.0,2.0,0.2
8119798,400.0,2.0,0.2
8120057,400.0,2.0,0.2
8120184,400.0,2.0,0.2
8120204,400.0,2.0,0.2
8120233,400.0,2.0,0.2
8120760,400.0,2.0,0.2
8120801,400.0,2.0,0.2
8120903,400.0,2.0,0.2
8121051,400.0,2.0,0.2
8121085,400.0,2.0,0.2
8121135,400.0,2.0,0.2
8121172,400.0,2.0,0.2
8121260,400.0,2.0,0.2
8121357,400.0,2.0,0.2
8121482,400.0,2.0,0.2
8121599,400.0,2.0,0.2
8121640,400.0,2.0,0.2
8121666,400.0,2.0,0.2
8121750,400.0,2.0,0.2
8121780,400.0,2.0,0.2
8121790,400.0,2.0,0.2
8121828,400.0,2.0,0.2
8121875,400.0,2.0,0.2
8121963,400.0,2.0,0.2
8122034,400.0,2.0,0.2
8122052,400.0,2.0,0.2
8168957,400.0,2.0,0.2
8168988,400.0,2.0,0.2
8169275,400.0,2.0,0.2
8169383,400.0,2.0,0.2
8169454,400.0,2.0,0.2
8169538,400.0,2.0,0.2
8169546,400.0,2.0,0.2
8169778,400.0,2.0,0.2
8169842,400.0,2.0,0.2
8169939,400.0,2.0,0.2
8169958,400.0,2.0,0.2
8170021,400.0,2.0,0.2
8170082,400.0,2.0,0.2
8170093,400.0,2.0,0.2
8170375,400.0,2.0,0.2
8170423,400.0,2.0,0.2
8170733,400.0,2.0,0.2
8218213,400.0,2.0,0.2
8218282,400.0,2.0,0.2
8218640,400.0,2.0,0.2
8218685,400.0,2.0,0.2
8218738,400.0,2.0,0.2
8218781,400.0,2.0,0.2
8218854,400.0,2.0,0.2
8218861,400.0,2.0,0.2
8253942,400.0,2.0,0.2
8253973,400.0,2.0,0.2
8254098,400.0,2.0,0.2
8254105,400.0,2.0,0.2
8254337,400.0,2.0,0.2
8273589,400.0,2.0,0.2
8273623,400.0,2.0,0.2
8273665,400.0,2.0,0.2
8273726,400.0,2.0,0.2
8273734,400.0,2.0,0.2
8273810,400.0,2.0,0.2
8273850,400.0,2.0,0.2
8273860,400.0,2.0,0.2
8274024,400.0,2.0,0.2
8274142,400.0,2.0,0.2
8274181,400.0,2.0,0.2
8274194,400.0,2.0,0.2
8274351,400.0,2.0,0.2
8274400,400.0,2.0,0.2
8274542,400.0,2.0,0.2
8274707,400.0,2.0,0.2
8274819,400.0,2.0,0.2
8275514,400.0,2.0,0.2
8275524,400.0,2.0,0.2
8275730,400.0,2.0,0.2
8275740,400.0,2.0,0.2
8275744,400.0,2.0,0.2
9395146,400.0,2.0,0.2
9395202,400.0,2.0,0.2
9395407,400.0,2.0,0.2
9395591,400.0,2.0,0.2
9395744,400.0,2.0,0.2
9396029,400.0,2.0,0.2
9396074,400.0,2.0,0.2
9396088,400.0,2.0,0.2
9396108,400.0,2.0,0.2
9396151,400.0,2.0,0.2
9396298,400.0,2.0,0.2
9396402,400.0,2.0,0.2
9396532,400.0,2.0,0.2
9396668,400.0,2.0,0.2
9396697,400.0,2.0,0.2
9396719,400.0,2.0,0.2
9396726,400.0,2.0,0.2
9396787,400.0,2.0,0.2
9402632,400.0,2.0,0.2
9402827,400.0,2.0,0.2
9402859,400.0,2.0,0.2
9402899,400.0,2.0,0.2
9402945,400.0,2.0,0.2
9402946,400.0,2.0,0.2
9402973,400.0,2.0,0.2
9403051,400.0,2.0,0.2
9403141,400.0,2.0,0.2
9403187,400.0,2.0,0.2
9403311,400.0,2.0,0.2
9403446,400.0,2.0,0.2
9403510,400.0,2.0,0.2
9403614,400.0,2.0,0.2
9403990,400.0,2.0,0.2
9404094,400.0,2.0,0.2
9404392,400.0,2.0,0.2
9404967,400.0,2.0,0.2
9405067,400.0,2.0,0.2
9405359,400.0,2.0,0.2
9405378,400.0,2.0,0.2
9405401,400.0,2.0,0.2
9405604,400.0,2.0,0.2
9405858,400.0,2.0,0.2
9406223,400.0,2.0,0.2
9406302,400.0,2.0,0.2
9406417,400.0,2.0,0.2
9406461,400.0,2.0,0.2
9406547,400.0,2.0,0.2
9406549,400.0,2.0,0.2
9406575,400.0,2.0,0.2
9406611,400.0,2.0,0.2
9406624,400.0,2.0,0.2
9406635,400.0,2.0,0.2
9406998,400.0,2.0,0.2
9407000,400.0,2.0,0.2
9407054,400.0,2.0,0.2
9407428,400.0,2.0,0.2
9407503,400.0,2.0,0.2
9407604,400.0,2.0,0.2
9407732,400.0,2.0,0.2
9407932,400.0,2.0,0.2
9408025,400.0,2.0,0.2
9408212,400.0,2.0,0.2
9408519,400.0,2.0,0.2
9408650,400.0,2.0,0.2
9408676,400.0,2.0,0.2
9409007,400.0,2.0,0.2
9409060,400.0,2.0,0.2
9409091,400.0,2.0,0.2
9409092,400.0,2.0,0.2
9409114,400.0,2.0,0.2
9409117,400.0,2.0,0.2
9409174,400.0,2.0,0.2
9409208,400.0,2.0,0.2
9409258,400.0,2.0,0.2
9409372,400.0,2.0,0.2
9409429,400.0,2.0,0.2
9409462,400.0,2.0,0.2
9409491,400.0,2.0,0.2
9409520,400.0,2.0,0.2
9409533,400.0,2.0,0.2
9409751,400.0,2.0,0.2
9409846,400.0,2.0,0.2
9410021,400.0,2.0,0.2
9410121,400.0,2.0,0.2
9410285,400.0,2.0,0.2
9410448,400.0,2.0,0.2
9410536,400.0,2.0,0.2
9410566,400.0,2.0,0.2
9410724,400.0,2.0,0.2
9410759,400.0,2.0,0.2
9411108,400.0,2.0,0.2
9411328,400.0,2.0,0.2
9411522,400.0,2.0,0.2
9411671,400.0,2.0,0.2
9411708,400.0,2.0,0.2
9411757,400.0,2.0,0.2
9411916,400.0,2.0,0.2
9411960,400.0,2.0,0.2
9412421,400.0,2.0,0.2
9412440,400.0,2.0,0.2
9412514,400.0,2.0,0.2
9412790,400.0,2.0,0.2
9412791,400.0,2.0,0.2
9412797,400.0,2.0,0.2
9412831,400.0,2.0,0.2
9412970,400.0,2.0,0.2
9413105,400.0,2.0,0.2
9413271,400.0,2.0,0.2
9413337,400.0,2.0,0.2
9413360,400.0,2.0,0.2
9413509,400.0,2.0,0.2
9413575,400.0,2.0,0.2
9413643,400.0,2.0,0.2
9413662,400.0,2.0,0.2
9413735,400.0,2.0,0.2
9413763,400.0,2.0,0.2
9413851,400.0,2.0,0.2
9414002,400.0,2.0,0.2
9414061,400.0,2.0,0.2
9414095,400.0,2.0,0.2
9414147,400.0,2.0,0.2
9414173,400.0,2.0,0.2
9414205,400.0,2.0,0.2
9414242,400.0,2.0,0.2
9414794,400.0,2.0,0.2
9415049,400.0,2.0,0.2
9415090,400.0,2.0,0.2
9415555,400.0,2.0,0.2
9415690,400.0,2.0,0.2
9415817,400.0,2.0,0.2
9415924,400.0,2.0,0.2
9416023,400.0,2.0,0.2
9416167,400.0,2.0,0.2
9416169,400.0,2.0,0.2
9416396,400.0,2.0,0.2
9416448,400.0,2.0,0.2
9416605,400.0,2.0,0.2
9416976,400.0,2.0,0.2
9417042,400.0,2.0,0.2
9417062,400.0,2.0,0.2
9417066,400.0,2.0,0.2
9417078,400.0,2.0,0.2
9417180,400.0,2.0,0.2
9417322,400.0,2.0,0.2
9417683,400.0,2.0,0.2
9417688,400.0,2.0,0.2
9417709,400.0,2.0,0.2
9417722,400.0,2.0,0.2
9417725,400.0,2.0,0.2
9417745,400.0,2.0,0.2
9417820,400.0,2.0,0.2
9417899,400.0,2.0,0.2
9418041,400.0,2.0,0.2
9418131,400.0,2.0,0.2
9418132,400.0,2.0,0.2
9418307,400.0,2.0,0.2
9418464,400.0,2.0,0.2
9418486,400.0,2.0,0.2
9418496,400.0,2.0,0.2
9418535,400.0,2.0,0.2
9418645,400.0,2.0,0.2
9418704,400.0,2.0,0.2
9418723,400.0,2.0,0.2
9418738,400.0,2.0,0.2
9418994,400.0,2.0,0.2
9419035,400.0,2.0,0.2
9419108,400.0,2.0,0.2
9419310,400.0,2.0,0.2
9419347,400.0,2.0,0.2
9419351,400.0,2.0,0.2
9419495,400.0,2.0,0.2
9419756,400.0,2.0,0.2
9419958,400.0,2.0,0.2
9420077,400.0,2.0,0.2
9420200,400.0,2.0,0.2
9420349,400.0,2.0,0.2
9420601,400.0,2.0,0.2
9420698,400.0,2.0,0.2
9420717,400.0,2.0,0.2
9420747,400.0,2.0,0.2
9420948,400.0,2.0,0.2
9420972,400.0,2.0,0.2
9421100,400.0,2.0,0.2
9421120,400.0,2.0,0.2
9421124,400.0,2.0,0.2
9421338,400.0,2.0,0.2
9421476,400.0,2.0,0.2
9421479,400.0,2.0,0.2
9421591,400.0,2.0,0.2
9421619,400.0,2.0,0.2
9421776,400.0,2.0,0.2
9421971,400.0,2.0,0.2
9422138,400.0,2.0,0.2
9422223,400.0,2.0,0.2
9422441,400.0,2.0,0.2
9422873,400.0,2.0,0.2
9422965,400.0,2.0,0.2
9423268,400.0,2.0,0.2
9423396,400.0,2.0,0.2
9423399,400.0,2.0,0.2
9423547,400.0,2.0,0.2
9423679,400.0,2.0,0.2
9423936,400.0,2.0,0.2
9424013,400.0,2.0,0.2
9424040,400.0,2.0,0.2
9424118,400.0,2.0,0.2
9424161,400.0,2.0,0.2
9424235,400.0,2.0,0.2
9424241,400.0,2.0,0.2
9424271,400.0,2.0,0.2
9424571,400.0,2.0,0.2
9424606,400.0,2.0,0.2
9424762,400.0,2.0,0.2
9424767,400.0,2.0,0.2
9424880,400.0,2.0,0.2
9425258,400.0,2.0,0.2
9425341,400.0,2.0,0.2
9425344,400.0,2.0,0.2
9425403,400.0,2.0,0.2
9425405,400.0,2.0,0.2
9430270,400.0,2.0,0.2
9430310,400.0,2.0,0.2
9430451,400.0,2.0,0.2
9430465,400.0,2.0,0.2
9430479,400.0,2.0,0.2
9430590,400.0,2.0,0.2
9430679,400.0,2.0,0.2
9430712,400.0,2.0,0.2
9430845,400.0,2.0,0.2
9430879,400.0,2.0,0.2
9431085,400.0,2.0,0.2
9431122,400.0,2.0,0.2
9431239,400.0,2.0,0.2
9431418,400.0,2.0,0.2
9431480,400.0,2.0,0.2
9431780,400.0,2.0,0.2
9431909,400.0,2.0,0.2
9431912,400.0,2.0,0.2
9431919,400.0,2.0,0.2
9440560,400.0,2.0,0.2
9440588,400.0,2.0,0.2
9440731,400.0,2.0,0.2
9440858,400.0,2.0,0.2
9441025,400.0,2.0,0.2
9441104,400.0,2.0,0.2
9441223,400.0,2.0,0.2
9441229,400.0,2.0,0.2
9441303,400.0,2.0,0.2
9441397,400.0,2.0,0.2
9441417,400.0,2.0,0.2
9441431,400.0,2.0,0.2
9441575,400.0,2.0,0.2
9441597,400.0,2.0,0.2
9441607,400.0,2.0,0.2
9441681,400.0,2.0,0.2
9441729,400.0,2.0,0.2
9442250,400.0,2.0,0.2
9442489,400.0,2.0,0.2
9442532,400.0,2.0,0.2
9442592,400.0,2.0,0.2
9442687,400.0,2.0,0.2
9442846,400.0,2.0,0.2
9442988,400.0,2.0,0.2
9443008,400.0,2.0,0.2
9443079,400.0,2.0,0.2
9443106,400.0,2.0,0.2
9443135,400.0,2.0,0.2
9443148,400.0,2.0,0.2
9443167,400.0,2.0,0.2
9443285,400.0,2.0,0.2
9443339,400.0,2.0,0.2
9443405,400.0,2.0,0.2
9443461,400.0,2.0,0.2
9443543,400.0,2.0,0.2
9443592,400.0,2.0,0.2
9443593,400.0,2.0,0.2
9443614,400.0,2.0,0.2
9443737,400.0,2.0,0.2
9444001,400.0,2.0,0.2
9444089,400.0,2.0,0.2
9444207,400.0,2.0,0.2
9444322,400.0,2.0,0.2
9444353,400.0,2.0,0.2
9444599,400.0,2.0,0.2
9444715,400.0,2.0,0.2
9445018,400.0,2.0,0.2
9445078,400.0,2.0,0.2
9445135,400.0,2.0,0.2
9445566,400.0,2.0,0.2
9445714,400.0,2.0,0.2
9445818,400.0,2.0,0.2
9445895,400.0,2.0,0.2
9445936,400.0,2.0,0.2
9446134,400.0,2.0,0.2
9446141,400.0,2.0,0.2
9446422,400.0,2.0,0.2
9446569,400.0,2.0,0.2
9446605,400.0,2.0,0.2
9446641,400.0,2.0,0.2
9446681,400.0,2.0,0.2
9446855,400.0,2.0,0.2
9446859,400.0,2.0,0.2
9447022,400.0,2.0,0.2
9447325,400.0,2.0,0.2
9447351,400.0,2.0,0.2
9447427,400.0,2.0,0.2
9447509,400.0,2.0,0.2
9447593,400.0,2.0,0.2
9447714,400.0,2.0,0.2
9447739,400.0,2.0,0.2
9447824,400.0,2.0,0.2
9447953,400.0,2.0,0.2
9448113,400.0,2.0,0.2
9448275,400.0,2.0,0.2
9448376,400.0,2.0,0.2
9448429,400.0,2.0,0.2
9448501,400.0,2.0,0.2
9448583,400.0,2.0,0.2
9449053,400.0,2.0,0.2
9449241,400.0,2.0,0.2
9449460,400.0,2.0,0.2
9449600,400.0,2.0,0.2
9449731,400.0,2.0,0.2
9449770,400.0,2.0,0.2
9449785,400.0,2.0,0.2
9449789,400.0,2.0,0.2
9449791,400.0,2.0,0.2
9449818,400.0,2.0,0.2
9449979,400.0,2.0,0.2
9450030,400.0,2.0,0.2
9450039,400.0,2.0,0.2
9450450,400.0,2.0,0.2
9450456,400.0,2.0,0.2
9450801,400.0,2.0,0.2
9450904,400.0,2.0,0.2
9451025,400.0,2.0,0.2
9451029,400.0,2.0,0.2
9451068,400.0,2.0,0.2
9451161,400.0,2.0,0.2
9451179,400.0,2.0,0.2
9451216,400.0,2.0,0.2
9451509,400.0,2.0,0.2
9451530,400.0,2.0,0.2
9451758,400.0,2.0,0.2
9451886,400.0,2.0,0.2
9452046,400.0,2.0,0.2
9452143,400.0,2.0,0.2
9452387,400.0,2.0,0.2
9452408,400.0,2.0,0.2
9452518,400.0,2.0,0.2
9452622,400.0,2.0,0.2
9452674,400.0,2.0,0.2
9452753,400.0,2.0,0.2
9452851,400.0,2.0,0.2
9452904,400.0,2.0,0.2
9452929,400.0,2.0,0.2
9453064,400.0,2.0,0.2
9453202,400.0,2.0,0.2
9453229,400.0,2.0,0.2
9453300,400.0,2.0,0.2
9453312,400.0,2.0,0.2
9453313,400.0,2.0,0.2
9453354,400.0,2.0,0.2
9453583,400.0,2.0,0.2
9454001,400.0,2.0,0.2
9454056,400.0,2.0,0.2
9454254,400.0,2.0,0.2
9454281,400.0,2.0,0.2
9454480,400.0,2.0,0.2
9454526,400.0,2.0,0.2
9454589,400.0,2.0,0.2
9454624,400.0,2.0,0.2
9454646,400.0,2.0,0.2
9454663,400.0,2.0,0.2
9454920,400.0,2.0,0.2
9454935,400.0,2.0,0.2
9454959,400.0,2.0,0.2
9455140,400.0,2.0,0.2
9455161,400.0,2.0,0.2
9455233,400.0,2.0,0.2
9455364,400.0,2.0,0.2
9455471,400.0,2.0,0.2
9455478,400.0,2.0,0.2
9455483,400.0,2.0,0.2
9455484,400.0,2.0,0.2
9455506,400.0,2.0,0.2
9455540,400.0,2.0,0.2
9455615,400.0,2.0,0.2
9455702,400.0,2.0,0.2
9455721,400.0,2.0,0.2
9455957,400.0,2.0,0.2
9456056,400.0,2.0,0.2
9456101,400.0,2.0,0.2
9456174,400.0,2.0,0.2
9456180,400.0,2.0,0.2
9456429,400.0,2.0,0.2
9456456,400.0,2.0,0.2
9456513,400.0,2.0,0.2
9456861,400.0,2.0,0.2
9456893,400.0,2.0,0.2
9457167,400.0,2.0,0.2
9457225,400.0,2.0,0.2
9457381,400.0,2.0,0.2
9457465,400.0,2.0,0.2
9457471,400.0,2.0,0.2
9457681,400.0,2.0,0.2
9457748,400.0,2.0,0.2
9457781,400.0,2.0,0.2
9457864,400.0,2.0,0.2
9457885,400.0,2.0,0.2
9458084,400.0,2.0,0.2
9458177,400.0,2.0,0.2
9458192,400.0,2.0,0.2
9458254,400.0,2.0,0.2
9458372,400.0,2.0,0.2
9458444,400.0,2.0,0.2
9458615,400.0,2.0,0.2
9458958,400.0,2.0,0.2
9459011,400.0,2.0,0.2
9459100,400.0,2.0,0.2
9459213,400.0,2.0,0.2
9459373,400.0,2.0,0.2
9459495,400.0,2.0,0.2
9459688,400.0,2.0,0.2
9459731,400.0,2.0,0.2
9459788,400.0,2.0,0.2
9460017,400.0,2.0,0.2
9460059,400.0,2.0,0.2
9460087,400.0,2.0,0.2
9460149,400.0,2.0,0.2
9460173,400.0,2.0,0.2
9460261,400.0,2.0,0.2
9460360,400.0,2.0,0.2
9460561,400.0,2.0,0.2
9460617,400.0,2.0,0.2
9460751,400.0,2.0,0.2
9460828,400.0,2.0,0.2
9460841,400.0,2.0,0.2
9461095,400.0,2.0,0.2
9461111,400.0,2.0,0.2
9461156,400.0,2.0,0.2
9461259,400.0,2.0,0.2
9461315,400.0,2.0,0.2
9461486,400.0,2.0,0.2
9461522,400.0,2.0,0.2
9461523,400.0,2.0,0.2
9461627,400.0,2.0,0.2
9461651,400.0,2.0,0.2
9461691,400.0,2.0,0.2
9461903,400.0,2.0,0.2
9462009,400.0,2.0,0.2
9462039,400.0,2.0,0.2
9462087,400.0,2.0,0.2
9462213,400.0,2.0,0.2
9462880,400.0,2.0,0.2
9462909,400.0,2.0,0.2
9463205,400.0,2.0,0.2
9463249,400.0,2.0,0.2
9463397,400.0,2.0,0.2
9463420,400.0,2.0,0.2
9463451,400.0,2.0,0.2
9463462,400.0,2.0,0.2
9463550,400.0,2.0,0.2
9463573,400.0,2.0,0.2
9463719,400.0,2.0,0.2
9463756,400.0,2.0,0.2
9463803,400.0,2.0,0.2
9463873,400.0,2.0,0.2
9463900,400.0,2.0,0.2
9463902,400.0,2.0,0.2
9464342,400.0,2.0,0.2
9464353,400.0,2.0,0.2
9464362,400.0,2.0,0.2
9464540,400.0,2.0,0.2
9464561,400.0,2.0,0.2
9464591,400.0,2.0,0.2
9465454,400.0,2.0,0.2
9473269,400.0,2.0,0.2
9473435,400.0,2.0,0.2
9473448,400.0,2.0,0.2
9473591,400.0,2.0,0.2
9473904,400.0,2.0,0.2
9473908,400.0,2.0,0.2
9473956,400.0,2.0,0.2
9474007,400.0,2.0,0.2
9474239,400.0,2.0,0.2
9474320,400.0,2.0,0.2
9474520,400.0,2.0,0.2
9474537,400.0,2.0,0.2
9474663,400.0,2.0,0.2
9474666,400.0,2.0,0.2
9478906,400.0,2.0,0.2
9479044,400.0,2.0,0.2
9479280,400.0,2.0,0.2
9479399,400.0,2.0,0.2
9479435,400.0,2.0,0.2
9479688,400.0,2.0,0.2
9479873,400.0,2.0,0.2
9479890,400.0,2.0,0.2
9479893,400.0,2.0,0.2
9480047,400.0,2.0,0.2
9480066,400.0,2.0,0.2
9480124,400.0,2.0,0.2
9480151,400.0,2.0,0.2
9480208,400.0,2.0,0.2
9480229,400.0,2.0,0.2
9480276,400.0,2.0,0.2
9480561,400.0,2.0,0.2
9480569,400.0,2.0,0.2
9481033,400.0,2.0,0.2
9481113,400.0,2.0,0.2
9481166,400.0,2.0,0.2
9481168,400.0,2.0,0.2
9481286,400.0,2.0,0.2
9481528,400.0,2.0,0.2
9481677,400.0,2.0,0.2
9481729,400.0,2.0,0.2
9481735,400.0,2.0,0.2
9481819,400.0,2.0,0.2
9481853,400.0,2.0,0.2
9481982,400.0,2.0,0.2
9482213,400.0,2.0,0.2
9482277,400.0,2.0,0.2
9482448,400.0,2.0,0.2
9482655,400.0,2.0,0.2
9482705,400.0,2.0,0.2
9482781,400.0,2.0,0.2
9482906,400.0,2.0,0.2
9482924,400.0,2.0,0.2
9483014,400.0,2.0,0.2
9483091,400.0,2.0,0.2
9483116,400.0,2.0,0.2
9483133,400.0,2.0,0.2
9483334,400.0,2.0,0.2
9483363,400.0,2.0,0.2
9483432,400.0,2.0,0.2
9483462,400.0,2.0,0.2
9483468,400.0,2.0,0.2
9483542,400.0,2.0,0.2
9483609,400.0,2.0,0.2
9483631,400.0,2.0,0.2
9483863,400.0,2.0,0.2
9483869,400.0,2.0,0.2
9483891,400.0,2.0,0.2
9484051,400.0,2.0,0.2
9484158,400.0,2.0,0.2
9484295,400.0,2.0,0.2
9484364,400.0,2.0,0.2
9484519,400.0,2.0,0.2
9484545,400.0,2.0,0.2
9484624,400.0,2.0,0.2
9484632,400.0,2.0,0.2
9484865,400.0,2.0,0.2
9484952,400.0,2.0,0.2
9485040,400.0,2.0,0.2
9485092,400.0,2.0,0.2
9485155,400.0,2.0,0.2
9485296,400.0,2.0,0.2
9485476,400.0,2.0,0.2
9485543,400.0,2.0,0.2
9485738,400.0,2.0,0.2
9485847,400.0,2.0,0.2
9486099,400.0,2.0,0.2
9486331,400.0,2.0,0.2
9486415,400.0,2.0,0.2
9486601,400.0,2.0,0.2
9486625,400.0,2.0,0.2
9486626,400.0,2.0,0.2
9486627,400.0,2.0,0.2
9486966,400.0,2.0,0.2
9487122,400.0,2.0,0.2
9487140,400.0,2.0,0.2
9487207,400.0,2.0,0.2
9487211,400.0,2.0,0.2
9487307,400.0,2.0,0.2
9487502,400.0,2.0,0.2
9487528,400.0,2.0,0.2
9487626,400.0,2.0,0.2
9487794,400.0,2.0,0.2
9487803,400.0,2.0,0.2
9487879,400.0,2.0,0.2
9487895,400.0,2.0,0.2
9487973,400.0,2.0,0.2
9488078,400.0,2.0,0.2
9488270,400.0,2.0,0.2
9488369,400.0,2.0,0.2
9488435,400.0,2.0,0.2
9488621,400.0,2.0,0.2
9488659,400.0,2.0,0.2
9488773,400.0,2.0,0.2
9488790,400.0,2.0,0.2
9488813,400.0,2.0,0.2
9488899,400.0,2.0,0.2
9488986,400.0,2.0,0.2
9489045,400.0,2.0,0.2
9489148,400.0,2.0,0.2
9489291,400.0,2.0,0.2
9489294,400.0,2.0,0.2
9489435,400.0,2.0,0.2
9489471,400.0,2.0,0.2
9489542,400.0,2.0,0.2
9489545,400.0,2.0,0.2
9489561,400.0,2.0,0.2
9489572,400.0,2.0,0.2
9489601,400.0,2.0,0.2
9489664,400.0,2.0,0.2
9489685,400.0,2.0,0.2
9489800,400.0,2.0,0.2
9489870,400.0,2.0,0.2
9489955,400.0,2.0,0.2
9490055,400.0,2.0,0.2
9490127,400.0,2.0,0.2
9490179,400.0,2.0,0.2
9490314,400.0,2.0,0.2
9490325,400.0,2.0,0.2
9490351,400.0,2.0,0.2
9490359,400.0,2.0,0.2
9490421,400.0,2.0,0.2
9490461,400.0,2.0,0.2
9490751,400.0,2.0,0.2
9490783,400.0,2.0,0.2
9490927,400.0,2.0,0.2
9490983,400.0,2.0,0.2
9490994,400.0,2.0,0.2
9491092,400.0,2.0,0.2
9491175,400.0,2.0,0.2
9491221,400.0,2.0,0.2
9491396,400.0,2.0,0.2
9491401,400.0,2.0,0.2
9491417,400.0,2.0,0.2
9491468,400.0,2.0,0.2
9491713,400.0,2.0,0.2
9491789,400.0,2.0,0.2
9491860,400.0,2.0,0.2
9492013,400.0,2.0,0.2
9492172,400.0,2.0,0.2
9492391,400.0,2.0,0.2
9492482,400.0,2.0,0.2
9492793,400.0,2.0,0.2
9492957,400.0,2.0,0.2
9493174,400.0,2.0,0.2
9493189,400.0,2.0,0.2
9493209,400.0,2.0,0.2
9493252,400.0,2.0,0.2
9493330,400.0,2.0,0.2
9493365,400.0,2.0,0.2
9493815,400.0,2.0,0.2
9493821,400.0,2.0,0.2
9494064,400.0,2.0,0.2
9494179,400.0,2.0,0.2
9494299,400.0,2.0,0.2
9494368,400.0,2.0,0.2
9494470,400.0,2.0,0.2
9494486,400.0,2.0,0.2
9494493,400.0,2.0,0.2
9494750,400.0,2.0,0.2
9494788,400.0,2.0,0.2
9494833,400.0,2.0,0.2
9494942,400.0,2.0,0.2
9494982,400.0,2.0,0.2
9495081,400.0,2.0,0.2
9495186,400.0,2.0,0.2
9495446,400.0,2.0,0.2
9495733,400.0,2.0,0.2
9495854,400.0,2.0,0.2
9495955,400.0,2.0,0.2
9496042,400.0,2.0,0.2
9496477,400.0,2.0,0.2
9496588,400.0,2.0,0.2
9496880,400.0,2.0,0.2
9496949,400.0,2.0,0.2
9496989,400.0,2.0,0.2
9497111,400.0,2.0,0.2
9497243,400.0,2.0,0.2
9497268,400.0,2.0,0.2
9497356,400.0,2.0,0.2
9497491,400.0,2.0,0.2
9497654,400.0,2.0,0.2
9497675,400.0,2.0,0.2
9497755,400.0,2.0,0.2
9497792,400.0,2.0,0.2
9497883,400.0,2.0,0.2
9497934,400.0,2.0,0.2
9504392,400.0,2.0,0.2
9504508,400.0,2.0,0.2
9504686,400.0,2.0,0.2
9504689,400.0,2.0,0.2
9504752,400.0,2.0,0.2
9504883,400.0,2.0,0.2
9504885,400.0,2.0,0.2
9504948,400.0,2.0,0.2
9505118,400.0,2.0,0.2
9505127,400.0,2.0,0.2
9505187,400.0,2.0,0.2
9505303,400.0,2.0,0.2
9505427,400.0,2.0,0.2
9505568,400.0,2.0,0.2
9509269,400.0,2.0,0.2
9509271,400.0,2.0,0.2
9509368,400.0,2.0,0.2
9509372,400.0,2.0,0.2
9509397,400.0,2.0,0.2
9509427,400.0,2.0,0.2
9509561,400.0,2.0,0.2
9509737,400.0,2.0,0.2
9509862,400.0,2.0,0.2
9510223,400.0,2.0,0.2
9510306,400.0,2.0,0.2
9510384,400.0,2.0,0.2
9510391,400.0,2.0,0.2
9510425,400.0,2.0,0.2
9510449,400.0,2.0,0.2
9510585,400.0,2.0,0.2
9510606,400.0,2.0,0.2
9510652,400.0,2.0,0.2
9510694,400.0,2.0,0.2
9510843,400.0,2.0,0.2
9510845,400.0,2.0,0.2
9511369,400.0,2.0,0.2
9511477,400.0,2.0,0.2
9511586,400.0,2.0,0.2
9511600,400.0,2.0,0.2
9511608,400.0,2.0,0.2
9512010,400.0,2.0,0.2
9512114,400.0,2.0,0.2
9512179,400.0,2.0,0.2
9512217,400.0,2.0,0.2
9512309,400.0,2.0,0.2
9512347,400.0,2.0,0.2
9512493,400.0,2.0,0.2
9512550,400.0,2.0,0.2
9512556,400.0,2.0,0.2
9512679,400.0,2.0,0.2
9512738,400.0,2.0,0.2
9512761,400.0,2.0,0.2
9512777,400.0,2.0,0.2
9512949,400.0,2.0,0.2
9512963,400.0,2.0,0.2
9513073,400.0,2.0,0.2
9513135,400.0,2.0,0.2
9513147,400.0,2.0,0.2
9513242,400.0,2.0,0.2
9513352,400.0,2.0,0.2
9513369,400.0,2.0,0.2
9513370,400.0,2.0,0.2
9513460,400.0,2.0,0.2
9513571,400.0,2.0,0.2
9513765,400.0,2.0,0.2
9513848,400.0,2.0,0.2
9513978,400.0,2.0,0.2
9514042,400.0,2.0,0.2
9514122,400.0,2.0,0.2
9514269,400.0,2.0,0.2
9514324,400.0,2.0,0.2
9514355,400.0,2.0,0.2
9514412,400.0,2.0,0.2
9514553,400.0,2.0,0.2
9514562,400.0,2.0,0.2
9514669,400.0,2.0,0.2
9514886,400.0,2.0,0.2
9514923,400.0,2.0,0.2
9515134,400.0,2.0,0.2
9515226,400.0,2.0,0.2
9515331,400.0,2.0,0.2
9515560,400.0,2.0,0.2
9515617,400.0,2.0,0.2
9515633,400.0,2.0,0.2
9515654,400.0,2.0,0.2
9515726,400.0,2.0,0.2
9515752,400.0,2.0,0.2
9515957,400.0,2.0,0.2
9516091,400.0,2.0,0.2
9516104,400.0,2.0,0.2
9516107,400.0,2.0,0.2
9516128,400.0,2.0,0.2
9516181,400.0,2.0,0.2
9516231,400.0,2.0,0.2
9516364,400.0,2.0,0.2
9516377,400.0,2.0,0.2
9516397,400.0,2.0,0.2
9516419,400.0,2.0,0.2
9516436,400.0,2.0,0.2
9516590,400.0,2.0,0.2
9516672,400.0,2.0,0.2
9516756,400.0,2.0,0.2
9516776,400.0,2.0,0.2
9516863,400.0,2.0,0.2
9517000,400.0,2.0,0.2
9517004,400.0,2.0,0.2
9517091,400.0,2.0,0.2
9517219,400.0,2.0,0.2
9517378,400.0,2.0,0.2
9517563,400.0,2.0,0.2
9517601,400.0,2.0,0.2
9517609,400.0,2.0,0.2
9517710,400.0,2.0,0.2
9517928,400.0,2.0,0.2
9517955,400.0,2.0,0.2
9518008,400.0,2.0,0.2
9518118,400.0,2.0,0.2
9518140,400.0,2.0,0.2
9518151,400.0,2.0,0.2
9518226,400.0,2.0,0.2
9518233,400.0,2.0,0.2
9518333,400.0,2.0,0.2
9518355,400.0,2.0,0.2
9518396,400.0,2.0,0.2
9518454,400.0,2.0,0.2
9518567,400.0,2.0,0.2
9518614,400.0,2.0,0.2
9518638,400.0,2.0,0.2
9518661,400.0,2.0,0.2
9518859,400.0,2.0,0.2
9519135,400.0,2.0,0.2
9519263,400.0,2.0,0.2
9519320,400.0,2.0,0.2
9519348,400.0,2.0,0.2
9519476,400.0,2.0,0.2
9519721,400.0,2.0,0.2
9519737,400.0,2.0,0.2
9519832,400.0,2.0,0.2
9519836,400.0,2.0,0.2
9519932,400.0,2.0,0.2
9520000,400.0,2.0,0.2
9520061,400.0,2.0,0.2
9520182,400.0,2.0,0.2
9520203,400.0,2.0,0.2
9520361,400.0,2.0,0.2
9520410,400.0,2.0,0.2
9520470,400.0,2.0,0.2
9520539,400.0,2.0,0.2
9520540,400.0,2.0,0.2
9520566,400.0,2.0,0.2
9520794,400.0,2.0,0.2
9520832,400.0,2.0,0.2
9520905,400.0,2.0,0.2
9521004,400.0,2.0,0.2
9521121,400.0,2.0,0.2
9521260,400.0,2.0,0.2
9521450,400.0,2.0,0.2
9521601,400.0,2.0,0.2
9521706,400.0,2.0,0.2
9521769,400.0,2.0,0.2
9521991,400.0,2.0,0.2
9522096,400.0,2.0,0.2
9522197,400.0,2.0,0.2
9522286,400.0,2.0,0.2
9522305,400.0,2.0,0.2
9522495,400.0,2.0,0.2
9522497,400.0,2.0,0.2
9522596,400.0,2.0,0.2
9522651,400.0,2.0,0.2
9522655,400.0,2.0,0.2
9522911,400.0,2.0,0.2
9522914,400.0,2.0,0.2
9523053,400.0,2.0,0.2
9523098,400.0,2.0,0.2
9523294,400.0,2.0,0.2
9523457,400.0,2.0,0.2
9523486,400.0,2.0,0.2
9523686,400.0,2.0,0.2
9523735,400.0,2.0,0.2
9523782,400.0,2.0,0.2
9523804,400.0,2.0,0.2
9523820,400.0,2.0,0.2
9523886,400.0,2.0,0.2
9523887,400.0,2.0,0.2
9523920,400.0,2.0,0.2
9524087,400.0,2.0,0.2
9524319,400.0,2.0,0.2
9524521,400.0,2.0,0.2
9524547,400.0,2.0,0.2
9525217,400.0,2.0,0.2
9530374,400.0,2.0,0.2
9530417,400.0,2.0,0.2
9530425,400.0,2.0,0.2
9530456,400.0,2.0,0.2
9532828,400.0,2.0,0.2
9532830,400.0,2.0,0.2
9532856,400.0,2.0,0.2
9532909,400.0,2.0,0.2
9533070,400.0,2.0,0.2
9533525,400.0,2.0,0.2
9533528,400.0,2.0,0.2
9533597,400.0,2.0,0.2
9533782,400.0,2.0,0.2
9534010,400.0,2.0,0.2
9534030,400.0,2.0,0.2
9534170,400.0,2.0,0.2
9534403,400.0,2.0,0.2
9534511,400.0,2.0,0.2
9534528,400.0,2.0,0.2
9534731,400.0,2.0,0.2
9534738,400.0,2.0,0.2
9535304,400.0,2.0,0.2
9535313,400.0,2.0,0.2
9535468,400.0,2.0,0.2
9535489,400.0,2.0,0.2
9535557,400.0,2.0,0.2
9535580,400.0,2.0,0.2
9535703,400.0,2.0,0.2
9535712,400.0,2.0,0.2
9535782,400.0,2.0,0.2
9535786,400.0,2.0,0.2
9535880,400.0,2.0,0.2
9535923,400.0,2.0,0.2
9535933,400.0,2.0,0.2
9535970,400.0,2.0,0.2
9535991,400.0,2.0,0.2
9536007,400.0,2.0,0.2
9536109,400.0,2.0,0.2
9536196,400.0,2.0,0.2
9536286,400.0,2.0,0.2
9536430,400.0,2.0,0.2
9536589,400.0,2.0,0.2
9536753,400.0,2.0,0.2
9536849,400.0,2.0,0.2
9536931,400.0,2.0,0.2
9536948,400.0,2.0,0.2
9537063,400.0,2.0,0.2
9537265,400.0,2.0,0.2
9537331,400.0,2.0,0.2
9537412,400.0,2.0,0.2
9537545,400.0,2.0,0.2
9537567,400.0,2.0,0.2
9537619,400.0,2.0,0.2
9537730,400.0,2.0,0.2
9537772,400.0,2.0,0.2
9538022,400.0,2.0,0.2
9538190,400.0,2.0,0.2
9538226,400.0,2.0,0.2
9538287,400.0,2.0,0.2
9538382,400.0,2.0,0.2
9538506,400.0,2.0,0.2
9538642,400.0,2.0,0.2
9538689,400.0,2.0,0.2
9538846,400.0,2.0,0.2
9538975,400.0,2.0,0.2
9539002,400.0,2.0,0.2
9539130,400.0,2.0,0.2
9539369,400.0,2.0,0.2
9539416,400.0,2.0,0.2
9539481,400.0,2.0,0.2
9539554,400.0,2.0,0.2
9539596,400.0,2.0,0.2
9539599,400.0,2.0,0.2
9539700,400.0,2.0,0.2
9539754,400.0,2.0,0.2
9539799,400.0,2.0,0.2
9540131,400.0,2.0,0.2
9540168,400.0,2.0,0.2
9540171,400.0,2.0,0.2
9540179,400.0,2.0,0.2
9540195,400.0,2.0,0.2
9540362,400.0,2.0,0.2
9540746,400.0,2.0,0.2
9540806,400.0,2.0,0.2
9540824,400.0,2.0,0.2
9541005,400.0,2.0,0.2
9541118,400.0,2.0,0.2
9541190,400.0,2.0,0.2
9541216,400.0,2.0,0.2
9541317,400.0,2.0,0.2
9541401,400.0,2.0,0.2
9541496,400.0,2.0,0.2
9541536,400.0,2.0,0.2
9541577,400.0,2.0,0.2
9541587,400.0,2.0,0.2
9541728,400.0,2.0,0.2
9541748,400.0,2.0,0.2
9541878,400.0,2.0,0.2
9541894,400.0,2.0,0.2
9541899,400.0,2.0,0.2
9541957,400.0,2.0,0.2
9541960,400.0,2.0,0.2
9542004,400.0,2.0,0.2
9542288,400.0,2.0,0.2
9542510,400.0,2.0,0.2
9542656,400.0,2.0,0.2
9542659,400.0,2.0,0.2
9542679,400.0,2.0,0.2
9542859,400.0,2.0,0.2
9542970,400.0,2.0,0.2
9542972,400.0,2.0,0.2
9542980,400.0,2.0,0.2
9543047,400.0,2.0,0.2
9543370,400.0,2.0,0.2
9543374,400.0,2.0,0.2
9543421,400.0,2.0,0.2
9543424,400.0,2.0,0.2
9543547,400.0,2.0,0.2
9543632,400.0,2.0,0.2
9543725,400.0,2.0,0.2
9543730,400.0,2.0,0.2
9543732,400.0,2.0,0.2
9543760,400.0,2.0,0.2
9543793,400.0,2.0,0.2
9543893,400.0,2.0,0.2
9543906,400.0,2.0,0.2
9544265,400.0,2.0,0.2
9544508,400.0,2.0,0.2
9544590,400.0,2.0,0.2
9544606,400.0,2.0,0.2
9544654,400.0,2.0,0.2
9544674,400.0,2.0,0.2
9544969,400.0,2.0,0.2
9544979,400.0,2.0,0.2
9544997,400.0,2.0,0.2
9545012,400.0,2.0,0.2
9545063,400.0,2.0,0.2
9545114,400.0,2.0,0.2
9545158,400.0,2.0,0.2
9545164,400.0,2.0,0.2
9545174,400.0,2.0,0.2
9545178,400.0,2.0,0.2
9545217,400.0,2.0,0.2
9545356,400.0,2.0,0.2
9545432,400.0,2.0,0.2
9545518,400.0,2.0,0.2
9545612,400.0,2.0,0.2
9545659,400.0,2.0,0.2
9546069,400.0,2.0,0.2
9546259,400.0,2.0,0.2
9546331,400.0,2.0,0.2
9546432,400.0,2.0,0.2
9550793,400.0,2.0,0.2
9552227,400.0,2.0,0.2
9552389,400.0,2.0,0.2
9552464,400.0,2.0,0.2
9552645,400.0,2.0,0.2
9552676,400.0,2.0,0.2
9552827,400.0,2.0,0.2
9552910,400.0,2.0,0.2
9552985,400.0,2.0,0.2
9553135,400.0,2.0,0.2
9553140,400.0,2.0,0.2
9553211,400.0,2.0,0.2
9553363,400.0,2.0,0.2
9553788,400.0,2.0,0.2
9553789,400.0,2.0,0.2
9553892,400.0,2.0,0.2
9553967,400.0,2.0,0.2
9553974,400.0,2.0,0.2
9553989,400.0,2.0,0.2
9554176,400.0,2.0,0.2
9554503,400.0,2.0,0.2
9554544,400.0,2.0,0.2
9554766,400.0,2.0,0.2
9554780,400.0,2.0,0.2
9554797,400.0,2.0,0.2
9554825,400.0,2.0,0.2
9554842,400.0,2.0,0.2
9555032,400.0,2.0,0.2
9555118,400.0,2.0,0.2
9555664,400.0,2.0,0.2
9555761,400.0,2.0,0.2
9555871,400.0,2.0,0.2
9555905,400.0,2.0,0.2
9556076,400.0,2.0,0.2
9556087,400.0,2.0,0.2
9556136,400.0,2.0,0.2
9556228,400.0,2.0,0.2
9556257,400.0,2.0,0.2
9556334,400.0,2.0,0.2
9556422,400.0,2.0,0.2
9556440,400.0,2.0,0.2
9556480,400.0,2.0,0.2
9556608,400.0,2.0,0.2
9556708,400.0,2.0,0.2
9556794,400.0,2.0,0.2
9556798,400.0,2.0,0.2
9557045,400.0,2.0,0.2
9557068,400.0,2.0,0.2
9557266,400.0,2.0,0.2
9557488,400.0,2.0,0.2
9557711,400.0,2.0,0.2
9557720,400.0,2.0,0.2
9557798,400.0,2.0,0.2
9558016,400.0,2.0,0.2
9558039,400.0,2.0,0.2
9558246,400.0,2.0,0.2
9558414,400.0,2.0,0.2
9558479,400.0,2.0,0.2
9558520,400.0,2.0,0.2
9562559,400.0,2.0,0.2
9562591,400.0,2.0,0.2
9562594,400.0,2.0,0.2
9562660,400.0,2.0,0.2
9562794,400.0,2.0,0.2
9562927,400.0,2.0,0.2
9563040,400.0,2.0,0.2
9563059,400.0,2.0,0.2
9563246,400.0,2.0,0.2
9563274,400.0,2.0,0.2
9563357,400.0,2.0,0.2
9563445,400.0,2.0,0.2
9563481,400.0,2.0,0.2
9563833,400.0,2.0,0.2
9563903,400.0,2.0,0.2
9563965,400.0,2.0,0.2
9564194,400.0,2.0,0.2
9564368,400.0,2.0,0.2
9564638,400.0,2.0,0.2
9564775,400.0,2.0,0.2
9564785,400.0,2.0,0.2
9564872,400.0,2.0,0.2
9564881,400.0,2.0,0.2
9564884,400.0,2.0,0.2
9564923,400.0,2.0,0.2
9564942,400.0,2.0,0.2
9565203,400.0,2.0,0.2
9565324,400.0,2.0,0.2
9568334,400.0,2.0,0.2
9570502,400.0,2.0,0.2
9570968,400.0,2.0,0.2
9570994,400.0,2.0,0.2
9571049,400.0,2.0,0.2
9571070,400.0,2.0,0.2
9571121,400.0,2.0,0.2
9571183,400.0,2.0,0.2
9571307,400.0,2.0,0.2
9571526,400.0,2.0,0.2
9571721,400.0,2.0,0.2
9571775,400.0,2.0,0.2
9571823,400.0,2.0,0.2
9571890,400.0,2.0,0.2
9611230,400.0,2.0,0.2
9611337,400.0,2.0,0.2
9611532,400.0,2.0,0.2
9611537,400.0,2.0,0.2
9611712,400.0,2.0,0.2
9611825,400.0,2.0,0.2
9611867,400.0,2.0,0.2
9611985,400.0,2.0,0.2
9612218,400.0,2.0,0.2
9612502,400.0,2.0,0.2
9612959,400.0,2.0,0.2
9613007,400.0,2.0,0.2
9613046,400.0,2.0,0.2
9663529,400.0,2.0,0.2
9663749,400.0,2.0,0.2
9664446,400.0,2.0,0.2
9664450,400.0,2.0,0.2
9664466,400.0,2.0,0.2
9664635,400.0,2.0,0.2
9664637,400.0,2.0,0.2
9664721,400.0,2.0,0.2
9664758,400.0,2.0,0.2
9665359,400.0,2.0,0.2
9665509,400.0,2.0,0.2
9665562,400.0,2.0,0.2
9665711,400.0,2.0,0.2
9665768,400.0,2.0,0.2
9665838,400.0,2.0,0.2
9665878,400.0,2.0,0.2
9666049,400.0,2.0,0.2
9666157,400.0,2.0,0.2
9666264,400.0,2.0,0.2
9666267,400.0,2.0,0.2
9666423,400.0,2.0,0.2
9666612,400.0,2.0,0.2
9666641,400.0,2.0,0.2
9666703,400.0,2.0,0.2
9666764,400.0,2.0,0.2
9666785,400.0,2.0,0.2
9666915,400.0,2.0,0.2
9667052,400.0,2.0,0.2
9667074,400.0,2.0,0.2
9667124,400.0,2.0,0.2
9667161,400.0,2.0,0.2
9667302,400.0,2.0,0.2
9667626,400.0,2.0,0.2
9667766,400.0,2.0,0.2
9667821,400.0,2.0,0.2
9667823,400.0,2.0,0.2
9667916,400.0,2.0,0.2
9667998,400.0,2.0,0.2
9668019,400.0,2.0,0.2
9668042,400.0,2.0,0.2
9668192,400.0,2.0,0.2
9668214,400.0,2.0,0.2
9668248,400.0,2.0,0.2
9668417,400.0,2.0,0.2
9668489,400.0,2.0,0.2
9668703,400.0,2.0,0.2
9668794,400.0,2.0,0.2
9668827,400.0,2.0,0.2
9668886,400.0,2.0,0.2
9669035,400.0,2.0,0.2
9669127,400.0,2.0,0.2
9669274,400.0,2.0,0.2
9669277,400.0,2.0,0.2
9669317,400.0,2.0,0.2
9669325,400.0,2.0,0.2
9669470,400.0,2.0,0.2
9669761,400.0,2.0,0.2
9669867,400.0,2.0,0.2
9669932,400.0,2.0,0.2
9669949,400.0,2.0,0.2
9669958,400.0,2.0,0.2
9670144,400.0,2.0,0.2
9670213,400.0,2.0,0.2
9670360,400.0,2.0,0.2
9670363,400.0,2.0,0.2
9670375,400.0,2.0,0.2
9670393,400.0,2.0,0.2
9670434,400.0,2.0,0.2
9670490,400.0,2.0,0.2
9670593,400.0,2.0,0.2
9670603,400.0,2.0,0.2
9670807,400.0,2.0,0.2
9670943,400.0,2.0,0.2
9671022,400.0,2.0,0.2
9671083,400.0,2.0,0.2
9671249,400.0,2.0,0.2
9671421,400.0,2.0,0.2
9672001,400.0,2.0,0.2
9672032,400.0,2.0,0.2
9672078,400.0,2.0,0.2
9672371,400.0,2.0,0.2
9672397,400.0,2.0,0.2
9672404,400.0,2.0,0.2
9672407,400.0,2.0,0.2
9672461,400.0,2.0,0.2
9672583,400.0,2.0,0.2
9672587,400.0,2.0,0.2
9672879,400.0,2.0,0.2
9673016,400.0,2.0,0.2
9673025,400.0,2.0,0.2
9673045,400.0,2.0,0.2
9673133,400.0,2.0,0.2
9673167,400.0,2.0,0.2
9673185,400.0,2.0,0.2
9673240,400.0,2.0,0.2
9673292,400.0,2.0,0.2
9673307,400.0,2.0,0.2
9673315,400.0,2.0,0.2
9673373,400.0,2.0,0.2
9673377,400.0,2.0,0.2
9673400,400.0,2.0,0.2
9673401,400.0,2.0,0.2
9673683,400.0,2.0,0.2
9673846,400.0,2.0,0.2
9674020,400.0,2.0,0.2
9674026,400.0,2.0,0.2
9674467,400.0,2.0,0.2
9674615,400.0,2.0,0.2
9674628,400.0,2.0,0.2
9674647,400.0,2.0,0.2
9674676,400.0,2.0,0.2
9674704,400.0,2.0,0.2
9674706,400.0,2.0,0.2
9674730,400.0,2.0,0.2
10002479,400.0,2.0,0.2
10002962,400.0,2.0,0.2
10002999,400.0,2.0,0.2
10003118,400.0,2.0,0.2
10003161,400.0,2.0,0.2
10003181,400.0,2.0,0.2
10003205,400.0,2.0,0.2
10003547,400.0,2.0,0.2
10003973,400.0,2.0,0.2
10003975,400.0,2.0,0.2
10004006,400.0,2.0,0.2
10004013,400.0,2.0,0.2
10004084,400.0,2.0,0.2
10004152,400.0,2.0,0.2
10004531,400.0,2.0,0.2
10004755,400.0,2.0,0.2
10004878,400.0,2.0,0.2
10004900,400.0,2.0,0.2
10005022,400.0,2.0,0.2
10005127,400.0,2.0,0.2
10005366,400.0,2.0,0.2
10005561,400.0,2.0,0.2
10005568,400.0,2.0,0.2
10005771,400.0,2.0,0.2
10006088,400.0,2.0,0.2
10006165,400.0,2.0,0.2
10006396,400.0,2.0,0.2
10006525,400.0,2.0,0.2
10006561,400.0,2.0,0.2
10006582,400.0,2.0,0.2
10006739,400.0,2.0,0.2
10006764,400.0,2.0,0.2
10006830,400.0,2.0,0.2
10007025,400.0,2.0,0.2
10007084,400.0,2.0,0.2
10049870,400.0,2.0,0.2
10049880,400.0,2.0,0.2
10049964,400.0,2.0,0.2
10050033,400.0,2.0,0.2
10050104,400.0,2.0,0.2
10050184,400.0,2.0,0.2
10050235,400.0,2.0,0.2
10050339,400.0,2.0,0.2
10050434,400.0,2.0,0.2
10050441,400.0,2.0,0.2
10050561,400.0,2.0,0.2
10050831,400.0,2.0,0.2
10050929,400.0,2.0,0.2
10050938,400.0,2.0,0.2
10050960,400.0,2.0,0.2
10051096,400.0,2.0,0.2
10051116,400.0,2.0,0.2
10051178,400.0,2.0,0.2
10051225,400.0,2.0,0.2
10051315,400.0,2.0,0.2
10051613,400.0,2.0,0.2
10051681,400.0,2.0,0.2
10051869,400.0,2.0,0.2
10051967,400.0,2.0,0.2
10051976,400.0,2.0,0.2
10052193,400.0,2.0,0.2
10052214,400.0,2.0,0.2
10052400,400.0,2.0,0.2
10052634,400.0,2.0,0.2
10052728,400.0,2.0,0.2
10053036,400.0,2.0,0.2
10053085,400.0,2.0,0.2
10053398,400.0,2.0,0.2
10053631,400.0,2.0,0.2
10053974,400.0,2.0,0.2
10054423,400.0,2.0,0.2
10054961,400.0,2.0,0.2
10054990,400.0,2.0,0.2
10055157,400.0,2.0,0.2
10055324,400.0,2.0,0.2
10095717,400.0,2.0,0.2
10095807,400.0,2.0,0.2
10095831,400.0,2.0,0.2
10095877,400.0,2.0,0.2
10096024,400.0,2.0,0.2
10096032,400.0,2.0,0.2
10096065,400.0,2.0,0.2
10096269,400.0,2.0,0.2
10096425,400.0,2.0,0.2
10096518,400.0,2.0,0.2
10096727,400.0,2.0,0.2
10096819,400.0,2.0,0.2
10097031,400.0,2.0,0.2
10097278,400.0,2.0,0.2
10097471,400.0,2.0,0.2
10097518,400.0,2.0,0.2
10097626,400.0,2.0,0.2
10097944,400.0,2.0,0.2
10098002,400.0,2.0,0.2
10098061,400.0,2.0,0.2
10137810,400.0,2.0,0.2
10137835,400.0,2.0,0.2
10137850,400.0,2.0,0.2
10137863,400.0,2.0,0.2
10137867,400.0,2.0,0.2
10138012,400.0,2.0,0.2
10138045,400.0,2.0,0.2
10149051,400.0,2.0,0.2
10150213,400.0,2.0,0.2
10161595,400.0,2.0,0.2
10161603,400.0,2.0,0.2
10161712,400.0,2.0,0.2
10161841,400.0,2.0,0.2
10161872,400.0,2.0,0.2
10162000,400.0,2.0,0.2
10162218,400.0,2.0,0.2
10162219,400.0,2.0,0.2
10162399,400.0,2.0,0.2
10162401,400.0,2.0,0.2
10162463,400.0,2.0,0.2
10162532,400.0,2.0,0.2
10162610,400.0,2.0,0.2
10162674,400.0,2.0,0.2
10162683,400.0,2.0,0.2
10164185,400.0,2.0,0.2
10164420,400.0,2.0,0.2
10164445,400.0,2.0,0.2
10164468,400.0,2.0,0.2
10164501,400.0,2.0,0.2
10164525,400.0,2.0,0.2
10164529,400.0,2.0,0.2
